country_iso2,country_name,region,subregion,state_code,state_name,city_name,latitude,longitude
BN,Brunei,Asia,South-Eastern Asia,BE,Belait,Kuala Belait,4.58361,114.2312
BN,Brunei,Asia,South-Eastern Asia,BE,Belait,Seria,4.60637,114.32476
BN,Brunei,Asia,South-Eastern Asia,BM,Brunei-Muara,Bandar Seri Begawan,4.89035,114.94006
BN,Brunei,Asia,South-Eastern Asia,BM,Brunei-Muara,Berakas A,4.97032,114.92989
BN,Brunei,Asia,South-Eastern Asia,BM,Brunei-Muara,Kapok,5.02447,115.04664
BN,Brunei,Asia,South-Eastern Asia,BM,Brunei-Muara,Mentiri,4.97058,115.02078
BN,Brunei,Asia,South-Eastern Asia,BM,Brunei-Muara,Serasa,5.01718,115.05841
BN,Brunei,Asia,South-Eastern Asia,TE,Temburong,Bangar,4.70861,115.07167
BN,Brunei,Asia,South-Eastern Asia,TU,Tutong,Tutong,4.80278,114.64917
KH,Cambodia,Asia,South-Eastern Asia,1,Banteay Meanchey,Mongkol Borei,13.45531,102.99186
KH,Cambodia,Asia,South-Eastern Asia,1,Banteay Meanchey,Paoy Paet,13.65805,102.56365
KH,Cambodia,Asia,South-Eastern Asia,1,Banteay Meanchey,Sisophon,13.58588,102.97369
KH,Cambodia,Asia,South-Eastern Asia,1,Banteay Meanchey,Srŏk Malai,13.49902,102.60164
KH,Cambodia,Asia,South-Eastern Asia,1,Banteay Meanchey,Srŏk Svay Chék,13.81305,102.95269
KH,Cambodia,Asia,South-Eastern Asia,2,Battambang,Battambang,13.10271,103.19822
KH,Cambodia,Asia,South-Eastern Asia,2,Battambang,Srŏk Âk Phnŭm,13.23621,103.45894
KH,Cambodia,Asia,South-Eastern Asia,2,Battambang,Srŏk Banăn,12.97067,103.04742
KH,Cambodia,Asia,South-Eastern Asia,2,Battambang,Srŏk Bâvĭl,13.23601,102.8291
KH,Cambodia,Asia,South-Eastern Asia,2,Battambang,Srŏk Rotanak Mondol,12.84048,102.887
KH,Cambodia,Asia,South-Eastern Asia,3,Kampong Cham,Cheung Prey,12.1,105.07
KH,Cambodia,Asia,South-Eastern Asia,3,Kampong Cham,Kampong Cham,11.98,105.445
KH,Cambodia,Asia,South-Eastern Asia,3,Kampong Cham,Srŏk Bathéay,12.02986,104.93171
KH,Cambodia,Asia,South-Eastern Asia,4,Kampong Chhnang,Baribour,12.43,104.47
KH,Cambodia,Asia,South-Eastern Asia,4,Kampong Chhnang,Kampong Chhnang,12.26,104.67
KH,Cambodia,Asia,South-Eastern Asia,4,Kampong Chhnang,Rolea B'ier,12.21,104.61
KH,Cambodia,Asia,South-Eastern Asia,4,Kampong Chhnang,Srŏk Chol Kiri,12.15861,104.82287
KH,Cambodia,Asia,South-Eastern Asia,4,Kampong Chhnang,Srŏk Sameakki Mean Chey,11.86788,104.55549
KH,Cambodia,Asia,South-Eastern Asia,5,Kampong Speu,Kampong Speu,11.45332,104.52085
KH,Cambodia,Asia,South-Eastern Asia,5,Kampong Speu,Krŏng Chbar Mon,11.47091,104.50655
KH,Cambodia,Asia,South-Eastern Asia,5,Kampong Speu,Srŏk Basedth,11.18432,104.53584
KH,Cambodia,Asia,South-Eastern Asia,5,Kampong Speu,Srŏk Kông Pĭsei,11.31648,104.65992
KH,Cambodia,Asia,South-Eastern Asia,5,Kampong Speu,Srŏk Ŏdŏngk,11.66845,104.61224
KH,Cambodia,Asia,South-Eastern Asia,6,Kampong Thom,,,
KH,Cambodia,Asia,South-Eastern Asia,7,Kampot,Angkor Chey,10.76667,104.65
KH,Cambodia,Asia,South-Eastern Asia,7,Kampot,Banteay Meas,10.61667,104.53333
KH,Cambodia,Asia,South-Eastern Asia,7,Kampot,Chhouk,10.81667,104.45
KH,Cambodia,Asia,South-Eastern Asia,7,Kampot,Kampong Bay,10.59554,104.17136
KH,Cambodia,Asia,South-Eastern Asia,7,Kampot,Kampong Tranch,10.55,104.46667
KH,Cambodia,Asia,South-Eastern Asia,7,Kampot,Kampot,10.61041,104.18145
KH,Cambodia,Asia,South-Eastern Asia,7,Kampot,Srŏk Chŭm Kiri,11.0054,104.44207
KH,Cambodia,Asia,South-Eastern Asia,7,Kampot,Srŏk Dângtóng,10.70733,104.42229
KH,Cambodia,Asia,South-Eastern Asia,7,Kampot,Srok Tuek Chhou,10.74557,104.11013
KH,Cambodia,Asia,South-Eastern Asia,8,Kandal,Krŏng Ta Khmau,11.45474,104.9435
KH,Cambodia,Asia,South-Eastern Asia,8,Kandal,Srŏk Khsăch Kândal,11.69224,105.03732
KH,Cambodia,Asia,South-Eastern Asia,8,Kandal,Ta Khmau,11.48333,104.95
KH,Cambodia,Asia,South-Eastern Asia,23,Kep,Krong Kep,10.48291,104.31672
KH,Cambodia,Asia,South-Eastern Asia,23,Kep,Srŏk Dâmnăk Châng’aeur,10.53394,104.34855
KH,Cambodia,Asia,South-Eastern Asia,9,Koh Kong,Koh Kong,11.61531,102.9838
KH,Cambodia,Asia,South-Eastern Asia,9,Koh Kong,Smach Mean Chey,11.54665,103.03569
KH,Cambodia,Asia,South-Eastern Asia,9,Koh Kong,Srae Ambel,11.10968,103.76226
KH,Cambodia,Asia,South-Eastern Asia,9,Koh Kong,Srŏk Batum Sakôr,11.11465,103.38993
KH,Cambodia,Asia,South-Eastern Asia,9,Koh Kong,Srŏk Môndôl Seima,11.81292,103.01159
KH,Cambodia,Asia,South-Eastern Asia,10,Kratie,Kracheh,12.57,106.2
KH,Cambodia,Asia,South-Eastern Asia,10,Kratie,Kratié,12.48811,106.01879
KH,Cambodia,Asia,South-Eastern Asia,10,Kratie,Snuol,12.19373,106.47361
KH,Cambodia,Asia,South-Eastern Asia,11,Mondulkiri,Krŏng Sênmônoŭrôm,12.5048,107.15525
KH,Cambodia,Asia,South-Eastern Asia,11,Mondulkiri,Sen Monorom,12.45583,107.18811
KH,Cambodia,Asia,South-Eastern Asia,11,Mondulkiri,Srŏk Kaev Seima,12.41722,106.77025
KH,Cambodia,Asia,South-Eastern Asia,11,Mondulkiri,Srŏk Pech Chreada,12.7278,107.0948
KH,Cambodia,Asia,South-Eastern Asia,22,Oddar Meanchey,Samraong,14.18175,103.51761
KH,Cambodia,Asia,South-Eastern Asia,22,Oddar Meanchey,Srŏk Bântéay Âmpĭl,14.1859,103.25925
KH,Cambodia,Asia,South-Eastern Asia,22,Oddar Meanchey,Srŏk Sâmraông,14.25039,103.62739
KH,Cambodia,Asia,South-Eastern Asia,22,Oddar Meanchey,Srŏk Trâpeăng Prasat,14.25809,104.30835
KH,Cambodia,Asia,South-Eastern Asia,24,Pailin,Khan Sala Krau,12.97984,102.63957
KH,Cambodia,Asia,South-Eastern Asia,24,Pailin,Pailin,12.84895,102.60928
KH,Cambodia,Asia,South-Eastern Asia,12,Phnom Penh,Khan 7 Makara,11.56254,104.91405
KH,Cambodia,Asia,South-Eastern Asia,12,Phnom Penh,Khan Châmkar Mon,11.5439,104.92175
KH,Cambodia,Asia,South-Eastern Asia,12,Phnom Penh,Khan Dângkaô,11.52457,104.83944
KH,Cambodia,Asia,South-Eastern Asia,12,Phnom Penh,Khan Duŏn Pénh,11.57561,104.92025
KH,Cambodia,Asia,South-Eastern Asia,12,Phnom Penh,Khan Méan Chey,11.51976,104.95467
KH,Cambodia,Asia,South-Eastern Asia,12,Phnom Penh,Khan Russey Keo,11.61946,104.9099
KH,Cambodia,Asia,South-Eastern Asia,12,Phnom Penh,Khan Saen Sokh,11.61289,104.86078
KH,Cambodia,Asia,South-Eastern Asia,12,Phnom Penh,Phnom Penh,11.56245,104.91601
KH,Cambodia,Asia,South-Eastern Asia,13,Preah Vihear,Sangkom Thmei,13.47395,104.77051
KH,Cambodia,Asia,South-Eastern Asia,13,Preah Vihear,Srŏk Ch’êh Sên,13.58215,105.34533
KH,Cambodia,Asia,South-Eastern Asia,13,Preah Vihear,Srŏk Chhêb,13.91077,105.4618
KH,Cambodia,Asia,South-Eastern Asia,13,Preah Vihear,Srŏk Kulén,13.78597,104.61052
KH,Cambodia,Asia,South-Eastern Asia,13,Preah Vihear,Srŏk Rôviĕng,13.35105,105.09956
KH,Cambodia,Asia,South-Eastern Asia,13,Preah Vihear,Srŏk Tbêng Méanchey,13.78622,105.01586
KH,Cambodia,Asia,South-Eastern Asia,13,Preah Vihear,Tbeng Meanchey,13.80731,104.98046
KH,Cambodia,Asia,South-Eastern Asia,14,Prey Veng,Prey Veng,11.48682,105.32533
KH,Cambodia,Asia,South-Eastern Asia,14,Prey Veng,Srŏk Kâmpóng Léav,11.5097,105.3011
KH,Cambodia,Asia,South-Eastern Asia,14,Prey Veng,Srŏk Mésang,11.35528,105.57235
KH,Cambodia,Asia,South-Eastern Asia,14,Prey Veng,Srŏk Preăh Sdéch,11.0869,105.37497
KH,Cambodia,Asia,South-Eastern Asia,15,Pursat,Bakan,12.78,103.79
KH,Cambodia,Asia,South-Eastern Asia,15,Pursat,Krakor,12.48,104.19
KH,Cambodia,Asia,South-Eastern Asia,15,Pursat,Pursat,12.53878,103.9192
KH,Cambodia,Asia,South-Eastern Asia,15,Pursat,Sampov Meas,12.47055,103.91817
KH,Cambodia,Asia,South-Eastern Asia,15,Pursat,Srŏk Kândiĕng,12.71245,104.02592
KH,Cambodia,Asia,South-Eastern Asia,15,Pursat,Srŏk Véal Vêng,12.2423,103.13444
KH,Cambodia,Asia,South-Eastern Asia,16,Ratanakiri,Banlung,13.73939,106.98727
KH,Cambodia,Asia,South-Eastern Asia,16,Ratanakiri,Lumphat,13.49146,106.98022
KH,Cambodia,Asia,South-Eastern Asia,16,Ratanakiri,Srŏk Ândong Méas,13.93352,107.31155
KH,Cambodia,Asia,South-Eastern Asia,16,Ratanakiri,Srŏk Bâ Kêv,13.70749,107.19442
KH,Cambodia,Asia,South-Eastern Asia,16,Ratanakiri,Srŏk Ban Lŭng,13.682,107.03025
KH,Cambodia,Asia,South-Eastern Asia,16,Ratanakiri,Srŏk Koun Mom,13.51772,106.75142
KH,Cambodia,Asia,South-Eastern Asia,16,Ratanakiri,Srŏk Ou Chum,13.84069,107.03469
KH,Cambodia,Asia,South-Eastern Asia,16,Ratanakiri,Srŏk Ou Ya Dav,13.54328,107.44636
KH,Cambodia,Asia,South-Eastern Asia,16,Ratanakiri,Srŏk Ta Vêng,14.29192,107.24031
KH,Cambodia,Asia,South-Eastern Asia,17,Siem Reap,Siem Reap,13.36179,103.86056
KH,Cambodia,Asia,South-Eastern Asia,17,Siem Reap,Srŏk Ângkôr Thum,13.57881,103.85645
KH,Cambodia,Asia,South-Eastern Asia,17,Siem Reap,Srŏk Prasat Bakong,13.21031,103.97689
KH,Cambodia,Asia,South-Eastern Asia,17,Siem Reap,Svay Leu,13.69168,104.27446
KH,Cambodia,Asia,South-Eastern Asia,17,Siem Reap,Varin,13.83574,103.89968
KH,Cambodia,Asia,South-Eastern Asia,18,Sihanoukville,Sihanoukville,10.60932,103.52958
KH,Cambodia,Asia,South-Eastern Asia,18,Sihanoukville,Srok Stueng Hav,10.85249,103.74016
KH,Cambodia,Asia,South-Eastern Asia,19,Stung Treng,Srŏk Srêsén,13.6053,106.35819
KH,Cambodia,Asia,South-Eastern Asia,19,Stung Treng,Stueng Traeng,13.65,106.07
KH,Cambodia,Asia,South-Eastern Asia,19,Stung Treng,Stung Treng,13.52586,105.9683
KH,Cambodia,Asia,South-Eastern Asia,20,Svay Rieng,Srŏk Svay Chrŭm,11.1116,105.69814
KH,Cambodia,Asia,South-Eastern Asia,20,Svay Rieng,Svay Rieng,11.08785,105.79935
KH,Cambodia,Asia,South-Eastern Asia,21,Takeo,Krŏng Doun Kaev,10.99459,104.7955
KH,Cambodia,Asia,South-Eastern Asia,21,Takeo,Phumĭ Véal Srê,10.98081,104.77828
KH,Cambodia,Asia,South-Eastern Asia,21,Takeo,Srŏk Ângkôr Borei,10.99291,104.95177
KH,Cambodia,Asia,South-Eastern Asia,21,Takeo,Srŏk Borei Cholsar,10.81414,104.98994
KH,Cambodia,Asia,South-Eastern Asia,21,Takeo,Takeo,10.99081,104.78498
KH,Cambodia,Asia,South-Eastern Asia,25,Tboung Khmum,Suong,11.91666667,105.65
ID,Indonesia,Asia,South-Eastern Asia,AC,Aceh,Aceh Barat,4.45,96.16667
ID,Indonesia,Asia,South-Eastern Asia,AC,Aceh,Aceh Barat Daya,3.83333,96.88333
ID,Indonesia,Asia,South-Eastern Asia,AC,Aceh,Aceh Besar,5.38333,95.51667
ID,Indonesia,Asia,South-Eastern Asia,AC,Aceh,Aceh Jaya,4.86,95.64
ID,Indonesia,Asia,South-Eastern Asia,AC,Aceh,Aceh Selatan,3.16667,97.41667
ID,Indonesia,Asia,South-Eastern Asia,AC,Aceh,Aceh Singkil,2.41667,97.91667
ID,Indonesia,Asia,South-Eastern Asia,AC,Aceh,Aceh Tamiang,4.25,97.96667
ID,Indonesia,Asia,South-Eastern Asia,AC,Aceh,Aceh Tengah,4.51,96.855
ID,Indonesia,Asia,South-Eastern Asia,AC,Aceh,Aceh Tenggara,3.36667,97.7
ID,Indonesia,Asia,South-Eastern Asia,AC,Aceh,Aceh Timur,4.63333,97.63333
ID,Indonesia,Asia,South-Eastern Asia,AC,Aceh,Aceh Utara,4.97,97.14
ID,Indonesia,Asia,South-Eastern Asia,AC,Aceh,Banda Aceh,5.54167,95.33333
ID,Indonesia,Asia,South-Eastern Asia,AC,Aceh,Bener Meriah,4.73015,96.86156
ID,Indonesia,Asia,South-Eastern Asia,AC,Aceh,Bireuen,5.08333,96.58333
ID,Indonesia,Asia,South-Eastern Asia,AC,Aceh,Bireun,5.203,96.7009
ID,Indonesia,Asia,South-Eastern Asia,AC,Aceh,Gayo Lues,3.95,97.39
ID,Indonesia,Asia,South-Eastern Asia,AC,Aceh,Langsa,4.4683,97.9683
ID,Indonesia,Asia,South-Eastern Asia,AC,Aceh,Lhokseumawe,5.1801,97.1507
ID,Indonesia,Asia,South-Eastern Asia,AC,Aceh,Meulaboh,4.14402,96.12664
ID,Indonesia,Asia,South-Eastern Asia,AC,Aceh,Nagan Raya,4.16667,96.51667
ID,Indonesia,Asia,South-Eastern Asia,AC,Aceh,Pidie,5.08,96.11
ID,Indonesia,Asia,South-Eastern Asia,AC,Aceh,Reuleuet,5.21667,96.28333
ID,Indonesia,Asia,South-Eastern Asia,AC,Aceh,Sabang,5.88969,95.31644
ID,Indonesia,Asia,South-Eastern Asia,AC,Aceh,Sigli,5.3848,95.9609
ID,Indonesia,Asia,South-Eastern Asia,AC,Aceh,Simeulue,2.61667,96.08333
ID,Indonesia,Asia,South-Eastern Asia,AC,Aceh,Sinabang,2.4803,96.3801
ID,Indonesia,Asia,South-Eastern Asia,AC,Aceh,Singkil,2.2874,97.7884
ID,Indonesia,Asia,South-Eastern Asia,BA,Bali,Amlapura,-8.45,115.61667
ID,Indonesia,Asia,South-Eastern Asia,BA,Bali,Badung,-8.51667,115.2
ID,Indonesia,Asia,South-Eastern Asia,BA,Bali,Bangli,-8.28333,115.35
ID,Indonesia,Asia,South-Eastern Asia,BA,Bali,Banjar,-8.19,114.9675
ID,Indonesia,Asia,South-Eastern Asia,BA,Bali,Banjar Wangsian,-8.49497,115.42342
ID,Indonesia,Asia,South-Eastern Asia,BA,Bali,Bedugul,-8.4504,115.5925
ID,Indonesia,Asia,South-Eastern Asia,BA,Bali,Buleleng,-8.25,114.96667
ID,Indonesia,Asia,South-Eastern Asia,BA,Bali,Denpasar,-8.65,115.21667
ID,Indonesia,Asia,South-Eastern Asia,BA,Bali,Gianyar,-8.46667,115.28333
ID,Indonesia,Asia,South-Eastern Asia,BA,Bali,Jembrana,-8.3,114.66667
ID,Indonesia,Asia,South-Eastern Asia,BA,Bali,Jimbaran,-8.79093,115.16006
ID,Indonesia,Asia,South-Eastern Asia,BA,Bali,Kabupaten Klungkung,-8.55,115.4
ID,Indonesia,Asia,South-Eastern Asia,BA,Bali,Kabupaten Tabanan,-8.43333,115.06667
ID,Indonesia,Asia,South-Eastern Asia,BA,Bali,Karang Asem,-8.3891,115.5393
ID,Indonesia,Asia,South-Eastern Asia,BA,Bali,Klungkung,-8.53333,115.4
ID,Indonesia,Asia,South-Eastern Asia,BA,Bali,Kuta,-8.72332,115.17234
ID,Indonesia,Asia,South-Eastern Asia,BA,Bali,Legian,-8.70415,115.17028
ID,Indonesia,Asia,South-Eastern Asia,BA,Bali,Lovina,-8.14927,115.03999
ID,Indonesia,Asia,South-Eastern Asia,BA,Bali,Munduk,-8.26866,115.07947
ID,Indonesia,Asia,South-Eastern Asia,BA,Bali,Negara,-8.35694,114.61694
ID,Indonesia,Asia,South-Eastern Asia,BA,Bali,Nusa Dua,-8.80047,115.23341
ID,Indonesia,Asia,South-Eastern Asia,BA,Bali,Seririt,-8.1928,114.9388
ID,Indonesia,Asia,South-Eastern Asia,BA,Bali,Singaraja,-8.112,115.08818
ID,Indonesia,Asia,South-Eastern Asia,BA,Bali,Tabanan,-8.5413,115.12522
ID,Indonesia,Asia,South-Eastern Asia,BA,Bali,Ubud,-8.5098,115.2654
ID,Indonesia,Asia,South-Eastern Asia,BT,Banten,Kota Cilegon,-5.9684985,105.9214232
ID,Indonesia,Asia,South-Eastern Asia,BT,Banten,Kota Serang,-6.11528,106.15417
ID,Indonesia,Asia,South-Eastern Asia,BT,Banten,Kota Tangerang,-6.17806,106.63
ID,Indonesia,Asia,South-Eastern Asia,BT,Banten,Kota Tangerang Selatan,-6.28862,106.71789
ID,Indonesia,Asia,South-Eastern Asia,BT,Banten,Lebak,-6.65,106.21667
ID,Indonesia,Asia,South-Eastern Asia,BT,Banten,Pandeglang,-6.63333,105.75
ID,Indonesia,Asia,South-Eastern Asia,BT,Banten,Serang,-6.15,106
ID,Indonesia,Asia,South-Eastern Asia,BT,Banten,Tangerang,-6.2,106.46667
ID,Indonesia,Asia,South-Eastern Asia,BE,Bengkulu,Bengkulu,-3.80044,102.26554
ID,Indonesia,Asia,South-Eastern Asia,BE,Bengkulu,Bengkulu Selatan,-4.35,103.03333
ID,Indonesia,Asia,South-Eastern Asia,BE,Bengkulu,Bengkulu Tengah,-3.20679,102.12616
ID,Indonesia,Asia,South-Eastern Asia,BE,Bengkulu,Bengkulu Utara,-3.33333,102.05
ID,Indonesia,Asia,South-Eastern Asia,BE,Bengkulu,Curup,-3.4703,102.5207
ID,Indonesia,Asia,South-Eastern Asia,BE,Bengkulu,Kaur,-4.78179,103.36109
ID,Indonesia,Asia,South-Eastern Asia,BE,Bengkulu,Kepahiang,-3.60194,102.56424
ID,Indonesia,Asia,South-Eastern Asia,BE,Bengkulu,Lebong,-3.24278,102.3349
ID,Indonesia,Asia,South-Eastern Asia,BE,Bengkulu,Mukomuko,-3.07438,101.54766
ID,Indonesia,Asia,South-Eastern Asia,BE,Bengkulu,Rejang Lebong,-3.43333,102.71667
ID,Indonesia,Asia,South-Eastern Asia,BE,Bengkulu,Seluma,-3.96644,102.47429
ID,Indonesia,Asia,South-Eastern Asia,YO,DI Yogyakarta,Bantul,-7.9,110.36667
ID,Indonesia,Asia,South-Eastern Asia,YO,DI Yogyakarta,Gunung Kidul,-7.98333,110.61667
ID,Indonesia,Asia,South-Eastern Asia,YO,DI Yogyakarta,Kulon Progo,-7.645,110.02694
ID,Indonesia,Asia,South-Eastern Asia,YO,DI Yogyakarta,Sleman,-7.68167,110.32333
ID,Indonesia,Asia,South-Eastern Asia,YO,DI Yogyakarta,Yogyakarta,-7.80139,110.36472
ID,Indonesia,Asia,South-Eastern Asia,JK,DKI Jakarta,Jakarta Barat,-6.1599916,106.6748574
ID,Indonesia,Asia,South-Eastern Asia,JK,DKI Jakarta,Jakarta Pusat,-6.1822261,106.7952648
ID,Indonesia,Asia,South-Eastern Asia,JK,DKI Jakarta,Jakarta Selatan,-6.2839295,106.7196773
ID,Indonesia,Asia,South-Eastern Asia,JK,DKI Jakarta,Jakarta Timur,-6.260971,106.822618
ID,Indonesia,Asia,South-Eastern Asia,JK,DKI Jakarta,Jakarta Utara,-6.135709,106.7594984
ID,Indonesia,Asia,South-Eastern Asia,GO,Gorontalo,Boalemo,0.62689,122.3568
ID,Indonesia,Asia,South-Eastern Asia,GO,Gorontalo,Bone Bolango,0.50296,123.27501
ID,Indonesia,Asia,South-Eastern Asia,GO,Gorontalo,Gorontalo,0.5375,123.0625
ID,Indonesia,Asia,South-Eastern Asia,GO,Gorontalo,Gorontalo Utara,0.77,122.31667
ID,Indonesia,Asia,South-Eastern Asia,GO,Gorontalo,Kabupaten Gorontalo,0.5728,122.2337
ID,Indonesia,Asia,South-Eastern Asia,GO,Gorontalo,Pohuwato,0.7098,121.59582
ID,Indonesia,Asia,South-Eastern Asia,JA,Jambi,Batang Hari,-1.75,103.11667
ID,Indonesia,Asia,South-Eastern Asia,JA,Jambi,Bejubang Dua,-1.7923,103.3167
ID,Indonesia,Asia,South-Eastern Asia,JA,Jambi,Bungo,-1.50222,101.96
ID,Indonesia,Asia,South-Eastern Asia,JA,Jambi,Jambi City,-1.6,103.61667
ID,Indonesia,Asia,South-Eastern Asia,JA,Jambi,Kerinci,-2.03333,101.53333
ID,Indonesia,Asia,South-Eastern Asia,JA,Jambi,Kuala Tungkal,-0.81623,103.46111
ID,Indonesia,Asia,South-Eastern Asia,JA,Jambi,Mendaha,-1.0163,103.59331
ID,Indonesia,Asia,South-Eastern Asia,JA,Jambi,Merangin,-2.06933,102.13303
ID,Indonesia,Asia,South-Eastern Asia,JA,Jambi,Muaro Jambi,-1.55214,103.82163
ID,Indonesia,Asia,South-Eastern Asia,JA,Jambi,Sarolangun,-2.3,102.65
ID,Indonesia,Asia,South-Eastern Asia,JA,Jambi,Simpang,-1.26424,104.09701
ID,Indonesia,Asia,South-Eastern Asia,JA,Jambi,Sungai Penuh,-2.0561,101.3913
ID,Indonesia,Asia,South-Eastern Asia,JA,Jambi,Tanjung Jabung Barat,-1.1544,103.24402
ID,Indonesia,Asia,South-Eastern Asia,JA,Jambi,Tanjung Jabung Timur,-1.13198,103.61755
ID,Indonesia,Asia,South-Eastern Asia,JA,Jambi,Tebo,-1.45576,102.37473
ID,Indonesia,Asia,South-Eastern Asia,JW,Jawa,,,
ID,Indonesia,Asia,South-Eastern Asia,JB,Jawa Barat,Arjawinangun,-6.64528,108.41028
ID,Indonesia,Asia,South-Eastern Asia,JB,Jawa Barat,Astanajapura,-6.8017,108.6311
ID,Indonesia,Asia,South-Eastern Asia,JB,Jawa Barat,Bandung,-6.92222,107.60694
ID,Indonesia,Asia,South-Eastern Asia,JB,Jawa Barat,Bandung Barat,-6.83333,107.48333
ID,Indonesia,Asia,South-Eastern Asia,JB,Jawa Barat,Banjar,-7.1955,107.4313
ID,Indonesia,Asia,South-Eastern Asia,JB,Jawa Barat,Banjaran,-7.04528,107.58778
ID,Indonesia,Asia,South-Eastern Asia,JB,Jawa Barat,Bekasi,-6.2349,106.9896
ID,Indonesia,Asia,South-Eastern Asia,JB,Jawa Barat,Bogor,-6.59444,106.78917
ID,Indonesia,Asia,South-Eastern Asia,JB,Jawa Barat,Caringin,-6.70611,106.82139
ID,Indonesia,Asia,South-Eastern Asia,JB,Jawa Barat,Ciamis,-7.3257,108.3534
ID,Indonesia,Asia,South-Eastern Asia,JB,Jawa Barat,Ciampea,-6.55472,106.70083
ID,Indonesia,Asia,South-Eastern Asia,JB,Jawa Barat,Cianjur,-6.7725,107.08306
ID,Indonesia,Asia,South-Eastern Asia,JB,Jawa Barat,Cibinong,-6.48167,106.85417
ID,Indonesia,Asia,South-Eastern Asia,JB,Jawa Barat,Cicurug,-6.78139,106.7825
ID,Indonesia,Asia,South-Eastern Asia,JB,Jawa Barat,Cikampek,-6.41972,107.45583
ID,Indonesia,Asia,South-Eastern Asia,JB,Jawa Barat,Cikarang,-6.26111,107.15278
ID,Indonesia,Asia,South-Eastern Asia,JB,Jawa Barat,Cikupa,-6.23639,106.50833
ID,Indonesia,Asia,South-Eastern Asia,JB,Jawa Barat,Cileungsir,-6.39472,106.95917
ID,Indonesia,Asia,South-Eastern Asia,JB,Jawa Barat,Cileunyi,-6.93889,107.75278
ID,Indonesia,Asia,South-Eastern Asia,JB,Jawa Barat,Cimahi,-6.87222,107.5425
ID,Indonesia,Asia,South-Eastern Asia,JB,Jawa Barat,Ciputat,-6.2375,106.69556
ID,Indonesia,Asia,South-Eastern Asia,JB,Jawa Barat,Ciranjang-hilir,-6.82,107.25722
ID,Indonesia,Asia,South-Eastern Asia,JB,Jawa Barat,Cirebon,-6.7063,108.557
ID,Indonesia,Asia,South-Eastern Asia,JB,Jawa Barat,Citeureup,-6.48556,106.88194
ID,Indonesia,Asia,South-Eastern Asia,JB,Jawa Barat,Depok,-6.4,106.81861
ID,Indonesia,Asia,South-Eastern Asia,JB,Jawa Barat,Garut,-7.38333,107.76667
ID,Indonesia,Asia,South-Eastern Asia,JB,Jawa Barat,Indramayu,-6.32639,108.32
ID,Indonesia,Asia,South-Eastern Asia,JB,Jawa Barat,Jatibarang,-6.47472,108.31528
ID,Indonesia,Asia,South-Eastern Asia,JB,Jawa Barat,Jatiwangi,-6.73361,108.26278
ID,Indonesia,Asia,South-Eastern Asia,JB,Jawa Barat,Kabupaten Bandung,-7.1,107.6
ID,Indonesia,Asia,South-Eastern Asia,JB,Jawa Barat,Kabupaten Bekasi,-6.24667,107.10833
ID,Indonesia,Asia,South-Eastern Asia,JB,Jawa Barat,Kabupaten Bogor,-6.58333,106.71667
ID,Indonesia,Asia,South-Eastern Asia,JB,Jawa Barat,Kabupaten Ciamis,-7.28333,108.41667
ID,Indonesia,Asia,South-Eastern Asia,JB,Jawa Barat,Kabupaten Cirebon,-6.8,108.56667
ID,Indonesia,Asia,South-Eastern Asia,JB,Jawa Barat,Kabupaten Indramayu,-6.45,108.16667
ID,Indonesia,Asia,South-Eastern Asia,JB,Jawa Barat,Kabupaten Kuningan,-7,108.55
ID,Indonesia,Asia,South-Eastern Asia,JB,Jawa Barat,Kabupaten Majalengka,-6.81667,108.28333
ID,Indonesia,Asia,South-Eastern Asia,JB,Jawa Barat,Kabupaten Purwakarta,-6.58333,107.45
ID,Indonesia,Asia,South-Eastern Asia,JB,Jawa Barat,Kabupaten Sukabumi,-7.06667,106.7
ID,Indonesia,Asia,South-Eastern Asia,JB,Jawa Barat,Kabupaten Sumedang,-6.81667,107.98333
ID,Indonesia,Asia,South-Eastern Asia,JB,Jawa Barat,Kabupaten Tasikmalaya,-7.5,108.13333
ID,Indonesia,Asia,South-Eastern Asia,JB,Jawa Barat,Karangampel,-6.46222,108.45194
ID,Indonesia,Asia,South-Eastern Asia,JB,Jawa Barat,Karangsembung,-6.8487,108.6422
ID,Indonesia,Asia,South-Eastern Asia,JB,Jawa Barat,Karawang,-6.26667,107.41667
ID,Indonesia,Asia,South-Eastern Asia,JB,Jawa Barat,Kawalu,-7.3817,108.2082
ID,Indonesia,Asia,South-Eastern Asia,JB,Jawa Barat,Klangenan,-6.70944,108.44
ID,Indonesia,Asia,South-Eastern Asia,JB,Jawa Barat,Kresek,-6.13139,106.37972
ID,Indonesia,Asia,South-Eastern Asia,JB,Jawa Barat,Kuningan,-6.97583,108.48306
ID,Indonesia,Asia,South-Eastern Asia,JB,Jawa Barat,Lembang,-6.81167,107.6175
ID,Indonesia,Asia,South-Eastern Asia,JB,Jawa Barat,Majalengka,-6.83611,108.22778
ID,Indonesia,Asia,South-Eastern Asia,JB,Jawa Barat,Margahayukencana,-6.97083,107.5675
ID,Indonesia,Asia,South-Eastern Asia,JB,Jawa Barat,Ngawi,-7.4038,111.4461
ID,Indonesia,Asia,South-Eastern Asia,JB,Jawa Barat,Padalarang,-6.83778,107.47278
ID,Indonesia,Asia,South-Eastern Asia,JB,Jawa Barat,Palimanan,-6.70694,108.42417
ID,Indonesia,Asia,South-Eastern Asia,JB,Jawa Barat,Pamanukan,-6.28417,107.81056
ID,Indonesia,Asia,South-Eastern Asia,JB,Jawa Barat,Pameungpeuk,-7.01833,107.60389
ID,Indonesia,Asia,South-Eastern Asia,JB,Jawa Barat,Pamulang,-6.34278,106.73833
ID,Indonesia,Asia,South-Eastern Asia,JB,Jawa Barat,Pangandaran,-7.6673,108.64037
ID,Indonesia,Asia,South-Eastern Asia,JB,Jawa Barat,Parung,-6.42139,106.73306
ID,Indonesia,Asia,South-Eastern Asia,JB,Jawa Barat,Pasarkemis,-6.17028,106.53028
ID,Indonesia,Asia,South-Eastern Asia,JB,Jawa Barat,Paseh,-7.1026,107.7641
ID,Indonesia,Asia,South-Eastern Asia,JB,Jawa Barat,Pelabuhanratu,-6.9875,106.55139
ID,Indonesia,Asia,South-Eastern Asia,JB,Jawa Barat,Plumbon,-6.705,108.47278
ID,Indonesia,Asia,South-Eastern Asia,JB,Jawa Barat,Purwakarta,-6.55694,107.44333
ID,Indonesia,Asia,South-Eastern Asia,JB,Jawa Barat,Rajapolah,-7.221,108.1896
ID,Indonesia,Asia,South-Eastern Asia,JB,Jawa Barat,Rengasdengklok,-6.15917,107.29806
ID,Indonesia,Asia,South-Eastern Asia,JB,Jawa Barat,Sawangan,-6.40278,106.77444
ID,Indonesia,Asia,South-Eastern Asia,JB,Jawa Barat,Sepatan,-6.11889,106.575
ID,Indonesia,Asia,South-Eastern Asia,JB,Jawa Barat,Serpong,-6.31694,106.66417
ID,Indonesia,Asia,South-Eastern Asia,JB,Jawa Barat,Singaparna,-7.3515,108.111
ID,Indonesia,Asia,South-Eastern Asia,JB,Jawa Barat,Soreang,-7.03306,107.51833
ID,Indonesia,Asia,South-Eastern Asia,JB,Jawa Barat,Subang,-6.50833,107.7025
ID,Indonesia,Asia,South-Eastern Asia,JB,Jawa Barat,Sukabumi,-6.91806,106.92667
ID,Indonesia,Asia,South-Eastern Asia,JB,Jawa Barat,Sumber,-6.76028,108.48306
ID,Indonesia,Asia,South-Eastern Asia,JB,Jawa Barat,Sumedang,-6.85861,107.91639
ID,Indonesia,Asia,South-Eastern Asia,JB,Jawa Barat,Sumedang Utara,-6.85,107.91667
ID,Indonesia,Asia,South-Eastern Asia,JB,Jawa Barat,Tasikmalaya,-7.3274,108.2207
ID,Indonesia,Asia,South-Eastern Asia,JB,Jawa Barat,Teluknaga,-6.09889,106.63806
ID,Indonesia,Asia,South-Eastern Asia,JB,Jawa Barat,Wanaraja,-7.1749,107.9808
ID,Indonesia,Asia,South-Eastern Asia,JB,Jawa Barat,Weru,-6.711,108.5037
ID,Indonesia,Asia,South-Eastern Asia,JT,Jawa Tengah,Adiwerna,-6.9375,109.1325
ID,Indonesia,Asia,South-Eastern Asia,JT,Jawa Tengah,Ambarawa,-7.26333,110.3975
ID,Indonesia,Asia,South-Eastern Asia,JT,Jawa Tengah,Baekrajan,-6.7674,110.8541
ID,Indonesia,Asia,South-Eastern Asia,JT,Jawa Tengah,Baki,-7.61278,110.78389
ID,Indonesia,Asia,South-Eastern Asia,JT,Jawa Tengah,Balapulang,-7.04858,109.10056
ID,Indonesia,Asia,South-Eastern Asia,JT,Jawa Tengah,Banjarnegara,-7.35111,109.5875
ID,Indonesia,Asia,South-Eastern Asia,JT,Jawa Tengah,Banyumas,-7.51417,109.29417
ID,Indonesia,Asia,South-Eastern Asia,JT,Jawa Tengah,Batang,-6.4846,110.7083
ID,Indonesia,Asia,South-Eastern Asia,JT,Jawa Tengah,Baturaden,-7.3,109.21667
ID,Indonesia,Asia,South-Eastern Asia,JT,Jawa Tengah,Blora,-6.9698,111.4186
ID,Indonesia,Asia,South-Eastern Asia,JT,Jawa Tengah,Boyolali,-7.53306,110.59583
ID,Indonesia,Asia,South-Eastern Asia,JT,Jawa Tengah,Brebes,-7.05,108.9
ID,Indonesia,Asia,South-Eastern Asia,JT,Jawa Tengah,Buaran,-7.05,109.55
ID,Indonesia,Asia,South-Eastern Asia,JT,Jawa Tengah,Bulakamba,-6.8748,108.9559
ID,Indonesia,Asia,South-Eastern Asia,JT,Jawa Tengah,Candi Prambanan,-7.75,110.49417
ID,Indonesia,Asia,South-Eastern Asia,JT,Jawa Tengah,Ceper,-7.67417,110.67889
ID,Indonesia,Asia,South-Eastern Asia,JT,Jawa Tengah,Cepu,-7.1475,111.5906
ID,Indonesia,Asia,South-Eastern Asia,JT,Jawa Tengah,Cilacap,-7.57417,108.98861
ID,Indonesia,Asia,South-Eastern Asia,JT,Jawa Tengah,Colomadu,-7.53333,110.75
ID,Indonesia,Asia,South-Eastern Asia,JT,Jawa Tengah,Comal,-6.9053,109.5347
ID,Indonesia,Asia,South-Eastern Asia,JT,Jawa Tengah,Delanggu,-7.61667,110.68333
ID,Indonesia,Asia,South-Eastern Asia,JT,Jawa Tengah,Demak,-6.8909,110.6396
ID,Indonesia,Asia,South-Eastern Asia,JT,Jawa Tengah,Dukuhturi,-6.9,109.08333
ID,Indonesia,Asia,South-Eastern Asia,JT,Jawa Tengah,Gatak,-7.59083,110.70444
ID,Indonesia,Asia,South-Eastern Asia,JT,Jawa Tengah,Gebog,-6.735,110.8444
ID,Indonesia,Asia,South-Eastern Asia,JT,Jawa Tengah,Gombong,-7.60722,109.51417
ID,Indonesia,Asia,South-Eastern Asia,JT,Jawa Tengah,Grobogan,-7.11667,110.91667
ID,Indonesia,Asia,South-Eastern Asia,JT,Jawa Tengah,Grogol,-7.60111,110.81861
ID,Indonesia,Asia,South-Eastern Asia,JT,Jawa Tengah,Gunung Kendil,-7.33167,110.40417
ID,Indonesia,Asia,South-Eastern Asia,JT,Jawa Tengah,Jaten,-7.57722,110.8975
ID,Indonesia,Asia,South-Eastern Asia,JT,Jawa Tengah,Jatiroto,-7.88333,111.11667
ID,Indonesia,Asia,South-Eastern Asia,JT,Jawa Tengah,Jekulo,-6.8057,110.9262
ID,Indonesia,Asia,South-Eastern Asia,JT,Jawa Tengah,Jepara,-6.58333,110.76667
ID,Indonesia,Asia,South-Eastern Asia,JT,Jawa Tengah,Jogonalan,-7.70361,110.53611
ID,Indonesia,Asia,South-Eastern Asia,JT,Jawa Tengah,Juwana,-6.715,111.1514
ID,Indonesia,Asia,South-Eastern Asia,JT,Jawa Tengah,Kabupaten Banyumas,-7.45,109.16667
ID,Indonesia,Asia,South-Eastern Asia,JT,Jawa Tengah,Kabupaten Batang,-7.03333,109.88333
ID,Indonesia,Asia,South-Eastern Asia,JT,Jawa Tengah,Kabupaten Blora,-7.06667,111.38333
ID,Indonesia,Asia,South-Eastern Asia,JT,Jawa Tengah,Kabupaten Boyolali,-7.5,110.7
ID,Indonesia,Asia,South-Eastern Asia,JT,Jawa Tengah,Kabupaten Demak,-6.8993,110.6122
ID,Indonesia,Asia,South-Eastern Asia,JT,Jawa Tengah,Kabupaten Klaten,-7.68333,110.61667
ID,Indonesia,Asia,South-Eastern Asia,JT,Jawa Tengah,Kabupaten Kudus,-6.8,110.86667
ID,Indonesia,Asia,South-Eastern Asia,JT,Jawa Tengah,Kabupaten Magelang,-7.4275,110.16194
ID,Indonesia,Asia,South-Eastern Asia,JT,Jawa Tengah,Kabupaten Pati,-6.76667,111.1
ID,Indonesia,Asia,South-Eastern Asia,JT,Jawa Tengah,Kabupaten Pekalongan,-7.0319,109.624
ID,Indonesia,Asia,South-Eastern Asia,JT,Jawa Tengah,Kabupaten Pemalang,-7.03333,109.4
ID,Indonesia,Asia,South-Eastern Asia,JT,Jawa Tengah,Kabupaten Purbalingga,-7.28417,109.35028
ID,Indonesia,Asia,South-Eastern Asia,JT,Jawa Tengah,Kabupaten Semarang,-7.20667,110.44139
ID,Indonesia,Asia,South-Eastern Asia,JT,Jawa Tengah,Kabupaten Sragen,-7.41278,110.935
ID,Indonesia,Asia,South-Eastern Asia,JT,Jawa Tengah,Kabupaten Tegal,-7.03333,109.16667
ID,Indonesia,Asia,South-Eastern Asia,JT,Jawa Tengah,Kabupaten Wonosobo,-7.36139,109.92667
ID,Indonesia,Asia,South-Eastern Asia,JT,Jawa Tengah,Karanganom,-7.64889,110.625
ID,Indonesia,Asia,South-Eastern Asia,JT,Jawa Tengah,Karanganyar,-7.62806,111.0625
ID,Indonesia,Asia,South-Eastern Asia,JT,Jawa Tengah,Kartasura,-7.55194,110.73778
ID,Indonesia,Asia,South-Eastern Asia,JT,Jawa Tengah,Kebonarun,-7.70028,110.56306
ID,Indonesia,Asia,South-Eastern Asia,JT,Jawa Tengah,Kebumen,-7.63917,109.66056
ID,Indonesia,Asia,South-Eastern Asia,JT,Jawa Tengah,Kedungwuni,-6.97038,109.64794
ID,Indonesia,Asia,South-Eastern Asia,JT,Jawa Tengah,Kendal,-7.0256,110.1685
ID,Indonesia,Asia,South-Eastern Asia,JT,Jawa Tengah,Ketanggungan,-6.9383,108.891
ID,Indonesia,Asia,South-Eastern Asia,JT,Jawa Tengah,Klaten,-7.70583,110.60639
ID,Indonesia,Asia,South-Eastern Asia,JT,Jawa Tengah,Kroya,-7.63306,109.24611
ID,Indonesia,Asia,South-Eastern Asia,JT,Jawa Tengah,Kudus,-6.8048,110.8405
ID,Indonesia,Asia,South-Eastern Asia,JT,Jawa Tengah,Kutoarjo,-7.71694,109.91278
ID,Indonesia,Asia,South-Eastern Asia,JT,Jawa Tengah,Lasem,-6.6922,111.4527
ID,Indonesia,Asia,South-Eastern Asia,JT,Jawa Tengah,Lebaksiu,-7.0496,109.1441
ID,Indonesia,Asia,South-Eastern Asia,JT,Jawa Tengah,Magelang,-7.47056,110.21778
ID,Indonesia,Asia,South-Eastern Asia,JT,Jawa Tengah,Majenang,-7.2975,108.7642
ID,Indonesia,Asia,South-Eastern Asia,JT,Jawa Tengah,Margasari,-7.1,109.01667
ID,Indonesia,Asia,South-Eastern Asia,JT,Jawa Tengah,Mertoyudan,-7.52,110.22639
ID,Indonesia,Asia,South-Eastern Asia,JT,Jawa Tengah,Mlonggo,-6.53333,110.7
ID,Indonesia,Asia,South-Eastern Asia,JT,Jawa Tengah,Mranggen,-7.0268,110.5158
ID,Indonesia,Asia,South-Eastern Asia,JT,Jawa Tengah,Muntilan,-7.58111,110.29278
ID,Indonesia,Asia,South-Eastern Asia,JT,Jawa Tengah,Ngemplak,-7.54972,110.71639
ID,Indonesia,Asia,South-Eastern Asia,JT,Jawa Tengah,Pati,-6.7559,111.038
ID,Indonesia,Asia,South-Eastern Asia,JT,Jawa Tengah,Pecangaan,-6.6978,110.7107
ID,Indonesia,Asia,South-Eastern Asia,JT,Jawa Tengah,Pekalongan,-6.8886,109.6753
ID,Indonesia,Asia,South-Eastern Asia,JT,Jawa Tengah,Pemalang,-6.89193,109.38263
ID,Indonesia,Asia,South-Eastern Asia,JT,Jawa Tengah,Purbalingga,-7.38806,109.36389
ID,Indonesia,Asia,South-Eastern Asia,JT,Jawa Tengah,Purwodadi,-7.0868,110.9158
ID,Indonesia,Asia,South-Eastern Asia,JT,Jawa Tengah,Purwokerto,-7.42139,109.23444
ID,Indonesia,Asia,South-Eastern Asia,JT,Jawa Tengah,Purworejo,-7.7,109.96667
ID,Indonesia,Asia,South-Eastern Asia,JT,Jawa Tengah,Randudongkal,-7.0981,109.3243
ID,Indonesia,Asia,South-Eastern Asia,JT,Jawa Tengah,Rembang,-6.78333,111.46667
ID,Indonesia,Asia,South-Eastern Asia,JT,Jawa Tengah,Rembangan,-6.7036,111.3416
ID,Indonesia,Asia,South-Eastern Asia,JT,Jawa Tengah,Salatiga,-7.33194,110.49278
ID,Indonesia,Asia,South-Eastern Asia,JT,Jawa Tengah,Selogiri,-7.78333,110.86667
ID,Indonesia,Asia,South-Eastern Asia,JT,Jawa Tengah,Semarang,-6.99306,110.42083
ID,Indonesia,Asia,South-Eastern Asia,JT,Jawa Tengah,Sidareja,-7.4846,108.7923
ID,Indonesia,Asia,South-Eastern Asia,JT,Jawa Tengah,Slawi,-6.9816,109.1407
ID,Indonesia,Asia,South-Eastern Asia,JT,Jawa Tengah,Sokaraja,-7.45806,109.28806
ID,Indonesia,Asia,South-Eastern Asia,JT,Jawa Tengah,Sragen,-7.42639,111.02222
ID,Indonesia,Asia,South-Eastern Asia,JT,Jawa Tengah,Sukoharjo,-7.68333,110.83333
ID,Indonesia,Asia,South-Eastern Asia,JT,Jawa Tengah,Surakarta,-7.55611,110.83167
ID,Indonesia,Asia,South-Eastern Asia,JT,Jawa Tengah,Tarub,-6.93333,109.16667
ID,Indonesia,Asia,South-Eastern Asia,JT,Jawa Tengah,Tayu,-6.5397,111.0518
ID,Indonesia,Asia,South-Eastern Asia,JT,Jawa Tengah,Tegal,-6.8694,109.1402
ID,Indonesia,Asia,South-Eastern Asia,JT,Jawa Tengah,Temanggung,-7.25,110.11667
ID,Indonesia,Asia,South-Eastern Asia,JT,Jawa Tengah,Trucuk,-7.71833,110.65889
ID,Indonesia,Asia,South-Eastern Asia,JT,Jawa Tengah,Ungaran,-7.13972,110.405
ID,Indonesia,Asia,South-Eastern Asia,JT,Jawa Tengah,Wangon,-7.51611,109.05389
ID,Indonesia,Asia,South-Eastern Asia,JT,Jawa Tengah,Wedi,-7.74306,110.57944
ID,Indonesia,Asia,South-Eastern Asia,JT,Jawa Tengah,Welahan,-6.8,110.71667
ID,Indonesia,Asia,South-Eastern Asia,JT,Jawa Tengah,Weleri,-6.9713,110.0666
ID,Indonesia,Asia,South-Eastern Asia,JT,Jawa Tengah,Wiradesa,-6.8922,109.619
ID,Indonesia,Asia,South-Eastern Asia,JT,Jawa Tengah,Wonogiri,-7.91667,111
ID,Indonesia,Asia,South-Eastern Asia,JT,Jawa Tengah,Wonopringgo,-6.98333,109.61667
ID,Indonesia,Asia,South-Eastern Asia,JT,Jawa Tengah,Wonosobo,-7.35889,109.90306
ID,Indonesia,Asia,South-Eastern Asia,JI,Jawa Timur,Babat,-7.11282,112.16354
ID,Indonesia,Asia,South-Eastern Asia,JI,Jawa Timur,Balung,-7.73333,113.91667
ID,Indonesia,Asia,South-Eastern Asia,JI,Jawa Timur,Bangil,-7.59939,112.8186
ID,Indonesia,Asia,South-Eastern Asia,JI,Jawa Timur,Bangkalan,-7.0455,112.7351
ID,Indonesia,Asia,South-Eastern Asia,JI,Jawa Timur,Banyuwangi,-8.2325,114.35755
ID,Indonesia,Asia,South-Eastern Asia,JI,Jawa Timur,Batu,-7.87,112.52833
ID,Indonesia,Asia,South-Eastern Asia,JI,Jawa Timur,Besuki,-7.73379,113.69785
ID,Indonesia,Asia,South-Eastern Asia,JI,Jawa Timur,Blitar,-8.0983,112.1681
ID,Indonesia,Asia,South-Eastern Asia,JI,Jawa Timur,Bojonegoro,-7.1502,111.8817
ID,Indonesia,Asia,South-Eastern Asia,JI,Jawa Timur,Bondowoso,-7.91346,113.82145
ID,Indonesia,Asia,South-Eastern Asia,JI,Jawa Timur,Boyolangu,-8.1181,111.8935
ID,Indonesia,Asia,South-Eastern Asia,JI,Jawa Timur,Buduran,-7.4281,112.7234
ID,Indonesia,Asia,South-Eastern Asia,JI,Jawa Timur,Dampit,-8.21162,112.74934
ID,Indonesia,Asia,South-Eastern Asia,JI,Jawa Timur,Diwek,-7.57897,112.23109
ID,Indonesia,Asia,South-Eastern Asia,JI,Jawa Timur,Driyorejo,-7.3659,112.6219
ID,Indonesia,Asia,South-Eastern Asia,JI,Jawa Timur,Gambiran Satu,-8.3939,114.1464
ID,Indonesia,Asia,South-Eastern Asia,JI,Jawa Timur,Gampengrejo,-7.76667,112.01667
ID,Indonesia,Asia,South-Eastern Asia,JI,Jawa Timur,Gedangan,-7.39083,112.72667
ID,Indonesia,Asia,South-Eastern Asia,JI,Jawa Timur,Genteng,-8.36667,114.15
ID,Indonesia,Asia,South-Eastern Asia,JI,Jawa Timur,Gongdanglegi Kulon,-8.17529,112.63594
ID,Indonesia,Asia,South-Eastern Asia,JI,Jawa Timur,Gresik,-7.15389,112.65611
ID,Indonesia,Asia,South-Eastern Asia,JI,Jawa Timur,Gresik Regency,-7.1933,112.553
ID,Indonesia,Asia,South-Eastern Asia,JI,Jawa Timur,Jember,-8.17211,113.69953
ID,Indonesia,Asia,South-Eastern Asia,JI,Jawa Timur,Jombang,-7.54595,112.23307
ID,Indonesia,Asia,South-Eastern Asia,JI,Jawa Timur,Kabupaten Bangkalan,-7.05,112.93333
ID,Indonesia,Asia,South-Eastern Asia,JI,Jawa Timur,Kabupaten Banyuwangi,-8.33333,114.2
ID,Indonesia,Asia,South-Eastern Asia,JI,Jawa Timur,Kabupaten Blitar,-8.13333,112.25
ID,Indonesia,Asia,South-Eastern Asia,JI,Jawa Timur,Kabupaten Bojonegoro,-7.25,111.8
ID,Indonesia,Asia,South-Eastern Asia,JI,Jawa Timur,Kabupaten Bondowoso,-7.9404,113.9834
ID,Indonesia,Asia,South-Eastern Asia,JI,Jawa Timur,Kabupaten Jember,-8.25,113.65
ID,Indonesia,Asia,South-Eastern Asia,JI,Jawa Timur,Kabupaten Jombang,-7.55,112.25
ID,Indonesia,Asia,South-Eastern Asia,JI,Jawa Timur,Kabupaten Kediri,-7.83333,112.16667
ID,Indonesia,Asia,South-Eastern Asia,JI,Jawa Timur,Kabupaten Lamongan,-7.13333,112.31667
ID,Indonesia,Asia,South-Eastern Asia,JI,Jawa Timur,Kabupaten Lumajang,-8.11667,113.15
ID,Indonesia,Asia,South-Eastern Asia,JI,Jawa Timur,Kabupaten Madiun,-7.61667,111.65
ID,Indonesia,Asia,South-Eastern Asia,JI,Jawa Timur,Kabupaten Malang,-8.16667,112.66667
ID,Indonesia,Asia,South-Eastern Asia,JI,Jawa Timur,Kabupaten Mojokerto,-7.55,112.5
ID,Indonesia,Asia,South-Eastern Asia,JI,Jawa Timur,Kabupaten Nganjuk,-7.6,111.93333
ID,Indonesia,Asia,South-Eastern Asia,JI,Jawa Timur,Kabupaten Pamekasan,-7.06667,113.5
ID,Indonesia,Asia,South-Eastern Asia,JI,Jawa Timur,Kabupaten Pasuruan,-7.73333,112.83333
ID,Indonesia,Asia,South-Eastern Asia,JI,Jawa Timur,Kabupaten Ponorogo,-7.93333,111.5
ID,Indonesia,Asia,South-Eastern Asia,JI,Jawa Timur,Kabupaten Probolinggo,-7.86667,113.31667
ID,Indonesia,Asia,South-Eastern Asia,JI,Jawa Timur,Kabupaten Sampang,-7.05,113.25
ID,Indonesia,Asia,South-Eastern Asia,JI,Jawa Timur,Kabupaten Sidoarjo,-7.45,112.7
ID,Indonesia,Asia,South-Eastern Asia,JI,Jawa Timur,Kabupaten Situbondo,-7.71667,114.05
ID,Indonesia,Asia,South-Eastern Asia,JI,Jawa Timur,Kabupaten Sumenep,-7.11667,114.33333
ID,Indonesia,Asia,South-Eastern Asia,JI,Jawa Timur,Kabupaten Trenggalek,-8.16667,111.61667
ID,Indonesia,Asia,South-Eastern Asia,JI,Jawa Timur,Kabupaten Tuban,-6.96667,111.9
ID,Indonesia,Asia,South-Eastern Asia,JI,Jawa Timur,Kabupaten Tulungagung,-8.11667,111.91667
ID,Indonesia,Asia,South-Eastern Asia,JI,Jawa Timur,Kalianget,-7.0537,113.94244
ID,Indonesia,Asia,South-Eastern Asia,JI,Jawa Timur,Kamal,-7.16778,112.71917
ID,Indonesia,Asia,South-Eastern Asia,JI,Jawa Timur,Kebomas,-7.16667,112.6333
ID,Indonesia,Asia,South-Eastern Asia,JI,Jawa Timur,Kediri,-7.81667,112.01667
ID,Indonesia,Asia,South-Eastern Asia,JI,Jawa Timur,Kedungwaru,-8.06667,111.91667
ID,Indonesia,Asia,South-Eastern Asia,JI,Jawa Timur,Kencong,-8.28333,113.36667
ID,Indonesia,Asia,South-Eastern Asia,JI,Jawa Timur,Kepanjen,-8.1303,112.5727
ID,Indonesia,Asia,South-Eastern Asia,JI,Jawa Timur,Kertosono,-7.58333,112.1
ID,Indonesia,Asia,South-Eastern Asia,JI,Jawa Timur,Kraksaan,-7.75845,113.39624
ID,Indonesia,Asia,South-Eastern Asia,JI,Jawa Timur,Krian,-7.4104,112.5792
ID,Indonesia,Asia,South-Eastern Asia,JI,Jawa Timur,Lamongan,-7.11667,112.41667
ID,Indonesia,Asia,South-Eastern Asia,JI,Jawa Timur,Lawang,-7.8353,112.6947
ID,Indonesia,Asia,South-Eastern Asia,JI,Jawa Timur,Lumajang,-8.1335,113.2248
ID,Indonesia,Asia,South-Eastern Asia,JI,Jawa Timur,Madiun,-7.6298,111.5239
ID,Indonesia,Asia,South-Eastern Asia,JI,Jawa Timur,Magetan,-7.64472,111.35917
ID,Indonesia,Asia,South-Eastern Asia,JI,Jawa Timur,Malang,-7.9797,112.6304
ID,Indonesia,Asia,South-Eastern Asia,JI,Jawa Timur,Mojoagung,-7.56667,112.35
ID,Indonesia,Asia,South-Eastern Asia,JI,Jawa Timur,Mojokerto,-7.4664,112.4338
ID,Indonesia,Asia,South-Eastern Asia,JI,Jawa Timur,Muncar,-8.43333,114.33333
ID,Indonesia,Asia,South-Eastern Asia,JI,Jawa Timur,Nganjuk,-7.6051,111.9035
ID,Indonesia,Asia,South-Eastern Asia,JI,Jawa Timur,Ngawi,-7.47444,111.33444
ID,Indonesia,Asia,South-Eastern Asia,JI,Jawa Timur,Ngoro,-7.68386,112.25804
ID,Indonesia,Asia,South-Eastern Asia,JI,Jawa Timur,Ngunut,-8.1058,112.01591
ID,Indonesia,Asia,South-Eastern Asia,JI,Jawa Timur,Paciran,-6.87666,112.37606
ID,Indonesia,Asia,South-Eastern Asia,JI,Jawa Timur,Pacitan,-8.13333,111.16667
ID,Indonesia,Asia,South-Eastern Asia,JI,Jawa Timur,Pakisaji,-8.0665,112.5981
ID,Indonesia,Asia,South-Eastern Asia,JI,Jawa Timur,Pamekasan,-7.1568,113.4746
ID,Indonesia,Asia,South-Eastern Asia,JI,Jawa Timur,Panarukan,-7.70181,113.91844
ID,Indonesia,Asia,South-Eastern Asia,JI,Jawa Timur,Pandaan,-7.65268,112.6875
ID,Indonesia,Asia,South-Eastern Asia,JI,Jawa Timur,Panji,-7.72528,114.09954
ID,Indonesia,Asia,South-Eastern Asia,JI,Jawa Timur,Pare,-7.7679,112.198
ID,Indonesia,Asia,South-Eastern Asia,JI,Jawa Timur,Pasuruan,-7.6453,112.9075
ID,Indonesia,Asia,South-Eastern Asia,JI,Jawa Timur,Ponorogo,-7.8685,111.462
ID,Indonesia,Asia,South-Eastern Asia,JI,Jawa Timur,Prigen,-7.68333,112.61667
ID,Indonesia,Asia,South-Eastern Asia,JI,Jawa Timur,Probolinggo,-7.7543,113.2159
ID,Indonesia,Asia,South-Eastern Asia,JI,Jawa Timur,Sampang,-7.1872,113.2394
ID,Indonesia,Asia,South-Eastern Asia,JI,Jawa Timur,Sidoarjo,-7.4478,112.7183
ID,Indonesia,Asia,South-Eastern Asia,JI,Jawa Timur,Singojuruh,-8.31667,114.23333
ID,Indonesia,Asia,South-Eastern Asia,JI,Jawa Timur,Singosari,-7.8924,112.6658
ID,Indonesia,Asia,South-Eastern Asia,JI,Jawa Timur,Situbondo,-7.70623,114.00976
ID,Indonesia,Asia,South-Eastern Asia,JI,Jawa Timur,Soko,-7.48315,112.42704
ID,Indonesia,Asia,South-Eastern Asia,JI,Jawa Timur,Srono,-8.40003,114.26661
ID,Indonesia,Asia,South-Eastern Asia,JI,Jawa Timur,Sumberpucung,-8.15856,112.48292
ID,Indonesia,Asia,South-Eastern Asia,JI,Jawa Timur,Sumenep,-7.01667,113.86667
ID,Indonesia,Asia,South-Eastern Asia,JI,Jawa Timur,Surabaya,-7.24917,112.75083
ID,Indonesia,Asia,South-Eastern Asia,JI,Jawa Timur,Tanggul,-8.1645,113.4525
ID,Indonesia,Asia,South-Eastern Asia,JI,Jawa Timur,Tanggulangin,-7.49958,112.69992
ID,Indonesia,Asia,South-Eastern Asia,JI,Jawa Timur,Trenggalek,-8.0764,111.70641
ID,Indonesia,Asia,South-Eastern Asia,JI,Jawa Timur,Tuban,-6.8976,112.0649
ID,Indonesia,Asia,South-Eastern Asia,JI,Jawa Timur,Tulangan Utara,-7.4737,112.6505
ID,Indonesia,Asia,South-Eastern Asia,JI,Jawa Timur,Tulungagung,-8.0657,111.9025
ID,Indonesia,Asia,South-Eastern Asia,JI,Jawa Timur,Wongsorejo,-7.9908,114.4009
ID,Indonesia,Asia,South-Eastern Asia,KA,Kalimantan,,,
ID,Indonesia,Asia,South-Eastern Asia,KB,Kalimantan Barat,Bengkayang,1.06911,109.66393
ID,Indonesia,Asia,South-Eastern Asia,KB,Kalimantan Barat,Kapuas Hulu,0.83333,112.8
ID,Indonesia,Asia,South-Eastern Asia,KB,Kalimantan Barat,Kayong Utara,-1.06023,110.10402
ID,Indonesia,Asia,South-Eastern Asia,KB,Kalimantan Barat,Ketapang,-1.85,109.98333333
ID,Indonesia,Asia,South-Eastern Asia,KB,Kalimantan Barat,Kubu Raya,-0.31924,109.51865
ID,Indonesia,Asia,South-Eastern Asia,KB,Kalimantan Barat,Landak,0.42373,109.75917
ID,Indonesia,Asia,South-Eastern Asia,KB,Kalimantan Barat,Manismata,-2.46666667,111.03333333
ID,Indonesia,Asia,South-Eastern Asia,KB,Kalimantan Barat,Melawi,-0.33617,111.698
ID,Indonesia,Asia,South-Eastern Asia,KB,Kalimantan Barat,Mempawah,0.25,109.16667
ID,Indonesia,Asia,South-Eastern Asia,KB,Kalimantan Barat,Pemangkat,1.1768,108.9624
ID,Indonesia,Asia,South-Eastern Asia,KB,Kalimantan Barat,Pontianak,-0.02055556,109.34138889
ID,Indonesia,Asia,South-Eastern Asia,KB,Kalimantan Barat,Sambas,1.43333,109.35
ID,Indonesia,Asia,South-Eastern Asia,KB,Kalimantan Barat,Sanggau,0.11944444,110.58888889
ID,Indonesia,Asia,South-Eastern Asia,KB,Kalimantan Barat,Sekadau,0.03485,110.95066
ID,Indonesia,Asia,South-Eastern Asia,KB,Kalimantan Barat,Singkawang,0.9,108.98333333
ID,Indonesia,Asia,South-Eastern Asia,KB,Kalimantan Barat,Sintang,0.06805556,111.49805556
ID,Indonesia,Asia,South-Eastern Asia,KS,Kalimantan Selatan,Amuntai,-2.41773,115.24941
ID,Indonesia,Asia,South-Eastern Asia,KS,Kalimantan Selatan,Balangan,-2.32314,115.62922
ID,Indonesia,Asia,South-Eastern Asia,KS,Kalimantan Selatan,Banjar,-3.31667,115.08333
ID,Indonesia,Asia,South-Eastern Asia,KS,Kalimantan Selatan,Banjarmasin,-3.31987,114.59075
ID,Indonesia,Asia,South-Eastern Asia,KS,Kalimantan Selatan,Barabai,-2.58333,115.38333
ID,Indonesia,Asia,South-Eastern Asia,KS,Kalimantan Selatan,Barito Kuala,-3.08333,114.61667
ID,Indonesia,Asia,South-Eastern Asia,KS,Kalimantan Selatan,Hulu Sungai Selatan,-2.75,115.2
ID,Indonesia,Asia,South-Eastern Asia,KS,Kalimantan Selatan,Hulu Sungai Tengah,-2.61667,115.41667
ID,Indonesia,Asia,South-Eastern Asia,KS,Kalimantan Selatan,Hulu Sungai Utara,-2.45,115.13333
ID,Indonesia,Asia,South-Eastern Asia,KS,Kalimantan Selatan,Kota Baru,-3,116
ID,Indonesia,Asia,South-Eastern Asia,KS,Kalimantan Selatan,Martapura,-3.4109,114.8642
ID,Indonesia,Asia,South-Eastern Asia,KS,Kalimantan Selatan,Tabalong,-1.88333,115.5
ID,Indonesia,Asia,South-Eastern Asia,KS,Kalimantan Selatan,Tanah Bumbu,-3.45413,115.70372
ID,Indonesia,Asia,South-Eastern Asia,KS,Kalimantan Selatan,Tanah Laut,-3.88333,114.86667
ID,Indonesia,Asia,South-Eastern Asia,KS,Kalimantan Selatan,Tapin,-2.91667,115.03333
ID,Indonesia,Asia,South-Eastern Asia,KT,Kalimantan Tengah,Barito Selatan,-1.86667,114.73333
ID,Indonesia,Asia,South-Eastern Asia,KT,Kalimantan Tengah,Barito Timur,-1.93333,115.1
ID,Indonesia,Asia,South-Eastern Asia,KT,Kalimantan Tengah,Barito Utara,-0.98333,115.1
ID,Indonesia,Asia,South-Eastern Asia,KT,Kalimantan Tengah,Gunung Mas,-0.95,113.5
ID,Indonesia,Asia,South-Eastern Asia,KT,Kalimantan Tengah,Kapuas,-2.01667,114.38333
ID,Indonesia,Asia,South-Eastern Asia,KT,Kalimantan Tengah,Katingan,-2.06667,113.4
ID,Indonesia,Asia,South-Eastern Asia,KT,Kalimantan Tengah,Kotawaringin Barat,-2.4,111.73333
ID,Indonesia,Asia,South-Eastern Asia,KT,Kalimantan Tengah,Kotawaringin Timur,-2.08333,112.75
ID,Indonesia,Asia,South-Eastern Asia,KT,Kalimantan Tengah,Kualakapuas,-3.00913,114.38759
ID,Indonesia,Asia,South-Eastern Asia,KT,Kalimantan Tengah,Lamandau,-1.83828,111.2869
ID,Indonesia,Asia,South-Eastern Asia,KT,Kalimantan Tengah,Murung Raya,-0.01667,114.26667
ID,Indonesia,Asia,South-Eastern Asia,KT,Kalimantan Tengah,Palangkaraya,-2.20833,113.91667
ID,Indonesia,Asia,South-Eastern Asia,KT,Kalimantan Tengah,Pangkalanbuun,-2.6832,111.6259
ID,Indonesia,Asia,South-Eastern Asia,KT,Kalimantan Tengah,Pulang Pisau,-3.11858,113.8623
ID,Indonesia,Asia,South-Eastern Asia,KT,Kalimantan Tengah,Sampit,-2.5315,112.9496
ID,Indonesia,Asia,South-Eastern Asia,KT,Kalimantan Tengah,Seruyan,-2.33333,112.25
ID,Indonesia,Asia,South-Eastern Asia,KT,Kalimantan Tengah,Sukamara,-2.62675,111.23681
ID,Indonesia,Asia,South-Eastern Asia,KI,Kalimantan Timur,Balikpapan,-1.26753,116.82887
ID,Indonesia,Asia,South-Eastern Asia,KI,Kalimantan Timur,Berau,2,117.3
ID,Indonesia,Asia,South-Eastern Asia,KI,Kalimantan Timur,Bontang,0.1324,117.4854
ID,Indonesia,Asia,South-Eastern Asia,KI,Kalimantan Timur,City of Balikpapan,-1.24204,116.89419
ID,Indonesia,Asia,South-Eastern Asia,KI,Kalimantan Timur,Kutai Barat,-0.59417,115.51575
ID,Indonesia,Asia,South-Eastern Asia,KI,Kalimantan Timur,Kutai Kartanegara,-0.44019,116.98139
ID,Indonesia,Asia,South-Eastern Asia,KI,Kalimantan Timur,Kutai Timur,1.03769,117.83112
ID,Indonesia,Asia,South-Eastern Asia,KI,Kalimantan Timur,Loa Janan,-0.58295,117.09503
ID,Indonesia,Asia,South-Eastern Asia,KI,Kalimantan Timur,Mahakam Hulu,0.37822,115.38048
ID,Indonesia,Asia,South-Eastern Asia,KI,Kalimantan Timur,Paser,-1.43517,116.23535
ID,Indonesia,Asia,South-Eastern Asia,KI,Kalimantan Timur,Penajam Paser Utara,-1.25,116.83333
ID,Indonesia,Asia,South-Eastern Asia,KI,Kalimantan Timur,Samarinda,-0.49167,117.14583
ID,Indonesia,Asia,South-Eastern Asia,KU,Kalimantan Utara,Bulungan,3,117.16667
ID,Indonesia,Asia,South-Eastern Asia,KU,Kalimantan Utara,Malinau,2.45,115.68333
ID,Indonesia,Asia,South-Eastern Asia,KU,Kalimantan Utara,Nunukan,4.13333,116.7
ID,Indonesia,Asia,South-Eastern Asia,KU,Kalimantan Utara,Tana Tidung,3.55,117.25
ID,Indonesia,Asia,South-Eastern Asia,KU,Kalimantan Utara,Tanjung Selor,2.8375,117.36528
ID,Indonesia,Asia,South-Eastern Asia,KU,Kalimantan Utara,Tarakan,3.31332,117.59152
ID,Indonesia,Asia,South-Eastern Asia,BB,Kepulauan Bangka Belitung,Bangka,-1.91667,105.93333
ID,Indonesia,Asia,South-Eastern Asia,BB,Kepulauan Bangka Belitung,Bangka Barat,-1.95839,105.53741
ID,Indonesia,Asia,South-Eastern Asia,BB,Kepulauan Bangka Belitung,Bangka Selatan,-2.66803,106.01257
ID,Indonesia,Asia,South-Eastern Asia,BB,Kepulauan Bangka Belitung,Bangka Tengah,-2.33989,106.1142
ID,Indonesia,Asia,South-Eastern Asia,BB,Kepulauan Bangka Belitung,Belitung,-2.86667,107.7
ID,Indonesia,Asia,South-Eastern Asia,BB,Kepulauan Bangka Belitung,Belitung Timur,-2.9627,108.15216
ID,Indonesia,Asia,South-Eastern Asia,BB,Kepulauan Bangka Belitung,Manggar,-2.88333,108.26667
ID,Indonesia,Asia,South-Eastern Asia,BB,Kepulauan Bangka Belitung,Muntok,-2.06719,105.16228
ID,Indonesia,Asia,South-Eastern Asia,BB,Kepulauan Bangka Belitung,Pangkalpinang,-2.12914,106.11377
ID,Indonesia,Asia,South-Eastern Asia,BB,Kepulauan Bangka Belitung,Sungailiat,-1.85442,106.12215
ID,Indonesia,Asia,South-Eastern Asia,BB,Kepulauan Bangka Belitung,Tanjung Pandan,-2.73353,107.63477
ID,Indonesia,Asia,South-Eastern Asia,KR,Kepulauan Riau,Bintan,0.95,104.61944
ID,Indonesia,Asia,South-Eastern Asia,KR,Kepulauan Riau,Karimun,0.80764,103.41911
ID,Indonesia,Asia,South-Eastern Asia,KR,Kepulauan Riau,Kepulauan Anambas,3,106
ID,Indonesia,Asia,South-Eastern Asia,KR,Kepulauan Riau,Kijang,0.9,104.63333
ID,Indonesia,Asia,South-Eastern Asia,KR,Kepulauan Riau,Lingga,0.2,104.61667
ID,Indonesia,Asia,South-Eastern Asia,KR,Kepulauan Riau,Natuna,4.71417,107.97639
ID,Indonesia,Asia,South-Eastern Asia,KR,Kepulauan Riau,Tanjung Pinang,0.91667,104.45833
ID,Indonesia,Asia,South-Eastern Asia,LA,Lampung,Bandar Lampung,-5.42917,105.26111
ID,Indonesia,Asia,South-Eastern Asia,LA,Lampung,Kotabumi,-4.82505,104.8817
ID,Indonesia,Asia,South-Eastern Asia,LA,Lampung,Lampung Barat,-5.14904,104.19309
ID,Indonesia,Asia,South-Eastern Asia,LA,Lampung,Lampung Selatan,-5.4531,104.9877
ID,Indonesia,Asia,South-Eastern Asia,LA,Lampung,Lampung Tengah,-4.86667,105.26667
ID,Indonesia,Asia,South-Eastern Asia,LA,Lampung,Lampung Timur,-5.10273,105.68003
ID,Indonesia,Asia,South-Eastern Asia,LA,Lampung,Lampung Utara,-4.81667,104.8
ID,Indonesia,Asia,South-Eastern Asia,LA,Lampung,Mesuji,-4.0439,105.4013
ID,Indonesia,Asia,South-Eastern Asia,LA,Lampung,Metro,-5.11306,105.30667
ID,Indonesia,Asia,South-Eastern Asia,LA,Lampung,Pesawaran,-5.4298,105.17899
ID,Indonesia,Asia,South-Eastern Asia,LA,Lampung,Pesisir Barat,-5.19323,103.93976
ID,Indonesia,Asia,South-Eastern Asia,LA,Lampung,Pringsewu,-5.42211,104.93454
ID,Indonesia,Asia,South-Eastern Asia,LA,Lampung,Tanggamus,-5.38508,104.62349
ID,Indonesia,Asia,South-Eastern Asia,LA,Lampung,Terbanggi Besar,-4.87898,105.21818
ID,Indonesia,Asia,South-Eastern Asia,LA,Lampung,Tulangbawang,-4.20604,105.57999
ID,Indonesia,Asia,South-Eastern Asia,LA,Lampung,Way Kanan,-4.44705,104.52753
ID,Indonesia,Asia,South-Eastern Asia,ML,Maluku,,,
ID,Indonesia,Asia,South-Eastern Asia,MA,Maluku,Amahai,-3.33984,128.91975
ID,Indonesia,Asia,South-Eastern Asia,MA,Maluku,Ambon,-3.69583,128.18333
ID,Indonesia,Asia,South-Eastern Asia,MA,Maluku,Buru,-3.32767,126.68413
ID,Indonesia,Asia,South-Eastern Asia,MA,Maluku,Buru Selatan,-3.52187,126.59271
ID,Indonesia,Asia,South-Eastern Asia,MA,Maluku,Kepulauan Aru,-6.17059,134.46991
ID,Indonesia,Asia,South-Eastern Asia,MA,Maluku,Maluku Barat Daya,-7.8296,126.17386
ID,Indonesia,Asia,South-Eastern Asia,MA,Maluku,Maluku Tengah,-3.29167,128.9675
ID,Indonesia,Asia,South-Eastern Asia,MA,Maluku,Maluku Tenggara,-5.75,132.73333
ID,Indonesia,Asia,South-Eastern Asia,MA,Maluku,Maluku Tenggara Barat,-7.61186,131.38
ID,Indonesia,Asia,South-Eastern Asia,MA,Maluku,Seram Bagian Barat,-3.1027,128.42996
ID,Indonesia,Asia,South-Eastern Asia,MA,Maluku,Seram Bagian Timur,-3.39851,130.39167
ID,Indonesia,Asia,South-Eastern Asia,MA,Maluku,Tual,-5.62878,132.75229
ID,Indonesia,Asia,South-Eastern Asia,MU,Maluku Utara,East Halmahera Regency,1.33517,128.48627
ID,Indonesia,Asia,South-Eastern Asia,MU,Maluku Utara,Halmahera Barat,1.41709,127.55264
ID,Indonesia,Asia,South-Eastern Asia,MU,Maluku Utara,Halmahera Selatan,-0.3955,127.90833
ID,Indonesia,Asia,South-Eastern Asia,MU,Maluku Utara,Halmahera Tengah,0.48056,128.25
ID,Indonesia,Asia,South-Eastern Asia,MU,Maluku Utara,Halmahera Utara,1.73194,128.00778
ID,Indonesia,Asia,South-Eastern Asia,MU,Maluku Utara,Kepulauan Sula,-1.8646,125.69046
ID,Indonesia,Asia,South-Eastern Asia,MU,Maluku Utara,Pulau Morotai,2.19924,128.40546
ID,Indonesia,Asia,South-Eastern Asia,MU,Maluku Utara,Pulau Taliabu,-1.84578,124.78992
ID,Indonesia,Asia,South-Eastern Asia,MU,Maluku Utara,Sofifi,0.73729,127.5588
ID,Indonesia,Asia,South-Eastern Asia,MU,Maluku Utara,Ternate,0.79065,127.38424
ID,Indonesia,Asia,South-Eastern Asia,MU,Maluku Utara,Tobelo,1.72837,128.00948
ID,Indonesia,Asia,South-Eastern Asia,NU,Nusa Tenggara,,,
ID,Indonesia,Asia,South-Eastern Asia,NB,Nusa Tenggara Barat,Bima,-8.46006,118.72667
ID,Indonesia,Asia,South-Eastern Asia,NB,Nusa Tenggara Barat,Dompu,-8.5365,118.4634
ID,Indonesia,Asia,South-Eastern Asia,NB,Nusa Tenggara Barat,Gili Air,-8.35783,116.0824
ID,Indonesia,Asia,South-Eastern Asia,NB,Nusa Tenggara Barat,Kabupaten Bima,-8.6,118.61667
ID,Indonesia,Asia,South-Eastern Asia,NB,Nusa Tenggara Barat,Kabupaten Dompu,-8.5094,118.4816
ID,Indonesia,Asia,South-Eastern Asia,NB,Nusa Tenggara Barat,Labuan Lombok,-8.5,116.66667
ID,Indonesia,Asia,South-Eastern Asia,NB,Nusa Tenggara Barat,Lembar,-8.7264,116.0744
ID,Indonesia,Asia,South-Eastern Asia,NB,Nusa Tenggara Barat,Lombok Barat,-8.69583,116.11667
ID,Indonesia,Asia,South-Eastern Asia,NB,Nusa Tenggara Barat,Lombok Tengah,-8.7,116.3
ID,Indonesia,Asia,South-Eastern Asia,NB,Nusa Tenggara Barat,Lombok Timur,-8.53333,116.53333
ID,Indonesia,Asia,South-Eastern Asia,NB,Nusa Tenggara Barat,Lombok Utara,-8.35214,116.40152
ID,Indonesia,Asia,South-Eastern Asia,NB,Nusa Tenggara Barat,Mataram,-8.58333,116.11667
ID,Indonesia,Asia,South-Eastern Asia,NB,Nusa Tenggara Barat,Pemenang,-8.40401,116.10255
ID,Indonesia,Asia,South-Eastern Asia,NB,Nusa Tenggara Barat,Pototano,-8.4126,117.4811
ID,Indonesia,Asia,South-Eastern Asia,NB,Nusa Tenggara Barat,Praya,-8.70536,116.27036
ID,Indonesia,Asia,South-Eastern Asia,NB,Nusa Tenggara Barat,Senggigi,-8.4919,116.0424
ID,Indonesia,Asia,South-Eastern Asia,NB,Nusa Tenggara Barat,Sumbawa,-8.7439,117.3324
ID,Indonesia,Asia,South-Eastern Asia,NB,Nusa Tenggara Barat,Sumbawa Barat,-8.75159,116.92132
ID,Indonesia,Asia,South-Eastern Asia,NB,Nusa Tenggara Barat,Sumbawa Besar,-8.49317,117.42024
ID,Indonesia,Asia,South-Eastern Asia,NT,Nusa Tenggara Timur,Alor,-8.3,124.56667
ID,Indonesia,Asia,South-Eastern Asia,NT,Nusa Tenggara Timur,Atambua,-9.10611,124.8925
ID,Indonesia,Asia,South-Eastern Asia,NT,Nusa Tenggara Timur,Belu,-9.41258,124.95066
ID,Indonesia,Asia,South-Eastern Asia,NT,Nusa Tenggara Timur,Ende,-8.8432,121.6623
ID,Indonesia,Asia,South-Eastern Asia,NT,Nusa Tenggara Timur,Flores Timur,-8.24224,122.96817
ID,Indonesia,Asia,South-Eastern Asia,NT,Nusa Tenggara Timur,Kabupaten Ende,-8.84056,121.66389
ID,Indonesia,Asia,South-Eastern Asia,NT,Nusa Tenggara Timur,Kabupaten Kupang,-9.91667,123.83333
ID,Indonesia,Asia,South-Eastern Asia,NT,Nusa Tenggara Timur,Kefamenanu,-9.44667,124.47806
ID,Indonesia,Asia,South-Eastern Asia,NT,Nusa Tenggara Timur,Komodo,-8.5895,119.4913
ID,Indonesia,Asia,South-Eastern Asia,NT,Nusa Tenggara Timur,Kupang,-10.17083,123.60694
ID,Indonesia,Asia,South-Eastern Asia,NT,Nusa Tenggara Timur,Labuan Bajo,-8.4964,119.8877
ID,Indonesia,Asia,South-Eastern Asia,NT,Nusa Tenggara Timur,Lembata,-8.41396,123.55225
ID,Indonesia,Asia,South-Eastern Asia,NT,Nusa Tenggara Timur,Malaka,-9.5632,124.89481
ID,Indonesia,Asia,South-Eastern Asia,NT,Nusa Tenggara Timur,Manggarai,-8.56667,120.41667
ID,Indonesia,Asia,South-Eastern Asia,NT,Nusa Tenggara Timur,Manggarai Barat,-8.64484,119.88281
ID,Indonesia,Asia,South-Eastern Asia,NT,Nusa Tenggara Timur,Manggarai Timur,-8.55533,120.59761
ID,Indonesia,Asia,South-Eastern Asia,NT,Nusa Tenggara Timur,Maumere,-8.6199,122.2111
ID,Indonesia,Asia,South-Eastern Asia,NT,Nusa Tenggara Timur,Nagekeo,-8.8721,121.20963
ID,Indonesia,Asia,South-Eastern Asia,NT,Nusa Tenggara Timur,Naisano Dua,-9.59806,123.77028
ID,Indonesia,Asia,South-Eastern Asia,NT,Nusa Tenggara Timur,Ngada,-8.66667,121
ID,Indonesia,Asia,South-Eastern Asia,NT,Nusa Tenggara Timur,Rote Ndao,-10.73617,123.12054
ID,Indonesia,Asia,South-Eastern Asia,NT,Nusa Tenggara Timur,Ruteng,-8.61139,120.46444
ID,Indonesia,Asia,South-Eastern Asia,NT,Nusa Tenggara Timur,Sabu Raijua,-10.56286,121.78894
ID,Indonesia,Asia,South-Eastern Asia,NT,Nusa Tenggara Timur,Sikka,-8.66667,122.36667
ID,Indonesia,Asia,South-Eastern Asia,NT,Nusa Tenggara Timur,Soe,-9.86071,124.28395
ID,Indonesia,Asia,South-Eastern Asia,NT,Nusa Tenggara Timur,Sumba Barat,-9.56667,119.45
ID,Indonesia,Asia,South-Eastern Asia,NT,Nusa Tenggara Timur,Sumba Barat Daya,-9.56216,119.08905
ID,Indonesia,Asia,South-Eastern Asia,NT,Nusa Tenggara Timur,Sumba Tengah,-9.62941,119.61914
ID,Indonesia,Asia,South-Eastern Asia,NT,Nusa Tenggara Timur,Sumba Timur,-9.88333,120.25
ID,Indonesia,Asia,South-Eastern Asia,NT,Nusa Tenggara Timur,Timor Tengah Selatan,-9.83333,124.4
ID,Indonesia,Asia,South-Eastern Asia,NT,Nusa Tenggara Timur,Timor Tengah Utara,-9.33136,124.51904
ID,Indonesia,Asia,South-Eastern Asia,NT,Nusa Tenggara Timur,Waingapu,-9.6567,120.2641
ID,Indonesia,Asia,South-Eastern Asia,PA,Papua,Abepura,-2.5964,140.6324
ID,Indonesia,Asia,South-Eastern Asia,PA,Papua,Biak,-1.1767,136.082
ID,Indonesia,Asia,South-Eastern Asia,PA,Papua,Biak Numfor,-1.03333,136
ID,Indonesia,Asia,South-Eastern Asia,PA,Papua,Insrom,-1.14473,136.03134
ID,Indonesia,Asia,South-Eastern Asia,PA,Papua,Jayapura,-2.53371,140.71813
ID,Indonesia,Asia,South-Eastern Asia,PA,Papua,Kabupaten Jayapura,-3,139.95
ID,Indonesia,Asia,South-Eastern Asia,PA,Papua,Keerom,-3.3,140.61667
ID,Indonesia,Asia,South-Eastern Asia,PA,Papua,Kepulauan Yapen,-1.78773,136.27716
ID,Indonesia,Asia,South-Eastern Asia,PA,Papua,Mamberamo Raya,-2.23561,137.78229
ID,Indonesia,Asia,South-Eastern Asia,PA,Papua,Sarmi,-2.41667,139.08333
ID,Indonesia,Asia,South-Eastern Asia,PA,Papua,Supiori,-0.73881,135.61111
ID,Indonesia,Asia,South-Eastern Asia,PA,Papua,Waropen,-2.286,137.01837
ID,Indonesia,Asia,South-Eastern Asia,PP,Papua,,,
ID,Indonesia,Asia,South-Eastern Asia,PB,Papua Barat,Fakfak,-2.92641,132.29608
ID,Indonesia,Asia,South-Eastern Asia,PB,Papua Barat,Kabupaten Manokwari,-0.9,133.75
ID,Indonesia,Asia,South-Eastern Asia,PB,Papua Barat,Kaimana,-3.66093,133.77451
ID,Indonesia,Asia,South-Eastern Asia,PB,Papua Barat,Manokwari,-0.86291,134.06402
ID,Indonesia,Asia,South-Eastern Asia,PB,Papua Barat,Manokwari Selatan,-1.0798,133.96729
ID,Indonesia,Asia,South-Eastern Asia,PB,Papua Barat,Teluk Bintuni,-1.88037,133.33105
ID,Indonesia,Asia,South-Eastern Asia,PB,Papua Barat,Teluk Wondama,-2.7,134.5
ID,Indonesia,Asia,South-Eastern Asia,PD,Papua Barat Daya,Kabupaten Sorong,-1.16667,131.5
ID,Indonesia,Asia,South-Eastern Asia,PD,Papua Barat Daya,Maybrat,-1.2155,132.35092
ID,Indonesia,Asia,South-Eastern Asia,PD,Papua Barat Daya,Raja Ampat,-0.5,130
ID,Indonesia,Asia,South-Eastern Asia,PD,Papua Barat Daya,Sorong,-0.87956,131.26104
ID,Indonesia,Asia,South-Eastern Asia,PD,Papua Barat Daya,Sorong Selatan,-1.50495,132.28638
ID,Indonesia,Asia,South-Eastern Asia,PD,Papua Barat Daya,Tambrauw,-0.60515,132.48962
ID,Indonesia,Asia,South-Eastern Asia,PE,Papua Pegunungan,Jayawijaya,-4.08333,139.08333
ID,Indonesia,Asia,South-Eastern Asia,PE,Papua Pegunungan,Lanny Jaya,-3.91244,138.28766
ID,Indonesia,Asia,South-Eastern Asia,PE,Papua Pegunungan,Mamberamo Tengah,-2.46064,138.45245
ID,Indonesia,Asia,South-Eastern Asia,PE,Papua Pegunungan,Nduga,-4.45093,138.10089
ID,Indonesia,Asia,South-Eastern Asia,PE,Papua Pegunungan,Pegunungan Bintang,-4.52167,140.29541
ID,Indonesia,Asia,South-Eastern Asia,PE,Papua Pegunungan,Tolikara,-3.42661,137.41699
ID,Indonesia,Asia,South-Eastern Asia,PE,Papua Pegunungan,Yahukimo,-4.60403,139.58405
ID,Indonesia,Asia,South-Eastern Asia,PE,Papua Pegunungan,Yalimo,-3.86037,138.47305
ID,Indonesia,Asia,South-Eastern Asia,PS,Papua Selatan,Asmat,-5.3795,138.46344
ID,Indonesia,Asia,South-Eastern Asia,PS,Papua Selatan,Boven Digoel,-5.70519,140.36349
ID,Indonesia,Asia,South-Eastern Asia,PS,Papua Selatan,Mappi,-6.49971,139.34441
ID,Indonesia,Asia,South-Eastern Asia,PS,Papua Selatan,Merauke,-7.66667,139.66667
ID,Indonesia,Asia,South-Eastern Asia,PT,Papua Tengah,Deiyai,-3.94737,135.95032
ID,Indonesia,Asia,South-Eastern Asia,PT,Papua Tengah,Dogiyai,-4.03186,135.43945
ID,Indonesia,Asia,South-Eastern Asia,PT,Papua Tengah,Intan Jaya,-3.41016,136.70837
ID,Indonesia,Asia,South-Eastern Asia,PT,Papua Tengah,Kabupaten Nabire,-3.54016,135.55511
ID,Indonesia,Asia,South-Eastern Asia,PT,Papua Tengah,Mimika,-4.54357,136.56555
ID,Indonesia,Asia,South-Eastern Asia,PT,Papua Tengah,Nabire,-3.35989,135.50074
ID,Indonesia,Asia,South-Eastern Asia,PT,Papua Tengah,Paniai,-3.9,136.6
ID,Indonesia,Asia,South-Eastern Asia,PT,Papua Tengah,Puncak,-3.67241,137.43896
ID,Indonesia,Asia,South-Eastern Asia,PT,Papua Tengah,Puncak Jaya,-3.5106944,137.86611111
ID,Indonesia,Asia,South-Eastern Asia,RI,Riau,Balaipungut,1.05949,101.29054
ID,Indonesia,Asia,South-Eastern Asia,RI,Riau,Batam,1.14937,104.02491
ID,Indonesia,Asia,South-Eastern Asia,RI,Riau,Bengkalis,0.9838,102.5096
ID,Indonesia,Asia,South-Eastern Asia,RI,Riau,Dumai,1.66711,101.44316
ID,Indonesia,Asia,South-Eastern Asia,RI,Riau,Indragiri Hilir,-0.33333,103.16667
ID,Indonesia,Asia,South-Eastern Asia,RI,Riau,Indragiri Hulu,-0.55,102.31667
ID,Indonesia,Asia,South-Eastern Asia,RI,Riau,Kampar,0.2344,101.2131
ID,Indonesia,Asia,South-Eastern Asia,RI,Riau,Kepulauan Meranti,0.97488,102.69539
ID,Indonesia,Asia,South-Eastern Asia,RI,Riau,Kuantan Singingi,-0.47532,101.45857
ID,Indonesia,Asia,South-Eastern Asia,RI,Riau,Pekanbaru,0.51667,101.44167
ID,Indonesia,Asia,South-Eastern Asia,RI,Riau,Pelalawan,0.20822,102.18607
ID,Indonesia,Asia,South-Eastern Asia,RI,Riau,Rokan Hilir,2.16599,100.82514
ID,Indonesia,Asia,South-Eastern Asia,RI,Riau,Rokan Hulu,0.88333,100.48333
ID,Indonesia,Asia,South-Eastern Asia,RI,Riau,Siak,0.97453,102.01355
ID,Indonesia,Asia,South-Eastern Asia,SL,Sulawesi,,,
ID,Indonesia,Asia,South-Eastern Asia,SR,Sulawesi Barat,Kabupaten Majene,-3.15,118.86667
ID,Indonesia,Asia,South-Eastern Asia,SR,Sulawesi Barat,Kabupaten Mamuju,-2.5,119.41667
ID,Indonesia,Asia,South-Eastern Asia,SR,Sulawesi Barat,Majene,-3.5403,118.9707
ID,Indonesia,Asia,South-Eastern Asia,SR,Sulawesi Barat,Mamasa,-2.96492,119.30631
ID,Indonesia,Asia,South-Eastern Asia,SR,Sulawesi Barat,Mamuju,-2.68056,118.88611
ID,Indonesia,Asia,South-Eastern Asia,SR,Sulawesi Barat,Mamuju Tengah,-2.8212,119.2662
ID,Indonesia,Asia,South-Eastern Asia,SR,Sulawesi Barat,Mamuju Utara,-1.51639,119.42139
ID,Indonesia,Asia,South-Eastern Asia,SR,Sulawesi Barat,Polewali,-3.4324,119.3435
ID,Indonesia,Asia,South-Eastern Asia,SR,Sulawesi Barat,Polewali Mandar,-3.3,119.16667
ID,Indonesia,Asia,South-Eastern Asia,SN,Sulawesi Selatan,Bantaeng,-5.48333,119.98333
ID,Indonesia,Asia,South-Eastern Asia,SN,Sulawesi Selatan,Barru,-4.43333,119.68333
ID,Indonesia,Asia,South-Eastern Asia,SN,Sulawesi Selatan,Bone,-4.7,120.13333
ID,Indonesia,Asia,South-Eastern Asia,SN,Sulawesi Selatan,Bulukumba,-5.41667,120.23333
ID,Indonesia,Asia,South-Eastern Asia,SN,Sulawesi Selatan,Enrekang,-3.5,119.86667
ID,Indonesia,Asia,South-Eastern Asia,SN,Sulawesi Selatan,Galesong,-5.3166,119.3661
ID,Indonesia,Asia,South-Eastern Asia,SN,Sulawesi Selatan,Gowa,-5.31667,119.75
ID,Indonesia,Asia,South-Eastern Asia,SN,Sulawesi Selatan,Jeneponto,-5.63333,119.73333
ID,Indonesia,Asia,South-Eastern Asia,SN,Sulawesi Selatan,Kabupaten Maros,-5.05,119.71667
ID,Indonesia,Asia,South-Eastern Asia,SN,Sulawesi Selatan,Kabupaten Sinjai,-5.21667,120.15
ID,Indonesia,Asia,South-Eastern Asia,SN,Sulawesi Selatan,Luwu,-2.5577,121.3242
ID,Indonesia,Asia,South-Eastern Asia,SN,Sulawesi Selatan,Luwu Timur,-2.50957,120.3978
ID,Indonesia,Asia,South-Eastern Asia,SN,Sulawesi Selatan,Luwu Utara,-2.6,120.25
ID,Indonesia,Asia,South-Eastern Asia,SN,Sulawesi Selatan,Makassar,-5.14861,119.43194
ID,Indonesia,Asia,South-Eastern Asia,SN,Sulawesi Selatan,Maros,-5.006,119.5727
ID,Indonesia,Asia,South-Eastern Asia,SN,Sulawesi Selatan,Palopo,-2.9925,120.19694
ID,Indonesia,Asia,South-Eastern Asia,SN,Sulawesi Selatan,Pangkajene Dan Kepulauan,-4.7827,119.5506
ID,Indonesia,Asia,South-Eastern Asia,SN,Sulawesi Selatan,Parepare,-4.0135,119.6255
ID,Indonesia,Asia,South-Eastern Asia,SN,Sulawesi Selatan,Pinrang,-3.61667,119.6
ID,Indonesia,Asia,South-Eastern Asia,SN,Sulawesi Selatan,Rantepao,-2.9701,119.8978
ID,Indonesia,Asia,South-Eastern Asia,SN,Sulawesi Selatan,Selayar Islands Regency,-6.81667,120.8
ID,Indonesia,Asia,South-Eastern Asia,SN,Sulawesi Selatan,Sengkang,-4.1279,120.0297
ID,Indonesia,Asia,South-Eastern Asia,SN,Sulawesi Selatan,Sidenreng Rappang,-3.85,119.96667
ID,Indonesia,Asia,South-Eastern Asia,SN,Sulawesi Selatan,Sinjai,-5.1241,120.253
ID,Indonesia,Asia,South-Eastern Asia,SN,Sulawesi Selatan,Soppeng,-4.3842,119.89
ID,Indonesia,Asia,South-Eastern Asia,SN,Sulawesi Selatan,Takalar,-5.41667,119.51667
ID,Indonesia,Asia,South-Eastern Asia,SN,Sulawesi Selatan,Tana Toraja,-3.0024,119.79655
ID,Indonesia,Asia,South-Eastern Asia,SN,Sulawesi Selatan,Toraja Utara,-2.92738,119.79218
ID,Indonesia,Asia,South-Eastern Asia,SN,Sulawesi Selatan,Wajo,-4,120.16667
ID,Indonesia,Asia,South-Eastern Asia,SN,Sulawesi Selatan,Watampone,-4.5386,120.3279
ID,Indonesia,Asia,South-Eastern Asia,ST,Sulawesi Tengah,Banggai,-0.91141,122.71836
ID,Indonesia,Asia,South-Eastern Asia,ST,Sulawesi Tengah,Banggai Kepulauan,-1.30236,123.03726
ID,Indonesia,Asia,South-Eastern Asia,ST,Sulawesi Tengah,Banggai Laut,-1.61841,123.49388
ID,Indonesia,Asia,South-Eastern Asia,ST,Sulawesi Tengah,Buol,1.04656,121.36867
ID,Indonesia,Asia,South-Eastern Asia,ST,Sulawesi Tengah,Donggala,-0.58333,119.85
ID,Indonesia,Asia,South-Eastern Asia,ST,Sulawesi Tengah,Kabupaten Poso,-1.65,120.5
ID,Indonesia,Asia,South-Eastern Asia,ST,Sulawesi Tengah,Luwuk,-0.9516,122.7875
ID,Indonesia,Asia,South-Eastern Asia,ST,Sulawesi Tengah,Morowali Regency,-2.76062,121.95267
ID,Indonesia,Asia,South-Eastern Asia,ST,Sulawesi Tengah,Morowali Utara,-1.7207,121.24649
ID,Indonesia,Asia,South-Eastern Asia,ST,Sulawesi Tengah,Palu,-0.90833,119.87083
ID,Indonesia,Asia,South-Eastern Asia,ST,Sulawesi Tengah,Parigi Moutong,0.3368,120.17841
ID,Indonesia,Asia,South-Eastern Asia,ST,Sulawesi Tengah,Poso,-1.3959,120.7524
ID,Indonesia,Asia,South-Eastern Asia,ST,Sulawesi Tengah,Sigi,-1.385,119.96694
ID,Indonesia,Asia,South-Eastern Asia,ST,Sulawesi Tengah,Tojo Una-Una Regency,-1.2036,121.48201
ID,Indonesia,Asia,South-Eastern Asia,ST,Sulawesi Tengah,Toli-Toli,1.30862,120.88643
ID,Indonesia,Asia,South-Eastern Asia,SG,Sulawesi Tenggara,Bombana,-4.6257,121.81641
ID,Indonesia,Asia,South-Eastern Asia,SG,Sulawesi Tenggara,Buton,-5.31667,122.91667
ID,Indonesia,Asia,South-Eastern Asia,SG,Sulawesi Tenggara,Buton Selatan,-5.56667,122.7
ID,Indonesia,Asia,South-Eastern Asia,SG,Sulawesi Tenggara,Buton Tengah,-5.31667,122.33333
ID,Indonesia,Asia,South-Eastern Asia,SG,Sulawesi Tenggara,Buton Utara,-5.01457,122.93015
ID,Indonesia,Asia,South-Eastern Asia,SG,Sulawesi Tenggara,Katabu,-4.9333,122.5167
ID,Indonesia,Asia,South-Eastern Asia,SG,Sulawesi Tenggara,Kendari,-3.9778,122.51507
ID,Indonesia,Asia,South-Eastern Asia,SG,Sulawesi Tenggara,Kolaka,-4.08333,121.66667
ID,Indonesia,Asia,South-Eastern Asia,SG,Sulawesi Tenggara,Kolaka Timur,-4.01807,121.86172
ID,Indonesia,Asia,South-Eastern Asia,SG,Sulawesi Tenggara,Kolaka Utara,-3.10452,121.12427
ID,Indonesia,Asia,South-Eastern Asia,SG,Sulawesi Tenggara,Konawe,-3.91717,122.08823
ID,Indonesia,Asia,South-Eastern Asia,SG,Sulawesi Tenggara,Konawe Kepulauan,-4.11656,123.10181
ID,Indonesia,Asia,South-Eastern Asia,SG,Sulawesi Tenggara,Konawe Selatan,-4.19191,122.44854
ID,Indonesia,Asia,South-Eastern Asia,SG,Sulawesi Tenggara,Konawe Utara,-3.41552,121.99081
ID,Indonesia,Asia,South-Eastern Asia,SG,Sulawesi Tenggara,Muna,-4.96667,122.66667
ID,Indonesia,Asia,South-Eastern Asia,SG,Sulawesi Tenggara,Muna Barat,-4.83333,122.48333
ID,Indonesia,Asia,South-Eastern Asia,SG,Sulawesi Tenggara,Wakatobi Regency,-5.31934,123.5948
ID,Indonesia,Asia,South-Eastern Asia,SA,Sulawesi Utara,Bolaang Mongondow,0.75,124.08333
ID,Indonesia,Asia,South-Eastern Asia,SA,Sulawesi Utara,Bolaang Mongondow Selatan,0.40912,123.75961
ID,Indonesia,Asia,South-Eastern Asia,SA,Sulawesi Utara,Bolaang Mongondow Timur,0.72073,124.50256
ID,Indonesia,Asia,South-Eastern Asia,SA,Sulawesi Utara,Bolaang Mongondow Utara,0.78527,123.41766
ID,Indonesia,Asia,South-Eastern Asia,SA,Sulawesi Utara,Kepulauan Sangihe,3.5,125.55
ID,Indonesia,Asia,South-Eastern Asia,SA,Sulawesi Utara,Kepulauan Talaud,4.31178,126.78085
ID,Indonesia,Asia,South-Eastern Asia,SA,Sulawesi Utara,Laikit Laikit II (Dimembe),1.48833,124.97444
ID,Indonesia,Asia,South-Eastern Asia,SA,Sulawesi Utara,Manado,1.48218,124.84892
ID,Indonesia,Asia,South-Eastern Asia,SA,Sulawesi Utara,Minahasa,1.2537,124.83
ID,Indonesia,Asia,South-Eastern Asia,SA,Sulawesi Utara,Minahasa Selatan,1.21291,124.59708
ID,Indonesia,Asia,South-Eastern Asia,SA,Sulawesi Utara,Minahasa Tenggara,1.05633,124.7925
ID,Indonesia,Asia,South-Eastern Asia,SA,Sulawesi Utara,Minahasa Utara,1.4025,124.96
ID,Indonesia,Asia,South-Eastern Asia,SA,Sulawesi Utara,Siau Tagulandang Biaro,2.11728,125.37512
ID,Indonesia,Asia,South-Eastern Asia,SA,Sulawesi Utara,Tomohon,1.31678,124.80379
ID,Indonesia,Asia,South-Eastern Asia,SA,Sulawesi Utara,Tondano,1.3054,124.91261
ID,Indonesia,Asia,South-Eastern Asia,SM,Sumatera,,,
ID,Indonesia,Asia,South-Eastern Asia,SB,Sumatera Barat,Agam,-0.25,100.16667
ID,Indonesia,Asia,South-Eastern Asia,SB,Sumatera Barat,Bukittinggi,-0.30907,100.37055
ID,Indonesia,Asia,South-Eastern Asia,SB,Sumatera Barat,Dharmasraya,-1.05,101.367
ID,Indonesia,Asia,South-Eastern Asia,SB,Sumatera Barat,Kabupaten Sijunjung,-1.1827,101.6056
ID,Indonesia,Asia,South-Eastern Asia,SB,Sumatera Barat,Kabupaten Solok,-0.96667,100.81667
ID,Indonesia,Asia,South-Eastern Asia,SB,Sumatera Barat,Kepulauan Mentawai,1.98917,99.51889
ID,Indonesia,Asia,South-Eastern Asia,SB,Sumatera Barat,Lima Puluh Kota,-0.0168,100.5872
ID,Indonesia,Asia,South-Eastern Asia,SB,Sumatera Barat,Padang,-0.94924,100.35427
ID,Indonesia,Asia,South-Eastern Asia,SB,Sumatera Barat,Padang Pariaman,-0.6,100.28333
ID,Indonesia,Asia,South-Eastern Asia,SB,Sumatera Barat,Pariaman,-0.61898,100.11997
ID,Indonesia,Asia,South-Eastern Asia,SB,Sumatera Barat,Pasaman,0.42503,99.94606
ID,Indonesia,Asia,South-Eastern Asia,SB,Sumatera Barat,Pasaman Barat,0.28152,99.51965
ID,Indonesia,Asia,South-Eastern Asia,SB,Sumatera Barat,Payakumbuh,-0.2159,100.6334
ID,Indonesia,Asia,South-Eastern Asia,SB,Sumatera Barat,Pesisir Selatan,-1.58333,100.85
ID,Indonesia,Asia,South-Eastern Asia,SB,Sumatera Barat,Sijunjung,-0.7005,100.9774
ID,Indonesia,Asia,South-Eastern Asia,SB,Sumatera Barat,Solok,-0.8006,100.6571
ID,Indonesia,Asia,South-Eastern Asia,SB,Sumatera Barat,Solok Selatan,-1.23333,101.417
ID,Indonesia,Asia,South-Eastern Asia,SB,Sumatera Barat,Tanah Datar,-0.4555,100.5771
ID,Indonesia,Asia,South-Eastern Asia,SS,Sumatera Selatan,Baturaja,-4.12891,104.16695
ID,Indonesia,Asia,South-Eastern Asia,SS,Sumatera Selatan,Empat Lawang,3.22667,99.09256
ID,Indonesia,Asia,South-Eastern Asia,SS,Sumatera Selatan,Lahat,-3.78514,103.54279
ID,Indonesia,Asia,South-Eastern Asia,SS,Sumatera Selatan,Lahat Regency,-3.7864,103.5428
ID,Indonesia,Asia,South-Eastern Asia,SS,Sumatera Selatan,Lubuklinggau,-3.2945,102.8614
ID,Indonesia,Asia,South-Eastern Asia,SS,Sumatera Selatan,Muara Enim,-4.2327,103.6141
ID,Indonesia,Asia,South-Eastern Asia,SS,Sumatera Selatan,Musi Banyuasin,-2.41667,103.75
ID,Indonesia,Asia,South-Eastern Asia,SS,Sumatera Selatan,Musi Rawas,-3.08333,103.2
ID,Indonesia,Asia,South-Eastern Asia,SS,Sumatera Selatan,Musi Rawas Utara,-2.48533,103.29346
ID,Indonesia,Asia,South-Eastern Asia,SS,Sumatera Selatan,Ogan Ilir,-3.43186,104.62727
ID,Indonesia,Asia,South-Eastern Asia,SS,Sumatera Selatan,Ogan Komering Ilir,-3.36667,105.36667
ID,Indonesia,Asia,South-Eastern Asia,SS,Sumatera Selatan,Ogan Komering Ulu,-4.13333,104.03333
ID,Indonesia,Asia,South-Eastern Asia,SS,Sumatera Selatan,Ogan Komering Ulu Selatan,-4.65728,104.00659
ID,Indonesia,Asia,South-Eastern Asia,SS,Sumatera Selatan,Ogan Komering Ulu Timur,-3.85679,104.75209
ID,Indonesia,Asia,South-Eastern Asia,SS,Sumatera Selatan,Pagar Alam,-4.02506,103.24694
ID,Indonesia,Asia,South-Eastern Asia,SS,Sumatera Selatan,Palembang,-2.91673,104.7458
ID,Indonesia,Asia,South-Eastern Asia,SS,Sumatera Selatan,Penukal Abab Lematang Ilir,-3.21342,104.08722
ID,Indonesia,Asia,South-Eastern Asia,SS,Sumatera Selatan,Prabumulih,-3.43447,104.23056
ID,Indonesia,Asia,South-Eastern Asia,SS,Sumatera Selatan,Tanjungagung,-3.93728,103.80465
ID,Indonesia,Asia,South-Eastern Asia,SU,Sumatera Utara,Ambarita,2.6814,98.8311
ID,Indonesia,Asia,South-Eastern Asia,SU,Sumatera Utara,Asahan,2.78333,99.55
ID,Indonesia,Asia,South-Eastern Asia,SU,Sumatera Utara,Bandar,2.05,99.75
ID,Indonesia,Asia,South-Eastern Asia,SU,Sumatera Utara,Batu Bara,3.16166,99.52652
ID,Indonesia,Asia,South-Eastern Asia,SU,Sumatera Utara,Belawan,3.7755,98.6832
ID,Indonesia,Asia,South-Eastern Asia,SU,Sumatera Utara,Berastagi,3.19468,98.50889
ID,Indonesia,Asia,South-Eastern Asia,SU,Sumatera Utara,Binjai,3.6001,98.4854
ID,Indonesia,Asia,South-Eastern Asia,SU,Sumatera Utara,Dairi,2.86667,98.23333
ID,Indonesia,Asia,South-Eastern Asia,SU,Sumatera Utara,Deli Serdang,3.41667,98.66667
ID,Indonesia,Asia,South-Eastern Asia,SU,Sumatera Utara,Deli Tua,3.5078,98.6839
ID,Indonesia,Asia,South-Eastern Asia,SU,Sumatera Utara,Gunungsitoli,1.2888,97.6143
ID,Indonesia,Asia,South-Eastern Asia,SU,Sumatera Utara,Humbang Hasundutan,2.26551,98.50376
ID,Indonesia,Asia,South-Eastern Asia,SU,Sumatera Utara,Kabanjahe,3.1001,98.4908
ID,Indonesia,Asia,South-Eastern Asia,SU,Sumatera Utara,Karo,3.11667,98.3
ID,Indonesia,Asia,South-Eastern Asia,SU,Sumatera Utara,Kisaran,2.9845,99.6158
ID,Indonesia,Asia,South-Eastern Asia,SU,Sumatera Utara,Labuhan Batu,2.26667,100.1
ID,Indonesia,Asia,South-Eastern Asia,SU,Sumatera Utara,Labuhan Batu Selatan,1.983,100.0976
ID,Indonesia,Asia,South-Eastern Asia,SU,Sumatera Utara,Labuhan Batu Utara,2.33349,99.63776
ID,Indonesia,Asia,South-Eastern Asia,SU,Sumatera Utara,Labuhan Deli,3.7278,98.6738
ID,Indonesia,Asia,South-Eastern Asia,SU,Sumatera Utara,Langkat,3.71667,98.21667
ID,Indonesia,Asia,South-Eastern Asia,SU,Sumatera Utara,Mandailing Natal,0.78378,99.25495
ID,Indonesia,Asia,South-Eastern Asia,SU,Sumatera Utara,Medan,3.58333,98.66667
ID,Indonesia,Asia,South-Eastern Asia,SU,Sumatera Utara,Nias,1.03333,97.76667
ID,Indonesia,Asia,South-Eastern Asia,SU,Sumatera Utara,Nias Barat,1.05966,97.58606
ID,Indonesia,Asia,South-Eastern Asia,SU,Sumatera Utara,Nias Utara,1.33037,97.31964
ID,Indonesia,Asia,South-Eastern Asia,SU,Sumatera Utara,Padang Lawas,1.44684,99.99207
ID,Indonesia,Asia,South-Eastern Asia,SU,Sumatera Utara,Padang Lawas Utara,1.46011,99.67346
ID,Indonesia,Asia,South-Eastern Asia,SU,Sumatera Utara,Padangsidempuan,1.37952,99.27146
ID,Indonesia,Asia,South-Eastern Asia,SU,Sumatera Utara,Pakpak Bharat,2.56667,98.28333
ID,Indonesia,Asia,South-Eastern Asia,SU,Sumatera Utara,Pangkalan Brandan,4.0238,98.2782
ID,Indonesia,Asia,South-Eastern Asia,SU,Sumatera Utara,Parapat,2.663,98.9349
ID,Indonesia,Asia,South-Eastern Asia,SU,Sumatera Utara,Pekan Bahapal,3.11313,99.17352
ID,Indonesia,Asia,South-Eastern Asia,SU,Sumatera Utara,Pematangsiantar,2.9595,99.0687
ID,Indonesia,Asia,South-Eastern Asia,SU,Sumatera Utara,Perbaungan,3.5679,98.956
ID,Indonesia,Asia,South-Eastern Asia,SU,Sumatera Utara,Percut,3.6253,98.864
ID,Indonesia,Asia,South-Eastern Asia,SU,Sumatera Utara,Rantauprapat,2.1,99.83333
ID,Indonesia,Asia,South-Eastern Asia,SU,Sumatera Utara,Samosir,2.64025,98.71525
ID,Indonesia,Asia,South-Eastern Asia,SU,Sumatera Utara,Serdang Bedagai,3.36667,99.03333
ID,Indonesia,Asia,South-Eastern Asia,SU,Sumatera Utara,Sibolga,1.74016,98.78117
ID,Indonesia,Asia,South-Eastern Asia,SU,Sumatera Utara,Simalungun,2.9,99
ID,Indonesia,Asia,South-Eastern Asia,SU,Sumatera Utara,Stabat,3.73335,98.45025
ID,Indonesia,Asia,South-Eastern Asia,SU,Sumatera Utara,Sunggal,3.5765,98.6151
ID,Indonesia,Asia,South-Eastern Asia,SU,Sumatera Utara,Tanjungbalai,2.96667,99.8
ID,Indonesia,Asia,South-Eastern Asia,SU,Sumatera Utara,Tanjungtiram,4.0613,98.3699
ID,Indonesia,Asia,South-Eastern Asia,SU,Sumatera Utara,Tapanuli Selatan,1.51667,99.25
ID,Indonesia,Asia,South-Eastern Asia,SU,Sumatera Utara,Tapanuli Tengah,1.9,98.66667
ID,Indonesia,Asia,South-Eastern Asia,SU,Sumatera Utara,Tapanuli Utara,2.0028,99.0707
ID,Indonesia,Asia,South-Eastern Asia,SU,Sumatera Utara,Tebingtinggi,3.3285,99.1625
ID,Indonesia,Asia,South-Eastern Asia,SU,Sumatera Utara,Teluk Nibung,3.001,99.8164
ID,Indonesia,Asia,South-Eastern Asia,SU,Sumatera Utara,Tomok Bolon,2.6521,98.8608
ID,Indonesia,Asia,South-Eastern Asia,SU,Sumatera Utara,Tongging,2.8985,98.5231
ID,Indonesia,Asia,South-Eastern Asia,SU,Sumatera Utara,Tuktuk Sonak,2.6689,98.8576
LA,Laos,Asia,South-Eastern Asia,AT,Attapeu,Attapeu,14.81071,106.83184
LA,Laos,Asia,South-Eastern Asia,AT,Attapeu,Muang Phouvong,14.56821,107.01087
LA,Laos,Asia,South-Eastern Asia,AT,Attapeu,Muang Samakhixai,14.80539,106.78164
LA,Laos,Asia,South-Eastern Asia,AT,Attapeu,Muang Sanamxai,14.73807,106.41328
LA,Laos,Asia,South-Eastern Asia,AT,Attapeu,Muang Sanxai,15.02944,107.23158
LA,Laos,Asia,South-Eastern Asia,AT,Attapeu,Muang Xaiséttha,14.90594,106.97894
LA,Laos,Asia,South-Eastern Asia,BK,Bokeo,Ban Houakhoua,20.2467,100.45401
LA,Laos,Asia,South-Eastern Asia,BK,Bokeo,Ban Houayxay,20.27,100.4178
LA,Laos,Asia,South-Eastern Asia,BK,Bokeo,Muang Houayxay,20.38763,100.62687
LA,Laos,Asia,South-Eastern Asia,BK,Bokeo,Muang Meung,20.67585,100.52639
LA,Laos,Asia,South-Eastern Asia,BK,Bokeo,Muang Paktha,20.09108,100.5994
LA,Laos,Asia,South-Eastern Asia,BK,Bokeo,Muang Pha Oudôm,20.18744,100.926
LA,Laos,Asia,South-Eastern Asia,BK,Bokeo,Muang Tônpheung,20.53465,100.29624
LA,Laos,Asia,South-Eastern Asia,BL,Bolikhamsai,Ban Nahin,18.24253,104.21281
LA,Laos,Asia,South-Eastern Asia,BL,Bolikhamsai,Pakxan,18.3942,103.6611
LA,Laos,Asia,South-Eastern Asia,CH,Champasak,Champasak,14.89204,105.87787
LA,Laos,Asia,South-Eastern Asia,CH,Champasak,Muang Bachiangchaleunsook,15.24426,105.96716
LA,Laos,Asia,South-Eastern Asia,CH,Champasak,Muang Champasak,14.85704,105.75334
LA,Laos,Asia,South-Eastern Asia,CH,Champasak,Muang Không,14.14696,105.95938
LA,Laos,Asia,South-Eastern Asia,CH,Champasak,Muang Mounlapamôk,14.28922,105.56832
LA,Laos,Asia,South-Eastern Asia,CH,Champasak,Muang Pakxé,15.13139,105.81612
LA,Laos,Asia,South-Eastern Asia,CH,Champasak,Muang Pakxong,15.0981,106.43398
LA,Laos,Asia,South-Eastern Asia,CH,Champasak,Muang Pathoumphon,14.68453,106.06357
LA,Laos,Asia,South-Eastern Asia,CH,Champasak,Muang Phônthong,15.10669,105.6489
LA,Laos,Asia,South-Eastern Asia,CH,Champasak,Muang Soukhouma,14.6256,105.6752
LA,Laos,Asia,South-Eastern Asia,CH,Champasak,Muang Xanasômboun,15.34107,105.73703
LA,Laos,Asia,South-Eastern Asia,CH,Champasak,Pakse,15.12022,105.79898
LA,Laos,Asia,South-Eastern Asia,CH,Champasak,Pakxong,15.18154,106.23038
LA,Laos,Asia,South-Eastern Asia,HO,Houaphanh,Xam Neua,20.40764,104.0656
LA,Laos,Asia,South-Eastern Asia,HO,Houaphanh,Xam Nua,20.4164,104.045
LA,Laos,Asia,South-Eastern Asia,KH,Khammouane,Muang Thakhèk,17.4088,104.82639
LA,Laos,Asia,South-Eastern Asia,KH,Khammouane,Thakhèk,17.41027,104.83068
LA,Laos,Asia,South-Eastern Asia,LM,Luang Namtha,Luang Namtha,20.9486,101.40188
LA,Laos,Asia,South-Eastern Asia,LM,Luang Namtha,Muang Louang Namtha,21.00424,101.44785
LA,Laos,Asia,South-Eastern Asia,LP,Luang Prabang,Luang Prabang,19.88601,102.13503
LA,Laos,Asia,South-Eastern Asia,OU,Oudomxay,Muang Xay,20.69229,101.98368
LA,Laos,Asia,South-Eastern Asia,PH,Phongsaly,Phôngsali,21.6808,102.1003
LA,Laos,Asia,South-Eastern Asia,XA,Sainyabuli,Sainyabuli,19.25756,101.71032
LA,Laos,Asia,South-Eastern Asia,SL,Salavan,Muang Khôngxédôn,15.54626,105.77051
LA,Laos,Asia,South-Eastern Asia,SL,Salavan,Muang Lakhonphéng,15.83308,105.59745
LA,Laos,Asia,South-Eastern Asia,SL,Salavan,Muang Laongam,15.47745,106.14111
LA,Laos,Asia,South-Eastern Asia,SL,Salavan,Muang Samouay,16.35868,106.8748
LA,Laos,Asia,South-Eastern Asia,SL,Salavan,Muang Saravan,15.71587,106.36158
LA,Laos,Asia,South-Eastern Asia,SL,Salavan,Muang Ta-Ôy,16.07765,106.70304
LA,Laos,Asia,South-Eastern Asia,SL,Salavan,Muang Toumlan,16.02236,106.23837
LA,Laos,Asia,South-Eastern Asia,SL,Salavan,Muang Vapi,15.75005,105.95529
LA,Laos,Asia,South-Eastern Asia,SL,Salavan,Salavan,15.71652,106.41744
LA,Laos,Asia,South-Eastern Asia,SV,Savannakhet,Kaysone Phomvihane,16.54943,104.82339
LA,Laos,Asia,South-Eastern Asia,SV,Savannakhet,Muang Alsaphangthong,16.72645,105.39326
LA,Laos,Asia,South-Eastern Asia,SV,Savannakhet,Muang Atsaphan,16.9474,105.4029
LA,Laos,Asia,South-Eastern Asia,SV,Savannakhet,Muang Champhon,16.49363,105.2202
LA,Laos,Asia,South-Eastern Asia,SV,Savannakhet,Muang Nong,16.38458,106.50419
LA,Laos,Asia,South-Eastern Asia,SV,Savannakhet,Muang Outhoumphon,16.66667,105.05
LA,Laos,Asia,South-Eastern Asia,SV,Savannakhet,Muang Phin,16.44316,106.03019
LA,Laos,Asia,South-Eastern Asia,SV,Savannakhet,Muang Songkhon,16.17116,105.30729
LA,Laos,Asia,South-Eastern Asia,SV,Savannakhet,Muang Thapangthong,16.09132,105.81038
LA,Laos,Asia,South-Eastern Asia,SV,Savannakhet,Muang Vilabouli,16.94067,105.93677
LA,Laos,Asia,South-Eastern Asia,SV,Savannakhet,Muang Xaibouli,16.94432,104.92312
LA,Laos,Asia,South-Eastern Asia,SV,Savannakhet,Muang Xayphoothong,16.3737,105.02165
LA,Laos,Asia,South-Eastern Asia,SV,Savannakhet,Muang Xônbouli,16.40036,105.57388
LA,Laos,Asia,South-Eastern Asia,SV,Savannakhet,Savannakhet,16.5703,104.7622
LA,Laos,Asia,South-Eastern Asia,SV,Savannakhet,Thaphalanxay,16.7,105.6
LA,Laos,Asia,South-Eastern Asia,XE,Sekong,Ban Thatèng,15.43317,106.38272
LA,Laos,Asia,South-Eastern Asia,XE,Sekong,Lamam,15.41705,106.69461
LA,Laos,Asia,South-Eastern Asia,XE,Sekong,Muang Dakchung,15.38199,107.31847
LA,Laos,Asia,South-Eastern Asia,XE,Sekong,Muang Khaleum,15.79886,107.04529
LA,Laos,Asia,South-Eastern Asia,XE,Sekong,Muang Laman,15.41273,106.81706
LA,Laos,Asia,South-Eastern Asia,XE,Sekong,Muang Thatèng,15.42745,106.48149
LA,Laos,Asia,South-Eastern Asia,VI,Vientiane,Muang Phôn-Hông,18.4953,102.4153
LA,Laos,Asia,South-Eastern Asia,VI,Vientiane,Vangviang,18.9235,102.44784
LA,Laos,Asia,South-Eastern Asia,VT,Vientiane,Vientiane,17.96667,102.6
LA,Laos,Asia,South-Eastern Asia,XS,Xaisomboun,Anouvong,18.89731,103.09274
LA,Laos,Asia,South-Eastern Asia,XS,Xaisomboun,Longchaeng,18.89394,103.14274
LA,Laos,Asia,South-Eastern Asia,XS,Xaisomboun,Muang Longxan,18.61782,102.88079
LA,Laos,Asia,South-Eastern Asia,XS,Xaisomboun,Muang Thathôm,19.0013,103.61572
LA,Laos,Asia,South-Eastern Asia,XI,Xiangkhouang,Muang Phônsavan,19.4494,103.1917
MY,Malaysia,Asia,South-Eastern Asia,01,Johor,Bakri,2.0441,102.6527
MY,Malaysia,Asia,South-Eastern Asia,01,Johor,Batu Pahat,1.8548,102.9325
MY,Malaysia,Asia,South-Eastern Asia,01,Johor,Buloh Kasap,2.5536,102.764
MY,Malaysia,Asia,South-Eastern Asia,01,Johor,Chaah,2.249,103.048
MY,Malaysia,Asia,South-Eastern Asia,01,Johor,Daerah Batu Pahat,1.93333,103
MY,Malaysia,Asia,South-Eastern Asia,01,Johor,Daerah Johor Baharu,1.65,103.6
MY,Malaysia,Asia,South-Eastern Asia,01,Johor,Daerah Keluang,2.2,103.33333
MY,Malaysia,Asia,South-Eastern Asia,01,Johor,Daerah Kota Tinggi,1.81667,103.96667
MY,Malaysia,Asia,South-Eastern Asia,01,Johor,Daerah Mersing,2.31667,103.71667
MY,Malaysia,Asia,South-Eastern Asia,01,Johor,Daerah Muar,2.25,102.75
MY,Malaysia,Asia,South-Eastern Asia,01,Johor,Daerah Pontian,1.5,103.5
MY,Malaysia,Asia,South-Eastern Asia,01,Johor,Daerah Segamat,2.6,102.81667
MY,Malaysia,Asia,South-Eastern Asia,01,Johor,Johor Bahru,1.4655,103.7578
MY,Malaysia,Asia,South-Eastern Asia,01,Johor,Kampung Pasir Gudang Baru,1.4726,103.878
MY,Malaysia,Asia,South-Eastern Asia,01,Johor,Kampung Simpang Renggam,1.8278,103.3
MY,Malaysia,Asia,South-Eastern Asia,01,Johor,Kelapa Sawit,1.6698,103.5327
MY,Malaysia,Asia,South-Eastern Asia,01,Johor,Kluang,2.03046,103.31689
MY,Malaysia,Asia,South-Eastern Asia,01,Johor,Kota Tinggi,1.7381,103.8999
MY,Malaysia,Asia,South-Eastern Asia,01,Johor,Kulai,1.6561,103.6032
MY,Malaysia,Asia,South-Eastern Asia,01,Johor,Labis,2.385,103.021
MY,Malaysia,Asia,South-Eastern Asia,01,Johor,Mersing,2.4312,103.8405
MY,Malaysia,Asia,South-Eastern Asia,01,Johor,Muar,2.0442,102.5689
MY,Malaysia,Asia,South-Eastern Asia,01,Johor,Parit Raja,1.8681,103.1124
MY,Malaysia,Asia,South-Eastern Asia,01,Johor,Pekan Nenas,1.51,103.5141
MY,Malaysia,Asia,South-Eastern Asia,01,Johor,Pontian Kechil,1.4866,103.3896
MY,Malaysia,Asia,South-Eastern Asia,01,Johor,Segamat,2.5148,102.8158
MY,Malaysia,Asia,South-Eastern Asia,01,Johor,Skudai,1.53741,103.65779
MY,Malaysia,Asia,South-Eastern Asia,01,Johor,Taman Senai,1.6006,103.6419
MY,Malaysia,Asia,South-Eastern Asia,01,Johor,Tangkak,2.2673,102.5453
MY,Malaysia,Asia,South-Eastern Asia,01,Johor,Ulu Tiram,1.6,103.81667
MY,Malaysia,Asia,South-Eastern Asia,01,Johor,Yong Peng,2.0136,103.0659
MY,Malaysia,Asia,South-Eastern Asia,02,Kedah,Alor Setar,6.12104,100.36014
MY,Malaysia,Asia,South-Eastern Asia,02,Kedah,Ayer Hangat,6.42062,99.82199
MY,Malaysia,Asia,South-Eastern Asia,02,Kedah,Bedong,5.72743,100.50876
MY,Malaysia,Asia,South-Eastern Asia,02,Kedah,Gurun,5.81717,100.47381
MY,Malaysia,Asia,South-Eastern Asia,02,Kedah,Jitra,6.26812,100.42167
MY,Malaysia,Asia,South-Eastern Asia,02,Kedah,Kampung Kilim,6.4055,99.8502
MY,Malaysia,Asia,South-Eastern Asia,02,Kedah,Kampung Kok,6.36759,99.68252
MY,Malaysia,Asia,South-Eastern Asia,02,Kedah,Kuah,6.32649,99.8432
MY,Malaysia,Asia,South-Eastern Asia,02,Kedah,Kuala Kedah,6.1,100.3
MY,Malaysia,Asia,South-Eastern Asia,02,Kedah,Kuala Teriang,6.36377,99.71532
MY,Malaysia,Asia,South-Eastern Asia,02,Kedah,Kulim,5.36499,100.56177
MY,Malaysia,Asia,South-Eastern Asia,02,Kedah,Langkawi,6.35608,99.78375
MY,Malaysia,Asia,South-Eastern Asia,02,Kedah,Padang Mat Sirat,6.35423,99.73404
MY,Malaysia,Asia,South-Eastern Asia,02,Kedah,Sungai Petani,5.647,100.48772
MY,Malaysia,Asia,South-Eastern Asia,03,Kelantan,Gua Musang,4.88441,101.96857
MY,Malaysia,Asia,South-Eastern Asia,03,Kelantan,Kampong Kadok,6,102.25
MY,Malaysia,Asia,South-Eastern Asia,03,Kelantan,Kampong Pangkal Kalong,5.91667,102.21667
MY,Malaysia,Asia,South-Eastern Asia,03,Kelantan,Kota Bharu,6.12361,102.24333
MY,Malaysia,Asia,South-Eastern Asia,03,Kelantan,Pasir Mas,6.04934,102.13987
MY,Malaysia,Asia,South-Eastern Asia,03,Kelantan,Peringat,6.03333,102.28333
MY,Malaysia,Asia,South-Eastern Asia,03,Kelantan,Tumpat,6.19775,102.17098
MY,Malaysia,Asia,South-Eastern Asia,14,Kuala Lumpur,Kuala Lumpur,3.1412,101.68653
MY,Malaysia,Asia,South-Eastern Asia,15,Labuan,Labuan,5.28028,115.2475
MY,Malaysia,Asia,South-Eastern Asia,04,Malacca,Alor Gajah,2.3804,102.2089
MY,Malaysia,Asia,South-Eastern Asia,04,Malacca,Batu Berendam,2.2487,102.246
MY,Malaysia,Asia,South-Eastern Asia,04,Malacca,Bemban,2.2684,102.3746
MY,Malaysia,Asia,South-Eastern Asia,04,Malacca,Bukit Rambai,2.2594,102.1838
MY,Malaysia,Asia,South-Eastern Asia,04,Malacca,Kampong Masjid Tanah,2.35,102.11667
MY,Malaysia,Asia,South-Eastern Asia,04,Malacca,Kampung Ayer Keroh,2.2654,102.2801
MY,Malaysia,Asia,South-Eastern Asia,04,Malacca,Kampung Ayer Molek,2.2139,102.3278
MY,Malaysia,Asia,South-Eastern Asia,04,Malacca,Kampung Bukit Baharu,2.2152,102.2851
MY,Malaysia,Asia,South-Eastern Asia,04,Malacca,Klebang Besar,2.2186,102.1995
MY,Malaysia,Asia,South-Eastern Asia,04,Malacca,Kuala Sungai Baru,2.3594,102.0353
MY,Malaysia,Asia,South-Eastern Asia,04,Malacca,Malacca,2.196,102.2405
MY,Malaysia,Asia,South-Eastern Asia,04,Malacca,Pulau Sebang,2.455,102.2329
MY,Malaysia,Asia,South-Eastern Asia,04,Malacca,Sungai Udang,2.269,102.1427
MY,Malaysia,Asia,South-Eastern Asia,05,Negeri Sembilan,Bahau,2.8079,102.4049
MY,Malaysia,Asia,South-Eastern Asia,05,Negeri Sembilan,Kampung Baharu Nilai,2.8033,101.7972
MY,Malaysia,Asia,South-Eastern Asia,05,Negeri Sembilan,Kuala Pilah,2.7389,102.2487
MY,Malaysia,Asia,South-Eastern Asia,05,Negeri Sembilan,Port Dickson,2.53718,101.80571
MY,Malaysia,Asia,South-Eastern Asia,05,Negeri Sembilan,Seremban,2.7297,101.9381
MY,Malaysia,Asia,South-Eastern Asia,05,Negeri Sembilan,Tampin,2.4701,102.2302
MY,Malaysia,Asia,South-Eastern Asia,06,Pahang,Bentong Town,3.52229,101.90866
MY,Malaysia,Asia,South-Eastern Asia,06,Pahang,Jerantut,3.936,102.3626
MY,Malaysia,Asia,South-Eastern Asia,06,Pahang,Kampung Bukit Tinggi Bentong,3.34944,101.82631
MY,Malaysia,Asia,South-Eastern Asia,06,Pahang,Kampung Tekek,2.8147,104.1592
MY,Malaysia,Asia,South-Eastern Asia,06,Pahang,Kuala Lipis,4.1842,102.0468
MY,Malaysia,Asia,South-Eastern Asia,06,Pahang,Kuantan,3.8077,103.326
MY,Malaysia,Asia,South-Eastern Asia,06,Pahang,Mentekab,3.4854,102.3484
MY,Malaysia,Asia,South-Eastern Asia,06,Pahang,Pekan,3.4836,103.3996
MY,Malaysia,Asia,South-Eastern Asia,06,Pahang,Raub,3.7899,101.857
MY,Malaysia,Asia,South-Eastern Asia,06,Pahang,Tanah Rata,4.46361,101.3763
MY,Malaysia,Asia,South-Eastern Asia,06,Pahang,Temerluh,3.4506,102.4176
MY,Malaysia,Asia,South-Eastern Asia,07,Penang,Batu Feringgi,5.4709,100.24529
MY,Malaysia,Asia,South-Eastern Asia,07,Penang,Bukit Mertajam,5.36301,100.4667
MY,Malaysia,Asia,South-Eastern Asia,07,Penang,Butterworth,5.3991,100.36382
MY,Malaysia,Asia,South-Eastern Asia,07,Penang,George Town,5.41123,100.33543
MY,Malaysia,Asia,South-Eastern Asia,07,Penang,Juru,5.31201,100.44229
MY,Malaysia,Asia,South-Eastern Asia,07,Penang,Kampung Batu Feringgi,5.46948,100.24449
MY,Malaysia,Asia,South-Eastern Asia,07,Penang,Kampung Sungai Ara,5.32699,100.27348
MY,Malaysia,Asia,South-Eastern Asia,07,Penang,Kepala Batas,5.51707,100.4265
MY,Malaysia,Asia,South-Eastern Asia,07,Penang,Nibong Tebal,5.16586,100.47793
MY,Malaysia,Asia,South-Eastern Asia,07,Penang,Perai,5.38333,100.38333
MY,Malaysia,Asia,South-Eastern Asia,07,Penang,Permatang Kuching,5.46339,100.38144
MY,Malaysia,Asia,South-Eastern Asia,07,Penang,Seberang Perai,5.3877,100.42603
MY,Malaysia,Asia,South-Eastern Asia,07,Penang,Tanjung Tokong,5.46061,100.30742
MY,Malaysia,Asia,South-Eastern Asia,07,Penang,Tasek Glugor,5.48032,100.49849
MY,Malaysia,Asia,South-Eastern Asia,07,Penang,Telaga Batu,5.46667,100.23333
MY,Malaysia,Asia,South-Eastern Asia,08,Perak,Bagan Serai,5.0108,100.54101
MY,Malaysia,Asia,South-Eastern Asia,08,Perak,Batu Gajah,4.46916,101.04107
MY,Malaysia,Asia,South-Eastern Asia,08,Perak,Bidur,4.11667,101.28333
MY,Malaysia,Asia,South-Eastern Asia,08,Perak,Ipoh,4.5841,101.0829
MY,Malaysia,Asia,South-Eastern Asia,08,Perak,Kampar,4.3,101.15
MY,Malaysia,Asia,South-Eastern Asia,08,Perak,Kampong Dungun,3.21667,101.31667
MY,Malaysia,Asia,South-Eastern Asia,08,Perak,Kuala Kangsar,4.76667,100.93333
MY,Malaysia,Asia,South-Eastern Asia,08,Perak,Lumut,4.2323,100.6298
MY,Malaysia,Asia,South-Eastern Asia,08,Perak,Pantai Remis,4.4557,100.6288
MY,Malaysia,Asia,South-Eastern Asia,08,Perak,Parit Buntar,5.12671,100.49316
MY,Malaysia,Asia,South-Eastern Asia,08,Perak,Simpang Empat,4.95,100.63333
MY,Malaysia,Asia,South-Eastern Asia,08,Perak,Taiping,4.85,100.73333
MY,Malaysia,Asia,South-Eastern Asia,08,Perak,Tapah Road,4.16667,101.2
MY,Malaysia,Asia,South-Eastern Asia,08,Perak,Teluk Intan,4.02219,101.02083
MY,Malaysia,Asia,South-Eastern Asia,09,Perlis,Kangar,6.4414,100.19862
MY,Malaysia,Asia,South-Eastern Asia,09,Perlis,Kuala Perlis,6.4,100.13333
MY,Malaysia,Asia,South-Eastern Asia,09,Perlis,Pantai Cenang,6.29369,99.72786
MY,Malaysia,Asia,South-Eastern Asia,16,Putrajaya,Putrajaya,2.93527,101.69112
MY,Malaysia,Asia,South-Eastern Asia,12,Sabah,Bandar Labuan,5.28883,115.26924
MY,Malaysia,Asia,South-Eastern Asia,12,Sabah,Beaufort,5.3473,115.7455
MY,Malaysia,Asia,South-Eastern Asia,12,Sabah,Donggongon,5.90702,116.10146
MY,Malaysia,Asia,South-Eastern Asia,12,Sabah,Keningau,5.3378,116.1602
MY,Malaysia,Asia,South-Eastern Asia,12,Sabah,Kinarut,5.8231,116.0466
MY,Malaysia,Asia,South-Eastern Asia,12,Sabah,Kota Belud,6.351,116.4305
MY,Malaysia,Asia,South-Eastern Asia,12,Sabah,Kota Kinabalu,5.9749,116.0724
MY,Malaysia,Asia,South-Eastern Asia,12,Sabah,Kudat,6.88732,116.82364
MY,Malaysia,Asia,South-Eastern Asia,12,Sabah,Lahad Datu,5.02298,118.32897
MY,Malaysia,Asia,South-Eastern Asia,12,Sabah,Papar,5.73333,115.93333
MY,Malaysia,Asia,South-Eastern Asia,12,Sabah,Putatan,5.9258,116.06094
MY,Malaysia,Asia,South-Eastern Asia,12,Sabah,Ranau,5.9538,116.6641
MY,Malaysia,Asia,South-Eastern Asia,12,Sabah,Sandakan,5.8402,118.1179
MY,Malaysia,Asia,South-Eastern Asia,12,Sabah,Semporna,4.48178,118.61119
MY,Malaysia,Asia,South-Eastern Asia,12,Sabah,Taman Rajawali,5.89477,118.04576
MY,Malaysia,Asia,South-Eastern Asia,12,Sabah,Tawau,4.24482,117.89115
MY,Malaysia,Asia,South-Eastern Asia,13,Sarawak,Bintulu,3.16667,113.03333
MY,Malaysia,Asia,South-Eastern Asia,13,Sarawak,Data Kakus,2.65465,113.62249
MY,Malaysia,Asia,South-Eastern Asia,13,Sarawak,Kapit,1.99546,112.93254
MY,Malaysia,Asia,South-Eastern Asia,13,Sarawak,Kuching,1.55,110.33333
MY,Malaysia,Asia,South-Eastern Asia,13,Sarawak,Lawas,4.8604,115.409
MY,Malaysia,Asia,South-Eastern Asia,13,Sarawak,Lidung Jelo,2.64848,114.78653
MY,Malaysia,Asia,South-Eastern Asia,13,Sarawak,Limbang,4.75,115
MY,Malaysia,Asia,South-Eastern Asia,13,Sarawak,Long Ampan Aing or Abanang,2.65671,114.73675
MY,Malaysia,Asia,South-Eastern Asia,13,Sarawak,Marudi,4.18333,114.31667
MY,Malaysia,Asia,South-Eastern Asia,13,Sarawak,Miri,4.39928,113.99163
MY,Malaysia,Asia,South-Eastern Asia,13,Sarawak,Mukah,2.89435,112.09145
MY,Malaysia,Asia,South-Eastern Asia,13,Sarawak,Sarikei,2.11667,111.51667
MY,Malaysia,Asia,South-Eastern Asia,13,Sarawak,Sibu,2.3,111.81667
MY,Malaysia,Asia,South-Eastern Asia,13,Sarawak,Simanggang,1.24722,111.45278
MY,Malaysia,Asia,South-Eastern Asia,10,Selangor,Ampang,3.15,101.76667
MY,Malaysia,Asia,South-Eastern Asia,10,Selangor,Ampang Jaya,3.15,101.76667
MY,Malaysia,Asia,South-Eastern Asia,10,Selangor,Assam Jawa,3.05,101.65
MY,Malaysia,Asia,South-Eastern Asia,10,Selangor,Bagan Pulau Ketam,3.01667,101.26667
MY,Malaysia,Asia,South-Eastern Asia,10,Selangor,Bandar Baru Selayang,3.269,101.65
MY,Malaysia,Asia,South-Eastern Asia,10,Selangor,Bandar Kundang,3.255,101.547
MY,Malaysia,Asia,South-Eastern Asia,10,Selangor,Bangi,2.98,101.784
MY,Malaysia,Asia,South-Eastern Asia,10,Selangor,Banting,2.8136,101.50185
MY,Malaysia,Asia,South-Eastern Asia,10,Selangor,Batang Berjuntai,3.38333,101.41667
MY,Malaysia,Asia,South-Eastern Asia,10,Selangor,Batang Kali,3.458701,101.659531
MY,Malaysia,Asia,South-Eastern Asia,10,Selangor,Batu Arang,3.31667,101.46667
MY,Malaysia,Asia,South-Eastern Asia,10,Selangor,Batu Caves,3.237884,101.684038
MY,Malaysia,Asia,South-Eastern Asia,10,Selangor,Beranang,2.984,101.819
MY,Malaysia,Asia,South-Eastern Asia,10,Selangor,Bestari Jaya,3.377953,101.406237
MY,Malaysia,Asia,South-Eastern Asia,10,Selangor,Broga,2.84,101.93
MY,Malaysia,Asia,South-Eastern Asia,10,Selangor,Bukit Rotan,3.45,101.25
MY,Malaysia,Asia,South-Eastern Asia,10,Selangor,Cyberjaya,2.92,101.65
MY,Malaysia,Asia,South-Eastern Asia,10,Selangor,Gombak,3.27425,101.570722
MY,Malaysia,Asia,South-Eastern Asia,10,Selangor,Jenjarom,2.83,101.23
MY,Malaysia,Asia,South-Eastern Asia,10,Selangor,Jenjarum,2.8724,101.49484
MY,Malaysia,Asia,South-Eastern Asia,10,Selangor,Kajang,2.9833,101.7878
MY,Malaysia,Asia,South-Eastern Asia,10,Selangor,Kampong Baharu Balakong,3.03333,101.75
MY,Malaysia,Asia,South-Eastern Asia,10,Selangor,Kampung Baru Subang,3.15,101.53333
MY,Malaysia,Asia,South-Eastern Asia,10,Selangor,Kampung Kuantan,3.345,101.25
MY,Malaysia,Asia,South-Eastern Asia,10,Selangor,Kampung Tanjung Karang,3.4242,101.1849
MY,Malaysia,Asia,South-Eastern Asia,10,Selangor,Kapar,3.1,101.42
MY,Malaysia,Asia,South-Eastern Asia,10,Selangor,Klang,3.03667,101.44333
MY,Malaysia,Asia,South-Eastern Asia,10,Selangor,Kuala Kubu Bharu,3.560932,101.658546
MY,Malaysia,Asia,South-Eastern Asia,10,Selangor,Kuala Selangor,3.35,101.25
MY,Malaysia,Asia,South-Eastern Asia,10,Selangor,Kuala Sungai Buloh,3.22,101.57
MY,Malaysia,Asia,South-Eastern Asia,10,Selangor,Kuang,3.2594,101.5541
MY,Malaysia,Asia,South-Eastern Asia,10,Selangor,Ladang Seri Kundang,3.2856,101.519
MY,Malaysia,Asia,South-Eastern Asia,10,Selangor,Lagong,3.15,101.4
MY,Malaysia,Asia,South-Eastern Asia,10,Selangor,Meru,3.08,101.45
MY,Malaysia,Asia,South-Eastern Asia,10,Selangor,Mutiara Damansara,3.18,101.62
MY,Malaysia,Asia,South-Eastern Asia,10,Selangor,Padang Jawa,3.03,101.58
MY,Malaysia,Asia,South-Eastern Asia,10,Selangor,Pandamaran,3.01,101.42
MY,Malaysia,Asia,South-Eastern Asia,10,Selangor,Paya Jaras,3.17,101.61
MY,Malaysia,Asia,South-Eastern Asia,10,Selangor,Pelabuhan Klang,2.99959,101.39287
MY,Malaysia,Asia,South-Eastern Asia,10,Selangor,Petaling Jaya,3.10726,101.60671
MY,Malaysia,Asia,South-Eastern Asia,10,Selangor,Port Klang,3.00507,101.40887
MY,Malaysia,Asia,South-Eastern Asia,10,Selangor,Puchong,3.0327,101.6188
MY,Malaysia,Asia,South-Eastern Asia,10,Selangor,Putra Heights,2.99361,101.57255
MY,Malaysia,Asia,South-Eastern Asia,10,Selangor,Rawang,3.3213,101.5767
MY,Malaysia,Asia,South-Eastern Asia,10,Selangor,Sabak,3.77,100.99
MY,Malaysia,Asia,South-Eastern Asia,10,Selangor,Salak Tinggi,2.77,101.7
MY,Malaysia,Asia,South-Eastern Asia,10,Selangor,Sekinchan,3.504,101.103
MY,Malaysia,Asia,South-Eastern Asia,10,Selangor,Selayang,3.25,101.65
MY,Malaysia,Asia,South-Eastern Asia,10,Selangor,Semenyih,2.9516,101.843
MY,Malaysia,Asia,South-Eastern Asia,10,Selangor,Sepang,2.7,101.7
MY,Malaysia,Asia,South-Eastern Asia,10,Selangor,Serendah,3.3646,101.6041
MY,Malaysia,Asia,South-Eastern Asia,10,Selangor,Seri Kembangan,3.037,101.695
MY,Malaysia,Asia,South-Eastern Asia,10,Selangor,Shah Alam,3.08507,101.53281
MY,Malaysia,Asia,South-Eastern Asia,10,Selangor,Subang Jaya,3.04384,101.58062
MY,Malaysia,Asia,South-Eastern Asia,10,Selangor,Sungai Air Tawar,3.68,101.14
MY,Malaysia,Asia,South-Eastern Asia,10,Selangor,Sungai Besar,3.6746,100.9867
MY,Malaysia,Asia,South-Eastern Asia,10,Selangor,Sungai Buaya,3.36,101.62
MY,Malaysia,Asia,South-Eastern Asia,10,Selangor,Sungai Burong,3.45,101.23
MY,Malaysia,Asia,South-Eastern Asia,10,Selangor,Sungai Choh,3.25,101.65
MY,Malaysia,Asia,South-Eastern Asia,10,Selangor,Sungai Pelek,2.65,101.7
MY,Malaysia,Asia,South-Eastern Asia,10,Selangor,Sungai Pelek New Village,2.65,101.7
MY,Malaysia,Asia,South-Eastern Asia,10,Selangor,Sungai Pelong,3.45,101.2
MY,Malaysia,Asia,South-Eastern Asia,10,Selangor,Sungai Tengi,3.28,101.47
MY,Malaysia,Asia,South-Eastern Asia,10,Selangor,Taman Melawati,3.27,101.74
MY,Malaysia,Asia,South-Eastern Asia,10,Selangor,Taman Tasik Semenyih,2.95,101.84
MY,Malaysia,Asia,South-Eastern Asia,10,Selangor,Tanjung Sepat,2.6579,101.5629
MY,Malaysia,Asia,South-Eastern Asia,10,Selangor,Teluk Datok,3,101.39
MY,Malaysia,Asia,South-Eastern Asia,10,Selangor,Ulu Yam,3.4,101.55
MY,Malaysia,Asia,South-Eastern Asia,11,Terengganu,Cukai,4.25,103.41667
MY,Malaysia,Asia,South-Eastern Asia,11,Terengganu,Jertih,5.7336,102.4897
MY,Malaysia,Asia,South-Eastern Asia,11,Terengganu,Kampung Kuala Besut,5.83297,102.55061
MY,Malaysia,Asia,South-Eastern Asia,11,Terengganu,Kertih,4.5141,103.4483
MY,Malaysia,Asia,South-Eastern Asia,11,Terengganu,Kuala Besut,5.83303,102.55514
MY,Malaysia,Asia,South-Eastern Asia,11,Terengganu,Kuala Terengganu,5.3302,103.1408
MY,Malaysia,Asia,South-Eastern Asia,11,Terengganu,Marang,5.2056,103.2059
MY,Malaysia,Asia,South-Eastern Asia,11,Terengganu,Paka,4.6374,103.4368
MM,Myanmar,Asia,South-Eastern Asia,07,Ayeyarwady,Bogale,16.29415,95.39742
MM,Myanmar,Asia,South-Eastern Asia,07,Ayeyarwady,Hinthada,17.64944,95.45705
MM,Myanmar,Asia,South-Eastern Asia,07,Ayeyarwady,Kyaiklat,16.44502,95.72373
MM,Myanmar,Asia,South-Eastern Asia,07,Ayeyarwady,Maubin,16.73148,95.65441
MM,Myanmar,Asia,South-Eastern Asia,07,Ayeyarwady,Mawlamyinegyunn,16.3772,95.26488
MM,Myanmar,Asia,South-Eastern Asia,07,Ayeyarwady,Myanaung,18.28651,95.32014
MM,Myanmar,Asia,South-Eastern Asia,07,Ayeyarwady,Nyaungdon,17.04459,95.63957
MM,Myanmar,Asia,South-Eastern Asia,07,Ayeyarwady,Pathein,16.77919,94.73212
MM,Myanmar,Asia,South-Eastern Asia,07,Ayeyarwady,Pyapon,16.28543,95.67882
MM,Myanmar,Asia,South-Eastern Asia,07,Ayeyarwady,Wakema,16.60333,95.18278
MM,Myanmar,Asia,South-Eastern Asia,02,Bago,Bago,17.33521,96.48135
MM,Myanmar,Asia,South-Eastern Asia,02,Bago,Letpandan,17.78664,95.75076
MM,Myanmar,Asia,South-Eastern Asia,02,Bago,Nyaunglebin,17.95363,96.72247
MM,Myanmar,Asia,South-Eastern Asia,02,Bago,Paungde,18.49167,95.50591
MM,Myanmar,Asia,South-Eastern Asia,02,Bago,Pyay,18.82464,95.22216
MM,Myanmar,Asia,South-Eastern Asia,02,Bago,Pyu,18.4813,96.43742
MM,Myanmar,Asia,South-Eastern Asia,02,Bago,Taungoo,18.94291,96.43408
MM,Myanmar,Asia,South-Eastern Asia,02,Bago,Thanatpin,17.29136,96.57523
MM,Myanmar,Asia,South-Eastern Asia,02,Bago,Tharyarwady,17.65399,95.78813
MM,Myanmar,Asia,South-Eastern Asia,14,Chin,Falam,22.91335,93.67779
MM,Myanmar,Asia,South-Eastern Asia,14,Chin,Hakha,22.64452,93.61076
MM,Myanmar,Asia,South-Eastern Asia,11,Kachin,Bhamo,24.25256,97.23357
MM,Myanmar,Asia,South-Eastern Asia,11,Kachin,Myitkyina,25.38327,97.39637
MM,Myanmar,Asia,South-Eastern Asia,12,Kayah,Loikaw,19.67798,97.20975
MM,Myanmar,Asia,South-Eastern Asia,13,Kayin,Dellok,16.04072,97.91773
MM,Myanmar,Asia,South-Eastern Asia,13,Kayin,Hpa-An,16.88953,97.63482
MM,Myanmar,Asia,South-Eastern Asia,13,Kayin,Klonhtoug,15.95411,98.4325
MM,Myanmar,Asia,South-Eastern Asia,13,Kayin,Kyain Seikgyi Township,15.82288,98.25257
MM,Myanmar,Asia,South-Eastern Asia,13,Kayin,Mikenaungea,15.95846,98.42721
MM,Myanmar,Asia,South-Eastern Asia,13,Kayin,Myawadi,16.68911,98.50893
MM,Myanmar,Asia,South-Eastern Asia,13,Kayin,Pulei,16.06243,97.8828
MM,Myanmar,Asia,South-Eastern Asia,13,Kayin,Tagondaing,16.0675,97.90694
MM,Myanmar,Asia,South-Eastern Asia,13,Kayin,Tamoowoug,16.03447,97.91458
MM,Myanmar,Asia,South-Eastern Asia,03,Magway,Chauk,20.89921,94.81784
MM,Myanmar,Asia,South-Eastern Asia,03,Magway,Magway,20.14956,94.93246
MM,Myanmar,Asia,South-Eastern Asia,03,Magway,Minbu,20.18059,94.87595
MM,Myanmar,Asia,South-Eastern Asia,03,Magway,Myaydo,19.36838,95.21512
MM,Myanmar,Asia,South-Eastern Asia,03,Magway,Pakokku,21.33489,95.08438
MM,Myanmar,Asia,South-Eastern Asia,03,Magway,Taungdwingyi,20.0065,95.54531
MM,Myanmar,Asia,South-Eastern Asia,03,Magway,Thayetmyo,19.32076,95.18272
MM,Myanmar,Asia,South-Eastern Asia,03,Magway,Yenangyaung,20.46504,94.8712
MM,Myanmar,Asia,South-Eastern Asia,04,Mandalay,Kyaukse,21.6056,96.13508
MM,Myanmar,Asia,South-Eastern Asia,04,Mandalay,Mandalay,21.97473,96.08359
MM,Myanmar,Asia,South-Eastern Asia,04,Mandalay,Meiktila,20.87776,95.85844
MM,Myanmar,Asia,South-Eastern Asia,04,Mandalay,Mogok,22.91766,96.50982
MM,Myanmar,Asia,South-Eastern Asia,04,Mandalay,Myingyan,21.46002,95.3884
MM,Myanmar,Asia,South-Eastern Asia,04,Mandalay,Nyaungshwe,20.66084,96.93405
MM,Myanmar,Asia,South-Eastern Asia,04,Mandalay,Pyin Oo Lwin,22.03501,96.45683
MM,Myanmar,Asia,South-Eastern Asia,04,Mandalay,Yamethin,20.43189,96.13875
MM,Myanmar,Asia,South-Eastern Asia,15,Mon State,Kyaikkami,16.07686,97.56388
MM,Myanmar,Asia,South-Eastern Asia,15,Mon State,Kyaikto,17.30858,97.01124
MM,Myanmar,Asia,South-Eastern Asia,15,Mon State,Martaban,16.52834,97.6157
MM,Myanmar,Asia,South-Eastern Asia,15,Mon State,Mawlamyine,16.49051,97.62825
MM,Myanmar,Asia,South-Eastern Asia,15,Mon State,Mudon,16.25624,97.7246
MM,Myanmar,Asia,South-Eastern Asia,15,Mon State,Thaton,16.91867,97.37001
MM,Myanmar,Asia,South-Eastern Asia,18,Naypyidaw,Nay Pyi Taw,19.745,96.12972
MM,Myanmar,Asia,South-Eastern Asia,18,Naypyidaw,Pyinmana,19.7381,96.20742
MM,Myanmar,Asia,South-Eastern Asia,16,Rakhine,Sittwe,20.14624,92.89835
MM,Myanmar,Asia,South-Eastern Asia,01,Sagaing,Mawlaik,23.64254,94.40478
MM,Myanmar,Asia,South-Eastern Asia,01,Sagaing,Monywa,22.10856,95.13583
MM,Myanmar,Asia,South-Eastern Asia,01,Sagaing,Sagaing,21.8787,95.97965
MM,Myanmar,Asia,South-Eastern Asia,01,Sagaing,Shwebo,22.56925,95.69818
MM,Myanmar,Asia,South-Eastern Asia,17,Shan,Lashio,22.9359,97.7498
MM,Myanmar,Asia,South-Eastern Asia,17,Shan,Tachilek,20.4475,99.88083
MM,Myanmar,Asia,South-Eastern Asia,17,Shan,Taunggyi,20.78919,97.03776
MM,Myanmar,Asia,South-Eastern Asia,05,Tanintharyi,Dawei,14.0823,98.19151
MM,Myanmar,Asia,South-Eastern Asia,05,Tanintharyi,Kawthoung,9.98238,98.55034
MM,Myanmar,Asia,South-Eastern Asia,05,Tanintharyi,Myeik,12.43954,98.60028
MM,Myanmar,Asia,South-Eastern Asia,06,Yangon,Kanbe,16.70728,96.00168
MM,Myanmar,Asia,South-Eastern Asia,06,Yangon,Kayan,16.90802,96.56037
MM,Myanmar,Asia,South-Eastern Asia,06,Yangon,Syriam,16.76887,96.24503
MM,Myanmar,Asia,South-Eastern Asia,06,Yangon,Thongwa,16.75998,96.52498
MM,Myanmar,Asia,South-Eastern Asia,06,Yangon,Twante,16.71047,95.92866
MM,Myanmar,Asia,South-Eastern Asia,06,Yangon,Yangon,16.80528,96.15611
PH,Philippines,Asia,South-Eastern Asia,ABR,Abra,Alac,15.98777778,120.80638889
PH,Philippines,Asia,South-Eastern Asia,ABR,Abra,Allangigan Primero,17.17388889,120.49194444
PH,Philippines,Asia,South-Eastern Asia,ABR,Abra,Aloleng,16.13083333,119.7825
PH,Philippines,Asia,South-Eastern Asia,ABR,Abra,Amagbagan,16.09138889,120.52333333
PH,Philippines,Asia,South-Eastern Asia,ABR,Abra,Anambongan,15.86638889,120.38861111
PH,Philippines,Asia,South-Eastern Asia,ABR,Abra,Angatel,15.80583333,120.34333333
PH,Philippines,Asia,South-Eastern Asia,ABR,Abra,Anulid,15.82555556,120.48833333
PH,Philippines,Asia,South-Eastern Asia,ABR,Abra,Baay,18.11888889,120.57527778
PH,Philippines,Asia,South-Eastern Asia,ABR,Abra,Bacag,15.93,120.58222222
PH,Philippines,Asia,South-Eastern Asia,ABR,Abra,Bacnar,15.88638889,120.34416667
PH,Philippines,Asia,South-Eastern Asia,ABR,Abra,Bactad Proper,15.97833333,120.61027778
PH,Philippines,Asia,South-Eastern Asia,ABR,Abra,Bacundao Weste,15.91527778,120.47666667
PH,Philippines,Asia,South-Eastern Asia,ABR,Abra,Bail,16.28666667,120.40027778
PH,Philippines,Asia,South-Eastern Asia,ABR,Abra,Balingasay,16.35722222,119.85638889
PH,Philippines,Asia,South-Eastern Asia,ABR,Abra,Balingueo,15.95833333,120.40972222
PH,Philippines,Asia,South-Eastern Asia,ABR,Abra,Balogo,15.99027778,120.28305556
PH,Philippines,Asia,South-Eastern Asia,ABR,Abra,Baluyot,15.79583333,120.46083333
PH,Philippines,Asia,South-Eastern Asia,ABR,Abra,Bangan-Oda,16.10861111,119.83083333
PH,Philippines,Asia,South-Eastern Asia,ABR,Abra,Banog Sur,16.16555556,119.89805556
PH,Philippines,Asia,South-Eastern Asia,ABR,Abra,Bantog,16.00916667,120.69277778
PH,Philippines,Asia,South-Eastern Asia,ABR,Abra,Barangobong,15.87777778,120.54833333
PH,Philippines,Asia,South-Eastern Asia,ABR,Abra,Baro,15.99888889,120.67361111
PH,Philippines,Asia,South-Eastern Asia,ABR,Abra,Barong,18.0575,120.73388889
PH,Philippines,Asia,South-Eastern Asia,ABR,Abra,Basing,15.985,120.26833333
PH,Philippines,Asia,South-Eastern Asia,ABR,Abra,Bataquil,16.15527778,120.5275
PH,Philippines,Asia,South-Eastern Asia,ABR,Abra,Bayaoas,15.83416667,120.26472222
PH,Philippines,Asia,South-Eastern Asia,ABR,Abra,Bical Norte,15.81472222,120.435
PH,Philippines,Asia,South-Eastern Asia,ABR,Abra,Bil-Loca,18.0875,120.56861111
PH,Philippines,Asia,South-Eastern Asia,ABR,Abra,Binabalian,16.42027778,119.92777778
PH,Philippines,Asia,South-Eastern Asia,ABR,Abra,Binday,16.12805556,120.4525
PH,Philippines,Asia,South-Eastern Asia,ABR,Abra,Bobonan,16.13472222,120.52722222
PH,Philippines,Asia,South-Eastern Asia,ABR,Abra,Bogtong,15.75527778,120.32888889
PH,Philippines,Asia,South-Eastern Asia,ABR,Abra,Bolaoit,15.93222222,120.43083333
PH,Philippines,Asia,South-Eastern Asia,ABR,Abra,Bolingit,15.95861111,120.34972222
PH,Philippines,Asia,South-Eastern Asia,ABR,Abra,Bolo,15.99472222,120.16472222
PH,Philippines,Asia,South-Eastern Asia,ABR,Abra,Boñgalon,16.00027778,120.15916667
PH,Philippines,Asia,South-Eastern Asia,ABR,Abra,Botao,15.91666667,120.41666667
PH,Philippines,Asia,South-Eastern Asia,ABR,Abra,Bued,16.16083333,119.99888889
PH,Philippines,Asia,South-Eastern Asia,ABR,Abra,Buenlag,15.82972222,120.51138889
PH,Philippines,Asia,South-Eastern Asia,ABR,Abra,Bulog,15.96027778,120.40166667
PH,Philippines,Asia,South-Eastern Asia,ABR,Abra,Butubut Norte,16.80333333,120.43444444
PH,Philippines,Asia,South-Eastern Asia,ABR,Abra,Caabiangan,16.0875,119.92444444
PH,Philippines,Asia,South-Eastern Asia,ABR,Abra,Cabalaoangan,15.98333333,120.78333333
PH,Philippines,Asia,South-Eastern Asia,ABR,Abra,Cabalitian,16.08833333,120.79222222
PH,Philippines,Asia,South-Eastern Asia,ABR,Abra,Cabittaogan,17.57777778,120.35916667
PH,Philippines,Asia,South-Eastern Asia,ABR,Abra,Cabugao,17.8,120.45
PH,Philippines,Asia,South-Eastern Asia,ABR,Abra,Cabungan,16.34,119.995
PH,Philippines,Asia,South-Eastern Asia,ABR,Abra,Calepaan,16.01944444,120.61888889
PH,Philippines,Asia,South-Eastern Asia,ABR,Abra,Callaguip,18.07138889,120.48666667
PH,Philippines,Asia,South-Eastern Asia,ABR,Abra,Calomboyan,15.94638889,120.30361111
PH,Philippines,Asia,South-Eastern Asia,ABR,Abra,Calongbuyan,17.16472222,120.42722222
PH,Philippines,Asia,South-Eastern Asia,ABR,Abra,Calsib,15.84722222,120.26416667
PH,Philippines,Asia,South-Eastern Asia,ABR,Abra,Camaley,15.99722222,120.30111111
PH,Philippines,Asia,South-Eastern Asia,ABR,Abra,Canan Norte,15.90972222,120.4775
PH,Philippines,Asia,South-Eastern Asia,ABR,Abra,Canaoalan,16.02888889,120.29638889
PH,Philippines,Asia,South-Eastern Asia,ABR,Abra,Cantoria,16.84416667,120.40444444
PH,Philippines,Asia,South-Eastern Asia,ABR,Abra,Capandanan,15.95944444,120.69527778
PH,Philippines,Asia,South-Eastern Asia,ABR,Abra,Capulaan,15.905,120.53722222
PH,Philippines,Asia,South-Eastern Asia,ABR,Abra,Caramutan,15.92083333,120.61
PH,Philippines,Asia,South-Eastern Asia,ABR,Abra,Caronoan West,16.26333333,120.44638889
PH,Philippines,Asia,South-Eastern Asia,ABR,Abra,Carot,16.34472222,119.98
PH,Philippines,Asia,South-Eastern Asia,ABR,Abra,Carriedo,16.03111111,120.755
PH,Philippines,Asia,South-Eastern Asia,ABR,Abra,Carusucan,15.96583333,120.63611111
PH,Philippines,Asia,South-Eastern Asia,ABR,Abra,Caterman,17.2175,120.42444444
PH,Philippines,Asia,South-Eastern Asia,ABR,Abra,Cato,15.83611111,119.915
PH,Philippines,Asia,South-Eastern Asia,ABR,Abra,Catuday,16.29222222,119.80611111
PH,Philippines,Asia,South-Eastern Asia,ABR,Abra,Cayanga,16.115,120.39888889
PH,Philippines,Asia,South-Eastern Asia,ABR,Abra,Cayungnan,16.13333333,119.8375
PH,Philippines,Asia,South-Eastern Asia,ABR,Abra,City of Batac,18.0373,120.58175
PH,Philippines,Asia,South-Eastern Asia,ABR,Abra,City of Candon,17.2,120.45
PH,Philippines,Asia,South-Eastern Asia,ABR,Abra,City of Urdaneta,15.97944,120.59101
PH,Philippines,Asia,South-Eastern Asia,ABR,Abra,City of Vigan,17.56275,120.39071
PH,Philippines,Asia,South-Eastern Asia,ABR,Abra,Comillas Norte,16.95888889,120.74694444
PH,Philippines,Asia,South-Eastern Asia,ABR,Abra,Corrooy,16.79611111,120.44527778
PH,Philippines,Asia,South-Eastern Asia,ABR,Abra,Dagup,16.63722222,120.44555556
PH,Philippines,Asia,South-Eastern Asia,ABR,Abra,Damortis,16.24055556,120.40555556
PH,Philippines,Asia,South-Eastern Asia,ABR,Abra,Darapidap,17.2,120.41805556
PH,Philippines,Asia,South-Eastern Asia,ABR,Abra,Davila,18.4725,120.57638889
PH,Philippines,Asia,South-Eastern Asia,ABR,Abra,Diaz,15.84638889,120.83472222
PH,Philippines,Asia,South-Eastern Asia,ABR,Abra,Dilan,16.08777778,120.52083333
PH,Philippines,Asia,South-Eastern Asia,ABR,Abra,Domalanoan,16.00305556,120.21166667
PH,Philippines,Asia,South-Eastern Asia,ABR,Abra,Don Pedro,15.88527778,120.43027778
PH,Philippines,Asia,South-Eastern Asia,ABR,Abra,Dorongan Punta,15.81472222,120.32277778
PH,Philippines,Asia,South-Eastern Asia,ABR,Abra,Doyong,15.97222222,120.35388889
PH,Philippines,Asia,South-Eastern Asia,ABR,Abra,Dulig,16.00222222,120.16861111
PH,Philippines,Asia,South-Eastern Asia,ABR,Abra,Dumpay,15.88305556,120.38888889
PH,Philippines,Asia,South-Eastern Asia,ABR,Abra,Eguia,15.90638889,119.88583333
PH,Philippines,Asia,South-Eastern Asia,ABR,Abra,Esmeralda,15.86722222,120.715
PH,Philippines,Asia,South-Eastern Asia,ABR,Abra,Fuerte,17.53416667,120.36944444
PH,Philippines,Asia,South-Eastern Asia,ABR,Abra,Gayaman,16.01388889,120.3075
PH,Philippines,Asia,South-Eastern Asia,ABR,Abra,Guiling,15.84305556,120.615
PH,Philippines,Asia,South-Eastern Asia,ABR,Abra,Guiset East,16.06666667,120.68333333
PH,Philippines,Asia,South-Eastern Asia,ABR,Abra,Hacienda,15.93611111,120.17861111
PH,Philippines,Asia,South-Eastern Asia,ABR,Abra,Halog West,16.36666667,120.41472222
PH,Philippines,Asia,South-Eastern Asia,ABR,Abra,Ilioilio,15.96166667,119.76583333
PH,Philippines,Asia,South-Eastern Asia,ABR,Abra,Inabaan Sur,16.26305556,120.47805556
PH,Philippines,Asia,South-Eastern Asia,ABR,Abra,Isla,15.895,120.30138889
PH,Philippines,Asia,South-Eastern Asia,ABR,Abra,Labayug,16.15277778,120.56611111
PH,Philippines,Asia,South-Eastern Asia,ABR,Abra,Labney,16.10277778,120.46555556
PH,Philippines,Asia,South-Eastern Asia,ABR,Abra,Lagasit,15.99333333,120.79388889
PH,Philippines,Asia,South-Eastern Asia,ABR,Abra,Laguit Centro,15.94722222,120.19027778
PH,Philippines,Asia,South-Eastern Asia,ABR,Abra,Leones East,16.36333333,120.39194444
PH,Philippines,Asia,South-Eastern Asia,ABR,Abra,Lepa,15.88444444,120.45083333
PH,Philippines,Asia,South-Eastern Asia,ABR,Abra,Libas,15.87777778,120.31638889
PH,Philippines,Asia,South-Eastern Asia,ABR,Abra,Linmansangan,15.82972222,120.29583333
PH,Philippines,Asia,South-Eastern Asia,ABR,Abra,Lloren,16.33305556,120.43277778
PH,Philippines,Asia,South-Eastern Asia,ABR,Abra,Lobong,16.08138889,120.47027778
PH,Philippines,Asia,South-Eastern Asia,ABR,Abra,Longos,16.10722222,120.39666667
PH,Philippines,Asia,South-Eastern Asia,ABR,Abra,Loqueb Este,15.94472222,120.44611111
PH,Philippines,Asia,South-Eastern Asia,ABR,Abra,Lucap,16.19027778,120.00222222
PH,Philippines,Asia,South-Eastern Asia,ABR,Abra,Lucero,16.405,119.9125
PH,Philippines,Asia,South-Eastern Asia,ABR,Abra,Luna,16.85,120.38333333
PH,Philippines,Asia,South-Eastern Asia,ABR,Abra,Lunec,15.95388889,120.48944444
PH,Philippines,Asia,South-Eastern Asia,ABR,Abra,Lungog,17.46444444,120.47833333
PH,Philippines,Asia,South-Eastern Asia,ABR,Abra,Lusong,16.86694444,120.44194444
PH,Philippines,Asia,South-Eastern Asia,ABR,Abra,Mabilao,16.15361111,120.425
PH,Philippines,Asia,South-Eastern Asia,ABR,Abra,Mabilbila Sur,17.50722222,120.44111111
PH,Philippines,Asia,South-Eastern Asia,ABR,Abra,Mabusag,17.92611111,120.4975
PH,Philippines,Asia,South-Eastern Asia,ABR,Abra,Macabuboni,16.19083333,119.78027778
PH,Philippines,Asia,South-Eastern Asia,ABR,Abra,Macalong,16.01361111,120.65861111
PH,Philippines,Asia,South-Eastern Asia,ABR,Abra,Macalva Norte,16.34861111,120.38666667
PH,Philippines,Asia,South-Eastern Asia,ABR,Abra,Macayug,16.09388889,120.43194444
PH,Philippines,Asia,South-Eastern Asia,ABR,Abra,Magtaking,15.98527778,120.18333333
PH,Philippines,Asia,South-Eastern Asia,ABR,Abra,Malabago,15.98166667,120.35916667
PH,Philippines,Asia,South-Eastern Asia,ABR,Abra,Malanay,16.00861111,120.40944444
PH,Philippines,Asia,South-Eastern Asia,ABR,Abra,Malawa,15.95805556,120.27777778
PH,Philippines,Asia,South-Eastern Asia,ABR,Abra,Malibong East,15.84666667,120.32694444
PH,Philippines,Asia,South-Eastern Asia,ABR,Abra,Mapolopolo,15.88083333,120.37416667
PH,Philippines,Asia,South-Eastern Asia,ABR,Abra,Maticmatic,15.98638889,120.45194444
PH,Philippines,Asia,South-Eastern Asia,ABR,Abra,Minien East,15.97722222,120.48138889
PH,Philippines,Asia,South-Eastern Asia,ABR,Abra,Nagbacalan,18.11583333,120.52361111
PH,Philippines,Asia,South-Eastern Asia,ABR,Abra,Nagsaing,15.98055556,120.33777778
PH,Philippines,Asia,South-Eastern Asia,ABR,Abra,Naguelguel,16.00583333,120.26361111
PH,Philippines,Asia,South-Eastern Asia,ABR,Abra,Naguilayan,16.00305556,120.29111111
PH,Philippines,Asia,South-Eastern Asia,ABR,Abra,Naguilian,16.53333333,120.4
PH,Philippines,Asia,South-Eastern Asia,ABR,Abra,Nalsian Norte,15.84472222,120.45083333
PH,Philippines,Asia,South-Eastern Asia,ABR,Abra,Nama,16.14111111,120.5425
PH,Philippines,Asia,South-Eastern Asia,ABR,Abra,Namboongan,16.30333333,120.37583333
PH,Philippines,Asia,South-Eastern Asia,ABR,Abra,Nancalobasaan,15.93416667,120.8425
PH,Philippines,Asia,South-Eastern Asia,ABR,Abra,Navatat,15.84972222,120.39055556
PH,Philippines,Asia,South-Eastern Asia,ABR,Abra,Nibaliw Central,16.1275,120.40277778
PH,Philippines,Asia,South-Eastern Asia,ABR,Abra,Nilombot,16.03055556,120.43694444
PH,Philippines,Asia,South-Eastern Asia,ABR,Abra,Ninoy,15.85972222,120.24777778
PH,Philippines,Asia,South-Eastern Asia,ABR,Abra,Oaqui,16.85833333,120.4125
PH,Philippines,Asia,South-Eastern Asia,ABR,Abra,Olea,15.8625,120.49361111
PH,Philippines,Asia,South-Eastern Asia,ABR,Abra,Padong,18.05444444,120.75416667
PH,Philippines,Asia,South-Eastern Asia,ABR,Abra,Pagsanahan Norte,17.91916667,120.44583333
PH,Philippines,Asia,South-Eastern Asia,ABR,Abra,Paitan Este,16.08527778,120.03166667
PH,Philippines,Asia,South-Eastern Asia,ABR,Abra,Palacpalac,16.13111111,120.53055556
PH,Philippines,Asia,South-Eastern Asia,ABR,Abra,Palguyod,16.12277778,120.52
PH,Philippines,Asia,South-Eastern Asia,ABR,Abra,Pangapisan,16.21611111,119.95694444
PH,Philippines,Asia,South-Eastern Asia,ABR,Abra,Pangascasan,16.11694444,120.08666667
PH,Philippines,Asia,South-Eastern Asia,ABR,Abra,Pangpang,15.93888889,120.30944444
PH,Philippines,Asia,South-Eastern Asia,ABR,Abra,Paringao,16.57166667,120.32416667
PH,Philippines,Asia,South-Eastern Asia,ABR,Abra,Parioc Segundo,17.175,120.46583333
PH,Philippines,Asia,South-Eastern Asia,ABR,Abra,Pasibi West,15.85861111,120.37944444
PH,Philippines,Asia,South-Eastern Asia,ABR,Abra,Patayac,15.96305556,120.4225
PH,Philippines,Asia,South-Eastern Asia,ABR,Abra,Patpata Segundo,17.18333333,120.43333333
PH,Philippines,Asia,South-Eastern Asia,ABR,Abra,Payocpoc Sur,16.49444444,120.32805556
PH,Philippines,Asia,South-Eastern Asia,ABR,Abra,Pindangan Centro,15.86055556,120.55138889
PH,Philippines,Asia,South-Eastern Asia,ABR,Abra,Pogonsili,15.82055556,120.26027778
PH,Philippines,Asia,South-Eastern Asia,ABR,Abra,Polo,16.19638889,119.94916667
PH,Philippines,Asia,South-Eastern Asia,ABR,Abra,Polong,15.97722222,120.20083333
PH,Philippines,Asia,South-Eastern Asia,ABR,Abra,Polong Norte,15.90305556,120.42138889
PH,Philippines,Asia,South-Eastern Asia,ABR,Abra,Pudoc,16.92138889,120.42361111
PH,Philippines,Asia,South-Eastern Asia,ABR,Abra,Pudoc North,17.60972222,120.36861111
PH,Philippines,Asia,South-Eastern Asia,ABR,Abra,Puelay,15.88694444,120.57361111
PH,Philippines,Asia,South-Eastern Asia,ABR,Abra,Puro Pinget,17.67972222,120.35888889
PH,Philippines,Asia,South-Eastern Asia,ABR,Abra,Quiling,18.06833333,120.54388889
PH,Philippines,Asia,South-Eastern Asia,ABR,Abra,Quinarayan,17.44416667,120.47222222
PH,Philippines,Asia,South-Eastern Asia,ABR,Abra,Quintong,15.95583333,120.32166667
PH,Philippines,Asia,South-Eastern Asia,ABR,Abra,Ranao,16.2075,119.81555556
PH,Philippines,Asia,South-Eastern Asia,ABR,Abra,Rimus,16.87638889,120.39666667
PH,Philippines,Asia,South-Eastern Asia,ABR,Abra,Rissing,16.87527778,120.43444444
PH,Philippines,Asia,South-Eastern Asia,ABR,Abra,Sablig,16.26888889,119.98777778
PH,Philippines,Asia,South-Eastern Asia,ABR,Abra,Sagud-Bahley,16.11694444,120.39111111
PH,Philippines,Asia,South-Eastern Asia,ABR,Abra,Sagunto,16.20083333,120.515
PH,Philippines,Asia,South-Eastern Asia,ABR,Abra,Samon,15.935,120.65083333
PH,Philippines,Asia,South-Eastern Asia,ABR,Abra,San Eugenio,16.35972222,120.35694444
PH,Philippines,Asia,South-Eastern Asia,ABR,Abra,San Fernando Poblacion,16.61591,120.31663
PH,Philippines,Asia,South-Eastern Asia,ABR,Abra,San Gabriel First,15.76638889,120.45666667
PH,Philippines,Asia,South-Eastern Asia,ABR,Abra,San Juan,16.66861,120.34139
PH,Philippines,Asia,South-Eastern Asia,ABR,Abra,San Pedro Apartado,15.83694444,120.56527778
PH,Philippines,Asia,South-Eastern Asia,ABR,Abra,San Quintin,15.984444,120.815
PH,Philippines,Asia,South-Eastern Asia,ABR,Abra,Sanlibo,15.91666667,120.55
PH,Philippines,Asia,South-Eastern Asia,ABR,Abra,Santo Tomas,16.2798,120.3792
PH,Philippines,Asia,South-Eastern Asia,ABR,Abra,Sonquil,15.98805556,120.39055556
PH,Philippines,Asia,South-Eastern Asia,ABR,Abra,Subusub,16.22694444,120.495
PH,Philippines,Asia,South-Eastern Asia,ABR,Abra,Sumabnit,16.03027778,120.58333333
PH,Philippines,Asia,South-Eastern Asia,ABR,Abra,Suso,17.35944444,120.46111111
PH,Philippines,Asia,South-Eastern Asia,ABR,Abra,Tablac,17.21555556,120.45416667
PH,Philippines,Asia,South-Eastern Asia,ABR,Abra,Tabug,18.03416667,120.54888889
PH,Philippines,Asia,South-Eastern Asia,ABR,Abra,Talospatang,15.91694444,120.44138889
PH,Philippines,Asia,South-Eastern Asia,ABR,Abra,Taloy,15.92416667,120.39638889
PH,Philippines,Asia,South-Eastern Asia,ABR,Abra,Tamayo,15.8775,120.28444444
PH,Philippines,Asia,South-Eastern Asia,ABR,Abra,Tamorong,17.33333333,120.43333333
PH,Philippines,Asia,South-Eastern Asia,ABR,Abra,Tandoc,15.95916667,120.32916667
PH,Philippines,Asia,South-Eastern Asia,ABR,Abra,Tanolong,15.80416667,120.41416667
PH,Philippines,Asia,South-Eastern Asia,ABR,Abra,Tebag East,15.98111111,120.4675
PH,Philippines,Asia,South-Eastern Asia,ABR,Abra,Telbang,16.1725,120.06083333
PH,Philippines,Asia,South-Eastern Asia,ABR,Abra,Tiep,16.23833333,119.86083333
PH,Philippines,Asia,South-Eastern Asia,ABR,Abra,Toboy,16.02722222,120.63694444
PH,Philippines,Asia,South-Eastern Asia,ABR,Abra,Tobuan,16.05555556,120.11027778
PH,Philippines,Asia,South-Eastern Asia,ABR,Abra,Tococ East,15.825,120.42611111
PH,Philippines,Asia,South-Eastern Asia,ABR,Abra,Tombod,15.93166667,120.56722222
PH,Philippines,Asia,South-Eastern Asia,ABR,Abra,Tondol,16.31027778,120.01305556
PH,Philippines,Asia,South-Eastern Asia,ABR,Abra,Toritori,16.23833333,119.99555556
PH,Philippines,Asia,South-Eastern Asia,ABR,Abra,Umanday Centro,15.93805556,120.21527778
PH,Philippines,Asia,South-Eastern Asia,ABR,Abra,Unzad,15.91888889,120.53916667
PH,Philippines,Asia,South-Eastern Asia,ABR,Abra,Uyong,16.05,120.12083333
PH,Philippines,Asia,South-Eastern Asia,AGN,Agusan del Norte,Abut,17.35416667,121.60138889
PH,Philippines,Asia,South-Eastern Asia,AGN,Agusan del Norte,Accusilian,17.74777778,121.4625
PH,Philippines,Asia,South-Eastern Asia,AGN,Agusan del Norte,Afusing Centro,17.8525,121.62694444
PH,Philippines,Asia,South-Eastern Asia,AGN,Agusan del Norte,Alabug,17.7325,121.46777778
PH,Philippines,Asia,South-Eastern Asia,AGN,Agusan del Norte,Alannay,18.06111111,121.58611111
PH,Philippines,Asia,South-Eastern Asia,AGN,Agusan del Norte,Alicia,16.77868611,121.69718056
PH,Philippines,Asia,South-Eastern Asia,AGN,Agusan del Norte,Allacapan,18.22696667,121.55558333
PH,Philippines,Asia,South-Eastern Asia,AGN,Agusan del Norte,Almaguer North,16.34972222,121.0925
PH,Philippines,Asia,South-Eastern Asia,AGN,Agusan del Norte,Amulung,17.83865556,121.72348333
PH,Philippines,Asia,South-Eastern Asia,AGN,Agusan del Norte,Antagan Segunda,17.28277778,121.87138889
PH,Philippines,Asia,South-Eastern Asia,AGN,Agusan del Norte,Aparri,18.354975,121.64185
PH,Philippines,Asia,South-Eastern Asia,AGN,Agusan del Norte,Atulayan,17.66472222,121.69361111
PH,Philippines,Asia,South-Eastern Asia,AGN,Agusan del Norte,Awallan,17.92444444,121.91305556
PH,Philippines,Asia,South-Eastern Asia,AGN,Agusan del Norte,Bacnor East,17.03444444,121.70361111
PH,Philippines,Asia,South-Eastern Asia,AGN,Agusan del Norte,Baggabag B,16.50583333,121.19027778
PH,Philippines,Asia,South-Eastern Asia,AGN,Agusan del Norte,Baggao,17.88935278,121.87092222
PH,Philippines,Asia,South-Eastern Asia,AGN,Agusan del Norte,Bagong Tanza,16.98277778,121.61111111
PH,Philippines,Asia,South-Eastern Asia,AGN,Agusan del Norte,Bagu,18.42444444,121.35583333
PH,Philippines,Asia,South-Eastern Asia,AGN,Agusan del Norte,Ballesteros,18.4,121.51666667
PH,Philippines,Asia,South-Eastern Asia,AGN,Agusan del Norte,Bangad,17.49555556,121.77722222
PH,Philippines,Asia,South-Eastern Asia,AGN,Agusan del Norte,Banganan,16.31444444,121.05444444
PH,Philippines,Asia,South-Eastern Asia,AGN,Agusan del Norte,Banquero,17.02305556,121.77833333
PH,Philippines,Asia,South-Eastern Asia,AGN,Agusan del Norte,Barucboc Norte,17.25861111,121.60555556
PH,Philippines,Asia,South-Eastern Asia,AGN,Agusan del Norte,Basco,20.45,121.96666667
PH,Philippines,Asia,South-Eastern Asia,AGN,Agusan del Norte,Battung,17.7225,121.45916667
PH,Philippines,Asia,South-Eastern Asia,AGN,Agusan del Norte,Belance,16.18333333,121.25
PH,Philippines,Asia,South-Eastern Asia,AGN,Agusan del Norte,Binalan,18.3275,121.545
PH,Philippines,Asia,South-Eastern Asia,AGN,Agusan del Norte,Binguang,17.45888889,121.79527778
PH,Philippines,Asia,South-Eastern Asia,AGN,Agusan del Norte,Bintawan,16.57583333,121.18777778
PH,Philippines,Asia,South-Eastern Asia,AGN,Agusan del Norte,Bitag Grande,17.9025,121.85
PH,Philippines,Asia,South-Eastern Asia,AGN,Agusan del Norte,Bone South,16.24472222,120.99583333
PH,Philippines,Asia,South-Eastern Asia,AGN,Agusan del Norte,Buliwao,16.48333333,121.23333333
PH,Philippines,Asia,South-Eastern Asia,AGN,Agusan del Norte,Bulu,17.33333333,121.76666667
PH,Philippines,Asia,South-Eastern Asia,AGN,Agusan del Norte,Busilak,16.4775,121.12416667
PH,Philippines,Asia,South-Eastern Asia,AGN,Agusan del Norte,Cabannungan Second,17.125,121.85055556
PH,Philippines,Asia,South-Eastern Asia,AGN,Agusan del Norte,Cabaritan East,18.41777778,121.48861111
PH,Philippines,Asia,South-Eastern Asia,AGN,Agusan del Norte,Cabiraoan,18.32388889,122.08583333
PH,Philippines,Asia,South-Eastern Asia,AGN,Agusan del Norte,Calamagui East,17.48805556,121.76833333
PH,Philippines,Asia,South-Eastern Asia,AGN,Agusan del Norte,Calantac,17.90916667,121.72277778
PH,Philippines,Asia,South-Eastern Asia,AGN,Agusan del Norte,Calaoagan,18.04277778,121.72333333
PH,Philippines,Asia,South-Eastern Asia,AGN,Agusan del Norte,Calayan,19.26666667,121.48333333
PH,Philippines,Asia,South-Eastern Asia,AGN,Agusan del Norte,Calinaoan Malasin,17.35194444,121.74083333
PH,Philippines,Asia,South-Eastern Asia,AGN,Agusan del Norte,Calog Norte,18.36361111,121.38527778
PH,Philippines,Asia,South-Eastern Asia,AGN,Agusan del Norte,Camalaniugan,18.26666667,121.68333333
PH,Philippines,Asia,South-Eastern Asia,AGN,Agusan del Norte,Capissayan Sur,18.05083333,121.81777778
PH,Philippines,Asia,South-Eastern Asia,AGN,Agusan del Norte,Carig,17.65916667,121.74361111
PH,Philippines,Asia,South-Eastern Asia,AGN,Agusan del Norte,Casambalangan,18.37638889,122.1275
PH,Philippines,Asia,South-Eastern Asia,AGN,Agusan del Norte,Catayauan,18.16083333,121.65277778
PH,Philippines,Asia,South-Eastern Asia,AGN,Agusan del Norte,Cullalabo del Sur,17.10277778,121.70388889
PH,Philippines,Asia,South-Eastern Asia,AGN,Agusan del Norte,Dalaoig,17.94916667,121.71472222
PH,Philippines,Asia,South-Eastern Asia,AGN,Agusan del Norte,Daragutan,17,122.03333333
PH,Philippines,Asia,South-Eastern Asia,AGN,Agusan del Norte,Dassun,17.74527778,121.71138889
PH,Philippines,Asia,South-Eastern Asia,AGN,Agusan del Norte,Diamantina,16.91805556,121.62666667
PH,Philippines,Asia,South-Eastern Asia,AGN,Agusan del Norte,Dibuluan,16.51916667,121.76472222
PH,Philippines,Asia,South-Eastern Asia,AGN,Agusan del Norte,Dicabisagan,17.08194444,122.41583333
PH,Philippines,Asia,South-Eastern Asia,AGN,Agusan del Norte,Dicamay,16.75611111,122.00361111
PH,Philippines,Asia,South-Eastern Asia,AGN,Agusan del Norte,Dinapigui,16.66667,122.23333
PH,Philippines,Asia,South-Eastern Asia,AGN,Agusan del Norte,Divilican,17.24194,122.31548
PH,Philippines,Asia,South-Eastern Asia,AGN,Agusan del Norte,Divisoria,17.52277778,121.77416667
PH,Philippines,Asia,South-Eastern Asia,AGN,Agusan del Norte,Dodan,17.64111111,121.79444444
PH,Philippines,Asia,South-Eastern Asia,AGN,Agusan del Norte,Dumabato,16.31666667,121.7
PH,Philippines,Asia,South-Eastern Asia,AGN,Agusan del Norte,Echague (town),16.705,121.67638889
PH,Philippines,Asia,South-Eastern Asia,AGN,Agusan del Norte,Eden,17.03805556,121.59805556
PH,Philippines,Asia,South-Eastern Asia,AGN,Agusan del Norte,Enrile,17.55,121.7
PH,Philippines,Asia,South-Eastern Asia,AGN,Agusan del Norte,Esperanza East,17.02333333,121.68388889
PH,Philippines,Asia,South-Eastern Asia,AGN,Agusan del Norte,Estefania,17.79944444,121.72305556
PH,Philippines,Asia,South-Eastern Asia,AGN,Agusan del Norte,Furao,17.03472222,121.79694444
PH,Philippines,Asia,South-Eastern Asia,AGN,Agusan del Norte,Gadu,17.62916667,121.61055556
PH,Philippines,Asia,South-Eastern Asia,AGN,Agusan del Norte,Gammad,17.71027778,121.74361111
PH,Philippines,Asia,South-Eastern Asia,AGN,Agusan del Norte,Ganapi,17.20166667,121.86527778
PH,Philippines,Asia,South-Eastern Asia,AGN,Agusan del Norte,Gappal,16.83638889,121.82194444
PH,Philippines,Asia,South-Eastern Asia,AGN,Agusan del Norte,Gattaran,18.06166667,121.64416667
PH,Philippines,Asia,South-Eastern Asia,AGN,Agusan del Norte,Gonzaga,18.26666667,122
PH,Philippines,Asia,South-Eastern Asia,AGN,Agusan del Norte,Guiddam,18.335,121.46611111
PH,Philippines,Asia,South-Eastern Asia,AGN,Agusan del Norte,Iguig,17.75,121.73333333
PH,Philippines,Asia,South-Eastern Asia,AGN,Agusan del Norte,Ineangan,16.31805556,121.09305556
PH,Philippines,Asia,South-Eastern Asia,AGN,Agusan del Norte,Itbayat,20.76667,121.83333
PH,Philippines,Asia,South-Eastern Asia,AGN,Agusan del Norte,Ivana,20.36666667,121.91666667
PH,Philippines,Asia,South-Eastern Asia,AGN,Agusan del Norte,La Paz,16.91083333,121.66833333
PH,Philippines,Asia,South-Eastern Asia,AGN,Agusan del Norte,Lal-lo,18.2,121.66666667
PH,Philippines,Asia,South-Eastern Asia,AGN,Agusan del Norte,Lallayug,17.70694444,121.44166667
PH,Philippines,Asia,South-Eastern Asia,AGN,Agusan del Norte,Lanna,17.69611111,121.70027778
PH,Philippines,Asia,South-Eastern Asia,AGN,Agusan del Norte,Lapi,17.71611111,121.89777778
PH,Philippines,Asia,South-Eastern Asia,AGN,Agusan del Norte,Larion Alto,17.63083333,121.76055556
PH,Philippines,Asia,South-Eastern Asia,AGN,Agusan del Norte,Lasam,18.06666667,121.6
PH,Philippines,Asia,South-Eastern Asia,AGN,Agusan del Norte,Luna,16.96666667,121.73333333
PH,Philippines,Asia,South-Eastern Asia,AGN,Agusan del Norte,Mabasa,16.32111111,121.12611111
PH,Philippines,Asia,South-Eastern Asia,AGN,Agusan del Norte,Mabuttal East,18.37611111,121.51472222
PH,Philippines,Asia,South-Eastern Asia,AGN,Agusan del Norte,Maddarulug Norte,17.60722222,121.67666667
PH,Philippines,Asia,South-Eastern Asia,AGN,Agusan del Norte,Magalalag,17.57722222,121.735
PH,Philippines,Asia,South-Eastern Asia,AGN,Agusan del Norte,Maguilling,17.76972222,121.49777778
PH,Philippines,Asia,South-Eastern Asia,AGN,Agusan del Norte,Mahatao,20.41666667,121.95
PH,Philippines,Asia,South-Eastern Asia,AGN,Agusan del Norte,Malasin,16.30444444,121.10611111
PH,Philippines,Asia,South-Eastern Asia,AGN,Agusan del Norte,Maluno Sur,16.99888889,121.96444444
PH,Philippines,Asia,South-Eastern Asia,AGN,Agusan del Norte,Manaring,17.17305556,121.9025
PH,Philippines,Asia,South-Eastern Asia,AGN,Agusan del Norte,Manga,17.70111111,121.86055556
PH,Philippines,Asia,South-Eastern Asia,AGN,Agusan del Norte,Masaya Sur,16.50027778,121.7475
PH,Philippines,Asia,South-Eastern Asia,AGN,Agusan del Norte,Masipi West,17.37944444,121.83861111
PH,Philippines,Asia,South-Eastern Asia,AGN,Agusan del Norte,Maxingal,18.215,121.66805556
PH,Philippines,Asia,South-Eastern Asia,AGN,Agusan del Norte,Minallo,16.98694444,121.85388889
PH,Philippines,Asia,South-Eastern Asia,AGN,Agusan del Norte,Minanga Norte,17.45222222,121.78527778
PH,Philippines,Asia,South-Eastern Asia,AGN,Agusan del Norte,Minante Segundo,16.90222222,121.76194444
PH,Philippines,Asia,South-Eastern Asia,AGN,Agusan del Norte,Minuri,16.53222222,121.85527778
PH,Philippines,Asia,South-Eastern Asia,AGN,Agusan del Norte,Mozzozzin Sur,17.45694444,121.74611111
PH,Philippines,Asia,South-Eastern Asia,AGN,Agusan del Norte,Mungo,17.72416667,121.47083333
PH,Philippines,Asia,South-Eastern Asia,AGN,Agusan del Norte,Municipality of Delfin Albano,17.26667,121.73333
PH,Philippines,Asia,South-Eastern Asia,AGN,Agusan del Norte,Muñoz East,17.1575,121.61361111
PH,Philippines,Asia,South-Eastern Asia,AGN,Agusan del Norte,Nabannagan West,18.07166667,121.53638889
PH,Philippines,Asia,South-Eastern Asia,AGN,Agusan del Norte,Nagrumbuan,16.89944444,121.70972222
PH,Philippines,Asia,South-Eastern Asia,AGN,Agusan del Norte,Namuac,18.61083333,121.16583333
PH,Philippines,Asia,South-Eastern Asia,AGN,Agusan del Norte,Nattapian,17.67527778,121.70305556
PH,Philippines,Asia,South-Eastern Asia,AGN,Agusan del Norte,Paddaya,18.32361111,121.73861111
PH,Philippines,Asia,South-Eastern Asia,AGN,Agusan del Norte,Palagao Norte,18.04416667,121.71861111
PH,Philippines,Asia,South-Eastern Asia,AGN,Agusan del Norte,Palanan,17.05888889,122.43
PH,Philippines,Asia,South-Eastern Asia,AGN,Agusan del Norte,Pangal Sur,16.60027778,121.66972222
PH,Philippines,Asia,South-Eastern Asia,AGN,Agusan del Norte,Pattao,18.24694444,121.81472222
PH,Philippines,Asia,South-Eastern Asia,AGN,Agusan del Norte,Peñablanca,17.63333333,121.78333333
PH,Philippines,Asia,South-Eastern Asia,AGN,Agusan del Norte,Piat,17.79166667,121.475
PH,Philippines,Asia,South-Eastern Asia,AGN,Agusan del Norte,Pinoma,16.87416667,121.70666667
PH,Philippines,Asia,South-Eastern Asia,AGN,Agusan del Norte,Quibal,17.71583333,121.81138889
PH,Philippines,Asia,South-Eastern Asia,AGN,Agusan del Norte,Ragan Norte,17.32305556,121.77416667
PH,Philippines,Asia,South-Eastern Asia,AGN,Agusan del Norte,Ramon (municipal capital),16.78416,121.53504
PH,Philippines,Asia,South-Eastern Asia,AGN,Agusan del Norte,Ramos West,16.69833333,121.61361111
PH,Philippines,Asia,South-Eastern Asia,AGN,Agusan del Norte,Rizal,17.85,121.35
PH,Philippines,Asia,South-Eastern Asia,AGN,Agusan del Norte,Sabtang,20.33333333,121.86666667
PH,Philippines,Asia,South-Eastern Asia,AGN,Agusan del Norte,Salinas,16.36944444,121.01888889
PH,Philippines,Asia,South-Eastern Asia,AGN,Agusan del Norte,Salinungan Proper,16.86916667,121.61444444
PH,Philippines,Asia,South-Eastern Asia,AGN,Agusan del Norte,San Agustin,16.51666667,121.75
PH,Philippines,Asia,South-Eastern Asia,AGN,Agusan del Norte,San Antonio,16.35027778,121.10916667
PH,Philippines,Asia,South-Eastern Asia,AGN,Agusan del Norte,San Bernardo,17.40472222,121.75166667
PH,Philippines,Asia,South-Eastern Asia,AGN,Agusan del Norte,San Isidro,16.73333,121.61667
PH,Philippines,Asia,South-Eastern Asia,AGN,Agusan del Norte,San Mateo,16.88333333,121.58333333
PH,Philippines,Asia,South-Eastern Asia,AGN,Agusan del Norte,San Pablo,17.48305556,121.98777778
PH,Philippines,Asia,South-Eastern Asia,AGN,Agusan del Norte,San Pedro,17.2,121.88333333
PH,Philippines,Asia,South-Eastern Asia,AGN,Agusan del Norte,San Vicente,18.5075,122.15027778
PH,Philippines,Asia,South-Eastern Asia,AGN,Agusan del Norte,Sanchez Mira,18.56666667,121.23333333
PH,Philippines,Asia,South-Eastern Asia,AGN,Agusan del Norte,Sandiat Centro,17.07305556,121.6375
PH,Philippines,Asia,South-Eastern Asia,AGN,Agusan del Norte,Santa Ana,18.46666667,122.15
PH,Philippines,Asia,South-Eastern Asia,AGN,Agusan del Norte,Santa Cruz,18.51638889,121.31055556
PH,Philippines,Asia,South-Eastern Asia,AGN,Agusan del Norte,Santa Praxedes,18.56666667,121
PH,Philippines,Asia,South-Eastern Asia,AGN,Agusan del Norte,Santiago,16.68333333,121.55
PH,Philippines,Asia,South-Eastern Asia,AGN,Agusan del Norte,Santo Niño,17.8861,121.5691
PH,Philippines,Asia,South-Eastern Asia,AGN,Agusan del Norte,Siempre Viva,17.22861111,121.63305556
PH,Philippines,Asia,South-Eastern Asia,AGN,Agusan del Norte,Sillawit,16.87305556,121.75916667
PH,Philippines,Asia,South-Eastern Asia,AGN,Agusan del Norte,Simanu Sur,17.48527778,121.83416667
PH,Philippines,Asia,South-Eastern Asia,AGN,Agusan del Norte,Simimbaan,17.11861111,121.58138889
PH,Philippines,Asia,South-Eastern Asia,AGN,Agusan del Norte,Sinamar,16.9,121.56666667
PH,Philippines,Asia,South-Eastern Asia,AGN,Agusan del Norte,Sindon,17.06027778,122.01527778
PH,Philippines,Asia,South-Eastern Asia,AGN,Agusan del Norte,Solana,17.65,121.68333333
PH,Philippines,Asia,South-Eastern Asia,AGN,Agusan del Norte,Soyung,16.7,121.66555556
PH,Philippines,Asia,South-Eastern Asia,AGN,Agusan del Norte,Taguing,17.94638889,121.75527778
PH,Philippines,Asia,South-Eastern Asia,AGN,Agusan del Norte,Tapel,18.28916667,122.02916667
PH,Philippines,Asia,South-Eastern Asia,AGN,Agusan del Norte,Tuao,17.73333333,121.45
PH,Philippines,Asia,South-Eastern Asia,AGN,Agusan del Norte,Tupang,17.90472222,121.64111111
PH,Philippines,Asia,South-Eastern Asia,AGN,Agusan del Norte,Uddiawan,16.55888889,121.15111111
PH,Philippines,Asia,South-Eastern Asia,AGN,Agusan del Norte,Ugac Sur,17.61333333,121.71583333
PH,Philippines,Asia,South-Eastern Asia,AGN,Agusan del Norte,Ugad,17.3075,121.80027778
PH,Philippines,Asia,South-Eastern Asia,AGN,Agusan del Norte,Uyugan,20.35,121.93333333
PH,Philippines,Asia,South-Eastern Asia,AGN,Agusan del Norte,Yeban Norte,17.02194444,121.94194444
PH,Philippines,Asia,South-Eastern Asia,AGS,Agusan del Sur,Acli,15.12277778,120.64472222
PH,Philippines,Asia,South-Eastern Asia,AGS,Agusan del Sur,Agbannawag,15.67916667,121.08333333
PH,Philippines,Asia,South-Eastern Asia,AGS,Agusan del Sur,Akle,15.04833333,121.07333333
PH,Philippines,Asia,South-Eastern Asia,AGS,Agusan del Sur,Alua,15.31166667,120.89444444
PH,Philippines,Asia,South-Eastern Asia,AGS,Agusan del Sur,Amacalan,15.58138889,120.61111111
PH,Philippines,Asia,South-Eastern Asia,AGS,Agusan del Sur,Amucao,15.46416667,120.68638889
PH,Philippines,Asia,South-Eastern Asia,AGS,Agusan del Sur,Amuñgan,15.36527778,119.95833333
PH,Philippines,Asia,South-Eastern Asia,AGS,Agusan del Sur,Angat,14.92814722,121.02931944
PH,Philippines,Asia,South-Eastern Asia,AGS,Agusan del Sur,Angeles,15.14718056,120.58473333
PH,Philippines,Asia,South-Eastern Asia,AGS,Agusan del Sur,Arenas,15.17055556,120.68583333
PH,Philippines,Asia,South-Eastern Asia,AGS,Agusan del Sur,Arminia,15.43555556,120.56388889
PH,Philippines,Asia,South-Eastern Asia,AGS,Agusan del Sur,Bacabac,15.72472222,120.42805556
PH,Philippines,Asia,South-Eastern Asia,AGS,Agusan del Sur,Bacsay,15.62055556,120.34333333
PH,Philippines,Asia,South-Eastern Asia,AGS,Agusan del Sur,Bagac,14.58333,120.41667
PH,Philippines,Asia,South-Eastern Asia,AGS,Agusan del Sur,Bagong Barrio,14.89,120.94083333
PH,Philippines,Asia,South-Eastern Asia,AGS,Agusan del Sur,Bagong-Sikat,15.48,121.30722222
PH,Philippines,Asia,South-Eastern Asia,AGS,Agusan del Sur,Bahay Pare,15.0325,120.88083333
PH,Philippines,Asia,South-Eastern Asia,AGS,Agusan del Sur,Bakulong,15.53777778,120.63861111
PH,Philippines,Asia,South-Eastern Asia,AGS,Agusan del Sur,Balagtas,14.814467,120.908467
PH,Philippines,Asia,South-Eastern Asia,AGS,Agusan del Sur,Balanga,14.68333333,120.53333333
PH,Philippines,Asia,South-Eastern Asia,AGS,Agusan del Sur,Balaoang,15.66333333,120.51472222
PH,Philippines,Asia,South-Eastern Asia,AGS,Agusan del Sur,Balas,15.05,120.58611111
PH,Philippines,Asia,South-Eastern Asia,AGS,Agusan del Sur,Balasing,14.85444444,121.01277778
PH,Philippines,Asia,South-Eastern Asia,AGS,Agusan del Sur,Balayang,15.54944444,120.69416667
PH,Philippines,Asia,South-Eastern Asia,AGS,Agusan del Sur,Balingcanaway,15.48222222,120.68555556
PH,Philippines,Asia,South-Eastern Asia,AGS,Agusan del Sur,Balite,15.64444444,120.64194444
PH,Philippines,Asia,South-Eastern Asia,AGS,Agusan del Sur,Baliuag,14.95,120.9
PH,Philippines,Asia,South-Eastern Asia,AGS,Agusan del Sur,Baloc,15.64361111,120.88527778
PH,Philippines,Asia,South-Eastern Asia,AGS,Agusan del Sur,Baloy,15.80527778,120.77416667
PH,Philippines,Asia,South-Eastern Asia,AGS,Agusan del Sur,Balsic,14.85916667,120.4825
PH,Philippines,Asia,South-Eastern Asia,AGS,Agusan del Sur,Balucuc,14.95277778,120.81444444
PH,Philippines,Asia,South-Eastern Asia,AGS,Agusan del Sur,Balut,14.68333333,120.55
PH,Philippines,Asia,South-Eastern Asia,AGS,Agusan del Sur,Balutu,15.29861111,120.69222222
PH,Philippines,Asia,South-Eastern Asia,AGS,Agusan del Sur,Banawang,14.61222222,120.39
PH,Philippines,Asia,South-Eastern Asia,AGS,Agusan del Sur,Baquero Norte,15.71611111,120.55416667
PH,Philippines,Asia,South-Eastern Asia,AGS,Agusan del Sur,Batasan Bata,15.14444444,120.94083333
PH,Philippines,Asia,South-Eastern Asia,AGS,Agusan del Sur,Batitang,15.40027778,120.80277778
PH,Philippines,Asia,South-Eastern Asia,AGS,Agusan del Sur,Bayanan,13.35916667,121.17
PH,Philippines,Asia,South-Eastern Asia,AGS,Agusan del Sur,Beddeng,14.97722222,120.085
PH,Philippines,Asia,South-Eastern Asia,AGS,Agusan del Sur,Biay,15.74027778,119.90666667
PH,Philippines,Asia,South-Eastern Asia,AGS,Agusan del Sur,Bibiclat,15.52194444,120.86222222
PH,Philippines,Asia,South-Eastern Asia,AGS,Agusan del Sur,Bicos,15.66027778,121.04138889
PH,Philippines,Asia,South-Eastern Asia,AGS,Agusan del Sur,Biga,13.31055556,121.16111111
PH,Philippines,Asia,South-Eastern Asia,AGS,Agusan del Sur,Bilad,15.73666667,120.43333333
PH,Philippines,Asia,South-Eastern Asia,AGS,Agusan del Sur,Bobon Second,15.65666667,120.38111111
PH,Philippines,Asia,South-Eastern Asia,AGS,Agusan del Sur,Bodega,14.92277778,120.47972222
PH,Philippines,Asia,South-Eastern Asia,AGS,Agusan del Sur,Bolitoc,15.73944444,119.87694444
PH,Philippines,Asia,South-Eastern Asia,AGS,Agusan del Sur,Buenlag,15.6275,120.58194444
PH,Philippines,Asia,South-Eastern Asia,AGS,Agusan del Sur,Buensuseso,15.19333333,120.67305556
PH,Philippines,Asia,South-Eastern Asia,AGS,Agusan del Sur,Bulaon,15.0825,120.66277778
PH,Philippines,Asia,South-Eastern Asia,AGS,Agusan del Sur,Bularit,15.56833333,120.62166667
PH,Philippines,Asia,South-Eastern Asia,AGS,Agusan del Sur,Bulawin,15.41722222,119.95638889
PH,Philippines,Asia,South-Eastern Asia,AGS,Agusan del Sur,Bulihan,14.87583333,120.89555556
PH,Philippines,Asia,South-Eastern Asia,AGS,Agusan del Sur,Buliran,15.54611111,120.95972222
PH,Philippines,Asia,South-Eastern Asia,AGS,Agusan del Sur,Buliran Segundo,15.26666667,120.86666667
PH,Philippines,Asia,South-Eastern Asia,AGS,Agusan del Sur,Bulualto,15.22138889,120.95333333
PH,Philippines,Asia,South-Eastern Asia,AGS,Agusan del Sur,Bundoc,15.48583333,120.7175
PH,Philippines,Asia,South-Eastern Asia,AGS,Agusan del Sur,Bunol,15.66722222,120.83444444
PH,Philippines,Asia,South-Eastern Asia,AGS,Agusan del Sur,Cabayaoasan,15.66333333,120.55138889
PH,Philippines,Asia,South-Eastern Asia,AGS,Agusan del Sur,Cabcaben,14.45388889,120.59138889
PH,Philippines,Asia,South-Eastern Asia,AGS,Agusan del Sur,Cabog,15.31527778,121.37027778
PH,Philippines,Asia,South-Eastern Asia,AGS,Agusan del Sur,Cafe,15.33694444,120.70611111
PH,Philippines,Asia,South-Eastern Asia,AGS,Agusan del Sur,Calaba,15.30055556,120.87416667
PH,Philippines,Asia,South-Eastern Asia,AGS,Agusan del Sur,Calancuasan Norte,15.80138889,120.64111111
PH,Philippines,Asia,South-Eastern Asia,AGS,Agusan del Sur,Calangain,14.89805556,120.55888889
PH,Philippines,Asia,South-Eastern Asia,AGS,Agusan del Sur,Calantas,15.01944444,120.51805556
PH,Philippines,Asia,South-Eastern Asia,AGS,Agusan del Sur,Calayaan,15.5675,120.51444444
PH,Philippines,Asia,South-Eastern Asia,AGS,Agusan del Sur,Calibungan,15.59833333,120.72388889
PH,Philippines,Asia,South-Eastern Asia,AGS,Agusan del Sur,Calibutbut,15.115,120.59805556
PH,Philippines,Asia,South-Eastern Asia,AGS,Agusan del Sur,Calingcuan,15.33333333,120.58333333
PH,Philippines,Asia,South-Eastern Asia,AGS,Agusan del Sur,Calumpang,15.17388889,121.025
PH,Philippines,Asia,South-Eastern Asia,AGS,Agusan del Sur,Calumpit,14.91666667,120.76666667
PH,Philippines,Asia,South-Eastern Asia,AGS,Agusan del Sur,Cama Juan,15.39222222,120.76861111
PH,Philippines,Asia,South-Eastern Asia,AGS,Agusan del Sur,Camachile,14.64361111,120.58083333
PH,Philippines,Asia,South-Eastern Asia,AGS,Agusan del Sur,Camias,15.16666667,120.97416667
PH,Philippines,Asia,South-Eastern Asia,AGS,Agusan del Sur,Candating,15.15055556,120.81861111
PH,Philippines,Asia,South-Eastern Asia,AGS,Agusan del Sur,Carmen,15.44694444,120.82666667
PH,Philippines,Asia,South-Eastern Asia,AGS,Agusan del Sur,Cavite,15.67777778,120.76972222
PH,Philippines,Asia,South-Eastern Asia,AGS,Agusan del Sur,Cawayan Bugtong,15.63361111,120.77694444
PH,Philippines,Asia,South-Eastern Asia,AGS,Agusan del Sur,City of Balanga,14.66695,120.4943
PH,Philippines,Asia,South-Eastern Asia,AGS,Agusan del Sur,City of Gapan,15.28333,120.98333
PH,Philippines,Asia,South-Eastern Asia,AGS,Agusan del Sur,City of Malolos,14.82978,120.83713
PH,Philippines,Asia,South-Eastern Asia,AGS,Agusan del Sur,City of Meycauayan,14.75238,120.96794
PH,Philippines,Asia,South-Eastern Asia,AGS,Agusan del Sur,City of San Fernando,15.04574,120.70373
PH,Philippines,Asia,South-Eastern Asia,AGS,Agusan del Sur,City of San Jose del Monte,14.81667,121.11667
PH,Philippines,Asia,South-Eastern Asia,AGS,Agusan del Sur,Comillas,15.39833333,120.70055556
PH,Philippines,Asia,South-Eastern Asia,AGS,Agusan del Sur,Communal,13.25472222,121.13666667
PH,Philippines,Asia,South-Eastern Asia,AGS,Agusan del Sur,Concepcion,7.9858617,126.0090499
PH,Philippines,Asia,South-Eastern Asia,AGS,Agusan del Sur,Conversion,15.89833333,121.12777778
PH,Philippines,Asia,South-Eastern Asia,AGS,Agusan del Sur,Culianin,14.915,120.89861111
PH,Philippines,Asia,South-Eastern Asia,AGS,Agusan del Sur,Culubasa,15.14444444,120.65222222
PH,Philippines,Asia,South-Eastern Asia,AGS,Agusan del Sur,Cut-cut Primero,15.48277778,120.58611111
PH,Philippines,Asia,South-Eastern Asia,AGS,Agusan del Sur,Dampol,14.90138889,120.82194444
PH,Philippines,Asia,South-Eastern Asia,AGS,Agusan del Sur,Del Pilar,15.03611111,120.69944444
PH,Philippines,Asia,South-Eastern Asia,AGS,Agusan del Sur,Digdig,15.94888889,120.97777778
PH,Philippines,Asia,South-Eastern Asia,AGS,Agusan del Sur,Diliman Primero,15.02472222,120.95194444
PH,Philippines,Asia,South-Eastern Asia,AGS,Agusan del Sur,Dinalongan,16.18333,121.88333
PH,Philippines,Asia,South-Eastern Asia,AGS,Agusan del Sur,Dinalupihan,14.88333333,120.46666667
PH,Philippines,Asia,South-Eastern Asia,AGS,Agusan del Sur,Entablado,15.28666667,120.86305556
PH,Philippines,Asia,South-Eastern Asia,AGS,Agusan del Sur,Estipona,15.59027778,120.63777778
PH,Philippines,Asia,South-Eastern Asia,AGS,Agusan del Sur,Estrella,15.75,121.03333333
PH,Philippines,Asia,South-Eastern Asia,AGS,Agusan del Sur,Gueset,15.95,120.63333333
PH,Philippines,Asia,South-Eastern Asia,AGS,Agusan del Sur,Guiguinto,14.83333333,120.88333333
PH,Philippines,Asia,South-Eastern Asia,AGS,Agusan del Sur,Guisguis,15.79277778,119.97666667
PH,Philippines,Asia,South-Eastern Asia,AGS,Agusan del Sur,Guyong,14.83611111,120.97833333
PH,Philippines,Asia,South-Eastern Asia,AGS,Agusan del Sur,Hermosa,14.83333333,120.5
PH,Philippines,Asia,South-Eastern Asia,AGS,Agusan del Sur,La Paz,15.44305556,120.72888889
PH,Philippines,Asia,South-Eastern Asia,AGS,Agusan del Sur,Lambakin,14.75,120.86666667
PH,Philippines,Asia,South-Eastern Asia,AGS,Agusan del Sur,Lanat,15.79194444,120.60472222
PH,Philippines,Asia,South-Eastern Asia,AGS,Agusan del Sur,Laug,15.04666667,120.75138889
PH,Philippines,Asia,South-Eastern Asia,AGS,Agusan del Sur,Lawang Kupang,15.34805556,120.8575
PH,Philippines,Asia,South-Eastern Asia,AGS,Agusan del Sur,Lennec,15.68361111,120.73388889
PH,Philippines,Asia,South-Eastern Asia,AGS,Agusan del Sur,Ligaya,15.50916667,121.28722222
PH,Philippines,Asia,South-Eastern Asia,AGS,Agusan del Sur,Liozon,15.39916667,119.93305556
PH,Philippines,Asia,South-Eastern Asia,AGS,Agusan del Sur,Lipay,15.45611111,119.92083333
PH,Philippines,Asia,South-Eastern Asia,AGS,Agusan del Sur,Lomboy,15.4925,120.71722222
PH,Philippines,Asia,South-Eastern Asia,AGS,Agusan del Sur,Lourdes,14.96666667,120.68333333
PH,Philippines,Asia,South-Eastern Asia,AGS,Agusan del Sur,Lucapon,15.69972222,119.93194444
PH,Philippines,Asia,South-Eastern Asia,AGS,Agusan del Sur,Mabayo,14.73166667,120.27805556
PH,Philippines,Asia,South-Eastern Asia,AGS,Agusan del Sur,Mabilang,15.675,120.48833333
PH,Philippines,Asia,South-Eastern Asia,AGS,Agusan del Sur,Mabilog,15.39472222,120.66583333
PH,Philippines,Asia,South-Eastern Asia,AGS,Agusan del Sur,Macapsing,15.67833333,121.13194444
PH,Philippines,Asia,South-Eastern Asia,AGS,Agusan del Sur,Macarse,15.425,120.77472222
PH,Philippines,Asia,South-Eastern Asia,AGS,Agusan del Sur,Macatbong,15.50472222,121.07916667
PH,Philippines,Asia,South-Eastern Asia,AGS,Agusan del Sur,Magliman,15.03555556,120.66416667
PH,Philippines,Asia,South-Eastern Asia,AGS,Agusan del Sur,Magtangol,15.75805556,120.91555556
PH,Philippines,Asia,South-Eastern Asia,AGS,Agusan del Sur,Maguinao,15.02222222,120.93416667
PH,Philippines,Asia,South-Eastern Asia,AGS,Agusan del Sur,Malabon,15.63611111,119.93777778
PH,Philippines,Asia,South-Eastern Asia,AGS,Agusan del Sur,Malacampa,15.64333333,120.41111111
PH,Philippines,Asia,South-Eastern Asia,AGS,Agusan del Sur,Maligaya,15.67472222,120.88861111
PH,Philippines,Asia,South-Eastern Asia,AGS,Agusan del Sur,Malino,15.12694444,120.67444444
PH,Philippines,Asia,South-Eastern Asia,AGS,Agusan del Sur,Malolos,14.84333333,120.81138889
PH,Philippines,Asia,South-Eastern Asia,AGS,Agusan del Sur,Maloma,15.11361111,120.06388889
PH,Philippines,Asia,South-Eastern Asia,AGS,Agusan del Sur,Maluid,15.54916667,120.65277778
PH,Philippines,Asia,South-Eastern Asia,AGS,Agusan del Sur,Malusac,14.85833333,120.62111111
PH,Philippines,Asia,South-Eastern Asia,AGS,Agusan del Sur,Mambog,15.31361111,120.03027778
PH,Philippines,Asia,South-Eastern Asia,AGS,Agusan del Sur,Mamonit,15.58722222,120.39638889
PH,Philippines,Asia,South-Eastern Asia,AGS,Agusan del Sur,Manacsac,15.59527778,120.79111111
PH,Philippines,Asia,South-Eastern Asia,AGS,Agusan del Sur,Manatal,14.87694444,120.91638889
PH,Philippines,Asia,South-Eastern Asia,AGS,Agusan del Sur,Mandili,15.17916667,120.87722222
PH,Philippines,Asia,South-Eastern Asia,AGS,Agusan del Sur,Mangga,15.25027778,120.90888889
PH,Philippines,Asia,South-Eastern Asia,AGS,Agusan del Sur,Manibaug Pasig,15.09611111,120.56444444
PH,Philippines,Asia,South-Eastern Asia,AGS,Agusan del Sur,Manogpi,13.31083333,121.20388889
PH,Philippines,Asia,South-Eastern Asia,AGS,Agusan del Sur,Mapalacsiao,15.42833333,120.6525
PH,Philippines,Asia,South-Eastern Asia,AGS,Agusan del Sur,Mapalad,15.45138889,121.08388889
PH,Philippines,Asia,South-Eastern Asia,AGS,Agusan del Sur,Mapaniqui,15.10694444,120.92277778
PH,Philippines,Asia,South-Eastern Asia,AGS,Agusan del Sur,Maquiapo,14.98555556,120.55861111
PH,Philippines,Asia,South-Eastern Asia,AGS,Agusan del Sur,Marawa,15.41722222,120.83805556
PH,Philippines,Asia,South-Eastern Asia,AGS,Agusan del Sur,Marilao,14.75805556,120.94805556
PH,Philippines,Asia,South-Eastern Asia,AGS,Agusan del Sur,Mariveles,14.43333333,120.48333333
PH,Philippines,Asia,South-Eastern Asia,AGS,Agusan del Sur,Masalipit,15.14805556,121.03722222
PH,Philippines,Asia,South-Eastern Asia,AGS,Agusan del Sur,Matayumtayum,15.51666667,120.70972222
PH,Philippines,Asia,South-Eastern Asia,AGS,Agusan del Sur,Maturanoc,15.65722222,120.79222222
PH,Philippines,Asia,South-Eastern Asia,AGS,Agusan del Sur,Meycauayan,14.73333333,120.95
PH,Philippines,Asia,South-Eastern Asia,AGS,Agusan del Sur,Moriones,15.46111111,120.46583333
PH,Philippines,Asia,South-Eastern Asia,AGS,Agusan del Sur,Motrico,15.41361111,120.67666667
PH,Philippines,Asia,South-Eastern Asia,AGS,Agusan del Sur,Nagpandayan,15.60138889,120.76888889
PH,Philippines,Asia,South-Eastern Asia,AGS,Agusan del Sur,Nambalan,15.59916667,120.46027778
PH,Philippines,Asia,South-Eastern Asia,AGS,Agusan del Sur,Nancamarinan,15.67527778,120.53638889
PH,Philippines,Asia,South-Eastern Asia,AGS,Agusan del Sur,Nieves,15.32833333,120.94888889
PH,Philippines,Asia,South-Eastern Asia,AGS,Agusan del Sur,Niugan,14.94611111,120.96722222
PH,Philippines,Asia,South-Eastern Asia,AGS,Agusan del Sur,Norzagaray,14.91083333,121.04916667
PH,Philippines,Asia,South-Eastern Asia,AGS,Agusan del Sur,Obando,14.7,120.91666667
PH,Philippines,Asia,South-Eastern Asia,AGS,Agusan del Sur,Orani,14.8,120.53333333
PH,Philippines,Asia,South-Eastern Asia,AGS,Agusan del Sur,Paco Roman,15.65972222,121.08777778
PH,Philippines,Asia,South-Eastern Asia,AGS,Agusan del Sur,Padapada,15.55166667,120.51638889
PH,Philippines,Asia,South-Eastern Asia,AGS,Agusan del Sur,Paitan Norte,15.83333333,120.74083333
PH,Philippines,Asia,South-Eastern Asia,AGS,Agusan del Sur,Palusapis,15.68333333,120.86277778
PH,Philippines,Asia,South-Eastern Asia,AGS,Agusan del Sur,Pamatawan,14.92777778,120.21361111
PH,Philippines,Asia,South-Eastern Asia,AGS,Agusan del Sur,Panabingan,15.37722222,120.765
PH,Philippines,Asia,South-Eastern Asia,AGS,Agusan del Sur,Panan,15.21333333,120.02722222
PH,Philippines,Asia,South-Eastern Asia,AGS,Agusan del Sur,Pance,15.68861111,120.62
PH,Philippines,Asia,South-Eastern Asia,AGS,Agusan del Sur,Pandacaqui,15.17194444,120.65444444
PH,Philippines,Asia,South-Eastern Asia,AGS,Agusan del Sur,Pandi,14.86666667,120.95
PH,Philippines,Asia,South-Eastern Asia,AGS,Agusan del Sur,Pando,15.39388889,120.68472222
PH,Philippines,Asia,South-Eastern Asia,AGS,Agusan del Sur,Pantubig,14.96805556,120.95472222
PH,Philippines,Asia,South-Eastern Asia,AGS,Agusan del Sur,Paombong,14.831111,120.789167
PH,Philippines,Asia,South-Eastern Asia,AGS,Agusan del Sur,Papaya,15.32027778,120.83583333
PH,Philippines,Asia,South-Eastern Asia,AGS,Agusan del Sur,Parista,15.85361111,120.92833333
PH,Philippines,Asia,South-Eastern Asia,AGS,Agusan del Sur,Pau,15.02777778,120.72416667
PH,Philippines,Asia,South-Eastern Asia,AGS,Agusan del Sur,Pias,15.34527778,121.07472222
PH,Philippines,Asia,South-Eastern Asia,AGS,Agusan del Sur,Piñahan,15.62666667,121.06222222
PH,Philippines,Asia,South-Eastern Asia,AGS,Agusan del Sur,Pinambaran,15.20222222,120.97805556
PH,Philippines,Asia,South-Eastern Asia,AGS,Agusan del Sur,Pio,15.0475,120.51888889
PH,Philippines,Asia,South-Eastern Asia,AGS,Agusan del Sur,Porais,15.755,121.04277778
PH,Philippines,Asia,South-Eastern Asia,AGS,Agusan del Sur,Prado Siongco,14.87888889,120.51305556
PH,Philippines,Asia,South-Eastern Asia,AGS,Agusan del Sur,Pulilan,14.9,120.85
PH,Philippines,Asia,South-Eastern Asia,AGS,Agusan del Sur,Pulo,14.96222222,121.01472222
PH,Philippines,Asia,South-Eastern Asia,AGS,Agusan del Sur,Pulong Gubat,14.85944444,120.90611111
PH,Philippines,Asia,South-Eastern Asia,AGS,Agusan del Sur,Pulong Sampalok,14.96111111,121.06083333
PH,Philippines,Asia,South-Eastern Asia,AGS,Agusan del Sur,Pulung Santol,15.04583333,120.56194444
PH,Philippines,Asia,South-Eastern Asia,AGS,Agusan del Sur,Pulungmasle,15.00027778,120.55777778
PH,Philippines,Asia,South-Eastern Asia,AGS,Agusan del Sur,Puncan,15.90722222,120.99083333
PH,Philippines,Asia,South-Eastern Asia,AGS,Agusan del Sur,Purac,15.25194444,120.01694444
PH,Philippines,Asia,South-Eastern Asia,AGS,Agusan del Sur,Putlod,15.37055556,120.8675
PH,Philippines,Asia,South-Eastern Asia,AGS,Agusan del Sur,Rajal Norte,15.44472222,120.8625
PH,Philippines,Asia,South-Eastern Asia,AGS,Agusan del Sur,Rizal,15.68333333,121.16666667
PH,Philippines,Asia,South-Eastern Asia,AGS,Agusan del Sur,Sabang,14.695,120.25083333
PH,Philippines,Asia,South-Eastern Asia,AGS,Agusan del Sur,Sagana,15.56888889,121.15222222
PH,Philippines,Asia,South-Eastern Asia,AGS,Agusan del Sur,Salapungan,15.13388889,120.92805556
PH,Philippines,Asia,South-Eastern Asia,AGS,Agusan del Sur,Salaza,15.45416667,119.95527778
PH,Philippines,Asia,South-Eastern Asia,AGS,Agusan del Sur,Salvacion I,15.83972222,120.91583333
PH,Philippines,Asia,South-Eastern Asia,AGS,Agusan del Sur,San Agustin,14.93333333,120.15
PH,Philippines,Asia,South-Eastern Asia,AGS,Agusan del Sur,San Alejandro,15.56111111,120.84888889
PH,Philippines,Asia,South-Eastern Asia,AGS,Agusan del Sur,San Andres,15.71916667,120.7775
PH,Philippines,Asia,South-Eastern Asia,AGS,Agusan del Sur,San Anton,15.34777778,120.92
PH,Philippines,Asia,South-Eastern Asia,AGS,Agusan del Sur,San Basilio,15.03333333,120.58416667
PH,Philippines,Asia,South-Eastern Asia,AGS,Agusan del Sur,San Casimiro,15.55305556,120.78083333
PH,Philippines,Asia,South-Eastern Asia,AGS,Agusan del Sur,San Cristobal,15.55388889,120.76694444
PH,Philippines,Asia,South-Eastern Asia,AGS,Agusan del Sur,San Felipe Old,15.50138889,120.90777778
PH,Philippines,Asia,South-Eastern Asia,AGS,Agusan del Sur,San Francisco,15.35555556,120.84
PH,Philippines,Asia,South-Eastern Asia,AGS,Agusan del Sur,San Isidro,15.26666667,120.9
PH,Philippines,Asia,South-Eastern Asia,AGS,Agusan del Sur,San Jose del Monte,14.81388889,121.04527778
PH,Philippines,Asia,South-Eastern Asia,AGS,Agusan del Sur,San Juan de Mata,15.53527778,120.53027778
PH,Philippines,Asia,South-Eastern Asia,AGS,Agusan del Sur,San Lorenzo,15.48611111,119.96222222
PH,Philippines,Asia,South-Eastern Asia,AGS,Agusan del Sur,San Luis,15.04,120.79194444
PH,Philippines,Asia,South-Eastern Asia,AGS,Agusan del Sur,San Mariano,15.32083333,120.87611111
PH,Philippines,Asia,South-Eastern Asia,AGS,Agusan del Sur,San Nicolas,15.58416667,120.67638889
PH,Philippines,Asia,South-Eastern Asia,AGS,Agusan del Sur,San Patricio,15.09777778,120.72888889
PH,Philippines,Asia,South-Eastern Asia,AGS,Agusan del Sur,San Rafael,14.95,120.96666667
PH,Philippines,Asia,South-Eastern Asia,AGS,Agusan del Sur,San Roque,15.00944444,120.93833333
PH,Philippines,Asia,South-Eastern Asia,AGS,Agusan del Sur,San Roque Dau First,14.97722222,120.57694444
PH,Philippines,Asia,South-Eastern Asia,AGS,Agusan del Sur,San Vicente,15.29222222,120.655
PH,Philippines,Asia,South-Eastern Asia,AGS,Agusan del Sur,San Vincente,13.40666667,121.175
PH,Philippines,Asia,South-Eastern Asia,AGS,Agusan del Sur,Santa Ana,15.09388889,120.76805556
PH,Philippines,Asia,South-Eastern Asia,AGS,Agusan del Sur,Santa Cruz,15.76527778,119.90916667
PH,Philippines,Asia,South-Eastern Asia,AGS,Agusan del Sur,Santa Fe,15.01027778,120.21027778
PH,Philippines,Asia,South-Eastern Asia,AGS,Agusan del Sur,Santa Ines West,15.55694444,120.46444444
PH,Philippines,Asia,South-Eastern Asia,AGS,Agusan del Sur,Santa Juliana,15.32833333,120.42861111
PH,Philippines,Asia,South-Eastern Asia,AGS,Agusan del Sur,Santa Maria,14.81833333,120.95633333
PH,Philippines,Asia,South-Eastern Asia,AGS,Agusan del Sur,Santa Monica,15.35777778,120.72
PH,Philippines,Asia,South-Eastern Asia,AGS,Agusan del Sur,Santa Rita,14.995278,120.615278
PH,Philippines,Asia,South-Eastern Asia,AGS,Agusan del Sur,Santa Teresa First,14.92638889,120.55777778
PH,Philippines,Asia,South-Eastern Asia,AGS,Agusan del Sur,Santiago,14.90361111,120.51138889
PH,Philippines,Asia,South-Eastern Asia,AGS,Agusan del Sur,Santo Cristo,15.29694444,120.89027778
PH,Philippines,Asia,South-Eastern Asia,AGS,Agusan del Sur,Santo Niño,15.33444444,120.62611111
PH,Philippines,Asia,South-Eastern Asia,AGS,Agusan del Sur,Santo Rosario,15.43416667,120.88972222
PH,Philippines,Asia,South-Eastern Asia,AGS,Agusan del Sur,Sapang,15.70333333,120.52444444
PH,Philippines,Asia,South-Eastern Asia,AGS,Agusan del Sur,Sapang Buho,15.59027778,121.12444444
PH,Philippines,Asia,South-Eastern Asia,AGS,Agusan del Sur,Sapol,13.365,121.18916667
PH,Philippines,Asia,South-Eastern Asia,AGS,Agusan del Sur,Saysain,14.56111111,120.3925
PH,Philippines,Asia,South-Eastern Asia,AGS,Agusan del Sur,Sibul,15.16888889,121.06166667
PH,Philippines,Asia,South-Eastern Asia,AGS,Agusan del Sur,Siclong,15.58083333,121.22388889
PH,Philippines,Asia,South-Eastern Asia,AGS,Agusan del Sur,Sinilian First,15.69333333,120.45944444
PH,Philippines,Asia,South-Eastern Asia,AGS,Agusan del Sur,Soledad,15.42833333,120.98361111
PH,Philippines,Asia,South-Eastern Asia,AGS,Agusan del Sur,Suklayin,15.7575,121.55027778
PH,Philippines,Asia,South-Eastern Asia,AGS,Agusan del Sur,Sula,15.45722222,120.39555556
PH,Philippines,Asia,South-Eastern Asia,AGS,Agusan del Sur,Sulucan,14.79444444,120.92583333
PH,Philippines,Asia,South-Eastern Asia,AGS,Agusan del Sur,Tabacao,15.64972222,120.94055556
PH,Philippines,Asia,South-Eastern Asia,AGS,Agusan del Sur,Tabon,15.27111111,120.91277778
PH,Philippines,Asia,South-Eastern Asia,AGS,Agusan del Sur,Tabuating,15.39222222,120.94083333
PH,Philippines,Asia,South-Eastern Asia,AGS,Agusan del Sur,Tal I Mun Doc,15.21222222,120.685
PH,Philippines,Asia,South-Eastern Asia,AGS,Agusan del Sur,Talaga,15.38388889,120.58944444
PH,Philippines,Asia,South-Eastern Asia,AGS,Agusan del Sur,Talang,15.025,120.83777778
PH,Philippines,Asia,South-Eastern Asia,AGS,Agusan del Sur,Taltal,15.58777778,119.94555556
PH,Philippines,Asia,South-Eastern Asia,AGS,Agusan del Sur,Tariji,15.52111111,120.61444444
PH,Philippines,Asia,South-Eastern Asia,AGS,Agusan del Sur,Tayabo,15.83444444,121.03083333
PH,Philippines,Asia,South-Eastern Asia,AGS,Agusan del Sur,Telabastagan,15.11861111,120.60777778
PH,Philippines,Asia,South-Eastern Asia,AGS,Agusan del Sur,Tikiw,15.31194444,120.86111111
PH,Philippines,Asia,South-Eastern Asia,AGS,Agusan del Sur,Tinang,15.37638889,120.65333333
PH,Philippines,Asia,South-Eastern Asia,AGS,Agusan del Sur,Tondod,15.71833333,120.96805556
PH,Philippines,Asia,South-Eastern Asia,AGS,Agusan del Sur,Uacon,15.67861111,119.94027778
PH,Philippines,Asia,South-Eastern Asia,AGS,Agusan del Sur,Umiray,15.22055556,121.41111111
PH,Philippines,Asia,South-Eastern Asia,AGS,Agusan del Sur,Upig,15.02555556,120.99194444
PH,Philippines,Asia,South-Eastern Asia,AGS,Agusan del Sur,Vargas,15.59333333,120.48722222
PH,Philippines,Asia,South-Eastern Asia,AGS,Agusan del Sur,Villa Aglipay,15.46611111,120.45277778
PH,Philippines,Asia,South-Eastern Asia,AGS,Agusan del Sur,Villa Isla,15.77027778,120.86666667
PH,Philippines,Asia,South-Eastern Asia,AGS,Agusan del Sur,Vizal San Pablo,15.0625,120.90027778
PH,Philippines,Asia,South-Eastern Asia,AGS,Agusan del Sur,Vizal Santo Niño,15.02916667,120.905
PH,Philippines,Asia,South-Eastern Asia,AKL,Aklan,Altavas,11.5193722,122.3839576
PH,Philippines,Asia,South-Eastern Asia,AKL,Aklan,Balete,11.5225972,122.293362
PH,Philippines,Asia,South-Eastern Asia,AKL,Aklan,Banga,11.5992633,122.2902335
PH,Philippines,Asia,South-Eastern Asia,AKL,Aklan,Batan,11.5699131,122.3124056
PH,Philippines,Asia,South-Eastern Asia,AKL,Aklan,Buruanga,11.8298687,121.8443401
PH,Philippines,Asia,South-Eastern Asia,AKL,Aklan,Ibajay,11.733946,122.0775851
PH,Philippines,Asia,South-Eastern Asia,AKL,Aklan,Kalibo,11.6985446,122.3361959
PH,Philippines,Asia,South-Eastern Asia,AKL,Aklan,Lezo,11.6803601,122.2730271
PH,Philippines,Asia,South-Eastern Asia,AKL,Aklan,Libacao,11.4146741,122.2009238
PH,Philippines,Asia,South-Eastern Asia,AKL,Aklan,Madalag,11.4412148,122.0737506
PH,Philippines,Asia,South-Eastern Asia,AKL,Aklan,Makato,11.7136685,122.1803673
PH,Philippines,Asia,South-Eastern Asia,AKL,Aklan,Malay,11.9124685,121.8649395
PH,Philippines,Asia,South-Eastern Asia,AKL,Aklan,Malinao,11.6051372,122.1504995
PH,Philippines,Asia,South-Eastern Asia,AKL,Aklan,Nabas,11.8523036,121.955794
PH,Philippines,Asia,South-Eastern Asia,AKL,Aklan,New Washington,11.6343158,122.3415143
PH,Philippines,Asia,South-Eastern Asia,AKL,Aklan,Numancia,11.7132961,122.2926369
PH,Philippines,Asia,South-Eastern Asia,AKL,Aklan,Tangalan,11.7393156,122.1609695
PH,Philippines,Asia,South-Eastern Asia,ALB,Albay,Aanislag,13.0748,123.703
PH,Philippines,Asia,South-Eastern Asia,ALB,Albay,Abucay,12.982,123.6492
PH,Philippines,Asia,South-Eastern Asia,ALB,Albay,Agos,13.3434,123.3983
PH,Philippines,Asia,South-Eastern Asia,ALB,Albay,Aguada,12.81667,123.83333
PH,Philippines,Asia,South-Eastern Asia,ALB,Albay,Agupit,13.4225,123.32472
PH,Philippines,Asia,South-Eastern Asia,ALB,Albay,Alayao,14.2818,122.5524
PH,Philippines,Asia,South-Eastern Asia,ALB,Albay,Anuling,13.2093,123.6761
PH,Philippines,Asia,South-Eastern Asia,ALB,Albay,Apad,13.815,122.7664
PH,Philippines,Asia,South-Eastern Asia,ALB,Albay,Apud,13.13928,123.29164
PH,Philippines,Asia,South-Eastern Asia,ALB,Albay,Armenia,12.25324,123.74361
PH,Philippines,Asia,South-Eastern Asia,ALB,Albay,Ayugan,13.5469,123.3217
PH,Philippines,Asia,South-Eastern Asia,ALB,Albay,Bacacay,13.2934,123.7919
PH,Philippines,Asia,South-Eastern Asia,ALB,Albay,Bacolod,12.22854,123.50851
PH,Philippines,Asia,South-Eastern Asia,ALB,Albay,Bacon,13.03778,124.04111
PH,Philippines,Asia,South-Eastern Asia,ALB,Albay,Bagacay,12.9821,124.1415
PH,Philippines,Asia,South-Eastern Asia,ALB,Albay,Bagahanlad,12.5797,123.6688
PH,Philippines,Asia,South-Eastern Asia,ALB,Albay,Bagumbayan,13.45,123.66667
PH,Philippines,Asia,South-Eastern Asia,ALB,Albay,Bahay,13.5437,123.0407
PH,Philippines,Asia,South-Eastern Asia,ALB,Albay,Balading,13.3906,123.7121
PH,Philippines,Asia,South-Eastern Asia,ALB,Albay,Balaogan,13.4328,123.2818
PH,Philippines,Asia,South-Eastern Asia,ALB,Albay,Baligang,13.1537,123.6432
PH,Philippines,Asia,South-Eastern Asia,ALB,Albay,Balinad,13.2926,123.5454
PH,Philippines,Asia,South-Eastern Asia,ALB,Albay,Baliuag Nuevo,13.5214,123.2016
PH,Philippines,Asia,South-Eastern Asia,ALB,Albay,Balogo,13.2871,123.5496
PH,Philippines,Asia,South-Eastern Asia,ALB,Albay,Balucawi,12.2013,123.8426
PH,Philippines,Asia,South-Eastern Asia,ALB,Albay,Banag,13.37889,123.70333
PH,Philippines,Asia,South-Eastern Asia,ALB,Albay,Bangad,12.16125,123.40131
PH,Philippines,Asia,South-Eastern Asia,ALB,Albay,Bangkirohan,13.0553,123.7468
PH,Philippines,Asia,South-Eastern Asia,ALB,Albay,Banocboc,14.3,122.58333
PH,Philippines,Asia,South-Eastern Asia,ALB,Albay,Bao,13.6414,122.8314
PH,Philippines,Asia,South-Eastern Asia,ALB,Albay,Barayong,13.1,123.71667
PH,Philippines,Asia,South-Eastern Asia,ALB,Albay,Bariw,13.13333,123.73333
PH,Philippines,Asia,South-Eastern Asia,ALB,Albay,Barra,12.0717,123.6395
PH,Philippines,Asia,South-Eastern Asia,ALB,Albay,Bascaron,13.1029,123.6999
PH,Philippines,Asia,South-Eastern Asia,ALB,Albay,Basiad,14.15617,122.33749
PH,Philippines,Asia,South-Eastern Asia,ALB,Albay,Basicao Coastal,13.04589,123.40423
PH,Philippines,Asia,South-Eastern Asia,ALB,Albay,Basud,14.065,122.9642
PH,Philippines,Asia,South-Eastern Asia,ALB,Albay,Batana,13.2498,123.5641
PH,Philippines,Asia,South-Eastern Asia,ALB,Albay,Batobalane,14.23333,122.75
PH,Philippines,Asia,South-Eastern Asia,ALB,Albay,Beberon,13.5444,123.1405
PH,Philippines,Asia,South-Eastern Asia,ALB,Albay,Bigaa,13.1993,123.7566
PH,Philippines,Asia,South-Eastern Asia,ALB,Albay,Binanwanaan,13.7,123.3
PH,Philippines,Asia,South-Eastern Asia,ALB,Albay,Binitayan,13.2945,123.7579
PH,Philippines,Asia,South-Eastern Asia,ALB,Albay,Binodegahan,13.0614,123.4579
PH,Philippines,Asia,South-Eastern Asia,ALB,Albay,Bolo,13.753,122.9658
PH,Philippines,Asia,South-Eastern Asia,ALB,Albay,Bonga,13.2799,123.7587
PH,Philippines,Asia,South-Eastern Asia,ALB,Albay,Boton,12.9287,124.0479
PH,Philippines,Asia,South-Eastern Asia,ALB,Albay,Buang,13.3115,123.6421
PH,Philippines,Asia,South-Eastern Asia,ALB,Albay,Buenavista,12.17639,123.79056
PH,Philippines,Asia,South-Eastern Asia,ALB,Albay,Buga,13.2966,123.3596
PH,Philippines,Asia,South-Eastern Asia,ALB,Albay,Buhatan,12.9755,124.0478
PH,Philippines,Asia,South-Eastern Asia,ALB,Albay,Bulo,12.4109,123.5672
PH,Philippines,Asia,South-Eastern Asia,ALB,Albay,Buluang,13.3068,123.3425
PH,Philippines,Asia,South-Eastern Asia,ALB,Albay,Burabod,13.2686,123.4162
PH,Philippines,Asia,South-Eastern Asia,ALB,Albay,Buracan,13.6,123.5
PH,Philippines,Asia,South-Eastern Asia,ALB,Albay,Busing,13.15139,122.97139
PH,Philippines,Asia,South-Eastern Asia,ALB,Albay,Butag,12.6292,123.9335
PH,Philippines,Asia,South-Eastern Asia,ALB,Albay,Buyo,13.1144,123.8666
PH,Philippines,Asia,South-Eastern Asia,ALB,Albay,Cabcab,13.6268,124.0515
PH,Philippines,Asia,South-Eastern Asia,ALB,Albay,Cabiguan,12.90583,123.73139
PH,Philippines,Asia,South-Eastern Asia,ALB,Albay,Cabitan,12.29434,123.34121
PH,Philippines,Asia,South-Eastern Asia,ALB,Albay,Cabognon,13.1829,123.6777
PH,Philippines,Asia,South-Eastern Asia,ALB,Albay,Caditaan,12.80528,123.84917
PH,Philippines,Asia,South-Eastern Asia,ALB,Albay,Cadlan,13.5971,123.257
PH,Philippines,Asia,South-Eastern Asia,ALB,Albay,Cagmanaba,13.05501,123.29706
PH,Philippines,Asia,South-Eastern Asia,ALB,Albay,Calabaca,14.3001,122.43364
PH,Philippines,Asia,South-Eastern Asia,ALB,Albay,Calachuchi,12.21775,123.53061
PH,Philippines,Asia,South-Eastern Asia,ALB,Albay,Calasgasan,14.08333,122.93333
PH,Philippines,Asia,South-Eastern Asia,ALB,Albay,Calolbon,13.596,124.0991
PH,Philippines,Asia,South-Eastern Asia,ALB,Albay,Camalig,13.1821,123.6543
PH,Philippines,Asia,South-Eastern Asia,ALB,Albay,Canomoy,12.15735,123.27011
PH,Philippines,Asia,South-Eastern Asia,ALB,Albay,Capalonga,14.3306,122.4937
PH,Philippines,Asia,South-Eastern Asia,ALB,Albay,Capucnasan,13.6,123.21667
PH,Philippines,Asia,South-Eastern Asia,ALB,Albay,Capuy,12.98333,123.93333
PH,Philippines,Asia,South-Eastern Asia,ALB,Albay,Caranan,13.5167,123.0156
PH,Philippines,Asia,South-Eastern Asia,ALB,Albay,Caraycayon,13.61667,123.48333
PH,Philippines,Asia,South-Eastern Asia,ALB,Albay,Carriedo,12.9344,124.105
PH,Philippines,Asia,South-Eastern Asia,ALB,Albay,Castillo,13.7313,123.1166
PH,Philippines,Asia,South-Eastern Asia,ALB,Albay,Catabangan,13.8777,122.6615
PH,Philippines,Asia,South-Eastern Asia,ALB,Albay,Causip,13.5159,123.2834
PH,Philippines,Asia,South-Eastern Asia,ALB,Albay,Cotmon,13.1175,123.6637
PH,Philippines,Asia,South-Eastern Asia,ALB,Albay,Culacling,13.7815,122.8767
PH,Philippines,Asia,South-Eastern Asia,ALB,Albay,Cumadcad,12.98056,123.78917
PH,Philippines,Asia,South-Eastern Asia,ALB,Albay,Curry,13.6,123.3
PH,Philippines,Asia,South-Eastern Asia,ALB,Albay,Daet,14.1122,122.9553
PH,Philippines,Asia,South-Eastern Asia,ALB,Albay,Daguit,14.1895,122.7266
PH,Philippines,Asia,South-Eastern Asia,ALB,Albay,Dalupaon,13.5517,122.9457
PH,Philippines,Asia,South-Eastern Asia,ALB,Albay,Dangcalan,12.9168,123.5838
PH,Philippines,Asia,South-Eastern Asia,ALB,Albay,Dapdap,12.2155,123.7662
PH,Philippines,Asia,South-Eastern Asia,ALB,Albay,Daraga,13.1483,123.7124
PH,Philippines,Asia,South-Eastern Asia,ALB,Albay,Del Rosario,13.3057,123.3133
PH,Philippines,Asia,South-Eastern Asia,ALB,Albay,Dugcal,13.6241,123.1612
PH,Philippines,Asia,South-Eastern Asia,ALB,Albay,Dugongan,14.1025,122.9066
PH,Philippines,Asia,South-Eastern Asia,ALB,Albay,Estancia,13.3589,123.6796
PH,Philippines,Asia,South-Eastern Asia,ALB,Albay,Fabrica,13.49,123.294
PH,Philippines,Asia,South-Eastern Asia,ALB,Albay,Gabao,12.9924,124.0169
PH,Philippines,Asia,South-Eastern Asia,ALB,Albay,Gambalidio,13.6205,122.8913
PH,Philippines,Asia,South-Eastern Asia,ALB,Albay,Gatbo,13.58333,123.38333
PH,Philippines,Asia,South-Eastern Asia,ALB,Albay,Gibgos,13.859,123.7675
PH,Philippines,Asia,South-Eastern Asia,ALB,Albay,Guijalo,13.7373,123.868
PH,Philippines,Asia,South-Eastern Asia,ALB,Albay,Guinacotan,14.1569,122.868
PH,Philippines,Asia,South-Eastern Asia,ALB,Albay,Guinobatan,13.1913,123.5987
PH,Philippines,Asia,South-Eastern Asia,ALB,Albay,Gumaus,14.3103,122.7229
PH,Philippines,Asia,South-Eastern Asia,ALB,Albay,Guruyan,12.73889,123.93917
PH,Philippines,Asia,South-Eastern Asia,ALB,Albay,Hamoraon,12.22564,123.55151
PH,Philippines,Asia,South-Eastern Asia,ALB,Albay,Herrera,13.2693,123.5769
PH,Philippines,Asia,South-Eastern Asia,ALB,Albay,Himaao,13.5448,123.3005
PH,Philippines,Asia,South-Eastern Asia,ALB,Albay,Hobo,13.5101,123.1792
PH,Philippines,Asia,South-Eastern Asia,ALB,Albay,Imelda,14.03333,122.88333
PH,Philippines,Asia,South-Eastern Asia,ALB,Albay,Inapatan,13.3964,123.3227
PH,Philippines,Asia,South-Eastern Asia,ALB,Albay,Iraya,13.25,123.51667
PH,Philippines,Asia,South-Eastern Asia,ALB,Albay,Joroan,13.4885,123.6189
PH,Philippines,Asia,South-Eastern Asia,ALB,Albay,Jose Pañganiban,14.2906,122.6917
PH,Philippines,Asia,South-Eastern Asia,ALB,Albay,Jovellar,13.0695,123.5999
PH,Philippines,Asia,South-Eastern Asia,ALB,Albay,Kaliliog,13.9039,123.2925
PH,Philippines,Asia,South-Eastern Asia,ALB,Albay,Kinalansan,13.7036,123.5531
PH,Philippines,Asia,South-Eastern Asia,ALB,Albay,Labnig,13.3769,123.6788
PH,Philippines,Asia,South-Eastern Asia,ALB,Albay,Labo,14.1532,122.8303
PH,Philippines,Asia,South-Eastern Asia,ALB,Albay,Lacag,13.1553,123.6812
PH,Philippines,Asia,South-Eastern Asia,ALB,Albay,Lajong,12.83333,123.96667
PH,Philippines,Asia,South-Eastern Asia,ALB,Albay,Lanigay,13.31667,123.5
PH,Philippines,Asia,South-Eastern Asia,ALB,Albay,Lantangan,12.19815,123.27101
PH,Philippines,Asia,South-Eastern Asia,ALB,Albay,Larap,14.299,122.6504
PH,Philippines,Asia,South-Eastern Asia,ALB,Albay,Legaspi,13.14125,123.74073
PH,Philippines,Asia,South-Eastern Asia,ALB,Albay,Libog,13.2349,123.7778
PH,Philippines,Asia,South-Eastern Asia,ALB,Albay,Libon,13.2997,123.4386
PH,Philippines,Asia,South-Eastern Asia,ALB,Albay,Liboro,13.8245,122.7295
PH,Philippines,Asia,South-Eastern Asia,ALB,Albay,Ligao,13.21697,123.51924
PH,Philippines,Asia,South-Eastern Asia,ALB,Albay,Limbuhan,11.88377,124.05011
PH,Philippines,Asia,South-Eastern Asia,ALB,Albay,Lourdes,13.3899,123.3735
PH,Philippines,Asia,South-Eastern Asia,ALB,Albay,Lubigan,13.742,122.9373
PH,Philippines,Asia,South-Eastern Asia,ALB,Albay,Lugui,14.1131,122.7935
PH,Philippines,Asia,South-Eastern Asia,ALB,Albay,Luklukan,14.3254,122.7124
PH,Philippines,Asia,South-Eastern Asia,ALB,Albay,Luna,12.5492,123.7336
PH,Philippines,Asia,South-Eastern Asia,ALB,Albay,Lupi Viejo,13.7897,122.9098
PH,Philippines,Asia,South-Eastern Asia,ALB,Albay,Maagnas,13.7192,123.6675
PH,Philippines,Asia,South-Eastern Asia,ALB,Albay,Mabiton,12.8334,123.2612
PH,Philippines,Asia,South-Eastern Asia,ALB,Albay,Macabugos,13.2362,123.3053
PH,Philippines,Asia,South-Eastern Asia,ALB,Albay,Macalaya,12.88944,123.77111
PH,Philippines,Asia,South-Eastern Asia,ALB,Albay,Magsalangi,12.18275,123.56661
PH,Philippines,Asia,South-Eastern Asia,ALB,Albay,Mahaba,13.2676,123.5514
PH,Philippines,Asia,South-Eastern Asia,ALB,Albay,Malabog,13.1738,123.6865
PH,Philippines,Asia,South-Eastern Asia,ALB,Albay,Malasugui,14.1439,122.8471
PH,Philippines,Asia,South-Eastern Asia,ALB,Albay,Malatap,14.1871,122.5119
PH,Philippines,Asia,South-Eastern Asia,ALB,Albay,Malawag,13.38333,123.28333
PH,Philippines,Asia,South-Eastern Asia,ALB,Albay,Malbug,12.0563,123.6461
PH,Philippines,Asia,South-Eastern Asia,ALB,Albay,Malidong,13.01333,123.45962
PH,Philippines,Asia,South-Eastern Asia,ALB,Albay,Malilipot,13.3188,123.7385
PH,Philippines,Asia,South-Eastern Asia,ALB,Albay,Malinao,13.3992,123.7069
PH,Philippines,Asia,South-Eastern Asia,ALB,Albay,Malinta,12.30144,123.55811
PH,Philippines,Asia,South-Eastern Asia,ALB,Albay,Mambulo,13.71667,123.05
PH,Philippines,Asia,South-Eastern Asia,ALB,Albay,Mampurog,14.0458,122.8836
PH,Philippines,Asia,South-Eastern Asia,ALB,Albay,Manamrag,13.7351,124.1064
PH,Philippines,Asia,South-Eastern Asia,ALB,Albay,Manga,13.2719,123.4623
PH,Philippines,Asia,South-Eastern Asia,ALB,Albay,Manito,13.1235,123.8693
PH,Philippines,Asia,South-Eastern Asia,ALB,Albay,Manquiring,13.7341,123.269
PH,Philippines,Asia,South-Eastern Asia,ALB,Albay,Maonon,13.03643,123.37074
PH,Philippines,Asia,South-Eastern Asia,ALB,Albay,Marintoc,12.28554,123.72281
PH,Philippines,Asia,South-Eastern Asia,ALB,Albay,Marupit,13.6269,123.1663
PH,Philippines,Asia,South-Eastern Asia,ALB,Albay,Masaraway,13.2268,123.6148
PH,Philippines,Asia,South-Eastern Asia,ALB,Albay,Maslog,13.1046,123.7713
PH,Philippines,Asia,South-Eastern Asia,ALB,Albay,Masoli,13.3593,123.3898
PH,Philippines,Asia,South-Eastern Asia,ALB,Albay,Matacon,13.3284,123.4356
PH,Philippines,Asia,South-Eastern Asia,ALB,Albay,Mauraro,13.1494,123.5953
PH,Philippines,Asia,South-Eastern Asia,ALB,Albay,Mayngaran,12.3492,123.5996
PH,Philippines,Asia,South-Eastern Asia,ALB,Albay,Mercedes,14.1093,123.0109
PH,Philippines,Asia,South-Eastern Asia,ALB,Albay,Miaga,12.2376,123.8167
PH,Philippines,Asia,South-Eastern Asia,ALB,Albay,Miliroc,13.3449,123.702
PH,Philippines,Asia,South-Eastern Asia,ALB,Albay,Monbon,12.7307,124.0189
PH,Philippines,Asia,South-Eastern Asia,ALB,Albay,Muladbucad,13.2389,123.6057
PH,Philippines,Asia,South-Eastern Asia,ALB,Albay,Naagas,13.4357,123.6781
PH,Philippines,Asia,South-Eastern Asia,ALB,Albay,Nabangig,12.0989,123.9503
PH,Philippines,Asia,South-Eastern Asia,ALB,Albay,Naro,11.89697,123.67392
PH,Philippines,Asia,South-Eastern Asia,ALB,Albay,Nato,13.6105,123.5356
PH,Philippines,Asia,South-Eastern Asia,ALB,Albay,Odicon,13.53,123.0588
PH,Philippines,Asia,South-Eastern Asia,ALB,Albay,Ogod,12.9009,123.617
PH,Philippines,Asia,South-Eastern Asia,ALB,Albay,Osiao,13.0914,123.9811
PH,Philippines,Asia,South-Eastern Asia,ALB,Albay,Osmeña,12.7315,123.3318
PH,Philippines,Asia,South-Eastern Asia,ALB,Albay,Padang,13.2196,123.7655
PH,Philippines,Asia,South-Eastern Asia,ALB,Albay,Palali,14.30622,122.48571
PH,Philippines,Asia,South-Eastern Asia,ALB,Albay,Palestina,13.6117,123.249
PH,Philippines,Asia,South-Eastern Asia,ALB,Albay,Palsong,13.4248,123.2963
PH,Philippines,Asia,South-Eastern Asia,ALB,Albay,Pambuhan,13.9736,123.0837
PH,Philippines,Asia,South-Eastern Asia,ALB,Albay,Pandan,14.0453,124.1694
PH,Philippines,Asia,South-Eastern Asia,ALB,Albay,Panguiranan,12.06986,123.31851
PH,Philippines,Asia,South-Eastern Asia,ALB,Albay,Pantao,13.1944,123.3271
PH,Philippines,Asia,South-Eastern Asia,ALB,Albay,Parabcan,13.7088,123.745
PH,Philippines,Asia,South-Eastern Asia,ALB,Albay,Paracale,14.2804,122.7881
PH,Philippines,Asia,South-Eastern Asia,ALB,Albay,Paulba,13.7136,123.2496
PH,Philippines,Asia,South-Eastern Asia,ALB,Albay,Pawa,13.1773,123.7301
PH,Philippines,Asia,South-Eastern Asia,ALB,Albay,Pawican,12.0741,123.9706
PH,Philippines,Asia,South-Eastern Asia,ALB,Albay,Pawili,13.51667,123.28333
PH,Philippines,Asia,South-Eastern Asia,ALB,Albay,Peña,12.089,123.9384
PH,Philippines,Asia,South-Eastern Asia,ALB,Albay,Pinit,13.5686,123.414
PH,Philippines,Asia,South-Eastern Asia,ALB,Albay,Pio Duran,13.02928,123.44496
PH,Philippines,Asia,South-Eastern Asia,ALB,Albay,Polangui,13.2923,123.4855
PH,Philippines,Asia,South-Eastern Asia,ALB,Albay,Ponso,13.291,123.5171
PH,Philippines,Asia,South-Eastern Asia,ALB,Albay,Potot,12.20345,123.43191
PH,Philippines,Asia,South-Eastern Asia,ALB,Albay,Puro,12.4841,123.3827
PH,Philippines,Asia,South-Eastern Asia,ALB,Albay,Putiao,13.0195,123.7148
PH,Philippines,Asia,South-Eastern Asia,ALB,Albay,Quitang,13.5513,123.0529
PH,Philippines,Asia,South-Eastern Asia,ALB,Albay,Rapu-Rapu,13.1866,124.1256
PH,Philippines,Asia,South-Eastern Asia,ALB,Albay,Recodo,11.94914,123.73695
PH,Philippines,Asia,South-Eastern Asia,ALB,Albay,Rizal,12.97722,123.91417
PH,Philippines,Asia,South-Eastern Asia,ALB,Albay,Sabang,12.73333,123.93333
PH,Philippines,Asia,South-Eastern Asia,ALB,Albay,Sabang Indan,14.2194,122.9151
PH,Philippines,Asia,South-Eastern Asia,ALB,Albay,Sagpon,13.15,123.73333
PH,Philippines,Asia,South-Eastern Asia,ALB,Albay,Sagrada,13.5301,123.4527
PH,Philippines,Asia,South-Eastern Asia,ALB,Albay,Sagrada Familia,13.269,123.3977
PH,Philippines,Asia,South-Eastern Asia,ALB,Albay,Sagurong,13.7805,122.9594
PH,Philippines,Asia,South-Eastern Asia,ALB,Albay,Salingogan,13.4333,123.1923
PH,Philippines,Asia,South-Eastern Asia,ALB,Albay,Salogon,13.6586,123.5225
PH,Philippines,Asia,South-Eastern Asia,ALB,Albay,Salvacion,13.06667,123.61667
PH,Philippines,Asia,South-Eastern Asia,ALB,Albay,San Agustin,13.3263,123.4177
PH,Philippines,Asia,South-Eastern Asia,ALB,Albay,San Andres,13.2614,123.7795
PH,Philippines,Asia,South-Eastern Asia,ALB,Albay,San Antonio,13.371,123.4202
PH,Philippines,Asia,South-Eastern Asia,ALB,Albay,San Lucas,13.7062,123.2032
PH,Philippines,Asia,South-Eastern Asia,ALB,Albay,San Pascual,13.12888,122.97709
PH,Philippines,Asia,South-Eastern Asia,ALB,Albay,San Pedro,12.01667,124
PH,Philippines,Asia,South-Eastern Asia,ALB,Albay,San Rafael,13.21667,123.6
PH,Philippines,Asia,South-Eastern Asia,ALB,Albay,San Ramon,13.7221,123.54
PH,Philippines,Asia,South-Eastern Asia,ALB,Albay,San Roque,13.2837,123.7422
PH,Philippines,Asia,South-Eastern Asia,ALB,Albay,San Vicente,14.1061,122.8733
PH,Philippines,Asia,South-Eastern Asia,ALB,Albay,Santa Elena,14.17023,122.38246
PH,Philippines,Asia,South-Eastern Asia,ALB,Albay,Santa Justina,13.3967,123.4731
PH,Philippines,Asia,South-Eastern Asia,ALB,Albay,Santa Rosa Sur,14.259,122.7233
PH,Philippines,Asia,South-Eastern Asia,ALB,Albay,Santa Teresita,13.4786,123.4191
PH,Philippines,Asia,South-Eastern Asia,ALB,Albay,Santo Domingo,13.42,123.4486
PH,Philippines,Asia,South-Eastern Asia,ALB,Albay,Santo Niño,13.1043,123.9682
PH,Philippines,Asia,South-Eastern Asia,ALB,Albay,Sinuknipan,13.8894,122.6375
PH,Philippines,Asia,South-Eastern Asia,ALB,Albay,Sugcad,13.36667,123.7
PH,Philippines,Asia,South-Eastern Asia,ALB,Albay,Sugod,12.987,124.0805
PH,Philippines,Asia,South-Eastern Asia,ALB,Albay,Tabaco,13.35861,123.73361
PH,Philippines,Asia,South-Eastern Asia,ALB,Albay,Tagas,13.16667,123.71667
PH,Philippines,Asia,South-Eastern Asia,ALB,Albay,Tagoytoy,13.4158,123.678
PH,Philippines,Asia,South-Eastern Asia,ALB,Albay,Talisay,14.1343,122.9226
PH,Philippines,Asia,South-Eastern Asia,ALB,Albay,Talubatib,14.1825,122.7853
PH,Philippines,Asia,South-Eastern Asia,ALB,Albay,Tambo,13.5468,123.0358
PH,Philippines,Asia,South-Eastern Asia,ALB,Albay,Tara,13.81667,122.98333
PH,Philippines,Asia,South-Eastern Asia,ALB,Albay,Tariric,13.5723,123.2235
PH,Philippines,Asia,South-Eastern Asia,ALB,Albay,Tigbaw,12.1483,123.5909
PH,Philippines,Asia,South-Eastern Asia,ALB,Albay,Tigbinan,14.18648,122.46923
PH,Philippines,Asia,South-Eastern Asia,ALB,Albay,Tinago,13.18333,123.65
PH,Philippines,Asia,South-Eastern Asia,ALB,Albay,Tinalmud,13.5941,122.878
PH,Philippines,Asia,South-Eastern Asia,ALB,Albay,Tinampo,13.22825,123.50723
PH,Philippines,Asia,South-Eastern Asia,ALB,Albay,Tinawagan,13.65,123.48333
PH,Philippines,Asia,South-Eastern Asia,ALB,Albay,Tiwi,13.4585,123.6805
PH,Philippines,Asia,South-Eastern Asia,ALB,Albay,Tubli,13.9318,124.1478
PH,Philippines,Asia,South-Eastern Asia,ALB,Albay,Tugos,14.26667,122.75
PH,Philippines,Asia,South-Eastern Asia,ALB,Albay,Tulay na Lupa,14.0934,122.7862
PH,Philippines,Asia,South-Eastern Asia,ALB,Albay,Tumalaytay,12.27584,123.23201
PH,Philippines,Asia,South-Eastern Asia,ALB,Albay,Umabay,12.30954,123.67961
PH,Philippines,Asia,South-Eastern Asia,ALB,Albay,Usab,12.32974,123.58091
PH,Philippines,Asia,South-Eastern Asia,ALB,Albay,Uson,12.2253,123.7834
PH,Philippines,Asia,South-Eastern Asia,ALB,Albay,Utabi,12.6417,123.9092
PH,Philippines,Asia,South-Eastern Asia,ALB,Albay,Villahermosa,13.0458,123.7133
PH,Philippines,Asia,South-Eastern Asia,ALB,Albay,Vinzons,14.1737,122.9066
PH,Philippines,Asia,South-Eastern Asia,ANT,Antique,Abaca,11.1342,122.7156
PH,Philippines,Asia,South-Eastern Asia,ANT,Antique,Abangay,10.96667,122.65
PH,Philippines,Asia,South-Eastern Asia,ANT,Antique,Abiera,11.5749,122.09
PH,Philippines,Asia,South-Eastern Asia,ANT,Antique,Abilay,10.73333,122.5
PH,Philippines,Asia,South-Eastern Asia,ANT,Antique,Ag-ambulong,11.3684,122.5094
PH,Philippines,Asia,South-Eastern Asia,ANT,Antique,Aganan,10.78333,122.53333
PH,Philippines,Asia,South-Eastern Asia,ANT,Antique,Aglalana,11.1803,122.6574
PH,Philippines,Asia,South-Eastern Asia,ANT,Antique,Agpangi,10.57716,123.4232
PH,Philippines,Asia,South-Eastern Asia,ANT,Antique,Aguisan,10.1603,122.8615
PH,Philippines,Asia,South-Eastern Asia,ANT,Antique,Alacaygan,10.84014,123.0583
PH,Philippines,Asia,South-Eastern Asia,ANT,Antique,Alegria,10.64345,123.0836
PH,Philippines,Asia,South-Eastern Asia,ANT,Antique,Alibunan,11.14652,122.45911
PH,Philippines,Asia,South-Eastern Asia,ANT,Antique,Alicante,10.89704,123.0185
PH,Philippines,Asia,South-Eastern Asia,ANT,Antique,Alijis,10.4583,122.8348
PH,Philippines,Asia,South-Eastern Asia,ANT,Antique,Alim,9.5649,122.4876
PH,Philippines,Asia,South-Eastern Asia,ANT,Antique,Alimono,11.1855,122.7129
PH,Philippines,Asia,South-Eastern Asia,ANT,Antique,Ambulong,11.5793,122.4987
PH,Philippines,Asia,South-Eastern Asia,ANT,Antique,Andres Bonifacio,10.91667,123.25
PH,Philippines,Asia,South-Eastern Asia,ANT,Antique,Anini-y,10.4312,121.927
PH,Philippines,Asia,South-Eastern Asia,ANT,Antique,Anoring,11.25,123.03333
PH,Philippines,Asia,South-Eastern Asia,ANT,Antique,Aquino,11.8221,122.1088
PH,Philippines,Asia,South-Eastern Asia,ANT,Antique,Araal,10.4195,123.0437
PH,Philippines,Asia,South-Eastern Asia,ANT,Antique,Aranas Sur,11.5635,122.3901
PH,Philippines,Asia,South-Eastern Asia,ANT,Antique,Aranda,10.2365,122.9467
PH,Philippines,Asia,South-Eastern Asia,ANT,Antique,Arcangel,11.5395,122.3455
PH,Philippines,Asia,South-Eastern Asia,ANT,Antique,Asia,9.5506,122.5164
PH,Philippines,Asia,South-Eastern Asia,ANT,Antique,Asturga,11.25449,122.8018
PH,Philippines,Asia,South-Eastern Asia,ANT,Antique,Atabayan,10.68333,122.41667
PH,Philippines,Asia,South-Eastern Asia,ANT,Antique,Atipuluhan,10.51336,122.9621
PH,Philippines,Asia,South-Eastern Asia,ANT,Antique,Aurelliana,10.8849,121.9769
PH,Philippines,Asia,South-Eastern Asia,ANT,Antique,Avila,10.692,122.709
PH,Philippines,Asia,South-Eastern Asia,ANT,Antique,Bacalan,11.5464,122.0849
PH,Philippines,Asia,South-Eastern Asia,ANT,Antique,Bacolod City,10.66667,122.95
PH,Philippines,Asia,South-Eastern Asia,ANT,Antique,Bacuyangan,9.637,122.4721
PH,Philippines,Asia,South-Eastern Asia,ANT,Antique,Badlan,11.1414,122.52
PH,Philippines,Asia,South-Eastern Asia,ANT,Antique,Bago City,10.53333,122.83333
PH,Philippines,Asia,South-Eastern Asia,ANT,Antique,Bagroy,10.2031,122.9362
PH,Philippines,Asia,South-Eastern Asia,ANT,Antique,Bagumbayan,10.446,122.8348
PH,Philippines,Asia,South-Eastern Asia,ANT,Antique,Bailan,11.4584,122.8301
PH,Philippines,Asia,South-Eastern Asia,ANT,Antique,Balabag,11.97,121.91917
PH,Philippines,Asia,South-Eastern Asia,ANT,Antique,Balibagan Oeste,10.8,122.51667
PH,Philippines,Asia,South-Eastern Asia,ANT,Antique,Baliwagan,10.3971,122.8911
PH,Philippines,Asia,South-Eastern Asia,ANT,Antique,Bancal,11.5591,123.1551
PH,Philippines,Asia,South-Eastern Asia,ANT,Antique,Barbaza,11.19572,122.03861
PH,Philippines,Asia,South-Eastern Asia,ANT,Antique,Basiao,11.54861,122.6375
PH,Philippines,Asia,South-Eastern Asia,ANT,Antique,Bay-ang,11.03472,122.94167
PH,Philippines,Asia,South-Eastern Asia,ANT,Antique,Bayas,11.4336,123.1816
PH,Philippines,Asia,South-Eastern Asia,ANT,Antique,Belison,10.8384,121.9605
PH,Philippines,Asia,South-Eastern Asia,ANT,Antique,Biao,10.1088,122.9772
PH,Philippines,Asia,South-Eastern Asia,ANT,Antique,Bilao,11.488,122.5599
PH,Philippines,Asia,South-Eastern Asia,ANT,Antique,Binabaan,11.0191,122.5221
PH,Philippines,Asia,South-Eastern Asia,ANT,Antique,Binantocan,11.4073,122.8602
PH,Philippines,Asia,South-Eastern Asia,ANT,Antique,Binon-an,11.3947,123.1426
PH,Philippines,Asia,South-Eastern Asia,ANT,Antique,Binonga,10.7719,122.9817
PH,Philippines,Asia,South-Eastern Asia,ANT,Antique,Bitadtun,11.4969,122.08511
PH,Philippines,Asia,South-Eastern Asia,ANT,Antique,Bocana,10.0116,122.7217
PH,Philippines,Asia,South-Eastern Asia,ANT,Antique,Bolanon,10.9171,123.4734
PH,Philippines,Asia,South-Eastern Asia,ANT,Antique,Bolilao,10.88333,122.73333
PH,Philippines,Asia,South-Eastern Asia,ANT,Antique,Bolo,11.54028,122.75722
PH,Philippines,Asia,South-Eastern Asia,ANT,Antique,Bolong,10.81667,122.51667
PH,Philippines,Asia,South-Eastern Asia,ANT,Antique,Brgy. Bachaw Norte Kalibo,11.71806,122.37806
PH,Philippines,Asia,South-Eastern Asia,ANT,Antique,Brgy. Bulwang Numancia,11.72194,122.36111
PH,Philippines,Asia,South-Eastern Asia,ANT,Antique,Brgy. Mabilo New Washington,11.67778,122.4075
PH,Philippines,Asia,South-Eastern Asia,ANT,Antique,Brgy. Nalook kalibo,11.68586,122.36916
PH,Philippines,Asia,South-Eastern Asia,ANT,Antique,Brgy. New Buswang Kalibo,11.71222,122.38472
PH,Philippines,Asia,South-Eastern Asia,ANT,Antique,Brgy. Tinigao Kalibo,11.7,122.36667
PH,Philippines,Asia,South-Eastern Asia,ANT,Antique,Buenavista,10.79874,123.5544
PH,Philippines,Asia,South-Eastern Asia,ANT,Antique,Buga,10.71667,122.26667
PH,Philippines,Asia,South-Eastern Asia,ANT,Antique,Bugang,10.74185,123.3933
PH,Philippines,Asia,South-Eastern Asia,ANT,Antique,Bugasong,11.04464,122.06463
PH,Philippines,Asia,South-Eastern Asia,ANT,Antique,Bulad,10.2548,122.9983
PH,Philippines,Asia,South-Eastern Asia,ANT,Antique,Bulata,9.8599,122.4016
PH,Philippines,Asia,South-Eastern Asia,ANT,Antique,Buluangan,10.38707,123.3381
PH,Philippines,Asia,South-Eastern Asia,ANT,Antique,Bungsuan,11.2404,122.6976
PH,Philippines,Asia,South-Eastern Asia,ANT,Antique,Buray,10.715,122.45944
PH,Philippines,Asia,South-Eastern Asia,ANT,Antique,Burias,11.4463,122.5497
PH,Philippines,Asia,South-Eastern Asia,ANT,Antique,Busay,10.5378,122.886
PH,Philippines,Asia,South-Eastern Asia,ANT,Antique,Buyuan,10.67086,122.3574
PH,Philippines,Asia,South-Eastern Asia,ANT,Antique,Cabacungan,10.3237,123.1331
PH,Philippines,Asia,South-Eastern Asia,ANT,Antique,Cabadiangan,9.7534,122.4739
PH,Philippines,Asia,South-Eastern Asia,ANT,Antique,Cabanbanan,10.0852,122.9579
PH,Philippines,Asia,South-Eastern Asia,ANT,Antique,Cabano,10.5869,122.7002
PH,Philippines,Asia,South-Eastern Asia,ANT,Antique,Cabilao,11.5396,123.1436
PH,Philippines,Asia,South-Eastern Asia,ANT,Antique,Cabilauan,10.89222,122.65917
PH,Philippines,Asia,South-Eastern Asia,ANT,Antique,Cabugao,10.81028,122.54472
PH,Philippines,Asia,South-Eastern Asia,ANT,Antique,Cadagmayan Norte,10.81667,122.5
PH,Philippines,Asia,South-Eastern Asia,ANT,Antique,Cagbang,10.7,122.49889
PH,Philippines,Asia,South-Eastern Asia,ANT,Antique,Calampisauan,10.60985,123.4765
PH,Philippines,Asia,South-Eastern Asia,ANT,Antique,Calape,10.2736,122.9743
PH,Philippines,Asia,South-Eastern Asia,ANT,Antique,Calaya,10.4916,122.6255
PH,Philippines,Asia,South-Eastern Asia,ANT,Antique,Calizo,11.5819,122.3857
PH,Philippines,Asia,South-Eastern Asia,ANT,Antique,Caluya,11.931,121.5477
PH,Philippines,Asia,South-Eastern Asia,ANT,Antique,Camalobalo,10.2731,122.9505
PH,Philippines,Asia,South-Eastern Asia,ANT,Antique,Camandag,10.33333,123.06667
PH,Philippines,Asia,South-Eastern Asia,ANT,Antique,Camangcamang,10.1791,122.9865
PH,Philippines,Asia,South-Eastern Asia,ANT,Antique,Camindangan,9.9184,122.6296
PH,Philippines,Asia,South-Eastern Asia,ANT,Antique,Camingawan,9.8958,122.8625
PH,Philippines,Asia,South-Eastern Asia,ANT,Antique,Caningay,9.8297,122.6442
PH,Philippines,Asia,South-Eastern Asia,ANT,Antique,Canroma,10.3606,122.879
PH,Philippines,Asia,South-Eastern Asia,ANT,Antique,Cansilayan,10.55976,123.0184
PH,Philippines,Asia,South-Eastern Asia,ANT,Antique,Cansolungon,10.151,122.9978
PH,Philippines,Asia,South-Eastern Asia,ANT,Antique,Canturay,9.7937,122.4543
PH,Philippines,Asia,South-Eastern Asia,ANT,Antique,Capaga,11.4379,122.7479
PH,Philippines,Asia,South-Eastern Asia,ANT,Antique,Capitan Ramon,10.7602,123.1148
PH,Philippines,Asia,South-Eastern Asia,ANT,Antique,Carabalan,10.0964,122.946
PH,Philippines,Asia,South-Eastern Asia,ANT,Antique,Caridad,10.4967,122.8974
PH,Philippines,Asia,South-Eastern Asia,ANT,Antique,Carmelo,11.01667,122.81667
PH,Philippines,Asia,South-Eastern Asia,ANT,Antique,Carmen Grande,10.3787,122.9156
PH,Philippines,Asia,South-Eastern Asia,ANT,Antique,Cartagena,9.8203,122.4004
PH,Philippines,Asia,South-Eastern Asia,ANT,Antique,Cassanayan,11.5169,123.0512
PH,Philippines,Asia,South-Eastern Asia,ANT,Antique,Caticlan,11.93337,121.95981
PH,Philippines,Asia,South-Eastern Asia,ANT,Antique,Catungan,10.7706,122.0149
PH,Philippines,Asia,South-Eastern Asia,ANT,Antique,Cayanguan,11.689,122.2909
PH,Philippines,Asia,South-Eastern Asia,ANT,Antique,Cayhagan,9.6783,122.4335
PH,Philippines,Asia,South-Eastern Asia,ANT,Antique,Cervantes,10.8726,123.5209
PH,Philippines,Asia,South-Eastern Asia,ANT,Antique,Chambrey,10.9768,123.1682
PH,Philippines,Asia,South-Eastern Asia,ANT,Antique,Codcod,10.46337,123.2495
PH,Philippines,Asia,South-Eastern Asia,ANT,Antique,Cogon,11.4641,122.803
PH,Philippines,Asia,South-Eastern Asia,ANT,Antique,Colipapa,9.4726,122.5616
PH,Philippines,Asia,South-Eastern Asia,ANT,Antique,Concepcion,10.692,123.0608
PH,Philippines,Asia,South-Eastern Asia,ANT,Antique,Concordia,10.50767,122.5496
PH,Philippines,Asia,South-Eastern Asia,ANT,Antique,Constancia,10.59596,122.6415
PH,Philippines,Asia,South-Eastern Asia,ANT,Antique,Consuelo,9.9996,122.758
PH,Philippines,Asia,South-Eastern Asia,ANT,Antique,Cortez,11.5301,122.3975
PH,Philippines,Asia,South-Eastern Asia,ANT,Antique,Culasi,11.42721,122.05601
PH,Philippines,Asia,South-Eastern Asia,ANT,Antique,Da-an Sur,11.2612,122.4202
PH,Philippines,Asia,South-Eastern Asia,ANT,Antique,Daliciasao,9.9859,122.7618
PH,Philippines,Asia,South-Eastern Asia,ANT,Antique,Damayan,11.4936,122.5531
PH,Philippines,Asia,South-Eastern Asia,ANT,Antique,Dancalan,9.9821,122.7386
PH,Philippines,Asia,South-Eastern Asia,ANT,Antique,Dapdapan,11.4943,122.6314
PH,Philippines,Asia,South-Eastern Asia,ANT,Antique,De la Paz,11.06444,122.77917
PH,Philippines,Asia,South-Eastern Asia,ANT,Antique,Dian-ay,10.83333,123.55
PH,Philippines,Asia,South-Eastern Asia,ANT,Antique,Dos Hermanas,10.7421,123.0377
PH,Philippines,Asia,South-Eastern Asia,ANT,Antique,Dulangan,11.4561,122.9557
PH,Philippines,Asia,South-Eastern Asia,ANT,Antique,Dulao,10.54176,122.9383
PH,Philippines,Asia,South-Eastern Asia,ANT,Antique,Dungon,11.7196,122.316
PH,Philippines,Asia,South-Eastern Asia,ANT,Antique,Duran,11.2618,122.5917
PH,Philippines,Asia,South-Eastern Asia,ANT,Antique,East Valencia,10.668,122.71
PH,Philippines,Asia,South-Eastern Asia,ANT,Antique,Egaña,10.7472,122.00984
PH,Philippines,Asia,South-Eastern Asia,ANT,Antique,Ermita,10.9,122.71667
PH,Philippines,Asia,South-Eastern Asia,ANT,Antique,Eustaquio Lopez,10.8195,123.0412
PH,Philippines,Asia,South-Eastern Asia,ANT,Antique,Feliciano,11.5787,122.3583
PH,Philippines,Asia,South-Eastern Asia,ANT,Antique,Gabi,11.5956,123.3376
PH,Philippines,Asia,South-Eastern Asia,ANT,Antique,Getulio,10.747,122.666
PH,Philippines,Asia,South-Eastern Asia,ANT,Antique,Gibato,11.2251,122.8143
PH,Philippines,Asia,South-Eastern Asia,ANT,Antique,Gibong,11.86338,122.03941
PH,Philippines,Asia,South-Eastern Asia,ANT,Antique,Gines-Patay,10.9357,122.4932
PH,Philippines,Asia,South-Eastern Asia,ANT,Antique,Granada,11.63333,123.35
PH,Philippines,Asia,South-Eastern Asia,ANT,Antique,Guadalupe,10.45447,123.3732
PH,Philippines,Asia,South-Eastern Asia,ANT,Antique,Guiljungan,9.9805,122.6742
PH,Philippines,Asia,South-Eastern Asia,ANT,Antique,Guinoaliuan,11.6576,122.3851
PH,Philippines,Asia,South-Eastern Asia,ANT,Antique,Guinticgan,11.5641,123.1236
PH,Philippines,Asia,South-Eastern Asia,ANT,Antique,Guintubhan,10.2074,122.9627
PH,Philippines,Asia,South-Eastern Asia,ANT,Antique,Guisijan,11.0932,122.0461
PH,Philippines,Asia,South-Eastern Asia,ANT,Antique,Hacienda Refugio,10.52166,123.4445
PH,Philippines,Asia,South-Eastern Asia,ANT,Antique,Hacienda Santa Rosa,10.57226,123.1012
PH,Philippines,Asia,South-Eastern Asia,ANT,Antique,Haguimit,10.3999,123.0178
PH,Philippines,Asia,South-Eastern Asia,ANT,Antique,Hamtic,10.7023,121.9824
PH,Philippines,Asia,South-Eastern Asia,ANT,Antique,Himaya,10.4516,122.8325
PH,Philippines,Asia,South-Eastern Asia,ANT,Antique,Hipona,11.4174,122.8825
PH,Philippines,Asia,South-Eastern Asia,ANT,Antique,Idio,11.6238,122.0979
PH,Philippines,Asia,South-Eastern Asia,ANT,Antique,Igang,10.916,122.6388
PH,Philippines,Asia,South-Eastern Asia,ANT,Antique,Igbon,11.2142,123.1655
PH,Philippines,Asia,South-Eastern Asia,ANT,Antique,Igcocolo,10.68966,122.3193
PH,Philippines,Asia,South-Eastern Asia,ANT,Antique,Igmaya-an,10.54986,123.2206
PH,Philippines,Asia,South-Eastern Asia,ANT,Antique,Imbang,10.7967,123.0213
PH,Philippines,Asia,South-Eastern Asia,ANT,Antique,Inayauan,9.9005,122.434
PH,Philippines,Asia,South-Eastern Asia,ANT,Antique,Intampilan,11.4813,122.7434
PH,Philippines,Asia,South-Eastern Asia,ANT,Antique,Jaena,11.41667,122.4
PH,Philippines,Asia,South-Eastern Asia,ANT,Antique,Jaguimitan,11.14,122.7236
PH,Philippines,Asia,South-Eastern Asia,ANT,Antique,Jalaud,10.8436,122.6404
PH,Philippines,Asia,South-Eastern Asia,ANT,Antique,Jamabalod,10.8788,122.6212
PH,Philippines,Asia,South-Eastern Asia,ANT,Antique,Japitan,10.76524,123.5444
PH,Philippines,Asia,South-Eastern Asia,ANT,Antique,Jarigue,11.86538,121.44041
PH,Philippines,Asia,South-Eastern Asia,ANT,Antique,Jayubó,11.05,122.38333
PH,Philippines,Asia,South-Eastern Asia,ANT,Antique,Jibao-an,10.78333,122.5
PH,Philippines,Asia,South-Eastern Asia,ANT,Antique,Kabilauan,10.861,122.5734
PH,Philippines,Asia,South-Eastern Asia,ANT,Antique,Kalibo (poblacion),11.70611,122.36444
PH,Philippines,Asia,South-Eastern Asia,ANT,Antique,Kaliling,9.9804,122.4814
PH,Philippines,Asia,South-Eastern Asia,ANT,Antique,Kumalisquis,10.50726,123.203
PH,Philippines,Asia,South-Eastern Asia,ANT,Antique,La Granja,10.4082,122.9898
PH,Philippines,Asia,South-Eastern Asia,ANT,Antique,La Paz,10.4131,122.5162
PH,Philippines,Asia,South-Eastern Asia,ANT,Antique,Lacaron,11.422,122.7422
PH,Philippines,Asia,South-Eastern Asia,ANT,Antique,Lalab,11.5749,122.4284
PH,Philippines,Asia,South-Eastern Asia,ANT,Antique,Lalagsan,10.2824,123.013
PH,Philippines,Asia,South-Eastern Asia,ANT,Antique,Lañgub,10.79754,123.5338
PH,Philippines,Asia,South-Eastern Asia,ANT,Antique,Lanot,11.51917,122.75722
PH,Philippines,Asia,South-Eastern Asia,ANT,Antique,Lantangan,11.5882,123.3256
PH,Philippines,Asia,South-Eastern Asia,ANT,Antique,Lawigan,10.48562,122.04442
PH,Philippines,Asia,South-Eastern Asia,ANT,Antique,Libertad,11.03528,122.76944
PH,Philippines,Asia,South-Eastern Asia,ANT,Antique,Linabuan,11.651,122.3575
PH,Philippines,Asia,South-Eastern Asia,ANT,Antique,Linabuan Sur,11.65111,122.345
PH,Philippines,Asia,South-Eastern Asia,ANT,Antique,Linaon,9.9499,122.4483
PH,Philippines,Asia,South-Eastern Asia,ANT,Antique,Locmayan,10.4726,122.519
PH,Philippines,Asia,South-Eastern Asia,ANT,Antique,Lono,11.51361,122.72972
PH,Philippines,Asia,South-Eastern Asia,ANT,Antique,Lonoy,11.51222,122.55333
PH,Philippines,Asia,South-Eastern Asia,ANT,Antique,Lucero,11.4542,122.46431
PH,Philippines,Asia,South-Eastern Asia,ANT,Antique,Luna,10.969,123.2419
PH,Philippines,Asia,South-Eastern Asia,ANT,Antique,Lupo,11.5076,122.4791
PH,Philippines,Asia,South-Eastern Asia,ANT,Antique,Maao,10.4896,122.9907
PH,Philippines,Asia,South-Eastern Asia,ANT,Antique,Maasin,10.8925,122.43472
PH,Philippines,Asia,South-Eastern Asia,ANT,Antique,Mabini,10.79594,123.4846
PH,Philippines,Asia,South-Eastern Asia,ANT,Antique,Magallon Cadre,10.2885,123.0922
PH,Philippines,Asia,South-Eastern Asia,ANT,Antique,Magdalena,10.4236,121.9751
PH,Philippines,Asia,South-Eastern Asia,ANT,Antique,Malabonot,11.96817,121.92021
PH,Philippines,Asia,South-Eastern Asia,ANT,Antique,Malabor,11.27292,122.04661
PH,Philippines,Asia,South-Eastern Asia,ANT,Antique,Malangabang,11.2367,123.2062
PH,Philippines,Asia,South-Eastern Asia,ANT,Antique,Malayo-an,11.0979,123.0091
PH,Philippines,Asia,South-Eastern Asia,ANT,Antique,Malocloc,11.50583,122.67833
PH,Philippines,Asia,South-Eastern Asia,ANT,Antique,Maloco,11.7832,122.152
PH,Philippines,Asia,South-Eastern Asia,ANT,Antique,Mambagatan,10.1093,122.8882
PH,Philippines,Asia,South-Eastern Asia,ANT,Antique,Manalad,10.0056,122.7769
PH,Philippines,Asia,South-Eastern Asia,ANT,Antique,Mangoso,11.4175,122.6382
PH,Philippines,Asia,South-Eastern Asia,ANT,Antique,Manika,11.38801,122.27931
PH,Philippines,Asia,South-Eastern Asia,ANT,Antique,Manjoy,11.3534,122.6663
PH,Philippines,Asia,South-Eastern Asia,ANT,Antique,Manlucahoc,9.7399,122.498
PH,Philippines,Asia,South-Eastern Asia,ANT,Antique,Manoc-Manoc,11.94157,121.94281
PH,Philippines,Asia,South-Eastern Asia,ANT,Antique,Mansilingan,10.63111,122.97889
PH,Philippines,Asia,South-Eastern Asia,ANT,Antique,Manup,11.5315,122.498
PH,Philippines,Asia,South-Eastern Asia,ANT,Antique,Mapili,11.1081,122.7393
PH,Philippines,Asia,South-Eastern Asia,ANT,Antique,Maquiling,10.78094,123.3938
PH,Philippines,Asia,South-Eastern Asia,ANT,Antique,Marawis,10.2453,122.8869
PH,Philippines,Asia,South-Eastern Asia,ANT,Antique,Maribong,11.1,122.53333
PH,Philippines,Asia,South-Eastern Asia,ANT,Antique,Maricalom,9.7049,122.4188
PH,Philippines,Asia,South-Eastern Asia,ANT,Antique,Masaling,9.9818,122.5369
PH,Philippines,Asia,South-Eastern Asia,ANT,Antique,Masonogan,11.3686,122.6753
PH,Philippines,Asia,South-Eastern Asia,ANT,Antique,Mianay,11.4716,122.7011
PH,Philippines,Asia,South-Eastern Asia,ANT,Antique,Minapasoc,10.69885,123.349
PH,Philippines,Asia,South-Eastern Asia,ANT,Antique,Minuyan,10.51366,123.1049
PH,Philippines,Asia,South-Eastern Asia,ANT,Antique,Miranda,10.3047,122.8778
PH,Philippines,Asia,South-Eastern Asia,ANT,Antique,Monpon,10.91194,122.63778
PH,Philippines,Asia,South-Eastern Asia,ANT,Antique,Montilla,10.2027,122.9261
PH,Philippines,Asia,South-Eastern Asia,ANT,Antique,Morales,11.5456,122.3764
PH,Philippines,Asia,South-Eastern Asia,ANT,Antique,Morobuan,10.62566,122.5547
PH,Philippines,Asia,South-Eastern Asia,ANT,Antique,Nabulao,9.6616,122.4577
PH,Philippines,Asia,South-Eastern Asia,ANT,Antique,Naili,11.7666,122.1765
PH,Philippines,Asia,South-Eastern Asia,ANT,Antique,Naisud,11.8058,122.1939
PH,Philippines,Asia,South-Eastern Asia,ANT,Antique,Nangka,10.85564,123.0359
PH,Philippines,Asia,South-Eastern Asia,ANT,Antique,Napnapan,10.70845,122.393
PH,Philippines,Asia,South-Eastern Asia,ANT,Antique,Napoles,10.504,122.8979
PH,Philippines,Asia,South-Eastern Asia,ANT,Antique,Nato,10.1492,122.8619
PH,Philippines,Asia,South-Eastern Asia,ANT,Antique,New Pandanon,10.55696,123.1475
PH,Philippines,Asia,South-Eastern Asia,ANT,Antique,Ochanado,11.6139,122.4833
PH,Philippines,Asia,South-Eastern Asia,ANT,Antique,Odiong,10.2858,123.0526
PH,Philippines,Asia,South-Eastern Asia,ANT,Antique,Ogtongon,10.77334,123.52
PH,Philippines,Asia,South-Eastern Asia,ANT,Antique,Ondoy,11.81917,122.12611
PH,Philippines,Asia,South-Eastern Asia,ANT,Antique,Oracon,10.4782,122.5839
PH,Philippines,Asia,South-Eastern Asia,ANT,Antique,Orong,9.9373,122.829
PH,Philippines,Asia,South-Eastern Asia,ANT,Antique,Pacol,10.45,122.81667
PH,Philippines,Asia,South-Eastern Asia,ANT,Antique,Pakiad,10.71278,122.52417
PH,Philippines,Asia,South-Eastern Asia,ANT,Antique,Palampas,10.52506,123.4208
PH,Philippines,Asia,South-Eastern Asia,ANT,Antique,Panayacan,11.7603,122.2236
PH,Philippines,Asia,South-Eastern Asia,ANT,Antique,Pandan,11.7195,122.0949
PH,Philippines,Asia,South-Eastern Asia,ANT,Antique,Paraiso,10.8849,123.3627
PH,Philippines,Asia,South-Eastern Asia,ANT,Antique,Parion,11.4748,122.6972
PH,Philippines,Asia,South-Eastern Asia,ANT,Antique,Pasil,10.8378,122.6098
PH,Philippines,Asia,South-Eastern Asia,ANT,Antique,Patique,10.237,122.8993
PH,Philippines,Asia,South-Eastern Asia,ANT,Antique,Patnongon,10.9132,121.9937
PH,Philippines,Asia,South-Eastern Asia,ANT,Antique,Patonan,10.56816,123.4723
PH,Philippines,Asia,South-Eastern Asia,ANT,Antique,Patria,11.7403,122.0171
PH,Philippines,Asia,South-Eastern Asia,ANT,Antique,Pawa,11.56285,122.81736
PH,Philippines,Asia,South-Eastern Asia,ANT,Antique,Payao,10.1785,122.9236
PH,Philippines,Asia,South-Eastern Asia,ANT,Antique,Piape I,10.7288,121.9724
PH,Philippines,Asia,South-Eastern Asia,ANT,Antique,Piña,10.63956,122.6382
PH,Philippines,Asia,South-Eastern Asia,ANT,Antique,Platagata,11.303,123.1567
PH,Philippines,Asia,South-Eastern Asia,ANT,Antique,Polo,11.5844,122.3122
PH,Philippines,Asia,South-Eastern Asia,ANT,Antique,Polopina,11.2068,123.1659
PH,Philippines,Asia,South-Eastern Asia,ANT,Antique,Ponong,11.0829,122.6261
PH,Philippines,Asia,South-Eastern Asia,ANT,Antique,Prosperidad,10.51596,123.3085
PH,Philippines,Asia,South-Eastern Asia,ANT,Antique,Punao,10.56516,123.408
PH,Philippines,Asia,South-Eastern Asia,ANT,Antique,Quezon,10.43617,123.2604
PH,Philippines,Asia,South-Eastern Asia,ANT,Antique,Quinagaringan,11.1222,122.5875
PH,Philippines,Asia,South-Eastern Asia,ANT,Antique,Quipot,11.28333,123
PH,Philippines,Asia,South-Eastern Asia,ANT,Antique,Rizal,10.8807,123.4178
PH,Philippines,Asia,South-Eastern Asia,ANT,Antique,Sagang,10.3612,123.0722
PH,Philippines,Asia,South-Eastern Asia,ANT,Antique,Sagasa,10.468,122.8939
PH,Philippines,Asia,South-Eastern Asia,ANT,Antique,Salamanca,10.74655,123.53
PH,Philippines,Asia,South-Eastern Asia,ANT,Antique,Salvacion,10.68333,122.61667
PH,Philippines,Asia,South-Eastern Asia,ANT,Antique,San Antonio,10.8,122.45
PH,Philippines,Asia,South-Eastern Asia,ANT,Antique,San Joaquin,10.588,122.1397
PH,Philippines,Asia,South-Eastern Asia,ANT,Antique,San Juan,10.3865,122.8651
PH,Philippines,Asia,South-Eastern Asia,ANT,Antique,San Pedro,10.8018,121.9499
PH,Philippines,Asia,South-Eastern Asia,ANT,Antique,San Rafael,11.1781,122.8273
PH,Philippines,Asia,South-Eastern Asia,ANT,Antique,San Remigio,10.83278,122.0875
PH,Philippines,Asia,South-Eastern Asia,ANT,Antique,San Salvador,11.00278,122.83528
PH,Philippines,Asia,South-Eastern Asia,ANT,Antique,Santa Angel,11.3068,122.6408
PH,Philippines,Asia,South-Eastern Asia,ANT,Antique,Santa Cruz,10.63376,123.0821
PH,Philippines,Asia,South-Eastern Asia,ANT,Antique,Santa Teresa,10.58546,122.5604
PH,Philippines,Asia,South-Eastern Asia,ANT,Antique,Santiago,11.05806,122.91167
PH,Philippines,Asia,South-Eastern Asia,ANT,Antique,Saravia,10.87754,122.9677
PH,Philippines,Asia,South-Eastern Asia,ANT,Antique,Sebaste,11.5901,122.0945
PH,Philippines,Asia,South-Eastern Asia,ANT,Antique,Semirara,12.06967,121.39861
PH,Philippines,Asia,South-Eastern Asia,ANT,Antique,Sibaguan,11.55778,122.71389
PH,Philippines,Asia,South-Eastern Asia,ANT,Antique,Sibalom,10.79,122.0178
PH,Philippines,Asia,South-Eastern Asia,ANT,Antique,Sibucao,10.4179,122.887
PH,Philippines,Asia,South-Eastern Asia,ANT,Antique,Suay,10.0533,122.8423
PH,Philippines,Asia,South-Eastern Asia,ANT,Antique,Sulangan,10.83,122.69
PH,Philippines,Asia,South-Eastern Asia,ANT,Antique,Sumag,10.60139,122.91924
PH,Philippines,Asia,South-Eastern Asia,ANT,Antique,Tabu,9.8923,122.7098
PH,Philippines,Asia,South-Eastern Asia,ANT,Antique,Tabuc Pontevedra,11.48333,122.81667
PH,Philippines,Asia,South-Eastern Asia,ANT,Antique,Talaban,10.1254,122.8671
PH,Philippines,Asia,South-Eastern Asia,ANT,Antique,Talisay,10.7375,122.9666
PH,Philippines,Asia,South-Eastern Asia,ANT,Antique,Taloc,10.5746,122.8954
PH,Philippines,Asia,South-Eastern Asia,ANT,Antique,Talokgañgan,11.00778,122.845
PH,Philippines,Asia,South-Eastern Asia,ANT,Antique,Talon,11.56,122.68111
PH,Philippines,Asia,South-Eastern Asia,ANT,Antique,Tambac,11.6705,122.4112
PH,Philippines,Asia,South-Eastern Asia,ANT,Antique,Tambalisa,11.2698,123.165
PH,Philippines,Asia,South-Eastern Asia,ANT,Antique,Tamlang,10.82544,123.4541
PH,Philippines,Asia,South-Eastern Asia,ANT,Antique,Tapas,11.2613,122.5364
PH,Philippines,Asia,South-Eastern Asia,ANT,Antique,Tarong,11.5314,123.132
PH,Philippines,Asia,South-Eastern Asia,ANT,Antique,Tibiao,11.29152,122.03541
PH,Philippines,Asia,South-Eastern Asia,ANT,Antique,Tiglauigan,10.9527,123.3575
PH,Philippines,Asia,South-Eastern Asia,ANT,Antique,Tigum,10.78333,122.56667
PH,Philippines,Asia,South-Eastern Asia,ANT,Antique,Tiling,9.9736,122.6544
PH,Philippines,Asia,South-Eastern Asia,ANT,Antique,Timpas,11.479,122.7324
PH,Philippines,Asia,South-Eastern Asia,ANT,Antique,Tinogboc,12.00737,121.41221
PH,Philippines,Asia,South-Eastern Asia,ANT,Antique,Tinongan,10.215,123.03528
PH,Philippines,Asia,South-Eastern Asia,ANT,Antique,Tiring,10.85,122.5067
PH,Philippines,Asia,South-Eastern Asia,ANT,Antique,Tiwi,10.92972,122.73417
PH,Philippines,Asia,South-Eastern Asia,ANT,Antique,Tobias Fornier,10.515,121.9461
PH,Philippines,Asia,South-Eastern Asia,ANT,Antique,Tortosa,10.93294,123.09
PH,Philippines,Asia,South-Eastern Asia,ANT,Antique,Trapiche,10.68417,122.43222
PH,Philippines,Asia,South-Eastern Asia,ANT,Antique,Tugas,11.613,122.3822
PH,Philippines,Asia,South-Eastern Asia,ANT,Antique,Tumcon Ilawod,10.91667,122.66667
PH,Philippines,Asia,South-Eastern Asia,ANT,Antique,Tuyum,9.9769,122.5582
PH,Philippines,Asia,South-Eastern Asia,ANT,Antique,Ualog,10.57396,123.3933
PH,Philippines,Asia,South-Eastern Asia,ANT,Antique,Ungca,10.75,122.55
PH,Philippines,Asia,South-Eastern Asia,ANT,Antique,Unidos,11.90677,122.00051
PH,Philippines,Asia,South-Eastern Asia,ANT,Antique,Union,11.7612,121.8963
PH,Philippines,Asia,South-Eastern Asia,ANT,Antique,Valderrama,11.40591,122.08371
PH,Philippines,Asia,South-Eastern Asia,ANT,Antique,Viejo Daan Banua,10.90354,123.0597
PH,Philippines,Asia,South-Eastern Asia,ANT,Antique,Vista Alegre,9.9984,122.7663
PH,Philippines,Asia,South-Eastern Asia,ANT,Antique,Vito,10.9031,123.5154
PH,Philippines,Asia,South-Eastern Asia,ANT,Antique,Yapak,11.95,121.93333
PH,Philippines,Asia,South-Eastern Asia,ANT,Antique,Yubo,10.3896,123.069
PH,Philippines,Asia,South-Eastern Asia,APA,Apayao,Calanasan,18.2579786,120.7118732
PH,Philippines,Asia,South-Eastern Asia,APA,Apayao,Conner,17.7749544,121.0992509
PH,Philippines,Asia,South-Eastern Asia,APA,Apayao,Flora,18.1188018,121.2451872
PH,Philippines,Asia,South-Eastern Asia,APA,Apayao,Kabugao,18.0264324,120.8260307
PH,Philippines,Asia,South-Eastern Asia,APA,Apayao,Luna,18.3499002,121.0905391
PH,Philippines,Asia,South-Eastern Asia,APA,Apayao,Pudtol,18.1380891,121.1509451
PH,Philippines,Asia,South-Eastern Asia,APA,Apayao,Santa Marcela,18.2932064,121.3990749
PH,Philippines,Asia,South-Eastern Asia,AUR,Aurora,Baler,15.7523269,121.489044
PH,Philippines,Asia,South-Eastern Asia,AUR,Aurora,Casiguran,16.2094119,121.8939384
PH,Philippines,Asia,South-Eastern Asia,AUR,Aurora,Dilasag,16.433072,121.9613584
PH,Philippines,Asia,South-Eastern Asia,AUR,Aurora,Dinalungan,16.1763753,121.6957124
PH,Philippines,Asia,South-Eastern Asia,AUR,Aurora,Dingalan,15.2414208,121.2337716
PH,Philippines,Asia,South-Eastern Asia,AUR,Aurora,Dipaculao,15.9842082,121.4594205
PH,Philippines,Asia,South-Eastern Asia,AUR,Aurora,Maria Aurora,15.8014063,121.23728
PH,Philippines,Asia,South-Eastern Asia,AUR,Aurora,San Luis,15.6233431,121.3014062
PH,Philippines,Asia,South-Eastern Asia,14,Autonomous Region in Muslim Mindanao,Andalan,5.95944,121.39028
PH,Philippines,Asia,South-Eastern Asia,14,Autonomous Region in Muslim Mindanao,Anuling,6.03556,121.00667
PH,Philippines,Asia,South-Eastern Asia,14,Autonomous Region in Muslim Mindanao,Awang,7.15306,124.22111
PH,Philippines,Asia,South-Eastern Asia,14,Autonomous Region in Muslim Mindanao,Bacayawan,7.76667,124.23333
PH,Philippines,Asia,South-Eastern Asia,14,Autonomous Region in Muslim Mindanao,Badak,6.84722,124.72056
PH,Philippines,Asia,South-Eastern Asia,14,Autonomous Region in Muslim Mindanao,Bagan,6.92556,124.42028
PH,Philippines,Asia,South-Eastern Asia,14,Autonomous Region in Muslim Mindanao,Baka,7.27611,124.26417
PH,Philippines,Asia,South-Eastern Asia,14,Autonomous Region in Muslim Mindanao,Bakung,4.89111,119.79417
PH,Philippines,Asia,South-Eastern Asia,14,Autonomous Region in Muslim Mindanao,Balas,6.6875,122.13806
PH,Philippines,Asia,South-Eastern Asia,14,Autonomous Region in Muslim Mindanao,Balimbing,5.0825,119.96583
PH,Philippines,Asia,South-Eastern Asia,14,Autonomous Region in Muslim Mindanao,Bangkal,6.06667,121.06667
PH,Philippines,Asia,South-Eastern Asia,14,Autonomous Region in Muslim Mindanao,Bankaw,5.0192,120.0091
PH,Philippines,Asia,South-Eastern Asia,14,Autonomous Region in Muslim Mindanao,Barurao,6.89806,124.5975
PH,Philippines,Asia,South-Eastern Asia,14,Autonomous Region in Muslim Mindanao,Bato Bato,6.0344,120.9463
PH,Philippines,Asia,South-Eastern Asia,14,Autonomous Region in Muslim Mindanao,Baunu-Timbangan,6.00547,120.99406
PH,Philippines,Asia,South-Eastern Asia,14,Autonomous Region in Muslim Mindanao,Bawison,5.9375,120.8745
PH,Philippines,Asia,South-Eastern Asia,14,Autonomous Region in Muslim Mindanao,Bayanga,7.52139,124.25222
PH,Philippines,Asia,South-Eastern Asia,14,Autonomous Region in Muslim Mindanao,Begang,6.6909,122.0168
PH,Philippines,Asia,South-Eastern Asia,14,Autonomous Region in Muslim Mindanao,Binuang,5.95694,121.06
PH,Philippines,Asia,South-Eastern Asia,14,Autonomous Region in Muslim Mindanao,Blinsung,7.01806,124.18056
PH,Philippines,Asia,South-Eastern Asia,14,Autonomous Region in Muslim Mindanao,Bongued,7.11667,124.4
PH,Philippines,Asia,South-Eastern Asia,14,Autonomous Region in Muslim Mindanao,Bualan,7.75,124.26667
PH,Philippines,Asia,South-Eastern Asia,14,Autonomous Region in Muslim Mindanao,Buan,5.1608,120.0426
PH,Philippines,Asia,South-Eastern Asia,14,Autonomous Region in Muslim Mindanao,Buansa,6.0258,120.9614
PH,Philippines,Asia,South-Eastern Asia,14,Autonomous Region in Muslim Mindanao,Budta,7.20417,124.43972
PH,Philippines,Asia,South-Eastern Asia,14,Autonomous Region in Muslim Mindanao,Bugasan,7.44083,124.25917
PH,Philippines,Asia,South-Eastern Asia,14,Autonomous Region in Muslim Mindanao,Buliok,7.01667,124.7
PH,Philippines,Asia,South-Eastern Asia,14,Autonomous Region in Muslim Mindanao,Bulit,7.11528,124.78944
PH,Philippines,Asia,South-Eastern Asia,14,Autonomous Region in Muslim Mindanao,Bumbaran,7.8,124.65
PH,Philippines,Asia,South-Eastern Asia,14,Autonomous Region in Muslim Mindanao,City of Isabela,6.70407,121.97117
PH,Philippines,Asia,South-Eastern Asia,14,Autonomous Region in Muslim Mindanao,Colonia,6.64361,122.1575
PH,Philippines,Asia,South-Eastern Asia,14,Autonomous Region in Muslim Mindanao,Cotabato,7.22361,124.24639
PH,Philippines,Asia,South-Eastern Asia,14,Autonomous Region in Muslim Mindanao,Dado,7.05,124.45972
PH,Philippines,Asia,South-Eastern Asia,14,Autonomous Region in Muslim Mindanao,Dadus,7.0575,124.32167
PH,Philippines,Asia,South-Eastern Asia,14,Autonomous Region in Muslim Mindanao,Dalican,6.96667,124.4
PH,Philippines,Asia,South-Eastern Asia,14,Autonomous Region in Muslim Mindanao,Dalumangcob,7.21667,124.3
PH,Philippines,Asia,South-Eastern Asia,14,Autonomous Region in Muslim Mindanao,Damabalas,7.01556,124.51417
PH,Philippines,Asia,South-Eastern Asia,14,Autonomous Region in Muslim Mindanao,Damatulan,7.03889,124.48278
PH,Philippines,Asia,South-Eastern Asia,14,Autonomous Region in Muslim Mindanao,Digal,6.75306,124.79639
PH,Philippines,Asia,South-Eastern Asia,14,Autonomous Region in Muslim Mindanao,Dinaig,7.02556,124.315
PH,Philippines,Asia,South-Eastern Asia,14,Autonomous Region in Muslim Mindanao,Dinganen,7.32833,124.37833
PH,Philippines,Asia,South-Eastern Asia,14,Autonomous Region in Muslim Mindanao,Ebcor Town,7.44056,124.39722
PH,Philippines,Asia,South-Eastern Asia,14,Autonomous Region in Muslim Mindanao,Gang,7.24583,124.26639
PH,Philippines,Asia,South-Eastern Asia,14,Autonomous Region in Muslim Mindanao,Guiong,6.41861,122.02583
PH,Philippines,Asia,South-Eastern Asia,14,Autonomous Region in Muslim Mindanao,Idtig,6.79889,124.77278
PH,Philippines,Asia,South-Eastern Asia,14,Autonomous Region in Muslim Mindanao,Kabasalan,7.06667,124.65
PH,Philippines,Asia,South-Eastern Asia,14,Autonomous Region in Muslim Mindanao,Kagay,6.0088,120.9074
PH,Philippines,Asia,South-Eastern Asia,14,Autonomous Region in Muslim Mindanao,Kajatian,6.03111,120.99194
PH,Philippines,Asia,South-Eastern Asia,14,Autonomous Region in Muslim Mindanao,Kalang,5.91972,121.36306
PH,Philippines,Asia,South-Eastern Asia,14,Autonomous Region in Muslim Mindanao,Kalbugan,6.95972,124.65917
PH,Philippines,Asia,South-Eastern Asia,14,Autonomous Region in Muslim Mindanao,Kambing,5.94646,121.30757
PH,Philippines,Asia,South-Eastern Asia,14,Autonomous Region in Muslim Mindanao,Kanlagay,5.87568,121.29146
PH,Philippines,Asia,South-Eastern Asia,14,Autonomous Region in Muslim Mindanao,Kansipati,6.00111,121.23444
PH,Philippines,Asia,South-Eastern Asia,14,Autonomous Region in Muslim Mindanao,Karungdong,5.8844,121.263
PH,Philippines,Asia,South-Eastern Asia,14,Autonomous Region in Muslim Mindanao,Katico,6.7583595,124.725573
PH,Philippines,Asia,South-Eastern Asia,14,Autonomous Region in Muslim Mindanao,Katidtuan,7.18861,124.31528
PH,Philippines,Asia,South-Eastern Asia,14,Autonomous Region in Muslim Mindanao,Katuli,7.43333,124.21667
PH,Philippines,Asia,South-Eastern Asia,14,Autonomous Region in Muslim Mindanao,Kauran,6.7794587,124.4775827
PH,Philippines,Asia,South-Eastern Asia,14,Autonomous Region in Muslim Mindanao,Kitango,6.94833,124.44111
PH,Philippines,Asia,South-Eastern Asia,14,Autonomous Region in Muslim Mindanao,Kitapak,6.95333,124.42556
PH,Philippines,Asia,South-Eastern Asia,14,Autonomous Region in Muslim Mindanao,Kolape,5.07028,119.89694
PH,Philippines,Asia,South-Eastern Asia,14,Autonomous Region in Muslim Mindanao,Kulase,5.9052,120.9569
PH,Philippines,Asia,South-Eastern Asia,14,Autonomous Region in Muslim Mindanao,Kulay-Kulay,5.94528,121.2325
PH,Philippines,Asia,South-Eastern Asia,14,Autonomous Region in Muslim Mindanao,Kulempang,7.51944,124.38972
PH,Philippines,Asia,South-Eastern Asia,14,Autonomous Region in Muslim Mindanao,Kungtad,5.5572,120.8472
PH,Philippines,Asia,South-Eastern Asia,14,Autonomous Region in Muslim Mindanao,Labuñgan,7.10306,124.235
PH,Philippines,Asia,South-Eastern Asia,14,Autonomous Region in Muslim Mindanao,Laminusa,5.5549,120.9136
PH,Philippines,Asia,South-Eastern Asia,14,Autonomous Region in Muslim Mindanao,Lamitan City,6.6502,122.12952
PH,Philippines,Asia,South-Eastern Asia,14,Autonomous Region in Muslim Mindanao,Langpas,5.975,120.949
PH,Philippines,Asia,South-Eastern Asia,14,Autonomous Region in Muslim Mindanao,Larap,4.76154,119.40511
PH,Philippines,Asia,South-Eastern Asia,14,Autonomous Region in Muslim Mindanao,Latung,5.5,120.88333
PH,Philippines,Asia,South-Eastern Asia,14,Autonomous Region in Muslim Mindanao,Layog,7.07667,124.73056
PH,Philippines,Asia,South-Eastern Asia,14,Autonomous Region in Muslim Mindanao,Ligayan,4.65442,119.47062
PH,Philippines,Asia,South-Eastern Asia,14,Autonomous Region in Muslim Mindanao,Limbo,7.25167,124.24389
PH,Philippines,Asia,South-Eastern Asia,14,Autonomous Region in Muslim Mindanao,Litayan,7.33583,124.03472
PH,Philippines,Asia,South-Eastern Asia,14,Autonomous Region in Muslim Mindanao,Lookan,5.037,120.1027
PH,Philippines,Asia,South-Eastern Asia,14,Autonomous Region in Muslim Mindanao,Lu-uk,5.9684,121.3122
PH,Philippines,Asia,South-Eastern Asia,14,Autonomous Region in Muslim Mindanao,Lumbac,7.73417,124.25278
PH,Philippines,Asia,South-Eastern Asia,14,Autonomous Region in Muslim Mindanao,Luuk Datan,4.81194,119.84528
PH,Philippines,Asia,South-Eastern Asia,14,Autonomous Region in Muslim Mindanao,Maganoy,6.86472,124.44167
PH,Philippines,Asia,South-Eastern Asia,14,Autonomous Region in Muslim Mindanao,Mahala,5.91667,121.13333
PH,Philippines,Asia,South-Eastern Asia,14,Autonomous Region in Muslim Mindanao,Makir,7.03083,124.30417
PH,Philippines,Asia,South-Eastern Asia,14,Autonomous Region in Muslim Mindanao,Maluso,6.543,121.8753
PH,Philippines,Asia,South-Eastern Asia,14,Autonomous Region in Muslim Mindanao,Manubul,5.4732,120.7986
PH,Philippines,Asia,South-Eastern Asia,14,Autonomous Region in Muslim Mindanao,Manuk Mangkaw,4.8064495,119.8352764
PH,Philippines,Asia,South-Eastern Asia,14,Autonomous Region in Muslim Mindanao,Marawi City,8.0034,124.28395
PH,Philippines,Asia,South-Eastern Asia,14,Autonomous Region in Muslim Mindanao,Marsada,5.93139,121.10694
PH,Philippines,Asia,South-Eastern Asia,14,Autonomous Region in Muslim Mindanao,Mataya,7.47111,124.37194
PH,Philippines,Asia,South-Eastern Asia,14,Autonomous Region in Muslim Mindanao,Mauboh,5.99,121.09361
PH,Philippines,Asia,South-Eastern Asia,14,Autonomous Region in Muslim Mindanao,Mileb,6.89861,124.58389
PH,Philippines,Asia,South-Eastern Asia,14,Autonomous Region in Muslim Mindanao,New Batu Batu,5.06667,119.88333
PH,Philippines,Asia,South-Eastern Asia,14,Autonomous Region in Muslim Mindanao,Nuyo,7.41806,124.41083
PH,Philippines,Asia,South-Eastern Asia,14,Autonomous Region in Muslim Mindanao,Pagatin,6.97306,124.47528
PH,Philippines,Asia,South-Eastern Asia,14,Autonomous Region in Muslim Mindanao,Paitan,6.6576809,124.8737464
PH,Philippines,Asia,South-Eastern Asia,14,Autonomous Region in Muslim Mindanao,Panabuan,5.9616,120.9627
PH,Philippines,Asia,South-Eastern Asia,14,Autonomous Region in Muslim Mindanao,Panadtaban,6.90083,124.64278
PH,Philippines,Asia,South-Eastern Asia,14,Autonomous Region in Muslim Mindanao,Pandakan,5.98889,121.16583
PH,Philippines,Asia,South-Eastern Asia,14,Autonomous Region in Muslim Mindanao,Pandan Niog,6.2282,120.5631
PH,Philippines,Asia,South-Eastern Asia,14,Autonomous Region in Muslim Mindanao,Pang,5.94837,121.2883
PH,Philippines,Asia,South-Eastern Asia,14,Autonomous Region in Muslim Mindanao,Parangan,5.08389,119.93833
PH,Philippines,Asia,South-Eastern Asia,14,Autonomous Region in Muslim Mindanao,Parian Dakula,5.55667,120.77194
PH,Philippines,Asia,South-Eastern Asia,14,Autonomous Region in Muslim Mindanao,Pawak,8.01634,124.25647
PH,Philippines,Asia,South-Eastern Asia,14,Autonomous Region in Muslim Mindanao,Payuhan,5.94167,120.90111
PH,Philippines,Asia,South-Eastern Asia,14,Autonomous Region in Muslim Mindanao,Pidsandawan,6.93222,124.59083
PH,Philippines,Asia,South-Eastern Asia,14,Autonomous Region in Muslim Mindanao,Pinaring,7.22889,124.31056
PH,Philippines,Asia,South-Eastern Asia,14,Autonomous Region in Muslim Mindanao,Polloc,7.3534,124.22088
PH,Philippines,Asia,South-Eastern Asia,14,Autonomous Region in Muslim Mindanao,Punay,5.96139,121.19806
PH,Philippines,Asia,South-Eastern Asia,14,Autonomous Region in Muslim Mindanao,Ramain,7.97083,124.34528
PH,Philippines,Asia,South-Eastern Asia,14,Autonomous Region in Muslim Mindanao,Rimpeso,7.02389,124.10028
PH,Philippines,Asia,South-Eastern Asia,14,Autonomous Region in Muslim Mindanao,Sambuluan,6.88333,124.7
PH,Philippines,Asia,South-Eastern Asia,14,Autonomous Region in Muslim Mindanao,Sanga-Sanga,5.0725,119.78528
PH,Philippines,Asia,South-Eastern Asia,14,Autonomous Region in Muslim Mindanao,Santa Clara,6.6782,122.06
PH,Philippines,Asia,South-Eastern Asia,14,Autonomous Region in Muslim Mindanao,Sapa,5.1544,120.3241
PH,Philippines,Asia,South-Eastern Asia,14,Autonomous Region in Muslim Mindanao,Sapadun,7.48333,124.25
PH,Philippines,Asia,South-Eastern Asia,14,Autonomous Region in Muslim Mindanao,Satan,6.86306,124.40861
PH,Philippines,Asia,South-Eastern Asia,14,Autonomous Region in Muslim Mindanao,Semut,6.66361,122.21889
PH,Philippines,Asia,South-Eastern Asia,14,Autonomous Region in Muslim Mindanao,Simbahan,6.3032,120.5836
PH,Philippines,Asia,South-Eastern Asia,14,Autonomous Region in Muslim Mindanao,Simuay,7.27722,124.30722
PH,Philippines,Asia,South-Eastern Asia,14,Autonomous Region in Muslim Mindanao,Sionogan,6.00528,120.94861
PH,Philippines,Asia,South-Eastern Asia,14,Autonomous Region in Muslim Mindanao,Tabiauan,6.02806,121.89355
PH,Philippines,Asia,South-Eastern Asia,14,Autonomous Region in Muslim Mindanao,Tablas,6.62917,122.17472
PH,Philippines,Asia,South-Eastern Asia,14,Autonomous Region in Muslim Mindanao,Taganak,6.07328,118.31226
PH,Philippines,Asia,South-Eastern Asia,14,Autonomous Region in Muslim Mindanao,Tairan Camp,6.6402,121.8395
PH,Philippines,Asia,South-Eastern Asia,14,Autonomous Region in Muslim Mindanao,Talipaw,5.91,121.09444
PH,Philippines,Asia,South-Eastern Asia,14,Autonomous Region in Muslim Mindanao,Tapayan,7.29444,124.26611
PH,Philippines,Asia,South-Eastern Asia,14,Autonomous Region in Muslim Mindanao,Tapikan,6.85194,124.3225
PH,Philippines,Asia,South-Eastern Asia,14,Autonomous Region in Muslim Mindanao,Taungoh,4.70654,119.49296
PH,Philippines,Asia,South-Eastern Asia,14,Autonomous Region in Muslim Mindanao,Taviran,7.12333,124.31972
PH,Philippines,Asia,South-Eastern Asia,14,Autonomous Region in Muslim Mindanao,Tongouson,5.0214,120.1328
PH,Philippines,Asia,South-Eastern Asia,14,Autonomous Region in Muslim Mindanao,Tumbagaan,5.3656,120.3139
PH,Philippines,Asia,South-Eastern Asia,14,Autonomous Region in Muslim Mindanao,Tunggol,5.84458,121.15436
PH,Philippines,Asia,South-Eastern Asia,14,Autonomous Region in Muslim Mindanao,Tungol,7.08083,124.75306
PH,Philippines,Asia,South-Eastern Asia,14,Autonomous Region in Muslim Mindanao,Ungus-Ungus,5.05083,119.83972
PH,Philippines,Asia,South-Eastern Asia,14,Autonomous Region in Muslim Mindanao,Uyaan,7.86306,124.04111
PH,Philippines,Asia,South-Eastern Asia,BAS,Basilan,Akbar,6.6362207,122.1306391
PH,Philippines,Asia,South-Eastern Asia,BAS,Basilan,Al-Barka,6.4841865,122.1110589
PH,Philippines,Asia,South-Eastern Asia,BAS,Basilan,Hadji Mohammad Ajul,6.6270022,122.1944006
PH,Philippines,Asia,South-Eastern Asia,BAS,Basilan,Hadji Muhtamad,6.6622116,121.5863621
PH,Philippines,Asia,South-Eastern Asia,BAS,Basilan,Isabela,6.6685565,121.9065244
PH,Philippines,Asia,South-Eastern Asia,BAS,Basilan,Lamitan,6.6507791,122.0365365
PH,Philippines,Asia,South-Eastern Asia,BAS,Basilan,Lantawan,6.6387038,121.8403078
PH,Philippines,Asia,South-Eastern Asia,BAS,Basilan,Maluso,6.5222987,121.8548574
PH,Philippines,Asia,South-Eastern Asia,BAS,Basilan,Sumisip,6.4919752,121.9187339
PH,Philippines,Asia,South-Eastern Asia,BAS,Basilan,Tabuan-Lasa,6.3380656,121.9036491
PH,Philippines,Asia,South-Eastern Asia,BAS,Basilan,Tipo-Tipo,6.5107445,122.1211793
PH,Philippines,Asia,South-Eastern Asia,BAS,Basilan,Tuburan,6.5966965,122.1711435
PH,Philippines,Asia,South-Eastern Asia,BAS,Basilan,Ungkaya Pukan,6.5014196,122.0250996
PH,Philippines,Asia,South-Eastern Asia,BAN,Bataan,Abaca,9.9204,124.5051
PH,Philippines,Asia,South-Eastern Asia,BAN,Bataan,Abis,9.7173,122.9438
PH,Philippines,Asia,South-Eastern Asia,BAN,Bataan,Abucayan,9.929,123.9146
PH,Philippines,Asia,South-Eastern Asia,BAN,Bataan,Adlaon,10.3,123.9
PH,Philippines,Asia,South-Eastern Asia,BAN,Bataan,Agsungot,10.43444,123.90611
PH,Philippines,Asia,South-Eastern Asia,BAN,Bataan,Aguining,10.0861,124.5944
PH,Philippines,Asia,South-Eastern Asia,BAN,Bataan,Alangilan,9.2793,122.8789
PH,Philippines,Asia,South-Eastern Asia,BAN,Bataan,Alangilanan,9.642,123.1059
PH,Philippines,Asia,South-Eastern Asia,BAN,Bataan,Alburquerque,9.60806,123.95806
PH,Philippines,Asia,South-Eastern Asia,BAN,Bataan,Alpaco,10.24378,123.6825
PH,Philippines,Asia,South-Eastern Asia,BAN,Bataan,Amdos,9.8821,123.0972
PH,Philippines,Asia,South-Eastern Asia,BAN,Bataan,Amio,9.3571,122.9413
PH,Philippines,Asia,South-Eastern Asia,BAN,Bataan,Anonang,11,124.03333
PH,Philippines,Asia,South-Eastern Asia,BAN,Bataan,Anopog,10.25,123.25
PH,Philippines,Asia,South-Eastern Asia,BAN,Bataan,Antequera,9.7809,123.8988
PH,Philippines,Asia,South-Eastern Asia,BAN,Bataan,Apas,10.34076,123.90261
PH,Philippines,Asia,South-Eastern Asia,BAN,Bataan,Apoya,9.2207,122.9053
PH,Philippines,Asia,South-Eastern Asia,BAN,Bataan,Atop-atop,11.2322,123.7602
PH,Philippines,Asia,South-Eastern Asia,BAN,Bataan,Azagra,9.4779,123.1367
PH,Philippines,Asia,South-Eastern Asia,BAN,Bataan,Bachauan,11.2067,123.9634
PH,Philippines,Asia,South-Eastern Asia,BAN,Bataan,Baclayon,9.62639,123.89417
PH,Philippines,Asia,South-Eastern Asia,BAN,Bataan,Bagacay,9.8664,123.918
PH,Philippines,Asia,South-Eastern Asia,BAN,Bataan,Bagay,11.1964,124.035
PH,Philippines,Asia,South-Eastern Asia,BAN,Bataan,Bagtic,9.6864,123.0122
PH,Philippines,Asia,South-Eastern Asia,BAN,Bataan,Bairan,10.19718,123.7271
PH,Philippines,Asia,South-Eastern Asia,BAN,Bataan,Bal-os,9.4416,122.6257
PH,Philippines,Asia,South-Eastern Asia,BAN,Bataan,Balayong,9.4744,123.0623
PH,Philippines,Asia,South-Eastern Asia,BAN,Bataan,Balilihan,9.7561,123.973
PH,Philippines,Asia,South-Eastern Asia,BAN,Bataan,Balogo,10.1148,123.1706
PH,Philippines,Asia,South-Eastern Asia,BAN,Bataan,Banhigan,9.85903,123.38926
PH,Philippines,Asia,South-Eastern Asia,BAN,Bataan,Banilad,9.2786,123.2936
PH,Philippines,Asia,South-Eastern Asia,BAN,Bataan,Basak,10.2264,123.3064
PH,Philippines,Asia,South-Eastern Asia,BAN,Bataan,Basdiot,9.94718,123.37515
PH,Philippines,Asia,South-Eastern Asia,BAN,Bataan,Bateria,11.1416,124.0267
PH,Philippines,Asia,South-Eastern Asia,BAN,Bataan,Baud,11.2111,123.7031
PH,Philippines,Asia,South-Eastern Asia,BAN,Bataan,Baugo,10.31745,123.919
PH,Philippines,Asia,South-Eastern Asia,BAN,Bataan,Becerril,9.6531,123.4344
PH,Philippines,Asia,South-Eastern Asia,BAN,Bataan,Biabas,9.8,124.46667
PH,Philippines,Asia,South-Eastern Asia,BAN,Bataan,Biasong,10.5229,123.736
PH,Philippines,Asia,South-Eastern Asia,BAN,Bataan,Bien Unido,10.13729,124.37761
PH,Philippines,Asia,South-Eastern Asia,BAN,Bataan,Biking,9.59382,123.84303
PH,Philippines,Asia,South-Eastern Asia,BAN,Bataan,Bilar,9.70825,124.10717
PH,Philippines,Asia,South-Eastern Asia,BAN,Bataan,Binlod,9.91845,123.60743
PH,Philippines,Asia,South-Eastern Asia,BAN,Bataan,Biton,11.23279,123.9993
PH,Philippines,Asia,South-Eastern Asia,BAN,Bataan,Bitoon,10.0804,123.4587
PH,Philippines,Asia,South-Eastern Asia,BAN,Bataan,Bohol,9.83333,124.16667
PH,Philippines,Asia,South-Eastern Asia,BAN,Bataan,Bolisong,9.69111,123.15167
PH,Philippines,Asia,South-Eastern Asia,BAN,Bataan,Bonawon,9.134,122.9193
PH,Philippines,Asia,South-Eastern Asia,BAN,Bataan,Bonbon,10.2245,123.5573
PH,Philippines,Asia,South-Eastern Asia,BAN,Bataan,Bood,9.74508,123.82783
PH,Philippines,Asia,South-Eastern Asia,BAN,Bataan,Botigues,11.0995,123.6675
PH,Philippines,Asia,South-Eastern Asia,BAN,Bataan,Buagsong,10.25302,123.93909
PH,Philippines,Asia,South-Eastern Asia,BAN,Bataan,Buanoy,10.46746,123.6999
PH,Philippines,Asia,South-Eastern Asia,BAN,Bataan,Bugas,9.89804,123.40492
PH,Philippines,Asia,South-Eastern Asia,BAN,Bataan,Bugsoc,9.7834,124.2712
PH,Philippines,Asia,South-Eastern Asia,BAN,Bataan,Bulasa,9.93206,123.61802
PH,Philippines,Asia,South-Eastern Asia,BAN,Bataan,Bulod,9.68333,123.15
PH,Philippines,Asia,South-Eastern Asia,BAN,Bataan,Cabalawan,10.74139,123.9525
PH,Philippines,Asia,South-Eastern Asia,BAN,Bataan,Cabangahan,9.0781,122.9469
PH,Philippines,Asia,South-Eastern Asia,BAN,Bataan,Cabul-an,10.15684,124.04397
PH,Philippines,Asia,South-Eastern Asia,BAN,Bataan,Calape,9.8922,123.8748
PH,Philippines,Asia,South-Eastern Asia,BAN,Bataan,Calero,10.37331,123.99786
PH,Philippines,Asia,South-Eastern Asia,BAN,Bataan,Calidñgan,10.1,123.63333
PH,Philippines,Asia,South-Eastern Asia,BAN,Bataan,Calituban,10.23995,124.2919
PH,Philippines,Asia,South-Eastern Asia,BAN,Bataan,Calumboyan,10.79129,124.02749
PH,Philippines,Asia,South-Eastern Asia,BAN,Bataan,Camambugan,10.05844,124.43811
PH,Philippines,Asia,South-Eastern Asia,BAN,Bataan,Cambanay,10.54361,123.98611
PH,Philippines,Asia,South-Eastern Asia,BAN,Bataan,Campoyo,9.6564,123.1479
PH,Philippines,Asia,South-Eastern Asia,BAN,Bataan,Campusong,10.81583,124.03222
PH,Philippines,Asia,South-Eastern Asia,BAN,Bataan,Can-asujan,10.1299,123.6574
PH,Philippines,Asia,South-Eastern Asia,BAN,Bataan,Canauay,9.0651,123.0524
PH,Philippines,Asia,South-Eastern Asia,BAN,Bataan,Candabong,9.7343,124.5383
PH,Philippines,Asia,South-Eastern Asia,BAN,Bataan,Candijay,9.8182,124.4977
PH,Philippines,Asia,South-Eastern Asia,BAN,Bataan,Canhaway,9.7501,124.4722
PH,Philippines,Asia,South-Eastern Asia,BAN,Bataan,Canjulao,9.6605,124.3532
PH,Philippines,Asia,South-Eastern Asia,BAN,Bataan,Canmaya Diot,9.9384,124.0942
PH,Philippines,Asia,South-Eastern Asia,BAN,Bataan,Cansuje,9.92314,123.49629
PH,Philippines,Asia,South-Eastern Asia,BAN,Bataan,Cantao-an,10.24258,123.7496
PH,Philippines,Asia,South-Eastern Asia,BAN,Bataan,Carmelo,10.7051,123.7935
PH,Philippines,Asia,South-Eastern Asia,BAN,Bataan,Casala-an,9.11667,123.05
PH,Philippines,Asia,South-Eastern Asia,BAN,Bataan,Casay,9.8204,123.5496
PH,Philippines,Asia,South-Eastern Asia,BAN,Bataan,Caticugan,9.1,123
PH,Philippines,Asia,South-Eastern Asia,BAN,Bataan,Catigbian,9.8501,123.9994
PH,Philippines,Asia,South-Eastern Asia,BAN,Bataan,Catmondaan,10.68692,124.01494
PH,Philippines,Asia,South-Eastern Asia,BAN,Bataan,Catungawan Sur,9.7817,124.4693
PH,Philippines,Asia,South-Eastern Asia,BAN,Bataan,Cayang,11.06667,123.98333
PH,Philippines,Asia,South-Eastern Asia,BAN,Bataan,Cogan,10.59306,124.01778
PH,Philippines,Asia,South-Eastern Asia,BAN,Bataan,Cogon,10.0372,123.4539
PH,Philippines,Asia,South-Eastern Asia,BAN,Bataan,Cogon Cruz,10.50944,123.96972
PH,Philippines,Asia,South-Eastern Asia,BAN,Bataan,Cogtong,9.8374,124.5291
PH,Philippines,Asia,South-Eastern Asia,BAN,Bataan,Colonia,10.6553,123.7911
PH,Philippines,Asia,South-Eastern Asia,BAN,Bataan,Consuelo,10.6348,124.301
PH,Philippines,Asia,South-Eastern Asia,BAN,Bataan,Corella,9.6875,123.9218
PH,Philippines,Asia,South-Eastern Asia,BAN,Bataan,Dagohoy,9.90016,124.28322
PH,Philippines,Asia,South-Eastern Asia,BAN,Bataan,Damolog,10.77271,124.00639
PH,Philippines,Asia,South-Eastern Asia,BAN,Bataan,Datagon,9.4461,123.0891
PH,Philippines,Asia,South-Eastern Asia,BAN,Bataan,Dauis,9.62528,123.86583
PH,Philippines,Asia,South-Eastern Asia,BAN,Bataan,De la Paz,9.70004,123.86433
PH,Philippines,Asia,South-Eastern Asia,BAN,Bataan,Dimiao,9.6064,124.1633
PH,Philippines,Asia,South-Eastern Asia,BAN,Bataan,Doljo,9.58745,123.73033
PH,Philippines,Asia,South-Eastern Asia,BAN,Bataan,Doong,11.0786,123.6395
PH,Philippines,Asia,South-Eastern Asia,BAN,Bataan,Duero,9.709,124.4055
PH,Philippines,Asia,South-Eastern Asia,BAN,Bataan,Dumanjog,10.057,123.4361
PH,Philippines,Asia,South-Eastern Asia,BAN,Bataan,El Pardo,9.66,123.4944
PH,Philippines,Asia,South-Eastern Asia,BAN,Bataan,Esperanza,10.6995,124.3143
PH,Philippines,Asia,South-Eastern Asia,BAN,Bataan,Estaca,9.6933,124.2722
PH,Philippines,Asia,South-Eastern Asia,BAN,Bataan,Gabi,10.26306,123.96139
PH,Philippines,Asia,South-Eastern Asia,BAN,Bataan,Garcia Hernandez,9.6144,124.2946
PH,Philippines,Asia,South-Eastern Asia,BAN,Bataan,Giawang,9.7922,124.509
PH,Philippines,Asia,South-Eastern Asia,BAN,Bataan,Guadalupe,10.1165,123.6072
PH,Philippines,Asia,South-Eastern Asia,BAN,Bataan,Guba,10.3131,123.2667
PH,Philippines,Asia,South-Eastern Asia,BAN,Bataan,Guibodangan,10.1157,123.4944
PH,Philippines,Asia,South-Eastern Asia,BAN,Bataan,Guindarohan,10.26111,123.76556
PH,Philippines,Asia,South-Eastern Asia,BAN,Bataan,Guindulman,9.7629,124.4878
PH,Philippines,Asia,South-Eastern Asia,BAN,Bataan,Guiwanon,11.1975,123.708
PH,Philippines,Asia,South-Eastern Asia,BAN,Bataan,Hagdan,11.33333,123.9
PH,Philippines,Asia,South-Eastern Asia,BAN,Bataan,Hagnaya,11.0924,123.9435
PH,Philippines,Asia,South-Eastern Asia,BAN,Bataan,Hibaiyo,10.2726,123.321
PH,Philippines,Asia,South-Eastern Asia,BAN,Bataan,Hilantagaan,11.1943,123.8131
PH,Philippines,Asia,South-Eastern Asia,BAN,Bataan,Hilotongan,11.144,123.6426
PH,Philippines,Asia,South-Eastern Asia,BAN,Bataan,Himensulan,10.5967,124.2821
PH,Philippines,Asia,South-Eastern Asia,BAN,Bataan,Hinlayagan Ilaud,10.03061,124.33457
PH,Philippines,Asia,South-Eastern Asia,BAN,Bataan,Ilihan,10.9054,123.9704
PH,Philippines,Asia,South-Eastern Asia,BAN,Bataan,Inabanga,10.0307,124.0671
PH,Philippines,Asia,South-Eastern Asia,BAN,Bataan,Inayagan,10.23478,123.769
PH,Philippines,Asia,South-Eastern Asia,BAN,Bataan,Jaclupan,10.30138,123.8165
PH,Philippines,Asia,South-Eastern Asia,BAN,Bataan,Jagna,9.6531,124.3697
PH,Philippines,Asia,South-Eastern Asia,BAN,Bataan,Jampang,9.90761,123.60015
PH,Philippines,Asia,South-Eastern Asia,BAN,Bataan,Jandayan Norte,10.16852,124.18148
PH,Philippines,Asia,South-Eastern Asia,BAN,Bataan,Jantianon,9.4442,123.1657
PH,Philippines,Asia,South-Eastern Asia,BAN,Bataan,Japitan,10.1279,123.5035
PH,Philippines,Asia,South-Eastern Asia,BAN,Bataan,Jetafe,10.14722,124.15389
PH,Philippines,Asia,South-Eastern Asia,BAN,Bataan,Jugno,9.4683,123.2038
PH,Philippines,Asia,South-Eastern Asia,BAN,Bataan,Kabac,11.2353,123.6979
PH,Philippines,Asia,South-Eastern Asia,BAN,Bataan,Kabungahan,10.51667,123.98333
PH,Philippines,Asia,South-Eastern Asia,BAN,Bataan,Kandabong,9.6859,123.0728
PH,Philippines,Asia,South-Eastern Asia,BAN,Bataan,Kaongkod,11.25028,123.75556
PH,Philippines,Asia,South-Eastern Asia,BAN,Bataan,Kauit,11.186,123.9459
PH,Philippines,Asia,South-Eastern Asia,BAN,Bataan,Kotkot,10.425,124.0005
PH,Philippines,Asia,South-Eastern Asia,BAN,Bataan,Kuanos,10.28298,123.78
PH,Philippines,Asia,South-Eastern Asia,BAN,Bataan,La Hacienda,9.8815,124.3923
PH,Philippines,Asia,South-Eastern Asia,BAN,Bataan,Lanao,11.25636,124.02423
PH,Philippines,Asia,South-Eastern Asia,BAN,Bataan,Lanas,10.26667,123.73333
PH,Philippines,Asia,South-Eastern Asia,BAN,Bataan,Langob,10.5774,123.7309
PH,Philippines,Asia,South-Eastern Asia,BAN,Bataan,Langtad,9.89094,123.6043
PH,Philippines,Asia,South-Eastern Asia,BAN,Bataan,Lapaz,10.9887,123.9797
PH,Philippines,Asia,South-Eastern Asia,BAN,Bataan,Lepanto,9.6845,123.4026
PH,Philippines,Asia,South-Eastern Asia,BAN,Bataan,Lila,9.5918,124.0958
PH,Philippines,Asia,South-Eastern Asia,BAN,Bataan,Lipayran,11.0593,123.6342
PH,Philippines,Asia,South-Eastern Asia,BAN,Bataan,Loay,9.6006,124.0142
PH,Philippines,Asia,South-Eastern Asia,BAN,Bataan,Loboc,9.63833,124.03482
PH,Philippines,Asia,South-Eastern Asia,BAN,Bataan,Logon,11.3303,124.1146
PH,Philippines,Asia,South-Eastern Asia,BAN,Bataan,Lombog,9.7788,124.4174
PH,Philippines,Asia,South-Eastern Asia,BAN,Bataan,Loon,9.7998,123.7929
PH,Philippines,Asia,South-Eastern Asia,BAN,Bataan,Lugo,10.81672,123.98626
PH,Philippines,Asia,South-Eastern Asia,BAN,Bataan,Lunas,10.6402,123.7525
PH,Philippines,Asia,South-Eastern Asia,BAN,Bataan,Lut-od,10.25722,123.62944
PH,Philippines,Asia,South-Eastern Asia,BAN,Bataan,Maayong Tubig,9.1672,123.2469
PH,Philippines,Asia,South-Eastern Asia,BAN,Bataan,Mabinay,9.72722,122.90167
PH,Philippines,Asia,South-Eastern Asia,BAN,Bataan,Mabini,9.8649,124.5215
PH,Philippines,Asia,South-Eastern Asia,BAN,Bataan,Macaas,10.69885,124.01154
PH,Philippines,Asia,South-Eastern Asia,BAN,Bataan,Magay,10.4719,124.0132
PH,Philippines,Asia,South-Eastern Asia,BAN,Bataan,Malabugas,9.3692,122.7702
PH,Philippines,Asia,South-Eastern Asia,BAN,Bataan,Malaiba,10.33333,123.31667
PH,Philippines,Asia,South-Eastern Asia,BAN,Bataan,Malbug,9.7327,123.3402
PH,Philippines,Asia,South-Eastern Asia,BAN,Bataan,Malhiao,9.88487,123.40641
PH,Philippines,Asia,South-Eastern Asia,BAN,Bataan,Malingin,11.05,123.98333
PH,Philippines,Asia,South-Eastern Asia,BAN,Bataan,Maloh,9.056,122.9851
PH,Philippines,Asia,South-Eastern Asia,BAN,Bataan,Malusay,10.1439,123.2717
PH,Philippines,Asia,South-Eastern Asia,BAN,Bataan,Malway,9.1319,123.2203
PH,Philippines,Asia,South-Eastern Asia,BAN,Bataan,Manalongon,9.2209,122.886
PH,Philippines,Asia,South-Eastern Asia,BAN,Bataan,Mancilang,11.2835,123.7462
PH,Philippines,Asia,South-Eastern Asia,BAN,Bataan,Mandaue City,10.32361,123.92222
PH,Philippines,Asia,South-Eastern Asia,BAN,Bataan,Maninihon,9.3711,122.8405
PH,Philippines,Asia,South-Eastern Asia,BAN,Bataan,Maño,11.04167,123.94472
PH,Philippines,Asia,South-Eastern Asia,BAN,Bataan,Mantalongon,9.8106,123.4617
PH,Philippines,Asia,South-Eastern Asia,BAN,Bataan,Mantiquil,9.16667,123.05
PH,Philippines,Asia,South-Eastern Asia,BAN,Bataan,Maravilla,10.9011,123.8918
PH,Philippines,Asia,South-Eastern Asia,BAN,Bataan,Maribojoc,9.7417,123.8446
PH,Philippines,Asia,South-Eastern Asia,BAN,Bataan,Maricaban,11.1516,123.7679
PH,Philippines,Asia,South-Eastern Asia,BAN,Bataan,Masaba,10.53333,123.96667
PH,Philippines,Asia,South-Eastern Asia,BAN,Bataan,Maya,11.27442,124.05526
PH,Philippines,Asia,South-Eastern Asia,BAN,Bataan,Mayabon,9.0961,123.1738
PH,Philippines,Asia,South-Eastern Asia,BAN,Bataan,Mayana,9.75611,124.35222
PH,Philippines,Asia,South-Eastern Asia,BAN,Bataan,Mayapusi,9.6241,123.0188
PH,Philippines,Asia,South-Eastern Asia,BAN,Bataan,McKinley,10.0844,123.2592
PH,Philippines,Asia,South-Eastern Asia,BAN,Bataan,Minolos,10.1019,123.4727
PH,Philippines,Asia,South-Eastern Asia,BAN,Bataan,Montaneza,9.6846,123.3289
PH,Philippines,Asia,South-Eastern Asia,BAN,Bataan,Nagbalaye,9.2492,122.8759
PH,Philippines,Asia,South-Eastern Asia,BAN,Bataan,Nahawan,9.9711,124.0484
PH,Philippines,Asia,South-Eastern Asia,BAN,Bataan,Nailong,11.0537,124.0385
PH,Philippines,Asia,South-Eastern Asia,BAN,Bataan,Nalundan,9.75,123.06667
PH,Philippines,Asia,South-Eastern Asia,BAN,Bataan,Nangka,9.4023,122.8244
PH,Philippines,Asia,South-Eastern Asia,BAN,Bataan,Novallas,9.5117,123.1225
PH,Philippines,Asia,South-Eastern Asia,BAN,Bataan,Nueva Fuerza,9.8464,124.167
PH,Philippines,Asia,South-Eastern Asia,BAN,Bataan,Nueva Vida Sur,9.7846,124.1745
PH,Philippines,Asia,South-Eastern Asia,BAN,Bataan,Nugas,9.6968,123.4415
PH,Philippines,Asia,South-Eastern Asia,BAN,Bataan,Obong,9.741,123.5098
PH,Philippines,Asia,South-Eastern Asia,BAN,Bataan,Ocaña,10.0656,123.6244
PH,Philippines,Asia,South-Eastern Asia,BAN,Bataan,Ocoy,11.1716,123.7948
PH,Philippines,Asia,South-Eastern Asia,BAN,Bataan,Okiot,9.56667,123.16667
PH,Philippines,Asia,South-Eastern Asia,BAN,Bataan,Owak,10.55,123.7
PH,Philippines,Asia,South-Eastern Asia,BAN,Bataan,Padre Zamora,10.06667,123.25
PH,Philippines,Asia,South-Eastern Asia,BAN,Bataan,Pajo,11.24121,124.01067
PH,Philippines,Asia,South-Eastern Asia,BAN,Bataan,Panalipan,10.64833,124.02167
PH,Philippines,Asia,South-Eastern Asia,BAN,Bataan,Panaytayon,9.95,123.98333
PH,Philippines,Asia,South-Eastern Asia,BAN,Bataan,Pangdan,10.23078,123.7379
PH,Philippines,Asia,South-Eastern Asia,BAN,Bataan,Panglao,9.57806,123.74583
PH,Philippines,Asia,South-Eastern Asia,BAN,Bataan,Panognawan,11.1619,124.005
PH,Philippines,Asia,South-Eastern Asia,BAN,Bataan,Patao,11.2202,123.6925
PH,Philippines,Asia,South-Eastern Asia,BAN,Bataan,Payabon,9.759,123.1412
PH,Philippines,Asia,South-Eastern Asia,BAN,Bataan,Paypay,11.2152,123.9762
PH,Philippines,Asia,South-Eastern Asia,BAN,Bataan,Perrelos,10.1169,123.6738
PH,Philippines,Asia,South-Eastern Asia,BAN,Bataan,Pinamungahan,10.2708,123.5839
PH,Philippines,Asia,South-Eastern Asia,BAN,Bataan,Pinayagan Norte,9.93333,123.95
PH,Philippines,Asia,South-Eastern Asia,BAN,Bataan,Pinokawan,10.34117,123.2939
PH,Philippines,Asia,South-Eastern Asia,BAN,Bataan,Polo,9.4816,123.1802
PH,Philippines,Asia,South-Eastern Asia,BAN,Bataan,Putat,10.7858,123.8469
PH,Philippines,Asia,South-Eastern Asia,BAN,Bataan,Saavedra,9.98517,123.37158
PH,Philippines,Asia,South-Eastern Asia,BAN,Bataan,Sagbayan,9.9144,124.0919
PH,Philippines,Asia,South-Eastern Asia,BAN,Bataan,San Isidro,9.91667,123.88333
PH,Philippines,Asia,South-Eastern Asia,BAN,Bataan,San Roque,10.0919,124.32262
PH,Philippines,Asia,South-Eastern Asia,BAN,Bataan,Sandayong Sur,10.49583,123.99889
PH,Philippines,Asia,South-Eastern Asia,BAN,Bataan,Sandolot,9.10472,123.01944
PH,Philippines,Asia,South-Eastern Asia,BAN,Bataan,Sangat,10.136,123.6896
PH,Philippines,Asia,South-Eastern Asia,BAN,Bataan,Santa Filomena,9.75181,123.34463
PH,Philippines,Asia,South-Eastern Asia,BAN,Bataan,Santa Nino,10.689,123.7884
PH,Philippines,Asia,South-Eastern Asia,BAN,Bataan,Santander Poblacion,9.42527,123.33879
PH,Philippines,Asia,South-Eastern Asia,BAN,Bataan,Sevilla,9.70383,124.04829
PH,Philippines,Asia,South-Eastern Asia,BAN,Bataan,Sierra Bullones,9.8081,124.2921
PH,Philippines,Asia,South-Eastern Asia,BAN,Bataan,Sikatuna,9.6883,123.9751
PH,Philippines,Asia,South-Eastern Asia,BAN,Bataan,Silab,9.4383,123.1792
PH,Philippines,Asia,South-Eastern Asia,BAN,Bataan,Sillon,11.199,123.7675
PH,Philippines,Asia,South-Eastern Asia,BAN,Bataan,Simala,9.97326,123.61648
PH,Philippines,Asia,South-Eastern Asia,BAN,Bataan,Songculan,9.62965,123.82897
PH,Philippines,Asia,South-Eastern Asia,BAN,Bataan,Sulangan,11.1373,123.7228
PH,Philippines,Asia,South-Eastern Asia,BAN,Bataan,Tabalong,9.62157,123.81231
PH,Philippines,Asia,South-Eastern Asia,BAN,Bataan,Tabon,9.8042,123.4563
PH,Philippines,Asia,South-Eastern Asia,BAN,Bataan,Tabonok,10.8512,123.8766
PH,Philippines,Asia,South-Eastern Asia,BAN,Bataan,Tabuan,9.51556,122.85056
PH,Philippines,Asia,South-Eastern Asia,BAN,Bataan,Tabunok,10.77673,124.01602
PH,Philippines,Asia,South-Eastern Asia,BAN,Bataan,Tagbilaran City,9.65556,123.85219
PH,Philippines,Asia,South-Eastern Asia,BAN,Bataan,Tagum Norte,10.07454,124.38925
PH,Philippines,Asia,South-Eastern Asia,BAN,Bataan,Tajao,10.3148,123.5835
PH,Philippines,Asia,South-Eastern Asia,BAN,Bataan,Talangnan,9.634,123.3344
PH,Philippines,Asia,South-Eastern Asia,BAN,Bataan,Talibon,10.14917,124.325
PH,Philippines,Asia,South-Eastern Asia,BAN,Bataan,Talisay,10.24472,123.84944
PH,Philippines,Asia,South-Eastern Asia,BAN,Bataan,Tambalan,9.9085,123.0896
PH,Philippines,Asia,South-Eastern Asia,BAN,Bataan,Tambo,9.895,123.0556
PH,Philippines,Asia,South-Eastern Asia,BAN,Bataan,Tambongon,10.9677,123.9244
PH,Philippines,Asia,South-Eastern Asia,BAN,Bataan,Tamiso,9.6314,123.0873
PH,Philippines,Asia,South-Eastern Asia,BAN,Bataan,Tampocon,9.85,123.13333
PH,Philippines,Asia,South-Eastern Asia,BAN,Bataan,Tandayag,9.4547,123.2299
PH,Philippines,Asia,South-Eastern Asia,BAN,Bataan,Tangke,10.25451,123.86516
PH,Philippines,Asia,South-Eastern Asia,BAN,Bataan,Tangnan,9.60722,123.77357
PH,Philippines,Asia,South-Eastern Asia,BAN,Bataan,Tapilon,11.2774,124.0306
PH,Philippines,Asia,South-Eastern Asia,BAN,Bataan,Tapon,10.0631,123.4453
PH,Philippines,Asia,South-Eastern Asia,BAN,Bataan,Tawala,9.55421,123.76955
PH,Philippines,Asia,South-Eastern Asia,BAN,Bataan,Taytayan,10.8787,123.9771
PH,Philippines,Asia,South-Eastern Asia,BAN,Bataan,Tayud,10.37991,124.00522
PH,Philippines,Asia,South-Eastern Asia,BAN,Bataan,Tibigan,9.9518,123.9622
PH,Philippines,Asia,South-Eastern Asia,BAN,Bataan,Tiguib,9.8008,123.1352
PH,Philippines,Asia,South-Eastern Asia,BAN,Bataan,Tinaan,11.26667,123.75
PH,Philippines,Asia,South-Eastern Asia,BAN,Bataan,Tinaogan,9.7791,123.1503
PH,Philippines,Asia,South-Eastern Asia,BAN,Bataan,Tindog,11.1247,124.0118
PH,Philippines,Asia,South-Eastern Asia,BAN,Bataan,Tinubuan,11.186,124.0078
PH,Philippines,Asia,South-Eastern Asia,BAN,Bataan,Tipolo,10.0196,124.5144
PH,Philippines,Asia,South-Eastern Asia,BAN,Bataan,Tominhao,11.23563,124.03526
PH,Philippines,Asia,South-Eastern Asia,BAN,Bataan,Totolan,9.63286,123.84702
PH,Philippines,Asia,South-Eastern Asia,BAN,Bataan,Trinidad,10.07955,124.34324
PH,Philippines,Asia,South-Eastern Asia,BAN,Bataan,Tubigagmanoc,10.6282,123.7489
PH,Philippines,Asia,South-Eastern Asia,BAN,Bataan,Tubod-dugoan,10.0443,123.4994
PH,Philippines,Asia,South-Eastern Asia,BAN,Bataan,Tutay,10.2463,123.5805
PH,Philippines,Asia,South-Eastern Asia,BAN,Bataan,Ubay,10.056,124.47294
PH,Philippines,Asia,South-Eastern Asia,BAN,Bataan,Uling,10.28048,123.71
PH,Philippines,Asia,South-Eastern Asia,BAN,Bataan,Union,10.6695,124.3252
PH,Philippines,Asia,South-Eastern Asia,BAN,Bataan,Valle Hermoso,9.7939,124.2365
PH,Philippines,Asia,South-Eastern Asia,BTN,Batanes,Alugan,12.2188,125.4808
PH,Philippines,Asia,South-Eastern Asia,BTN,Batanes,Anito,12.44972,125.28861
PH,Philippines,Asia,South-Eastern Asia,BTN,Batanes,Balagtas,11.1333,124.5192
PH,Philippines,Asia,South-Eastern Asia,BTN,Batanes,Balagui,11.4752,124.5324
PH,Philippines,Asia,South-Eastern Asia,BTN,Batanes,Balinsacayao,10.681,124.9595
PH,Philippines,Asia,South-Eastern Asia,BTN,Batanes,Balocawehay,10.7221,124.9678
PH,Philippines,Asia,South-Eastern Asia,BTN,Batanes,Balogo,10.8868,124.7105
PH,Philippines,Asia,South-Eastern Asia,BTN,Batanes,Bantiqui,10.9245,124.4154
PH,Philippines,Asia,South-Eastern Asia,BTN,Batanes,Baras,11.18333,125.01667
PH,Philippines,Asia,South-Eastern Asia,BTN,Batanes,Basud,11.3663,124.3631
PH,Philippines,Asia,South-Eastern Asia,BTN,Batanes,Bilwang,10.8834,124.4667
PH,Philippines,Asia,South-Eastern Asia,BTN,Batanes,Bitanjuan,10.5955,124.7663
PH,Philippines,Asia,South-Eastern Asia,BTN,Batanes,Bugho,10.7921,124.9364
PH,Philippines,Asia,South-Eastern Asia,BTN,Batanes,Bugko,12.5356,124.7923
PH,Philippines,Asia,South-Eastern Asia,BTN,Batanes,Bunga,11.4838,124.5918
PH,Philippines,Asia,South-Eastern Asia,BTN,Batanes,Butazon,11.3072,124.462
PH,Philippines,Asia,South-Eastern Asia,BTN,Batanes,Cabacuñgan,10.93333,124.98167
PH,Philippines,Asia,South-Eastern Asia,BTN,Batanes,Cabay,11.44556,125.49333
PH,Philippines,Asia,South-Eastern Asia,BTN,Batanes,Cabodiongan,12.6643,125.0456
PH,Philippines,Asia,South-Eastern Asia,BTN,Batanes,Cagamotan,12.35583,125.28391
PH,Philippines,Asia,South-Eastern Asia,BTN,Batanes,Calape,11.9425,125.02139
PH,Philippines,Asia,South-Eastern Asia,BTN,Batanes,Canhandugan,11.135,124.77972
PH,Philippines,Asia,South-Eastern Asia,BTN,Batanes,Caraycaray,11.5551,124.415
PH,Philippines,Asia,South-Eastern Asia,BTN,Batanes,Caridad,10.8315,124.7518
PH,Philippines,Asia,South-Eastern Asia,BTN,Batanes,Consuegra,11.2976,124.5124
PH,Philippines,Asia,South-Eastern Asia,BTN,Batanes,Culasian,11.30694,124.61056
PH,Philippines,Asia,South-Eastern Asia,BTN,Batanes,Dapdap,12.062,125.4881
PH,Philippines,Asia,South-Eastern Asia,BTN,Batanes,Doos,10.46528,124.72944
PH,Philippines,Asia,South-Eastern Asia,BTN,Batanes,Erenas,12.4245,124.3238
PH,Philippines,Asia,South-Eastern Asia,BTN,Batanes,Gabas,10.7297,124.7961
PH,Philippines,Asia,South-Eastern Asia,BTN,Batanes,Ginabuyan,11.2383,124.4047
PH,Philippines,Asia,South-Eastern Asia,BTN,Batanes,Guindapunan,11.30278,124.70583
PH,Philippines,Asia,South-Eastern Asia,BTN,Batanes,Guirang,11.35,125.11667
PH,Philippines,Asia,South-Eastern Asia,BTN,Batanes,Hingatungan,10.584,125.1852
PH,Philippines,Asia,South-Eastern Asia,BTN,Batanes,Hipadpad,12.2855,125.2361
PH,Philippines,Asia,South-Eastern Asia,BTN,Batanes,Hipasngo,10.6624,124.8085
PH,Philippines,Asia,South-Eastern Asia,BTN,Batanes,Ibarra,10.12472,124.88417
PH,Philippines,Asia,South-Eastern Asia,BTN,Batanes,Ichon,10.09495,124.90168
PH,Philippines,Asia,South-Eastern Asia,BTN,Batanes,Jubasan,12.4844,124.2872
PH,Philippines,Asia,South-Eastern Asia,BTN,Batanes,Kabuynan,11.08056,125.02472
PH,Philippines,Asia,South-Eastern Asia,BTN,Batanes,Kampokpok,11.2962,124.405
PH,Philippines,Asia,South-Eastern Asia,BTN,Batanes,Kananya,11.1867,124.5601
PH,Philippines,Asia,South-Eastern Asia,BTN,Batanes,Kilim,10.7118,124.7968
PH,Philippines,Asia,South-Eastern Asia,BTN,Batanes,Lalauigan,11.58917,125.46972
PH,Philippines,Asia,South-Eastern Asia,BTN,Batanes,Lamak,10.39972,124.73889
PH,Philippines,Asia,South-Eastern Asia,BTN,Batanes,Libas,10.9388,124.545
PH,Philippines,Asia,South-Eastern Asia,BTN,Batanes,Liberty,10.87417,125.0025
PH,Philippines,Asia,South-Eastern Asia,BTN,Batanes,Lim-oo,11.15083,124.63083
PH,Philippines,Asia,South-Eastern Asia,BTN,Batanes,Limon,11.2889,124.5671
PH,Philippines,Asia,South-Eastern Asia,BTN,Batanes,Maasin,10.13361,124.84472
PH,Philippines,Asia,South-Eastern Asia,BTN,Batanes,Mabini,11.41667,125.16667
PH,Philippines,Asia,South-Eastern Asia,BTN,Batanes,Makiwalo,12.5101,124.706
PH,Philippines,Asia,South-Eastern Asia,BTN,Batanes,Malaga,12.23686,124.37529
PH,Philippines,Asia,South-Eastern Asia,BTN,Batanes,Malajog,12.1102,124.4793
PH,Philippines,Asia,South-Eastern Asia,BTN,Batanes,Malilinao,11.10694,124.50111
PH,Philippines,Asia,South-Eastern Asia,BTN,Batanes,Mantang,11.87,125.42833
PH,Philippines,Asia,South-Eastern Asia,BTN,Batanes,Masarayao,11.08972,124.6175
PH,Philippines,Asia,South-Eastern Asia,BTN,Batanes,Matlang,10.8902,124.4554
PH,Philippines,Asia,South-Eastern Asia,BTN,Batanes,Maypangdan,11.65194,125.45028
PH,Philippines,Asia,South-Eastern Asia,BTN,Batanes,Naghalin,11.1456,124.5671
PH,Philippines,Asia,South-Eastern Asia,BTN,Batanes,Napuro,12.0273,124.7082
PH,Philippines,Asia,South-Eastern Asia,BTN,Batanes,Nena,11.76583,125.41778
PH,Philippines,Asia,South-Eastern Asia,BTN,Batanes,Nenita,12.49167,124.80444
PH,Philippines,Asia,South-Eastern Asia,BTN,Batanes,Palanit,12.32134,124.34341
PH,Philippines,Asia,South-Eastern Asia,BTN,Batanes,Palaroo,11.4056,124.483
PH,Philippines,Asia,South-Eastern Asia,BTN,Batanes,Palhi,10.6498,124.8062
PH,Philippines,Asia,South-Eastern Asia,BTN,Batanes,Panalanoy,11.25111,125.00639
PH,Philippines,Asia,South-Eastern Asia,BTN,Batanes,Pangdan,11.74444,124.91667
PH,Philippines,Asia,South-Eastern Asia,BTN,Batanes,Pangpang,12.5692,125.074
PH,Philippines,Asia,South-Eastern Asia,BTN,Batanes,Patong,12.33643,125.28521
PH,Philippines,Asia,South-Eastern Asia,BTN,Batanes,Pawing,11.18,125.00278
PH,Philippines,Asia,South-Eastern Asia,BTN,Batanes,Piña,12.19078,124.4015
PH,Philippines,Asia,South-Eastern Asia,BTN,Batanes,Pinamopoan,11.31472,124.57389
PH,Philippines,Asia,South-Eastern Asia,BTN,Batanes,Plaridel,10.5667,124.7645
PH,Philippines,Asia,South-Eastern Asia,BTN,Batanes,Polahongon,10.5288,124.9694
PH,Philippines,Asia,South-Eastern Asia,BTN,Batanes,Polañge,12.39667,124.63111
PH,Philippines,Asia,South-Eastern Asia,BTN,Batanes,Puerto Bello,10.9733,124.5351
PH,Philippines,Asia,South-Eastern Asia,BTN,Batanes,Quinapundan,11.15833,125.52194
PH,Philippines,Asia,South-Eastern Asia,BTN,Batanes,Sabang,12.0746,124.5414
PH,Philippines,Asia,South-Eastern Asia,BTN,Batanes,Salvacion,12.6151,125.039
PH,Philippines,Asia,South-Eastern Asia,BTN,Batanes,San Antonio,12.4129,124.2791
PH,Philippines,Asia,South-Eastern Asia,BTN,Batanes,San Eduardo,12.1679,125.4503
PH,Philippines,Asia,South-Eastern Asia,BTN,Batanes,San Joaquin,12.16697,124.43003
PH,Philippines,Asia,South-Eastern Asia,BTN,Batanes,San Pedro,10.961,124.8197
PH,Philippines,Asia,South-Eastern Asia,BTN,Batanes,San Policarpio,12.0686,124.5695
PH,Philippines,Asia,South-Eastern Asia,BTN,Batanes,San Sebastian,11.71,125.01806
PH,Philippines,Asia,South-Eastern Asia,BTN,Batanes,San Vicente,11.1183,124.5657
PH,Philippines,Asia,South-Eastern Asia,BTN,Batanes,Santa Paz,10.26667,124.78333
PH,Philippines,Asia,South-Eastern Asia,BTN,Batanes,Santo Niño,11.9263,124.4492
PH,Philippines,Asia,South-Eastern Asia,BTN,Batanes,Siguinon,10.9423,124.6806
PH,Philippines,Asia,South-Eastern Asia,BTN,Batanes,Silanga,11.81806,124.84306
PH,Philippines,Asia,South-Eastern Asia,BTN,Batanes,Sulangan,10.936,125.8264
PH,Philippines,Asia,South-Eastern Asia,BTN,Batanes,Tabonoc,10.35,124.8
PH,Philippines,Asia,South-Eastern Asia,BTN,Batanes,Tagbubungang Diot,11.1257,124.4028
PH,Philippines,Asia,South-Eastern Asia,BTN,Batanes,Tinambacan,12.0943,124.5025
PH,Philippines,Asia,South-Eastern Asia,BTN,Batanes,Tucdao,11.7011,124.4719
PH,Philippines,Asia,South-Eastern Asia,BTN,Batanes,Tugbong,11.01667,124.6
PH,Philippines,Asia,South-Eastern Asia,BTN,Batanes,Tutubigan,11.83972,125.06139
PH,Philippines,Asia,South-Eastern Asia,BTN,Batanes,Umaganhan,11.3292,124.377
PH,Philippines,Asia,South-Eastern Asia,BTN,Batanes,Valencia,11.10889,124.5725
PH,Philippines,Asia,South-Eastern Asia,BTN,Batanes,Victoria,12.44722,124.31111
PH,Philippines,Asia,South-Eastern Asia,BTN,Batanes,Viriato,12.29031,124.35333
PH,Philippines,Asia,South-Eastern Asia,BTN,Batanes,Wright,11.77028,125.02194
PH,Philippines,Asia,South-Eastern Asia,BTG,Batangas,Agoncillo,13.9652112,120.8895197
PH,Philippines,Asia,South-Eastern Asia,BTG,Batangas,Alitagtag,13.8705361,120.9772572
PH,Philippines,Asia,South-Eastern Asia,BTG,Batangas,Balayan,13.9507458,120.6473775
PH,Philippines,Asia,South-Eastern Asia,BTG,Batangas,Balete,14.0098567,121.0602154
PH,Philippines,Asia,South-Eastern Asia,BTG,Batangas,Batangas,13.6874523,120.9397771
PH,Philippines,Asia,South-Eastern Asia,BTG,Batangas,Bauan,13.8018366,120.8869149
PH,Philippines,Asia,South-Eastern Asia,BTG,Batangas,Calaca,13.9865591,120.7368668
PH,Philippines,Asia,South-Eastern Asia,BTG,Batangas,Calatagan,13.8464361,120.5776079
PH,Philippines,Asia,South-Eastern Asia,BTG,Batangas,Cuenca,13.9051038,121.0124775
PH,Philippines,Asia,South-Eastern Asia,BTG,Batangas,Ibaan,13.816609,121.098217
PH,Philippines,Asia,South-Eastern Asia,BTG,Batangas,Laurel,14.0501304,120.8271607
PH,Philippines,Asia,South-Eastern Asia,BTG,Batangas,Lemery,13.9629407,120.8038148
PH,Philippines,Asia,South-Eastern Asia,BTG,Batangas,Lian,13.9930276,120.603875
PH,Philippines,Asia,South-Eastern Asia,BTG,Batangas,Lipa,13.944733,121.0030157
PH,Philippines,Asia,South-Eastern Asia,BTG,Batangas,Lobo,13.663271,121.1010799
PH,Philippines,Asia,South-Eastern Asia,BTG,Batangas,Malvar,14.0338352,121.1013544
PH,Philippines,Asia,South-Eastern Asia,BTG,Batangas,Mataasnakahoy,13.9807101,121.0828433
PH,Philippines,Asia,South-Eastern Asia,BTG,Batangas,Nasugbu,14.1446551,120.4999299
PH,Philippines,Asia,South-Eastern Asia,BTG,Batangas,Padre Garcia,13.8799913,121.1682303
PH,Philippines,Asia,South-Eastern Asia,BTG,Batangas,Rosario,13.783662,121.100294
PH,Philippines,Asia,South-Eastern Asia,BTG,Batangas,San Jose,13.881539,121.0482045
PH,Philippines,Asia,South-Eastern Asia,BTG,Batangas,San Juan,13.7580023,121.3178976
PH,Philippines,Asia,South-Eastern Asia,BTG,Batangas,San Luis,13.8394918,120.9074583
PH,Philippines,Asia,South-Eastern Asia,BTG,Batangas,San Nicolas,13.9589957,120.8946879
PH,Philippines,Asia,South-Eastern Asia,BTG,Batangas,San Pascual,13.8171383,120.9848131
PH,Philippines,Asia,South-Eastern Asia,BTG,Batangas,Santa Teresita,13.8866592,120.9487006
PH,Philippines,Asia,South-Eastern Asia,BTG,Batangas,Santo Tomas,14.0651229,121.1014862
PH,Philippines,Asia,South-Eastern Asia,BTG,Batangas,Taal,13.8903227,120.896901
PH,Philippines,Asia,South-Eastern Asia,BTG,Batangas,Talisay,14.0771998,120.9266813
PH,Philippines,Asia,South-Eastern Asia,BTG,Batangas,Tanauan,14.0913949,121.0262879
PH,Philippines,Asia,South-Eastern Asia,BTG,Batangas,Taysan,13.7588778,121.1432294
PH,Philippines,Asia,South-Eastern Asia,BTG,Batangas,Tingloy,13.661817,120.8149297
PH,Philippines,Asia,South-Eastern Asia,BTG,Batangas,Tuy,14.030828,120.6592329
PH,Philippines,Asia,South-Eastern Asia,BEN,Benguet,Adtugan,7.81194,124.85444
PH,Philippines,Asia,South-Eastern Asia,BEN,Benguet,Aglayan,8.055,125.13417
PH,Philippines,Asia,South-Eastern Asia,BEN,Benguet,Agusan,8.49056,124.73722
PH,Philippines,Asia,South-Eastern Asia,BEN,Benguet,Alae,8.42444,124.81278
PH,Philippines,Asia,South-Eastern Asia,BEN,Benguet,Alanib,8.02778,124.98611
PH,Philippines,Asia,South-Eastern Asia,BEN,Benguet,Anakan,8.84778,125.15139
PH,Philippines,Asia,South-Eastern Asia,BEN,Benguet,Ani-e,8.61361,124.87056
PH,Philippines,Asia,South-Eastern Asia,BEN,Benguet,Aplaya,8.60861,124.76806
PH,Philippines,Asia,South-Eastern Asia,BEN,Benguet,Aumbay,7.1026,125.7837
PH,Philippines,Asia,South-Eastern Asia,BEN,Benguet,Bagakay,8.1454,123.8157
PH,Philippines,Asia,South-Eastern Asia,BEN,Benguet,Baikingon,8.47222,124.55361
PH,Philippines,Asia,South-Eastern Asia,BEN,Benguet,Balila,8.00278,125.01306
PH,Philippines,Asia,South-Eastern Asia,BEN,Benguet,Balili,7.895,123.7337
PH,Philippines,Asia,South-Eastern Asia,BEN,Benguet,Baliwagan,8.71861,124.79056
PH,Philippines,Asia,South-Eastern Asia,BEN,Benguet,Bangahan,7.79634,124.73361
PH,Philippines,Asia,South-Eastern Asia,BEN,Benguet,Bantuanon,8.01528,125.07083
PH,Philippines,Asia,South-Eastern Asia,BEN,Benguet,Barra,8.51028,124.60444
PH,Philippines,Asia,South-Eastern Asia,BEN,Benguet,Basak,8.04111,124.86278
PH,Philippines,Asia,South-Eastern Asia,BEN,Benguet,Biga,8.35778,124.25972
PH,Philippines,Asia,South-Eastern Asia,BEN,Benguet,Binitinan,8.71,124.77556
PH,Philippines,Asia,South-Eastern Asia,BEN,Benguet,Bolo Bolo,8.55833,124.53
PH,Philippines,Asia,South-Eastern Asia,BEN,Benguet,Bonbon,9.10528,124.73389
PH,Philippines,Asia,South-Eastern Asia,BEN,Benguet,Boroon,8.18278,124.17701
PH,Philippines,Asia,South-Eastern Asia,BEN,Benguet,Bugcaon,8.04583,125.11278
PH,Philippines,Asia,South-Eastern Asia,BEN,Benguet,Bugo,8.50833,124.75944
PH,Philippines,Asia,South-Eastern Asia,BEN,Benguet,Busdi,8.27611,125.25139
PH,Philippines,Asia,South-Eastern Asia,BEN,Benguet,Cabangahan,8.02278,125.1375
PH,Philippines,Asia,South-Eastern Asia,BEN,Benguet,Cabanglasan,8.12139,125.3275
PH,Philippines,Asia,South-Eastern Asia,BEN,Benguet,Calabugao,8.45639,125.15889
PH,Philippines,Asia,South-Eastern Asia,BEN,Benguet,Canayan,8.19556,125.14472
PH,Philippines,Asia,South-Eastern Asia,BEN,Benguet,Candiis,8.97028,125.18417
PH,Philippines,Asia,South-Eastern Asia,BEN,Benguet,Caromatan,7.7959,123.7145
PH,Philippines,Asia,South-Eastern Asia,BEN,Benguet,Casisang,8.13806,125.125
PH,Philippines,Asia,South-Eastern Asia,BEN,Benguet,Consuelo,8.90167,125.1875
PH,Philippines,Asia,South-Eastern Asia,BEN,Benguet,Cosina,8.10611,124.61972
PH,Philippines,Asia,South-Eastern Asia,BEN,Benguet,Dagumba-an,8.15306,124.59083
PH,Philippines,Asia,South-Eastern Asia,BEN,Benguet,Dalipuga,8.31583,124.25472
PH,Philippines,Asia,South-Eastern Asia,BEN,Benguet,Dalirig,8.37722,124.90139
PH,Philippines,Asia,South-Eastern Asia,BEN,Benguet,Dalorong,7.58583,125.13278
PH,Philippines,Asia,South-Eastern Asia,BEN,Benguet,Dalwangan,8.20056,125.04056
PH,Philippines,Asia,South-Eastern Asia,BEN,Benguet,Damilag,8.35472,124.81222
PH,Philippines,Asia,South-Eastern Asia,BEN,Benguet,Damulog,7.48361,124.94306
PH,Philippines,Asia,South-Eastern Asia,BEN,Benguet,Dancagan,7.60917,125.00417
PH,Philippines,Asia,South-Eastern Asia,BEN,Benguet,Dimaluna,8.1218,123.7995
PH,Philippines,Asia,South-Eastern Asia,BEN,Benguet,Dimayon,8.06667,124.15
PH,Philippines,Asia,South-Eastern Asia,BEN,Benguet,Dologon,7.84083,125.04444
PH,Philippines,Asia,South-Eastern Asia,BEN,Benguet,Don Carlos,7.68,125.005
PH,Philippines,Asia,South-Eastern Asia,BEN,Benguet,Dorsalanam,8.30667,124.58556
PH,Philippines,Asia,South-Eastern Asia,BEN,Benguet,Dumalaguing,8.34694,125.055
PH,Philippines,Asia,South-Eastern Asia,BEN,Benguet,Gimampang,8.47139,124.29667
PH,Philippines,Asia,South-Eastern Asia,BEN,Benguet,Guinisiliban,9.09639,124.78278
PH,Philippines,Asia,South-Eastern Asia,BEN,Benguet,Halapitan,7.9175,125.33
PH,Philippines,Asia,South-Eastern Asia,BEN,Benguet,Hinapalanan,8.64028,124.87306
PH,Philippines,Asia,South-Eastern Asia,BEN,Benguet,Igpit,8.51083,124.58667
PH,Philippines,Asia,South-Eastern Asia,BEN,Benguet,Imbatug,8.05444,125.28389
PH,Philippines,Asia,South-Eastern Asia,BEN,Benguet,Imelda,7.64703,122.95349
PH,Philippines,Asia,South-Eastern Asia,BEN,Benguet,Impalutao,8.25778,125.0275
PH,Philippines,Asia,South-Eastern Asia,BEN,Benguet,Indulang,8.09028,124.58444
PH,Philippines,Asia,South-Eastern Asia,BEN,Benguet,Inobulan,8.88639,124.79472
PH,Philippines,Asia,South-Eastern Asia,BEN,Benguet,Kabalantian,8.37083,124.3275
PH,Philippines,Asia,South-Eastern Asia,BEN,Benguet,Kabulohan,8.04333,125.27667
PH,Philippines,Asia,South-Eastern Asia,BEN,Benguet,Kadingilan,7.60111,124.90861
PH,Philippines,Asia,South-Eastern Asia,BEN,Benguet,Kalanganan,8.08333,124.24667
PH,Philippines,Asia,South-Eastern Asia,BEN,Benguet,Kalilangan,7.74514,124.74777
PH,Philippines,Asia,South-Eastern Asia,BEN,Benguet,Kalugmanan,8.27778,124.85972
PH,Philippines,Asia,South-Eastern Asia,BEN,Benguet,Kibangay,8.04972,124.89306
PH,Philippines,Asia,South-Eastern Asia,BEN,Benguet,Kibawe,7.56861,124.98778
PH,Philippines,Asia,South-Eastern Asia,BEN,Benguet,Kibonsod,9.00694,125.20944
PH,Philippines,Asia,South-Eastern Asia,BEN,Benguet,Kibureau,7.6975,125.2325
PH,Philippines,Asia,South-Eastern Asia,BEN,Benguet,Kimanuit,7.76039,124.72497
PH,Philippines,Asia,South-Eastern Asia,BEN,Benguet,Kimaya,8.56472,124.83972
PH,Philippines,Asia,South-Eastern Asia,BEN,Benguet,Kisolon,8.33,124.97694
PH,Philippines,Asia,South-Eastern Asia,BEN,Benguet,Kitaotao,7.63972,125.00889
PH,Philippines,Asia,South-Eastern Asia,BEN,Benguet,Kitobo,7.57444,125.105
PH,Philippines,Asia,South-Eastern Asia,BEN,Benguet,La Fortuna,8.27972,125.00139
PH,Philippines,Asia,South-Eastern Asia,BEN,Benguet,La Roxas,7.86417,124.88694
PH,Philippines,Asia,South-Eastern Asia,BEN,Benguet,Lagindingan,8.57472,124.44222
PH,Philippines,Asia,South-Eastern Asia,BEN,Benguet,Laguitas,8.08917,125.13056
PH,Philippines,Asia,South-Eastern Asia,BEN,Benguet,Langcangan,8.47944,123.75583
PH,Philippines,Asia,South-Eastern Asia,BEN,Benguet,Lanipao,7.95528,123.77667
PH,Philippines,Asia,South-Eastern Asia,BEN,Benguet,Lantapan,7.99778,125.02778
PH,Philippines,Asia,South-Eastern Asia,BEN,Benguet,Lapase,8.1924,123.8632
PH,Philippines,Asia,South-Eastern Asia,BEN,Benguet,Lapining,7.9227,123.6883
PH,Philippines,Asia,South-Eastern Asia,BEN,Benguet,Libona,8.33889,124.73528
PH,Philippines,Asia,South-Eastern Asia,BEN,Benguet,Liboran,8.35472,124.64889
PH,Philippines,Asia,South-Eastern Asia,BEN,Benguet,Limbaan,7.6396,125.8209
PH,Philippines,Asia,South-Eastern Asia,BEN,Benguet,Linabo,8.05417,125.155
PH,Philippines,Asia,South-Eastern Asia,BEN,Benguet,Lingating,8.33167,124.62889
PH,Philippines,Asia,South-Eastern Asia,BEN,Benguet,Lingion,8.18806,124.60972
PH,Philippines,Asia,South-Eastern Asia,BEN,Benguet,Little Baguio,7.89389,125.27639
PH,Philippines,Asia,South-Eastern Asia,BEN,Benguet,Looc,8.84333,124.79167
PH,Philippines,Asia,South-Eastern Asia,BEN,Benguet,Lourdes,8.525,124.43222
PH,Philippines,Asia,South-Eastern Asia,BEN,Benguet,Lumbayao,8.01667,125.16667
PH,Philippines,Asia,South-Eastern Asia,BEN,Benguet,Lumbia,8.39583,124.59389
PH,Philippines,Asia,South-Eastern Asia,BEN,Benguet,Lunao,8.85028,125.05639
PH,Philippines,Asia,South-Eastern Asia,BEN,Benguet,Lurugan,8.01667,124.96667
PH,Philippines,Asia,South-Eastern Asia,BEN,Benguet,Maanas,8.89389,125.03083
PH,Philippines,Asia,South-Eastern Asia,BEN,Benguet,Maglamin,8.05194,125.26167
PH,Philippines,Asia,South-Eastern Asia,BEN,Benguet,Mailag,7.97028,125.1375
PH,Philippines,Asia,South-Eastern Asia,BEN,Benguet,Malaybalay,8.1575,125.12778
PH,Philippines,Asia,South-Eastern Asia,BEN,Benguet,Malinaw,8.825,125.19306
PH,Philippines,Asia,South-Eastern Asia,BEN,Benguet,Maluko,8.375,124.95389
PH,Philippines,Asia,South-Eastern Asia,BEN,Benguet,Mambatangan,8.43333,124.83333
PH,Philippines,Asia,South-Eastern Asia,BEN,Benguet,Mambayaan,8.78278,124.78417
PH,Philippines,Asia,South-Eastern Asia,BEN,Benguet,Mamungan,8.11722,124.21861
PH,Philippines,Asia,South-Eastern Asia,BEN,Benguet,Managok,8.02889,125.18861
PH,Philippines,Asia,South-Eastern Asia,BEN,Benguet,Mananum,8.83333,124.95
PH,Philippines,Asia,South-Eastern Asia,BEN,Benguet,Mandangoa,8.77278,124.79111
PH,Philippines,Asia,South-Eastern Asia,BEN,Benguet,Manolo Fortich,8.36972,124.86444
PH,Philippines,Asia,South-Eastern Asia,BEN,Benguet,Mantampay,8.16667,124.21667
PH,Philippines,Asia,South-Eastern Asia,BEN,Benguet,Maputi,8.44972,124.29056
PH,Philippines,Asia,South-Eastern Asia,BEN,Benguet,Maramag,7.76333,125.00528
PH,Philippines,Asia,South-Eastern Asia,BEN,Benguet,Maranding,7.9248,123.7715
PH,Philippines,Asia,South-Eastern Asia,BEN,Benguet,Maria Cristina,8.16604,124.20396
PH,Philippines,Asia,South-Eastern Asia,BEN,Benguet,Mariano,8.83333,125.11667
PH,Philippines,Asia,South-Eastern Asia,BEN,Benguet,Mat-i,8.40194,124.34528
PH,Philippines,Asia,South-Eastern Asia,BEN,Benguet,Matangad,8.57694,124.37
PH,Philippines,Asia,South-Eastern Asia,BEN,Benguet,Miaray,7.57472,125.04444
PH,Philippines,Asia,South-Eastern Asia,BEN,Benguet,Minlagas,8.87833,125.03889
PH,Philippines,Asia,South-Eastern Asia,BEN,Benguet,Molugan,8.5375,124.56222
PH,Philippines,Asia,South-Eastern Asia,BEN,Benguet,Moog,8.60111,124.46583
PH,Philippines,Asia,South-Eastern Asia,BEN,Benguet,Nañgka,8.16667,124.18333
PH,Philippines,Asia,South-Eastern Asia,BEN,Benguet,Napalitan,8.77528,124.80222
PH,Philippines,Asia,South-Eastern Asia,BEN,Benguet,Natalungan,7.53167,125.02361
PH,Philippines,Asia,South-Eastern Asia,BEN,Benguet,NIA Valencia,7.90639,125.09417
PH,Philippines,Asia,South-Eastern Asia,BEN,Benguet,Pan-an,8.21917,123.84028
PH,Philippines,Asia,South-Eastern Asia,BEN,Benguet,Panalo-on,7.91667,123.75
PH,Philippines,Asia,South-Eastern Asia,BEN,Benguet,Pangabuan,8.05694,123.69583
PH,Philippines,Asia,South-Eastern Asia,BEN,Benguet,Pantao-Ragat,8.08333,124.13333
PH,Philippines,Asia,South-Eastern Asia,BEN,Benguet,Patrocinio,8.6125,124.84556
PH,Philippines,Asia,South-Eastern Asia,BEN,Benguet,Pines,8.45222,123.8075
PH,Philippines,Asia,South-Eastern Asia,BEN,Benguet,Pongol,8.27861,124.74833
PH,Philippines,Asia,South-Eastern Asia,BEN,Benguet,Pontian,8.28111,124.90028
PH,Philippines,Asia,South-Eastern Asia,BEN,Benguet,Punta Silum,8.38167,124.26944
PH,Philippines,Asia,South-Eastern Asia,BEN,Benguet,Rebe,7.9076,123.8155
PH,Philippines,Asia,South-Eastern Asia,BEN,Benguet,Salawagan,7.70528,125.115
PH,Philippines,Asia,South-Eastern Asia,BEN,Benguet,Salimbalan,8.27417,124.72194
PH,Philippines,Asia,South-Eastern Asia,BEN,Benguet,Sampagar,7.51389,124.95528
PH,Philippines,Asia,South-Eastern Asia,BEN,Benguet,San Martin,8.56111,124.77139
PH,Philippines,Asia,South-Eastern Asia,BEN,Benguet,San Vicente,7.65111,125.03444
PH,Philippines,Asia,South-Eastern Asia,BEN,Benguet,Sankanan,8.31556,124.85806
PH,Philippines,Asia,South-Eastern Asia,BEN,Benguet,Santa Ana,8.51667,124.78333
PH,Philippines,Asia,South-Eastern Asia,BEN,Benguet,Silae,8.15889,125.2825
PH,Philippines,Asia,South-Eastern Asia,BEN,Benguet,Sinonoc,8.3096,123.8461
PH,Philippines,Asia,South-Eastern Asia,BEN,Benguet,Solana,8.62306,124.77056
PH,Philippines,Asia,South-Eastern Asia,BEN,Benguet,Sugbongkogon,8.95694,124.79111
PH,Philippines,Asia,South-Eastern Asia,BEN,Benguet,Sumilao,8.28722,124.94556
PH,Philippines,Asia,South-Eastern Asia,BEN,Benguet,Sumpong,8.16333,125.11833
PH,Philippines,Asia,South-Eastern Asia,BEN,Benguet,Sungai,8.45139,124.40278
PH,Philippines,Asia,South-Eastern Asia,BEN,Benguet,Tabid,8.1085,123.7801
PH,Philippines,Asia,South-Eastern Asia,BEN,Benguet,Taboc,8.87833,124.7975
PH,Philippines,Asia,South-Eastern Asia,BEN,Benguet,Tacub,8.1875,124.10806
PH,Philippines,Asia,South-Eastern Asia,BEN,Benguet,Talakag,8.23361,124.60028
PH,Philippines,Asia,South-Eastern Asia,BEN,Benguet,Taypano,8.37083,124.55944
PH,Philippines,Asia,South-Eastern Asia,BEN,Benguet,Ticala-an,8.03528,124.62083
PH,Philippines,Asia,South-Eastern Asia,BEN,Benguet,Tignapalan,8.26389,124.57472
PH,Philippines,Asia,South-Eastern Asia,BEN,Benguet,Tubigan,8.53222,124.31222
PH,Philippines,Asia,South-Eastern Asia,BEN,Benguet,Tudela,8.2472,123.8424
PH,Philippines,Asia,South-Eastern Asia,BEN,Benguet,Tuod,8.34333,124.35417
PH,Philippines,Asia,South-Eastern Asia,BEN,Benguet,Tupsan,9.19917,124.77694
PH,Philippines,Asia,South-Eastern Asia,BEN,Benguet,Unidos,8.5942,123.668
PH,Philippines,Asia,South-Eastern Asia,BEN,Benguet,Yumbing,9.2393,124.6578
PH,Philippines,Asia,South-Eastern Asia,05,Bicol,,,
PH,Philippines,Asia,South-Eastern Asia,BIL,Biliran,Almeria,11.6324247,124.3199546
PH,Philippines,Asia,South-Eastern Asia,BIL,Biliran,Biliran,11.5099502,124.4021805
PH,Philippines,Asia,South-Eastern Asia,BIL,Biliran,Cabucgayan,11.4988313,124.4871636
PH,Philippines,Asia,South-Eastern Asia,BIL,Biliran,Caibiran,11.5685352,124.4734629
PH,Philippines,Asia,South-Eastern Asia,BIL,Biliran,Culaba,11.6458308,124.4338091
PH,Philippines,Asia,South-Eastern Asia,BIL,Biliran,Kawayan,11.6799199,124.3222722
PH,Philippines,Asia,South-Eastern Asia,BIL,Biliran,Maripipi,11.7887146,124.2801322
PH,Philippines,Asia,South-Eastern Asia,BIL,Biliran,Naval,11.5760518,124.2120104
PH,Philippines,Asia,South-Eastern Asia,BOH,Bohol,Anibongan,9.727119,124.3881311
PH,Philippines,Asia,South-Eastern Asia,BOH,Bohol,Babag,9.9184869,124.3395098
PH,Philippines,Asia,South-Eastern Asia,BOH,Bohol,Balutakay,6.9086874,125.2700317
PH,Philippines,Asia,South-Eastern Asia,BOH,Bohol,Bansalan,6.78333333,125.21666667
PH,Philippines,Asia,South-Eastern Asia,BOH,Bohol,Bukid,9.6625896,123.8493932
PH,Philippines,Asia,South-Eastern Asia,BOH,Bohol,Carmen,7.36055556,125.70638889
PH,Philippines,Asia,South-Eastern Asia,BOH,Bohol,Cogon,10.0241469,124.069034
PH,Philippines,Asia,South-Eastern Asia,BOH,Bohol,Concepcion,7.75055556,125.71194444
PH,Philippines,Asia,South-Eastern Asia,BOH,Bohol,Del Pilar,9.8280065,124.3064833
PH,Philippines,Asia,South-Eastern Asia,BOH,Bohol,Esperanza,7.49166667,125.72805556
PH,Philippines,Asia,South-Eastern Asia,BOH,Bohol,Gabi,9.9802101,124.4252918
PH,Philippines,Asia,South-Eastern Asia,BOH,Bohol,Jose Abad Santos,10.0462599,124.5161587
PH,Philippines,Asia,South-Eastern Asia,BOH,Bohol,Katipunan,7.32027778,125.62027778
PH,Philippines,Asia,South-Eastern Asia,BOH,Bohol,La Libertad,7.48027778,125.64722222
PH,Philippines,Asia,South-Eastern Asia,BOH,Bohol,La Paz,7.31583333,125.73333333
PH,Philippines,Asia,South-Eastern Asia,BOH,Bohol,La Union,9.8535105,124.4683355
PH,Philippines,Asia,South-Eastern Asia,BOH,Bohol,Luna,9.5512088,123.7693008
PH,Philippines,Asia,South-Eastern Asia,BOH,Bohol,Mabini,7.3,125.85
PH,Philippines,Asia,South-Eastern Asia,BOH,Bohol,Mabuhay,10.0475238,124.3459718
PH,Philippines,Asia,South-Eastern Asia,BOH,Bohol,Magsaysay,6.76666667,125.18333333
PH,Philippines,Asia,South-Eastern Asia,BOH,Bohol,Mahayag,7.21666667,125.61944444
PH,Philippines,Asia,South-Eastern Asia,BOH,Bohol,Malinao,9.6093306,124.1197968
PH,Philippines,Asia,South-Eastern Asia,BOH,Bohol,New Baclayon,9.6269726,123.8960917
PH,Philippines,Asia,South-Eastern Asia,BOH,Bohol,New Bohol,9.577673,123.7733382
PH,Philippines,Asia,South-Eastern Asia,BOH,Bohol,Pag-asa,10.0034792,124.4331083
PH,Philippines,Asia,South-Eastern Asia,BOH,Bohol,San Antonio,9.8987307,124.0597455
PH,Philippines,Asia,South-Eastern Asia,BOH,Bohol,San Ignacio,9.7369724,124.4075931
PH,Philippines,Asia,South-Eastern Asia,BOH,Bohol,San Isidro,9.8595624,123.9562221
PH,Philippines,Asia,South-Eastern Asia,BOH,Bohol,San Miguel,9.9863216,124.3385695
PH,Philippines,Asia,South-Eastern Asia,BOH,Bohol,San Pedro,9.7123591,124.3974839
PH,Philippines,Asia,South-Eastern Asia,BOH,Bohol,San Rafael,9.9096339,124.5318291
PH,Philippines,Asia,South-Eastern Asia,BOH,Bohol,San Vicente,7.86667,125.83333
PH,Philippines,Asia,South-Eastern Asia,BOH,Bohol,Santa Cruz,6.83333333,125.41666667
PH,Philippines,Asia,South-Eastern Asia,BOH,Bohol,Santo Niño,10.1162458,124.1685588
PH,Philippines,Asia,South-Eastern Asia,BOH,Bohol,Tagum,10.0701067,124.3741617
PH,Philippines,Asia,South-Eastern Asia,BOH,Bohol,Talisay,9.8724685,123.7774513
PH,Philippines,Asia,South-Eastern Asia,BOH,Bohol,Tambo,9.8914437,124.5597951
PH,Philippines,Asia,South-Eastern Asia,BOH,Bohol,Tubod,7.37166667,125.64472222
PH,Philippines,Asia,South-Eastern Asia,BOH,Bohol,Wines,9.6300211,123.8728799
PH,Philippines,Asia,South-Eastern Asia,BUK,Bukidnon,Amas,7.05694444,124.98388889
PH,Philippines,Asia,South-Eastern Asia,BUK,Bukidnon,Bagontapay,6.85888889,124.90888889
PH,Philippines,Asia,South-Eastern Asia,BUK,Bukidnon,Baguer,7.25611111,124.50416667
PH,Philippines,Asia,South-Eastern Asia,BUK,Bukidnon,Baliton,5.74361111,125.23638889
PH,Philippines,Asia,South-Eastern Asia,BUK,Bukidnon,Balogo,7.28222222,124.46388889
PH,Philippines,Asia,South-Eastern Asia,BUK,Bukidnon,Banawa,7.15361111,124.86666667
PH,Philippines,Asia,South-Eastern Asia,BUK,Bukidnon,Bantogon,6.53333333,124.03333333
PH,Philippines,Asia,South-Eastern Asia,BUK,Bukidnon,Barongis,7.26111111,124.56416667
PH,Philippines,Asia,South-Eastern Asia,BUK,Bukidnon,Basak,6.72722222,124.15111111
PH,Philippines,Asia,South-Eastern Asia,BUK,Bukidnon,Batasan,7.03333333,125.05
PH,Philippines,Asia,South-Eastern Asia,BUK,Bukidnon,Batutitik,6.22333333,125.25194444
PH,Philippines,Asia,South-Eastern Asia,BUK,Bukidnon,Bau,7.40527778,124.64972222
PH,Philippines,Asia,South-Eastern Asia,BUK,Bukidnon,Bayasong,6.64888889,124.87305556
PH,Philippines,Asia,South-Eastern Asia,BUK,Bukidnon,Bialong,6.98055556,124.88888889
PH,Philippines,Asia,South-Eastern Asia,BUK,Bukidnon,Buadtasan,6.005,124.61277778
PH,Philippines,Asia,South-Eastern Asia,BUK,Bukidnon,Bual,6.79583333,124.91083333
PH,Philippines,Asia,South-Eastern Asia,BUK,Bukidnon,Buayan,6.11638889,125.23472222
PH,Philippines,Asia,South-Eastern Asia,BUK,Bukidnon,Bulatukan,6.9025,125.16083333
PH,Philippines,Asia,South-Eastern Asia,BUK,Bukidnon,Burias,5.71777778,125.25361111
PH,Philippines,Asia,South-Eastern Asia,BUK,Bukidnon,Cebuano,6.38805556,124.96833333
PH,Philippines,Asia,South-Eastern Asia,BUK,Bukidnon,City of Kidapawan,7.03333,125.08333
PH,Philippines,Asia,South-Eastern Asia,BUK,Bukidnon,City of Koronadal,6.49162,124.8884
PH,Philippines,Asia,South-Eastern Asia,BUK,Bukidnon,City of Tacurong,6.69133,124.673
PH,Philippines,Asia,South-Eastern Asia,BUK,Bukidnon,Colongolo,6.33861111,124.72166667
PH,Philippines,Asia,South-Eastern Asia,BUK,Bukidnon,Daliao,5.86111111,124.95333333
PH,Philippines,Asia,South-Eastern Asia,BUK,Bukidnon,Damawato,6.7,124.78333333
PH,Philippines,Asia,South-Eastern Asia,BUK,Bukidnon,Dualing,7.15166667,124.56833333
PH,Philippines,Asia,South-Eastern Asia,BUK,Bukidnon,Dunguan,6.94972222,124.86083333
PH,Philippines,Asia,South-Eastern Asia,BUK,Bukidnon,Glad,7.14833333,124.51805556
PH,Philippines,Asia,South-Eastern Asia,BUK,Bukidnon,Glamang,6.1625,125.08388889
PH,Philippines,Asia,South-Eastern Asia,BUK,Bukidnon,Glan Peidu,5.855,125.21861111
PH,Philippines,Asia,South-Eastern Asia,BUK,Bukidnon,Gocoton,7.15611111,124.69111111
PH,Philippines,Asia,South-Eastern Asia,BUK,Bukidnon,Ilaya,5.81527778,125.22666667
PH,Philippines,Asia,South-Eastern Asia,BUK,Bukidnon,Kabalen,6.31944444,125.01055556
PH,Philippines,Asia,South-Eastern Asia,BUK,Bukidnon,Kablalan,5.77972222,125.19777778
PH,Philippines,Asia,South-Eastern Asia,BUK,Bukidnon,Kalaisan,7.01027778,125.045
PH,Philippines,Asia,South-Eastern Asia,BUK,Bukidnon,Kalamangog,6.72555556,124.06888889
PH,Philippines,Asia,South-Eastern Asia,BUK,Bukidnon,Kamanga,5.85777778,125.05611111
PH,Philippines,Asia,South-Eastern Asia,BUK,Bukidnon,Kapatan,5.90055556,125.2375
PH,Philippines,Asia,South-Eastern Asia,BUK,Bukidnon,Katubao,5.88916667,124.82944444
PH,Philippines,Asia,South-Eastern Asia,BUK,Bukidnon,Kisante,6.92305556,125.155
PH,Philippines,Asia,South-Eastern Asia,BUK,Bukidnon,Kiupo,5.84166667,125.31916667
PH,Philippines,Asia,South-Eastern Asia,BUK,Bukidnon,Klinan,6.18694444,125.13694444
PH,Philippines,Asia,South-Eastern Asia,BUK,Bukidnon,Kling,5.93805556,124.72472222
PH,Philippines,Asia,South-Eastern Asia,BUK,Bukidnon,Kulaman,8.2395023,125.2648432
PH,Philippines,Asia,South-Eastern Asia,BUK,Bukidnon,Labu-o,7.11416667,125.04527778
PH,Philippines,Asia,South-Eastern Asia,BUK,Bukidnon,Lambontong,6.30833333,124.81055556
PH,Philippines,Asia,South-Eastern Asia,BUK,Bukidnon,Lamian,6.30916667,124.84638889
PH,Philippines,Asia,South-Eastern Asia,BUK,Bukidnon,Lampitak,6.43222222,125.0525
PH,Philippines,Asia,South-Eastern Asia,BUK,Bukidnon,Liberty,8.1618929,125.1271371
PH,Philippines,Asia,South-Eastern Asia,BUK,Bukidnon,Liliongan,7.36277778,124.79277778
PH,Philippines,Asia,South-Eastern Asia,BUK,Bukidnon,Limbalod,7.13277778,124.79888889
PH,Philippines,Asia,South-Eastern Asia,BUK,Bukidnon,Limulan,6.58527778,124.06194444
PH,Philippines,Asia,South-Eastern Asia,BUK,Bukidnon,Linao,7.16777778,124.9675
PH,Philippines,Asia,South-Eastern Asia,BUK,Bukidnon,Lumatil,5.87472222,124.88833333
PH,Philippines,Asia,South-Eastern Asia,BUK,Bukidnon,Lumazal,5.88527778,124.84944444
PH,Philippines,Asia,South-Eastern Asia,BUK,Bukidnon,Lumuyon,5.91583333,124.78694444
PH,Philippines,Asia,South-Eastern Asia,BUK,Bukidnon,Lun Pequeño,6.03777778,125.28388889
PH,Philippines,Asia,South-Eastern Asia,BUK,Bukidnon,Lunen,6.35916667,124.90472222
PH,Philippines,Asia,South-Eastern Asia,BUK,Bukidnon,M'lang,6.95,124.88333333
PH,Philippines,Asia,South-Eastern Asia,BUK,Bukidnon,Maan,5.93388889,124.73555556
PH,Philippines,Asia,South-Eastern Asia,BUK,Bukidnon,Mabay,6.05777778,124.46666667
PH,Philippines,Asia,South-Eastern Asia,BUK,Bukidnon,Maguling,6.095,124.40333333
PH,Philippines,Asia,South-Eastern Asia,BUK,Bukidnon,Malamote,7.07388889,124.94
PH,Philippines,Asia,South-Eastern Asia,BUK,Bukidnon,Malapag,7.13333333,124.81666667
PH,Philippines,Asia,South-Eastern Asia,BUK,Bukidnon,Malasila,6.94388889,125.12944444
PH,Philippines,Asia,South-Eastern Asia,BUK,Bukidnon,Malbang,5.85555556,125.04527778
PH,Philippines,Asia,South-Eastern Asia,BUK,Bukidnon,Malingao,7.16083333,124.475
PH,Philippines,Asia,South-Eastern Asia,BUK,Bukidnon,Malisbeng,6.12,124.35472222
PH,Philippines,Asia,South-Eastern Asia,BUK,Bukidnon,Malitubog,7.31555556,124.63805556
PH,Philippines,Asia,South-Eastern Asia,BUK,Bukidnon,Manaulanan,7.04805556,124.61944444
PH,Philippines,Asia,South-Eastern Asia,BUK,Bukidnon,Manga,6.29083333,125.30833333
PH,Philippines,Asia,South-Eastern Asia,BUK,Bukidnon,Manuangan,7.27694444,124.40444444
PH,Philippines,Asia,South-Eastern Asia,BUK,Bukidnon,Manuel Roxas,7.9052654,125.0922924
PH,Philippines,Asia,South-Eastern Asia,BUK,Bukidnon,Marbel,7.11583333,124.9125
PH,Philippines,Asia,South-Eastern Asia,BUK,Bukidnon,Mariano Marcos,6.73333,124.65
PH,Philippines,Asia,South-Eastern Asia,BUK,Bukidnon,Minapan,6.815,124.85861111
PH,Philippines,Asia,South-Eastern Asia,BUK,Bukidnon,Mindupok,6.09055556,124.42333333
PH,Philippines,Asia,South-Eastern Asia,BUK,Bukidnon,Nalus,6.01222222,124.58527778
PH,Philippines,Asia,South-Eastern Asia,BUK,Bukidnon,New Cebu,7.09527778,125.03361111
PH,Philippines,Asia,South-Eastern Asia,BUK,Bukidnon,New Iloilo,7.7118183,124.8210879
PH,Philippines,Asia,South-Eastern Asia,BUK,Bukidnon,Noling,6.65972222,124.09972222
PH,Philippines,Asia,South-Eastern Asia,BUK,Bukidnon,Osias,7.6,124.81666667
PH,Philippines,Asia,South-Eastern Asia,BUK,Bukidnon,Paatan,7.11972222,124.92388889
PH,Philippines,Asia,South-Eastern Asia,BUK,Bukidnon,Pagangan,7.11444444,124.59527778
PH,Philippines,Asia,South-Eastern Asia,BUK,Bukidnon,Palkan,6.29638889,125.03166667
PH,Philippines,Asia,South-Eastern Asia,BUK,Bukidnon,Pangyan,5.70083333,125.28111111
PH,Philippines,Asia,South-Eastern Asia,BUK,Bukidnon,Patindeguen,7.21972222,124.49833333
PH,Philippines,Asia,South-Eastern Asia,BUK,Bukidnon,Pedtad,7.16055556,124.81444444
PH,Philippines,Asia,South-Eastern Asia,BUK,Bukidnon,Pimbalayan,6.86916667,124.6725
PH,Philippines,Asia,South-Eastern Asia,BUK,Bukidnon,Polo,6.26472222,125.1125
PH,Philippines,Asia,South-Eastern Asia,BUK,Bukidnon,Puloypuloy,6.63527778,124.09611111
PH,Philippines,Asia,South-Eastern Asia,BUK,Bukidnon,Punolu,7.05,124.58333333
PH,Philippines,Asia,South-Eastern Asia,BUK,Bukidnon,Puricay,6.68611111,124.06944444
PH,Philippines,Asia,South-Eastern Asia,BUK,Bukidnon,Ragandang,6.66388889,124.12055556
PH,Philippines,Asia,South-Eastern Asia,BUK,Bukidnon,Rotunda,7.9835053,125.0077156
PH,Philippines,Asia,South-Eastern Asia,BUK,Bukidnon,Saguing,6.98027778,125.07805556
PH,Philippines,Asia,South-Eastern Asia,BUK,Bukidnon,Salimbao,7.2225,124.25333333
PH,Philippines,Asia,South-Eastern Asia,BUK,Bukidnon,Salunayan,7.15444444,124.4975
PH,Philippines,Asia,South-Eastern Asia,BUK,Bukidnon,Sampao,6.87666667,124.59555556
PH,Philippines,Asia,South-Eastern Asia,BUK,Bukidnon,San Miguel,6.49245,124.69643
PH,Philippines,Asia,South-Eastern Asia,BUK,Bukidnon,San Vicente,6.45375,124.78005
PH,Philippines,Asia,South-Eastern Asia,BUK,Bukidnon,Sañgay,6.445,124.04444444
PH,Philippines,Asia,South-Eastern Asia,BUK,Bukidnon,Santo Niño,6.45733,124.66819
PH,Philippines,Asia,South-Eastern Asia,BUK,Bukidnon,Sapu Padidu,5.91722222,125.26694444
PH,Philippines,Asia,South-Eastern Asia,BUK,Bukidnon,Sebu,6.22482,124.71042
PH,Philippines,Asia,South-Eastern Asia,BUK,Bukidnon,Silway 7,6.17722222,125.12055556
PH,Philippines,Asia,South-Eastern Asia,BUK,Bukidnon,Sinolon,6.24388889,124.81444444
PH,Philippines,Asia,South-Eastern Asia,BUK,Bukidnon,Sulit,6.23611111,125.02055556
PH,Philippines,Asia,South-Eastern Asia,BUK,Bukidnon,Suyan,6.06027778,125.38527778
PH,Philippines,Asia,South-Eastern Asia,BUK,Bukidnon,T'boli,6.15,124.78333
PH,Philippines,Asia,South-Eastern Asia,BUK,Bukidnon,Taguisa,6.69833333,124.03583333
PH,Philippines,Asia,South-Eastern Asia,BUK,Bukidnon,Taluya,5.81166667,125.17277778
PH,Philippines,Asia,South-Eastern Asia,BUK,Bukidnon,Tambilil,5.96222222,124.66972222
PH,Philippines,Asia,South-Eastern Asia,BUK,Bukidnon,Tañgo,5.88083333,125.22194444
PH,Philippines,Asia,South-Eastern Asia,BUK,Bukidnon,Teresita,8.26147,124.27934
PH,Philippines,Asia,South-Eastern Asia,BUK,Bukidnon,Tinoto,5.88666667,125.07055556
PH,Philippines,Asia,South-Eastern Asia,BUK,Bukidnon,Tomado,7.1925,124.60805556
PH,Philippines,Asia,South-Eastern Asia,BUK,Bukidnon,Tran,6.72027778,124.055
PH,Philippines,Asia,South-Eastern Asia,BUK,Bukidnon,Tuyan,6,125.28333333
PH,Philippines,Asia,South-Eastern Asia,BUK,Bukidnon,Upper Klinan,6.22722222,125.12083333
PH,Philippines,Asia,South-Eastern Asia,BUK,Bukidnon,Upper San Mateo,7.17305556,124.58222222
PH,Philippines,Asia,South-Eastern Asia,BUL,Bulacan,Agay,9.05361111,125.58666667
PH,Philippines,Asia,South-Eastern Asia,BUL,Bulacan,Amaga,8.53083333,126.07027778
PH,Philippines,Asia,South-Eastern Asia,BUL,Bulacan,Anticala,9.00444444,125.64527778
PH,Philippines,Asia,South-Eastern Asia,BUL,Bulacan,Aras-asan,8.88777778,126.31111111
PH,Philippines,Asia,South-Eastern Asia,BUL,Bulacan,Bacolod,8.93166667,126.28944444
PH,Philippines,Asia,South-Eastern Asia,BUL,Bulacan,Bah-Bah,8.60722222,125.91444444
PH,Philippines,Asia,South-Eastern Asia,BUL,Bulacan,Balangbalang,9.05694444,125.62277778
PH,Philippines,Asia,South-Eastern Asia,BUL,Bulacan,Bancasi,8.96666667,125.46666667
PH,Philippines,Asia,South-Eastern Asia,BUL,Bulacan,Bangonay,9.31444444,125.55388889
PH,Philippines,Asia,South-Eastern Asia,BUL,Bulacan,Basa,8.07222222,126.06416667
PH,Philippines,Asia,South-Eastern Asia,BUL,Bulacan,Bayabas,8.96666667,126.26666667
PH,Philippines,Asia,South-Eastern Asia,BUL,Bulacan,Bayugan,8.78564,125.78175
PH,Philippines,Asia,South-Eastern Asia,BUL,Bulacan,Bigaan,8.31722222,126.28111111
PH,Philippines,Asia,South-Eastern Asia,BUL,Bulacan,Binucayan,8.25,125.71666667
PH,Philippines,Asia,South-Eastern Asia,BUL,Bulacan,Buenavista,8.97694444,125.40888889
PH,Philippines,Asia,South-Eastern Asia,BUL,Bulacan,Butuan,8.95,125.53333
PH,Philippines,Asia,South-Eastern Asia,BUL,Bulacan,Caloc-an,9.04694444,125.53055556
PH,Philippines,Asia,South-Eastern Asia,BUL,Bulacan,Cantapoy,9.49055556,125.43638889
PH,Philippines,Asia,South-Eastern Asia,BUL,Bulacan,Capalayan,9.74055556,125.54444444
PH,Philippines,Asia,South-Eastern Asia,BUL,Bulacan,Causwagan,8.4475,125.84027778
PH,Philippines,Asia,South-Eastern Asia,BUL,Bulacan,City of Cabadbaran,9.13748,125.65543
PH,Philippines,Asia,South-Eastern Asia,BUL,Bulacan,Comagascas,9.13972222,125.55972222
PH,Philippines,Asia,South-Eastern Asia,BUL,Bulacan,Cuevas,8.01916667,126.09416667
PH,Philippines,Asia,South-Eastern Asia,BUL,Bulacan,Culit,8.94722222,125.35694444
PH,Philippines,Asia,South-Eastern Asia,BUL,Bulacan,Dakbayan sa Bislig,8.20996,126.30947
PH,Philippines,Asia,South-Eastern Asia,BUL,Bulacan,Del Pilar,9.15194444,125.58472222
PH,Philippines,Asia,South-Eastern Asia,BUL,Bulacan,Gamut,8.53166667,126.24111111
PH,Philippines,Asia,South-Eastern Asia,BUL,Bulacan,Guadalupe,8.58277778,125.70805556
PH,Philippines,Asia,South-Eastern Asia,BUL,Bulacan,Guinabsan,8.8975,125.41611111
PH,Philippines,Asia,South-Eastern Asia,BUL,Bulacan,Ipil,9.79083333,125.43861111
PH,Philippines,Asia,South-Eastern Asia,BUL,Bulacan,Jagupit,9.24222222,125.55805556
PH,Philippines,Asia,South-Eastern Asia,BUL,Bulacan,Kinabhangan,8.96916667,125.3575
PH,Philippines,Asia,South-Eastern Asia,BUL,Bulacan,La Paz,8.27083333,125.79972222
PH,Philippines,Asia,South-Eastern Asia,BUL,Bulacan,La Union,9.08555556,125.53583333
PH,Philippines,Asia,South-Eastern Asia,BUL,Bulacan,Lapinigan,8.42055556,125.9825
PH,Philippines,Asia,South-Eastern Asia,BUL,Bulacan,Las Nieves,8.73167,125.59917
PH,Philippines,Asia,South-Eastern Asia,BUL,Bulacan,Libas,9.88333333,125.98333333
PH,Philippines,Asia,South-Eastern Asia,BUL,Bulacan,Libertad,8.94416667,125.50194444
PH,Philippines,Asia,South-Eastern Asia,BUL,Bulacan,Los Angeles,9.0125,125.60805556
PH,Philippines,Asia,South-Eastern Asia,BUL,Bulacan,Los Arcos,8.63277778,125.98555556
PH,Philippines,Asia,South-Eastern Asia,BUL,Bulacan,Loyola,8.335,126.33361111
PH,Philippines,Asia,South-Eastern Asia,BUL,Bulacan,Luna,9.73694444,125.4975
PH,Philippines,Asia,South-Eastern Asia,BUL,Bulacan,Mabahin,9.18555556,126.17055556
PH,Philippines,Asia,South-Eastern Asia,BUL,Bulacan,Mabua,9.80388889,125.44083333
PH,Philippines,Asia,South-Eastern Asia,BUL,Bulacan,Manapa,8.97777778,125.43944444
PH,Philippines,Asia,South-Eastern Asia,BUL,Bulacan,Matabao,8.95722222,125.39944444
PH,Philippines,Asia,South-Eastern Asia,BUL,Bulacan,Maygatasan,8.70944444,125.71833333
PH,Philippines,Asia,South-Eastern Asia,BUL,Bulacan,Panikian,9.32944444,125.93388889
PH,Philippines,Asia,South-Eastern Asia,BUL,Bulacan,Patin-ay,8.55055556,125.93722222
PH,Philippines,Asia,South-Eastern Asia,BUL,Bulacan,Punta,8.98972222,125.34
PH,Philippines,Asia,South-Eastern Asia,BUL,Bulacan,Salvacion,7.99944444,126.12472222
PH,Philippines,Asia,South-Eastern Asia,BUL,Bulacan,San Agustin,8.74366389,126.22143333
PH,Philippines,Asia,South-Eastern Asia,BUL,Bulacan,San Francisco,8.53556,125.95
PH,Philippines,Asia,South-Eastern Asia,BUL,Bulacan,San Isidro,7.75,125.73333333
PH,Philippines,Asia,South-Eastern Asia,BUL,Bulacan,San Miguel,8.88333333,126
PH,Philippines,Asia,South-Eastern Asia,BUL,Bulacan,Sanghan,9.08555556,125.57277778
PH,Philippines,Asia,South-Eastern Asia,BUL,Bulacan,Santa Ana,9.19277778,125.56444444
PH,Philippines,Asia,South-Eastern Asia,BUL,Bulacan,Santa Maria,8.03333333,126.1625
PH,Philippines,Asia,South-Eastern Asia,BUL,Bulacan,Santa Monica,10.02,126.03833
PH,Philippines,Asia,South-Eastern Asia,BUL,Bulacan,Santiago,9.26556,125.55917
PH,Philippines,Asia,South-Eastern Asia,BUL,Bulacan,Sinubong,8.06833333,125.93083333
PH,Philippines,Asia,South-Eastern Asia,BUL,Bulacan,Socorro,9.621,125.967
PH,Philippines,Asia,South-Eastern Asia,BUL,Bulacan,Tagcatong,9.00222222,125.25694444
PH,Philippines,Asia,South-Eastern Asia,BUL,Bulacan,Talacogon,8.41667,125.8
PH,Philippines,Asia,South-Eastern Asia,BUL,Bulacan,Taligaman,8.90444444,125.65583333
PH,Philippines,Asia,South-Eastern Asia,BUL,Bulacan,Talisay,9.81888889,125.61555556
PH,Philippines,Asia,South-Eastern Asia,BUL,Bulacan,Tidman,8.29861111,126.33888889
PH,Philippines,Asia,South-Eastern Asia,BUL,Bulacan,Tigao,9.20888889,126.17611111
PH,Philippines,Asia,South-Eastern Asia,BUL,Bulacan,Trento,8.05,126.13333
PH,Philippines,Asia,South-Eastern Asia,BUL,Bulacan,Unidad,8.53555556,126.22861111
PH,Philippines,Asia,South-Eastern Asia,BUL,Bulacan,Union,9.75666667,126.11027778
PH,Philippines,Asia,South-Eastern Asia,CAG,Cagayan,Andalan,5.95944444,121.39027778
PH,Philippines,Asia,South-Eastern Asia,CAG,Cagayan,Anuling,6.03555556,121.00666667
PH,Philippines,Asia,South-Eastern Asia,CAG,Cagayan,Awang,7.15305556,124.22111111
PH,Philippines,Asia,South-Eastern Asia,CAG,Cagayan,Bacayawan,7.76666667,124.23333333
PH,Philippines,Asia,South-Eastern Asia,CAG,Cagayan,Bacolod Grande,7.88333,124.11667
PH,Philippines,Asia,South-Eastern Asia,CAG,Cagayan,Badak,6.84722222,124.72055556
PH,Philippines,Asia,South-Eastern Asia,CAG,Cagayan,Bagan,6.92555556,124.42027778
PH,Philippines,Asia,South-Eastern Asia,CAG,Cagayan,Baka,7.27611111,124.26416667
PH,Philippines,Asia,South-Eastern Asia,CAG,Cagayan,Bakung,4.89111111,119.79416667
PH,Philippines,Asia,South-Eastern Asia,CAG,Cagayan,Balas,6.6875,122.13805556
PH,Philippines,Asia,South-Eastern Asia,CAG,Cagayan,Bangkal,6.06666667,121.06666667
PH,Philippines,Asia,South-Eastern Asia,CAG,Cagayan,Bankaw,5.01916667,120.00916667
PH,Philippines,Asia,South-Eastern Asia,CAG,Cagayan,Barurao,6.89805556,124.5975
PH,Philippines,Asia,South-Eastern Asia,CAG,Cagayan,Bato Bato,6.03444444,120.94638889
PH,Philippines,Asia,South-Eastern Asia,CAG,Cagayan,Baunu-Timbangan,6.00555556,120.99416667
PH,Philippines,Asia,South-Eastern Asia,CAG,Cagayan,Bawison,5.9375,120.87444444
PH,Philippines,Asia,South-Eastern Asia,CAG,Cagayan,Bayanga,7.52138889,124.25222222
PH,Philippines,Asia,South-Eastern Asia,CAG,Cagayan,Begang,6.69083333,122.01666667
PH,Philippines,Asia,South-Eastern Asia,CAG,Cagayan,Binuang,5.95694444,121.06
PH,Philippines,Asia,South-Eastern Asia,CAG,Cagayan,Blinsung,7.01805556,124.18055556
PH,Philippines,Asia,South-Eastern Asia,CAG,Cagayan,Bongued,7.11666667,124.4
PH,Philippines,Asia,South-Eastern Asia,CAG,Cagayan,Bualan,7.75,124.26666667
PH,Philippines,Asia,South-Eastern Asia,CAG,Cagayan,Buan,5.16083333,120.0425
PH,Philippines,Asia,South-Eastern Asia,CAG,Cagayan,Buansa,6.02583333,120.96138889
PH,Philippines,Asia,South-Eastern Asia,CAG,Cagayan,Budta,7.20416667,124.43972222
PH,Philippines,Asia,South-Eastern Asia,CAG,Cagayan,Bugasan,7.44083333,124.25916667
PH,Philippines,Asia,South-Eastern Asia,CAG,Cagayan,Buliok,7.01666667,124.7
PH,Philippines,Asia,South-Eastern Asia,CAG,Cagayan,Bulit,7.11527778,124.78944444
PH,Philippines,Asia,South-Eastern Asia,CAG,Cagayan,Cagayan de Tawi-Tawi,7.01667,118.46667
PH,Philippines,Asia,South-Eastern Asia,CAG,Cagayan,Colonia,6.64361111,122.1575
PH,Philippines,Asia,South-Eastern Asia,CAG,Cagayan,Dado,7.05,124.45972222
PH,Philippines,Asia,South-Eastern Asia,CAG,Cagayan,Dadus,7.0575,124.32166667
PH,Philippines,Asia,South-Eastern Asia,CAG,Cagayan,Dalican,6.96666667,124.4
PH,Philippines,Asia,South-Eastern Asia,CAG,Cagayan,Dalumangcob,7.21666667,124.3
PH,Philippines,Asia,South-Eastern Asia,CAG,Cagayan,Damabalas,7.01555556,124.51416667
PH,Philippines,Asia,South-Eastern Asia,CAG,Cagayan,Damatulan,7.03888889,124.48277778
PH,Philippines,Asia,South-Eastern Asia,CAG,Cagayan,Digal,6.75305556,124.79638889
PH,Philippines,Asia,South-Eastern Asia,CAG,Cagayan,Dinaig,7.08333,124.26667
PH,Philippines,Asia,South-Eastern Asia,CAG,Cagayan,Dinganen,7.32833333,124.37833333
PH,Philippines,Asia,South-Eastern Asia,CAG,Cagayan,Ebcor Town,7.44055556,124.39722222
PH,Philippines,Asia,South-Eastern Asia,CAG,Cagayan,Gang,7.24583333,124.26638889
PH,Philippines,Asia,South-Eastern Asia,CAG,Cagayan,Guiong,6.41861111,122.02583333
PH,Philippines,Asia,South-Eastern Asia,CAG,Cagayan,Idtig,6.79888889,124.77277778
PH,Philippines,Asia,South-Eastern Asia,CAG,Cagayan,Kabasalan,7.06666667,124.65
PH,Philippines,Asia,South-Eastern Asia,CAG,Cagayan,Kagay,6.00888889,120.9075
PH,Philippines,Asia,South-Eastern Asia,CAG,Cagayan,Kajatian,6.03111111,120.99194444
PH,Philippines,Asia,South-Eastern Asia,CAG,Cagayan,Kalang,5.91972222,121.36305556
PH,Philippines,Asia,South-Eastern Asia,CAG,Cagayan,Kalbugan,6.95972222,124.65916667
PH,Philippines,Asia,South-Eastern Asia,CAG,Cagayan,Kambing,5.94638889,121.3075
PH,Philippines,Asia,South-Eastern Asia,CAG,Cagayan,Kanlagay,5.87555556,121.29138889
PH,Philippines,Asia,South-Eastern Asia,CAG,Cagayan,Kansipati,6.00111111,121.23444444
PH,Philippines,Asia,South-Eastern Asia,CAG,Cagayan,Karungdong,5.88444444,121.26305556
PH,Philippines,Asia,South-Eastern Asia,CAG,Cagayan,Katidtuan,7.18861111,124.31527778
PH,Philippines,Asia,South-Eastern Asia,CAG,Cagayan,Katuli,7.43333333,124.21666667
PH,Philippines,Asia,South-Eastern Asia,CAG,Cagayan,Kitango,6.94833333,124.44111111
PH,Philippines,Asia,South-Eastern Asia,CAG,Cagayan,Kitapak,6.95333333,124.42555556
PH,Philippines,Asia,South-Eastern Asia,CAG,Cagayan,Kolape,5.07027778,119.89694444
PH,Philippines,Asia,South-Eastern Asia,CAG,Cagayan,Kulase,5.90527778,120.95694444
PH,Philippines,Asia,South-Eastern Asia,CAG,Cagayan,Kulay-Kulay,5.94527778,121.2325
PH,Philippines,Asia,South-Eastern Asia,CAG,Cagayan,Kulempang,7.51944444,124.38972222
PH,Philippines,Asia,South-Eastern Asia,CAG,Cagayan,Kungtad,5.55722222,120.84722222
PH,Philippines,Asia,South-Eastern Asia,CAG,Cagayan,Labuñgan,7.10305556,124.235
PH,Philippines,Asia,South-Eastern Asia,CAG,Cagayan,Laminusa,5.555,120.91361111
PH,Philippines,Asia,South-Eastern Asia,CAG,Cagayan,Lamitan City,6.63333,122.1
PH,Philippines,Asia,South-Eastern Asia,CAG,Cagayan,Langpas,5.975,120.94888889
PH,Philippines,Asia,South-Eastern Asia,CAG,Cagayan,Larap,4.76166667,119.405
PH,Philippines,Asia,South-Eastern Asia,CAG,Cagayan,Latung,5.5,120.88333333
PH,Philippines,Asia,South-Eastern Asia,CAG,Cagayan,Layog,7.07666667,124.73055556
PH,Philippines,Asia,South-Eastern Asia,CAG,Cagayan,Ligayan,4.65444444,119.47055556
PH,Philippines,Asia,South-Eastern Asia,CAG,Cagayan,Limbo,7.25166667,124.24388889
PH,Philippines,Asia,South-Eastern Asia,CAG,Cagayan,Litayan,7.33583333,124.03472222
PH,Philippines,Asia,South-Eastern Asia,CAG,Cagayan,Lookan,5.03694444,120.10277778
PH,Philippines,Asia,South-Eastern Asia,CAG,Cagayan,Lumba-a-Bayabao,7.78333,124.5
PH,Philippines,Asia,South-Eastern Asia,CAG,Cagayan,Lumbac,7.73416667,124.25277778
PH,Philippines,Asia,South-Eastern Asia,CAG,Cagayan,Luuk Datan,4.81194444,119.84527778
PH,Philippines,Asia,South-Eastern Asia,CAG,Cagayan,Mahala,5.91666667,121.13333333
PH,Philippines,Asia,South-Eastern Asia,CAG,Cagayan,Makir,7.03083333,124.30416667
PH,Philippines,Asia,South-Eastern Asia,CAG,Cagayan,Manubul,5.47333333,120.79861111
PH,Philippines,Asia,South-Eastern Asia,CAG,Cagayan,Marsada,5.93138889,121.10694444
PH,Philippines,Asia,South-Eastern Asia,CAG,Cagayan,Marunggas,6.19193,120.96085
PH,Philippines,Asia,South-Eastern Asia,CAG,Cagayan,Mataya,7.47111111,124.37194444
PH,Philippines,Asia,South-Eastern Asia,CAG,Cagayan,Mauboh,5.99,121.09361111
PH,Philippines,Asia,South-Eastern Asia,CAG,Cagayan,Mileb,6.89861111,124.58388889
PH,Philippines,Asia,South-Eastern Asia,CAG,Cagayan,Molundo,7.91786,124.36542
PH,Philippines,Asia,South-Eastern Asia,CAG,Cagayan,Municipality of Indanan,5.99429,120.96028
PH,Philippines,Asia,South-Eastern Asia,CAG,Cagayan,Municipality of Lantawan,6.6265,121.8642
PH,Philippines,Asia,South-Eastern Asia,CAG,Cagayan,Municipality of Pangutaran,6.305,120.554
PH,Philippines,Asia,South-Eastern Asia,CAG,Cagayan,Municipality of Sultan Gumander,7.6905,123.9406
PH,Philippines,Asia,South-Eastern Asia,CAG,Cagayan,Municipality of Tongkil,6.02517,121.83632
PH,Philippines,Asia,South-Eastern Asia,CAG,Cagayan,New Batu Batu,5.06666667,119.88333333
PH,Philippines,Asia,South-Eastern Asia,CAG,Cagayan,New Panamao,5.96667,121.18333
PH,Philippines,Asia,South-Eastern Asia,CAG,Cagayan,Nuyo,7.41805556,124.41083333
PH,Philippines,Asia,South-Eastern Asia,CAG,Cagayan,Old Panamao,5.98333333,121.25
PH,Philippines,Asia,South-Eastern Asia,CAG,Cagayan,Pagatin,6.97305556,124.47527778
PH,Philippines,Asia,South-Eastern Asia,CAG,Cagayan,Paitan,16.4646107,121.1451566
PH,Philippines,Asia,South-Eastern Asia,CAG,Cagayan,Panabuan,5.96166667,120.96277778
PH,Philippines,Asia,South-Eastern Asia,CAG,Cagayan,Panadtaban,6.90083333,124.64277778
PH,Philippines,Asia,South-Eastern Asia,CAG,Cagayan,Pandakan,5.98888889,121.16583333
PH,Philippines,Asia,South-Eastern Asia,CAG,Cagayan,Pandan Niog,6.22833333,120.56305556
PH,Philippines,Asia,South-Eastern Asia,CAG,Cagayan,Pang,5.94833333,121.28833333
PH,Philippines,Asia,South-Eastern Asia,CAG,Cagayan,Parangan,5.08388889,119.93833333
PH,Philippines,Asia,South-Eastern Asia,CAG,Cagayan,Parian Dakula,5.55666667,120.77194444
PH,Philippines,Asia,South-Eastern Asia,CAG,Cagayan,Pata,5.84440833,121.14386111
PH,Philippines,Asia,South-Eastern Asia,CAG,Cagayan,Pawak,8.01638889,124.25638889
PH,Philippines,Asia,South-Eastern Asia,CAG,Cagayan,Payuhan,5.94166667,120.90111111
PH,Philippines,Asia,South-Eastern Asia,CAG,Cagayan,Pidsandawan,6.93222222,124.59083333
PH,Philippines,Asia,South-Eastern Asia,CAG,Cagayan,Pinaring,7.22888889,124.31055556
PH,Philippines,Asia,South-Eastern Asia,CAG,Cagayan,Poon-a-Bayabao,7.83333,124.35
PH,Philippines,Asia,South-Eastern Asia,CAG,Cagayan,Punay,5.96138889,121.19805556
PH,Philippines,Asia,South-Eastern Asia,CAG,Cagayan,Rimpeso,7.02388889,124.10027778
PH,Philippines,Asia,South-Eastern Asia,CAG,Cagayan,Sambuluan,6.88333333,124.7
PH,Philippines,Asia,South-Eastern Asia,CAG,Cagayan,Sanga-Sanga,5.0725,119.78527778
PH,Philippines,Asia,South-Eastern Asia,CAG,Cagayan,Santa Clara,6.67833333,122.06
PH,Philippines,Asia,South-Eastern Asia,CAG,Cagayan,Sapa,5.15444444,120.32416667
PH,Philippines,Asia,South-Eastern Asia,CAG,Cagayan,Sapadun,7.48333333,124.25
PH,Philippines,Asia,South-Eastern Asia,CAG,Cagayan,Satan,6.86305556,124.40861111
PH,Philippines,Asia,South-Eastern Asia,CAG,Cagayan,Semut,6.66361111,122.21888889
PH,Philippines,Asia,South-Eastern Asia,CAG,Cagayan,Simuay,7.27722222,124.30722222
PH,Philippines,Asia,South-Eastern Asia,CAG,Cagayan,Sionogan,6.00527778,120.94861111
PH,Philippines,Asia,South-Eastern Asia,CAG,Cagayan,Sultan Sumagka,7.035325,124.37575556
PH,Philippines,Asia,South-Eastern Asia,CAG,Cagayan,Tabiauan,6.02805556,121.89361111
PH,Philippines,Asia,South-Eastern Asia,CAG,Cagayan,Tablas,6.62916667,122.17472222
PH,Philippines,Asia,South-Eastern Asia,CAG,Cagayan,Tairan Camp,6.64027778,121.83944444
PH,Philippines,Asia,South-Eastern Asia,CAG,Cagayan,Talipaw,5.91,121.09444444
PH,Philippines,Asia,South-Eastern Asia,CAG,Cagayan,Tapayan,7.29444444,124.26611111
PH,Philippines,Asia,South-Eastern Asia,CAG,Cagayan,Tapikan,6.85194444,124.3225
PH,Philippines,Asia,South-Eastern Asia,CAG,Cagayan,Taungoh,4.70666667,119.49305556
PH,Philippines,Asia,South-Eastern Asia,CAG,Cagayan,Taviran,7.12333333,124.31972222
PH,Philippines,Asia,South-Eastern Asia,CAG,Cagayan,Tongouson,5.02138889,120.13277778
PH,Philippines,Asia,South-Eastern Asia,CAG,Cagayan,Tumbagaan,5.36555556,120.31388889
PH,Philippines,Asia,South-Eastern Asia,CAG,Cagayan,Tunggol,5.84444444,121.15444444
PH,Philippines,Asia,South-Eastern Asia,CAG,Cagayan,Tungol,7.08083333,124.75305556
PH,Philippines,Asia,South-Eastern Asia,CAG,Cagayan,Ungus-Ungus,5.05083333,119.83972222
PH,Philippines,Asia,South-Eastern Asia,CAG,Cagayan,Uyaan,7.86305556,124.04111111
PH,Philippines,Asia,South-Eastern Asia,02,Cagayan Valley,Abulug,18.44528,121.45333
PH,Philippines,Asia,South-Eastern Asia,02,Cagayan Valley,Abut,17.35423,121.60138
PH,Philippines,Asia,South-Eastern Asia,02,Cagayan Valley,Accusilian,17.74791,121.46254
PH,Philippines,Asia,South-Eastern Asia,02,Cagayan Valley,Afusing Centro,17.8526,121.6269
PH,Philippines,Asia,South-Eastern Asia,02,Cagayan Valley,Aggugaddah,17.70016,121.8025
PH,Philippines,Asia,South-Eastern Asia,02,Cagayan Valley,Alabug,17.73261,121.46773
PH,Philippines,Asia,South-Eastern Asia,02,Cagayan Valley,Alannay,18.06114,121.58616
PH,Philippines,Asia,South-Eastern Asia,02,Cagayan Valley,Alibago,17.11667,121.86667
PH,Philippines,Asia,South-Eastern Asia,02,Cagayan Valley,Allacapan,18.22598,121.55615
PH,Philippines,Asia,South-Eastern Asia,02,Cagayan Valley,Almaguer North,16.3497,121.0926
PH,Philippines,Asia,South-Eastern Asia,02,Cagayan Valley,Amulung,17.8357,121.72375
PH,Philippines,Asia,South-Eastern Asia,02,Cagayan Valley,Antagan Segunda,17.28268,121.87153
PH,Philippines,Asia,South-Eastern Asia,02,Cagayan Valley,Aparri,18.3566,121.6406
PH,Philippines,Asia,South-Eastern Asia,02,Cagayan Valley,Atulayan,17.6648,121.6937
PH,Philippines,Asia,South-Eastern Asia,02,Cagayan Valley,Awallan,17.92439,121.91305
PH,Philippines,Asia,South-Eastern Asia,02,Cagayan Valley,Bacnor East,17.03449,121.70375
PH,Philippines,Asia,South-Eastern Asia,02,Cagayan Valley,Baggabag B,16.50588,121.19014
PH,Philippines,Asia,South-Eastern Asia,02,Cagayan Valley,Bagong Tanza,16.98269,121.61109
PH,Philippines,Asia,South-Eastern Asia,02,Cagayan Valley,Bagu,18.42441,121.35573
PH,Philippines,Asia,South-Eastern Asia,02,Cagayan Valley,Ballesteros,18.4126,121.5152
PH,Philippines,Asia,South-Eastern Asia,02,Cagayan Valley,Bangad,17.49543,121.77714
PH,Philippines,Asia,South-Eastern Asia,02,Cagayan Valley,Banganan,16.3144,121.0544
PH,Philippines,Asia,South-Eastern Asia,02,Cagayan Valley,Banquero,17.02305,121.77834
PH,Philippines,Asia,South-Eastern Asia,02,Cagayan Valley,Barucboc Norte,17.25857,121.60561
PH,Philippines,Asia,South-Eastern Asia,02,Cagayan Valley,Basco,20.44865,121.97017
PH,Philippines,Asia,South-Eastern Asia,02,Cagayan Valley,Batal,16.6955267,121.5935412
PH,Philippines,Asia,South-Eastern Asia,02,Cagayan Valley,Battung,17.72261,121.45914
PH,Philippines,Asia,South-Eastern Asia,02,Cagayan Valley,Belance,16.18333,121.25
PH,Philippines,Asia,South-Eastern Asia,02,Cagayan Valley,Binalan,18.3275,121.5451
PH,Philippines,Asia,South-Eastern Asia,02,Cagayan Valley,Binguang,17.45893,121.79519
PH,Philippines,Asia,South-Eastern Asia,02,Cagayan Valley,Bintawan,16.57588,121.18764
PH,Philippines,Asia,South-Eastern Asia,02,Cagayan Valley,Bitag Grande,17.90244,121.85013
PH,Philippines,Asia,South-Eastern Asia,02,Cagayan Valley,Bone South,16.2446,120.9958
PH,Philippines,Asia,South-Eastern Asia,02,Cagayan Valley,Buguey,18.2882302,121.832126
PH,Philippines,Asia,South-Eastern Asia,02,Cagayan Valley,Buliwao,16.48333,121.23333
PH,Philippines,Asia,South-Eastern Asia,02,Cagayan Valley,Bulu,17.33333,121.76667
PH,Philippines,Asia,South-Eastern Asia,02,Cagayan Valley,Busilak,16.4775,121.1241
PH,Philippines,Asia,South-Eastern Asia,02,Cagayan Valley,Cabannungan Second,17.1249,121.8506
PH,Philippines,Asia,South-Eastern Asia,02,Cagayan Valley,Cabaritan East,18.41781,121.48872
PH,Philippines,Asia,South-Eastern Asia,02,Cagayan Valley,Cabiraoan,18.32377,122.08595
PH,Philippines,Asia,South-Eastern Asia,02,Cagayan Valley,Cabulay,16.74556,121.4975
PH,Philippines,Asia,South-Eastern Asia,02,Cagayan Valley,Calamagui East,17.48815,121.76845
PH,Philippines,Asia,South-Eastern Asia,02,Cagayan Valley,Calantac,17.90904,121.7228
PH,Philippines,Asia,South-Eastern Asia,02,Cagayan Valley,Calaoagan,18.04279,121.72325
PH,Philippines,Asia,South-Eastern Asia,02,Cagayan Valley,Calinaoan Malasin,17.35189,121.74074
PH,Philippines,Asia,South-Eastern Asia,02,Cagayan Valley,Calog Norte,18.36359,121.38533
PH,Philippines,Asia,South-Eastern Asia,02,Cagayan Valley,Camalaniugan,18.274,121.6748
PH,Philippines,Asia,South-Eastern Asia,02,Cagayan Valley,Capissayan Sur,18.0509,121.8177
PH,Philippines,Asia,South-Eastern Asia,02,Cagayan Valley,Carig,17.65929,121.74357
PH,Philippines,Asia,South-Eastern Asia,02,Cagayan Valley,Casambalangan,18.37646,122.12745
PH,Philippines,Asia,South-Eastern Asia,02,Cagayan Valley,Catayauan,18.16072,121.65271
PH,Philippines,Asia,South-Eastern Asia,02,Cagayan Valley,Cullalabo del Sur,17.10267,121.70394
PH,Philippines,Asia,South-Eastern Asia,02,Cagayan Valley,Dalaoig,17.94917,121.7148
PH,Philippines,Asia,South-Eastern Asia,02,Cagayan Valley,Daragutan,17,122.03333
PH,Philippines,Asia,South-Eastern Asia,02,Cagayan Valley,Dassun,17.74517,121.71137
PH,Philippines,Asia,South-Eastern Asia,02,Cagayan Valley,Diamantina,16.91795,121.62674
PH,Philippines,Asia,South-Eastern Asia,02,Cagayan Valley,Dibuluan,16.51907,121.76472
PH,Philippines,Asia,South-Eastern Asia,02,Cagayan Valley,Dicabisagan,17.08184,122.41574
PH,Philippines,Asia,South-Eastern Asia,02,Cagayan Valley,Dicamay,16.75606,122.00374
PH,Philippines,Asia,South-Eastern Asia,02,Cagayan Valley,Divisoria,17.52268,121.77421
PH,Philippines,Asia,South-Eastern Asia,02,Cagayan Valley,Dodan,17.64107,121.79449
PH,Philippines,Asia,South-Eastern Asia,02,Cagayan Valley,Dumabato,16.31667,121.7
PH,Philippines,Asia,South-Eastern Asia,02,Cagayan Valley,Eden,17.03809,121.59799
PH,Philippines,Asia,South-Eastern Asia,02,Cagayan Valley,Enrile,17.5596,121.6974
PH,Philippines,Asia,South-Eastern Asia,02,Cagayan Valley,Esperanza East,17.02327,121.68402
PH,Philippines,Asia,South-Eastern Asia,02,Cagayan Valley,Estefania,17.79952,121.7231
PH,Philippines,Asia,South-Eastern Asia,02,Cagayan Valley,Furao,17.03466,121.79689
PH,Philippines,Asia,South-Eastern Asia,02,Cagayan Valley,Gadu,17.6292,121.6105
PH,Philippines,Asia,South-Eastern Asia,02,Cagayan Valley,Gammad,17.7104,121.7437
PH,Philippines,Asia,South-Eastern Asia,02,Cagayan Valley,Ganapi,17.20174,121.86524
PH,Philippines,Asia,South-Eastern Asia,02,Cagayan Valley,Gappal,16.83646,121.82184
PH,Philippines,Asia,South-Eastern Asia,02,Cagayan Valley,Gattaran,18.06157,121.6441
PH,Philippines,Asia,South-Eastern Asia,02,Cagayan Valley,Gonzaga,18.25937,121.99495
PH,Philippines,Asia,South-Eastern Asia,02,Cagayan Valley,Guiddam,18.33493,121.46617
PH,Philippines,Asia,South-Eastern Asia,02,Cagayan Valley,Ibung,16.6071699,121.1851893
PH,Philippines,Asia,South-Eastern Asia,02,Cagayan Valley,Iguig,17.7506,121.73645
PH,Philippines,Asia,South-Eastern Asia,02,Cagayan Valley,Ineangan,16.3181,121.093
PH,Philippines,Asia,South-Eastern Asia,02,Cagayan Valley,Iraga,17.7015,121.6546
PH,Philippines,Asia,South-Eastern Asia,02,Cagayan Valley,Itbayat,20.78733,121.84177
PH,Philippines,Asia,South-Eastern Asia,02,Cagayan Valley,Ivana,20.37005,121.91457
PH,Philippines,Asia,South-Eastern Asia,02,Cagayan Valley,Lallayug,17.70684,121.44175
PH,Philippines,Asia,South-Eastern Asia,02,Cagayan Valley,Lanna,17.696,121.70014
PH,Philippines,Asia,South-Eastern Asia,02,Cagayan Valley,Lapi,17.716,121.89775
PH,Philippines,Asia,South-Eastern Asia,02,Cagayan Valley,Larion Alto,17.63082,121.76062
PH,Philippines,Asia,South-Eastern Asia,02,Cagayan Valley,Lasam,18.06519,121.60065
PH,Philippines,Asia,South-Eastern Asia,02,Cagayan Valley,Mabasa,16.321,121.1262
PH,Philippines,Asia,South-Eastern Asia,02,Cagayan Valley,Mabini,17.09936,121.73454
PH,Philippines,Asia,South-Eastern Asia,02,Cagayan Valley,Mabuttal East,18.3762,121.5147
PH,Philippines,Asia,South-Eastern Asia,02,Cagayan Valley,Maddarulug Norte,17.60732,121.6767
PH,Philippines,Asia,South-Eastern Asia,02,Cagayan Valley,Magalalag,17.57732,121.73497
PH,Philippines,Asia,South-Eastern Asia,02,Cagayan Valley,Magapit,18.13741,121.66942
PH,Philippines,Asia,South-Eastern Asia,02,Cagayan Valley,Magapit Aguiguican,18.10788,121.67705
PH,Philippines,Asia,South-Eastern Asia,02,Cagayan Valley,Maguilling,17.76982,121.49778
PH,Philippines,Asia,South-Eastern Asia,02,Cagayan Valley,Mahatao,20.41585,121.94707
PH,Philippines,Asia,South-Eastern Asia,02,Cagayan Valley,Malasin,16.3045,121.1062
PH,Philippines,Asia,South-Eastern Asia,02,Cagayan Valley,Maluno Sur,16.99885,121.96434
PH,Philippines,Asia,South-Eastern Asia,02,Cagayan Valley,Manaring,17.17294,121.90254
PH,Philippines,Asia,South-Eastern Asia,02,Cagayan Valley,Manga,17.70123,121.86048
PH,Philippines,Asia,South-Eastern Asia,02,Cagayan Valley,Masaya Sur,16.50017,121.74743
PH,Philippines,Asia,South-Eastern Asia,02,Cagayan Valley,Masipi West,17.37933,121.83861
PH,Philippines,Asia,South-Eastern Asia,02,Cagayan Valley,Maxingal,18.21488,121.66815
PH,Philippines,Asia,South-Eastern Asia,02,Cagayan Valley,Minallo,16.98685,121.85394
PH,Philippines,Asia,South-Eastern Asia,02,Cagayan Valley,Minanga Norte,17.45233,121.78533
PH,Philippines,Asia,South-Eastern Asia,02,Cagayan Valley,Minante Segundo,16.9022,121.76191
PH,Philippines,Asia,South-Eastern Asia,02,Cagayan Valley,Minuri,16.53233,121.85532
PH,Philippines,Asia,South-Eastern Asia,02,Cagayan Valley,Mozzozzin Sur,17.45685,121.74607
PH,Philippines,Asia,South-Eastern Asia,02,Cagayan Valley,Mungo,17.72412,121.47096
PH,Philippines,Asia,South-Eastern Asia,02,Cagayan Valley,Muñoz East,17.15754,121.61354
PH,Philippines,Asia,South-Eastern Asia,02,Cagayan Valley,Nabannagan West,18.07156,121.5363
PH,Philippines,Asia,South-Eastern Asia,02,Cagayan Valley,Nagrumbuan,16.89955,121.70974
PH,Philippines,Asia,South-Eastern Asia,02,Cagayan Valley,Namuac,18.6109,121.1657
PH,Philippines,Asia,South-Eastern Asia,02,Cagayan Valley,Nattapian,17.67536,121.70296
PH,Philippines,Asia,South-Eastern Asia,02,Cagayan Valley,Paddaya,18.32361,121.73866
PH,Philippines,Asia,South-Eastern Asia,02,Cagayan Valley,Palagao Norte,18.04406,121.71871
PH,Philippines,Asia,South-Eastern Asia,02,Cagayan Valley,Pangal Sur,16.60036,121.66979
PH,Philippines,Asia,South-Eastern Asia,02,Cagayan Valley,Pattao,18.24694,121.8147
PH,Philippines,Asia,South-Eastern Asia,02,Cagayan Valley,Peñablanca,17.63342,121.78117
PH,Philippines,Asia,South-Eastern Asia,02,Cagayan Valley,Piat,17.7905,121.478
PH,Philippines,Asia,South-Eastern Asia,02,Cagayan Valley,Pilig,17.34278,121.77389
PH,Philippines,Asia,South-Eastern Asia,02,Cagayan Valley,Pinoma,16.87421,121.70669
PH,Philippines,Asia,South-Eastern Asia,02,Cagayan Valley,Quibal,17.7159,121.81135
PH,Philippines,Asia,South-Eastern Asia,02,Cagayan Valley,Ragan Norte,17.32318,121.77428
PH,Philippines,Asia,South-Eastern Asia,02,Cagayan Valley,Ramos West,16.6984,121.6136
PH,Philippines,Asia,South-Eastern Asia,02,Cagayan Valley,Sabtang,20.33566,121.87157
PH,Philippines,Asia,South-Eastern Asia,02,Cagayan Valley,Salinas,16.3695,121.0188
PH,Philippines,Asia,South-Eastern Asia,02,Cagayan Valley,Salinungan Proper,16.86906,121.61454
PH,Philippines,Asia,South-Eastern Asia,02,Cagayan Valley,San Bernardo,17.40481,121.75155
PH,Philippines,Asia,South-Eastern Asia,02,Cagayan Valley,Sandiat Centro,17.07295,121.63752
PH,Philippines,Asia,South-Eastern Asia,02,Cagayan Valley,Santa Praxedes,18.56667,121
PH,Philippines,Asia,South-Eastern Asia,02,Cagayan Valley,Siempre Viva,17.22874,121.63294
PH,Philippines,Asia,South-Eastern Asia,02,Cagayan Valley,Sillawit,16.87316,121.75924
PH,Philippines,Asia,South-Eastern Asia,02,Cagayan Valley,Simanu Sur,17.48523,121.83426
PH,Philippines,Asia,South-Eastern Asia,02,Cagayan Valley,Simimbaan,17.11856,121.58138
PH,Philippines,Asia,South-Eastern Asia,02,Cagayan Valley,Sinamar,16.9,121.56667
PH,Philippines,Asia,South-Eastern Asia,02,Cagayan Valley,Sindon,17.06034,122.01514
PH,Philippines,Asia,South-Eastern Asia,02,Cagayan Valley,Solana,17.6528,121.691
PH,Philippines,Asia,South-Eastern Asia,02,Cagayan Valley,Soyung,16.7001,121.6655
PH,Philippines,Asia,South-Eastern Asia,02,Cagayan Valley,Taguing,17.94636,121.75521
PH,Philippines,Asia,South-Eastern Asia,02,Cagayan Valley,Tapel,18.28907,122.02915
PH,Philippines,Asia,South-Eastern Asia,02,Cagayan Valley,Tuao,16.58833,121.25778
PH,Philippines,Asia,South-Eastern Asia,02,Cagayan Valley,Tuguegarao,17.6118858,121.7300377
PH,Philippines,Asia,South-Eastern Asia,02,Cagayan Valley,Tupang,17.90483,121.64099
PH,Philippines,Asia,South-Eastern Asia,02,Cagayan Valley,Uddiawan,16.55888,121.15124
PH,Philippines,Asia,South-Eastern Asia,02,Cagayan Valley,Ugac Sur,17.61325,121.71583
PH,Philippines,Asia,South-Eastern Asia,02,Cagayan Valley,Ugad,17.3075,121.80042
PH,Philippines,Asia,South-Eastern Asia,02,Cagayan Valley,Uyugan,20.35045,121.93777
PH,Philippines,Asia,South-Eastern Asia,02,Cagayan Valley,Yeban Norte,17.02195,121.94194
PH,Philippines,Asia,South-Eastern Asia,40,Calabarzon,,,
PH,Philippines,Asia,South-Eastern Asia,CAN,Camarines Norte,Ambuclao,16.48333333,120.75
PH,Philippines,Asia,South-Eastern Asia,CAN,Camarines Norte,Amlimay,16.69388889,120.83694444
PH,Philippines,Asia,South-Eastern Asia,CAN,Camarines Norte,Ampusungan,16.78027778,120.72472222
PH,Philippines,Asia,South-Eastern Asia,CAN,Camarines Norte,Angad,17.585,120.62583333
PH,Philippines,Asia,South-Eastern Asia,CAN,Camarines Norte,Atok,16.62756667,120.76736667
PH,Philippines,Asia,South-Eastern Asia,CAN,Camarines Norte,Baculongan,16.8,120.83333333
PH,Philippines,Asia,South-Eastern Asia,CAN,Camarines Norte,Baguinge,16.77777778,121.10611111
PH,Philippines,Asia,South-Eastern Asia,CAN,Camarines Norte,Baguio,16.41516667,120.59559444
PH,Philippines,Asia,South-Eastern Asia,CAN,Camarines Norte,Bakun,16.79222222,120.66527778
PH,Philippines,Asia,South-Eastern Asia,CAN,Camarines Norte,Bangao,16.82111111,120.84027778
PH,Philippines,Asia,South-Eastern Asia,CAN,Camarines Norte,Bayabas,16.45,120.51666667
PH,Philippines,Asia,South-Eastern Asia,CAN,Camarines Norte,Betwagan,17.08333333,120.96666667
PH,Philippines,Asia,South-Eastern Asia,CAN,Camarines Norte,Bocos,16.92638889,121.05722222
PH,Philippines,Asia,South-Eastern Asia,CAN,Camarines Norte,Bokod,16.5,120.83333333
PH,Philippines,Asia,South-Eastern Asia,CAN,Camarines Norte,Bucloc,17.43333,120.83333
PH,Philippines,Asia,South-Eastern Asia,CAN,Camarines Norte,Buguias,16.71666667,120.83333333
PH,Philippines,Asia,South-Eastern Asia,CAN,Camarines Norte,Bulalacao,16.83583333,120.80861111
PH,Philippines,Asia,South-Eastern Asia,CAN,Camarines Norte,Butigui,17.11527778,121.43305556
PH,Philippines,Asia,South-Eastern Asia,CAN,Camarines Norte,Calaba,17.61777778,120.61611111
PH,Philippines,Asia,South-Eastern Asia,CAN,Camarines Norte,Daguioman,17.45,120.95
PH,Philippines,Asia,South-Eastern Asia,CAN,Camarines Norte,Dalipey,16.8,120.71666667
PH,Philippines,Asia,South-Eastern Asia,CAN,Camarines Norte,Dalupirip,16.32611111,120.72416667
PH,Philippines,Asia,South-Eastern Asia,CAN,Camarines Norte,Gambang,16.75,120.78333333
PH,Philippines,Asia,South-Eastern Asia,CAN,Camarines Norte,Guinsadan,16.96416667,120.86805556
PH,Philippines,Asia,South-Eastern Asia,CAN,Camarines Norte,Hapao,16.87972222,121.01611111
PH,Philippines,Asia,South-Eastern Asia,CAN,Camarines Norte,Itogon,16.36666667,120.68333333
PH,Philippines,Asia,South-Eastern Asia,CAN,Camarines Norte,Kabayan,16.61666667,120.83333333
PH,Philippines,Asia,South-Eastern Asia,CAN,Camarines Norte,Kapangan,16.58333333,120.6
PH,Philippines,Asia,South-Eastern Asia,CAN,Camarines Norte,Kibungan,16.95435,120.66559
PH,Philippines,Asia,South-Eastern Asia,CAN,Camarines Norte,La Trinidad,16.4621,120.5877
PH,Philippines,Asia,South-Eastern Asia,CAN,Camarines Norte,Lacub,17.6611,120.9504
PH,Philippines,Asia,South-Eastern Asia,CAN,Camarines Norte,Langiden,17.61667,120.51667
PH,Philippines,Asia,South-Eastern Asia,CAN,Camarines Norte,Laya,17.4725,121.46777778
PH,Philippines,Asia,South-Eastern Asia,CAN,Camarines Norte,Licuan,17.58333,120.85
PH,Philippines,Asia,South-Eastern Asia,CAN,Camarines Norte,Liwan,17.51916667,121.63194444
PH,Philippines,Asia,South-Eastern Asia,CAN,Camarines Norte,Loacan,16.55,120.66666667
PH,Philippines,Asia,South-Eastern Asia,CAN,Camarines Norte,Malibcong,17.5655,120.9936
PH,Philippines,Asia,South-Eastern Asia,CAN,Camarines Norte,Mankayan,16.86666667,120.78333333
PH,Philippines,Asia,South-Eastern Asia,CAN,Camarines Norte,Monamon,16.88333333,120.88333333
PH,Philippines,Asia,South-Eastern Asia,CAN,Camarines Norte,Nangalisan,16.43444444,120.47777778
PH,Philippines,Asia,South-Eastern Asia,CAN,Camarines Norte,Natubleng,16.69638889,120.78055556
PH,Philippines,Asia,South-Eastern Asia,CAN,Camarines Norte,Pidigan,17.55,120.58333
PH,Philippines,Asia,South-Eastern Asia,CAN,Camarines Norte,Potia,16.93333,121.46667
PH,Philippines,Asia,South-Eastern Asia,CAN,Camarines Norte,Rizal,17.5,121.6
PH,Philippines,Asia,South-Eastern Asia,CAN,Camarines Norte,Sablan,16.49639,120.51748
PH,Philippines,Asia,South-Eastern Asia,CAN,Camarines Norte,Sadsadan,16.93333333,120.86666667
PH,Philippines,Asia,South-Eastern Asia,CAN,Camarines Norte,Sal-Lapadan,17.46667,120.78333
PH,Philippines,Asia,South-Eastern Asia,CAN,Camarines Norte,San Isidro,17.46667,120.6
PH,Philippines,Asia,South-Eastern Asia,CAN,Camarines Norte,San Ramon,17.41361111,120.7075
PH,Philippines,Asia,South-Eastern Asia,CAN,Camarines Norte,Tabaan,16.3,120.51666667
PH,Philippines,Asia,South-Eastern Asia,CAN,Camarines Norte,Tacadang,16.72638889,120.64055556
PH,Philippines,Asia,South-Eastern Asia,CAN,Camarines Norte,Taloy,16.33333333,120.5
PH,Philippines,Asia,South-Eastern Asia,CAN,Camarines Norte,Tayum,17.6,120.68333
PH,Philippines,Asia,South-Eastern Asia,CAN,Camarines Norte,Tineg,17.76701,120.928
PH,Philippines,Asia,South-Eastern Asia,CAN,Camarines Norte,Topdac,16.55527778,120.71166667
PH,Philippines,Asia,South-Eastern Asia,CAN,Camarines Norte,Tuba,16.31666667,120.55
PH,Philippines,Asia,South-Eastern Asia,CAN,Camarines Norte,Tublay,16.51666667,120.61666667
PH,Philippines,Asia,South-Eastern Asia,CAN,Camarines Norte,Tubo,17.16667,120.71667
PH,Philippines,Asia,South-Eastern Asia,CAN,Camarines Norte,Tuding,16.41083333,120.64222222
PH,Philippines,Asia,South-Eastern Asia,CAS,Camarines Sur,Baao,13.4884407,123.2809312
PH,Philippines,Asia,South-Eastern Asia,CAS,Camarines Sur,Balatan,13.3392112,123.2069053
PH,Philippines,Asia,South-Eastern Asia,CAS,Camarines Sur,Bato,13.3178651,123.2456549
PH,Philippines,Asia,South-Eastern Asia,CAS,Camarines Sur,Bombon,13.6875057,123.1278093
PH,Philippines,Asia,South-Eastern Asia,CAS,Camarines Sur,Buhi,13.4410226,123.4402331
PH,Philippines,Asia,South-Eastern Asia,CAS,Camarines Sur,Bula,13.4457757,123.1873758
PH,Philippines,Asia,South-Eastern Asia,CAS,Camarines Sur,Cabusao,13.7328646,122.9785497
PH,Philippines,Asia,South-Eastern Asia,CAS,Camarines Sur,Calabanga,13.7138076,123.0829936
PH,Philippines,Asia,South-Eastern Asia,CAS,Camarines Sur,Camaligan,13.6246322,123.1400011
PH,Philippines,Asia,South-Eastern Asia,CAS,Camarines Sur,Canaman,13.6382698,123.1356668
PH,Philippines,Asia,South-Eastern Asia,CAS,Camarines Sur,Caramoan,13.8466532,123.6838085
PH,Philippines,Asia,South-Eastern Asia,CAS,Camarines Sur,Del Gallego,13.9381797,122.6972008
PH,Philippines,Asia,South-Eastern Asia,CAS,Camarines Sur,Gainza,13.6170212,123.1516704
PH,Philippines,Asia,South-Eastern Asia,CAS,Camarines Sur,Garchitorena,13.9003338,123.4451135
PH,Philippines,Asia,South-Eastern Asia,CAS,Camarines Sur,Goa,13.7626873,123.3546599
PH,Philippines,Asia,South-Eastern Asia,CAS,Camarines Sur,Iriga City,13.4441033,123.3514411
PH,Philippines,Asia,South-Eastern Asia,CAS,Camarines Sur,Lagonoy,13.8455801,123.3661207
PH,Philippines,Asia,South-Eastern Asia,CAS,Camarines Sur,Libmanan,13.6716897,122.7839595
PH,Philippines,Asia,South-Eastern Asia,CAS,Camarines Sur,Lupi,13.8454849,122.7131493
PH,Philippines,Asia,South-Eastern Asia,CAS,Camarines Sur,Magarao,13.67533,123.0912455
PH,Philippines,Asia,South-Eastern Asia,CAS,Camarines Sur,Milaor,13.593086,123.0880697
PH,Philippines,Asia,South-Eastern Asia,CAS,Camarines Sur,Minalabac,13.5032864,123.1196555
PH,Philippines,Asia,South-Eastern Asia,CAS,Camarines Sur,Nabua,13.3918555,123.2576712
PH,Philippines,Asia,South-Eastern Asia,CAS,Camarines Sur,Naga,13.6409256,123.1053096
PH,Philippines,Asia,South-Eastern Asia,CAS,Camarines Sur,Ocampo,13.5894082,123.3002432
PH,Philippines,Asia,South-Eastern Asia,CAS,Camarines Sur,Pamplona,13.6014238,122.9857596
PH,Philippines,Asia,South-Eastern Asia,CAS,Camarines Sur,Pasacao,13.5479805,122.8205235
PH,Philippines,Asia,South-Eastern Asia,CAS,Camarines Sur,Pili,13.5857368,123.2185324
PH,Philippines,Asia,South-Eastern Asia,CAS,Camarines Sur,Presentacion,13.7365324,123.5783654
PH,Philippines,Asia,South-Eastern Asia,CAS,Camarines Sur,Ragay,13.8331723,122.5759919
PH,Philippines,Asia,South-Eastern Asia,CAS,Camarines Sur,Sagnay,13.5621275,123.439718
PH,Philippines,Asia,South-Eastern Asia,CAS,Camarines Sur,San Fernando,13.51891,123.0898322
PH,Philippines,Asia,South-Eastern Asia,CAS,Camarines Sur,San Jose,13.600132,123.2401329
PH,Philippines,Asia,South-Eastern Asia,CAS,Camarines Sur,Sipocot,13.8026124,122.786277
PH,Philippines,Asia,South-Eastern Asia,CAS,Camarines Sur,Siruma,14.0328111,123.2080609
PH,Philippines,Asia,South-Eastern Asia,CAS,Camarines Sur,Tigaon,13.6202778,123.3747442
PH,Philippines,Asia,South-Eastern Asia,CAS,Camarines Sur,Tinambac,13.8639591,123.1883079
PH,Philippines,Asia,South-Eastern Asia,CAM,Camiguin,Catarman,9.1777663,124.6221899
PH,Philippines,Asia,South-Eastern Asia,CAM,Camiguin,Guinsiliban,9.1090425,124.737481
PH,Philippines,Asia,South-Eastern Asia,CAM,Camiguin,Mahinog,9.1643712,124.6976955
PH,Philippines,Asia,South-Eastern Asia,CAM,Camiguin,Mambajao,9.2176648,124.6240098
PH,Philippines,Asia,South-Eastern Asia,CAM,Camiguin,Sagay,9.12832,124.6958103
PH,Philippines,Asia,South-Eastern Asia,CAP,Capiz,Cuartero,11.3111101,122.6009362
PH,Philippines,Asia,South-Eastern Asia,CAP,Capiz,Dao,11.3846302,122.6260539
PH,Philippines,Asia,South-Eastern Asia,CAP,Capiz,Dumalag,11.3144013,122.5809421
PH,Philippines,Asia,South-Eastern Asia,CAP,Capiz,Dumarao,11.2486509,122.5884156
PH,Philippines,Asia,South-Eastern Asia,CAP,Capiz,Ivisan,11.5395944,122.5985773
PH,Philippines,Asia,South-Eastern Asia,CAP,Capiz,Jamindan,11.3620427,122.0642413
PH,Philippines,Asia,South-Eastern Asia,CAP,Capiz,Maayon,11.3510346,122.6825291
PH,Philippines,Asia,South-Eastern Asia,CAP,Capiz,Mambusao,11.4204894,122.5097425
PH,Philippines,Asia,South-Eastern Asia,CAP,Capiz,Panay,11.5433773,122.7693803
PH,Philippines,Asia,South-Eastern Asia,CAP,Capiz,Panitan,11.4493067,122.6967248
PH,Philippines,Asia,South-Eastern Asia,CAP,Capiz,Pilar,11.4638081,122.9401405
PH,Philippines,Asia,South-Eastern Asia,CAP,Capiz,Pontevedra,11.4283757,122.7974899
PH,Philippines,Asia,South-Eastern Asia,CAP,Capiz,President Roxas,11.4287467,122.9665803
PH,Philippines,Asia,South-Eastern Asia,CAP,Capiz,Roxas City,11.5644799,122.6795586
PH,Philippines,Asia,South-Eastern Asia,CAP,Capiz,Sapian,11.5137793,122.5182398
PH,Philippines,Asia,South-Eastern Asia,CAP,Capiz,Sigma,11.4236843,122.5843294
PH,Philippines,Asia,South-Eastern Asia,CAP,Capiz,Tapaz,11.2431975,122.0643914
PH,Philippines,Asia,South-Eastern Asia,13,Caraga,Adlay,9.40972,125.8975
PH,Philippines,Asia,South-Eastern Asia,13,Caraga,Agay,9.05361,125.58667
PH,Philippines,Asia,South-Eastern Asia,13,Caraga,Amaga,8.53083,126.07028
PH,Philippines,Asia,South-Eastern Asia,13,Caraga,Anticala,9.00444,125.64528
PH,Philippines,Asia,South-Eastern Asia,13,Caraga,Aras-asan,8.88781,126.3112
PH,Philippines,Asia,South-Eastern Asia,13,Caraga,Bah-Bah,8.60722,125.91444
PH,Philippines,Asia,South-Eastern Asia,13,Caraga,Balangbalang,9.05694,125.62278
PH,Philippines,Asia,South-Eastern Asia,13,Caraga,Bancasi,8.96667,125.46667
PH,Philippines,Asia,South-Eastern Asia,13,Caraga,Bangonay,9.31444,125.55389
PH,Philippines,Asia,South-Eastern Asia,13,Caraga,Basa,8.07222,126.06417
PH,Philippines,Asia,South-Eastern Asia,13,Caraga,Basag,8.92548,125.62167
PH,Philippines,Asia,South-Eastern Asia,13,Caraga,Bayugan,8.75611,125.7675
PH,Philippines,Asia,South-Eastern Asia,13,Caraga,Bigaan,8.31722,126.28111
PH,Philippines,Asia,South-Eastern Asia,13,Caraga,Binucayan,8.25,125.71667
PH,Philippines,Asia,South-Eastern Asia,13,Caraga,Bunawan,8.1787968,125.9942065
PH,Philippines,Asia,South-Eastern Asia,13,Caraga,Butuan,8.94917,125.54361
PH,Philippines,Asia,South-Eastern Asia,13,Caraga,Cabadbaran,9.1232854,125.5322317
PH,Philippines,Asia,South-Eastern Asia,13,Caraga,Caloc-an,9.04694,125.53056
PH,Philippines,Asia,South-Eastern Asia,13,Caraga,Cantapoy,9.49056,125.43639
PH,Philippines,Asia,South-Eastern Asia,13,Caraga,Capalayan,9.74056,125.54444
PH,Philippines,Asia,South-Eastern Asia,13,Caraga,Causwagan,8.4475,125.84028
PH,Philippines,Asia,South-Eastern Asia,13,Caraga,Comagascas,9.13972,125.55972
PH,Philippines,Asia,South-Eastern Asia,13,Caraga,Cuevas,8.01917,126.09417
PH,Philippines,Asia,South-Eastern Asia,13,Caraga,Culit,8.94722,125.35694
PH,Philippines,Asia,South-Eastern Asia,13,Caraga,Del Carmen Surigao del Norte,9.86944,125.96972
PH,Philippines,Asia,South-Eastern Asia,13,Caraga,Del Pilar,9.15194,125.58472
PH,Philippines,Asia,South-Eastern Asia,13,Caraga,Dinagat Islands,10.12301,125.55725
PH,Philippines,Asia,South-Eastern Asia,13,Caraga,Gamut,8.53153,126.24117
PH,Philippines,Asia,South-Eastern Asia,13,Caraga,Guadalupe,8.58278,125.70806
PH,Philippines,Asia,South-Eastern Asia,13,Caraga,Guinabsan,8.8975,125.41611
PH,Philippines,Asia,South-Eastern Asia,13,Caraga,Ipil,9.7907,125.4386
PH,Philippines,Asia,South-Eastern Asia,13,Caraga,Jabonga,9.3425441,125.5163749
PH,Philippines,Asia,South-Eastern Asia,13,Caraga,Jagupit,9.24222,125.55806
PH,Philippines,Asia,South-Eastern Asia,13,Caraga,Kinabhangan,8.96917,125.3575
PH,Philippines,Asia,South-Eastern Asia,13,Caraga,Kitcharao,9.4554207,125.5755314
PH,Philippines,Asia,South-Eastern Asia,13,Caraga,La Union,9.08556,125.53583
PH,Philippines,Asia,South-Eastern Asia,13,Caraga,Lapinigan,8.42056,125.9825
PH,Philippines,Asia,South-Eastern Asia,13,Caraga,Libas,9.88333,125.98333
PH,Philippines,Asia,South-Eastern Asia,13,Caraga,Lombocan,9.00767,125.50558
PH,Philippines,Asia,South-Eastern Asia,13,Caraga,Los Angeles,9.0125,125.60806
PH,Philippines,Asia,South-Eastern Asia,13,Caraga,Los Arcos,8.63278,125.98556
PH,Philippines,Asia,South-Eastern Asia,13,Caraga,Loyola,8.33492,126.33366
PH,Philippines,Asia,South-Eastern Asia,13,Caraga,Mabahin,9.18556,126.17056
PH,Philippines,Asia,South-Eastern Asia,13,Caraga,Mabua,9.8039,125.4409
PH,Philippines,Asia,South-Eastern Asia,13,Caraga,Manapa,8.97778,125.43944
PH,Philippines,Asia,South-Eastern Asia,13,Caraga,Matabao,8.95722,125.39944
PH,Philippines,Asia,South-Eastern Asia,13,Caraga,Maygatasan,8.70944,125.71833
PH,Philippines,Asia,South-Eastern Asia,13,Caraga,Nasipit,8.9884377,125.3408268
PH,Philippines,Asia,South-Eastern Asia,13,Caraga,Panikian,9.32935,125.9338
PH,Philippines,Asia,South-Eastern Asia,13,Caraga,Patin-ay,8.55056,125.93722
PH,Philippines,Asia,South-Eastern Asia,13,Caraga,Prosperidad,8.6023961,125.9116338
PH,Philippines,Asia,South-Eastern Asia,13,Caraga,Punta,8.98972,125.34
PH,Philippines,Asia,South-Eastern Asia,13,Caraga,Salvacion,7.99954,126.1248
PH,Philippines,Asia,South-Eastern Asia,13,Caraga,Sanghan,9.08556,125.57278
PH,Philippines,Asia,South-Eastern Asia,13,Caraga,Santa Josefa,7.9844761,126.0288095
PH,Philippines,Asia,South-Eastern Asia,13,Caraga,Sibagat,8.81953,125.6931276
PH,Philippines,Asia,South-Eastern Asia,13,Caraga,Sinubong,8.0684,125.9308
PH,Philippines,Asia,South-Eastern Asia,13,Caraga,Surigao,9.789,125.495
PH,Philippines,Asia,South-Eastern Asia,13,Caraga,Tagcatong,9.00222,125.25694
PH,Philippines,Asia,South-Eastern Asia,13,Caraga,Talacogon,8.45611,125.78417
PH,Philippines,Asia,South-Eastern Asia,13,Caraga,Taligaman,8.90444,125.65583
PH,Philippines,Asia,South-Eastern Asia,13,Caraga,Tidman,8.29861,126.33889
PH,Philippines,Asia,South-Eastern Asia,13,Caraga,Tigao,9.20889,126.17611
PH,Philippines,Asia,South-Eastern Asia,13,Caraga,Trento,8.04583,126.06361
PH,Philippines,Asia,South-Eastern Asia,13,Caraga,Tubay,9.1650676,125.5226912
PH,Philippines,Asia,South-Eastern Asia,13,Caraga,Tungao,8.78368,125.59587
PH,Philippines,Asia,South-Eastern Asia,13,Caraga,Unidad,8.53556,126.22865
PH,Philippines,Asia,South-Eastern Asia,13,Caraga,Union,9.75667,126.11028
PH,Philippines,Asia,South-Eastern Asia,13,Caraga,Veruela,8.0694171,125.9552937
PH,Philippines,Asia,South-Eastern Asia,CAT,Catanduanes,Bagamanoc,13.9603461,124.1844281
PH,Philippines,Asia,South-Eastern Asia,CAT,Catanduanes,Baras,13.6865535,124.3671656
PH,Philippines,Asia,South-Eastern Asia,CAT,Catanduanes,Bato,13.5876701,124.2691031
PH,Philippines,Asia,South-Eastern Asia,CAT,Catanduanes,Caramoran,13.8800862,123.972543
PH,Philippines,Asia,South-Eastern Asia,CAT,Catanduanes,Gigmoto,13.7922186,124.2672547
PH,Philippines,Asia,South-Eastern Asia,CAT,Catanduanes,Pandan,14.0352787,124.1127165
PH,Philippines,Asia,South-Eastern Asia,CAT,Catanduanes,Panganiban,13.9183427,124.1918631
PH,Philippines,Asia,South-Eastern Asia,CAT,Catanduanes,San Andres,13.671218,124.0149553
PH,Philippines,Asia,South-Eastern Asia,CAT,Catanduanes,San Miguel,13.7098115,124.2559719
PH,Philippines,Asia,South-Eastern Asia,CAT,Catanduanes,Viga,13.8526847,124.1392476
PH,Philippines,Asia,South-Eastern Asia,CAT,Catanduanes,Virac,13.6105851,124.1196688
PH,Philippines,Asia,South-Eastern Asia,CAV,Cavite,Alfonso,14.1115159,120.8531284
PH,Philippines,Asia,South-Eastern Asia,CAV,Cavite,Amadeo,14.1835286,120.8818983
PH,Philippines,Asia,South-Eastern Asia,CAV,Cavite,Bacoor,14.4160938,120.9275749
PH,Philippines,Asia,South-Eastern Asia,CAV,Cavite,Carmona,14.3018234,120.9986649
PH,Philippines,Asia,South-Eastern Asia,CAV,Cavite,Cavite City,14.4032905,120.3909941
PH,Philippines,Asia,South-Eastern Asia,CAV,Cavite,Dasmariñas,14.3115216,120.9241174
PH,Philippines,Asia,South-Eastern Asia,CAV,Cavite,General Emilio Aguinaldo,14.1829057,120.7624845
PH,Philippines,Asia,South-Eastern Asia,CAV,Cavite,General Mariano Alvarez,14.3100507,120.9970355
PH,Philippines,Asia,South-Eastern Asia,CAV,Cavite,General Trias,14.3227039,120.8154232
PH,Philippines,Asia,South-Eastern Asia,CAV,Cavite,Imus,14.40049,120.8952055
PH,Philippines,Asia,South-Eastern Asia,CAV,Cavite,Indang,14.1824014,120.7898921
PH,Philippines,Asia,South-Eastern Asia,CAV,Cavite,Kawit,14.4387087,120.8872079
PH,Philippines,Asia,South-Eastern Asia,CAV,Cavite,Magallanes,14.1606842,120.7527709
PH,Philippines,Asia,South-Eastern Asia,CAV,Cavite,Maragondon,14.225798,120.5682617
PH,Philippines,Asia,South-Eastern Asia,CAV,Cavite,Mendez,14.1304349,120.8734754
PH,Philippines,Asia,South-Eastern Asia,CAV,Cavite,Naic,14.2920202,120.7118836
PH,Philippines,Asia,South-Eastern Asia,CAV,Cavite,Noveleta,14.4348756,120.8598136
PH,Philippines,Asia,South-Eastern Asia,CAV,Cavite,Rosario,14.4158977,120.841102
PH,Philippines,Asia,South-Eastern Asia,CAV,Cavite,Silang,14.2097973,120.9063831
PH,Philippines,Asia,South-Eastern Asia,CAV,Cavite,Tagaytay,14.1174496,120.8863596
PH,Philippines,Asia,South-Eastern Asia,CAV,Cavite,Tanza,14.3394693,120.7455636
PH,Philippines,Asia,South-Eastern Asia,CAV,Cavite,Ternate,14.2691507,120.6018551
PH,Philippines,Asia,South-Eastern Asia,CAV,Cavite,Trece Martires,14.2703383,120.8281166
PH,Philippines,Asia,South-Eastern Asia,CEB,Cebu,Alcantara,9.9623514,123.3635647
PH,Philippines,Asia,South-Eastern Asia,CEB,Cebu,Alcoy,9.7226701,123.4282197
PH,Philippines,Asia,South-Eastern Asia,CEB,Cebu,Alegria,9.7530414,123.3826849
PH,Philippines,Asia,South-Eastern Asia,CEB,Cebu,Aloguinsan,10.1956566,123.5215177
PH,Philippines,Asia,South-Eastern Asia,CEB,Cebu,Argao,9.9091001,123.4695227
PH,Philippines,Asia,South-Eastern Asia,CEB,Cebu,Asturias,10.6044157,123.6574154
PH,Philippines,Asia,South-Eastern Asia,CEB,Cebu,Badian,9.8392549,123.3396193
PH,Philippines,Asia,South-Eastern Asia,CEB,Cebu,Balamban,10.4707949,123.6177616
PH,Philippines,Asia,South-Eastern Asia,CEB,Cebu,Bantayan,11.1415783,123.5143785
PH,Philippines,Asia,South-Eastern Asia,CEB,Cebu,Barili,10.1125112,123.4389455
PH,Philippines,Asia,South-Eastern Asia,CEB,Cebu,Bogo,11.0279696,123.9577737
PH,Philippines,Asia,South-Eastern Asia,CEB,Cebu,Boljoon,9.6348837,123.3696587
PH,Philippines,Asia,South-Eastern Asia,CEB,Cebu,Borbon,10.8358188,123.9139326
PH,Philippines,Asia,South-Eastern Asia,CEB,Cebu,Carcar,10.1319848,123.5459764
PH,Philippines,Asia,South-Eastern Asia,CEB,Cebu,Carmen,10.5957215,123.9017446
PH,Philippines,Asia,South-Eastern Asia,CEB,Cebu,Catmon,10.6750221,123.9435473
PH,Philippines,Asia,South-Eastern Asia,CEB,Cebu,Cebu City,10.3789228,123.7637216
PH,Philippines,Asia,South-Eastern Asia,CEB,Cebu,Compostela,10.4669608,123.930501
PH,Philippines,Asia,South-Eastern Asia,CEB,Cebu,Consolacion,10.4124692,123.9200724
PH,Philippines,Asia,South-Eastern Asia,CEB,Cebu,Cordova,10.2324182,123.8692457
PH,Philippines,Asia,South-Eastern Asia,CEB,Cebu,Daanbantayan,11.3346351,123.8758759
PH,Philippines,Asia,South-Eastern Asia,CEB,Cebu,Dalaguete,9.8035586,123.4136228
PH,Philippines,Asia,South-Eastern Asia,CEB,Cebu,Danao,10.5290197,123.8651379
PH,Philippines,Asia,South-Eastern Asia,CEB,Cebu,Dumanjug,10.0395852,123.3919103
PH,Philippines,Asia,South-Eastern Asia,CEB,Cebu,Ginatilan,9.587591,123.3108919
PH,Philippines,Asia,South-Eastern Asia,CEB,Cebu,Lapu-Lapu City,10.2655381,123.9029205
PH,Philippines,Asia,South-Eastern Asia,CEB,Cebu,Liloan,10.4102241,123.9467229
PH,Philippines,Asia,South-Eastern Asia,CEB,Cebu,Madridejos,11.2719733,123.6925353
PH,Philippines,Asia,South-Eastern Asia,CEB,Cebu,Malabuyoc,9.6644134,123.2886559
PH,Philippines,Asia,South-Eastern Asia,CEB,Cebu,Mandaue,10.3457208,123.9037254
PH,Philippines,Asia,South-Eastern Asia,CEB,Cebu,Medellin,11.1392476,123.8923461
PH,Philippines,Asia,South-Eastern Asia,CEB,Cebu,Minglanilla,10.2766114,123.7367302
PH,Philippines,Asia,South-Eastern Asia,CEB,Cebu,Moalboal,9.934448,123.3486624
PH,Philippines,Asia,South-Eastern Asia,CEB,Cebu,Naga,10.2383031,123.6439093
PH,Philippines,Asia,South-Eastern Asia,CEB,Cebu,Oslob,9.5201512,123.3297635
PH,Philippines,Asia,South-Eastern Asia,CEB,Cebu,Pilar,10.7709529,124.490117
PH,Philippines,Asia,South-Eastern Asia,CEB,Cebu,Pinamungajan,10.2729306,123.5410344
PH,Philippines,Asia,South-Eastern Asia,CEB,Cebu,Poro,10.6717773,124.3889226
PH,Philippines,Asia,South-Eastern Asia,CEB,Cebu,Ronda,9.9977054,123.3737143
PH,Philippines,Asia,South-Eastern Asia,CEB,Cebu,Samboan,9.5064974,123.2930257
PH,Philippines,Asia,South-Eastern Asia,CEB,Cebu,San Fernando,10.1939553,123.5858019
PH,Philippines,Asia,South-Eastern Asia,CEB,Cebu,San Francisco,10.6549372,124.2458829
PH,Philippines,Asia,South-Eastern Asia,CEB,Cebu,San Remigio,11.0005769,123.929472
PH,Philippines,Asia,South-Eastern Asia,CEB,Cebu,Santa Fe,11.2492614,123.7481078
PH,Philippines,Asia,South-Eastern Asia,CEB,Cebu,Santander,9.4511738,123.2864275
PH,Philippines,Asia,South-Eastern Asia,CEB,Cebu,Sibonga,10.0283407,123.4898431
PH,Philippines,Asia,South-Eastern Asia,CEB,Cebu,Sogod,10.747454,123.8885268
PH,Philippines,Asia,South-Eastern Asia,CEB,Cebu,Tabogon,10.9312848,123.9223226
PH,Philippines,Asia,South-Eastern Asia,CEB,Cebu,Tabuelan,10.8527713,123.8693895
PH,Philippines,Asia,South-Eastern Asia,CEB,Cebu,Talisay,10.2852054,123.7842503
PH,Philippines,Asia,South-Eastern Asia,CEB,Cebu,Toledo,10.3560712,123.5190992
PH,Philippines,Asia,South-Eastern Asia,CEB,Cebu,Tuburan,10.7240093,123.7657888
PH,Philippines,Asia,South-Eastern Asia,CEB,Cebu,Tudela,10.6657055,124.4387902
PH,Philippines,Asia,South-Eastern Asia,03,Central Luzon,Abucay,14.73347,120.53358
PH,Philippines,Asia,South-Eastern Asia,03,Central Luzon,Acli,15.12279,120.6447
PH,Philippines,Asia,South-Eastern Asia,03,Central Luzon,Agbannawag,15.6792,121.0833
PH,Philippines,Asia,South-Eastern Asia,03,Central Luzon,Akle,15.0482,121.0733
PH,Philippines,Asia,South-Eastern Asia,03,Central Luzon,Almendras,15.27576,120.69873
PH,Philippines,Asia,South-Eastern Asia,03,Central Luzon,Alua,15.31154,120.89433
PH,Philippines,Asia,South-Eastern Asia,03,Central Luzon,Amacalan,15.5815,120.6112
PH,Philippines,Asia,South-Eastern Asia,03,Central Luzon,Amucao,15.46405,120.68643
PH,Philippines,Asia,South-Eastern Asia,03,Central Luzon,Amuñgan,15.3652,119.9582
PH,Philippines,Asia,South-Eastern Asia,03,Central Luzon,Angat,14.927794,121.02914
PH,Philippines,Asia,South-Eastern Asia,03,Central Luzon,Arenas,15.17042,120.68571
PH,Philippines,Asia,South-Eastern Asia,03,Central Luzon,Arminia,15.43563,120.56379
PH,Philippines,Asia,South-Eastern Asia,03,Central Luzon,Babo-Pangulo,15.08333,120.51667
PH,Philippines,Asia,South-Eastern Asia,03,Central Luzon,Bacabac,15.72477,120.42816
PH,Philippines,Asia,South-Eastern Asia,03,Central Luzon,Bacsay,15.62063,120.34341
PH,Philippines,Asia,South-Eastern Asia,03,Central Luzon,Bagac,14.5962,120.3928
PH,Philippines,Asia,South-Eastern Asia,03,Central Luzon,Bagong Barrio,14.88993,120.94095
PH,Philippines,Asia,South-Eastern Asia,03,Central Luzon,Bagong-Sikat,15.4801,121.3073
PH,Philippines,Asia,South-Eastern Asia,03,Central Luzon,Bahay Pare,15.03238,120.88083
PH,Philippines,Asia,South-Eastern Asia,03,Central Luzon,Bakulong,15.5379,120.6385
PH,Philippines,Asia,South-Eastern Asia,03,Central Luzon,Balagtas,14.81667,120.86667
PH,Philippines,Asia,South-Eastern Asia,03,Central Luzon,Balanga,14.67611,120.53611
PH,Philippines,Asia,South-Eastern Asia,03,Central Luzon,Balaoang,15.6633,120.5147
PH,Philippines,Asia,South-Eastern Asia,03,Central Luzon,Balas,15.04998,120.58611
PH,Philippines,Asia,South-Eastern Asia,03,Central Luzon,Balasing,14.8545,121.0127
PH,Philippines,Asia,South-Eastern Asia,03,Central Luzon,Balayang,15.5495,120.6943
PH,Philippines,Asia,South-Eastern Asia,03,Central Luzon,Balibago,15.1624,120.5954
PH,Philippines,Asia,South-Eastern Asia,03,Central Luzon,Balingcanaway,15.48215,120.68543
PH,Philippines,Asia,South-Eastern Asia,03,Central Luzon,Balite,15.64451,120.64196
PH,Philippines,Asia,South-Eastern Asia,03,Central Luzon,Baliuag,14.95472,120.89694
PH,Philippines,Asia,South-Eastern Asia,03,Central Luzon,Baloc,15.6435,120.8852
PH,Philippines,Asia,South-Eastern Asia,03,Central Luzon,Baloy,15.8053,120.7742
PH,Philippines,Asia,South-Eastern Asia,03,Central Luzon,Balsic,14.85906,120.4824
PH,Philippines,Asia,South-Eastern Asia,03,Central Luzon,Balucuc,14.95282,120.81452
PH,Philippines,Asia,South-Eastern Asia,03,Central Luzon,Balut,14.68333,120.55
PH,Philippines,Asia,South-Eastern Asia,03,Central Luzon,Balutu,15.29875,120.69226
PH,Philippines,Asia,South-Eastern Asia,03,Central Luzon,Banawang,14.6121,120.39
PH,Philippines,Asia,South-Eastern Asia,03,Central Luzon,Bangad,15.5019,121.0275
PH,Philippines,Asia,South-Eastern Asia,03,Central Luzon,Baquero Norte,15.7162,120.5543
PH,Philippines,Asia,South-Eastern Asia,03,Central Luzon,Batasan Bata,15.14442,120.94077
PH,Philippines,Asia,South-Eastern Asia,03,Central Luzon,Batitang,15.4004,120.80276
PH,Philippines,Asia,South-Eastern Asia,03,Central Luzon,Bayanan,13.3592,121.1699
PH,Philippines,Asia,South-Eastern Asia,03,Central Luzon,Beddeng,14.97728,120.08493
PH,Philippines,Asia,South-Eastern Asia,03,Central Luzon,Biay,15.7402,119.9067
PH,Philippines,Asia,South-Eastern Asia,03,Central Luzon,Bibiclat,15.52186,120.86235
PH,Philippines,Asia,South-Eastern Asia,03,Central Luzon,Bicos,15.6602,121.0414
PH,Philippines,Asia,South-Eastern Asia,03,Central Luzon,Biga,13.3106,121.161
PH,Philippines,Asia,South-Eastern Asia,03,Central Luzon,Bilad,15.73676,120.43321
PH,Philippines,Asia,South-Eastern Asia,03,Central Luzon,Bituñgol,14.88333,121.03333
PH,Philippines,Asia,South-Eastern Asia,03,Central Luzon,Bobon Second,15.65653,120.38119
PH,Philippines,Asia,South-Eastern Asia,03,Central Luzon,Bocaue,14.79833,120.92611
PH,Philippines,Asia,South-Eastern Asia,03,Central Luzon,Bodega,14.9229,120.47982
PH,Philippines,Asia,South-Eastern Asia,03,Central Luzon,Bolitoc,15.7395,119.8769
PH,Philippines,Asia,South-Eastern Asia,03,Central Luzon,Buenlag,15.62743,120.58199
PH,Philippines,Asia,South-Eastern Asia,03,Central Luzon,Buensuseso,15.19333,120.67314
PH,Philippines,Asia,South-Eastern Asia,03,Central Luzon,Bulaon,15.08262,120.66288
PH,Philippines,Asia,South-Eastern Asia,03,Central Luzon,Bularit,15.56824,120.62167
PH,Philippines,Asia,South-Eastern Asia,03,Central Luzon,Bulawin,15.4173,119.9564
PH,Philippines,Asia,South-Eastern Asia,03,Central Luzon,Bulihan,14.87581,120.89563
PH,Philippines,Asia,South-Eastern Asia,03,Central Luzon,Buliran,15.54602,120.95959
PH,Philippines,Asia,South-Eastern Asia,03,Central Luzon,Buliran Segundo,15.26667,120.86667
PH,Philippines,Asia,South-Eastern Asia,03,Central Luzon,Bulualto,15.22127,120.95326
PH,Philippines,Asia,South-Eastern Asia,03,Central Luzon,Bundoc,15.48575,120.71743
PH,Philippines,Asia,South-Eastern Asia,03,Central Luzon,Bunol,15.6671,120.8344
PH,Philippines,Asia,South-Eastern Asia,03,Central Luzon,Bustos,14.9535178,120.9188433
PH,Philippines,Asia,South-Eastern Asia,03,Central Luzon,Cabanatuan City,15.48586,120.96648
PH,Philippines,Asia,South-Eastern Asia,03,Central Luzon,Cabayaoasan,15.66323,120.55135
PH,Philippines,Asia,South-Eastern Asia,03,Central Luzon,Cabcaben,14.454,120.5914
PH,Philippines,Asia,South-Eastern Asia,03,Central Luzon,Cabog,15.3153,121.3703
PH,Philippines,Asia,South-Eastern Asia,03,Central Luzon,Cafe,15.33686,120.70623
PH,Philippines,Asia,South-Eastern Asia,03,Central Luzon,Calaba,15.3005,120.87423
PH,Philippines,Asia,South-Eastern Asia,03,Central Luzon,Calancuasan Norte,15.80137,120.64102
PH,Philippines,Asia,South-Eastern Asia,03,Central Luzon,Calangain,14.89815,120.55877
PH,Philippines,Asia,South-Eastern Asia,03,Central Luzon,Calantas,15.01933,120.51793
PH,Philippines,Asia,South-Eastern Asia,03,Central Luzon,Calayaan,15.56739,120.51434
PH,Philippines,Asia,South-Eastern Asia,03,Central Luzon,Calibungan,15.5982,120.724
PH,Philippines,Asia,South-Eastern Asia,03,Central Luzon,Calibutbut,15.11494,120.59815
PH,Philippines,Asia,South-Eastern Asia,03,Central Luzon,Calingcuan,15.33333,120.58333
PH,Philippines,Asia,South-Eastern Asia,03,Central Luzon,Calumpang,15.174,121.0249
PH,Philippines,Asia,South-Eastern Asia,03,Central Luzon,Calumpit,14.91639,120.76583
PH,Philippines,Asia,South-Eastern Asia,03,Central Luzon,Cama Juan,15.39223,120.76848
PH,Philippines,Asia,South-Eastern Asia,03,Central Luzon,Camachile,14.64361,120.58083
PH,Philippines,Asia,South-Eastern Asia,03,Central Luzon,Camias,15.16679,120.97416
PH,Philippines,Asia,South-Eastern Asia,03,Central Luzon,Candating,15.15056,120.81847
PH,Philippines,Asia,South-Eastern Asia,03,Central Luzon,Cavite,15.67785,120.76978
PH,Philippines,Asia,South-Eastern Asia,03,Central Luzon,Cawayan Bugtong,15.63362,120.77695
PH,Philippines,Asia,South-Eastern Asia,03,Central Luzon,Comillas,15.39833,120.70045
PH,Philippines,Asia,South-Eastern Asia,03,Central Luzon,Communal,13.2548,121.1366
PH,Philippines,Asia,South-Eastern Asia,03,Central Luzon,Conversion,15.8984,121.1277
PH,Philippines,Asia,South-Eastern Asia,03,Central Luzon,Culianin,14.91511,120.89847
PH,Philippines,Asia,South-Eastern Asia,03,Central Luzon,Culubasa,15.14431,120.65223
PH,Philippines,Asia,South-Eastern Asia,03,Central Luzon,Cut-cut Primero,15.48277,120.58604
PH,Philippines,Asia,South-Eastern Asia,03,Central Luzon,Dampol,14.90128,120.82187
PH,Philippines,Asia,South-Eastern Asia,03,Central Luzon,Del Pilar,15.03601,120.69935
PH,Philippines,Asia,South-Eastern Asia,03,Central Luzon,Digdig,15.949,120.9778
PH,Philippines,Asia,South-Eastern Asia,03,Central Luzon,Diliman Primero,15.0247,120.95208
PH,Philippines,Asia,South-Eastern Asia,03,Central Luzon,Dinalupihan,14.87827,120.45221
PH,Philippines,Asia,South-Eastern Asia,03,Central Luzon,Doña Remedios Trinidad,14.9706036,121.0647854
PH,Philippines,Asia,South-Eastern Asia,03,Central Luzon,Dumarais,15.43455,120.69213
PH,Philippines,Asia,South-Eastern Asia,03,Central Luzon,Entablado,15.28661,120.86302
PH,Philippines,Asia,South-Eastern Asia,03,Central Luzon,Estacion,15.69944,120.60833
PH,Philippines,Asia,South-Eastern Asia,03,Central Luzon,Estipona,15.5902,120.6377
PH,Philippines,Asia,South-Eastern Asia,03,Central Luzon,Estrella,15.75,121.03333
PH,Philippines,Asia,South-Eastern Asia,03,Central Luzon,Gueset,15.95,120.63333
PH,Philippines,Asia,South-Eastern Asia,03,Central Luzon,Guiguinto,14.83333,120.88333
PH,Philippines,Asia,South-Eastern Asia,03,Central Luzon,Guisguis,15.7928,119.9766
PH,Philippines,Asia,South-Eastern Asia,03,Central Luzon,Gutad,14.9274,120.4894
PH,Philippines,Asia,South-Eastern Asia,03,Central Luzon,Guyong,14.8361,120.97844
PH,Philippines,Asia,South-Eastern Asia,03,Central Luzon,Hermosa,14.8314,120.5081
PH,Philippines,Asia,South-Eastern Asia,03,Central Luzon,Lambakin,14.75,120.86667
PH,Philippines,Asia,South-Eastern Asia,03,Central Luzon,Lanat,15.79189,120.60461
PH,Philippines,Asia,South-Eastern Asia,03,Central Luzon,Laug,15.04659,120.75149
PH,Philippines,Asia,South-Eastern Asia,03,Central Luzon,Lawang Kupang,15.34807,120.85752
PH,Philippines,Asia,South-Eastern Asia,03,Central Luzon,Lennec,15.6835,120.7338
PH,Philippines,Asia,South-Eastern Asia,03,Central Luzon,Liciada,14.91484,120.93182
PH,Philippines,Asia,South-Eastern Asia,03,Central Luzon,Ligaya,15.5091,121.2872
PH,Philippines,Asia,South-Eastern Asia,03,Central Luzon,Limay,14.5625242,120.5949559
PH,Philippines,Asia,South-Eastern Asia,03,Central Luzon,Liozon,15.3993,119.933
PH,Philippines,Asia,South-Eastern Asia,03,Central Luzon,Lipay,15.4561,119.9208
PH,Philippines,Asia,South-Eastern Asia,03,Central Luzon,Loma de Gato,14.78869,120.99889
PH,Philippines,Asia,South-Eastern Asia,03,Central Luzon,Lomboy,15.49255,120.71723
PH,Philippines,Asia,South-Eastern Asia,03,Central Luzon,Lourdes,14.96667,120.68333
PH,Philippines,Asia,South-Eastern Asia,03,Central Luzon,Lucapon,15.6998,119.932
PH,Philippines,Asia,South-Eastern Asia,03,Central Luzon,Mababanaba,15.49715,120.46053
PH,Philippines,Asia,South-Eastern Asia,03,Central Luzon,Mabalacat City,15.22303,120.57117
PH,Philippines,Asia,South-Eastern Asia,03,Central Luzon,Mabayo,14.7318,120.2781
PH,Philippines,Asia,South-Eastern Asia,03,Central Luzon,Mabilang,15.67511,120.48835
PH,Philippines,Asia,South-Eastern Asia,03,Central Luzon,Mabilog,15.39485,120.66573
PH,Philippines,Asia,South-Eastern Asia,03,Central Luzon,Mabini,15.6,120.98333
PH,Philippines,Asia,South-Eastern Asia,03,Central Luzon,Macapsing,15.6783,121.1319
PH,Philippines,Asia,South-Eastern Asia,03,Central Luzon,Macarse,15.42495,120.77476
PH,Philippines,Asia,South-Eastern Asia,03,Central Luzon,Macatbong,15.5048,121.0791
PH,Philippines,Asia,South-Eastern Asia,03,Central Luzon,Magliman,15.03545,120.66421
PH,Philippines,Asia,South-Eastern Asia,03,Central Luzon,Magtangol,15.758,120.9156
PH,Philippines,Asia,South-Eastern Asia,03,Central Luzon,Maguinao,15.02231,120.93409
PH,Philippines,Asia,South-Eastern Asia,03,Central Luzon,Malabon,15.6361,119.9379
PH,Philippines,Asia,South-Eastern Asia,03,Central Luzon,Malacampa,15.64335,120.41109
PH,Philippines,Asia,South-Eastern Asia,03,Central Luzon,Maligaya,15.6747,120.8887
PH,Philippines,Asia,South-Eastern Asia,03,Central Luzon,Malino,15.12695,120.67431
PH,Philippines,Asia,South-Eastern Asia,03,Central Luzon,Malolos,14.8443,120.81039
PH,Philippines,Asia,South-Eastern Asia,03,Central Luzon,Maloma,15.1135,120.0639
PH,Philippines,Asia,South-Eastern Asia,03,Central Luzon,Maluid,15.5493,120.6528
PH,Philippines,Asia,South-Eastern Asia,03,Central Luzon,Malusac,14.85842,120.6212
PH,Philippines,Asia,South-Eastern Asia,03,Central Luzon,Mambog,15.3137,120.0304
PH,Philippines,Asia,South-Eastern Asia,03,Central Luzon,Mamonit,15.58719,120.39644
PH,Philippines,Asia,South-Eastern Asia,03,Central Luzon,Manacsac,15.5952,120.7911
PH,Philippines,Asia,South-Eastern Asia,03,Central Luzon,Manatal,14.87688,120.91639
PH,Philippines,Asia,South-Eastern Asia,03,Central Luzon,Mandili,15.17912,120.87726
PH,Philippines,Asia,South-Eastern Asia,03,Central Luzon,Mangga,15.25041,120.90876
PH,Philippines,Asia,South-Eastern Asia,03,Central Luzon,Manibaug Pasig,15.09621,120.56445
PH,Philippines,Asia,South-Eastern Asia,03,Central Luzon,Manogpi,13.3108,121.204
PH,Philippines,Asia,South-Eastern Asia,03,Central Luzon,Mapalacsiao,15.42831,120.65252
PH,Philippines,Asia,South-Eastern Asia,03,Central Luzon,Mapalad,15.45133,121.08384
PH,Philippines,Asia,South-Eastern Asia,03,Central Luzon,Mapaniqui,15.10696,120.92287
PH,Philippines,Asia,South-Eastern Asia,03,Central Luzon,Maquiapo,14.98561,120.55855
PH,Philippines,Asia,South-Eastern Asia,03,Central Luzon,Marawa,15.41727,120.83819
PH,Philippines,Asia,South-Eastern Asia,03,Central Luzon,Marilao,14.75778,120.94833
PH,Philippines,Asia,South-Eastern Asia,03,Central Luzon,Mariveles,14.43385,120.48569
PH,Philippines,Asia,South-Eastern Asia,03,Central Luzon,Masalipit,15.1481,121.0373
PH,Philippines,Asia,South-Eastern Asia,03,Central Luzon,Matayumtayum,15.5166,120.7098
PH,Philippines,Asia,South-Eastern Asia,03,Central Luzon,Maturanoc,15.6571,120.7921
PH,Philippines,Asia,South-Eastern Asia,03,Central Luzon,Meycauayan,14.73694,120.96083
PH,Philippines,Asia,South-Eastern Asia,03,Central Luzon,Moriones,15.46116,120.46579
PH,Philippines,Asia,South-Eastern Asia,03,Central Luzon,Motrico,15.41355,120.67653
PH,Philippines,Asia,South-Eastern Asia,03,Central Luzon,Nagpandayan,15.60138,120.76893
PH,Philippines,Asia,South-Eastern Asia,03,Central Luzon,Nambalan,15.59911,120.46031
PH,Philippines,Asia,South-Eastern Asia,03,Central Luzon,Nancamarinan,15.6752,120.5364
PH,Philippines,Asia,South-Eastern Asia,03,Central Luzon,Nieves,15.32842,120.94892
PH,Philippines,Asia,South-Eastern Asia,03,Central Luzon,Niugan,14.94607,120.9672
PH,Philippines,Asia,South-Eastern Asia,03,Central Luzon,Norzagaray,14.9109,121.0493
PH,Philippines,Asia,South-Eastern Asia,03,Central Luzon,Obando,14.7098,120.9362
PH,Philippines,Asia,South-Eastern Asia,03,Central Luzon,Orani,14.8006,120.5371
PH,Philippines,Asia,South-Eastern Asia,03,Central Luzon,Orion,14.62157,120.5772317
PH,Philippines,Asia,South-Eastern Asia,03,Central Luzon,Paco Roman,15.6597,121.0877
PH,Philippines,Asia,South-Eastern Asia,03,Central Luzon,Padapada,15.5517,120.5163
PH,Philippines,Asia,South-Eastern Asia,03,Central Luzon,Paitan Norte,15.83333,120.74086
PH,Philippines,Asia,South-Eastern Asia,03,Central Luzon,Palayan City,15.5415,121.0848
PH,Philippines,Asia,South-Eastern Asia,03,Central Luzon,Palusapis,15.68324,120.86267
PH,Philippines,Asia,South-Eastern Asia,03,Central Luzon,Pamatawan,14.92779,120.21363
PH,Philippines,Asia,South-Eastern Asia,03,Central Luzon,Panabingan,15.37732,120.76492
PH,Philippines,Asia,South-Eastern Asia,03,Central Luzon,Panan,15.2134,120.0272
PH,Philippines,Asia,South-Eastern Asia,03,Central Luzon,Pance,15.6885,120.6201
PH,Philippines,Asia,South-Eastern Asia,03,Central Luzon,Pandacaqui,15.1719,120.65457
PH,Philippines,Asia,South-Eastern Asia,03,Central Luzon,Pandi,14.865,120.95722
PH,Philippines,Asia,South-Eastern Asia,03,Central Luzon,Pando,15.39395,120.68473
PH,Philippines,Asia,South-Eastern Asia,03,Central Luzon,Panlinlang,15.18333,120.7
PH,Philippines,Asia,South-Eastern Asia,03,Central Luzon,Pantubig,14.96806,120.95472
PH,Philippines,Asia,South-Eastern Asia,03,Central Luzon,Paombong,14.83111,120.78917
PH,Philippines,Asia,South-Eastern Asia,03,Central Luzon,Papaya,15.32016,120.83574
PH,Philippines,Asia,South-Eastern Asia,03,Central Luzon,Parista,15.8536,120.9282
PH,Philippines,Asia,South-Eastern Asia,03,Central Luzon,Pau,15.0279,120.7243
PH,Philippines,Asia,South-Eastern Asia,03,Central Luzon,Pias,15.34525,121.07473
PH,Philippines,Asia,South-Eastern Asia,03,Central Luzon,Piñahan,15.6266,121.0621
PH,Philippines,Asia,South-Eastern Asia,03,Central Luzon,Pinambaran,15.20233,120.97797
PH,Philippines,Asia,South-Eastern Asia,03,Central Luzon,Pio,15.04741,120.51891
PH,Philippines,Asia,South-Eastern Asia,03,Central Luzon,Poblacion San Felipe,15.06222,120.07
PH,Philippines,Asia,South-Eastern Asia,03,Central Luzon,Porais,15.7551,121.0427
PH,Philippines,Asia,South-Eastern Asia,03,Central Luzon,Prado Siongco,14.879,120.51292
PH,Philippines,Asia,South-Eastern Asia,03,Central Luzon,Pulilan,14.90167,120.84917
PH,Philippines,Asia,South-Eastern Asia,03,Central Luzon,Pulo,14.9622,121.0147
PH,Philippines,Asia,South-Eastern Asia,03,Central Luzon,Pulong Gubat,14.85938,120.90599
PH,Philippines,Asia,South-Eastern Asia,03,Central Luzon,Pulong Sampalok,14.9611,121.0609
PH,Philippines,Asia,South-Eastern Asia,03,Central Luzon,Pulung Santol,15.04574,120.56188
PH,Philippines,Asia,South-Eastern Asia,03,Central Luzon,Pulungmasle,15.0004,120.55774
PH,Philippines,Asia,South-Eastern Asia,03,Central Luzon,Puncan,15.9071,120.9907
PH,Philippines,Asia,South-Eastern Asia,03,Central Luzon,Purac,15.252,120.0169
PH,Philippines,Asia,South-Eastern Asia,03,Central Luzon,Putlod,15.3706,120.8675
PH,Philippines,Asia,South-Eastern Asia,03,Central Luzon,Rajal Norte,15.44485,120.86256
PH,Philippines,Asia,South-Eastern Asia,03,Central Luzon,Sabang,14.6951,120.2507
PH,Philippines,Asia,South-Eastern Asia,03,Central Luzon,Sagana,15.5689,121.1522
PH,Philippines,Asia,South-Eastern Asia,03,Central Luzon,Salapungan,15.1339,120.92794
PH,Philippines,Asia,South-Eastern Asia,03,Central Luzon,Salaza,15.4541,119.9553
PH,Philippines,Asia,South-Eastern Asia,03,Central Luzon,Salvacion I,15.8396,120.9159
PH,Philippines,Asia,South-Eastern Asia,03,Central Luzon,San Alejandro,15.56098,120.84896
PH,Philippines,Asia,South-Eastern Asia,03,Central Luzon,San Anton,15.3478,120.91991
PH,Philippines,Asia,South-Eastern Asia,03,Central Luzon,San Basilio,15.03341,120.58427
PH,Philippines,Asia,South-Eastern Asia,03,Central Luzon,San Casimiro,15.55306,120.78083
PH,Philippines,Asia,South-Eastern Asia,03,Central Luzon,San Cristobal,15.55382,120.76703
PH,Philippines,Asia,South-Eastern Asia,03,Central Luzon,San Felipe Old,15.5014,120.9078
PH,Philippines,Asia,South-Eastern Asia,03,Central Luzon,San Jose del Monte,14.81389,121.04528
PH,Philippines,Asia,South-Eastern Asia,03,Central Luzon,San Juan de Mata,15.5352,120.5302
PH,Philippines,Asia,South-Eastern Asia,03,Central Luzon,San Patricio,15.09775,120.72876
PH,Philippines,Asia,South-Eastern Asia,03,Central Luzon,San Roque Dau First,14.97711,120.57688
PH,Philippines,Asia,South-Eastern Asia,03,Central Luzon,San Vincente,13.4068,121.175
PH,Philippines,Asia,South-Eastern Asia,03,Central Luzon,Santa Ines West,15.55694,120.46448
PH,Philippines,Asia,South-Eastern Asia,03,Central Luzon,Santa Juliana,15.32826,120.42863
PH,Philippines,Asia,South-Eastern Asia,03,Central Luzon,Santa Teresa First,14.9265,120.55791
PH,Philippines,Asia,South-Eastern Asia,03,Central Luzon,Santo Cristo,15.29683,120.89025
PH,Philippines,Asia,South-Eastern Asia,03,Central Luzon,Santo Rosario,15.6447,120.8612
PH,Philippines,Asia,South-Eastern Asia,03,Central Luzon,Sapang,15.7032,120.5245
PH,Philippines,Asia,South-Eastern Asia,03,Central Luzon,Sapang Buho,15.59038,121.12454
PH,Philippines,Asia,South-Eastern Asia,03,Central Luzon,Sapol,13.365,121.1893
PH,Philippines,Asia,South-Eastern Asia,03,Central Luzon,Saysain,14.56111,120.3925
PH,Philippines,Asia,South-Eastern Asia,03,Central Luzon,Sexmoan,14.9438,120.6229
PH,Philippines,Asia,South-Eastern Asia,03,Central Luzon,Sibul,15.169,121.0616
PH,Philippines,Asia,South-Eastern Asia,03,Central Luzon,Siclong,15.5808,121.2239
PH,Philippines,Asia,South-Eastern Asia,03,Central Luzon,Sinilian First,15.69327,120.45936
PH,Philippines,Asia,South-Eastern Asia,03,Central Luzon,Soledad,15.42838,120.98355
PH,Philippines,Asia,South-Eastern Asia,03,Central Luzon,Suklayin,15.7574,121.5503
PH,Philippines,Asia,South-Eastern Asia,03,Central Luzon,Sula,15.45725,120.39553
PH,Philippines,Asia,South-Eastern Asia,03,Central Luzon,Sulucan,14.79448,120.92594
PH,Philippines,Asia,South-Eastern Asia,03,Central Luzon,Tabacao,15.64973,120.94066
PH,Philippines,Asia,South-Eastern Asia,03,Central Luzon,Tabon,15.27098,120.91273
PH,Philippines,Asia,South-Eastern Asia,03,Central Luzon,Tabuating,15.3921,120.94084
PH,Philippines,Asia,South-Eastern Asia,03,Central Luzon,Tal I Mun Doc,15.2121,120.6849
PH,Philippines,Asia,South-Eastern Asia,03,Central Luzon,Talaga,15.38403,120.58933
PH,Philippines,Asia,South-Eastern Asia,03,Central Luzon,Talang,15.02488,120.83782
PH,Philippines,Asia,South-Eastern Asia,03,Central Luzon,Taltal,15.5878,119.9455
PH,Philippines,Asia,South-Eastern Asia,03,Central Luzon,Tariji,15.52112,120.61442
PH,Philippines,Asia,South-Eastern Asia,03,Central Luzon,Tartaro,15.16667,121.01667
PH,Philippines,Asia,South-Eastern Asia,03,Central Luzon,Tayabo,15.8345,121.0309
PH,Philippines,Asia,South-Eastern Asia,03,Central Luzon,Telabastagan,15.11854,120.60773
PH,Philippines,Asia,South-Eastern Asia,03,Central Luzon,Tikiw,15.31193,120.86116
PH,Philippines,Asia,South-Eastern Asia,03,Central Luzon,Tinang,15.37626,120.65343
PH,Philippines,Asia,South-Eastern Asia,03,Central Luzon,Tondod,15.7182,120.968
PH,Philippines,Asia,South-Eastern Asia,03,Central Luzon,Uacon,15.6787,119.9403
PH,Philippines,Asia,South-Eastern Asia,03,Central Luzon,Umiray,15.2206,121.4111
PH,Philippines,Asia,South-Eastern Asia,03,Central Luzon,Upig,15.02551,120.99193
PH,Philippines,Asia,South-Eastern Asia,03,Central Luzon,Vargas,15.59332,120.48709
PH,Philippines,Asia,South-Eastern Asia,03,Central Luzon,Villa Aglipay,15.46605,120.45273
PH,Philippines,Asia,South-Eastern Asia,03,Central Luzon,Villa Isla,15.7703,120.8666
PH,Philippines,Asia,South-Eastern Asia,03,Central Luzon,Vizal San Pablo,15.06247,120.90021
PH,Philippines,Asia,South-Eastern Asia,03,Central Luzon,Vizal Santo Niño,15.02924,120.90505
PH,Philippines,Asia,South-Eastern Asia,07,Central Visayas,,,
PH,Philippines,Asia,South-Eastern Asia,15,Cordillera Administrative,Agbannawag,17.37641,121.5478
PH,Philippines,Asia,South-Eastern Asia,15,Cordillera Administrative,Ambuclao,16.48333,120.75
PH,Philippines,Asia,South-Eastern Asia,15,Cordillera Administrative,Amlimay,16.69377,120.83704
PH,Philippines,Asia,South-Eastern Asia,15,Cordillera Administrative,Ampusungan,16.7804,120.7247
PH,Philippines,Asia,South-Eastern Asia,15,Cordillera Administrative,Angad,17.5849,120.6257
PH,Philippines,Asia,South-Eastern Asia,15,Cordillera Administrative,Apayao,18.03359,121.1792
PH,Philippines,Asia,South-Eastern Asia,15,Cordillera Administrative,Atok,16.58355,120.69949
PH,Philippines,Asia,South-Eastern Asia,15,Cordillera Administrative,Baculongan,16.8,120.8333
PH,Philippines,Asia,South-Eastern Asia,15,Cordillera Administrative,Baguinge,16.77767,121.10624
PH,Philippines,Asia,South-Eastern Asia,15,Cordillera Administrative,Baguio,16.41639,120.59306
PH,Philippines,Asia,South-Eastern Asia,15,Cordillera Administrative,Bakun,16.7895,120.6631
PH,Philippines,Asia,South-Eastern Asia,15,Cordillera Administrative,Bangao,16.8211,120.8404
PH,Philippines,Asia,South-Eastern Asia,15,Cordillera Administrative,Bangued,17.5965664,120.6179987
PH,Philippines,Asia,South-Eastern Asia,15,Cordillera Administrative,Betwagan,17.08333,120.96667
PH,Philippines,Asia,South-Eastern Asia,15,Cordillera Administrative,Bocos,16.92646,121.05734
PH,Philippines,Asia,South-Eastern Asia,15,Cordillera Administrative,Bokod,16.4895,120.8313
PH,Philippines,Asia,South-Eastern Asia,15,Cordillera Administrative,Boliney,17.3790583,120.8198364
PH,Philippines,Asia,South-Eastern Asia,15,Cordillera Administrative,Bucay,17.5384336,120.7187526
PH,Philippines,Asia,South-Eastern Asia,15,Cordillera Administrative,Buguias,16.72267,120.82834
PH,Philippines,Asia,South-Eastern Asia,15,Cordillera Administrative,Bulalacao,16.8358,120.8085
PH,Philippines,Asia,South-Eastern Asia,15,Cordillera Administrative,Butigui,17.11534,121.43304
PH,Philippines,Asia,South-Eastern Asia,15,Cordillera Administrative,Calaba,17.6178,120.6162
PH,Philippines,Asia,South-Eastern Asia,15,Cordillera Administrative,Daguioman,17.45093,120.91505
PH,Philippines,Asia,South-Eastern Asia,15,Cordillera Administrative,Dalipey,16.8,120.71667
PH,Philippines,Asia,South-Eastern Asia,15,Cordillera Administrative,Dalupirip,16.32603,120.72414
PH,Philippines,Asia,South-Eastern Asia,15,Cordillera Administrative,Danglas,17.6933042,120.6644745
PH,Philippines,Asia,South-Eastern Asia,15,Cordillera Administrative,Gambang,16.75,120.7833
PH,Philippines,Asia,South-Eastern Asia,15,Cordillera Administrative,Guinsadan,16.9642,120.868
PH,Philippines,Asia,South-Eastern Asia,15,Cordillera Administrative,Hapao,16.87966,121.01604
PH,Philippines,Asia,South-Eastern Asia,15,Cordillera Administrative,Itogon,16.36389,120.67694
PH,Philippines,Asia,South-Eastern Asia,15,Cordillera Administrative,Kalinga,17.42599,121.41609
PH,Philippines,Asia,South-Eastern Asia,15,Cordillera Administrative,Kapangan,16.5746,120.5971
PH,Philippines,Asia,South-Eastern Asia,15,Cordillera Administrative,Kibungan,16.695,120.6553
PH,Philippines,Asia,South-Eastern Asia,15,Cordillera Administrative,La Trinidad,16.455,120.5875
PH,Philippines,Asia,South-Eastern Asia,15,Cordillera Administrative,Lagangilang,17.6126919,120.7336564
PH,Philippines,Asia,South-Eastern Asia,15,Cordillera Administrative,Lagayan,17.720616,120.7059814
PH,Philippines,Asia,South-Eastern Asia,15,Cordillera Administrative,Laya,17.4726,121.4678
PH,Philippines,Asia,South-Eastern Asia,15,Cordillera Administrative,Licuan,17.6090816,120.9054377
PH,Philippines,Asia,South-Eastern Asia,15,Cordillera Administrative,Liwan,17.5191,121.632
PH,Philippines,Asia,South-Eastern Asia,15,Cordillera Administrative,Loacan,16.55,120.66667
PH,Philippines,Asia,South-Eastern Asia,15,Cordillera Administrative,Luba,17.3173222,120.6946459
PH,Philippines,Asia,South-Eastern Asia,15,Cordillera Administrative,Manabo,17.4325474,120.7041038
PH,Philippines,Asia,South-Eastern Asia,15,Cordillera Administrative,Mankayan,16.8632,120.7829
PH,Philippines,Asia,South-Eastern Asia,15,Cordillera Administrative,Monamon,16.8833,120.8833
PH,Philippines,Asia,South-Eastern Asia,15,Cordillera Administrative,Mountain,17.08333,121.16667
PH,Philippines,Asia,South-Eastern Asia,15,Cordillera Administrative,Nangalisan,16.4344,120.4778
PH,Philippines,Asia,South-Eastern Asia,15,Cordillera Administrative,Natubleng,16.69647,120.78054
PH,Philippines,Asia,South-Eastern Asia,15,Cordillera Administrative,Peñarrubia,17.5638344,120.652673
PH,Philippines,Asia,South-Eastern Asia,15,Cordillera Administrative,Pidigan,17.57,120.5903
PH,Philippines,Asia,South-Eastern Asia,15,Cordillera Administrative,Sablan,16.493,120.4954
PH,Philippines,Asia,South-Eastern Asia,15,Cordillera Administrative,Sadsadan,16.9333,120.8667
PH,Philippines,Asia,South-Eastern Asia,15,Cordillera Administrative,San Ramon,17.4135,120.7076
PH,Philippines,Asia,South-Eastern Asia,15,Cordillera Administrative,Tabaan,16.3,120.51667
PH,Philippines,Asia,South-Eastern Asia,15,Cordillera Administrative,Tacadang,16.7264,120.6405
PH,Philippines,Asia,South-Eastern Asia,15,Cordillera Administrative,Taloy,16.33333,120.5
PH,Philippines,Asia,South-Eastern Asia,15,Cordillera Administrative,Tayum,17.6172,120.6542
PH,Philippines,Asia,South-Eastern Asia,15,Cordillera Administrative,Topdac,16.5553,120.7116
PH,Philippines,Asia,South-Eastern Asia,15,Cordillera Administrative,Tublay,16.5431,120.6096
PH,Philippines,Asia,South-Eastern Asia,15,Cordillera Administrative,Tuding,16.41085,120.6422
PH,Philippines,Asia,South-Eastern Asia,15,Cordillera Administrative,Villaviciosa,17.4378456,120.6256845
PH,Philippines,Asia,South-Eastern Asia,NCO,Cotabato,Alamada,7.5084273,124.4003658
PH,Philippines,Asia,South-Eastern Asia,NCO,Cotabato,Aleosan,7.1818287,124.5481168
PH,Philippines,Asia,South-Eastern Asia,NCO,Cotabato,Antipas,7.2596141,124.9882538
PH,Philippines,Asia,South-Eastern Asia,NCO,Cotabato,Arakan,7.4048933,125.0017386
PH,Philippines,Asia,South-Eastern Asia,NCO,Cotabato,Banisilan,7.4779716,124.5655255
PH,Philippines,Asia,South-Eastern Asia,NCO,Cotabato,Carmen,7.3242259,124.625497
PH,Philippines,Asia,South-Eastern Asia,NCO,Cotabato,Kabacan,7.1295694,124.7212131
PH,Philippines,Asia,South-Eastern Asia,NCO,Cotabato,Kadayangan,7.1260269,124.4758199
PH,Philippines,Asia,South-Eastern Asia,NCO,Cotabato,Kapalawan,7.2436944,124.8006072
PH,Philippines,Asia,South-Eastern Asia,NCO,Cotabato,Kidapawan,7.0435767,124.9337607
PH,Philippines,Asia,South-Eastern Asia,NCO,Cotabato,Libungan,7.338888,124.4754343
PH,Philippines,Asia,South-Eastern Asia,NCO,Cotabato,Ligawasan,6.9345986,124.5368796
PH,Philippines,Asia,South-Eastern Asia,NCO,Cotabato,M'lang,6.954166,124.7514563
PH,Philippines,Asia,South-Eastern Asia,NCO,Cotabato,Magpet,7.1391963,125.0295048
PH,Philippines,Asia,South-Eastern Asia,NCO,Cotabato,Makilala,6.9146763,124.966328
PH,Philippines,Asia,South-Eastern Asia,NCO,Cotabato,Malidegao,7.3633787,124.5717162
PH,Philippines,Asia,South-Eastern Asia,NCO,Cotabato,Matalam,7.1983042,124.7705965
PH,Philippines,Asia,South-Eastern Asia,NCO,Cotabato,Midsayap,7.1353428,124.43662
PH,Philippines,Asia,South-Eastern Asia,NCO,Cotabato,Nabalawag,7.0835029,124.4817387
PH,Philippines,Asia,South-Eastern Asia,NCO,Cotabato,Old Kaabakan,6.9724695,124.627485
PH,Philippines,Asia,South-Eastern Asia,NCO,Cotabato,Pigcawayan,7.3061345,124.2477267
PH,Philippines,Asia,South-Eastern Asia,NCO,Cotabato,Pikit,7.0707594,124.566396
PH,Philippines,Asia,South-Eastern Asia,NCO,Cotabato,President Roxas,7.3929198,124.8156148
PH,Philippines,Asia,South-Eastern Asia,NCO,Cotabato,Tugunan,6.8168066,124.8006083
PH,Philippines,Asia,South-Eastern Asia,NCO,Cotabato,Tulunan,6.8168066,124.80053
PH,Philippines,Asia,South-Eastern Asia,11,Davao,Alejal,7.38417,125.66
PH,Philippines,Asia,South-Eastern Asia,11,Davao,Andili,7.462,125.9701
PH,Philippines,Asia,South-Eastern Asia,11,Davao,Andop,7.86111,125.75389
PH,Philippines,Asia,South-Eastern Asia,11,Davao,Anibongan,7.39333,125.71889
PH,Philippines,Asia,South-Eastern Asia,11,Davao,Astorga,6.90722,125.45583
PH,Philippines,Asia,South-Eastern Asia,11,Davao,Babag,7.73309,126.0713
PH,Philippines,Asia,South-Eastern Asia,11,Davao,Baculin,7.4493503,126.5832951
PH,Philippines,Asia,South-Eastern Asia,11,Davao,Balagunan,7.49222,125.52111
PH,Philippines,Asia,South-Eastern Asia,11,Davao,Balangonan,5.57333,125.35389
PH,Philippines,Asia,South-Eastern Asia,11,Davao,Balutakay,6.72111,125.35167
PH,Philippines,Asia,South-Eastern Asia,11,Davao,Bantacan,7.604,126.1298
PH,Philippines,Asia,South-Eastern Asia,11,Davao,Baon,6.79562,126.08778
PH,Philippines,Asia,South-Eastern Asia,11,Davao,Baracatan,6.9675,125.41583
PH,Philippines,Asia,South-Eastern Asia,11,Davao,Basiawan,6.53417,125.48694
PH,Philippines,Asia,South-Eastern Asia,11,Davao,Batiano,7.5534,126.4907
PH,Philippines,Asia,South-Eastern Asia,11,Davao,Batobato,6.82522,126.08458
PH,Philippines,Asia,South-Eastern Asia,11,Davao,Baylo,7.85514,126.05563
PH,Philippines,Asia,South-Eastern Asia,11,Davao,Biao,7.16333,125.52111
PH,Philippines,Asia,South-Eastern Asia,11,Davao,Bincoñgan,7.36667,125.75
PH,Philippines,Asia,South-Eastern Asia,11,Davao,Bitaogan,6.76842,126.07738
PH,Philippines,Asia,South-Eastern Asia,11,Davao,Bolila,6.37167,125.57139
PH,Philippines,Asia,South-Eastern Asia,11,Davao,Buclad,7.52778,125.75056
PH,Philippines,Asia,South-Eastern Asia,11,Davao,Buhangin,6.49111,125.5475
PH,Philippines,Asia,South-Eastern Asia,11,Davao,Bukid,5.57167,125.40556
PH,Philippines,Asia,South-Eastern Asia,11,Davao,Bulacan,6.5675,125.42111
PH,Philippines,Asia,South-Eastern Asia,11,Davao,Bungabon,7.2221,125.8731
PH,Philippines,Asia,South-Eastern Asia,11,Davao,Butulan,5.61444,125.43167
PH,Philippines,Asia,South-Eastern Asia,11,Davao,Cabayangan,7.40722,125.73306
PH,Philippines,Asia,South-Eastern Asia,11,Davao,Cabinuangan,7.68333,126.03333
PH,Philippines,Asia,South-Eastern Asia,11,Davao,Caburan,5.91806,125.64111
PH,Philippines,Asia,South-Eastern Asia,11,Davao,Cambanugoy,7.5413,125.7553
PH,Philippines,Asia,South-Eastern Asia,11,Davao,Camudmud,7.17611,125.69333
PH,Philippines,Asia,South-Eastern Asia,11,Davao,Cogon,7.15083,125.71722
PH,Philippines,Asia,South-Eastern Asia,11,Davao,Compostela Valley,7.68333,126.11667
PH,Philippines,Asia,South-Eastern Asia,11,Davao,Corocotan,7.3998,125.7727
PH,Philippines,Asia,South-Eastern Asia,11,Davao,Coronon,6.87917,125.44889
PH,Philippines,Asia,South-Eastern Asia,11,Davao,Cuambog,7.30861,125.84806
PH,Philippines,Asia,South-Eastern Asia,11,Davao,Culaman,5.96028,125.65861
PH,Philippines,Asia,South-Eastern Asia,11,Davao,Dacudao,7.21528,125.47139
PH,Philippines,Asia,South-Eastern Asia,11,Davao,Davan,6.91487,126.15323
PH,Philippines,Asia,South-Eastern Asia,11,Davao,Davao,7.07306,125.61278
PH,Philippines,Asia,South-Eastern Asia,11,Davao,Del Pilar,7.56306,125.82667
PH,Philippines,Asia,South-Eastern Asia,11,Davao,Dolo,6.81028,125.19167
PH,Philippines,Asia,South-Eastern Asia,11,Davao,Dumlan,7.4275,125.8819
PH,Philippines,Asia,South-Eastern Asia,11,Davao,Gabi,7.6215,126.092
PH,Philippines,Asia,South-Eastern Asia,11,Davao,Gabuyan,7.60806,125.66889
PH,Philippines,Asia,South-Eastern Asia,11,Davao,Goma,6.79194,125.32083
PH,Philippines,Asia,South-Eastern Asia,11,Davao,Guihing Proper,6.68444,125.3525
PH,Philippines,Asia,South-Eastern Asia,11,Davao,Gumalang,7.20833,125.40361
PH,Philippines,Asia,South-Eastern Asia,11,Davao,Gupitan,7.77583,125.64056
PH,Philippines,Asia,South-Eastern Asia,11,Davao,Hiju Maco,7.38541,125.82822
PH,Philippines,Asia,South-Eastern Asia,11,Davao,Ignit,6.70083,125.29194
PH,Philippines,Asia,South-Eastern Asia,11,Davao,Ilangay,6.91284,126.05008
PH,Philippines,Asia,South-Eastern Asia,11,Davao,Inawayan,6.96083,125.47333
PH,Philippines,Asia,South-Eastern Asia,11,Davao,Jovellar,7.0635,126.45558
PH,Philippines,Asia,South-Eastern Asia,11,Davao,Kalbay,5.72333,125.49861
PH,Philippines,Asia,South-Eastern Asia,11,Davao,Kalian,6.12306,125.70028
PH,Philippines,Asia,South-Eastern Asia,11,Davao,Kaligutan,7.70306,125.81306
PH,Philippines,Asia,South-Eastern Asia,11,Davao,Kapalong,7.77056,125.55861
PH,Philippines,Asia,South-Eastern Asia,11,Davao,Kinablangan,7.6913126,126.5515932
PH,Philippines,Asia,South-Eastern Asia,11,Davao,Kinamayan,7.49944,125.67361
PH,Philippines,Asia,South-Eastern Asia,11,Davao,Kinangan,6.30139,125.585
PH,Philippines,Asia,South-Eastern Asia,11,Davao,La Union,6.70413,126.08798
PH,Philippines,Asia,South-Eastern Asia,11,Davao,Lacaron,6.44889,125.57917
PH,Philippines,Asia,South-Eastern Asia,11,Davao,Lacson,7.21194,125.44222
PH,Philippines,Asia,South-Eastern Asia,11,Davao,Lais,6.33278,125.64639
PH,Philippines,Asia,South-Eastern Asia,11,Davao,Lapuan,6.14444,125.70083
PH,Philippines,Asia,South-Eastern Asia,11,Davao,Lasang,7.26694,125.665
PH,Philippines,Asia,South-Eastern Asia,11,Davao,Libuganon,7.3488,125.7782
PH,Philippines,Asia,South-Eastern Asia,11,Davao,Limao,7.07917,125.67361
PH,Philippines,Asia,South-Eastern Asia,11,Davao,Limot,7.0405,126.27268
PH,Philippines,Asia,South-Eastern Asia,11,Davao,Linao,7.0172,125.992
PH,Philippines,Asia,South-Eastern Asia,11,Davao,Linoan,7.626,125.9741
PH,Philippines,Asia,South-Eastern Asia,11,Davao,Lukatan,7.0096,126.42118
PH,Philippines,Asia,South-Eastern Asia,11,Davao,Lungaog,7.52944,125.68778
PH,Philippines,Asia,South-Eastern Asia,11,Davao,Luzon,6.51904,126.09408
PH,Philippines,Asia,South-Eastern Asia,11,Davao,Mabini,7.31139,125.85278
PH,Philippines,Asia,South-Eastern Asia,11,Davao,Mabuhay,7.33306,125.5475
PH,Philippines,Asia,South-Eastern Asia,11,Davao,Maduao,7.29417,125.62583
PH,Philippines,Asia,South-Eastern Asia,11,Davao,Magatos,7.55556,125.72667
PH,Philippines,Asia,South-Eastern Asia,11,Davao,Magdug,6.54764,126.09508
PH,Philippines,Asia,South-Eastern Asia,11,Davao,Magnaga,7.1694,125.8931
PH,Philippines,Asia,South-Eastern Asia,11,Davao,Magugpo Poblacion,7.4472333,125.8043897
PH,Philippines,Asia,South-Eastern Asia,11,Davao,Mahanob,7.57326,126.50684
PH,Philippines,Asia,South-Eastern Asia,11,Davao,Malagos,7.185,125.42222
PH,Philippines,Asia,South-Eastern Asia,11,Davao,Malinao,6.65917,125.28667
PH,Philippines,Asia,South-Eastern Asia,11,Davao,Malita,6.415,125.61167
PH,Philippines,Asia,South-Eastern Asia,11,Davao,Mambago,7.10556,125.69444
PH,Philippines,Asia,South-Eastern Asia,11,Davao,Managa,6.74611,125.26806
PH,Philippines,Asia,South-Eastern Asia,11,Davao,Manaloal,7.36611,125.66028
PH,Philippines,Asia,South-Eastern Asia,11,Davao,Manat,7.5327,126.0173
PH,Philippines,Asia,South-Eastern Asia,11,Davao,Mangili,6.00333,125.68389
PH,Philippines,Asia,South-Eastern Asia,11,Davao,Manikling,6.87907,126.06063
PH,Philippines,Asia,South-Eastern Asia,11,Davao,Matiao,7.0828,125.9362
PH,Philippines,Asia,South-Eastern Asia,11,Davao,Matti,6.77056,125.30861
PH,Philippines,Asia,South-Eastern Asia,11,Davao,Mayo,7.00211,126.33198
PH,Philippines,Asia,South-Eastern Asia,11,Davao,Nangan,6.47264,126.12438
PH,Philippines,Asia,South-Eastern Asia,11,Davao,Nanyo,7.33306,125.63778
PH,Philippines,Asia,South-Eastern Asia,11,Davao,New Baclayon,6.58417,125.36944
PH,Philippines,Asia,South-Eastern Asia,11,Davao,New Bohol,7.5233,125.8363
PH,Philippines,Asia,South-Eastern Asia,11,Davao,New Leyte,7.5382999,125.753854
PH,Philippines,Asia,South-Eastern Asia,11,Davao,New Sibonga,7.5609,125.9298
PH,Philippines,Asia,South-Eastern Asia,11,Davao,New Visayas,7.52333,125.62333
PH,Philippines,Asia,South-Eastern Asia,11,Davao,Nuing,5.63278,125.43528
PH,Philippines,Asia,South-Eastern Asia,11,Davao,Pag-asa,7.57556,125.68389
PH,Philippines,Asia,South-Eastern Asia,11,Davao,Pagsabangan,7.48111,125.74944
PH,Philippines,Asia,South-Eastern Asia,11,Davao,Palma Gil,7.64222,125.62917
PH,Philippines,Asia,South-Eastern Asia,11,Davao,Pandasan,7.2838,125.8535
PH,Philippines,Asia,South-Eastern Asia,11,Davao,Pangian,6.46278,125.54528
PH,Philippines,Asia,South-Eastern Asia,11,Davao,Panikian,7.0107,126.02418
PH,Philippines,Asia,South-Eastern Asia,11,Davao,Pasian,7.92806,126.06722
PH,Philippines,Asia,South-Eastern Asia,11,Davao,Pondaguitan,6.36115,126.17778
PH,Philippines,Asia,South-Eastern Asia,11,Davao,Pung-Pang,6.4975,125.46333
PH,Philippines,Asia,South-Eastern Asia,11,Davao,Sampao,7.59389,125.66111
PH,Philippines,Asia,South-Eastern Asia,11,Davao,San Alfonso,7.78028,126.42028
PH,Philippines,Asia,South-Eastern Asia,11,Davao,San Ignacio,7.1189,126.48838
PH,Philippines,Asia,South-Eastern Asia,11,Davao,Sarangani,5.40333,125.46361
PH,Philippines,Asia,South-Eastern Asia,11,Davao,Sigaboy,6.65413,126.07268
PH,Philippines,Asia,South-Eastern Asia,11,Davao,Simod,7.47583,125.34083
PH,Philippines,Asia,South-Eastern Asia,11,Davao,Sinawilan,6.75444,125.24639
PH,Philippines,Asia,South-Eastern Asia,11,Davao,Sinayawan,6.7125,125.30944
PH,Philippines,Asia,South-Eastern Asia,11,Davao,Sirib,7.13333,125.40722
PH,Philippines,Asia,South-Eastern Asia,11,Davao,Sugal,5.66222,125.46167
PH,Philippines,Asia,South-Eastern Asia,11,Davao,Surup,6.39035,126.14558
PH,Philippines,Asia,South-Eastern Asia,11,Davao,Suz-on,7.66278,125.63833
PH,Philippines,Asia,South-Eastern Asia,11,Davao,Tagakpan,7.11278,125.42917
PH,Philippines,Asia,South-Eastern Asia,11,Davao,Tagdanua,7.2043,125.8841
PH,Philippines,Asia,South-Eastern Asia,11,Davao,Tagnanan,7.28361,125.84222
PH,Philippines,Asia,South-Eastern Asia,11,Davao,Takub,6.85639,125.4225
PH,Philippines,Asia,South-Eastern Asia,11,Davao,Talagutong,6.26444,125.66778
PH,Philippines,Asia,South-Eastern Asia,11,Davao,Talomo,7.52861,125.72278
PH,Philippines,Asia,South-Eastern Asia,11,Davao,Tamayong,7.13306,125.37972
PH,Philippines,Asia,South-Eastern Asia,11,Davao,Tambo,7.15694,125.69917
PH,Philippines,Asia,South-Eastern Asia,11,Davao,Tamisan,6.84372,126.29838
PH,Philippines,Asia,South-Eastern Asia,11,Davao,Tamugan,7.23083,125.37639
PH,Philippines,Asia,South-Eastern Asia,11,Davao,Tanlad,6.60222,125.445
PH,Philippines,Asia,South-Eastern Asia,11,Davao,Tapia,7.75417,126.01194
PH,Philippines,Asia,South-Eastern Asia,11,Davao,Tawan tawan,7.16917,125.37278
PH,Philippines,Asia,South-Eastern Asia,11,Davao,Taytayan,7.73389,126.50194
PH,Philippines,Asia,South-Eastern Asia,11,Davao,Tibagon,7.2327,125.8628
PH,Philippines,Asia,South-Eastern Asia,11,Davao,Tibanbang,6.63153,126.10548
PH,Philippines,Asia,South-Eastern Asia,11,Davao,Tiblawan,6.47834,126.10828
PH,Philippines,Asia,South-Eastern Asia,11,Davao,Tombongon,7.0792,125.9486
PH,Philippines,Asia,South-Eastern Asia,11,Davao,Tubalan,6.495,125.56611
PH,Philippines,Asia,South-Eastern Asia,11,Davao,Tuban,6.82278,125.38694
PH,Philippines,Asia,South-Eastern Asia,11,Davao,Tuganay,7.36889,125.72306
PH,Philippines,Asia,South-Eastern Asia,11,Davao,Tuli,7.23333,125.41667
PH,Philippines,Asia,South-Eastern Asia,11,Davao,Ula,7.13222,125.49222
PH,Philippines,Asia,South-Eastern Asia,11,Davao,Wañgan,7.15972,125.44528
PH,Philippines,Asia,South-Eastern Asia,11,Davao,Wines,7.19389,125.38917
PH,Philippines,Asia,South-Eastern Asia,COM,Davao de Oro,Compostela,7.714015,125.9919672
PH,Philippines,Asia,South-Eastern Asia,COM,Davao de Oro,Laak,7.8170679,125.6557684
PH,Philippines,Asia,South-Eastern Asia,COM,Davao de Oro,Mabini,7.2890942,125.7712107
PH,Philippines,Asia,South-Eastern Asia,COM,Davao de Oro,Maco,7.3594021,125.8465862
PH,Philippines,Asia,South-Eastern Asia,COM,Davao de Oro,Maragusan,7.3611536,126.0104208
PH,Philippines,Asia,South-Eastern Asia,COM,Davao de Oro,Mawab,7.4982029,125.8569884
PH,Philippines,Asia,South-Eastern Asia,COM,Davao de Oro,Monkayo,7.8515075,125.9127455
PH,Philippines,Asia,South-Eastern Asia,COM,Davao de Oro,Montevista,7.7252277,125.923272
PH,Philippines,Asia,South-Eastern Asia,COM,Davao de Oro,Nabunturan,7.5598599,125.8452396
PH,Philippines,Asia,South-Eastern Asia,COM,Davao de Oro,New Bataan,7.5240393,126.0178881
PH,Philippines,Asia,South-Eastern Asia,COM,Davao de Oro,Pantukan,7.2126564,125.7488022
PH,Philippines,Asia,South-Eastern Asia,DAV,Davao del Norte,Asuncion,7.642157,125.6425504
PH,Philippines,Asia,South-Eastern Asia,DAV,Davao del Norte,Braulio E. Dujali,7.4513994,125.6249766
PH,Philippines,Asia,South-Eastern Asia,DAV,Davao del Norte,Carmen,7.3672497,125.5813883
PH,Philippines,Asia,South-Eastern Asia,DAV,Davao del Norte,Kapalong,7.695502,125.45471
PH,Philippines,Asia,South-Eastern Asia,DAV,Davao del Norte,New Corella,7.6037986,125.777789
PH,Philippines,Asia,South-Eastern Asia,DAV,Davao del Norte,Panabo,7.3365699,125.5651434
PH,Philippines,Asia,South-Eastern Asia,DAV,Davao del Norte,Samal,7.0452463,125.7300405
PH,Philippines,Asia,South-Eastern Asia,DAV,Davao del Norte,San Isidro,7.38054,125.7643259
PH,Philippines,Asia,South-Eastern Asia,DAV,Davao del Norte,Santo Tomas,7.5113286,125.4559808
PH,Philippines,Asia,South-Eastern Asia,DAV,Davao del Norte,Tagum,7.4246588,125.7260991
PH,Philippines,Asia,South-Eastern Asia,DAV,Davao del Norte,Talaingod,7.678538,125.2722723
PH,Philippines,Asia,South-Eastern Asia,DAS,Davao del Sur,Bansalan,6.7869339,125.2108071
PH,Philippines,Asia,South-Eastern Asia,DAS,Davao del Sur,Davao City,7.2541989,125.1214168
PH,Philippines,Asia,South-Eastern Asia,DAS,Davao del Sur,Digos,6.8435249,125.2381796
PH,Philippines,Asia,South-Eastern Asia,DAS,Davao del Sur,Hagonoy,6.6987973,125.2334476
PH,Philippines,Asia,South-Eastern Asia,DAS,Davao del Sur,Kiblawan,6.6309681,125.131709
PH,Philippines,Asia,South-Eastern Asia,DAS,Davao del Sur,Magsaysay,6.8001419,125.0754148
PH,Philippines,Asia,South-Eastern Asia,DAS,Davao del Sur,Malalag,6.5239785,125.1450838
PH,Philippines,Asia,South-Eastern Asia,DAS,Davao del Sur,Matanao,6.7399022,125.0674483
PH,Philippines,Asia,South-Eastern Asia,DAS,Davao del Sur,Padada,6.6503445,125.2170571
PH,Philippines,Asia,South-Eastern Asia,DAS,Davao del Sur,Santa Cruz,6.8717209,125.3109999
PH,Philippines,Asia,South-Eastern Asia,DAS,Davao del Sur,Sulop,6.6210164,125.2445658
PH,Philippines,Asia,South-Eastern Asia,DVO,Davao Occidental,Balangonan,5.5705429,125.3543645
PH,Philippines,Asia,South-Eastern Asia,DVO,Davao Occidental,Basiawan,6.5113587,125.511087
PH,Philippines,Asia,South-Eastern Asia,DVO,Davao Occidental,Biao,6.3862395,125.4699665
PH,Philippines,Asia,South-Eastern Asia,DVO,Davao Occidental,Bolila,6.3708399,125.5702583
PH,Philippines,Asia,South-Eastern Asia,DVO,Davao Occidental,Buhangin,6.489421,125.5441618
PH,Philippines,Asia,South-Eastern Asia,DVO,Davao Occidental,Bukid,5.5708777,125.406028
PH,Philippines,Asia,South-Eastern Asia,DVO,Davao Occidental,Butulan,5.6109149,125.4289164
PH,Philippines,Asia,South-Eastern Asia,DVO,Davao Occidental,Caburan,5.9105565,125.6436879
PH,Philippines,Asia,South-Eastern Asia,DVO,Davao Occidental,Culaman,6.3899887,125.59962
PH,Philippines,Asia,South-Eastern Asia,DVO,Davao Occidental,Don Marcelino,6.1978508,125.6977653
PH,Philippines,Asia,South-Eastern Asia,DVO,Davao Occidental,Jose Abad Santos,5.9124655,125.6445932
PH,Philippines,Asia,South-Eastern Asia,DVO,Davao Occidental,Kalbay,5.7234977,125.498893
PH,Philippines,Asia,South-Eastern Asia,DVO,Davao Occidental,Kinangan,6.3070128,125.5756885
PH,Philippines,Asia,South-Eastern Asia,DVO,Davao Occidental,Lacaron,6.4527403,125.5653512
PH,Philippines,Asia,South-Eastern Asia,DVO,Davao Occidental,Lais,6.3216726,125.6521619
PH,Philippines,Asia,South-Eastern Asia,DVO,Davao Occidental,Lapuan,6.1574062,125.6860051
PH,Philippines,Asia,South-Eastern Asia,DVO,Davao Occidental,Mabuhay,6.1348864,125.6546621
PH,Philippines,Asia,South-Eastern Asia,DVO,Davao Occidental,Malita,6.4143745,125.6109051
PH,Philippines,Asia,South-Eastern Asia,DVO,Davao Occidental,Mangili,6.0035694,125.6873703
PH,Philippines,Asia,South-Eastern Asia,DVO,Davao Occidental,Nuing,5.6250562,125.4392526
PH,Philippines,Asia,South-Eastern Asia,DVO,Davao Occidental,Pangian,6.4628674,125.5484748
PH,Philippines,Asia,South-Eastern Asia,DVO,Davao Occidental,San Antonio,6.4734466,125.4350593
PH,Philippines,Asia,South-Eastern Asia,DVO,Davao Occidental,San Isidro,5.6639438,125.4091582
PH,Philippines,Asia,South-Eastern Asia,DVO,Davao Occidental,San Luis,7.44138889,126.55111111
PH,Philippines,Asia,South-Eastern Asia,DVO,Davao Occidental,San Mariano,7.33819,126.16464
PH,Philippines,Asia,South-Eastern Asia,DVO,Davao Occidental,San Pedro,6.4257288,125.4338893
PH,Philippines,Asia,South-Eastern Asia,DVO,Davao Occidental,Santa Maria,6.55361111,125.47083333
PH,Philippines,Asia,South-Eastern Asia,DVO,Davao Occidental,Santo Niño,6.5615661,125.497376
PH,Philippines,Asia,South-Eastern Asia,DVO,Davao Occidental,Sarangani,5.4122469,125.4217427
PH,Philippines,Asia,South-Eastern Asia,DVO,Davao Occidental,Sugal,5.6706967,125.4735064
PH,Philippines,Asia,South-Eastern Asia,DVO,Davao Occidental,Talagutong,6.2599466,125.6627812
PH,Philippines,Asia,South-Eastern Asia,DVO,Davao Occidental,Tubalan,6.4842349,125.55974
PH,Philippines,Asia,South-Eastern Asia,DAO,Davao Oriental,Baganga,7.6014038,126.2440909
PH,Philippines,Asia,South-Eastern Asia,DAO,Davao Oriental,Banaybanay,7.0927358,125.795623
PH,Philippines,Asia,South-Eastern Asia,DAO,Davao Oriental,Boston,7.9049989,126.1175375
PH,Philippines,Asia,South-Eastern Asia,DAO,Davao Oriental,Caraga,7.3532128,126.2891989
PH,Philippines,Asia,South-Eastern Asia,DAO,Davao Oriental,Cateel,7.7754879,126.2141829
PH,Philippines,Asia,South-Eastern Asia,DAO,Davao Oriental,Governor Generoso,6.4750299,125.9634715
PH,Philippines,Asia,South-Eastern Asia,DAO,Davao Oriental,Lupon,7.0662554,125.9850578
PH,Philippines,Asia,South-Eastern Asia,DAO,Davao Oriental,Manay,7.1888694,126.2861519
PH,Philippines,Asia,South-Eastern Asia,DAO,Davao Oriental,Mati,6.696285,125.8932373
PH,Philippines,Asia,South-Eastern Asia,DAO,Davao Oriental,San Isidro,6.8082955,126.0447739
PH,Philippines,Asia,South-Eastern Asia,DAO,Davao Oriental,Tarragona,7.0740265,126.296909
PH,Philippines,Asia,South-Eastern Asia,DIN,Dinagat Islands,Basilisa,10.0400851,125.4631766
PH,Philippines,Asia,South-Eastern Asia,DIN,Dinagat Islands,Cagdianao,10.0193146,125.4970246
PH,Philippines,Asia,South-Eastern Asia,DIN,Dinagat Islands,Dinagat,9.9609839,125.5473795
PH,Philippines,Asia,South-Eastern Asia,DIN,Dinagat Islands,Libjo,10.1962004,125.3968174
PH,Philippines,Asia,South-Eastern Asia,DIN,Dinagat Islands,Loreto,10.3634494,125.4069454
PH,Philippines,Asia,South-Eastern Asia,DIN,Dinagat Islands,San Jose,10.0177884,125.551156
PH,Philippines,Asia,South-Eastern Asia,DIN,Dinagat Islands,Tubajon,10.2881752,125.5029162
PH,Philippines,Asia,South-Eastern Asia,EAS,Eastern Samar,Arteche,12.2584587,125.1807171
PH,Philippines,Asia,South-Eastern Asia,EAS,Eastern Samar,Balangiga,11.1830862,125.270787
PH,Philippines,Asia,South-Eastern Asia,EAS,Eastern Samar,Balangkayan,11.3910493,125.2320224
PH,Philippines,Asia,South-Eastern Asia,EAS,Eastern Samar,Borongan,11.5946115,125.199321
PH,Philippines,Asia,South-Eastern Asia,EAS,Eastern Samar,Can-Avid,11.9919154,125.1909954
PH,Philippines,Asia,South-Eastern Asia,EAS,Eastern Samar,Dolores,12.0894076,125.232795
PH,Philippines,Asia,South-Eastern Asia,EAS,Eastern Samar,General MacArthur,11.2638791,125.4279002
PH,Philippines,Asia,South-Eastern Asia,EAS,Eastern Samar,Giporlos,11.120198,125.3994472
PH,Philippines,Asia,South-Eastern Asia,EAS,Eastern Samar,Guiuan,10.8787867,125.6291588
PH,Philippines,Asia,South-Eastern Asia,EAS,Eastern Samar,Hernani,11.3283635,125.5515422
PH,Philippines,Asia,South-Eastern Asia,EAS,Eastern Samar,Jipapad,12.2727632,125.1362904
PH,Philippines,Asia,South-Eastern Asia,EAS,Eastern Samar,Lawaan,11.2004791,125.2169498
PH,Philippines,Asia,South-Eastern Asia,EAS,Eastern Samar,Llorente,11.3452194,125.2770192
PH,Philippines,Asia,South-Eastern Asia,EAS,Eastern Samar,Maslog,12.1048721,125.1132449
PH,Philippines,Asia,South-Eastern Asia,EAS,Eastern Samar,Maydolong,11.4684854,125.2189761
PH,Philippines,Asia,South-Eastern Asia,EAS,Eastern Samar,Mercedes,11.0924142,125.6639805
PH,Philippines,Asia,South-Eastern Asia,EAS,Eastern Samar,Oras,12.1606205,125.250991
PH,Philippines,Asia,South-Eastern Asia,EAS,Eastern Samar,Quinapondan,11.1794159,125.4082664
PH,Philippines,Asia,South-Eastern Asia,EAS,Eastern Samar,Salcedo,11.1703802,125.5508956
PH,Philippines,Asia,South-Eastern Asia,EAS,Eastern Samar,San Julian,11.7549638,125.455276
PH,Philippines,Asia,South-Eastern Asia,EAS,Eastern Samar,San Policarpo,12.2116236,125.3791483
PH,Philippines,Asia,South-Eastern Asia,EAS,Eastern Samar,Sulat,11.810926,125.2239972
PH,Philippines,Asia,South-Eastern Asia,EAS,Eastern Samar,Taft,11.8658344,125.2652081
PH,Philippines,Asia,South-Eastern Asia,08,Eastern Visayas,Alugan,12.21888889,125.48083333
PH,Philippines,Asia,South-Eastern Asia,08,Eastern Visayas,Anito,12.44972222,125.28861111
PH,Philippines,Asia,South-Eastern Asia,08,Eastern Visayas,Balagtas,11.13333333,124.51916667
PH,Philippines,Asia,South-Eastern Asia,08,Eastern Visayas,Balagui,11.47527778,124.5325
PH,Philippines,Asia,South-Eastern Asia,08,Eastern Visayas,Balinsacayao,10.68111111,124.95944444
PH,Philippines,Asia,South-Eastern Asia,08,Eastern Visayas,Balite,11.19444444,124.38583333
PH,Philippines,Asia,South-Eastern Asia,08,Eastern Visayas,Balocawehay,10.72222222,124.96777778
PH,Philippines,Asia,South-Eastern Asia,08,Eastern Visayas,Balogo,10.88666667,124.71055556
PH,Philippines,Asia,South-Eastern Asia,08,Eastern Visayas,Bantiqui,10.92444444,124.41527778
PH,Philippines,Asia,South-Eastern Asia,08,Eastern Visayas,Basud,11.36638889,124.36305556
PH,Philippines,Asia,South-Eastern Asia,08,Eastern Visayas,Bilwang,10.88333333,124.46666667
PH,Philippines,Asia,South-Eastern Asia,08,Eastern Visayas,Bitanjuan,10.59555556,124.76638889
PH,Philippines,Asia,South-Eastern Asia,08,Eastern Visayas,Bugho,10.79222222,124.93638889
PH,Philippines,Asia,South-Eastern Asia,08,Eastern Visayas,Bugko,12.53555556,124.79222222
PH,Philippines,Asia,South-Eastern Asia,08,Eastern Visayas,Bunga,11.48388889,124.59166667
PH,Philippines,Asia,South-Eastern Asia,08,Eastern Visayas,Butazon,11.30722222,124.46194444
PH,Philippines,Asia,South-Eastern Asia,08,Eastern Visayas,Cabacuñgan,10.93333333,124.98166667
PH,Philippines,Asia,South-Eastern Asia,08,Eastern Visayas,Cabay,11.44555556,125.49333333
PH,Philippines,Asia,South-Eastern Asia,08,Eastern Visayas,Cabodiongan,12.66416667,125.04555556
PH,Philippines,Asia,South-Eastern Asia,08,Eastern Visayas,Cagamotan,12.35583333,125.28388889
PH,Philippines,Asia,South-Eastern Asia,08,Eastern Visayas,Calape,11.9425,125.02138889
PH,Philippines,Asia,South-Eastern Asia,08,Eastern Visayas,Calbayog,12.06666667,124.6
PH,Philippines,Asia,South-Eastern Asia,08,Eastern Visayas,Canhandugan,11.135,124.77972222
PH,Philippines,Asia,South-Eastern Asia,08,Eastern Visayas,Caraycaray,11.555,124.415
PH,Philippines,Asia,South-Eastern Asia,08,Eastern Visayas,Caridad,10.83138889,124.75166667
PH,Philippines,Asia,South-Eastern Asia,08,Eastern Visayas,Cavite,11.21472222,124.82305556
PH,Philippines,Asia,South-Eastern Asia,08,Eastern Visayas,Consuegra,11.2975,124.5125
PH,Philippines,Asia,South-Eastern Asia,08,Eastern Visayas,Culasian,11.30694444,124.61055556
PH,Philippines,Asia,South-Eastern Asia,08,Eastern Visayas,Dapdap,12.06194444,125.48805556
PH,Philippines,Asia,South-Eastern Asia,08,Eastern Visayas,Doos,10.46527778,124.72944444
PH,Philippines,Asia,South-Eastern Asia,08,Eastern Visayas,Erenas,12.42444444,124.32388889
PH,Philippines,Asia,South-Eastern Asia,08,Eastern Visayas,Gabas,10.72972222,124.79611111
PH,Philippines,Asia,South-Eastern Asia,08,Eastern Visayas,Ginabuyan,11.23833333,124.40472222
PH,Philippines,Asia,South-Eastern Asia,08,Eastern Visayas,Gubang,10.64,124.86805556
PH,Philippines,Asia,South-Eastern Asia,08,Eastern Visayas,Guindapunan,11.30277778,124.70583333
PH,Philippines,Asia,South-Eastern Asia,08,Eastern Visayas,Guirang,11.35,125.11666667
PH,Philippines,Asia,South-Eastern Asia,08,Eastern Visayas,Hingatungan,10.58388889,125.18527778
PH,Philippines,Asia,South-Eastern Asia,08,Eastern Visayas,Hipadpad,12.28555556,125.23611111
PH,Philippines,Asia,South-Eastern Asia,08,Eastern Visayas,Hipasngo,10.6625,124.80861111
PH,Philippines,Asia,South-Eastern Asia,08,Eastern Visayas,Ibarra,10.12472222,124.88416667
PH,Philippines,Asia,South-Eastern Asia,08,Eastern Visayas,Inangatan,11.2601356,124.3927867
PH,Philippines,Asia,South-Eastern Asia,08,Eastern Visayas,Ipil,11.0001,124.5212
PH,Philippines,Asia,South-Eastern Asia,08,Eastern Visayas,Jubasan,12.48444444,124.28722222
PH,Philippines,Asia,South-Eastern Asia,08,Eastern Visayas,Kabuynan,11.08055556,125.02472222
PH,Philippines,Asia,South-Eastern Asia,08,Eastern Visayas,Kampokpok,11.29611111,124.405
PH,Philippines,Asia,South-Eastern Asia,08,Eastern Visayas,Kilim,10.71166667,124.79666667
PH,Philippines,Asia,South-Eastern Asia,08,Eastern Visayas,Lalauigan,11.58916667,125.46972222
PH,Philippines,Asia,South-Eastern Asia,08,Eastern Visayas,Lamak,10.39972222,124.73888889
PH,Philippines,Asia,South-Eastern Asia,08,Eastern Visayas,Lao,11.0190627,124.5597978
PH,Philippines,Asia,South-Eastern Asia,08,Eastern Visayas,Libas,10.93888889,124.545
PH,Philippines,Asia,South-Eastern Asia,08,Eastern Visayas,Liberty,10.87416667,125.0025
PH,Philippines,Asia,South-Eastern Asia,08,Eastern Visayas,Lim-oo,11.15083333,124.63083333
PH,Philippines,Asia,South-Eastern Asia,08,Eastern Visayas,Limon,11.28888889,124.56722222
PH,Philippines,Asia,South-Eastern Asia,08,Eastern Visayas,Lubi,10.96666667,124.78333333
PH,Philippines,Asia,South-Eastern Asia,08,Eastern Visayas,Mahagnao,10.98333,124.88333
PH,Philippines,Asia,South-Eastern Asia,08,Eastern Visayas,Makiwalo,12.51,124.70611111
PH,Philippines,Asia,South-Eastern Asia,08,Eastern Visayas,Malaga,12.23694444,124.37527778
PH,Philippines,Asia,South-Eastern Asia,08,Eastern Visayas,Malajog,12.11027778,124.47916667
PH,Philippines,Asia,South-Eastern Asia,08,Eastern Visayas,Mantang,11.87,125.42833333
PH,Philippines,Asia,South-Eastern Asia,08,Eastern Visayas,Margen,11.0165978,124.530545
PH,Philippines,Asia,South-Eastern Asia,08,Eastern Visayas,Masarayao,11.08972222,124.6175
PH,Philippines,Asia,South-Eastern Asia,08,Eastern Visayas,Matlang,10.89027778,124.45527778
PH,Philippines,Asia,South-Eastern Asia,08,Eastern Visayas,Maypangdan,11.65194444,125.45027778
PH,Philippines,Asia,South-Eastern Asia,08,Eastern Visayas,Naghalin,11.14555556,124.56722222
PH,Philippines,Asia,South-Eastern Asia,08,Eastern Visayas,Napuro,12.02722222,124.70833333
PH,Philippines,Asia,South-Eastern Asia,08,Eastern Visayas,Nena,11.76583333,125.41777778
PH,Philippines,Asia,South-Eastern Asia,08,Eastern Visayas,Nenita,12.49166667,124.80444444
PH,Philippines,Asia,South-Eastern Asia,08,Eastern Visayas,Palanit,12.32138889,124.34333333
PH,Philippines,Asia,South-Eastern Asia,08,Eastern Visayas,Palaroo,11.40555556,124.48305556
PH,Philippines,Asia,South-Eastern Asia,08,Eastern Visayas,Palhi,10.64972222,124.80611111
PH,Philippines,Asia,South-Eastern Asia,08,Eastern Visayas,Panalanoy,11.25111111,125.00638889
PH,Philippines,Asia,South-Eastern Asia,08,Eastern Visayas,Pangdan,11.79166667,124.87722222
PH,Philippines,Asia,South-Eastern Asia,08,Eastern Visayas,Pangpang,12.56916667,125.07388889
PH,Philippines,Asia,South-Eastern Asia,08,Eastern Visayas,Pasay,10.11443,124.89563
PH,Philippines,Asia,South-Eastern Asia,08,Eastern Visayas,Patong,12.33638889,125.28527778
PH,Philippines,Asia,South-Eastern Asia,08,Eastern Visayas,Pawing,11.18,125.00277778
PH,Philippines,Asia,South-Eastern Asia,08,Eastern Visayas,Piña,12.19083333,124.40138889
PH,Philippines,Asia,South-Eastern Asia,08,Eastern Visayas,Pinamopoan,11.31472222,124.57388889
PH,Philippines,Asia,South-Eastern Asia,08,Eastern Visayas,Pinangomhan,11.48944444,124.46166667
PH,Philippines,Asia,South-Eastern Asia,08,Eastern Visayas,Polahongon,10.52888889,124.96944444
PH,Philippines,Asia,South-Eastern Asia,08,Eastern Visayas,Polañge,12.39666667,124.63111111
PH,Philippines,Asia,South-Eastern Asia,08,Eastern Visayas,Puerto Bello,10.97333333,124.535
PH,Philippines,Asia,South-Eastern Asia,08,Eastern Visayas,Sabang,12.07472222,124.54138889
PH,Philippines,Asia,South-Eastern Asia,08,Eastern Visayas,Salvacion,12.615,125.03888889
PH,Philippines,Asia,South-Eastern Asia,08,Eastern Visayas,San Eduardo,12.16777778,125.45027778
PH,Philippines,Asia,South-Eastern Asia,08,Eastern Visayas,San Policarpio,12.06861111,124.56944444
PH,Philippines,Asia,South-Eastern Asia,08,Eastern Visayas,Siguinon,10.94222222,124.68055556
PH,Philippines,Asia,South-Eastern Asia,08,Eastern Visayas,Silanga,11.81805556,124.84305556
PH,Philippines,Asia,South-Eastern Asia,08,Eastern Visayas,Sulangan,10.93611111,125.82638889
PH,Philippines,Asia,South-Eastern Asia,08,Eastern Visayas,Tabing,11.3590097,124.3604865
PH,Philippines,Asia,South-Eastern Asia,08,Eastern Visayas,Tagbubungang Diot,11.12583333,124.40277778
PH,Philippines,Asia,South-Eastern Asia,08,Eastern Visayas,Tibur,11.1756,124.3869
PH,Philippines,Asia,South-Eastern Asia,08,Eastern Visayas,Tinambacan,12.09416667,124.5025
PH,Philippines,Asia,South-Eastern Asia,08,Eastern Visayas,Tucdao,11.70111111,124.47194444
PH,Philippines,Asia,South-Eastern Asia,08,Eastern Visayas,Tugbong,11.01666667,124.6
PH,Philippines,Asia,South-Eastern Asia,08,Eastern Visayas,Tutubigan,11.83972222,125.06138889
PH,Philippines,Asia,South-Eastern Asia,08,Eastern Visayas,Umaganhan,11.32916667,124.37694444
PH,Philippines,Asia,South-Eastern Asia,08,Eastern Visayas,Viriato,12.29027778,124.35333333
PH,Philippines,Asia,South-Eastern Asia,08,Eastern Visayas,Wright,11.77027778,125.02194444
PH,Philippines,Asia,South-Eastern Asia,GUI,Guimaras,Buenavista,10.6904577,122.5810241
PH,Philippines,Asia,South-Eastern Asia,GUI,Guimaras,Jordan,10.6093052,122.4874466
PH,Philippines,Asia,South-Eastern Asia,GUI,Guimaras,Nueva Valencia,10.430144,122.4605615
PH,Philippines,Asia,South-Eastern Asia,GUI,Guimaras,San Lorenzo,10.5943259,122.5841217
PH,Philippines,Asia,South-Eastern Asia,GUI,Guimaras,Sibunag,10.4882172,122.4747973
PH,Philippines,Asia,South-Eastern Asia,IFU,Ifugao,Aguinaldo,16.928782,121.171676
PH,Philippines,Asia,South-Eastern Asia,IFU,Ifugao,Alfonso Lista,16.940647,121.3202032
PH,Philippines,Asia,South-Eastern Asia,IFU,Ifugao,Asipulo,16.6900655,120.9855184
PH,Philippines,Asia,South-Eastern Asia,IFU,Ifugao,Banaue,16.9432352,121.0174474
PH,Philippines,Asia,South-Eastern Asia,IFU,Ifugao,Hingyon,16.8568078,121.0041677
PH,Philippines,Asia,South-Eastern Asia,IFU,Ifugao,Hungduan,16.8822007,120.8913166
PH,Philippines,Asia,South-Eastern Asia,IFU,Ifugao,Kiangan,16.7702828,121.011922
PH,Philippines,Asia,South-Eastern Asia,IFU,Ifugao,Lagawe,16.7854621,121.0452017
PH,Philippines,Asia,South-Eastern Asia,IFU,Ifugao,Lamut,16.6963125,121.1331901
PH,Philippines,Asia,South-Eastern Asia,IFU,Ifugao,Mayoyao,16.8724466,121.0888385
PH,Philippines,Asia,South-Eastern Asia,IFU,Ifugao,Tinoc,16.6979409,120.877243
PH,Philippines,Asia,South-Eastern Asia,01,Ilocos,Acao,16.52556,120.37639
PH,Philippines,Asia,South-Eastern Asia,01,Ilocos,Alac,15.9877,120.8065
PH,Philippines,Asia,South-Eastern Asia,01,Ilocos,Allangigan Primero,17.17393,120.49195
PH,Philippines,Asia,South-Eastern Asia,01,Ilocos,Aloleng,16.1307,119.7824
PH,Philippines,Asia,South-Eastern Asia,01,Ilocos,Amagbagan,16.0914,120.5232
PH,Philippines,Asia,South-Eastern Asia,01,Ilocos,Anambongan,15.86634,120.38858
PH,Philippines,Asia,South-Eastern Asia,01,Ilocos,Angatel,15.80589,120.34326
PH,Philippines,Asia,South-Eastern Asia,01,Ilocos,Anulid,15.82563,120.48834
PH,Philippines,Asia,South-Eastern Asia,01,Ilocos,Baay,18.1188,120.5753
PH,Philippines,Asia,South-Eastern Asia,01,Ilocos,Bacag,15.93,120.58222
PH,Philippines,Asia,South-Eastern Asia,01,Ilocos,Bacnar,15.88641,120.34419
PH,Philippines,Asia,South-Eastern Asia,01,Ilocos,Bactad Proper,15.97842,120.61026
PH,Philippines,Asia,South-Eastern Asia,01,Ilocos,Bacundao Weste,15.91536,120.47668
PH,Philippines,Asia,South-Eastern Asia,01,Ilocos,Bail,16.2867,120.4004
PH,Philippines,Asia,South-Eastern Asia,01,Ilocos,Balingasay,16.3573,119.8564
PH,Philippines,Asia,South-Eastern Asia,01,Ilocos,Balingueo,15.9583,120.40973
PH,Philippines,Asia,South-Eastern Asia,01,Ilocos,Balogo,15.99032,120.28302
PH,Philippines,Asia,South-Eastern Asia,01,Ilocos,Baluyot,15.79586,120.46088
PH,Philippines,Asia,South-Eastern Asia,01,Ilocos,Bangan-Oda,16.1087,119.8307
PH,Philippines,Asia,South-Eastern Asia,01,Ilocos,Banog Sur,16.16542,119.89802
PH,Philippines,Asia,South-Eastern Asia,01,Ilocos,Bantog,16.0091,120.6929
PH,Philippines,Asia,South-Eastern Asia,01,Ilocos,Barangobong,15.87778,120.54833
PH,Philippines,Asia,South-Eastern Asia,01,Ilocos,Baro,15.99895,120.6735
PH,Philippines,Asia,South-Eastern Asia,01,Ilocos,Barong,18.0576,120.734
PH,Philippines,Asia,South-Eastern Asia,01,Ilocos,Basing,15.98505,120.26831
PH,Philippines,Asia,South-Eastern Asia,01,Ilocos,Batac City,18.0554,120.56489
PH,Philippines,Asia,South-Eastern Asia,01,Ilocos,Bataquil,16.15528,120.5275
PH,Philippines,Asia,South-Eastern Asia,01,Ilocos,Bayaoas,15.83404,120.26478
PH,Philippines,Asia,South-Eastern Asia,01,Ilocos,Bical Norte,15.81471,120.43509
PH,Philippines,Asia,South-Eastern Asia,01,Ilocos,Bil-Loca,18.0875,120.5687
PH,Philippines,Asia,South-Eastern Asia,01,Ilocos,Binabalian,16.4202,119.9279
PH,Philippines,Asia,South-Eastern Asia,01,Ilocos,Binday,16.12812,120.45238
PH,Philippines,Asia,South-Eastern Asia,01,Ilocos,Bobonan,16.1348,120.5271
PH,Philippines,Asia,South-Eastern Asia,01,Ilocos,Bogtong,15.75536,120.32899
PH,Philippines,Asia,South-Eastern Asia,01,Ilocos,Bolaoit,15.93218,120.43073
PH,Philippines,Asia,South-Eastern Asia,01,Ilocos,Bolingit,15.95873,120.3496
PH,Philippines,Asia,South-Eastern Asia,01,Ilocos,Bolo,15.9948,120.1647
PH,Philippines,Asia,South-Eastern Asia,01,Ilocos,Boñgalon,16.00022,120.15904
PH,Philippines,Asia,South-Eastern Asia,01,Ilocos,Botao,15.91667,120.41667
PH,Philippines,Asia,South-Eastern Asia,01,Ilocos,Bued,16.16086,119.9988
PH,Philippines,Asia,South-Eastern Asia,01,Ilocos,Buenlag,15.82976,120.51139
PH,Philippines,Asia,South-Eastern Asia,01,Ilocos,Bulog,15.9602,120.4017
PH,Philippines,Asia,South-Eastern Asia,01,Ilocos,Butubut Norte,16.8034,120.4344
PH,Philippines,Asia,South-Eastern Asia,01,Ilocos,Caabiangan,16.0874,119.9245
PH,Philippines,Asia,South-Eastern Asia,01,Ilocos,Cabalaoangan,15.98333,120.78333
PH,Philippines,Asia,South-Eastern Asia,01,Ilocos,Cabalitian,16.0883,120.7922
PH,Philippines,Asia,South-Eastern Asia,01,Ilocos,Cabittaogan,17.57788,120.35914
PH,Philippines,Asia,South-Eastern Asia,01,Ilocos,Cabungan,16.33999,119.9949
PH,Philippines,Asia,South-Eastern Asia,01,Ilocos,Calepaan,16.0195,120.619
PH,Philippines,Asia,South-Eastern Asia,01,Ilocos,Callaguip,18.07139,120.48667
PH,Philippines,Asia,South-Eastern Asia,01,Ilocos,Calomboyan,15.94652,120.30348
PH,Philippines,Asia,South-Eastern Asia,01,Ilocos,Calongbuyan,17.16478,120.42716
PH,Philippines,Asia,South-Eastern Asia,01,Ilocos,Calsib,15.84711,120.26412
PH,Philippines,Asia,South-Eastern Asia,01,Ilocos,Camaley,15.99724,120.30107
PH,Philippines,Asia,South-Eastern Asia,01,Ilocos,Canan Norte,15.90986,120.47763
PH,Philippines,Asia,South-Eastern Asia,01,Ilocos,Canaoalan,16.02902,120.29641
PH,Philippines,Asia,South-Eastern Asia,01,Ilocos,Cantoria,16.8441,120.4045
PH,Philippines,Asia,South-Eastern Asia,01,Ilocos,Capandanan,15.95943,120.69519
PH,Philippines,Asia,South-Eastern Asia,01,Ilocos,Capulaan,15.90497,120.53719
PH,Philippines,Asia,South-Eastern Asia,01,Ilocos,Caramutan,15.92074,120.61012
PH,Philippines,Asia,South-Eastern Asia,01,Ilocos,Caronoan West,16.2633,120.4463
PH,Philippines,Asia,South-Eastern Asia,01,Ilocos,Carot,16.34468,119.98005
PH,Philippines,Asia,South-Eastern Asia,01,Ilocos,Carriedo,16.031,120.7549
PH,Philippines,Asia,South-Eastern Asia,01,Ilocos,Carusucan,15.96589,120.63598
PH,Philippines,Asia,South-Eastern Asia,01,Ilocos,Catablan,15.9757,120.4953
PH,Philippines,Asia,South-Eastern Asia,01,Ilocos,Caterman,17.21738,120.42442
PH,Philippines,Asia,South-Eastern Asia,01,Ilocos,Cato,15.8362,119.9151
PH,Philippines,Asia,South-Eastern Asia,01,Ilocos,Catuday,16.2923,119.8062
PH,Philippines,Asia,South-Eastern Asia,01,Ilocos,Cayanga,16.11508,120.39875
PH,Philippines,Asia,South-Eastern Asia,01,Ilocos,Cayungnan,16.1332,119.8375
PH,Philippines,Asia,South-Eastern Asia,01,Ilocos,Comillas Norte,16.959,120.7469
PH,Philippines,Asia,South-Eastern Asia,01,Ilocos,Corrooy,16.7962,120.4453
PH,Philippines,Asia,South-Eastern Asia,01,Ilocos,Dagup,16.63722,120.44556
PH,Philippines,Asia,South-Eastern Asia,01,Ilocos,Damortis,16.24051,120.40565
PH,Philippines,Asia,South-Eastern Asia,01,Ilocos,Darapidap,17.20007,120.41802
PH,Philippines,Asia,South-Eastern Asia,01,Ilocos,Davila,18.4726,120.5763
PH,Philippines,Asia,South-Eastern Asia,01,Ilocos,Diaz,15.8463,120.8347
PH,Philippines,Asia,South-Eastern Asia,01,Ilocos,Dilan,16.0879,120.5207
PH,Philippines,Asia,South-Eastern Asia,01,Ilocos,Domalanoan,16.00292,120.21154
PH,Philippines,Asia,South-Eastern Asia,01,Ilocos,Don Pedro,15.88518,120.43036
PH,Philippines,Asia,South-Eastern Asia,01,Ilocos,Dorongan Punta,15.81476,120.32266
PH,Philippines,Asia,South-Eastern Asia,01,Ilocos,Doyong,15.97224,120.35386
PH,Philippines,Asia,South-Eastern Asia,01,Ilocos,Dulig,16.00212,120.16864
PH,Philippines,Asia,South-Eastern Asia,01,Ilocos,Dumpay,15.88295,120.38899
PH,Philippines,Asia,South-Eastern Asia,01,Ilocos,Eguia,15.9065,119.8858
PH,Philippines,Asia,South-Eastern Asia,01,Ilocos,Esmeralda,15.86722,120.715
PH,Philippines,Asia,South-Eastern Asia,01,Ilocos,Espiritu,17.9809,120.6569
PH,Philippines,Asia,South-Eastern Asia,01,Ilocos,Fuerte,17.53418,120.3695
PH,Philippines,Asia,South-Eastern Asia,01,Ilocos,Gayaman,16.01402,120.30757
PH,Philippines,Asia,South-Eastern Asia,01,Ilocos,Guiling,15.84295,120.61513
PH,Philippines,Asia,South-Eastern Asia,01,Ilocos,Guiset East,16.06667,120.68333
PH,Philippines,Asia,South-Eastern Asia,01,Ilocos,Hacienda,15.936,120.1786
PH,Philippines,Asia,South-Eastern Asia,01,Ilocos,Halog West,16.3668,120.4147
PH,Philippines,Asia,South-Eastern Asia,01,Ilocos,Ilioilio,15.9616,119.7658
PH,Philippines,Asia,South-Eastern Asia,01,Ilocos,Inabaan Sur,16.263,120.4781
PH,Philippines,Asia,South-Eastern Asia,01,Ilocos,Isla,15.89507,120.30137
PH,Philippines,Asia,South-Eastern Asia,01,Ilocos,Labayug,16.1528,120.5661
PH,Philippines,Asia,South-Eastern Asia,01,Ilocos,Labney,16.1028,120.4655
PH,Philippines,Asia,South-Eastern Asia,01,Ilocos,Lagasit,15.9934,120.794
PH,Philippines,Asia,South-Eastern Asia,01,Ilocos,Laguit Centro,15.9472,120.1904
PH,Philippines,Asia,South-Eastern Asia,01,Ilocos,Leones East,16.3633,120.3919
PH,Philippines,Asia,South-Eastern Asia,01,Ilocos,Lepa,15.88438,120.45089
PH,Philippines,Asia,South-Eastern Asia,01,Ilocos,Libas,15.87789,120.31633
PH,Philippines,Asia,South-Eastern Asia,01,Ilocos,Linmansangan,15.8298,120.29593
PH,Philippines,Asia,South-Eastern Asia,01,Ilocos,Lloren,16.3331,120.4329
PH,Philippines,Asia,South-Eastern Asia,01,Ilocos,Lobong,16.0815,120.4704
PH,Philippines,Asia,South-Eastern Asia,01,Ilocos,Longos,16.10734,120.39658
PH,Philippines,Asia,South-Eastern Asia,01,Ilocos,Loqueb Este,15.94481,120.44607
PH,Philippines,Asia,South-Eastern Asia,01,Ilocos,Lucap,16.19038,120.00221
PH,Philippines,Asia,South-Eastern Asia,01,Ilocos,Lucero,16.4051,119.9124
PH,Philippines,Asia,South-Eastern Asia,01,Ilocos,Lunec,15.95395,120.48949
PH,Philippines,Asia,South-Eastern Asia,01,Ilocos,Lungog,17.4645,120.4784
PH,Philippines,Asia,South-Eastern Asia,01,Ilocos,Lusong,16.867,120.442
PH,Philippines,Asia,South-Eastern Asia,01,Ilocos,Mabilao,16.15351,120.42494
PH,Philippines,Asia,South-Eastern Asia,01,Ilocos,Mabilbila Sur,17.50709,120.441
PH,Philippines,Asia,South-Eastern Asia,01,Ilocos,Mabini,16.0699,119.9391
PH,Philippines,Asia,South-Eastern Asia,01,Ilocos,Mabusag,17.9261,120.4976
PH,Philippines,Asia,South-Eastern Asia,01,Ilocos,Macabuboni,16.1909,119.7802
PH,Philippines,Asia,South-Eastern Asia,01,Ilocos,Macalong,16.0137,120.6586
PH,Philippines,Asia,South-Eastern Asia,01,Ilocos,Macalva Norte,16.3485,120.3866
PH,Philippines,Asia,South-Eastern Asia,01,Ilocos,Macayug,16.09376,120.43201
PH,Philippines,Asia,South-Eastern Asia,01,Ilocos,Magtaking,15.9854,120.1832
PH,Philippines,Asia,South-Eastern Asia,01,Ilocos,Malabago,15.98154,120.35913
PH,Philippines,Asia,South-Eastern Asia,01,Ilocos,Malanay,16.00865,120.4094
PH,Philippines,Asia,South-Eastern Asia,01,Ilocos,Malawa,15.95804,120.27782
PH,Philippines,Asia,South-Eastern Asia,01,Ilocos,Malibong East,15.8466,120.3269
PH,Philippines,Asia,South-Eastern Asia,01,Ilocos,Mapolopolo,15.88087,120.37422
PH,Philippines,Asia,South-Eastern Asia,01,Ilocos,Maticmatic,15.9863,120.45192
PH,Philippines,Asia,South-Eastern Asia,01,Ilocos,Minien East,15.97723,120.48127
PH,Philippines,Asia,South-Eastern Asia,01,Ilocos,Nagbacalan,18.1159,120.5235
PH,Philippines,Asia,South-Eastern Asia,01,Ilocos,Nagsaing,15.98069,120.33787
PH,Philippines,Asia,South-Eastern Asia,01,Ilocos,Naguelguel,16.00585,120.26351
PH,Philippines,Asia,South-Eastern Asia,01,Ilocos,Naguilayan,16.00304,120.29108
PH,Philippines,Asia,South-Eastern Asia,01,Ilocos,Nalsian Norte,15.84476,120.45084
PH,Philippines,Asia,South-Eastern Asia,01,Ilocos,Nama,16.1412,120.5426
PH,Philippines,Asia,South-Eastern Asia,01,Ilocos,Namboongan,16.3033,120.3758
PH,Philippines,Asia,South-Eastern Asia,01,Ilocos,Nancalobasaan,15.9342,120.8426
PH,Philippines,Asia,South-Eastern Asia,01,Ilocos,Navatat,15.84971,120.39054
PH,Philippines,Asia,South-Eastern Asia,01,Ilocos,Nibaliw Central,16.1275,120.4027
PH,Philippines,Asia,South-Eastern Asia,01,Ilocos,Nilombot,16.0306,120.43685
PH,Philippines,Asia,South-Eastern Asia,01,Ilocos,Ninoy,15.8596,120.2478
PH,Philippines,Asia,South-Eastern Asia,01,Ilocos,Oaqui,16.8583,120.4124
PH,Philippines,Asia,South-Eastern Asia,01,Ilocos,Olea,15.86237,120.49366
PH,Philippines,Asia,South-Eastern Asia,01,Ilocos,Padong,18.05435,120.75427
PH,Philippines,Asia,South-Eastern Asia,01,Ilocos,Pagsanahan Norte,17.9193,120.4458
PH,Philippines,Asia,South-Eastern Asia,01,Ilocos,Paitan Este,16.08532,120.03164
PH,Philippines,Asia,South-Eastern Asia,01,Ilocos,Palacpalac,16.1312,120.5305
PH,Philippines,Asia,South-Eastern Asia,01,Ilocos,Paldit,16.16667,120.53333
PH,Philippines,Asia,South-Eastern Asia,01,Ilocos,Palguyod,16.1227,120.52
PH,Philippines,Asia,South-Eastern Asia,01,Ilocos,Pangapisan,16.216,119.957
PH,Philippines,Asia,South-Eastern Asia,01,Ilocos,Pangascasan,16.11691,120.08664
PH,Philippines,Asia,South-Eastern Asia,01,Ilocos,Pangpang,15.93875,120.30939
PH,Philippines,Asia,South-Eastern Asia,01,Ilocos,Paringao,16.57167,120.32417
PH,Philippines,Asia,South-Eastern Asia,01,Ilocos,Parioc Segundo,17.17503,120.46576
PH,Philippines,Asia,South-Eastern Asia,01,Ilocos,Pasibi West,15.8587,120.37935
PH,Philippines,Asia,South-Eastern Asia,01,Ilocos,Patayac,15.963,120.42251
PH,Philippines,Asia,South-Eastern Asia,01,Ilocos,Patpata Segundo,17.18333,120.43333
PH,Philippines,Asia,South-Eastern Asia,01,Ilocos,Payocpoc Sur,16.49444,120.32806
PH,Philippines,Asia,South-Eastern Asia,01,Ilocos,Pindangan Centro,15.86056,120.55139
PH,Philippines,Asia,South-Eastern Asia,01,Ilocos,Pogonsili,15.82048,120.26017
PH,Philippines,Asia,South-Eastern Asia,01,Ilocos,Polo,16.1963,119.9491
PH,Philippines,Asia,South-Eastern Asia,01,Ilocos,Polong,15.9771,120.2009
PH,Philippines,Asia,South-Eastern Asia,01,Ilocos,Polong Norte,15.903,120.42149
PH,Philippines,Asia,South-Eastern Asia,01,Ilocos,Pudoc,16.9215,120.4235
PH,Philippines,Asia,South-Eastern Asia,01,Ilocos,Pudoc North,17.6096,120.36852
PH,Philippines,Asia,South-Eastern Asia,01,Ilocos,Puelay,15.88683,120.57358
PH,Philippines,Asia,South-Eastern Asia,01,Ilocos,Puro Pinget,17.67967,120.35883
PH,Philippines,Asia,South-Eastern Asia,01,Ilocos,Quiling,18.06833,120.54389
PH,Philippines,Asia,South-Eastern Asia,01,Ilocos,Quinarayan,17.4441,120.4722
PH,Philippines,Asia,South-Eastern Asia,01,Ilocos,Quintong,15.95581,120.32171
PH,Philippines,Asia,South-Eastern Asia,01,Ilocos,Ranao,16.2076,119.8155
PH,Philippines,Asia,South-Eastern Asia,01,Ilocos,Rimus,16.8764,120.3966
PH,Philippines,Asia,South-Eastern Asia,01,Ilocos,Rissing,16.8752,120.4345
PH,Philippines,Asia,South-Eastern Asia,01,Ilocos,Sablig,16.26887,119.9877
PH,Philippines,Asia,South-Eastern Asia,01,Ilocos,Sagud-Bahley,16.11693,120.39105
PH,Philippines,Asia,South-Eastern Asia,01,Ilocos,Sagunto,16.2007,120.5149
PH,Philippines,Asia,South-Eastern Asia,01,Ilocos,Samon,15.93495,120.65074
PH,Philippines,Asia,South-Eastern Asia,01,Ilocos,San Eugenio,16.3598,120.357
PH,Philippines,Asia,South-Eastern Asia,01,Ilocos,San Gabriel First,15.7665,120.45655
PH,Philippines,Asia,South-Eastern Asia,01,Ilocos,San Pedro Apartado,15.83702,120.56521
PH,Philippines,Asia,South-Eastern Asia,01,Ilocos,Sanlibo,15.91667,120.55
PH,Philippines,Asia,South-Eastern Asia,01,Ilocos,Sonquil,15.98814,120.39057
PH,Philippines,Asia,South-Eastern Asia,01,Ilocos,Subusub,16.22689,120.49513
PH,Philippines,Asia,South-Eastern Asia,01,Ilocos,Sumabnit,16.0303,120.5832
PH,Philippines,Asia,South-Eastern Asia,01,Ilocos,Suso,17.3594,120.4611
PH,Philippines,Asia,South-Eastern Asia,01,Ilocos,Tablac,17.21568,120.45428
PH,Philippines,Asia,South-Eastern Asia,01,Ilocos,Tabug,18.0343,120.5488
PH,Philippines,Asia,South-Eastern Asia,01,Ilocos,Talospatang,15.91701,120.44141
PH,Philippines,Asia,South-Eastern Asia,01,Ilocos,Taloy,15.9241,120.39649
PH,Philippines,Asia,South-Eastern Asia,01,Ilocos,Tamayo,15.87746,120.28455
PH,Philippines,Asia,South-Eastern Asia,01,Ilocos,Tamorong,17.33333,120.43333
PH,Philippines,Asia,South-Eastern Asia,01,Ilocos,Tandoc,15.95929,120.32914
PH,Philippines,Asia,South-Eastern Asia,01,Ilocos,Tanolong,15.80411,120.41409
PH,Philippines,Asia,South-Eastern Asia,01,Ilocos,Tebag East,15.98123,120.4674
PH,Philippines,Asia,South-Eastern Asia,01,Ilocos,Telbang,16.17241,120.06074
PH,Philippines,Asia,South-Eastern Asia,01,Ilocos,Tiep,16.2382,119.8609
PH,Philippines,Asia,South-Eastern Asia,01,Ilocos,Toboy,16.0271,120.6369
PH,Philippines,Asia,South-Eastern Asia,01,Ilocos,Tobuan,16.05562,120.11024
PH,Philippines,Asia,South-Eastern Asia,01,Ilocos,Tococ East,15.82498,120.42605
PH,Philippines,Asia,South-Eastern Asia,01,Ilocos,Tocok,16.1362303,120.4153087
PH,Philippines,Asia,South-Eastern Asia,01,Ilocos,Tombod,15.93168,120.56721
PH,Philippines,Asia,South-Eastern Asia,01,Ilocos,Tondol,16.3104,120.0131
PH,Philippines,Asia,South-Eastern Asia,01,Ilocos,Toritori,16.23827,119.99561
PH,Philippines,Asia,South-Eastern Asia,01,Ilocos,Umanday Centro,15.938,120.2153
PH,Philippines,Asia,South-Eastern Asia,01,Ilocos,Unzad,15.91889,120.53917
PH,Philippines,Asia,South-Eastern Asia,01,Ilocos,Uyong,16.05002,120.12074
PH,Philippines,Asia,South-Eastern Asia,ILN,Ilocos Norte,Adams,18.4390296,120.8339414
PH,Philippines,Asia,South-Eastern Asia,ILN,Ilocos Norte,Bacarra,18.2583246,120.5287008
PH,Philippines,Asia,South-Eastern Asia,ILN,Ilocos Norte,Badoc,17.9102252,120.4179833
PH,Philippines,Asia,South-Eastern Asia,ILN,Ilocos Norte,Bangui,18.4672786,120.6710347
PH,Philippines,Asia,South-Eastern Asia,ILN,Ilocos Norte,Banna,17.9795023,120.5781658
PH,Philippines,Asia,South-Eastern Asia,ILN,Ilocos Norte,Batac,18.0321193,120.4923771
PH,Philippines,Asia,South-Eastern Asia,ILN,Ilocos Norte,Burgos,18.4635739,120.5609541
PH,Philippines,Asia,South-Eastern Asia,ILN,Ilocos Norte,Carasi,18.2305004,120.8012398
PH,Philippines,Asia,South-Eastern Asia,ILN,Ilocos Norte,Currimao,18.0189,120.4595935
PH,Philippines,Asia,South-Eastern Asia,ILN,Ilocos Norte,Dingras,18.0758887,120.6613349
PH,Philippines,Asia,South-Eastern Asia,ILN,Ilocos Norte,Dumalneg,18.4730842,120.7963665
PH,Philippines,Asia,South-Eastern Asia,ILN,Ilocos Norte,Laoag,18.1982694,120.5152743
PH,Philippines,Asia,South-Eastern Asia,ILN,Ilocos Norte,Marcos,18.0298867,120.6193144
PH,Philippines,Asia,South-Eastern Asia,ILN,Ilocos Norte,Nueva Era,17.9502159,120.4144059
PH,Philippines,Asia,South-Eastern Asia,ILN,Ilocos Norte,Pagudpud,18.565987,120.7117979
PH,Philippines,Asia,South-Eastern Asia,ILN,Ilocos Norte,Paoay,18.0779603,120.4748049
PH,Philippines,Asia,South-Eastern Asia,ILN,Ilocos Norte,Pasuquin,18.3842681,120.5522344
PH,Philippines,Asia,South-Eastern Asia,ILN,Ilocos Norte,Piddig,18.1930014,120.684553
PH,Philippines,Asia,South-Eastern Asia,ILN,Ilocos Norte,Pinili,17.9453387,120.4587531
PH,Philippines,Asia,South-Eastern Asia,ILN,Ilocos Norte,San Nicolas,18.1432847,120.5518199
PH,Philippines,Asia,South-Eastern Asia,ILN,Ilocos Norte,Sarrat,18.1092129,120.5688988
PH,Philippines,Asia,South-Eastern Asia,ILN,Ilocos Norte,Solsona,18.1210498,120.6781872
PH,Philippines,Asia,South-Eastern Asia,ILN,Ilocos Norte,Vintar,18.3183655,120.6255884
PH,Philippines,Asia,South-Eastern Asia,ILS,Ilocos Sur,Alilem,16.8929894,120.508686
PH,Philippines,Asia,South-Eastern Asia,ILS,Ilocos Sur,Banayoyo,17.2390159,120.4573743
PH,Philippines,Asia,South-Eastern Asia,ILS,Ilocos Sur,Bantay,17.599499,120.3622466
PH,Philippines,Asia,South-Eastern Asia,ILS,Ilocos Sur,Burgos,17.3183147,120.4775923
PH,Philippines,Asia,South-Eastern Asia,ILS,Ilocos Sur,Cabugao,17.7853133,120.3804227
PH,Philippines,Asia,South-Eastern Asia,ILS,Ilocos Sur,Candon,17.1909027,120.3907334
PH,Philippines,Asia,South-Eastern Asia,ILS,Ilocos Sur,Caoayan,17.5294598,120.3523251
PH,Philippines,Asia,South-Eastern Asia,ILS,Ilocos Sur,Cervantes,16.9935615,120.6134423
PH,Philippines,Asia,South-Eastern Asia,ILS,Ilocos Sur,Galimuyod,17.1882241,120.435514
PH,Philippines,Asia,South-Eastern Asia,ILS,Ilocos Sur,Gregorio del Pilar,17.1354858,120.5639638
PH,Philippines,Asia,South-Eastern Asia,ILS,Ilocos Sur,Lidlidda,17.2565157,120.4934291
PH,Philippines,Asia,South-Eastern Asia,ILS,Ilocos Sur,Magsingal,17.6831155,120.357919
PH,Philippines,Asia,South-Eastern Asia,ILS,Ilocos Sur,Nagbukel,17.4448403,120.5012645
PH,Philippines,Asia,South-Eastern Asia,ILS,Ilocos Sur,Narvacan,17.4459945,120.4153827
PH,Philippines,Asia,South-Eastern Asia,ILS,Ilocos Sur,Quirino,17.1268773,120.5783312
PH,Philippines,Asia,South-Eastern Asia,ILS,Ilocos Sur,Salcedo,17.1226328,120.4589873
PH,Philippines,Asia,South-Eastern Asia,ILS,Ilocos Sur,San Emilio,17.2530138,120.5311736
PH,Philippines,Asia,South-Eastern Asia,ILS,Ilocos Sur,San Esteban,17.3283942,120.4108322
PH,Philippines,Asia,South-Eastern Asia,ILS,Ilocos Sur,San Ildefonso,17.6166688,120.3702745
PH,Philippines,Asia,South-Eastern Asia,ILS,Ilocos Sur,San Juan,17.7326779,120.3881181
PH,Philippines,Asia,South-Eastern Asia,ILS,Ilocos Sur,San Vicente,17.6109371,120.3463358
PH,Philippines,Asia,South-Eastern Asia,ILS,Ilocos Sur,Santa,17.5118919,120.4018871
PH,Philippines,Asia,South-Eastern Asia,ILS,Ilocos Sur,Santa Catalina,17.5891546,120.3401616
PH,Philippines,Asia,South-Eastern Asia,ILS,Ilocos Sur,Santa Cruz,17.04288,120.4259854
PH,Philippines,Asia,South-Eastern Asia,ILS,Ilocos Sur,Santa Lucia,17.1249225,120.3959097
PH,Philippines,Asia,South-Eastern Asia,ILS,Ilocos Sur,Santa Maria,17.3686454,120.5008124
PH,Philippines,Asia,South-Eastern Asia,ILS,Ilocos Sur,Santiago,17.2740162,120.4224058
PH,Philippines,Asia,South-Eastern Asia,ILS,Ilocos Sur,Santo Domingo,17.6451971,120.4266464
PH,Philippines,Asia,South-Eastern Asia,ILS,Ilocos Sur,Sigay,17.0379689,120.5177411
PH,Philippines,Asia,South-Eastern Asia,ILS,Ilocos Sur,Sinait,17.8619996,120.4029049
PH,Philippines,Asia,South-Eastern Asia,ILS,Ilocos Sur,Sugpon,16.7660595,120.4847821
PH,Philippines,Asia,South-Eastern Asia,ILS,Ilocos Sur,Suyo,16.9937298,120.4798897
PH,Philippines,Asia,South-Eastern Asia,ILS,Ilocos Sur,Tagudin,16.9467005,120.3801196
PH,Philippines,Asia,South-Eastern Asia,ILS,Ilocos Sur,Vigan,17.5636594,120.3100405
PH,Philippines,Asia,South-Eastern Asia,ILI,Iloilo,Ajuy,11.1202354,122.8806049
PH,Philippines,Asia,South-Eastern Asia,ILI,Iloilo,Alimodian,10.8709678,122.2028858
PH,Philippines,Asia,South-Eastern Asia,ILI,Iloilo,Anilao,11.0084993,122.6586588
PH,Philippines,Asia,South-Eastern Asia,ILI,Iloilo,Badiangan,10.9940533,122.4478587
PH,Philippines,Asia,South-Eastern Asia,ILI,Iloilo,Balasan,11.4610083,123.0445565
PH,Philippines,Asia,South-Eastern Asia,ILI,Iloilo,Banate,11.038493,122.710758
PH,Philippines,Asia,South-Eastern Asia,ILI,Iloilo,Barotac Nuevo,10.9136192,122.6401623
PH,Philippines,Asia,South-Eastern Asia,ILI,Iloilo,Barotac Viejo,11.0548327,122.7680929
PH,Philippines,Asia,South-Eastern Asia,ILI,Iloilo,Batad,11.4107342,123.0124959
PH,Philippines,Asia,South-Eastern Asia,ILI,Iloilo,Bingawan,11.20362,122.5479831
PH,Philippines,Asia,South-Eastern Asia,ILI,Iloilo,Cabatuan,10.8792622,122.4230966
PH,Philippines,Asia,South-Eastern Asia,ILI,Iloilo,Calinog,11.1670671,122.2435266
PH,Philippines,Asia,South-Eastern Asia,ILI,Iloilo,Carles,11.5331946,123.0579312
PH,Philippines,Asia,South-Eastern Asia,ILI,Iloilo,Concepcion,11.2365155,123.0357867
PH,Philippines,Asia,South-Eastern Asia,ILI,Iloilo,Dingle,11.0042863,122.5722702
PH,Philippines,Asia,South-Eastern Asia,ILI,Iloilo,Dueñas,11.0692386,122.5142916
PH,Philippines,Asia,South-Eastern Asia,ILI,Iloilo,Dumangas,10.8223299,122.6304634
PH,Philippines,Asia,South-Eastern Asia,ILI,Iloilo,Estancia,11.4596631,123.1126202
PH,Philippines,Asia,South-Eastern Asia,ILI,Iloilo,Guimbal,10.6960483,122.2672953
PH,Philippines,Asia,South-Eastern Asia,ILI,Iloilo,Igbaras,10.7531042,122.1577509
PH,Philippines,Asia,South-Eastern Asia,ILI,Iloilo,Iloilo,10.730078,122.4659689
PH,Philippines,Asia,South-Eastern Asia,ILI,Iloilo,Janiuay,10.9934118,122.2691069
PH,Philippines,Asia,South-Eastern Asia,ILI,Iloilo,Lambunao,11.090091,122.2551566
PH,Philippines,Asia,South-Eastern Asia,ILI,Iloilo,Leganes,10.7891807,122.5616279
PH,Philippines,Asia,South-Eastern Asia,ILI,Iloilo,Lemery,11.2066209,122.8426798
PH,Philippines,Asia,South-Eastern Asia,ILI,Iloilo,Leon,10.8199336,122.1569663
PH,Philippines,Asia,South-Eastern Asia,ILI,Iloilo,Maasin,10.9225467,122.2960242
PH,Philippines,Asia,South-Eastern Asia,ILI,Iloilo,Miagao,10.6869052,122.1144922
PH,Philippines,Asia,South-Eastern Asia,ILI,Iloilo,Mina,10.9494033,122.5255813
PH,Philippines,Asia,South-Eastern Asia,ILI,Iloilo,New Lucena,10.8777423,122.5327489
PH,Philippines,Asia,South-Eastern Asia,ILI,Iloilo,Oton,10.7265053,122.3870046
PH,Philippines,Asia,South-Eastern Asia,ILI,Iloilo,Passi,11.1586421,122.5203734
PH,Philippines,Asia,South-Eastern Asia,ILI,Iloilo,Pavia,10.7656412,122.4968603
PH,Philippines,Asia,South-Eastern Asia,ILI,Iloilo,Pototan,10.9195561,122.5535163
PH,Philippines,Asia,South-Eastern Asia,ILI,Iloilo,San Dionisio,11.3230052,123.002797
PH,Philippines,Asia,South-Eastern Asia,ILI,Iloilo,San Enrique,11.0997925,122.6288755
PH,Philippines,Asia,South-Eastern Asia,ILI,Iloilo,San Joaquin,10.580687,122.0055086
PH,Philippines,Asia,South-Eastern Asia,ILI,Iloilo,San Miguel,10.7818304,122.4167051
PH,Philippines,Asia,South-Eastern Asia,ILI,Iloilo,San Rafael,11.1385556,122.7549608
PH,Philippines,Asia,South-Eastern Asia,ILI,Iloilo,Santa Barbara,10.8193586,122.467023
PH,Philippines,Asia,South-Eastern Asia,ILI,Iloilo,Sara,11.2899229,122.9171808
PH,Philippines,Asia,South-Eastern Asia,ILI,Iloilo,Tigbauan,10.7166041,122.3339857
PH,Philippines,Asia,South-Eastern Asia,ILI,Iloilo,Tubungan,10.786582,122.1871908
PH,Philippines,Asia,South-Eastern Asia,ILI,Iloilo,Zarraga,10.8226719,122.5942029
PH,Philippines,Asia,South-Eastern Asia,ISA,Isabela,Alicia,16.8091822,121.5019962
PH,Philippines,Asia,South-Eastern Asia,ISA,Isabela,Angadanan,16.7795489,121.6222844
PH,Philippines,Asia,South-Eastern Asia,ISA,Isabela,Aurora,16.9766804,121.557779
PH,Philippines,Asia,South-Eastern Asia,ISA,Isabela,Benito Soliven,16.9019831,121.7505233
PH,Philippines,Asia,South-Eastern Asia,ISA,Isabela,Burgos,17.0559826,121.6548706
PH,Philippines,Asia,South-Eastern Asia,ISA,Isabela,Cabagan,17.3823023,121.4923104
PH,Philippines,Asia,South-Eastern Asia,ISA,Isabela,Cabatuan,16.9390416,121.6180845
PH,Philippines,Asia,South-Eastern Asia,ISA,Isabela,Cauayan,16.9039817,121.6263111
PH,Philippines,Asia,South-Eastern Asia,ISA,Isabela,Cordon,16.6896579,121.3760909
PH,Philippines,Asia,South-Eastern Asia,ISA,Isabela,Delfin Albano,17.2765059,121.6744384
PH,Philippines,Asia,South-Eastern Asia,ISA,Isabela,Dinapigue,16.6711896,122.0730242
PH,Philippines,Asia,South-Eastern Asia,ISA,Isabela,Divilacan,17.2881179,122.0143214
PH,Philippines,Asia,South-Eastern Asia,ISA,Isabela,Echague,16.647547,121.5061611
PH,Philippines,Asia,South-Eastern Asia,ISA,Isabela,Gamu,17.0782845,121.7304576
PH,Philippines,Asia,South-Eastern Asia,ISA,Isabela,Ilagan,17.1893171,121.7745859
PH,Philippines,Asia,South-Eastern Asia,ISA,Isabela,Jones,16.5290936,121.608986
PH,Philippines,Asia,South-Eastern Asia,ISA,Isabela,Luna,16.973251,121.6899416
PH,Philippines,Asia,South-Eastern Asia,ISA,Isabela,Maconacon,17.3705131,121.9747857
PH,Philippines,Asia,South-Eastern Asia,ISA,Isabela,Mallig,17.1808237,121.5321311
PH,Philippines,Asia,South-Eastern Asia,ISA,Isabela,Naguilian,17.0028038,121.7898356
PH,Philippines,Asia,South-Eastern Asia,ISA,Isabela,Quezon,17.3214888,121.533676
PH,Philippines,Asia,South-Eastern Asia,ISA,Isabela,Quirino,17.1547489,121.667615
PH,Philippines,Asia,South-Eastern Asia,ISA,Isabela,Ramon,16.7917268,121.4251646
PH,Philippines,Asia,South-Eastern Asia,ISA,Isabela,Reina Mercedes,17.0024506,121.7561129
PH,Philippines,Asia,South-Eastern Asia,ISA,Isabela,Roxas,17.0954926,121.5405574
PH,Philippines,Asia,South-Eastern Asia,ISA,Isabela,San Agustin,16.4675745,121.7082438
PH,Philippines,Asia,South-Eastern Asia,ISA,Isabela,San Guillermo,16.6914009,121.8132577
PH,Philippines,Asia,South-Eastern Asia,ISA,Isabela,San Isidro,16.7342229,121.5386188
PH,Philippines,Asia,South-Eastern Asia,ISA,Isabela,San Manuel,17.0271399,121.5427408
PH,Philippines,Asia,South-Eastern Asia,ISA,Isabela,San Mariano,16.8944811,121.8852278
PH,Philippines,Asia,South-Eastern Asia,ISA,Isabela,San Mateo,16.8783733,121.5178719
PH,Philippines,Asia,South-Eastern Asia,ISA,Isabela,San Pablo,17.4776643,121.673778
PH,Philippines,Asia,South-Eastern Asia,ISA,Isabela,Santa Maria,17.4697775,121.6386067
PH,Philippines,Asia,South-Eastern Asia,ISA,Isabela,Santiago City,16.6956149,121.3115732
PH,Philippines,Asia,South-Eastern Asia,ISA,Isabela,Santo Tomas,17.3807966,121.6598444
PH,Philippines,Asia,South-Eastern Asia,ISA,Isabela,Tumauini,17.2838493,121.7202119
PH,Philippines,Asia,South-Eastern Asia,KAL,Kalinga,Balbalan,17.5513783,120.9747374
PH,Philippines,Asia,South-Eastern Asia,KAL,Kalinga,Lubuagan,17.3143778,120.9131969
PH,Philippines,Asia,South-Eastern Asia,KAL,Kalinga,Pasil,17.3872611,120.9377847
PH,Philippines,Asia,South-Eastern Asia,KAL,Kalinga,Pinukpuk,17.5596861,121.2402547
PH,Philippines,Asia,South-Eastern Asia,KAL,Kalinga,Rizal,17.4923238,121.4949879
PH,Philippines,Asia,South-Eastern Asia,KAL,Kalinga,Tabuk,17.4150816,121.0842713
PH,Philippines,Asia,South-Eastern Asia,KAL,Kalinga,Tanudan,17.2683559,121.1090169
PH,Philippines,Asia,South-Eastern Asia,KAL,Kalinga,Tinglayan,17.2421775,120.9277854
PH,Philippines,Asia,South-Eastern Asia,LUN,La Union,Agoo,16.3361433,120.3286698
PH,Philippines,Asia,South-Eastern Asia,LUN,La Union,Aringay,16.4114687,120.3193757
PH,Philippines,Asia,South-Eastern Asia,LUN,La Union,Bacnotan,16.7411834,120.3019885
PH,Philippines,Asia,South-Eastern Asia,LUN,La Union,Bagulin,16.6025558,120.4134828
PH,Philippines,Asia,South-Eastern Asia,LUN,La Union,Balaoan,16.8040795,120.3090114
PH,Philippines,Asia,South-Eastern Asia,LUN,La Union,Bangar,16.8783847,120.3929589
PH,Philippines,Asia,South-Eastern Asia,LUN,La Union,Bauang,16.5193197,120.3057315
PH,Philippines,Asia,South-Eastern Asia,LUN,La Union,Burgos,16.5150447,120.4362477
PH,Philippines,Asia,South-Eastern Asia,LUN,La Union,Caba,16.4408826,120.303969
PH,Philippines,Asia,South-Eastern Asia,LUN,La Union,Luna,16.8398367,120.296311
PH,Philippines,Asia,South-Eastern Asia,LUN,La Union,Naguilian,16.5261968,120.3380037
PH,Philippines,Asia,South-Eastern Asia,LUN,La Union,Pugo,16.3206746,120.4002937
PH,Philippines,Asia,South-Eastern Asia,LUN,La Union,Rosario,16.2520897,120.3756291
PH,Philippines,Asia,South-Eastern Asia,LUN,La Union,San Fernando,16.6084183,120.2770591
PH,Philippines,Asia,South-Eastern Asia,LUN,La Union,San Gabriel,16.6784541,120.4086352
PH,Philippines,Asia,South-Eastern Asia,LUN,La Union,San Juan,16.6694209,120.2993658
PH,Philippines,Asia,South-Eastern Asia,LUN,La Union,Santo Tomas,16.2755721,120.3134363
PH,Philippines,Asia,South-Eastern Asia,LUN,La Union,Santol,16.7649215,120.4058232
PH,Philippines,Asia,South-Eastern Asia,LUN,La Union,Sudipen,16.8543984,120.4135426
PH,Philippines,Asia,South-Eastern Asia,LUN,La Union,Tubao,16.3490049,120.3831614
PH,Philippines,Asia,South-Eastern Asia,LAG,Laguna,Alaminos,14.0444754,121.20826
PH,Philippines,Asia,South-Eastern Asia,LAG,Laguna,Bay,14.1416632,121.2121788
PH,Philippines,Asia,South-Eastern Asia,LAG,Laguna,Biñan,14.3032377,121.0288872
PH,Philippines,Asia,South-Eastern Asia,LAG,Laguna,Cabuyao,14.252687,121.0319313
PH,Philippines,Asia,South-Eastern Asia,LAG,Laguna,Calamba,14.188341,121.0338302
PH,Philippines,Asia,South-Eastern Asia,LAG,Laguna,Calauan,14.1360142,121.2089571
PH,Philippines,Asia,South-Eastern Asia,LAG,Laguna,Cavinti,14.2510526,121.4718351
PH,Philippines,Asia,South-Eastern Asia,LAG,Laguna,Famy,14.4793853,121.431476
PH,Philippines,Asia,South-Eastern Asia,LAG,Laguna,Kalayaan,14.3357286,121.4661273
PH,Philippines,Asia,South-Eastern Asia,LAG,Laguna,Liliw,14.131947,121.4034711
PH,Philippines,Asia,South-Eastern Asia,LAG,Laguna,Los Baños,14.1547742,121.1780609
PH,Philippines,Asia,South-Eastern Asia,LAG,Laguna,Luisiana,14.1829971,121.4417513
PH,Philippines,Asia,South-Eastern Asia,LAG,Laguna,Lumban,14.3070284,121.3609325
PH,Philippines,Asia,South-Eastern Asia,LAG,Laguna,Magdalena,14.1994008,121.3920985
PH,Philippines,Asia,South-Eastern Asia,LAG,Laguna,Majayjay,14.1432514,121.4009817
PH,Philippines,Asia,South-Eastern Asia,LAG,Laguna,Nagcarlan,14.1422495,121.3287982
PH,Philippines,Asia,South-Eastern Asia,LAG,Laguna,Paete,14.3839534,121.4673692
PH,Philippines,Asia,South-Eastern Asia,LAG,Laguna,Pagsanjan,14.2483498,121.3787945
PH,Philippines,Asia,South-Eastern Asia,LAG,Laguna,Pakil,14.3836823,121.3805969
PH,Philippines,Asia,South-Eastern Asia,LAG,Laguna,Pangil,14.4114707,121.3845613
PH,Philippines,Asia,South-Eastern Asia,LAG,Laguna,Pila,14.2318075,121.3291847
PH,Philippines,Asia,South-Eastern Asia,LAG,Laguna,Rizal,14.0983632,121.362149
PH,Philippines,Asia,South-Eastern Asia,LAG,Laguna,San Pablo,14.0556904,121.2530038
PH,Philippines,Asia,South-Eastern Asia,LAG,Laguna,San Pedro,14.3490861,121.041149
PH,Philippines,Asia,South-Eastern Asia,LAG,Laguna,Santa Cruz,14.2652077,121.3596573
PH,Philippines,Asia,South-Eastern Asia,LAG,Laguna,Santa Maria,14.5090939,121.3411843
PH,Philippines,Asia,South-Eastern Asia,LAG,Laguna,Santa Rosa,14.2800212,121.0470243
PH,Philippines,Asia,South-Eastern Asia,LAG,Laguna,Siniloan,14.4337175,121.4456784
PH,Philippines,Asia,South-Eastern Asia,LAG,Laguna,Victoria,14.2114689,121.2948149
PH,Philippines,Asia,South-Eastern Asia,LAN,Lanao del Norte,Bacolod,8.1388443,123.9830321
PH,Philippines,Asia,South-Eastern Asia,LAN,Lanao del Norte,Baloi,8.0975291,124.132243
PH,Philippines,Asia,South-Eastern Asia,LAN,Lanao del Norte,Baroy,7.9798338,123.7342246
PH,Philippines,Asia,South-Eastern Asia,LAN,Lanao del Norte,Iligan City,8.1633248,124.0430753
PH,Philippines,Asia,South-Eastern Asia,LAN,Lanao del Norte,Kapatagan,7.8777331,123.6518485
PH,Philippines,Asia,South-Eastern Asia,LAN,Lanao del Norte,Kauswagan,8.1689673,124.0533462
PH,Philippines,Asia,South-Eastern Asia,LAN,Lanao del Norte,Kolambugan,8.0919783,123.7998235
PH,Philippines,Asia,South-Eastern Asia,LAN,Lanao del Norte,Lala,7.9484258,123.6819349
PH,Philippines,Asia,South-Eastern Asia,LAN,Lanao del Norte,Linamon,8.1688834,124.1178474
PH,Philippines,Asia,South-Eastern Asia,LAN,Lanao del Norte,Magsaysay,8.0281615,123.8368137
PH,Philippines,Asia,South-Eastern Asia,LAN,Lanao del Norte,Maigo,8.0999615,123.8947869
PH,Philippines,Asia,South-Eastern Asia,LAN,Lanao del Norte,Matungao,8.116495,124.1209619
PH,Philippines,Asia,South-Eastern Asia,LAN,Lanao del Norte,Munai,7.9587541,124.0088184
PH,Philippines,Asia,South-Eastern Asia,LAN,Lanao del Norte,Nunungan,7.8053032,123.7712456
PH,Philippines,Asia,South-Eastern Asia,LAN,Lanao del Norte,Pantao Ragat,8.058488,123.9290052
PH,Philippines,Asia,South-Eastern Asia,LAN,Lanao del Norte,Pantar,8.0686759,124.1397101
PH,Philippines,Asia,South-Eastern Asia,LAN,Lanao del Norte,Poona Piagapo,8.0937033,123.9884525
PH,Philippines,Asia,South-Eastern Asia,LAN,Lanao del Norte,Salvador,7.9130423,123.8205116
PH,Philippines,Asia,South-Eastern Asia,LAN,Lanao del Norte,Sapad,7.8321727,123.7936438
PH,Philippines,Asia,South-Eastern Asia,LAN,Lanao del Norte,Sultan Naga Dimaporo,7.789491,123.5661773
PH,Philippines,Asia,South-Eastern Asia,LAN,Lanao del Norte,Tagoloan,8.1467781,124.2292615
PH,Philippines,Asia,South-Eastern Asia,LAN,Lanao del Norte,Tangcal,7.9586773,123.8939018
PH,Philippines,Asia,South-Eastern Asia,LAN,Lanao del Norte,Tubod,7.9980205,123.7855728
PH,Philippines,Asia,South-Eastern Asia,LAS,Lanao del Sur,Amai Manabilang,7.7222002,124.550453
PH,Philippines,Asia,South-Eastern Asia,LAS,Lanao del Sur,Bacolod-Kalawi,7.8742835,124.0856478
PH,Philippines,Asia,South-Eastern Asia,LAS,Lanao del Sur,Balabagan,7.5422857,124.0709169
PH,Philippines,Asia,South-Eastern Asia,LAS,Lanao del Sur,Balindong,7.9127583,124.14299
PH,Philippines,Asia,South-Eastern Asia,LAS,Lanao del Sur,Bayang,7.7427096,124.1650119
PH,Philippines,Asia,South-Eastern Asia,LAS,Lanao del Sur,Binidayan,7.7626689,124.0827803
PH,Philippines,Asia,South-Eastern Asia,LAS,Lanao del Sur,Buadiposo-Buntong,7.9719849,124.3583536
PH,Philippines,Asia,South-Eastern Asia,LAS,Lanao del Sur,Bubong,8.0157373,124.3153506
PH,Philippines,Asia,South-Eastern Asia,LAS,Lanao del Sur,Butig,7.7114871,124.2271717
PH,Philippines,Asia,South-Eastern Asia,LAS,Lanao del Sur,Calanogas,7.7339015,123.9584359
PH,Philippines,Asia,South-Eastern Asia,LAS,Lanao del Sur,Ditsaan-Ramain,7.9908214,124.3247649
PH,Philippines,Asia,South-Eastern Asia,LAS,Lanao del Sur,Ganassi,7.8128246,124.0182544
PH,Philippines,Asia,South-Eastern Asia,LAS,Lanao del Sur,Kapai,8.1236207,124.2661629
PH,Philippines,Asia,South-Eastern Asia,LAS,Lanao del Sur,Kapatagan,7.4672275,124.0995199
PH,Philippines,Asia,South-Eastern Asia,LAS,Lanao del Sur,Lumba-Bayabao,7.7300672,124.3301563
PH,Philippines,Asia,South-Eastern Asia,LAS,Lanao del Sur,Lumbaca-Unayan,7.7272781,124.216704
PH,Philippines,Asia,South-Eastern Asia,LAS,Lanao del Sur,Lumbatan,7.7554059,124.2062481
PH,Philippines,Asia,South-Eastern Asia,LAS,Lanao del Sur,Lumbayanague,7.7669511,124.2528166
PH,Philippines,Asia,South-Eastern Asia,LAS,Lanao del Sur,Madalum,7.8700746,124.0595554
PH,Philippines,Asia,South-Eastern Asia,LAS,Lanao del Sur,Madamba,7.8620891,123.9911695
PH,Philippines,Asia,South-Eastern Asia,LAS,Lanao del Sur,Maguing,7.9037865,124.3499404
PH,Philippines,Asia,South-Eastern Asia,LAS,Lanao del Sur,Malabang,7.6089859,124.0055139
PH,Philippines,Asia,South-Eastern Asia,LAS,Lanao del Sur,Marantao,7.9658313,124.1182095
PH,Philippines,Asia,South-Eastern Asia,LAS,Lanao del Sur,Marawi,8.0235247,124.2154987
PH,Philippines,Asia,South-Eastern Asia,LAS,Lanao del Sur,Marogong,7.6075941,124.0925034
PH,Philippines,Asia,South-Eastern Asia,LAS,Lanao del Sur,Masiu,7.8115759,124.2941132
PH,Philippines,Asia,South-Eastern Asia,LAS,Lanao del Sur,Mulondo,7.9301112,124.3088138
PH,Philippines,Asia,South-Eastern Asia,LAS,Lanao del Sur,Pagayawan,7.7440414,124.0686026
PH,Philippines,Asia,South-Eastern Asia,LAS,Lanao del Sur,Piagapo,8.0124062,124.1439619
PH,Philippines,Asia,South-Eastern Asia,LAS,Lanao del Sur,Picong,7.6825466,123.7596826
PH,Philippines,Asia,South-Eastern Asia,LAS,Lanao del Sur,Poona Bayabao,7.8315613,124.3298078
PH,Philippines,Asia,South-Eastern Asia,LAS,Lanao del Sur,Pualas,7.8118077,124.0111818
PH,Philippines,Asia,South-Eastern Asia,LAS,Lanao del Sur,Saguiaran,8.0345866,124.2201875
PH,Philippines,Asia,South-Eastern Asia,LAS,Lanao del Sur,Sultan Dumalondong,7.6361167,124.2119367
PH,Philippines,Asia,South-Eastern Asia,LAS,Lanao del Sur,Tagoloan,8.0990745,124.3726976
PH,Philippines,Asia,South-Eastern Asia,LAS,Lanao del Sur,Tamparan,7.872096,124.3191383
PH,Philippines,Asia,South-Eastern Asia,LAS,Lanao del Sur,Taraka,7.8942309,124.311306
PH,Philippines,Asia,South-Eastern Asia,LAS,Lanao del Sur,Tubaran,7.6915035,124.0240105
PH,Philippines,Asia,South-Eastern Asia,LAS,Lanao del Sur,Tugaya,7.9003541,124.1092353
PH,Philippines,Asia,South-Eastern Asia,LAS,Lanao del Sur,Wao,7.6731671,124.6389873
PH,Philippines,Asia,South-Eastern Asia,LEY,Leyte,Abuyog,10.6505861,124.8791724
PH,Philippines,Asia,South-Eastern Asia,LEY,Leyte,Alangalang,11.2154278,124.7818525
PH,Philippines,Asia,South-Eastern Asia,LEY,Leyte,Albuera,10.9176631,124.6603025
PH,Philippines,Asia,South-Eastern Asia,LEY,Leyte,Babatngon,11.3899055,124.815627
PH,Philippines,Asia,South-Eastern Asia,LEY,Leyte,Barugo,11.3181304,124.6807413
PH,Philippines,Asia,South-Eastern Asia,LEY,Leyte,Bato,10.3329364,124.7631628
PH,Philippines,Asia,South-Eastern Asia,LEY,Leyte,Baybay,10.7218547,124.6779236
PH,Philippines,Asia,South-Eastern Asia,LEY,Leyte,Burauen,10.9506947,124.7748092
PH,Philippines,Asia,South-Eastern Asia,LEY,Leyte,Calubian,11.4850896,124.2860515
PH,Philippines,Asia,South-Eastern Asia,LEY,Leyte,Capoocan,11.2502102,124.5077952
PH,Philippines,Asia,South-Eastern Asia,LEY,Leyte,Carigara,11.232353,124.5906163
PH,Philippines,Asia,South-Eastern Asia,LEY,Leyte,Dagami,11.0574488,124.7772177
PH,Philippines,Asia,South-Eastern Asia,LEY,Leyte,Dulag,10.9601963,124.9674752
PH,Philippines,Asia,South-Eastern Asia,LEY,Leyte,Hilongos,10.3902024,124.7289497
PH,Philippines,Asia,South-Eastern Asia,LEY,Leyte,Hindang,10.4513375,124.7333582
PH,Philippines,Asia,South-Eastern Asia,LEY,Leyte,Inopacan,10.5258869,124.6685868
PH,Philippines,Asia,South-Eastern Asia,LEY,Leyte,Isabel,10.9447073,124.3698223
PH,Philippines,Asia,South-Eastern Asia,LEY,Leyte,Jaro,11.1753264,124.6737058
PH,Philippines,Asia,South-Eastern Asia,LEY,Leyte,Javier,10.7483852,124.8438196
PH,Philippines,Asia,South-Eastern Asia,LEY,Leyte,Julita,10.9705674,124.9180688
PH,Philippines,Asia,South-Eastern Asia,LEY,Leyte,Kananga,11.1666587,124.4752009
PH,Philippines,Asia,South-Eastern Asia,LEY,Leyte,La Paz,10.8858923,124.8107695
PH,Philippines,Asia,South-Eastern Asia,LEY,Leyte,Leyte,11.3295915,124.3956144
PH,Philippines,Asia,South-Eastern Asia,LEY,Leyte,MacArthur,10.8149996,124.8383264
PH,Philippines,Asia,South-Eastern Asia,LEY,Leyte,Mahaplag,10.5955698,124.9032814
PH,Philippines,Asia,South-Eastern Asia,LEY,Leyte,Matag-ob,11.11792,124.372526
PH,Philippines,Asia,South-Eastern Asia,LEY,Leyte,Matalom,10.259333,124.743572
PH,Philippines,Asia,South-Eastern Asia,LEY,Leyte,Mayorga,10.8803157,124.9469723
PH,Philippines,Asia,South-Eastern Asia,LEY,Leyte,Merida,10.9725496,124.4265138
PH,Philippines,Asia,South-Eastern Asia,LEY,Leyte,Ormoc,11.0507648,124.4755053
PH,Philippines,Asia,South-Eastern Asia,LEY,Leyte,Palo,11.1441143,124.8842485
PH,Philippines,Asia,South-Eastern Asia,LEY,Leyte,Palompon,11.008572,124.341541
PH,Philippines,Asia,South-Eastern Asia,LEY,Leyte,Pastrana,11.1066382,124.7650297
PH,Philippines,Asia,South-Eastern Asia,LEY,Leyte,San Isidro,11.4242331,124.2653235
PH,Philippines,Asia,South-Eastern Asia,LEY,Leyte,San Miguel,11.3293242,124.7621114
PH,Philippines,Asia,South-Eastern Asia,LEY,Leyte,Santa Fe,11.1898378,124.8560103
PH,Philippines,Asia,South-Eastern Asia,LEY,Leyte,Tabango,11.2988502,124.3160923
PH,Philippines,Asia,South-Eastern Asia,LEY,Leyte,Tabontabon,11.0460014,124.9034776
PH,Philippines,Asia,South-Eastern Asia,LEY,Leyte,Tacloban,11.2619485,124.8815878
PH,Philippines,Asia,South-Eastern Asia,LEY,Leyte,Tanauan,11.0832297,124.9472512
PH,Philippines,Asia,South-Eastern Asia,LEY,Leyte,Tolosa,11.0355713,124.9654909
PH,Philippines,Asia,South-Eastern Asia,LEY,Leyte,Tunga,11.2387855,124.7270848
PH,Philippines,Asia,South-Eastern Asia,LEY,Leyte,Villaba,11.1936222,124.3502528
PH,Philippines,Asia,South-Eastern Asia,MGN,Maguindanao del Norte,Barira,7.4742033,124.2395313
PH,Philippines,Asia,South-Eastern Asia,MGN,Maguindanao del Norte,Buldon,7.4942829,124.2422656
PH,Philippines,Asia,South-Eastern Asia,MGN,Maguindanao del Norte,Cotabato City,7.198677,124.162714
PH,Philippines,Asia,South-Eastern Asia,MGN,Maguindanao del Norte,Datu Blah T. Sinsuat,6.9347934,123.8589029
PH,Philippines,Asia,South-Eastern Asia,MGN,Maguindanao del Norte,Datu Odin Sinsuat,7.0643575,124.0458851
PH,Philippines,Asia,South-Eastern Asia,MGN,Maguindanao del Norte,Kabuntalan,7.1179586,124.291416
PH,Philippines,Asia,South-Eastern Asia,MGN,Maguindanao del Norte,Matanog,7.4716166,124.1931428
PH,Philippines,Asia,South-Eastern Asia,MGN,Maguindanao del Norte,Northern Kabuntalan,7.1649668,124.3517119
PH,Philippines,Asia,South-Eastern Asia,MGN,Maguindanao del Norte,Parang,7.3610639,123.8903532
PH,Philippines,Asia,South-Eastern Asia,MGN,Maguindanao del Norte,Sultan Kudarat,7.2454363,124.163813
PH,Philippines,Asia,South-Eastern Asia,MGN,Maguindanao del Norte,Sultan Mastura,7.287714,124.1886766
PH,Philippines,Asia,South-Eastern Asia,MGN,Maguindanao del Norte,Talitay,7.0321012,124.3033357
PH,Philippines,Asia,South-Eastern Asia,MGN,Maguindanao del Norte,Upi,6.9928587,124.0747792
PH,Philippines,Asia,South-Eastern Asia,MGS,Maguindanao del Sur,Ampatuan,6.7982287,124.2220096
PH,Philippines,Asia,South-Eastern Asia,MGS,Maguindanao del Sur,Buluan,6.7291581,124.7196694
PH,Philippines,Asia,South-Eastern Asia,MGS,Maguindanao del Sur,Datu Abdullah Sangki,6.8201926,124.4401176
PH,Philippines,Asia,South-Eastern Asia,MGS,Maguindanao del Sur,Datu Anggal Midtimbang,6.9333751,124.3127334
PH,Philippines,Asia,South-Eastern Asia,MGS,Maguindanao del Sur,Datu Hoffer Ampatuan,6.8448265,124.4188725
PH,Philippines,Asia,South-Eastern Asia,MGS,Maguindanao del Sur,Datu Montawal,7.1137399,124.675165
PH,Philippines,Asia,South-Eastern Asia,MGS,Maguindanao del Sur,Datu Paglas,6.7233749,124.838329
PH,Philippines,Asia,South-Eastern Asia,MGS,Maguindanao del Sur,Datu Piang,7.0214108,124.4134672
PH,Philippines,Asia,South-Eastern Asia,MGS,Maguindanao del Sur,Datu Salibo,7.0177937,124.3893811
PH,Philippines,Asia,South-Eastern Asia,MGS,Maguindanao del Sur,Datu Saudi-Ampatuan,6.9666095,124.3062095
PH,Philippines,Asia,South-Eastern Asia,MGS,Maguindanao del Sur,Datu Unsay,6.9182869,124.4166674
PH,Philippines,Asia,South-Eastern Asia,MGS,Maguindanao del Sur,General Salipada K. Pendatun,6.840139,124.654909
PH,Philippines,Asia,South-Eastern Asia,MGS,Maguindanao del Sur,Guindulungan,6.9702922,124.2977245
PH,Philippines,Asia,South-Eastern Asia,MGS,Maguindanao del Sur,Mamasapano,6.9352826,124.4599046
PH,Philippines,Asia,South-Eastern Asia,MGS,Maguindanao del Sur,Mangudadatu,6.6846812,124.7486686
PH,Philippines,Asia,South-Eastern Asia,MGS,Maguindanao del Sur,Pagalungan,6.9609683,124.5485525
PH,Philippines,Asia,South-Eastern Asia,MGS,Maguindanao del Sur,Paglat,6.7000421,124.7627334
PH,Philippines,Asia,South-Eastern Asia,MGS,Maguindanao del Sur,Pandag,6.7624147,124.7166642
PH,Philippines,Asia,South-Eastern Asia,MGS,Maguindanao del Sur,Rajah Buayan,6.9271451,124.5315733
PH,Philippines,Asia,South-Eastern Asia,MGS,Maguindanao del Sur,Shariff Aguak,6.8690935,124.2464285
PH,Philippines,Asia,South-Eastern Asia,MGS,Maguindanao del Sur,Shariff Saydona Mustapha,6.8849409,124.4885396
PH,Philippines,Asia,South-Eastern Asia,MGS,Maguindanao del Sur,South Upi,6.8416765,124.0890701
PH,Philippines,Asia,South-Eastern Asia,MGS,Maguindanao del Sur,Sultan sa Barongis,6.9127417,124.5528134
PH,Philippines,Asia,South-Eastern Asia,MGS,Maguindanao del Sur,Talayan,6.9214687,124.240218
PH,Philippines,Asia,South-Eastern Asia,MAD,Marinduque,Boac,13.3892547,121.813484
PH,Philippines,Asia,South-Eastern Asia,MAD,Marinduque,Buenavista,13.2556713,121.8902166
PH,Philippines,Asia,South-Eastern Asia,MAD,Marinduque,Gasan,13.2968511,121.7991074
PH,Philippines,Asia,South-Eastern Asia,MAD,Marinduque,Mogpog,13.5148125,121.813012
PH,Philippines,Asia,South-Eastern Asia,MAD,Marinduque,Santa Cruz,13.4632614,121.8922646
PH,Philippines,Asia,South-Eastern Asia,MAD,Marinduque,Torrijos,13.3169249,121.981326
PH,Philippines,Asia,South-Eastern Asia,MAS,Masbate,Aroroy,12.4693025,123.1627303
PH,Philippines,Asia,South-Eastern Asia,MAS,Masbate,Baleno,12.4196955,123.4072894
PH,Philippines,Asia,South-Eastern Asia,MAS,Masbate,Balud,11.9107101,122.8169982
PH,Philippines,Asia,South-Eastern Asia,MAS,Masbate,Batuan,12.3805999,123.6764659
PH,Philippines,Asia,South-Eastern Asia,MAS,Masbate,Cataingan,12.0015338,123.881553
PH,Philippines,Asia,South-Eastern Asia,MAS,Masbate,Cawayan,11.9928549,123.5153229
PH,Philippines,Asia,South-Eastern Asia,MAS,Masbate,Claveria,12.8376921,123.0702049
PH,Philippines,Asia,South-Eastern Asia,MAS,Masbate,Dimasalang,12.1688227,123.7591371
PH,Philippines,Asia,South-Eastern Asia,MAS,Masbate,Esperanza,11.8087299,123.9230735
PH,Philippines,Asia,South-Eastern Asia,MAS,Masbate,Mandaon,12.2263034,123.1405862
PH,Philippines,Asia,South-Eastern Asia,MAS,Masbate,Masbate,12.352988,123.4822093
PH,Philippines,Asia,South-Eastern Asia,MAS,Masbate,Milagros,12.1819569,123.1646125
PH,Philippines,Asia,South-Eastern Asia,MAS,Masbate,Mobo,12.2779589,123.5851528
PH,Philippines,Asia,South-Eastern Asia,MAS,Masbate,Monreal,12.6485638,123.5620268
PH,Philippines,Asia,South-Eastern Asia,MAS,Masbate,Palanas,12.1031237,123.8075026
PH,Philippines,Asia,South-Eastern Asia,MAS,Masbate,Pio V. Corpus,11.8355652,123.9603671
PH,Philippines,Asia,South-Eastern Asia,MAS,Masbate,Placer,11.9341993,123.8098629
PH,Philippines,Asia,South-Eastern Asia,MAS,Masbate,San Fernando,12.4840517,123.6392745
PH,Philippines,Asia,South-Eastern Asia,MAS,Masbate,San Jacinto,12.5530766,123.6028475
PH,Philippines,Asia,South-Eastern Asia,MAS,Masbate,San Pascual,13.0762609,122.8289348
PH,Philippines,Asia,South-Eastern Asia,MAS,Masbate,Uson,12.1810347,123.6679418
PH,Philippines,Asia,South-Eastern Asia,41,Mimaropa,,,
PH,Philippines,Asia,South-Eastern Asia,MSC,Misamis Occidental,Aloran,8.3999854,123.669523
PH,Philippines,Asia,South-Eastern Asia,MSC,Misamis Occidental,Baliangao,8.6139441,123.5720719
PH,Philippines,Asia,South-Eastern Asia,MSC,Misamis Occidental,Bonifacio,8.0888839,123.5609972
PH,Philippines,Asia,South-Eastern Asia,MSC,Misamis Occidental,Calamba,8.5178748,123.591464
PH,Philippines,Asia,South-Eastern Asia,MSC,Misamis Occidental,Clarin,8.1984703,123.6011078
PH,Philippines,Asia,South-Eastern Asia,MSC,Misamis Occidental,Concepcion,8.4187221,123.5573949
PH,Philippines,Asia,South-Eastern Asia,MSC,Misamis Occidental,Don Victoriano Chiongbian,8.2632082,123.5288694
PH,Philippines,Asia,South-Eastern Asia,MSC,Misamis Occidental,Jimenez,8.3247184,123.5973741
PH,Philippines,Asia,South-Eastern Asia,MSC,Misamis Occidental,Lopez Jaena,8.5284551,123.6378956
PH,Philippines,Asia,South-Eastern Asia,MSC,Misamis Occidental,Oroquieta,8.4466136,123.5215857
PH,Philippines,Asia,South-Eastern Asia,MSC,Misamis Occidental,Ozamiz City,8.1458438,123.5933214
PH,Philippines,Asia,South-Eastern Asia,MSC,Misamis Occidental,Panaon,8.3599534,123.6728785
PH,Philippines,Asia,South-Eastern Asia,MSC,Misamis Occidental,Plaridel,8.611478,123.6217622
PH,Philippines,Asia,South-Eastern Asia,MSC,Misamis Occidental,Sapang Dalaga,8.5421301,123.4979944
PH,Philippines,Asia,South-Eastern Asia,MSC,Misamis Occidental,Sinacaban,8.2954142,123.6775522
PH,Philippines,Asia,South-Eastern Asia,MSC,Misamis Occidental,Tangub,8.1003877,123.6234601
PH,Philippines,Asia,South-Eastern Asia,MSC,Misamis Occidental,Tudela,8.2411972,123.5977469
PH,Philippines,Asia,South-Eastern Asia,MSR,Misamis Oriental,Alubijid,8.5080592,124.3559276
PH,Philippines,Asia,South-Eastern Asia,MSR,Misamis Oriental,Balingasag,8.7383242,124.7248609
PH,Philippines,Asia,South-Eastern Asia,MSR,Misamis Oriental,Balingoan,8.9423343,124.7811283
PH,Philippines,Asia,South-Eastern Asia,MSR,Misamis Oriental,Binuangan,8.9183225,124.7796517
PH,Philippines,Asia,South-Eastern Asia,MSR,Misamis Oriental,Cagayan de Oro,8.3827929,124.4679145
PH,Philippines,Asia,South-Eastern Asia,MSR,Misamis Oriental,Claveria,8.7204328,124.6947586
PH,Philippines,Asia,South-Eastern Asia,MSR,Misamis Oriental,El Salvador,8.4860614,124.4098194
PH,Philippines,Asia,South-Eastern Asia,MSR,Misamis Oriental,Gingoog,8.7845588,124.9165087
PH,Philippines,Asia,South-Eastern Asia,MSR,Misamis Oriental,Gitagum,8.5550448,124.3502131
PH,Philippines,Asia,South-Eastern Asia,MSR,Misamis Oriental,Initao,8.4968947,124.2555388
PH,Philippines,Asia,South-Eastern Asia,MSR,Misamis Oriental,Jasaan,8.647668,124.6739634
PH,Philippines,Asia,South-Eastern Asia,MSR,Misamis Oriental,Kinoguitan,8.9739301,124.7923706
PH,Philippines,Asia,South-Eastern Asia,MSR,Misamis Oriental,Lagonglong,8.8163736,124.7746457
PH,Philippines,Asia,South-Eastern Asia,MSR,Misamis Oriental,Laguindingan,8.5773661,124.4046297
PH,Philippines,Asia,South-Eastern Asia,MSR,Misamis Oriental,Libertad,8.5263563,124.3169536
PH,Philippines,Asia,South-Eastern Asia,MSR,Misamis Oriental,Lugait,8.3496358,124.2378607
PH,Philippines,Asia,South-Eastern Asia,MSR,Misamis Oriental,Magsaysay,8.9739436,125.127879
PH,Philippines,Asia,South-Eastern Asia,MSR,Misamis Oriental,Manticao,8.3734897,124.2687995
PH,Philippines,Asia,South-Eastern Asia,MSR,Misamis Oriental,Medina,8.8815765,124.8869092
PH,Philippines,Asia,South-Eastern Asia,MSR,Misamis Oriental,Naawan,8.4271114,124.2718037
PH,Philippines,Asia,South-Eastern Asia,MSR,Misamis Oriental,Opol,8.4372182,124.3469362
PH,Philippines,Asia,South-Eastern Asia,MSR,Misamis Oriental,Salay,8.8596199,124.7851395
PH,Philippines,Asia,South-Eastern Asia,MSR,Misamis Oriental,Sugbongcogon,8.9587455,124.7810304
PH,Philippines,Asia,South-Eastern Asia,MSR,Misamis Oriental,Tagoloan,8.5161209,124.7060212
PH,Philippines,Asia,South-Eastern Asia,MSR,Misamis Oriental,Talisayan,8.9474629,124.826742
PH,Philippines,Asia,South-Eastern Asia,MSR,Misamis Oriental,Villanueva,8.5719517,124.708639
PH,Philippines,Asia,South-Eastern Asia,MOU,Mountain Province,Barlig,17.0979343,121.0590323
PH,Philippines,Asia,South-Eastern Asia,MOU,Mountain Province,Bauko,16.9419578,120.8054375
PH,Philippines,Asia,South-Eastern Asia,MOU,Mountain Province,Besao,17.1219326,120.7460856
PH,Philippines,Asia,South-Eastern Asia,MOU,Mountain Province,Bontoc,17.1031211,120.8329907
PH,Philippines,Asia,South-Eastern Asia,MOU,Mountain Province,Natonin,17.12888,121.133264
PH,Philippines,Asia,South-Eastern Asia,MOU,Mountain Province,Paracelis,17.1849718,121.2821884
PH,Philippines,Asia,South-Eastern Asia,MOU,Mountain Province,Sabangan,16.9447575,120.8538568
PH,Philippines,Asia,South-Eastern Asia,MOU,Mountain Province,Sadanga,17.1699593,120.927242
PH,Philippines,Asia,South-Eastern Asia,MOU,Mountain Province,Sagada,17.1098795,120.824028
PH,Philippines,Asia,South-Eastern Asia,MOU,Mountain Province,Tadian,16.9573736,120.7413489
PH,Philippines,Asia,South-Eastern Asia,00,National Capital Region (Metro Manila),Caloocan,14.65288,120.9698
PH,Philippines,Asia,South-Eastern Asia,00,National Capital Region (Metro Manila),Las Piñas,14.4497,120.9831
PH,Philippines,Asia,South-Eastern Asia,00,National Capital Region (Metro Manila),Makati,14.5549,121.014
PH,Philippines,Asia,South-Eastern Asia,00,National Capital Region (Metro Manila),Mandaluyong,14.5797,121.0407
PH,Philippines,Asia,South-Eastern Asia,00,National Capital Region (Metro Manila),Manila,14.5995,120.9842
PH,Philippines,Asia,South-Eastern Asia,00,National Capital Region (Metro Manila),Marikina,14.6504,121.1031
PH,Philippines,Asia,South-Eastern Asia,00,National Capital Region (Metro Manila),Muntinlupa,14.4079,121.0414
PH,Philippines,Asia,South-Eastern Asia,00,National Capital Region (Metro Manila),Parañaque,14.4791,121.0198
PH,Philippines,Asia,South-Eastern Asia,00,National Capital Region (Metro Manila),Pasig,14.5865,121.0605
PH,Philippines,Asia,South-Eastern Asia,00,National Capital Region (Metro Manila),Pateros,14.545,121.0667
PH,Philippines,Asia,South-Eastern Asia,00,National Capital Region (Metro Manila),Quezon City,14.676,121.0437
PH,Philippines,Asia,South-Eastern Asia,00,National Capital Region (Metro Manila),Taguig,14.5243,121.0796
PH,Philippines,Asia,South-Eastern Asia,00,National Capital Region (Metro Manila),Valenzuela,14.7,120.9833
PH,Philippines,Asia,South-Eastern Asia,NEC,Negros Occidental,Bacolod,10.6465529,122.836917
PH,Philippines,Asia,South-Eastern Asia,NEC,Negros Occidental,Bago,10.5083914,122.7895813
PH,Philippines,Asia,South-Eastern Asia,NEC,Negros Occidental,Binalbagan,10.2078148,122.8241405
PH,Philippines,Asia,South-Eastern Asia,NEC,Negros Occidental,Cadiz,10.8438708,123.0968345
PH,Philippines,Asia,South-Eastern Asia,NEC,Negros Occidental,Calatrava,10.6099695,123.2202368
PH,Philippines,Asia,South-Eastern Asia,NEC,Negros Occidental,Candoni,9.7580154,122.5507266
PH,Philippines,Asia,South-Eastern Asia,NEC,Negros Occidental,Cauayan,9.9104652,122.3689252
PH,Philippines,Asia,South-Eastern Asia,NEC,Negros Occidental,Don Salvador Benedicto,10.5708847,123.0822211
PH,Philippines,Asia,South-Eastern Asia,NEC,Negros Occidental,Enrique B. Magalona,10.8611578,122.8846389
PH,Philippines,Asia,South-Eastern Asia,NEC,Negros Occidental,Escalante,10.8146528,123.295918
PH,Philippines,Asia,South-Eastern Asia,NEC,Negros Occidental,Himamaylan,10.0543165,122.7588969
PH,Philippines,Asia,South-Eastern Asia,NEC,Negros Occidental,Hinigaran,10.2709738,122.8488206
PH,Philippines,Asia,South-Eastern Asia,NEC,Negros Occidental,Hinoba-an,9.5450822,122.3969489
PH,Philippines,Asia,South-Eastern Asia,NEC,Negros Occidental,Ilog,9.8100378,122.5841027
PH,Philippines,Asia,South-Eastern Asia,NEC,Negros Occidental,Isabela,10.2152124,122.8669577
PH,Philippines,Asia,South-Eastern Asia,NEC,Negros Occidental,Kabankalan,9.8199483,122.6867562
PH,Philippines,Asia,South-Eastern Asia,NEC,Negros Occidental,La Carlota,10.4180475,122.8496199
PH,Philippines,Asia,South-Eastern Asia,NEC,Negros Occidental,La Castellana,10.320883,123.0146885
PH,Philippines,Asia,South-Eastern Asia,NEC,Negros Occidental,Manapla,10.9131018,123.0597456
PH,Philippines,Asia,South-Eastern Asia,NEC,Negros Occidental,Moises Padilla,10.2535073,123.0222375
PH,Philippines,Asia,South-Eastern Asia,NEC,Negros Occidental,Murcia,10.5350873,122.9386264
PH,Philippines,Asia,South-Eastern Asia,NEC,Negros Occidental,Pontevedra,10.3566178,122.852207
PH,Philippines,Asia,South-Eastern Asia,NEC,Negros Occidental,Pulupandan,10.5187791,122.775649
PH,Philippines,Asia,South-Eastern Asia,NEC,Negros Occidental,Sagay,10.8083308,123.2454711
PH,Philippines,Asia,South-Eastern Asia,NEC,Negros Occidental,San Carlos,10.4708762,123.1278401
PH,Philippines,Asia,South-Eastern Asia,NEC,Negros Occidental,San Enrique,10.4176246,122.8249158
PH,Philippines,Asia,South-Eastern Asia,NEC,Negros Occidental,Silay,10.7560147,122.9255373
PH,Philippines,Asia,South-Eastern Asia,NEC,Negros Occidental,Sipalay,9.7464271,122.3946436
PH,Philippines,Asia,South-Eastern Asia,NEC,Negros Occidental,Talisay,10.6938089,122.9232986
PH,Philippines,Asia,South-Eastern Asia,NEC,Negros Occidental,Toboso,10.7220077,123.265534
PH,Philippines,Asia,South-Eastern Asia,NEC,Negros Occidental,Valladolid,10.4699987,122.8183069
PH,Philippines,Asia,South-Eastern Asia,NEC,Negros Occidental,Victorias,10.865238,123.0125388
PH,Philippines,Asia,South-Eastern Asia,NER,Negros Oriental,Amlan,9.4288966,123.0942925
PH,Philippines,Asia,South-Eastern Asia,NER,Negros Oriental,Ayungon,9.8636292,122.8690176
PH,Philippines,Asia,South-Eastern Asia,NER,Negros Oriental,Bacong,9.2389731,123.2158297
PH,Philippines,Asia,South-Eastern Asia,NER,Negros Oriental,Bais,9.609335,122.8639322
PH,Philippines,Asia,South-Eastern Asia,NER,Negros Oriental,Basay,9.4547567,122.5905951
PH,Philippines,Asia,South-Eastern Asia,NER,Negros Oriental,Bayawan,9.5088624,122.6567583
PH,Philippines,Asia,South-Eastern Asia,NER,Negros Oriental,Bindoy,9.7792559,122.9788931
PH,Philippines,Asia,South-Eastern Asia,NER,Negros Oriental,Canlaon,10.3437799,123.1174238
PH,Philippines,Asia,South-Eastern Asia,NER,Negros Oriental,Dauin,9.1589802,123.1315091
PH,Philippines,Asia,South-Eastern Asia,NER,Negros Oriental,Dumaguete,9.2958145,123.2408677
PH,Philippines,Asia,South-Eastern Asia,NER,Negros Oriental,Guihulñgan,10.1730059,123.0488759
PH,Philippines,Asia,South-Eastern Asia,NER,Negros Oriental,Jimalalud,10.0104345,122.9642253
PH,Philippines,Asia,South-Eastern Asia,NER,Negros Oriental,La Libertad,10.0654549,122.9935579
PH,Philippines,Asia,South-Eastern Asia,NER,Negros Oriental,Manjuyod,9.6930512,123.0196626
PH,Philippines,Asia,South-Eastern Asia,NER,Negros Oriental,Pamplona,9.4263232,122.887364
PH,Philippines,Asia,South-Eastern Asia,NER,Negros Oriental,San Jose,9.404266,123.1744398
PH,Philippines,Asia,South-Eastern Asia,NER,Negros Oriental,Santa Catalina,9.2889392,122.8256731
PH,Philippines,Asia,South-Eastern Asia,NER,Negros Oriental,Siaton,9.1301824,122.8514224
PH,Philippines,Asia,South-Eastern Asia,NER,Negros Oriental,Sibulan,9.348763,122.9929919
PH,Philippines,Asia,South-Eastern Asia,NER,Negros Oriental,Tanjay,9.5045124,122.8745967
PH,Philippines,Asia,South-Eastern Asia,NER,Negros Oriental,Tayasan,9.9561958,123.006831
PH,Philippines,Asia,South-Eastern Asia,NER,Negros Oriental,Valencia,9.2872993,123.0908619
PH,Philippines,Asia,South-Eastern Asia,NER,Negros Oriental,Vallehermoso,10.3419305,123.255464
PH,Philippines,Asia,South-Eastern Asia,NER,Negros Oriental,Zamboanguita,9.1425076,123.0976505
PH,Philippines,Asia,South-Eastern Asia,10,Northern Mindanao,,,
PH,Philippines,Asia,South-Eastern Asia,NSA,Northern Samar,Allen,12.5297863,124.247814
PH,Philippines,Asia,South-Eastern Asia,NSA,Northern Samar,Biri,12.654014,124.3200835
PH,Philippines,Asia,South-Eastern Asia,NSA,Northern Samar,Bobon,12.417719,124.4407614
PH,Philippines,Asia,South-Eastern Asia,NSA,Northern Samar,Capul,12.4323353,124.1228904
PH,Philippines,Asia,South-Eastern Asia,NSA,Northern Samar,Catarman,12.4114103,124.5780046
PH,Philippines,Asia,South-Eastern Asia,NSA,Northern Samar,Catubig,12.3892437,124.9198991
PH,Philippines,Asia,South-Eastern Asia,NSA,Northern Samar,Gamay,12.4060032,125.1761587
PH,Philippines,Asia,South-Eastern Asia,NSA,Northern Samar,Laoang,12.5680519,124.9463469
PH,Philippines,Asia,South-Eastern Asia,NSA,Northern Samar,Lapinig,12.3060035,125.2022083
PH,Philippines,Asia,South-Eastern Asia,NSA,Northern Samar,Las Navas,12.3142006,124.8747093
PH,Philippines,Asia,South-Eastern Asia,NSA,Northern Samar,Lavezares,12.5516482,124.2627914
PH,Philippines,Asia,South-Eastern Asia,NSA,Northern Samar,Lope de Vega,12.301367,124.5828111
PH,Philippines,Asia,South-Eastern Asia,NSA,Northern Samar,Mapanas,12.4516003,125.1228149
PH,Philippines,Asia,South-Eastern Asia,NSA,Northern Samar,Mondragon,12.410502,124.5933992
PH,Philippines,Asia,South-Eastern Asia,NSA,Northern Samar,Palapag,12.5281927,124.9673206
PH,Philippines,Asia,South-Eastern Asia,NSA,Northern Samar,Pambujan,12.4763855,124.8324926
PH,Philippines,Asia,South-Eastern Asia,NSA,Northern Samar,Rosario,12.5130252,124.3585785
PH,Philippines,Asia,South-Eastern Asia,NSA,Northern Samar,San Antonio,12.4102906,124.2219819
PH,Philippines,Asia,South-Eastern Asia,NSA,Northern Samar,San Isidro,12.3486167,124.3116291
PH,Philippines,Asia,South-Eastern Asia,NSA,Northern Samar,San Jose,12.5095449,124.4072874
PH,Philippines,Asia,South-Eastern Asia,NSA,Northern Samar,San Roque,12.4547318,124.8022802
PH,Philippines,Asia,South-Eastern Asia,NSA,Northern Samar,San Vicente,12.3321793,123.9777906
PH,Philippines,Asia,South-Eastern Asia,NSA,Northern Samar,Silvino Lobos,12.3036724,124.6935207
PH,Philippines,Asia,South-Eastern Asia,NSA,Northern Samar,Victoria,12.4112897,124.2211944
PH,Philippines,Asia,South-Eastern Asia,NUE,Nueva Ecija,Aliaga,15.5070119,120.7749756
PH,Philippines,Asia,South-Eastern Asia,NUE,Nueva Ecija,Bongabon,15.6574937,121.0608872
PH,Philippines,Asia,South-Eastern Asia,NUE,Nueva Ecija,Cabanatuan,15.5001723,120.8162141
PH,Philippines,Asia,South-Eastern Asia,NUE,Nueva Ecija,Cabiao,15.2289491,120.758582
PH,Philippines,Asia,South-Eastern Asia,NUE,Nueva Ecija,Carranglan,15.9930714,120.8720114
PH,Philippines,Asia,South-Eastern Asia,NUE,Nueva Ecija,Cuyapo,15.7802057,120.6219342
PH,Philippines,Asia,South-Eastern Asia,NUE,Nueva Ecija,Gabaldon,15.5283715,121.2044696
PH,Philippines,Asia,South-Eastern Asia,NUE,Nueva Ecija,Gapan,15.2931687,120.9370615
PH,Philippines,Asia,South-Eastern Asia,NUE,Nueva Ecija,General Mamerto Natividad,15.586229,120.9730299
PH,Philippines,Asia,South-Eastern Asia,NUE,Nueva Ecija,General Tinio,15.3222084,121.0388232
PH,Philippines,Asia,South-Eastern Asia,NUE,Nueva Ecija,Guimba,15.6659407,120.6677302
PH,Philippines,Asia,South-Eastern Asia,NUE,Nueva Ecija,Jaen,15.3772988,120.7932687
PH,Philippines,Asia,South-Eastern Asia,NUE,Nueva Ecija,Laur,15.5196961,121.1007003
PH,Philippines,Asia,South-Eastern Asia,NUE,Nueva Ecija,Licab,15.5465966,120.7206021
PH,Philippines,Asia,South-Eastern Asia,NUE,Nueva Ecija,Llanera,15.6617444,120.9068115
PH,Philippines,Asia,South-Eastern Asia,NUE,Nueva Ecija,Lupao,15.8536027,120.8348498
PH,Philippines,Asia,South-Eastern Asia,NUE,Nueva Ecija,Muñoz,15.730911,120.8216775
PH,Philippines,Asia,South-Eastern Asia,NUE,Nueva Ecija,Nampicuan,15.7208708,120.6262984
PH,Philippines,Asia,South-Eastern Asia,NUE,Nueva Ecija,Palayan,15.5183166,121.0127266
PH,Philippines,Asia,South-Eastern Asia,NUE,Nueva Ecija,Pantabangan,15.8241289,120.9917048
PH,Philippines,Asia,South-Eastern Asia,NUE,Nueva Ecija,Peñaranda,15.3525632,120.9527777
PH,Philippines,Asia,South-Eastern Asia,NUE,Nueva Ecija,Quezon,15.5882919,120.7462654
PH,Philippines,Asia,South-Eastern Asia,NUE,Nueva Ecija,Rizal,15.6895404,121.0420163
PH,Philippines,Asia,South-Eastern Asia,NUE,Nueva Ecija,San Antonio,15.331221,120.7375963
PH,Philippines,Asia,South-Eastern Asia,NUE,Nueva Ecija,San Isidro,15.2625228,120.8618821
PH,Philippines,Asia,South-Eastern Asia,NUE,Nueva Ecija,San Jose,15.7878017,120.9070354
PH,Philippines,Asia,South-Eastern Asia,NUE,Nueva Ecija,San Leonardo,15.3563391,120.9130615
PH,Philippines,Asia,South-Eastern Asia,NUE,Nueva Ecija,Santa Rosa,15.4323687,120.8289034
PH,Philippines,Asia,South-Eastern Asia,NUE,Nueva Ecija,Santo Domingo,15.616142,120.8434608
PH,Philippines,Asia,South-Eastern Asia,NUE,Nueva Ecija,Talavera,15.6191118,120.8542027
PH,Philippines,Asia,South-Eastern Asia,NUE,Nueva Ecija,Talugtug,15.7613073,120.7209734
PH,Philippines,Asia,South-Eastern Asia,NUE,Nueva Ecija,Zaragoza,15.4461855,120.7155808
PH,Philippines,Asia,South-Eastern Asia,NUV,Nueva Vizcaya,Alfonso Castañeda,15.898958,121.1760076
PH,Philippines,Asia,South-Eastern Asia,NUV,Nueva Vizcaya,Ambaguio,16.5399574,120.9706267
PH,Philippines,Asia,South-Eastern Asia,NUV,Nueva Vizcaya,Aritao,16.2315879,120.8386071
PH,Philippines,Asia,South-Eastern Asia,NUV,Nueva Vizcaya,Bagabag,16.5850013,121.1875209
PH,Philippines,Asia,South-Eastern Asia,NUV,Nueva Vizcaya,Bambang,16.391016,120.9655105
PH,Philippines,Asia,South-Eastern Asia,NUV,Nueva Vizcaya,Bayombong,16.4933054,121.0694178
PH,Philippines,Asia,South-Eastern Asia,NUV,Nueva Vizcaya,Diadi,16.6245684,121.2630384
PH,Philippines,Asia,South-Eastern Asia,NUV,Nueva Vizcaya,Dupax del Norte,16.181165,121.0336574
PH,Philippines,Asia,South-Eastern Asia,NUV,Nueva Vizcaya,Dupax del Sur,16.0997659,120.9986331
PH,Philippines,Asia,South-Eastern Asia,NUV,Nueva Vizcaya,Kasibu,16.3613206,121.1497381
PH,Philippines,Asia,South-Eastern Asia,NUV,Nueva Vizcaya,Kayapa,16.4229036,120.7316353
PH,Philippines,Asia,South-Eastern Asia,NUV,Nueva Vizcaya,Quezon,16.4664384,121.2057223
PH,Philippines,Asia,South-Eastern Asia,NUV,Nueva Vizcaya,Santa Fe,16.1808436,120.7165532
PH,Philippines,Asia,South-Eastern Asia,NUV,Nueva Vizcaya,Solano,16.5316798,121.1070465
PH,Philippines,Asia,South-Eastern Asia,NUV,Nueva Vizcaya,Villaverde,16.5998623,121.0808467
PH,Philippines,Asia,South-Eastern Asia,MDC,Occidental Mindoro,Abuyon,13.6226,122.5191
PH,Philippines,Asia,South-Eastern Asia,MDC,Occidental Mindoro,Aga,14.0965,120.80217
PH,Philippines,Asia,South-Eastern Asia,MDC,Occidental Mindoro,Aliang,14.28333,120.88333
PH,Philippines,Asia,South-Eastern Asia,MDC,Occidental Mindoro,Alupay,13.84696,121.30719
PH,Philippines,Asia,South-Eastern Asia,MDC,Occidental Mindoro,Ambulong,14.08804,121.06127
PH,Philippines,Asia,South-Eastern Asia,MDC,Occidental Mindoro,Anuling,14.12388,120.8922
PH,Philippines,Asia,South-Eastern Asia,MDC,Occidental Mindoro,Aplaya,14.32106,121.11369
PH,Philippines,Asia,South-Eastern Asia,MDC,Occidental Mindoro,Aurora,13.3476,122.5195
PH,Philippines,Asia,South-Eastern Asia,MDC,Occidental Mindoro,Aya,13.8945,121.1139
PH,Philippines,Asia,South-Eastern Asia,MDC,Occidental Mindoro,Ayusan Uno,13.95609,121.30765
PH,Philippines,Asia,South-Eastern Asia,MDC,Occidental Mindoro,Bagalangit,13.71041,120.88467
PH,Philippines,Asia,South-Eastern Asia,MDC,Occidental Mindoro,Bagombong,14.3413,121.3775
PH,Philippines,Asia,South-Eastern Asia,MDC,Occidental Mindoro,Bagong Pagasa,14.6627,121.0328
PH,Philippines,Asia,South-Eastern Asia,MDC,Occidental Mindoro,Bagupaye,13.565,122.3902
PH,Philippines,Asia,South-Eastern Asia,MDC,Occidental Mindoro,Balagtasin,13.9018,121.0889
PH,Philippines,Asia,South-Eastern Asia,MDC,Occidental Mindoro,Balele,14.06532,121.09363
PH,Philippines,Asia,South-Eastern Asia,MDC,Occidental Mindoro,Balibago,13.92572,120.62556
PH,Philippines,Asia,South-Eastern Asia,MDC,Occidental Mindoro,Balite Segundo,14.1832,120.97433
PH,Philippines,Asia,South-Eastern Asia,MDC,Occidental Mindoro,Balitoc,13.86269,120.63554
PH,Philippines,Asia,South-Eastern Asia,MDC,Occidental Mindoro,Banaba,14.21667,120.85
PH,Philippines,Asia,South-Eastern Asia,MDC,Occidental Mindoro,Banalo,13.6464,121.1817
PH,Philippines,Asia,South-Eastern Asia,MDC,Occidental Mindoro,Banilad,14.0667,120.7347
PH,Philippines,Asia,South-Eastern Asia,MDC,Occidental Mindoro,Bantilan,14.75814,121.66902
PH,Philippines,Asia,South-Eastern Asia,MDC,Occidental Mindoro,Banugao,14.74825,121.6184
PH,Philippines,Asia,South-Eastern Asia,MDC,Occidental Mindoro,Baras,14.51691,121.2658
PH,Philippines,Asia,South-Eastern Asia,MDC,Occidental Mindoro,Batas,14.2,120.81667
PH,Philippines,Asia,South-Eastern Asia,MDC,Occidental Mindoro,Bautista,13.99444,121.27778
PH,Philippines,Asia,South-Eastern Asia,MDC,Occidental Mindoro,Baybayin,13.82083,121.26992
PH,Philippines,Asia,South-Eastern Asia,MDC,Occidental Mindoro,Biga,14.25759,120.97195
PH,Philippines,Asia,South-Eastern Asia,MDC,Occidental Mindoro,Bignay Uno,13.86445,121.48792
PH,Philippines,Asia,South-Eastern Asia,MDC,Occidental Mindoro,Bilaran,14.03528,120.71028
PH,Philippines,Asia,South-Eastern Asia,MDC,Occidental Mindoro,Bilog-Bilog,14.11361,121.08861
PH,Philippines,Asia,South-Eastern Asia,MDC,Occidental Mindoro,Binahaan,13.9917,121.75391
PH,Philippines,Asia,South-Eastern Asia,MDC,Occidental Mindoro,Binay,13.5019,122.5983
PH,Philippines,Asia,South-Eastern Asia,MDC,Occidental Mindoro,Binubusan,13.96947,120.63572
PH,Philippines,Asia,South-Eastern Asia,MDC,Occidental Mindoro,Binulasan,14.73159,121.69781
PH,Philippines,Asia,South-Eastern Asia,MDC,Occidental Mindoro,Bitangan,14.25389,120.87833
PH,Philippines,Asia,South-Eastern Asia,MDC,Occidental Mindoro,Bitin,14.11647,121.22194
PH,Philippines,Asia,South-Eastern Asia,MDC,Occidental Mindoro,Bolboc,14.02074,120.75595
PH,Philippines,Asia,South-Eastern Asia,MDC,Occidental Mindoro,Bolo,13.78991,120.98173
PH,Philippines,Asia,South-Eastern Asia,MDC,Occidental Mindoro,Boot,14.04556,121.07722
PH,Philippines,Asia,South-Eastern Asia,MDC,Occidental Mindoro,Bosdak,13.4,122.5
PH,Philippines,Asia,South-Eastern Asia,MDC,Occidental Mindoro,Bugaan,14.03987,120.93609
PH,Philippines,Asia,South-Eastern Asia,MDC,Occidental Mindoro,Bukal,13.9132,121.5264
PH,Philippines,Asia,South-Eastern Asia,MDC,Occidental Mindoro,Bukal Sur,13.93806,121.38556
PH,Philippines,Asia,South-Eastern Asia,MDC,Occidental Mindoro,Bulacnin,13.9903,121.139
PH,Philippines,Asia,South-Eastern Asia,MDC,Occidental Mindoro,Bulihan,14.2782,120.99503
PH,Philippines,Asia,South-Eastern Asia,MDC,Occidental Mindoro,Bungahan,13.94286,120.66178
PH,Philippines,Asia,South-Eastern Asia,MDC,Occidental Mindoro,Bungoy,13.99779,121.36564
PH,Philippines,Asia,South-Eastern Asia,MDC,Occidental Mindoro,Cabanbanan,14.2404,121.4341
PH,Philippines,Asia,South-Eastern Asia,MDC,Occidental Mindoro,Cabatang,13.9669,121.3668
PH,Philippines,Asia,South-Eastern Asia,MDC,Occidental Mindoro,Cabay,13.8708,121.37992
PH,Philippines,Asia,South-Eastern Asia,MDC,Occidental Mindoro,Cagsiay,14.21667,121.75
PH,Philippines,Asia,South-Eastern Asia,MDC,Occidental Mindoro,Calantas,13.97202,120.77456
PH,Philippines,Asia,South-Eastern Asia,MDC,Occidental Mindoro,Calilayan,13.8503,121.93
PH,Philippines,Asia,South-Eastern Asia,MDC,Occidental Mindoro,Calubcub Dos,13.7393,121.42193
PH,Philippines,Asia,South-Eastern Asia,MDC,Occidental Mindoro,Calumpang,14.1966,121.402
PH,Philippines,Asia,South-Eastern Asia,MDC,Occidental Mindoro,Cambuga,13.61667,122.45
PH,Philippines,Asia,South-Eastern Asia,MDC,Occidental Mindoro,Camohaguin,13.9089,122.1666
PH,Philippines,Asia,South-Eastern Asia,MDC,Occidental Mindoro,Camp Flora,13.3508,122.6641
PH,Philippines,Asia,South-Eastern Asia,MDC,Occidental Mindoro,Capuluan,13.8162,122.5158
PH,Philippines,Asia,South-Eastern Asia,MDC,Occidental Mindoro,Casay,13.2632,122.5217
PH,Philippines,Asia,South-Eastern Asia,MDC,Occidental Mindoro,Castañas,13.8744,121.5533
PH,Philippines,Asia,South-Eastern Asia,MDC,Occidental Mindoro,Casuguran,14.7167,122.37422
PH,Philippines,Asia,South-Eastern Asia,MDC,Occidental Mindoro,Cigaras,14.2266,121.4298
PH,Philippines,Asia,South-Eastern Asia,MDC,Occidental Mindoro,Concepcion Ibaba,13.92309,121.46099
PH,Philippines,Asia,South-Eastern Asia,MDC,Occidental Mindoro,Dagatan,14.0017,121.3767
PH,Philippines,Asia,South-Eastern Asia,MDC,Occidental Mindoro,Daraitan,14.6028,121.4319
PH,Philippines,Asia,South-Eastern Asia,MDC,Occidental Mindoro,Dayap,14.18014,121.33335
PH,Philippines,Asia,South-Eastern Asia,MDC,Occidental Mindoro,Dayapan,13.93723,120.9162
PH,Philippines,Asia,South-Eastern Asia,MDC,Occidental Mindoro,Del Monte,14.6418,121.0177
PH,Philippines,Asia,South-Eastern Asia,MDC,Occidental Mindoro,Dinahican,14.71667,121.71667
PH,Philippines,Asia,South-Eastern Asia,MDC,Occidental Mindoro,Guinayangan Fourth District of Quezon,13.9002,122.44808
PH,Philippines,Asia,South-Eastern Asia,MDC,Occidental Mindoro,Guisguis,13.8738,121.5189
PH,Philippines,Asia,South-Eastern Asia,MDC,Occidental Mindoro,Gulod,14.3449,121.2177
PH,Philippines,Asia,South-Eastern Asia,MDC,Occidental Mindoro,Gumian,14.71006,121.61867
PH,Philippines,Asia,South-Eastern Asia,MDC,Occidental Mindoro,Guyam Malaki,14.1525,120.86111
PH,Philippines,Asia,South-Eastern Asia,MDC,Occidental Mindoro,Halayhay,14.37389,120.81333
PH,Philippines,Asia,South-Eastern Asia,MDC,Occidental Mindoro,Halayhayin,14.1891,121.4075
PH,Philippines,Asia,South-Eastern Asia,MDC,Occidental Mindoro,Haligue,13.66667,121.11667
PH,Philippines,Asia,South-Eastern Asia,MDC,Occidental Mindoro,Hondagua,13.9455,122.2417
PH,Philippines,Asia,South-Eastern Asia,MDC,Occidental Mindoro,Hukay,13.84519,120.70287
PH,Philippines,Asia,South-Eastern Asia,MDC,Occidental Mindoro,Ibabang Tayuman,13.4042,122.5165
PH,Philippines,Asia,South-Eastern Asia,MDC,Occidental Mindoro,Ilihan,13.631,121.0709
PH,Philippines,Asia,South-Eastern Asia,MDC,Occidental Mindoro,Inicbulan,13.82043,120.98345
PH,Philippines,Asia,South-Eastern Asia,MDC,Occidental Mindoro,Isabang,13.95694,121.57083
PH,Philippines,Asia,South-Eastern Asia,MDC,Occidental Mindoro,Janagdong,13.9034,121.5134
PH,Philippines,Asia,South-Eastern Asia,MDC,Occidental Mindoro,Janopol,14.08586,121.09489
PH,Philippines,Asia,South-Eastern Asia,MDC,Occidental Mindoro,Javalera,14.25813,120.91558
PH,Philippines,Asia,South-Eastern Asia,MDC,Occidental Mindoro,Kabulusan,14.3615,121.4004
PH,Philippines,Asia,South-Eastern Asia,MDC,Occidental Mindoro,Kanluran,14.41667,120.85
PH,Philippines,Asia,South-Eastern Asia,MDC,Occidental Mindoro,Kapatalan,14.4741,121.4903
PH,Philippines,Asia,South-Eastern Asia,MDC,Occidental Mindoro,Karligan,14.97561,122.04272
PH,Philippines,Asia,South-Eastern Asia,MDC,Occidental Mindoro,Kaytitinga,14.10722,120.82917
PH,Philippines,Asia,South-Eastern Asia,MDC,Occidental Mindoro,Kiloloran,14.63571,121.60617
PH,Philippines,Asia,South-Eastern Asia,MDC,Occidental Mindoro,Kinalaglagan,14.00149,121.09772
PH,Philippines,Asia,South-Eastern Asia,MDC,Occidental Mindoro,Kinatakutan,13.955,122.4678
PH,Philippines,Asia,South-Eastern Asia,MDC,Occidental Mindoro,Lacdayan,13.6,122.53333
PH,Philippines,Asia,South-Eastern Asia,MDC,Occidental Mindoro,Laiya,13.68031,121.40081
PH,Philippines,Asia,South-Eastern Asia,MDC,Occidental Mindoro,Lalig,13.98255,121.32647
PH,Philippines,Asia,South-Eastern Asia,MDC,Occidental Mindoro,Lapolapo,13.8341,121.1379
PH,Philippines,Asia,South-Eastern Asia,MDC,Occidental Mindoro,Libato,13.81514,121.33463
PH,Philippines,Asia,South-Eastern Asia,MDC,Occidental Mindoro,Lilio,14.1313,121.4362
PH,Philippines,Asia,South-Eastern Asia,MDC,Occidental Mindoro,Lipa City,13.9411,121.1631
PH,Philippines,Asia,South-Eastern Asia,MDC,Occidental Mindoro,Lipahan,13.83687,121.40167
PH,Philippines,Asia,South-Eastern Asia,MDC,Occidental Mindoro,Looc,14.1648,120.6293
PH,Philippines,Asia,South-Eastern Asia,MDC,Occidental Mindoro,Lucsuhin,13.88186,120.64131
PH,Philippines,Asia,South-Eastern Asia,MDC,Occidental Mindoro,Luksuhin,14.09667,120.88083
PH,Philippines,Asia,South-Eastern Asia,MDC,Occidental Mindoro,Lumbang,14.2973,121.4598
PH,Philippines,Asia,South-Eastern Asia,MDC,Occidental Mindoro,Lumbangan,14.0524,120.6667
PH,Philippines,Asia,South-Eastern Asia,MDC,Occidental Mindoro,Lumil,14.18144,121.00989
PH,Philippines,Asia,South-Eastern Asia,MDC,Occidental Mindoro,Luntal,14.0292,120.7174
PH,Philippines,Asia,South-Eastern Asia,MDC,Occidental Mindoro,Lusacan,13.95523,121.34477
PH,Philippines,Asia,South-Eastern Asia,MDC,Occidental Mindoro,Mabini,13.75324,120.94049
PH,Philippines,Asia,South-Eastern Asia,MDC,Occidental Mindoro,Mabitac,14.4259,121.429
PH,Philippines,Asia,South-Eastern Asia,MDC,Occidental Mindoro,Mabunga,13.8634,122.0677
PH,Philippines,Asia,South-Eastern Asia,MDC,Occidental Mindoro,Macalamcam A,13.8566,121.32814
PH,Philippines,Asia,South-Eastern Asia,MDC,Occidental Mindoro,Madulao,13.5684,122.3413
PH,Philippines,Asia,South-Eastern Asia,MDC,Occidental Mindoro,Magsaysay,14.3388,121.0341
PH,Philippines,Asia,South-Eastern Asia,MDC,Occidental Mindoro,Maguyam,14.26277,121.005
PH,Philippines,Asia,South-Eastern Asia,MDC,Occidental Mindoro,Mahabang Parang,13.98333,121.08333
PH,Philippines,Asia,South-Eastern Asia,MDC,Occidental Mindoro,Mainit Norte,14.16546,121.98496
PH,Philippines,Asia,South-Eastern Asia,MDC,Occidental Mindoro,Malabag,14.1552,120.96547
PH,Philippines,Asia,South-Eastern Asia,MDC,Occidental Mindoro,Malabanan,14,121.13333
PH,Philippines,Asia,South-Eastern Asia,MDC,Occidental Mindoro,Malabanban Norte,13.94521,121.43065
PH,Philippines,Asia,South-Eastern Asia,MDC,Occidental Mindoro,Malainen Luma,14.2703,120.7884
PH,Philippines,Asia,South-Eastern Asia,MDC,Occidental Mindoro,Malanday,14.7069,121.1306
PH,Philippines,Asia,South-Eastern Asia,MDC,Occidental Mindoro,Malaruhatan,14.0306,120.6804
PH,Philippines,Asia,South-Eastern Asia,MDC,Occidental Mindoro,Malaya,14.3971,121.3385
PH,Philippines,Asia,South-Eastern Asia,MDC,Occidental Mindoro,Malicboy,13.98155,121.78888
PH,Philippines,Asia,South-Eastern Asia,MDC,Occidental Mindoro,Malinao Ilaya,13.99611,121.83577
PH,Philippines,Asia,South-Eastern Asia,MDC,Occidental Mindoro,Mamala,14.01667,121.51667
PH,Philippines,Asia,South-Eastern Asia,MDC,Occidental Mindoro,Mamatid,14.2349,121.15902
PH,Philippines,Asia,South-Eastern Asia,MDC,Occidental Mindoro,Mangas,14.11769,120.86661
PH,Philippines,Asia,South-Eastern Asia,MDC,Occidental Mindoro,Mangero,13.2705,122.6774
PH,Philippines,Asia,South-Eastern Asia,MDC,Occidental Mindoro,Manggahan,14.29196,120.90145
PH,Philippines,Asia,South-Eastern Asia,MDC,Occidental Mindoro,Mapulo,13.7317,121.1842
PH,Philippines,Asia,South-Eastern Asia,MDC,Occidental Mindoro,Mapulot,14.033,122.5399
PH,Philippines,Asia,South-Eastern Asia,MDC,Occidental Mindoro,Marao,13.91434,121.82409
PH,Philippines,Asia,South-Eastern Asia,MDC,Occidental Mindoro,Masalukot Uno,13.95533,121.41887
PH,Philippines,Asia,South-Eastern Asia,MDC,Occidental Mindoro,Masapang,14.1971,121.3423
PH,Philippines,Asia,South-Eastern Asia,MDC,Occidental Mindoro,Masaya,14.15189,121.2819
PH,Philippines,Asia,South-Eastern Asia,MDC,Occidental Mindoro,Mataas Na Kahoy,13.9589,121.1138
PH,Philippines,Asia,South-Eastern Asia,MDC,Occidental Mindoro,Matagbak,14.13056,120.83472
PH,Philippines,Asia,South-Eastern Asia,MDC,Occidental Mindoro,Matala,13.8287,121.1549
PH,Philippines,Asia,South-Eastern Asia,MDC,Occidental Mindoro,Mataywanac,14.0311,120.7296
PH,Philippines,Asia,South-Eastern Asia,MDC,Occidental Mindoro,Matingain,13.9129,120.88006
PH,Philippines,Asia,South-Eastern Asia,MDC,Occidental Mindoro,Maugat West,13.8613,121.28276
PH,Philippines,Asia,South-Eastern Asia,MDC,Occidental Mindoro,Maulawin,14.26667,121.43333
PH,Philippines,Asia,South-Eastern Asia,MDC,Occidental Mindoro,Mendez-Nuñez,14.12861,120.90583
PH,Philippines,Asia,South-Eastern Asia,MDC,Occidental Mindoro,Montecillo,13.89067,121.47575
PH,Philippines,Asia,South-Eastern Asia,MDC,Occidental Mindoro,Mozon,13.8526,120.98935
PH,Philippines,Asia,South-Eastern Asia,MDC,Occidental Mindoro,Mulauin,13.86667,121.01667
PH,Philippines,Asia,South-Eastern Asia,MDC,Occidental Mindoro,Navotas,14.4167,121.2268
PH,Philippines,Asia,South-Eastern Asia,MDC,Occidental Mindoro,Paagahan,14.4447,121.401
PH,Philippines,Asia,South-Eastern Asia,MDC,Occidental Mindoro,Pagsañgahan,13.21583,122.54306
PH,Philippines,Asia,South-Eastern Asia,MDC,Occidental Mindoro,Paiisa,13.92629,121.35415
PH,Philippines,Asia,South-Eastern Asia,MDC,Occidental Mindoro,Palahanan Uno,13.83113,121.35639
PH,Philippines,Asia,South-Eastern Asia,MDC,Occidental Mindoro,Palangue,14.28417,120.81139
PH,Philippines,Asia,South-Eastern Asia,MDC,Occidental Mindoro,Pangao,13.91722,121.12556
PH,Philippines,Asia,South-Eastern Asia,MDC,Occidental Mindoro,Panikihan,13.9083,122.131
PH,Philippines,Asia,South-Eastern Asia,MDC,Occidental Mindoro,Pansol,13.8866,121.2432
PH,Philippines,Asia,South-Eastern Asia,MDC,Occidental Mindoro,Pansoy,13.18177,122.59989
PH,Philippines,Asia,South-Eastern Asia,MDC,Occidental Mindoro,Pantay Na Matanda,14.1175,121.12111
PH,Philippines,Asia,South-Eastern Asia,MDC,Occidental Mindoro,Pantijan No 2,14.23306,120.80056
PH,Philippines,Asia,South-Eastern Asia,MDC,Occidental Mindoro,Paradahan,14.32123,120.86059
PH,Philippines,Asia,South-Eastern Asia,MDC,Occidental Mindoro,Pasong Kawayan Primero,14.34317,120.88157
PH,Philippines,Asia,South-Eastern Asia,MDC,Occidental Mindoro,Patabog,13.4432,122.4557
PH,Philippines,Asia,South-Eastern Asia,MDC,Occidental Mindoro,Patuto,14.11667,120.96667
PH,Philippines,Asia,South-Eastern Asia,MDC,Occidental Mindoro,Payapa,13.99803,120.89207
PH,Philippines,Asia,South-Eastern Asia,MDC,Occidental Mindoro,Pinagsibaan,13.83479,121.32118
PH,Philippines,Asia,South-Eastern Asia,MDC,Occidental Mindoro,Pinugay,14.5967,121.2623
PH,Philippines,Asia,South-Eastern Asia,MDC,Occidental Mindoro,Poctol,13.82095,121.44184
PH,Philippines,Asia,South-Eastern Asia,MDC,Occidental Mindoro,Prinza,13.99679,120.65409
PH,Philippines,Asia,South-Eastern Asia,MDC,Occidental Mindoro,Progreso,13.9083,122.0906
PH,Philippines,Asia,South-Eastern Asia,MDC,Occidental Mindoro,Pulangbato,13.75387,121.39266
PH,Philippines,Asia,South-Eastern Asia,MDC,Occidental Mindoro,Pulo,14.71462,121.63293
PH,Philippines,Asia,South-Eastern Asia,MDC,Occidental Mindoro,Pulong Santa Cruz,14.27324,121.07643
PH,Philippines,Asia,South-Eastern Asia,MDC,Occidental Mindoro,Punta,14.2914,121.3074
PH,Philippines,Asia,South-Eastern Asia,MDC,Occidental Mindoro,Puting Kahoy,14.2157,121.031
PH,Philippines,Asia,South-Eastern Asia,MDC,Occidental Mindoro,Putol,13.9922,120.7275
PH,Philippines,Asia,South-Eastern Asia,MDC,Occidental Mindoro,Quilo-quilo,13.8638,121.2209
PH,Philippines,Asia,South-Eastern Asia,MDC,Occidental Mindoro,Quipot,13.9556,121.31903
PH,Philippines,Asia,South-Eastern Asia,MDC,Occidental Mindoro,Quisao,14.4347,121.3344
PH,Philippines,Asia,South-Eastern Asia,MDC,Occidental Mindoro,Rizal,14.10944,121.3936
PH,Philippines,Asia,South-Eastern Asia,MDC,Occidental Mindoro,Sabang,14.30556,120.80361
PH,Philippines,Asia,South-Eastern Asia,MDC,Occidental Mindoro,Sampiro,13.78417,121.38417
PH,Philippines,Asia,South-Eastern Asia,MDC,Occidental Mindoro,San Carlos,13.8422,121.2416
PH,Philippines,Asia,South-Eastern Asia,MDC,Occidental Mindoro,San Celestio,13.9258,121.2349
PH,Philippines,Asia,South-Eastern Asia,MDC,Occidental Mindoro,San Diego,14.0422,120.6255
PH,Philippines,Asia,South-Eastern Asia,MDC,Occidental Mindoro,San Francisco,13.7911,122.2876
PH,Philippines,Asia,South-Eastern Asia,MDC,Occidental Mindoro,San Gregorio,14.0297,121.2639
PH,Philippines,Asia,South-Eastern Asia,MDC,Occidental Mindoro,San Isidro,13.6325,122.2428
PH,Philippines,Asia,South-Eastern Asia,MDC,Occidental Mindoro,San Joaquin,14.04695,121.21864
PH,Philippines,Asia,South-Eastern Asia,MDC,Occidental Mindoro,San Miguel,13.874,121.1983
PH,Philippines,Asia,South-Eastern Asia,MDC,Occidental Mindoro,San Pablo,14.0683,121.3256
PH,Philippines,Asia,South-Eastern Asia,MDC,Occidental Mindoro,San Pedro,14.3595,121.0473
PH,Philippines,Asia,South-Eastern Asia,MDC,Occidental Mindoro,San Pedro One,14.05341,121.14536
PH,Philippines,Asia,South-Eastern Asia,MDC,Occidental Mindoro,San Rafael,14.1284,121.4147
PH,Philippines,Asia,South-Eastern Asia,MDC,Occidental Mindoro,San Vicente,13.8967,122.2047
PH,Philippines,Asia,South-Eastern Asia,MDC,Occidental Mindoro,Santa Catalina Norte,13.87083,121.3575
PH,Philippines,Asia,South-Eastern Asia,MDC,Occidental Mindoro,Santa Catalina Sur,13.87384,121.43104
PH,Philippines,Asia,South-Eastern Asia,MDC,Occidental Mindoro,Santa Cecilia,14.1054,122.2016
PH,Philippines,Asia,South-Eastern Asia,MDC,Occidental Mindoro,Santa Clara,13.75361,121.06056
PH,Philippines,Asia,South-Eastern Asia,MDC,Occidental Mindoro,Santa Cruz,14.2814,121.4161
PH,Philippines,Asia,South-Eastern Asia,MDC,Occidental Mindoro,Santa Lucia,14.0349,121.4312
PH,Philippines,Asia,South-Eastern Asia,MDC,Occidental Mindoro,Santa Rita Aplaya,13.77173,121.03492
PH,Philippines,Asia,South-Eastern Asia,MDC,Occidental Mindoro,Santiago,14.0211,121.2792
PH,Philippines,Asia,South-Eastern Asia,MDC,Occidental Mindoro,Santisimo Rosario,13.99661,121.30918
PH,Philippines,Asia,South-Eastern Asia,MDC,Occidental Mindoro,Santo Niño,13.8489,121.1328
PH,Philippines,Asia,South-Eastern Asia,MDC,Occidental Mindoro,Santor,14.09549,121.10874
PH,Philippines,Asia,South-Eastern Asia,MDC,Occidental Mindoro,Sico Uno,13.8301,121.37123
PH,Philippines,Asia,South-Eastern Asia,MDC,Occidental Mindoro,Silongin,13.2999,122.5217
PH,Philippines,Asia,South-Eastern Asia,MDC,Occidental Mindoro,Sinala,13.8057,120.97463
PH,Philippines,Asia,South-Eastern Asia,MDC,Occidental Mindoro,Sinisian,13.9156,120.84401
PH,Philippines,Asia,South-Eastern Asia,MDC,Occidental Mindoro,Solo,13.74691,120.90119
PH,Philippines,Asia,South-Eastern Asia,MDC,Occidental Mindoro,Tagbacan Ibaba,13.6028,122.3687
PH,Philippines,Asia,South-Eastern Asia,MDC,Occidental Mindoro,Tagkawayan Sabang,13.9909,122.5298
PH,Philippines,Asia,South-Eastern Asia,MDC,Occidental Mindoro,Tala,13.2742,122.5859
PH,Philippines,Asia,South-Eastern Asia,MDC,Occidental Mindoro,Talaga,13.73646,120.93618
PH,Philippines,Asia,South-Eastern Asia,MDC,Occidental Mindoro,Talahib Payap,13.66083,121.13639
PH,Philippines,Asia,South-Eastern Asia,MDC,Occidental Mindoro,Talahiban I,13.80645,121.38116
PH,Philippines,Asia,South-Eastern Asia,MDC,Occidental Mindoro,Talaibon,13.8378,121.1398
PH,Philippines,Asia,South-Eastern Asia,MDC,Occidental Mindoro,Talipan,13.93333,121.68333
PH,Philippines,Asia,South-Eastern Asia,MDC,Occidental Mindoro,Tayabas Ibaba,13.6222,122.2814
PH,Philippines,Asia,South-Eastern Asia,MDC,Occidental Mindoro,Taywanak Ilaya,14.15759,120.84655
PH,Philippines,Asia,South-Eastern Asia,MDC,Occidental Mindoro,Tignoan,14.56522,121.61786
PH,Philippines,Asia,South-Eastern Asia,MDC,Occidental Mindoro,Tipaz,13.8285,121.42506
PH,Philippines,Asia,South-Eastern Asia,MDC,Occidental Mindoro,Toong,14.07063,120.76333
PH,Philippines,Asia,South-Eastern Asia,MDC,Occidental Mindoro,Tranca,14.11815,121.05741
PH,Philippines,Asia,South-Eastern Asia,MDC,Occidental Mindoro,Tuhian,13.6222,122.2178
PH,Philippines,Asia,South-Eastern Asia,MDC,Occidental Mindoro,Tulay,14.26969,120.76925
PH,Philippines,Asia,South-Eastern Asia,MDC,Occidental Mindoro,Tumalim,14.0801,120.7231
PH,Philippines,Asia,South-Eastern Asia,MDC,Occidental Mindoro,Victoria,14.2277,121.3292
PH,Philippines,Asia,South-Eastern Asia,MDC,Occidental Mindoro,Wawa,13.7401,121.0529
PH,Philippines,Asia,South-Eastern Asia,MDC,Occidental Mindoro,Yuni,13.4124,122.4846
PH,Philippines,Asia,South-Eastern Asia,MDR,Oriental Mindoro,Abra de Ilog,13.4437,120.7291
PH,Philippines,Asia,South-Eastern Asia,MDR,Oriental Mindoro,Adela,12.44164,120.97291
PH,Philippines,Asia,South-Eastern Asia,MDR,Oriental Mindoro,Agcogon,12.06146,121.95911
PH,Philippines,Asia,South-Eastern Asia,MDR,Oriental Mindoro,Alad,12.61682,122.24751
PH,Philippines,Asia,South-Eastern Asia,MDR,Oriental Mindoro,Alemanguan,10.61177,119.3268
PH,Philippines,Asia,South-Eastern Asia,MDR,Oriental Mindoro,Algeciras,11.4154,120.8168
PH,Philippines,Asia,South-Eastern Asia,MDR,Oriental Mindoro,Alibug,12.22906,121.22811
PH,Philippines,Asia,South-Eastern Asia,MDR,Oriental Mindoro,Anilao,12.71402,121.51242
PH,Philippines,Asia,South-Eastern Asia,MDR,Oriental Mindoro,Apitong,13.2391,121.2075
PH,Philippines,Asia,South-Eastern Asia,MDR,Oriental Mindoro,Apurawan,9.5994,118.3489
PH,Philippines,Asia,South-Eastern Asia,MDR,Oriental Mindoro,Aramawayan,9.34247,118.1623
PH,Philippines,Asia,South-Eastern Asia,MDR,Oriental Mindoro,Aramayuan,9.17008,118.1872
PH,Philippines,Asia,South-Eastern Asia,MDR,Oriental Mindoro,Aurora,13.2322,121.1203
PH,Philippines,Asia,South-Eastern Asia,MDR,Oriental Mindoro,Babug,12.37325,121.04171
PH,Philippines,Asia,South-Eastern Asia,MDR,Oriental Mindoro,Baco,13.3573,121.0983
PH,Philippines,Asia,South-Eastern Asia,MDR,Oriental Mindoro,Bacungan,9.91056,118.70222
PH,Philippines,Asia,South-Eastern Asia,MDR,Oriental Mindoro,Bagong Sikat,12.36745,121.06171
PH,Philippines,Asia,South-Eastern Asia,MDR,Oriental Mindoro,Baheli,10.01369,118.77294
PH,Philippines,Asia,South-Eastern Asia,MDR,Oriental Mindoro,Balanacan,13.5289,121.8677
PH,Philippines,Asia,South-Eastern Asia,MDR,Oriental Mindoro,Balatero,13.5021,120.9244
PH,Philippines,Asia,South-Eastern Asia,MDR,Oriental Mindoro,Balugo,12.57923,121.43931
PH,Philippines,Asia,South-Eastern Asia,MDR,Oriental Mindoro,Banos,12.64553,120.90972
PH,Philippines,Asia,South-Eastern Asia,MDR,Oriental Mindoro,Bansud,12.865,121.45639
PH,Philippines,Asia,South-Eastern Asia,MDR,Oriental Mindoro,Barahan,13.0121,120.762
PH,Philippines,Asia,South-Eastern Asia,MDR,Oriental Mindoro,Barong Barong,8.8535,117.8939
PH,Philippines,Asia,South-Eastern Asia,MDR,Oriental Mindoro,Batarasa,8.67335,117.62795
PH,Philippines,Asia,South-Eastern Asia,MDR,Oriental Mindoro,Batasan,12.76667,120.78333
PH,Philippines,Asia,South-Eastern Asia,MDR,Oriental Mindoro,Bayuin,13.0411,121.38852
PH,Philippines,Asia,South-Eastern Asia,MDR,Oriental Mindoro,Bintacay,13.4986,121.8768
PH,Philippines,Asia,South-Eastern Asia,MDR,Oriental Mindoro,Bulalacao,12.32535,121.34351
PH,Philippines,Asia,South-Eastern Asia,MDR,Oriental Mindoro,Buluang,12.23336,119.87581
PH,Philippines,Asia,South-Eastern Asia,MDR,Oriental Mindoro,Bunog,9.14028,117.78167
PH,Philippines,Asia,South-Eastern Asia,MDR,Oriental Mindoro,Burirao,9.2,118.1
PH,Philippines,Asia,South-Eastern Asia,MDR,Oriental Mindoro,Buyabod,13.4666,122.0526
PH,Philippines,Asia,South-Eastern Asia,MDR,Oriental Mindoro,Cabacao,13.3356,120.6588
PH,Philippines,Asia,South-Eastern Asia,MDR,Oriental Mindoro,Cabra,13.88833,120.04944
PH,Philippines,Asia,South-Eastern Asia,MDR,Oriental Mindoro,Cagayan,6.9747,118.5144
PH,Philippines,Asia,South-Eastern Asia,MDR,Oriental Mindoro,Caigangan,13.25811,121.93363
PH,Philippines,Asia,South-Eastern Asia,MDR,Oriental Mindoro,Cajimos,12.59463,122.27531
PH,Philippines,Asia,South-Eastern Asia,MDR,Oriental Mindoro,Calamundingan,12.93101,121.47062
PH,Philippines,Asia,South-Eastern Asia,MDR,Oriental Mindoro,Calapan,13.4117,121.1803
PH,Philippines,Asia,South-Eastern Asia,MDR,Oriental Mindoro,Calatugas,9.16898,118.2235
PH,Philippines,Asia,South-Eastern Asia,MDR,Oriental Mindoro,Calintaan,12.56667,120.93333
PH,Philippines,Asia,South-Eastern Asia,MDR,Oriental Mindoro,Caminauit,12.33135,121.08251
PH,Philippines,Asia,South-Eastern Asia,MDR,Oriental Mindoro,Cantel,12.6176,121.5136
PH,Philippines,Asia,South-Eastern Asia,MDR,Oriental Mindoro,Canubing No 2,13.35,121.13333
PH,Philippines,Asia,South-Eastern Asia,MDR,Oriental Mindoro,Caramay,10.1815,119.236
PH,Philippines,Asia,South-Eastern Asia,MDR,Oriental Mindoro,Caruray,10.3094,119.0128
PH,Philippines,Asia,South-Eastern Asia,MDR,Oriental Mindoro,Casian,11.035,119.7136
PH,Philippines,Asia,South-Eastern Asia,MDR,Oriental Mindoro,Cawayan,12.6557,121.5456
PH,Philippines,Asia,South-Eastern Asia,MDR,Oriental Mindoro,Concepcion,12.3975,122.09361
PH,Philippines,Asia,South-Eastern Asia,MDR,Oriental Mindoro,Conduaga,8.862,117.4893
PH,Philippines,Asia,South-Eastern Asia,MDR,Oriental Mindoro,Dapawan,12.40694,122.02778
PH,Philippines,Asia,South-Eastern Asia,MDR,Oriental Mindoro,Daykitin,13.27073,121.91086
PH,Philippines,Asia,South-Eastern Asia,MDR,Oriental Mindoro,Dobdoban,12.5747,122.1138
PH,Philippines,Asia,South-Eastern Asia,MDR,Oriental Mindoro,Dulangan,13.3051,121.1129
PH,Philippines,Asia,South-Eastern Asia,MDR,Oriental Mindoro,Eraan,9.06289,117.7016
PH,Philippines,Asia,South-Eastern Asia,MDR,Oriental Mindoro,España,12.38414,122.49901
PH,Philippines,Asia,South-Eastern Asia,MDR,Oriental Mindoro,Estrella,13.32898,121.31092
PH,Philippines,Asia,South-Eastern Asia,MDR,Oriental Mindoro,Evangelista,13.3335,121.0972
PH,Philippines,Asia,South-Eastern Asia,MDR,Oriental Mindoro,Gabawan,12.42714,122.01332
PH,Philippines,Asia,South-Eastern Asia,MDR,Oriental Mindoro,Gloria,12.98333,121.46667
PH,Philippines,Asia,South-Eastern Asia,MDR,Oriental Mindoro,Guinlo,10.8009,119.4383
PH,Philippines,Asia,South-Eastern Asia,MDR,Oriental Mindoro,Harrison,13.45,120.43333
PH,Philippines,Asia,South-Eastern Asia,MDR,Oriental Mindoro,Ipil,13.5132,121.9841
PH,Philippines,Asia,South-Eastern Asia,MDR,Oriental Mindoro,Ipilan,8.84306,117.90333
PH,Philippines,Asia,South-Eastern Asia,MDR,Oriental Mindoro,Irahuan,9.80798,118.69191
PH,Philippines,Asia,South-Eastern Asia,MDR,Oriental Mindoro,Iraray,8.99361,118.05111
PH,Philippines,Asia,South-Eastern Asia,MDR,Oriental Mindoro,Irirum,12.61603,120.93061
PH,Philippines,Asia,South-Eastern Asia,MDR,Oriental Mindoro,Isugod,9.34077,118.1196
PH,Philippines,Asia,South-Eastern Asia,MDR,Oriental Mindoro,La Curva,12.40484,121.04591
PH,Philippines,Asia,South-Eastern Asia,MDR,Oriental Mindoro,Labasan,12.77732,121.46922
PH,Philippines,Asia,South-Eastern Asia,MDR,Oriental Mindoro,Labog,9.0558,118.0495
PH,Philippines,Asia,South-Eastern Asia,MDR,Oriental Mindoro,Lanas,12.04946,121.91851
PH,Philippines,Asia,South-Eastern Asia,MDR,Oriental Mindoro,Laylay,13.4391,121.8202
PH,Philippines,Asia,South-Eastern Asia,MDR,Oriental Mindoro,Leuteboro,13.061,121.37472
PH,Philippines,Asia,South-Eastern Asia,MDR,Oriental Mindoro,Libas,13.24167,121.95555
PH,Philippines,Asia,South-Eastern Asia,MDR,Oriental Mindoro,Libertad,12.45412,122.00828
PH,Philippines,Asia,South-Eastern Asia,MDR,Oriental Mindoro,Ligaya,12.65993,120.89231
PH,Philippines,Asia,South-Eastern Asia,MDR,Oriental Mindoro,Limanancong,10.9893,119.3593
PH,Philippines,Asia,South-Eastern Asia,MDR,Oriental Mindoro,Limon,12.3,122.01667
PH,Philippines,Asia,South-Eastern Asia,MDR,Oriental Mindoro,Lubang,13.85835,120.12402
PH,Philippines,Asia,South-Eastern Asia,MDR,Oriental Mindoro,Lumangbayan,13.0483,121.49872
PH,Philippines,Asia,South-Eastern Asia,MDR,Oriental Mindoro,Magbay,12.41014,121.08991
PH,Philippines,Asia,South-Eastern Asia,MDR,Oriental Mindoro,Malamig,12.95,121.36667
PH,Philippines,Asia,South-Eastern Asia,MDR,Oriental Mindoro,Malibago,13.2783,122.0228
PH,Philippines,Asia,South-Eastern Asia,MDR,Oriental Mindoro,Maliig,13.84556,120.15032
PH,Philippines,Asia,South-Eastern Asia,MDR,Oriental Mindoro,Malitbog,12.75212,121.46591
PH,Philippines,Asia,South-Eastern Asia,MDR,Oriental Mindoro,Maluanluan,13.0967,121.42352
PH,Philippines,Asia,South-Eastern Asia,MDR,Oriental Mindoro,Mamburao,13.2233,120.596
PH,Philippines,Asia,South-Eastern Asia,MDR,Oriental Mindoro,Manaul,12.453,121.4107
PH,Philippines,Asia,South-Eastern Asia,MDR,Oriental Mindoro,Mangarine,12.35115,121.09801
PH,Philippines,Asia,South-Eastern Asia,MDR,Oriental Mindoro,Mansalay,12.52044,121.43851
PH,Philippines,Asia,South-Eastern Asia,MDR,Oriental Mindoro,Masaguisi,12.75452,121.44841
PH,Philippines,Asia,South-Eastern Asia,MDR,Oriental Mindoro,Masiga,13.3607,121.8278
PH,Philippines,Asia,South-Eastern Asia,MDR,Oriental Mindoro,Mauhao,12.29015,121.30071
PH,Philippines,Asia,South-Eastern Asia,MDR,Oriental Mindoro,Nagiba,13.33018,121.27432
PH,Philippines,Asia,South-Eastern Asia,MDR,Oriental Mindoro,Naujan,13.32328,121.30282
PH,Philippines,Asia,South-Eastern Asia,MDR,Oriental Mindoro,New Agutaya,10.56139,119.30778
PH,Philippines,Asia,South-Eastern Asia,MDR,Oriental Mindoro,Odala,13.4776,120.8223
PH,Philippines,Asia,South-Eastern Asia,MDR,Oriental Mindoro,Odiong,12.5931,121.5032
PH,Philippines,Asia,South-Eastern Asia,MDR,Oriental Mindoro,Osmeña,10.52083,119.92583
PH,Philippines,Asia,South-Eastern Asia,MDR,Oriental Mindoro,Paclolo,12.37675,121.17351
PH,Philippines,Asia,South-Eastern Asia,MDR,Oriental Mindoro,Paluan,13.416,120.4623
PH,Philippines,Asia,South-Eastern Asia,MDR,Oriental Mindoro,Pambisan,13.0137,121.41282
PH,Philippines,Asia,South-Eastern Asia,MDR,Oriental Mindoro,Panacan,9.24627,118.4082
PH,Philippines,Asia,South-Eastern Asia,MDR,Oriental Mindoro,Panalingaan,8.78417,117.42306
PH,Philippines,Asia,South-Eastern Asia,MDR,Oriental Mindoro,Pancol,10.8715,119.4157
PH,Philippines,Asia,South-Eastern Asia,MDR,Oriental Mindoro,Pañgobilian,8.80111,117.85944
PH,Philippines,Asia,South-Eastern Asia,MDR,Oriental Mindoro,Pangulayan,13.0398,121.44792
PH,Philippines,Asia,South-Eastern Asia,MDR,Oriental Mindoro,Panique,12.48025,122.01462
PH,Philippines,Asia,South-Eastern Asia,MDR,Oriental Mindoro,Panitian,9.0965,118.0864
PH,Philippines,Asia,South-Eastern Asia,MDR,Oriental Mindoro,Panlaitan,12.11907,119.84861
PH,Philippines,Asia,South-Eastern Asia,MDR,Oriental Mindoro,Pato-o,12.43025,122.0664
PH,Philippines,Asia,South-Eastern Asia,MDR,Oriental Mindoro,Pinagsabangan,13.26559,121.26812
PH,Philippines,Asia,South-Eastern Asia,MDR,Oriental Mindoro,Pinamalayan,13.04603,121.46205
PH,Philippines,Asia,South-Eastern Asia,MDR,Oriental Mindoro,Pola,13.14379,121.44152
PH,Philippines,Asia,South-Eastern Asia,MDR,Oriental Mindoro,Port Barton,10.47556,119.24722
PH,Philippines,Asia,South-Eastern Asia,MDR,Oriental Mindoro,Puerto Galera,13.50223,120.95166
PH,Philippines,Asia,South-Eastern Asia,MDR,Oriental Mindoro,Punang,9.0169,118.0495
PH,Philippines,Asia,South-Eastern Asia,MDR,Oriental Mindoro,Punta,12.2441,122.0097
PH,Philippines,Asia,South-Eastern Asia,MDR,Oriental Mindoro,Quinabigan,12.9936,121.47812
PH,Philippines,Asia,South-Eastern Asia,MDR,Oriental Mindoro,Ransang,8.96028,117.58278
PH,Philippines,Asia,South-Eastern Asia,MDR,Oriental Mindoro,Rio Tuba,8.50613,117.43169
PH,Philippines,Asia,South-Eastern Asia,MDR,Oriental Mindoro,Rizal,12.46667,120.96667
PH,Philippines,Asia,South-Eastern Asia,MDR,Oriental Mindoro,Roxas,10.3215,119.3451
PH,Philippines,Asia,South-Eastern Asia,MDR,Oriental Mindoro,Saaban,13.13049,121.36872
PH,Philippines,Asia,South-Eastern Asia,MDR,Oriental Mindoro,Sabang,13.5092,120.9737
PH,Philippines,Asia,South-Eastern Asia,MDR,Oriental Mindoro,Sablayan,12.8346,120.769
PH,Philippines,Asia,South-Eastern Asia,MDR,Oriental Mindoro,Sagana,12.72252,121.48672
PH,Philippines,Asia,South-Eastern Asia,MDR,Oriental Mindoro,Salcedo,12.81052,121.46742
PH,Philippines,Asia,South-Eastern Asia,MDR,Oriental Mindoro,Salvacion,12.13287,119.93281
PH,Philippines,Asia,South-Eastern Asia,MDR,Oriental Mindoro,San Agustin,12.41984,120.98931
PH,Philippines,Asia,South-Eastern Asia,MDR,Oriental Mindoro,San Aquilino,12.59743,121.48671
PH,Philippines,Asia,South-Eastern Asia,MDR,Oriental Mindoro,San Mariano,12.64143,121.43791
PH,Philippines,Asia,South-Eastern Asia,MDR,Oriental Mindoro,San Miguel,11.4924,119.8703
PH,Philippines,Asia,South-Eastern Asia,MDR,Oriental Mindoro,San Pedro,12.46084,121.01041
PH,Philippines,Asia,South-Eastern Asia,MDR,Oriental Mindoro,San Teodoro,13.43354,121.0144
PH,Philippines,Asia,South-Eastern Asia,MDR,Oriental Mindoro,San Vicente,10.53033,119.25423
PH,Philippines,Asia,South-Eastern Asia,MDR,Oriental Mindoro,Santa Brigida,12.56783,121.48901
PH,Philippines,Asia,South-Eastern Asia,MDR,Oriental Mindoro,Santa Cruz,13.4758,122.0275
PH,Philippines,Asia,South-Eastern Asia,MDR,Oriental Mindoro,Santa Maria,12.57883,121.46041
PH,Philippines,Asia,South-Eastern Asia,MDR,Oriental Mindoro,Santa Teresa,12.25186,121.11251
PH,Philippines,Asia,South-Eastern Asia,MDR,Oriental Mindoro,Saraza,8.73556,117.78
PH,Philippines,Asia,South-Eastern Asia,MDR,Oriental Mindoro,Socorro,13.0669,121.39858
PH,Philippines,Asia,South-Eastern Asia,MDR,Oriental Mindoro,Suba,10.82512,121.0069
PH,Philippines,Asia,South-Eastern Asia,MDR,Oriental Mindoro,Sumagui,12.79532,121.47401
PH,Philippines,Asia,South-Eastern Asia,MDR,Oriental Mindoro,Tabinay,13.4871,120.9566
PH,Philippines,Asia,South-Eastern Asia,MDR,Oriental Mindoro,Tabon,9.23877,117.9946
PH,Philippines,Asia,South-Eastern Asia,MDR,Oriental Mindoro,Tacligan,13.3975,121.0626
PH,Philippines,Asia,South-Eastern Asia,MDR,Oriental Mindoro,Taclobo,12.30744,122.58601
PH,Philippines,Asia,South-Eastern Asia,MDR,Oriental Mindoro,Tagbak,13.84166,120.08872
PH,Philippines,Asia,South-Eastern Asia,MDR,Oriental Mindoro,Tagbita,8.71331,117.35046
PH,Philippines,Asia,South-Eastern Asia,MDR,Oriental Mindoro,Tagburos,9.82861,118.73194
PH,Philippines,Asia,South-Eastern Asia,MDR,Oriental Mindoro,Tagusao,9.19238,117.8141
PH,Philippines,Asia,South-Eastern Asia,MDR,Oriental Mindoro,Tambong,12.96391,121.48462
PH,Philippines,Asia,South-Eastern Asia,MDR,Oriental Mindoro,Tampayan,12.49411,122.53309
PH,Philippines,Asia,South-Eastern Asia,MDR,Oriental Mindoro,Tangal,13.84536,120.10082
PH,Philippines,Asia,South-Eastern Asia,MDR,Oriental Mindoro,Tarusan,8.65461,117.5104
PH,Philippines,Asia,South-Eastern Asia,MDR,Oriental Mindoro,Tayaman,13.2295,120.5726
PH,Philippines,Asia,South-Eastern Asia,MDR,Oriental Mindoro,Tigui,13.2681,122.0415
PH,Philippines,Asia,South-Eastern Asia,MDR,Oriental Mindoro,Tiguion,13.3347,121.861
PH,Philippines,Asia,South-Eastern Asia,MDR,Oriental Mindoro,Tiguisan,12.83941,121.46052
PH,Philippines,Asia,South-Eastern Asia,MDR,Oriental Mindoro,Tilik,13.81436,120.20022
PH,Philippines,Asia,South-Eastern Asia,MDR,Oriental Mindoro,Tiniguiban,11.3574,119.5049
PH,Philippines,Asia,South-Eastern Asia,MDR,Oriental Mindoro,Tomingad,12.44311,122.02106
PH,Philippines,Asia,South-Eastern Asia,MDR,Oriental Mindoro,Tuban,12.8122,120.8323
PH,Philippines,Asia,South-Eastern Asia,MDR,Oriental Mindoro,Tugdan,12.3134,122.0853
PH,Philippines,Asia,South-Eastern Asia,MDR,Oriental Mindoro,Tumarbong,10.37659,119.4579
PH,Philippines,Asia,South-Eastern Asia,MDR,Oriental Mindoro,Victoria,13.17722,121.27806
PH,Philippines,Asia,South-Eastern Asia,MDR,Oriental Mindoro,Vigo,13.82666,120.17922
PH,Philippines,Asia,South-Eastern Asia,MDR,Oriental Mindoro,Wawa,13.4632,120.7441
PH,Philippines,Asia,South-Eastern Asia,MDR,Oriental Mindoro,Yook,13.22608,121.964
PH,Philippines,Asia,South-Eastern Asia,PLW,Palawan,Aborlan,9.5025208,118.2883196
PH,Philippines,Asia,South-Eastern Asia,PLW,Palawan,Agutaya,11.2934143,120.6020941
PH,Philippines,Asia,South-Eastern Asia,PLW,Palawan,Araceli,10.6057493,119.7070516
PH,Philippines,Asia,South-Eastern Asia,PLW,Palawan,Balabac,7.9271313,116.8064888
PH,Philippines,Asia,South-Eastern Asia,PLW,Palawan,Bataraza,8.5629846,117.0983991
PH,Philippines,Asia,South-Eastern Asia,PLW,Palawan,Brooke's Point,8.8337758,117.684844
PH,Philippines,Asia,South-Eastern Asia,PLW,Palawan,Busuanga,12.1603927,119.7576981
PH,Philippines,Asia,South-Eastern Asia,PLW,Palawan,Cagayancillo,9.2393822,119.8979921
PH,Philippines,Asia,South-Eastern Asia,PLW,Palawan,Coron,12.0185529,119.8849788
PH,Philippines,Asia,South-Eastern Asia,PLW,Palawan,Culion,11.822059,119.8272638
PH,Philippines,Asia,South-Eastern Asia,PLW,Palawan,Cuyo,11.0195282,120.5182374
PH,Philippines,Asia,South-Eastern Asia,PLW,Palawan,Dumaran,10.5352966,119.3710244
PH,Philippines,Asia,South-Eastern Asia,PLW,Palawan,El Nido,11.2050319,119.241272
PH,Philippines,Asia,South-Eastern Asia,PLW,Palawan,Kalayaan,8.9984189,112.5987929
PH,Philippines,Asia,South-Eastern Asia,PLW,Palawan,Linapacan,11.4415667,119.5787348
PH,Philippines,Asia,South-Eastern Asia,PLW,Palawan,Magsaysay,10.8943745,120.6969369
PH,Philippines,Asia,South-Eastern Asia,PLW,Palawan,Narra,9.2807615,117.9631433
PH,Philippines,Asia,South-Eastern Asia,PLW,Palawan,Puerto Princesa,9.9126253,118.4438905
PH,Philippines,Asia,South-Eastern Asia,PLW,Palawan,Quezon,9.2765052,117.6969823
PH,Philippines,Asia,South-Eastern Asia,PLW,Palawan,Rizal,8.793808,117.2073068
PH,Philippines,Asia,South-Eastern Asia,PLW,Palawan,Roxas,10.2902222,118.9867217
PH,Philippines,Asia,South-Eastern Asia,PLW,Palawan,San Vicente,10.503205,118.8459229
PH,Philippines,Asia,South-Eastern Asia,PLW,Palawan,Sofronio Española,9.0403254,117.8417425
PH,Philippines,Asia,South-Eastern Asia,PLW,Palawan,Taytay,10.860694,119.1518128
PH,Philippines,Asia,South-Eastern Asia,PAM,Pampanga,Angeles City,15.1464935,120.4772176
PH,Philippines,Asia,South-Eastern Asia,PAM,Pampanga,Apalit,14.9551031,120.7227633
PH,Philippines,Asia,South-Eastern Asia,PAM,Pampanga,Arayat,15.188281,120.6693235
PH,Philippines,Asia,South-Eastern Asia,PAM,Pampanga,Bacolor,15.040231,120.5534186
PH,Philippines,Asia,South-Eastern Asia,PAM,Pampanga,Candaba,15.1119231,120.7896098
PH,Philippines,Asia,South-Eastern Asia,PAM,Pampanga,Floridablanca,14.9588868,120.3981564
PH,Philippines,Asia,South-Eastern Asia,PAM,Pampanga,Guagua,14.9706585,120.5182595
PH,Philippines,Asia,South-Eastern Asia,PAM,Pampanga,Lubao,14.8980179,120.47335
PH,Philippines,Asia,South-Eastern Asia,PAM,Pampanga,Mabalacat,15.224354,120.4721732
PH,Philippines,Asia,South-Eastern Asia,PAM,Pampanga,Macabebe,14.8569859,120.5938192
PH,Philippines,Asia,South-Eastern Asia,PAM,Pampanga,Magalang,15.237379,120.6142577
PH,Philippines,Asia,South-Eastern Asia,PAM,Pampanga,Masantol,14.8482106,120.6422734
PH,Philippines,Asia,South-Eastern Asia,PAM,Pampanga,Mexico,15.1115681,120.6187842
PH,Philippines,Asia,South-Eastern Asia,PAM,Pampanga,Minalin,14.9639216,120.6085499
PH,Philippines,Asia,South-Eastern Asia,PAM,Pampanga,Porac,15.1078598,120.3140977
PH,Philippines,Asia,South-Eastern Asia,PAM,Pampanga,San Fernando,15.0667258,120.5788705
PH,Philippines,Asia,South-Eastern Asia,PAM,Pampanga,San Luis,15.0255842,120.7347318
PH,Philippines,Asia,South-Eastern Asia,PAM,Pampanga,San Simon,15.0068406,120.7186386
PH,Philippines,Asia,South-Eastern Asia,PAM,Pampanga,Santa Ana,15.1036092,120.6694851
PH,Philippines,Asia,South-Eastern Asia,PAM,Pampanga,Santa Rita,15.0210161,120.5572046
PH,Philippines,Asia,South-Eastern Asia,PAM,Pampanga,Santo Tomas,15.0035235,120.6914887
PH,Philippines,Asia,South-Eastern Asia,PAM,Pampanga,Sasmuan,14.8734863,120.5363449
PH,Philippines,Asia,South-Eastern Asia,PAN,Pangasinan,Agno,16.1092991,119.73903
PH,Philippines,Asia,South-Eastern Asia,PAN,Pangasinan,Aguilar,15.8351945,120.1296941
PH,Philippines,Asia,South-Eastern Asia,PAN,Pangasinan,Alaminos,16.1442336,119.9074236
PH,Philippines,Asia,South-Eastern Asia,PAN,Pangasinan,Alcala,15.8493416,120.4472312
PH,Philippines,Asia,South-Eastern Asia,PAN,Pangasinan,Anda,16.2946966,119.8916813
PH,Philippines,Asia,South-Eastern Asia,PAN,Pangasinan,Asingan,15.9941267,120.5739601
PH,Philippines,Asia,South-Eastern Asia,PAN,Pangasinan,Balungao,15.8861969,120.618592
PH,Philippines,Asia,South-Eastern Asia,PAN,Pangasinan,Bani,16.2159173,119.7745332
PH,Philippines,Asia,South-Eastern Asia,PAN,Pangasinan,Basista,15.8772149,120.3568115
PH,Philippines,Asia,South-Eastern Asia,PAN,Pangasinan,Bautista,15.7994939,120.4311432
PH,Philippines,Asia,South-Eastern Asia,PAN,Pangasinan,Bayambang,15.791319,120.3777297
PH,Philippines,Asia,South-Eastern Asia,PAN,Pangasinan,Binalonan,16.0688147,120.5570496
PH,Philippines,Asia,South-Eastern Asia,PAN,Pangasinan,Binmaley,15.9993467,120.2500368
PH,Philippines,Asia,South-Eastern Asia,PAN,Pangasinan,Bolinao,16.3524798,119.7144183
PH,Philippines,Asia,South-Eastern Asia,PAN,Pangasinan,Bugallon,15.9090076,120.101988
PH,Philippines,Asia,South-Eastern Asia,PAN,Pangasinan,Burgos,16.019383,119.7583111
PH,Philippines,Asia,South-Eastern Asia,PAN,Pangasinan,Calasiao,15.9926322,120.3177987
PH,Philippines,Asia,South-Eastern Asia,PAN,Pangasinan,Dagupan,16.0614518,120.301645
PH,Philippines,Asia,South-Eastern Asia,PAN,Pangasinan,Dasol,15.9722498,119.7237523
PH,Philippines,Asia,South-Eastern Asia,PAN,Pangasinan,Infanta,15.8643127,119.8464044
PH,Philippines,Asia,South-Eastern Asia,PAN,Pangasinan,Labrador,15.9956439,120.0404259
PH,Philippines,Asia,South-Eastern Asia,PAN,Pangasinan,Laoac,16.0462759,120.4990758
PH,Philippines,Asia,South-Eastern Asia,PAN,Pangasinan,Lingayen,15.9908464,120.1316532
PH,Philippines,Asia,South-Eastern Asia,PAN,Pangasinan,Mabini,16.0269044,119.8143213
PH,Philippines,Asia,South-Eastern Asia,PAN,Pangasinan,Malasiqui,15.9093089,120.376335
PH,Philippines,Asia,South-Eastern Asia,PAN,Pangasinan,Manaoag,16.0430992,120.4554309
PH,Philippines,Asia,South-Eastern Asia,PAN,Pangasinan,Mangaldan,16.0641376,120.3603293
PH,Philippines,Asia,South-Eastern Asia,PAN,Pangasinan,Mangatarem,15.7411861,120.1153871
PH,Philippines,Asia,South-Eastern Asia,PAN,Pangasinan,Mapandan,16.0167273,120.4138889
PH,Philippines,Asia,South-Eastern Asia,PAN,Pangasinan,Natividad,16.0484491,120.7569351
PH,Philippines,Asia,South-Eastern Asia,PAN,Pangasinan,Pozorrubio,16.1135101,120.4409082
PH,Philippines,Asia,South-Eastern Asia,PAN,Pangasinan,Rosales,15.8733508,120.5966406
PH,Philippines,Asia,South-Eastern Asia,PAN,Pangasinan,San Carlos,15.9087026,120.2290924
PH,Philippines,Asia,South-Eastern Asia,PAN,Pangasinan,San Fabian,16.1542362,120.3450254
PH,Philippines,Asia,South-Eastern Asia,PAN,Pangasinan,San Jacinto,16.0857255,120.411314
PH,Philippines,Asia,South-Eastern Asia,PAN,Pangasinan,San Manuel,16.1150718,120.5945322
PH,Philippines,Asia,South-Eastern Asia,PAN,Pangasinan,San Nicolas,16.1220426,120.6112679
PH,Philippines,Asia,South-Eastern Asia,PAN,Pangasinan,San Quintin,15.9863768,120.738798
PH,Philippines,Asia,South-Eastern Asia,PAN,Pangasinan,Santa Barbara,15.9891582,120.3543623
PH,Philippines,Asia,South-Eastern Asia,PAN,Pangasinan,Santa Maria,15.9622731,120.6262527
PH,Philippines,Asia,South-Eastern Asia,PAN,Pangasinan,Santo Tomas,15.8691882,120.5323286
PH,Philippines,Asia,South-Eastern Asia,PAN,Pangasinan,Sison,16.1676104,120.4641062
PH,Philippines,Asia,South-Eastern Asia,PAN,Pangasinan,Sual,16.0972988,119.9668799
PH,Philippines,Asia,South-Eastern Asia,PAN,Pangasinan,Tayug,16.0128922,120.707344
PH,Philippines,Asia,South-Eastern Asia,PAN,Pangasinan,Umingan,15.8925427,120.7381034
PH,Philippines,Asia,South-Eastern Asia,PAN,Pangasinan,Urbiztondo,15.8239967,120.292138
PH,Philippines,Asia,South-Eastern Asia,PAN,Pangasinan,Urdaneta,15.9657018,120.4820551
PH,Philippines,Asia,South-Eastern Asia,PAN,Pangasinan,Villasis,15.9089946,120.4916852
PH,Philippines,Asia,South-Eastern Asia,QUE,Quezon,Agdangan,13.8825303,121.8821086
PH,Philippines,Asia,South-Eastern Asia,QUE,Quezon,Alabat,14.1121259,121.9842471
PH,Philippines,Asia,South-Eastern Asia,QUE,Quezon,Atimonan,13.9940522,121.7191443
PH,Philippines,Asia,South-Eastern Asia,QUE,Quezon,Buenavista,13.736339,122.3703536
PH,Philippines,Asia,South-Eastern Asia,QUE,Quezon,Burdeos,14.9277676,121.8939814
PH,Philippines,Asia,South-Eastern Asia,QUE,Quezon,Calauag,14.0671567,122.0864622
PH,Philippines,Asia,South-Eastern Asia,QUE,Quezon,Candelaria,13.9475193,121.3582053
PH,Philippines,Asia,South-Eastern Asia,QUE,Quezon,Catanauan,13.6359049,122.1391138
PH,Philippines,Asia,South-Eastern Asia,QUE,Quezon,Dolores,14.0200035,121.3172111
PH,Philippines,Asia,South-Eastern Asia,QUE,Quezon,General Luna,13.697421,122.1465929
PH,Philippines,Asia,South-Eastern Asia,QUE,Quezon,General Nakar,14.9061888,121.166837
PH,Philippines,Asia,South-Eastern Asia,QUE,Quezon,Guinayangan,13.9361048,122.273802
PH,Philippines,Asia,South-Eastern Asia,QUE,Quezon,Gumaca,13.872886,122.0442613
PH,Philippines,Asia,South-Eastern Asia,QUE,Quezon,Infanta,14.7222371,121.5722998
PH,Philippines,Asia,South-Eastern Asia,QUE,Quezon,Jomalig,14.7046429,122.2908315
PH,Philippines,Asia,South-Eastern Asia,QUE,Quezon,Lopez,13.8579015,122.1297584
PH,Philippines,Asia,South-Eastern Asia,QUE,Quezon,Lucban,14.1196594,121.4881857
PH,Philippines,Asia,South-Eastern Asia,QUE,Quezon,Lucena,13.9390517,121.5467734
PH,Philippines,Asia,South-Eastern Asia,QUE,Quezon,Macalelon,13.7552065,122.1048792
PH,Philippines,Asia,South-Eastern Asia,QUE,Quezon,Mauban,14.2499267,121.5566667
PH,Philippines,Asia,South-Eastern Asia,QUE,Quezon,Mulanay,13.5378561,122.297643
PH,Philippines,Asia,South-Eastern Asia,QUE,Quezon,Padre Burgos,13.9324842,121.7652925
PH,Philippines,Asia,South-Eastern Asia,QUE,Quezon,Pagbilao,13.9646066,121.6577656
PH,Philippines,Asia,South-Eastern Asia,QUE,Quezon,Panukulan,14.9848842,121.79473
PH,Philippines,Asia,South-Eastern Asia,QUE,Quezon,Patnanungan,14.7836143,122.0932921
PH,Philippines,Asia,South-Eastern Asia,QUE,Quezon,Perez,14.1732332,121.8774924
PH,Philippines,Asia,South-Eastern Asia,QUE,Quezon,Pitogo,13.7974718,122.0017108
PH,Philippines,Asia,South-Eastern Asia,QUE,Quezon,Plaridel,13.9420575,121.9777669
PH,Philippines,Asia,South-Eastern Asia,QUE,Quezon,Polillo,14.6460407,121.7819724
PH,Philippines,Asia,South-Eastern Asia,QUE,Quezon,Quezon,14.0646496,122.0383818
PH,Philippines,Asia,South-Eastern Asia,QUE,Quezon,Real,14.5446355,121.3789544
PH,Philippines,Asia,South-Eastern Asia,QUE,Quezon,Sampaloc,14.1919771,121.5297279
PH,Philippines,Asia,South-Eastern Asia,QUE,Quezon,San Andres,13.3274903,122.5730857
PH,Philippines,Asia,South-Eastern Asia,QUE,Quezon,San Antonio,13.9020927,121.223045
PH,Philippines,Asia,South-Eastern Asia,QUE,Quezon,San Francisco,13.3055945,122.400125
PH,Philippines,Asia,South-Eastern Asia,QUE,Quezon,San Narciso,13.5618461,122.3651918
PH,Philippines,Asia,South-Eastern Asia,QUE,Quezon,Sariaya,13.9352614,121.41783
PH,Philippines,Asia,South-Eastern Asia,QUE,Quezon,Tagkawayan,14.0347334,122.2417238
PH,Philippines,Asia,South-Eastern Asia,QUE,Quezon,Tayabas,14.0298514,121.4585406
PH,Philippines,Asia,South-Eastern Asia,QUE,Quezon,Tiaong,13.9196193,121.2529456
PH,Philippines,Asia,South-Eastern Asia,QUE,Quezon,Unisan,13.8580797,121.9258795
PH,Philippines,Asia,South-Eastern Asia,QUI,Quirino,Aglipay,16.4411345,121.5332441
PH,Philippines,Asia,South-Eastern Asia,QUI,Quirino,Cabarroguis,16.4462278,121.4172467
PH,Philippines,Asia,South-Eastern Asia,QUI,Quirino,Diffun,16.5343688,121.3134201
PH,Philippines,Asia,South-Eastern Asia,QUI,Quirino,Maddela,16.3787689,121.4568842
PH,Philippines,Asia,South-Eastern Asia,QUI,Quirino,Nagtipunan,16.1393277,121.2289419
PH,Philippines,Asia,South-Eastern Asia,QUI,Quirino,Saguday,16.5551493,121.499215
PH,Philippines,Asia,South-Eastern Asia,RIZ,Rizal,Angono,14.5390818,121.1268579
PH,Philippines,Asia,South-Eastern Asia,RIZ,Rizal,Antipolo,14.665471,121.0808988
PH,Philippines,Asia,South-Eastern Asia,RIZ,Rizal,Baras,14.5376064,121.2319458
PH,Philippines,Asia,South-Eastern Asia,RIZ,Rizal,Binangonan,14.4089376,121.1234654
PH,Philippines,Asia,South-Eastern Asia,RIZ,Rizal,Cainta,14.5923079,121.0819414
PH,Philippines,Asia,South-Eastern Asia,RIZ,Rizal,Cardona,14.4128356,121.1540039
PH,Philippines,Asia,South-Eastern Asia,RIZ,Rizal,Jalajala,14.3271074,121.3036957
PH,Philippines,Asia,South-Eastern Asia,RIZ,Rizal,Morong,14.5342292,121.1937358
PH,Philippines,Asia,South-Eastern Asia,RIZ,Rizal,Pililla,14.446851,121.2539402
PH,Philippines,Asia,South-Eastern Asia,RIZ,Rizal,Rodriguez,14.786272,121.0682285
PH,Philippines,Asia,South-Eastern Asia,RIZ,Rizal,San Mateo,14.6819184,121.1087716
PH,Philippines,Asia,South-Eastern Asia,RIZ,Rizal,Tanay,14.577794,121.191822
PH,Philippines,Asia,South-Eastern Asia,RIZ,Rizal,Taytay,14.5531965,121.0961171
PH,Philippines,Asia,South-Eastern Asia,RIZ,Rizal,Teresa,14.5670267,121.1875131
PH,Philippines,Asia,South-Eastern Asia,ROM,Romblon,Alcantara,12.2843761,121.9791181
PH,Philippines,Asia,South-Eastern Asia,ROM,Romblon,Banton,12.9546449,121.8251451
PH,Philippines,Asia,South-Eastern Asia,ROM,Romblon,Cajidiocan,12.4058277,122.6334286
PH,Philippines,Asia,South-Eastern Asia,ROM,Romblon,Calatrava,12.6334051,121.9854459
PH,Philippines,Asia,South-Eastern Asia,ROM,Romblon,Concepcion,12.9249668,121.6680469
PH,Philippines,Asia,South-Eastern Asia,ROM,Romblon,Corcuera,12.80927,122.0128503
PH,Philippines,Asia,South-Eastern Asia,ROM,Romblon,Ferrol,12.3416278,121.9070746
PH,Philippines,Asia,South-Eastern Asia,ROM,Romblon,Looc,12.2634617,121.9125655
PH,Philippines,Asia,South-Eastern Asia,ROM,Romblon,Magdiwang,12.4660619,122.4298772
PH,Philippines,Asia,South-Eastern Asia,ROM,Romblon,Odiongan,12.397599,121.9247247
PH,Philippines,Asia,South-Eastern Asia,ROM,Romblon,Romblon,12.5743452,122.1970614
PH,Philippines,Asia,South-Eastern Asia,ROM,Romblon,San Agustin,12.5575678,122.0351786
PH,Philippines,Asia,South-Eastern Asia,ROM,Romblon,San Andres,12.5403543,121.9621429
PH,Philippines,Asia,South-Eastern Asia,ROM,Romblon,San Fernando,12.3575738,122.3811536
PH,Philippines,Asia,South-Eastern Asia,ROM,Romblon,San Jose,12.0644551,121.8955411
PH,Philippines,Asia,South-Eastern Asia,ROM,Romblon,Santa Fe,12.1536632,121.9313296
PH,Philippines,Asia,South-Eastern Asia,ROM,Romblon,Santa Maria,12.4045696,122.0435348
PH,Philippines,Asia,South-Eastern Asia,SAR,Sarangani,Alabel,6.1548502,125.2198558
PH,Philippines,Asia,South-Eastern Asia,SAR,Sarangani,Glan,5.7545912,125.1670484
PH,Philippines,Asia,South-Eastern Asia,SAR,Sarangani,Kiamba,5.9815557,124.5266765
PH,Philippines,Asia,South-Eastern Asia,SAR,Sarangani,Maasim,5.9530426,124.8034392
PH,Philippines,Asia,South-Eastern Asia,SAR,Sarangani,Maitum,6.1201244,124.333375
PH,Philippines,Asia,South-Eastern Asia,SAR,Sarangani,Malapatan,5.9986111,125.2330845
PH,Philippines,Asia,South-Eastern Asia,SAR,Sarangani,Malungon,6.3602494,124.9606191
PH,Philippines,Asia,South-Eastern Asia,SIG,Siquijor,Enrique Villanueva,9.2585055,123.5946455
PH,Philippines,Asia,South-Eastern Asia,SIG,Siquijor,Larena,9.2475335,123.5578671
PH,Philippines,Asia,South-Eastern Asia,SIG,Siquijor,Lazi,9.1459811,123.5364492
PH,Philippines,Asia,South-Eastern Asia,SIG,Siquijor,Maria,9.1772124,123.6170901
PH,Philippines,Asia,South-Eastern Asia,SIG,Siquijor,San Juan,9.1473799,123.424569
PH,Philippines,Asia,South-Eastern Asia,SIG,Siquijor,Siquijor,9.191738,123.4434089
PH,Philippines,Asia,South-Eastern Asia,12,Soccsksargen,Amas,7.05694,124.98389
PH,Philippines,Asia,South-Eastern Asia,12,Soccsksargen,Bagontapay,6.85889,124.90889
PH,Philippines,Asia,South-Eastern Asia,12,Soccsksargen,Baguer,7.25611,124.50417
PH,Philippines,Asia,South-Eastern Asia,12,Soccsksargen,Baliton,5.74361,125.23639
PH,Philippines,Asia,South-Eastern Asia,12,Soccsksargen,Balogo,7.2823,124.46388
PH,Philippines,Asia,South-Eastern Asia,12,Soccsksargen,Banawa,7.15361,124.86667
PH,Philippines,Asia,South-Eastern Asia,12,Soccsksargen,Bantogon,6.53333,124.03333
PH,Philippines,Asia,South-Eastern Asia,12,Soccsksargen,Barongis,7.26111,124.56417
PH,Philippines,Asia,South-Eastern Asia,12,Soccsksargen,Basak,6.72736,124.15117
PH,Philippines,Asia,South-Eastern Asia,12,Soccsksargen,Batasan,7.03333,125.05
PH,Philippines,Asia,South-Eastern Asia,12,Soccsksargen,Batutitik,6.22333,125.25194
PH,Philippines,Asia,South-Eastern Asia,12,Soccsksargen,Bau,7.40528,124.64972
PH,Philippines,Asia,South-Eastern Asia,12,Soccsksargen,Bayasong,6.64889,124.87306
PH,Philippines,Asia,South-Eastern Asia,12,Soccsksargen,Bialong,6.98056,124.88889
PH,Philippines,Asia,South-Eastern Asia,12,Soccsksargen,Biwang,6.6038554,124.5688394
PH,Philippines,Asia,South-Eastern Asia,12,Soccsksargen,Blingkong,6.5700116,124.8775755
PH,Philippines,Asia,South-Eastern Asia,12,Soccsksargen,Buadtasan,6.00496,124.61266
PH,Philippines,Asia,South-Eastern Asia,12,Soccsksargen,Bual,6.79583,124.91083
PH,Philippines,Asia,South-Eastern Asia,12,Soccsksargen,Buawan,8.31667,124.30306
PH,Philippines,Asia,South-Eastern Asia,12,Soccsksargen,Buayan,6.11639,125.23472
PH,Philippines,Asia,South-Eastern Asia,12,Soccsksargen,Bukay Pait,6.564144,124.768856
PH,Philippines,Asia,South-Eastern Asia,12,Soccsksargen,Bulatukan,6.9025,125.16083
PH,Philippines,Asia,South-Eastern Asia,12,Soccsksargen,Burias,5.71778,125.25361
PH,Philippines,Asia,South-Eastern Asia,12,Soccsksargen,Busok,6.4897034,124.592344
PH,Philippines,Asia,South-Eastern Asia,12,Soccsksargen,Carpenter Hill,6.4532955,124.8794673
PH,Philippines,Asia,South-Eastern Asia,12,Soccsksargen,Cebuano,6.38794,124.96841
PH,Philippines,Asia,South-Eastern Asia,12,Soccsksargen,Colongulo,6.33861,124.72167
PH,Philippines,Asia,South-Eastern Asia,12,Soccsksargen,Columbio,6.69639,124.93722
PH,Philippines,Asia,South-Eastern Asia,12,Soccsksargen,Conel,6.20222,125.18722
PH,Philippines,Asia,South-Eastern Asia,12,Soccsksargen,Daguma,6.60345,124.5702
PH,Philippines,Asia,South-Eastern Asia,12,Soccsksargen,Daliao,5.86111,124.95333
PH,Philippines,Asia,South-Eastern Asia,12,Soccsksargen,Damawato,6.7,124.78333
PH,Philippines,Asia,South-Eastern Asia,12,Soccsksargen,Dansuli,6.6520805,124.5853833
PH,Philippines,Asia,South-Eastern Asia,12,Soccsksargen,Digkilaan,8.25111,124.31722
PH,Philippines,Asia,South-Eastern Asia,12,Soccsksargen,Dualing,7.15167,124.56833
PH,Philippines,Asia,South-Eastern Asia,12,Soccsksargen,Dukay,6.6814355,124.5577529
PH,Philippines,Asia,South-Eastern Asia,12,Soccsksargen,Dumaguil,6.62,124.65333
PH,Philippines,Asia,South-Eastern Asia,12,Soccsksargen,Dunguan,6.94972,124.86083
PH,Philippines,Asia,South-Eastern Asia,12,Soccsksargen,Gansing,6.7358896,124.6491338
PH,Philippines,Asia,South-Eastern Asia,12,Soccsksargen,Glad,7.14833,124.51806
PH,Philippines,Asia,South-Eastern Asia,12,Soccsksargen,Glamang,6.16255,125.08392
PH,Philippines,Asia,South-Eastern Asia,12,Soccsksargen,Glan Peidu,5.855,125.21861
PH,Philippines,Asia,South-Eastern Asia,12,Soccsksargen,Gocoton,7.15611,124.69111
PH,Philippines,Asia,South-Eastern Asia,12,Soccsksargen,Guinsang-an,6.4777427,124.66466
PH,Philippines,Asia,South-Eastern Asia,12,Soccsksargen,Ilaya,5.81528,125.22667
PH,Philippines,Asia,South-Eastern Asia,12,Soccsksargen,Kabalen,6.31944,125.01056
PH,Philippines,Asia,South-Eastern Asia,12,Soccsksargen,Kablalan,5.77972,125.19778
PH,Philippines,Asia,South-Eastern Asia,12,Soccsksargen,Kalaisan,7.01028,125.045
PH,Philippines,Asia,South-Eastern Asia,12,Soccsksargen,Kalamangog,6.72556,124.06889
PH,Philippines,Asia,South-Eastern Asia,12,Soccsksargen,Kalandagan,6.67826,124.72477
PH,Philippines,Asia,South-Eastern Asia,12,Soccsksargen,Kamanga,5.85778,125.05611
PH,Philippines,Asia,South-Eastern Asia,12,Soccsksargen,Kapatan,5.90056,125.2375
PH,Philippines,Asia,South-Eastern Asia,12,Soccsksargen,Kapaya,6.5688341,124.5646065
PH,Philippines,Asia,South-Eastern Asia,12,Soccsksargen,Kapingkong,6.7017115,124.6092148
PH,Philippines,Asia,South-Eastern Asia,12,Soccsksargen,Katangawan,6.17222,125.22139
PH,Philippines,Asia,South-Eastern Asia,12,Soccsksargen,Katubao,5.88917,124.82944
PH,Philippines,Asia,South-Eastern Asia,12,Soccsksargen,Kipalbig,6.4096467,124.9258835
PH,Philippines,Asia,South-Eastern Asia,12,Soccsksargen,Kisante,6.92306,125.155
PH,Philippines,Asia,South-Eastern Asia,12,Soccsksargen,Kiupo,5.84167,125.31917
PH,Philippines,Asia,South-Eastern Asia,12,Soccsksargen,Klinan,6.18683,125.13684
PH,Philippines,Asia,South-Eastern Asia,12,Soccsksargen,Kolumbug,6.52389,124.60833
PH,Philippines,Asia,South-Eastern Asia,12,Soccsksargen,Kudanding,6.5878516,124.6221039
PH,Philippines,Asia,South-Eastern Asia,12,Soccsksargen,Kulaman,6.4596414,124.3221058
PH,Philippines,Asia,South-Eastern Asia,12,Soccsksargen,Labu-o,7.11417,125.04528
PH,Philippines,Asia,South-Eastern Asia,12,Soccsksargen,Laguilayan,6.6706498,124.5249039
PH,Philippines,Asia,South-Eastern Asia,12,Soccsksargen,Lamba,6.3507538,124.8197925
PH,Philippines,Asia,South-Eastern Asia,12,Soccsksargen,Lambontong,6.30833,124.81056
PH,Philippines,Asia,South-Eastern Asia,12,Soccsksargen,Lamian,6.30917,124.84639
PH,Philippines,Asia,South-Eastern Asia,12,Soccsksargen,Lampari,6.2927074,124.8907836
PH,Philippines,Asia,South-Eastern Asia,12,Soccsksargen,Lampitak,6.43222,125.0525
PH,Philippines,Asia,South-Eastern Asia,12,Soccsksargen,Lapuz,6.5218928,124.6309385
PH,Philippines,Asia,South-Eastern Asia,12,Soccsksargen,Libas,6.5302952,124.779598
PH,Philippines,Asia,South-Eastern Asia,12,Soccsksargen,Liberty,6.5388468,124.6310735
PH,Philippines,Asia,South-Eastern Asia,12,Soccsksargen,Liliongan,7.36278,124.79278
PH,Philippines,Asia,South-Eastern Asia,12,Soccsksargen,Limbalod,7.13278,124.79889
PH,Philippines,Asia,South-Eastern Asia,12,Soccsksargen,Limulan,6.58528,124.06189
PH,Philippines,Asia,South-Eastern Asia,12,Soccsksargen,Linan,6.3714205,124.9855755
PH,Philippines,Asia,South-Eastern Asia,12,Soccsksargen,Linao,7.16778,124.9675
PH,Philippines,Asia,South-Eastern Asia,12,Soccsksargen,Lumatil,5.87472,124.88833
PH,Philippines,Asia,South-Eastern Asia,12,Soccsksargen,Lumazal,5.88528,124.84944
PH,Philippines,Asia,South-Eastern Asia,12,Soccsksargen,Lumuyon,5.91583,124.78694
PH,Philippines,Asia,South-Eastern Asia,12,Soccsksargen,Lun Pequeño,6.03778,125.28389
PH,Philippines,Asia,South-Eastern Asia,12,Soccsksargen,Lunen,6.35911,124.90477
PH,Philippines,Asia,South-Eastern Asia,12,Soccsksargen,Maan,5.93389,124.73556
PH,Philippines,Asia,South-Eastern Asia,12,Soccsksargen,Mabay,6.05772,124.46661
PH,Philippines,Asia,South-Eastern Asia,12,Soccsksargen,Mabini,6.50556,124.9081
PH,Philippines,Asia,South-Eastern Asia,12,Soccsksargen,Maguling,6.095,124.40333
PH,Philippines,Asia,South-Eastern Asia,12,Soccsksargen,Maindang,6.5742668,124.8259761
PH,Philippines,Asia,South-Eastern Asia,12,Soccsksargen,Malamote,7.07389,124.94
PH,Philippines,Asia,South-Eastern Asia,12,Soccsksargen,Malandag,6.308396,125.2522511
PH,Philippines,Asia,South-Eastern Asia,12,Soccsksargen,Malapag,7.13333,124.81667
PH,Philippines,Asia,South-Eastern Asia,12,Soccsksargen,Malasila,6.94389,125.12944
PH,Philippines,Asia,South-Eastern Asia,12,Soccsksargen,Malbang,5.85556,125.04528
PH,Philippines,Asia,South-Eastern Asia,12,Soccsksargen,Malinao,7.5623235,124.7084381
PH,Philippines,Asia,South-Eastern Asia,12,Soccsksargen,Malingao,7.16083,124.475
PH,Philippines,Asia,South-Eastern Asia,12,Soccsksargen,Malisbeng,6.12,124.35472
PH,Philippines,Asia,South-Eastern Asia,12,Soccsksargen,Malitubog,7.31556,124.63806
PH,Philippines,Asia,South-Eastern Asia,12,Soccsksargen,Maltana,6.4215091,124.9357911
PH,Philippines,Asia,South-Eastern Asia,12,Soccsksargen,Maluñgun,6.27917,125.28167
PH,Philippines,Asia,South-Eastern Asia,12,Soccsksargen,Mamali,6.7944324,124.6809411
PH,Philippines,Asia,South-Eastern Asia,12,Soccsksargen,Manaulanan,7.04806,124.61944
PH,Philippines,Asia,South-Eastern Asia,12,Soccsksargen,Manga,6.29083,125.30833
PH,Philippines,Asia,South-Eastern Asia,12,Soccsksargen,Manuangan,7.27694,124.40444
PH,Philippines,Asia,South-Eastern Asia,12,Soccsksargen,Manuel Roxas,6.449219,124.6418136
PH,Philippines,Asia,South-Eastern Asia,12,Soccsksargen,Marbel,7.11583,124.9125
PH,Philippines,Asia,South-Eastern Asia,12,Soccsksargen,Mariano Marcos,6.73333,124.66667
PH,Philippines,Asia,South-Eastern Asia,12,Soccsksargen,Matiompong,6.69611,124.56611
PH,Philippines,Asia,South-Eastern Asia,12,Soccsksargen,Minapan,6.815,124.85861
PH,Philippines,Asia,South-Eastern Asia,12,Soccsksargen,Mindupok,6.09056,124.42333
PH,Philippines,Asia,South-Eastern Asia,12,Soccsksargen,Nalus,6.01222,124.58528
PH,Philippines,Asia,South-Eastern Asia,12,Soccsksargen,New Cebu,7.09528,125.03361
PH,Philippines,Asia,South-Eastern Asia,12,Soccsksargen,New Iloilo,6.5464765,124.7894676
PH,Philippines,Asia,South-Eastern Asia,12,Soccsksargen,New Lagao,6.6950638,124.6399073
PH,Philippines,Asia,South-Eastern Asia,12,Soccsksargen,New Panay,6.7392655,124.5614875
PH,Philippines,Asia,South-Eastern Asia,12,Soccsksargen,Noling,6.65984,124.09981
PH,Philippines,Asia,South-Eastern Asia,12,Soccsksargen,Nunguan,7.1037034,124.6836019
PH,Philippines,Asia,South-Eastern Asia,12,Soccsksargen,Osias,7.6,124.81667
PH,Philippines,Asia,South-Eastern Asia,12,Soccsksargen,Paatan,7.11972,124.92389
PH,Philippines,Asia,South-Eastern Asia,12,Soccsksargen,Pagangan,7.11444,124.59528
PH,Philippines,Asia,South-Eastern Asia,12,Soccsksargen,Palian,6.371405,124.9082773
PH,Philippines,Asia,South-Eastern Asia,12,Soccsksargen,Palkan,6.29639,125.03167
PH,Philippines,Asia,South-Eastern Asia,12,Soccsksargen,Pamantingan,6.7200969,124.4697499
PH,Philippines,Asia,South-Eastern Asia,12,Soccsksargen,Pangyan,5.70083,125.28111
PH,Philippines,Asia,South-Eastern Asia,12,Soccsksargen,Paraiso,6.4851543,124.8152474
PH,Philippines,Asia,South-Eastern Asia,12,Soccsksargen,Patindeguen,7.21972,124.49833
PH,Philippines,Asia,South-Eastern Asia,12,Soccsksargen,Pedtad,7.16056,124.81444
PH,Philippines,Asia,South-Eastern Asia,12,Soccsksargen,Pimbalayan,6.86917,124.6725
PH,Philippines,Asia,South-Eastern Asia,12,Soccsksargen,Polo,6.26472,125.1125
PH,Philippines,Asia,South-Eastern Asia,12,Soccsksargen,Puloypuloy,6.63517,124.096
PH,Philippines,Asia,South-Eastern Asia,12,Soccsksargen,Punolu,7.05,124.58333
PH,Philippines,Asia,South-Eastern Asia,12,Soccsksargen,Puricay,6.68614,124.06957
PH,Philippines,Asia,South-Eastern Asia,12,Soccsksargen,Ragandang,6.66386,124.12063
PH,Philippines,Asia,South-Eastern Asia,12,Soccsksargen,Rogongon,8.23333,124.33333
PH,Philippines,Asia,South-Eastern Asia,12,Soccsksargen,Rotonda,6.5191111,124.8895043
PH,Philippines,Asia,South-Eastern Asia,12,Soccsksargen,Sadsalan,6.8073336,124.6097647
PH,Philippines,Asia,South-Eastern Asia,12,Soccsksargen,Saguing,6.98028,125.07806
PH,Philippines,Asia,South-Eastern Asia,12,Soccsksargen,Salimbao,7.2225,124.25333
PH,Philippines,Asia,South-Eastern Asia,12,Soccsksargen,Salunayan,7.15444,124.4975
PH,Philippines,Asia,South-Eastern Asia,12,Soccsksargen,Sampao,6.87667,124.59556
PH,Philippines,Asia,South-Eastern Asia,12,Soccsksargen,Sangay,6.445,124.04444
PH,Philippines,Asia,South-Eastern Asia,12,Soccsksargen,Sapu Padidu,5.91722,125.26694
PH,Philippines,Asia,South-Eastern Asia,12,Soccsksargen,Silway 7,6.17711,125.12068
PH,Philippines,Asia,South-Eastern Asia,12,Soccsksargen,Sinolon,6.24389,124.81444
PH,Philippines,Asia,South-Eastern Asia,12,Soccsksargen,Sulit,6.23611,125.02056
PH,Philippines,Asia,South-Eastern Asia,12,Soccsksargen,Suyan,6.06028,125.38528
PH,Philippines,Asia,South-Eastern Asia,12,Soccsksargen,Taguisa,6.69833,124.03583
PH,Philippines,Asia,South-Eastern Asia,12,Soccsksargen,Taluya,5.81167,125.17278
PH,Philippines,Asia,South-Eastern Asia,12,Soccsksargen,Tambak,6.7252064,124.6220385
PH,Philippines,Asia,South-Eastern Asia,12,Soccsksargen,Tambilil,5.96222,124.66972
PH,Philippines,Asia,South-Eastern Asia,12,Soccsksargen,Tamnag,6.5610693,124.8521361
PH,Philippines,Asia,South-Eastern Asia,12,Soccsksargen,Tamontaka,7.18056,124.22556
PH,Philippines,Asia,South-Eastern Asia,12,Soccsksargen,Tañgo,5.88083,125.22194
PH,Philippines,Asia,South-Eastern Asia,12,Soccsksargen,Telafas,6.6311407,124.974518
PH,Philippines,Asia,South-Eastern Asia,12,Soccsksargen,Teresita,6.4207734,124.7053277
PH,Philippines,Asia,South-Eastern Asia,12,Soccsksargen,Tinagacan,6.19917,125.22944
PH,Philippines,Asia,South-Eastern Asia,12,Soccsksargen,Tinoto,5.88667,125.07056
PH,Philippines,Asia,South-Eastern Asia,12,Soccsksargen,Tomado,7.1925,124.60806
PH,Philippines,Asia,South-Eastern Asia,12,Soccsksargen,Tran,6.72028,124.055
PH,Philippines,Asia,South-Eastern Asia,12,Soccsksargen,Tuka,6.5184316,124.5871402
PH,Philippines,Asia,South-Eastern Asia,12,Soccsksargen,Tuyan,6,125.28333
PH,Philippines,Asia,South-Eastern Asia,12,Soccsksargen,Upper Klinan,6.22722,125.12083
PH,Philippines,Asia,South-Eastern Asia,12,Soccsksargen,Upper San Mateo,7.17306,124.58222
PH,Philippines,Asia,South-Eastern Asia,12,Soccsksargen,Villamor,6.7045991,124.5193595
PH,Philippines,Asia,South-Eastern Asia,SOR,Sorsogon,Barcelona,12.8372787,124.0765847
PH,Philippines,Asia,South-Eastern Asia,SOR,Sorsogon,Bulan,12.6536642,123.8302841
PH,Philippines,Asia,South-Eastern Asia,SOR,Sorsogon,Bulusan,12.7486677,124.0234526
PH,Philippines,Asia,South-Eastern Asia,SOR,Sorsogon,Casiguran,12.8620726,123.9515525
PH,Philippines,Asia,South-Eastern Asia,SOR,Sorsogon,Castilla,12.9464786,123.7309202
PH,Philippines,Asia,South-Eastern Asia,SOR,Sorsogon,Donsol,12.9627108,123.4680262
PH,Philippines,Asia,South-Eastern Asia,SOR,Sorsogon,Gubat,12.9233517,124.0291604
PH,Philippines,Asia,South-Eastern Asia,SOR,Sorsogon,Irosin,12.7170225,123.9519986
PH,Philippines,Asia,South-Eastern Asia,SOR,Sorsogon,Juban,12.8114611,123.8958211
PH,Philippines,Asia,South-Eastern Asia,SOR,Sorsogon,Magallanes,12.8139566,123.8066014
PH,Philippines,Asia,South-Eastern Asia,SOR,Sorsogon,Matnog,12.5946203,123.9684351
PH,Philippines,Asia,South-Eastern Asia,SOR,Sorsogon,Pilar,12.9350638,123.6098659
PH,Philippines,Asia,South-Eastern Asia,SOR,Sorsogon,Prieto Diaz,13.0373311,124.1288985
PH,Philippines,Asia,South-Eastern Asia,SOR,Sorsogon,Santa Magdalena,12.6514601,124.012638
PH,Philippines,Asia,South-Eastern Asia,SOR,Sorsogon,Sorsogon,12.970879,123.8031133
PH,Philippines,Asia,South-Eastern Asia,SCO,South Cotabato,Banga,6.3823518,124.6456271
PH,Philippines,Asia,South-Eastern Asia,SCO,South Cotabato,General Santos,6.1374279,124.9927049
PH,Philippines,Asia,South-Eastern Asia,SCO,South Cotabato,Koronadal,6.4643184,124.7476369
PH,Philippines,Asia,South-Eastern Asia,SCO,South Cotabato,Lake Sebu,6.2496968,124.2623864
PH,Philippines,Asia,South-Eastern Asia,SCO,South Cotabato,Norala,6.5279758,124.5939262
PH,Philippines,Asia,South-Eastern Asia,SCO,South Cotabato,Polomolok,6.2466884,124.9829537
PH,Philippines,Asia,South-Eastern Asia,SCO,South Cotabato,Santo Niño,6.4388921,124.5897335
PH,Philippines,Asia,South-Eastern Asia,SCO,South Cotabato,Surallah,6.3326244,124.5632296
PH,Philippines,Asia,South-Eastern Asia,SCO,South Cotabato,T'Boli,6.1432084,124.6953658
PH,Philippines,Asia,South-Eastern Asia,SCO,South Cotabato,Tampakan,6.4659238,124.8845561
PH,Philippines,Asia,South-Eastern Asia,SCO,South Cotabato,Tantangan,6.5674598,124.5779609
PH,Philippines,Asia,South-Eastern Asia,SCO,South Cotabato,Tupi,6.3311735,124.8264723
PH,Philippines,Asia,South-Eastern Asia,SLE,Southern Leyte,Anahawan,10.2986712,125.1273426
PH,Philippines,Asia,South-Eastern Asia,SLE,Southern Leyte,Bontoc,10.3909886,124.8461183
PH,Philippines,Asia,South-Eastern Asia,SLE,Southern Leyte,Hinunangan,10.4016533,125.0759943
PH,Philippines,Asia,South-Eastern Asia,SLE,Southern Leyte,Hinundayan,10.3511296,125.1317843
PH,Philippines,Asia,South-Eastern Asia,SLE,Southern Leyte,Libagon,10.3319936,124.9805077
PH,Philippines,Asia,South-Eastern Asia,SLE,Southern Leyte,Liloan,10.153143,125.0752219
PH,Philippines,Asia,South-Eastern Asia,SLE,Southern Leyte,Limasawa,9.930296,125.0285759
PH,Philippines,Asia,South-Eastern Asia,SLE,Southern Leyte,Maasin,10.1918512,124.69086
PH,Philippines,Asia,South-Eastern Asia,SLE,Southern Leyte,Macrohon,10.0763258,124.8672326
PH,Philippines,Asia,South-Eastern Asia,SLE,Southern Leyte,Malitbog,10.1787915,124.8727687
PH,Philippines,Asia,South-Eastern Asia,SLE,Southern Leyte,Padre Burgos,10.0647326,124.95474
PH,Philippines,Asia,South-Eastern Asia,SLE,Southern Leyte,Pintuyan,9.9801172,125.1586065
PH,Philippines,Asia,South-Eastern Asia,SLE,Southern Leyte,Saint Bernard,10.2937836,125.0371989
PH,Philippines,Asia,South-Eastern Asia,SLE,Southern Leyte,San Francisco,10.0711478,125.0820883
PH,Philippines,Asia,South-Eastern Asia,SLE,Southern Leyte,San Juan,10.2859409,125.1191672
PH,Philippines,Asia,South-Eastern Asia,SLE,Southern Leyte,San Ricardo,9.9869206,125.1763733
PH,Philippines,Asia,South-Eastern Asia,SLE,Southern Leyte,Silago,10.5343297,125.0367697
PH,Philippines,Asia,South-Eastern Asia,SLE,Southern Leyte,Sogod,10.448344,124.9086246
PH,Philippines,Asia,South-Eastern Asia,SLE,Southern Leyte,Tomas Oppus,10.2746832,124.9047222
PH,Philippines,Asia,South-Eastern Asia,SUK,Sultan Kudarat,Bagumbayan,6.4730508,124.3384391
PH,Philippines,Asia,South-Eastern Asia,SUK,Sultan Kudarat,Esperanza,6.7207204,124.269753
PH,Philippines,Asia,South-Eastern Asia,SUK,Sultan Kudarat,Isulan,6.6076203,124.2908029
PH,Philippines,Asia,South-Eastern Asia,SUK,Sultan Kudarat,Kalamansig,6.5093083,123.9833466
PH,Philippines,Asia,South-Eastern Asia,SUK,Sultan Kudarat,Lambayong,6.7751456,124.5463331
PH,Philippines,Asia,South-Eastern Asia,SUK,Sultan Kudarat,Lebak,6.6653843,123.9804391
PH,Philippines,Asia,South-Eastern Asia,SUK,Sultan Kudarat,Lutayan,6.612675,124.7748144
PH,Philippines,Asia,South-Eastern Asia,SUK,Sultan Kudarat,Palimbang,6.2725921,124.0582017
PH,Philippines,Asia,South-Eastern Asia,SUK,Sultan Kudarat,President Quirino,6.6969867,124.6489974
PH,Philippines,Asia,South-Eastern Asia,SUK,Sultan Kudarat,Senator Ninoy Aquino,6.3677152,124.2043715
PH,Philippines,Asia,South-Eastern Asia,SUK,Sultan Kudarat,Tacurong,6.6640377,124.5904072
PH,Philippines,Asia,South-Eastern Asia,SLU,Sulu,Banguingui,6.081885,121.4076148
PH,Philippines,Asia,South-Eastern Asia,SLU,Sulu,Hadji Panglima Tahil,6.2226029,120.7804136
PH,Philippines,Asia,South-Eastern Asia,SLU,Sulu,Indanan,5.9923966,120.8804185
PH,Philippines,Asia,South-Eastern Asia,SLU,Sulu,Jolo,6.047572,120.9782956
PH,Philippines,Asia,South-Eastern Asia,SLU,Sulu,Kalingalan Caluang,5.9075647,121.2038071
PH,Philippines,Asia,South-Eastern Asia,SLU,Sulu,Lugus,5.6865354,120.8010604
PH,Philippines,Asia,South-Eastern Asia,SLU,Sulu,Luuk,5.9691626,121.2838258
PH,Philippines,Asia,South-Eastern Asia,SLU,Sulu,Maimbung,5.9317685,120.9132917
PH,Philippines,Asia,South-Eastern Asia,SLU,Sulu,Omar,5.9787591,121.3135202
PH,Philippines,Asia,South-Eastern Asia,SLU,Sulu,Panamao,5.9763307,121.141022
PH,Philippines,Asia,South-Eastern Asia,SLU,Sulu,Pandami,5.626283,120.2087316
PH,Philippines,Asia,South-Eastern Asia,SLU,Sulu,Panglima Estino,5.9650249,121.1532773
PH,Philippines,Asia,South-Eastern Asia,SLU,Sulu,Pangutaran,6.1113688,119.5188777
PH,Philippines,Asia,South-Eastern Asia,SLU,Sulu,Parang,5.9107433,120.7006769
PH,Philippines,Asia,South-Eastern Asia,SLU,Sulu,Pata,5.8268196,120.9642201
PH,Philippines,Asia,South-Eastern Asia,SLU,Sulu,Patikul,6.0523664,120.9296667
PH,Philippines,Asia,South-Eastern Asia,SLU,Sulu,Siasi,5.5320877,120.8072051
PH,Philippines,Asia,South-Eastern Asia,SLU,Sulu,Talipao,5.9420964,121.0124262
PH,Philippines,Asia,South-Eastern Asia,SLU,Sulu,Tapul,5.7072652,120.8128577
PH,Philippines,Asia,South-Eastern Asia,SUN,Surigao del Norte,Alegria,9.4850712,125.5384501
PH,Philippines,Asia,South-Eastern Asia,SUN,Surigao del Norte,Bacuag,9.5334644,125.5532988
PH,Philippines,Asia,South-Eastern Asia,SUN,Surigao del Norte,Burgos,10.0191009,126.051893
PH,Philippines,Asia,South-Eastern Asia,SUN,Surigao del Norte,Claver,9.4631793,125.6468207
PH,Philippines,Asia,South-Eastern Asia,SUN,Surigao del Norte,Dapa,9.7595832,125.9632691
PH,Philippines,Asia,South-Eastern Asia,SUN,Surigao del Norte,Del Carmen,9.8521072,125.8827599
PH,Philippines,Asia,South-Eastern Asia,SUN,Surigao del Norte,General Luna,9.7239961,126.0638197
PH,Philippines,Asia,South-Eastern Asia,SUN,Surigao del Norte,Gigaquit,9.4848837,125.6192167
PH,Philippines,Asia,South-Eastern Asia,SUN,Surigao del Norte,Mainit,9.5350928,125.4378135
PH,Philippines,Asia,South-Eastern Asia,SUN,Surigao del Norte,Malimono,9.5648321,125.3470475
PH,Philippines,Asia,South-Eastern Asia,SUN,Surigao del Norte,Pilar,9.8834958,126.0381594
PH,Philippines,Asia,South-Eastern Asia,SUN,Surigao del Norte,Placer,9.6605626,125.503517
PH,Philippines,Asia,South-Eastern Asia,SUN,Surigao del Norte,San Benito,9.957129,125.9071788
PH,Philippines,Asia,South-Eastern Asia,SUN,Surigao del Norte,San Francisco,9.7277872,125.3708472
PH,Philippines,Asia,South-Eastern Asia,SUN,Surigao del Norte,San Isidro,9.9488511,126.0359277
PH,Philippines,Asia,South-Eastern Asia,SUN,Surigao del Norte,Santa Monica,10.0278036,126.0021105
PH,Philippines,Asia,South-Eastern Asia,SUN,Surigao del Norte,Sison,9.6663394,125.4109701
PH,Philippines,Asia,South-Eastern Asia,SUN,Surigao del Norte,Socorro,9.6612284,125.8561952
PH,Philippines,Asia,South-Eastern Asia,SUN,Surigao del Norte,Surigao City,9.797175,125.4191761
PH,Philippines,Asia,South-Eastern Asia,SUN,Surigao del Norte,Tagana-an,9.7039422,125.5316158
PH,Philippines,Asia,South-Eastern Asia,SUN,Surigao del Norte,Tubod,9.5697479,125.5255182
PH,Philippines,Asia,South-Eastern Asia,SUR,Surigao del Sur,Barobo,8.4862926,126.0238103
PH,Philippines,Asia,South-Eastern Asia,SUR,Surigao del Sur,Bayabas,8.9760039,126.2247981
PH,Philippines,Asia,South-Eastern Asia,SUR,Surigao del Sur,Bislig,8.2094937,126.1700657
PH,Philippines,Asia,South-Eastern Asia,SUR,Surigao del Sur,Cagwait,8.8913909,126.0820464
PH,Philippines,Asia,South-Eastern Asia,SUR,Surigao del Sur,Cantilan,9.3089116,125.7336167
PH,Philippines,Asia,South-Eastern Asia,SUR,Surigao del Sur,Carmen,9.1819162,125.7630138
PH,Philippines,Asia,South-Eastern Asia,SUR,Surigao del Sur,Carrascal,9.3818507,125.7143477
PH,Philippines,Asia,South-Eastern Asia,SUR,Surigao del Sur,Cortes,9.2318478,126.0700852
PH,Philippines,Asia,South-Eastern Asia,SUR,Surigao del Sur,Hinatuan,8.4182063,126.2516601
PH,Philippines,Asia,South-Eastern Asia,SUR,Surigao del Sur,Lanuza,9.1688984,125.8276014
PH,Philippines,Asia,South-Eastern Asia,SUR,Surigao del Sur,Lianga,8.6387552,126.0082442
PH,Philippines,Asia,South-Eastern Asia,SUR,Surigao del Sur,Lingig,8.0975755,126.211479
PH,Philippines,Asia,South-Eastern Asia,SUR,Surigao del Sur,Madrid,9.211614,125.7309561
PH,Philippines,Asia,South-Eastern Asia,SUR,Surigao del Sur,Marihatag,8.7879843,125.7998284
PH,Philippines,Asia,South-Eastern Asia,SUR,Surigao del Sur,San Agustin,8.7214143,125.9471206
PH,Philippines,Asia,South-Eastern Asia,SUR,Surigao del Sur,San Miguel,8.9483448,125.8143834
PH,Philippines,Asia,South-Eastern Asia,SUR,Surigao del Sur,Tagbina,8.4277566,126.0374574
PH,Philippines,Asia,South-Eastern Asia,SUR,Surigao del Sur,Tago,8.9720432,125.9452753
PH,Philippines,Asia,South-Eastern Asia,SUR,Surigao del Sur,Tandag,9.0929815,125.9672909
PH,Philippines,Asia,South-Eastern Asia,TAR,Tarlac,Anao,15.7434852,120.577332
PH,Philippines,Asia,South-Eastern Asia,TAR,Tarlac,Bamban,15.2495825,120.3138811
PH,Philippines,Asia,South-Eastern Asia,TAR,Tarlac,Camiling,15.693444,120.3175839
PH,Philippines,Asia,South-Eastern Asia,TAR,Tarlac,Capas,15.3329473,120.2642281
PH,Philippines,Asia,South-Eastern Asia,TAR,Tarlac,Concepcion,15.3390821,120.6092794
PH,Philippines,Asia,South-Eastern Asia,TAR,Tarlac,Gerona,15.6001372,120.4804105
PH,Philippines,Asia,South-Eastern Asia,TAR,Tarlac,La Paz,15.4571656,120.6341597
PH,Philippines,Asia,South-Eastern Asia,TAR,Tarlac,Mayantoc,15.5722181,120.1298387
PH,Philippines,Asia,South-Eastern Asia,TAR,Tarlac,Moncada,15.762863,120.4607495
PH,Philippines,Asia,South-Eastern Asia,TAR,Tarlac,Paniqui,15.6770878,120.4633672
PH,Philippines,Asia,South-Eastern Asia,TAR,Tarlac,Pura,15.6232225,120.6403756
PH,Philippines,Asia,South-Eastern Asia,TAR,Tarlac,Ramos,15.6704564,120.6331872
PH,Philippines,Asia,South-Eastern Asia,TAR,Tarlac,San Clemente,15.6787735,120.2496086
PH,Philippines,Asia,South-Eastern Asia,TAR,Tarlac,San Jose,15.4321217,120.1903389
PH,Philippines,Asia,South-Eastern Asia,TAR,Tarlac,San Manuel,15.8288713,120.5583876
PH,Philippines,Asia,South-Eastern Asia,TAR,Tarlac,Santa Ignacia,15.5836733,120.372979
PH,Philippines,Asia,South-Eastern Asia,TAR,Tarlac,Tarlac City,15.4727483,120.5306061
PH,Philippines,Asia,South-Eastern Asia,TAR,Tarlac,Victoria,15.5794679,120.6070698
PH,Philippines,Asia,South-Eastern Asia,TAW,Tawi-Tawi,Bongao,5.0931824,119.6736697
PH,Philippines,Asia,South-Eastern Asia,TAW,Tawi-Tawi,Languyan,5.3114513,119.7848991
PH,Philippines,Asia,South-Eastern Asia,TAW,Tawi-Tawi,Mapun,7.0070988,118.3965642
PH,Philippines,Asia,South-Eastern Asia,TAW,Tawi-Tawi,Panglima Sugala,5.0903759,119.8626259
PH,Philippines,Asia,South-Eastern Asia,TAW,Tawi-Tawi,Sapa-Sapa,5.0790768,120.0439862
PH,Philippines,Asia,South-Eastern Asia,TAW,Tawi-Tawi,Sibutu,4.7783346,119.3939169
PH,Philippines,Asia,South-Eastern Asia,TAW,Tawi-Tawi,Simunul,4.8674625,119.7477968
PH,Philippines,Asia,South-Eastern Asia,TAW,Tawi-Tawi,Sitangkai,4.7605268,119.2378643
PH,Philippines,Asia,South-Eastern Asia,TAW,Tawi-Tawi,South Ubian,5.3329612,120.3610447
PH,Philippines,Asia,South-Eastern Asia,TAW,Tawi-Tawi,Tandubas,5.2194375,120.0956563
PH,Philippines,Asia,South-Eastern Asia,TAW,Tawi-Tawi,Turtle Islands,6.2303409,118.0051141
PH,Philippines,Asia,South-Eastern Asia,WSA,Western Samar,Almagro,11.9240279,124.2423208
PH,Philippines,Asia,South-Eastern Asia,WSA,Western Samar,Basey,11.4113732,124.9808388
PH,Philippines,Asia,South-Eastern Asia,WSA,Western Samar,Calbayog City,12.1935363,124.2738881
PH,Philippines,Asia,South-Eastern Asia,WSA,Western Samar,Calbiga,11.6253456,124.9401121
PH,Philippines,Asia,South-Eastern Asia,WSA,Western Samar,Catbalogan,11.7986448,124.6505624
PH,Philippines,Asia,South-Eastern Asia,WSA,Western Samar,Daram,11.6289582,124.6959789
PH,Philippines,Asia,South-Eastern Asia,WSA,Western Samar,Gandara,12.0851187,124.6587163
PH,Philippines,Asia,South-Eastern Asia,WSA,Western Samar,Hinabangan,11.7459223,125.0046569
PH,Philippines,Asia,South-Eastern Asia,WSA,Western Samar,Jiabong,11.8558927,124.8806652
PH,Philippines,Asia,South-Eastern Asia,WSA,Western Samar,Marabut,11.2347261,125.0708322
PH,Philippines,Asia,South-Eastern Asia,WSA,Western Samar,Matuguinao,12.2071973,124.8237901
PH,Philippines,Asia,South-Eastern Asia,WSA,Western Samar,Motiong,11.8813425,124.9495658
PH,Philippines,Asia,South-Eastern Asia,WSA,Western Samar,Pagsanghan,11.9648396,124.6617754
PH,Philippines,Asia,South-Eastern Asia,WSA,Western Samar,Paranas,11.8507157,124.9597674
PH,Philippines,Asia,South-Eastern Asia,WSA,Western Samar,Pinabacdao,11.5795248,124.9314432
PH,Philippines,Asia,South-Eastern Asia,WSA,Western Samar,San Jorge,11.9724505,124.7187334
PH,Philippines,Asia,South-Eastern Asia,WSA,Western Samar,San Jose de Buan,12.0695067,124.9677618
PH,Philippines,Asia,South-Eastern Asia,WSA,Western Samar,San Sebastian,11.703167,124.9752321
PH,Philippines,Asia,South-Eastern Asia,WSA,Western Samar,Santa Margarita,12.0807565,124.6250827
PH,Philippines,Asia,South-Eastern Asia,WSA,Western Samar,Santa Rita,11.404917,124.8182326
PH,Philippines,Asia,South-Eastern Asia,WSA,Western Samar,Santo Niño,11.935958,124.3936862
PH,Philippines,Asia,South-Eastern Asia,WSA,Western Samar,Tagapul-an,12.0635646,124.109412
PH,Philippines,Asia,South-Eastern Asia,WSA,Western Samar,Talalora,11.5091189,124.8047293
PH,Philippines,Asia,South-Eastern Asia,WSA,Western Samar,Tarangnan,11.9011867,124.5770484
PH,Philippines,Asia,South-Eastern Asia,WSA,Western Samar,Villareal,11.5525441,124.8553236
PH,Philippines,Asia,South-Eastern Asia,WSA,Western Samar,Zumarraga,11.6624005,124.8165311
PH,Philippines,Asia,South-Eastern Asia,06,Western Visayas,,,
PH,Philippines,Asia,South-Eastern Asia,ZMB,Zambales,Botolan,15.2254377,119.8569569
PH,Philippines,Asia,South-Eastern Asia,ZMB,Zambales,Cabangan,15.1728472,120.0306519
PH,Philippines,Asia,South-Eastern Asia,ZMB,Zambales,Candelaria,15.6341195,119.9191459
PH,Philippines,Asia,South-Eastern Asia,ZMB,Zambales,Castillejos,14.9278848,120.1365885
PH,Philippines,Asia,South-Eastern Asia,ZMB,Zambales,Iba,15.3689262,119.8852877
PH,Philippines,Asia,South-Eastern Asia,ZMB,Zambales,Masinloc,15.538802,119.8948988
PH,Philippines,Asia,South-Eastern Asia,ZMB,Zambales,Olongapo,14.8817289,120.1811477
PH,Philippines,Asia,South-Eastern Asia,ZMB,Zambales,Palauig,15.4489484,119.8736984
PH,Philippines,Asia,South-Eastern Asia,ZMB,Zambales,San Antonio,14.8576455,120.005305
PH,Philippines,Asia,South-Eastern Asia,ZMB,Zambales,San Felipe,15.0828678,120.0523455
PH,Philippines,Asia,South-Eastern Asia,ZMB,Zambales,San Marcelino,15.037135,120.120805
PH,Philippines,Asia,South-Eastern Asia,ZMB,Zambales,San Narciso,15.0082163,120.0352437
PH,Philippines,Asia,South-Eastern Asia,ZMB,Zambales,Santa Cruz,15.7759036,119.8641713
PH,Philippines,Asia,South-Eastern Asia,ZMB,Zambales,Subic,14.8723559,120.1059781
PH,Philippines,Asia,South-Eastern Asia,ZAN,Zamboanga del Norte,Baliguian,7.823053,122.2640991
PH,Philippines,Asia,South-Eastern Asia,ZAN,Zamboanga del Norte,Dapitan,8.5770072,123.268731
PH,Philippines,Asia,South-Eastern Asia,ZAN,Zamboanga del Norte,Dipolog,8.5085676,123.2753523
PH,Philippines,Asia,South-Eastern Asia,ZAN,Zamboanga del Norte,Godod,7.9803213,122.6606206
PH,Philippines,Asia,South-Eastern Asia,ZAN,Zamboanga del Norte,Gutalac,7.9270859,122.1898821
PH,Philippines,Asia,South-Eastern Asia,ZAN,Zamboanga del Norte,Jose Dalman,8.4006674,122.9029635
PH,Philippines,Asia,South-Eastern Asia,ZAN,Zamboanga del Norte,Kalawit,7.909495,122.3604921
PH,Philippines,Asia,South-Eastern Asia,ZAN,Zamboanga del Norte,Katipunan,8.4346317,123.139985
PH,Philippines,Asia,South-Eastern Asia,ZAN,Zamboanga del Norte,La Libertad,8.4778413,123.4933224
PH,Philippines,Asia,South-Eastern Asia,ZAN,Zamboanga del Norte,Labason,8.0571482,122.3617582
PH,Philippines,Asia,South-Eastern Asia,ZAN,Zamboanga del Norte,Leon B. Postigo,8.0575415,122.8699739
PH,Philippines,Asia,South-Eastern Asia,ZAN,Zamboanga del Norte,Liloy,8.0975821,122.5980194
PH,Philippines,Asia,South-Eastern Asia,ZAN,Zamboanga del Norte,Manukan,8.4186459,123.0311211
PH,Philippines,Asia,South-Eastern Asia,ZAN,Zamboanga del Norte,Mutia,8.389283,123.4247835
PH,Philippines,Asia,South-Eastern Asia,ZAN,Zamboanga del Norte,Piñan,8.4207789,123.3781345
PH,Philippines,Asia,South-Eastern Asia,ZAN,Zamboanga del Norte,Polanco,8.4742664,123.3198983
PH,Philippines,Asia,South-Eastern Asia,ZAN,Zamboanga del Norte,President Manuel A. Roxas,8.44009,123.1327445
PH,Philippines,Asia,South-Eastern Asia,ZAN,Zamboanga del Norte,Rizal,8.5717631,123.4920778
PH,Philippines,Asia,South-Eastern Asia,ZAN,Zamboanga del Norte,Salug,8.0847954,122.7170236
PH,Philippines,Asia,South-Eastern Asia,ZAN,Zamboanga del Norte,Sergio Osmeña Sr.,8.2811981,123.0339344
PH,Philippines,Asia,South-Eastern Asia,ZAN,Zamboanga del Norte,Siayan,8.1423982,122.9355363
PH,Philippines,Asia,South-Eastern Asia,ZAN,Zamboanga del Norte,Sibuco,7.322053,121.8998174
PH,Philippines,Asia,South-Eastern Asia,ZAN,Zamboanga del Norte,Sibutad,8.6175374,123.4034116
PH,Philippines,Asia,South-Eastern Asia,ZAN,Zamboanga del Norte,Sindangan,8.2523267,122.8600911
PH,Philippines,Asia,South-Eastern Asia,ZAN,Zamboanga del Norte,Siocon,7.7000628,122.0350865
PH,Philippines,Asia,South-Eastern Asia,ZAN,Zamboanga del Norte,Sirawai,7.5420879,122.0068482
PH,Philippines,Asia,South-Eastern Asia,ZAN,Zamboanga del Norte,Tampilisan,7.9736309,122.5957448
PH,Philippines,Asia,South-Eastern Asia,ZAS,Zamboanga del Sur,Aurora,7.9313938,123.4878583
PH,Philippines,Asia,South-Eastern Asia,ZAS,Zamboanga del Sur,Bayog,7.9105102,122.8843812
PH,Philippines,Asia,South-Eastern Asia,ZAS,Zamboanga del Sur,Dimataling,7.5221493,123.2471086
PH,Philippines,Asia,South-Eastern Asia,ZAS,Zamboanga del Sur,Dinas,7.633918,123.2637516
PH,Philippines,Asia,South-Eastern Asia,ZAS,Zamboanga del Sur,Dumalinao,7.7785156,123.3137378
PH,Philippines,Asia,South-Eastern Asia,ZAS,Zamboanga del Sur,Dumingag,8.1643241,123.2059098
PH,Philippines,Asia,South-Eastern Asia,ZAS,Zamboanga del Sur,Guipos,7.7467921,123.2453541
PH,Philippines,Asia,South-Eastern Asia,ZAS,Zamboanga del Sur,Josefina,8.1899911,123.4928582
PH,Philippines,Asia,South-Eastern Asia,ZAS,Zamboanga del Sur,Kumalarang,7.7703836,123.0546775
PH,Philippines,Asia,South-Eastern Asia,ZAS,Zamboanga del Sur,Labangan,7.8945334,123.2455996
PH,Philippines,Asia,South-Eastern Asia,ZAS,Zamboanga del Sur,Lakewood,7.8944784,123.0944212
PH,Philippines,Asia,South-Eastern Asia,ZAS,Zamboanga del Sur,Lapuyan,7.6978749,123.1076391
PH,Philippines,Asia,South-Eastern Asia,ZAS,Zamboanga del Sur,Mahayag,8.1318625,123.3528144
PH,Philippines,Asia,South-Eastern Asia,ZAS,Zamboanga del Sur,Margosatubig,7.5744498,123.091975
PH,Philippines,Asia,South-Eastern Asia,ZAS,Zamboanga del Sur,Midsalip,8.0449172,123.1060819
PH,Philippines,Asia,South-Eastern Asia,ZAS,Zamboanga del Sur,Molave,8.133817,123.3998094
PH,Philippines,Asia,South-Eastern Asia,ZAS,Zamboanga del Sur,Pagadian,7.8727055,123.1647906
PH,Philippines,Asia,South-Eastern Asia,ZAS,Zamboanga del Sur,Pitogo,7.4432259,123.2537229
PH,Philippines,Asia,South-Eastern Asia,ZAS,Zamboanga del Sur,Ramon Magsaysay,8.0181746,123.3840944
PH,Philippines,Asia,South-Eastern Asia,ZAS,Zamboanga del Sur,San Miguel,7.6860581,123.1883159
PH,Philippines,Asia,South-Eastern Asia,ZAS,Zamboanga del Sur,San Pablo,7.6669887,123.3398942
PH,Philippines,Asia,South-Eastern Asia,ZAS,Zamboanga del Sur,Sominot,8.0354225,123.2861616
PH,Philippines,Asia,South-Eastern Asia,ZAS,Zamboanga del Sur,Tabina,7.4165107,123.3788967
PH,Philippines,Asia,South-Eastern Asia,ZAS,Zamboanga del Sur,Tambulig,8.0771523,123.496967
PH,Philippines,Asia,South-Eastern Asia,ZAS,Zamboanga del Sur,Tigbao,7.8458969,123.1765584
PH,Philippines,Asia,South-Eastern Asia,ZAS,Zamboanga del Sur,Tukuran,7.9094643,123.356281
PH,Philippines,Asia,South-Eastern Asia,ZAS,Zamboanga del Sur,Vincenzo A. Sagun,7.5142911,123.1017583
PH,Philippines,Asia,South-Eastern Asia,ZAS,Zamboanga del Sur,Zamboanga,7.1612491,121.8384294
PH,Philippines,Asia,South-Eastern Asia,09,Zamboanga Peninsula,,,
PH,Philippines,Asia,South-Eastern Asia,ZSI,Zamboanga Sibugay,Alicia,7.51389,122.93
PH,Philippines,Asia,South-Eastern Asia,ZSI,Zamboanga Sibugay,Aurora,7.9506,123.5826
PH,Philippines,Asia,South-Eastern Asia,ZSI,Zamboanga Sibugay,Balagon,8.0063,123.2396
PH,Philippines,Asia,South-Eastern Asia,ZSI,Zamboanga Sibugay,Batu,7.75333,122.82944
PH,Philippines,Asia,South-Eastern Asia,ZSI,Zamboanga Sibugay,Binuatan,7.61222,123.34417
PH,Philippines,Asia,South-Eastern Asia,ZSI,Zamboanga Sibugay,Bolong,7.09833,122.23917
PH,Philippines,Asia,South-Eastern Asia,ZSI,Zamboanga Sibugay,Bunguiao,7.10444,122.19639
PH,Philippines,Asia,South-Eastern Asia,ZSI,Zamboanga Sibugay,Buug,7.7294,123.0598
PH,Philippines,Asia,South-Eastern Asia,ZSI,Zamboanga Sibugay,Cabaluay,7.00139,122.18028
PH,Philippines,Asia,South-Eastern Asia,ZSI,Zamboanga Sibugay,Calabasa,7.24639,122.23417
PH,Philippines,Asia,South-Eastern Asia,ZSI,Zamboanga Sibugay,Caracal,8.12722,122.845
PH,Philippines,Asia,South-Eastern Asia,ZSI,Zamboanga Sibugay,Culianan,6.98028,122.14667
PH,Philippines,Asia,South-Eastern Asia,ZSI,Zamboanga Sibugay,Curuan,7.20528,122.23306
PH,Philippines,Asia,South-Eastern Asia,ZSI,Zamboanga Sibugay,Dalangin,7.85056,122.57833
PH,Philippines,Asia,South-Eastern Asia,ZSI,Zamboanga Sibugay,Danlugan,7.89139,123.37278
PH,Philippines,Asia,South-Eastern Asia,ZSI,Zamboanga Sibugay,Dawa-Dawa,7.46833,122.83694
PH,Philippines,Asia,South-Eastern Asia,ZSI,Zamboanga Sibugay,Del Monte,7.72583,123.00806
PH,Philippines,Asia,South-Eastern Asia,ZSI,Zamboanga Sibugay,Dicayong,8.2206,123.0338
PH,Philippines,Asia,South-Eastern Asia,ZSI,Zamboanga Sibugay,Diplahan,7.71667,123.01667
PH,Philippines,Asia,South-Eastern Asia,ZSI,Zamboanga Sibugay,Dipolo,7.7828,123.1158
PH,Philippines,Asia,South-Eastern Asia,ZSI,Zamboanga Sibugay,Disod,8.2611,123.0169
PH,Philippines,Asia,South-Eastern Asia,ZSI,Zamboanga Sibugay,Dulian,7.12139,122.17889
PH,Philippines,Asia,South-Eastern Asia,ZSI,Zamboanga Sibugay,East Migpulao,7.6325,123.35917
PH,Philippines,Asia,South-Eastern Asia,ZSI,Zamboanga Sibugay,Ganyangan,7.67889,122.90944
PH,Philippines,Asia,South-Eastern Asia,ZSI,Zamboanga Sibugay,Gubaan,7.9748,123.564
PH,Philippines,Asia,South-Eastern Asia,ZSI,Zamboanga Sibugay,Guiniculalay,7.65611,123.39139
PH,Philippines,Asia,South-Eastern Asia,ZSI,Zamboanga Sibugay,Ilaya,8.5459,123.4308
PH,Philippines,Asia,South-Eastern Asia,ZSI,Zamboanga Sibugay,Ipil,7.78444,122.58611
PH,Philippines,Asia,South-Eastern Asia,ZSI,Zamboanga Sibugay,Irasan,8.526,123.206
PH,Philippines,Asia,South-Eastern Asia,ZSI,Zamboanga Sibugay,Kabasalan,7.79722,122.765
PH,Philippines,Asia,South-Eastern Asia,ZSI,Zamboanga Sibugay,Kagawasan,7.86611,123.395
PH,Philippines,Asia,South-Eastern Asia,ZSI,Zamboanga Sibugay,Kalian,7.5916,123.2319
PH,Philippines,Asia,South-Eastern Asia,ZSI,Zamboanga Sibugay,Kawayan,7.53833,122.8725
PH,Philippines,Asia,South-Eastern Asia,ZSI,Zamboanga Sibugay,Kipit,8.04611,122.53222
PH,Philippines,Asia,South-Eastern Asia,ZSI,Zamboanga Sibugay,La Dicha,7.676,123.0023
PH,Philippines,Asia,South-Eastern Asia,ZSI,Zamboanga Sibugay,Labuan,7.09972,121.90417
PH,Philippines,Asia,South-Eastern Asia,ZSI,Zamboanga Sibugay,Lamisahan,7.07083,122.15833
PH,Philippines,Asia,South-Eastern Asia,ZSI,Zamboanga Sibugay,Landang Laum,6.96889,122.24917
PH,Philippines,Asia,South-Eastern Asia,ZSI,Zamboanga Sibugay,Langatian,8.5208,123.2324
PH,Philippines,Asia,South-Eastern Asia,ZSI,Zamboanga Sibugay,Laparay,7.40361,122.81722
PH,Philippines,Asia,South-Eastern Asia,ZSI,Zamboanga Sibugay,Legrada,7.6333,123.3045
PH,Philippines,Asia,South-Eastern Asia,ZSI,Zamboanga Sibugay,Leon Postigo,8.1551,122.9311
PH,Philippines,Asia,South-Eastern Asia,ZSI,Zamboanga Sibugay,Limaong,7.36056,122.36639
PH,Philippines,Asia,South-Eastern Asia,ZSI,Zamboanga Sibugay,Limpapa,7.11972,121.91056
PH,Philippines,Asia,South-Eastern Asia,ZSI,Zamboanga Sibugay,Linay,8.51667,123.13333
PH,Philippines,Asia,South-Eastern Asia,ZSI,Zamboanga Sibugay,Lingasan,8.4966,123.3997
PH,Philippines,Asia,South-Eastern Asia,ZSI,Zamboanga Sibugay,Lintangan,7.21554,121.952
PH,Philippines,Asia,South-Eastern Asia,ZSI,Zamboanga Sibugay,Lumbayan,6.94722,122.14111
PH,Philippines,Asia,South-Eastern Asia,ZSI,Zamboanga Sibugay,Lumbog,7.5581,123.2014
PH,Philippines,Asia,South-Eastern Asia,ZSI,Zamboanga Sibugay,Mabuhay,7.41778,122.83667
PH,Philippines,Asia,South-Eastern Asia,ZSI,Zamboanga Sibugay,Malangas,7.63028,123.03167
PH,Philippines,Asia,South-Eastern Asia,ZSI,Zamboanga Sibugay,Malayal,7.20801,121.94204
PH,Philippines,Asia,South-Eastern Asia,ZSI,Zamboanga Sibugay,Malim,7.452,123.4312
PH,Philippines,Asia,South-Eastern Asia,ZSI,Zamboanga Sibugay,Mandih,8.2087,123.0141
PH,Philippines,Asia,South-Eastern Asia,ZSI,Zamboanga Sibugay,Mangusu,7.32556,122.2775
PH,Philippines,Asia,South-Eastern Asia,ZSI,Zamboanga Sibugay,Manicahan,7.01944,122.20111
PH,Philippines,Asia,South-Eastern Asia,ZSI,Zamboanga Sibugay,Margos,7.932,123.659
PH,Philippines,Asia,South-Eastern Asia,ZSI,Zamboanga Sibugay,Mercedes,6.95861,122.14833
PH,Philippines,Asia,South-Eastern Asia,ZSI,Zamboanga Sibugay,Monching,7.71583,122.86639
PH,Philippines,Asia,South-Eastern Asia,ZSI,Zamboanga Sibugay,Muricay,7.8275,123.4782
PH,Philippines,Asia,South-Eastern Asia,ZSI,Zamboanga Sibugay,Muti,7.27583,122.28
PH,Philippines,Asia,South-Eastern Asia,ZSI,Zamboanga Sibugay,Olingan,8.5381,123.3216
PH,Philippines,Asia,South-Eastern Asia,ZSI,Zamboanga Sibugay,Olutanga,7.31056,122.84639
PH,Philippines,Asia,South-Eastern Asia,ZSI,Zamboanga Sibugay,Palomoc,7.9153,122.5829
PH,Philippines,Asia,South-Eastern Asia,ZSI,Zamboanga Sibugay,Panubigan,7.4281,123.3466
PH,Philippines,Asia,South-Eastern Asia,ZSI,Zamboanga Sibugay,Patawag,8.10639,122.62083
PH,Philippines,Asia,South-Eastern Asia,ZSI,Zamboanga Sibugay,Payao,7.58667,122.80278
PH,Philippines,Asia,South-Eastern Asia,ZSI,Zamboanga Sibugay,Ponot,8.452,123.0222
PH,Philippines,Asia,South-Eastern Asia,ZSI,Zamboanga Sibugay,Quinipot,7.18028,122.22028
PH,Philippines,Asia,South-Eastern Asia,ZSI,Zamboanga Sibugay,Rancheria Payau,7.8541,123.1598
PH,Philippines,Asia,South-Eastern Asia,ZSI,Zamboanga Sibugay,Recodo,6.95194,121.96361
PH,Philippines,Asia,South-Eastern Asia,ZSI,Zamboanga Sibugay,Robonkon,7.7535,123.4187
PH,Philippines,Asia,South-Eastern Asia,ZSI,Zamboanga Sibugay,Sagacad,7.68611,123.34056
PH,Philippines,Asia,South-Eastern Asia,ZSI,Zamboanga Sibugay,Sangali,7.06944,122.20139
PH,Philippines,Asia,South-Eastern Asia,ZSI,Zamboanga Sibugay,Seres,8.4803,123.2629
PH,Philippines,Asia,South-Eastern Asia,ZSI,Zamboanga Sibugay,Sergio Osmeña Sr,8.16667,123.5
PH,Philippines,Asia,South-Eastern Asia,ZSI,Zamboanga Sibugay,Siari,8.3245,122.9881
PH,Philippines,Asia,South-Eastern Asia,ZSI,Zamboanga Sibugay,Siay,7.69611,122.86306
PH,Philippines,Asia,South-Eastern Asia,ZSI,Zamboanga Sibugay,Sibulao,7.32417,122.23944
PH,Philippines,Asia,South-Eastern Asia,ZSI,Zamboanga Sibugay,Sibutao,8.5916,123.4859
PH,Philippines,Asia,South-Eastern Asia,ZSI,Zamboanga Sibugay,Sinubong,7.02806,121.92528
PH,Philippines,Asia,South-Eastern Asia,ZSI,Zamboanga Sibugay,Siraway,7.58528,122.13972
PH,Philippines,Asia,South-Eastern Asia,ZSI,Zamboanga Sibugay,Sumalig,7.9986,123.6627
PH,Philippines,Asia,South-Eastern Asia,ZSI,Zamboanga Sibugay,Tagasilay,7.3025,122.25861
PH,Philippines,Asia,South-Eastern Asia,ZSI,Zamboanga Sibugay,Taguitic,7.9387,123.6312
PH,Philippines,Asia,South-Eastern Asia,ZSI,Zamboanga Sibugay,Talabaan,6.94111,122.17222
PH,Philippines,Asia,South-Eastern Asia,ZSI,Zamboanga Sibugay,Taluksangay,6.95417,122.18389
PH,Philippines,Asia,South-Eastern Asia,ZSI,Zamboanga Sibugay,Talusan,7.42667,122.81028
PH,Philippines,Asia,South-Eastern Asia,ZSI,Zamboanga Sibugay,Tawagan,7.845,123.47528
PH,Philippines,Asia,South-Eastern Asia,ZSI,Zamboanga Sibugay,Tigpalay,7.49479,122.34496
PH,Philippines,Asia,South-Eastern Asia,ZSI,Zamboanga Sibugay,Tigtabon,6.89556,122.16694
PH,Philippines,Asia,South-Eastern Asia,ZSI,Zamboanga Sibugay,Tiguha,7.70444,123.21139
PH,Philippines,Asia,South-Eastern Asia,ZSI,Zamboanga Sibugay,Timonan,8.2117,123.0682
PH,Philippines,Asia,South-Eastern Asia,ZSI,Zamboanga Sibugay,Tiparak,8.0341,123.5288
PH,Philippines,Asia,South-Eastern Asia,ZSI,Zamboanga Sibugay,Titay,7.8125,122.53444
PH,Philippines,Asia,South-Eastern Asia,ZSI,Zamboanga Sibugay,Tolosa,7.03222,122.16139
PH,Philippines,Asia,South-Eastern Asia,ZSI,Zamboanga Sibugay,Tucuran,7.8524,123.5743
PH,Philippines,Asia,South-Eastern Asia,ZSI,Zamboanga Sibugay,Tungawan,7.50806,122.37111
PH,Philippines,Asia,South-Eastern Asia,ZSI,Zamboanga Sibugay,Vitali,7.37111,122.28861
SG,Singapore,Asia,South-Eastern Asia,01,Central Singapore,Bukit Timah,1.3294,103.8021
SG,Singapore,Asia,South-Eastern Asia,01,Central Singapore,Downtown Core,1.278,103.852
SG,Singapore,Asia,South-Eastern Asia,01,Central Singapore,Geylang,1.3182,103.8871
SG,Singapore,Asia,South-Eastern Asia,01,Central Singapore,Kallang,1.3106,103.866
SG,Singapore,Asia,South-Eastern Asia,01,Central Singapore,Marine Parade,1.303,103.9072
SG,Singapore,Asia,South-Eastern Asia,01,Central Singapore,Novena,1.3201,103.8439
SG,Singapore,Asia,South-Eastern Asia,01,Central Singapore,Orchard Road,1.3036,103.8318
SG,Singapore,Asia,South-Eastern Asia,01,Central Singapore,Outram,1.2819,103.839
SG,Singapore,Asia,South-Eastern Asia,01,Central Singapore,Rochor,1.3049,103.852
SG,Singapore,Asia,South-Eastern Asia,01,Central Singapore,Singapore,1.28967,103.85007
SG,Singapore,Asia,South-Eastern Asia,01,Central Singapore,Tanjong Pagar,1.2764,103.8434
SG,Singapore,Asia,South-Eastern Asia,01,Central Singapore,Toa Payoh,1.3354,103.8497
SG,Singapore,Asia,South-Eastern Asia,02,North East,Ang Mo Kio,1.3698,103.8461
SG,Singapore,Asia,South-Eastern Asia,02,North East,Hougang,1.3736,103.8867
SG,Singapore,Asia,South-Eastern Asia,02,North East,Punggol,1.4051,103.9023
SG,Singapore,Asia,South-Eastern Asia,02,North East,Sengkang,1.3901,103.8952
SG,Singapore,Asia,South-Eastern Asia,02,North East,Serangoon,1.3496,103.8737
SG,Singapore,Asia,South-Eastern Asia,03,North West,Sembawang,1.4491,103.8201
SG,Singapore,Asia,South-Eastern Asia,03,North West,Woodlands,1.43801,103.78877
SG,Singapore,Asia,South-Eastern Asia,03,North West,Yishun,1.4293,103.8355
SG,Singapore,Asia,South-Eastern Asia,04,South East,Bedok,1.3236,103.9273
SG,Singapore,Asia,South-Eastern Asia,04,South East,Pasir Ris,1.3739,103.9493
SG,Singapore,Asia,South-Eastern Asia,04,South East,Tampines,1.3547,103.9437
SG,Singapore,Asia,South-Eastern Asia,05,South West,Bukit Batok,1.3496,103.7528
SG,Singapore,Asia,South-Eastern Asia,05,South West,Bukit Panjang,1.3786,103.7626
SG,Singapore,Asia,South-Eastern Asia,05,South West,Jurong West,1.3396,103.7073
TH,Thailand,Asia,South-Eastern Asia,37,Amnat Charoen,Amnat Charoen,15.85851,104.62883
TH,Thailand,Asia,South-Eastern Asia,37,Amnat Charoen,Chanuman,16.12553,104.92279
TH,Thailand,Asia,South-Eastern Asia,37,Amnat Charoen,Hua Taphan,15.67594,104.52702
TH,Thailand,Asia,South-Eastern Asia,37,Amnat Charoen,Lue Amnat,15.70781,104.71118
TH,Thailand,Asia,South-Eastern Asia,37,Amnat Charoen,Mueang Amnat Charoen,15.87864,104.64284
TH,Thailand,Asia,South-Eastern Asia,37,Amnat Charoen,Pathum Ratchawongsa,15.89542,104.89611
TH,Thailand,Asia,South-Eastern Asia,37,Amnat Charoen,Phana,15.66895,104.85675
TH,Thailand,Asia,South-Eastern Asia,37,Amnat Charoen,Senangkhanikhom,16.0513,104.68441
TH,Thailand,Asia,South-Eastern Asia,15,Ang Thong,Amphoe Chaiyo,14.67225,100.46786
TH,Thailand,Asia,South-Eastern Asia,15,Ang Thong,Amphoe Pho Thong,14.67344,100.34569
TH,Thailand,Asia,South-Eastern Asia,15,Ang Thong,Ang Thong,14.58839,100.45283
TH,Thailand,Asia,South-Eastern Asia,15,Ang Thong,Ban Thai Tan,14.62161,100.48739
TH,Thailand,Asia,South-Eastern Asia,15,Ang Thong,Chaiyo,14.67639,100.46861
TH,Thailand,Asia,South-Eastern Asia,15,Ang Thong,Mueang Ang Thong,14.57815,100.44393
TH,Thailand,Asia,South-Eastern Asia,15,Ang Thong,Pa Mok,14.4862,100.4573
TH,Thailand,Asia,South-Eastern Asia,15,Ang Thong,Pho Thong,14.66731,100.40878
TH,Thailand,Asia,South-Eastern Asia,15,Ang Thong,Sawaeng Ha,14.74635,100.28963
TH,Thailand,Asia,South-Eastern Asia,15,Ang Thong,Wiset Chai Chan,14.5499,100.31743
TH,Thailand,Asia,South-Eastern Asia,15,Ang Thong,Wiset Chaichan,14.5945,100.33825
TH,Thailand,Asia,South-Eastern Asia,10,Bangkok,Bang Bon,13.6592,100.38801
TH,Thailand,Asia,South-Eastern Asia,10,Bangkok,Bang Kapi,13.77258,100.63847
TH,Thailand,Asia,South-Eastern Asia,10,Bangkok,Bang Khae,13.71927,100.39278
TH,Thailand,Asia,South-Eastern Asia,10,Bangkok,Bang Khen,13.86901,100.62769
TH,Thailand,Asia,South-Eastern Asia,10,Bangkok,Bang Kho laen,13.70025,100.50971
TH,Thailand,Asia,South-Eastern Asia,10,Bangkok,Bang Khun thain,13.59482,100.42694
TH,Thailand,Asia,South-Eastern Asia,10,Bangkok,Bang Na,13.67252,100.62089
TH,Thailand,Asia,South-Eastern Asia,10,Bangkok,Bang Phlat,13.78668,100.49152
TH,Thailand,Asia,South-Eastern Asia,10,Bangkok,Bang Rak,13.73058,100.52388
TH,Thailand,Asia,South-Eastern Asia,10,Bangkok,Bang Sue,13.81921,100.5279
TH,Thailand,Asia,South-Eastern Asia,10,Bangkok,Bangkok,13.75398,100.50144
TH,Thailand,Asia,South-Eastern Asia,10,Bangkok,Bangkok Noi,13.76551,100.46988
TH,Thailand,Asia,South-Eastern Asia,10,Bangkok,Bangkok Yai,13.73748,100.47428
TH,Thailand,Asia,South-Eastern Asia,10,Bangkok,Bueng Kum,13.81023,100.6514
TH,Thailand,Asia,South-Eastern Asia,10,Bangkok,Chatu Chak,13.82888,100.56374
TH,Thailand,Asia,South-Eastern Asia,10,Bangkok,Chom Thong,13.6891,100.46175
TH,Thailand,Asia,South-Eastern Asia,10,Bangkok,Din Daeng,13.77728,100.56235
TH,Thailand,Asia,South-Eastern Asia,10,Bangkok,Don Mueang,13.92601,100.59365
TH,Thailand,Asia,South-Eastern Asia,10,Bangkok,Dusit,13.78235,100.51677
TH,Thailand,Asia,South-Eastern Asia,10,Bangkok,Huai Khwang,13.7706,100.58119
TH,Thailand,Asia,South-Eastern Asia,10,Bangkok,Khan Na Yao,13.8238,100.67649
TH,Thailand,Asia,South-Eastern Asia,10,Bangkok,Khlong Sam Wa,13.87633,100.73805
TH,Thailand,Asia,South-Eastern Asia,10,Bangkok,Khlong San,13.72602,100.50071
TH,Thailand,Asia,South-Eastern Asia,10,Bangkok,Khlong Toei,13.71806,100.57065
TH,Thailand,Asia,South-Eastern Asia,10,Bangkok,Lak Si,13.8821,100.56889
TH,Thailand,Asia,South-Eastern Asia,10,Bangkok,Lat Krabang,13.745,100.79224
TH,Thailand,Asia,South-Eastern Asia,10,Bangkok,Lat Phrao,13.82779,100.60672
TH,Thailand,Asia,South-Eastern Asia,10,Bangkok,Min Buri,13.81254,100.75334
TH,Thailand,Asia,South-Eastern Asia,10,Bangkok,Nong Chok,13.8528,100.85788
TH,Thailand,Asia,South-Eastern Asia,10,Bangkok,Nong Khaem,13.69979,100.35364
TH,Thailand,Asia,South-Eastern Asia,10,Bangkok,Parthum Wan,13.74265,100.53398
TH,Thailand,Asia,South-Eastern Asia,10,Bangkok,Phasi Charoen,13.72597,100.44103
TH,Thailand,Asia,South-Eastern Asia,10,Bangkok,Phaya Thai,13.78442,100.54306
TH,Thailand,Asia,South-Eastern Asia,10,Bangkok,Phra Khanong,13.69705,100.61234
TH,Thailand,Asia,South-Eastern Asia,10,Bangkok,Phra Nakhon,13.75831,100.49613
TH,Thailand,Asia,South-Eastern Asia,10,Bangkok,Pom Prap Sattru Phai,13.7548,100.50995
TH,Thailand,Asia,South-Eastern Asia,10,Bangkok,Pra Wet,13.71735,100.69452
TH,Thailand,Asia,South-Eastern Asia,10,Bangkok,Rat Burana,13.67633,100.49881
TH,Thailand,Asia,South-Eastern Asia,10,Bangkok,Ratchathewi,13.76029,100.53724
TH,Thailand,Asia,South-Eastern Asia,10,Bangkok,Sai Mai,13.90727,100.65181
TH,Thailand,Asia,South-Eastern Asia,10,Bangkok,Samphanthawong,13.74233,100.50765
TH,Thailand,Asia,South-Eastern Asia,10,Bangkok,Saphan Sung,13.76531,100.69001
TH,Thailand,Asia,South-Eastern Asia,10,Bangkok,Sathon,13.71745,100.52999
TH,Thailand,Asia,South-Eastern Asia,10,Bangkok,Suanluang,13.72989,100.62677
TH,Thailand,Asia,South-Eastern Asia,10,Bangkok,Taling Chan,13.77271,100.43289
TH,Thailand,Asia,South-Eastern Asia,10,Bangkok,Thawi Watthana,13.77637,100.3662
TH,Thailand,Asia,South-Eastern Asia,10,Bangkok,Thon buri,13.71874,100.48367
TH,Thailand,Asia,South-Eastern Asia,10,Bangkok,Thung khru,13.63387,100.49641
TH,Thailand,Asia,South-Eastern Asia,10,Bangkok,Vadhana,13.73501,100.5828
TH,Thailand,Asia,South-Eastern Asia,10,Bangkok,Wang Thong Lang,13.78188,100.60804
TH,Thailand,Asia,South-Eastern Asia,10,Bangkok,Yan na wa,13.69177,100.5395
TH,Thailand,Asia,South-Eastern Asia,38,Bueng Kan,Amphoe Seka,17.98734,103.89616
TH,Thailand,Asia,South-Eastern Asia,38,Bueng Kan,Bueng Kan,18.36303,103.65194
TH,Thailand,Asia,South-Eastern Asia,38,Bueng Kan,Bueng Khong Long,18.00899,104.07302
TH,Thailand,Asia,South-Eastern Asia,38,Bueng Kan,Bung Khla,18.24726,103.99427
TH,Thailand,Asia,South-Eastern Asia,38,Bueng Kan,Mueang Bueng Kan,18.2995,103.64016
TH,Thailand,Asia,South-Eastern Asia,38,Bueng Kan,Pak Khat,18.27738,103.3414
TH,Thailand,Asia,South-Eastern Asia,38,Bueng Kan,Phon Charoen,18.07967,103.65453
TH,Thailand,Asia,South-Eastern Asia,38,Bueng Kan,Seka,17.92851,103.95519
TH,Thailand,Asia,South-Eastern Asia,38,Bueng Kan,Si Wilai,18.15528,103.77975
TH,Thailand,Asia,South-Eastern Asia,38,Bueng Kan,So Phisai,18.14176,103.44923
TH,Thailand,Asia,South-Eastern Asia,31,Buri Ram,Amphoe Nang Rong,14.63333,102.76667
TH,Thailand,Asia,South-Eastern Asia,31,Buri Ram,Amphoe Nong Ki,14.72696,102.55798
TH,Thailand,Asia,South-Eastern Asia,31,Buri Ram,Amphoe Prakhon Chai,14.61041,103.06054
TH,Thailand,Asia,South-Eastern Asia,31,Buri Ram,Amphoe Satuek,15.22699,103.33006
TH,Thailand,Asia,South-Eastern Asia,31,Buri Ram,Ban Dan,15.12363,103.18937
TH,Thailand,Asia,South-Eastern Asia,31,Buri Ram,Ban Kruat,14.39205,103.11494
TH,Thailand,Asia,South-Eastern Asia,31,Buri Ram,Ban Mai Chaiyaphot,15.57857,102.84394
TH,Thailand,Asia,South-Eastern Asia,31,Buri Ram,Buri Ram,14.99433,103.10392
TH,Thailand,Asia,South-Eastern Asia,31,Buri Ram,Chaloem Phra Kiat,14.55725,102.89878
TH,Thailand,Asia,South-Eastern Asia,31,Buri Ram,Chamni,14.78636,102.85386
TH,Thailand,Asia,South-Eastern Asia,31,Buri Ram,Huai Rat,15.00896,103.23499
TH,Thailand,Asia,South-Eastern Asia,31,Buri Ram,Khaen Dong,15.3062,103.13286
TH,Thailand,Asia,South-Eastern Asia,31,Buri Ram,Khu Mueang,15.26844,103.02717
TH,Thailand,Asia,South-Eastern Asia,31,Buri Ram,Krasang,14.94167,103.31898
TH,Thailand,Asia,South-Eastern Asia,31,Buri Ram,Lahan Sai,14.32194,102.87994
TH,Thailand,Asia,South-Eastern Asia,31,Buri Ram,Lam Plai Mat,15.01688,102.87479
TH,Thailand,Asia,South-Eastern Asia,31,Buri Ram,Mueang Buriram,14.94078,103.06244
TH,Thailand,Asia,South-Eastern Asia,31,Buri Ram,Na Pho,15.69565,102.93857
TH,Thailand,Asia,South-Eastern Asia,31,Buri Ram,Nang Rong,14.6377,102.79138
TH,Thailand,Asia,South-Eastern Asia,31,Buri Ram,Non Din Daeng,14.2201,102.68233
TH,Thailand,Asia,South-Eastern Asia,31,Buri Ram,Non Suwan,14.55511,102.58339
TH,Thailand,Asia,South-Eastern Asia,31,Buri Ram,Nong Hong,14.86149,102.6708
TH,Thailand,Asia,South-Eastern Asia,31,Buri Ram,Nong Ki,14.68679,102.538
TH,Thailand,Asia,South-Eastern Asia,31,Buri Ram,Pa Kham,14.4,102.66667
TH,Thailand,Asia,South-Eastern Asia,31,Buri Ram,Phlapphla Chai,14.73299,103.17015
TH,Thailand,Asia,South-Eastern Asia,31,Buri Ram,Phutthaisong,15.53249,102.98701
TH,Thailand,Asia,South-Eastern Asia,31,Buri Ram,Prakhon Chai,14.60592,103.12081
TH,Thailand,Asia,South-Eastern Asia,31,Buri Ram,Satuek,15.29703,103.29192
TH,Thailand,Asia,South-Eastern Asia,24,Chachoengsao,Amphoe Bang Khla,13.74186,101.20754
TH,Thailand,Asia,South-Eastern Asia,24,Chachoengsao,Amphoe Bang Nam Priao,13.88034,101.03232
TH,Thailand,Asia,South-Eastern Asia,24,Chachoengsao,Amphoe Bang Pakong,13.53241,100.96045
TH,Thailand,Asia,South-Eastern Asia,24,Chachoengsao,Amphoe Khlong Khuean,13.77961,101.15633
TH,Thailand,Asia,South-Eastern Asia,24,Chachoengsao,Amphoe Phanom Sarakham,13.73806,101.41202
TH,Thailand,Asia,South-Eastern Asia,24,Chachoengsao,Ban Pho,13.61,101.07838
TH,Thailand,Asia,South-Eastern Asia,24,Chachoengsao,Bang Khla,13.72144,101.20814
TH,Thailand,Asia,South-Eastern Asia,24,Chachoengsao,Bang Nam Priao,13.84739,101.05306
TH,Thailand,Asia,South-Eastern Asia,24,Chachoengsao,Bang Pakong,13.54297,100.99333
TH,Thailand,Asia,South-Eastern Asia,24,Chachoengsao,Chachoengsao,13.6882,101.07156
TH,Thailand,Asia,South-Eastern Asia,24,Chachoengsao,Khlong Khuean,13.79131,101.16353
TH,Thailand,Asia,South-Eastern Asia,24,Chachoengsao,Mueang Chachoengsao,13.71758,101.02152
TH,Thailand,Asia,South-Eastern Asia,24,Chachoengsao,Phanom Sarakham,13.74872,101.34888
TH,Thailand,Asia,South-Eastern Asia,24,Chachoengsao,Plaeng Yao,13.56381,101.33972
TH,Thailand,Asia,South-Eastern Asia,24,Chachoengsao,Ratchasan,13.7866,101.28136
TH,Thailand,Asia,South-Eastern Asia,24,Chachoengsao,Sanam Chai Khet,13.62612,101.65475
TH,Thailand,Asia,South-Eastern Asia,24,Chachoengsao,Tha Takiap,13.3951,101.73457
TH,Thailand,Asia,South-Eastern Asia,18,Chai Nat,Chai Nat,15.18636,100.12353
TH,Thailand,Asia,South-Eastern Asia,18,Chai Nat,Hankha,15.05048,99.9609
TH,Thailand,Asia,South-Eastern Asia,18,Chai Nat,Manorom,15.31894,100.15677
TH,Thailand,Asia,South-Eastern Asia,18,Chai Nat,Mueang Chainat,15.19104,100.1354
TH,Thailand,Asia,South-Eastern Asia,18,Chai Nat,Noen Kham,14.98254,99.8459
TH,Thailand,Asia,South-Eastern Asia,18,Chai Nat,Nong Mamong,15.23372,99.81087
TH,Thailand,Asia,South-Eastern Asia,18,Chai Nat,Sankhaburi,15.02105,100.17038
TH,Thailand,Asia,South-Eastern Asia,18,Chai Nat,Sapphaya,15.14873,100.25506
TH,Thailand,Asia,South-Eastern Asia,18,Chai Nat,Wat Sing,15.21574,99.9668
TH,Thailand,Asia,South-Eastern Asia,36,Chaiyaphum,Bamnet Narong,15.50189,101.68982
TH,Thailand,Asia,South-Eastern Asia,36,Chaiyaphum,Chaiyaphum,15.81047,102.02881
TH,Thailand,Asia,South-Eastern Asia,36,Chaiyaphum,Kaeng Khro,16.10861111,102.25805556
TH,Thailand,Asia,South-Eastern Asia,36,Chaiyaphum,Kaset Sombun,16.28053,101.95422
TH,Thailand,Asia,South-Eastern Asia,36,Chaiyaphum,Nakhon Nayok,14.203056,101.215
TH,Thailand,Asia,South-Eastern Asia,36,Chaiyaphum,Phu Khiao,16.3765,102.12853
TH,Thailand,Asia,South-Eastern Asia,22,Chanthaburi,Amphoe Khlung,12.57246,102.30783
TH,Thailand,Asia,South-Eastern Asia,22,Chanthaburi,Amphoe Laem Sing,12.45689,102.14262
TH,Thailand,Asia,South-Eastern Asia,22,Chanthaburi,Amphoe Pong Nam Ron,12.93467,102.37189
TH,Thailand,Asia,South-Eastern Asia,22,Chanthaburi,Amphoe Tha Mai,12.73848,101.97696
TH,Thailand,Asia,South-Eastern Asia,22,Chanthaburi,Chanthaburi,12.60961,102.10447
TH,Thailand,Asia,South-Eastern Asia,22,Chanthaburi,Kaeng Hang Maeo,13.0969,101.88543
TH,Thailand,Asia,South-Eastern Asia,22,Chanthaburi,Khao Khitchakut,12.93726,102.09762
TH,Thailand,Asia,South-Eastern Asia,22,Chanthaburi,Khlung,12.45467,102.22142
TH,Thailand,Asia,South-Eastern Asia,22,Chanthaburi,Laem Sing,12.48164,102.07375
TH,Thailand,Asia,South-Eastern Asia,22,Chanthaburi,Makham,12.73333,102.21667
TH,Thailand,Asia,South-Eastern Asia,22,Chanthaburi,Mueang Chanthaburi,12.59542,102.12263
TH,Thailand,Asia,South-Eastern Asia,22,Chanthaburi,Na Yai Am,12.73833,101.87502
TH,Thailand,Asia,South-Eastern Asia,22,Chanthaburi,Pong Nam Ron,12.90575,102.26225
TH,Thailand,Asia,South-Eastern Asia,22,Chanthaburi,Soi Dao,13.17034,102.22796
TH,Thailand,Asia,South-Eastern Asia,22,Chanthaburi,Tha Mai,12.62137,102.00481
TH,Thailand,Asia,South-Eastern Asia,50,Chiang Mai,Amphoe Chai Prakan,19.674,99.17478
TH,Thailand,Asia,South-Eastern Asia,50,Chiang Mai,Amphoe Chom Thong,18.39242,98.59761
TH,Thailand,Asia,South-Eastern Asia,50,Chiang Mai,Amphoe Fang,19.8755,99.16345
TH,Thailand,Asia,South-Eastern Asia,50,Chiang Mai,Amphoe Hang Dong,18.73869,98.88439
TH,Thailand,Asia,South-Eastern Asia,50,Chiang Mai,Amphoe San Kamphaeng,18.73497,99.18609
TH,Thailand,Asia,South-Eastern Asia,50,Chiang Mai,Amphoe San Pa Tong,18.60567,98.88531
TH,Thailand,Asia,South-Eastern Asia,50,Chiang Mai,Chai Prakan,19.73136,99.13997
TH,Thailand,Asia,South-Eastern Asia,50,Chiang Mai,Chiang Dao,19.51279,98.9418
TH,Thailand,Asia,South-Eastern Asia,50,Chiang Mai,Chiang Mai,18.79038,98.98468
TH,Thailand,Asia,South-Eastern Asia,50,Chiang Mai,Chom Thong,18.41742,98.67428
TH,Thailand,Asia,South-Eastern Asia,50,Chiang Mai,Doi Lo,18.5333,98.76843
TH,Thailand,Asia,South-Eastern Asia,50,Chiang Mai,Doi Saket,18.92372,99.21272
TH,Thailand,Asia,South-Eastern Asia,50,Chiang Mai,Doi Tao,17.89703,98.66292
TH,Thailand,Asia,South-Eastern Asia,50,Chiang Mai,Fang,19.91689,99.2145
TH,Thailand,Asia,South-Eastern Asia,50,Chiang Mai,Galyani Vadhana,18.94439,98.30329
TH,Thailand,Asia,South-Eastern Asia,50,Chiang Mai,Hang Dong,18.68703,98.91939
TH,Thailand,Asia,South-Eastern Asia,50,Chiang Mai,Hot,18.11581,98.46377
TH,Thailand,Asia,South-Eastern Asia,50,Chiang Mai,Mae Ai,19.99136,99.33976
TH,Thailand,Asia,South-Eastern Asia,50,Chiang Mai,Mae Chaem,18.66694,98.3245
TH,Thailand,Asia,South-Eastern Asia,50,Chiang Mai,Mae On,18.73496,99.30378
TH,Thailand,Asia,South-Eastern Asia,50,Chiang Mai,Mae Rim,18.94139,98.88667
TH,Thailand,Asia,South-Eastern Asia,50,Chiang Mai,Mae Taeng,19.16667,98.83333
TH,Thailand,Asia,South-Eastern Asia,50,Chiang Mai,Mae Wang,18.67457,98.68714
TH,Thailand,Asia,South-Eastern Asia,50,Chiang Mai,Mueang Chiang Mai,18.79008,98.96869
TH,Thailand,Asia,South-Eastern Asia,50,Chiang Mai,Om Koi,17.69842,98.35433
TH,Thailand,Asia,South-Eastern Asia,50,Chiang Mai,Pai,19.36168,98.43973
TH,Thailand,Asia,South-Eastern Asia,50,Chiang Mai,Phrao,19.2846,99.22277
TH,Thailand,Asia,South-Eastern Asia,50,Chiang Mai,Samoeng,18.90027,98.6565
TH,Thailand,Asia,South-Eastern Asia,50,Chiang Mai,San Kamphaeng,18.74486,99.11953
TH,Thailand,Asia,South-Eastern Asia,50,Chiang Mai,San Pa Tong,18.62828,98.89572
TH,Thailand,Asia,South-Eastern Asia,50,Chiang Mai,San Sai,18.94101,99.04048
TH,Thailand,Asia,South-Eastern Asia,50,Chiang Mai,Saraphi,18.70511,99.02989
TH,Thailand,Asia,South-Eastern Asia,50,Chiang Mai,Wiang Haeng,19.59188,98.65845
TH,Thailand,Asia,South-Eastern Asia,57,Chiang Rai,Amphoe Chiang Khong,20.13587,100.36527
TH,Thailand,Asia,South-Eastern Asia,57,Chiang Rai,Amphoe Chiang Saen,20.23572,100.15537
TH,Thailand,Asia,South-Eastern Asia,57,Chiang Rai,Amphoe Mae Chan,20.1991,99.88468
TH,Thailand,Asia,South-Eastern Asia,57,Chiang Rai,Amphoe Mae Sai,20.365,99.92604
TH,Thailand,Asia,South-Eastern Asia,57,Chiang Rai,Amphoe Pa Daet,19.50643,99.97615
TH,Thailand,Asia,South-Eastern Asia,57,Chiang Rai,Chiang Khong,20.26125,100.40461
TH,Thailand,Asia,South-Eastern Asia,57,Chiang Rai,Chiang Rai,19.90858,99.8325
TH,Thailand,Asia,South-Eastern Asia,57,Chiang Rai,Chiang Saen,20.27511,100.08689
TH,Thailand,Asia,South-Eastern Asia,57,Chiang Rai,Doi Luang,20.14496,100.15712
TH,Thailand,Asia,South-Eastern Asia,57,Chiang Rai,Khun Tan,19.86481,100.28731
TH,Thailand,Asia,South-Eastern Asia,57,Chiang Rai,Mae Chan,20.14675,99.85256
TH,Thailand,Asia,South-Eastern Asia,57,Chiang Rai,Mae Fa Luang,20.22228,99.64147
TH,Thailand,Asia,South-Eastern Asia,57,Chiang Rai,Mae Lao,19.77223,99.71128
TH,Thailand,Asia,South-Eastern Asia,57,Chiang Rai,Mae Sai,20.43353,99.87617
TH,Thailand,Asia,South-Eastern Asia,57,Chiang Rai,Mae Suai,19.69037,99.48459
TH,Thailand,Asia,South-Eastern Asia,57,Chiang Rai,Mueang Chiang Rai,19.90824,99.77299
TH,Thailand,Asia,South-Eastern Asia,57,Chiang Rai,Pa Daet,19.50489,99.99241
TH,Thailand,Asia,South-Eastern Asia,57,Chiang Rai,Phan,19.5745,99.77299
TH,Thailand,Asia,South-Eastern Asia,57,Chiang Rai,Phaya Mengrai,19.8732,100.16257
TH,Thailand,Asia,South-Eastern Asia,57,Chiang Rai,Thoeng,19.6765,100.20095
TH,Thailand,Asia,South-Eastern Asia,57,Chiang Rai,Wiang Chai,19.8636,100.00065
TH,Thailand,Asia,South-Eastern Asia,57,Chiang Rai,Wiang Chiang Rung,20.02208,100.07472
TH,Thailand,Asia,South-Eastern Asia,57,Chiang Rai,Wiang Kaen,20.00874,100.48641
TH,Thailand,Asia,South-Eastern Asia,57,Chiang Rai,Wiang Pa Pao,19.3046,99.44925
TH,Thailand,Asia,South-Eastern Asia,20,Chon Buri,Amphoe Ban Bueng,13.2528,101.18151
TH,Thailand,Asia,South-Eastern Asia,20,Chon Buri,Amphoe Ko Si Chang,13.15286,100.81156
TH,Thailand,Asia,South-Eastern Asia,20,Chon Buri,Amphoe Phan Thong,13.463,101.09131
TH,Thailand,Asia,South-Eastern Asia,20,Chon Buri,Amphoe Phanat Nikhom,13.46434,101.21428
TH,Thailand,Asia,South-Eastern Asia,20,Chon Buri,Amphoe Sattahip,12.71743,100.92754
TH,Thailand,Asia,South-Eastern Asia,20,Chon Buri,Amphoe Si Racha,13.12976,101.04008
TH,Thailand,Asia,South-Eastern Asia,20,Chon Buri,Ban Bueng,13.311,101.11214
TH,Thailand,Asia,South-Eastern Asia,20,Chon Buri,Ban Ko Lan,12.92419,100.78794
TH,Thailand,Asia,South-Eastern Asia,20,Chon Buri,Ban Talat Bueng,13.07147,101.00314
TH,Thailand,Asia,South-Eastern Asia,20,Chon Buri,Bang Lamung,13.04704,100.92891
TH,Thailand,Asia,South-Eastern Asia,20,Chon Buri,Bang Lamung District,12.92579,100.89243
TH,Thailand,Asia,South-Eastern Asia,20,Chon Buri,Bo Thong,13.24227,101.50864
TH,Thailand,Asia,South-Eastern Asia,20,Chon Buri,Chon Buri,13.3622,100.98345
TH,Thailand,Asia,South-Eastern Asia,20,Chon Buri,Ko Chan,13.40253,101.388
TH,Thailand,Asia,South-Eastern Asia,20,Chon Buri,Ko Si Chang,13.16389,100.80547
TH,Thailand,Asia,South-Eastern Asia,20,Chon Buri,Mueang Chonburi,13.34271,101.00111
TH,Thailand,Asia,South-Eastern Asia,20,Chon Buri,Nong Yai,13.11772,101.37471
TH,Thailand,Asia,South-Eastern Asia,20,Chon Buri,Pattaya,12.93333,100.88333
TH,Thailand,Asia,South-Eastern Asia,20,Chon Buri,Phan Thong,13.46804,101.09532
TH,Thailand,Asia,South-Eastern Asia,20,Chon Buri,Phanat Nikhom,13.44581,101.18445
TH,Thailand,Asia,South-Eastern Asia,20,Chon Buri,Sattahip,12.66644,100.90073
TH,Thailand,Asia,South-Eastern Asia,20,Chon Buri,Si Racha,13.17372,100.93111
TH,Thailand,Asia,South-Eastern Asia,86,Chumphon,Amphoe Lang Suan,9.93386,99.05292
TH,Thailand,Asia,South-Eastern Asia,86,Chumphon,Ban Nam Yuen,9.87686,98.86592
TH,Thailand,Asia,South-Eastern Asia,86,Chumphon,Chumphon,10.4957,99.17971
TH,Thailand,Asia,South-Eastern Asia,86,Chumphon,Lamae,9.75567,99.04378
TH,Thailand,Asia,South-Eastern Asia,86,Chumphon,Lang Suan,9.94561,99.07847
TH,Thailand,Asia,South-Eastern Asia,86,Chumphon,Mueang Chumphon,10.46077,99.10608
TH,Thailand,Asia,South-Eastern Asia,86,Chumphon,Pathio,10.81008,99.33938
TH,Thailand,Asia,South-Eastern Asia,86,Chumphon,Phato,9.81066,98.80178
TH,Thailand,Asia,South-Eastern Asia,86,Chumphon,Sawi,10.24008,99.01865
TH,Thailand,Asia,South-Eastern Asia,86,Chumphon,Tha Sae,10.76864,99.09878
TH,Thailand,Asia,South-Eastern Asia,86,Chumphon,Thung Tako,10.09223,99.05337
TH,Thailand,Asia,South-Eastern Asia,46,Kalasin,Amphoe Huai Mek,16.58868,103.24098
TH,Thailand,Asia,South-Eastern Asia,46,Kalasin,Amphoe Kamalasai,16.27999,103.6001
TH,Thailand,Asia,South-Eastern Asia,46,Kalasin,Amphoe Khao Wong,16.67959,104.1003
TH,Thailand,Asia,South-Eastern Asia,46,Kalasin,Amphoe Kuchinarai,16.51977,104.05097
TH,Thailand,Asia,South-Eastern Asia,46,Kalasin,Amphoe Nong Kung Si,16.71932,103.31922
TH,Thailand,Asia,South-Eastern Asia,46,Kalasin,Amphoe Yang Talat,16.43961,103.34085
TH,Thailand,Asia,South-Eastern Asia,46,Kalasin,Don Chan,16.46667,103.71667
TH,Thailand,Asia,South-Eastern Asia,46,Kalasin,Huai Mek,16.58975,103.23547
TH,Thailand,Asia,South-Eastern Asia,46,Kalasin,Huai Phueng,16.66972,103.87997
TH,Thailand,Asia,South-Eastern Asia,46,Kalasin,Kalasin,16.43281,103.50658
TH,Thailand,Asia,South-Eastern Asia,46,Kalasin,Kamalasai,16.33839,103.57564
TH,Thailand,Asia,South-Eastern Asia,46,Kalasin,Kham Muang,16.93884,103.6398
TH,Thailand,Asia,South-Eastern Asia,46,Kalasin,Khao Wong,16.70008,104.09019
TH,Thailand,Asia,South-Eastern Asia,46,Kalasin,Khong Chai,16.25845,103.48167
TH,Thailand,Asia,South-Eastern Asia,46,Kalasin,Kuchinarai,16.541,104.05004
TH,Thailand,Asia,South-Eastern Asia,46,Kalasin,Mueang Kalasin,16.50918,103.54984
TH,Thailand,Asia,South-Eastern Asia,46,Kalasin,Na Khu,16.75018,104.00062
TH,Thailand,Asia,South-Eastern Asia,46,Kalasin,Na Mon,16.56994,103.78015
TH,Thailand,Asia,South-Eastern Asia,46,Kalasin,Nong Kung Si,16.65,103.3
TH,Thailand,Asia,South-Eastern Asia,46,Kalasin,Rong Kham,16.27925,103.71238
TH,Thailand,Asia,South-Eastern Asia,46,Kalasin,Sahatsakhan,16.70987,103.57909
TH,Thailand,Asia,South-Eastern Asia,46,Kalasin,Sam Chai,16.86909,103.52243
TH,Thailand,Asia,South-Eastern Asia,46,Kalasin,Somdet,16.76973,103.75012
TH,Thailand,Asia,South-Eastern Asia,46,Kalasin,Tha Khantho,16.88333,103.25
TH,Thailand,Asia,South-Eastern Asia,46,Kalasin,Yang Talat,16.39982,103.36785
TH,Thailand,Asia,South-Eastern Asia,62,Kamphaeng Phet,Amphoe Khanu Woralaksaburi,16.00233,99.67618
TH,Thailand,Asia,South-Eastern Asia,62,Kamphaeng Phet,Amphoe Lan Krabue,16.60348,99.86521
TH,Thailand,Asia,South-Eastern Asia,62,Kamphaeng Phet,Bueng Samakkhi,16.21262,99.9672
TH,Thailand,Asia,South-Eastern Asia,62,Kamphaeng Phet,Kamphaeng Phet,16.48344,99.52153
TH,Thailand,Asia,South-Eastern Asia,62,Kamphaeng Phet,Khanu Woralaksaburi,16.0617,99.86058
TH,Thailand,Asia,South-Eastern Asia,62,Kamphaeng Phet,Khlong Khlung,16.22191,99.67654
TH,Thailand,Asia,South-Eastern Asia,62,Kamphaeng Phet,Khlong Lan,16.25992,99.21806
TH,Thailand,Asia,South-Eastern Asia,62,Kamphaeng Phet,Kosamphi Nakhon,16.60702,99.34795
TH,Thailand,Asia,South-Eastern Asia,62,Kamphaeng Phet,Lan Krabue,16.60003,99.84889
TH,Thailand,Asia,South-Eastern Asia,62,Kamphaeng Phet,Mueang Kamphaeng Phet,16.43254,99.48831
TH,Thailand,Asia,South-Eastern Asia,62,Kamphaeng Phet,Pang Sila Thong,16.02525,99.35593
TH,Thailand,Asia,South-Eastern Asia,62,Kamphaeng Phet,Phran Kratai,16.70541,99.53704
TH,Thailand,Asia,South-Eastern Asia,62,Kamphaeng Phet,Sai Ngam,16.43956,99.87457
TH,Thailand,Asia,South-Eastern Asia,62,Kamphaeng Phet,Sai Thong Watthana,16.30859,99.87854
TH,Thailand,Asia,South-Eastern Asia,71,Kanchanaburi,Amphoe Bo Phloi,14.38723,99.4499
TH,Thailand,Asia,South-Eastern Asia,71,Kanchanaburi,Amphoe Phanom Thuan,14.15941,99.66904
TH,Thailand,Asia,South-Eastern Asia,71,Kanchanaburi,Amphoe Sangkhla Buri,15.19337,98.52791
TH,Thailand,Asia,South-Eastern Asia,71,Kanchanaburi,Amphoe Tha Maka,13.94665,99.779
TH,Thailand,Asia,South-Eastern Asia,71,Kanchanaburi,Amphoe Tha Muang,13.90947,99.6154
TH,Thailand,Asia,South-Eastern Asia,71,Kanchanaburi,Bo Phloi,14.32517,99.51467
TH,Thailand,Asia,South-Eastern Asia,71,Kanchanaburi,Dan Makham Tia,13.83422,99.34125
TH,Thailand,Asia,South-Eastern Asia,71,Kanchanaburi,Huai Krachao,14.34056,99.67633
TH,Thailand,Asia,South-Eastern Asia,71,Kanchanaburi,Kanchanaburi,14.00412,99.54832
TH,Thailand,Asia,South-Eastern Asia,71,Kanchanaburi,Lao Khwan,14.59488,99.68338
TH,Thailand,Asia,South-Eastern Asia,71,Kanchanaburi,Mueang Kanchanaburi,14.06987,99.32769
TH,Thailand,Asia,South-Eastern Asia,71,Kanchanaburi,Nong Prue,14.67801,99.41075
TH,Thailand,Asia,South-Eastern Asia,71,Kanchanaburi,Phanom Thuan,14.13031,99.69858
TH,Thailand,Asia,South-Eastern Asia,71,Kanchanaburi,Sai Yok,14.25652,98.93372
TH,Thailand,Asia,South-Eastern Asia,71,Kanchanaburi,Sangkhla Buri,15.15553,98.45361
TH,Thailand,Asia,South-Eastern Asia,71,Kanchanaburi,Si Sawat,14.67254,99.12992
TH,Thailand,Asia,South-Eastern Asia,71,Kanchanaburi,Tha Maka,13.9,99.76667
TH,Thailand,Asia,South-Eastern Asia,71,Kanchanaburi,Tha Muang,13.96118,99.64122
TH,Thailand,Asia,South-Eastern Asia,71,Kanchanaburi,Thong Pha Phum,14.83277,98.69233
TH,Thailand,Asia,South-Eastern Asia,40,Khon Kaen,Amphoe Ban Phai,16.04603,102.77755
TH,Thailand,Asia,South-Eastern Asia,40,Khon Kaen,Amphoe Chum Phae,16.61591,102.09619
TH,Thailand,Asia,South-Eastern Asia,40,Khon Kaen,Amphoe Kranuan,16.75261,103.08044
TH,Thailand,Asia,South-Eastern Asia,40,Khon Kaen,Amphoe Phon,15.80672,102.59111
TH,Thailand,Asia,South-Eastern Asia,40,Khon Kaen,Amphoe Pueai Noi,15.88867,102.87618
TH,Thailand,Asia,South-Eastern Asia,40,Khon Kaen,Ban Fang,16.49162,102.61669
TH,Thailand,Asia,South-Eastern Asia,40,Khon Kaen,Ban Haet,16.20067,102.77465
TH,Thailand,Asia,South-Eastern Asia,40,Khon Kaen,Ban Phai,16.05997,102.73097
TH,Thailand,Asia,South-Eastern Asia,40,Khon Kaen,Chonnabot,16.02249,102.55946
TH,Thailand,Asia,South-Eastern Asia,40,Khon Kaen,Chum Phae,16.5443,102.09924
TH,Thailand,Asia,South-Eastern Asia,40,Khon Kaen,Khao Suan Kwang,16.91682,102.78206
TH,Thailand,Asia,South-Eastern Asia,40,Khon Kaen,Khok Pho Chai,16.07194,102.38428
TH,Thailand,Asia,South-Eastern Asia,40,Khon Kaen,Khon Kaen,16.44671,102.833
TH,Thailand,Asia,South-Eastern Asia,40,Khon Kaen,Kranuan,16.70672,103.07878
TH,Thailand,Asia,South-Eastern Asia,40,Khon Kaen,Mancha Khiri,16.21242,102.51973
TH,Thailand,Asia,South-Eastern Asia,40,Khon Kaen,Mueang Khon Kaen,16.46048,102.80873
TH,Thailand,Asia,South-Eastern Asia,40,Khon Kaen,Nam Phong,16.69946,102.88125
TH,Thailand,Asia,South-Eastern Asia,40,Khon Kaen,Non Sila,15.9642,102.69074
TH,Thailand,Asia,South-Eastern Asia,40,Khon Kaen,Nong Na Kham,16.8101,102.328
TH,Thailand,Asia,South-Eastern Asia,40,Khon Kaen,Nong Ruea,16.49166,102.44572
TH,Thailand,Asia,South-Eastern Asia,40,Khon Kaen,Nong Song Hong,15.76419,102.79174
TH,Thailand,Asia,South-Eastern Asia,40,Khon Kaen,Phon,15.816,102.59981
TH,Thailand,Asia,South-Eastern Asia,40,Khon Kaen,Phra Yuen,16.30823,102.67108
TH,Thailand,Asia,South-Eastern Asia,40,Khon Kaen,Phu Pha Man,16.71864,101.87081
TH,Thailand,Asia,South-Eastern Asia,40,Khon Kaen,Phu Wiang,16.6791,102.39893
TH,Thailand,Asia,South-Eastern Asia,40,Khon Kaen,Pueai Noi,15.86978,102.90767
TH,Thailand,Asia,South-Eastern Asia,40,Khon Kaen,Sam Sung,16.56208,103.05473
TH,Thailand,Asia,South-Eastern Asia,40,Khon Kaen,Si Chom Phu,16.76258,102.13078
TH,Thailand,Asia,South-Eastern Asia,40,Khon Kaen,Ubolratana,16.77766,102.67536
TH,Thailand,Asia,South-Eastern Asia,40,Khon Kaen,Waeng Noi,15.80631,102.42358
TH,Thailand,Asia,South-Eastern Asia,40,Khon Kaen,Waeng Yai,15.92532,102.46221
TH,Thailand,Asia,South-Eastern Asia,40,Khon Kaen,Wiang Kao,16.70138,102.29186
TH,Thailand,Asia,South-Eastern Asia,81,Krabi,Amphoe Ao Luek,8.38526,98.75378
TH,Thailand,Asia,South-Eastern Asia,81,Krabi,Amphoe Ko Lanta,7.71267,99.07813
TH,Thailand,Asia,South-Eastern Asia,81,Krabi,Amphoe Nuea Khlong,8.06058,99.04039
TH,Thailand,Asia,South-Eastern Asia,81,Krabi,Ao Luek,8.37803,98.72117
TH,Thailand,Asia,South-Eastern Asia,81,Krabi,Khao Phanom,8.26953,99.11813
TH,Thailand,Asia,South-Eastern Asia,81,Krabi,Khlong Thom,7.9147,99.19935
TH,Thailand,Asia,South-Eastern Asia,81,Krabi,Ko Lanta,7.53362,99.08647
TH,Thailand,Asia,South-Eastern Asia,81,Krabi,Krabi,8.07257,98.91052
TH,Thailand,Asia,South-Eastern Asia,81,Krabi,Lam Thap,8.04799,99.33543
TH,Thailand,Asia,South-Eastern Asia,81,Krabi,Mueang Krabi,8.15947,98.86661
TH,Thailand,Asia,South-Eastern Asia,81,Krabi,Nuea Khlong,8.07143,98.99933
TH,Thailand,Asia,South-Eastern Asia,81,Krabi,Plai Phraya,8.54087,98.83671
TH,Thailand,Asia,South-Eastern Asia,81,Krabi,Saladan,7.61342,99.03651
TH,Thailand,Asia,South-Eastern Asia,52,Lampang,Amphoe Mae Tha,18.11122,99.57826
TH,Thailand,Asia,South-Eastern Asia,52,Lampang,Amphoe Thoen,17.58128,99.28836
TH,Thailand,Asia,South-Eastern Asia,52,Lampang,Amphoe Wang Nuea,19.16011,99.64767
TH,Thailand,Asia,South-Eastern Asia,52,Lampang,Chae Hom,18.75404,99.66822
TH,Thailand,Asia,South-Eastern Asia,52,Lampang,Hang Chat,18.35497,99.27978
TH,Thailand,Asia,South-Eastern Asia,52,Lampang,Ko Kha,18.14408,99.35229
TH,Thailand,Asia,South-Eastern Asia,52,Lampang,Lampang,18.29232,99.49277
TH,Thailand,Asia,South-Eastern Asia,52,Lampang,Mae Mo,18.40244,99.82135
TH,Thailand,Asia,South-Eastern Asia,52,Lampang,Mae Phrik,17.5045,99.05847
TH,Thailand,Asia,South-Eastern Asia,52,Lampang,Mueang Lampang,18.38901,99.54388
TH,Thailand,Asia,South-Eastern Asia,52,Lampang,Mueang Pan,18.79093,99.45408
TH,Thailand,Asia,South-Eastern Asia,52,Lampang,Ngao,18.75948,99.95295
TH,Thailand,Asia,South-Eastern Asia,52,Lampang,Soem Ngam,18.09406,99.17297
TH,Thailand,Asia,South-Eastern Asia,52,Lampang,Sop Prap,17.89861,99.34081
TH,Thailand,Asia,South-Eastern Asia,52,Lampang,Thoen,17.61289,99.21612
TH,Thailand,Asia,South-Eastern Asia,52,Lampang,Wang Nuea,19.14678,99.61933
TH,Thailand,Asia,South-Eastern Asia,51,Lamphun,Amphoe Mae Tha,18.3954,99.09233
TH,Thailand,Asia,South-Eastern Asia,51,Lamphun,Amphoe Pa Sang,18.41397,98.88281
TH,Thailand,Asia,South-Eastern Asia,51,Lamphun,Ban Hong,18.27422,98.83794
TH,Thailand,Asia,South-Eastern Asia,51,Lamphun,Ban Thi,18.65894,99.15883
TH,Thailand,Asia,South-Eastern Asia,51,Lamphun,Lamphun,18.58054,99.00745
TH,Thailand,Asia,South-Eastern Asia,51,Lamphun,Li,17.78639,98.88674
TH,Thailand,Asia,South-Eastern Asia,51,Lamphun,Mae Tha,18.46456,99.14026
TH,Thailand,Asia,South-Eastern Asia,51,Lamphun,Mueang Lamphun,18.55217,99.05905
TH,Thailand,Asia,South-Eastern Asia,51,Lamphun,Pa Sang,18.52617,98.93936
TH,Thailand,Asia,South-Eastern Asia,51,Lamphun,Thung Hua Chang,17.98333,99.05
TH,Thailand,Asia,South-Eastern Asia,51,Lamphun,Wiang Nong Long,18.41844,98.75856
TH,Thailand,Asia,South-Eastern Asia,42,Loei,Amphoe Phu Kradueng,16.9019,101.84562
TH,Thailand,Asia,South-Eastern Asia,42,Loei,Amphoe Wang Saphung,17.28028,101.73342
TH,Thailand,Asia,South-Eastern Asia,42,Loei,Chiang Khan,17.82441,101.73424
TH,Thailand,Asia,South-Eastern Asia,42,Loei,Dan Sai,17.22101,101.22373
TH,Thailand,Asia,South-Eastern Asia,42,Loei,Erawan,17.28823,101.97443
TH,Thailand,Asia,South-Eastern Asia,42,Loei,Loei,17.49052,101.72749
TH,Thailand,Asia,South-Eastern Asia,42,Loei,Mueang Loei,17.54211,101.71932
TH,Thailand,Asia,South-Eastern Asia,42,Loei,Na Duang,17.53833,101.99639
TH,Thailand,Asia,South-Eastern Asia,42,Loei,Na Haeo,17.43942,100.99654
TH,Thailand,Asia,South-Eastern Asia,42,Loei,Nong Hin,17.08087,101.82643
TH,Thailand,Asia,South-Eastern Asia,42,Loei,Pak Chom,17.911,101.95777
TH,Thailand,Asia,South-Eastern Asia,42,Loei,Pha Khao,17.05638,102.01575
TH,Thailand,Asia,South-Eastern Asia,42,Loei,Phu Kradueng,16.88425,101.88467
TH,Thailand,Asia,South-Eastern Asia,42,Loei,Phu Luang,17.09782,101.64413
TH,Thailand,Asia,South-Eastern Asia,42,Loei,Phu Ruea,17.35076,101.41329
TH,Thailand,Asia,South-Eastern Asia,42,Loei,Tha Li,17.61279,101.44141
TH,Thailand,Asia,South-Eastern Asia,42,Loei,Wang Saphung,17.30097,101.7685
TH,Thailand,Asia,South-Eastern Asia,16,Lop Buri,Amphoe Chai Badan,15.18944,101.12682
TH,Thailand,Asia,South-Eastern Asia,16,Lop Buri,Ban Mi,15.06154,100.552
TH,Thailand,Asia,South-Eastern Asia,16,Lop Buri,Chai Badan,15.2,101.13333
TH,Thailand,Asia,South-Eastern Asia,16,Lop Buri,Khok Charoen,15.40384,100.84968
TH,Thailand,Asia,South-Eastern Asia,16,Lop Buri,Khok Samrong,15.04303,100.77151
TH,Thailand,Asia,South-Eastern Asia,16,Lop Buri,Lam Sonthi,15.32833,101.34783
TH,Thailand,Asia,South-Eastern Asia,16,Lop Buri,Lop Buri,14.79808,100.65397
TH,Thailand,Asia,South-Eastern Asia,16,Lop Buri,Muang Lop Buri,14.82334,100.67557
TH,Thailand,Asia,South-Eastern Asia,16,Lop Buri,Nong Muang,15.2774,100.70413
TH,Thailand,Asia,South-Eastern Asia,16,Lop Buri,Phatthana Nikhom,14.90917,101.02673
TH,Thailand,Asia,South-Eastern Asia,16,Lop Buri,Sa Bot,15.23832,100.88318
TH,Thailand,Asia,South-Eastern Asia,16,Lop Buri,Tha Luang,15.04786,101.19986
TH,Thailand,Asia,South-Eastern Asia,16,Lop Buri,Tha Wung,14.82506,100.50921
TH,Thailand,Asia,South-Eastern Asia,58,Mae Hong Son,Khun Yuam,18.82643,97.93303
TH,Thailand,Asia,South-Eastern Asia,58,Mae Hong Son,Mae Hong Son,19.30029,97.96852
TH,Thailand,Asia,South-Eastern Asia,58,Mae Hong Son,Mae La Noi,18.47823,97.98295
TH,Thailand,Asia,South-Eastern Asia,58,Mae Hong Son,Mae Sariang,18.26474,97.77057
TH,Thailand,Asia,South-Eastern Asia,58,Mae Hong Son,Mueang Mae Hong Son,19.28862,98.00607
TH,Thailand,Asia,South-Eastern Asia,58,Mae Hong Son,Pai,19.36036,98.40638
TH,Thailand,Asia,South-Eastern Asia,58,Mae Hong Son,Pang Mapha,19.60451,98.2056
TH,Thailand,Asia,South-Eastern Asia,58,Mae Hong Son,Sop Moei,17.96333,97.93149
TH,Thailand,Asia,South-Eastern Asia,44,Maha Sarakham,Amphoe Kosum Phisai,16.23882,102.99081
TH,Thailand,Asia,South-Eastern Asia,44,Maha Sarakham,Amphoe Phayakkhaphum Phisai,15.51963,103.23268
TH,Thailand,Asia,South-Eastern Asia,44,Maha Sarakham,Amphoe Wapi Pathum,15.85953,103.34091
TH,Thailand,Asia,South-Eastern Asia,44,Maha Sarakham,Borabue,15.98881,103.12521
TH,Thailand,Asia,South-Eastern Asia,44,Maha Sarakham,Chiang Yuen,16.40942,103.07005
TH,Thailand,Asia,South-Eastern Asia,44,Maha Sarakham,Chuen Chom,16.54801,103.14796
TH,Thailand,Asia,South-Eastern Asia,44,Maha Sarakham,Kae Dam,16.04961,103.38953
TH,Thailand,Asia,South-Eastern Asia,44,Maha Sarakham,Kantharawichai,16.27992,103.25892
TH,Thailand,Asia,South-Eastern Asia,44,Maha Sarakham,Kosum Phisai,16.24858,103.06739
TH,Thailand,Asia,South-Eastern Asia,44,Maha Sarakham,Kut Rang,16.0297,102.95059
TH,Thailand,Asia,South-Eastern Asia,44,Maha Sarakham,Maha Sarakham,16.18483,103.30067
TH,Thailand,Asia,South-Eastern Asia,44,Maha Sarakham,Mueang Maha Sarakham,16.11882,103.3116
TH,Thailand,Asia,South-Eastern Asia,44,Maha Sarakham,Na Chueak,15.8018,103.05725
TH,Thailand,Asia,South-Eastern Asia,44,Maha Sarakham,Na Dun,15.71952,103.23004
TH,Thailand,Asia,South-Eastern Asia,44,Maha Sarakham,Phayakkhaphum Phisai,15.51631,103.19367
TH,Thailand,Asia,South-Eastern Asia,44,Maha Sarakham,Wapi Pathum,15.84523,103.37678
TH,Thailand,Asia,South-Eastern Asia,44,Maha Sarakham,Yang Si Surat,15.64953,103.08916
TH,Thailand,Asia,South-Eastern Asia,49,Mukdahan,Don Tan,16.28796,104.82231
TH,Thailand,Asia,South-Eastern Asia,49,Mukdahan,Dong Luang,16.79649,104.35562
TH,Thailand,Asia,South-Eastern Asia,49,Mukdahan,Khamcha-i,16.61452,104.35929
TH,Thailand,Asia,South-Eastern Asia,49,Mukdahan,Mueang Mukdahan,16.5511,104.64605
TH,Thailand,Asia,South-Eastern Asia,49,Mukdahan,Mukdahan,16.54531,104.72351
TH,Thailand,Asia,South-Eastern Asia,49,Mukdahan,Nikhom Kham Soi,16.35375,104.55864
TH,Thailand,Asia,South-Eastern Asia,49,Mukdahan,Nong Sung,16.44759,104.33649
TH,Thailand,Asia,South-Eastern Asia,49,Mukdahan,Wan Yai,16.7203,104.72865
TH,Thailand,Asia,South-Eastern Asia,26,Nakhon Nayok,Ban Na,14.26799,101.06445
TH,Thailand,Asia,South-Eastern Asia,26,Nakhon Nayok,Mueang Nakhon Nayok,14.2773,101.23379
TH,Thailand,Asia,South-Eastern Asia,26,Nakhon Nayok,Nakhon Nayok,14.20463,101.21295
TH,Thailand,Asia,South-Eastern Asia,26,Nakhon Nayok,Ongkharak,14.07554,101.00891
TH,Thailand,Asia,South-Eastern Asia,26,Nakhon Nayok,Pak Phli,14.22499,101.34482
TH,Thailand,Asia,South-Eastern Asia,73,Nakhon Pathom,Amphoe Bang Len,14.05,100.18333
TH,Thailand,Asia,South-Eastern Asia,73,Nakhon Pathom,Amphoe Sam Phran,13.72035,100.21071
TH,Thailand,Asia,South-Eastern Asia,73,Nakhon Pathom,Bang Len,14.02188,100.17183
TH,Thailand,Asia,South-Eastern Asia,73,Nakhon Pathom,Don Tum,13.94499,100.09003
TH,Thailand,Asia,South-Eastern Asia,73,Nakhon Pathom,Kamphaeng Saen,14.02823,99.96152
TH,Thailand,Asia,South-Eastern Asia,73,Nakhon Pathom,Mueang Nakhon Pathom,13.81944,100.02375
TH,Thailand,Asia,South-Eastern Asia,73,Nakhon Pathom,Nakhon Chai Si,13.81173,100.18157
TH,Thailand,Asia,South-Eastern Asia,73,Nakhon Pathom,Nakhon Pathom,13.8196,100.04427
TH,Thailand,Asia,South-Eastern Asia,73,Nakhon Pathom,Phutthamonthon,13.82559,100.29239
TH,Thailand,Asia,South-Eastern Asia,73,Nakhon Pathom,Sam Phran,13.72698,100.21526
TH,Thailand,Asia,South-Eastern Asia,48,Nakhon Phanom,Amphoe Na Wa,17.49922,104.11833
TH,Thailand,Asia,South-Eastern Asia,48,Nakhon Phanom,Amphoe That Phanom,16.96457,104.70277
TH,Thailand,Asia,South-Eastern Asia,48,Nakhon Phanom,Ban Phaeng,17.86955,104.22744
TH,Thailand,Asia,South-Eastern Asia,48,Nakhon Phanom,Mueang Nakhon Phanom,17.31965,104.68232
TH,Thailand,Asia,South-Eastern Asia,48,Nakhon Phanom,Na Kae,16.95737,104.49349
TH,Thailand,Asia,South-Eastern Asia,48,Nakhon Phanom,Na Thom,17.82134,104.10871
TH,Thailand,Asia,South-Eastern Asia,48,Nakhon Phanom,Na Wa,17.4897,104.10056
TH,Thailand,Asia,South-Eastern Asia,48,Nakhon Phanom,Nakhon Phanom,17.41081,104.77856
TH,Thailand,Asia,South-Eastern Asia,48,Nakhon Phanom,Phon Sawan,17.46868,104.42234
TH,Thailand,Asia,South-Eastern Asia,48,Nakhon Phanom,Pla Pak,17.20133,104.54674
TH,Thailand,Asia,South-Eastern Asia,48,Nakhon Phanom,Renu Nakhon,17.0508,104.65664
TH,Thailand,Asia,South-Eastern Asia,48,Nakhon Phanom,Si Songkhram,17.62989,104.24495
TH,Thailand,Asia,South-Eastern Asia,48,Nakhon Phanom,Tha Uthen,17.59263,104.49884
TH,Thailand,Asia,South-Eastern Asia,48,Nakhon Phanom,That Phanom,16.93636,104.71039
TH,Thailand,Asia,South-Eastern Asia,48,Nakhon Phanom,Wangyang,17.07189,104.45373
TH,Thailand,Asia,South-Eastern Asia,30,Nakhon Ratchasima,Amphoe Bua Yai,15.58488,102.38738
TH,Thailand,Asia,South-Eastern Asia,30,Nakhon Ratchasima,Amphoe Chok Chai,14.76341,102.20338
TH,Thailand,Asia,South-Eastern Asia,30,Nakhon Ratchasima,Amphoe Dan Khun Thot,15.21835,101.6979
TH,Thailand,Asia,South-Eastern Asia,30,Nakhon Ratchasima,Amphoe Kham Sakae Saeng,15.38042,102.16636
TH,Thailand,Asia,South-Eastern Asia,30,Nakhon Ratchasima,Amphoe Khon Buri,14.37634,102.21746
TH,Thailand,Asia,South-Eastern Asia,30,Nakhon Ratchasima,Amphoe Non Sung,15.20892,102.284
TH,Thailand,Asia,South-Eastern Asia,30,Nakhon Ratchasima,Amphoe Non Thai,15.18106,102.03001
TH,Thailand,Asia,South-Eastern Asia,30,Nakhon Ratchasima,Amphoe Pak Chong,14.61923,101.44814
TH,Thailand,Asia,South-Eastern Asia,30,Nakhon Ratchasima,Amphoe Pak Thong Chai,14.66228,101.94227
TH,Thailand,Asia,South-Eastern Asia,30,Nakhon Ratchasima,Amphoe Phimai,15.24622,102.54217
TH,Thailand,Asia,South-Eastern Asia,30,Nakhon Ratchasima,Amphoe Soeng Sang,14.34456,102.49297
TH,Thailand,Asia,South-Eastern Asia,30,Nakhon Ratchasima,Amphoe Sung Noen,14.85623,101.83049
TH,Thailand,Asia,South-Eastern Asia,30,Nakhon Ratchasima,Ban Huai Thalaeng,14.98333,102.65
TH,Thailand,Asia,South-Eastern Asia,30,Nakhon Ratchasima,Ban Lueam,15.57431,102.14204
TH,Thailand,Asia,South-Eastern Asia,30,Nakhon Ratchasima,Bua Lai,15.66917,102.51761
TH,Thailand,Asia,South-Eastern Asia,30,Nakhon Ratchasima,Bua Yai,15.58552,102.42587
TH,Thailand,Asia,South-Eastern Asia,30,Nakhon Ratchasima,Chakkarat,14.95686,102.43718
TH,Thailand,Asia,South-Eastern Asia,30,Nakhon Ratchasima,Chaloem Phra Kiat,14.9754,102.29372
TH,Thailand,Asia,South-Eastern Asia,30,Nakhon Ratchasima,Chok Chai,14.72844,102.16524
TH,Thailand,Asia,South-Eastern Asia,30,Nakhon Ratchasima,Chum Phuang,15.2599,102.75756
TH,Thailand,Asia,South-Eastern Asia,30,Nakhon Ratchasima,Dan Khun Thot,15.2085,101.77138
TH,Thailand,Asia,South-Eastern Asia,30,Nakhon Ratchasima,Huai Thalaeng,15.04244,102.63535
TH,Thailand,Asia,South-Eastern Asia,30,Nakhon Ratchasima,Kaeng Sanam Nang,15.69561,102.25366
TH,Thailand,Asia,South-Eastern Asia,30,Nakhon Ratchasima,Kham Sakae Saeng,15.33221,102.17278
TH,Thailand,Asia,South-Eastern Asia,30,Nakhon Ratchasima,Kham Thale So,15.03639,101.9317
TH,Thailand,Asia,South-Eastern Asia,30,Nakhon Ratchasima,Khon Buri,14.52541,102.24591
TH,Thailand,Asia,South-Eastern Asia,30,Nakhon Ratchasima,Khong,15.43311,102.29617
TH,Thailand,Asia,South-Eastern Asia,30,Nakhon Ratchasima,Lam Thamen Chai,15.28424,102.90723
TH,Thailand,Asia,South-Eastern Asia,30,Nakhon Ratchasima,Mueang Nakhon Ratchasima,14.95678,102.08933
TH,Thailand,Asia,South-Eastern Asia,30,Nakhon Ratchasima,Mueang Yang,15.43842,102.89331
TH,Thailand,Asia,South-Eastern Asia,30,Nakhon Ratchasima,Nakhon Ratchasima,14.97066,102.10196
TH,Thailand,Asia,South-Eastern Asia,30,Nakhon Ratchasima,Non Daeng,15.44479,102.54565
TH,Thailand,Asia,South-Eastern Asia,30,Nakhon Ratchasima,Non Sung,15.18014,102.25695
TH,Thailand,Asia,South-Eastern Asia,30,Nakhon Ratchasima,Non Thai,15.1958,102.07145
TH,Thailand,Asia,South-Eastern Asia,30,Nakhon Ratchasima,Nong Bun Mak,14.71295,102.37447
TH,Thailand,Asia,South-Eastern Asia,30,Nakhon Ratchasima,Pak Chong,14.70802,101.41614
TH,Thailand,Asia,South-Eastern Asia,30,Nakhon Ratchasima,Pak Thong Chai,14.7226,102.02512
TH,Thailand,Asia,South-Eastern Asia,30,Nakhon Ratchasima,Phimai,15.22324,102.49473
TH,Thailand,Asia,South-Eastern Asia,30,Nakhon Ratchasima,Phra Thong Kham,15.35114,101.99355
TH,Thailand,Asia,South-Eastern Asia,30,Nakhon Ratchasima,Prathai,15.55911,102.69786
TH,Thailand,Asia,South-Eastern Asia,30,Nakhon Ratchasima,Sida,15.56406,102.55823
TH,Thailand,Asia,South-Eastern Asia,30,Nakhon Ratchasima,Sikhio,14.94275,101.60672
TH,Thailand,Asia,South-Eastern Asia,30,Nakhon Ratchasima,Sikhiu,14.89944,101.70833
TH,Thailand,Asia,South-Eastern Asia,30,Nakhon Ratchasima,Soeng Sang,14.42642,102.46058
TH,Thailand,Asia,South-Eastern Asia,30,Nakhon Ratchasima,Sung Noen,14.8992,101.82075
TH,Thailand,Asia,South-Eastern Asia,30,Nakhon Ratchasima,Thepharak,15.28639,101.50373
TH,Thailand,Asia,South-Eastern Asia,30,Nakhon Ratchasima,Wang Nam Khiao,14.44786,101.85533
TH,Thailand,Asia,South-Eastern Asia,60,Nakhon Sawan,Amphoe Kao Liao,15.88778,100.09647
TH,Thailand,Asia,South-Eastern Asia,60,Nakhon Sawan,Amphoe Lat Yao,15.77526,99.80046
TH,Thailand,Asia,South-Eastern Asia,60,Nakhon Sawan,Amphoe Nong Bua,15.86591,100.6286
TH,Thailand,Asia,South-Eastern Asia,60,Nakhon Sawan,Amphoe Phai Sali,15.58723,100.6853
TH,Thailand,Asia,South-Eastern Asia,60,Nakhon Sawan,Amphoe Phayuha Khiri,15.50783,100.21226
TH,Thailand,Asia,South-Eastern Asia,60,Nakhon Sawan,Amphoe Takhli,15.25928,100.38058
TH,Thailand,Asia,South-Eastern Asia,60,Nakhon Sawan,Banphot Phisai,15.99714,99.99409
TH,Thailand,Asia,South-Eastern Asia,60,Nakhon Sawan,Chum Ta Bong,15.68311,99.56908
TH,Thailand,Asia,South-Eastern Asia,60,Nakhon Sawan,Chumsaeng,15.84745,100.28971
TH,Thailand,Asia,South-Eastern Asia,60,Nakhon Sawan,Kao Liao,15.85053,100.07914
TH,Thailand,Asia,South-Eastern Asia,60,Nakhon Sawan,Krok Phra,15.58638,100.01815
TH,Thailand,Asia,South-Eastern Asia,60,Nakhon Sawan,Lat Yao,15.751,99.78925
TH,Thailand,Asia,South-Eastern Asia,60,Nakhon Sawan,Mae Poen,15.70656,99.34827
TH,Thailand,Asia,South-Eastern Asia,60,Nakhon Sawan,Mae Wong,15.83538,99.40785
TH,Thailand,Asia,South-Eastern Asia,60,Nakhon Sawan,Mueang Nakhon Sawan,15.71991,100.10067
TH,Thailand,Asia,South-Eastern Asia,60,Nakhon Sawan,Nakhon Sawan,15.70472,100.13717
TH,Thailand,Asia,South-Eastern Asia,60,Nakhon Sawan,Nong Bua,15.86458,100.58581
TH,Thailand,Asia,South-Eastern Asia,60,Nakhon Sawan,Phai Sali,15.60003,100.64937
TH,Thailand,Asia,South-Eastern Asia,60,Nakhon Sawan,Phayuha Khiri,15.45525,100.13533
TH,Thailand,Asia,South-Eastern Asia,60,Nakhon Sawan,Tak Fa,15.38249,100.46693
TH,Thailand,Asia,South-Eastern Asia,60,Nakhon Sawan,Takhli,15.26336,100.34378
TH,Thailand,Asia,South-Eastern Asia,60,Nakhon Sawan,Tha Tako,15.65434,100.45939
TH,Thailand,Asia,South-Eastern Asia,80,Nakhon Si Thammarat,Amphoe Chawang,8.46322,99.51107
TH,Thailand,Asia,South-Eastern Asia,80,Nakhon Si Thammarat,Amphoe Pak Phanang,8.30711,100.17361
TH,Thailand,Asia,South-Eastern Asia,80,Nakhon Si Thammarat,Amphoe Ron Phibun,8.17997,99.89248
TH,Thailand,Asia,South-Eastern Asia,80,Nakhon Si Thammarat,Amphoe Tham Phannara,8.45822,99.37718
TH,Thailand,Asia,South-Eastern Asia,80,Nakhon Si Thammarat,Amphoe Thung Song,8.11757,99.66907
TH,Thailand,Asia,South-Eastern Asia,80,Nakhon Si Thammarat,Bang Khan,8.01208,99.48449
TH,Thailand,Asia,South-Eastern Asia,80,Nakhon Si Thammarat,Cha-uat,7.95645,99.98929
TH,Thailand,Asia,South-Eastern Asia,80,Nakhon Si Thammarat,Chaloem Phra Kiat,8.18333,100.05
TH,Thailand,Asia,South-Eastern Asia,80,Nakhon Si Thammarat,Chang Klang,8.35697,99.64592
TH,Thailand,Asia,South-Eastern Asia,80,Nakhon Si Thammarat,Chawang,8.42614,99.50472
TH,Thailand,Asia,South-Eastern Asia,80,Nakhon Si Thammarat,Chian Yai,8.11719,100.15819
TH,Thailand,Asia,South-Eastern Asia,80,Nakhon Si Thammarat,Chulabhorn,8.07591,99.85365
TH,Thailand,Asia,South-Eastern Asia,80,Nakhon Si Thammarat,Hua Sai,8.01181,100.24614
TH,Thailand,Asia,South-Eastern Asia,80,Nakhon Si Thammarat,Khanom,9.18317,99.80192
TH,Thailand,Asia,South-Eastern Asia,80,Nakhon Si Thammarat,Lan Saka,8.37799,99.78328
TH,Thailand,Asia,South-Eastern Asia,80,Nakhon Si Thammarat,Mueang Nakhon Si Thammarat,8.44013,99.98537
TH,Thailand,Asia,South-Eastern Asia,80,Nakhon Si Thammarat,Na Bon,8.26976,99.55694
TH,Thailand,Asia,South-Eastern Asia,80,Nakhon Si Thammarat,Nakhon Si Thammarat,8.43333,99.96667
TH,Thailand,Asia,South-Eastern Asia,80,Nakhon Si Thammarat,Nopphitam,8.75166,99.67087
TH,Thailand,Asia,South-Eastern Asia,80,Nakhon Si Thammarat,Pak Phanang,8.35109,100.20195
TH,Thailand,Asia,South-Eastern Asia,80,Nakhon Si Thammarat,Phipun,8.60289,99.59528
TH,Thailand,Asia,South-Eastern Asia,80,Nakhon Si Thammarat,Phra Phrom,8.32652,99.9324
TH,Thailand,Asia,South-Eastern Asia,80,Nakhon Si Thammarat,Phrom Khiri,8.54242,99.79229
TH,Thailand,Asia,South-Eastern Asia,80,Nakhon Si Thammarat,Ron Phibun,8.17911,99.85425
TH,Thailand,Asia,South-Eastern Asia,80,Nakhon Si Thammarat,Sichon,8.94981,99.81322
TH,Thailand,Asia,South-Eastern Asia,80,Nakhon Si Thammarat,Tha Sala,8.69367,99.88539
TH,Thailand,Asia,South-Eastern Asia,80,Nakhon Si Thammarat,Tham Phannara,8.42045,99.39517
TH,Thailand,Asia,South-Eastern Asia,80,Nakhon Si Thammarat,Thung Song,8.16453,99.68039
TH,Thailand,Asia,South-Eastern Asia,80,Nakhon Si Thammarat,Thung Yai,8.28708,99.37196
TH,Thailand,Asia,South-Eastern Asia,55,Nan,Amphoe Chiang Klang,19.30637,100.87878
TH,Thailand,Asia,South-Eastern Asia,55,Nan,Amphoe Wiang Sa,18.55088,100.72754
TH,Thailand,Asia,South-Eastern Asia,55,Nan,Ban Luang,18.88375,100.46014
TH,Thailand,Asia,South-Eastern Asia,55,Nan,Bo Kluea,19.08994,101.18952
TH,Thailand,Asia,South-Eastern Asia,55,Nan,Chaloem Phra Kiat,19.50618,101.14249
TH,Thailand,Asia,South-Eastern Asia,55,Nan,Chiang Klang,19.29378,100.86169
TH,Thailand,Asia,South-Eastern Asia,55,Nan,Mae Charim,18.71336,101.11011
TH,Thailand,Asia,South-Eastern Asia,55,Nan,Mueang Nan,18.89008,100.67472
TH,Thailand,Asia,South-Eastern Asia,55,Nan,Na Muen,18.12524,100.6027
TH,Thailand,Asia,South-Eastern Asia,55,Nan,Na Noi,18.30269,100.72393
TH,Thailand,Asia,South-Eastern Asia,55,Nan,Nan,18.78378,100.77899
TH,Thailand,Asia,South-Eastern Asia,55,Nan,Phu Phiang,18.7803,100.87497
TH,Thailand,Asia,South-Eastern Asia,55,Nan,Pua,19.16306,101.02796
TH,Thailand,Asia,South-Eastern Asia,55,Nan,Santi Suk,18.9119,101.00016
TH,Thailand,Asia,South-Eastern Asia,55,Nan,Song Khwae,19.40911,100.66174
TH,Thailand,Asia,South-Eastern Asia,55,Nan,Tha Wang Pha,19.13148,100.76117
TH,Thailand,Asia,South-Eastern Asia,55,Nan,Thung Chang,19.46342,100.91937
TH,Thailand,Asia,South-Eastern Asia,96,Narathiwat,Amphoe Ra-ngae,6.25504,101.70496
TH,Thailand,Asia,South-Eastern Asia,96,Narathiwat,Amphoe Su-ngai Kolok,6.07674,101.99818
TH,Thailand,Asia,South-Eastern Asia,96,Narathiwat,Amphoe Tak Bai,6.23748,102.00238
TH,Thailand,Asia,South-Eastern Asia,96,Narathiwat,Ba Cho,6.54591,101.64923
TH,Thailand,Asia,South-Eastern Asia,96,Narathiwat,Ban Su-ngai Pa Di,6.07239,101.87172
TH,Thailand,Asia,South-Eastern Asia,96,Narathiwat,Chanae,6.04591,101.61765
TH,Thailand,Asia,South-Eastern Asia,96,Narathiwat,Cho-airong,6.23011,101.84721
TH,Thailand,Asia,South-Eastern Asia,96,Narathiwat,Mueang Narathiwat,6.39391,101.81316
TH,Thailand,Asia,South-Eastern Asia,96,Narathiwat,Narathiwat,6.42639,101.82308
TH,Thailand,Asia,South-Eastern Asia,96,Narathiwat,Ra-ngae,6.29678,101.72844
TH,Thailand,Asia,South-Eastern Asia,96,Narathiwat,Rueso,6.3745,101.51491
TH,Thailand,Asia,South-Eastern Asia,96,Narathiwat,Si Sakhon,6.1936,101.51257
TH,Thailand,Asia,South-Eastern Asia,96,Narathiwat,Su-ngai Kolok,6.02977,101.96586
TH,Thailand,Asia,South-Eastern Asia,96,Narathiwat,Su-ngai Padi,6.10425,101.89333
TH,Thailand,Asia,South-Eastern Asia,96,Narathiwat,Sukhirin,5.91513,101.73811
TH,Thailand,Asia,South-Eastern Asia,96,Narathiwat,Tak Bai,6.25947,102.05461
TH,Thailand,Asia,South-Eastern Asia,96,Narathiwat,Waeng,5.90042,101.86195
TH,Thailand,Asia,South-Eastern Asia,96,Narathiwat,Yi-ngo,6.41655,101.70035
TH,Thailand,Asia,South-Eastern Asia,39,Nong Bua Lam Phu,Amphoe Na Klang,17.32466,102.21456
TH,Thailand,Asia,South-Eastern Asia,39,Nong Bua Lam Phu,Amphoe Non Sang,16.9022,102.53084
TH,Thailand,Asia,South-Eastern Asia,39,Nong Bua Lam Phu,Amphoe Si Bun Rueang,16.99775,102.22528
TH,Thailand,Asia,South-Eastern Asia,39,Nong Bua Lam Phu,Mueang Nong Bua Lamphu,17.15818,102.3986
TH,Thailand,Asia,South-Eastern Asia,39,Nong Bua Lam Phu,Na Klang,17.3072,102.18886
TH,Thailand,Asia,South-Eastern Asia,39,Nong Bua Lam Phu,Na Wang,17.3429,102.07157
TH,Thailand,Asia,South-Eastern Asia,39,Nong Bua Lam Phu,Non Sang,16.8687,102.56642
TH,Thailand,Asia,South-Eastern Asia,39,Nong Bua Lam Phu,Nong Bua Lamphu,17.20406,102.44068
TH,Thailand,Asia,South-Eastern Asia,39,Nong Bua Lam Phu,Si Bun Rueang,16.96705,102.27607
TH,Thailand,Asia,South-Eastern Asia,39,Nong Bua Lam Phu,Suwannakhuha,17.54605,102.24852
TH,Thailand,Asia,South-Eastern Asia,43,Nong Khai,Amphoe Sangkhom,18.05392,102.22677
TH,Thailand,Asia,South-Eastern Asia,43,Nong Khai,Amphoe Si Chiang Mai,17.93574,102.50306
TH,Thailand,Asia,South-Eastern Asia,43,Nong Khai,Amphoe Tha Bo,17.79499,102.56608
TH,Thailand,Asia,South-Eastern Asia,43,Nong Khai,Fao Rai,18.00275,103.2964
TH,Thailand,Asia,South-Eastern Asia,43,Nong Khai,Mueang Nong Khai,17.84661,102.78911
TH,Thailand,Asia,South-Eastern Asia,43,Nong Khai,Nong Khai,17.87847,102.742
TH,Thailand,Asia,South-Eastern Asia,43,Nong Khai,Pho Tak,17.88819,102.43023
TH,Thailand,Asia,South-Eastern Asia,43,Nong Khai,Phon Charoen,18.03333,103.16667
TH,Thailand,Asia,South-Eastern Asia,43,Nong Khai,Phonphisai,17.95443,103.12279
TH,Thailand,Asia,South-Eastern Asia,43,Nong Khai,Rattanawapi,18.19255,103.2376
TH,Thailand,Asia,South-Eastern Asia,43,Nong Khai,Sa Khrai,17.65985,102.70847
TH,Thailand,Asia,South-Eastern Asia,43,Nong Khai,Sangkhom,18.06389,102.27364
TH,Thailand,Asia,South-Eastern Asia,43,Nong Khai,Si Chiang Mai,17.95639,102.58667
TH,Thailand,Asia,South-Eastern Asia,43,Nong Khai,Tha Bo,17.85003,102.58139
TH,Thailand,Asia,South-Eastern Asia,12,Nonthaburi,Amphoe Bang Bua Thong,13.92641,100.3936
TH,Thailand,Asia,South-Eastern Asia,12,Nonthaburi,Amphoe Bang Kruai,13.80249,100.41525
TH,Thailand,Asia,South-Eastern Asia,12,Nonthaburi,Amphoe Bang Yai,13.85385,100.37318
TH,Thailand,Asia,South-Eastern Asia,12,Nonthaburi,Amphoe Mueang Nonthaburi,13.85581,100.49264
TH,Thailand,Asia,South-Eastern Asia,12,Nonthaburi,Amphoe Pak Kret,13.91626,100.50397
TH,Thailand,Asia,South-Eastern Asia,12,Nonthaburi,Bang Bua Thong,13.91783,100.42403
TH,Thailand,Asia,South-Eastern Asia,12,Nonthaburi,Bang Kruai,13.805,100.47283
TH,Thailand,Asia,South-Eastern Asia,12,Nonthaburi,Bang Yai,13.84341,100.36251
TH,Thailand,Asia,South-Eastern Asia,12,Nonthaburi,Mueang Nonthaburi,13.86075,100.51477
TH,Thailand,Asia,South-Eastern Asia,12,Nonthaburi,Pak Kret,13.91301,100.49883
TH,Thailand,Asia,South-Eastern Asia,12,Nonthaburi,Sai Noi,14.00627,100.31072
TH,Thailand,Asia,South-Eastern Asia,13,Pathum Thani,Amphoe Khlong Luang,14.09323,100.68106
TH,Thailand,Asia,South-Eastern Asia,13,Pathum Thani,Ban Lam Luk Ka,13.97738,100.77776
TH,Thailand,Asia,South-Eastern Asia,13,Pathum Thani,Khlong Luang,14.06467,100.64578
TH,Thailand,Asia,South-Eastern Asia,13,Pathum Thani,Lam Luk Ka,13.97744,100.79244
TH,Thailand,Asia,South-Eastern Asia,13,Pathum Thani,Lat Lum Kaeo,14.04459,100.40948
TH,Thailand,Asia,South-Eastern Asia,13,Pathum Thani,Mueang Pathum Thani,13.99105,100.53554
TH,Thailand,Asia,South-Eastern Asia,13,Pathum Thani,Nong Suea,14.1603,100.83929
TH,Thailand,Asia,South-Eastern Asia,13,Pathum Thani,Pathum Thani,14.01346,100.53049
TH,Thailand,Asia,South-Eastern Asia,13,Pathum Thani,Thanyaburi,14.02852,100.76291
TH,Thailand,Asia,South-Eastern Asia,94,Pattani,Amphoe Nong Chik,6.80011,101.17057
TH,Thailand,Asia,South-Eastern Asia,94,Pattani,Amphoe Sai Buri,6.7,101.58333
TH,Thailand,Asia,South-Eastern Asia,94,Pattani,Amphoe Yaring,6.83507,101.39073
TH,Thailand,Asia,South-Eastern Asia,94,Pattani,Kapho,6.60264,101.54327
TH,Thailand,Asia,South-Eastern Asia,94,Pattani,Khok Pho,6.70858,101.11693
TH,Thailand,Asia,South-Eastern Asia,94,Pattani,Mae Lan,6.66833,101.23149
TH,Thailand,Asia,South-Eastern Asia,94,Pattani,Mai Kaen,6.61603,101.67864
TH,Thailand,Asia,South-Eastern Asia,94,Pattani,Mayo,6.70764,101.40359
TH,Thailand,Asia,South-Eastern Asia,94,Pattani,Mueang Pattani,6.85581,101.26761
TH,Thailand,Asia,South-Eastern Asia,94,Pattani,Nong Chik,6.84356,101.17803
TH,Thailand,Asia,South-Eastern Asia,94,Pattani,Panare,6.81211,101.51247
TH,Thailand,Asia,South-Eastern Asia,94,Pattani,Pattani,6.86814,101.25009
TH,Thailand,Asia,South-Eastern Asia,94,Pattani,Sai Buri,6.70131,101.61675
TH,Thailand,Asia,South-Eastern Asia,94,Pattani,Thung Yang Daeng,6.6416,101.44652
TH,Thailand,Asia,South-Eastern Asia,94,Pattani,Yarang,6.6924,101.31408
TH,Thailand,Asia,South-Eastern Asia,94,Pattani,Yaring,6.86617,101.36894
TH,Thailand,Asia,South-Eastern Asia,S,Pattaya,,,
TH,Thailand,Asia,South-Eastern Asia,82,Phangnga,Ban Ao Nang,8.0458,98.81035
TH,Thailand,Asia,South-Eastern Asia,82,Phangnga,Ban Khao Lak,8.61501,98.23994
TH,Thailand,Asia,South-Eastern Asia,82,Phangnga,Ban Phru Nai,7.95458,98.58989
TH,Thailand,Asia,South-Eastern Asia,82,Phangnga,Kapong,8.74139,98.47542
TH,Thailand,Asia,South-Eastern Asia,82,Phangnga,Khura Buri,9.18972,98.40806
TH,Thailand,Asia,South-Eastern Asia,82,Phangnga,Ko Yao,8.06549,98.57851
TH,Thailand,Asia,South-Eastern Asia,82,Phangnga,Mueang Phangnga,8.4935,98.50775
TH,Thailand,Asia,South-Eastern Asia,82,Phangnga,Phang Nga,8.45091,98.52985
TH,Thailand,Asia,South-Eastern Asia,82,Phangnga,Takua Pa,8.86883,98.33892
TH,Thailand,Asia,South-Eastern Asia,82,Phangnga,Takua Thung,8.28433,98.3895
TH,Thailand,Asia,South-Eastern Asia,82,Phangnga,Thai Mueang,8.48995,98.31292
TH,Thailand,Asia,South-Eastern Asia,82,Phangnga,Thap Put,8.53768,98.63208
TH,Thailand,Asia,South-Eastern Asia,93,Phatthalung,Bang Kaeo,7.41775,100.17164
TH,Thailand,Asia,South-Eastern Asia,93,Phatthalung,Khao Chaison,7.46305,100.09055
TH,Thailand,Asia,South-Eastern Asia,93,Phatthalung,Khuan Khanun,7.76438,100.04349
TH,Thailand,Asia,South-Eastern Asia,93,Phatthalung,Kong Ra,7.41674,99.95719
TH,Thailand,Asia,South-Eastern Asia,93,Phatthalung,Mueang Phatthalung,7.6025,100.07425
TH,Thailand,Asia,South-Eastern Asia,93,Phatthalung,Pa Bon,7.21994,100.13078
TH,Thailand,Asia,South-Eastern Asia,93,Phatthalung,Pa Phayom,7.83154,99.87448
TH,Thailand,Asia,South-Eastern Asia,93,Phatthalung,Pak Phayun,7.29622,100.29542
TH,Thailand,Asia,South-Eastern Asia,93,Phatthalung,Phatthalung,7.61786,100.07792
TH,Thailand,Asia,South-Eastern Asia,93,Phatthalung,Si Banphot,7.69259,99.87322
TH,Thailand,Asia,South-Eastern Asia,93,Phatthalung,Srinagarindra,7.57574,99.91053
TH,Thailand,Asia,South-Eastern Asia,93,Phatthalung,Tamot,7.28783,100.04358
TH,Thailand,Asia,South-Eastern Asia,56,Phayao,Amphoe Chiang Kham,19.47061,100.33868
TH,Thailand,Asia,South-Eastern Asia,56,Phayao,Amphoe Dok Kham Tai,19.10813,100.05657
TH,Thailand,Asia,South-Eastern Asia,56,Phayao,Amphoe Mae Chai,19.37925,99.80141
TH,Thailand,Asia,South-Eastern Asia,56,Phayao,Amphoe Pong,19.185,100.3878
TH,Thailand,Asia,South-Eastern Asia,56,Phayao,Chiang Kham,19.52331,100.3
TH,Thailand,Asia,South-Eastern Asia,56,Phayao,Chiang Muan,18.90385,100.31792
TH,Thailand,Asia,South-Eastern Asia,56,Phayao,Chun,19.36803,100.14492
TH,Thailand,Asia,South-Eastern Asia,56,Phayao,Dok Kham Tai,19.16242,99.99342
TH,Thailand,Asia,South-Eastern Asia,56,Phayao,Mae Chai,19.34597,99.814
TH,Thailand,Asia,South-Eastern Asia,56,Phayao,Mueang Phayao,19.14857,99.87325
TH,Thailand,Asia,South-Eastern Asia,56,Phayao,Phayao,19.19203,99.87883
TH,Thailand,Asia,South-Eastern Asia,56,Phayao,Phu Kam Yao,19.3117,99.96614
TH,Thailand,Asia,South-Eastern Asia,56,Phayao,Phu Sang,19.62372,100.37246
TH,Thailand,Asia,South-Eastern Asia,56,Phayao,Pong,19.14931,100.27522
TH,Thailand,Asia,South-Eastern Asia,67,Phetchabun,Amphoe Chon Daen,16.10735,100.83572
TH,Thailand,Asia,South-Eastern Asia,67,Phetchabun,Amphoe Lom Sak,16.72837,101.31139
TH,Thailand,Asia,South-Eastern Asia,67,Phetchabun,Amphoe Nong Phai,16.01162,101.15042
TH,Thailand,Asia,South-Eastern Asia,67,Phetchabun,Amphoe Wichian Buri,15.65,101.1
TH,Thailand,Asia,South-Eastern Asia,67,Phetchabun,Bueng Sam Phan,15.8165,101.00399
TH,Thailand,Asia,South-Eastern Asia,67,Phetchabun,Chon Daen,16.18953,100.85958
TH,Thailand,Asia,South-Eastern Asia,67,Phetchabun,Khao Kho,16.66313,100.9945
TH,Thailand,Asia,South-Eastern Asia,67,Phetchabun,Lom Kao,16.97209,101.26185
TH,Thailand,Asia,South-Eastern Asia,67,Phetchabun,Lom Sak,16.77983,101.24225
TH,Thailand,Asia,South-Eastern Asia,67,Phetchabun,Mueang Phetchabun,16.38215,101.17652
TH,Thailand,Asia,South-Eastern Asia,67,Phetchabun,Nam Nao,16.84489,101.6008
TH,Thailand,Asia,South-Eastern Asia,67,Phetchabun,Nong Phai,15.99025,101.06183
TH,Thailand,Asia,South-Eastern Asia,67,Phetchabun,Phetchabun,16.41904,101.16056
TH,Thailand,Asia,South-Eastern Asia,67,Phetchabun,Si Thep,15.44253,101.14767
TH,Thailand,Asia,South-Eastern Asia,67,Phetchabun,Wang Pong,16.35049,100.80772
TH,Thailand,Asia,South-Eastern Asia,67,Phetchabun,Wichian Buri,15.65778,101.10603
TH,Thailand,Asia,South-Eastern Asia,76,Phetchaburi,Amphoe Cha-am,12.75374,99.89828
TH,Thailand,Asia,South-Eastern Asia,76,Phetchaburi,Amphoe Khao Yoi,13.2424,99.80753
TH,Thailand,Asia,South-Eastern Asia,76,Phetchaburi,Amphoe Tha Yang,12.81743,99.78738
TH,Thailand,Asia,South-Eastern Asia,76,Phetchaburi,Ban Laem,13.16968,99.98771
TH,Thailand,Asia,South-Eastern Asia,76,Phetchaburi,Ban Lat,13.04533,99.83788
TH,Thailand,Asia,South-Eastern Asia,76,Phetchaburi,Cha-am,12.8,99.96667
TH,Thailand,Asia,South-Eastern Asia,76,Phetchaburi,Kaeng Krachan,12.85919,99.46339
TH,Thailand,Asia,South-Eastern Asia,76,Phetchaburi,Khao Yoi,13.24025,99.82428
TH,Thailand,Asia,South-Eastern Asia,76,Phetchaburi,Mueang Phetchaburi,13.08173,99.96721
TH,Thailand,Asia,South-Eastern Asia,76,Phetchaburi,Nong Ya Plong,13.1259,99.4688
TH,Thailand,Asia,South-Eastern Asia,76,Phetchaburi,Phetchaburi,13.11189,99.94467
TH,Thailand,Asia,South-Eastern Asia,76,Phetchaburi,Tha Yang,12.95772,99.90555
TH,Thailand,Asia,South-Eastern Asia,66,Phichit,Amphoe Bang Mun Nak,16.02656,100.43194
TH,Thailand,Asia,South-Eastern Asia,66,Phichit,Amphoe Bueng Na Rang,16.18642,100.14293
TH,Thailand,Asia,South-Eastern Asia,66,Phichit,Amphoe Taphan Hin,16.21103,100.41739
TH,Thailand,Asia,South-Eastern Asia,66,Phichit,Amphoe Thap Khlo,16.19167,100.60082
TH,Thailand,Asia,South-Eastern Asia,66,Phichit,Amphoe Wang Sai Phun,16.37922,100.53668
TH,Thailand,Asia,South-Eastern Asia,66,Phichit,Bang Mun Nak,16.02781,100.37917
TH,Thailand,Asia,South-Eastern Asia,66,Phichit,Bueng Na Rang,16.1712,100.12531
TH,Thailand,Asia,South-Eastern Asia,66,Phichit,Dong Charoen,15.99848,100.59572
TH,Thailand,Asia,South-Eastern Asia,66,Phichit,Mueang Phichit,16.40986,100.34578
TH,Thailand,Asia,South-Eastern Asia,66,Phichit,Phichit,16.44184,100.34879
TH,Thailand,Asia,South-Eastern Asia,66,Phichit,Pho Prathap Chang,16.31294,100.19897
TH,Thailand,Asia,South-Eastern Asia,66,Phichit,Pho Thale,16.05885,100.24579
TH,Thailand,Asia,South-Eastern Asia,66,Phichit,Sak Lek,16.50717,100.5235
TH,Thailand,Asia,South-Eastern Asia,66,Phichit,Taphan Hin,16.22095,100.41978
TH,Thailand,Asia,South-Eastern Asia,66,Phichit,Thap Khlo,16.16003,100.59656
TH,Thailand,Asia,South-Eastern Asia,66,Phichit,Wachira Barami,16.51667,100.11667
TH,Thailand,Asia,South-Eastern Asia,66,Phichit,Wang Sai Phun,16.3885,100.53801
TH,Thailand,Asia,South-Eastern Asia,65,Phitsanulok,Amphoe Bang Krathum,16.59323,100.35042
TH,Thailand,Asia,South-Eastern Asia,65,Phitsanulok,Amphoe Bang Rakam,16.71844,100.04217
TH,Thailand,Asia,South-Eastern Asia,65,Phitsanulok,Amphoe Chat Trakan,17.39357,100.6846
TH,Thailand,Asia,South-Eastern Asia,65,Phitsanulok,Amphoe Nakhon Thai,17.09426,100.86437
TH,Thailand,Asia,South-Eastern Asia,65,Phitsanulok,Bang Krathum,16.57831,100.30034
TH,Thailand,Asia,South-Eastern Asia,65,Phitsanulok,Bang Rakam,16.75847,100.11742
TH,Thailand,Asia,South-Eastern Asia,65,Phitsanulok,Chat Trakan,17.27606,100.60022
TH,Thailand,Asia,South-Eastern Asia,65,Phitsanulok,Mueang Phitsanulok,16.8404,100.27298
TH,Thailand,Asia,South-Eastern Asia,65,Phitsanulok,Nakhon Thai,17.10056,100.83739
TH,Thailand,Asia,South-Eastern Asia,65,Phitsanulok,Noen Maprang,16.564,100.70995
TH,Thailand,Asia,South-Eastern Asia,65,Phitsanulok,Phitsanulok,16.82481,100.25858
TH,Thailand,Asia,South-Eastern Asia,65,Phitsanulok,Phrom Phiram,17.06894,100.1535
TH,Thailand,Asia,South-Eastern Asia,65,Phitsanulok,Wang Thong,16.85,100.58333
TH,Thailand,Asia,South-Eastern Asia,65,Phitsanulok,Wat Bot,17.16384,100.36298
TH,Thailand,Asia,South-Eastern Asia,14,Phra Nakhon Si Ayutthaya,Amphoe Bang Ban,14.38333,100.46667
TH,Thailand,Asia,South-Eastern Asia,14,Phra Nakhon Si Ayutthaya,Amphoe Bang Pa-in,14.23482,100.5941
TH,Thailand,Asia,South-Eastern Asia,14,Phra Nakhon Si Ayutthaya,Amphoe Nakhon Luang,14.46703,100.62572
TH,Thailand,Asia,South-Eastern Asia,14,Phra Nakhon Si Ayutthaya,Amphoe Phak Hai,14.45073,100.33949
TH,Thailand,Asia,South-Eastern Asia,14,Phra Nakhon Si Ayutthaya,Amphoe Phra Nakhon Si Ayutthaya,14.35172,100.56719
TH,Thailand,Asia,South-Eastern Asia,14,Phra Nakhon Si Ayutthaya,Amphoe Tha Ruea,14.53587,100.71268
TH,Thailand,Asia,South-Eastern Asia,14,Phra Nakhon Si Ayutthaya,Amphoe Wang Noi,14.24348,100.725
TH,Thailand,Asia,South-Eastern Asia,14,Phra Nakhon Si Ayutthaya,Ban Bang Kadi Pathum Thani,13.99904,100.54962
TH,Thailand,Asia,South-Eastern Asia,14,Phra Nakhon Si Ayutthaya,Ban Phraek,14.64381,100.54883
TH,Thailand,Asia,South-Eastern Asia,14,Phra Nakhon Si Ayutthaya,Bang Ban,14.37395,100.48528
TH,Thailand,Asia,South-Eastern Asia,14,Phra Nakhon Si Ayutthaya,Bang Pa-in,14.22783,100.57589
TH,Thailand,Asia,South-Eastern Asia,14,Phra Nakhon Si Ayutthaya,Bang Pahan,14.47174,100.54731
TH,Thailand,Asia,South-Eastern Asia,14,Phra Nakhon Si Ayutthaya,Bang Sai,14.21043,100.49422
TH,Thailand,Asia,South-Eastern Asia,14,Phra Nakhon Si Ayutthaya,Lat Bua Luang,14.1681,100.34892
TH,Thailand,Asia,South-Eastern Asia,14,Phra Nakhon Si Ayutthaya,Maha Rat,14.57064,100.54089
TH,Thailand,Asia,South-Eastern Asia,14,Phra Nakhon Si Ayutthaya,Nakhon Luang,14.46281,100.60832
TH,Thailand,Asia,South-Eastern Asia,14,Phra Nakhon Si Ayutthaya,Phachi,14.43795,100.7278
TH,Thailand,Asia,South-Eastern Asia,14,Phra Nakhon Si Ayutthaya,Phak Hai,14.45736,100.36989
TH,Thailand,Asia,South-Eastern Asia,14,Phra Nakhon Si Ayutthaya,Phra Nakhon Si Ayutthaya,14.35167,100.57739
TH,Thailand,Asia,South-Eastern Asia,14,Phra Nakhon Si Ayutthaya,Sena,14.29605,100.37486
TH,Thailand,Asia,South-Eastern Asia,14,Phra Nakhon Si Ayutthaya,Tha Ruea,14.56739,100.72598
TH,Thailand,Asia,South-Eastern Asia,14,Phra Nakhon Si Ayutthaya,Uthai,14.35321,100.69643
TH,Thailand,Asia,South-Eastern Asia,14,Phra Nakhon Si Ayutthaya,Wang Noi,14.22689,100.7155
TH,Thailand,Asia,South-Eastern Asia,54,Phrae,Amphoe Den Chai,17.91667,100.03333
TH,Thailand,Asia,South-Eastern Asia,54,Phrae,Amphoe Long,18.14262,99.90901
TH,Thailand,Asia,South-Eastern Asia,54,Phrae,Amphoe Rong Kwang,18.32614,100.39418
TH,Thailand,Asia,South-Eastern Asia,54,Phrae,Den Chai,17.98372,100.05217
TH,Thailand,Asia,South-Eastern Asia,54,Phrae,Long,18.07422,99.83073
TH,Thailand,Asia,South-Eastern Asia,54,Phrae,Mueang Phrae,18.12258,100.2562
TH,Thailand,Asia,South-Eastern Asia,54,Phrae,Nong Muang Khai,18.28845,100.15231
TH,Thailand,Asia,South-Eastern Asia,54,Phrae,Phrae,18.14589,100.14103
TH,Thailand,Asia,South-Eastern Asia,54,Phrae,Rong Kwang,18.33903,100.31736
TH,Thailand,Asia,South-Eastern Asia,54,Phrae,Song,18.57006,100.22911
TH,Thailand,Asia,South-Eastern Asia,54,Phrae,Sung Men,18.03542,100.12538
TH,Thailand,Asia,South-Eastern Asia,54,Phrae,Wang Chin,17.86667,99.6499
TH,Thailand,Asia,South-Eastern Asia,83,Phuket,Amphoe Kathu,7.91456,98.3333
TH,Thailand,Asia,South-Eastern Asia,83,Phuket,Ban Chalong,7.84468,98.33897
TH,Thailand,Asia,South-Eastern Asia,83,Phuket,Ban Karon,7.84769,98.2985
TH,Thailand,Asia,South-Eastern Asia,83,Phuket,Ban Kata,7.82125,98.30703
TH,Thailand,Asia,South-Eastern Asia,83,Phuket,Ban Ko Kaeo,7.93599,98.39664
TH,Thailand,Asia,South-Eastern Asia,83,Phuket,Ban Mai Khao,8.12713,98.30738
TH,Thailand,Asia,South-Eastern Asia,83,Phuket,Ban Ratsada,7.90963,98.40248
TH,Thailand,Asia,South-Eastern Asia,83,Phuket,Ban Talat Nua,7.88489,98.38557
TH,Thailand,Asia,South-Eastern Asia,83,Phuket,Ban Talat Yai,7.88481,98.40008
TH,Thailand,Asia,South-Eastern Asia,83,Phuket,Kathu,7.91779,98.33322
TH,Thailand,Asia,South-Eastern Asia,83,Phuket,Mueang Phuket,7.85609,98.37183
TH,Thailand,Asia,South-Eastern Asia,83,Phuket,Nai Harn,7.77859,98.30661
TH,Thailand,Asia,South-Eastern Asia,83,Phuket,Patong,7.89607,98.29661
TH,Thailand,Asia,South-Eastern Asia,83,Phuket,Phuket,7.89059,98.3981
TH,Thailand,Asia,South-Eastern Asia,83,Phuket,Rawai,7.77965,98.32532
TH,Thailand,Asia,South-Eastern Asia,83,Phuket,Thalang,8.03407,98.33399
TH,Thailand,Asia,South-Eastern Asia,83,Phuket,Wichit,7.8894,98.38523
TH,Thailand,Asia,South-Eastern Asia,25,Prachin Buri,Amphoe Kabin Buri,13.9,101.8
TH,Thailand,Asia,South-Eastern Asia,25,Prachin Buri,Ban Sang,13.95005,101.25063
TH,Thailand,Asia,South-Eastern Asia,25,Prachin Buri,Kabin Buri,13.95114,101.71769
TH,Thailand,Asia,South-Eastern Asia,25,Prachin Buri,Mueang Prachin Buri,14.09335,101.39776
TH,Thailand,Asia,South-Eastern Asia,25,Prachin Buri,Na Di,14.19253,101.84557
TH,Thailand,Asia,South-Eastern Asia,25,Prachin Buri,Prachantakham,14.22813,101.5744
TH,Thailand,Asia,South-Eastern Asia,25,Prachin Buri,Prachin Buri,14.04992,101.36864
TH,Thailand,Asia,South-Eastern Asia,25,Prachin Buri,Si Maha Phot,13.89041,101.54181
TH,Thailand,Asia,South-Eastern Asia,25,Prachin Buri,Si Mahosot,13.87669,101.42499
TH,Thailand,Asia,South-Eastern Asia,77,Prachuap Khiri Khan,Amphoe Bang Saphan,11.29402,99.44406
TH,Thailand,Asia,South-Eastern Asia,77,Prachuap Khiri Khan,Amphoe Hua Hin,12.53522,99.70366
TH,Thailand,Asia,South-Eastern Asia,77,Prachuap Khiri Khan,Amphoe Kui Buri,12.11311,99.75462
TH,Thailand,Asia,South-Eastern Asia,77,Prachuap Khiri Khan,Amphoe Pran Buri,12.3904,99.6969
TH,Thailand,Asia,South-Eastern Asia,77,Prachuap Khiri Khan,Amphoe Sam Roi Yot,12.25586,99.7401
TH,Thailand,Asia,South-Eastern Asia,77,Prachuap Khiri Khan,Bang Saphan,11.21259,99.51167
TH,Thailand,Asia,South-Eastern Asia,77,Prachuap Khiri Khan,Bang Saphan Noi,11.07057,99.34105
TH,Thailand,Asia,South-Eastern Asia,77,Prachuap Khiri Khan,Hua Hin,12.57065,99.95876
TH,Thailand,Asia,South-Eastern Asia,77,Prachuap Khiri Khan,Kui Buri,12.08283,99.85431
TH,Thailand,Asia,South-Eastern Asia,77,Prachuap Khiri Khan,Mueang Prachuap Khiri Khan,11.87144,99.73563
TH,Thailand,Asia,South-Eastern Asia,77,Prachuap Khiri Khan,Prachuap Khiri Khan,11.82098,99.7841
TH,Thailand,Asia,South-Eastern Asia,77,Prachuap Khiri Khan,Pran Buri,12.38487,99.90157
TH,Thailand,Asia,South-Eastern Asia,77,Prachuap Khiri Khan,Sam Roi Yot,12.27081,99.87203
TH,Thailand,Asia,South-Eastern Asia,77,Prachuap Khiri Khan,Thap Sakae,11.54787,99.57159
TH,Thailand,Asia,South-Eastern Asia,85,Ranong,Kapoe,9.53028,98.62369
TH,Thailand,Asia,South-Eastern Asia,85,Ranong,Kra Buri,10.45895,98.84373
TH,Thailand,Asia,South-Eastern Asia,85,Ranong,La-un,10.09691,98.78498
TH,Thailand,Asia,South-Eastern Asia,85,Ranong,Mueang Ranong,9.86238,98.62229
TH,Thailand,Asia,South-Eastern Asia,85,Ranong,Ranong,9.96583,98.63476
TH,Thailand,Asia,South-Eastern Asia,85,Ranong,Suk Samran,9.4157,98.49117
TH,Thailand,Asia,South-Eastern Asia,70,Ratchaburi,Amphoe Ban Pong,13.8166,99.82147
TH,Thailand,Asia,South-Eastern Asia,70,Ratchaburi,Amphoe Bang Phae,13.68333,99.98333
TH,Thailand,Asia,South-Eastern Asia,70,Ratchaburi,Amphoe Chom Bueng,13.6252,99.5187
TH,Thailand,Asia,South-Eastern Asia,70,Ratchaburi,Amphoe Damnoen Saduak,13.56537,99.97042
TH,Thailand,Asia,South-Eastern Asia,70,Ratchaburi,Amphoe Photharam,13.70707,99.75622
TH,Thailand,Asia,South-Eastern Asia,70,Ratchaburi,Ban Kha,13.32374,99.37323
TH,Thailand,Asia,South-Eastern Asia,70,Ratchaburi,Ban Pong,13.81629,99.87739
TH,Thailand,Asia,South-Eastern Asia,70,Ratchaburi,Bang Phae,13.69157,99.92982
TH,Thailand,Asia,South-Eastern Asia,70,Ratchaburi,Chom Bueng,13.62,99.59169
TH,Thailand,Asia,South-Eastern Asia,70,Ratchaburi,Damnoen Saduak,13.51825,99.95469
TH,Thailand,Asia,South-Eastern Asia,70,Ratchaburi,Mueang Ratchaburi,13.54559,99.77678
TH,Thailand,Asia,South-Eastern Asia,70,Ratchaburi,Pak Tho,13.38761,99.677
TH,Thailand,Asia,South-Eastern Asia,70,Ratchaburi,Photharam,13.69234,99.84969
TH,Thailand,Asia,South-Eastern Asia,70,Ratchaburi,Ratchaburi,13.53671,99.81712
TH,Thailand,Asia,South-Eastern Asia,70,Ratchaburi,Suan Phueng,13.56361,99.31133
TH,Thailand,Asia,South-Eastern Asia,70,Ratchaburi,Wat Phleng,13.44705,99.86959
TH,Thailand,Asia,South-Eastern Asia,21,Rayong,Amphoe Ban Chang,12.7323,101.04878
TH,Thailand,Asia,South-Eastern Asia,21,Rayong,Amphoe Klaeng,12.77179,101.65666
TH,Thailand,Asia,South-Eastern Asia,21,Rayong,Ban Chang,12.72543,101.05531
TH,Thailand,Asia,South-Eastern Asia,21,Rayong,Ban Khai,12.83827,101.3421
TH,Thailand,Asia,South-Eastern Asia,21,Rayong,Ban Phe,12.62824,101.43757
TH,Thailand,Asia,South-Eastern Asia,21,Rayong,Khao Chamao,12.99042,101.67847
TH,Thailand,Asia,South-Eastern Asia,21,Rayong,Klaeng,12.77972,101.64831
TH,Thailand,Asia,South-Eastern Asia,21,Rayong,Mueang Rayong,12.71864,101.34491
TH,Thailand,Asia,South-Eastern Asia,21,Rayong,Nikhom Phattana,12.84489,101.15341
TH,Thailand,Asia,South-Eastern Asia,21,Rayong,Pluak Daeng,12.98333,101.25
TH,Thailand,Asia,South-Eastern Asia,21,Rayong,Rayong,12.68095,101.25798
TH,Thailand,Asia,South-Eastern Asia,21,Rayong,Wang Chan,12.96245,101.51533
TH,Thailand,Asia,South-Eastern Asia,45,Roi Et,Amphoe Kaset Wisai,15.60285,103.56652
TH,Thailand,Asia,South-Eastern Asia,45,Roi Et,Amphoe Moeiwadi,16.37155,104.11137
TH,Thailand,Asia,South-Eastern Asia,45,Roi Et,Amphoe Pho Chai,16.30969,103.79004
TH,Thailand,Asia,South-Eastern Asia,45,Roi Et,Amphoe Suwannaphum,15.60529,103.8063
TH,Thailand,Asia,South-Eastern Asia,45,Roi Et,At Samat,15.84014,103.86619
TH,Thailand,Asia,South-Eastern Asia,45,Roi Et,Ban Selaphum,16.01667,103.95
TH,Thailand,Asia,South-Eastern Asia,45,Roi Et,Changhan,16.16213,103.61605
TH,Thailand,Asia,South-Eastern Asia,45,Roi Et,Chaturaphak Phiman,15.8267,103.54934
TH,Thailand,Asia,South-Eastern Asia,45,Roi Et,Chiang Khwan,16.14887,103.74924
TH,Thailand,Asia,South-Eastern Asia,45,Roi Et,Kaset Wisai,15.65558,103.58361
TH,Thailand,Asia,South-Eastern Asia,45,Roi Et,Moeiwadi,16.38944,104.1572
TH,Thailand,Asia,South-Eastern Asia,45,Roi Et,Mueang Roi Et,16.01497,103.61584
TH,Thailand,Asia,South-Eastern Asia,45,Roi Et,Mueang Suang,15.78619,103.75071
TH,Thailand,Asia,South-Eastern Asia,45,Roi Et,Nong Hi,15.57983,104.01134
TH,Thailand,Asia,South-Eastern Asia,45,Roi Et,Nong Phok,16.30357,104.22144
TH,Thailand,Asia,South-Eastern Asia,45,Roi Et,Pathum Rat,15.62371,103.38733
TH,Thailand,Asia,South-Eastern Asia,45,Roi Et,Phanom Phrai,15.693,104.0755
TH,Thailand,Asia,South-Eastern Asia,45,Roi Et,Pho Chai,16.32827,103.77033
TH,Thailand,Asia,South-Eastern Asia,45,Roi Et,Phon Sai,15.49244,103.94139
TH,Thailand,Asia,South-Eastern Asia,45,Roi Et,Phon Thong,16.29007,103.96388
TH,Thailand,Asia,South-Eastern Asia,45,Roi Et,Roi Et,16.0567,103.65309
TH,Thailand,Asia,South-Eastern Asia,45,Roi Et,Selaphum,16.047,104.00031
TH,Thailand,Asia,South-Eastern Asia,45,Roi Et,Si Somdet,16.01947,103.51427
TH,Thailand,Asia,South-Eastern Asia,45,Roi Et,Suwannaphum,15.60348,103.80207
TH,Thailand,Asia,South-Eastern Asia,45,Roi Et,Thawatchaburi,16.02783,103.77833
TH,Thailand,Asia,South-Eastern Asia,45,Roi Et,Thung Khao Luang,15.98966,103.87086
TH,Thailand,Asia,South-Eastern Asia,45,Roi Et,Waeng,16.30006,103.97786
TH,Thailand,Asia,South-Eastern Asia,27,Sa Kaeo,Amphoe Aranyaprathet,13.69086,102.47693
TH,Thailand,Asia,South-Eastern Asia,27,Sa Kaeo,Amphoe Wang Nam Yen,13.519,102.08718
TH,Thailand,Asia,South-Eastern Asia,27,Sa Kaeo,Aranyaprathet,13.69276,102.50128
TH,Thailand,Asia,South-Eastern Asia,27,Sa Kaeo,Khao Chakan,13.62293,102.02665
TH,Thailand,Asia,South-Eastern Asia,27,Sa Kaeo,Khlong Hat,13.47396,102.27604
TH,Thailand,Asia,South-Eastern Asia,27,Sa Kaeo,Khok Sung,13.87388,102.66075
TH,Thailand,Asia,South-Eastern Asia,27,Sa Kaeo,Mueang Sa Kaeo,13.92969,102.10626
TH,Thailand,Asia,South-Eastern Asia,27,Sa Kaeo,Sa Kaeo,13.81411,102.07222
TH,Thailand,Asia,South-Eastern Asia,27,Sa Kaeo,Ta Phraya,14.06272,102.72601
TH,Thailand,Asia,South-Eastern Asia,27,Sa Kaeo,Wang Nam Yen,13.50325,102.18115
TH,Thailand,Asia,South-Eastern Asia,27,Sa Kaeo,Wang Sombun,13.36112,102.1249
TH,Thailand,Asia,South-Eastern Asia,27,Sa Kaeo,Watthana Nakhon,13.88582,102.35652
TH,Thailand,Asia,South-Eastern Asia,47,Sakon Nakhon,Akat Amnuai,17.63589,103.9759
TH,Thailand,Asia,South-Eastern Asia,47,Sakon Nakhon,Amphoe Sawang Daen Din,17.4559,103.4495
TH,Thailand,Asia,South-Eastern Asia,47,Sakon Nakhon,Ban Muang,17.89569,103.52793
TH,Thailand,Asia,South-Eastern Asia,47,Sakon Nakhon,Charoen Sin,17.63327,103.52218
TH,Thailand,Asia,South-Eastern Asia,47,Sakon Nakhon,Kham Ta Kla,17.82547,103.78598
TH,Thailand,Asia,South-Eastern Asia,47,Sakon Nakhon,Khok Si Suphan,17.02297,104.30346
TH,Thailand,Asia,South-Eastern Asia,47,Sakon Nakhon,Kusuman,17.35402,104.26677
TH,Thailand,Asia,South-Eastern Asia,47,Sakon Nakhon,Kut Bak,17.08205,103.81469
TH,Thailand,Asia,South-Eastern Asia,47,Sakon Nakhon,Mueang Sakon Nakhon,17.16163,104.10519
TH,Thailand,Asia,South-Eastern Asia,47,Sakon Nakhon,Nikhom Nam Un,17.17349,103.73511
TH,Thailand,Asia,South-Eastern Asia,47,Sakon Nakhon,Phang Khon,17.38267,103.75146
TH,Thailand,Asia,South-Eastern Asia,47,Sakon Nakhon,Phanna Nikhom,17.31369,103.89791
TH,Thailand,Asia,South-Eastern Asia,47,Sakon Nakhon,Phon Na Kaeo,17.21248,104.307
TH,Thailand,Asia,South-Eastern Asia,47,Sakon Nakhon,Phu Phan,16.92862,103.924
TH,Thailand,Asia,South-Eastern Asia,47,Sakon Nakhon,Sakon Nakhon,17.16116,104.14725
TH,Thailand,Asia,South-Eastern Asia,47,Sakon Nakhon,Sawang Daen Din,17.47531,103.45753
TH,Thailand,Asia,South-Eastern Asia,47,Sakon Nakhon,Song Dao,17.30883,103.44987
TH,Thailand,Asia,South-Eastern Asia,47,Sakon Nakhon,Tao Ngoi,16.94022,104.15863
TH,Thailand,Asia,South-Eastern Asia,47,Sakon Nakhon,Wanon Niwat,17.61516,103.76536
TH,Thailand,Asia,South-Eastern Asia,47,Sakon Nakhon,Waritchaphum,17.25692,103.62283
TH,Thailand,Asia,South-Eastern Asia,11,Samut Prakan,Amphoe Bang Bo,13.5896,100.86711
TH,Thailand,Asia,South-Eastern Asia,11,Samut Prakan,Amphoe Phra Pradaeng,13.65246,100.55271
TH,Thailand,Asia,South-Eastern Asia,11,Samut Prakan,Ban Khlong Bang Sao Thong,13.64172,100.83272
TH,Thailand,Asia,South-Eastern Asia,11,Samut Prakan,Bang Bo District,13.58333,100.81667
TH,Thailand,Asia,South-Eastern Asia,11,Samut Prakan,Bang Phli,13.61972,100.72582
TH,Thailand,Asia,South-Eastern Asia,11,Samut Prakan,Bang Sao Thong,13.63286,100.81038
TH,Thailand,Asia,South-Eastern Asia,11,Samut Prakan,Mueang Samut Prakan,13.56855,100.65148
TH,Thailand,Asia,South-Eastern Asia,11,Samut Prakan,Phra Pradaeng,13.65855,100.53362
TH,Thailand,Asia,South-Eastern Asia,11,Samut Prakan,Phra Samut Chedi,13.55622,100.51485
TH,Thailand,Asia,South-Eastern Asia,11,Samut Prakan,Samut Prakan,13.59934,100.59675
TH,Thailand,Asia,South-Eastern Asia,74,Samut Sakhon,Amphoe Ban Phaeo,13.58747,100.11789
TH,Thailand,Asia,South-Eastern Asia,74,Samut Sakhon,Amphoe Krathum Baen,13.6557,100.27282
TH,Thailand,Asia,South-Eastern Asia,74,Samut Sakhon,Ban Phaeo,13.59072,100.10748
TH,Thailand,Asia,South-Eastern Asia,74,Samut Sakhon,Krathum Baen,13.6533,100.25972
TH,Thailand,Asia,South-Eastern Asia,74,Samut Sakhon,Mueang Samut Sakhon,13.53163,100.25326
TH,Thailand,Asia,South-Eastern Asia,74,Samut Sakhon,Samut Sakhon,13.54753,100.27362
TH,Thailand,Asia,South-Eastern Asia,75,Samut Songkhram,Amphawa,13.36721,99.91232
TH,Thailand,Asia,South-Eastern Asia,75,Samut Songkhram,Bang Khonthi,13.47448,99.94838
TH,Thailand,Asia,South-Eastern Asia,75,Samut Songkhram,Mueang Samut Songkhram,13.39587,99.99929
TH,Thailand,Asia,South-Eastern Asia,75,Samut Songkhram,Samut Songkhram,13.41456,100.00264
TH,Thailand,Asia,South-Eastern Asia,19,Saraburi,Amphoe Ban Mo,14.60804,100.72404
TH,Thailand,Asia,South-Eastern Asia,19,Saraburi,Amphoe Kaeng Khoi,14.58166,101.05297
TH,Thailand,Asia,South-Eastern Asia,19,Saraburi,Amphoe Nong Khae,14.38125,100.86451
TH,Thailand,Asia,South-Eastern Asia,19,Saraburi,Amphoe Phra Phutthabat,14.71912,100.80622
TH,Thailand,Asia,South-Eastern Asia,19,Saraburi,Ban Mo,14.61544,100.72731
TH,Thailand,Asia,South-Eastern Asia,19,Saraburi,Chaloem Phra Kiat,14.65671,100.90838
TH,Thailand,Asia,South-Eastern Asia,19,Saraburi,Don Phut,14.60758,100.61578
TH,Thailand,Asia,South-Eastern Asia,19,Saraburi,Kaeng Khoi,14.58617,100.99758
TH,Thailand,Asia,South-Eastern Asia,19,Saraburi,Muak Lek,14.77706,101.27151
TH,Thailand,Asia,South-Eastern Asia,19,Saraburi,Mueang Sara Buri,14.49721,100.93829
TH,Thailand,Asia,South-Eastern Asia,19,Saraburi,Nong Don,14.6888,100.68527
TH,Thailand,Asia,South-Eastern Asia,19,Saraburi,Nong Khae,14.34062,100.86733
TH,Thailand,Asia,South-Eastern Asia,19,Saraburi,Nong Saeng,14.48283,100.80463
TH,Thailand,Asia,South-Eastern Asia,19,Saraburi,Phra Phutthabat,14.72526,100.79536
TH,Thailand,Asia,South-Eastern Asia,19,Saraburi,Sao Hai,14.57549,100.8439
TH,Thailand,Asia,South-Eastern Asia,19,Saraburi,Saraburi,14.53333,100.91667
TH,Thailand,Asia,South-Eastern Asia,19,Saraburi,Wang Muang,14.82287,101.13346
TH,Thailand,Asia,South-Eastern Asia,19,Saraburi,Wihan Daeng,14.33435,100.96458
TH,Thailand,Asia,South-Eastern Asia,91,Satun,Khuan Don,6.76978,100.12216
TH,Thailand,Asia,South-Eastern Asia,91,Satun,Khuan Kalong,6.90593,100.04178
TH,Thailand,Asia,South-Eastern Asia,91,Satun,Koh Lipe,6.4877043,99.2768514
TH,Thailand,Asia,South-Eastern Asia,91,Satun,La-Ngu,6.90392,99.79836
TH,Thailand,Asia,South-Eastern Asia,91,Satun,Manang,7.01822,99.95399
TH,Thailand,Asia,South-Eastern Asia,91,Satun,Mueang Satun,6.62314,100.06681
TH,Thailand,Asia,South-Eastern Asia,91,Satun,Satun,6.62314,100.06676
TH,Thailand,Asia,South-Eastern Asia,91,Satun,Tha Phae,6.79542,99.91985
TH,Thailand,Asia,South-Eastern Asia,91,Satun,Thung Wa,7.04915,99.76587
TH,Thailand,Asia,South-Eastern Asia,33,Si Sa Ket,Amphoe Kantharalak,14.568,104.6708
TH,Thailand,Asia,South-Eastern Asia,33,Si Sa Ket,Amphoe Phrai Bueng,14.77989,104.36599
TH,Thailand,Asia,South-Eastern Asia,33,Si Sa Ket,Benchalak,14.78319,104.71879
TH,Thailand,Asia,South-Eastern Asia,33,Si Sa Ket,Bueng Bun,15.30288,104.06166
TH,Thailand,Asia,South-Eastern Asia,33,Si Sa Ket,Huai Thap Than,15.01808,104.03875
TH,Thailand,Asia,South-Eastern Asia,33,Si Sa Ket,Kantharalak,14.64056,104.64992
TH,Thailand,Asia,South-Eastern Asia,33,Si Sa Ket,Kanthararom,15.12447,104.57318
TH,Thailand,Asia,South-Eastern Asia,33,Si Sa Ket,Khukhan,14.73783,104.1859
TH,Thailand,Asia,South-Eastern Asia,33,Si Sa Ket,Khun Han,14.53455,104.40739
TH,Thailand,Asia,South-Eastern Asia,33,Si Sa Ket,Mueang Chan,15.18249,104.02471
TH,Thailand,Asia,South-Eastern Asia,33,Si Sa Ket,Mueang Sisaket,15.08168,104.35126
TH,Thailand,Asia,South-Eastern Asia,33,Si Sa Ket,Nam Kliang,14.91022,104.52545
TH,Thailand,Asia,South-Eastern Asia,33,Si Sa Ket,Non Khun,14.90188,104.69564
TH,Thailand,Asia,South-Eastern Asia,33,Si Sa Ket,Phayu,14.90639,104.38293
TH,Thailand,Asia,South-Eastern Asia,33,Si Sa Ket,Pho Si Suwan,15.2337,104.06739
TH,Thailand,Asia,South-Eastern Asia,33,Si Sa Ket,Phrai Bueng,14.74833,104.36261
TH,Thailand,Asia,South-Eastern Asia,33,Si Sa Ket,Phu Sing,14.48873,104.15603
TH,Thailand,Asia,South-Eastern Asia,33,Si Sa Ket,Prang Ku,14.85443,104.0374
TH,Thailand,Asia,South-Eastern Asia,33,Si Sa Ket,Rasi Salai,15.34637,104.18617
TH,Thailand,Asia,South-Eastern Asia,33,Si Sa Ket,Si Rattana,14.81062,104.47634
TH,Thailand,Asia,South-Eastern Asia,33,Si Sa Ket,Si Sa Ket,15.11481,104.32938
TH,Thailand,Asia,South-Eastern Asia,33,Si Sa Ket,Sila Lat,15.4807,104.09478
TH,Thailand,Asia,South-Eastern Asia,33,Si Sa Ket,Uthumphon Phisai,15.12305,104.16002
TH,Thailand,Asia,South-Eastern Asia,33,Si Sa Ket,Wang Hin,14.96133,104.21928
TH,Thailand,Asia,South-Eastern Asia,33,Si Sa Ket,Yang Chum Noi,15.23688,104.39083
TH,Thailand,Asia,South-Eastern Asia,17,Sing Buri,Amphoe In Buri,15.02057,100.34865
TH,Thailand,Asia,South-Eastern Asia,17,Sing Buri,Bang Racham,14.892,100.31728
TH,Thailand,Asia,South-Eastern Asia,17,Sing Buri,Bang Rachan,14.89959,100.27795
TH,Thailand,Asia,South-Eastern Asia,17,Sing Buri,In Buri,15.00787,100.32691
TH,Thailand,Asia,South-Eastern Asia,17,Sing Buri,Khai Bang Rachan,14.81438,100.31389
TH,Thailand,Asia,South-Eastern Asia,17,Sing Buri,Mueang Sing Buri,14.90239,100.39731
TH,Thailand,Asia,South-Eastern Asia,17,Sing Buri,Phrom Buri,14.78333,100.45
TH,Thailand,Asia,South-Eastern Asia,17,Sing Buri,Sing Buri,14.88786,100.40464
TH,Thailand,Asia,South-Eastern Asia,17,Sing Buri,Tha Chang,14.77941,100.39349
TH,Thailand,Asia,South-Eastern Asia,90,Songkhla,Amphoe Hat Yai,6.98092,100.46539
TH,Thailand,Asia,South-Eastern Asia,90,Songkhla,Amphoe Na Mom,6.9599,100.57161
TH,Thailand,Asia,South-Eastern Asia,90,Songkhla,Amphoe Ranot,7.8139,100.28323
TH,Thailand,Asia,South-Eastern Asia,90,Songkhla,Amphoe Sadao,6.67135,100.42409
TH,Thailand,Asia,South-Eastern Asia,90,Songkhla,Ban Mai,7.20411,100.54508
TH,Thailand,Asia,South-Eastern Asia,90,Songkhla,Bang Klam,7.06404,100.40664
TH,Thailand,Asia,South-Eastern Asia,90,Songkhla,Chana,6.89584,100.70126
TH,Thailand,Asia,South-Eastern Asia,90,Songkhla,Hat Yai,7.00836,100.47668
TH,Thailand,Asia,South-Eastern Asia,90,Songkhla,Khlong Hoi Khong,6.86623,100.35353
TH,Thailand,Asia,South-Eastern Asia,90,Songkhla,Khuan Niang,7.18231,100.37403
TH,Thailand,Asia,South-Eastern Asia,90,Songkhla,Krasae Sin,7.61254,100.32827
TH,Thailand,Asia,South-Eastern Asia,90,Songkhla,Mueang Songkhla,7.11075,100.60814
TH,Thailand,Asia,South-Eastern Asia,90,Songkhla,Na Mom,6.95856,100.55683
TH,Thailand,Asia,South-Eastern Asia,90,Songkhla,Na Thawi,6.63849,100.68173
TH,Thailand,Asia,South-Eastern Asia,90,Songkhla,Ranot,7.77768,100.32134
TH,Thailand,Asia,South-Eastern Asia,90,Songkhla,Rattaphum,7.07488,100.19515
TH,Thailand,Asia,South-Eastern Asia,90,Songkhla,Saba Yoi,6.52971,100.91232
TH,Thailand,Asia,South-Eastern Asia,90,Songkhla,Sadao,6.63883,100.42342
TH,Thailand,Asia,South-Eastern Asia,90,Songkhla,Sathing Phra,7.47963,100.42227
TH,Thailand,Asia,South-Eastern Asia,90,Songkhla,Singhanakhon,7.28453,100.48809
TH,Thailand,Asia,South-Eastern Asia,90,Songkhla,Songkhla,7.19882,100.5951
TH,Thailand,Asia,South-Eastern Asia,90,Songkhla,Thepha,6.79726,100.91025
TH,Thailand,Asia,South-Eastern Asia,64,Sukhothai,Amphoe Ban Dan Lan Hoi,17.05278,99.49148
TH,Thailand,Asia,South-Eastern Asia,64,Sukhothai,Amphoe Khiri Mat,16.82923,99.73976
TH,Thailand,Asia,South-Eastern Asia,64,Sukhothai,Amphoe Sawankhalok,17.29899,99.85396
TH,Thailand,Asia,South-Eastern Asia,64,Sukhothai,Amphoe Si Satchanalai,17.59927,99.70591
TH,Thailand,Asia,South-Eastern Asia,64,Sukhothai,Ban Dan Lan Hoi,17.00683,99.57497
TH,Thailand,Asia,South-Eastern Asia,64,Sukhothai,Ban Na,17.01717,99.73283
TH,Thailand,Asia,South-Eastern Asia,64,Sukhothai,Khiri Mat,16.83333,99.8
TH,Thailand,Asia,South-Eastern Asia,64,Sukhothai,Kong Krailat,16.93115,99.97414
TH,Thailand,Asia,South-Eastern Asia,64,Sukhothai,Mueang Sukhothai,17.02318,99.77864
TH,Thailand,Asia,South-Eastern Asia,64,Sukhothai,Sawankhalok,17.31597,99.83186
TH,Thailand,Asia,South-Eastern Asia,64,Sukhothai,Si Nakhon,17.39275,99.97666
TH,Thailand,Asia,South-Eastern Asia,64,Sukhothai,Si Samrong,17.16397,99.74672
TH,Thailand,Asia,South-Eastern Asia,64,Sukhothai,Si Satchanalai,17.51692,99.75978
TH,Thailand,Asia,South-Eastern Asia,64,Sukhothai,Sukhothai,17.00778,99.823
TH,Thailand,Asia,South-Eastern Asia,64,Sukhothai,Thung Saliam,17.37082,99.55265
TH,Thailand,Asia,South-Eastern Asia,72,Suphan Buri,Amphoe Doembang Nangbuat,14.87394,100.04669
TH,Thailand,Asia,South-Eastern Asia,72,Suphan Buri,Ban Sam Chuk,14.74219,100.09531
TH,Thailand,Asia,South-Eastern Asia,72,Suphan Buri,Bang Pla Ma,14.34985,100.14479
TH,Thailand,Asia,South-Eastern Asia,72,Suphan Buri,Dan Chang,14.88388,99.51642
TH,Thailand,Asia,South-Eastern Asia,72,Suphan Buri,Doembang Nangbuat,14.83333,100.1
TH,Thailand,Asia,South-Eastern Asia,72,Suphan Buri,Don Chedi,14.64804,99.94734
TH,Thailand,Asia,South-Eastern Asia,72,Suphan Buri,Mueang Suphan Buri,14.49189,100.07458
TH,Thailand,Asia,South-Eastern Asia,72,Suphan Buri,Nong Yasai,14.77644,99.85751
TH,Thailand,Asia,South-Eastern Asia,72,Suphan Buri,Si Prachan,14.6381,100.1505
TH,Thailand,Asia,South-Eastern Asia,72,Suphan Buri,Song Phi Nong,14.18895,99.9758
TH,Thailand,Asia,South-Eastern Asia,72,Suphan Buri,Suphan Buri,14.47418,100.12218
TH,Thailand,Asia,South-Eastern Asia,72,Suphan Buri,U Thong,14.41093,99.88949
TH,Thailand,Asia,South-Eastern Asia,84,Surat Thani,Amphoe Ban Na San,8.80063,99.40201
TH,Thailand,Asia,South-Eastern Asia,84,Surat Thani,Amphoe Chai Buri,8.43883,99.07721
TH,Thailand,Asia,South-Eastern Asia,84,Surat Thani,Amphoe Chaiya,9.49141,98.99568
TH,Thailand,Asia,South-Eastern Asia,84,Surat Thani,Amphoe Don Sak,9.21063,99.68887
TH,Thailand,Asia,South-Eastern Asia,84,Surat Thani,Amphoe Kanchanadit,9.07256,99.5439
TH,Thailand,Asia,South-Eastern Asia,84,Surat Thani,Amphoe Ko Samui,9.50841,99.99644
TH,Thailand,Asia,South-Eastern Asia,84,Surat Thani,Amphoe Wiang Sa,8.59813,99.35277
TH,Thailand,Asia,South-Eastern Asia,84,Surat Thani,Ban Na Doem,8.9061,99.28136
TH,Thailand,Asia,South-Eastern Asia,84,Surat Thani,Ban Na San,8.80036,99.36372
TH,Thailand,Asia,South-Eastern Asia,84,Surat Thani,Ban Takhun,9.10423,98.67222
TH,Thailand,Asia,South-Eastern Asia,84,Surat Thani,Chai Buri,8.46222,99.07631
TH,Thailand,Asia,South-Eastern Asia,84,Surat Thani,Chaiya,9.38625,99.19861
TH,Thailand,Asia,South-Eastern Asia,84,Surat Thani,Don Sak,9.31676,99.69184
TH,Thailand,Asia,South-Eastern Asia,84,Surat Thani,Kanchanadit,9.16611,99.47014
TH,Thailand,Asia,South-Eastern Asia,84,Surat Thani,Khian Sa,8.72766,99.1324
TH,Thailand,Asia,South-Eastern Asia,84,Surat Thani,Khiri Rat Nikhom,9.0059,98.94404
TH,Thailand,Asia,South-Eastern Asia,84,Surat Thani,Ko Pha Ngan,9.75778,100.02914
TH,Thailand,Asia,South-Eastern Asia,84,Surat Thani,Ko Pha-ngan,9.74939,100.02649
TH,Thailand,Asia,South-Eastern Asia,84,Surat Thani,Ko Samui,9.53567,99.93567
TH,Thailand,Asia,South-Eastern Asia,84,Surat Thani,Koh Tao,10.09808,99.83809
TH,Thailand,Asia,South-Eastern Asia,84,Surat Thani,Mueang Surat Thani,9.10132,99.32614
TH,Thailand,Asia,South-Eastern Asia,84,Surat Thani,Phanom,8.82254,98.71709
TH,Thailand,Asia,South-Eastern Asia,84,Surat Thani,Phrasaeng,8.55124,99.1052
TH,Thailand,Asia,South-Eastern Asia,84,Surat Thani,Phunphin,9.02472,99.14304
TH,Thailand,Asia,South-Eastern Asia,84,Surat Thani,Surat Thani,9.14011,99.33311
TH,Thailand,Asia,South-Eastern Asia,84,Surat Thani,Tha Chana,9.61142,99.03611
TH,Thailand,Asia,South-Eastern Asia,84,Surat Thani,Tha Chang,9.33475,98.95619
TH,Thailand,Asia,South-Eastern Asia,84,Surat Thani,Tha Kham,9.11072,99.23208
TH,Thailand,Asia,South-Eastern Asia,84,Surat Thani,Tha Khanon,9.0302,98.95286
TH,Thailand,Asia,South-Eastern Asia,84,Surat Thani,Wiang Sa,8.63585,99.3666
TH,Thailand,Asia,South-Eastern Asia,84,Surat Thani,Wiphawadi,9.21972,98.87028
TH,Thailand,Asia,South-Eastern Asia,32,Surin,Bua Chet,14.48406,103.97809
TH,Thailand,Asia,South-Eastern Asia,32,Surin,Chom Phra,15.14356,103.57881
TH,Thailand,Asia,South-Eastern Asia,32,Surin,Chumphon Buri,15.37942,103.37095
TH,Thailand,Asia,South-Eastern Asia,32,Surin,Kap Choeng,14.46795,103.58476
TH,Thailand,Asia,South-Eastern Asia,32,Surin,Khwao Sinarin,15.00733,103.62064
TH,Thailand,Asia,South-Eastern Asia,32,Surin,Lamduan,14.71907,103.69911
TH,Thailand,Asia,South-Eastern Asia,32,Surin,Mueang Surin,14.88359,103.51272
TH,Thailand,Asia,South-Eastern Asia,32,Surin,Non Narai,15.19111,103.92242
TH,Thailand,Asia,South-Eastern Asia,32,Surin,Phanom Dong Rak,14.42745,103.31007
TH,Thailand,Asia,South-Eastern Asia,32,Surin,Prasat,14.62602,103.41569
TH,Thailand,Asia,South-Eastern Asia,32,Surin,Rattanaburi,15.3378,103.90541
TH,Thailand,Asia,South-Eastern Asia,32,Surin,Samrong Thap,15.0398,103.94089
TH,Thailand,Asia,South-Eastern Asia,32,Surin,Sangkha,14.57051,103.83911
TH,Thailand,Asia,South-Eastern Asia,32,Surin,Sanom,15.17099,103.78475
TH,Thailand,Asia,South-Eastern Asia,32,Surin,Si Khoraphum,14.94753,103.7831
TH,Thailand,Asia,South-Eastern Asia,32,Surin,Si Narong,14.78085,103.88651
TH,Thailand,Asia,South-Eastern Asia,32,Surin,Surin,14.88181,103.49364
TH,Thailand,Asia,South-Eastern Asia,32,Surin,Tha Tum,15.3094,103.65111
TH,Thailand,Asia,South-Eastern Asia,63,Tak,Amphoe Ban Tak,17.09163,99.06648
TH,Thailand,Asia,South-Eastern Asia,63,Tak,Amphoe Mae Ramat,17.1118,98.58635
TH,Thailand,Asia,South-Eastern Asia,63,Tak,Amphoe Mae Sot,16.72154,98.71074
TH,Thailand,Asia,South-Eastern Asia,63,Tak,Ban Tak,17.04325,99.08128
TH,Thailand,Asia,South-Eastern Asia,63,Tak,Mae Ramat,16.98403,98.51665
TH,Thailand,Asia,South-Eastern Asia,63,Tak,Mae Sot,16.71667,98.56667
TH,Thailand,Asia,South-Eastern Asia,63,Tak,Mueang Tak,16.8765,99.16617
TH,Thailand,Asia,South-Eastern Asia,63,Tak,Phop Phra,16.47215,98.83501
TH,Thailand,Asia,South-Eastern Asia,63,Tak,Tak,16.86968,99.12898
TH,Thailand,Asia,South-Eastern Asia,63,Tak,Tha Song Yang,17.47481,98.12079
TH,Thailand,Asia,South-Eastern Asia,63,Tak,Umphang,15.79496,98.87787
TH,Thailand,Asia,South-Eastern Asia,63,Tak,Wang Chao,16.63311,99.14826
TH,Thailand,Asia,South-Eastern Asia,92,Trang,Amphoe Huai Yot,7.80063,99.605
TH,Thailand,Asia,South-Eastern Asia,92,Trang,Amphoe Kantang,7.38563,99.47064
TH,Thailand,Asia,South-Eastern Asia,92,Trang,Hat Samran,7.25733,99.5816
TH,Thailand,Asia,South-Eastern Asia,92,Trang,Huai Yot,7.78937,99.63469
TH,Thailand,Asia,South-Eastern Asia,92,Trang,Kantang,7.40542,99.51561
TH,Thailand,Asia,South-Eastern Asia,92,Trang,Mueang Trang,7.60944,99.61772
TH,Thailand,Asia,South-Eastern Asia,92,Trang,Na Yong,7.56257,99.74791
TH,Thailand,Asia,South-Eastern Asia,92,Trang,Palian,7.2334,99.79491
TH,Thailand,Asia,South-Eastern Asia,92,Trang,Ratsada,7.93779,99.66771
TH,Thailand,Asia,South-Eastern Asia,92,Trang,Sikao,7.57122,99.33915
TH,Thailand,Asia,South-Eastern Asia,92,Trang,Trang,7.55633,99.61141
TH,Thailand,Asia,South-Eastern Asia,92,Trang,Wang Wiset,7.76061,99.40861
TH,Thailand,Asia,South-Eastern Asia,92,Trang,Yan Ta Khao,7.4258,99.73438
TH,Thailand,Asia,South-Eastern Asia,23,Trat,Amphoe Bo Rai,12.55816,102.56566
TH,Thailand,Asia,South-Eastern Asia,23,Trat,Amphoe Khlong Yai,11.8554,102.82596
TH,Thailand,Asia,South-Eastern Asia,23,Trat,Bo Rai,12.57283,102.53714
TH,Thailand,Asia,South-Eastern Asia,23,Trat,Khao Saming,12.42885,102.41784
TH,Thailand,Asia,South-Eastern Asia,23,Trat,Khlong Yai,11.77645,102.88567
TH,Thailand,Asia,South-Eastern Asia,23,Trat,Ko Chang,12.05947,102.32941
TH,Thailand,Asia,South-Eastern Asia,23,Trat,Ko Chang Tai,12.00171,102.37267
TH,Thailand,Asia,South-Eastern Asia,23,Trat,Ko Kut,11.65714,102.56694
TH,Thailand,Asia,South-Eastern Asia,23,Trat,Laem Ngop,12.22028,102.36558
TH,Thailand,Asia,South-Eastern Asia,23,Trat,Mueang Trat,12.26667,102.60945
TH,Thailand,Asia,South-Eastern Asia,23,Trat,Trat,12.24364,102.51514
TH,Thailand,Asia,South-Eastern Asia,34,Ubon Ratchathani,Amphoe Det Udom,14.85153,105.07511
TH,Thailand,Asia,South-Eastern Asia,34,Ubon Ratchathani,Amphoe Phibun Mangsahan,15.14589,105.24094
TH,Thailand,Asia,South-Eastern Asia,34,Ubon Ratchathani,Amphoe Sawang Wirawong,15.23439,105.076
TH,Thailand,Asia,South-Eastern Asia,34,Ubon Ratchathani,Amphoe Warin Chamrap,15.12394,104.87499
TH,Thailand,Asia,South-Eastern Asia,34,Ubon Ratchathani,Buntharik,14.70495,105.40444
TH,Thailand,Asia,South-Eastern Asia,34,Ubon Ratchathani,Det Udom,14.90598,105.07836
TH,Thailand,Asia,South-Eastern Asia,34,Ubon Ratchathani,Don Mot Daeng,15.37694,105.02107
TH,Thailand,Asia,South-Eastern Asia,34,Ubon Ratchathani,Khemmarat,15.97114,105.15168
TH,Thailand,Asia,South-Eastern Asia,34,Ubon Ratchathani,Khong Chiam,15.45432,105.50363
TH,Thailand,Asia,South-Eastern Asia,34,Ubon Ratchathani,Khueang Nai,15.39097,104.54363
TH,Thailand,Asia,South-Eastern Asia,34,Ubon Ratchathani,Kut Khaopun,15.81907,105.04066
TH,Thailand,Asia,South-Eastern Asia,34,Ubon Ratchathani,Lao Suea Kok,15.43952,104.91662
TH,Thailand,Asia,South-Eastern Asia,34,Ubon Ratchathani,Muang Sam Sip,15.52637,104.71661
TH,Thailand,Asia,South-Eastern Asia,34,Ubon Ratchathani,Mueang Ubon Ratchathani,15.29662,104.83052
TH,Thailand,Asia,South-Eastern Asia,34,Ubon Ratchathani,Na Chaluai,14.56695,105.22367
TH,Thailand,Asia,South-Eastern Asia,34,Ubon Ratchathani,Na Tan,15.93485,105.28454
TH,Thailand,Asia,South-Eastern Asia,34,Ubon Ratchathani,Na Yia,15.0414,105.05729
TH,Thailand,Asia,South-Eastern Asia,34,Ubon Ratchathani,Nam Khun,14.55508,104.89872
TH,Thailand,Asia,South-Eastern Asia,34,Ubon Ratchathani,Nam Yuen,14.48671,105.00269
TH,Thailand,Asia,South-Eastern Asia,34,Ubon Ratchathani,Phibun Mangsahan,15.24467,105.22908
TH,Thailand,Asia,South-Eastern Asia,34,Ubon Ratchathani,Pho Sai,15.76739,105.34339
TH,Thailand,Asia,South-Eastern Asia,34,Ubon Ratchathani,Samrong,14.98532,104.79139
TH,Thailand,Asia,South-Eastern Asia,34,Ubon Ratchathani,Sawang Wirawong,15.24158,105.0922
TH,Thailand,Asia,South-Eastern Asia,34,Ubon Ratchathani,Si Mueang Mai,15.56297,105.3483
TH,Thailand,Asia,South-Eastern Asia,34,Ubon Ratchathani,Sirindhorn,15.11249,105.42837
TH,Thailand,Asia,South-Eastern Asia,34,Ubon Ratchathani,Tan Sum,15.39035,105.16273
TH,Thailand,Asia,South-Eastern Asia,34,Ubon Ratchathani,Thung Si Udom,14.73936,104.91731
TH,Thailand,Asia,South-Eastern Asia,34,Ubon Ratchathani,Trakan Phuet Phon,15.6136,105.06444
TH,Thailand,Asia,South-Eastern Asia,34,Ubon Ratchathani,Ubon Ratchathani,15.23844,104.84866
TH,Thailand,Asia,South-Eastern Asia,34,Ubon Ratchathani,Warin Chamrap,15.19319,104.8628
TH,Thailand,Asia,South-Eastern Asia,41,Udon Thani,Amphoe Ban Dung,17.71134,103.26729
TH,Thailand,Asia,South-Eastern Asia,41,Udon Thani,Amphoe Kumphawapi,17.09209,102.99395
TH,Thailand,Asia,South-Eastern Asia,41,Udon Thani,Amphoe Kut Chap,17.44009,102.54083
TH,Thailand,Asia,South-Eastern Asia,41,Udon Thani,Amphoe Nam Som,17.74338,102.17328
TH,Thailand,Asia,South-Eastern Asia,41,Udon Thani,Amphoe Nong Wua So,17.18691,102.58986
TH,Thailand,Asia,South-Eastern Asia,41,Udon Thani,Ban Dung,17.699,103.25957
TH,Thailand,Asia,South-Eastern Asia,41,Udon Thani,Ban Nong Wua So,17.2675,103.22472
TH,Thailand,Asia,South-Eastern Asia,41,Udon Thani,Ban Phan Don,17.14272,102.97261
TH,Thailand,Asia,South-Eastern Asia,41,Udon Thani,Ban Phue,17.67709,102.44563
TH,Thailand,Asia,South-Eastern Asia,41,Udon Thani,Chai Wan,17.21581,103.27832
TH,Thailand,Asia,South-Eastern Asia,41,Udon Thani,Ku Kaeo,17.16286,103.16754
TH,Thailand,Asia,South-Eastern Asia,41,Udon Thani,Kumphawapi,17.10875,103.01487
TH,Thailand,Asia,South-Eastern Asia,41,Udon Thani,Kut Chap,17.4257,102.56692
TH,Thailand,Asia,South-Eastern Asia,41,Udon Thani,Mueang Udon Thani,17.39085,102.78912
TH,Thailand,Asia,South-Eastern Asia,41,Udon Thani,Na Yung,17.9347,102.13417
TH,Thailand,Asia,South-Eastern Asia,41,Udon Thani,Nam Som,17.77036,102.18947
TH,Thailand,Asia,South-Eastern Asia,41,Udon Thani,Non Sa-at,16.95002,102.8999
TH,Thailand,Asia,South-Eastern Asia,41,Udon Thani,Nong Han,17.36853,103.1151
TH,Thailand,Asia,South-Eastern Asia,41,Udon Thani,Nong Saeng,17.14166,102.78592
TH,Thailand,Asia,South-Eastern Asia,41,Udon Thani,Nong Wua So,17.16261,102.57272
TH,Thailand,Asia,South-Eastern Asia,41,Udon Thani,Phen,17.66033,102.93052
TH,Thailand,Asia,South-Eastern Asia,41,Udon Thani,Phibun Rak,17.5263,103.07497
TH,Thailand,Asia,South-Eastern Asia,41,Udon Thani,Prachak Sinlapakhom,17.24648,102.98713
TH,Thailand,Asia,South-Eastern Asia,41,Udon Thani,Sang Khom,17.79433,103.05114
TH,Thailand,Asia,South-Eastern Asia,41,Udon Thani,Si That,17.03388,103.23084
TH,Thailand,Asia,South-Eastern Asia,41,Udon Thani,Thung Fon,17.49061,103.22088
TH,Thailand,Asia,South-Eastern Asia,41,Udon Thani,Udon Thani,17.41567,102.78589
TH,Thailand,Asia,South-Eastern Asia,41,Udon Thani,Wang Sam Mo,17.04595,103.46262
TH,Thailand,Asia,South-Eastern Asia,61,Uthai Thani,Amphoe Huai Khot,15.32761,99.51941
TH,Thailand,Asia,South-Eastern Asia,61,Uthai Thani,Amphoe Lan Sak,15.52289,99.4611
TH,Thailand,Asia,South-Eastern Asia,61,Uthai Thani,Amphoe Thap Than,15.49057,99.82224
TH,Thailand,Asia,South-Eastern Asia,61,Uthai Thani,Ban Rai,15.24921,99.32817
TH,Thailand,Asia,South-Eastern Asia,61,Uthai Thani,Huai Khot,15.29095,99.61661
TH,Thailand,Asia,South-Eastern Asia,61,Uthai Thani,Lan Sak,15.45289,99.57606
TH,Thailand,Asia,South-Eastern Asia,61,Uthai Thani,Mueang Uthai Thani,15.40857,100.02794
TH,Thailand,Asia,South-Eastern Asia,61,Uthai Thani,Nong Chang,15.36755,99.77273
TH,Thailand,Asia,South-Eastern Asia,61,Uthai Thani,Nong Khayang,15.34892,99.94706
TH,Thailand,Asia,South-Eastern Asia,61,Uthai Thani,Sawang Arom,15.6025,99.7849
TH,Thailand,Asia,South-Eastern Asia,61,Uthai Thani,Thap Than,15.46063,99.89166
TH,Thailand,Asia,South-Eastern Asia,61,Uthai Thani,Uthai Thani,15.37939,100.0245
TH,Thailand,Asia,South-Eastern Asia,53,Uttaradit,Ban Khok,18.1468,101.0661
TH,Thailand,Asia,South-Eastern Asia,53,Uttaradit,Fak Tha,18.00078,100.88885
TH,Thailand,Asia,South-Eastern Asia,53,Uttaradit,Lap Lae,17.65741,100.01484
TH,Thailand,Asia,South-Eastern Asia,53,Uttaradit,Mueang Uttaradit,17.68138,100.19963
TH,Thailand,Asia,South-Eastern Asia,53,Uttaradit,Nam Pat,17.70025,100.72738
TH,Thailand,Asia,South-Eastern Asia,53,Uttaradit,Phichai,17.30188,100.11281
TH,Thailand,Asia,South-Eastern Asia,53,Uttaradit,Tha Pla,17.85868,100.47061
TH,Thailand,Asia,South-Eastern Asia,53,Uttaradit,Thong Saen Khan,17.4993,100.39658
TH,Thailand,Asia,South-Eastern Asia,53,Uttaradit,Tron,17.47231,100.13467
TH,Thailand,Asia,South-Eastern Asia,53,Uttaradit,Uttaradit,17.62557,100.09421
TH,Thailand,Asia,South-Eastern Asia,95,Yala,Amphoe Betong,5.86362,101.22737
TH,Thailand,Asia,South-Eastern Asia,95,Yala,Bannang Sata,6.25643,101.27852
TH,Thailand,Asia,South-Eastern Asia,95,Yala,Betong,5.77434,101.07231
TH,Thailand,Asia,South-Eastern Asia,95,Yala,Kabang,6.37923,100.98348
TH,Thailand,Asia,South-Eastern Asia,95,Yala,Krong Pinang,6.39932,101.2571
TH,Thailand,Asia,South-Eastern Asia,95,Yala,Mueang Yala,6.54378,101.25105
TH,Thailand,Asia,South-Eastern Asia,95,Yala,Raman,6.48985,101.43442
TH,Thailand,Asia,South-Eastern Asia,95,Yala,Than To,6.08042,101.25941
TH,Thailand,Asia,South-Eastern Asia,95,Yala,Yaha,6.40529,101.12679
TH,Thailand,Asia,South-Eastern Asia,95,Yala,Yala,6.53995,101.28128
TH,Thailand,Asia,South-Eastern Asia,35,Yasothon,Kham Khuan Kaeo,15.67197,104.33372
TH,Thailand,Asia,South-Eastern Asia,35,Yasothon,Kho Wang,15.38164,104.34109
TH,Thailand,Asia,South-Eastern Asia,35,Yasothon,Kut Chum,16.0462,104.30545
TH,Thailand,Asia,South-Eastern Asia,35,Yasothon,Loeng Nok Tha,16.20433,104.51442
TH,Thailand,Asia,South-Eastern Asia,35,Yasothon,Maha Chana Chai,15.51267,104.26104
TH,Thailand,Asia,South-Eastern Asia,35,Yasothon,Mueang Yasothon,15.8555,104.17804
TH,Thailand,Asia,South-Eastern Asia,35,Yasothon,Pa Tio,15.84415,104.39994
TH,Thailand,Asia,South-Eastern Asia,35,Yasothon,Sai Mun,15.97917,104.1907
TH,Thailand,Asia,South-Eastern Asia,35,Yasothon,Thai Charoen,16.07936,104.42778
TH,Thailand,Asia,South-Eastern Asia,35,Yasothon,Yasothon,15.79408,104.1451
TL,Timor-Leste,Asia,South-Eastern Asia,AL,Aileu,Aileu,-8.72806,125.56639
TL,Timor-Leste,Asia,South-Eastern Asia,AL,Aileu,Lequidoe,-8.69139,125.63611
TL,Timor-Leste,Asia,South-Eastern Asia,AL,Aileu,Remexio,-8.61667,125.66667
TL,Timor-Leste,Asia,South-Eastern Asia,AN,Ainaro,Ainaro,-8.99241,125.50816
TL,Timor-Leste,Asia,South-Eastern Asia,AN,Ainaro,Hato-Udo,-9.12036,125.58935
TL,Timor-Leste,Asia,South-Eastern Asia,BA,Baucau,Baguia,-8.62787,126.65743
TL,Timor-Leste,Asia,South-Eastern Asia,BA,Baucau,Baucau,-8.46667,126.45
TL,Timor-Leste,Asia,South-Eastern Asia,BA,Baucau,Baukau,-8.47572,126.45633
TL,Timor-Leste,Asia,South-Eastern Asia,BA,Baucau,Laga,-8.47411,126.59228
TL,Timor-Leste,Asia,South-Eastern Asia,BA,Baucau,Quelicai,-8.60135,126.55904
TL,Timor-Leste,Asia,South-Eastern Asia,BA,Baucau,Vemasse,-8.51036,126.20823
TL,Timor-Leste,Asia,South-Eastern Asia,BA,Baucau,Venilale,-8.64306,126.37833
TL,Timor-Leste,Asia,South-Eastern Asia,BO,Bobonaro,Maliana,-8.99167,125.21972
TL,Timor-Leste,Asia,South-Eastern Asia,CO,Cova Lima,Fatumean,-9.22917,125.03583
TL,Timor-Leste,Asia,South-Eastern Asia,CO,Cova Lima,Fohorem,-9.28361,125.08944
TL,Timor-Leste,Asia,South-Eastern Asia,CO,Cova Lima,Maucatar,-9.21772,125.22981
TL,Timor-Leste,Asia,South-Eastern Asia,CO,Cova Lima,Suai,-9.3,125.25
TL,Timor-Leste,Asia,South-Eastern Asia,CO,Cova Lima,Tilomar,-9.34182,125.10887
TL,Timor-Leste,Asia,South-Eastern Asia,DI,Dili,Atauro Island,-8.26785,125.59699
TL,Timor-Leste,Asia,South-Eastern Asia,DI,Dili,Cristo Rei,-8.52047,125.60837
TL,Timor-Leste,Asia,South-Eastern Asia,DI,Dili,Dili,-8.55861,125.57361
TL,Timor-Leste,Asia,South-Eastern Asia,DI,Dili,Metinaro,-8.53007,125.74163
TL,Timor-Leste,Asia,South-Eastern Asia,ER,Ermera,Ermera Villa,-8.75222,125.39694
TL,Timor-Leste,Asia,South-Eastern Asia,ER,Ermera,Gleno,-8.72389,125.43611
TL,Timor-Leste,Asia,South-Eastern Asia,ER,Ermera,Hatulia,-8.81667,125.31667
TL,Timor-Leste,Asia,South-Eastern Asia,ER,Ermera,Letefoho,-8.83444,125.42639
TL,Timor-Leste,Asia,South-Eastern Asia,ER,Ermera,Railaco,-8.67237,125.42546
TL,Timor-Leste,Asia,South-Eastern Asia,LA,Lautém,Iliomar,-8.70917,126.82833
TL,Timor-Leste,Asia,South-Eastern Asia,LA,Lautém,Lautem,-8.36514,126.90389
TL,Timor-Leste,Asia,South-Eastern Asia,LA,Lautém,Lospalos,-8.52167,126.99833
TL,Timor-Leste,Asia,South-Eastern Asia,LA,Lautém,Luro,-8.54359,126.83003
TL,Timor-Leste,Asia,South-Eastern Asia,LA,Lautém,Tutuala,-8.39597,127.25923
TL,Timor-Leste,Asia,South-Eastern Asia,LI,Liquiçá,Bazartete,-8.62464,125.38168
TL,Timor-Leste,Asia,South-Eastern Asia,LI,Liquiçá,Likisá,-8.5875,125.34194
TL,Timor-Leste,Asia,South-Eastern Asia,LI,Liquiçá,Maubara,-8.61194,125.20611
TL,Timor-Leste,Asia,South-Eastern Asia,MT,Manatuto,Barique,-8.85472,126.06556
TL,Timor-Leste,Asia,South-Eastern Asia,MT,Manatuto,Laclo,-8.55,125.91667
TL,Timor-Leste,Asia,South-Eastern Asia,MT,Manatuto,Laclubar,-8.74975,125.91186
TL,Timor-Leste,Asia,South-Eastern Asia,MT,Manatuto,Manatuto,-8.52207,126.01516
TL,Timor-Leste,Asia,South-Eastern Asia,MT,Manatuto,Manatutu,-8.51139,126.01306
TL,Timor-Leste,Asia,South-Eastern Asia,MT,Manatuto,Soibada,-8.86,125.94
TL,Timor-Leste,Asia,South-Eastern Asia,MF,Manufahi,Alas,-9.0273,125.7868
TL,Timor-Leste,Asia,South-Eastern Asia,MF,Manufahi,Fatuberliu,-8.9479,125.86633
TL,Timor-Leste,Asia,South-Eastern Asia,MF,Manufahi,Same,-9,125.65
TL,Timor-Leste,Asia,South-Eastern Asia,MF,Manufahi,Turiscai,-8.82371,125.70454
TL,Timor-Leste,Asia,South-Eastern Asia,OE,Oecusse,Citrana,-9.33333333,124.08333333
TL,Timor-Leste,Asia,South-Eastern Asia,OE,Oecusse,Nitibe,-9.35,124.23333333
TL,Timor-Leste,Asia,South-Eastern Asia,OE,Oecusse,Oe Silo,-9.3,124.5
TL,Timor-Leste,Asia,South-Eastern Asia,OE,Oecusse,Pante Macassar,-9.2,124.38333333
TL,Timor-Leste,Asia,South-Eastern Asia,OE,Oecusse,Passabe,-9.36416667,124.34333333
TL,Timor-Leste,Asia,South-Eastern Asia,VI,Viqueque,Lacluta,-8.8,126.13333
TL,Timor-Leste,Asia,South-Eastern Asia,VI,Viqueque,Ossu,-8.73477,126.38324
TL,Timor-Leste,Asia,South-Eastern Asia,VI,Viqueque,Uatocarabau,-8.75658,126.6806
TL,Timor-Leste,Asia,South-Eastern Asia,VI,Viqueque,Uatolari,-8.76277,126.57353
TL,Timor-Leste,Asia,South-Eastern Asia,VI,Viqueque,Viqueque,-8.85908,126.36972
VN,Vietnam,Asia,South-Eastern Asia,44,An Giang,Cho Dok,10.7,105.11667
VN,Vietnam,Asia,South-Eastern Asia,44,An Giang,Dương Đông,10.21716,103.95929
VN,Vietnam,Asia,South-Eastern Asia,44,An Giang,Hà Tiên,10.3831,104.48753
VN,Vietnam,Asia,South-Eastern Asia,44,An Giang,Huyện An Biên,9.81291,105.0523
VN,Vietnam,Asia,South-Eastern Asia,44,An Giang,Huyện An Minh,9.66704,104.94848
VN,Vietnam,Asia,South-Eastern Asia,44,An Giang,Huyện An Phú,10.84274,105.0899
VN,Vietnam,Asia,South-Eastern Asia,44,An Giang,Huyện Châu Phú,10.57166,105.16991
VN,Vietnam,Asia,South-Eastern Asia,44,An Giang,Huyện Châu Thành,9.94372,105.16868
VN,Vietnam,Asia,South-Eastern Asia,44,An Giang,Huyện Chợ Mới,10.4773,105.49092
VN,Vietnam,Asia,South-Eastern Asia,44,An Giang,Huyện Giồng Riềng,9.91224,105.37311
VN,Vietnam,Asia,South-Eastern Asia,44,An Giang,Huyện Gò Quao,9.74027,105.29766
VN,Vietnam,Asia,South-Eastern Asia,44,An Giang,Huyện Hòn Đất,10.22908,104.9528
VN,Vietnam,Asia,South-Eastern Asia,44,An Giang,Huyện Kiên Hải,9.83971,104.6156
VN,Vietnam,Asia,South-Eastern Asia,44,An Giang,Huyện Phú Quốc,10.25516,104.01455
VN,Vietnam,Asia,South-Eastern Asia,44,An Giang,Huyện Phú Tân,10.65716,105.28459
VN,Vietnam,Asia,South-Eastern Asia,44,An Giang,Huyện Tân Hiệp,10.0954,105.25936
VN,Vietnam,Asia,South-Eastern Asia,44,An Giang,Huyện Tri Tôn,10.41416,104.96136
VN,Vietnam,Asia,South-Eastern Asia,44,An Giang,Huyện Vĩnh Thuận,9.53306,105.2449
VN,Vietnam,Asia,South-Eastern Asia,44,An Giang,Kien Luong Town,10.24892,104.59
VN,Vietnam,Asia,South-Eastern Asia,44,An Giang,Long Xuyên,10.38639,105.43518
VN,Vietnam,Asia,South-Eastern Asia,44,An Giang,Rạch Giá,10.01245,105.08091
VN,Vietnam,Asia,South-Eastern Asia,56,Bắc Ninh,Bắc Giang,21.27307,106.1946
VN,Vietnam,Asia,South-Eastern Asia,56,Bắc Ninh,Bắc Ninh,21.18608,106.07631
VN,Vietnam,Asia,South-Eastern Asia,56,Bắc Ninh,Cung Kiệm,21.18697,106.16076
VN,Vietnam,Asia,South-Eastern Asia,56,Bắc Ninh,Huyện Gia Bình,21.07795,106.20903
VN,Vietnam,Asia,South-Eastern Asia,56,Bắc Ninh,Huyện Lục Nam,21.27548,106.46519
VN,Vietnam,Asia,South-Eastern Asia,56,Bắc Ninh,Huyện Lục Ngạn,21.43719,106.65845
VN,Vietnam,Asia,South-Eastern Asia,56,Bắc Ninh,Huyện Thuận Thành,21.04085,106.07515
VN,Vietnam,Asia,South-Eastern Asia,56,Bắc Ninh,Huyện Tiên Du,21.12195,106.03995
VN,Vietnam,Asia,South-Eastern Asia,56,Bắc Ninh,Huyện Yên Phong,21.20676,105.99427
VN,Vietnam,Asia,South-Eastern Asia,56,Bắc Ninh,Huyện Yên Thế,21.51667,106.11689
VN,Vietnam,Asia,South-Eastern Asia,59,Cà Mau,Bạc Liêu,9.29414,105.72776
VN,Vietnam,Asia,South-Eastern Asia,59,Cà Mau,Cà Mau,9.17682,105.15242
VN,Vietnam,Asia,South-Eastern Asia,59,Cà Mau,Huyện Cái Nước,9.00094,105.04201
VN,Vietnam,Asia,South-Eastern Asia,59,Cà Mau,Huyện Đầm Dơi,8.96029,105.24107
VN,Vietnam,Asia,South-Eastern Asia,59,Cà Mau,Huyện Giá Rai,9.27162,105.40017
VN,Vietnam,Asia,South-Eastern Asia,59,Cà Mau,Huyện Hồng Dân,9.53822,105.42242
VN,Vietnam,Asia,South-Eastern Asia,59,Cà Mau,Huyen Nam Can,8.81531,105.05574
VN,Vietnam,Asia,South-Eastern Asia,59,Cà Mau,Huyện Thới Bình,9.3579,105.16023
VN,Vietnam,Asia,South-Eastern Asia,CT,Cần Thơ,Cần Thơ,10.11667,105.5
VN,Vietnam,Asia,South-Eastern Asia,CT,Cần Thơ,Cờ Đỏ,10.09472222,105.43194444
VN,Vietnam,Asia,South-Eastern Asia,CT,Cần Thơ,Huyện Châu Thành A,9.93056,105.64194
VN,Vietnam,Asia,South-Eastern Asia,CT,Cần Thơ,Huyện Kế Sách,9.81771,105.9419
VN,Vietnam,Asia,South-Eastern Asia,CT,Cần Thơ,Huyện Long Phú,9.63715,106.08226
VN,Vietnam,Asia,South-Eastern Asia,CT,Cần Thơ,Huyện Mỹ Tú,9.60849,105.80681
VN,Vietnam,Asia,South-Eastern Asia,CT,Cần Thơ,Huyện Mỹ Xuyên,9.442,105.88546
VN,Vietnam,Asia,South-Eastern Asia,CT,Cần Thơ,Huyen Nga Nam,9.56127,105.59476
VN,Vietnam,Asia,South-Eastern Asia,CT,Cần Thơ,Huyện Thạnh Trị,9.46939,105.71196
VN,Vietnam,Asia,South-Eastern Asia,CT,Cần Thơ,Sóc Trăng,9.59995,105.97193
VN,Vietnam,Asia,South-Eastern Asia,CT,Cần Thơ,Thới Lai,10.06305556,105.56083333
VN,Vietnam,Asia,South-Eastern Asia,CT,Cần Thơ,Vị Thanh,9.78449,105.47012
VN,Vietnam,Asia,South-Eastern Asia,CT,Cần Thơ,Vĩnh Thạnh,10.21916667,105.40111111
VN,Vietnam,Asia,South-Eastern Asia,04,Cao Bằng,Cao Bằng,22.66568,106.25786
VN,Vietnam,Asia,South-Eastern Asia,04,Cao Bằng,Huyện Bảo Lac,22.90085,105.73332
VN,Vietnam,Asia,South-Eastern Asia,04,Cao Bằng,Huyện Bảo Lâm,22.87041,105.4878
VN,Vietnam,Asia,South-Eastern Asia,04,Cao Bằng,Huyện Hạ Lang,22.70933,106.67657
VN,Vietnam,Asia,South-Eastern Asia,04,Cao Bằng,Huyện Hà Quảng,22.90763,106.12487
VN,Vietnam,Asia,South-Eastern Asia,04,Cao Bằng,Huyện Nguyên Bình,22.624,105.93248
VN,Vietnam,Asia,South-Eastern Asia,04,Cao Bằng,Huyen Phuc Hoa,22.5384,106.51039
VN,Vietnam,Asia,South-Eastern Asia,04,Cao Bằng,Huyện Thạch An,22.47654,106.34237
VN,Vietnam,Asia,South-Eastern Asia,04,Cao Bằng,Huyện Thông Nông,22.80735,105.95846
VN,Vietnam,Asia,South-Eastern Asia,04,Cao Bằng,Huyện Trà Lĩnh,22.80961,106.32543
VN,Vietnam,Asia,South-Eastern Asia,04,Cao Bằng,Huyện Trùng Khánh,22.83333,106.56074
VN,Vietnam,Asia,South-Eastern Asia,DN,Đà Nẵng,Da Nang,16.06778,108.22083
VN,Vietnam,Asia,South-Eastern Asia,DN,Đà Nẵng,Hội An,15.87944,108.335
VN,Vietnam,Asia,South-Eastern Asia,DN,Đà Nẵng,Huyện Duy Xuyên,15.7897,108.20247
VN,Vietnam,Asia,South-Eastern Asia,DN,Đà Nẵng,Huyện Đại Lộc,15.83721,107.97894
VN,Vietnam,Asia,South-Eastern Asia,DN,Đà Nẵng,Huyện Điện Bàn,15.89917,108.2247
VN,Vietnam,Asia,South-Eastern Asia,DN,Đà Nẵng,Huyện Hiệp Đức,15.53857,108.09539
VN,Vietnam,Asia,South-Eastern Asia,DN,Đà Nẵng,Huyện Nam Giang,15.63201,107.60267
VN,Vietnam,Asia,South-Eastern Asia,DN,Đà Nẵng,Huyện Núi Thành,15.43345,108.57438
VN,Vietnam,Asia,South-Eastern Asia,DN,Đà Nẵng,Huyện Phước Sơn,15.38806,107.85766
VN,Vietnam,Asia,South-Eastern Asia,DN,Đà Nẵng,Huyện Tiên Phước,15.4709,108.28257
VN,Vietnam,Asia,South-Eastern Asia,DN,Đà Nẵng,Huyện Trà My,15.25,108.08333
VN,Vietnam,Asia,South-Eastern Asia,DN,Đà Nẵng,Tam Kỳ,15.57364,108.47403
VN,Vietnam,Asia,South-Eastern Asia,33,Đắk Lắk,Buôn Ma Thuột,12.66747,108.03775
VN,Vietnam,Asia,South-Eastern Asia,33,Đắk Lắk,Huyện Buôn Đôn,12.90396,107.7387
VN,Vietnam,Asia,South-Eastern Asia,33,Đắk Lắk,Huyện Ea H'Leo,13.31814,108.07148
VN,Vietnam,Asia,South-Eastern Asia,33,Đắk Lắk,Huyện Ea Súp,13.18279,107.79954
VN,Vietnam,Asia,South-Eastern Asia,33,Đắk Lắk,Huyện Sơn Hòa,13.15868,108.97281
VN,Vietnam,Asia,South-Eastern Asia,33,Đắk Lắk,Huyện Sông Hinh,12.91667,108.91667
VN,Vietnam,Asia,South-Eastern Asia,33,Đắk Lắk,Sông Cầu,13.4556,109.22348
VN,Vietnam,Asia,South-Eastern Asia,33,Đắk Lắk,Tuy Hòa,13.09546,109.32094
VN,Vietnam,Asia,South-Eastern Asia,71,Điện Biên,Dien Bien Phu,21.38602,103.02301
VN,Vietnam,Asia,South-Eastern Asia,71,Điện Biên,Huyện Điện Biên Đông,21.25266,103.269
VN,Vietnam,Asia,South-Eastern Asia,71,Điện Biên,Huyện Mường Nhé,22.10353,102.58465
VN,Vietnam,Asia,South-Eastern Asia,71,Điện Biên,Huyện Tủa Chùa,21.95357,103.37332
VN,Vietnam,Asia,South-Eastern Asia,71,Điện Biên,Huyện Tuần Giáo,21.69481,103.41758
VN,Vietnam,Asia,South-Eastern Asia,71,Điện Biên,Thị Xã Mưòng Lay,22.03374,103.12331
VN,Vietnam,Asia,South-Eastern Asia,39,Đồng Nai,Biên Hòa,10.94469,106.82432
VN,Vietnam,Asia,South-Eastern Asia,39,Đồng Nai,Bình Long,11.64711,106.60586
VN,Vietnam,Asia,South-Eastern Asia,39,Đồng Nai,Don Luan,11.53495,106.88324
VN,Vietnam,Asia,South-Eastern Asia,39,Đồng Nai,Huyện Bù Đốp,12.00374,106.81545
VN,Vietnam,Asia,South-Eastern Asia,39,Đồng Nai,Huyện Chơn Thành,11.46283,106.66655
VN,Vietnam,Asia,South-Eastern Asia,39,Đồng Nai,Huyện Định Quán,11.21866,107.33959
VN,Vietnam,Asia,South-Eastern Asia,39,Đồng Nai,Huyện Đồng Phú,11.50071,107.01192
VN,Vietnam,Asia,South-Eastern Asia,39,Đồng Nai,Huyện Hớn Quản,11.59718,106.62739
VN,Vietnam,Asia,South-Eastern Asia,39,Đồng Nai,Huyện Long Thành,10.76162,107.02688
VN,Vietnam,Asia,South-Eastern Asia,39,Đồng Nai,Huyện Tân Phú,11.39867,107.39976
VN,Vietnam,Asia,South-Eastern Asia,39,Đồng Nai,Huyện Thống Nhất,10.97764,107.15909
VN,Vietnam,Asia,South-Eastern Asia,39,Đồng Nai,Huyện Trảng Bom,10.96624,107.03614
VN,Vietnam,Asia,South-Eastern Asia,39,Đồng Nai,Huyện Vĩnh Cửu,11.25725,107.02773
VN,Vietnam,Asia,South-Eastern Asia,39,Đồng Nai,Thị Xã Phước Long,11.81142,106.9967
VN,Vietnam,Asia,South-Eastern Asia,45,Đồng Tháp,Cao Lãnh,10.46017,105.63294
VN,Vietnam,Asia,South-Eastern Asia,45,Đồng Tháp,Huyện Cái Bè,10.38824,105.9462
VN,Vietnam,Asia,South-Eastern Asia,45,Đồng Tháp,Huyện Cai Lậy,10.38943,106.06774
VN,Vietnam,Asia,South-Eastern Asia,45,Đồng Tháp,Huyện Châu Thành,10.386,106.27311
VN,Vietnam,Asia,South-Eastern Asia,45,Đồng Tháp,Huyện Chợ Gạo,10.37373,106.44341
VN,Vietnam,Asia,South-Eastern Asia,45,Đồng Tháp,Huyện Gò Công Đông,10.36784,106.74592
VN,Vietnam,Asia,South-Eastern Asia,45,Đồng Tháp,Huyện Gò Công Tây,10.34527,106.59851
VN,Vietnam,Asia,South-Eastern Asia,45,Đồng Tháp,Huyện Lai Vung,10.24051,105.66327
VN,Vietnam,Asia,South-Eastern Asia,45,Đồng Tháp,Huyện Lấp Vò,10.35918,105.60611
VN,Vietnam,Asia,South-Eastern Asia,45,Đồng Tháp,Huyện Tam Nông,10.72761,105.52522
VN,Vietnam,Asia,South-Eastern Asia,45,Đồng Tháp,Huyện Tân Hồng,10.87089,105.49104
VN,Vietnam,Asia,South-Eastern Asia,45,Đồng Tháp,Huyện Tân Phước,10.51489,106.23312
VN,Vietnam,Asia,South-Eastern Asia,45,Đồng Tháp,Huyện Thanh Bình,10.60137,105.47811
VN,Vietnam,Asia,South-Eastern Asia,45,Đồng Tháp,Huyện Tháp Mười,10.54398,105.81875
VN,Vietnam,Asia,South-Eastern Asia,45,Đồng Tháp,Mỹ Tho,10.36004,106.35996
VN,Vietnam,Asia,South-Eastern Asia,45,Đồng Tháp,Sa Dec,10.29085,105.75635
VN,Vietnam,Asia,South-Eastern Asia,45,Đồng Tháp,Thành Phố Mỹ Tho,10.36221,106.36824
VN,Vietnam,Asia,South-Eastern Asia,45,Đồng Tháp,Thị Trấn Tân Thành,10.25616,105.5928
VN,Vietnam,Asia,South-Eastern Asia,45,Đồng Tháp,Thị Xã Gò Công,10.40005,106.65847
VN,Vietnam,Asia,South-Eastern Asia,30,Gia Lai,Huyện An Lão,14.55676,108.801
VN,Vietnam,Asia,South-Eastern Asia,30,Gia Lai,Huyện Chư Păh,14.15941,107.98411
VN,Vietnam,Asia,South-Eastern Asia,30,Gia Lai,Huyện Chư Prông,13.59976,107.81099
VN,Vietnam,Asia,South-Eastern Asia,30,Gia Lai,Huyện Chư Sê,13.74254,108.08663
VN,Vietnam,Asia,South-Eastern Asia,30,Gia Lai,Huyện Đức Cơ,13.78454,107.6697
VN,Vietnam,Asia,South-Eastern Asia,30,Gia Lai,Huyện Hoài Nhơn,14.50535,109.02315
VN,Vietnam,Asia,South-Eastern Asia,30,Gia Lai,Huyện Ia Grai,13.98937,107.7374
VN,Vietnam,Asia,South-Eastern Asia,30,Gia Lai,Huyện KBang,14.30506,108.49779
VN,Vietnam,Asia,South-Eastern Asia,30,Gia Lai,Huyện Kông Chro,13.73519,108.59697
VN,Vietnam,Asia,South-Eastern Asia,30,Gia Lai,Huyện Krông Pa,13.23152,108.65494
VN,Vietnam,Asia,South-Eastern Asia,30,Gia Lai,Huyện Mang Yang,13.9284,108.30246
VN,Vietnam,Asia,South-Eastern Asia,30,Gia Lai,Huyện Phù Mỹ,14.22304,109.08611
VN,Vietnam,Asia,South-Eastern Asia,30,Gia Lai,Huyện Tây Sơn,13.94306,108.87999
VN,Vietnam,Asia,South-Eastern Asia,30,Gia Lai,Huyện Tuy Phước,13.84564,109.15275
VN,Vietnam,Asia,South-Eastern Asia,30,Gia Lai,Huyện Vĩnh Thạnh,14.211,108.74389
VN,Vietnam,Asia,South-Eastern Asia,30,Gia Lai,Pleiku,13.98333,108
VN,Vietnam,Asia,South-Eastern Asia,30,Gia Lai,Qui Nhon,13.77648,109.22367
VN,Vietnam,Asia,South-Eastern Asia,HN,Hà Nội,Ba Đình,21.0348233,105.808547
VN,Vietnam,Asia,South-Eastern Asia,HN,Hà Nội,Ba Vì,21.1559059,105.2146361
VN,Vietnam,Asia,South-Eastern Asia,HN,Hà Nội,Bắc Từ Liêm,21.0714868,105.7199226
VN,Vietnam,Asia,South-Eastern Asia,HN,Hà Nội,Cầu Giấy,21.0302216,105.7494733
VN,Vietnam,Asia,South-Eastern Asia,HN,Hà Nội,Chương Mỹ,20.8786344,105.5731324
VN,Vietnam,Asia,South-Eastern Asia,HN,Hà Nội,Đan Phượng,21.1207337,105.5991076
VN,Vietnam,Asia,South-Eastern Asia,HN,Hà Nội,Đông Anh,21.1368331,105.7475324
VN,Vietnam,Asia,South-Eastern Asia,HN,Hà Nội,Đống Đa,21.0146601,105.7995514
VN,Vietnam,Asia,South-Eastern Asia,HN,Hà Nội,Gia Lâm,21.0240579,105.7853473
VN,Vietnam,Asia,South-Eastern Asia,HN,Hà Nội,Hà Đông,20.9539496,105.7136901
VN,Vietnam,Asia,South-Eastern Asia,HN,Hà Nội,Hai Bà Trưng,21.0067597,105.8412663
VN,Vietnam,Asia,South-Eastern Asia,HN,Hà Nội,Hoài Đức,21.0230026,105.6121945
VN,Vietnam,Asia,South-Eastern Asia,HN,Hà Nội,Hoàn Kiếm,21.0304457,105.8335861
VN,Vietnam,Asia,South-Eastern Asia,HN,Hà Nội,Hoàng Mai,20.9740471,105.817047
VN,Vietnam,Asia,South-Eastern Asia,HN,Hà Nội,Long Biên,21.0380317,105.8490984
VN,Vietnam,Asia,South-Eastern Asia,HN,Hà Nội,Mê Linh,21.1807846,105.6211298
VN,Vietnam,Asia,South-Eastern Asia,HN,Hà Nội,Mỹ Đức,20.6974544,105.5658285
VN,Vietnam,Asia,South-Eastern Asia,HN,Hà Nội,Nam Từ Liêm,21.0178909,105.7210868
VN,Vietnam,Asia,South-Eastern Asia,HN,Hà Nội,Phú Xuyên,20.7290054,105.8149112
VN,Vietnam,Asia,South-Eastern Asia,HN,Hà Nội,Phúc Thọ,21.109931,105.5005913
VN,Vietnam,Asia,South-Eastern Asia,HN,Hà Nội,Quốc Oai,20.978456,105.4380093
VN,Vietnam,Asia,South-Eastern Asia,HN,Hà Nội,Sóc Sơn,21.2813931,105.6661888
VN,Vietnam,Asia,South-Eastern Asia,HN,Hà Nội,Sơn Tây,21.0968334,105.3938595
VN,Vietnam,Asia,South-Eastern Asia,HN,Hà Nội,Tây Hồ,21.0688219,105.7792043
VN,Vietnam,Asia,South-Eastern Asia,HN,Hà Nội,Thạch Thất,21.0240883,105.351025
VN,Vietnam,Asia,South-Eastern Asia,HN,Hà Nội,Thanh Oai,20.860027,105.7015836
VN,Vietnam,Asia,South-Eastern Asia,HN,Hà Nội,Thanh Trì,20.9417602,105.7682179
VN,Vietnam,Asia,South-Eastern Asia,HN,Hà Nội,Thanh Xuân,20.9948255,105.7969604
VN,Vietnam,Asia,South-Eastern Asia,HN,Hà Nội,Thường Tín,20.8322342,105.7919213
VN,Vietnam,Asia,South-Eastern Asia,HN,Hà Nội,Ứng Hòa,20.7109791,105.6364852
VN,Vietnam,Asia,South-Eastern Asia,23,Hà Tĩnh,Hà Tĩnh,18.34282,105.90569
VN,Vietnam,Asia,South-Eastern Asia,23,Hà Tĩnh,Huyện Cẩm Xuyên,18.19059,106.00186
VN,Vietnam,Asia,South-Eastern Asia,23,Hà Tĩnh,Huyện Can Lộc,18.44414,105.7635
VN,Vietnam,Asia,South-Eastern Asia,23,Hà Tĩnh,Huyện Ðức Thọ,18.49699,105.61016
VN,Vietnam,Asia,South-Eastern Asia,23,Hà Tĩnh,Huyện Kỳ Anh,18.05805,106.2458
VN,Vietnam,Asia,South-Eastern Asia,23,Hà Tĩnh,Huyện Nghi Xuân,18.62419,105.76829
VN,Vietnam,Asia,South-Eastern Asia,23,Hà Tĩnh,Huyện Thạch Hà,18.35091,105.81123
VN,Vietnam,Asia,South-Eastern Asia,HP,Hải Phòng,Cát Bà,20.72779,107.04819
VN,Vietnam,Asia,South-Eastern Asia,HP,Hải Phòng,Hải Dương,20.94099,106.33302
VN,Vietnam,Asia,South-Eastern Asia,HP,Hải Phòng,Haiphong,20.86481,106.68345
VN,Vietnam,Asia,South-Eastern Asia,HP,Hải Phòng,Huyện Bình Giang,20.87586,106.19138
VN,Vietnam,Asia,South-Eastern Asia,HP,Hải Phòng,Huyện Cẩm Giàng,20.95,106.21667
VN,Vietnam,Asia,South-Eastern Asia,HP,Hải Phòng,Huyện Gia Lộc,20.85164,106.2913
VN,Vietnam,Asia,South-Eastern Asia,HP,Hải Phòng,Huyện Kinh Môn,21.01634,106.50384
VN,Vietnam,Asia,South-Eastern Asia,HP,Hải Phòng,Huyện Nam Sách,21.00484,106.34042
VN,Vietnam,Asia,South-Eastern Asia,HP,Hải Phòng,Huyện Thanh Miện,20.77953,106.22218
VN,Vietnam,Asia,South-Eastern Asia,HP,Hải Phòng,Thị Xã Chí Linh,21.13722,106.39638
VN,Vietnam,Asia,South-Eastern Asia,SG,Hồ Chí Minh,Cần Giờ,10.41115,106.95474
VN,Vietnam,Asia,South-Eastern Asia,SG,Hồ Chí Minh,Côn Sơn,8.68641,106.60824
VN,Vietnam,Asia,South-Eastern Asia,SG,Hồ Chí Minh,Củ Chi,10.97333,106.49325
VN,Vietnam,Asia,South-Eastern Asia,SG,Hồ Chí Minh,Dĩ An,10.90682,106.7694
VN,Vietnam,Asia,South-Eastern Asia,SG,Hồ Chí Minh,Ho Chi Minh City,10.82302,106.62965
VN,Vietnam,Asia,South-Eastern Asia,SG,Hồ Chí Minh,Huyện Châu Đức,10.65805,107.25098
VN,Vietnam,Asia,South-Eastern Asia,SG,Hồ Chí Minh,Huyện Đất Đỏ,10.48025,107.27879
VN,Vietnam,Asia,South-Eastern Asia,SG,Hồ Chí Minh,Huyện Tân Thành,10.57381,107.10189
VN,Vietnam,Asia,South-Eastern Asia,SG,Hồ Chí Minh,Huyện Xuyên Mộc,10.63048,107.46568
VN,Vietnam,Asia,South-Eastern Asia,SG,Hồ Chí Minh,Thành Phố Vũng Tàu,10.40239,107.14239
VN,Vietnam,Asia,South-Eastern Asia,SG,Hồ Chí Minh,Thị Xã Phú Mỹ,10.56815,107.12999
VN,Vietnam,Asia,South-Eastern Asia,SG,Hồ Chí Minh,Thủ Dầu Một,10.9804,106.6519
VN,Vietnam,Asia,South-Eastern Asia,SG,Hồ Chí Minh,Vũng Tàu,10.34599,107.08426
VN,Vietnam,Asia,South-Eastern Asia,66,Hưng Yên,Hưng Yên,20.64637,106.05112
VN,Vietnam,Asia,South-Eastern Asia,66,Hưng Yên,Huyện Ân Thi,20.81086,106.09995
VN,Vietnam,Asia,South-Eastern Asia,66,Hưng Yên,Huyện Ðông Hưng,20.54388,106.3409
VN,Vietnam,Asia,South-Eastern Asia,66,Hưng Yên,Huyện Hưng Hà,20.59464,106.2123
VN,Vietnam,Asia,South-Eastern Asia,66,Hưng Yên,Huyện Khoái Châu,20.8217,105.97455
VN,Vietnam,Asia,South-Eastern Asia,66,Hưng Yên,Huyện Kiến Xương,20.40081,106.42032
VN,Vietnam,Asia,South-Eastern Asia,66,Hưng Yên,Huyện Kim Động,20.74645,106.03632
VN,Vietnam,Asia,South-Eastern Asia,66,Hưng Yên,Huyện Mỹ Hào,20.9321,106.1063
VN,Vietnam,Asia,South-Eastern Asia,66,Hưng Yên,Huyện Phù Cừ,20.70997,106.19744
VN,Vietnam,Asia,South-Eastern Asia,66,Hưng Yên,Huyện Quỳnh Phụ,20.65095,106.36359
VN,Vietnam,Asia,South-Eastern Asia,66,Hưng Yên,Huyện Thái Thụy,20.53916,106.51688
VN,Vietnam,Asia,South-Eastern Asia,66,Hưng Yên,Huyện Tiền Hải,20.38465,106.52882
VN,Vietnam,Asia,South-Eastern Asia,66,Hưng Yên,Huyện Tiên Lữ,20.6849,106.12513
VN,Vietnam,Asia,South-Eastern Asia,66,Hưng Yên,Huyện Vũ Thư,20.43732,106.26529
VN,Vietnam,Asia,South-Eastern Asia,66,Hưng Yên,Thái Bình,20.45,106.34002
VN,Vietnam,Asia,South-Eastern Asia,34,Khánh Hòa,Cam Ranh,11.92144,109.15913
VN,Vietnam,Asia,South-Eastern Asia,34,Khánh Hòa,Huyện Diên Khánh,12.27341,109.0389
VN,Vietnam,Asia,South-Eastern Asia,34,Khánh Hòa,Huyện Khánh Sơn,12.02858,108.90814
VN,Vietnam,Asia,South-Eastern Asia,34,Khánh Hòa,Huyện Khánh Vĩnh,12.30593,108.83073
VN,Vietnam,Asia,South-Eastern Asia,34,Khánh Hòa,Huyện Vạn Ninh,12.72344,109.24586
VN,Vietnam,Asia,South-Eastern Asia,34,Khánh Hòa,Nha Trang,12.24507,109.19432
VN,Vietnam,Asia,South-Eastern Asia,34,Khánh Hòa,Phan Rang-Tháp Chàm,11.56432,108.98858
VN,Vietnam,Asia,South-Eastern Asia,34,Khánh Hòa,Thành Phố Cam Ranh,11.90707,109.14861
VN,Vietnam,Asia,South-Eastern Asia,34,Khánh Hòa,Thành Phố Nha Trang,12.25458,109.16655
VN,Vietnam,Asia,South-Eastern Asia,34,Khánh Hòa,Thị Xã Ninh Hòa,12.53796,109.06057
VN,Vietnam,Asia,South-Eastern Asia,01,Lai Châu,Huyện Mưòng Tè,22.37443,102.73835
VN,Vietnam,Asia,South-Eastern Asia,01,Lai Châu,Huyện Tam Đường,22.35391,103.59342
VN,Vietnam,Asia,South-Eastern Asia,01,Lai Châu,Huyện Than Uyên,21.91424,103.82857
VN,Vietnam,Asia,South-Eastern Asia,35,Lâm Đồng,Bảo Lộc,11.54798,107.80772
VN,Vietnam,Asia,South-Eastern Asia,35,Lâm Đồng,Đam Rong,12.05409,108.14941
VN,Vietnam,Asia,South-Eastern Asia,35,Lâm Đồng,Đinh Văn,11.78624,108.24282
VN,Vietnam,Asia,South-Eastern Asia,35,Lâm Đồng,Đưc Trọng,11.73559,108.3733
VN,Vietnam,Asia,South-Eastern Asia,35,Lâm Đồng,Ðà Lạt,11.94646,108.44193
VN,Vietnam,Asia,South-Eastern Asia,35,Lâm Đồng,Huyện Bắc Bình,11.27571,108.38506
VN,Vietnam,Asia,South-Eastern Asia,35,Lâm Đồng,Huyện Bảo Lâm,11.71163,107.75338
VN,Vietnam,Asia,South-Eastern Asia,35,Lâm Đồng,Huyện Cư Jút,12.69591,107.76316
VN,Vietnam,Asia,South-Eastern Asia,35,Lâm Đồng,Huyện Đạ Huoai,11.42465,107.63825
VN,Vietnam,Asia,South-Eastern Asia,35,Lâm Đồng,Huyện Đạ Tẻh,11.58446,107.52792
VN,Vietnam,Asia,South-Eastern Asia,35,Lâm Đồng,Huyện Đắk R’Lấp,11.8799,107.52244
VN,Vietnam,Asia,South-Eastern Asia,35,Lâm Đồng,Huyện Đơn Dương,11.75308,108.55397
VN,Vietnam,Asia,South-Eastern Asia,35,Lâm Đồng,Huyện Đức Trọng,11.62686,108.3533
VN,Vietnam,Asia,South-Eastern Asia,35,Lâm Đồng,Huyện Hàm Tân,10.76856,107.64233
VN,Vietnam,Asia,South-Eastern Asia,35,Lâm Đồng,Huyện Hàm Thuận Bắc,11.14703,108.08172
VN,Vietnam,Asia,South-Eastern Asia,35,Lâm Đồng,Huyện Hàm Thuận Nam,10.92101,107.93325
VN,Vietnam,Asia,South-Eastern Asia,35,Lâm Đồng,Huyện Krông Nô,12.36285,107.83445
VN,Vietnam,Asia,South-Eastern Asia,35,Lâm Đồng,Huyện Lâm Hà,11.8189,108.21215
VN,Vietnam,Asia,South-Eastern Asia,35,Lâm Đồng,Huyện Tánh Linh,11.11367,107.68427
VN,Vietnam,Asia,South-Eastern Asia,35,Lâm Đồng,Huyện Tuy Phong,11.34746,108.70466
VN,Vietnam,Asia,South-Eastern Asia,35,Lâm Đồng,La Gi,10.65993,107.77206
VN,Vietnam,Asia,South-Eastern Asia,35,Lâm Đồng,Phan Thiết,10.92889,108.10208
VN,Vietnam,Asia,South-Eastern Asia,35,Lâm Đồng,Thành Phố Phan Thiết,10.937,108.15778
VN,Vietnam,Asia,South-Eastern Asia,09,Lạng Sơn,Huyện Bắc Sơn,21.83801,106.2769
VN,Vietnam,Asia,South-Eastern Asia,09,Lạng Sơn,Huyện Bình Gia,22.07281,106.3041
VN,Vietnam,Asia,South-Eastern Asia,09,Lạng Sơn,Huyện Cao Lộc,21.89857,106.85435
VN,Vietnam,Asia,South-Eastern Asia,09,Lạng Sơn,Huyện Chi Lăng,21.67602,106.62925
VN,Vietnam,Asia,South-Eastern Asia,09,Lạng Sơn,Huyện Đình Lập,21.5421,107.12925
VN,Vietnam,Asia,South-Eastern Asia,09,Lạng Sơn,Huyện Hũu Lũng,21.54474,106.34386
VN,Vietnam,Asia,South-Eastern Asia,09,Lạng Sơn,Huyện Vặn Quan,21.83333,106.54942
VN,Vietnam,Asia,South-Eastern Asia,09,Lạng Sơn,Lạng Sơn,21.85264,106.76101
VN,Vietnam,Asia,South-Eastern Asia,02,Lào Cai,Huyện Bắc Hà,22.50998,104.30769
VN,Vietnam,Asia,South-Eastern Asia,02,Lào Cai,Huyện Bảo Yên,22.26109,104.46424
VN,Vietnam,Asia,South-Eastern Asia,02,Lào Cai,Huyện Bát Xát,22.56767,103.71339
VN,Vietnam,Asia,South-Eastern Asia,02,Lào Cai,Huyện Lục Yên,22.10235,104.72538
VN,Vietnam,Asia,South-Eastern Asia,02,Lào Cai,Huyện Mù Cang Chải,21.78815,104.11998
VN,Vietnam,Asia,South-Eastern Asia,02,Lào Cai,Huyện Mường Khương,22.67111,104.11772
VN,Vietnam,Asia,South-Eastern Asia,02,Lào Cai,Huyện Sa Pa,22.33769,103.84037
VN,Vietnam,Asia,South-Eastern Asia,02,Lào Cai,Huyện Si Ma Cai,22.67161,104.27326
VN,Vietnam,Asia,South-Eastern Asia,02,Lào Cai,Huyện Trạm Tấu,21.48553,104.42756
VN,Vietnam,Asia,South-Eastern Asia,02,Lào Cai,Huyện Trấn Yên,21.66586,104.79702
VN,Vietnam,Asia,South-Eastern Asia,02,Lào Cai,Huyện Văn Bàn,22.07002,104.18122
VN,Vietnam,Asia,South-Eastern Asia,02,Lào Cai,Huyện Văn Chấn,21.55722,104.64038
VN,Vietnam,Asia,South-Eastern Asia,02,Lào Cai,Huyện Văn Yên,21.90022,104.56669
VN,Vietnam,Asia,South-Eastern Asia,02,Lào Cai,Lào Cai,22.48556,103.97066
VN,Vietnam,Asia,South-Eastern Asia,02,Lào Cai,Lao Chải,22.31377,103.86844
VN,Vietnam,Asia,South-Eastern Asia,02,Lào Cai,Sa Pa,22.34023,103.84415
VN,Vietnam,Asia,South-Eastern Asia,02,Lào Cai,Yên Bái,21.72288,104.9113
VN,Vietnam,Asia,South-Eastern Asia,22,Nghệ An,Huyện Anh Sơn,18.92902,105.08294
VN,Vietnam,Asia,South-Eastern Asia,22,Nghệ An,Huyện Con Cuông,19.03898,104.80353
VN,Vietnam,Asia,South-Eastern Asia,22,Nghệ An,Huyện Diễn Châu,18.98892,105.57625
VN,Vietnam,Asia,South-Eastern Asia,22,Nghệ An,Huyện Đô Lương,18.89259,105.34027
VN,Vietnam,Asia,South-Eastern Asia,22,Nghệ An,Huyện Hưng Nguyên,18.67811,105.62523
VN,Vietnam,Asia,South-Eastern Asia,22,Nghệ An,Huyện Kỳ Sơn,19.42397,104.22199
VN,Vietnam,Asia,South-Eastern Asia,22,Nghệ An,Huyện Nam Đàn,18.67041,105.52575
VN,Vietnam,Asia,South-Eastern Asia,22,Nghệ An,Huyện Nghi Lộc,18.83131,105.62411
VN,Vietnam,Asia,South-Eastern Asia,22,Nghệ An,Huyện Nghĩa Đàn,19.38234,105.44072
VN,Vietnam,Asia,South-Eastern Asia,22,Nghệ An,Huyện Quế Phong,19.70177,104.87913
VN,Vietnam,Asia,South-Eastern Asia,22,Nghệ An,Huyện Quỳ Châu,19.55707,105.09173
VN,Vietnam,Asia,South-Eastern Asia,22,Nghệ An,Huyện Quỳ Hợp,19.32514,105.16009
VN,Vietnam,Asia,South-Eastern Asia,22,Nghệ An,Huyện Quỳnh Lưu,19.22717,105.64354
VN,Vietnam,Asia,South-Eastern Asia,22,Nghệ An,Huyện Thanh Chương,18.73929,105.24053
VN,Vietnam,Asia,South-Eastern Asia,22,Nghệ An,Huyện Tương Dương,19.30979,104.57788
VN,Vietnam,Asia,South-Eastern Asia,22,Nghệ An,Huyện Yên Thành,19.02724,105.43649
VN,Vietnam,Asia,South-Eastern Asia,22,Nghệ An,Vinh,18.67337,105.69232
VN,Vietnam,Asia,South-Eastern Asia,22,Nghệ An,Yên Vinh,18.66667,105.66667
VN,Vietnam,Asia,South-Eastern Asia,18,Ninh Bình,Huyện Bình Lục,20.50126,106.02959
VN,Vietnam,Asia,South-Eastern Asia,18,Ninh Bình,Huyện Duy Tiên,20.62803,105.96193
VN,Vietnam,Asia,South-Eastern Asia,18,Ninh Bình,Huyện Giao Thủy,20.25706,106.46245
VN,Vietnam,Asia,South-Eastern Asia,18,Ninh Bình,Huyện Hải Hậu,20.15057,106.27161
VN,Vietnam,Asia,South-Eastern Asia,18,Ninh Bình,Huyện Hoa Lư,20.25391,105.90789
VN,Vietnam,Asia,South-Eastern Asia,18,Ninh Bình,Huyện Kim Bảng,20.57254,105.85043
VN,Vietnam,Asia,South-Eastern Asia,18,Ninh Bình,Huyện Kim Sơn,20.06034,106.09863
VN,Vietnam,Asia,South-Eastern Asia,18,Ninh Bình,Huyện Lý Nhân,20.56422,106.09455
VN,Vietnam,Asia,South-Eastern Asia,18,Ninh Bình,Huyện Mỹ Lộc,20.46079,106.12319
VN,Vietnam,Asia,South-Eastern Asia,18,Ninh Bình,Huyện Nam Trực,20.34106,106.20821
VN,Vietnam,Asia,South-Eastern Asia,18,Ninh Bình,Huyện Nghĩa Hưng,20.10598,106.17345
VN,Vietnam,Asia,South-Eastern Asia,18,Ninh Bình,Huyện Nho Quan,20.27606,105.75442
VN,Vietnam,Asia,South-Eastern Asia,18,Ninh Bình,Huyện Thanh Liêm,20.46249,105.921
VN,Vietnam,Asia,South-Eastern Asia,18,Ninh Bình,Huyện Trực Ninh,20.2569,106.24582
VN,Vietnam,Asia,South-Eastern Asia,18,Ninh Bình,Huyện Vụ Bản,20.37705,106.09707
VN,Vietnam,Asia,South-Eastern Asia,18,Ninh Bình,Huyện Ý Yên,20.31669,106.02327
VN,Vietnam,Asia,South-Eastern Asia,18,Ninh Bình,Huyện Yên Khánh,20.19017,106.09605
VN,Vietnam,Asia,South-Eastern Asia,18,Ninh Bình,Huyện Yên Mô,20.12984,106.00199
VN,Vietnam,Asia,South-Eastern Asia,18,Ninh Bình,Nam Định,20.43389,106.17729
VN,Vietnam,Asia,South-Eastern Asia,18,Ninh Bình,Ninh Bình,20.25809,105.97965
VN,Vietnam,Asia,South-Eastern Asia,18,Ninh Bình,Phủ Lý,20.54531,105.91221
VN,Vietnam,Asia,South-Eastern Asia,68,Phú Thọ,Hòa Bình,20.81717,105.33759
VN,Vietnam,Asia,South-Eastern Asia,68,Phú Thọ,Huyện Bình Xuyên,21.30561,105.66225
VN,Vietnam,Asia,South-Eastern Asia,68,Phú Thọ,Huyện Cẩm Khê,21.40683,105.09845
VN,Vietnam,Asia,South-Eastern Asia,68,Phú Thọ,Huyện Cao Phong,20.69532,105.33559
VN,Vietnam,Asia,South-Eastern Asia,68,Phú Thọ,Huyện Đoan Hùng,21.61776,105.1611
VN,Vietnam,Asia,South-Eastern Asia,68,Phú Thọ,Huyện Hạ Hòa,21.57763,104.99464
VN,Vietnam,Asia,South-Eastern Asia,68,Phú Thọ,Huyện Kỳ Sơn,20.89631,105.39659
VN,Vietnam,Asia,South-Eastern Asia,68,Phú Thọ,Huyện Lạc Thủy,20.49794,105.74092
VN,Vietnam,Asia,South-Eastern Asia,68,Phú Thọ,Huyen Lam Thao,21.29971,105.31119
VN,Vietnam,Asia,South-Eastern Asia,68,Phú Thọ,Huyện Lương Sơn,20.8765,105.51219
VN,Vietnam,Asia,South-Eastern Asia,68,Phú Thọ,Huyện Tam Dương,21.36189,105.5569
VN,Vietnam,Asia,South-Eastern Asia,68,Phú Thọ,Huyện Tam Đảo,21.4569,105.5946
VN,Vietnam,Asia,South-Eastern Asia,68,Phú Thọ,Huyện Tân Lạc,20.60557,105.23399
VN,Vietnam,Asia,South-Eastern Asia,68,Phú Thọ,Huyện Thanh Ba,21.47816,105.15881
VN,Vietnam,Asia,South-Eastern Asia,68,Phú Thọ,Huyện Yên Lạc,21.21845,105.57586
VN,Vietnam,Asia,South-Eastern Asia,68,Phú Thọ,Huyện Yên Lập,21.35569,105.00493
VN,Vietnam,Asia,South-Eastern Asia,68,Phú Thọ,Thành Phố Việt Trì,21.32958,105.39217
VN,Vietnam,Asia,South-Eastern Asia,68,Phú Thọ,Thị xã Phú Thọ,21.41664,105.23636
VN,Vietnam,Asia,South-Eastern Asia,68,Phú Thọ,Việt Trì,21.32274,105.40198
VN,Vietnam,Asia,South-Eastern Asia,68,Phú Thọ,Vĩnh Yên,21.30891,105.60489
VN,Vietnam,Asia,South-Eastern Asia,29,Quảng Ngãi,Huyện Ba Tơ,14.73973,108.69326
VN,Vietnam,Asia,South-Eastern Asia,29,Quảng Ngãi,Huyện Bình Sơn,15.31899,108.76383
VN,Vietnam,Asia,South-Eastern Asia,29,Quảng Ngãi,Huyện Đắk Glei,15.11358,107.75093
VN,Vietnam,Asia,South-Eastern Asia,29,Quảng Ngãi,Huyện Đắk Hà,14.60326,107.98547
VN,Vietnam,Asia,South-Eastern Asia,29,Quảng Ngãi,Huyện Đắk Tô,14.70087,107.80816
VN,Vietnam,Asia,South-Eastern Asia,29,Quảng Ngãi,Huyện Đức Phổ,14.78,108.97857
VN,Vietnam,Asia,South-Eastern Asia,29,Quảng Ngãi,Huyện Ia H'Drai,14.06032,107.46243
VN,Vietnam,Asia,South-Eastern Asia,29,Quảng Ngãi,Huyện Kon Plông,14.7562,108.32057
VN,Vietnam,Asia,South-Eastern Asia,29,Quảng Ngãi,Huyện Lý Sơn,15.40608,109.09707
VN,Vietnam,Asia,South-Eastern Asia,29,Quảng Ngãi,Huyện Minh Long,14.95375,108.67724
VN,Vietnam,Asia,South-Eastern Asia,29,Quảng Ngãi,Huyện Mộ Đức,14.95515,108.88841
VN,Vietnam,Asia,South-Eastern Asia,29,Quảng Ngãi,Huyện Nghĩa Hành,14.98712,108.80036
VN,Vietnam,Asia,South-Eastern Asia,29,Quảng Ngãi,Huyện Ngọc Hồi,14.7194,107.62636
VN,Vietnam,Asia,South-Eastern Asia,29,Quảng Ngãi,Huyện Sa Thầy,14.3205,107.59862
VN,Vietnam,Asia,South-Eastern Asia,29,Quảng Ngãi,Huyện Sơn Hà,14.98427,108.53643
VN,Vietnam,Asia,South-Eastern Asia,29,Quảng Ngãi,Huyện Sơn Tây,14.96392,108.36419
VN,Vietnam,Asia,South-Eastern Asia,29,Quảng Ngãi,Huyện Sơn Tịnh,15.1909,108.74295
VN,Vietnam,Asia,South-Eastern Asia,29,Quảng Ngãi,Huyện Trà Bồng,15.23752,108.52633
VN,Vietnam,Asia,South-Eastern Asia,29,Quảng Ngãi,Huyện Tư Nghĩa,15.09499,108.77053
VN,Vietnam,Asia,South-Eastern Asia,29,Quảng Ngãi,Kon Tum,14.35451,108.00759
VN,Vietnam,Asia,South-Eastern Asia,29,Quảng Ngãi,Quảng Ngãi,15.12047,108.79232
VN,Vietnam,Asia,South-Eastern Asia,13,Quảng Ninh,Cẩm Phả,21.01004,107.27345
VN,Vietnam,Asia,South-Eastern Asia,13,Quảng Ninh,Cẩm Phả Mines,21.01667,107.3
VN,Vietnam,Asia,South-Eastern Asia,13,Quảng Ninh,Hạ Long,20.95045,107.07336
VN,Vietnam,Asia,South-Eastern Asia,13,Quảng Ninh,Huyện Ba Chẽ,21.29503,107.19298
VN,Vietnam,Asia,South-Eastern Asia,13,Quảng Ninh,Huyện Bình Liêu,21.54389,107.44047
VN,Vietnam,Asia,South-Eastern Asia,13,Quảng Ninh,Huyện Cô Tô,21.05418,107.80698
VN,Vietnam,Asia,South-Eastern Asia,13,Quảng Ninh,Huyện Đầm Hà,21.39689,107.56175
VN,Vietnam,Asia,South-Eastern Asia,13,Quảng Ninh,Huyện Đông Triều,21.11043,106.59662
VN,Vietnam,Asia,South-Eastern Asia,13,Quảng Ninh,Huyện Hải Hà,21.49537,107.6679
VN,Vietnam,Asia,South-Eastern Asia,13,Quảng Ninh,Huyện Hoành Bồ,21.11888,107.03149
VN,Vietnam,Asia,South-Eastern Asia,13,Quảng Ninh,Huyện Tiên Yên,21.37571,107.37468
VN,Vietnam,Asia,South-Eastern Asia,13,Quảng Ninh,Huyện Vân Đồn,21.04921,107.50971
VN,Vietnam,Asia,South-Eastern Asia,13,Quảng Ninh,Móng Cái,21.52471,107.96619
VN,Vietnam,Asia,South-Eastern Asia,13,Quảng Ninh,Thành Phố Uông Bí,21.03433,106.77049
VN,Vietnam,Asia,South-Eastern Asia,25,Quảng Trị,Ðông Hà,16.81625,107.10031
VN,Vietnam,Asia,South-Eastern Asia,25,Quảng Trị,Huyện Cam Lộ,16.79335,106.96175
VN,Vietnam,Asia,South-Eastern Asia,25,Quảng Trị,Huyện Đa Krông,16.55543,106.97208
VN,Vietnam,Asia,South-Eastern Asia,25,Quảng Trị,Huyện Gio Linh,16.91667,107
VN,Vietnam,Asia,South-Eastern Asia,25,Quảng Trị,Huyện Hải Lăng,16.67574,107.23388
VN,Vietnam,Asia,South-Eastern Asia,25,Quảng Trị,Huyện Hướng Hóa,16.70132,106.67036
VN,Vietnam,Asia,South-Eastern Asia,25,Quảng Trị,Huyện Lệ Thủy,17.11239,106.70471
VN,Vietnam,Asia,South-Eastern Asia,25,Quảng Trị,Huyện Quảng Ninh,17.27067,106.51387
VN,Vietnam,Asia,South-Eastern Asia,25,Quảng Trị,Huyện Quảng Trạch,17.83447,106.36705
VN,Vietnam,Asia,South-Eastern Asia,25,Quảng Trị,Huyện Triệu Phong,16.78132,107.16034
VN,Vietnam,Asia,South-Eastern Asia,25,Quảng Trị,Huyện Tuyên Hóa,17.91323,106.02678
VN,Vietnam,Asia,South-Eastern Asia,25,Quảng Trị,Huyện Vĩnh Linh,17.016,106.93384
VN,Vietnam,Asia,South-Eastern Asia,25,Quảng Trị,Kwang Binh,17.46885,106.62226
VN,Vietnam,Asia,South-Eastern Asia,05,Sơn La,Huyện Bắc Yên,21.25042,104.38501
VN,Vietnam,Asia,South-Eastern Asia,05,Sơn La,Huyện Mai Sơn,21.15884,104.04821
VN,Vietnam,Asia,South-Eastern Asia,05,Sơn La,Huyện Mộc Châu,21.83333,104.75
VN,Vietnam,Asia,South-Eastern Asia,05,Sơn La,Huyện Mường La,21.5296,104.11113
VN,Vietnam,Asia,South-Eastern Asia,05,Sơn La,Huyện Phù Yên,21.21412,104.68993
VN,Vietnam,Asia,South-Eastern Asia,05,Sơn La,Huyện Quỳnh Nhai,21.77224,103.6492
VN,Vietnam,Asia,South-Eastern Asia,05,Sơn La,Huyện Sông Mã,21.06971,103.68727
VN,Vietnam,Asia,South-Eastern Asia,05,Sơn La,Huyện Thuận Châu,21.42319,103.64408
VN,Vietnam,Asia,South-Eastern Asia,05,Sơn La,Huyện Yên Châu,21.005,104.33264
VN,Vietnam,Asia,South-Eastern Asia,05,Sơn La,Sơn La,21.3256,103.91882
VN,Vietnam,Asia,South-Eastern Asia,37,Tây Ninh,Cần Giuộc,10.60857,106.67135
VN,Vietnam,Asia,South-Eastern Asia,37,Tây Ninh,Huyện Bến Cầu,11.12889,106.14296
VN,Vietnam,Asia,South-Eastern Asia,37,Tây Ninh,Huyện Bến Lức,10.68858,106.45484
VN,Vietnam,Asia,South-Eastern Asia,37,Tây Ninh,Huyện Cần Đước,10.54148,106.59636
VN,Vietnam,Asia,South-Eastern Asia,37,Tây Ninh,Huyện Cần Giuộc,10.57742,106.67279
VN,Vietnam,Asia,South-Eastern Asia,37,Tây Ninh,Huyện Châu Thành,10.45214,106.49015
VN,Vietnam,Asia,South-Eastern Asia,37,Tây Ninh,Huyện Dương Minh Châu,11.31833,106.25697
VN,Vietnam,Asia,South-Eastern Asia,37,Tây Ninh,Huyện Đức Hòa,10.87838,106.42422
VN,Vietnam,Asia,South-Eastern Asia,37,Tây Ninh,Huyện Đức Huệ,10.86473,106.25914
VN,Vietnam,Asia,South-Eastern Asia,37,Tây Ninh,Huyện Gò Dầu,11.15737,106.27307
VN,Vietnam,Asia,South-Eastern Asia,37,Tây Ninh,Huyện Hòa Thành,11.26706,106.14486
VN,Vietnam,Asia,South-Eastern Asia,37,Tây Ninh,Huyện Mộc Hóa,10.75166,106.01729
VN,Vietnam,Asia,South-Eastern Asia,37,Tây Ninh,Huyện Tân Châu,11.58739,106.2827
VN,Vietnam,Asia,South-Eastern Asia,37,Tây Ninh,Huyện Tân Hưng,10.8338,105.68848
VN,Vietnam,Asia,South-Eastern Asia,37,Tây Ninh,Huyện Tân Thạnh,10.60351,105.96576
VN,Vietnam,Asia,South-Eastern Asia,37,Tây Ninh,Huyện Tân Trụ,10.53182,106.51644
VN,Vietnam,Asia,South-Eastern Asia,37,Tây Ninh,Huyện Thạnh Hóa,10.66667,106.16667
VN,Vietnam,Asia,South-Eastern Asia,37,Tây Ninh,Huyện Thủ Thừa,10.65639,106.3458
VN,Vietnam,Asia,South-Eastern Asia,37,Tây Ninh,Huyện Trảng Bàng,11.0572,106.37539
VN,Vietnam,Asia,South-Eastern Asia,37,Tây Ninh,Huyện Vĩnh Hưng,10.88299,105.80364
VN,Vietnam,Asia,South-Eastern Asia,37,Tây Ninh,Phú Khương,11.28333,106.13333
VN,Vietnam,Asia,South-Eastern Asia,37,Tây Ninh,Tân An,10.53589,106.41366
VN,Vietnam,Asia,South-Eastern Asia,37,Tây Ninh,Tây Ninh,11.31004,106.09828
VN,Vietnam,Asia,South-Eastern Asia,69,Thái Nguyên,Bắc Kạn,22.14701,105.83481
VN,Vietnam,Asia,South-Eastern Asia,69,Thái Nguyên,Huyện Ba Bể,22.41667,105.75
VN,Vietnam,Asia,South-Eastern Asia,69,Thái Nguyên,Huyện Bạch Thông,22.25758,105.83295
VN,Vietnam,Asia,South-Eastern Asia,69,Thái Nguyên,Huyện Chợ Đồn,22.18681,105.5728
VN,Vietnam,Asia,South-Eastern Asia,69,Thái Nguyên,Huyện Na Rì,22.17883,106.11221
VN,Vietnam,Asia,South-Eastern Asia,69,Thái Nguyên,Huyện Ngân Sơn,22.42962,106.0103
VN,Vietnam,Asia,South-Eastern Asia,69,Thái Nguyên,Thái Nguyên,21.59422,105.84817
VN,Vietnam,Asia,South-Eastern Asia,69,Thái Nguyên,Thị Xã Bắc Kạn,22.1413,105.83867
VN,Vietnam,Asia,South-Eastern Asia,21,Thanh Hóa,Bỉm Sơn,20.07806,105.86028
VN,Vietnam,Asia,South-Eastern Asia,21,Thanh Hóa,Huyện Bá Thước,20.35767,105.25301
VN,Vietnam,Asia,South-Eastern Asia,21,Thanh Hóa,Huyện Cẩm Thủy,20.19586,105.46817
VN,Vietnam,Asia,South-Eastern Asia,21,Thanh Hóa,Huyện Đông Sơn,19.79742,105.72465
VN,Vietnam,Asia,South-Eastern Asia,21,Thanh Hóa,Huyện Hà Trung,20.02654,105.81931
VN,Vietnam,Asia,South-Eastern Asia,21,Thanh Hóa,Huyện Hậu Lộc,19.93337,105.88894
VN,Vietnam,Asia,South-Eastern Asia,21,Thanh Hóa,Huyện Lang Chánh,20.15926,105.15071
VN,Vietnam,Asia,South-Eastern Asia,21,Thanh Hóa,Huyện Mường Lát,20.52763,104.62941
VN,Vietnam,Asia,South-Eastern Asia,21,Thanh Hóa,Huyện Nga Sơn,20.01561,105.98975
VN,Vietnam,Asia,South-Eastern Asia,21,Thanh Hóa,Huyện Ngọc Lặc,20.06777,105.37386
VN,Vietnam,Asia,South-Eastern Asia,21,Thanh Hóa,Huyện Như Thanh,19.57798,105.55616
VN,Vietnam,Asia,South-Eastern Asia,21,Thanh Hóa,Huyện Như Xuân,19.62527,105.38856
VN,Vietnam,Asia,South-Eastern Asia,21,Thanh Hóa,Huyện Nông Cống,19.61376,105.68279
VN,Vietnam,Asia,South-Eastern Asia,21,Thanh Hóa,Huyện Quan Hóa,20.47565,104.95335
VN,Vietnam,Asia,South-Eastern Asia,21,Thanh Hóa,Huyện Quan Sơn,20.25758,104.83416
VN,Vietnam,Asia,South-Eastern Asia,21,Thanh Hóa,Huyện Quảng Xương,19.70252,105.79298
VN,Vietnam,Asia,South-Eastern Asia,21,Thanh Hóa,Huyện Thiệu Hóa,19.89713,105.68144
VN,Vietnam,Asia,South-Eastern Asia,21,Thanh Hóa,Huyện Thọ Xuân,19.93114,105.48284
VN,Vietnam,Asia,South-Eastern Asia,21,Thanh Hóa,Huyện Thường Xuân,19.93684,105.24109
VN,Vietnam,Asia,South-Eastern Asia,21,Thanh Hóa,Huyện Triệu Sơn,19.82578,105.58293
VN,Vietnam,Asia,South-Eastern Asia,21,Thanh Hóa,Huyện Vĩnh Lộc,20.03482,105.65755
VN,Vietnam,Asia,South-Eastern Asia,21,Thanh Hóa,Huyện Yên Định,19.98666,105.61482
VN,Vietnam,Asia,South-Eastern Asia,21,Thanh Hóa,Thanh Hóa,19.8,105.76667
VN,Vietnam,Asia,South-Eastern Asia,26,Thừa Thiên-Huế,Huế,16.4619,107.59546
VN,Vietnam,Asia,South-Eastern Asia,26,Thừa Thiên-Huế,Huyện A Lưới,16.23422,107.3065
VN,Vietnam,Asia,South-Eastern Asia,26,Thừa Thiên-Huế,Huyện Nam Đông,16.12396,107.6927
VN,Vietnam,Asia,South-Eastern Asia,26,Thừa Thiên-Huế,Huyện Phong Điền,16.48769,107.28889
VN,Vietnam,Asia,South-Eastern Asia,26,Thừa Thiên-Huế,Huyện Phú Lộc,16.27066,107.88545
VN,Vietnam,Asia,South-Eastern Asia,26,Thừa Thiên-Huế,Huyện Phú Vang,16.47007,107.71458
VN,Vietnam,Asia,South-Eastern Asia,26,Thừa Thiên-Huế,Huyện Quảng Ðiền,16.57941,107.4937
VN,Vietnam,Asia,South-Eastern Asia,07,Tuyên Quang,Hà Giang,22.82333,104.98357
VN,Vietnam,Asia,South-Eastern Asia,07,Tuyên Quang,Huyện Bắc Mê,22.75477,105.29023
VN,Vietnam,Asia,South-Eastern Asia,07,Tuyên Quang,Huyện Bắc Quang,22.42301,104.91831
VN,Vietnam,Asia,South-Eastern Asia,07,Tuyên Quang,Huyện Chiêm Hóa,22.17895,105.27671
VN,Vietnam,Asia,South-Eastern Asia,07,Tuyên Quang,Huyện Đồng Văn,23.25449,105.27626
VN,Vietnam,Asia,South-Eastern Asia,07,Tuyên Quang,Huyện Hàm Yên,22.10935,105.0163
VN,Vietnam,Asia,South-Eastern Asia,07,Tuyên Quang,Huyện Lâm Bình,22.46411,105.21903
VN,Vietnam,Asia,South-Eastern Asia,07,Tuyên Quang,Huyện Na Hang,22.47522,105.4838
VN,Vietnam,Asia,South-Eastern Asia,07,Tuyên Quang,Huyện Quang Bình,22.41507,104.66018
VN,Vietnam,Asia,South-Eastern Asia,07,Tuyên Quang,Huyện Sơn Dương,21.63623,105.38901
VN,Vietnam,Asia,South-Eastern Asia,07,Tuyên Quang,Huyện Vị Xuyên,22.73096,104.90827
VN,Vietnam,Asia,South-Eastern Asia,07,Tuyên Quang,Huyện Xín Mần,22.64148,104.52089
VN,Vietnam,Asia,South-Eastern Asia,07,Tuyên Quang,Huyện Yên Minh,23.06992,105.17865
VN,Vietnam,Asia,South-Eastern Asia,07,Tuyên Quang,Huyện Yên Sơn,21.88363,105.27656
VN,Vietnam,Asia,South-Eastern Asia,07,Tuyên Quang,Tuyên Quang,21.82356,105.21424
VN,Vietnam,Asia,South-Eastern Asia,49,Vĩnh Long,Ấp Tân Ngãi,10.23333,106.28333
VN,Vietnam,Asia,South-Eastern Asia,49,Vĩnh Long,Bến Tre,10.24147,106.37585
VN,Vietnam,Asia,South-Eastern Asia,49,Vĩnh Long,Huyện Ba Tri,10.06627,106.60554
VN,Vietnam,Asia,South-Eastern Asia,49,Vĩnh Long,Huyện Bình Đại,10.19354,106.64455
VN,Vietnam,Asia,South-Eastern Asia,49,Vĩnh Long,Huyện Càng Long,9.95883,106.21395
VN,Vietnam,Asia,South-Eastern Asia,49,Vĩnh Long,Huyện Cầu Kè,9.86738,106.07916
VN,Vietnam,Asia,South-Eastern Asia,49,Vĩnh Long,Huyện Cầu Ngang,9.77186,106.43654
VN,Vietnam,Asia,South-Eastern Asia,49,Vĩnh Long,Huyện Châu Thành,10.29212,106.30827
VN,Vietnam,Asia,South-Eastern Asia,49,Vĩnh Long,Huyện Chợ Lách,10.22674,106.17077
VN,Vietnam,Asia,South-Eastern Asia,49,Vĩnh Long,Huyện Giồng Trôm,10.15909,106.47004
VN,Vietnam,Asia,South-Eastern Asia,49,Vĩnh Long,Huyện Long Hồ,10.2164,105.98483
VN,Vietnam,Asia,South-Eastern Asia,49,Vĩnh Long,Huyện Mang Thít,10.18731,106.07472
VN,Vietnam,Asia,South-Eastern Asia,49,Vĩnh Long,Huyện Tam Bình,10.08127,105.95352
VN,Vietnam,Asia,South-Eastern Asia,49,Vĩnh Long,Huyện Thạnh Phú,9.92993,106.54316
VN,Vietnam,Asia,South-Eastern Asia,49,Vĩnh Long,Huyện Tiểu Cần,9.8035,106.20594
VN,Vietnam,Asia,South-Eastern Asia,49,Vĩnh Long,Huyện Trà Cú,9.69706,106.29423
VN,Vietnam,Asia,South-Eastern Asia,49,Vĩnh Long,Huyện Trà Ôn,9.97522,106.00957
VN,Vietnam,Asia,South-Eastern Asia,49,Vĩnh Long,Huyện Vũng Liêm,10.08717,106.16038
VN,Vietnam,Asia,South-Eastern Asia,49,Vĩnh Long,Trà Vinh,9.94719,106.34225
VN,Vietnam,Asia,South-Eastern Asia,49,Vĩnh Long,Vĩnh Long,10.25369,105.9722
