country_code,country_name,country_name_es,postal_code,place,admin1,admin1_code,admin2,admin2_code,admin3,admin3_code,latitude,longitude,accuracy,slug
PK,Pakistan,Pakistán,80000,Sui Gas Field Sibi,Balochistan,02,,,,,28.5838,66.829,1,sui-gas-field-sibi
PK,Pakistan,Pakistán,80100,Dera Bugti,Balochistan,02,,,,,29.0362,69.1585,4,dera-bugti
PK,Pakistan,Pakistán,80200,Manjhi Pur,Balochistan,02,,,,,28.5838,66.829,1,manjhi-pur
PK,Pakistan,Pakistán,80300,Usta Muhammad,Balochistan,02,,,,,28.1772,68.0437,4,usta-muhammad
PK,Pakistan,Pakistán,80310,Dr.Azizullah Salakzai,Balochistan,02,,,,,28.1772,68.0437,1,dr-azizullah-salakzai
PK,Pakistan,Pakistán,80400,Gandakha,Balochistan,02,,,,,28.0106,67.8498,4,gandakha
PK,Pakistan,Pakistán,80500,Dera Allayyar,Balochistan,02,,,,,28.5838,66.829,1,dera-allayyar
PK,Pakistan,Pakistán,80600,Sohbat Pur,Balochistan,02,,,,,28.5838,66.829,1,sohbat-pur
PK,Pakistan,Pakistán,80700,Dear Murad Jamali,Balochistan,02,,,,,28.5838,66.829,1,dear-murad-jamali
PK,Pakistan,Pakistán,80800,Chattar,Balochistan,02,,,,,28.8951,64.9024,4,chattar
PK,Pakistan,Pakistán,80810,Sardar Changez Khan,Balochistan,02,,,,,28.8951,64.9024,1,sardar-changez-khan
PK,Pakistan,Pakistán,80820,Abdul Ghafoor Lehri,Balochistan,02,,,,,28.8951,64.9024,1,abdul-ghafoor-lehri
PK,Pakistan,Pakistán,81050,Gandawa,Balochistan,02,,,,,28.9015,67.3616,1,gandawa
PK,Pakistan,Pakistán,81100,Jhal Magsi,Balochistan,02,,,,,28.284,67.4562,4,jhal-magsi
PK,Pakistan,Pakistán,81150,Bukhtarabad Domki,Balochistan,02,,,,,28.284,67.4562,1,bukhtarabad-domki
PK,Pakistan,Pakistán,81200,Lehri,Balochistan,02,,,,,29.1948,67.6435,4,lehri
PK,Pakistan,Pakistán,81250,Bhag,Balochistan,02,,,,,29.0417,67.8239,4,bhag
PK,Pakistan,Pakistán,81260,Khattan,Balochistan,02,,,,,29.1506,67.6965,4,khattan
PK,Pakistan,Pakistán,81270,Manjho Shori,Balochistan,02,,,,,29.129,67.7213,1,manjho-shori
PK,Pakistan,Pakistán,81300,Haji Shaher,Balochistan,02,,,,,28.2114,66.4291,4,haji-shaher
PK,Pakistan,Pakistán,81350,Mithri Village,Balochistan,02,,,,,28.2114,66.4291,1,mithri-village
PK,Pakistan,Pakistán,81400,Dhadar,Balochistan,02,,,,,29.4749,67.6517,4,dhadar
PK,Pakistan,Pakistán,81410,Rind Ali,Balochistan,02,,,,,29.4868,67.6401,4,rind-ali
PK,Pakistan,Pakistán,81450,Sanni,Balochistan,02,,,,,29.1537,67.5622,4,sanni
PK,Pakistan,Pakistán,81550,Kolpur,Balochistan,02,,,,,29.1957,66.8301,4,kolpur
PK,Pakistan,Pakistán,82000,Sibi Gpo,Balochistan,02,,,,,29.5303,68.1354,1,sibi-gpo
PK,Pakistan,Pakistán,82010,Talli,Balochistan,02,,,,,29.5303,68.1354,4,talli
PK,Pakistan,Pakistán,82100,Sibi Railway Colony,Balochistan,02,,,,,30.4996,68.7498,1,sibi-railway-colony
PK,Pakistan,Pakistán,82200,Sibi Petrol Pump,Balochistan,02,,,,,30.4996,68.7498,1,sibi-petrol-pump
PK,Pakistan,Pakistán,82300,Harnai,Balochistan,02,,,,,30.1008,67.9382,4,harnai
PK,Pakistan,Pakistán,82310,Khost,Balochistan,02,,,,,32.837,70.7903,4,khost
PK,Pakistan,Pakistán,82400,Sharigh,Balochistan,02,,,,,30.4996,68.7498,1,sharigh
PK,Pakistan,Pakistán,83000,Kohlu,Balochistan,02,,,,,29.8965,69.2532,4,kohlu
PK,Pakistan,Pakistán,83100,Maiwand,Balochistan,02,,,,,29.8965,69.2532,1,maiwand
PK,Pakistan,Pakistán,84100,Chutiali Shafir,Balochistan,02,,,,,30.0589,69.5253,1,chutiali-shafir
PK,Pakistan,Pakistán,84200,Dukki,Balochistan,02,,,,,28.4625,70.2153,4,dukki
PK,Pakistan,Pakistán,84300,Sinjawi,Balochistan,02,,,,,30.2829,68.3436,4,sinjawi
PK,Pakistan,Pakistán,84400,Barkhan,Balochistan,02,,,,,29.8977,69.5256,4,barkhan
PK,Pakistan,Pakistán,84500,Rakhni,Balochistan,02,,,,,30.0442,69.9258,4,rakhni
PK,Pakistan,Pakistán,84600,Rara Sham,Balochistan,02,,,,,30.857,70.1875,1,rara-sham
PK,Pakistan,Pakistán,84690,Drug,Balochistan,02,,,,,30.857,70.1875,4,drug
PK,Pakistan,Pakistán,84700,Musa Kel,Balochistan,02,,,,,30.4747,69.3644,1,musa-kel
PK,Pakistan,Pakistán,84710,Mekhtar,Balochistan,02,,,,,30.4747,69.3644,4,mekhtar
PK,Pakistan,Pakistán,84800,Loralai Gpo,Balochistan,02,,,,,29.9123,69.3733,1,loralai-gpo
PK,Pakistan,Pakistán,84810,Mohsinabad,Balochistan,02,,,,,29.1105,70.905,4,mohsinabad
PK,Pakistan,Pakistán,84820,Loralai Cantt.,Balochistan,02,,,,,30.3632,68.5996,4,loralai-cantt
PK,Pakistan,Pakistán,84830,Nahar Kot,Balochistan,02,,,,,29.7667,69.4661,4,nahar-kot
PK,Pakistan,Pakistán,84840,Kach Jamal Bagar,Balochistan,02,,,,,29.9123,69.3733,1,kach-jamal-bagar
PK,Pakistan,Pakistán,84850,Shah Karez,Balochistan,02,,,,,30.4088,68.5223,4,shah-karez
PK,Pakistan,Pakistán,84900,Rar Kan,Balochistan,02,,,,,30.0589,69.5253,1,rar-kan
PK,Pakistan,Pakistán,85100,Murgha,Balochistan,02,,,,,30.7266,67.8233,4,murgha
PK,Pakistan,Pakistán,85200,Zhob,Balochistan,02,,,,,31.3408,69.4493,4,zhob
PK,Pakistan,Pakistán,85210,Sherani,Balochistan,02,,,,,28.2664,67.3763,4,sherani
PK,Pakistan,Pakistán,85220,Sherani Bazar,Balochistan,02,,,,,29.8036,68.4128,1,sherani-bazar
PK,Pakistan,Pakistán,85230,Ganj Mohalla,Balochistan,02,,,,,29.8036,68.4128,1,ganj-mohalla
PK,Pakistan,Pakistán,85240,Appozai,Balochistan,02,,,,,29.8036,68.4128,1,appozai
PK,Pakistan,Pakistán,85300,Qamar-Ud-Din Karez,Balochistan,02,,,,,31.6591,68.4033,4,qamar-ud-din-karez
PK,Pakistan,Pakistán,85400,Killa Saifullah,Balochistan,02,,,,,30.5249,68.6329,1,killa-saifullah
PK,Pakistan,Pakistán,85500,Muslim Bagh,Balochistan,02,,,,,32.7956,70.7725,4,muslim-bagh
PK,Pakistan,Pakistán,86000,Chaman,Balochistan,02,,,,,30.5731,67.1097,4,chaman
PK,Pakistan,Pakistán,86200,Killa Abadulllah,Balochistan,02,,,,,28.1813,66.1652,1,killa-abadulllah
PK,Pakistan,Pakistán,86210,Killi Abdul Rehmanzai,Balochistan,02,,,,,28.1813,66.1652,1,killi-abdul-rehmanzai
PK,Pakistan,Pakistán,86220,Habibabad,Balochistan,02,,,,,28.1813,66.1652,4,habibabad
PK,Pakistan,Pakistán,86400,Saranan,Balochistan,02,,,,,30.5852,66.8725,4,saranan
PK,Pakistan,Pakistán,86410,Killi Abdur Rehman Zai,Balochistan,02,,,,,30.5852,66.8725,1,killi-abdur-rehman-zai
PK,Pakistan,Pakistán,86500,Bostan,Balochistan,02,,,,,30.428,67.0184,4,bostan
PK,Pakistan,Pakistán,86600,Khanozai,Balochistan,02,,,,,30.438,66.6474,4,khanozai
PK,Pakistan,Pakistán,86650,Killi Verchoom,Balochistan,02,,,,,30.438,66.6474,1,killi-verchoom
PK,Pakistan,Pakistán,86700,Pishin,Balochistan,02,,,,,30.5818,66.9941,4,pishin
PK,Pakistan,Pakistán,86710,Hurram Zai,Balochistan,02,,,,,30.6655,66.9901,1,hurram-zai
PK,Pakistan,Pakistán,86720,Manzari,Balochistan,02,,,,,30.7493,66.9861,4,manzari
PK,Pakistan,Pakistán,86730,Killi Malakyar,Balochistan,02,,,,,30.6655,66.9901,1,killi-malakyar
PK,Pakistan,Pakistán,86800,Barshore,Balochistan,02,,,,,30.0195,66.7403,1,barshore
PK,Pakistan,Pakistán,87000,Kuchlak,Balochistan,02,,,,,30.3522,66.9402,4,kuchlak
PK,Pakistan,Pakistán,87100,Baleli,Balochistan,02,,,,,30.2781,66.9116,4,baleli
PK,Pakistan,Pakistán,87110,Killi Minhas,Balochistan,02,,,,,30.2781,66.9116,1,killi-minhas
PK,Pakistan,Pakistán,87290,Killi Tirkha,Balochistan,02,,,,,30.3264,67.1673,1,killi-tirkha
PK,Pakistan,Pakistán,87300,Quetta Gpo,Balochistan,02,,,,,30.6451,66.5429,1,quetta-gpo
PK,Pakistan,Pakistán,87312,"Jinnah Town, Queeta",Balochistan,02,,,,,30.6451,66.5429,1,jinnah-town-queeta
PK,Pakistan,Pakistán,87320,Hazar Gangi,Balochistan,02,,,,,30.6451,66.5429,4,hazar-gangi
PK,Pakistan,Pakistán,87340,Ali Town,Balochistan,02,,,,,30.6451,66.5429,1,ali-town
PK,Pakistan,Pakistán,87500,Satellite Town Quetta,Balochistan,02,,,,,30.1615,67.0049,4,satellite-town-quetta
PK,Pakistan,Pakistán,87550,Sariab Road,Balochistan,02,,,,,30.1615,67.0049,1,sariab-road
PK,Pakistan,Pakistán,87600,Samungali,Balochistan,02,,,,,30.3264,67.1673,1,samungali
PK,Pakistan,Pakistán,87650,Quetta Air Port,Balochistan,02,,,,,30.3264,67.1673,1,quetta-air-port
PK,Pakistan,Pakistán,87710,Nawan Killi,Balochistan,02,,,,,34.378,71.5886,4,nawan-killi
PK,Pakistan,Pakistán,87720,Nasirabad,Balochistan,02,,,,,28.2027,67.9081,4,nasirabad
PK,Pakistan,Pakistán,87750,Infantory School,Balochistan,02,,,,,31.2904,69.7484,1,infantory-school
PK,Pakistan,Pakistán,87800,Staff College Quetta,Balochistan,02,,,,,30.3264,67.1673,1,staff-college-quetta
PK,Pakistan,Pakistán,87900,Sariab,Balochistan,02,,,,,26.5607,62.985,4,sariab
PK,Pakistan,Pakistán,88050,Sorange,Balochistan,02,,,,,30.1667,67.2205,4,sorange
PK,Pakistan,Pakistán,88100,Mastung Road,Balochistan,02,,,,,29.8802,66.8418,4,mastung-road
PK,Pakistan,Pakistán,88150,Digari,Balochistan,02,,,,,30.0727,67.2122,4,digari
PK,Pakistan,Pakistán,88200,Mastung,Balochistan,02,,,,,28.1202,66.4106,1,mastung
PK,Pakistan,Pakistán,88210,Khad Kucha,Balochistan,02,,,,,27.2318,65.6633,4,khad-kucha
PK,Pakistan,Pakistán,88220,Kirdgap,Balochistan,02,,,,,28.1202,66.4106,1,kirdgap
PK,Pakistan,Pakistán,88230,Dringarh,Balochistan,02,,,,,28.1202,66.4106,1,dringarh
PK,Pakistan,Pakistán,88240,Kanak,Balochistan,02,,,,,27.8,66.5969,4,kanak
PK,Pakistan,Pakistán,88250,Manochar,Balochistan,02,,,,,28.1202,66.4106,1,manochar
PK,Pakistan,Pakistán,88260,Johan,Balochistan,02,,,,,29.3289,66.9716,4,johan
PK,Pakistan,Pakistán,88300,Kalat,Balochistan,02,,,,,29.0266,66.5936,4,kalat
PK,Pakistan,Pakistán,88310,Kalat Petrol Pump,Balochistan,02,,,,,28.9437,66.6723,1,kalat-petrol-pump
PK,Pakistan,Pakistán,88320,Moola,Balochistan,02,,,,,28.9437,66.6723,1,moola
PK,Pakistan,Pakistán,88350,Nichara,Balochistan,02,,,,,28.8607,66.751,4,nichara
PK,Pakistan,Pakistán,88360,Pidran,Balochistan,02,,,,,28.9437,66.6723,1,pidran
PK,Pakistan,Pakistán,88370,Sorab Croos,Balochistan,02,,,,,28.9437,66.6723,1,sorab-croos
PK,Pakistan,Pakistán,88400,Sorab,Balochistan,02,,,,,27.3167,64.75,4,sorab
PK,Pakistan,Pakistán,88410,Umerabad Gidder,Balochistan,02,,,,,27.3647,64.941,1,umerabad-gidder
PK,Pakistan,Pakistán,88420,Basima,Balochistan,02,,,,,27.3647,64.941,1,basima
PK,Pakistan,Pakistán,88430,Nag,Balochistan,02,,,,,27.4127,65.132,4,nag
PK,Pakistan,Pakistán,88450,Zehri,Balochistan,02,,,,,27.3647,64.941,1,zehri
PK,Pakistan,Pakistán,89100,Khuzdar Gpo,Balochistan,02,,,,,29.1506,67.6965,1,khuzdar-gpo
PK,Pakistan,Pakistán,89120,Buet,Balochistan,02,,,,,29.1506,67.6965,1,buet
PK,Pakistan,Pakistán,89130,Chamrok,Balochistan,02,,,,,29.1506,67.6965,1,chamrok
PK,Pakistan,Pakistán,89140,Tootak,Balochistan,02,,,,,29.1506,67.6965,1,tootak
PK,Pakistan,Pakistán,89150,Khuzdar Cantt.,Balochistan,02,,,,,29.1506,67.6965,1,khuzdar-cantt
PK,Pakistan,Pakistán,89160,Kuzdar Bazar,Balochistan,02,,,,,29.1506,67.6965,1,kuzdar-bazar
PK,Pakistan,Pakistán,89170,Khattan,Balochistan,02,,,,,29.1506,67.6965,4,khattan
PK,Pakistan,Pakistán,89200,Mashkey,Balochistan,02,,,,,27.3733,66.3266,1,mashkey
PK,Pakistan,Pakistán,89230,Zeedi,Balochistan,02,,,,,27.3733,66.3266,1,zeedi
PK,Pakistan,Pakistán,89240,Jinnah Camp,Balochistan,02,,,,,27.3733,66.3266,1,jinnah-camp
PK,Pakistan,Pakistán,89250,Wadh,Balochistan,02,,,,,27.449,66.91,4,wadh
PK,Pakistan,Pakistán,89260,Jibri,Balochistan,02,,,,,27.2977,65.7432,4,jibri
PK,Pakistan,Pakistán,89270,Ornach,Balochistan,02,,,,,27.3733,66.3266,1,ornach
PK,Pakistan,Pakistán,89300,Kalwan,Balochistan,02,,,,,34.8851,73.9306,4,kalwan
PK,Pakistan,Pakistán,89350,Karakh,Balochistan,02,,,,,27.7363,67.1728,4,karakh
PK,Pakistan,Pakistán,90050,Bela,Balochistan,02,,,,,26.2272,66.3118,4,bela
PK,Pakistan,Pakistán,90150,Uthal,Balochistan,02,,,,,25.8072,66.6219,4,uthal
PK,Pakistan,Pakistán,90160,Lakhra,Balochistan,02,,,,,25.8647,66.4517,4,lakhra
PK,Pakistan,Pakistán,90200,Miani Beach,Balochistan,02,,,,,25.6273,66.57,1,miani-beach
PK,Pakistan,Pakistán,90210,Sommiani (Winder),Balochistan,02,,,,,25.6273,66.57,1,sommiani-winder
PK,Pakistan,Pakistán,90250,Hub Chowki,Balochistan,02,,,,,25.6273,66.57,1,hub-chowki
PK,Pakistan,Pakistán,90260,Civic Centre Hub,Balochistan,02,,,,,25.6273,66.57,1,civic-centre-hub
PK,Pakistan,Pakistán,90300,Gadani,Balochistan,02,,,,,25.1188,66.7322,4,gadani
PK,Pakistan,Pakistán,90350,Balicha,Balochistan,02,,,,,25.1188,66.7322,1,balicha
PK,Pakistan,Pakistán,91100,Jiwani,Balochistan,02,,,,,25.0485,61.7457,4,jiwani
PK,Pakistan,Pakistán,91200,Gawadar,Balochistan,02,,,,,25.1739,63.2837,1,gawadar
PK,Pakistan,Pakistán,91210,Surbandar,Balochistan,02,,,,,25.1739,63.2837,1,surbandar
PK,Pakistan,Pakistán,91220,Peshkan,Balochistan,02,,,,,25.1739,63.2837,1,peshkan
PK,Pakistan,Pakistán,91300,Pasni,Balochistan,02,,,,,25.263,63.4692,4,pasni
PK,Pakistan,Pakistán,91400,Ormara,Balochistan,02,,,,,25.2102,64.6363,4,ormara
PK,Pakistan,Pakistán,92100,Mand,Balochistan,02,,,,,26.1167,62.0326,4,mand
PK,Pakistan,Pakistán,92300,Tump,Balochistan,02,,,,,26.1014,62.3659,4,tump
PK,Pakistan,Pakistán,92400,Kalatuk,Balochistan,02,,,,,26.0359,62.8952,4,kalatuk
PK,Pakistan,Pakistán,92500,Shahi Tump,Balochistan,02,,,,,26.0035,63.0182,4,shahi-tump
PK,Pakistan,Pakistán,92600,Turbat Gpo,Balochistan,02,,,,,25.8998,62.5082,1,turbat-gpo
PK,Pakistan,Pakistán,92610,Asiabad,Balochistan,02,,,,,26.0887,62.4742,4,asiabad
PK,Pakistan,Pakistán,92650,Kuddan,Balochistan,02,,,,,25.7109,62.5421,4,kuddan
PK,Pakistan,Pakistán,92800,Buleda,Balochistan,02,,,,,26.3091,63.1537,4,buleda
PK,Pakistan,Pakistán,92810,Solo Buleda,Balochistan,02,,,,,26.3091,63.1537,1,solo-buleda
PK,Pakistan,Pakistán,92900,Nasirabad,Balochistan,02,,,,,26.0669,62.7134,4,nasirabad
PK,Pakistan,Pakistán,92910,Hoshab,Balochistan,02,,,,,26.0159,63.8883,4,hoshab
PK,Pakistan,Pakistán,93000,Panjgur,Balochistan,02,,,,,26.9719,64.0946,4,panjgur
PK,Pakistan,Pakistán,93100,Patak,Balochistan,02,,,,,27.7538,65.616,4,patak
PK,Pakistan,Pakistán,93200,Katagari,Balochistan,02,,,,,26.7534,64.0285,4,katagari
PK,Pakistan,Pakistán,93210,Washbood,Balochistan,02,,,,,26.7534,64.0285,1,washbood
PK,Pakistan,Pakistán,93220,Khudabandan,Balochistan,02,,,,,26.7534,64.0285,1,khudabandan
PK,Pakistan,Pakistán,93230,Tasap,Balochistan,02,,,,,26.7534,64.0285,1,tasap
PK,Pakistan,Pakistán,94050,Basima,Balochistan,02,,,,,28.2839,65.106,1,basima
PK,Pakistan,Pakistán,94100,Kharan,Balochistan,02,,,,,28.5846,65.415,4,kharan
PK,Pakistan,Pakistán,94110,Washuk,Balochistan,02,,,,,27.7273,64.8097,4,washuk
PK,Pakistan,Pakistán,94150,Ladgasht,Balochistan,02,,,,,28.5399,65.0934,4,ladgasht
PK,Pakistan,Pakistán,95000,Koh Taftan,Balochistan,02,,,,,29.1046,65.2193,1,koh-taftan
PK,Pakistan,Pakistán,95040,Yak Mach,Balochistan,02,,,,,29.1046,65.2193,1,yak-mach
PK,Pakistan,Pakistán,95050,Nokundi,Balochistan,02,,,,,29.1046,65.2193,1,nokundi
PK,Pakistan,Pakistán,95060,Amori,Balochistan,02,,,,,29.1046,65.2193,1,amori
PK,Pakistan,Pakistán,95100,Dalbandin,Balochistan,02,,,,,28.8885,64.4062,4,dalbandin
PK,Pakistan,Pakistán,95110,Padag,Balochistan,02,,,,,29.0031,65.3154,4,padag
PK,Pakistan,Pakistán,95120,Chaghi,Balochistan,02,,,,,29.1046,65.2193,1,chaghi
PK,Pakistan,Pakistán,95130,Brapcha,Balochistan,02,,,,,29.1046,65.2193,1,brapcha
PK,Pakistan,Pakistán,95150,Ahmedwal,Balochistan,02,,,,,29.4222,65.9364,4,ahmedwal
PK,Pakistan,Pakistán,95200,Nushki Gpo,Balochistan,02,,,,,29.1046,65.2193,1,nushki-gpo
PK,Pakistan,Pakistán,95210,Sar Mall,Balochistan,02,,,,,29.1046,65.2193,1,sar-mall
PK,Pakistan,Pakistán,96000,Ziarat,Balochistan,02,,,,,30.3434,67.7422,4,ziarat
PK,Pakistan,Pakistán,96100,Ahmadoon,Balochistan,02,,,,,30.3434,67.7422,1,ahmadoon
PK,Pakistan,Pakistán,17000,Mera Gram,Khyber Pakhtunkhwa,03,,,,,35.9268,71.5265,1,mera-gram
PK,Pakistan,Pakistán,17010,Brep,Khyber Pakhtunkhwa,03,,,,,35.9268,71.5265,4,brep
PK,Pakistan,Pakistán,17020,Mastaj,Khyber Pakhtunkhwa,03,,,,,35.9268,71.5265,1,mastaj
PK,Pakistan,Pakistán,17030,Harichin,Khyber Pakhtunkhwa,03,,,,,35.9268,71.5265,1,harichin
PK,Pakistan,Pakistán,17050,Booni,Khyber Pakhtunkhwa,03,,,,,35.9268,71.5265,1,booni
PK,Pakistan,Pakistán,17054,Booni Main Bazar,Khyber Pakhtunkhwa,03,,,,,35.9268,71.5265,1,booni-main-bazar
PK,Pakistan,Pakistán,17060,Darason,Khyber Pakhtunkhwa,03,,,,,35.9268,71.5265,1,darason
PK,Pakistan,Pakistán,17070,Gohkeer,Khyber Pakhtunkhwa,03,,,,,35.9268,71.5265,1,gohkeer
PK,Pakistan,Pakistán,17080,Shah Gram,Khyber Pakhtunkhwa,03,,,,,35.9268,71.5265,1,shah-gram
PK,Pakistan,Pakistán,17090,Shot Khara,Khyber Pakhtunkhwa,03,,,,,35.9268,71.5265,1,shot-khara
PK,Pakistan,Pakistán,17100,Kosht,Khyber Pakhtunkhwa,03,,,,,36.242,72.1593,4,kosht
PK,Pakistan,Pakistán,17110,Reshun,Khyber Pakhtunkhwa,03,,,,,36.1571,72.104,4,reshun
PK,Pakistan,Pakistán,17120,Kaghuzai,Khyber Pakhtunkhwa,03,,,,,36.1307,71.9409,1,kaghuzai
PK,Pakistan,Pakistán,17130,Garam Chashma,Khyber Pakhtunkhwa,03,,,,,35.993,71.5594,4,garam-chashma
PK,Pakistan,Pakistán,17140,Para Beg,Khyber Pakhtunkhwa,03,,,,,36.1307,71.9409,1,para-beg
PK,Pakistan,Pakistán,17200,Chitral Gpo,Khyber Pakhtunkhwa,03,,,,,34.7902,71.7932,1,chitral-gpo
PK,Pakistan,Pakistán,17210,Ayun,Khyber Pakhtunkhwa,03,,,,,35.7254,71.7728,4,ayun
PK,Pakistan,Pakistán,17220,Drosh,Khyber Pakhtunkhwa,03,,,,,35.5604,71.796,4,drosh
PK,Pakistan,Pakistán,17230,Broz,Khyber Pakhtunkhwa,03,,,,,35.3941,71.6781,4,broz
PK,Pakistan,Pakistán,17234,Sair Door,Khyber Pakhtunkhwa,03,,,,,35.3941,71.6781,1,sair-door
PK,Pakistan,Pakistán,17240,Nagar,Khyber Pakhtunkhwa,03,,,,,34.036,72.949,4,nagar
PK,Pakistan,Pakistán,17250,Aranda,Khyber Pakhtunkhwa,03,,,,,34.2243,71.5362,4,aranda
PK,Pakistan,Pakistán,17260,Ashrit,Khyber Pakhtunkhwa,03,,,,,34.7902,71.7932,1,ashrit
PK,Pakistan,Pakistán,17290,Daggar,Khyber Pakhtunkhwa,03,,,,,33.197,71.1424,4,daggar
PK,Pakistan,Pakistán,18000,Dir,Khyber Pakhtunkhwa,03,,,,,35.2074,71.8768,4,dir
PK,Pakistan,Pakistán,18050,Sharingal,Khyber Pakhtunkhwa,03,,,,,35.2074,71.8768,1,sharingal
PK,Pakistan,Pakistán,18100,Barawal Bandi,Khyber Pakhtunkhwa,03,,,,,35.0905,71.7636,4,barawal-bandi
PK,Pakistan,Pakistán,18150,Darora,Khyber Pakhtunkhwa,03,,,,,35.1025,71.9881,4,darora
PK,Pakistan,Pakistán,18200,Wari,Khyber Pakhtunkhwa,03,,,,,34.7925,71.7967,1,wari
PK,Pakistan,Pakistán,18210,Shahibabad,Khyber Pakhtunkhwa,03,,,,,34.7925,71.7967,1,shahibabad
PK,Pakistan,Pakistán,18250,Khall,Khyber Pakhtunkhwa,03,,,,,34.7925,71.7967,1,khall
PK,Pakistan,Pakistán,18300,Timargara,Khyber Pakhtunkhwa,03,,,,,34.8266,71.8442,4,timargara
PK,Pakistan,Pakistán,18350,Lal Qilla,Khyber Pakhtunkhwa,03,,,,,34.8266,71.8442,1,lal-qilla
PK,Pakistan,Pakistán,18400,Dara Manial,Khyber Pakhtunkhwa,03,,,,,34.7925,71.7967,1,dara-manial
PK,Pakistan,Pakistán,18450,Zaimdara,Khyber Pakhtunkhwa,03,,,,,34.7925,71.7967,1,zaimdara
PK,Pakistan,Pakistán,18500,Munda,Khyber Pakhtunkhwa,03,,,,,34.8237,71.6856,4,munda
PK,Pakistan,Pakistán,18550,Mayar Jandol,Khyber Pakhtunkhwa,03,,,,,34.8237,71.6856,1,mayar-jandol
PK,Pakistan,Pakistán,18600,Samar Bagh,Khyber Pakhtunkhwa,03,,,,,34.0501,71.6051,4,samar-bagh
PK,Pakistan,Pakistán,18650,Khar (Bajaur Agency),Khyber Pakhtunkhwa,03,,,,,34.7361,71.5274,4,khar-bajaur-agency
PK,Pakistan,Pakistán,18700,Ziarat (Dir),Khyber Pakhtunkhwa,03,,,,,34.5798,71.808,1,ziarat-dir
PK,Pakistan,Pakistán,18750,Ouch (Dir),Khyber Pakhtunkhwa,03,,,,,34.5798,71.808,1,ouch-dir
PK,Pakistan,Pakistán,18760,Pir Khel,Khyber Pakhtunkhwa,03,,,,,34.5798,71.808,4,pir-khel
PK,Pakistan,Pakistán,18800,Chakdara,Khyber Pakhtunkhwa,03,,,,,34.6616,72.0324,4,chakdara
PK,Pakistan,Pakistán,19010,Bahrain,Khyber Pakhtunkhwa,03,,,,,35.2093,72.5485,4,bahrain
PK,Pakistan,Pakistán,19020,Madyan,Khyber Pakhtunkhwa,03,,,,,35.141,72.5382,4,madyan
PK,Pakistan,Pakistán,19030,Fatehpur,Khyber Pakhtunkhwa,03,,,,,35.0504,72.5071,4,fatehpur
PK,Pakistan,Pakistán,19040,Matta,Khyber Pakhtunkhwa,03,,,,,34.9292,72.4146,4,matta
PK,Pakistan,Pakistán,19044,Chuprial,Khyber Pakhtunkhwa,03,,,,,34.9811,72.3632,4,chuprial
PK,Pakistan,Pakistán,19050,Bara Darwesh Khela,Khyber Pakhtunkhwa,03,,,,,35.005,72.5164,1,bara-darwesh-khela
PK,Pakistan,Pakistán,19060,Kabal,Khyber Pakhtunkhwa,03,,,,,34.7907,72.2824,4,kabal
PK,Pakistan,Pakistán,19070,Davlai,Khyber Pakhtunkhwa,03,,,,,35.005,72.5164,1,davlai
PK,Pakistan,Pakistán,19080,Kana,Khyber Pakhtunkhwa,03,,,,,34.9333,72.9607,4,kana
PK,Pakistan,Pakistán,19090,Chakisar,Khyber Pakhtunkhwa,03,,,,,35.005,72.5164,1,chakisar
PK,Pakistan,Pakistán,19100,Alpurai,Khyber Pakhtunkhwa,03,,,,,34.9029,72.6443,4,alpurai
PK,Pakistan,Pakistán,19110,Khawaza Khela,Khyber Pakhtunkhwa,03,,,,,34.3593,73.1243,1,khawaza-khela
PK,Pakistan,Pakistán,19120,Charbagh,Khyber Pakhtunkhwa,03,,,,,34.5007,73.028,4,charbagh
PK,Pakistan,Pakistán,19130,Mangora,Khyber Pakhtunkhwa,03,,,,,33.8753,73.976,4,mangora
PK,Pakistan,Pakistán,19132,Gulkada (Distt. Court),Khyber Pakhtunkhwa,03,,,,,33.8753,73.976,1,gulkada-distt-court
PK,Pakistan,Pakistán,19140,Aman Kot,Khyber Pakhtunkhwa,03,,,,,34.2624,72.4372,4,aman-kot
PK,Pakistan,Pakistán,19150,Aloch,Khyber Pakhtunkhwa,03,,,,,34.7391,72.6842,4,aloch
PK,Pakistan,Pakistán,19200,Saidu Sharif Gpo,Khyber Pakhtunkhwa,03,,,,,32.5607,70.9172,1,saidu-sharif-gpo
PK,Pakistan,Pakistán,19204,Damori,Khyber Pakhtunkhwa,03,,,,,32.5607,70.9172,1,damori
PK,Pakistan,Pakistán,19210,Rahim Abad,Khyber Pakhtunkhwa,03,,,,,28.4336,67.9158,4,rahim-abad
PK,Pakistan,Pakistán,19220,Hodigram,Khyber Pakhtunkhwa,03,,,,,32.5607,70.9172,1,hodigram
PK,Pakistan,Pakistán,19230,Ghalegi,Khyber Pakhtunkhwa,03,,,,,32.5607,70.9172,1,ghalegi
PK,Pakistan,Pakistán,19240,Barikot,Khyber Pakhtunkhwa,03,,,,,34.7734,71.9048,4,barikot
PK,Pakistan,Pakistán,19250,Zara Khela,Khyber Pakhtunkhwa,03,,,,,32.5607,70.9172,1,zara-khela
PK,Pakistan,Pakistán,19260,Jewar,Khyber Pakhtunkhwa,03,,,,,34.4751,72.9311,4,jewar
PK,Pakistan,Pakistán,19270,Tor Warsak,Khyber Pakhtunkhwa,03,,,,,32.5607,70.9172,1,tor-warsak
PK,Pakistan,Pakistán,19280,Pipal Bazar,Khyber Pakhtunkhwa,03,,,,,32.5607,70.9172,1,pipal-bazar
PK,Pakistan,Pakistán,20100,Dassu,Khyber Pakhtunkhwa,03,,,,,35.72,75.5208,4,dassu
PK,Pakistan,Pakistán,20200,Pattan,Khyber Pakhtunkhwa,03,,,,,34.6866,73.4848,4,pattan
PK,Pakistan,Pakistán,20300,Ranolia,Khyber Pakhtunkhwa,03,,,,,35.0492,72.8906,4,ranolia
PK,Pakistan,Pakistán,20400,Sholgaraha,Khyber Pakhtunkhwa,03,,,,,35.0963,73.6938,1,sholgaraha
PK,Pakistan,Pakistán,20500,Besham,Khyber Pakhtunkhwa,03,,,,,34.9294,72.8791,4,besham
PK,Pakistan,Pakistán,21010,Biari Ayub Khan,Khyber Pakhtunkhwa,03,,,,,34.6627,72.9425,1,biari-ayub-khan
PK,Pakistan,Pakistán,21020,Muslim Abad,Khyber Pakhtunkhwa,03,,,,,34.4002,71.9018,4,muslim-abad
PK,Pakistan,Pakistán,21030,Thakot,Khyber Pakhtunkhwa,03,,,,,34.75,72.9167,4,thakot
PK,Pakistan,Pakistán,21032,Banna,Khyber Pakhtunkhwa,03,,,,,34.8307,73.0648,4,banna
PK,Pakistan,Pakistán,21036,Rashang,Khyber Pakhtunkhwa,03,,,,,34.8198,73.1196,4,rashang
PK,Pakistan,Pakistán,21040,Battagram,Khyber Pakhtunkhwa,03,,,,,34.6772,73.0233,4,battagram
PK,Pakistan,Pakistán,21042,Peshora,Khyber Pakhtunkhwa,03,,,,,34.6772,73.0233,1,peshora
PK,Pakistan,Pakistán,21044,Batamohri,Khyber Pakhtunkhwa,03,,,,,34.6772,73.0233,1,batamohri
PK,Pakistan,Pakistán,21046,Saden Mira,Khyber Pakhtunkhwa,03,,,,,34.6772,73.0233,1,saden-mira
PK,Pakistan,Pakistán,21050,Bansair,Khyber Pakhtunkhwa,03,,,,,34.6627,72.9425,1,bansair
PK,Pakistan,Pakistán,21060,Koza Banda,Khyber Pakhtunkhwa,03,,,,,34.5962,73.062,1,koza-banda
PK,Pakistan,Pakistán,21062,Chohan,Khyber Pakhtunkhwa,03,,,,,34.5962,73.062,4,chohan
PK,Pakistan,Pakistán,21070,Chatar Plain,Khyber Pakhtunkhwa,03,,,,,34.6627,72.9425,1,chatar-plain
PK,Pakistan,Pakistán,21080,Bali Mang,Khyber Pakhtunkhwa,03,,,,,34.6627,72.9425,1,bali-mang
PK,Pakistan,Pakistán,21090,Battal,Khyber Pakhtunkhwa,03,,,,,34.5879,73.1478,4,battal
PK,Pakistan,Pakistán,21100,Haji Abad,Khyber Pakhtunkhwa,03,,,,,34.7391,71.473,4,haji-abad
PK,Pakistan,Pakistán,21110,Baffa,Khyber Pakhtunkhwa,03,,,,,34.291,72.888,4,baffa
PK,Pakistan,Pakistán,21120,Hazara University,Khyber Pakhtunkhwa,03,,,,,34.5156,72.901,1,hazara-university
PK,Pakistan,Pakistán,21130,Dhudial (Mansehra),Khyber Pakhtunkhwa,03,,,,,34.4352,73.2561,4,dhudial-mansehra
PK,Pakistan,Pakistán,21140,Shinkiari,Khyber Pakhtunkhwa,03,,,,,34.4711,73.2707,4,shinkiari
PK,Pakistan,Pakistán,21150,Shinkiari Camp,Khyber Pakhtunkhwa,03,,,,,34.5156,72.901,1,shinkiari-camp
PK,Pakistan,Pakistán,21160,Dadar,Khyber Pakhtunkhwa,03,,,,,34.5523,73.259,4,dadar
PK,Pakistan,Pakistán,21170,Jabori,Khyber Pakhtunkhwa,03,,,,,34.6048,73.2592,4,jabori
PK,Pakistan,Pakistán,21200,Naran,Khyber Pakhtunkhwa,03,,,,,34.9053,73.6486,4,naran
PK,Pakistan,Pakistán,21210,Kaghan,Khyber Pakhtunkhwa,03,,,,,34.7768,73.5253,4,kaghan
PK,Pakistan,Pakistán,21220,Mohandri Bazar,Khyber Pakhtunkhwa,03,,,,,34.6374,73.4424,1,mohandri-bazar
PK,Pakistan,Pakistán,21230,Balakot,Khyber Pakhtunkhwa,03,,,,,34.5544,73.3479,4,balakot
PK,Pakistan,Pakistán,21240,Ghari Habibullah,Khyber Pakhtunkhwa,03,,,,,34.6374,73.4424,1,ghari-habibullah
PK,Pakistan,Pakistán,21250,Batrasi Camp,Khyber Pakhtunkhwa,03,,,,,34.6374,73.4424,1,batrasi-camp
PK,Pakistan,Pakistán,21270,Chakia,Khyber Pakhtunkhwa,03,,,,,34.3133,73.2476,4,chakia
PK,Pakistan,Pakistán,21300,Mansehra Gpo,Khyber Pakhtunkhwa,03,,,,,34.366,73.2614,1,mansehra-gpo
PK,Pakistan,Pakistán,21304,Chitta Batta,Khyber Pakhtunkhwa,03,,,,,34.366,73.2614,4,chitta-batta
PK,Pakistan,Pakistán,21310,Mansehra City,Khyber Pakhtunkhwa,03,,,,,34.3772,73.1524,1,mansehra-city
PK,Pakistan,Pakistán,21330,Manglore,Khyber Pakhtunkhwa,03,,,,,34.3772,73.1524,1,manglore
PK,Pakistan,Pakistán,21340,Bher Kund,Khyber Pakhtunkhwa,03,,,,,34.3772,73.1524,1,bher-kund
PK,Pakistan,Pakistán,21350,Khaki,Khyber Pakhtunkhwa,03,,,,,34.4081,73.1281,4,khaki
PK,Pakistan,Pakistán,21360,Muradpur,Khyber Pakhtunkhwa,03,,,,,34.4389,73.1357,4,muradpur
PK,Pakistan,Pakistán,21370,Parhena,Khyber Pakhtunkhwa,03,,,,,34.3772,73.1524,1,parhena
PK,Pakistan,Pakistán,21380,Phulra,Khyber Pakhtunkhwa,03,,,,,34.3352,73.0556,4,phulra
PK,Pakistan,Pakistán,21390,Lassan Nawab,Khyber Pakhtunkhwa,03,,,,,34.3486,73.0723,4,lassan-nawab
PK,Pakistan,Pakistán,21400,Oghi,Khyber Pakhtunkhwa,03,,,,,34.4985,73.014,4,oghi
PK,Pakistan,Pakistán,21410,Sham Dhera,Khyber Pakhtunkhwa,03,,,,,34.452,72.9524,1,sham-dhera
PK,Pakistan,Pakistán,21420,Qilagay,Khyber Pakhtunkhwa,03,,,,,34.452,72.9524,1,qilagay
PK,Pakistan,Pakistán,21430,Dilbori,Khyber Pakhtunkhwa,03,,,,,34.452,72.9524,1,dilbori
PK,Pakistan,Pakistán,21440,Belian,Khyber Pakhtunkhwa,03,,,,,34.5286,72.9765,4,belian
PK,Pakistan,Pakistán,21450,Sher Garh (Mansehra),Khyber Pakhtunkhwa,03,,,,,34.452,72.9524,1,sher-garh-mansehra
PK,Pakistan,Pakistán,21460,Darband,Khyber Pakhtunkhwa,03,,,,,34.3289,72.8667,4,darband
PK,Pakistan,Pakistán,22000,Qalanderabad,Khyber Pakhtunkhwa,03,,,,,34.2524,73.2475,1,qalanderabad
PK,Pakistan,Pakistán,22010,Abbottabad Gpo,Khyber Pakhtunkhwa,03,,,,,34.2524,73.2475,1,abbottabad-gpo
PK,Pakistan,Pakistán,22030,Abbottabad Public School,Khyber Pakhtunkhwa,03,,,,,34.2524,73.2475,1,abbottabad-public-school
PK,Pakistan,Pakistán,22040,Ayub Medical College Abbottabad,Khyber Pakhtunkhwa,03,,,,,34.3491,73.2313,1,ayub-medical-college-abbottabad
PK,Pakistan,Pakistán,22044,Mandian,Khyber Pakhtunkhwa,03,,,,,34.3491,73.2313,4,mandian
PK,Pakistan,Pakistán,22050,Jhangi,Khyber Pakhtunkhwa,03,,,,,34.1954,73.2267,4,jhangi
PK,Pakistan,Pakistán,22060,Toba Camp,Khyber Pakhtunkhwa,03,,,,,34.2524,73.2475,1,toba-camp
PK,Pakistan,Pakistán,22070,Kakul,Khyber Pakhtunkhwa,03,,,,,34.2036,73.2827,4,kakul
PK,Pakistan,Pakistán,22080,Nawan Shahr,Khyber Pakhtunkhwa,03,,,,,34.1648,73.2655,4,nawan-shahr
PK,Pakistan,Pakistán,22090,Sheikhul Bandi,Khyber Pakhtunkhwa,03,,,,,34.2524,73.2475,1,sheikhul-bandi
PK,Pakistan,Pakistán,22100,Kuthiala,Khyber Pakhtunkhwa,03,,,,,34.2834,73.4308,4,kuthiala
PK,Pakistan,Pakistán,22106,Richh Bhan,Khyber Pakhtunkhwa,03,,,,,34.2834,73.4308,1,richh-bhan
PK,Pakistan,Pakistán,22110,Pind Kargo Khan,Khyber Pakhtunkhwa,03,,,,,34.2868,73.3528,1,pind-kargo-khan
PK,Pakistan,Pakistán,22120,Sherwan,Khyber Pakhtunkhwa,03,,,,,34.2038,73.0699,4,sherwan
PK,Pakistan,Pakistán,22130,Chamatti,Khyber Pakhtunkhwa,03,,,,,34.2868,73.3528,1,chamatti
PK,Pakistan,Pakistán,22150,Thandayani,Khyber Pakhtunkhwa,03,,,,,34.2868,73.3528,1,thandayani
PK,Pakistan,Pakistán,22160,Chamyali,Khyber Pakhtunkhwa,03,,,,,34.2868,73.3528,1,chamyali
PK,Pakistan,Pakistán,22170,Gamang,Khyber Pakhtunkhwa,03,,,,,34.2868,73.3528,1,gamang
PK,Pakistan,Pakistán,22180,Boi,Khyber Pakhtunkhwa,03,,,,,34.3054,73.4335,4,boi
PK,Pakistan,Pakistán,22190,Dalola,Khyber Pakhtunkhwa,03,,,,,34.3579,73.399,4,dalola
PK,Pakistan,Pakistán,22200,Dhamtaur,Khyber Pakhtunkhwa,03,,,,,34.1352,73.2751,4,dhamtaur
PK,Pakistan,Pakistán,22210,Bagnotar,Khyber Pakhtunkhwa,03,,,,,34.1258,73.341,4,bagnotar
PK,Pakistan,Pakistán,22220,Tharyati,Khyber Pakhtunkhwa,03,,,,,34.0978,73.347,1,tharyati
PK,Pakistan,Pakistán,22230,Biran Gali,Khyber Pakhtunkhwa,03,,,,,34.1814,73.362,4,biran-gali
PK,Pakistan,Pakistán,22250,Namli Maira,Khyber Pakhtunkhwa,03,,,,,34.098,73.3768,4,namli-maira
PK,Pakistan,Pakistán,22260,Nagri Bala,Khyber Pakhtunkhwa,03,,,,,34.0476,73.3369,4,nagri-bala
PK,Pakistan,Pakistán,22270,Kala Bagh (Hazara),Khyber Pakhtunkhwa,03,,,,,34.0978,73.347,1,kala-bagh-hazara
PK,Pakistan,Pakistán,22280,Nathia Gali,Khyber Pakhtunkhwa,03,,,,,34.0688,73.3967,4,nathia-gali
PK,Pakistan,Pakistán,22290,Bagan,Khyber Pakhtunkhwa,03,,,,,34.0277,73.3405,4,bagan
PK,Pakistan,Pakistán,22300,Dunga Gali,Khyber Pakhtunkhwa,03,,,,,34.0547,73.4121,4,dunga-gali
PK,Pakistan,Pakistán,22310,Ayubia,Khyber Pakhtunkhwa,03,,,,,34.0287,73.4074,4,ayubia
PK,Pakistan,Pakistán,22320,Changla Gali,Khyber Pakhtunkhwa,03,,,,,33.9956,73.3767,4,changla-gali
PK,Pakistan,Pakistán,22330,Khaira Gali,Khyber Pakhtunkhwa,03,,,,,33.982,73.3997,4,khaira-gali
PK,Pakistan,Pakistán,22350,Nagri Totlial,Khyber Pakhtunkhwa,03,,,,,33.9902,73.3758,1,nagri-totlial
PK,Pakistan,Pakistán,22360,Lora,Khyber Pakhtunkhwa,03,,,,,33.8901,73.283,4,lora
PK,Pakistan,Pakistán,22370,Gambeer,Khyber Pakhtunkhwa,03,,,,,33.9902,73.3758,1,gambeer
PK,Pakistan,Pakistán,22500,Havelian,Khyber Pakhtunkhwa,03,,,,,34.0535,73.1599,4,havelian
PK,Pakistan,Pakistán,22510,Pak Ordinance Factories Havilian,Khyber Pakhtunkhwa,03,,,,,34.2481,73.0972,1,pak-ordinance-factories-havilian
PK,Pakistan,Pakistán,22520,Havelian Ammunation Depot,Khyber Pakhtunkhwa,03,,,,,34.2481,73.0972,1,havelian-ammunation-depot
PK,Pakistan,Pakistán,22530,Rajoya,Khyber Pakhtunkhwa,03,,,,,34.0779,73.2263,4,rajoya
PK,Pakistan,Pakistán,22540,Chando Maira,Khyber Pakhtunkhwa,03,,,,,34.0069,73.2064,4,chando-maira
PK,Pakistan,Pakistán,22550,Nara,Khyber Pakhtunkhwa,03,,,,,34.368,72.9118,4,nara
PK,Pakistan,Pakistán,22560,Maira Bala,Khyber Pakhtunkhwa,03,,,,,34.3142,72.9291,4,maira-bala
PK,Pakistan,Pakistán,22570,Satura,Khyber Pakhtunkhwa,03,,,,,33.9567,73.243,4,satura
PK,Pakistan,Pakistán,22580,Halli,Khyber Pakhtunkhwa,03,,,,,35.4624,73.1258,4,halli
PK,Pakistan,Pakistán,22584,Baldher,Khyber Pakhtunkhwa,03,,,,,34.0052,73.0901,4,baldher
PK,Pakistan,Pakistán,22590,Sarai Saleh,Khyber Pakhtunkhwa,03,,,,,33.9878,72.9826,4,sarai-saleh
PK,Pakistan,Pakistán,22600,Rehana,Khyber Pakhtunkhwa,03,,,,,33.9452,73.0255,4,rehana
PK,Pakistan,Pakistán,22610,Hattar Industrial Estate,Khyber Pakhtunkhwa,03,,,,,33.9056,72.9514,1,hattar-industrial-estate
PK,Pakistan,Pakistán,22620,Haripur Gpo,Khyber Pakhtunkhwa,03,,,,,33.9056,72.9514,1,haripur-gpo
PK,Pakistan,Pakistán,22630,Haripur Telephone Factory,Khyber Pakhtunkhwa,03,,,,,33.9056,72.9514,1,haripur-telephone-factory
PK,Pakistan,Pakistán,22640,Haripur Central Jail,Khyber Pakhtunkhwa,03,,,,,33.9056,72.9514,1,haripur-central-jail
PK,Pakistan,Pakistán,22650,Khanpur (Hazara),Khyber Pakhtunkhwa,03,,,,,33.804,73.0644,1,khanpur-hazara
PK,Pakistan,Pakistán,22652,Baghpur Dheri,Khyber Pakhtunkhwa,03,,,,,33.804,73.0644,4,baghpur-dheri
PK,Pakistan,Pakistán,22660,Kot Najibullah,Khyber Pakhtunkhwa,03,,,,,33.9339,72.8522,4,kot-najibullah
PK,Pakistan,Pakistán,22680,Kangra Township,Khyber Pakhtunkhwa,03,,,,,33.9056,72.9514,1,kangra-township
PK,Pakistan,Pakistán,22690,Panian,Khyber Pakhtunkhwa,03,,,,,33.9731,72.8511,4,panian
PK,Pakistan,Pakistán,22694,Sarai Gaddai,Khyber Pakhtunkhwa,03,,,,,33.9731,72.8511,1,sarai-gaddai
PK,Pakistan,Pakistán,22700,Mankarai,Khyber Pakhtunkhwa,03,,,,,34.1266,73.0252,1,mankarai
PK,Pakistan,Pakistán,22710,Pind Hasham Khan,Khyber Pakhtunkhwa,03,,,,,34.1266,73.0252,1,pind-hasham-khan
PK,Pakistan,Pakistán,22720,Sarai Niamat Khan,Khyber Pakhtunkhwa,03,,,,,34.0834,73.0365,4,sarai-niamat-khan
PK,Pakistan,Pakistán,22730,Chamhad,Khyber Pakhtunkhwa,03,,,,,34.1143,73.075,4,chamhad
PK,Pakistan,Pakistán,22750,Kakotri,Khyber Pakhtunkhwa,03,,,,,34.1243,73.0116,4,kakotri
PK,Pakistan,Pakistán,22760,Jarral,Khyber Pakhtunkhwa,03,,,,,34.1488,73.0467,4,jarral
PK,Pakistan,Pakistán,22770,Bir,Khyber Pakhtunkhwa,03,,,,,34.1622,72.9563,4,bir
PK,Pakistan,Pakistán,22780,Badhora,Khyber Pakhtunkhwa,03,,,,,34.1266,73.0252,1,badhora
PK,Pakistan,Pakistán,22800,Khalabat Township,Khyber Pakhtunkhwa,03,,,,,34.0221,72.9109,4,khalabat-township
PK,Pakistan,Pakistán,22810,Kalangar,Khyber Pakhtunkhwa,03,,,,,34.1142,71.9257,4,kalangar
PK,Pakistan,Pakistán,22830,Gudwalian,Khyber Pakhtunkhwa,03,,,,,34.0481,72.6084,1,gudwalian
PK,Pakistan,Pakistán,22840,Sirikot,Khyber Pakhtunkhwa,03,,,,,34.0428,72.7739,4,sirikot
PK,Pakistan,Pakistán,22844,Kandi Umer Khan,Khyber Pakhtunkhwa,03,,,,,34.0428,72.7739,1,kandi-umer-khan
PK,Pakistan,Pakistán,22850,Tarbela Dam Colony,Khyber Pakhtunkhwa,03,,,,,34.0481,72.6084,1,tarbela-dam-colony
PK,Pakistan,Pakistán,22860,Ghazi,Khyber Pakhtunkhwa,03,,,,,34.0186,72.6577,4,ghazi
PK,Pakistan,Pakistán,22870,Dewan Suleman Farooq Industrial Area,Khyber Pakhtunkhwa,03,,,,,34.0481,72.6084,1,dewan-suleman-farooq-industrial-area
PK,Pakistan,Pakistán,23000,Thana,Khyber Pakhtunkhwa,03,,,,,34.6383,72.0734,4,thana
PK,Pakistan,Pakistán,23010,Dheri Alla Dhand,Khyber Pakhtunkhwa,03,,,,,34.582,71.9332,1,dheri-alla-dhand
PK,Pakistan,Pakistán,23020,Batkhela Gpo,Khyber Pakhtunkhwa,03,,,,,34.582,71.9332,1,batkhela-gpo
PK,Pakistan,Pakistán,23030,Totakan,Khyber Pakhtunkhwa,03,,,,,34.6178,71.8255,4,totakan
PK,Pakistan,Pakistán,23040,Gamseer,Khyber Pakhtunkhwa,03,,,,,34.582,71.9332,1,gamseer
PK,Pakistan,Pakistán,23050,Malakand,Khyber Pakhtunkhwa,03,,,,,34.5656,71.9304,4,malakand
PK,Pakistan,Pakistán,23060,Dargai,Khyber Pakhtunkhwa,03,,,,,34.5063,71.9033,4,dargai
PK,Pakistan,Pakistán,23090,Baizu Kharki,Khyber Pakhtunkhwa,03,,,,,34.582,71.9332,1,baizu-kharki
PK,Pakistan,Pakistán,23100,Sher Garh,Khyber Pakhtunkhwa,03,,,,,34.3934,71.8982,4,sher-garh
PK,Pakistan,Pakistán,23120,Hathian,Khyber Pakhtunkhwa,03,,,,,34.3934,71.9156,4,hathian
PK,Pakistan,Pakistán,23130,Lund Khawar,Khyber Pakhtunkhwa,03,,,,,34.34,71.9402,1,lund-khawar
PK,Pakistan,Pakistán,23140,Tazagram,Khyber Pakhtunkhwa,03,,,,,34.4552,72.0582,4,tazagram
PK,Pakistan,Pakistán,23150,Jalala,Khyber Pakhtunkhwa,03,,,,,34.3353,71.9024,4,jalala
PK,Pakistan,Pakistán,23154,Umarabad,Khyber Pakhtunkhwa,03,,,,,34.3327,71.9539,4,umarabad
PK,Pakistan,Pakistán,23164,Takkar,Khyber Pakhtunkhwa,03,,,,,34.2883,71.8973,4,takkar
PK,Pakistan,Pakistán,23166,Gharibabad,Khyber Pakhtunkhwa,03,,,,,34.2932,71.8799,4,gharibabad
PK,Pakistan,Pakistán,23170,Gujar Garhi,Khyber Pakhtunkhwa,03,,,,,34.2288,72.0159,4,gujar-garhi
PK,Pakistan,Pakistán,23200,Mardan Gpo,Khyber Pakhtunkhwa,03,,,,,34.2798,71.9493,1,mardan-gpo
PK,Pakistan,Pakistán,23210,Mardan Sugar Research Institute,Khyber Pakhtunkhwa,03,,,,,34.2798,71.9493,1,mardan-sugar-research-institute
PK,Pakistan,Pakistán,23220,Bakhshali,Khyber Pakhtunkhwa,03,,,,,34.2836,72.1504,4,bakhshali
PK,Pakistan,Pakistán,23230,Jamal Garhi,Khyber Pakhtunkhwa,03,,,,,33.9923,71.601,4,jamal-garhi
PK,Pakistan,Pakistán,23240,Katlang,Khyber Pakhtunkhwa,03,,,,,34.3444,72.0678,4,katlang
PK,Pakistan,Pakistán,23250,Babu Zai,Khyber Pakhtunkhwa,03,,,,,34.2798,71.9493,1,babu-zai
PK,Pakistan,Pakistán,23260,Kohi Barmol,Khyber Pakhtunkhwa,03,,,,,34.4879,72.1133,4,kohi-barmol
PK,Pakistan,Pakistán,23270,Plai,Khyber Pakhtunkhwa,03,,,,,34.4065,71.6789,4,plai
PK,Pakistan,Pakistán,23280,Sattar Khan Colony,Khyber Pakhtunkhwa,03,,,,,34.2798,71.9493,1,sattar-khan-colony
PK,Pakistan,Pakistán,23290,Mayar,Khyber Pakhtunkhwa,03,,,,,34.164,72.0843,4,mayar
PK,Pakistan,Pakistán,23300,Toru,Khyber Pakhtunkhwa,03,,,,,34.1445,72.0948,4,toru
PK,Pakistan,Pakistán,23310,Garhi Kapura,Khyber Pakhtunkhwa,03,,,,,34.1986,72.1642,4,garhi-kapura
PK,Pakistan,Pakistán,23320,Yar Hussain,Khyber Pakhtunkhwa,03,,,,,34.1728,72.2728,4,yar-hussain
PK,Pakistan,Pakistán,23330,Dobian,Khyber Pakhtunkhwa,03,,,,,34.3096,72.0894,1,dobian
PK,Pakistan,Pakistán,23340,Dogai,Khyber Pakhtunkhwa,03,,,,,34.8428,71.9553,4,dogai
PK,Pakistan,Pakistán,23350,Gujrat (Mardan),Khyber Pakhtunkhwa,03,,,,,34.287,72.1618,4,gujrat-mardan
PK,Pakistan,Pakistán,23360,Sawal Dher,Khyber Pakhtunkhwa,03,,,,,34.3096,72.0894,1,sawal-dher
PK,Pakistan,Pakistán,23370,Rustam,Khyber Pakhtunkhwa,03,,,,,34.3464,72.2789,4,rustam
PK,Pakistan,Pakistán,23380,Palo Dheri,Khyber Pakhtunkhwa,03,,,,,34.1752,71.6977,4,palo-dheri
PK,Pakistan,Pakistán,23390,Shah Baz Garhi,Khyber Pakhtunkhwa,03,,,,,34.3096,72.0894,1,shah-baz-garhi
PK,Pakistan,Pakistán,23400,Ismaila,Khyber Pakhtunkhwa,03,,,,,34.2215,72.2422,4,ismaila
PK,Pakistan,Pakistán,23410,Kalu Khan,Khyber Pakhtunkhwa,03,,,,,34.2123,72.2962,4,kalu-khan
PK,Pakistan,Pakistán,23420,Nawan Killi,Khyber Pakhtunkhwa,03,,,,,34.378,71.5886,4,nawan-killi
PK,Pakistan,Pakistán,23422,Sheikh Jana,Khyber Pakhtunkhwa,03,,,,,34.5478,71.8224,1,sheikh-jana
PK,Pakistan,Pakistán,23424,Shewa,Khyber Pakhtunkhwa,03,,,,,34.7175,72.0562,4,shewa
PK,Pakistan,Pakistán,23430,Sawabi,Khyber Pakhtunkhwa,03,,,,,34.1313,72.857,4,sawabi
PK,Pakistan,Pakistán,23434,Totlai,Khyber Pakhtunkhwa,03,,,,,34.1313,72.857,1,totlai
PK,Pakistan,Pakistán,23440,Bamkhel,Khyber Pakhtunkhwa,03,,,,,34.2515,72.386,1,bamkhel
PK,Pakistan,Pakistán,23450,Maini,Khyber Pakhtunkhwa,03,,,,,34.1176,72.6085,4,maini
PK,Pakistan,Pakistán,23454,Gadoon Amazai,Khyber Pakhtunkhwa,03,,,,,34.1176,72.6085,1,gadoon-amazai
PK,Pakistan,Pakistán,23460,Topi,Khyber Pakhtunkhwa,03,,,,,34.0703,72.6215,4,topi
PK,Pakistan,Pakistán,23470,Right Bank (Tarbella),Khyber Pakhtunkhwa,03,,,,,34.2515,72.386,1,right-bank-tarbella
PK,Pakistan,Pakistán,23480,Gandaf,Khyber Pakhtunkhwa,03,,,,,34.1209,72.6876,4,gandaf
PK,Pakistan,Pakistán,23490,Deval,Khyber Pakhtunkhwa,03,,,,,34.2515,72.386,1,deval
PK,Pakistan,Pakistán,23500,Kotha,Khyber Pakhtunkhwa,03,,,,,34.0678,72.5838,4,kotha
PK,Pakistan,Pakistán,23510,Zarobi,Khyber Pakhtunkhwa,03,,,,,34.0326,72.5653,4,zarobi
PK,Pakistan,Pakistán,23520,Kalabat,Khyber Pakhtunkhwa,03,,,,,34.0744,72.5506,4,kalabat
PK,Pakistan,Pakistán,23530,Marghuz,Khyber Pakhtunkhwa,03,,,,,34.0695,72.5324,4,marghuz
PK,Pakistan,Pakistán,23540,Zaida,Khyber Pakhtunkhwa,03,,,,,34.0595,72.4669,4,zaida
PK,Pakistan,Pakistán,23550,Garmanara,Khyber Pakhtunkhwa,03,,,,,34.0573,72.4944,1,garmanara
PK,Pakistan,Pakistán,23560,Khunda,Khyber Pakhtunkhwa,03,,,,,34.05,72.4308,4,khunda
PK,Pakistan,Pakistán,23570,Lahor Chhota (Mardan),Khyber Pakhtunkhwa,03,,,,,34.0573,72.4944,1,lahor-chhota-mardan
PK,Pakistan,Pakistán,23580,Jalsai,Khyber Pakhtunkhwa,03,,,,,34.0473,72.3312,4,jalsai
PK,Pakistan,Pakistán,23600,Jalbai,Khyber Pakhtunkhwa,03,,,,,34.0135,72.2656,4,jalbai
PK,Pakistan,Pakistán,23610,Tordher,Khyber Pakhtunkhwa,03,,,,,33.9905,72.2863,4,tordher
PK,Pakistan,Pakistán,23620,Jehan Gira,Khyber Pakhtunkhwa,03,,,,,34.0308,72.3442,1,jehan-gira
PK,Pakistan,Pakistán,23630,Panjpir,Khyber Pakhtunkhwa,03,,,,,34.0884,72.4808,4,panjpir
PK,Pakistan,Pakistán,23640,Ghulam Ishaq Khan Institute,Khyber Pakhtunkhwa,03,,,,,34.0308,72.3442,1,ghulam-ishaq-khan-institute
PK,Pakistan,Pakistán,23650,Shah Mansoor,Khyber Pakhtunkhwa,03,,,,,34.0308,72.3442,1,shah-mansoor
PK,Pakistan,Pakistán,23660,Mohabatabad,Khyber Pakhtunkhwa,03,,,,,34.0308,72.3442,1,mohabatabad
PK,Pakistan,Pakistán,24000,Khair Abad,Khyber Pakhtunkhwa,03,,,,,34.0038,72.1273,1,khair-abad
PK,Pakistan,Pakistán,24010,Nizam Pur,Khyber Pakhtunkhwa,03,,,,,34.0038,72.1273,1,nizam-pur
PK,Pakistan,Pakistán,24020,Allah Bakhash Colony,Khyber Pakhtunkhwa,03,,,,,34.0038,72.1273,1,allah-bakhash-colony
PK,Pakistan,Pakistán,24030,Shaidu,Khyber Pakhtunkhwa,03,,,,,33.9769,72.1817,4,shaidu
PK,Pakistan,Pakistán,24040,Akora Khattak,Khyber Pakhtunkhwa,03,,,,,34.0034,72.1256,4,akora-khattak
PK,Pakistan,Pakistán,24044,Zara Miana,Khyber Pakhtunkhwa,03,,,,,34.0215,72.0783,4,zara-miana
PK,Pakistan,Pakistán,24050,Pir Sabaq,Khyber Pakhtunkhwa,03,,,,,34.0038,72.1273,1,pir-sabaq
PK,Pakistan,Pakistán,24060,Misri Banda,Khyber Pakhtunkhwa,03,,,,,34.0134,72.1235,4,misri-banda
PK,Pakistan,Pakistán,24070,Raskai,Khyber Pakhtunkhwa,03,,,,,34.0038,72.1273,1,raskai
PK,Pakistan,Pakistán,24080,Risal Pur,Khyber Pakhtunkhwa,03,,,,,34.0038,72.1273,1,risal-pur
PK,Pakistan,Pakistán,24090,Risal Pur P.A.F,Khyber Pakhtunkhwa,03,,,,,34.0038,72.1273,1,risal-pur-p-a-f
PK,Pakistan,Pakistán,24100,Nowshera Gpo,Khyber Pakhtunkhwa,03,,,,,33.9684,71.9268,1,nowshera-gpo
PK,Pakistan,Pakistán,24110,Nowshera City,Khyber Pakhtunkhwa,03,,,,,33.9684,71.9268,1,nowshera-city
PK,Pakistan,Pakistán,24120,Kheshki Payan,Khyber Pakhtunkhwa,03,,,,,33.9684,71.9268,1,kheshki-payan
PK,Pakistan,Pakistán,24130,Ziarat Kaka Sahib,Khyber Pakhtunkhwa,03,,,,,33.9251,72.0357,4,ziarat-kaka-sahib
PK,Pakistan,Pakistán,24140,Manki Sharif,Khyber Pakhtunkhwa,03,,,,,33.9412,71.9747,4,manki-sharif
PK,Pakistan,Pakistán,24160,Feroz Sons Nowshera,Khyber Pakhtunkhwa,03,,,,,33.9684,71.9268,1,feroz-sons-nowshera
PK,Pakistan,Pakistán,24170,Adamjee Paper Board Mills Nowshera,Khyber Pakhtunkhwa,03,,,,,33.9684,71.9268,1,adamjee-paper-board-mills-nowshera
PK,Pakistan,Pakistán,24180,Pirpai,Khyber Pakhtunkhwa,03,,,,,33.9897,71.8831,1,pirpai
PK,Pakistan,Pakistán,24182,Aza Khel Payan,Khyber Pakhtunkhwa,03,,,,,33.9897,71.8831,4,aza-khel-payan
PK,Pakistan,Pakistán,24190,Aza Khel Bala,Khyber Pakhtunkhwa,03,,,,,33.9961,71.8572,4,aza-khel-bala
PK,Pakistan,Pakistán,24200,Dagai Banda,Khyber Pakhtunkhwa,03,,,,,33.8908,71.8286,1,dagai-banda
PK,Pakistan,Pakistán,24210,Pabbi,Khyber Pakhtunkhwa,03,,,,,34.0097,71.7945,4,pabbi
PK,Pakistan,Pakistán,24220,Pabbi Railway Station,Khyber Pakhtunkhwa,03,,,,,33.8908,71.8286,1,pabbi-railway-station
PK,Pakistan,Pakistán,24230,Banda Mohib,Khyber Pakhtunkhwa,03,,,,,33.8908,71.8286,1,banda-mohib
PK,Pakistan,Pakistán,24240,Jallozai,Khyber Pakhtunkhwa,03,,,,,33.9117,71.8182,4,jallozai
PK,Pakistan,Pakistán,24250,Spin Khak,Khyber Pakhtunkhwa,03,,,,,33.8654,71.7674,4,spin-khak
PK,Pakistan,Pakistán,24260,Dak Ismail Khel,Khyber Pakhtunkhwa,03,,,,,33.8908,71.8286,1,dak-ismail-khel
PK,Pakistan,Pakistán,24270,Saleh Khana,Khyber Pakhtunkhwa,03,,,,,33.8436,71.8701,4,saleh-khana
PK,Pakistan,Pakistán,24280,Cherat,Khyber Pakhtunkhwa,03,,,,,33.8234,71.8929,4,cherat
PK,Pakistan,Pakistán,24300,Urmar Payan,Khyber Pakhtunkhwa,03,,,,,33.961,71.7296,4,urmar-payan
PK,Pakistan,Pakistán,24302,Banda Sheikh Ismail,Khyber Pakhtunkhwa,03,,,,,33.961,71.7296,1,banda-sheikh-ismail
PK,Pakistan,Pakistán,24310,Tarru Jabba,Khyber Pakhtunkhwa,03,,,,,33.988,71.6649,1,tarru-jabba
PK,Pakistan,Pakistán,24320,Akbar Pura,Khyber Pakhtunkhwa,03,,,,,33.988,71.6649,1,akbar-pura
PK,Pakistan,Pakistán,24330,Tarnab Farm,Khyber Pakhtunkhwa,03,,,,,33.988,71.6649,1,tarnab-farm
PK,Pakistan,Pakistán,24350,Chamkani,Khyber Pakhtunkhwa,03,,,,,34.0066,71.6492,4,chamkani
PK,Pakistan,Pakistán,24360,Musa Zai,Khyber Pakhtunkhwa,03,,,,,33.9729,71.6078,4,musa-zai
PK,Pakistan,Pakistán,24370,Pakha Ghulam,Khyber Pakhtunkhwa,03,,,,,34.0384,71.6085,4,pakha-ghulam
PK,Pakistan,Pakistán,24400,Daud Zai,Khyber Pakhtunkhwa,03,,,,,34.0879,71.6704,1,daud-zai
PK,Pakistan,Pakistán,24420,Charsadda Gpo,Khyber Pakhtunkhwa,03,,,,,34.0879,71.6704,1,charsadda-gpo
PK,Pakistan,Pakistán,24424,Kamran Kalay,Khyber Pakhtunkhwa,03,,,,,34.0879,71.6704,1,kamran-kalay
PK,Pakistan,Pakistán,24450,Nisatta,Khyber Pakhtunkhwa,03,,,,,34.0879,71.6704,1,nisatta
PK,Pakistan,Pakistán,24460,Sardheri Bazar,Khyber Pakhtunkhwa,03,,,,,34.0879,71.6704,1,sardheri-bazar
PK,Pakistan,Pakistán,24470,Sheikhabad,Khyber Pakhtunkhwa,03,,,,,34.0065,71.5866,4,sheikhabad
PK,Pakistan,Pakistán,24480,Rajjar,Khyber Pakhtunkhwa,03,,,,,34.1694,71.7542,4,rajjar
PK,Pakistan,Pakistán,24490,Taurangzai,Khyber Pakhtunkhwa,03,,,,,34.0879,71.6704,1,taurangzai
PK,Pakistan,Pakistán,24500,Utmanzai,Khyber Pakhtunkhwa,03,,,,,33.9406,71.5456,4,utmanzai
PK,Pakistan,Pakistán,24502,Amirabad,Khyber Pakhtunkhwa,03,,,,,34.2291,71.574,4,amirabad
PK,Pakistan,Pakistán,24504,Mandori,Khyber Pakhtunkhwa,03,,,,,32.9393,70.6456,4,mandori
PK,Pakistan,Pakistán,24506,Dhakhi,Khyber Pakhtunkhwa,03,,,,,33.703,71.255,1,dhakhi
PK,Pakistan,Pakistán,24508,Shakoor,Khyber Pakhtunkhwa,03,,,,,33.703,71.255,1,shakoor
PK,Pakistan,Pakistán,24510,Umarzai,Khyber Pakhtunkhwa,03,,,,,34.2372,71.724,4,umarzai
PK,Pakistan,Pakistán,24520,Hari Chand,Khyber Pakhtunkhwa,03,,,,,34.3849,71.8057,4,hari-chand
PK,Pakistan,Pakistán,24530,Sherpao,Khyber Pakhtunkhwa,03,,,,,34.2628,71.6975,4,sherpao
PK,Pakistan,Pakistán,24540,Tangi,Khyber Pakhtunkhwa,03,,,,,33.9469,72.0052,4,tangi
PK,Pakistan,Pakistán,24550,Abazai,Khyber Pakhtunkhwa,03,,,,,34.3193,71.5926,4,abazai
PK,Pakistan,Pakistán,24600,Tarnab Cheena,Khyber Pakhtunkhwa,03,,,,,34.221,71.5962,1,tarnab-cheena
PK,Pakistan,Pakistán,24610,Amba Dher,Khyber Pakhtunkhwa,03,,,,,34.1877,71.6609,4,amba-dher
PK,Pakistan,Pakistán,24620,Kangra,Khyber Pakhtunkhwa,03,,,,,34.2007,71.6031,4,kangra
PK,Pakistan,Pakistán,24630,Shabqadar Fort,Khyber Pakhtunkhwa,03,,,,,34.216,71.5548,4,shabqadar-fort
PK,Pakistan,Pakistán,24640,Matta Mughal Khel,Khyber Pakhtunkhwa,03,,,,,34.2796,71.566,4,matta-mughal-khel
PK,Pakistan,Pakistán,24650,Ghalnai,Khyber Pakhtunkhwa,03,,,,,34.221,71.5962,1,ghalnai
PK,Pakistan,Pakistán,24680,Warsak Colony,Khyber Pakhtunkhwa,03,,,,,34.221,71.5962,1,warsak-colony
PK,Pakistan,Pakistán,24700,Nasir Bagh,Khyber Pakhtunkhwa,03,,,,,34.0406,71.4326,4,nasir-bagh
PK,Pakistan,Pakistán,24710,Regi,Khyber Pakhtunkhwa,03,,,,,34.0503,71.4612,4,regi
PK,Pakistan,Pakistán,24720,Peshawar Industrial Estate,Khyber Pakhtunkhwa,03,,,,,34.0478,71.3537,1,peshawar-industrial-estate
PK,Pakistan,Pakistán,24730,Jamrud,Khyber Pakhtunkhwa,03,,,,,34.0015,71.3801,4,jamrud
PK,Pakistan,Pakistán,24740,Landi Kotal,Khyber Pakhtunkhwa,03,,,,,34.0988,71.1411,4,landi-kotal
PK,Pakistan,Pakistán,24800,Bara Fort,Khyber Pakhtunkhwa,03,,,,,33.9086,71.4721,4,bara-fort
PK,Pakistan,Pakistán,24810,Mashoo Khel,Khyber Pakhtunkhwa,03,,,,,32.3356,71.3527,1,mashoo-khel
PK,Pakistan,Pakistán,24820,Pawaka,Khyber Pakhtunkhwa,03,,,,,32.3356,71.3527,1,pawaka
PK,Pakistan,Pakistán,24830,Badhber Paf Camp,Khyber Pakhtunkhwa,03,,,,,32.3356,71.3527,1,badhber-paf-camp
PK,Pakistan,Pakistán,24840,Badbher,Khyber Pakhtunkhwa,03,,,,,33.9232,71.5608,4,badbher
PK,Pakistan,Pakistán,24850,Mathani,Khyber Pakhtunkhwa,03,,,,,29.1749,71.0252,4,mathani
PK,Pakistan,Pakistán,24860,Sherkira,Khyber Pakhtunkhwa,03,,,,,32.3356,71.3527,1,sherkira
PK,Pakistan,Pakistán,25000,Peshawar Gpo,Khyber Pakhtunkhwa,03,,,,,34.1735,71.6831,1,peshawar-gpo
PK,Pakistan,Pakistán,25100,Hayatabad (Phase-I),Khyber Pakhtunkhwa,03,,,,,34.0119,71.5146,1,hayatabad-phase-i
PK,Pakistan,Pakistán,25110,Peshawar Education Board,Khyber Pakhtunkhwa,03,,,,,34.0119,71.5146,1,peshawar-education-board
PK,Pakistan,Pakistán,25120,Peshawar University,Khyber Pakhtunkhwa,03,,,,,34.0119,71.5146,1,peshawar-university
PK,Pakistan,Pakistán,25124,Hayatabad Phase-Ii,Khyber Pakhtunkhwa,03,,,,,34.0119,71.5146,1,hayatabad-phase-ii
PK,Pakistan,Pakistán,25130,Pak Forest Institute Peshawar,Khyber Pakhtunkhwa,03,,,,,34.0119,71.5146,1,pak-forest-institute-peshawar
PK,Pakistan,Pakistán,25140,Tehkal Bala,Khyber Pakhtunkhwa,03,,,,,34.0115,71.5073,4,tehkal-bala
PK,Pakistan,Pakistán,25150,Tehkal Payan,Khyber Pakhtunkhwa,03,,,,,34.0124,71.5219,4,tehkal-payan
PK,Pakistan,Pakistán,25160,Peshawar C.T. Training School,Khyber Pakhtunkhwa,03,,,,,34.0119,71.5146,1,peshawar-c-t-training-school
PK,Pakistan,Pakistán,25170,Sakhi Chashma,Khyber Pakhtunkhwa,03,,,,,34.0119,71.5146,1,sakhi-chashma
PK,Pakistan,Pakistán,25200,Yaka Toot,Khyber Pakhtunkhwa,03,,,,,34.5372,72.0622,1,yaka-toot
PK,Pakistan,Pakistán,25210,Peshawar Poly Technical College,Khyber Pakhtunkhwa,03,,,,,34.5372,72.0622,1,peshawar-poly-technical-college
PK,Pakistan,Pakistán,25220,Landi Arbab,Khyber Pakhtunkhwa,03,,,,,33.9805,71.549,4,landi-arbab
PK,Pakistan,Pakistán,25230,Sar Band,Khyber Pakhtunkhwa,03,,,,,35.0938,72.5755,4,sar-band
PK,Pakistan,Pakistán,26000,Kohat Gpo,Khyber Pakhtunkhwa,03,,,,,34.8574,72.4669,1,kohat-gpo
PK,Pakistan,Pakistán,26010,Togh Bala,Khyber Pakhtunkhwa,03,,,,,33.5552,71.5012,4,togh-bala
PK,Pakistan,Pakistán,26014,Sher Kot,Khyber Pakhtunkhwa,03,,,,,35.4465,73.2801,4,sher-kot
PK,Pakistan,Pakistán,26020,Kohat Police Recruit Training Centre,Khyber Pakhtunkhwa,03,,,,,34.8574,72.4669,1,kohat-police-recruit-training-centre
PK,Pakistan,Pakistán,26030,Kohat Cadet College,Khyber Pakhtunkhwa,03,,,,,34.8574,72.4669,1,kohat-cadet-college
PK,Pakistan,Pakistán,26050,Kohat Gunners Line,Khyber Pakhtunkhwa,03,,,,,34.8574,72.4669,1,kohat-gunners-line
PK,Pakistan,Pakistán,26054,Kohat Satellite Town,Khyber Pakhtunkhwa,03,,,,,34.8574,72.4669,1,kohat-satellite-town
PK,Pakistan,Pakistán,26060,Habib Abad,Khyber Pakhtunkhwa,03,,,,,35.214,72.5433,4,habib-abad
PK,Pakistan,Pakistán,26064,Kohat Board Of Education,Khyber Pakhtunkhwa,03,,,,,35.214,72.5433,1,kohat-board-of-education
PK,Pakistan,Pakistán,26070,Kohat J.D.M.T.Mills,Khyber Pakhtunkhwa,03,,,,,34.8574,72.4669,1,kohat-j-d-m-t-mills
PK,Pakistan,Pakistán,26080,Kohat P.A.F.,Khyber Pakhtunkhwa,03,,,,,34.8574,72.4669,1,kohat-p-a-f
PK,Pakistan,Pakistán,26090,Kohat Officers Training School,Khyber Pakhtunkhwa,03,,,,,34.8574,72.4669,1,kohat-officers-training-school
PK,Pakistan,Pakistán,26100,Dara Adam Khel,Khyber Pakhtunkhwa,03,,,,,33.5488,71.3161,1,dara-adam-khel
PK,Pakistan,Pakistán,26110,Billi Tang,Khyber Pakhtunkhwa,03,,,,,33.5488,71.3161,1,billi-tang
PK,Pakistan,Pakistán,26120,Seni Gumbat,Khyber Pakhtunkhwa,03,,,,,33.494,71.6752,4,seni-gumbat
PK,Pakistan,Pakistán,26160,Nasrat Khel,Khyber Pakhtunkhwa,03,,,,,33.596,71.3384,4,nasrat-khel
PK,Pakistan,Pakistán,26170,Uster Zai Payan,Khyber Pakhtunkhwa,03,,,,,33.5488,71.3161,1,uster-zai-payan
PK,Pakistan,Pakistán,26180,Hangu Police Training School,Khyber Pakhtunkhwa,03,,,,,33.5488,71.3161,1,hangu-police-training-school
PK,Pakistan,Pakistán,26190,Hangu,Khyber Pakhtunkhwa,03,,,,,33.532,71.0595,4,hangu
PK,Pakistan,Pakistán,26196,Raisan,Khyber Pakhtunkhwa,03,,,,,33.5732,71.1913,4,raisan
PK,Pakistan,Pakistán,26200,Togh Sarai,Khyber Pakhtunkhwa,03,,,,,33.4442,70.9755,4,togh-sarai
PK,Pakistan,Pakistán,26210,Zargeri,Khyber Pakhtunkhwa,03,,,,,33.4991,70.6876,1,zargeri
PK,Pakistan,Pakistán,26220,Kahi,Khyber Pakhtunkhwa,03,,,,,33.4752,70.8612,4,kahi
PK,Pakistan,Pakistán,26230,Naryab,Khyber Pakhtunkhwa,03,,,,,33.4833,70.7814,4,naryab
PK,Pakistan,Pakistán,26240,Doaba,Khyber Pakhtunkhwa,03,,,,,33.4245,70.7368,4,doaba
PK,Pakistan,Pakistán,26250,Sarozai,Khyber Pakhtunkhwa,03,,,,,33.4243,70.7838,4,sarozai
PK,Pakistan,Pakistán,26260,Thull Fort,Khyber Pakhtunkhwa,03,,,,,33.4991,70.6876,1,thull-fort
PK,Pakistan,Pakistán,26270,Thull City,Khyber Pakhtunkhwa,03,,,,,33.4991,70.6876,1,thull-city
PK,Pakistan,Pakistán,26280,Alizai,Khyber Pakhtunkhwa,03,,,,,33.5361,70.3461,4,alizai
PK,Pakistan,Pakistán,26290,Sadda,Khyber Pakhtunkhwa,03,,,,,33.7059,70.3288,4,sadda
PK,Pakistan,Pakistán,26300,Parachinar,Khyber Pakhtunkhwa,03,,,,,33.8997,70.1001,4,parachinar
PK,Pakistan,Pakistán,26350,Surgul,Khyber Pakhtunkhwa,03,,,,,33.51,71.3842,4,surgul
PK,Pakistan,Pakistán,26352,Gada Khel,Khyber Pakhtunkhwa,03,,,,,33.4723,71.4057,4,gada-khel
PK,Pakistan,Pakistán,26360,Lachi,Khyber Pakhtunkhwa,03,,,,,33.3829,71.3373,4,lachi
PK,Pakistan,Pakistán,26380,Shakar Dara,Khyber Pakhtunkhwa,03,,,,,33.7921,70.3175,4,shakar-dara
PK,Pakistan,Pakistán,26390,Teri,Khyber Pakhtunkhwa,03,,,,,33.2945,71.1021,4,teri
PK,Pakistan,Pakistán,26400,Banda Daud Shah,Khyber Pakhtunkhwa,03,,,,,33.2724,71.1821,4,banda-daud-shah
PK,Pakistan,Pakistán,26410,Dagar Nari,Khyber Pakhtunkhwa,03,,,,,33.2724,71.1821,1,dagar-nari
PK,Pakistan,Pakistán,27000,Sabir Abad,Khyber Pakhtunkhwa,03,,,,,33.2466,70.8362,1,sabir-abad
PK,Pakistan,Pakistán,27100,Mitha Khel,Khyber Pakhtunkhwa,03,,,,,33.0163,70.9032,4,mitha-khel
PK,Pakistan,Pakistán,27200,Karak Gpo,Khyber Pakhtunkhwa,03,,,,,33.2466,70.8362,1,karak-gpo
PK,Pakistan,Pakistán,27210,Mohabati Killa,Khyber Pakhtunkhwa,03,,,,,33.2466,70.8362,1,mohabati-killa
PK,Pakistan,Pakistán,27220,Ghundi Mir Khan,Khyber Pakhtunkhwa,03,,,,,33.2466,70.8362,1,ghundi-mir-khan
PK,Pakistan,Pakistán,27300,Chokara,Khyber Pakhtunkhwa,03,,,,,33.2466,70.8362,1,chokara
PK,Pakistan,Pakistán,27400,Thatti Nasrati,Khyber Pakhtunkhwa,03,,,,,33.0049,71.0838,4,thatti-nasrati
PK,Pakistan,Pakistán,27410,Bahadur Khel,Khyber Pakhtunkhwa,03,,,,,33.1819,70.9554,4,bahadur-khel
PK,Pakistan,Pakistán,27500,Inzar Banda,Khyber Pakhtunkhwa,03,,,,,33.2253,71.1598,4,inzar-banda
PK,Pakistan,Pakistán,27600,Land Kamar,Khyber Pakhtunkhwa,03,,,,,33.7367,70.6801,4,land-kamar
PK,Pakistan,Pakistán,27800,Latamber,Khyber Pakhtunkhwa,03,,,,,33.2805,70.5354,1,latamber
PK,Pakistan,Pakistán,27810,Warana,Khyber Pakhtunkhwa,03,,,,,33.2805,70.5354,4,warana
PK,Pakistan,Pakistán,27900,Dab Begu Khel,Khyber Pakhtunkhwa,03,,,,,33.2466,70.8362,1,dab-begu-khel
PK,Pakistan,Pakistán,28010,Domel (Bannu),Khyber Pakhtunkhwa,03,,,,,32.9931,70.7802,1,domel-bannu
PK,Pakistan,Pakistán,28020,Khadar Khan Khel,Khyber Pakhtunkhwa,03,,,,,32.9931,70.7802,1,khadar-khan-khel
PK,Pakistan,Pakistán,28030,Nizam Bazar,Khyber Pakhtunkhwa,03,,,,,33.0047,70.6406,4,nizam-bazar
PK,Pakistan,Pakistán,28040,Torka,Khyber Pakhtunkhwa,03,,,,,32.9931,70.7802,1,torka
PK,Pakistan,Pakistán,28050,Miryan,Khyber Pakhtunkhwa,03,,,,,32.9815,70.9199,4,miryan
PK,Pakistan,Pakistán,28100,Bannu Gpo,Khyber Pakhtunkhwa,03,,,,,34.1566,71.7264,1,bannu-gpo
PK,Pakistan,Pakistán,28106,Skindar Khel Bala,Khyber Pakhtunkhwa,03,,,,,34.1566,71.7264,1,skindar-khel-bala
PK,Pakistan,Pakistán,28108,Hussainabad,Khyber Pakhtunkhwa,03,,,,,34.1566,71.7264,4,hussainabad
PK,Pakistan,Pakistán,28120,Shabaz Azmat Khel,Khyber Pakhtunkhwa,03,,,,,33.5982,71.092,1,shabaz-azmat-khel
PK,Pakistan,Pakistán,28122,Awan Ghambeer,Khyber Pakhtunkhwa,03,,,,,33.5982,71.092,1,awan-ghambeer
PK,Pakistan,Pakistán,28140,Mamesh Khel,Khyber Pakhtunkhwa,03,,,,,32.9726,70.5017,1,mamesh-khel
PK,Pakistan,Pakistán,28142,Baka Khel,Khyber Pakhtunkhwa,03,,,,,32.9726,70.5017,4,baka-khel
PK,Pakistan,Pakistán,28150,Pipal Bazar,Khyber Pakhtunkhwa,03,,,,,33.5982,71.092,1,pipal-bazar
PK,Pakistan,Pakistán,28170,Mir Ali,Khyber Pakhtunkhwa,03,,,,,33.1744,70.3692,4,mir-ali
PK,Pakistan,Pakistán,28180,Mir Ali Adda,Khyber Pakhtunkhwa,03,,,,,33.5982,71.092,1,mir-ali-adda
PK,Pakistan,Pakistán,28200,Sarai Miranshah,Khyber Pakhtunkhwa,03,,,,,32.9336,70.0615,1,sarai-miranshah
PK,Pakistan,Pakistán,28210,Boya,Khyber Pakhtunkhwa,03,,,,,32.9606,69.9181,4,boya
PK,Pakistan,Pakistán,28220,Data Khel,Khyber Pakhtunkhwa,03,,,,,33.1509,70.4322,4,data-khel
PK,Pakistan,Pakistán,28250,District Court Lakki,Khyber Pakhtunkhwa,03,,,,,32.9336,70.0615,1,district-court-lakki
PK,Pakistan,Pakistán,28260,Razkak Cadet College,Khyber Pakhtunkhwa,03,,,,,32.9336,70.0615,1,razkak-cadet-college
PK,Pakistan,Pakistán,28270,Razmak,Khyber Pakhtunkhwa,03,,,,,32.6893,69.8343,4,razmak
PK,Pakistan,Pakistán,28300,Adda Mir Abbas,Khyber Pakhtunkhwa,03,,,,,32.788,70.7017,1,adda-mir-abbas
PK,Pakistan,Pakistán,28310,Bharat,Khyber Pakhtunkhwa,03,,,,,32.8903,70.6369,4,bharat
PK,Pakistan,Pakistán,28320,Kakki,Khyber Pakhtunkhwa,03,,,,,32.8046,70.6478,1,kakki
PK,Pakistan,Pakistán,28322,Takhti Khel,Khyber Pakhtunkhwa,03,,,,,32.8046,70.6478,4,takhti-khel
PK,Pakistan,Pakistán,28330,Ghori Wala,Khyber Pakhtunkhwa,03,,,,,32.788,70.7017,1,ghori-wala
PK,Pakistan,Pakistán,28334,Bannu Al.Markaz Islami,Khyber Pakhtunkhwa,03,,,,,32.788,70.7017,1,bannu-al-markaz-islami
PK,Pakistan,Pakistán,28340,Nar Muzaffar Khan,Khyber Pakhtunkhwa,03,,,,,32.788,70.7017,1,nar-muzaffar-khan
PK,Pakistan,Pakistán,28350,Sarai Naurang,Khyber Pakhtunkhwa,03,,,,,32.8258,70.7811,4,sarai-naurang
PK,Pakistan,Pakistán,28352,Sarai Naurang Main Bazar,Khyber Pakhtunkhwa,03,,,,,32.8286,70.7723,1,sarai-naurang-main-bazar
PK,Pakistan,Pakistán,28354,Sultanabad,Khyber Pakhtunkhwa,03,,,,,32.8314,70.7635,4,sultanabad
PK,Pakistan,Pakistán,28360,Taja Zai,Khyber Pakhtunkhwa,03,,,,,32.788,70.7017,1,taja-zai
PK,Pakistan,Pakistán,28364,Titer Khel,Khyber Pakhtunkhwa,03,,,,,32.788,70.7017,1,titer-khel
PK,Pakistan,Pakistán,28370,Sarai Gambila,Khyber Pakhtunkhwa,03,,,,,32.6926,70.7819,4,sarai-gambila
PK,Pakistan,Pakistán,28380,Tajori,Khyber Pakhtunkhwa,03,,,,,32.6262,70.5822,4,tajori
PK,Pakistan,Pakistán,28410,Lande Wah,Khyber Pakhtunkhwa,03,,,,,32.7102,70.746,1,lande-wah
PK,Pakistan,Pakistán,28420,Lakki Marwat Gpo,Khyber Pakhtunkhwa,03,,,,,32.6454,70.8314,1,lakki-marwat-gpo
PK,Pakistan,Pakistán,28424,Isa Khel,Khyber Pakhtunkhwa,03,,,,,32.8822,70.9168,4,isa-khel
PK,Pakistan,Pakistán,28426,Shahbaz Khel,Khyber Pakhtunkhwa,03,,,,,32.4086,70.7461,4,shahbaz-khel
PK,Pakistan,Pakistán,28440,Abba Khel,Khyber Pakhtunkhwa,03,,,,,32.5643,70.8266,4,abba-khel
PK,Pakistan,Pakistán,28450,Ghazni Khel,Khyber Pakhtunkhwa,03,,,,,32.5579,70.7406,4,ghazni-khel
PK,Pakistan,Pakistán,28470,Dara Pezu,Khyber Pakhtunkhwa,03,,,,,32.7102,70.746,1,dara-pezu
PK,Pakistan,Pakistán,28480,Bakka Khel,Khyber Pakhtunkhwa,03,,,,,32.9726,70.5017,4,bakka-khel
PK,Pakistan,Pakistán,28490,Chak Dadan,Khyber Pakhtunkhwa,03,,,,,32.9406,70.6585,4,chak-dadan
PK,Pakistan,Pakistán,28500,Lakki Headquarter Complex,Khyber Pakhtunkhwa,03,,,,,32.6033,70.8607,1,lakki-headquarter-complex
PK,Pakistan,Pakistán,28510,Lakki Marwat Main Lorry Adda,Khyber Pakhtunkhwa,03,,,,,32.6033,70.8607,1,lakki-marwat-main-lorry-adda
PK,Pakistan,Pakistán,28520,Michan Khel Adda Lakki Marwat,Khyber Pakhtunkhwa,03,,,,,32.6033,70.8607,1,michan-khel-adda-lakki-marwat
PK,Pakistan,Pakistán,28530,Dalu Khel,Khyber Pakhtunkhwa,03,,,,,32.6033,70.8607,4,dalu-khel
PK,Pakistan,Pakistán,29000,Paniala,Khyber Pakhtunkhwa,03,,,,,32.2439,70.8839,4,paniala
PK,Pakistan,Pakistán,29010,Wanda Khan Muhammad,Khyber Pakhtunkhwa,03,,,,,32.3146,70.9761,4,wanda-khan-muhammad
PK,Pakistan,Pakistán,29012,Rehmani Khel,Khyber Pakhtunkhwa,03,,,,,32.3816,71.1231,4,rehmani-khel
PK,Pakistan,Pakistán,29020,Yarik,Khyber Pakhtunkhwa,03,,,,,32.1043,70.7892,4,yarik
PK,Pakistan,Pakistán,29050,Dera Ismail Khan Gpo,Khyber Pakhtunkhwa,03,,,,,32.1704,70.9337,1,dera-ismail-khan-gpo
PK,Pakistan,Pakistán,29060,Dera Town Ship,Khyber Pakhtunkhwa,03,,,,,32.1704,70.9337,1,dera-town-ship
PK,Pakistan,Pakistán,29080,Muryali,Khyber Pakhtunkhwa,03,,,,,31.8078,70.8961,4,muryali
PK,Pakistan,Pakistán,29090,D.I Khan Polytechnical Institute,Khyber Pakhtunkhwa,03,,,,,32.1704,70.9337,1,d-i-khan-polytechnical-institute
PK,Pakistan,Pakistán,29100,Din Pur,Khyber Pakhtunkhwa,03,,,,,32.2124,71.086,1,din-pur
PK,Pakistan,Pakistán,29120,D.I Khan Agricultural Research Center,Khyber Pakhtunkhwa,03,,,,,32.2124,71.086,1,d-i-khan-agricultural-research-center
PK,Pakistan,Pakistán,29130,Kachi Paind Khan,Khyber Pakhtunkhwa,03,,,,,32.2124,71.086,1,kachi-paind-khan
PK,Pakistan,Pakistán,29140,Saddar Bazar Dera Ismail Khan,Khyber Pakhtunkhwa,03,,,,,32.2124,71.086,1,saddar-bazar-dera-ismail-khan
PK,Pakistan,Pakistán,29150,Fort Iqbal Garh,Khyber Pakhtunkhwa,03,,,,,32.2124,71.086,1,fort-iqbal-garh
PK,Pakistan,Pakistán,29160,Paharpur,Khyber Pakhtunkhwa,03,,,,,32.105,70.9705,4,paharpur
PK,Pakistan,Pakistán,29162,Band Kurai,Khyber Pakhtunkhwa,03,,,,,32.0409,70.9034,4,band-kurai
PK,Pakistan,Pakistán,29170,Bilot,Khyber Pakhtunkhwa,03,,,,,32.257,71.1612,4,bilot
PK,Pakistan,Pakistán,29180,Kirri Khaisor,Khyber Pakhtunkhwa,03,,,,,32.3297,71.1974,4,kirri-khaisor
PK,Pakistan,Pakistán,29184,Kachamali Khel,Khyber Pakhtunkhwa,03,,,,,32.3297,71.1974,1,kachamali-khel
PK,Pakistan,Pakistán,29190,Chishma Right Bank Canal D.I Khan,Khyber Pakhtunkhwa,03,,,,,32.2124,71.086,1,chishma-right-bank-canal-d-i-khan
PK,Pakistan,Pakistán,29200,Mandhara,Khyber Pakhtunkhwa,03,,,,,31.6217,70.7568,1,mandhara
PK,Pakistan,Pakistán,29206,Rangpur,Khyber Pakhtunkhwa,03,,,,,31.6217,70.7568,1,rangpur
PK,Pakistan,Pakistán,29210,Kot Jai,Khyber Pakhtunkhwa,03,,,,,32.1704,71.0932,4,kot-jai
PK,Pakistan,Pakistán,29220,Gomal University New Campus,Khyber Pakhtunkhwa,03,,,,,31.6217,70.7568,1,gomal-university-new-campus
PK,Pakistan,Pakistán,29230,Paroa,Khyber Pakhtunkhwa,03,,,,,31.5573,70.7601,4,paroa
PK,Pakistan,Pakistán,29232,Ramak,Khyber Pakhtunkhwa,03,,,,,31.3519,70.6876,4,ramak
PK,Pakistan,Pakistán,29240,Kiri Shamozai,Khyber Pakhtunkhwa,03,,,,,31.4073,70.4862,4,kiri-shamozai
PK,Pakistan,Pakistán,29310,Daraban,Khyber Pakhtunkhwa,03,,,,,31.7325,70.3372,4,daraban
PK,Pakistan,Pakistán,29320,Musa Zai,Khyber Pakhtunkhwa,03,,,,,32.1301,70.4569,1,musa-zai
PK,Pakistan,Pakistán,29330,Choudhwan,Khyber Pakhtunkhwa,03,,,,,31.5978,70.3568,4,choudhwan
PK,Pakistan,Pakistán,29340,Darazinda,Khyber Pakhtunkhwa,03,,,,,33.2457,70.5037,4,darazinda
PK,Pakistan,Pakistán,29350,Kulachi,Khyber Pakhtunkhwa,03,,,,,31.9306,70.4596,4,kulachi
PK,Pakistan,Pakistán,29380,Takwara,Khyber Pakhtunkhwa,03,,,,,32.1438,70.6274,4,takwara
PK,Pakistan,Pakistán,29400,Tank Gpo,Khyber Pakhtunkhwa,03,,,,,32.3741,70.2477,1,tank-gpo
PK,Pakistan,Pakistán,29410,Gomal Bazar,Khyber Pakhtunkhwa,03,,,,,32.1151,70.1582,4,gomal-bazar
PK,Pakistan,Pakistán,29420,Gul Imam,Khyber Pakhtunkhwa,03,,,,,32.2594,70.5318,4,gul-imam
PK,Pakistan,Pakistán,29430,Pai,Khyber Pakhtunkhwa,03,,,,,32.355,70.5567,4,pai
PK,Pakistan,Pakistán,29432,Ama Khel,Khyber Pakhtunkhwa,03,,,,,32.3828,70.5233,4,ama-khel
PK,Pakistan,Pakistán,29440,Mullazai,Khyber Pakhtunkhwa,03,,,,,32.4133,70.4659,4,mullazai
PK,Pakistan,Pakistán,29460,Manzai,Khyber Pakhtunkhwa,03,,,,,32.5711,69.7852,4,manzai
PK,Pakistan,Pakistán,29470,Jandola,Khyber Pakhtunkhwa,03,,,,,32.3355,70.1192,4,jandola
PK,Pakistan,Pakistán,29480,Sararogha,Khyber Pakhtunkhwa,03,,,,,32.3741,70.2477,1,sararogha
PK,Pakistan,Pakistán,29490,Ladha,Khyber Pakhtunkhwa,03,,,,,32.5607,69.8416,4,ladha
PK,Pakistan,Pakistán,29510,Sarwakai,Khyber Pakhtunkhwa,03,,,,,34.0109,71.0541,4,sarwakai
PK,Pakistan,Pakistán,29540,Wana,Khyber Pakhtunkhwa,03,,,,,32.2989,69.5725,4,wana
PK,Pakistan,Pakistán,22420,Mulaya,Punjab,04,,,,,34.1256,73.1265,1,mulaya
PK,Pakistan,Pakistán,30000,Bhakkar Gpo,Punjab,04,,,,,31.5099,71.3752,1,bhakkar-gpo
PK,Pakistan,Pakistán,30004,Chak-186,Punjab,04,,,,,31.5099,71.3752,1,chak-186
PK,Pakistan,Pakistán,30010,Sial,Punjab,04,,,,,31.9111,72.3021,4,sial
PK,Pakistan,Pakistán,30020,Sarai Mohajir,Punjab,04,,,,,31.5099,71.3752,1,sarai-mohajir
PK,Pakistan,Pakistán,30030,Haiderabad (Bhakkar),Punjab,04,,,,,31.657,71.4212,4,haiderabad-bhakkar
PK,Pakistan,Pakistán,30040,Behal,Punjab,04,,,,,31.4133,71.0064,4,behal
PK,Pakistan,Pakistán,30046,Yousaf Shah,Punjab,04,,,,,31.4133,71.0064,1,yousaf-shah
PK,Pakistan,Pakistán,30050,Chak 47/T.D.A.,Punjab,04,,,,,31.3936,71.2249,1,chak-47-t-d-a
PK,Pakistan,Pakistán,30052,Chak 67 Ml,Punjab,04,,,,,31.3936,71.2249,4,chak-67-ml
PK,Pakistan,Pakistán,30060,Mankera,Punjab,04,,,,,31.3877,71.4405,4,mankera
PK,Pakistan,Pakistán,30100,Darya Khan Railway Station,Punjab,04,,,,,31.7847,71.6475,1,darya-khan-railway-station
PK,Pakistan,Pakistán,30110,Dullewala,Punjab,04,,,,,31.8344,71.4364,4,dullewala
PK,Pakistan,Pakistán,30120,Panj Girain,Punjab,04,,,,,31.561,72.3858,4,panj-girain
PK,Pakistan,Pakistán,30130,Tibba Nainam Wala,Punjab,04,,,,,31.7847,71.6475,1,tibba-nainam-wala
PK,Pakistan,Pakistán,30140,Kallur Kot,Punjab,04,,,,,32.1551,71.2663,4,kallur-kot
PK,Pakistan,Pakistán,30150,Jandan Wala,Punjab,04,,,,,31.7847,71.6475,1,jandan-wala
PK,Pakistan,Pakistán,30160,Rodi,Punjab,04,,,,,31.5882,71.5017,4,rodi
PK,Pakistan,Pakistán,31000,Chak 90/Ml,Punjab,04,,,,,31.3168,71.0817,4,chak-90-ml
PK,Pakistan,Pakistán,31050,Fateh Pur,Punjab,04,,,,,28.1494,67.9521,4,fateh-pur
PK,Pakistan,Pakistán,31100,Karor,Punjab,04,,,,,31.2246,70.9515,4,karor
PK,Pakistan,Pakistán,31150,Shah Pur,Punjab,04,,,,,29.9132,71.353,4,shah-pur
PK,Pakistan,Pakistán,31200,Layyah Gpo,Punjab,04,,,,,29.9474,70.2753,1,layyah-gpo
PK,Pakistan,Pakistán,31250,Chak No.270 Tda,Punjab,04,,,,,29.9474,70.2753,1,chak-no-270-tda
PK,Pakistan,Pakistán,31300,Layyah Sugar Mills,Punjab,04,,,,,30.8611,71.0746,1,layyah-sugar-mills
PK,Pakistan,Pakistán,31350,Ladhana,Punjab,04,,,,,30.8611,71.0746,4,ladhana
PK,Pakistan,Pakistán,31400,Chak No.279 Tda,Punjab,04,,,,,29.9474,70.2753,1,chak-no-279-tda
PK,Pakistan,Pakistán,31450,Chawk Azam,Punjab,04,,,,,29.9474,70.2753,1,chawk-azam
PK,Pakistan,Pakistán,31500,Choubara,Punjab,04,,,,,29.9474,70.2753,1,choubara
PK,Pakistan,Pakistán,31600,Juman Shah,Punjab,04,,,,,27.3598,68.3955,4,juman-shah
PK,Pakistan,Pakistán,31650,Kot Sultan,Punjab,04,,,,,30.7737,70.9313,4,kot-sultan
PK,Pakistan,Pakistán,31660,Karim Abad,Punjab,04,,,,,29.0668,69.6634,1,karim-abad
PK,Pakistan,Pakistán,32000,Latra,Punjab,04,,,,,30.9136,70.6946,1,latra
PK,Pakistan,Pakistán,32010,Vehoa,Punjab,04,,,,,31.1283,70.5074,4,vehoa
PK,Pakistan,Pakistán,32020,Nutkani,Punjab,04,,,,,30.5924,70.8916,4,nutkani
PK,Pakistan,Pakistán,32030,Tibbi Qaisrani,Punjab,04,,,,,31.0042,70.6782,4,tibbi-qaisrani
PK,Pakistan,Pakistán,32040,Retra,Punjab,04,,,,,30.9296,70.7013,4,retra
PK,Pakistan,Pakistán,32050,Nari,Punjab,04,,,,,30.9136,70.6946,1,nari
PK,Pakistan,Pakistán,32100,Taunsa Sharif,Punjab,04,,,,,30.6615,70.5658,1,taunsa-sharif
PK,Pakistan,Pakistán,32110,Basti Buzdar,Punjab,04,,,,,30.7702,70.5419,4,basti-buzdar
PK,Pakistan,Pakistán,32120,Mangrotha,Punjab,04,,,,,30.7102,70.5915,4,mangrotha
PK,Pakistan,Pakistán,32124,Barthi,Punjab,04,,,,,30.5707,70.372,4,barthi
PK,Pakistan,Pakistán,32130,Kot Qaisrani,Punjab,04,,,,,30.7935,70.5511,4,kot-qaisrani
PK,Pakistan,Pakistán,32140,Sokar,Punjab,04,,,,,30.6542,70.6085,4,sokar
PK,Pakistan,Pakistán,32150,Shadan Lund,Punjab,04,,,,,30.4704,70.7297,4,shadan-lund
PK,Pakistan,Pakistán,32160,Kala,Punjab,04,,,,,30.6615,70.5658,1,kala
PK,Pakistan,Pakistán,32170,Shah Saddar Din,Punjab,04,,,,,30.6615,70.5658,1,shah-saddar-din
PK,Pakistan,Pakistán,32200,Dera Ghazi Khan Gpo,Punjab,04,,,,,30.0013,70.7606,1,dera-ghazi-khan-gpo
PK,Pakistan,Pakistán,32210,Khyaban-E-Sarwar,Punjab,04,,,,,30.0013,70.7606,1,khyaban-e-sarwar
PK,Pakistan,Pakistán,32230,Samina,Punjab,04,,,,,30.0013,70.7606,4,samina
PK,Pakistan,Pakistán,32250,D.G.Khan Cement Factory,Punjab,04,,,,,30.0013,70.7606,1,d-g-khan-cement-factory
PK,Pakistan,Pakistán,32260,D.G Khan Secondary Board,Punjab,04,,,,,30.0013,70.7606,1,d-g-khan-secondary-board
PK,Pakistan,Pakistán,32300,Sakhi Sarwar,Punjab,04,,,,,29.9803,70.3061,4,sakhi-sarwar
PK,Pakistan,Pakistán,32310,Bughal Char,Punjab,04,,,,,29.9031,70.4825,1,bughal-char
PK,Pakistan,Pakistán,32320,Fort Munroo,Punjab,04,,,,,29.9031,70.4825,1,fort-munroo
PK,Pakistan,Pakistán,32350,Kot Chutta,Punjab,04,,,,,29.8863,70.6494,4,kot-chutta
PK,Pakistan,Pakistán,32380,Choti,Punjab,04,,,,,29.8425,70.4919,4,choti
PK,Pakistan,Pakistán,32400,Mana,Punjab,04,,,,,29.8018,70.6203,4,mana
PK,Pakistan,Pakistán,32410,Basti Malana,Punjab,04,,,,,29.8658,70.6407,4,basti-malana
PK,Pakistan,Pakistán,32420,Jalbani,Punjab,04,,,,,29.8432,70.6946,4,jalbani
PK,Pakistan,Pakistán,32430,Jhoke Utra,Punjab,04,,,,,29.8434,70.7257,4,jhoke-utra
PK,Pakistan,Pakistán,33000,Jam Pur,Punjab,04,,,,,29.1275,70.968,1,jam-pur
PK,Pakistan,Pakistán,33100,Dajal,Punjab,04,,,,,29.5577,70.3761,4,dajal
PK,Pakistan,Pakistán,33300,Muhammad Pur,Punjab,04,,,,,29.708,71.8825,4,muhammad-pur
PK,Pakistan,Pakistán,33500,Rajan Pur,Punjab,04,,,,,28.1445,69.6958,4,rajan-pur
PK,Pakistan,Pakistán,33600,Mithan Kot,Punjab,04,,,,,29.54,72.9319,4,mithan-kot
PK,Pakistan,Pakistán,33700,Rojhan,Punjab,04,,,,,28.6873,69.9535,4,rojhan
PK,Pakistan,Pakistán,34000,Ahsan Pur,Punjab,04,,,,,30.6447,70.9575,4,ahsan-pur
PK,Pakistan,Pakistán,34010,Dera Din Panah,Punjab,04,,,,,30.6761,70.7302,4,dera-din-panah
PK,Pakistan,Pakistán,34030,Ch0wk Sarwar Shaheed,Punjab,04,,,,,30.5966,70.8849,1,ch0wk-sarwar-shaheed
PK,Pakistan,Pakistán,34050,Kot Adu,Punjab,04,,,,,30.4691,70.967,4,kot-adu
PK,Pakistan,Pakistán,34060,Gas Tarbine Power Muzaffargarh,Punjab,04,,,,,30.5966,70.8849,1,gas-tarbine-power-muzaffargarh
PK,Pakistan,Pakistán,34100,Sinawan,Punjab,04,,,,,30.1638,70.9562,1,sinawan
PK,Pakistan,Pakistán,34110,Mehmood Kot,Punjab,04,,,,,30.1638,70.9562,1,mehmood-kot
PK,Pakistan,Pakistán,34114,Tharmal Power Station Muzaffargarh,Punjab,04,,,,,30.1638,70.9562,1,tharmal-power-station-muzaffargarh
PK,Pakistan,Pakistán,34120,Gujrat (Muzaffargarh),Punjab,04,,,,,30.1638,70.9562,4,gujrat-muzaffargarh
PK,Pakistan,Pakistán,34130,Fazal Garh,Punjab,04,,,,,30.1638,70.9562,1,fazal-garh
PK,Pakistan,Pakistán,34200,Muzaffargarh Gpo,Punjab,04,,,,,29.9205,70.9107,1,muzaffargarh-gpo
PK,Pakistan,Pakistán,34210,Fazal Nagar,Punjab,04,,,,,29.9205,70.9107,1,fazal-nagar
PK,Pakistan,Pakistán,34220,Misali Middle Public School Pir Jihania,Punjab,04,,,,,29.9205,70.9107,1,misali-middle-public-school-pir-jihania
PK,Pakistan,Pakistán,34300,Basira,Punjab,04,,,,,30.0801,71.059,4,basira
PK,Pakistan,Pakistán,34310,Qureshi,Punjab,04,,,,,30.0208,71.0968,1,qureshi
PK,Pakistan,Pakistán,34350,Khan Garh,Punjab,04,,,,,30.0208,71.0968,1,khan-garh
PK,Pakistan,Pakistán,34370,Shah Jamal,Punjab,04,,,,,29.9206,70.9655,4,shah-jamal
PK,Pakistan,Pakistán,34380,Darain,Punjab,04,,,,,30.0344,71.1532,1,darain
PK,Pakistan,Pakistán,34382,Doaba,Punjab,04,,,,,30.1071,71.2491,4,doaba
PK,Pakistan,Pakistán,34384,Mondka,Punjab,04,,,,,29.9618,71.0572,4,mondka
PK,Pakistan,Pakistán,34400,Rohilan Wali,Punjab,04,,,,,29.2622,70.6446,1,rohilan-wali
PK,Pakistan,Pakistán,34410,Shehar Sultan,Punjab,04,,,,,29.2622,70.6446,1,shehar-sultan
PK,Pakistan,Pakistán,34430,Jatoi,Punjab,04,,,,,29.511,70.8453,4,jatoi
PK,Pakistan,Pakistán,34440,Bet Mir Hazar Khan,Punjab,04,,,,,29.6902,70.8004,4,bet-mir-hazar-khan
PK,Pakistan,Pakistán,34450,Ali Pur,Punjab,04,,,,,28.5158,70.1228,4,ali-pur
PK,Pakistan,Pakistán,34470,Khairpur Sadat,Punjab,04,,,,,29.3318,70.81,4,khairpur-sadat
PK,Pakistan,Pakistán,34480,Sit Pur,Punjab,04,,,,,29.2622,70.6446,1,sit-pur
PK,Pakistan,Pakistán,34500,Bhutta Pur,Punjab,04,,,,,29.7502,70.5677,1,bhutta-pur
PK,Pakistan,Pakistán,34550,Khanpur Shumali,Punjab,04,,,,,29.7502,70.5677,4,khanpur-shumali
PK,Pakistan,Pakistán,34600,Sultan Colony,Punjab,04,,,,,30.1569,71.4732,4,sultan-colony
PK,Pakistan,Pakistán,34650,Rang Pur,Punjab,04,,,,,29.333,71.4968,4,rang-pur
PK,Pakistan,Pakistán,35010,Shor Kot Cantt.,Punjab,04,,,,,31.4002,72.3017,1,shor-kot-cantt
PK,Pakistan,Pakistán,35012,Chak 327 Gb,Punjab,04,,,,,31.4002,72.3017,1,chak-327-gb
PK,Pakistan,Pakistán,35020,P.A.F. Colony Shor Kot,Punjab,04,,,,,31.4002,72.3017,1,p-a-f-colony-shor-kot
PK,Pakistan,Pakistán,35030,P.A.F. Base Rafiqi Shor Kot,Punjab,04,,,,,31.4002,72.3017,1,p-a-f-base-rafiqi-shor-kot
PK,Pakistan,Pakistán,35050,Shor Kot City,Punjab,04,,,,,31.4002,72.3017,1,shor-kot-city
PK,Pakistan,Pakistán,35060,Kaki Nao,Punjab,04,,,,,31.4002,72.3017,1,kaki-nao
PK,Pakistan,Pakistán,35080,Garh Maha Raja,Punjab,04,,,,,31.4002,72.3017,1,garh-maha-raja
PK,Pakistan,Pakistán,35090,Ahamed Pur Sial,Punjab,04,,,,,31.4002,72.3017,1,ahamed-pur-sial
PK,Pakistan,Pakistán,35100,Waryam,Punjab,04,,,,,30.9628,72.2582,4,waryam
PK,Pakistan,Pakistán,35110,Chak 490,Punjab,04,,,,,30.7348,71.4617,4,chak-490
PK,Pakistan,Pakistán,35150,Haveli Bahadur Shah,Punjab,04,,,,,31.0773,72.1865,4,haveli-bahadur-shah
PK,Pakistan,Pakistán,35152,Kot Umardraz Khan,Punjab,04,,,,,31.0773,72.1865,1,kot-umardraz-khan
PK,Pakistan,Pakistán,35160,Rudo Sultan,Punjab,04,,,,,31.0034,72.0383,1,rudo-sultan
PK,Pakistan,Pakistán,35170,Nawazish Naghar,Punjab,04,,,,,31.0034,72.0383,1,nawazish-naghar
PK,Pakistan,Pakistán,35180,Atharan Hazari,Punjab,04,,,,,31.1645,72.0985,4,atharan-hazari
PK,Pakistan,Pakistán,35200,Jhang Gpo,Punjab,04,,,,,31.4002,72.3017,1,jhang-gpo
PK,Pakistan,Pakistán,35210,"Aliabad, Jhang",Punjab,04,,,,,31.4002,72.3017,1,aliabad-jhang
PK,Pakistan,Pakistán,35300,Dhill Bagh,Punjab,04,,,,,31.6453,72.4222,1,dhill-bagh
PK,Pakistan,Pakistán,35310,Chak 175 /Jb,Punjab,04,,,,,31.6453,72.4222,1,chak-175-jb
PK,Pakistan,Pakistán,35350,Bhawana,Punjab,04,,,,,31.6453,72.4222,4,bhawana
PK,Pakistan,Pakistán,35360,Jamia Ashrafia,Punjab,04,,,,,31.6453,72.4222,1,jamia-ashrafia
PK,Pakistan,Pakistán,35400,Chiniot,Punjab,04,,,,,31.7209,72.9784,4,chiniot
PK,Pakistan,Pakistán,35460,Chenab Nagar,Punjab,04,,,,,31.7551,72.914,4,chenab-nagar
PK,Pakistan,Pakistán,35470,Lalian,Punjab,04,,,,,31.8246,72.8012,4,lalian
PK,Pakistan,Pakistán,35480,Pir Punja,Punjab,04,,,,,31.7669,72.8979,1,pir-punja
PK,Pakistan,Pakistán,35500,Chund Bharwana,Punjab,04,,,,,31.4176,72.263,4,chund-bharwana
PK,Pakistan,Pakistán,35510,Kot Shakir,Punjab,04,,,,,31.4815,72.088,4,kot-shakir
PK,Pakistan,Pakistán,35520,Pirkot Sadhana,Punjab,04,,,,,31.2721,72.1604,4,pirkot-sadhana
PK,Pakistan,Pakistán,35550,Shah Jewana Mandi,Punjab,04,,,,,31.4474,72.1556,1,shah-jewana-mandi
PK,Pakistan,Pakistán,35560,Shah Jewna City,Punjab,04,,,,,31.4474,72.1556,1,shah-jewna-city
PK,Pakistan,Pakistán,35570,Kot Essa Shah,Punjab,04,,,,,31.4474,72.1556,1,kot-essa-shah
PK,Pakistan,Pakistán,35580,Mari Shah Sakhira,Punjab,04,,,,,31.6186,72.111,4,mari-shah-sakhira
PK,Pakistan,Pakistán,36000,Chak 316 Gb Qadir Abad,Punjab,04,,,,,31.0009,72.6394,1,chak-316-gb-qadir-abad
PK,Pakistan,Pakistán,36050,Toba Take Singh Gpo,Punjab,04,,,,,31.0009,72.6394,1,toba-take-singh-gpo
PK,Pakistan,Pakistán,36070,Rajana Road,Punjab,04,,,,,31.0009,72.6394,1,rajana-road
PK,Pakistan,Pakistán,36080,Chak 256 Gb,Punjab,04,,,,,31.0009,72.6394,1,chak-256-gb
PK,Pakistan,Pakistán,36100,Jani Wala,Punjab,04,,,,,31.1493,72.6832,1,jani-wala
PK,Pakistan,Pakistán,36120,Gojra,Punjab,04,,,,,31.1493,72.6832,4,gojra
PK,Pakistan,Pakistán,36150,Chak 159 Gb,Punjab,04,,,,,31.1493,72.6832,1,chak-159-gb
PK,Pakistan,Pakistán,36160,Chak 424/Jb,Punjab,04,,,,,31.1493,72.6832,1,chak-424-jb
PK,Pakistan,Pakistán,36200,Pacca Anna,Punjab,04,,,,,31.235,72.7931,4,pacca-anna
PK,Pakistan,Pakistán,36260,Chak 387 Gb,Punjab,04,,,,,31.2947,72.7498,1,chak-387-gb
PK,Pakistan,Pakistán,36270,Gil Acri,Punjab,04,,,,,31.2947,72.7498,1,gil-acri
PK,Pakistan,Pakistán,36280,Nawan Lahore,Punjab,04,,,,,31.3245,72.7282,4,nawan-lahore
PK,Pakistan,Pakistán,36282,Gojra More,Punjab,04,,,,,31.3245,72.7282,1,gojra-more
PK,Pakistan,Pakistán,36300,Pir Mahal,Punjab,04,,,,,30.7666,72.4345,4,pir-mahal
PK,Pakistan,Pakistán,36320,Sandhlian Wali,Punjab,04,,,,,30.7063,72.5356,1,sandhlian-wali
PK,Pakistan,Pakistán,36330,Chak 333 Gb,Punjab,04,,,,,30.7063,72.5356,1,chak-333-gb
PK,Pakistan,Pakistán,36350,Kamalia Gpo,Punjab,04,,,,,30.7063,72.5356,1,kamalia-gpo
PK,Pakistan,Pakistán,36360,Malfatyana,Punjab,04,,,,,30.7063,72.5356,1,malfatyana
PK,Pakistan,Pakistán,36380,Kamalia Sugar Mills,Punjab,04,,,,,30.7063,72.5356,1,kamalia-sugar-mills
PK,Pakistan,Pakistán,36390,Jakhar,Punjab,04,,,,,30.646,72.6366,4,jakhar
PK,Pakistan,Pakistán,37000,Mamu Kanjan,Punjab,04,,,,,30.8304,72.7994,4,mamu-kanjan
PK,Pakistan,Pakistán,37020,Murid Wala,Punjab,04,,,,,30.8304,72.7994,1,murid-wala
PK,Pakistan,Pakistán,37040,Chak 206 Gb,Punjab,04,,,,,30.8304,72.7994,1,chak-206-gb
PK,Pakistan,Pakistán,37050,Chak 207 Gb,Punjab,04,,,,,30.8304,72.7994,1,chak-207-gb
PK,Pakistan,Pakistán,37060,Chak 482 Gb (Jagranwan),Punjab,04,,,,,30.8304,72.7994,1,chak-482-gb-jagranwan
PK,Pakistan,Pakistán,37100,Kanjwani,Punjab,04,,,,,30.9278,72.975,4,kanjwani
PK,Pakistan,Pakistán,37110,Garh,Punjab,04,,,,,30.8614,73.0295,4,garh
PK,Pakistan,Pakistán,37130,Chak 447 Gb,Punjab,04,,,,,30.8946,73.0022,1,chak-447-gb
PK,Pakistan,Pakistán,37140,Pindi Shiekh Musa,Punjab,04,,,,,30.8946,73.0022,1,pindi-shiekh-musa
PK,Pakistan,Pakistán,37150,Tandlian Wala,Punjab,04,,,,,30.8946,73.0022,1,tandlian-wala
PK,Pakistan,Pakistán,37180,Chak 433 Gb,Punjab,04,,,,,30.8946,73.0022,1,chak-433-gb
PK,Pakistan,Pakistán,37200,Rorala Road,Punjab,04,,,,,31.3875,73.4818,1,rorala-road
PK,Pakistan,Pakistán,37220,Chak 128 Gb,Punjab,04,,,,,31.3875,73.4818,1,chak-128-gb
PK,Pakistan,Pakistán,37224,Chak 353 Gb,Punjab,04,,,,,31.3875,73.4818,1,chak-353-gb
PK,Pakistan,Pakistán,37230,Chak 66 Gb,Punjab,04,,,,,31.3875,73.4818,1,chak-66-gb
PK,Pakistan,Pakistán,37250,Jaranwala,Punjab,04,,,,,31.3333,73.4458,4,jaranwala
PK,Pakistan,Pakistán,37260,Buchiana,Punjab,04,,,,,31.4416,73.5178,4,buchiana
PK,Pakistan,Pakistán,37280,Ganga Pur,Punjab,04,,,,,31.3875,73.4818,1,ganga-pur
PK,Pakistan,Pakistán,37290,Chak 98/Gb,Punjab,04,,,,,31.3875,73.4818,1,chak-98-gb
PK,Pakistan,Pakistán,37300,Samundri,Punjab,04,,,,,31.0612,72.9586,4,samundri
PK,Pakistan,Pakistán,37340,Chak 45 Gb,Punjab,04,,,,,31.0612,72.9586,1,chak-45-gb
PK,Pakistan,Pakistán,37360,Chak 267 Rb,Punjab,04,,,,,31.0612,72.9586,1,chak-267-rb
PK,Pakistan,Pakistán,37370,Dich Kot,Punjab,04,,,,,31.0612,72.9586,1,dich-kot
PK,Pakistan,Pakistán,37400,Chak 253 Rb,Punjab,04,,,,,31.3155,73.0255,1,chak-253-rb
PK,Pakistan,Pakistán,37410,Chak 257 Rb,Punjab,04,,,,,31.3155,73.0255,1,chak-257-rb
PK,Pakistan,Pakistán,37420,Chak 248 Rb,Punjab,04,,,,,31.3155,73.0255,1,chak-248-rb
PK,Pakistan,Pakistán,37430,Dasuha,Punjab,04,,,,,31.3155,73.0255,4,dasuha
PK,Pakistan,Pakistán,37450,Satiana Banglow,Punjab,04,,,,,31.3155,73.0255,1,satiana-banglow
PK,Pakistan,Pakistán,37510,P.A.F. Risalay Wala,Punjab,04,,,,,31.1971,73.107,1,p-a-f-risalay-wala
PK,Pakistan,Pakistán,37520,Thjkri Wala,Punjab,04,,,,,31.1971,73.107,1,thjkri-wala
PK,Pakistan,Pakistán,37530,Chak 275 J.B,Punjab,04,,,,,31.1971,73.107,1,chak-275-j-b
PK,Pakistan,Pakistán,37540,Chak 67 Jb,Punjab,04,,,,,31.1971,73.107,1,chak-67-jb
PK,Pakistan,Pakistán,37570,Chak 113 Gb,Punjab,04,,,,,31.1971,73.107,1,chak-113-gb
PK,Pakistan,Pakistán,37600,Chak 117 Jb,Punjab,04,,,,,31.1971,73.107,1,chak-117-jb
PK,Pakistan,Pakistán,37610,Chak 203 Rb,Punjab,04,,,,,31.1971,73.107,1,chak-203-rb
PK,Pakistan,Pakistán,37620,Chak 199 Rb,Punjab,04,,,,,31.1971,73.107,1,chak-199-rb
PK,Pakistan,Pakistán,37630,Khurrian Wala,Punjab,04,,,,,31.1971,73.107,1,khurrian-wala
PK,Pakistan,Pakistán,37660,Chak 103 Rb,Punjab,04,,,,,31.1971,73.107,1,chak-103-rb
PK,Pakistan,Pakistán,37690,Chak 189 Rb (Rasulpur),Punjab,04,,,,,31.1971,73.107,1,chak-189-rb-rasulpur
PK,Pakistan,Pakistán,37700,Chak Jhumra,Punjab,04,,,,,31.5681,73.1832,4,chak-jhumra
PK,Pakistan,Pakistán,37720,Chak 103 Jb,Punjab,04,,,,,31.6122,73.1407,1,chak-103-jb
PK,Pakistan,Pakistán,37730,Burj Mandi,Punjab,04,,,,,31.6564,73.0982,4,burj-mandi
PK,Pakistan,Pakistán,37740,Chak 16 Jb,Punjab,04,,,,,31.6122,73.1407,1,chak-16-jb
PK,Pakistan,Pakistán,37750,Sahuwala (Chak 132/Rb),Punjab,04,,,,,31.6122,73.1407,1,sahuwala-chak-132-rb
PK,Pakistan,Pakistán,38000,Faisalabad Gpo,Punjab,04,,,,,31.3728,73.0365,1,faisalabad-gpo
PK,Pakistan,Pakistán,38004,Faisalabad Board Of Education,Punjab,04,,,,,31.3728,73.0365,1,faisalabad-board-of-education
PK,Pakistan,Pakistán,38070,Faisalabad Millat Town,Punjab,04,,,,,31.3728,73.0365,1,faisalabad-millat-town
PK,Pakistan,Pakistán,38080,Faisalabad Millat Colony,Punjab,04,,,,,31.3728,73.0365,1,faisalabad-millat-colony
PK,Pakistan,Pakistán,38086,Faisalabad Sitara Colony,Punjab,04,,,,,31.3728,73.0365,4,faisalabad-sitara-colony
PK,Pakistan,Pakistán,38090,Faisalabad Peoples Colony No.2,Punjab,04,,,,,31.3728,73.0365,1,faisalabad-peoples-colony-no-2
PK,Pakistan,Pakistán,38200,Faisalabad Amin Pur Banglow,Punjab,04,,,,,31.4361,73.0201,1,faisalabad-amin-pur-banglow
PK,Pakistan,Pakistán,38210,Chak 59 Jb,Punjab,04,,,,,31.4361,73.0201,1,chak-59-jb
PK,Pakistan,Pakistán,38220,Chak 229 Rb,Punjab,04,,,,,31.4361,73.0201,1,chak-229-rb
PK,Pakistan,Pakistán,38230,Chak 271 Rb,Punjab,04,,,,,31.4361,73.0201,1,chak-271-rb
PK,Pakistan,Pakistán,38240,Chak 583 Gb,Punjab,04,,,,,31.4361,73.0201,1,chak-583-gb
PK,Pakistan,Pakistán,38600,Faisalabad Nishat Abad,Punjab,04,,,,,31.4361,73.0201,1,faisalabad-nishat-abad
PK,Pakistan,Pakistán,38610,"Gulistan Colony, Faisalabad",Punjab,04,,,,,31.4361,73.0201,1,gulistan-colony-faisalabad
PK,Pakistan,Pakistán,38700,Faisalabad Noor Pur,Punjab,04,,,,,31.4361,73.0201,1,faisalabad-noor-pur
PK,Pakistan,Pakistán,38800,Faisalabad Punjab Medical College,Punjab,04,,,,,31.4361,73.0201,1,faisalabad-punjab-medical-college
PK,Pakistan,Pakistán,38850,Ayub Agricultural Research Institute,Punjab,04,,,,,31.4361,73.0201,1,ayub-agricultural-research-institute
PK,Pakistan,Pakistán,38860,Faisalabad Madina Town,Punjab,04,,,,,31.4361,73.0201,1,faisalabad-madina-town
PK,Pakistan,Pakistán,38900,Ghulam Muhammad Abad,Punjab,04,,,,,31.8164,72.9223,4,ghulam-muhammad-abad
PK,Pakistan,Pakistán,39000,Muridke,Punjab,04,,,,,31.8026,74.2577,4,muridke
PK,Pakistan,Pakistán,39010,Mannoo Abad,Punjab,04,,,,,32.0813,74.1083,1,mannoo-abad
PK,Pakistan,Pakistán,39018,Rayyanpura,Punjab,04,,,,,32.0813,74.1083,1,rayyanpura
PK,Pakistan,Pakistán,39040,Sheikhupura Service Industry,Punjab,04,,,,,32.0813,74.1083,1,sheikhupura-service-industry
PK,Pakistan,Pakistán,39050,Narang Mandi,Punjab,04,,,,,31.9038,74.5159,4,narang-mandi
PK,Pakistan,Pakistán,39060,Adhian,Punjab,04,,,,,32.5375,73.5513,4,adhian
PK,Pakistan,Pakistán,39100,Nankana Sahib,Punjab,04,,,,,31.4501,73.7065,4,nankana-sahib
PK,Pakistan,Pakistán,39120,More Khunda,Punjab,04,,,,,31.4346,73.7318,1,more-khunda
PK,Pakistan,Pakistán,39130,Bucheki,Punjab,04,,,,,31.3086,73.66,4,bucheki
PK,Pakistan,Pakistán,39150,Sayyed Wala,Punjab,04,,,,,31.4346,73.7318,1,sayyed-wala
PK,Pakistan,Pakistán,39160,Martin Pur,Punjab,04,,,,,31.4346,73.7318,1,martin-pur
PK,Pakistan,Pakistán,39170,Manan Wala,Punjab,04,,,,,31.4346,73.7318,1,manan-wala
PK,Pakistan,Pakistán,39172,Feroz Wattan,Punjab,04,,,,,31.4346,73.7318,1,feroz-wattan
PK,Pakistan,Pakistán,39180,Warburton,Punjab,04,,,,,31.5451,73.8289,4,warburton
PK,Pakistan,Pakistán,39250,Kot Abdul Malik,Punjab,04,,,,,31.6182,74.2461,4,kot-abdul-malik
PK,Pakistan,Pakistán,39320,Monoo Pur,Punjab,04,,,,,31.706,74.1829,1,monoo-pur
PK,Pakistan,Pakistán,39330,Kot Pindi Das,Punjab,04,,,,,31.706,74.1829,4,kot-pindi-das
PK,Pakistan,Pakistán,39350,Qila Sheikhupura Gpo,Punjab,04,,,,,31.706,74.1829,1,qila-sheikhupura-gpo
PK,Pakistan,Pakistán,39424,Koryal Kalan,Punjab,04,,,,,31.7806,73.7236,1,koryal-kalan
PK,Pakistan,Pakistán,39450,Ajnian Wala,Punjab,04,,,,,31.7806,73.7236,1,ajnian-wala
PK,Pakistan,Pakistán,39460,Sharaq Pur,Punjab,04,,,,,31.7806,73.7236,1,sharaq-pur
PK,Pakistan,Pakistán,39470,Mandi Faiz Abad,Punjab,04,,,,,31.7806,73.7236,1,mandi-faiz-abad
PK,Pakistan,Pakistán,39500,Farooqabad Mandi,Punjab,04,,,,,32.103,73.2789,1,farooqabad-mandi
PK,Pakistan,Pakistán,39510,Canal Colony Farooq Abad,Punjab,04,,,,,32.103,73.2789,1,canal-colony-farooq-abad
PK,Pakistan,Pakistán,39520,Farooqabad,Punjab,04,,,,,32.7917,72.7005,4,farooqabad
PK,Pakistan,Pakistán,39530,Bahalike,Punjab,04,,,,,31.7342,73.6972,4,bahalike
PK,Pakistan,Pakistán,39540,Safdar Abad,Punjab,04,,,,,32.103,73.2789,1,safdar-abad
PK,Pakistan,Pakistán,39560,Khan Gah Dogran,Punjab,04,,,,,32.103,73.2789,1,khan-gah-dogran
PK,Pakistan,Pakistán,39570,Marh Balochan,Punjab,04,,,,,31.7831,73.4388,4,marh-balochan
PK,Pakistan,Pakistán,39600,Sangla Hill,Punjab,04,,,,,31.7167,73.3833,4,sangla-hill
PK,Pakistan,Pakistán,39610,Bhuleer Chak 119,Punjab,04,,,,,31.5994,73.4913,1,bhuleer-chak-119
PK,Pakistan,Pakistán,39630,Shah Kot,Punjab,04,,,,,31.5709,73.4853,4,shah-kot
PK,Pakistan,Pakistán,39650,Panwan,Punjab,04,,,,,31.5889,73.5969,4,panwan
PK,Pakistan,Pakistán,39660,Kot Nizamdin,Punjab,04,,,,,31.5212,73.4998,4,kot-nizamdin
PK,Pakistan,Pakistán,40000,Shah Nikdar,Punjab,04,,,,,31.8864,72.4136,1,shah-nikdar
PK,Pakistan,Pakistán,40010,Sillan Wali,Punjab,04,,,,,31.8864,72.4136,1,sillan-wali
PK,Pakistan,Pakistán,40040,Farooka,Punjab,04,,,,,31.8864,72.4136,4,farooka
PK,Pakistan,Pakistán,40050,Chak 46 S.B.,Punjab,04,,,,,31.8864,72.4136,1,chak-46-s-b
PK,Pakistan,Pakistán,40060,Chak 36 S.B.,Punjab,04,,,,,31.8864,72.4136,1,chak-36-s-b
PK,Pakistan,Pakistán,40080,Bulland Hill,Punjab,04,,,,,31.8864,72.4136,1,bulland-hill
PK,Pakistan,Pakistán,40100,Sargodha Gpo,Punjab,04,,,,,30.6624,71.2275,1,sargodha-gpo
PK,Pakistan,Pakistán,40110,Wijh,Punjab,04,,,,,32.0683,72.4246,4,wijh
PK,Pakistan,Pakistán,40120,Ahmed Pur,Punjab,04,,,,,27.9989,68.6242,4,ahmed-pur
PK,Pakistan,Pakistán,40130,Shaheenabad,Punjab,04,,,,,31.92,72.6337,4,shaheenabad
PK,Pakistan,Pakistán,40140,Chak 64 S.B,Punjab,04,,,,,30.6624,71.2275,1,chak-64-s-b
PK,Pakistan,Pakistán,40160,Sargodha Secondary Board,Punjab,04,,,,,30.6624,71.2275,1,sargodha-secondary-board
PK,Pakistan,Pakistán,40162,University Of Sargodha,Punjab,04,,,,,30.6624,71.2275,1,university-of-sargodha
PK,Pakistan,Pakistán,40170,Sargodha Taxtile Mills,Punjab,04,,,,,30.6624,71.2275,1,sargodha-taxtile-mills
PK,Pakistan,Pakistán,40180,Sargodha P.A.F Base,Punjab,04,,,,,30.6624,71.2275,1,sargodha-p-a-f-base
PK,Pakistan,Pakistán,40184,Astana-E-Fazal,Punjab,04,,,,,30.6624,71.2275,1,astana-e-fazal
PK,Pakistan,Pakistán,40190,Sargodha Cantt,Punjab,04,,,,,30.6624,71.2275,1,sargodha-cantt
PK,Pakistan,Pakistán,40210,Sahiwal (Sargodha),Punjab,04,,,,,31.9739,72.3311,4,sahiwal-sargodha
PK,Pakistan,Pakistán,40216,Gondal (Sargodha),Punjab,04,,,,,31.9739,72.3311,1,gondal-sargodha
PK,Pakistan,Pakistán,40220,Sail Sharif,Punjab,04,,,,,31.9277,72.3163,1,sail-sharif
PK,Pakistan,Pakistán,40222,Sial Chowk,Punjab,04,,,,,31.9277,72.3163,1,sial-chowk
PK,Pakistan,Pakistán,40230,Nihang,Punjab,04,,,,,31.8355,72.2867,4,nihang
PK,Pakistan,Pakistán,40250,Kirana Hill,Punjab,04,,,,,31.9277,72.3163,1,kirana-hill
PK,Pakistan,Pakistán,40260,Chak 111 Sb,Punjab,04,,,,,31.9277,72.3163,1,chak-111-sb
PK,Pakistan,Pakistán,40270,Chak 88 S.B.,Punjab,04,,,,,31.9277,72.3163,1,chak-88-s-b
PK,Pakistan,Pakistán,40280,Bhagtan Wala,Punjab,04,,,,,31.9277,72.3163,1,bhagtan-wala
PK,Pakistan,Pakistán,40290,Kallas Sharif,Punjab,04,,,,,31.9277,72.3163,1,kallas-sharif
PK,Pakistan,Pakistán,40300,Chak 86 S.B.,Punjab,04,,,,,32.288,72.7048,1,chak-86-s-b
PK,Pakistan,Pakistán,40310,Chak 29 S.B.,Punjab,04,,,,,32.288,72.7048,1,chak-29-s-b
PK,Pakistan,Pakistán,40330,Chak 34 N.B.,Punjab,04,,,,,32.288,72.7048,1,chak-34-n-b
PK,Pakistan,Pakistán,40340,Hyderabad Town Sargodha,Punjab,04,,,,,32.288,72.7048,1,hyderabad-town-sargodha
PK,Pakistan,Pakistán,40342,Mori,Punjab,04,,,,,32.288,72.7048,1,mori
PK,Pakistan,Pakistán,40350,Jhawrian,Punjab,04,,,,,32.288,72.7048,1,jhawrian
PK,Pakistan,Pakistán,40360,Uttian,Punjab,04,,,,,32.288,72.7048,4,uttian
PK,Pakistan,Pakistán,40370,Dharima,Punjab,04,,,,,32.288,72.7048,1,dharima
PK,Pakistan,Pakistán,40400,Noon Sugar Mills Bhalwal,Punjab,04,,,,,32.2156,73.0184,1,noon-sugar-mills-bhalwal
PK,Pakistan,Pakistán,40410,Bhalwal,Punjab,04,,,,,32.2658,72.8981,4,bhalwal
PK,Pakistan,Pakistán,40412,"Attabad, Sargodha",Punjab,04,,,,,32.3412,72.9801,1,attabad-sargodha
PK,Pakistan,Pakistán,40418,Alamabad,Punjab,04,,,,,32.4165,73.0622,4,alamabad
PK,Pakistan,Pakistán,40420,Manzoor Hayat Colony Bhalwal,Punjab,04,,,,,32.2156,73.0184,1,manzoor-hayat-colony-bhalwal
PK,Pakistan,Pakistán,40430,Moazam Abad,Punjab,04,,,,,32.2156,73.0184,1,moazam-abad
PK,Pakistan,Pakistán,40440,Lalliani,Punjab,04,,,,,32.2039,72.9512,4,lalliani
PK,Pakistan,Pakistán,40450,Kot Moman,Punjab,04,,,,,32.1884,73.0299,4,kot-moman
PK,Pakistan,Pakistán,40460,Midh Ranjha,Punjab,04,,,,,32.0567,73.1711,4,midh-ranjha
PK,Pakistan,Pakistán,40462,Tangowali,Punjab,04,,,,,32.1417,72.8467,4,tangowali
PK,Pakistan,Pakistán,40464,Punja,Punjab,04,,,,,32.0992,73.0089,1,punja
PK,Pakistan,Pakistán,40470,Bhabra,Punjab,04,,,,,32.2273,73.2172,4,bhabra
PK,Pakistan,Pakistán,40500,Alipur Noon,Punjab,04,,,,,32.3067,72.9758,4,alipur-noon
PK,Pakistan,Pakistán,40520,Chak Ram Das,Punjab,04,,,,,32.1223,74.3479,4,chak-ram-das
PK,Pakistan,Pakistán,40520,Chak Mubarak,Punjab,04,,,,,32.6229,74.0908,4,chak-mubarak
PK,Pakistan,Pakistán,40530,Chak 10 M.L.,Punjab,04,,,,,32.2587,73.2804,1,chak-10-m-l
PK,Pakistan,Pakistán,40540,Bhera,Punjab,04,,,,,32.4821,72.9086,4,bhera
PK,Pakistan,Pakistán,40542,Hazoorpur,Punjab,04,,,,,32.474,72.9028,1,hazoorpur
PK,Pakistan,Pakistán,40544,Alipur Saidan,Punjab,04,,,,,32.466,72.897,4,alipur-saidan
PK,Pakistan,Pakistán,40550,Miani,Punjab,04,,,,,31.3219,73,4,miani
PK,Pakistan,Pakistán,40560,Hujjan,Punjab,04,,,,,32.2734,73.1203,4,hujjan
PK,Pakistan,Pakistán,40570,Phular Wan,Punjab,04,,,,,32.2587,73.2804,1,phular-wan
PK,Pakistan,Pakistán,40600,Shah Pur Sadar,Punjab,04,,,,,32.1954,72.4418,1,shah-pur-sadar
PK,Pakistan,Pakistán,40610,Shah Pur City,Punjab,04,,,,,32.1761,72.4816,1,shah-pur-city
PK,Pakistan,Pakistán,40614,Jahanabad,Punjab,04,,,,,32.1761,72.4816,4,jahanabad
PK,Pakistan,Pakistán,40620,Kandan,Punjab,04,,,,,32.234,72.3623,4,kandan
PK,Pakistan,Pakistán,41000,Khushab Gpo,Punjab,04,,,,,32.5284,71.9884,1,khushab-gpo
PK,Pakistan,Pakistán,41010,Hussain Abad,Punjab,04,,,,,32.9553,70.6415,4,hussain-abad
PK,Pakistan,Pakistán,41020,Girote,Punjab,04,,,,,32.0858,72.2741,4,girote
PK,Pakistan,Pakistán,41022,Khura,Punjab,04,,,,,32.5268,72.2221,4,khura
PK,Pakistan,Pakistán,41024,Chowk Girote,Punjab,04,,,,,32.3063,72.2481,1,chowk-girote
PK,Pakistan,Pakistán,41030,Roda,Punjab,04,,,,,32.5368,71.5791,4,roda
PK,Pakistan,Pakistán,41050,Pail,Punjab,04,,,,,32.634,72.4613,4,pail
PK,Pakistan,Pakistán,41060,Padhrar,Punjab,04,,,,,32.6536,72.4929,4,padhrar
PK,Pakistan,Pakistán,41100,Nawshera (Khushab),Punjab,04,,,,,32.5748,72.0362,1,nawshera-khushab
PK,Pakistan,Pakistán,41102,Surraki,Punjab,04,,,,,32.5748,72.0362,1,surraki
PK,Pakistan,Pakistán,41104,Ugali,Punjab,04,,,,,32.5748,72.0362,4,ugali
PK,Pakistan,Pakistán,41110,Sodhi,Punjab,04,,,,,32.5828,72.2683,4,sodhi
PK,Pakistan,Pakistán,41120,Khabbekki,Punjab,04,,,,,33.4447,73.143,1,khabbekki
PK,Pakistan,Pakistán,41122,Dhadhar,Punjab,04,,,,,33.4447,73.143,1,dhadhar
PK,Pakistan,Pakistán,41124,Jabba,Punjab,04,,,,,33.4447,73.143,4,jabba
PK,Pakistan,Pakistán,41130,Mardwal,Punjab,04,,,,,32.6071,72.1634,4,mardwal
PK,Pakistan,Pakistán,41140,Angah,Punjab,04,,,,,32.5974,72.0877,4,angah
PK,Pakistan,Pakistán,41150,Uchhali,Punjab,04,,,,,32.5383,72.0163,4,uchhali
PK,Pakistan,Pakistán,41160,P. A. F. Sakesar,Punjab,04,,,,,32.5454,72.0925,1,p-a-f-sakesar
PK,Pakistan,Pakistán,41162,Kufri,Punjab,04,,,,,32.5454,72.0925,4,kufri
PK,Pakistan,Pakistán,41170,Jahlar,Punjab,04,,,,,32.4986,72.097,4,jahlar
PK,Pakistan,Pakistán,41200,Jauhar Abad,Punjab,04,,,,,32.1253,72.0411,1,jauhar-abad
PK,Pakistan,Pakistán,41210,Hadali,Punjab,04,,,,,32.2926,72.1908,4,hadali
PK,Pakistan,Pakistán,41220,Jabbi,Punjab,04,,,,,32.3917,72.0943,4,jabbi
PK,Pakistan,Pakistán,41250,Mitha Tiwana,Punjab,04,,,,,32.2454,72.1061,4,mitha-tiwana
PK,Pakistan,Pakistán,41260,Adhi Kot,Punjab,04,,,,,32.1054,71.806,4,adhi-kot
PK,Pakistan,Pakistán,41264,Khushab Atomic Energy Commission,Punjab,04,,,,,32.1054,71.806,1,khushab-atomic-energy-commission
PK,Pakistan,Pakistán,41270,Nur Pur Thal,Punjab,04,,,,,32.1253,72.0411,1,nur-pur-thal
PK,Pakistan,Pakistán,41280,Jamali,Punjab,04,,,,,31.8448,72.057,4,jamali
PK,Pakistan,Pakistán,41282,Jaura Kalan,Punjab,04,,,,,31.8922,72.2275,4,jaura-kalan
PK,Pakistan,Pakistán,41300,Qaid Abad,Punjab,04,,,,,32.3732,72.1547,1,qaid-abad
PK,Pakistan,Pakistán,41310,Bandial,Punjab,04,,,,,32.3552,71.8247,4,bandial
PK,Pakistan,Pakistán,41320,Rangpur Baghor,Punjab,04,,,,,32.3732,72.1547,1,rangpur-baghor
PK,Pakistan,Pakistán,41330,Warchha Mandi,Punjab,04,,,,,32.3732,72.1547,1,warchha-mandi
PK,Pakistan,Pakistán,41340,Rajar,Punjab,04,,,,,32.3912,72.4846,4,rajar
PK,Pakistan,Pakistán,42000,Liaqat Abad,Punjab,04,,,,,32.3675,71.463,1,liaqat-abad
PK,Pakistan,Pakistán,42010,Alluwali,Punjab,04,,,,,32.3668,71.4094,4,alluwali
PK,Pakistan,Pakistán,42012,Dubb,Punjab,04,,,,,32.3668,71.4094,1,dubb
PK,Pakistan,Pakistán,42020,Harnoli,Punjab,04,,,,,32.2787,71.5543,4,harnoli
PK,Pakistan,Pakistán,42030,Chashma Barrage Colony Mianwali,Punjab,04,,,,,32.3675,71.463,1,chashma-barrage-colony-mianwali
PK,Pakistan,Pakistán,42050,Kundian,Punjab,04,,,,,32.4577,71.4789,4,kundian
PK,Pakistan,Pakistán,42060,Chak 4/Db,Punjab,04,,,,,32.3675,71.463,1,chak-4-db
PK,Pakistan,Pakistán,42100,Wan Bhachran,Punjab,04,,,,,32.419,71.6983,4,wan-bhachran
PK,Pakistan,Pakistán,42110,Chapri,Punjab,04,,,,,32.498,71.919,4,chapri
PK,Pakistan,Pakistán,42120,Shadia,Punjab,04,,,,,32.3786,71.7593,4,shadia
PK,Pakistan,Pakistán,42200,Mianwali Gpo,Punjab,04,,,,,32.4316,72.2894,1,mianwali-gpo
PK,Pakistan,Pakistán,42204,Pakki Shah Mardan,Punjab,04,,,,,32.9207,71.5532,4,pakki-shah-mardan
PK,Pakistan,Pakistán,42206,Mianwali P.A.F Colony,Punjab,04,,,,,32.4316,72.2894,1,mianwali-p-a-f-colony
PK,Pakistan,Pakistán,42208,Kallor,Punjab,04,,,,,31.9425,73.0256,4,kallor
PK,Pakistan,Pakistán,42210,Musa Khel,Punjab,04,,,,,32.6404,71.7409,4,musa-khel
PK,Pakistan,Pakistán,42220,Kalri,Punjab,04,,,,,32.6729,71.8901,4,kalri
PK,Pakistan,Pakistán,42230,Chakrala,Punjab,04,,,,,32.8243,71.8825,4,chakrala
PK,Pakistan,Pakistán,42232,Dhiba Kar Sial,Punjab,04,,,,,32.8243,71.8825,1,dhiba-kar-sial
PK,Pakistan,Pakistán,42240,Dhurnaka,Punjab,04,,,,,32.5989,72.0378,1,dhurnaka
PK,Pakistan,Pakistán,42250,Rikhi,Punjab,04,,,,,32.7023,71.7868,4,rikhi
PK,Pakistan,Pakistán,42260,Chhidroo,Punjab,04,,,,,32.5989,72.0378,1,chhidroo
PK,Pakistan,Pakistán,42300,Pai Khel,Punjab,04,,,,,32.7885,71.5858,4,pai-khel
PK,Pakistan,Pakistán,42302,Ghundi,Punjab,04,,,,,32.8068,71.6061,4,ghundi
PK,Pakistan,Pakistán,42304,Swance,Punjab,04,,,,,32.7976,71.5959,1,swance
PK,Pakistan,Pakistán,42310,Mochh,Punjab,04,,,,,32.7474,71.5148,4,mochh
PK,Pakistan,Pakistán,42312,Dillewali,Punjab,04,,,,,32.7098,71.5325,4,dillewali
PK,Pakistan,Pakistán,42320,Daud Khel,Punjab,04,,,,,32.8753,71.5712,4,daud-khel
PK,Pakistan,Pakistán,42340,Iskandar Abad,Punjab,04,,,,,32.8544,71.5648,1,iskandar-abad
PK,Pakistan,Pakistán,42350,Mari Indus,Punjab,04,,,,,32.8544,71.5648,1,mari-indus
PK,Pakistan,Pakistán,42360,Kalabagh,Punjab,04,,,,,32.9616,71.5464,4,kalabagh
PK,Pakistan,Pakistán,42370,Tabisar,Punjab,04,,,,,33.148,71.5659,4,tabisar
PK,Pakistan,Pakistán,42380,Tola Bangi Khel,Punjab,04,,,,,32.8544,71.5648,1,tola-bangi-khel
PK,Pakistan,Pakistán,42400,Kamar Mashani,Punjab,04,,,,,32.7029,71.4416,1,kamar-mashani
PK,Pakistan,Pakistán,42410,Makerwal,Punjab,04,,,,,32.8552,71.1943,4,makerwal
PK,Pakistan,Pakistán,42420,Trag,Punjab,04,,,,,32.7856,71.2942,4,trag
PK,Pakistan,Pakistán,42430,Isa Khel,Punjab,04,,,,,32.468,71.8362,4,isa-khel
PK,Pakistan,Pakistán,43000,Makhad Road,Punjab,04,,,,,33.0448,71.7627,1,makhad-road
PK,Pakistan,Pakistán,43002,Kani,Punjab,04,,,,,33.0448,71.7627,4,kani
PK,Pakistan,Pakistán,43010,Makhad Sharif,Punjab,04,,,,,33.1304,71.7368,4,makhad-sharif
PK,Pakistan,Pakistán,43020,Injra,Punjab,04,,,,,33.1258,71.8517,4,injra
PK,Pakistan,Pakistán,43030,Naka Afghanan,Punjab,04,,,,,33.1769,71.8412,1,naka-afghanan
PK,Pakistan,Pakistán,43040,Hadowali,Punjab,04,,,,,33.1769,71.8412,1,hadowali
PK,Pakistan,Pakistán,43050,Chabchhab,Punjab,04,,,,,33.2332,71.9321,1,chabchhab
PK,Pakistan,Pakistán,43052,Nandrakabad,Punjab,04,,,,,33.2332,71.9321,4,nandrakabad
PK,Pakistan,Pakistán,43060,Lakarmar,Punjab,04,,,,,33.1769,71.8412,1,lakarmar
PK,Pakistan,Pakistán,43070,Jhamat,Punjab,04,,,,,33.2923,71.9192,4,jhamat
PK,Pakistan,Pakistán,43080,Dakhnair,Punjab,04,,,,,33.3109,71.8322,4,dakhnair
PK,Pakistan,Pakistán,43090,Malhowali,Punjab,04,,,,,33.1769,71.8412,1,malhowali
PK,Pakistan,Pakistán,43100,Jand,Punjab,04,,,,,33.433,72.0188,4,jand
PK,Pakistan,Pakistán,43110,Kot Chhaji,Punjab,04,,,,,33.5348,72.0808,4,kot-chhaji
PK,Pakistan,Pakistán,43112,Jalwal,Punjab,04,,,,,33.536,72.0231,4,jalwal
PK,Pakistan,Pakistán,43114,Kandrala,Punjab,04,,,,,33.5354,72.0519,1,kandrala
PK,Pakistan,Pakistán,43120,Nara,Punjab,04,,,,,33.639,72.0534,4,nara
PK,Pakistan,Pakistán,43122,Pindi Sarhal,Punjab,04,,,,,33.5814,72.1702,4,pindi-sarhal
PK,Pakistan,Pakistán,43130,Thatta,Punjab,04,,,,,33.5792,72.2216,4,thatta
PK,Pakistan,Pakistán,43140,Basal,Punjab,04,,,,,33.555,72.2569,4,basal
PK,Pakistan,Pakistán,43200,Kisran,Punjab,04,,,,,33.23,72.2502,1,kisran
PK,Pakistan,Pakistán,43210,Mithal,Punjab,04,,,,,33.5247,72.2422,4,mithal
PK,Pakistan,Pakistán,43220,Domel,Punjab,04,,,,,33.5392,72.1945,4,domel
PK,Pakistan,Pakistán,43222,Maryala,Punjab,04,,,,,32.3319,72.7485,4,maryala
PK,Pakistan,Pakistán,43230,Pind Sultani,Punjab,04,,,,,33.5103,72.182,4,pind-sultani
PK,Pakistan,Pakistán,43232,Rangli,Punjab,04,,,,,33.4903,72.1211,4,rangli
PK,Pakistan,Pakistán,43240,Ikhlas,Punjab,04,,,,,33.2649,72.2959,4,ikhlas
PK,Pakistan,Pakistán,43244,Mianwala,Punjab,04,,,,,32.496,71.8022,4,mianwala
PK,Pakistan,Pakistán,43250,Dhok Lahm,Punjab,04,,,,,33.3177,72.1866,4,dhok-lahm
PK,Pakistan,Pakistán,43252,Surg,Punjab,04,,,,,33.7067,72.2597,4,surg
PK,Pakistan,Pakistán,43260,Pindi Gheb,Punjab,04,,,,,33.241,72.2648,4,pindi-gheb
PK,Pakistan,Pakistán,43270,Chhab,Punjab,04,,,,,33.1079,72.4549,4,chhab
PK,Pakistan,Pakistán,43280,Nilhad,Punjab,04,,,,,33.23,72.2502,1,nilhad
PK,Pakistan,Pakistán,43300,Khunda,Punjab,04,,,,,33.4621,72.3949,4,khunda
PK,Pakistan,Pakistán,43320,Mirjal,Punjab,04,,,,,33.5137,72.4408,4,mirjal
PK,Pakistan,Pakistán,43322,Kahal,Punjab,04,,,,,33.5363,72.34,4,kahal
PK,Pakistan,Pakistán,43330,Gaggon,Punjab,04,,,,,33.2829,72.6521,1,gaggon
PK,Pakistan,Pakistán,43340,Kot Fateh Khan,Punjab,04,,,,,33.4624,72.508,4,kot-fateh-khan
PK,Pakistan,Pakistán,43350,Fateh Jang,Punjab,04,,,,,33.5802,71.4723,4,fateh-jang
PK,Pakistan,Pakistán,43360,Kamrial,Punjab,04,,,,,33.287,72.5766,4,kamrial
PK,Pakistan,Pakistán,43364,Kanjur,Punjab,04,,,,,33.3519,71.9207,4,kanjur
PK,Pakistan,Pakistán,43366,Dhurnal,Punjab,04,,,,,33.3544,72.6112,4,dhurnal
PK,Pakistan,Pakistán,43370,Ganda Kas,Punjab,04,,,,,33.2272,72.6202,4,ganda-kas
PK,Pakistan,Pakistán,43380,Khaur,Punjab,04,,,,,33.2499,72.4573,4,khaur
PK,Pakistan,Pakistán,43382,Khaur Village,Punjab,04,,,,,33.2499,72.4573,1,khaur-village
PK,Pakistan,Pakistán,43390,Kutbal,Punjab,04,,,,,33.1514,73.1934,4,kutbal
PK,Pakistan,Pakistán,43394,Hattar,Punjab,04,,,,,32.6388,74.3601,4,hattar
PK,Pakistan,Pakistán,43396,Moorat,Punjab,04,,,,,32.8951,73.7768,1,moorat
PK,Pakistan,Pakistán,43400,Jalalia,Punjab,04,,,,,33.9584,72.5412,4,jalalia
PK,Pakistan,Pakistán,43410,Gurgushti,Punjab,04,,,,,33.9312,72.5358,1,gurgushti
PK,Pakistan,Pakistán,43412,Malak Mala,Punjab,04,,,,,33.9312,72.5358,4,malak-mala
PK,Pakistan,Pakistán,43414,Behboodi,Punjab,04,,,,,33.9312,72.5358,1,behboodi
PK,Pakistan,Pakistán,43420,Shinka,Punjab,04,,,,,33.9469,72.5316,4,shinka
PK,Pakistan,Pakistán,43422,Yasin Kalan,Punjab,04,,,,,33.9514,72.5008,4,yasin-kalan
PK,Pakistan,Pakistán,43430,Barazai,Punjab,04,,,,,33.9189,72.5425,4,barazai
PK,Pakistan,Pakistán,43440,Hazro,Punjab,04,,,,,33.9099,72.4918,4,hazro
PK,Pakistan,Pakistán,43442,Kamalpur Musa,Punjab,04,,,,,33.9099,72.4918,1,kamalpur-musa
PK,Pakistan,Pakistán,43444,Raitla Mandi,Punjab,04,,,,,33.9099,72.4918,1,raitla-mandi
PK,Pakistan,Pakistán,43450,Nartopa,Punjab,04,,,,,33.9137,72.5184,4,nartopa
PK,Pakistan,Pakistán,43460,Musa,Punjab,04,,,,,33.8821,72.4925,4,musa
PK,Pakistan,Pakistán,43470,Hameed,Punjab,04,,,,,32.6375,73.2087,4,hameed
PK,Pakistan,Pakistán,43480,Saman,Punjab,04,,,,,33.8963,72.4478,4,saman
PK,Pakistan,Pakistán,43490,Shams Abad,Punjab,04,,,,,33.8306,72.5619,1,shams-abad
PK,Pakistan,Pakistán,43500,Rangoo,Punjab,04,,,,,33.908,72.3724,1,rangoo
PK,Pakistan,Pakistán,43510,Waisa,Punjab,04,,,,,33.9224,72.4024,4,waisa
PK,Pakistan,Pakistán,43520,Sirka,Punjab,04,,,,,33.9392,72.3915,4,sirka
PK,Pakistan,Pakistán,43530,Shadi Khan,Punjab,04,,,,,33.9227,72.3776,4,shadi-khan
PK,Pakistan,Pakistán,43540,Furmali,Punjab,04,,,,,33.908,72.3724,1,furmali
PK,Pakistan,Pakistán,43550,Mansar Camp,Punjab,04,,,,,33.908,72.3724,1,mansar-camp
PK,Pakistan,Pakistán,43560,Attock Khurd,Punjab,04,,,,,33.8921,72.2386,4,attock-khurd
PK,Pakistan,Pakistán,43570,P.A.C. Kamra,Punjab,04,,,,,33.908,72.3724,1,p-a-c-kamra
PK,Pakistan,Pakistán,43580,Hattian,Punjab,04,,,,,33.8636,72.4517,4,hattian
PK,Pakistan,Pakistán,43600,Attock Gpo,Punjab,04,,,,,32.7503,74.1897,1,attock-gpo
PK,Pakistan,Pakistán,43660,Barotha Wapda Colony,Punjab,04,,,,,32.7503,74.1897,1,barotha-wapda-colony
PK,Pakistan,Pakistán,43670,Sanjwal Pakistan Ordnance Factory,Punjab,04,,,,,32.7503,74.1897,1,sanjwal-pakistan-ordnance-factory
PK,Pakistan,Pakistán,43680,Mirza,Punjab,04,,,,,32.7503,74.1897,4,mirza
PK,Pakistan,Pakistán,43700,Dawoodpur,Punjab,04,,,,,30.8998,72.5376,1,dawoodpur
PK,Pakistan,Pakistán,43710,Burhan,Punjab,04,,,,,31.8518,72.218,4,burhan
PK,Pakistan,Pakistán,43720,Mono Nagar,Punjab,04,,,,,30.8998,72.5376,1,mono-nagar
PK,Pakistan,Pakistán,43730,Hasan Abdal,Punjab,04,,,,,30.4239,72.6974,4,hasan-abdal
PK,Pakistan,Pakistán,43734,Alro Lab,Punjab,04,,,,,30.4239,72.6974,1,alro-lab
PK,Pakistan,Pakistán,43740,Bahtar,Punjab,04,,,,,30.8998,72.5376,1,bahtar
PK,Pakistan,Pakistán,43750,Boota,Punjab,04,,,,,30.8998,72.5376,1,boota
PK,Pakistan,Pakistán,46000,Rawalpindi Gpo,Punjab,04,,,,,33.5999,73.0217,1,rawalpindi-gpo
PK,Pakistan,Pakistán,46010,Rawalpindi Momin Pura,Punjab,04,,,,,33.5999,73.0217,1,rawalpindi-momin-pura
PK,Pakistan,Pakistán,46020,Rawalpindi Urdu Bazar,Punjab,04,,,,,33.5999,73.0217,1,rawalpindi-urdu-bazar
PK,Pakistan,Pakistán,46030,Rawalpindi Saidpur Road,Punjab,04,,,,,33.5999,73.0217,1,rawalpindi-saidpur-road
PK,Pakistan,Pakistán,46040,Rawalpindi Asghar Mall,Punjab,04,,,,,33.5999,73.0217,1,rawalpindi-asghar-mall
PK,Pakistan,Pakistán,46050,Rawalpindi Allama Iqbal Colony,Punjab,04,,,,,33.5854,73.0244,4,rawalpindi-allama-iqbal-colony
PK,Pakistan,Pakistán,46060,Rawalpindi Westridge,Punjab,04,,,,,33.6144,73.0189,4,rawalpindi-westridge
PK,Pakistan,Pakistán,46070,Rawalpindi Kohinoor Colony,Punjab,04,,,,,33.5999,73.0217,1,rawalpindi-kohinoor-colony
PK,Pakistan,Pakistán,46100,Rawalpindi General Headquarters,Punjab,04,,,,,33.6127,73.0288,1,rawalpindi-general-headquarters
PK,Pakistan,Pakistán,46120,Murree Brewary Rawalpindi,Punjab,04,,,,,33.6127,73.0288,1,murree-brewary-rawalpindi
PK,Pakistan,Pakistán,46202,Chaklala Village,Punjab,04,,,,,33.6127,73.0288,1,chaklala-village
PK,Pakistan,Pakistán,46210,Rawalpindi Chaklala Air Field,Punjab,04,,,,,33.6127,73.0288,1,rawalpindi-chaklala-air-field
PK,Pakistan,Pakistán,46220,"Rawalpindi Bahria Town (Phase 1, 2, 3, 4)",Punjab,04,,,,,33.6127,73.0288,1,rawalpindi-bahria-town-phase-1-2-3-4
PK,Pakistan,Pakistán,46222,Rawalpindi Gulzar-E-Quaid,Punjab,04,,,,,33.6127,73.0288,1,rawalpindi-gulzar-e-quaid
PK,Pakistan,Pakistán,46300,Rawalpindi Satellite Town,Punjab,04,,,,,33.6332,73.0402,1,rawalpindi-satellite-town
PK,Pakistan,Pakistán,46310,Rawalpindi Judicial Town,Punjab,04,,,,,33.6332,73.0402,1,rawalpindi-judicial-town
PK,Pakistan,Pakistán,46320,Rawalpindi Raja Town,Punjab,04,,,,,33.6332,73.0402,1,rawalpindi-raja-town
PK,Pakistan,Pakistán,46330,Rawalpindi Fizaia Colony,Punjab,04,,,,,33.6332,73.0402,1,rawalpindi-fizaia-colony
PK,Pakistan,Pakistán,46350,Rawalpindi Pir Wadhai,Punjab,04,,,,,33.6332,73.0402,4,rawalpindi-pir-wadhai
PK,Pakistan,Pakistán,46500,Rawalpindi Dhamial Camp,Punjab,04,,,,,33.6127,73.0288,1,rawalpindi-dhamial-camp
PK,Pakistan,Pakistán,46510,Rawalpindi Kutchery,Punjab,04,,,,,33.6127,73.0288,1,rawalpindi-kutchery
PK,Pakistan,Pakistán,46520,Rawalpindi Chak Jalal Din,Punjab,04,,,,,33.6127,73.0288,1,rawalpindi-chak-jalal-din
PK,Pakistan,Pakistán,46600,Rawalpindi Attock Oil Company,Punjab,04,,,,,33.6127,73.0288,1,rawalpindi-attock-oil-company
PK,Pakistan,Pakistán,46602,Rawalpindi Bise Morgah,Punjab,04,,,,,33.6127,73.0288,1,rawalpindi-bise-morgah
PK,Pakistan,Pakistán,46604,"Askari 14, Rawalpindi",Punjab,04,,,,,33.6127,73.0288,1,askari-14-rawalpindi
PK,Pakistan,Pakistán,46606,Rawalpindi Adyala Road,Punjab,04,,,,,33.6127,73.0288,1,rawalpindi-adyala-road
PK,Pakistan,Pakistán,46610,Rawalpindi High Court,Punjab,04,,,,,33.6127,73.0288,1,rawalpindi-high-court
PK,Pakistan,Pakistán,46620,"Safari Valley (Bahria Phase 5, 6, 7, 8)",Punjab,04,,,,,33.6127,73.0288,1,safari-valley-bahria-phase-5-6-7-8
PK,Pakistan,Pakistán,47000,Wah,Punjab,04,,,,,33.7983,72.6956,4,wah
PK,Pakistan,Pakistán,47002,Losar Sharfoo,Punjab,04,,,,,33.7983,72.6956,1,losar-sharfoo
PK,Pakistan,Pakistán,47010,Lala Rukh Wah Cantt,Punjab,04,,,,,33.7578,72.792,1,lala-rukh-wah-cantt
PK,Pakistan,Pakistán,47020,Wah Cement Works,Punjab,04,,,,,33.7578,72.792,1,wah-cement-works
PK,Pakistan,Pakistán,47030,Pakistan Ordinance Factory Gudwal,Punjab,04,,,,,33.7578,72.792,1,pakistan-ordinance-factory-gudwal
PK,Pakistan,Pakistán,47040,Wah Cantt. Gpo,Punjab,04,,,,,33.7578,72.792,1,wah-cantt-gpo
PK,Pakistan,Pakistán,47044,Lalazar Colony Wah,Punjab,04,,,,,33.7578,72.792,1,lalazar-colony-wah
PK,Pakistan,Pakistán,47046,Wah West Park,Punjab,04,,,,,33.7578,72.792,1,wah-west-park
PK,Pakistan,Pakistán,47050,Heavy Mechanical Complex Taxila,Punjab,04,,,,,33.7578,72.792,1,heavy-mechanical-complex-taxila
PK,Pakistan,Pakistán,47060,Usman Khatter,Punjab,04,,,,,33.7578,72.792,1,usman-khatter
PK,Pakistan,Pakistán,47066,Ahata Farooqia,Punjab,04,,,,,33.7578,72.792,1,ahata-farooqia
PK,Pakistan,Pakistán,47070,Taxila Cantt.,Punjab,04,,,,,33.7578,72.792,1,taxila-cantt
PK,Pakistan,Pakistán,47080,Taxila,Punjab,04,,,,,33.7373,72.8006,4,taxila
PK,Pakistan,Pakistán,47086,Wah P.M.O Complex,Punjab,04,,,,,33.7373,72.8006,1,wah-p-m-o-complex
PK,Pakistan,Pakistán,47090,Saddat Colony,Punjab,04,,,,,33.7378,72.8797,1,saddat-colony
PK,Pakistan,Pakistán,47092,Khurram Gujar,Punjab,04,,,,,33.7378,72.8797,4,khurram-gujar
PK,Pakistan,Pakistán,47100,Tret,Punjab,04,,,,,33.8357,73.2969,4,tret
PK,Pakistan,Pakistán,47104,Samli Sanatorium,Punjab,04,,,,,33.8357,73.2969,1,samli-sanatorium
PK,Pakistan,Pakistán,47110,Ghora Gali,Punjab,04,,,,,33.8806,73.3417,4,ghora-gali
PK,Pakistan,Pakistán,47114,Lawrence College,Punjab,04,,,,,33.8806,73.3417,1,lawrence-college
PK,Pakistan,Pakistán,47118,Murree Clifdon,Punjab,04,,,,,33.8806,73.3417,1,murree-clifdon
PK,Pakistan,Pakistán,47120,Chitta More,Punjab,04,,,,,33.907,73.3734,1,chitta-more
PK,Pakistan,Pakistán,47124,Barian Camp,Punjab,04,,,,,33.907,73.3734,1,barian-camp
PK,Pakistan,Pakistán,47130,Kuldana,Punjab,04,,,,,33.9211,73.3994,4,kuldana
PK,Pakistan,Pakistán,47140,Sunny Bank,Punjab,04,,,,,33.92,73.401,4,sunny-bank
PK,Pakistan,Pakistán,47150,Murree Gpo,Punjab,04,,,,,33.907,73.3734,1,murree-gpo
PK,Pakistan,Pakistán,47180,Jhika Gali,Punjab,04,,,,,33.907,73.3734,1,jhika-gali
PK,Pakistan,Pakistán,47184,Ghariai,Punjab,04,,,,,33.907,73.3734,1,ghariai
PK,Pakistan,Pakistán,47190,Kashmiri Bazar,Punjab,04,,,,,34.004,73.4704,1,kashmiri-bazar
PK,Pakistan,Pakistán,47194,Dewal,Punjab,04,,,,,34.004,73.4704,4,dewal
PK,Pakistan,Pakistán,47200,Phagwari,Punjab,04,,,,,33.9815,73.4984,4,phagwari
PK,Pakistan,Pakistán,47204,Sehr Bagla,Punjab,04,,,,,33.9815,73.4984,1,sehr-bagla
PK,Pakistan,Pakistán,47210,Upper Topa,Punjab,04,,,,,33.9123,73.4297,4,upper-topa
PK,Pakistan,Pakistán,47214,Lower Topa,Punjab,04,,,,,33.8977,73.4305,4,lower-topa
PK,Pakistan,Pakistán,47216,Phapril,Punjab,04,,,,,33.905,73.4301,1,phapril
PK,Pakistan,Pakistán,47220,Gulehra Gali,Punjab,04,,,,,33.7469,73.3327,1,gulehra-gali
PK,Pakistan,Pakistán,47224,Mohra Sayyedan,Punjab,04,,,,,33.7469,73.3327,1,mohra-sayyedan
PK,Pakistan,Pakistán,47230,Ban,Punjab,04,,,,,33.7097,72.7698,4,ban
PK,Pakistan,Pakistán,47232,Biah,Punjab,04,,,,,33.7466,73.4119,4,biah
PK,Pakistan,Pakistán,47234,Dhirkot Sattian,Punjab,04,,,,,33.7281,73.0908,1,dhirkot-sattian
PK,Pakistan,Pakistán,47240,Dhanda,Punjab,04,,,,,33.9076,73.5154,4,dhanda
PK,Pakistan,Pakistán,47250,Mallot Sattian,Punjab,04,,,,,33.7469,73.3327,1,mallot-sattian
PK,Pakistan,Pakistán,47260,Kotli Sattian,Punjab,04,,,,,33.8022,73.5295,4,kotli-sattian
PK,Pakistan,Pakistán,47262,Durniyan,Punjab,04,,,,,33.7841,73.5165,1,durniyan
PK,Pakistan,Pakistán,47266,Kahuti Bazar,Punjab,04,,,,,33.7659,73.5035,4,kahuti-bazar
PK,Pakistan,Pakistán,47270,Lehtrar Bala,Punjab,04,,,,,33.706,73.4388,4,lehtrar-bala
PK,Pakistan,Pakistán,47274,Kalan Basand,Punjab,04,,,,,33.706,73.4388,1,kalan-basand
PK,Pakistan,Pakistán,47276,Surba,Punjab,04,,,,,33.706,73.4388,1,surba
PK,Pakistan,Pakistán,47280,Kehrore,Punjab,04,,,,,33.7469,73.3327,1,kehrore
PK,Pakistan,Pakistán,47290,Sihal,Punjab,04,,,,,33.3569,72.8307,4,sihal
PK,Pakistan,Pakistán,47294,Sangral,Punjab,04,,,,,33.4456,73.2015,4,sangral
PK,Pakistan,Pakistán,47296,Kolian Hameed,Punjab,04,,,,,33.4012,73.0161,1,kolian-hameed
PK,Pakistan,Pakistán,47300,Chakri,Punjab,04,,,,,33.2924,72.7618,4,chakri
PK,Pakistan,Pakistán,47310,Dahgal,Punjab,04,,,,,33.4923,73.048,4,dahgal
PK,Pakistan,Pakistán,47320,Sumbalgah,Punjab,04,,,,,33.62,73.4039,1,sumbalgah
PK,Pakistan,Pakistán,47324,Khadiot,Punjab,04,,,,,33.62,73.4039,4,khadiot
PK,Pakistan,Pakistán,47330,Kahuta Gpo,Punjab,04,,,,,33.5664,73.393,1,kahuta-gpo
PK,Pakistan,Pakistán,47340,Hanesar,Punjab,04,,,,,33.5869,73.4839,4,hanesar
PK,Pakistan,Pakistán,47350,Panjar,Punjab,04,,,,,33.6439,73.5171,4,panjar
PK,Pakistan,Pakistán,47360,Narh,Punjab,04,,,,,33.7308,73.5465,4,narh
PK,Pakistan,Pakistán,47364,Sour,Punjab,04,,,,,33.7308,73.5465,1,sour
PK,Pakistan,Pakistán,47370,Mowara,Punjab,04,,,,,33.531,73.4778,1,mowara
PK,Pakistan,Pakistán,47374,Matore,Punjab,04,,,,,33.531,73.4778,4,matore
PK,Pakistan,Pakistán,47376,Maira (Rawalpindi),Punjab,04,,,,,33.531,73.4778,1,maira-rawalpindi
PK,Pakistan,Pakistán,47380,Thoha Khalsa,Punjab,04,,,,,33.5093,73.4366,4,thoha-khalsa
PK,Pakistan,Pakistán,47384,Nara,Punjab,04,,,,,33.5433,73.527,4,nara
PK,Pakistan,Pakistán,47390,Bagh Jamiri,Punjab,04,,,,,33.5664,73.393,1,bagh-jamiri
PK,Pakistan,Pakistán,47400,Lehri,Punjab,04,,,,,33.5295,73.5578,4,lehri
PK,Pakistan,Pakistán,47410,Khalol,Punjab,04,,,,,33.5659,73.5591,4,khalol
PK,Pakistan,Pakistán,47420,Jewra,Punjab,04,,,,,33.609,73.5219,4,jewra
PK,Pakistan,Pakistán,47430,Nalla Musilmanan,Punjab,04,,,,,33.4628,73.4945,1,nalla-musilmanan
PK,Pakistan,Pakistán,47432,Benahal Pattan,Punjab,04,,,,,33.4628,73.4945,1,benahal-pattan
PK,Pakistan,Pakistán,47440,Doberan Kalan,Punjab,04,,,,,33.4482,73.5057,4,doberan-kalan
PK,Pakistan,Pakistán,47444,Sakoot,Punjab,04,,,,,33.4482,73.5057,1,sakoot
PK,Pakistan,Pakistán,47450,Dhamali,Punjab,04,,,,,33.4353,73.4428,4,dhamali
PK,Pakistan,Pakistán,47460,Bhalakhar,Punjab,04,,,,,33.4628,73.4945,1,bhalakhar
PK,Pakistan,Pakistán,47470,Choha Khalsa,Punjab,04,,,,,33.412,73.4828,4,choha-khalsa
PK,Pakistan,Pakistán,47474,Sohat Bagial,Punjab,04,,,,,33.3983,73.4465,1,sohat-bagial
PK,Pakistan,Pakistán,47476,Chakrali Budhal,Punjab,04,,,,,33.3845,73.4102,4,chakrali-budhal
PK,Pakistan,Pakistán,47480,Sir Suba Shah,Punjab,04,,,,,33.3976,73.5122,4,sir-suba-shah
PK,Pakistan,Pakistán,47490,Samote,Punjab,04,,,,,33.4628,73.4945,1,samote
PK,Pakistan,Pakistán,47500,Takal,Punjab,04,,,,,33.3716,73.4613,4,takal
PK,Pakistan,Pakistán,47510,Dharyala Sehgal,Punjab,04,,,,,33.2314,73.2982,1,dharyala-sehgal
PK,Pakistan,Pakistán,47520,Kallar Sayydan,Punjab,04,,,,,33.2314,73.2982,1,kallar-sayydan
PK,Pakistan,Pakistán,47522,Thal Khalsa,Punjab,04,,,,,33.2314,73.2982,1,thal-khalsa
PK,Pakistan,Pakistán,47530,Chowk Pindori,Punjab,04,,,,,33.2314,73.2982,1,chowk-pindori
PK,Pakistan,Pakistán,47540,Sagri,Punjab,04,,,,,33.4609,73.2638,4,sagri
PK,Pakistan,Pakistán,47542,Manghota Barahmnan,Punjab,04,,,,,33.4609,73.2638,1,manghota-barahmnan
PK,Pakistan,Pakistán,47546,Tareel,Punjab,04,,,,,33.4609,73.2638,1,tareel
PK,Pakistan,Pakistán,47550,Jhatta Hathial,Punjab,04,,,,,33.2314,73.2982,1,jhatta-hathial
PK,Pakistan,Pakistán,47560,Banda,Punjab,04,,,,,33.2314,73.2982,1,banda
PK,Pakistan,Pakistán,47570,Bhall,Punjab,04,,,,,33.2314,73.2982,1,bhall
PK,Pakistan,Pakistán,47580,Udhowal,Punjab,04,,,,,32.6009,74.0446,4,udhowal
PK,Pakistan,Pakistán,47590,Chauntra,Punjab,04,,,,,33.3536,72.9305,4,chauntra
PK,Pakistan,Pakistán,47592,Tatral,Punjab,04,,,,,32.9108,72.8594,4,tatral
PK,Pakistan,Pakistán,47600,Chak Beli Khan,Punjab,04,,,,,33.2375,72.911,4,chak-beli-khan
PK,Pakistan,Pakistán,47610,Pindoori (Chak Bali Khan),Punjab,04,,,,,33.3453,73.1306,1,pindoori-chak-bali-khan
PK,Pakistan,Pakistán,47620,Mahuta Mohra,Punjab,04,,,,,33.3453,73.1306,1,mahuta-mohra
PK,Pakistan,Pakistán,47630,Paryal,Punjab,04,,,,,33.3453,73.1306,1,paryal
PK,Pakistan,Pakistán,47640,Ruper Kalan,Punjab,04,,,,,33.3453,73.1306,1,ruper-kalan
PK,Pakistan,Pakistán,47650,Bassali,Punjab,04,,,,,33.3453,73.1306,1,bassali
PK,Pakistan,Pakistán,47652,Haraka,Punjab,04,,,,,33.3453,73.1306,1,haraka
PK,Pakistan,Pakistán,47660,Jabbar Darvesh,Punjab,04,,,,,33.3572,73.1023,4,jabbar-darvesh
PK,Pakistan,Pakistán,47670,Mandra,Punjab,04,,,,,33.3662,73.2386,4,mandra
PK,Pakistan,Pakistán,47680,Kaliam Awan,Punjab,04,,,,,33.4058,73.2072,4,kaliam-awan
PK,Pakistan,Pakistán,47690,Pothi,Punjab,04,,,,,33.3596,73.1941,4,pothi
PK,Pakistan,Pakistán,47700,Sang,Punjab,04,,,,,33.3151,73.1883,4,sang
PK,Pakistan,Pakistán,47710,Mangote,Punjab,04,,,,,33.2015,73.1481,1,mangote
PK,Pakistan,Pakistán,47720,Sukho,Punjab,04,,,,,33.2501,73.1819,4,sukho
PK,Pakistan,Pakistán,47730,Kanyat Khalil,Punjab,04,,,,,33.1847,73.2276,4,kanyat-khalil
PK,Pakistan,Pakistán,47740,Daultala,Punjab,04,,,,,33.1928,73.141,4,daultala
PK,Pakistan,Pakistán,47750,Ahdi,Punjab,04,,,,,33.1414,73.1264,4,ahdi
PK,Pakistan,Pakistán,47760,Narali,Punjab,04,,,,,33.1148,73.1624,4,narali
PK,Pakistan,Pakistán,47770,Dhong,Punjab,04,,,,,33.2015,73.1481,1,dhong
PK,Pakistan,Pakistán,47780,Jatli,Punjab,04,,,,,33.2044,73.1078,4,jatli
PK,Pakistan,Pakistán,47784,Devi,Punjab,04,,,,,33.209,73.0496,4,devi
PK,Pakistan,Pakistán,47790,Bhair Kalyal,Punjab,04,,,,,33.2015,73.1481,1,bhair-kalyal
PK,Pakistan,Pakistán,47800,Thekherian,Punjab,04,,,,,33.1821,73.1929,1,thekherian
PK,Pakistan,Pakistán,47810,Raman,Punjab,04,,,,,33.1514,73.0669,4,raman
PK,Pakistan,Pakistán,47820,Sayyad Kisran,Punjab,04,,,,,33.1821,73.1929,1,sayyad-kisran
PK,Pakistan,Pakistán,47824,Bhawlay Khurd,Punjab,04,,,,,33.1821,73.1929,1,bhawlay-khurd
PK,Pakistan,Pakistán,47830,Punjgran Khurd,Punjab,04,,,,,33.1789,73.0312,4,punjgran-khurd
PK,Pakistan,Pakistán,47850,Gujar Khan Gpo,Punjab,04,,,,,33.1821,73.1929,1,gujar-khan-gpo
PK,Pakistan,Pakistán,47880,Gulyana,Punjab,04,,,,,33.2025,73.2697,4,gulyana
PK,Pakistan,Pakistán,47882,Chik Budhal,Punjab,04,,,,,33.2025,73.2697,1,chik-budhal
PK,Pakistan,Pakistán,47884,Mohra Noori,Punjab,04,,,,,33.2025,73.2697,1,mohra-noori
PK,Pakistan,Pakistán,47890,Sasral,Punjab,04,,,,,33.155,73.2502,4,sasral
PK,Pakistan,Pakistán,47900,Kuntrilla,Punjab,04,,,,,32.96,73.6942,4,kuntrilla
PK,Pakistan,Pakistán,47910,Bewal,Punjab,04,,,,,33.3378,73.4483,4,bewal
PK,Pakistan,Pakistán,47920,Mohra Bhuttian,Punjab,04,,,,,32.9289,73.834,1,mohra-bhuttian
PK,Pakistan,Pakistán,47930,Kinger,Punjab,04,,,,,32.9289,73.834,1,kinger
PK,Pakistan,Pakistán,47940,Thathi,Punjab,04,,,,,32.7272,74.4428,4,thathi
PK,Pakistan,Pakistán,47950,Pindori,Punjab,04,,,,,32.7303,74.0041,4,pindori
PK,Pakistan,Pakistán,47960,Kazian,Punjab,04,,,,,32.2137,75.0937,4,kazian
PK,Pakistan,Pakistán,47970,Jand Mehloo,Punjab,04,,,,,32.9289,73.834,1,jand-mehloo
PK,Pakistan,Pakistán,47980,Missa Kaswal,Punjab,04,,,,,33.2057,73.3463,4,missa-kaswal
PK,Pakistan,Pakistán,47990,Jarmot Kalan,Punjab,04,,,,,33.1281,73.3213,4,jarmot-kalan
PK,Pakistan,Pakistán,47994,Khingar Mamdal,Punjab,04,,,,,33.1281,73.3213,1,khingar-mamdal
PK,Pakistan,Pakistán,48000,Trap,Punjab,04,,,,,33.0535,71.9058,4,trap
PK,Pakistan,Pakistán,48020,Jabbi Shah Dilawar,Punjab,04,,,,,33.0936,71.9907,4,jabbi-shah-dilawar
PK,Pakistan,Pakistán,48030,Multan Khurd,Punjab,04,,,,,33.0356,72.0175,4,multan-khurd
PK,Pakistan,Pakistán,48034,Sang Wala,Punjab,04,,,,,33.0356,72.0175,1,sang-wala
PK,Pakistan,Pakistán,48040,Tamman,Punjab,04,,,,,33.004,72.1105,4,tamman
PK,Pakistan,Pakistán,48042,Dandi Surhali,Punjab,04,,,,,33.004,72.1105,1,dandi-surhali
PK,Pakistan,Pakistán,48050,Budhial,Punjab,04,,,,,32.9939,72.186,4,budhial
PK,Pakistan,Pakistán,48052,Patwali,Punjab,04,,,,,33.0484,72.1807,4,patwali
PK,Pakistan,Pakistán,48060,Akwal,Punjab,04,,,,,32.9295,72.3648,4,akwal
PK,Pakistan,Pakistán,48062,Dhaular,Punjab,04,,,,,33.042,72.3043,4,dhaular
PK,Pakistan,Pakistán,48070,Tehi,Punjab,04,,,,,32.9617,72.4089,4,tehi
PK,Pakistan,Pakistán,48072,Jasial,Punjab,04,,,,,32.9977,72.3913,4,jasial
PK,Pakistan,Pakistán,48074,Tatral,Punjab,04,,,,,32.9108,72.8594,4,tatral
PK,Pakistan,Pakistán,48080,Kot Sarang,Punjab,04,,,,,33.0371,72.385,4,kot-sarang
PK,Pakistan,Pakistán,48090,Talagang City,Punjab,04,,,,,33.0105,72.2309,1,talagang-city
PK,Pakistan,Pakistán,48100,Talagang Gpo,Punjab,04,,,,,32.9115,72.2064,1,talagang-gpo
PK,Pakistan,Pakistán,48110,Naka Kahut,Punjab,04,,,,,32.9425,72.4781,4,naka-kahut
PK,Pakistan,Pakistán,48120,Pira Fathial,Punjab,04,,,,,32.9115,72.2064,1,pira-fathial
PK,Pakistan,Pakistán,48122,Moorat,Punjab,04,,,,,32.9115,72.2064,1,moorat
PK,Pakistan,Pakistán,48130,Balwal,Punjab,04,,,,,32.8216,72.0646,4,balwal
PK,Pakistan,Pakistán,48140,Bilalabad,Punjab,04,,,,,32.9115,72.2064,1,bilalabad
PK,Pakistan,Pakistán,48150,Saghar,Punjab,04,,,,,32.9417,72.2703,4,saghar
PK,Pakistan,Pakistán,48154,Darote,Punjab,04,,,,,32.9417,72.2703,1,darote
PK,Pakistan,Pakistán,48160,Wanhar,Punjab,04,,,,,32.8914,72.1786,4,wanhar
PK,Pakistan,Pakistán,48170,Dhulli,Punjab,04,,,,,32.8627,72.1943,4,dhulli
PK,Pakistan,Pakistán,48180,Dhermond,Punjab,04,,,,,32.9453,72.1678,4,dhermond
PK,Pakistan,Pakistán,48182,Dhoke Masahib,Punjab,04,,,,,32.9453,72.1678,1,dhoke-masahib
PK,Pakistan,Pakistán,48190,Leti,Punjab,04,,,,,32.9113,72.0658,4,leti
PK,Pakistan,Pakistán,48200,Pachand,Punjab,04,,,,,32.7506,72.4205,1,pachand
PK,Pakistan,Pakistán,48202,Kot Gullah,Punjab,04,,,,,32.7506,72.4205,1,kot-gullah
PK,Pakistan,Pakistán,48210,Dhurnal,Punjab,04,,,,,32.8076,72.1016,4,dhurnal
PK,Pakistan,Pakistán,48220,Gatal,Punjab,04,,,,,32.8012,72.0677,4,gatal
PK,Pakistan,Pakistán,48222,Kot Qazi,Punjab,04,,,,,32.8236,72.0086,4,kot-qazi
PK,Pakistan,Pakistán,48230,Danda Shah Balawal,Punjab,04,,,,,32.7506,72.4205,1,danda-shah-balawal
PK,Pakistan,Pakistán,48240,Changa,Punjab,04,,,,,32.7282,71.9752,4,changa
PK,Pakistan,Pakistán,48250,Lawa,Punjab,04,,,,,32.6968,71.9327,4,lawa
PK,Pakistan,Pakistán,48260,Jhatla,Punjab,04,,,,,32.8239,72.3826,4,jhatla
PK,Pakistan,Pakistán,48270,Thoha Mehram Khan,Punjab,04,,,,,32.7506,72.4205,1,thoha-mehram-khan
PK,Pakistan,Pakistán,48280,Chinji,Punjab,04,,,,,32.7075,72.364,4,chinji
PK,Pakistan,Pakistán,48282,Kotera,Punjab,04,,,,,32.6401,74.5152,4,kotera
PK,Pakistan,Pakistán,48290,Bhilomar,Punjab,04,,,,,32.7268,72.4368,4,bhilomar
PK,Pakistan,Pakistán,48310,Dandot,Punjab,04,,,,,32.6589,72.9597,4,dandot
PK,Pakistan,Pakistán,48312,Dalelpur,Punjab,04,,,,,32.7304,72.8428,4,dalelpur
PK,Pakistan,Pakistán,48320,Choa Saidan Shah,Punjab,04,,,,,32.7196,72.9862,4,choa-saidan-shah
PK,Pakistan,Pakistán,48322,Wahalizer,Punjab,04,,,,,32.7399,73.0982,1,wahalizer
PK,Pakistan,Pakistán,48326,Ara,Punjab,04,,,,,32.7602,73.2101,4,ara
PK,Pakistan,Pakistán,48330,Dulmial,Punjab,04,,,,,32.739,72.9248,4,dulmial
PK,Pakistan,Pakistán,48332,Dheri Sydan,Punjab,04,,,,,32.739,72.9248,1,dheri-sydan
PK,Pakistan,Pakistán,48340,Dharial Kahoon,Punjab,04,,,,,32.7247,72.9582,1,dharial-kahoon
PK,Pakistan,Pakistán,48350,Wahula,Punjab,04,,,,,32.7247,72.9582,1,wahula
PK,Pakistan,Pakistán,48360,Dalwal,Punjab,04,,,,,32.7024,72.8865,4,dalwal
PK,Pakistan,Pakistán,48370,Arrar,Punjab,04,,,,,32.7247,72.9582,1,arrar
PK,Pakistan,Pakistán,48380,Khairpur (Chakwal),Punjab,04,,,,,32.733,72.7906,4,khairpur-chakwal
PK,Pakistan,Pakistán,48400,Lehr Sultan Pur,Punjab,04,,,,,32.7637,73.094,1,lehr-sultan-pur
PK,Pakistan,Pakistán,48410,Basharat,Punjab,04,,,,,32.782,73.092,4,basharat
PK,Pakistan,Pakistán,48420,Saloi,Punjab,04,,,,,32.7453,73.0961,4,saloi
PK,Pakistan,Pakistán,48430,Lehri Kakan,Punjab,04,,,,,32.7637,73.094,1,lehri-kakan
PK,Pakistan,Pakistán,48500,Dhidwal,Punjab,04,,,,,32.86,72.9427,4,dhidwal
PK,Pakistan,Pakistán,48510,Karriala,Punjab,04,,,,,33.6576,73.1512,1,karriala
PK,Pakistan,Pakistán,48514,Bhallah,Punjab,04,,,,,34.4553,73.3596,4,bhallah
PK,Pakistan,Pakistán,48516,Dheedwal,Punjab,04,,,,,32.86,72.9427,4,dheedwal
PK,Pakistan,Pakistán,48520,Bhaun,Punjab,04,,,,,32.8605,72.7568,4,bhaun
PK,Pakistan,Pakistán,48530,Kalar Kahar,Punjab,04,,,,,32.78,72.6979,4,kalar-kahar
PK,Pakistan,Pakistán,48540,Bharpur,Punjab,04,,,,,32.8564,72.5688,4,bharpur
PK,Pakistan,Pakistán,48550,Jhamrah,Punjab,04,,,,,32.7135,72.6141,4,jhamrah
PK,Pakistan,Pakistán,48554,Karuli,Punjab,04,,,,,32.6846,72.7766,4,karuli
PK,Pakistan,Pakistán,48556,Istqlal Camp,Punjab,04,,,,,32.699,72.6953,1,istqlal-camp
PK,Pakistan,Pakistán,48560,Bochal Kalan,Punjab,04,,,,,32.9253,72.7585,1,bochal-kalan
PK,Pakistan,Pakistán,48564,Dharukna,Punjab,04,,,,,32.9253,72.7585,1,dharukna
PK,Pakistan,Pakistán,48570,Sar Kalan,Punjab,04,,,,,32.6443,72.6436,4,sar-kalan
PK,Pakistan,Pakistán,48580,Buchal Khurd,Punjab,04,,,,,32.7148,72.5465,1,buchal-khurd
PK,Pakistan,Pakistán,48582,Wasnal,Punjab,04,,,,,32.7148,72.5465,4,wasnal
PK,Pakistan,Pakistán,48584,Manara,Punjab,04,,,,,32.7148,72.5465,1,manara
PK,Pakistan,Pakistán,48590,Nur Pur,Punjab,04,,,,,32.6636,72.5884,4,nur-pur
PK,Pakistan,Pakistán,48600,Sadwal,Punjab,04,,,,,32.8817,72.8302,4,sadwal
PK,Pakistan,Pakistán,48604,Rehna Sadat,Punjab,04,,,,,32.8817,72.8302,1,rehna-sadat
PK,Pakistan,Pakistán,48610,Murid,Punjab,04,,,,,32.9133,72.7547,4,murid
PK,Pakistan,Pakistán,48620,Bhatti Gujar,Punjab,04,,,,,32.8682,72.6421,4,bhatti-gujar
PK,Pakistan,Pakistán,48624,Dharabi,Punjab,04,,,,,32.9452,72.5328,4,dharabi
PK,Pakistan,Pakistán,48630,Balkasar,Punjab,04,,,,,32.9374,72.6444,4,balkasar
PK,Pakistan,Pakistán,48640,Sidher,Punjab,04,,,,,32.974,72.7028,1,sidher
PK,Pakistan,Pakistán,48650,Thoa Bahadur,Punjab,04,,,,,32.9365,72.7027,4,thoa-bahadur
PK,Pakistan,Pakistán,48660,Oudherwal,Punjab,04,,,,,32.974,72.7028,1,oudherwal
PK,Pakistan,Pakistán,48670,Mundey,Punjab,04,,,,,32.974,72.7028,1,mundey
PK,Pakistan,Pakistán,48680,Bhagwal,Punjab,04,,,,,33.076,72.5959,4,bhagwal
PK,Pakistan,Pakistán,48682,Chamli,Punjab,04,,,,,33.076,72.5959,1,chamli
PK,Pakistan,Pakistán,48684,Roopwal,Punjab,04,,,,,33.076,72.5959,1,roopwal
PK,Pakistan,Pakistán,48690,Minwal,Punjab,04,,,,,33.0478,72.8546,4,minwal
PK,Pakistan,Pakistán,48694,Chak Bhaun,Punjab,04,,,,,33.0478,72.8546,1,chak-bhaun
PK,Pakistan,Pakistán,48700,Dhudial (Chakwal),Punjab,04,,,,,33.0676,72.9738,4,dhudial-chakwal
PK,Pakistan,Pakistán,48704,Sang Kalan,Punjab,04,,,,,33.0894,73.0142,4,sang-kalan
PK,Pakistan,Pakistán,48720,Mangwal,Punjab,04,,,,,33.1086,72.8271,4,mangwal
PK,Pakistan,Pakistán,48730,Nila,Punjab,04,,,,,33.1684,72.6126,4,nila
PK,Pakistan,Pakistán,48740,Hasil,Punjab,04,,,,,33.0938,72.8624,1,hasil
PK,Pakistan,Pakistán,48750,Bhin,Punjab,04,,,,,32.9869,73.0198,4,bhin
PK,Pakistan,Pakistán,48760,Badshahan,Punjab,04,,,,,33.0938,72.8624,1,badshahan
PK,Pakistan,Pakistán,48770,Chak Malook,Punjab,04,,,,,33.0938,72.8624,1,chak-malook
PK,Pakistan,Pakistán,48780,Thanil Kamal,Punjab,04,,,,,33.1419,72.7272,4,thanil-kamal
PK,Pakistan,Pakistán,48800,Chakwal Gpo,Punjab,04,,,,,32.9158,72.9616,1,chakwal-gpo
PK,Pakistan,Pakistán,48802,Thanial Fatohi,Punjab,04,,,,,32.9158,72.9616,1,thanial-fatohi
PK,Pakistan,Pakistán,48808,Ghazi Abad,Punjab,04,,,,,32.9158,72.9616,1,ghazi-abad
PK,Pakistan,Pakistán,48810,Tatral,Punjab,04,,,,,32.9108,72.8594,4,tatral
PK,Pakistan,Pakistán,48812,Janga,Punjab,04,,,,,32.8662,72.8512,4,janga
PK,Pakistan,Pakistán,48820,Dewalian,Punjab,04,,,,,32.9158,72.9616,1,dewalian
PK,Pakistan,Pakistán,48824,Shahpur Sydan,Punjab,04,,,,,32.9158,72.9616,1,shahpur-sydan
PK,Pakistan,Pakistán,48830,Saigal Abad,Punjab,04,,,,,32.9158,72.9616,1,saigal-abad
PK,Pakistan,Pakistán,48840,Chakral,Punjab,04,,,,,32.9245,72.9483,4,chakral
PK,Pakistan,Pakistán,48850,Sohawa Village,Punjab,04,,,,,32.9158,72.9616,1,sohawa-village
PK,Pakistan,Pakistán,48860,Chak Baqar Shah,Punjab,04,,,,,32.9176,73.0265,4,chak-baqar-shah
PK,Pakistan,Pakistán,48870,Khan Pur (Chakwal),Punjab,04,,,,,32.9158,72.9616,1,khan-pur-chakwal
PK,Pakistan,Pakistán,48880,Dumman,Punjab,04,,,,,32.9158,72.9616,1,dumman
PK,Pakistan,Pakistán,48890,Pindi Gujran,Punjab,04,,,,,32.9597,73.1226,4,pindi-gujran
PK,Pakistan,Pakistán,48900,Nichindi,Punjab,04,,,,,33.0566,73.1187,1,nichindi
PK,Pakistan,Pakistán,48902,Dharnuggi,Punjab,04,,,,,33.0566,73.1187,1,dharnuggi
PK,Pakistan,Pakistán,48910,Malhal Mughlan,Punjab,04,,,,,33.0024,73.1405,1,malhal-mughlan
PK,Pakistan,Pakistán,48912,Dhoda,Punjab,04,,,,,33.0478,73.111,4,dhoda
PK,Pakistan,Pakistán,48914,Ghazial,Punjab,04,,,,,32.9571,73.1699,4,ghazial
PK,Pakistan,Pakistán,48920,Chohan,Punjab,04,,,,,33.2011,72.9879,4,chohan
PK,Pakistan,Pakistán,48930,Chakora,Punjab,04,,,,,33.0744,73.1841,4,chakora
PK,Pakistan,Pakistán,48940,Jand (Chakwal),Punjab,04,,,,,33.0566,73.1187,1,jand-chakwal
PK,Pakistan,Pakistán,48950,Laugah,Punjab,04,,,,,33.0566,73.1187,1,laugah
PK,Pakistan,Pakistán,49000,Dhudhi Thall,Punjab,04,,,,,32.6049,72.9708,1,dhudhi-thall
PK,Pakistan,Pakistán,49010,Kundwal,Punjab,04,,,,,32.6049,72.9708,1,kundwal
PK,Pakistan,Pakistán,49020,Lilla,Punjab,04,,,,,32.5658,72.751,4,lilla
PK,Pakistan,Pakistán,49024,Saroba,Punjab,04,,,,,32.5669,72.8707,4,saroba
PK,Pakistan,Pakistán,49030,Tobah,Punjab,04,,,,,32.5776,72.8183,4,tobah
PK,Pakistan,Pakistán,49040,Pind Dadan Khan,Punjab,04,,,,,32.5866,73.0446,4,pind-dadan-khan
PK,Pakistan,Pakistán,49050,Haran Pur,Punjab,04,,,,,32.6049,72.9708,1,haran-pur
PK,Pakistan,Pakistán,49060,Khewra,Punjab,04,,,,,32.6491,73.0106,4,khewra
PK,Pakistan,Pakistán,49064,Dandot Railway Station,Punjab,04,,,,,32.6491,73.0106,1,dandot-railway-station
PK,Pakistan,Pakistán,49070,Sauwal,Punjab,04,,,,,32.5939,73.0398,4,sauwal
PK,Pakistan,Pakistán,49080,Dhariala Jalap,Punjab,04,,,,,32.6505,73.2212,4,dhariala-jalap
PK,Pakistan,Pakistán,49090,Gharibwal Cement,Punjab,04,,,,,32.6049,72.9708,1,gharibwal-cement
PK,Pakistan,Pakistán,49100,Piananwal,Punjab,04,,,,,32.6578,73.3045,1,piananwal
PK,Pakistan,Pakistán,49102,Chak Jani,Punjab,04,,,,,32.6578,73.3045,4,chak-jani
PK,Pakistan,Pakistán,49110,Pindi Saidpur,Punjab,04,,,,,32.671,73.3294,4,pindi-saidpur
PK,Pakistan,Pakistán,49120,Jalal Pur Sharif,Punjab,04,,,,,32.6805,73.3332,1,jalal-pur-sharif
PK,Pakistan,Pakistán,49122,Nagial Chamkown Valley,Punjab,04,,,,,32.6805,73.3332,1,nagial-chamkown-valley
PK,Pakistan,Pakistán,49130,Wagh,Punjab,04,,,,,32.7356,73.3945,4,wagh
PK,Pakistan,Pakistán,49200,Dhaiwal,Punjab,04,,,,,32.5245,72.5349,4,dhaiwal
PK,Pakistan,Pakistán,49210,Pari Darweza,Punjab,04,,,,,33.0322,73.2151,4,pari-darweza
PK,Pakistan,Pakistán,49220,Surg Dhan,Punjab,04,,,,,33.082,73.053,1,surg-dhan
PK,Pakistan,Pakistán,49230,Sohawa,Punjab,04,,,,,33.1331,73.4192,4,sohawa
PK,Pakistan,Pakistán,49232,Pail Mirza,Punjab,04,,,,,33.2007,73.451,4,pail-mirza
PK,Pakistan,Pakistán,49234,Miani Bala,Punjab,04,,,,,32.9058,73.2835,4,miani-bala
PK,Pakistan,Pakistán,49240,Diwani Hazoori,Punjab,04,,,,,33.082,73.053,1,diwani-hazoori
PK,Pakistan,Pakistán,49250,Bishan Dore,Punjab,04,,,,,33.082,73.053,1,bishan-dore
PK,Pakistan,Pakistán,49260,Bakrala,Punjab,04,,,,,33.0963,73.4514,4,bakrala
PK,Pakistan,Pakistán,49270,Lehri,Punjab,04,,,,,32.8117,73.1643,4,lehri
PK,Pakistan,Pakistán,49280,Tarkai,Punjab,04,,,,,33.9514,71.9044,4,tarkai
PK,Pakistan,Pakistán,49300,Domeli,Punjab,04,,,,,33.0121,73.3539,4,domeli
PK,Pakistan,Pakistán,49304,Adrana,Punjab,04,,,,,32.9754,73.4247,4,adrana
PK,Pakistan,Pakistán,49306,Mughalabad,Punjab,04,,,,,33.4218,73.3894,4,mughalabad
PK,Pakistan,Pakistán,49310,Dial,Punjab,04,,,,,32.853,73.2242,4,dial
PK,Pakistan,Pakistán,49320,Baragowah,Punjab,04,,,,,32.9042,73.3812,4,baragowah
PK,Pakistan,Pakistán,49324,Nagial,Punjab,04,,,,,32.8954,73.4215,4,nagial
PK,Pakistan,Pakistán,49326,Kakrala,Punjab,04,,,,,32.8696,73.3629,4,kakrala
PK,Pakistan,Pakistán,49328,Padhri,Punjab,04,,,,,32.8766,73.2992,4,padhri
PK,Pakistan,Pakistán,49330,Bangial,Punjab,04,,,,,32.9116,73.4669,4,bangial
PK,Pakistan,Pakistán,49332,Bhogi Chak,Punjab,04,,,,,32.9487,73.4591,4,bhogi-chak
PK,Pakistan,Pakistán,49340,Jandala,Punjab,04,,,,,32.9398,73.505,4,jandala
PK,Pakistan,Pakistán,49350,Bara Gran,Punjab,04,,,,,33.0031,73.4057,1,bara-gran
PK,Pakistan,Pakistán,49360,Garh Mahal,Punjab,04,,,,,33.0031,73.4057,1,garh-mahal
PK,Pakistan,Pakistán,49370,Rohtas,Punjab,04,,,,,32.9669,73.5781,4,rohtas
PK,Pakistan,Pakistán,49380,Khukha,Punjab,04,,,,,33.007,73.5499,4,khukha
PK,Pakistan,Pakistán,49390,Sagri,Punjab,04,,,,,33.4609,73.2638,4,sagri
PK,Pakistan,Pakistán,49400,Dina,Punjab,04,,,,,32.9988,73.6676,1,dina
PK,Pakistan,Pakistán,49410,Budhair,Punjab,04,,,,,32.9988,73.6676,1,budhair
PK,Pakistan,Pakistán,49420,Baral Colony,Punjab,04,,,,,32.9988,73.6676,1,baral-colony
PK,Pakistan,Pakistán,49430,Mangla Cantt,Punjab,04,,,,,32.9988,73.6676,1,mangla-cantt
PK,Pakistan,Pakistán,49460,Chak Akka,Punjab,04,,,,,33.0236,73.6373,4,chak-akka
PK,Pakistan,Pakistán,49480,Jammu Kashmir Muhajir Colony,Punjab,04,,,,,32.9988,73.6676,1,jammu-kashmir-muhajir-colony
PK,Pakistan,Pakistán,49490,Kala Gujran,Punjab,04,,,,,32.974,73.6979,4,kala-gujran
PK,Pakistan,Pakistán,49500,Kala,Punjab,04,,,,,32.974,73.6979,4,kala
PK,Pakistan,Pakistán,49510,Maira (Jhelum),Punjab,04,,,,,33.0639,73.7062,1,maira-jhelum
PK,Pakistan,Pakistán,49512,Pind Rajwal,Punjab,04,,,,,33.0639,73.7062,4,pind-rajwal
PK,Pakistan,Pakistán,49520,Chak Daulat,Punjab,04,,,,,33.0159,73.7495,4,chak-daulat
PK,Pakistan,Pakistán,49600,Jhelum Gpo,Punjab,04,,,,,31.2135,73.9501,1,jhelum-gpo
PK,Pakistan,Pakistán,49608,Tahlian Wala,Punjab,04,,,,,31.2135,73.9501,1,tahlian-wala
PK,Pakistan,Pakistán,49610,Alliance Textile Mills,Punjab,04,,,,,31.2135,73.9501,1,alliance-textile-mills
PK,Pakistan,Pakistán,49620,Bilal Town,Punjab,04,,,,,31.2135,73.9501,4,bilal-town
PK,Pakistan,Pakistán,49700,Sanghoi,Punjab,04,,,,,32.8628,73.6058,4,sanghoi
PK,Pakistan,Pakistán,49710,Chotala,Punjab,04,,,,,32.8186,73.5774,4,chotala
PK,Pakistan,Pakistán,49712,Toor,Punjab,04,,,,,31.8549,74.0424,4,toor
PK,Pakistan,Pakistán,49720,Dhoke Bidder,Punjab,04,,,,,32.7301,73.593,1,dhoke-bidder
PK,Pakistan,Pakistán,49730,Chakri,Punjab,04,,,,,32.7757,73.4772,4,chakri
PK,Pakistan,Pakistán,49740,Khalas Pur,Punjab,04,,,,,32.7301,73.593,1,khalas-pur
PK,Pakistan,Pakistán,49750,Jamarghal,Punjab,04,,,,,32.7377,73.4724,4,jamarghal
PK,Pakistan,Pakistán,49764,Changa Bangial,Punjab,04,,,,,33.3312,73.3827,4,changa-bangial
PK,Pakistan,Pakistán,50000,Sarai Alamgir,Punjab,04,,,,,32.905,73.7552,4,sarai-alamgir
PK,Pakistan,Pakistán,50006,Khadriala,Punjab,04,,,,,32.8504,73.6737,4,khadriala
PK,Pakistan,Pakistán,50010,Aurangabad,Punjab,04,,,,,32.9145,73.76,4,aurangabad
PK,Pakistan,Pakistán,50020,Saadat Pur,Punjab,04,,,,,32.803,73.6279,1,saadat-pur
PK,Pakistan,Pakistán,50030,Baisa Kalan,Punjab,04,,,,,32.803,73.6279,1,baisa-kalan
PK,Pakistan,Pakistán,50040,Bulani,Punjab,04,,,,,32.803,73.6279,1,bulani
PK,Pakistan,Pakistán,50050,Khohar,Punjab,04,,,,,32.8067,73.644,4,khohar
PK,Pakistan,Pakistán,50070,Kharian Cantt,Punjab,04,,,,,32.803,73.6279,1,kharian-cantt
PK,Pakistan,Pakistán,50090,Kharian City,Punjab,04,,,,,32.6709,73.4674,1,kharian-city
PK,Pakistan,Pakistán,50094,Malakpur,Punjab,04,,,,,32.6709,73.4674,4,malakpur
PK,Pakistan,Pakistán,50110,Mohri,Punjab,04,,,,,32.7992,73.7895,4,mohri
PK,Pakistan,Pakistán,50120,Chak Muhammad,Punjab,04,,,,,32.7848,73.8233,4,chak-muhammad
PK,Pakistan,Pakistán,50130,Dhoria,Punjab,04,,,,,32.7672,73.8272,4,dhoria
PK,Pakistan,Pakistán,50140,Barnali,Punjab,04,,,,,32.7211,73.8354,4,barnali
PK,Pakistan,Pakistán,50150,Sehna,Punjab,04,,,,,32.8099,73.9225,4,sehna
PK,Pakistan,Pakistán,50160,Guliana,Punjab,04,,,,,32.8015,73.9614,4,guliana
PK,Pakistan,Pakistán,50170,Malka,Punjab,04,,,,,32.8101,73.8957,1,malka
PK,Pakistan,Pakistán,50172,Randhir Bagrian,Punjab,04,,,,,32.8101,73.8957,1,randhir-bagrian
PK,Pakistan,Pakistán,50180,Thutha Rai Bahadar,Punjab,04,,,,,32.8868,73.9913,4,thutha-rai-bahadar
PK,Pakistan,Pakistán,50182,Gotriala,Punjab,04,,,,,32.9104,74.0151,4,gotriala
PK,Pakistan,Pakistán,50200,Lala Musa,Punjab,04,,,,,32.6889,73.9611,4,lala-musa
PK,Pakistan,Pakistán,50210,Dullan Wala,Punjab,04,,,,,32.6418,73.8013,1,dullan-wala
PK,Pakistan,Pakistán,50220,National Wood Industries Lala Musa,Punjab,04,,,,,32.6418,73.8013,1,national-wood-industries-lala-musa
PK,Pakistan,Pakistán,50250,Jaurah,Punjab,04,,,,,32.6637,73.8225,4,jaurah
PK,Pakistan,Pakistán,50260,Sikariali,Punjab,04,,,,,32.6165,73.8226,4,sikariali
PK,Pakistan,Pakistán,50270,Karariwala Kalan,Punjab,04,,,,,32.6873,73.7982,4,karariwala-kalan
PK,Pakistan,Pakistán,50280,Dinga,Punjab,04,,,,,32.641,73.7204,4,dinga
PK,Pakistan,Pakistán,50286,Khori Alam,Punjab,04,,,,,32.641,73.7204,1,khori-alam
PK,Pakistan,Pakistán,50290,Haslanwala,Punjab,04,,,,,32.554,73.764,4,haslanwala
PK,Pakistan,Pakistán,50306,Pindi Kalu,Punjab,04,,,,,32.4173,73.7259,4,pindi-kalu
PK,Pakistan,Pakistán,50310,Chak Jano Khurd,Punjab,04,,,,,32.4493,73.7227,4,chak-jano-khurd
PK,Pakistan,Pakistán,50330,B. G. Pur,Punjab,04,,,,,32.5654,73.6374,1,b-g-pur
PK,Pakistan,Pakistán,50340,Amra Kalan,Punjab,04,,,,,32.6659,73.6705,4,amra-kalan
PK,Pakistan,Pakistán,50350,Chak No. 1,Punjab,04,,,,,32.5346,73.6291,1,chak-no-1
PK,Pakistan,Pakistán,50354,Murala,Punjab,04,,,,,32.5346,73.6291,4,murala
PK,Pakistan,Pakistán,50360,Chellian Wala,Punjab,04,,,,,32.5654,73.6374,1,chellian-wala
PK,Pakistan,Pakistán,50370,Rasul,Punjab,04,,,,,32.7091,73.5755,4,rasul
PK,Pakistan,Pakistán,50380,Rasul G.C.T.,Punjab,04,,,,,32.5654,73.6374,1,rasul-g-c-t
PK,Pakistan,Pakistán,50390,Mong,Punjab,04,,,,,32.6466,73.5092,4,mong
PK,Pakistan,Pakistán,50400,Mandi Bahauddin Gpo,Punjab,04,,,,,32.4567,73.4802,1,mandi-bahauddin-gpo
PK,Pakistan,Pakistán,50410,Mangat,Punjab,04,,,,,32.5158,73.5032,4,mangat
PK,Pakistan,Pakistán,50430,Phalia,Punjab,04,,,,,32.431,73.579,4,phalia
PK,Pakistan,Pakistán,50440,Helan,Punjab,04,,,,,32.4878,73.6589,4,helan
PK,Pakistan,Pakistán,50450,Dhrikan Kalan,Punjab,04,,,,,32.4567,73.4802,1,dhrikan-kalan
PK,Pakistan,Pakistán,50470,Sohawa Bulani,Punjab,04,,,,,32.5498,73.4669,4,sohawa-bulani
PK,Pakistan,Pakistán,50480,Kathiala Sheikhan,Punjab,04,,,,,32.4554,73.4135,4,kathiala-sheikhan
PK,Pakistan,Pakistán,50486,Bosal,Punjab,04,,,,,32.3688,73.2995,4,bosal
PK,Pakistan,Pakistán,50490,Mianwal,Punjab,04,,,,,32.3879,73.4404,4,mianwal
PK,Pakistan,Pakistán,50500,Gojra,Punjab,04,,,,,32.405,73.3189,4,gojra
PK,Pakistan,Pakistán,50510,Rukkan,Punjab,04,,,,,32.4242,73.2719,4,rukkan
PK,Pakistan,Pakistán,50520,Matsonabad,Punjab,04,,,,,32.4724,73.2541,4,matsonabad
PK,Pakistan,Pakistán,50530,Malakwal,Punjab,04,,,,,32.5545,73.2127,4,malakwal
PK,Pakistan,Pakistán,50560,Mona Remount Depot,Punjab,04,,,,,32.4455,73.2415,1,mona-remount-depot
PK,Pakistan,Pakistán,50580,Miana Gondal,Punjab,04,,,,,32.3717,73.1499,4,miana-gondal
PK,Pakistan,Pakistán,50600,Devna Mandi (Basco),Punjab,04,,,,,32.4571,73.7702,1,devna-mandi-basco
PK,Pakistan,Pakistán,50610,Khokhar Gharbi,Punjab,04,,,,,32.4571,73.7702,1,khokhar-gharbi
PK,Pakistan,Pakistán,50620,Kunjah,Punjab,04,,,,,32.5298,73.9749,4,kunjah
PK,Pakistan,Pakistán,50622,Mand,Punjab,04,,,,,32.545,74.014,4,mand
PK,Pakistan,Pakistán,50624,Langay,Punjab,04,,,,,32.5374,73.9944,1,langay
PK,Pakistan,Pakistán,50640,Mangowal,Punjab,04,,,,,32.2159,72.8145,4,mangowal
PK,Pakistan,Pakistán,50660,Jokalian,Punjab,04,,,,,32.4007,73.7872,4,jokalian
PK,Pakistan,Pakistán,50680,Shadiwal,Punjab,04,,,,,32.5135,74.0361,4,shadiwal
PK,Pakistan,Pakistán,50700,Gujrat Gpo,Punjab,04,,,,,32.391,73.1307,1,gujrat-gpo
PK,Pakistan,Pakistán,50730,Adowal,Punjab,04,,,,,32.6167,73.1832,4,adowal
PK,Pakistan,Pakistán,50750,Sabowal,Punjab,04,,,,,32.1659,72.3471,4,sabowal
PK,Pakistan,Pakistán,50760,Moinuddin Pur,Punjab,04,,,,,32.3067,72.9758,1,moinuddin-pur
PK,Pakistan,Pakistán,50764,Sheikh Pur,Punjab,04,,,,,32.3067,72.9758,1,sheikh-pur
PK,Pakistan,Pakistán,50766,Alipur,Punjab,04,,,,,32.3067,72.9758,4,alipur
PK,Pakistan,Pakistán,50780,Jalal Pur Jattan,Punjab,04,,,,,32.391,73.1307,1,jalal-pur-jattan
PK,Pakistan,Pakistán,50790,Chopala,Punjab,04,,,,,32.643,74.3263,4,chopala
PK,Pakistan,Pakistán,50800,Lakhan Wal,Punjab,04,,,,,32.7422,74.2978,1,lakhan-wal
PK,Pakistan,Pakistán,50810,Tanda,Punjab,04,,,,,32.7011,74.3704,4,tanda
PK,Pakistan,Pakistán,50812,Surakhpur,Punjab,04,,,,,32.7182,74.4477,4,surakhpur
PK,Pakistan,Pakistán,50820,Bhagowal Kalan,Punjab,04,,,,,32.7422,74.2978,1,bhagowal-kalan
PK,Pakistan,Pakistán,50830,Karianwala,Punjab,04,,,,,32.752,74.28,4,karianwala
PK,Pakistan,Pakistán,50840,Chak Kamala,Punjab,04,,,,,32.7155,74.2831,4,chak-kamala
PK,Pakistan,Pakistán,50870,Awan Sharif,Punjab,04,,,,,32.8434,74.2335,4,awan-sharif
PK,Pakistan,Pakistán,50880,Kawankh,Punjab,04,,,,,32.7422,74.2978,1,kawankh
PK,Pakistan,Pakistán,50890,Hajiwala,Punjab,04,,,,,32.7325,74.2348,4,hajiwala
PK,Pakistan,Pakistán,50892,Dhodha Sharif,Punjab,04,,,,,32.7325,74.2348,1,dhodha-sharif
PK,Pakistan,Pakistán,50900,Fateh Pur,Punjab,04,,,,,32.7278,74.0653,1,fateh-pur
PK,Pakistan,Pakistán,50910,Daulat Nagar,Punjab,04,,,,,32.7451,74.0787,4,daulat-nagar
PK,Pakistan,Pakistán,50920,Makiana,Punjab,04,,,,,32.6846,74.0595,4,makiana
PK,Pakistan,Pakistán,50922,Nindowal,Punjab,04,,,,,32.6846,74.0595,1,nindowal
PK,Pakistan,Pakistán,50930,Buzurang Wal,Punjab,04,,,,,32.8003,74.0897,1,buzurang-wal
PK,Pakistan,Pakistán,50932,Sabour,Punjab,04,,,,,32.804,74.0621,4,sabour
PK,Pakistan,Pakistán,50934,Nagrian,Punjab,04,,,,,32.7967,74.1173,4,nagrian
PK,Pakistan,Pakistán,50940,Bhakhre Wali,Punjab,04,,,,,32.7278,74.0653,1,bhakhre-wali
PK,Pakistan,Pakistán,50950,Pero Shah,Punjab,04,,,,,32.7248,74.1591,4,pero-shah
PK,Pakistan,Pakistán,50960,Bhota,Punjab,04,,,,,32.7657,74.0222,4,bhota
PK,Pakistan,Pakistán,50964,Bhaddar,Punjab,04,,,,,31.9413,74.0463,4,bhaddar
PK,Pakistan,Pakistán,50970,Burch Basuha,Punjab,04,,,,,32.7929,74.0105,1,burch-basuha
PK,Pakistan,Pakistán,50972,Sidh,Punjab,04,,,,,32.7929,74.0105,4,sidh
PK,Pakistan,Pakistán,50980,Kakrali,Punjab,04,,,,,32.8366,74.0786,4,kakrali
PK,Pakistan,Pakistán,50982,Samrala,Punjab,04,,,,,32.8214,74.0736,4,samrala
PK,Pakistan,Pakistán,50990,Kotla,Punjab,04,,,,,32.8527,74.0712,4,kotla
PK,Pakistan,Pakistán,50994,Sariya,Punjab,04,,,,,32.8738,74.0411,4,sariya
PK,Pakistan,Pakistán,51010,Daska,Punjab,04,,,,,32.3242,74.3504,4,daska
PK,Pakistan,Pakistán,51020,Jamki,Punjab,04,,,,,32.3879,74.4016,4,jamki
PK,Pakistan,Pakistán,51030,Bhopal Wala,Punjab,04,,,,,32.424,74.3605,1,bhopal-wala
PK,Pakistan,Pakistán,51032,Verowala,Punjab,04,,,,,32.424,74.3605,1,verowala
PK,Pakistan,Pakistán,51040,Ghunike,Punjab,04,,,,,32.424,74.3605,1,ghunike
PK,Pakistan,Pakistán,51050,Ugoke,Punjab,04,,,,,32.4792,74.449,4,ugoke
PK,Pakistan,Pakistán,51060,Sahowala,Punjab,04,,,,,32.455,74.4073,4,sahowala
PK,Pakistan,Pakistán,51070,Sambrial,Punjab,04,,,,,32.4783,74.3534,4,sambrial
PK,Pakistan,Pakistán,51080,Begowala,Punjab,04,,,,,32.4382,74.2679,4,begowala
PK,Pakistan,Pakistán,51090,Ghartal,Punjab,04,,,,,32.4051,74.2942,4,ghartal
PK,Pakistan,Pakistán,51100,Jatheki,Punjab,04,,,,,32.5348,74.4508,1,jatheki
PK,Pakistan,Pakistán,51120,Mandir Syedan,Punjab,04,,,,,32.5348,74.4508,1,mandir-syedan
PK,Pakistan,Pakistán,51130,Kullowal,Punjab,04,,,,,32.5348,74.4508,1,kullowal
PK,Pakistan,Pakistán,51140,Mundeke Goraya,Punjab,04,,,,,32.5348,74.4508,1,mundeke-goraya
PK,Pakistan,Pakistán,51150,Kapurowali,Punjab,04,,,,,32.5348,74.4508,4,kapurowali
PK,Pakistan,Pakistán,51200,Marala,Punjab,04,,,,,32.65,74.5,4,marala
PK,Pakistan,Pakistán,51210,Kotli Loharan East,Punjab,04,,,,,32.6443,74.5757,1,kotli-loharan-east
PK,Pakistan,Pakistán,51220,Kotli Loharan West,Punjab,04,,,,,32.6443,74.5757,1,kotli-loharan-west
PK,Pakistan,Pakistán,51230,Maraki Wal,Punjab,04,,,,,32.6443,74.5757,1,maraki-wal
PK,Pakistan,Pakistán,51240,Kharota Syedan,Punjab,04,,,,,32.6443,74.5757,1,kharota-syedan
PK,Pakistan,Pakistán,51250,Bhirth,Punjab,04,,,,,32.6443,74.5757,1,bhirth
PK,Pakistan,Pakistán,51260,Bhoth,Punjab,04,,,,,32.5411,74.564,4,bhoth
PK,Pakistan,Pakistán,51270,Chaprar,Punjab,04,,,,,32.6308,74.6154,4,chaprar
PK,Pakistan,Pakistán,51274,Saidpur,Punjab,04,,,,,32.6607,74.5905,4,saidpur
PK,Pakistan,Pakistán,51280,Phuklian,Punjab,04,,,,,32.7388,74.6086,4,phuklian
PK,Pakistan,Pakistán,51300,Sialkot Cantt.,Punjab,04,,,,,32.8218,74.0552,1,sialkot-cantt
PK,Pakistan,Pakistán,51310,Sialkot Gpo,Punjab,04,,,,,32.8218,74.0552,1,sialkot-gpo
PK,Pakistan,Pakistán,51320,Dallowali,Punjab,04,,,,,34.0034,74.0592,4,dallowali
PK,Pakistan,Pakistán,51330,Kotli Behram,Punjab,04,,,,,33.0115,73.4818,4,kotli-behram
PK,Pakistan,Pakistán,51340,Small Industries Estate,Punjab,04,,,,,32.8218,74.0552,1,small-industries-estate
PK,Pakistan,Pakistán,51350,Fateh Garh,Punjab,04,,,,,31.5674,74.3929,4,fateh-garh
PK,Pakistan,Pakistán,51360,Gohadapur,Punjab,04,,,,,32.8218,74.0552,1,gohadapur
PK,Pakistan,Pakistán,51370,Gondal,Punjab,04,,,,,32.7048,74.2871,4,gondal
PK,Pakistan,Pakistán,51380,Malkey Klan,Punjab,04,,,,,32.8218,74.0552,1,malkey-klan
PK,Pakistan,Pakistán,51400,Lengriali,Punjab,04,,,,,32.4784,74.6954,1,lengriali
PK,Pakistan,Pakistán,51402,Bajra Garhi,Punjab,04,,,,,32.4784,74.6954,4,bajra-garhi
PK,Pakistan,Pakistán,51410,Badiana,Punjab,04,,,,,32.3756,74.6162,4,badiana
PK,Pakistan,Pakistán,51420,Chawinda,Punjab,04,,,,,32.3443,74.7051,4,chawinda
PK,Pakistan,Pakistán,51430,Mehrajke,Punjab,04,,,,,32.391,74.6941,1,mehrajke
PK,Pakistan,Pakistán,51450,Chobara,Punjab,04,,,,,32.4065,74.7892,4,chobara
PK,Pakistan,Pakistán,51460,Khan Pur Syedan,Punjab,04,,,,,32.391,74.6941,1,khan-pur-syedan
PK,Pakistan,Pakistán,51480,Pasrur,Punjab,04,,,,,32.2629,74.6633,4,pasrur
PK,Pakistan,Pakistán,51490,Ban Gajwa,Punjab,04,,,,,32.391,74.6941,1,ban-gajwa
PK,Pakistan,Pakistán,51500,Satrah,Punjab,04,,,,,32.1784,74.5099,4,satrah
PK,Pakistan,Pakistán,51510,Wadala Sandhuan,Punjab,04,,,,,32.1907,74.3957,4,wadala-sandhuan
PK,Pakistan,Pakistán,51520,Nowshera Kakezian,Punjab,04,,,,,32.1722,74.6108,1,nowshera-kakezian
PK,Pakistan,Pakistán,51530,Kalas Wala,Punjab,04,,,,,32.1722,74.6108,1,kalas-wala
PK,Pakistan,Pakistán,51540,Qila Ahmed Abad (Qila Sobha Singh),Punjab,04,,,,,32.1722,74.6108,1,qila-ahmed-abad-qila-sobha-singh
PK,Pakistan,Pakistán,51570,Talwandi Bhindran,Punjab,04,,,,,32.0995,74.6921,4,talwandi-bhindran
PK,Pakistan,Pakistán,51580,Nonar,Punjab,04,,,,,32.2201,74.8455,4,nonar
PK,Pakistan,Pakistán,51600,Narowal Gpo,Punjab,04,,,,,32.2478,74.9072,1,narowal-gpo
PK,Pakistan,Pakistán,51650,Sankhatra,Punjab,04,,,,,32.2252,74.921,4,sankhatra
PK,Pakistan,Pakistán,51660,Dhamthal,Punjab,04,,,,,32.2704,74.8934,4,dhamthal
PK,Pakistan,Pakistán,51670,Zafar Wal,Punjab,04,,,,,32.2478,74.9072,1,zafar-wal
PK,Pakistan,Pakistán,51700,Badomali,Punjab,04,,,,,31.7582,73.3883,4,badomali
PK,Pakistan,Pakistán,51750,Jassar,Punjab,04,,,,,32.0906,74.9427,4,jassar
PK,Pakistan,Pakistán,51760,Kanjrur,Punjab,04,,,,,32.1465,74.9997,4,kanjrur
PK,Pakistan,Pakistán,51770,Nurkot,Punjab,04,,,,,32.2031,75.1227,4,nurkot
PK,Pakistan,Pakistán,51780,Baramanga,Punjab,04,,,,,32.0496,74.6134,1,baramanga
PK,Pakistan,Pakistán,51800,Shakar Garh,Punjab,04,,,,,32.3198,75.2578,1,shakar-garh
PK,Pakistan,Pakistán,51804,Lessar Kalan,Punjab,04,,,,,32.3198,75.2578,1,lessar-kalan
PK,Pakistan,Pakistán,51820,Naina Kot,Punjab,04,,,,,32.3198,75.2578,1,naina-kot
PK,Pakistan,Pakistán,51830,Ikhlaspur,Punjab,04,,,,,32.2578,75.311,4,ikhlaspur
PK,Pakistan,Pakistán,51840,Sukho Chak,Punjab,04,,,,,32.3818,75.2045,4,sukho-chak
PK,Pakistan,Pakistán,52000,Wazirabad,Punjab,04,,,,,32.4432,74.12,4,wazirabad
PK,Pakistan,Pakistán,52010,Dhonkal,Punjab,04,,,,,32.136,73.8326,1,dhonkal
PK,Pakistan,Pakistán,52020,Nizam Abad,Punjab,04,,,,,32.136,73.8326,1,nizam-abad
PK,Pakistan,Pakistán,52030,Sohdra,Punjab,04,,,,,32.4621,74.1821,4,sohdra
PK,Pakistan,Pakistán,52050,Khanki,Punjab,04,,,,,32.3997,73.979,4,khanki
PK,Pakistan,Pakistán,52070,Ahmad Nagar,Punjab,04,,,,,31.7207,73.7333,4,ahmad-nagar
PK,Pakistan,Pakistán,52072,Mohlanke,Punjab,04,,,,,32.2767,73.957,4,mohlanke
PK,Pakistan,Pakistán,52074,Kalaskey,Punjab,04,,,,,31.9987,73.8452,1,kalaskey
PK,Pakistan,Pakistán,52080,Ali Pur Chatha,Punjab,04,,,,,32.136,73.8326,1,ali-pur-chatha
PK,Pakistan,Pakistán,52090,Rasul Nagar,Punjab,04,,,,,31.6511,73.0118,4,rasul-nagar
PK,Pakistan,Pakistán,52100,Qasirabad Colony,Punjab,04,,,,,31.8253,73.1769,1,qasirabad-colony
PK,Pakistan,Pakistán,52104,Wanike Tarar,Punjab,04,,,,,31.8253,73.1769,1,wanike-tarar
PK,Pakistan,Pakistán,52110,Hafiz Abad,Punjab,04,,,,,31.8253,73.1769,1,hafiz-abad
PK,Pakistan,Pakistán,52120,Jhallan,Punjab,04,,,,,31.8253,73.1769,1,jhallan
PK,Pakistan,Pakistán,52130,Kohlowala,Punjab,04,,,,,31.8253,73.1769,1,kohlowala
PK,Pakistan,Pakistán,52132,Wapda Town,Punjab,04,,,,,31.8253,73.1769,1,wapda-town
PK,Pakistan,Pakistán,52140,Kassoki,Punjab,04,,,,,31.9806,73.7347,4,kassoki
PK,Pakistan,Pakistán,52150,Kaleke,Punjab,04,,,,,31.3555,72.3162,4,kaleke
PK,Pakistan,Pakistán,52160,Sukhe Ke Mandi,Punjab,04,,,,,31.8253,73.1769,1,sukhe-ke-mandi
PK,Pakistan,Pakistán,52170,Jalalpur Nau,Punjab,04,,,,,32.0667,73.3833,4,jalalpur-nau
PK,Pakistan,Pakistán,52180,Pindi Bhatian,Punjab,04,,,,,31.8984,73.2734,4,pindi-bhatian
PK,Pakistan,Pakistán,52200,Ghakhar,Punjab,04,,,,,32.3027,74.1472,4,ghakhar
PK,Pakistan,Pakistán,52220,Mitran Wali,Punjab,04,,,,,32.1929,74.1948,1,mitran-wali
PK,Pakistan,Pakistán,52230,Gujranwala Cantt,Punjab,04,,,,,32.1929,74.1948,1,gujranwala-cantt
PK,Pakistan,Pakistán,52240,Zamama,Punjab,04,,,,,32.1929,74.1948,1,zamama
PK,Pakistan,Pakistán,52250,Gujranwala Gpo,Punjab,04,,,,,32.1549,74.2153,1,gujranwala-gpo
PK,Pakistan,Pakistán,52254,Wahdat Colony,Punjab,04,,,,,32.1549,74.2153,4,wahdat-colony
PK,Pakistan,Pakistán,52256,Gujranwala Secondary Board,Punjab,04,,,,,32.1549,74.2153,1,gujranwala-secondary-board
PK,Pakistan,Pakistán,52260,Gujranwala Peoples Colony,Punjab,04,,,,,32.1393,74.2097,4,gujranwala-peoples-colony
PK,Pakistan,Pakistán,52280,Talwandi Rahwali,Punjab,04,,,,,32.2506,74.1663,4,talwandi-rahwali
PK,Pakistan,Pakistán,52290,Gujranwala Climax Abad,Punjab,04,,,,,32.1929,74.1948,1,gujranwala-climax-abad
PK,Pakistan,Pakistán,52300,Gujranwala Anwar Industries,Punjab,04,,,,,32.0905,74.1969,1,gujranwala-anwar-industries
PK,Pakistan,Pakistán,52302,Jalil Town,Punjab,04,,,,,32.0905,74.1969,4,jalil-town
PK,Pakistan,Pakistán,52310,Gondalan Wala,Punjab,04,,,,,31.9552,74.0781,1,gondalan-wala
PK,Pakistan,Pakistán,52320,Ladhe Wala Waraich,Punjab,04,,,,,32.1696,74.0637,1,ladhe-wala-waraich
PK,Pakistan,Pakistán,52326,Papnakha,Punjab,04,,,,,32.1696,74.0637,4,papnakha
PK,Pakistan,Pakistán,52330,Qila Didar Singh,Punjab,04,,,,,32.1342,74.0163,4,qila-didar-singh
PK,Pakistan,Pakistán,52334,Nithrike,Punjab,04,,,,,32.1342,74.0163,1,nithrike
PK,Pakistan,Pakistán,52340,Botala Sardar Jhanda Singh,Punjab,04,,,,,31.9552,74.0781,1,botala-sardar-jhanda-singh
PK,Pakistan,Pakistán,52342,Soharan Chatha,Punjab,04,,,,,31.9552,74.0781,1,soharan-chatha
PK,Pakistan,Pakistán,52356,Budha Goraya,Punjab,04,,,,,32.0425,74.0559,4,budha-goraya
PK,Pakistan,Pakistán,52360,Qila Mian Singh,Punjab,04,,,,,31.3659,73.9227,4,qila-mian-singh
PK,Pakistan,Pakistán,52368,Sadhoke,Punjab,04,,,,,31.3923,74.2771,4,sadhoke
PK,Pakistan,Pakistán,52370,Naushera Virkan,Punjab,04,,,,,31.9626,73.9712,4,naushera-virkan
PK,Pakistan,Pakistán,52380,Tatley Aali,Punjab,04,,,,,31.9552,74.0781,1,tatley-aali
PK,Pakistan,Pakistán,52390,Muhaliwala,Punjab,04,,,,,31.9552,74.0781,1,muhaliwala
PK,Pakistan,Pakistán,52400,Aroop,Punjab,04,,,,,32.1569,70.8091,1,aroop
PK,Pakistan,Pakistán,52404,Vaniawala,Punjab,04,,,,,32.1569,70.8091,1,vaniawala
PK,Pakistan,Pakistán,52410,Nizam Pur Gujranwala,Punjab,04,,,,,32.1569,70.8091,1,nizam-pur-gujranwala
PK,Pakistan,Pakistán,52450,Emin Abad More,Punjab,04,,,,,32.1569,70.8091,1,emin-abad-more
PK,Pakistan,Pakistán,52460,Emin Abad,Punjab,04,,,,,32.1569,70.8091,1,emin-abad
PK,Pakistan,Pakistán,52464,Wando,Punjab,04,,,,,32.1569,70.8091,4,wando
PK,Pakistan,Pakistán,52470,Kamo Ke,Punjab,04,,,,,32.1569,70.8091,1,kamo-ke
PK,Pakistan,Pakistán,53100,Lahore Kahna Nau,Punjab,04,,,,,30.3981,72.3934,1,lahore-kahna-nau
PK,Pakistan,Pakistán,53200,Barki,Punjab,04,,,,,30.0476,71.7518,4,barki
PK,Pakistan,Pakistán,53400,Lahore Bata Pur,Punjab,04,,,,,30.3981,72.3934,1,lahore-bata-pur
PK,Pakistan,Pakistán,53500,Jallo,Punjab,04,,,,,29.5468,70.8784,4,jallo
PK,Pakistan,Pakistán,53600,Wagha Lahore,Punjab,04,,,,,31.6,74.55,4,wagha-lahore
PK,Pakistan,Pakistán,53700,Niaz Beg Thokar,Punjab,04,,,,,30.3981,72.3934,1,niaz-beg-thokar
PK,Pakistan,Pakistán,53710,Lahore E.M.E Society P.O,Punjab,04,,,,,30.3981,72.3934,1,lahore-e-m-e-society-p-o
PK,Pakistan,Pakistán,53720,Lahore Bahria Town,Punjab,04,,,,,30.3981,72.3934,1,lahore-bahria-town
PK,Pakistan,Pakistán,53800,Chuhang,Punjab,04,,,,,30.3981,72.3934,1,chuhang
PK,Pakistan,Pakistán,54000,Lahore Gpo,Punjab,04,,,,,31.5822,74.3292,1,lahore-gpo
PK,Pakistan,Pakistán,54010,Naulakha,Punjab,04,,,,,31.5822,74.3292,4,naulakha
PK,Pakistan,Pakistán,54020,Lahore Alflah,Punjab,04,,,,,31.5822,74.3292,1,lahore-alflah
PK,Pakistan,Pakistán,54030,Lahore Aitcheson College,Punjab,04,,,,,31.5822,74.3292,1,lahore-aitcheson-college
PK,Pakistan,Pakistán,54100,Shah Alam Market,Punjab,04,,,,,30.417,73.105,1,shah-alam-market
PK,Pakistan,Pakistán,54110,Shahi Mohallah,Punjab,04,,,,,30.417,73.105,1,shahi-mohallah
PK,Pakistan,Pakistán,54120,Timber Market,Punjab,04,,,,,30.417,73.105,1,timber-market
PK,Pakistan,Pakistán,54500,Lahore Multan Road Post Office,Punjab,04,,,,,31.5242,74.2631,1,lahore-multan-road-post-office
PK,Pakistan,Pakistán,54510,Rewaz Garden,Punjab,04,,,,,31.5242,74.2631,1,rewaz-garden
PK,Pakistan,Pakistán,54550,Lahore Pt & T Audit,Punjab,04,,,,,31.5242,74.2631,1,lahore-pt-t-audit
PK,Pakistan,Pakistán,54560,Lahore Pmg Punjab Post Office,Punjab,04,,,,,31.5242,74.2631,1,lahore-pmg-punjab-post-office
PK,Pakistan,Pakistán,54570,Lahore Allama Iqbal Town,Punjab,04,,,,,31.5242,74.2631,1,lahore-allama-iqbal-town
PK,Pakistan,Pakistán,54572,Sabzazar,Punjab,04,,,,,31.5242,74.2631,4,sabzazar
PK,Pakistan,Pakistán,54590,Lahore New University Campus,Punjab,04,,,,,31.5242,74.2631,1,lahore-new-university-campus
PK,Pakistan,Pakistán,54600,Lahore Ferozepur Road,Punjab,04,,,,,31.5134,74.3467,1,lahore-ferozepur-road
PK,Pakistan,Pakistán,54610,Lahore Shadman Women Model P.O,Punjab,04,,,,,31.5134,74.3467,1,lahore-shadman-women-model-p-o
PK,Pakistan,Pakistán,54650,Lahore Secondary Board,Punjab,04,,,,,31.5134,74.3467,1,lahore-secondary-board
PK,Pakistan,Pakistán,54660,Lahore Gulberg Colony,Punjab,04,,,,,31.5134,74.3467,4,lahore-gulberg-colony
PK,Pakistan,Pakistán,54700,Lahore Model Town,Punjab,04,,,,,28.1598,70.6959,1,lahore-model-town
PK,Pakistan,Pakistán,54760,Lahore Ismail Nagar,Punjab,04,,,,,31.4533,74.3506,4,lahore-ismail-nagar
PK,Pakistan,Pakistán,54762,Lahore Nishtar Town,Punjab,04,,,,,31.4533,74.3506,1,lahore-nishtar-town
PK,Pakistan,Pakistán,54770,Lahore Township Sector A-1,Punjab,04,,,,,28.1598,70.6959,1,lahore-township-sector-a-1
PK,Pakistan,Pakistán,54780,Lahore Awan Coloney,Punjab,04,,,,,28.1598,70.6959,1,lahore-awan-coloney
PK,Pakistan,Pakistán,54782,Lahore Johar Town,Punjab,04,,,,,28.1598,70.6959,1,lahore-johar-town
PK,Pakistan,Pakistán,54784,"River View, Lahore",Punjab,04,,,,,28.1598,70.6959,1,river-view-lahore
PK,Pakistan,Pakistán,54790,Mansoora,Punjab,04,,,,,24.8662,67.0413,4,mansoora
PK,Pakistan,Pakistán,54792,Lahore Defence Housing Soicety,Punjab,04,,,,,24.8662,67.0413,1,lahore-defence-housing-soicety
PK,Pakistan,Pakistán,54800,Lahore C.M.A. Cantt.,Punjab,04,,,,,30.417,73.105,1,lahore-c-m-a-cantt
PK,Pakistan,Pakistán,54810,Lahore Cantt. Gpo,Punjab,04,,,,,30.417,73.105,1,lahore-cantt-gpo
PK,Pakistan,Pakistán,54840,Moghalpura,Punjab,04,,,,,30.417,73.105,1,moghalpura
PK,Pakistan,Pakistán,54850,Lahore Harbans Pura,Punjab,04,,,,,30.417,73.105,1,lahore-harbans-pura
PK,Pakistan,Pakistán,54870,Lahore Tajpura,Punjab,04,,,,,30.417,73.105,1,lahore-tajpura
PK,Pakistan,Pakistán,54880,Lahore Punjab Governor House,Punjab,04,,,,,30.417,73.105,1,lahore-punjab-governor-house
PK,Pakistan,Pakistán,54890,Lahore Engineering University,Punjab,04,,,,,30.417,73.105,1,lahore-engineering-university
PK,Pakistan,Pakistán,54900,Chah Miran,Punjab,04,,,,,31.59,74.3417,4,chah-miran
PK,Pakistan,Pakistán,54920,Lahore Baghbanpura,Punjab,04,,,,,31.59,74.3417,1,lahore-baghbanpura
PK,Pakistan,Pakistán,54950,Shahdara Bagh,Punjab,04,,,,,31.59,74.3417,1,shahdara-bagh
PK,Pakistan,Pakistán,55000,Kanganpur,Punjab,04,,,,,30.7647,74.1229,4,kanganpur
PK,Pakistan,Pakistán,55010,Usman Wala,Punjab,04,,,,,30.9429,74.3592,4,usman-wala
PK,Pakistan,Pakistán,55020,Talwandi,Punjab,04,,,,,30.904,74.14,4,talwandi
PK,Pakistan,Pakistán,55030,Khudian,Punjab,04,,,,,30.9868,74.273,4,khudian
PK,Pakistan,Pakistán,55050,Kasur Gpo,Punjab,04,,,,,30.8996,74.2238,1,kasur-gpo
PK,Pakistan,Pakistán,55060,Naseerabad Taxtile Mills,Punjab,04,,,,,30.8996,74.2238,1,naseerabad-taxtile-mills
PK,Pakistan,Pakistán,55100,Ganda Singh Wala,Punjab,04,,,,,31.22,74.2306,1,ganda-singh-wala
PK,Pakistan,Pakistán,55110,Mustafabad Kasur,Punjab,04,,,,,31.2518,74.4221,4,mustafabad-kasur
PK,Pakistan,Pakistán,55140,Raja Jang,Punjab,04,,,,,31.2208,74.2548,4,raja-jang
PK,Pakistan,Pakistán,55142,Bhambha,Punjab,04,,,,,31.2208,74.2548,1,bhambha
PK,Pakistan,Pakistán,55150,Raiwind,Punjab,04,,,,,31.249,74.2153,4,raiwind
PK,Pakistan,Pakistán,55154,"Kangra, Kasur",Punjab,04,,,,,31.249,74.2153,1,kangra-kasur
PK,Pakistan,Pakistán,55160,Lahore Kohinoor Energy,Punjab,04,,,,,31.22,74.2306,1,lahore-kohinoor-energy
PK,Pakistan,Pakistán,55170,Robby Taxtile Mill Kasur,Punjab,04,,,,,31.22,74.2306,1,robby-taxtile-mill-kasur
PK,Pakistan,Pakistán,55180,Kot Radha Kishan,Punjab,04,,,,,31.1707,74.1013,4,kot-radha-kishan
PK,Pakistan,Pakistán,55190,Clarkabad,Punjab,04,,,,,31.1783,74.1508,4,clarkabad
PK,Pakistan,Pakistán,55200,Chhanga Manga,Punjab,04,,,,,31.0881,73.9664,4,chhanga-manga
PK,Pakistan,Pakistán,55210,Balloki,Punjab,04,,,,,31.1912,73.8772,4,balloki
PK,Pakistan,Pakistán,55220,Chunian,Punjab,04,,,,,30.9662,73.9791,4,chunian
PK,Pakistan,Pakistán,55230,Ellahabad,Punjab,04,,,,,31.1494,73.9682,1,ellahabad
PK,Pakistan,Pakistán,55250,Jamber Kalan,Punjab,04,,,,,31.1494,73.9682,1,jamber-kalan
PK,Pakistan,Pakistán,55260,Bhai Pheru,Punjab,04,,,,,31.2024,73.9486,4,bhai-pheru
PK,Pakistan,Pakistán,55270,Manga Mandi,Punjab,04,,,,,31.2989,74.07,4,manga-mandi
PK,Pakistan,Pakistán,55300,Pattoki,Punjab,04,,,,,31.0267,73.8279,4,pattoki
PK,Pakistan,Pakistán,55360,Wan Radha Ram,Punjab,04,,,,,30.9541,73.7462,4,wan-radha-ram
PK,Pakistan,Pakistán,56000,Mandi Ahmed Abad,Punjab,04,,,,,30.7841,73.6544,1,mandi-ahmed-abad
PK,Pakistan,Pakistán,56010,Basir Pur,Punjab,04,,,,,30.7841,73.6544,1,basir-pur
PK,Pakistan,Pakistán,56020,Haveli Lakkha,Punjab,04,,,,,30.7841,73.6544,1,haveli-lakkha
PK,Pakistan,Pakistán,56030,Sulemanki Head Works,Punjab,04,,,,,30.7841,73.6544,1,sulemanki-head-works
PK,Pakistan,Pakistán,56100,Akhtar Abad,Punjab,04,,,,,30.7417,73.8233,1,akhtar-abad
PK,Pakistan,Pakistán,56130,Renala Khurd,Punjab,04,,,,,30.7417,73.8233,1,renala-khurd
PK,Pakistan,Pakistán,56140,Sher Garh,Punjab,04,,,,,30.7417,73.8233,1,sher-garh
PK,Pakistan,Pakistán,56150,Anwar Shaeed Colony Renala Khurd,Punjab,04,,,,,30.7417,73.8233,1,anwar-shaeed-colony-renala-khurd
PK,Pakistan,Pakistán,56170,Hujra,Punjab,04,,,,,30.7417,73.8233,4,hujra
PK,Pakistan,Pakistán,56180,Depalpur,Punjab,04,,,,,30.7417,73.8233,1,depalpur
PK,Pakistan,Pakistán,56200,Gogera,Punjab,04,,,,,30.9607,73.4521,1,gogera
PK,Pakistan,Pakistán,56290,Jaboka,Punjab,04,,,,,30.9607,73.4521,4,jaboka
PK,Pakistan,Pakistán,56300,Okara Gpo,Punjab,04,,,,,30.7841,73.6544,1,okara-gpo
PK,Pakistan,Pakistán,56316,Chak 53/2-L,Punjab,04,,,,,30.7841,73.6544,1,chak-53-2-l
PK,Pakistan,Pakistán,56320,Chak No.49/3r,Punjab,04,,,,,30.7841,73.6544,1,chak-no-49-3r
PK,Pakistan,Pakistán,56320,Okara 49/3 R,Punjab,04,,,,,30.7841,73.6544,1,okara-49-3-r
PK,Pakistan,Pakistán,56330,Chak No.36/2l,Punjab,04,,,,,30.7841,73.6544,1,chak-no-36-2l
PK,Pakistan,Pakistán,56350,Military Farms Okara,Punjab,04,,,,,30.7841,73.6544,1,military-farms-okara
PK,Pakistan,Pakistán,56400,Okara Cantonment,Punjab,04,,,,,30.7349,73.3503,4,okara-cantonment
PK,Pakistan,Pakistán,56410,Okara Ammunition Depot,Punjab,04,,,,,30.7349,73.3503,1,okara-ammunition-depot
PK,Pakistan,Pakistán,57000,Sahiwal Gpo,Punjab,04,,,,,30.7375,73.147,1,sahiwal-gpo
PK,Pakistan,Pakistán,57030,Chak 90/9-L,Punjab,04,,,,,30.7375,73.147,1,chak-90-9-l
PK,Pakistan,Pakistán,57040,Sahiwal Government College,Punjab,04,,,,,30.7375,73.147,1,sahiwal-government-college
PK,Pakistan,Pakistán,57050,Farid Town Sahiwal,Punjab,04,,,,,30.642,73.0984,4,farid-town-sahiwal
PK,Pakistan,Pakistán,57070,Chak 85/6 R (Kot Khadim Ali Shah),Punjab,04,,,,,30.7375,73.147,1,chak-85-6-r-kot-khadim-ali-shah
PK,Pakistan,Pakistán,57080,Noor Shah,Punjab,04,,,,,30.8329,73.1956,4,noor-shah
PK,Pakistan,Pakistán,57100,Chak 91/6-R,Punjab,04,,,,,31.5302,73.1729,1,chak-91-6-r
PK,Pakistan,Pakistán,57110,Malka Hans,Punjab,04,,,,,30.4243,73.2753,4,malka-hans
PK,Pakistan,Pakistán,57130,Chak 120/9-L,Punjab,04,,,,,31.5302,73.1729,1,chak-120-9-l
PK,Pakistan,Pakistán,57150,Chak Shafi,Punjab,04,,,,,32.636,73.0706,4,chak-shafi
PK,Pakistan,Pakistán,57160,Harappa Railway Station,Punjab,04,,,,,31.5302,73.1729,1,harappa-railway-station
PK,Pakistan,Pakistán,57170,Harappa City,Punjab,04,,,,,31.5302,73.1729,1,harappa-city
PK,Pakistan,Pakistán,57174,Chak-5/11l,Punjab,04,,,,,31.5302,73.1729,1,chak-5-11l
PK,Pakistan,Pakistán,57180,Chak 145/9-L,Punjab,04,,,,,31.5302,73.1729,1,chak-145-9-l
PK,Pakistan,Pakistán,57200,Chichawatni,Punjab,04,,,,,30.5301,72.6916,4,chichawatni
PK,Pakistan,Pakistán,57210,Ghazi Abad,Punjab,04,,,,,29.9667,70.4333,4,ghazi-abad
PK,Pakistan,Pakistán,57214,Sheikh Fazal,Punjab,04,,,,,30.334,72.7932,4,sheikh-fazal
PK,Pakistan,Pakistán,57230,Chak 168/9-L,Punjab,04,,,,,30.2769,71.9727,1,chak-168-9-l
PK,Pakistan,Pakistán,57300,Kassowal,Punjab,04,,,,,30.5389,72.55,4,kassowal
PK,Pakistan,Pakistán,57330,Chak 120/13-Al,Punjab,04,,,,,30.9689,72.3135,1,chak-120-13-al
PK,Pakistan,Pakistán,57340,Chak 119/13-Al,Punjab,04,,,,,30.9689,72.3135,1,chak-119-13-al
PK,Pakistan,Pakistán,57350,Iqbal Nagar,Punjab,04,,,,,31.3988,72.0769,4,iqbal-nagar
PK,Pakistan,Pakistán,57360,"Ninty (90) More, Sahiwal",Punjab,04,,,,,30.9689,72.3135,1,ninty-90-more-sahiwal
PK,Pakistan,Pakistán,57400,Pak Pattan Sharif,Punjab,04,,,,,28.9962,70.953,1,pak-pattan-sharif
PK,Pakistan,Pakistán,57430,Chak No.73/5-L (Moghal),Punjab,04,,,,,28.9962,70.953,1,chak-no-73-5-l-moghal
PK,Pakistan,Pakistán,57440,Chak Bedi,Punjab,04,,,,,30.4861,73.4979,4,chak-bedi
PK,Pakistan,Pakistán,57450,Arif Wala,Punjab,04,,,,,26.3248,66.2959,4,arif-wala
PK,Pakistan,Pakistán,57460,Adda Gambeer,Punjab,04,,,,,28.9962,70.953,1,adda-gambeer
PK,Pakistan,Pakistán,57470,Al-Jamia,Punjab,04,,,,,28.9962,70.953,1,al-jamia
PK,Pakistan,Pakistán,57480,Qabula,Punjab,04,,,,,30.1778,73.0651,4,qabula
PK,Pakistan,Pakistán,57490,Chal No.127/Eb,Punjab,04,,,,,28.9962,70.953,1,chal-no-127-eb
PK,Pakistan,Pakistán,58000,Mian Channu,Punjab,04,,,,,30.4407,72.3568,4,mian-channu
PK,Pakistan,Pakistán,58030,Mian Channu Railway Station,Punjab,04,,,,,30.4838,72.2988,1,mian-channu-railway-station
PK,Pakistan,Pakistán,58080,Talamba,Punjab,04,,,,,30.5269,72.2408,4,talamba
PK,Pakistan,Pakistán,58100,Kacha Khuh,Punjab,04,,,,,30.3753,72.1403,4,kacha-khuh
PK,Pakistan,Pakistán,58110,Hanuman Garh,Punjab,04,,,,,30.5074,72.0788,1,hanuman-garh
PK,Pakistan,Pakistán,58120,Khanewal Ammunition Depot,Punjab,04,,,,,30.5074,72.0788,1,khanewal-ammunition-depot
PK,Pakistan,Pakistán,58150,Khanewal Gpo,Punjab,04,,,,,30.5074,72.0788,1,khanewal-gpo
PK,Pakistan,Pakistán,58152,Peerowal,Punjab,04,,,,,30.5074,72.0788,1,peerowal
PK,Pakistan,Pakistán,58160,Khanewal Railway Station,Punjab,04,,,,,30.5074,72.0788,1,khanewal-railway-station
PK,Pakistan,Pakistán,58170,Makhdoompur Phoharan,Punjab,04,,,,,30.5074,72.0788,1,makhdoompur-phoharan
PK,Pakistan,Pakistán,58180,Abdul Hakim,Punjab,04,,,,,30.5519,72.1262,4,abdul-hakim
PK,Pakistan,Pakistán,58190,Sarai Sidhu,Punjab,04,,,,,30.5948,71.9699,4,sarai-sidhu
PK,Pakistan,Pakistán,58200,Jahania,Punjab,04,,,,,30.0393,71.8167,4,jahania
PK,Pakistan,Pakistán,58202,Chak 138/10 R,Punjab,04,,,,,30.0393,71.8167,1,chak-138-10-r
PK,Pakistan,Pakistán,58210,Thatha Sadiqabad,Punjab,04,,,,,30.2486,71.8038,1,thatha-sadiqabad
PK,Pakistan,Pakistán,58220,Chak 136/10-R,Punjab,04,,,,,30.2486,71.8038,1,chak-136-10-r
PK,Pakistan,Pakistán,58230,Kot Allah Singh,Punjab,04,,,,,30.2841,71.9089,4,kot-allah-singh
PK,Pakistan,Pakistán,58240,Punjab Small Industry,Punjab,04,,,,,30.2486,71.8038,1,punjab-small-industry
PK,Pakistan,Pakistán,58250,Kabir Wala,Punjab,04,,,,,30.2903,71.7863,1,kabir-wala
PK,Pakistan,Pakistán,58256,Mahni Sial,Punjab,04,,,,,30.2903,71.7863,4,mahni-sial
PK,Pakistan,Pakistán,58258,Punja Kassi,Punjab,04,,,,,30.2903,71.7863,1,punja-kassi
PK,Pakistan,Pakistán,58260,Kohiwala,Punjab,04,,,,,30.3521,71.7719,4,kohiwala
PK,Pakistan,Pakistán,58270,Kukkar Hatta,Punjab,04,,,,,30.4035,71.7572,4,kukkar-hatta
PK,Pakistan,Pakistán,59000,Kadirpur Rawan,Punjab,04,,,,,30.2217,71.5498,1,kadirpur-rawan
PK,Pakistan,Pakistán,59020,Tatepur,Punjab,04,,,,,30.2307,71.6617,4,tatepur
PK,Pakistan,Pakistán,59030,Piran Ghaib,Punjab,04,,,,,30.215,71.5492,4,piran-ghaib
PK,Pakistan,Pakistán,59050,Javed Nagar,Punjab,04,,,,,30.2217,71.5498,1,javed-nagar
PK,Pakistan,Pakistán,59060,Multan Fertilizer Project,Punjab,04,,,,,30.2217,71.5498,1,multan-fertilizer-project
PK,Pakistan,Pakistán,59070,Suraj Miani,Punjab,04,,,,,30.2193,71.4386,4,suraj-miani
PK,Pakistan,Pakistán,59100,Makhdum Rashid,Punjab,04,,,,,30.0877,71.6414,4,makhdum-rashid
PK,Pakistan,Pakistán,59110,Kutabpur,Punjab,04,,,,,29.9106,71.7589,4,kutabpur
PK,Pakistan,Pakistán,59120,Dunya Pur,Punjab,04,,,,,30.0051,71.6316,1,dunya-pur
PK,Pakistan,Pakistán,59130,Lar,Punjab,04,,,,,30.0169,71.4944,4,lar
PK,Pakistan,Pakistán,59150,Basti Malook,Punjab,04,,,,,30.0051,71.6316,1,basti-malook
PK,Pakistan,Pakistán,59200,Ismailabad,Punjab,04,,,,,30.1325,71.3648,4,ismailabad
PK,Pakistan,Pakistán,59210,Sikandar Abad,Punjab,04,,,,,29.9175,71.5235,1,sikandar-abad
PK,Pakistan,Pakistán,59220,Shujabad,Punjab,04,,,,,30.4833,72.5833,4,shujabad
PK,Pakistan,Pakistán,59240,Matotli,Punjab,04,,,,,29.7683,71.328,4,matotli
PK,Pakistan,Pakistán,59250,Jalalpur Pirwala,Punjab,04,,,,,29.5051,71.222,4,jalalpur-pirwala
PK,Pakistan,Pakistán,59260,Khan Bela,Punjab,04,,,,,29.6985,71.1194,4,khan-bela
PK,Pakistan,Pakistán,59300,Bahadar Pur,Punjab,04,,,,,29.5794,71.7663,1,bahadar-pur
PK,Pakistan,Pakistán,59310,Kotali Nijabat,Punjab,04,,,,,29.5794,71.7663,1,kotali-nijabat
PK,Pakistan,Pakistán,59320,Lodhran,Punjab,04,,,,,29.5339,71.6324,4,lodhran
PK,Pakistan,Pakistán,59330,Dhanot,Punjab,04,,,,,29.5799,71.7521,4,dhanot
PK,Pakistan,Pakistán,59340,Kahror Pakka,Punjab,04,,,,,29.6243,71.9144,4,kahror-pakka
PK,Pakistan,Pakistán,60000,Multan Gpo,Punjab,04,,,,,30.1604,71.7121,1,multan-gpo
PK,Pakistan,Pakistán,60010,Galay Wala,Punjab,04,,,,,30.1604,71.7121,1,galay-wala
PK,Pakistan,Pakistán,60030,Chak-379/Wb,Punjab,04,,,,,30.1604,71.7121,1,chak-379-wb
PK,Pakistan,Pakistán,60050,Multan Army Aviation Base,Punjab,04,,,,,30.1604,71.7121,1,multan-army-aviation-base
PK,Pakistan,Pakistán,60060,Budhla Sant,Punjab,04,,,,,30.1604,71.7121,4,budhla-sant
PK,Pakistan,Pakistán,60600,Mumtaz Abad,Punjab,04,,,,,28.2279,67.8512,4,mumtaz-abad
PK,Pakistan,Pakistán,60650,New Multan,Punjab,04,,,,,28.2279,67.8512,1,new-multan
PK,Pakistan,Pakistán,60700,Gulgasht Colony,Punjab,04,,,,,30.2197,71.4711,4,gulgasht-colony
PK,Pakistan,Pakistán,60750,Secondary Board,Punjab,04,,,,,30.2197,71.4711,1,secondary-board
PK,Pakistan,Pakistán,60800,Bahauddin Zakaria University,Punjab,04,,,,,29.7826,70.8591,1,bahauddin-zakaria-university
PK,Pakistan,Pakistán,60900,Industrial Estate,Punjab,04,,,,,30.1284,71.3853,4,industrial-estate
PK,Pakistan,Pakistán,61000,Gaggo,Punjab,04,,,,,30.2182,72.8263,4,gaggo
PK,Pakistan,Pakistán,61010,Burewala,Punjab,04,,,,,30.1586,72.6798,4,burewala
PK,Pakistan,Pakistán,61040,Burewala Katchehry,Punjab,04,,,,,30.1884,72.7531,1,burewala-katchehry
PK,Pakistan,Pakistán,61050,Dawood Abad,Punjab,04,,,,,30.1884,72.7531,1,dawood-abad
PK,Pakistan,Pakistán,61070,Machhian Wala,Punjab,04,,,,,30.1884,72.7531,1,machhian-wala
PK,Pakistan,Pakistán,61100,Vehari Gpo,Punjab,04,,,,,29.8043,72.0698,1,vehari-gpo
PK,Pakistan,Pakistán,61110,Luddan,Punjab,04,,,,,29.8009,72.3997,4,luddan
PK,Pakistan,Pakistán,61120,Vehari Peoples Colony,Punjab,04,,,,,29.8043,72.0698,1,vehari-peoples-colony
PK,Pakistan,Pakistán,61150,Garha More,Punjab,04,,,,,29.5631,71.7841,4,garha-more
PK,Pakistan,Pakistán,61160,Mitru,Punjab,04,,,,,29.9594,72.0697,4,mitru
PK,Pakistan,Pakistán,61170,Tiba Sultanpur,Punjab,04,,,,,29.8043,72.0698,1,tiba-sultanpur
PK,Pakistan,Pakistán,61172,Chowk Methla,Punjab,04,,,,,29.8043,72.0698,1,chowk-methla
PK,Pakistan,Pakistán,61180,Dokota,Punjab,04,,,,,29.8939,72.0256,4,dokota
PK,Pakistan,Pakistán,61200,Mailsi,Punjab,04,,,,,29.8012,72.174,4,mailsi
PK,Pakistan,Pakistán,61202,Dilawar Farm Sargana,Punjab,04,,,,,29.8012,72.174,1,dilawar-farm-sargana
PK,Pakistan,Pakistán,61210,Mailsi Colony,Punjab,04,,,,,29.8119,72.1667,4,mailsi-colony
PK,Pakistan,Pakistán,61220,Karampur,Punjab,04,,,,,29.9014,72.3536,4,karampur
PK,Pakistan,Pakistán,61230,Jalla Jim,Punjab,04,,,,,29.8289,72.2171,1,jalla-jim
PK,Pakistan,Pakistán,61240,Sardar Pur Jhandeer,Punjab,04,,,,,29.8289,72.2171,1,sardar-pur-jhandeer
PK,Pakistan,Pakistán,62000,Fort Morot,Punjab,04,,,,,29.6274,72.1799,1,fort-morot
PK,Pakistan,Pakistán,62004,Chak 117/M,Punjab,04,,,,,29.6274,72.1799,1,chak-117-m
PK,Pakistan,Pakistán,62020,Fort Abbas,Punjab,04,,,,,29.1934,72.8552,4,fort-abbas
PK,Pakistan,Pakistán,62024,Chak 297/Hr,Punjab,04,,,,,29.1934,72.8552,1,chak-297-hr
PK,Pakistan,Pakistán,62030,Chak 227/R-9,Punjab,04,,,,,29.6274,72.1799,1,chak-227-r-9
PK,Pakistan,Pakistán,62040,Khichi Wala,Punjab,04,,,,,29.6274,72.1799,1,khichi-wala
PK,Pakistan,Pakistán,62050,Faqir Wali,Punjab,04,,,,,30.4954,70.8292,4,faqir-wali
PK,Pakistan,Pakistán,62070,Chak 132/6-R,Punjab,04,,,,,29.6274,72.1799,1,chak-132-6-r
PK,Pakistan,Pakistán,62080,Chak 69/4-R,Punjab,04,,,,,29.6274,72.1799,1,chak-69-4-r
PK,Pakistan,Pakistán,62100,Haroon Abad,Punjab,04,,,,,29.7497,73.2429,1,haroon-abad
PK,Pakistan,Pakistán,62110,Dunga Bunga,Punjab,04,,,,,29.7497,73.2429,4,dunga-bunga
PK,Pakistan,Pakistán,62120,Ram Pura,Punjab,04,,,,,29.7497,73.2429,1,ram-pura
PK,Pakistan,Pakistán,62210,Mandi Sadiq Ganj,Punjab,04,,,,,29.6989,72.5669,1,mandi-sadiq-ganj
PK,Pakistan,Pakistán,62230,Minchin Abad,Punjab,04,,,,,29.6989,72.5669,1,minchin-abad
PK,Pakistan,Pakistán,62250,Sadiqia,Punjab,04,,,,,29.6989,72.5669,1,sadiqia
PK,Pakistan,Pakistán,62300,Bahawal Nagar Gpo,Punjab,04,,,,,29.7971,72.8577,1,bahawal-nagar-gpo
PK,Pakistan,Pakistán,62310,Takht Mahal,Punjab,04,,,,,29.7971,72.8577,1,takht-mahal
PK,Pakistan,Pakistán,62320,Madarisa,Punjab,04,,,,,29.7971,72.8577,1,madarisa
PK,Pakistan,Pakistán,62350,Chishtian,Punjab,04,,,,,29.7971,72.8577,4,chishtian
PK,Pakistan,Pakistán,62380,Dahran Wala,Punjab,04,,,,,29.7971,72.8577,1,dahran-wala
PK,Pakistan,Pakistán,62400,Bakhshan Khan,Punjab,04,,,,,29.6989,72.5669,1,bakhshan-khan
PK,Pakistan,Pakistán,63000,Hasil Pur Mandi,Punjab,04,,,,,29.6246,72.1702,1,hasil-pur-mandi
PK,Pakistan,Pakistán,63020,Chhonawala,Punjab,04,,,,,29.6246,72.1702,1,chhonawala
PK,Pakistan,Pakistán,63030,Pallah,Punjab,04,,,,,29.8031,72.555,4,pallah
PK,Pakistan,Pakistán,63040,Qaim Pur,Punjab,04,,,,,29.6246,72.1702,1,qaim-pur
PK,Pakistan,Pakistán,63050,Jamalpur Edso,Punjab,04,,,,,29.6277,72.1324,3,jamalpur-edso
PK,Pakistan,Pakistán,63050,Jamalpur,Punjab,04,,,,,29.6277,72.1324,4,jamalpur
PK,Pakistan,Pakistán,63060,Khairpur Tamiwali,Punjab,04,,,,,29.6246,72.1702,1,khairpur-tamiwali
PK,Pakistan,Pakistán,63070,Dera Bakha,Punjab,04,,,,,29.4398,71.8608,4,dera-bakha
PK,Pakistan,Pakistán,63080,Bahawalpur Cantt,Punjab,04,,,,,29.6246,72.1702,1,bahawalpur-cantt
PK,Pakistan,Pakistán,63090,Inaiti,Punjab,04,,,,,29.6246,72.1702,1,inaiti
PK,Pakistan,Pakistán,63100,Bahawalpur Gpo,Punjab,04,,,,,29.4157,71.6881,1,bahawalpur-gpo
PK,Pakistan,Pakistán,63170,Bahawalpur Intermediate Secondry Board,Punjab,04,,,,,29.4157,71.6881,1,bahawalpur-intermediate-secondry-board
PK,Pakistan,Pakistán,63180,Sadiq Public School Bahawalpur,Punjab,04,,,,,29.4157,71.6881,1,sadiq-public-school-bahawalpur
PK,Pakistan,Pakistán,63210,Yazman,Punjab,04,,,,,29.1212,71.7446,4,yazman
PK,Pakistan,Pakistán,63230,Chak 117/D.B,Punjab,04,,,,,29.0816,71.4563,4,chak-117-d-b
PK,Pakistan,Pakistán,63236,Head Rajkan,Punjab,04,,,,,29.1064,71.4933,4,head-rajkan
PK,Pakistan,Pakistán,63250,Samasatta,Punjab,04,,,,,29.345,71.5462,4,samasatta
PK,Pakistan,Pakistán,63270,Khanqah Mubarik,Punjab,04,,,,,29.1819,71.5224,1,khanqah-mubarik
PK,Pakistan,Pakistán,63274,Ashraf Sugar Mills Bahawalpur,Punjab,04,,,,,29.1819,71.5224,1,ashraf-sugar-mills-bahawalpur
PK,Pakistan,Pakistán,63290,Mubarikpur,Punjab,04,,,,,29.2551,71.3716,4,mubarikpur
PK,Pakistan,Pakistán,63300,Noorpur Nauranga,Punjab,04,,,,,29.2252,71.4325,4,noorpur-nauranga
PK,Pakistan,Pakistán,63320,Hatheji,Punjab,04,,,,,29.3473,71.2356,4,hatheji
PK,Pakistan,Pakistán,63350,Ahmad Pur East,Punjab,04,,,,,29.7042,71.5222,1,ahmad-pur-east
PK,Pakistan,Pakistán,63354,Sahiwala,Punjab,04,,,,,29.7042,71.5222,4,sahiwala
PK,Pakistan,Pakistán,63360,Sadiq Garh Palace,Punjab,04,,,,,29.4952,71.4281,1,sadiq-garh-palace
PK,Pakistan,Pakistán,63400,Kotla Musa Khan,Punjab,04,,,,,29.2742,71.2215,4,kotla-musa-khan
PK,Pakistan,Pakistán,63410,Uch Sharif,Punjab,04,,,,,29.2387,71.0622,4,uch-sharif
PK,Pakistan,Pakistán,63420,Panjnad,Punjab,04,,,,,29.2033,71.098,1,panjnad
PK,Pakistan,Pakistán,63450,Chani Goth,Punjab,04,,,,,29.0968,71.0103,4,chani-goth
PK,Pakistan,Pakistán,64000,Liaqat Pur,Punjab,04,,,,,28.939,70.9489,4,liaqat-pur
PK,Pakistan,Pakistán,64020,Allah Abad,Punjab,04,,,,,28.9333,70.9667,4,allah-abad
PK,Pakistan,Pakistán,64030,Trinda Muhammad Panah,Punjab,04,,,,,29.1003,70.9083,4,trinda-muhammad-panah
PK,Pakistan,Pakistán,64040,Khan Bela,Punjab,04,,,,,28.9632,70.7361,4,khan-bela
PK,Pakistan,Pakistán,64070,Feroza,Punjab,04,,,,,28.7668,70.8158,4,feroza
PK,Pakistan,Pakistán,64080,Hysons Sugar Mills Jetha Bhutta,Punjab,04,,,,,28.9405,70.8752,1,hysons-sugar-mills-jetha-bhutta
PK,Pakistan,Pakistán,64100,Khan Pur,Punjab,04,,,,,28.8744,70.4554,1,khan-pur
PK,Pakistan,Pakistán,64120,Sohja,Punjab,04,,,,,28.8744,70.4554,1,sohja
PK,Pakistan,Pakistán,64130,Zahir Peer,Punjab,04,,,,,28.8744,70.4554,1,zahir-peer
PK,Pakistan,Pakistán,64140,Chachran Sharif,Punjab,04,,,,,28.8744,70.4554,4,chachran-sharif
PK,Pakistan,Pakistán,64160,Bagho Bahr,Punjab,04,,,,,28.8744,70.4554,1,bagho-bahr
PK,Pakistan,Pakistán,64170,Kot Somaba,Punjab,04,,,,,28.8744,70.4554,1,kot-somaba
PK,Pakistan,Pakistán,64180,Tarinda R.S.,Punjab,04,,,,,28.8744,70.4554,1,tarinda-r-s
PK,Pakistan,Pakistán,64200,Rahimyar Khan Gpo,Punjab,04,,,,,28.6868,70.342,1,rahimyar-khan-gpo
PK,Pakistan,Pakistán,64220,Chak 102/P,Punjab,04,,,,,28.6868,70.342,1,chak-102-p
PK,Pakistan,Pakistán,64230,Pull Sunny,Punjab,04,,,,,28.6868,70.342,1,pull-sunny
PK,Pakistan,Pakistán,64300,Wapda Scarp Colony,Punjab,04,,,,,28.5129,70.1229,1,wapda-scarp-colony
PK,Pakistan,Pakistán,64310,Iqbalabad,Punjab,04,,,,,28.5441,70.2701,4,iqbalabad
PK,Pakistan,Pakistán,64320,Mian Wali Qureshian,Punjab,04,,,,,28.6607,70.3995,4,mian-wali-qureshian
PK,Pakistan,Pakistán,64350,Sadik Abad,Punjab,04,,,,,28.5129,70.1229,1,sadik-abad
PK,Pakistan,Pakistán,64370,Jamal Din Wali,Punjab,04,,,,,28.5129,70.1229,1,jamal-din-wali
PK,Pakistan,Pakistán,64380,Ahmadpur Lama,Punjab,04,,,,,28.4234,69.9111,1,ahmadpur-lama
PK,Pakistan,Pakistán,64384,Bhong,Punjab,04,,,,,28.4234,69.9111,4,bhong
PK,Pakistan,Pakistán,64410,Bangla Manthar,Punjab,04,,,,,28.2823,69.7271,1,bangla-manthar
PK,Pakistan,Pakistán,64450,Machi Goth,Punjab,04,,,,,28.2823,69.7271,4,machi-goth
PK,Pakistan,Pakistán,64460,Sanjar Pur,Punjab,04,,,,,28.2823,69.7271,1,sanjar-pur
PK,Pakistan,Pakistán,64470,Kot Subzal,Punjab,04,,,,,28.2823,69.7271,1,kot-subzal
PK,Pakistan,Pakistán,65280,Jandraka,Punjab,04,,,,,31.0724,73.448,4,jandraka
PK,Pakistan,Pakistán,65010,Dharki,Sindh,05,,,,,28.0184,69.6236,1,dharki
PK,Pakistan,Pakistán,65020,Fertilizer Factory Dharki,Sindh,05,,,,,28.0184,69.6236,1,fertilizer-factory-dharki
PK,Pakistan,Pakistán,65030,Ubauro,Sindh,05,,,,,28.1643,69.7311,4,ubauro
PK,Pakistan,Pakistán,65034,Khambara,Sindh,05,,,,,28.2935,69.8109,4,khambara
PK,Pakistan,Pakistán,65040,Mirpur Mathelo,Sindh,05,,,,,28.0214,69.5491,4,mirpur-mathelo
PK,Pakistan,Pakistán,65050,Pak Saudi Fertilizar Mirpur Mathelo,Sindh,05,,,,,27.9466,69.6701,1,pak-saudi-fertilizar-mirpur-mathelo
PK,Pakistan,Pakistán,65052,Dad Laghari,Sindh,05,,,,,27.9466,69.6701,4,dad-laghari
PK,Pakistan,Pakistán,65060,Jarwar,Sindh,05,,,,,27.9158,69.5207,4,jarwar
PK,Pakistan,Pakistán,65070,Khanpur Mahar,Sindh,05,,,,,27.8409,69.413,4,khanpur-mahar
PK,Pakistan,Pakistán,65080,Adil Pur,Sindh,05,,,,,28.0184,69.6236,1,adil-pur
PK,Pakistan,Pakistán,65100,Sarhad,Sindh,05,,,,,27.7706,69.1004,1,sarhad
PK,Pakistan,Pakistán,65110,Ghotki,Sindh,05,,,,,28.0044,69.3157,4,ghotki
PK,Pakistan,Pakistán,65120,Pano Akil,Sindh,05,,,,,27.8562,69.1111,4,pano-akil
PK,Pakistan,Pakistán,65130,Pannu Akil Cantt.,Sindh,05,,,,,27.7706,69.1004,1,pannu-akil-cantt
PK,Pakistan,Pakistán,65140,Haleji Sharif,Sindh,05,,,,,27.7805,69.1357,4,haleji-sharif
PK,Pakistan,Pakistán,65150,Saleh Pat,Sindh,05,,,,,27.5202,69.0446,4,saleh-pat
PK,Pakistan,Pakistán,65168,Thrachani,Sindh,05,,,,,27.7706,69.1004,1,thrachani
PK,Pakistan,Pakistán,65170,Rohri,Sindh,05,,,,,27.692,68.895,4,rohri
PK,Pakistan,Pakistán,65180,Rohri Cement Works,Sindh,05,,,,,27.7706,69.1004,1,rohri-cement-works
PK,Pakistan,Pakistán,65200,Sukkur Gpo,Sindh,05,,,,,29.3608,71.1425,1,sukkur-gpo
PK,Pakistan,Pakistán,65210,Sukkur Board Of Secondary Education,Sindh,05,,,,,29.3608,71.1425,1,sukkur-board-of-secondary-education
PK,Pakistan,Pakistán,65220,Berrari,Sindh,05,,,,,29.3608,71.1425,1,berrari
PK,Pakistan,Pakistán,65270,Babarloi,Sindh,05,,,,,27.6491,68.837,4,babarloi
PK,Pakistan,Pakistán,65300,Kandira,Sindh,05,,,,,27.7543,68.7587,1,kandira
PK,Pakistan,Pakistán,65310,Paf Airport,Sindh,05,,,,,27.7543,68.7587,1,paf-airport
PK,Pakistan,Pakistán,65320,Arain Road,Sindh,05,,,,,27.7543,68.7587,1,arain-road
PK,Pakistan,Pakistán,65330,Bagarji,Sindh,05,,,,,27.7543,68.7587,4,bagarji
PK,Pakistan,Pakistán,66000,Piryalo,Sindh,05,,,,,27.6469,68.7165,4,piryalo
PK,Pakistan,Pakistán,66020,Khair Pur Gpo,Sindh,05,,,,,27.5873,68.5959,1,khair-pur-gpo
PK,Pakistan,Pakistán,66030,Pri Jo Goth,Sindh,05,,,,,27.5873,68.5959,1,pri-jo-goth
PK,Pakistan,Pakistán,66040,Ahmed Pur,Sindh,05,,,,,27.9989,68.6242,4,ahmed-pur
PK,Pakistan,Pakistán,66060,Kot Digi,Sindh,05,,,,,27.5873,68.5959,1,kot-digi
PK,Pakistan,Pakistán,66062,Chundiko,Sindh,05,,,,,27.5873,68.5959,1,chundiko
PK,Pakistan,Pakistán,66070,Gambat,Sindh,05,,,,,27.3517,68.5215,4,gambat
PK,Pakistan,Pakistán,66074,Agra,Sindh,05,,,,,27.3517,68.5215,1,agra
PK,Pakistan,Pakistán,66080,F.S.Mills Gambat,Sindh,05,,,,,27.5873,68.5959,1,f-s-mills-gambat
PK,Pakistan,Pakistán,66090,Khurra,Sindh,05,,,,,27.5873,68.5959,1,khurra
PK,Pakistan,Pakistán,66100,Rani Pur,Sindh,05,,,,,27.2684,68.7397,1,rani-pur
PK,Pakistan,Pakistán,66104,Consolidated Sugar Mills Rani Pur,Sindh,05,,,,,27.2684,68.7397,1,consolidated-sugar-mills-rani-pur
PK,Pakistan,Pakistán,66110,Sobho Dera,Sindh,05,,,,,27.2684,68.7397,1,sobho-dera
PK,Pakistan,Pakistán,66120,Kumb,Sindh,05,,,,,27.3001,68.614,4,kumb
PK,Pakistan,Pakistán,66130,Buzdar,Sindh,05,,,,,27.2684,68.7397,1,buzdar
PK,Pakistan,Pakistán,66150,Mirwah,Sindh,05,,,,,27.0689,68.6143,4,mirwah
PK,Pakistan,Pakistán,66160,Thehri,Sindh,05,,,,,27.5854,68.7785,4,thehri
PK,Pakistan,Pakistán,66170,Sorah,Sindh,05,,,,,27.1193,68.952,4,sorah
PK,Pakistan,Pakistán,66190,Hingoraja,Sindh,05,,,,,27.2684,68.7397,1,hingoraja
PK,Pakistan,Pakistán,66200,Setharja,Sindh,05,,,,,27.2007,68.4786,4,setharja
PK,Pakistan,Pakistán,66300,Chang,Sindh,05,,,,,26.8678,68.3632,4,chang
PK,Pakistan,Pakistán,67000,Mahrabpur,Sindh,05,,,,,27.1033,68.4196,4,mahrabpur
PK,Pakistan,Pakistán,67010,Kotri Kabir,Sindh,05,,,,,27.1445,68.3698,4,kotri-kabir
PK,Pakistan,Pakistán,67020,Tando Mir Ali,Sindh,05,,,,,27.0872,68.4941,4,tando-mir-ali
PK,Pakistan,Pakistán,67030,Khan Wahan,Sindh,05,,,,,27.1773,68.2942,4,khan-wahan
PK,Pakistan,Pakistán,67034,Tunia Baga Shah,Sindh,05,,,,,27.1773,68.2942,1,tunia-baga-shah
PK,Pakistan,Pakistán,67040,Aqil Shah,Sindh,05,,,,,27.077,68.2692,1,aqil-shah
PK,Pakistan,Pakistán,67060,Mohabat Dero,Sindh,05,,,,,27.077,68.2692,1,mohabat-dero
PK,Pakistan,Pakistán,67070,Darbelo,Sindh,05,,,,,27.0165,68.126,4,darbelo
PK,Pakistan,Pakistán,67080,Tharu Shah,Sindh,05,,,,,26.9423,68.1176,4,tharu-shah
PK,Pakistan,Pakistán,67084,Bhorti,Sindh,05,,,,,26.9678,68.038,4,bhorti
PK,Pakistan,Pakistán,67100,Mithiani,Sindh,05,,,,,26.8706,67.9813,4,mithiani
PK,Pakistan,Pakistán,67110,New Jatoi,Sindh,05,,,,,26.7669,67.9907,1,new-jatoi
PK,Pakistan,Pakistán,67120,Sadoja,Sindh,05,,,,,26.7669,67.9907,1,sadoja
PK,Pakistan,Pakistán,67130,Moro,Sindh,05,,,,,26.6632,68.0002,4,moro
PK,Pakistan,Pakistán,67150,Mubbarik Ali Buriro,Sindh,05,,,,,26.7669,67.9907,1,mubbarik-ali-buriro
PK,Pakistan,Pakistán,67160,Qamarabad,Sindh,05,,,,,26.7669,67.9907,1,qamarabad
PK,Pakistan,Pakistán,67180,Noor Jhanian,Sindh,05,,,,,26.7669,67.9907,1,noor-jhanian
PK,Pakistan,Pakistán,67190,Daulatpur,Sindh,05,,,,,26.7669,67.9907,1,daulatpur
PK,Pakistan,Pakistán,67200,Qazi Ahmed,Sindh,05,,,,,26.2034,68.2458,1,qazi-ahmed
PK,Pakistan,Pakistán,67204,Shadi Khan Chandio,Sindh,05,,,,,26.2034,68.2458,4,shadi-khan-chandio
PK,Pakistan,Pakistán,67210,Sakrand,Sindh,05,,,,,26.1385,68.2744,4,sakrand
PK,Pakistan,Pakistán,67220,Goth Chaudhary Shah Nawaz,Sindh,05,,,,,26.1818,68.2553,1,goth-chaudhary-shah-nawaz
PK,Pakistan,Pakistán,67230,Agricultur Institute Nawabshah,Sindh,05,,,,,26.1818,68.2553,1,agricultur-institute-nawabshah
PK,Pakistan,Pakistán,67300,Lakha Road,Sindh,05,,,,,27.1323,68.2059,1,lakha-road
PK,Pakistan,Pakistán,67310,Bhiria Road,Sindh,05,,,,,26.8876,68.2806,4,bhiria-road
PK,Pakistan,Pakistán,67314,Lalbani,Sindh,05,,,,,26.8876,68.2806,1,lalbani
PK,Pakistan,Pakistán,67320,Bhiria City,Sindh,05,,,,,27.1323,68.2059,1,bhiria-city
PK,Pakistan,Pakistán,67322,Allah Ditto Bhambhro,Sindh,05,,,,,27.1323,68.2059,1,allah-ditto-bhambhro
PK,Pakistan,Pakistán,67330,Padidan,Sindh,05,,,,,27.1323,68.2059,1,padidan
PK,Pakistan,Pakistán,67340,Padidan Town,Sindh,05,,,,,27.1323,68.2059,1,padidan-town
PK,Pakistan,Pakistán,67350,Kalhora,Sindh,05,,,,,27.5725,68.0645,4,kalhora
PK,Pakistan,Pakistán,67360,Ghargochho,Sindh,05,,,,,27.1323,68.2059,1,ghargochho
PK,Pakistan,Pakistán,67370,Naushero Feroz,Sindh,05,,,,,27.1323,68.2059,1,naushero-feroz
PK,Pakistan,Pakistán,67380,Phul,Sindh,05,,,,,27.6362,68.1169,4,phul
PK,Pakistan,Pakistán,67390,Darya Khan Mari,Sindh,05,,,,,26.6776,68.2867,4,darya-khan-mari
PK,Pakistan,Pakistán,67400,Bandhi,Sindh,05,,,,,26.5876,68.3022,4,bandhi
PK,Pakistan,Pakistán,67410,Daur,Sindh,05,,,,,26.4553,68.3184,4,daur
PK,Pakistan,Pakistán,67420,Haberi,Sindh,05,,,,,26.4667,68.1658,4,haberi
PK,Pakistan,Pakistán,67430,Nusrat 60 Mile Mori,Sindh,05,,,,,26.4672,68.2799,1,nusrat-60-mile-mori
PK,Pakistan,Pakistán,67450,Nawabshah Gpo,Sindh,05,,,,,26.4672,68.2799,1,nawabshah-gpo
PK,Pakistan,Pakistán,67470,Buchari,Sindh,05,,,,,26.3594,68.3334,4,buchari
PK,Pakistan,Pakistán,67480,Mehran University Of Engineering,Sindh,05,,,,,26.4672,68.2799,1,mehran-university-of-engineering
PK,Pakistan,Pakistán,67500,Jam Sahib,Sindh,05,,,,,26.2958,68.6292,4,jam-sahib
PK,Pakistan,Pakistán,67510,Gupchani,Sindh,05,,,,,26.1957,68.5511,4,gupchani
PK,Pakistan,Pakistán,68010,Sarhari,Sindh,05,,,,,26.0981,68.4814,4,sarhari
PK,Pakistan,Pakistán,68020,Lundo,Sindh,05,,,,,26.0271,68.5454,4,lundo
PK,Pakistan,Pakistán,68030,Shahdadpur,Sindh,05,,,,,25.9254,68.6228,4,shahdadpur
PK,Pakistan,Pakistán,68040,Police Training School Shahdadpur,Sindh,05,,,,,25.8859,68.703,1,police-training-school-shahdadpur
PK,Pakistan,Pakistán,68050,Tando Adam,Sindh,05,,,,,25.7682,68.662,4,tando-adam
PK,Pakistan,Pakistán,68060,Berani,Sindh,05,,,,,25.785,68.8075,4,berani
PK,Pakistan,Pakistán,68070,Jam Nawaz Ali,Sindh,05,,,,,25.7838,68.8581,4,jam-nawaz-ali
PK,Pakistan,Pakistán,68080,Nauabad,Sindh,05,,,,,25.8139,68.9439,4,nauabad
PK,Pakistan,Pakistán,68100,Sanghar Gpo,Sindh,05,,,,,26.1262,69.0455,1,sanghar-gpo
PK,Pakistan,Pakistán,68120,Gujri,Sindh,05,,,,,26.1911,68.967,4,gujri
PK,Pakistan,Pakistán,68122,Chak 41,Sindh,05,,,,,26.1911,68.967,1,chak-41
PK,Pakistan,Pakistán,68140,Tando Mitha Khan,Sindh,05,,,,,25.9962,69.2025,4,tando-mitha-khan
PK,Pakistan,Pakistán,68200,Shahpur Chakar,Sindh,05,,,,,26.1541,68.6501,4,shahpur-chakar
PK,Pakistan,Pakistán,68210,Khadro,Sindh,05,,,,,26.1471,68.7178,4,khadro
PK,Pakistan,Pakistán,68214,Deh-22 Jamro,Sindh,05,,,,,26.1471,68.7178,1,deh-22-jamro
PK,Pakistan,Pakistán,68220,Sinjhoro,Sindh,05,,,,,26.0301,68.8087,4,sinjhoro
PK,Pakistan,Pakistán,68230,Jhol,Sindh,05,,,,,25.9553,68.8887,4,jhol
PK,Pakistan,Pakistán,68300,Junejo Model Form Farm,Sindh,05,,,,,25.8051,69.3003,1,junejo-model-form-farm
PK,Pakistan,Pakistán,68310,Kandiari,Sindh,05,,,,,25.7983,69.0702,4,kandiari
PK,Pakistan,Pakistán,68330,Khipro,Sindh,05,,,,,25.8268,69.3753,4,khipro
PK,Pakistan,Pakistán,68340,Tando Waso,Sindh,05,,,,,25.8051,69.3003,1,tando-waso
PK,Pakistan,Pakistán,68350,Hathungo,Sindh,05,,,,,25.7903,69.4556,4,hathungo
PK,Pakistan,Pakistán,69000,Mirpur Khas Gpo,Sindh,05,,,,,25.51,69.7132,1,mirpur-khas-gpo
PK,Pakistan,Pakistán,69012,Muhammad Medical College,Sindh,05,,,,,25.51,69.7132,1,muhammad-medical-college
PK,Pakistan,Pakistán,69020,Satelitte Town Mirpur Khas,Sindh,05,,,,,25.51,69.7132,1,satelitte-town-mirpur-khas
PK,Pakistan,Pakistán,69050,Shadi Pal,Sindh,05,,,,,25.51,69.7132,1,shadi-pal
PK,Pakistan,Pakistán,69060,Pitharo,Sindh,05,,,,,25.51,69.7132,1,pitharo
PK,Pakistan,Pakistán,69070,Dhoro Naro,Sindh,05,,,,,25.5048,69.5709,4,dhoro-naro
PK,Pakistan,Pakistán,69080,Muhammad Salam Palli,Sindh,05,,,,,25.51,69.7132,1,muhammad-salam-palli
PK,Pakistan,Pakistán,69090,Chhor,Sindh,05,,,,,25.5126,69.7844,4,chhor
PK,Pakistan,Pakistán,69094,New Chhor,Sindh,05,,,,,25.5126,69.7844,1,new-chhor
PK,Pakistan,Pakistán,69100,Umar Kot,Sindh,05,,,,,25.2075,69.511,4,umar-kot
PK,Pakistan,Pakistán,69120,Khokrapar,Sindh,05,,,,,25.1658,69.7785,1,khokrapar
PK,Pakistan,Pakistán,69150,Samar Road,Sindh,05,,,,,25.1658,69.7785,1,samar-road
PK,Pakistan,Pakistán,69160,Kunri,Sindh,05,,,,,25.1787,69.5657,4,kunri
PK,Pakistan,Pakistán,69170,Chachro,Sindh,05,,,,,25.1113,70.2587,4,chachro
PK,Pakistan,Pakistán,69200,Nabi Sir Road,Sindh,05,,,,,24.6281,69.9215,1,nabi-sir-road
PK,Pakistan,Pakistán,69210,Talhi,Sindh,05,,,,,24.951,69.5531,4,talhi
PK,Pakistan,Pakistán,69220,Nau Kot,Sindh,05,,,,,24.6281,69.9215,1,nau-kot
PK,Pakistan,Pakistán,69230,Mithi,Sindh,05,,,,,24.737,69.7971,4,mithi
PK,Pakistan,Pakistán,69240,Islam Kot,Sindh,05,,,,,24.6281,69.9215,1,islam-kot
PK,Pakistan,Pakistán,69260,Nagar Parkar,Sindh,05,,,,,24.3573,70.7545,4,nagar-parkar
PK,Pakistan,Pakistán,69280,Diplo,Sindh,05,,,,,24.4669,69.5811,4,diplo
PK,Pakistan,Pakistán,69300,Kot Mirjan Muhammad,Sindh,05,,,,,25.1576,69.2138,1,kot-mirjan-muhammad
PK,Pakistan,Pakistán,69310,Jhudo,Sindh,05,,,,,24.9679,69.2973,4,jhudo
PK,Pakistan,Pakistán,69320,Tando Jan Muhammad,Sindh,05,,,,,25.0724,69.2141,4,tando-jan-muhammad
PK,Pakistan,Pakistán,69330,Digri,Sindh,05,,,,,25.1566,69.111,4,digri
PK,Pakistan,Pakistán,69340,Kot Guhlam Mohammad,Sindh,05,,,,,25.1576,69.2138,1,kot-guhlam-mohammad
PK,Pakistan,Pakistán,69350,Samaro,Sindh,05,,,,,25.2814,69.3962,4,samaro
PK,Pakistan,Pakistán,69370,Mirwah Gorchani,Sindh,05,,,,,25.3098,69.0502,4,mirwah-gorchani
PK,Pakistan,Pakistán,70010,Tando Allahyar,Sindh,05,,,,,25.4605,68.7175,4,tando-allahyar
PK,Pakistan,Pakistán,70012,Rashidabad,Sindh,05,,,,,26.08,68.918,4,rashidabad
PK,Pakistan,Pakistán,70014,Missan Wadi,Sindh,05,,,,,25.7703,68.8177,1,missan-wadi
PK,Pakistan,Pakistán,70020,Mehran Sugar Mills (Tando Allahyar),Sindh,05,,,,,25.5584,68.6683,1,mehran-sugar-mills-tando-allahyar
PK,Pakistan,Pakistán,70030,Goth Shahnawaz,Sindh,05,,,,,25.2582,68.2526,4,goth-shahnawaz
PK,Pakistan,Pakistán,70040,Nasarpur,Sindh,05,,,,,25.5199,68.6176,4,nasarpur
PK,Pakistan,Pakistán,70050,Tando Jam,Sindh,05,,,,,25.4281,68.5292,4,tando-jam
PK,Pakistan,Pakistán,70060,Sindh Agriculture University Tando Jam,Sindh,05,,,,,25.5584,68.6683,1,sindh-agriculture-university-tando-jam
PK,Pakistan,Pakistán,70070,Tando Qaiser,Sindh,05,,,,,25.6569,68.6823,4,tando-qaiser
PK,Pakistan,Pakistán,70080,Chamber,Sindh,05,,,,,25.2936,68.8118,4,chamber
PK,Pakistan,Pakistán,70090,Oderolal R.S.,Sindh,05,,,,,25.5584,68.6683,1,oderolal-r-s
PK,Pakistan,Pakistán,70092,Oderolal Village,Sindh,05,,,,,25.5584,68.6683,1,oderolal-village
PK,Pakistan,Pakistán,70100,Saeedabad,Sindh,05,,,,,24.9256,66.9646,4,saeedabad
PK,Pakistan,Pakistán,70104,Sikandarabad,Sindh,05,,,,,27.1929,69.051,4,sikandarabad
PK,Pakistan,Pakistán,70110,Mansora Hyderabad,Sindh,05,,,,,25.855,68.2943,1,mansora-hyderabad
PK,Pakistan,Pakistán,70120,Hala,Sindh,05,,,,,25.8146,68.422,4,hala
PK,Pakistan,Pakistán,70130,Hala Old,Sindh,05,,,,,25.7942,68.3902,4,hala-old
PK,Pakistan,Pakistán,70140,Bhit Shah,Sindh,05,,,,,25.8056,68.4914,4,bhit-shah
PK,Pakistan,Pakistán,70150,Matiari,Sindh,05,,,,,25.5971,68.4467,4,matiari
PK,Pakistan,Pakistán,70200,Sheikh Bharkio,Sindh,05,,,,,25.2187,68.4807,1,sheikh-bharkio
PK,Pakistan,Pakistán,70210,Husri,Sindh,05,,,,,25.3136,68.4247,4,husri
PK,Pakistan,Pakistán,70220,Tando Mohammad Khan,Sindh,05,,,,,25.1238,68.5368,4,tando-mohammad-khan
PK,Pakistan,Pakistán,71000,Hyderabad Gpo,Sindh,05,,,,,25.181,67.8367,1,hyderabad-gpo
PK,Pakistan,Pakistán,71100,Qasimabad,Sindh,05,,,,,24.9039,67.0586,4,qasimabad
PK,Pakistan,Pakistán,71110,Hyderabad Cantt.,Sindh,05,,,,,24.9039,67.0586,1,hyderabad-cantt
PK,Pakistan,Pakistán,71500,Hyderabad City,Sindh,05,,,,,25.3876,68.3633,4,hyderabad-city
PK,Pakistan,Pakistán,71800,Latifabad,Sindh,05,,,,,25.3549,68.3514,4,latifabad
PK,Pakistan,Pakistán,71850,Sindh Regimental Centre Hyderabad,Sindh,05,,,,,25.3549,68.3514,1,sindh-regimental-centre-hyderabad
PK,Pakistan,Pakistán,71900,Sindh Industrial Trading Estate Hyderabad,Sindh,05,,,,,25.181,67.8367,1,sindh-industrial-trading-estate-hyderabad
PK,Pakistan,Pakistán,72010,Matli,Sindh,05,,,,,25.0429,68.6559,4,matli
PK,Pakistan,Pakistán,72020,Kario Ghanwar,Sindh,05,,,,,24.8082,68.6048,4,kario-ghanwar
PK,Pakistan,Pakistán,72050,Tando Ghulam Ali,Sindh,05,,,,,25.1247,68.8905,4,tando-ghulam-ali
PK,Pakistan,Pakistán,72052,New Dambalo,Sindh,05,,,,,25.1247,68.8905,1,new-dambalo
PK,Pakistan,Pakistán,72060,Badho Kambrani,Sindh,05,,,,,25.0251,68.7604,1,badho-kambrani
PK,Pakistan,Pakistán,72100,Talhar,Sindh,05,,,,,24.8845,68.8144,4,talhar
PK,Pakistan,Pakistán,72110,Rajo Khanani,Sindh,05,,,,,24.9839,68.8537,4,rajo-khanani
PK,Pakistan,Pakistán,72120,Tando Bago,Sindh,05,,,,,24.7891,68.9654,4,tando-bago
PK,Pakistan,Pakistán,72130,Pangrio,Sindh,05,,,,,24.7623,69.1963,4,pangrio
PK,Pakistan,Pakistán,72200,Badin,Sindh,05,,,,,24.656,68.837,4,badin
PK,Pakistan,Pakistán,72210,P.A.F. Badin,Sindh,05,,,,,24.656,68.837,1,p-a-f-badin
PK,Pakistan,Pakistán,72220,Tando Ikram,Sindh,05,,,,,24.656,68.837,1,tando-ikram
PK,Pakistan,Pakistán,72250,Nando Shahar,Sindh,05,,,,,24.656,68.837,1,nando-shahar
PK,Pakistan,Pakistán,72260,Fauji Sugar Mills Khoski,Sindh,05,,,,,24.656,68.837,1,fauji-sugar-mills-khoski
PK,Pakistan,Pakistán,72270,Khadhan,Sindh,05,,,,,24.656,68.837,1,khadhan
PK,Pakistan,Pakistán,73010,Jhok Sharif,Sindh,05,,,,,24.8122,68.3171,4,jhok-sharif
PK,Pakistan,Pakistán,73020,Bulri Shah Karim,Sindh,05,,,,,24.8621,68.3306,4,bulri-shah-karim
PK,Pakistan,Pakistán,73024,Sindh Abadgar Sugar Mills T.M. Khan,Sindh,05,,,,,24.8621,68.3306,1,sindh-abadgar-sugar-mills-t-m-khan
PK,Pakistan,Pakistán,73030,Mirpur Bathoro,Sindh,05,,,,,24.7285,68.2601,4,mirpur-bathoro
PK,Pakistan,Pakistán,73040,Darro,Sindh,05,,,,,24.7177,68.12,1,darro
PK,Pakistan,Pakistán,73050,Sujawal,Sindh,05,,,,,24.6036,68.0776,4,sujawal
PK,Pakistan,Pakistán,73052,Dewan Sugar Mills Thatta,Sindh,05,,,,,24.6036,68.0776,1,dewan-sugar-mills-thatta
PK,Pakistan,Pakistán,73060,Jati,Sindh,05,,,,,24.3549,68.2673,4,jati
PK,Pakistan,Pakistán,73070,Chuhar Jamali,Sindh,05,,,,,24.3944,67.993,4,chuhar-jamali
PK,Pakistan,Pakistán,73080,Ladiun,Sindh,05,,,,,24.323,68.0668,4,ladiun
PK,Pakistan,Pakistán,73090,Nooriabad,Sindh,05,,,,,25.175,67.7995,4,nooriabad
PK,Pakistan,Pakistán,73094,Towler Village Nooriabad,Sindh,05,,,,,25.175,67.7995,1,towler-village-nooriabad
PK,Pakistan,Pakistán,73100,Jhimpir R.S.,Sindh,05,,,,,24.6494,67.8839,1,jhimpir-r-s
PK,Pakistan,Pakistán,73110,Jang Shahi,Sindh,05,,,,,24.6494,67.8839,1,jang-shahi
PK,Pakistan,Pakistán,73120,Kinjhar Lake,Sindh,05,,,,,24.6494,67.8839,1,kinjhar-lake
PK,Pakistan,Pakistán,73130,Thatta,Sindh,05,,,,,24.7474,67.9235,4,thatta
PK,Pakistan,Pakistán,73150,Hashimabad,Sindh,05,,,,,24.6494,67.8839,1,hashimabad
PK,Pakistan,Pakistán,73170,Vur,Sindh,05,,,,,24.5514,67.8443,4,vur
PK,Pakistan,Pakistán,73200,Dhabeji,Sindh,05,,,,,24.6769,67.5995,1,dhabeji
PK,Pakistan,Pakistán,73210,Gharo,Sindh,05,,,,,24.7418,67.5853,4,gharo
PK,Pakistan,Pakistán,73220,Filter Plant Gharo,Sindh,05,,,,,24.6769,67.5995,1,filter-plant-gharo
PK,Pakistan,Pakistán,73240,Mirpur Sakro,Sindh,05,,,,,24.5469,67.628,4,mirpur-sakro
PK,Pakistan,Pakistán,73242,Garho,Sindh,05,,,,,24.7418,67.5853,4,garho
PK,Pakistan,Pakistán,73260,Wapda Residency Colony Lakhra,Sindh,05,,,,,24.6769,67.5995,1,wapda-residency-colony-lakhra
PK,Pakistan,Pakistán,74000,Karachi City Gpo,Sindh,05,,,,,24.8608,67.0104,,karachi-city-gpo
PK,Pakistan,Pakistán,74200,Karachi Gpo,Sindh,05,,,,,24.8608,67.0104,,karachi-gpo
PK,Pakistan,Pakistán,74400,Karachi Saddar Gpo,Sindh,05,,,,,24.8608,67.0104,,karachi-saddar-gpo
PK,Pakistan,Pakistán,74600,Karachi Nazimabad,Sindh,05,,,,,24.8608,67.0104,,karachi-nazimabad
PK,Pakistan,Pakistán,74700,Karachi Alhydri Gpo,Sindh,05,,,,,24.8608,67.0104,,karachi-alhydri-gpo
PK,Pakistan,Pakistán,74800,New Town Gpo,Sindh,05,,,,,24.8608,67.0104,,new-town-gpo
PK,Pakistan,Pakistán,74900,Korangi Gpo,Sindh,05,,,,,24.8608,67.0104,,korangi-gpo
PK,Pakistan,Pakistán,75000,Pak. Steel Mills Karachi,Sindh,05,,,,,24.8764,67.1927,1,pak-steel-mills-karachi
PK,Pakistan,Pakistán,75010,Pak. Steel Mills Township Karachi,Sindh,05,,,,,24.8764,67.1927,1,pak-steel-mills-township-karachi
PK,Pakistan,Pakistán,75020,Port Qasim,Sindh,05,,,,,24.8764,67.1927,1,port-qasim
PK,Pakistan,Pakistán,75030,Pak. Machine Tool Factory Karachi,Sindh,05,,,,,24.8764,67.1927,1,pak-machine-tool-factory-karachi
PK,Pakistan,Pakistán,75040,Murad Memon Goth (Kp-974),Sindh,05,,,,,24.8764,67.1927,1,murad-memon-goth-kp-974
PK,Pakistan,Pakistán,75050,Malir City,Sindh,05,,,,,24.8764,67.1927,4,malir-city
PK,Pakistan,Pakistán,75070,Malir Cantt,Sindh,05,,,,,24.8764,67.1927,1,malir-cantt
PK,Pakistan,Pakistán,75080,Malir Colony,Sindh,05,,,,,24.8764,67.1927,1,malir-colony
PK,Pakistan,Pakistán,75100,Model Colony Korangi,Sindh,05,,,,,24.8343,67.1755,1,model-colony-korangi
PK,Pakistan,Pakistán,75120,Quaidabad,Sindh,05,,,,,24.8582,67.2152,4,quaidabad
PK,Pakistan,Pakistán,75150,Export Processing Zone (Kp-1863),Sindh,05,,,,,24.8343,67.1755,1,export-processing-zone-kp-1863
PK,Pakistan,Pakistán,75160,Landhi Colony,Sindh,05,,,,,24.8342,67.178,4,landhi-colony
PK,Pakistan,Pakistán,75180,Karachi Darul Uloom (Kp-683),Sindh,05,,,,,24.8343,67.1755,1,karachi-darul-uloom-kp-683
PK,Pakistan,Pakistán,75190,Korangi Creek,Sindh,05,,,,,24.8104,67.1333,4,korangi-creek
PK,Pakistan,Pakistán,75200,Karachi Airport,Sindh,05,,,,,24.9224,67.134,1,karachi-airport
PK,Pakistan,Pakistán,75210,Rafa-E-Aam Society Karachi,Sindh,05,,,,,24.9224,67.134,1,rafa-e-aam-society-karachi
PK,Pakistan,Pakistán,75230,Drigh Colony,Sindh,05,,,,,24.882,67.1486,4,drigh-colony
PK,Pakistan,Pakistán,75260,Karachi Gulshan-E-Jamal,Sindh,05,,,,,24.9224,67.134,1,karachi-gulshan-e-jamal
PK,Pakistan,Pakistán,75270,Karachi University,Sindh,05,,,,,24.9628,67.1194,4,karachi-university
PK,Pakistan,Pakistán,75280,Karachi Mosamiat Chowrangi,Sindh,05,,,,,24.9224,67.134,1,karachi-mosamiat-chowrangi
PK,Pakistan,Pakistán,75290,Karachi Gulistan-E-Jouhar (Kp-2023),Sindh,05,,,,,24.9224,67.134,1,karachi-gulistan-e-jouhar-kp-2023
PK,Pakistan,Pakistán,75300,Karachi Gulshan-E-Iqbal,Sindh,05,,,,,24.917,67.0875,4,karachi-gulshan-e-iqbal
PK,Pakistan,Pakistán,75330,Karachi Gulzar-E-Hijri,Sindh,05,,,,,24.9576,67.1219,1,karachi-gulzar-e-hijri
PK,Pakistan,Pakistán,75340,Karachi New Sabzi Mandi,Sindh,05,,,,,24.9982,67.1563,4,karachi-new-sabzi-mandi
PK,Pakistan,Pakistán,75350,Karachi Shahra-E-Faisal,Sindh,05,,,,,24.9576,67.1219,1,karachi-shahra-e-faisal
PK,Pakistan,Pakistán,75400,Karachi P.E.C.H.S Bi-2,Sindh,05,,,,,34.1986,72.0941,1,karachi-p-e-c-h-s-bi-2
PK,Pakistan,Pakistán,75460,Mehmoodabad,Sindh,05,,,,,34.1986,72.0941,4,mehmoodabad
PK,Pakistan,Pakistán,75500,Karachi Defence Housing Society,Sindh,05,,,,,25.33,67.3383,1,karachi-defence-housing-society
PK,Pakistan,Pakistán,75510,Karachi J.P.M.C,Sindh,05,,,,,25.33,67.3383,1,karachi-j-p-m-c
PK,Pakistan,Pakistán,75520,Karachi Hotel Metropole,Sindh,05,,,,,25.33,67.3383,1,karachi-hotel-metropole
PK,Pakistan,Pakistán,75530,Karachi Cantt.,Sindh,05,,,,,25.33,67.3383,1,karachi-cantt
PK,Pakistan,Pakistán,75550,Karachi Nishtar Road,Sindh,05,,,,,25.33,67.3383,1,karachi-nishtar-road
PK,Pakistan,Pakistán,75580,Karachi Governor House,Sindh,05,,,,,25.33,67.3383,1,karachi-governor-house
PK,Pakistan,Pakistán,75600,Karachi Clifton,Sindh,05,,,,,24.7961,66.9746,1,karachi-clifton
PK,Pakistan,Pakistán,75620,Kemari,Sindh,05,,,,,24.7961,66.9746,1,kemari
PK,Pakistan,Pakistán,75640,Manora,Sindh,05,,,,,24.7961,66.9746,4,manora
PK,Pakistan,Pakistán,75650,Karachi Habib Bank,Sindh,05,,,,,24.7961,66.9746,1,karachi-habib-bank
PK,Pakistan,Pakistán,75660,Karachi Lyari,Sindh,05,,,,,24.7961,66.9746,1,karachi-lyari
PK,Pakistan,Pakistán,75700,Karachi I.T.E,Sindh,05,,,,,24.8847,66.9955,1,karachi-i-t-e
PK,Pakistan,Pakistán,75730,Karachi Sher Shah Colony,Sindh,05,,,,,24.8847,66.9955,4,karachi-sher-shah-colony
PK,Pakistan,Pakistán,75750,Karachi Mauripur Af,Sindh,05,,,,,24.8847,66.9955,1,karachi-mauripur-af
PK,Pakistan,Pakistán,75760,Karachi Baldia Town,Sindh,05,,,,,24.8847,66.9955,1,karachi-baldia-town
PK,Pakistan,Pakistán,75780,Karachi Mauripur Ce,Sindh,05,,,,,24.8847,66.9955,1,karachi-mauripur-ce
PK,Pakistan,Pakistán,75790,Karachi P.N.A.D.,Sindh,05,,,,,24.8847,66.9955,1,karachi-p-n-a-d
PK,Pakistan,Pakistán,75800,Orangi Town,Sindh,05,,,,,24.955,66.9949,4,orangi-town
PK,Pakistan,Pakistán,75840,Karachi Metroville,Sindh,05,,,,,24.9671,67.0385,1,karachi-metroville
PK,Pakistan,Pakistán,75850,New Karachi,Sindh,05,,,,,24.9791,67.0821,4,new-karachi
PK,Pakistan,Pakistán,75890,Karachi Manghopir,Sindh,05,,,,,24.9671,67.0385,1,karachi-manghopir
PK,Pakistan,Pakistán,75900,Karachi Liaqatabad,Sindh,05,,,,,25.33,67.3383,1,karachi-liaqatabad
PK,Pakistan,Pakistán,75950,Karachi Federal B Area,Sindh,05,,,,,25.33,67.3383,1,karachi-federal-b-area
PK,Pakistan,Pakistán,75990,Karachi Board Of Secondary Education,Sindh,05,,,,,25.33,67.3383,1,karachi-board-of-secondary-education
PK,Pakistan,Pakistán,76000,Kotri,Sindh,05,,,,,25.3657,68.3083,4,kotri
PK,Pakistan,Pakistán,76010,Site Kotri,Sindh,05,,,,,25.4287,68.2772,1,site-kotri
PK,Pakistan,Pakistán,76030,Telegraph Workshop Kotri,Sindh,05,,,,,25.4287,68.2772,1,telegraph-workshop-kotri
PK,Pakistan,Pakistán,76040,Behar Colony Kotri,Sindh,05,,,,,25.4287,68.2772,1,behar-colony-kotri
PK,Pakistan,Pakistán,76050,Thana Bula Khan,Sindh,05,,,,,25.4287,68.2772,1,thana-bula-khan
PK,Pakistan,Pakistán,76060,Railway Crossing Jamshoro,Sindh,05,,,,,25.4608,68.2682,1,railway-crossing-jamshoro
PK,Pakistan,Pakistán,76064,Thermal Power Station,Sindh,05,,,,,25.4608,68.2682,4,thermal-power-station
PK,Pakistan,Pakistán,76080,University New Campus Jamshoro,Sindh,05,,,,,25.4287,68.2772,1,university-new-campus-jamshoro
PK,Pakistan,Pakistán,76090,Liaqat Medical College (Jamshoro),Sindh,05,,,,,25.4277,68.2642,4,liaqat-medical-college-jamshoro
PK,Pakistan,Pakistán,76120,Petaro Cadet College,Sindh,05,,,,,26.4007,67.8336,1,petaro-cadet-college
PK,Pakistan,Pakistán,76122,Pattaro Cantt.,Sindh,05,,,,,26.4007,67.8336,1,pattaro-cantt
PK,Pakistan,Pakistán,76130,Sann,Sindh,05,,,,,26.0403,68.1376,4,sann
PK,Pakistan,Pakistán,76140,Sehwan,Sindh,05,,,,,26.4249,67.8613,4,sehwan
PK,Pakistan,Pakistán,76150,Bubak,Sindh,05,,,,,26.4454,67.7213,4,bubak
PK,Pakistan,Pakistán,76170,Bhan Saeedabad,Sindh,05,,,,,26.4007,67.8336,1,bhan-saeedabad
PK,Pakistan,Pakistán,76172,Panjmoro,Sindh,05,,,,,26.4007,67.8336,1,panjmoro
PK,Pakistan,Pakistán,76190,Johi,Sindh,05,,,,,26.6923,67.6143,4,johi
PK,Pakistan,Pakistán,76200,Dadu Gpo,Sindh,05,,,,,27.0175,67.7945,1,dadu-gpo
PK,Pakistan,Pakistán,76220,Phulji,Sindh,05,,,,,26.8629,67.7883,4,phulji
PK,Pakistan,Pakistán,76230,Dadu Sugar Mill (Piaro Goth),Sindh,05,,,,,27.0175,67.7945,1,dadu-sugar-mill-piaro-goth
PK,Pakistan,Pakistán,76250,Sita,Sindh,05,,,,,27.0258,67.9199,4,sita
PK,Pakistan,Pakistán,76260,Khairpur Nathan Shah,Sindh,05,,,,,27.0906,67.7349,4,khairpur-nathan-shah
PK,Pakistan,Pakistán,76264,Khanpur Junejo,Sindh,05,,,,,27.0906,67.7349,1,khanpur-junejo
PK,Pakistan,Pakistán,76310,Radhan,Sindh,05,,,,,26.5486,67.7905,4,radhan
PK,Pakistan,Pakistán,76330,Mehar,Sindh,05,,,,,27.1803,67.8205,4,mehar
PK,Pakistan,Pakistán,76340,Khuda Ki Basti,Sindh,05,,,,,25.7469,68.6613,4,khuda-ki-basti
PK,Pakistan,Pakistán,76350,Fareedabad,Sindh,05,,,,,26.4919,68.0908,1,fareedabad
PK,Pakistan,Pakistán,77010,Badah,Sindh,05,,,,,27.3342,68.0157,4,badah
PK,Pakistan,Pakistán,77020,Nasirabad Larkana,Sindh,05,,,,,27.5375,68.1819,4,nasirabad-larkana
PK,Pakistan,Pakistán,77030,Gaji Khuhawar,Sindh,05,,,,,27.4136,68.0377,1,gaji-khuhawar
PK,Pakistan,Pakistán,77040,Warah,Sindh,05,,,,,27.448,67.7965,4,warah
PK,Pakistan,Pakistán,77060,Dokri,Sindh,05,,,,,27.3742,68.0971,4,dokri
PK,Pakistan,Pakistán,77062,"Cadit College, Larkana",Sindh,05,,,,,27.3742,68.0971,1,cadit-college-larkana
PK,Pakistan,Pakistán,77070,Moenjodara,Sindh,05,,,,,27.4136,68.0377,1,moenjodara
PK,Pakistan,Pakistán,77100,Hayder Jatoi,Sindh,05,,,,,27.4352,68.0757,1,hayder-jatoi
PK,Pakistan,Pakistán,77110,Bakrani Village,Sindh,05,,,,,27.4352,68.0757,1,bakrani-village
PK,Pakistan,Pakistán,77120,Garelo,Sindh,05,,,,,27.4352,68.0757,4,garelo
PK,Pakistan,Pakistán,77150,Larkana Gpo,Sindh,05,,,,,27.4352,68.0757,1,larkana-gpo
PK,Pakistan,Pakistán,77170,Chandka Medical College Larkana,Sindh,05,,,,,27.4352,68.0757,1,chandka-medical-college-larkana
PK,Pakistan,Pakistán,77200,Bero Chandio,Sindh,05,,,,,27.5789,68.1173,4,bero-chandio
PK,Pakistan,Pakistán,77210,Kambar,Sindh,05,,,,,27.5875,68.0007,4,kambar
PK,Pakistan,Pakistán,77212,Gather,Sindh,05,,,,,27.6448,67.9062,1,gather
PK,Pakistan,Pakistán,77214,Miran Machi,Sindh,05,,,,,27.7021,67.8117,4,miran-machi
PK,Pakistan,Pakistán,77220,Ber,Sindh,05,,,,,27.5591,67.9361,4,ber
PK,Pakistan,Pakistán,77230,Waggan,Sindh,05,,,,,27.5902,67.987,1,waggan
PK,Pakistan,Pakistán,77240,Khairpur Joso,Sindh,05,,,,,27.5902,67.987,1,khairpur-joso
PK,Pakistan,Pakistán,77250,Lalu Raunk,Sindh,05,,,,,27.5007,67.9064,4,lalu-raunk
PK,Pakistan,Pakistán,77260,Bahram,Sindh,05,,,,,27.5902,67.987,1,bahram
PK,Pakistan,Pakistán,77270,Miro Kahn,Sindh,05,,,,,27.5902,67.987,1,miro-kahn
PK,Pakistan,Pakistán,77280,Arzi Bhutto,Sindh,05,,,,,27.5583,68.2306,4,arzi-bhutto
PK,Pakistan,Pakistán,77300,Shahdad Kot,Sindh,05,,,,,27.8473,67.9068,4,shahdad-kot
PK,Pakistan,Pakistán,77310,Qubo Saeed Khan,Sindh,05,,,,,27.7666,68.1013,1,qubo-saeed-khan
PK,Pakistan,Pakistán,77320,Chak Yani,Sindh,05,,,,,27.7666,68.1013,1,chak-yani
PK,Pakistan,Pakistán,77340,Ghari Khuda Bux Bhutto,Sindh,05,,,,,27.7666,68.1013,1,ghari-khuda-bux-bhutto
PK,Pakistan,Pakistán,77360,Naodero,Sindh,05,,,,,27.7666,68.1013,1,naodero
PK,Pakistan,Pakistán,77370,Pir Bux Bhutto,Sindh,05,,,,,27.7582,68.3342,4,pir-bux-bhutto
PK,Pakistan,Pakistán,77380,Rato Dera,Sindh,05,,,,,27.7666,68.1013,1,rato-dera
PK,Pakistan,Pakistán,77390,Lashari,Sindh,05,,,,,27.6944,68.0628,4,lashari
PK,Pakistan,Pakistán,77400,Bangul Dero,Sindh,05,,,,,24.9565,69.077,1,bangul-dero
PK,Pakistan,Pakistán,77410,Mena,Sindh,05,,,,,24.9565,69.077,4,mena
PK,Pakistan,Pakistán,78030,Madiji,Sindh,05,,,,,27.9354,68.9876,1,madiji
PK,Pakistan,Pakistán,78040,Dakhan,Sindh,05,,,,,27.9833,68.65,4,dakhan
PK,Pakistan,Pakistán,78050,Chak,Sindh,05,,,,,27.8584,68.8338,4,chak
PK,Pakistan,Pakistán,78060,Lakhi Ghulam Shah,Sindh,05,,,,,27.95,69.2333,1,lakhi-ghulam-shah
PK,Pakistan,Pakistán,78064,Ruk,Sindh,05,,,,,27.95,69.2333,4,ruk
PK,Pakistan,Pakistán,78100,Shikarpur Gpo,Sindh,05,,,,,27.9063,68.5121,1,shikarpur-gpo
PK,Pakistan,Pakistán,78150,Gari Yasin,Sindh,05,,,,,27.9063,68.5121,4,gari-yasin
PK,Pakistan,Pakistán,78200,Khan Pur (Shikarpur),Sindh,05,,,,,28.0715,68.5943,1,khan-pur-shikarpur
PK,Pakistan,Pakistán,78220,Karam Pur,Sindh,05,,,,,28.0715,68.5943,1,karam-pur
PK,Pakistan,Pakistán,78250,Sultan Kot,Sindh,05,,,,,28.0715,68.5943,4,sultan-kot
PK,Pakistan,Pakistán,79000,Jacobabad Gpo,Sindh,05,,,,,27.6968,67.8176,1,jacobabad-gpo
PK,Pakistan,Pakistán,79010,Paf Base Shahbaz,Sindh,05,,,,,27.6968,67.8176,1,paf-base-shahbaz
PK,Pakistan,Pakistán,79050,Garhi Khairo,Sindh,05,,,,,27.6968,67.8176,4,garhi-khairo
PK,Pakistan,Pakistán,79100,Thul,Sindh,05,,,,,28.2333,69.4833,4,thul
PK,Pakistan,Pakistán,79120,Mirpur Buriro,Sindh,05,,,,,28.2699,69.0783,1,mirpur-buriro
PK,Pakistan,Pakistán,79130,Ghulam Khan Dhani,Sindh,05,,,,,28.2699,69.0783,1,ghulam-khan-dhani
PK,Pakistan,Pakistán,79150,Tangwani,Sindh,05,,,,,28.2789,68.9976,4,tangwani
PK,Pakistan,Pakistán,79160,Kandhkot,Sindh,05,,,,,28.2457,69.1797,4,kandhkot
PK,Pakistan,Pakistán,79180,Ghous Pur,Sindh,05,,,,,28.2546,67.9628,4,ghous-pur
PK,Pakistan,Pakistán,79190,Buxapur,Sindh,05,,,,,28.3033,69.4232,1,buxapur
PK,Pakistan,Pakistán,79192,Badani,Sindh,05,,,,,28.3033,69.4232,4,badani
PK,Pakistan,Pakistán,79200,Kashmore,Sindh,05,,,,,28.1136,68.7345,1,kashmore
PK,Pakistan,Pakistán,79210,Kashmor Colony,Sindh,05,,,,,28.1136,68.7345,1,kashmor-colony
PK,Pakistan,Pakistán,79212,Ammunition Depot Kashmore,Sindh,05,,,,,28.1136,68.7345,1,ammunition-depot-kashmore
PK,Pakistan,Pakistán,79220,Giddu Barrage,Sindh,05,,,,,28.1136,68.7345,1,giddu-barrage
PK,Pakistan,Pakistán,10010,Watala,Azad Jammu and Kashmir,06,,,,,32.9023,74.2962,4,watala
PK,Pakistan,Pakistán,10012,Moil,Azad Jammu and Kashmir,06,,,,,32.8403,74.3485,4,moil
PK,Pakistan,Pakistán,10020,Barnala,Azad Jammu and Kashmir,06,,,,,32.8707,74.2466,4,barnala
PK,Pakistan,Pakistán,10030,Bharing,Azad Jammu and Kashmir,06,,,,,33.0778,74.1371,1,bharing
PK,Pakistan,Pakistán,10034,Kadhala,Azad Jammu and Kashmir,06,,,,,33.0778,74.1371,1,kadhala
PK,Pakistan,Pakistán,10036,Pitho Rani,Azad Jammu and Kashmir,06,,,,,33.0778,74.1371,1,pitho-rani
PK,Pakistan,Pakistán,10038,Dhandar Kalan,Azad Jammu and Kashmir,06,,,,,33.0778,74.1371,1,dhandar-kalan
PK,Pakistan,Pakistán,10040,Bhimber Gpo,Azad Jammu and Kashmir,06,,,,,32.9593,74.0431,1,bhimber-gpo
PK,Pakistan,Pakistán,10042,Dheri Wattan,Azad Jammu and Kashmir,06,,,,,32.992,73.9918,4,dheri-wattan
PK,Pakistan,Pakistán,10044,Barsali,Azad Jammu and Kashmir,06,,,,,32.9267,74.0944,4,barsali
PK,Pakistan,Pakistán,10050,Bangla Sadabad,Azad Jammu and Kashmir,06,,,,,33.0778,74.1371,1,bangla-sadabad
PK,Pakistan,Pakistán,10060,Saminani,Azad Jammu and Kashmir,06,,,,,33.0778,74.1371,1,saminani
PK,Pakistan,Pakistán,10070,Barjah,Azad Jammu and Kashmir,06,,,,,33.1617,73.9956,4,barjah
PK,Pakistan,Pakistán,10080,Chowki,Azad Jammu and Kashmir,06,,,,,33.9214,74.1728,4,chowki
PK,Pakistan,Pakistán,10090,Bindi,Azad Jammu and Kashmir,06,,,,,33.1256,74.0447,4,bindi
PK,Pakistan,Pakistán,10100,Poona,Azad Jammu and Kashmir,06,,,,,33.357,73.9411,1,poona
PK,Pakistan,Pakistán,10200,Mangla Dam,Azad Jammu and Kashmir,06,,,,,33.357,73.9411,1,mangla-dam
PK,Pakistan,Pakistán,10210,Bong Colony,Azad Jammu and Kashmir,06,,,,,33.357,73.9411,1,bong-colony
PK,Pakistan,Pakistán,10230,Chitter Pari,Azad Jammu and Kashmir,06,,,,,33.357,73.9411,1,chitter-pari
PK,Pakistan,Pakistán,10232,Jari Kass,Azad Jammu and Kashmir,06,,,,,33.357,73.9411,1,jari-kass
PK,Pakistan,Pakistán,10240,Ajk Board Of Education Mirpur,Azad Jammu and Kashmir,06,,,,,33.357,73.9411,1,ajk-board-of-education-mirpur
PK,Pakistan,Pakistán,10250,Mirpur Gpo,Azad Jammu and Kashmir,06,,,,,33.357,73.9411,1,mirpur-gpo
PK,Pakistan,Pakistán,10300,Siakh,Azad Jammu and Kashmir,06,,,,,33.2609,73.6723,4,siakh
PK,Pakistan,Pakistán,10310,Khadimabad,Azad Jammu and Kashmir,06,,,,,33.3068,73.636,4,khadimabad
PK,Pakistan,Pakistán,10320,Chhattroh,Azad Jammu and Kashmir,06,,,,,33.2956,73.7638,1,chhattroh
PK,Pakistan,Pakistán,10350,Chechian,Azad Jammu and Kashmir,06,,,,,33.2155,73.7435,4,chechian
PK,Pakistan,Pakistán,10360,Afzal Pur,Azad Jammu and Kashmir,06,,,,,33.2956,73.7638,1,afzal-pur
PK,Pakistan,Pakistán,10370,Banni,Azad Jammu and Kashmir,06,,,,,33.8582,73.7319,4,banni
PK,Pakistan,Pakistán,10380,Jatli (Ak),Azad Jammu and Kashmir,06,,,,,33.0661,73.8995,1,jatli-ak
PK,Pakistan,Pakistán,10382,Kalri,Azad Jammu and Kashmir,06,,,,,33.0661,73.8995,4,kalri
PK,Pakistan,Pakistán,10390,Tariq Abad (Mirpur),Azad Jammu and Kashmir,06,,,,,33.2956,73.7638,1,tariq-abad-mirpur
PK,Pakistan,Pakistán,10400,Panjeri,Azad Jammu and Kashmir,06,,,,,33.0229,73.9154,4,panjeri
PK,Pakistan,Pakistán,10404,Chhani Reki,Azad Jammu and Kashmir,06,,,,,33.0229,73.9154,1,chhani-reki
PK,Pakistan,Pakistán,10450,Potha Bainsi,Azad Jammu and Kashmir,06,,,,,33.1336,73.8532,4,potha-bainsi
PK,Pakistan,Pakistán,10460,Dhamawa,Azad Jammu and Kashmir,06,,,,,33.0899,73.8901,1,dhamawa
PK,Pakistan,Pakistán,10470,Akal Garh,Azad Jammu and Kashmir,06,,,,,33.0899,73.8901,1,akal-garh
PK,Pakistan,Pakistán,10480,Jatti Dheri,Azad Jammu and Kashmir,06,,,,,33.1804,73.8767,4,jatti-dheri
PK,Pakistan,Pakistán,10490,Boha Dhangri,Azad Jammu and Kashmir,06,,,,,33.0899,73.8901,1,boha-dhangri
PK,Pakistan,Pakistán,10500,Chak Sawari,Azad Jammu and Kashmir,06,,,,,34.1831,73.8176,1,chak-sawari
PK,Pakistan,Pakistán,10510,Pind Kalan,Azad Jammu and Kashmir,06,,,,,33.276,73.7616,4,pind-kalan
PK,Pakistan,Pakistán,10520,Palak,Azad Jammu and Kashmir,06,,,,,33.3289,73.7667,4,palak
PK,Pakistan,Pakistán,10530,Dadyal Khurd,Azad Jammu and Kashmir,06,,,,,34.7457,73.633,1,dadyal-khurd
PK,Pakistan,Pakistán,10534,Behari,Azad Jammu and Kashmir,06,,,,,34.7457,73.633,4,behari
PK,Pakistan,Pakistán,10540,Ratta,Azad Jammu and Kashmir,06,,,,,34.768,74.2806,4,ratta
PK,Pakistan,Pakistán,10544,Thara,Azad Jammu and Kashmir,06,,,,,34.2343,73.8304,4,thara
PK,Pakistan,Pakistán,10550,Katha Dilawar Khan,Azad Jammu and Kashmir,06,,,,,34.1831,73.8176,1,katha-dilawar-khan
PK,Pakistan,Pakistán,11010,Sehnsa,Azad Jammu and Kashmir,06,,,,,33.5137,73.7548,4,sehnsa
PK,Pakistan,Pakistán,11014,Potha,Azad Jammu and Kashmir,06,,,,,33.5333,73.6957,4,potha
PK,Pakistan,Pakistán,11020,Seher Mandi,Azad Jammu and Kashmir,06,,,,,33.4442,73.809,1,seher-mandi
PK,Pakistan,Pakistán,11030,Gulpur,Azad Jammu and Kashmir,06,,,,,33.4355,73.8565,4,gulpur
PK,Pakistan,Pakistán,11032,Baratla,Azad Jammu and Kashmir,06,,,,,33.3441,73.9084,4,baratla
PK,Pakistan,Pakistán,11040,Nar,Azad Jammu and Kashmir,06,,,,,33.3947,73.8297,4,nar
PK,Pakistan,Pakistán,11100,Kotli Gpo (Ak),Azad Jammu and Kashmir,06,,,,,33.5654,73.9375,1,kotli-gpo-ak
PK,Pakistan,Pakistán,11110,Sarsawa,Azad Jammu and Kashmir,06,,,,,33.563,73.848,4,sarsawa
PK,Pakistan,Pakistán,11120,Panjera,Azad Jammu and Kashmir,06,,,,,33.5747,73.8269,4,panjera
PK,Pakistan,Pakistán,11150,Gunni Malni,Azad Jammu and Kashmir,06,,,,,33.5654,73.9375,1,gunni-malni
PK,Pakistan,Pakistán,11160,Tatta Pani,Azad Jammu and Kashmir,06,,,,,33.6077,73.9499,4,tatta-pani
PK,Pakistan,Pakistán,11170,Nakial,Azad Jammu and Kashmir,06,,,,,33.5654,73.9375,1,nakial
PK,Pakistan,Pakistán,11180,Mohra Sharif Kotli,Azad Jammu and Kashmir,06,,,,,33.5162,74.1254,4,mohra-sharif-kotli
PK,Pakistan,Pakistán,11190,Chowki Mong,Azad Jammu and Kashmir,06,,,,,33.5654,73.9375,1,chowki-mong
PK,Pakistan,Pakistán,11200,Khui Ratta (A.K),Azad Jammu and Kashmir,06,,,,,33.3213,73.9276,1,khui-ratta-a-k
PK,Pakistan,Pakistán,11202,Anderla Kotehra,Azad Jammu and Kashmir,06,,,,,33.3213,73.9276,1,anderla-kotehra
PK,Pakistan,Pakistán,11210,Seri,Azad Jammu and Kashmir,06,,,,,33.4248,73.9203,4,seri
PK,Pakistan,Pakistán,11220,B Al Brahmana,Azad Jammu and Kashmir,06,,,,,33.3213,73.9276,1,b-al-brahmana
PK,Pakistan,Pakistán,11250,Charhoi,Azad Jammu and Kashmir,06,,,,,33.3018,73.9548,4,charhoi
PK,Pakistan,Pakistán,11260,Kala Dab,Azad Jammu and Kashmir,06,,,,,33.2374,73.9078,4,kala-dab
PK,Pakistan,Pakistán,12000,Azad Pattan,Azad Jammu and Kashmir,06,,,,,33.5465,73.78,1,azad-pattan
PK,Pakistan,Pakistán,12010,Palandri Gpo,Azad Jammu and Kashmir,06,,,,,33.6167,73.7757,1,palandri-gpo
PK,Pakistan,Pakistán,12014,Tahlian,Azad Jammu and Kashmir,06,,,,,33.6167,73.7757,4,tahlian
PK,Pakistan,Pakistán,12030,Baral,Azad Jammu and Kashmir,06,,,,,33.6443,73.6889,4,baral
PK,Pakistan,Pakistán,12034,Panthal,Azad Jammu and Kashmir,06,,,,,33.6138,73.7275,4,panthal
PK,Pakistan,Pakistán,12040,Chachan,Azad Jammu and Kashmir,06,,,,,32.9709,73.9771,4,chachan
PK,Pakistan,Pakistán,12060,Dewan Sharif Gorah,Azad Jammu and Kashmir,06,,,,,33.5465,73.78,1,dewan-sharif-gorah
PK,Pakistan,Pakistán,12070,Nalian,Azad Jammu and Kashmir,06,,,,,33.6824,73.7513,4,nalian
PK,Pakistan,Pakistán,12080,Tarar Khel,Azad Jammu and Kashmir,06,,,,,33.6811,73.7639,4,tarar-khel
PK,Pakistan,Pakistán,12090,Qillan,Azad Jammu and Kashmir,06,,,,,33.5465,73.78,1,qillan
PK,Pakistan,Pakistán,12100,Baithak Bazar,Azad Jammu and Kashmir,06,,,,,33.6955,73.9189,1,baithak-bazar
PK,Pakistan,Pakistán,12110,Rahimabad,Azad Jammu and Kashmir,06,,,,,33.6955,73.9189,1,rahimabad
PK,Pakistan,Pakistán,12120,Baloch,Azad Jammu and Kashmir,06,,,,,33.6455,73.8158,4,baloch
PK,Pakistan,Pakistán,12130,Pakhonar,Azad Jammu and Kashmir,06,,,,,33.6955,73.9189,1,pakhonar
PK,Pakistan,Pakistán,12150,Gala Kaniyata,Azad Jammu and Kashmir,06,,,,,33.6955,73.9189,1,gala-kaniyata
PK,Pakistan,Pakistán,12160,Hajeera,Azad Jammu and Kashmir,06,,,,,33.6955,73.9189,1,hajeera
PK,Pakistan,Pakistán,12164,Dawarandi,Azad Jammu and Kashmir,06,,,,,33.6955,73.9189,1,dawarandi
PK,Pakistan,Pakistán,12170,Maindla,Azad Jammu and Kashmir,06,,,,,33.7303,73.9545,4,maindla
PK,Pakistan,Pakistán,12174,Sehira,Azad Jammu and Kashmir,06,,,,,33.7303,73.9545,1,sehira
PK,Pakistan,Pakistán,12180,Mandhole,Azad Jammu and Kashmir,06,,,,,33.676,73.9507,4,mandhole
PK,Pakistan,Pakistán,12200,Abbas Pur,Azad Jammu and Kashmir,06,,,,,32.1502,73.4257,1,abbas-pur
PK,Pakistan,Pakistán,12220,Khurshidabad,Azad Jammu and Kashmir,06,,,,,30.6475,72.3449,4,khurshidabad
PK,Pakistan,Pakistán,12250,Khaigala,Azad Jammu and Kashmir,06,,,,,33.8569,73.8431,1,khaigala
PK,Pakistan,Pakistán,12252,Ali Sojal,Azad Jammu and Kashmir,06,,,,,33.8569,73.8431,4,ali-sojal
PK,Pakistan,Pakistán,12260,Chotta Gala,Azad Jammu and Kashmir,06,,,,,32.1502,73.4257,1,chotta-gala
PK,Pakistan,Pakistán,12262,Banjosa,Azad Jammu and Kashmir,06,,,,,32.1502,73.4257,1,banjosa
PK,Pakistan,Pakistán,12270,Hussain Kot,Azad Jammu and Kashmir,06,,,,,30.2393,73.6717,4,hussain-kot
PK,Pakistan,Pakistán,12300,Mang,Azad Jammu and Kashmir,06,,,,,33.7987,73.6324,4,mang
PK,Pakistan,Pakistán,12304,Nawab Jessi Khan,Azad Jammu and Kashmir,06,,,,,33.7987,73.6324,1,nawab-jessi-khan
PK,Pakistan,Pakistán,12310,Thorar,Azad Jammu and Kashmir,06,,,,,33.8474,73.6398,4,thorar
PK,Pakistan,Pakistán,12320,Rahara,Azad Jammu and Kashmir,06,,,,,33.8329,73.6781,1,rahara
PK,Pakistan,Pakistán,12330,Lunjgran,Azad Jammu and Kashmir,06,,,,,33.8314,73.6977,4,lunjgran
PK,Pakistan,Pakistán,12340,Soon Topa,Azad Jammu and Kashmir,06,,,,,33.8329,73.6781,1,soon-topa
PK,Pakistan,Pakistán,12350,Rawalkot Gpo,Azad Jammu and Kashmir,06,,,,,33.8329,73.6781,1,rawalkot-gpo
PK,Pakistan,Pakistán,12380,Chak Dhamni,Azad Jammu and Kashmir,06,,,,,33.8329,73.6781,1,chak-dhamni
PK,Pakistan,Pakistán,12390,Sanghola,Azad Jammu and Kashmir,06,,,,,33.8881,73.7883,4,sanghola
PK,Pakistan,Pakistán,12400,Mohri Farman Shah,Azad Jammu and Kashmir,06,,,,,33.9132,73.7273,4,mohri-farman-shah
PK,Pakistan,Pakistán,12410,Hurnamaira,Azad Jammu and Kashmir,06,,,,,33.877,73.7021,4,hurnamaira
PK,Pakistan,Pakistán,12420,Paniola,Azad Jammu and Kashmir,06,,,,,33.9208,73.688,4,paniola
PK,Pakistan,Pakistán,12430,Pachiot,Azad Jammu and Kashmir,06,,,,,33.8342,73.7801,1,pachiot
PK,Pakistan,Pakistán,12440,Datoot,Azad Jammu and Kashmir,06,,,,,33.4844,74.1275,4,datoot
PK,Pakistan,Pakistán,12460,Arja,Azad Jammu and Kashmir,06,,,,,33.9759,73.6554,4,arja
PK,Pakistan,Pakistán,12470,Mong Bajri,Azad Jammu and Kashmir,06,,,,,33.8342,73.7801,1,mong-bajri
PK,Pakistan,Pakistán,12480,Harighel,Azad Jammu and Kashmir,06,,,,,33.8342,73.7801,1,harighel
PK,Pakistan,Pakistán,12500,Bagh Gpo,Azad Jammu and Kashmir,06,,,,,33.8948,73.0032,1,bagh-gpo
PK,Pakistan,Pakistán,12502,Mallote,Azad Jammu and Kashmir,06,,,,,33.8948,73.0032,1,mallote
PK,Pakistan,Pakistán,12504,Upper Suddan Gali,Azad Jammu and Kashmir,06,,,,,33.8948,73.0032,1,upper-suddan-gali
PK,Pakistan,Pakistán,12508,Plangi,Azad Jammu and Kashmir,06,,,,,33.8948,73.0032,1,plangi
PK,Pakistan,Pakistán,12510,Birpani,Azad Jammu and Kashmir,06,,,,,34.0518,73.7523,4,birpani
PK,Pakistan,Pakistán,12520,Kharal Abbasian,Azad Jammu and Kashmir,06,,,,,33.9871,73.8432,4,kharal-abbasian
PK,Pakistan,Pakistán,12550,Reera Bazar,Azad Jammu and Kashmir,06,,,,,33.8948,73.0032,1,reera-bazar
PK,Pakistan,Pakistán,12560,Barikot,Azad Jammu and Kashmir,06,,,,,34.6777,72.223,4,barikot
PK,Pakistan,Pakistán,12570,Dhulli,Azad Jammu and Kashmir,06,,,,,32.8627,72.1943,4,dhulli
PK,Pakistan,Pakistán,12600,Dhirkot,Azad Jammu and Kashmir,06,,,,,34.0392,73.5769,4,dhirkot
PK,Pakistan,Pakistán,12610,Rangla,Azad Jammu and Kashmir,06,,,,,32.0613,74.4948,4,rangla
PK,Pakistan,Pakistán,12620,Chirala,Azad Jammu and Kashmir,06,,,,,33.9716,73.5741,4,chirala
PK,Pakistan,Pakistán,12630,Chamankot,Azad Jammu and Kashmir,06,,,,,33.3573,73.8819,1,chamankot
PK,Pakistan,Pakistán,13100,Muzaffarabad Gpo,Azad Jammu and Kashmir,06,,,,,34.2577,73.7082,1,muzaffarabad-gpo
PK,Pakistan,Pakistán,13150,Garahi Dupatta,Azad Jammu and Kashmir,06,,,,,34.2577,73.7082,1,garahi-dupatta
PK,Pakistan,Pakistán,13164,Leepa,Azad Jammu and Kashmir,06,,,,,34.2577,73.7082,1,leepa
PK,Pakistan,Pakistán,13170,Chikar,Azad Jammu and Kashmir,06,,,,,34.4429,73.5752,4,chikar
PK,Pakistan,Pakistán,13180,Hattian Bala,Azad Jammu and Kashmir,06,,,,,34.1704,73.7338,4,hattian-bala
PK,Pakistan,Pakistán,13190,Chenari,Azad Jammu and Kashmir,06,,,,,34.1597,73.8156,4,chenari
PK,Pakistan,Pakistán,13200,Kahuri,Azad Jammu and Kashmir,06,,,,,34.5688,73.8307,4,kahuri
PK,Pakistan,Pakistán,13210,Pattika,Azad Jammu and Kashmir,06,,,,,34.5732,73.9706,1,pattika
PK,Pakistan,Pakistán,13220,Karnah,Azad Jammu and Kashmir,06,,,,,34.4124,73.4313,4,karnah
PK,Pakistan,Pakistán,13224,Jura,Azad Jammu and Kashmir,06,,,,,34.4884,73.831,4,jura
PK,Pakistan,Pakistán,13230,Athmaqam,Azad Jammu and Kashmir,06,,,,,34.8093,74.2727,1,athmaqam
PK,Pakistan,Pakistán,13232,Sharda,Azad Jammu and Kashmir,06,,,,,34.7932,74.192,4,sharda
PK,Pakistan,Pakistán,13234,Kel,Azad Jammu and Kashmir,06,,,,,34.8254,74.3534,4,kel
PK,Pakistan,Pakistán,13240,Chakothi,Azad Jammu and Kashmir,06,,,,,34.115,73.8835,4,chakothi
PK,Pakistan,Pakistán,13250,Rahimkot,Azad Jammu and Kashmir,06,,,,,34.5732,73.9706,1,rahimkot
PK,Pakistan,Pakistán,14100,Chilas (Lsg),Gilgit Baltistan,07,,,,,35.3399,74.8677,1,chilas-lsg
PK,Pakistan,Pakistán,14150,Jaglot Tangir,Gilgit Baltistan,07,,,,,35.3399,74.8677,1,jaglot-tangir
PK,Pakistan,Pakistán,14200,Bunji,Gilgit Baltistan,07,,,,,35.6477,74.6305,4,bunji
PK,Pakistan,Pakistán,14300,Astore,Gilgit Baltistan,07,,,,,35.3399,74.8677,1,astore
PK,Pakistan,Pakistán,14350,Ghorikot,Gilgit Baltistan,07,,,,,35.3399,74.8677,1,ghorikot
PK,Pakistan,Pakistán,14400,Chilam,Gilgit Baltistan,07,,,,,35.0322,75.1049,4,chilam
PK,Pakistan,Pakistán,15100,Gilgit Gpo,Gilgit Baltistan,07,,,,,36.0087,74.1241,1,gilgit-gpo
PK,Pakistan,Pakistán,15110,Danyore,Gilgit Baltistan,07,,,,,36.0087,74.1241,1,danyore
PK,Pakistan,Pakistán,15120,Sammayar,Gilgit Baltistan,07,,,,,36.0087,74.1241,1,sammayar
PK,Pakistan,Pakistán,15130,Meenapin,Gilgit Baltistan,07,,,,,36.0087,74.1241,1,meenapin
PK,Pakistan,Pakistán,15150,Jutial,Gilgit Baltistan,07,,,,,35.9058,74.3531,4,jutial
PK,Pakistan,Pakistán,15160,Singal,Gilgit Baltistan,07,,,,,36.1116,73.8952,4,singal
PK,Pakistan,Pakistán,15170,Jablot Sai,Gilgit Baltistan,07,,,,,36.0087,74.1241,1,jablot-sai
PK,Pakistan,Pakistán,15200,Gahkooch,Gilgit Baltistan,07,,,,,36.1461,74.2324,1,gahkooch
PK,Pakistan,Pakistán,15210,Chattar Khand,Gilgit Baltistan,07,,,,,36.1461,74.2324,1,chattar-khand
PK,Pakistan,Pakistán,15300,Gupis,Gilgit Baltistan,07,,,,,36.2281,73.4472,4,gupis
PK,Pakistan,Pakistán,15310,Yasin,Gilgit Baltistan,07,,,,,36.3729,73.3336,4,yasin
PK,Pakistan,Pakistán,15350,Teru,Gilgit Baltistan,07,,,,,36.1803,72.7588,4,teru
PK,Pakistan,Pakistán,15400,Sikandarabad,Gilgit Baltistan,07,,,,,36.2426,74.3752,4,sikandarabad
PK,Pakistan,Pakistán,15500,Chalt,Gilgit Baltistan,07,,,,,36.2517,74.3227,4,chalt
PK,Pakistan,Pakistán,15550,Nasirabad,Gilgit Baltistan,07,,,,,35.1649,74.7855,4,nasirabad
PK,Pakistan,Pakistán,15600,Aliabad,Gilgit Baltistan,07,,,,,36.3154,74.6527,4,aliabad
PK,Pakistan,Pakistán,15650,Nagar,Gilgit Baltistan,07,,,,,36.2754,74.7196,4,nagar
PK,Pakistan,Pakistán,15700,Karimabad,Gilgit Baltistan,07,,,,,36.3269,74.6614,4,karimabad
PK,Pakistan,Pakistán,15710,Altit,Gilgit Baltistan,07,,,,,36.3573,74.7629,1,altit
PK,Pakistan,Pakistán,15750,Gulmit,Gilgit Baltistan,07,,,,,36.3876,74.8645,4,gulmit
PK,Pakistan,Pakistán,15800,Sust,Gilgit Baltistan,07,,,,,36.1461,74.2324,1,sust
PK,Pakistan,Pakistán,15900,Misgar,Gilgit Baltistan,07,,,,,36.6127,74.8637,4,misgar
PK,Pakistan,Pakistán,16100,Skardu Gpo,Gilgit Baltistan,07,,,,,35.3615,75.5284,1,skardu-gpo
PK,Pakistan,Pakistán,16110,Astana,Gilgit Baltistan,07,,,,,35.2823,75.6087,4,astana
PK,Pakistan,Pakistán,16150,Kachura,Gilgit Baltistan,07,,,,,35.4406,75.448,4,kachura
PK,Pakistan,Pakistán,16160,Thowar,Gilgit Baltistan,07,,,,,35.3615,75.5284,1,thowar
PK,Pakistan,Pakistán,16200,Skardu Airport,Gilgit Baltistan,07,,,,,34.7591,75.7186,1,skardu-airport
PK,Pakistan,Pakistán,16250,Hussainabad,Gilgit Baltistan,07,,,,,34.7591,75.7186,4,hussainabad
PK,Pakistan,Pakistán,16300,Shigar,Gilgit Baltistan,07,,,,,35.4238,75.7391,4,shigar
PK,Pakistan,Pakistán,16310,Gulabpur,Gilgit Baltistan,07,,,,,32.4903,73.1395,4,gulabpur
PK,Pakistan,Pakistán,16320,Achori,Gilgit Baltistan,07,,,,,34.3716,74.8959,1,achori
PK,Pakistan,Pakistán,16350,Sermik,Gilgit Baltistan,07,,,,,35.2006,75.809,4,sermik
PK,Pakistan,Pakistán,16400,Mehdiabad,Gilgit Baltistan,07,,,,,35.6849,75.0198,4,mehdiabad
PK,Pakistan,Pakistán,16420,Manthokha,Gilgit Baltistan,07,,,,,35.3566,75.556,1,manthokha
PK,Pakistan,Pakistán,16450,Tolti,Gilgit Baltistan,07,,,,,35.0282,76.0921,4,tolti
PK,Pakistan,Pakistán,16500,Baghicha,Gilgit Baltistan,07,,,,,34.9019,76.1981,4,baghicha
PK,Pakistan,Pakistán,16600,Olding,Gilgit Baltistan,07,,,,,35.0444,75.7449,1,olding
PK,Pakistan,Pakistán,16700,Kiris,Gilgit Baltistan,07,,,,,35.2305,75.944,4,kiris
PK,Pakistan,Pakistán,16720,Ghowari,Gilgit Baltistan,07,,,,,35.2305,75.944,1,ghowari
PK,Pakistan,Pakistán,16750,Daghoni,Gilgit Baltistan,07,,,,,35.2305,75.944,1,daghoni
PK,Pakistan,Pakistán,16800,Khaplu,Gilgit Baltistan,07,,,,,35.1622,76.3338,4,khaplu
PK,Pakistan,Pakistán,16810,Pion,Gilgit Baltistan,07,,,,,35.1622,76.3338,1,pion
PK,Pakistan,Pakistán,16900,Thagas,Gilgit Baltistan,07,,,,,35.2144,76.463,4,thagas
PK,Pakistan,Pakistán,16910,Damsum,Gilgit Baltistan,07,,,,,35.18,76.6295,1,damsum
PK,Pakistan,Pakistán,16920,Goma,Gilgit Baltistan,07,,,,,35.1456,76.796,4,goma
PK,Pakistan,Pakistán,44000,Islamabad Gpo,Federal Capital,08,,,,,33.7215,73.0433,,islamabad-gpo
PK,Pakistan,Pakistán,44010,Islamabad Primr Minister Sectt.,Federal Capital,08,,,,,33.7215,73.0433,,islamabad-primr-minister-sectt
PK,Pakistan,Pakistán,44020,Islamabad B-Block Pak Sectt.,Federal Capital,08,,,,,33.7215,73.0433,,islamabad-b-block-pak-sectt
PK,Pakistan,Pakistán,44030,Islamabad National Assembly,Federal Capital,08,,,,,33.7215,73.0433,,islamabad-national-assembly
PK,Pakistan,Pakistán,44040,Islamabad Aiwan-E-Saddar,Federal Capital,08,,,,,33.7215,73.0433,,islamabad-aiwan-e-saddar
PK,Pakistan,Pakistán,44050,Islamabad G-5 Foreign Office,Federal Capital,08,,,,,33.7215,73.0433,,islamabad-g-5-foreign-office
PK,Pakistan,Pakistán,44080,Islamabad G-8/Markaz,Federal Capital,08,,,,,33.7215,73.0433,,islamabad-g-8-markaz
PK,Pakistan,Pakistán,44090,Islamabad G-9/Markaz,Federal Capital,08,,,,,33.7215,73.0433,,islamabad-g-9-markaz
PK,Pakistan,Pakistán,44100,Islamabad G-10 Markaz,Federal Capital,08,,,,,33.7215,73.0433,,islamabad-g-10-markaz
PK,Pakistan,Pakistán,44150,Islamabad G-15 Sector,Federal Capital,08,,,,,33.7215,73.0433,,islamabad-g-15-sector
PK,Pakistan,Pakistán,44210,Islamabad F-7 Markaz,Federal Capital,08,,,,,33.7215,73.0433,,islamabad-f-7-markaz
PK,Pakistan,Pakistán,44220,Islamabad F-8 Markaz,Federal Capital,08,,,,,33.7215,73.0433,,islamabad-f-8-markaz
PK,Pakistan,Pakistán,44230,Islamabad E-9 (Air Hq),Federal Capital,08,,,,,33.7215,73.0433,,islamabad-e-9-air-hq
PK,Pakistan,Pakistán,44310,Islamabad Allama Iqbal Open University,Federal Capital,08,,,,,33.7215,73.0433,,islamabad-allama-iqbal-open-university
PK,Pakistan,Pakistán,44320,Islamabad Federal Board,Federal Capital,08,,,,,33.7215,73.0433,,islamabad-federal-board
PK,Pakistan,Pakistán,44790,Islamabad I-8/4,Federal Capital,08,,,,,33.7215,73.0433,,islamabad-i-8-4
PK,Pakistan,Pakistán,44800,Islamabad I-10/Markaz,Federal Capital,08,,,,,33.7215,73.0433,,islamabad-i-10-markaz
PK,Pakistan,Pakistán,45200,Golra,Federal Capital,08,,,,,33.6954,72.9771,4,golra
PK,Pakistan,Pakistán,45210,Islamabad Hajj Complex,Federal Capital,08,,,,,33.6954,72.9771,1,islamabad-hajj-complex
PK,Pakistan,Pakistán,45220,Shah Allah Ditta,Federal Capital,08,,,,,33.6954,72.9771,1,shah-allah-ditta
PK,Pakistan,Pakistán,45230,Tarnol,Federal Capital,08,,,,,33.6954,72.9771,1,tarnol
PK,Pakistan,Pakistán,45240,Bagnial,Federal Capital,08,,,,,33.6954,72.9771,1,bagnial
PK,Pakistan,Pakistán,45250,"Mara Jaffar, Islamabad",Federal Capital,08,,,,,33.6954,72.9771,1,mara-jaffar-islamabad
PK,Pakistan,Pakistán,45300,"Noorpur Shahan, Islamabad",Federal Capital,08,,,,,33.747,73.1128,4,noorpur-shahan-islamabad
PK,Pakistan,Pakistán,45320,Islamabad Quiaid-E-Azam University,Federal Capital,08,,,,,33.747,73.1128,1,islamabad-quiaid-e-azam-university
PK,Pakistan,Pakistán,45400,Bara Kau,Federal Capital,08,,,,,33.6573,73.1284,1,bara-kau
PK,Pakistan,Pakistán,45410,Saree Chowk,Federal Capital,08,,,,,33.6573,73.1284,1,saree-chowk
PK,Pakistan,Pakistán,45500,Islamabad National Health Laboratiories,Federal Capital,08,,,,,33.6842,73.1489,1,islamabad-national-health-laboratiories
PK,Pakistan,Pakistán,45510,"Rawal Town, Islamabad",Federal Capital,08,,,,,33.6849,73.1178,4,rawal-town-islamabad
PK,Pakistan,Pakistán,45520,"Malpur, Islamabad",Federal Capital,08,,,,,33.7286,73.146,4,malpur-islamabad
PK,Pakistan,Pakistán,45550,Tarlai Kalan,Federal Capital,08,,,,,33.6425,73.152,4,tarlai-kalan
PK,Pakistan,Pakistán,45570,"Kuri, Islamabad",Federal Capital,08,,,,,33.6807,73.1798,4,kuri-islamabad
PK,Pakistan,Pakistán,45600,Ali Pur Frash,Federal Capital,08,,,,,33.63,73.2381,1,ali-pur-frash
PK,Pakistan,Pakistán,45610,"Jagiot, Islamabad",Federal Capital,08,,,,,33.6736,73.2136,4,jagiot-islamabad
PK,Pakistan,Pakistán,45624,Pind Malkan,Federal Capital,08,,,,,33.5935,73.2628,4,pind-malkan
PK,Pakistan,Pakistán,45640,"Kirpa, Islamabad",Federal Capital,08,,,,,33.6228,73.238,4,kirpa-islamabad
PK,Pakistan,Pakistán,45650,"Nilore, Islamabad",Federal Capital,08,,,,,33.63,73.2381,1,nilore-islamabad
PK,Pakistan,Pakistán,45680,Chirah,Federal Capital,08,,,,,33.63,73.2381,1,chirah
PK,Pakistan,Pakistán,45700,"Islamabad, Model Town Humak",Federal Capital,08,,,,,33.5941,73.1579,1,islamabad-model-town-humak
PK,Pakistan,Pakistán,45710,"Lohi Bher, Islamabad",Federal Capital,08,,,,,33.5817,73.1636,4,lohi-bher-islamabad
PK,Pakistan,Pakistán,45720,Pakistan Town (Korang Town),Federal Capital,08,,,,,33.5941,73.1579,1,pakistan-town-korang-town
PK,Pakistan,Pakistán,45730,Islamabad Dha Phase-Ii,Federal Capital,08,,,,,33.5941,73.1579,1,islamabad-dha-phase-ii
PK,Pakistan,Pakistán,45740,Sohan,Federal Capital,08,,,,,33.6545,73.1017,4,sohan
PK,Pakistan,Pakistán,45750,Sihala,Federal Capital,08,,,,,33.5462,73.2085,4,sihala
PK,Pakistan,Pakistán,45800,Herdogher,Federal Capital,08,,,,,33.6573,73.1284,1,herdogher
PK,Pakistan,Pakistán,45900,Rewat,Federal Capital,08,,,,,33.6573,73.1284,1,rewat
