country_code,country_name,country_name_es,postal_code,place,admin1,admin1_code,admin2,admin2_code,admin3,admin3_code,latitude,longitude,accuracy,slug
IN,India,India,504001,Station Road (Adilabad),Telangana,40,Adilabad,532,Adilabad,,19.539,78.527,1,station-road-adilabad
IN,India,India,504001,Adilabad H.O,Telangana,40,Adilabad,532,Adilabad,,19.539,78.527,1,adilabad-h-o
IN,India,India,504001,Gandhi Chowk (Adilabad),Telangana,40,Adilabad,532,Adilabad,,19.539,78.527,1,gandhi-chowk-adilabad
IN,India,India,504001,Bhagyanagar (Adilabad),Telangana,40,Adilabad,532,Adilabad,,19.539,78.527,1,bhagyanagar-adilabad
IN,India,India,504001,Bhuktapur,Telangana,40,Adilabad,532,Adilabad,,19.539,78.527,1,bhuktapur
IN,India,India,504001,Adilabad Collectorate,Telangana,40,Adilabad,532,Adilabad,,19.539,78.527,1,adilabad-collectorate
IN,India,India,504002,Yapalguda,Telangana,40,Adilabad,532,Adilabad,,19.2596,78.4142,4,yapalguda
IN,India,India,504002,Ramai,Telangana,40,Adilabad,532,Adilabad,,19.6627,78.642,4,ramai
IN,India,India,504002,Ponnari,Telangana,40,Adilabad,532,Adilabad,,19.6786,78.4827,4,ponnari
IN,India,India,504002,Tantoli,Telangana,40,Adilabad,532,Adilabad,,19.6254,78.5605,4,tantoli
IN,India,India,504002,Chanda (T),Telangana,40,Adilabad,532,Adilabad,,19.539,78.527,3,chanda-t
IN,India,India,504002,Chinchughat,Telangana,40,Adilabad,532,Adilabad,,19.539,78.527,3,chinchughat
IN,India,India,504002,Khodad,Telangana,40,Adilabad,532,Adilabad,,19.539,78.527,3,khodad
IN,India,India,504002,Ankoli,Telangana,40,Adilabad,532,Adilabad,,19.6051,78.572,4,ankoli
IN,India,India,504002,Kampamediguda,Telangana,40,Adilabad,532,Adilabad,,19.539,78.527,3,kampamediguda
IN,India,India,504002,Cotton Market,Telangana,40,Adilabad,532,Adilabad,,19.539,78.527,3,cotton-market
IN,India,India,504002,Dasnapur Colony,Telangana,40,Adilabad,532,Adilabad,,19.539,78.527,3,dasnapur-colony
IN,India,India,504002,Bheemsari,Telangana,40,Adilabad,532,Adilabad,,19.539,78.527,3,bheemsari
IN,India,India,504002,Mavala,Telangana,40,Adilabad,532,Adilabad,,19.6355,78.5097,4,mavala
IN,India,India,504002,Toyaguda,Telangana,40,Adilabad,532,Bela,,19.6348,78.6893,4,toyaguda
IN,India,India,504002,Saidpur,Telangana,40,Adilabad,532,Adilabad,,19.6228,78.736,4,saidpur
IN,India,India,504002,Pochera,Telangana,40,Adilabad,532,Adilabad,,19.3375,78.3637,4,pochera
IN,India,India,504002,Pippaldhari,Telangana,40,Adilabad,532,Adilabad,,19.3281,78.2996,4,pippaldhari
IN,India,India,504101,Bidrelli,Telangana,40,Adilabad,532,Mudhole,,19.5158,78.574,3,bidrelli
IN,India,India,504101,Brahmangaon,Telangana,40,Adilabad,532,Mudhole,,19.5158,78.574,3,brahmangaon
IN,India,India,504101,Kankapur,Telangana,40,Adilabad,532,Mudhole,,19.5158,78.574,3,kankapur
IN,India,India,504101,Ashta,Telangana,40,Adilabad,532,Mudhole,,19.5158,78.574,4,ashta
IN,India,India,504101,Yellawath,Telangana,40,Adilabad,532,Mudhole,,19.5158,78.574,3,yellawath
IN,India,India,504101,Kirgul,Telangana,40,Adilabad,532,Mudhole,,19.5158,78.574,3,kirgul
IN,India,India,504101,Basar (Adilabad),Telangana,40,Adilabad,532,Mudhole,,19.5158,78.574,4,basar-adilabad
IN,India,India,504101,Boregaon,Telangana,40,Adilabad,532,Mudhole,,19.5158,78.574,4,boregaon
IN,India,India,504102,Tanur,Telangana,40,Adilabad,532,Mudhole,,19.5158,78.574,4,tanur
IN,India,India,504102,Kolur,Telangana,40,Adilabad,532,Mudhole,,19.5158,78.574,4,kolur
IN,India,India,504102,Dehgaon,Telangana,40,Adilabad,532,Mudhole,,19.6419,78.3252,4,dehgaon
IN,India,India,504102,Kamole,Telangana,40,Adilabad,532,Mudhole,,19.5158,78.574,3,kamole
IN,India,India,504102,Jawla,Telangana,40,Adilabad,532,Mudhole,,19.5158,78.574,3,jawla
IN,India,India,504102,Elegaon,Telangana,40,Adilabad,532,Mudhole,,19.5158,78.574,4,elegaon
IN,India,India,504102,Elvi,Telangana,40,Adilabad,532,Mudhole,,19.5158,78.574,4,elvi
IN,India,India,504102,Puspur,Telangana,40,Adilabad,532,Mudhole,,19.5158,78.574,4,puspur
IN,India,India,504102,Yedbid,Telangana,40,Adilabad,532,Mudhole,,19.5158,78.574,3,yedbid
IN,India,India,504102,Mudhole,Telangana,40,Adilabad,532,Mudhole,,19.5158,78.574,3,mudhole
IN,India,India,504103,Mahalingi,Telangana,40,Adilabad,532,Mudhole,,19.5158,78.574,4,mahalingi
IN,India,India,504103,Pulsi,Telangana,40,Adilabad,532,Kubeer,,19.5158,78.574,3,pulsi
IN,India,India,504103,Sawli,Telangana,40,Adilabad,532,Kubeer,,19.5158,78.574,3,sawli
IN,India,India,504103,Pardi (B),Telangana,40,Adilabad,532,Mudhole,,19.5158,78.574,3,pardi-b
IN,India,India,504103,Nigwa,Telangana,40,Adilabad,532,Mudhole,,19.5158,78.574,3,nigwa
IN,India,India,504103,Sonari,Telangana,40,Adilabad,532,Mudhole,,19.5158,78.574,4,sonari
IN,India,India,504103,Malegoan,Telangana,40,Adilabad,532,Mudhole,,19.5158,78.574,3,malegoan
IN,India,India,504103,Kubeer,Telangana,40,Adilabad,532,Mudhole,,19.5158,78.574,3,kubeer
IN,India,India,504103,Kothalgaon,Telangana,40,Adilabad,532,Mudhole,,19.5158,78.574,3,kothalgaon
IN,India,India,504103,Doderna,Telangana,40,Adilabad,532,Mudhole,,19.5158,78.574,3,doderna
IN,India,India,504103,Bhosi,Telangana,40,Adilabad,532,Mudhole,,19.5158,78.574,4,bhosi
IN,India,India,504103,Chichondi,Telangana,40,Adilabad,532,Mudhole,,19.5158,78.574,3,chichondi
IN,India,India,504103,Bholsa,Telangana,40,Adilabad,532,Mudhole,,19.5158,78.574,3,bholsa
IN,India,India,504103,Beltharoda,Telangana,40,Adilabad,532,Mudhole,,19.5158,78.574,3,beltharoda
IN,India,India,504103,Bhainsa (Adilabad),Telangana,40,Adilabad,532,Mudhole,,19.5158,78.574,4,bhainsa-adilabad
IN,India,India,504103,Chondi,Telangana,40,Adilabad,532,Mudhole,,19.5158,78.574,4,chondi
IN,India,India,504103,Chata,Telangana,40,Adilabad,532,Kubeer,,19.5158,78.574,4,chata
IN,India,India,504103,Mahagaon,Telangana,40,Adilabad,532,Bhainsa,,19.4968,78.8306,4,mahagaon
IN,India,India,504104,Narsapur (Adilabad),Telangana,40,Adilabad,532,Nirmal,,19.5158,78.574,3,narsapur-adilabad
IN,India,India,504104,Raipur Kandli,Telangana,40,Adilabad,532,Nirmal,,19.5158,78.574,3,raipur-kandli
IN,India,India,504104,Gadchanda,Telangana,40,Adilabad,532,Nirmal,,19.5158,78.574,3,gadchanda
IN,India,India,504104,Panchagudi,Telangana,40,Adilabad,532,Nirmal,,19.5158,78.574,3,panchagudi
IN,India,India,504104,Lohesra,Telangana,40,Adilabad,532,Nirmal,,19.5158,78.574,3,lohesra
IN,India,India,504104,New Pipri,Telangana,40,Adilabad,532,Lokeswaram,,19.5158,78.574,3,new-pipri
IN,India,India,504104,Rajura,Telangana,40,Adilabad,532,Nirmal,,19.5158,78.574,4,rajura
IN,India,India,504104,Manmad,Telangana,40,Adilabad,532,Nirmal,,19.5158,78.574,4,manmad
IN,India,India,504105,Madapur,Telangana,40,Adilabad,532,Nirmal,,19.3222,78.462,4,madapur
IN,India,India,504105,Pakpatla,Telangana,40,Adilabad,532,Nirmal,,19.5158,78.574,4,pakpatla
IN,India,India,504105,Yelmal,Telangana,40,Adilabad,532,Nirmal,,19.1564,78.3983,3,yelmal
IN,India,India,504105,Soan,Telangana,40,Adilabad,532,Nirmal,,19.1564,78.3983,3,soan
IN,India,India,504105,Peechara,Telangana,40,Adilabad,532,Nirmal,,19.1564,78.3983,3,peechara
IN,India,India,504105,Parpally,Telangana,40,Adilabad,532,Nirmal,,19.1564,78.3983,3,parpally
IN,India,India,504105,Kuchanpally,Telangana,40,Adilabad,532,Nirmal,,19.1564,78.3983,3,kuchanpally
IN,India,India,504105,Kadthal,Telangana,40,Adilabad,532,Nirmal,,19.1564,78.3983,3,kadthal
IN,India,India,504105,Siddalkunta,Telangana,40,Adilabad,532,Nirmal,,19.1564,78.3983,3,siddalkunta
IN,India,India,504106,Mallapur,Telangana,40,Adilabad,532,Nirmal,,19.4792,78.6142,4,mallapur
IN,India,India,504106,Kasba (Adilabad),Telangana,40,Adilabad,532,Nirmal,,19.5158,78.574,3,kasba-adilabad
IN,India,India,504106,Manjulapur,Telangana,40,Adilabad,532,Nirmal,,19.5158,78.574,3,manjulapur
IN,India,India,504106,Venkatapur,Telangana,40,Adilabad,532,Nirmal,,19.3082,78.4639,4,venkatapur
IN,India,India,504106,Koutla (K),Telangana,40,Adilabad,532,Nirmal,,19.5158,78.574,3,koutla-k
IN,India,India,504106,Nirmal (Adilabad),Telangana,40,Adilabad,532,Nirmal,,19.5158,78.574,3,nirmal-adilabad
IN,India,India,504106,Natrajnagar,Telangana,40,Adilabad,532,Nirmal,,19.5158,78.574,3,natrajnagar
IN,India,India,504106,Bangalpet,Telangana,40,Adilabad,532,Nirmal,,19.5158,78.574,3,bangalpet
IN,India,India,504106,Waddial,Telangana,40,Adilabad,532,Nirmal,,19.5158,78.574,3,waddial
IN,India,India,504106,Ratnapur Kandli,Telangana,40,Adilabad,532,Nirmal,,19.5158,78.574,3,ratnapur-kandli
IN,India,India,504106,Laxmanchanda,Telangana,40,Adilabad,532,Nirmal,,19.5158,78.574,3,laxmanchanda
IN,India,India,504106,Indiranagar (Adilabad),Telangana,40,Adilabad,532,Nirmal,,19.5158,78.574,3,indiranagar-adilabad
IN,India,India,504106,Yellapalli,Telangana,40,Adilabad,532,Nirmal,,19.5158,78.574,3,yellapalli
IN,India,India,504107,RGU IIIT Campus Basar,Telangana,40,Adilabad,532,Mudhole,,19.5158,78.574,1,rgu-iiit-campus-basar
IN,India,India,504109,Gulmadugu,Telangana,40,Adilabad,532,Nirmal,,19.5158,78.574,3,gulmadugu
IN,India,India,504109,Andukur,Telangana,40,Adilabad,532,Nirmal,,19.5158,78.574,3,andukur
IN,India,India,504109,Limba (K),Telangana,40,Adilabad,532,Nirmal,,19.5158,78.574,3,limba-k
IN,India,India,504109,Sunkli,Telangana,40,Adilabad,532,Nirmal,,19.5158,78.574,3,sunkli
IN,India,India,504109,Thammapur,Telangana,40,Adilabad,532,Nirmal,,19.5158,78.574,3,thammapur
IN,India,India,504109,Pendapally,Telangana,40,Adilabad,532,Nirmal,,19.5158,78.574,3,pendapally
IN,India,India,504109,Kuntala,Telangana,40,Adilabad,532,Mudhole,,19.5158,78.574,4,kuntala
IN,India,India,504109,Kallur,Telangana,40,Adilabad,532,Nirmal,,19.5158,78.574,4,kallur
IN,India,India,504109,Ola,Telangana,40,Adilabad,532,Nirmal,,19.5158,78.574,3,ola
IN,India,India,504110,Ponkur,Telangana,40,Adilabad,532,Nirmal,,19.5158,78.574,3,ponkur
IN,India,India,504110,Malak Chincholi,Telangana,40,Adilabad,532,Nirmal,,19.5158,78.574,4,malak-chincholi
IN,India,India,504110,Aloor,Telangana,40,Adilabad,532,Nirmal,,19.5158,78.574,3,aloor
IN,India,India,504110,Borigaon,Telangana,40,Adilabad,532,Nirmal,,19.5158,78.574,3,borigaon
IN,India,India,504110,Chincholi (B),Telangana,40,Adilabad,532,Nirmal,,19.5158,78.574,3,chincholi-b
IN,India,India,504110,Dhani,Telangana,40,Adilabad,532,Nirmal,,19.5158,78.574,3,dhani
IN,India,India,504110,Gopalpet,Telangana,40,Adilabad,532,Nirmal,,19.5158,78.574,3,gopalpet
IN,India,India,504110,Jam,Telangana,40,Adilabad,532,Nirmal,,19.5158,78.574,3,jam
IN,India,India,504110,Koutla,Telangana,40,Adilabad,532,Nirmal,,19.5158,78.574,3,koutla
IN,India,India,504110,Vengwapet,Telangana,40,Adilabad,532,Nirmal,,19.5158,78.574,3,vengwapet
IN,India,India,504110,Sarangapur,Telangana,40,Adilabad,532,Nirmal,,19.5158,78.574,4,sarangapur
IN,India,India,504201,Nagapur,Telangana,40,Adilabad,532,Chennur,,19.4168,78.7514,4,nagapur
IN,India,India,504201,Alegaon,Telangana,40,Adilabad,532,Chennur,,19.5158,78.574,3,alegaon
IN,India,India,504201,Sirsa,Telangana,40,Adilabad,532,Chennur,,19.5158,78.574,4,sirsa
IN,India,India,504201,Kollur,Telangana,40,Adilabad,532,Chennur,,19.5158,78.574,4,kollur
IN,India,India,504201,Angarajpally,Telangana,40,Adilabad,532,Chennur,,19.5158,78.574,3,angarajpally
IN,India,India,504201,Parpally,Telangana,40,Adilabad,532,Chennur,,19.5158,78.574,3,parpally
IN,India,India,504201,Chinnoor,Telangana,40,Adilabad,532,Chennoor,,19.5158,78.574,3,chinnoor
IN,India,India,504201,Annaram,Telangana,40,Adilabad,532,Chennur,,19.5158,78.574,4,annaram
IN,India,India,504201,Somanpally,Telangana,40,Adilabad,532,Chennur,,19.5158,78.574,3,somanpally
IN,India,India,504201,Asnad,Telangana,40,Adilabad,532,Chennur,,19.5158,78.574,3,asnad
IN,India,India,504201,Pokkur,Telangana,40,Adilabad,532,Chennur,,19.5158,78.574,4,pokkur
IN,India,India,504201,Kommera,Telangana,40,Adilabad,532,Chennur,,19.5158,78.574,3,kommera
IN,India,India,504201,Dugnepally,Telangana,40,Adilabad,532,Chennur,,19.5158,78.574,3,dugnepally
IN,India,India,504201,Dewalwada,Telangana,40,Adilabad,532,Chennur,,19.5158,78.574,3,dewalwada
IN,India,India,504202,Maddipadaga,Telangana,40,Adilabad,532,Khanapur,,19.5158,78.574,3,maddipadaga
IN,India,India,504202,Munial,Telangana,40,Adilabad,532,Khanapur,,19.5158,78.574,3,munial
IN,India,India,504202,Ambaripet,Telangana,40,Adilabad,532,Khanapur,,19.5158,78.574,3,ambaripet
IN,India,India,504202,Peddur,Telangana,40,Adilabad,532,Khanapur,,19.5158,78.574,3,peddur
IN,India,India,504202,Revojipet,Telangana,40,Adilabad,532,Khanapur,,19.5158,78.574,3,revojipet
IN,India,India,504202,Chityal,Telangana,40,Adilabad,532,Kaddam (Peddur),,19.5158,78.574,4,chityal
IN,India,India,504202,Bellalbadi,Telangana,40,Adilabad,532,Khanapur,,19.5158,78.574,3,bellalbadi
IN,India,India,504202,Lingapur,Telangana,40,Adilabad,532,Khanapur,,19.5214,78.5338,4,lingapur
IN,India,India,504202,Dasturabad,Telangana,40,Adilabad,532,Khanapur,,19.5158,78.574,4,dasturabad
IN,India,India,504203,Pembi,Telangana,40,Adilabad,532,NA,,19.5158,78.574,4,pembi
IN,India,India,504203,Dilawarpur,Telangana,40,Adilabad,532,NA,,19.5158,78.574,4,dilawarpur
IN,India,India,504203,Nachan Yelcapur,Telangana,40,Adilabad,532,NA,,19.5158,78.574,3,nachan-yelcapur
IN,India,India,504203,Sathanapalli,Telangana,40,Adilabad,532,NA,,19.5158,78.574,3,sathanapalli
IN,India,India,504203,Patha Yelcapur,Telangana,40,Adilabad,532,NA,,19.5158,78.574,3,patha-yelcapur
IN,India,India,504203,Beernandi,Telangana,40,Adilabad,532,NA,,19.5158,78.574,3,beernandi
IN,India,India,504203,Badankurthy,Telangana,40,Adilabad,532,NA,,19.5158,78.574,3,badankurthy
IN,India,India,504203,Mandapalli,Telangana,40,Adilabad,532,NA,,19.5158,78.574,4,mandapalli
IN,India,India,504203,Surjapur,Telangana,40,Adilabad,532,NA,,19.5158,78.574,4,surjapur
IN,India,India,504203,Khanapur (Adilabad),Telangana,40,Adilabad,532,Khanapur,,19.5722,78.7307,4,khanapur-adilabad
IN,India,India,504204,Naseerabad,Telangana,40,Adilabad,532,Chennur,,19.5158,78.574,3,naseerabad
IN,India,India,504204,Bheemaram,Telangana,40,Adilabad,532,Chennur,,19.5158,78.574,3,bheemaram
IN,India,India,504204,Maddikal,Telangana,40,Adilabad,532,Chennur,,19.5158,78.574,3,maddikal
IN,India,India,504204,Arepally,Telangana,40,Adilabad,532,Chennur,,19.5158,78.574,3,arepally
IN,India,India,504204,Awadam,Telangana,40,Adilabad,532,Chennur,,19.5158,78.574,4,awadam
IN,India,India,504204,Mamidighat,Telangana,40,Adilabad,532,Chennur,,19.5158,78.574,3,mamidighat
IN,India,India,504204,Kistampet,Telangana,40,Adilabad,532,Chennur,,19.5158,78.574,4,kistampet
IN,India,India,504204,Suddal,Telangana,40,Adilabad,532,Chennur,,19.5158,78.574,4,suddal
IN,India,India,504205,Dharmaram,Telangana,40,Adilabad,532,Luxettipet,,19.5158,78.574,4,dharmaram
IN,India,India,504205,Kalamadugu,Telangana,40,Adilabad,532,Luxettipet,,19.5158,78.574,3,kalamadugu
IN,India,India,504205,Kistapur,Telangana,40,Adilabad,532,Luxettipet,,19.5158,78.574,4,kistapur
IN,India,India,504205,Chintaguda,Telangana,40,Adilabad,532,Luxettipet,,19.5158,78.574,4,chintaguda
IN,India,India,504205,Udumpur,Telangana,40,Adilabad,532,Luxettipet,,19.5158,78.574,3,udumpur
IN,India,India,504205,Mulmadugu,Telangana,40,Adilabad,532,Luxettipet,,19.5158,78.574,3,mulmadugu
IN,India,India,504205,Qawal,Telangana,40,Adilabad,532,Luxettipet,,19.5158,78.574,3,qawal
IN,India,India,504205,Jannaram,Telangana,40,Adilabad,532,Luxettipet,,19.5158,78.574,3,jannaram
IN,India,India,504205,Ponkal,Telangana,40,Adilabad,532,Luxettipet,,19.5158,78.574,4,ponkal
IN,India,India,504205,Badampally,Telangana,40,Adilabad,532,Luxettipet,,19.5158,78.574,3,badampally
IN,India,India,504205,Indanpally,Telangana,40,Adilabad,532,Luxettipet,,19.5158,78.574,3,indanpally
IN,India,India,504206,Dandepalli,Telangana,40,Adilabad,532,Luxettipet,,19.5158,78.574,4,dandepalli
IN,India,India,504206,Tapalpur,Telangana,40,Adilabad,532,Luxettipet,,19.5158,78.574,3,tapalpur
IN,India,India,504206,Tallapet,Telangana,40,Adilabad,532,Luxettipet,,19.5158,78.574,3,tallapet
IN,India,India,504206,Madaripeta,Telangana,40,Adilabad,532,Luxettipet,,19.5158,78.574,3,madaripeta
IN,India,India,504206,Mamidipalli,Telangana,40,Adilabad,532,Luxettipet,,19.5158,78.574,4,mamidipalli
IN,India,India,504206,Venkatapur,Telangana,40,Adilabad,532,Luxettipet,,19.5158,78.574,4,venkatapur
IN,India,India,504206,Dwaraka,Telangana,40,Adilabad,532,Luxettipet,,19.5158,78.574,3,dwaraka
IN,India,India,504206,Lingapur,Telangana,40,Adilabad,532,Luxettipet,,19.5158,78.574,4,lingapur
IN,India,India,504206,Peddapet,Telangana,40,Adilabad,532,Luxettipet,,19.5158,78.574,4,peddapet
IN,India,India,504207,Donabanda,Telangana,40,Adilabad,532,Luxettipet,,19.5158,78.574,4,donabanda
IN,India,India,504207,Karnamamidi,Telangana,40,Adilabad,532,Luxettipet,,19.5158,78.574,3,karnamamidi
IN,India,India,504207,Hazipur,Telangana,40,Adilabad,532,Luxettipet,,19.5158,78.574,3,hazipur
IN,India,India,504207,Jandavenkatapur,Telangana,40,Adilabad,532,Luxettipet,,19.5158,78.574,3,jandavenkatapur
IN,India,India,504207,Laxmipur,Telangana,40,Adilabad,532,Luxettipet,,19.5158,78.574,3,laxmipur
IN,India,India,504207,Raipally,Telangana,40,Adilabad,532,Mancherial,,19.5158,78.574,3,raipally
IN,India,India,504207,Namnoor,Telangana,40,Adilabad,532,Luxettipet,,19.5158,78.574,3,namnoor
IN,India,India,504207,Gollakota,Telangana,40,Adilabad,532,Luxettipet,,19.5158,78.574,4,gollakota
IN,India,India,504207,Peddampet,Telangana,40,Adilabad,532,Luxettipet,,19.5158,78.574,3,peddampet
IN,India,India,504208,Mancherial H.O,Telangana,40,Adilabad,532,Luxettipet,,19.5158,78.574,1,mancherial-h-o
IN,India,India,504208,Patha Mancherial,Telangana,40,Adilabad,532,Mancherial,,19.5158,78.574,1,patha-mancherial
IN,India,India,504208,Mancherial Bazar,Telangana,40,Adilabad,532,Mancherial,,19.5158,78.574,1,mancherial-bazar
IN,India,India,504208,Grain Market (Adilabad),Telangana,40,Adilabad,532,Mancherial,,19.5158,78.574,1,grain-market-adilabad
IN,India,India,504209,Vempalli,Telangana,40,Adilabad,532,Luxettipet,,19.5158,78.574,4,vempalli
IN,India,India,504209,Gadapur,Telangana,40,Adilabad,532,Luxettipet,,19.5158,78.574,3,gadapur
IN,India,India,504209,Mancherial Cement Works,Telangana,40,Adilabad,532,Mancherial,,19.5158,78.574,3,mancherial-cement-works
IN,India,India,504209,Mulkala,Telangana,40,Adilabad,532,Luxettipet,,19.5158,78.574,3,mulkala
IN,India,India,504209,Thimmapur,Telangana,40,Adilabad,532,Luxettipet,,19.5158,78.574,3,thimmapur
IN,India,India,504209,Patha Mancherial,Telangana,40,Adilabad,532,Mancherial,,19.5158,78.574,3,patha-mancherial
IN,India,India,504214,Neelwai,Telangana,40,Adilabad,532,Chennur,,19.5158,78.574,3,neelwai
IN,India,India,504214,Nandarampally,Telangana,40,Adilabad,532,Chennur,,19.5158,78.574,3,nandarampally
IN,India,India,504214,Jangaon,Telangana,40,Adilabad,532,Chennur,,19.5158,78.574,4,jangaon
IN,India,India,504214,Vemanpally,Telangana,40,Adilabad,532,Chennur,,19.5158,78.574,3,vemanpally
IN,India,India,504214,Kotapalli,Telangana,40,Adilabad,532,Chennur,,19.5158,78.574,3,kotapalli
IN,India,India,504214,Kyathanpally,Telangana,40,Adilabad,532,Chennur,,19.6678,78.5289,4,kyathanpally
IN,India,India,504214,Nakkalapally,Telangana,40,Adilabad,532,Chennur,,19.5158,78.574,3,nakkalapally
IN,India,India,504214,Mallampet,Telangana,40,Adilabad,532,Chennur,,19.5158,78.574,4,mallampet
IN,India,India,504214,Mulkalpet,Telangana,40,Adilabad,532,Chennur,,19.5158,78.574,3,mulkalpet
IN,India,India,504215,Venkatraopet,Telangana,40,Adilabad,532,Luxettipet,,19.5158,78.574,4,venkatraopet
IN,India,India,504215,Rebbanapally,Telangana,40,Adilabad,532,Luxettipet,,19.5158,78.574,3,rebbanapally
IN,India,India,504215,Gudem,Telangana,40,Adilabad,532,Luxettipet,,19.5158,78.574,4,gudem
IN,India,India,504215,Korvichelma,Telangana,40,Adilabad,532,Luxettipet,,19.5158,78.574,3,korvichelma
IN,India,India,504215,Velagnur,Telangana,40,Adilabad,532,Luxettipet,,19.5158,78.574,3,velagnur
IN,India,India,504215,Chandaram,Telangana,40,Adilabad,532,Luxettipet,,19.5158,78.574,3,chandaram
IN,India,India,504215,Luxettipet,Telangana,40,Adilabad,532,Luxettipet,,19.5158,78.574,3,luxettipet
IN,India,India,504215,Dowdepally,Telangana,40,Adilabad,532,Luxettipet,,19.5158,78.574,3,dowdepally
IN,India,India,504215,Itikyal,Telangana,40,Adilabad,532,Luxettipet,,19.5158,78.574,3,itikyal
IN,India,India,504215,Modela,Telangana,40,Adilabad,532,Luxettipet,,19.5158,78.574,3,modela
IN,India,India,504216,Mittapalli Jagir,Telangana,40,Adilabad,532,Chennur,,19.5158,78.574,3,mittapalli-jagir
IN,India,India,504216,Wellal,Telangana,40,Adilabad,532,Chennur,,19.5158,78.574,3,wellal
IN,India,India,504216,Tekumatla,Telangana,40,Adilabad,532,Chennur,,19.5158,78.574,3,tekumatla
IN,India,India,504216,Kundaram,Telangana,40,Adilabad,532,Chennur,,19.5158,78.574,4,kundaram
IN,India,India,504216,Pegdapally,Telangana,40,Adilabad,532,Chennur,,19.5158,78.574,3,pegdapally
IN,India,India,504216,Pownur,Telangana,40,Adilabad,532,Chennur,,19.5158,78.574,3,pownur
IN,India,India,504216,Jaipur,Telangana,40,Adilabad,532,Chennur,,19.5158,78.574,4,jaipur
IN,India,India,504216,Shetpally,Telangana,40,Adilabad,532,Chennur,,19.5158,78.574,3,shetpally
IN,India,India,504216,Ponnaram,Telangana,40,Adilabad,532,Chennur,,19.5158,78.574,4,ponnaram
IN,India,India,504216,Kistapur,Telangana,40,Adilabad,532,Chennur,,19.5158,78.574,4,kistapur
IN,India,India,504216,Indaram,Telangana,40,Adilabad,532,Chennur,,19.5158,78.574,4,indaram
IN,India,India,504218,Devapur Cement Works,Telangana,40,Adilabad,532,Luxettipet,,19.5158,78.574,1,devapur-cement-works
IN,India,India,504219,Girvelli,Telangana,40,Adilabad,532,Luxettipet,,19.5158,78.574,3,girvelli
IN,India,India,504219,Jilleda,Telangana,40,Adilabad,532,Luxettipet,,19.5158,78.574,3,jilleda
IN,India,India,504219,Kushnepalli,Telangana,40,Adilabad,532,Luxettipet,,19.5158,78.574,4,kushnepalli
IN,India,India,504219,Kanchevelli,Telangana,40,Adilabad,532,Luxettipet,,19.5158,78.574,3,kanchevelli
IN,India,India,504219,Metpalli,Telangana,40,Adilabad,532,Luxettipet,,19.5158,78.574,4,metpalli
IN,India,India,504219,Nennel,Telangana,40,Adilabad,532,Luxettipet,,19.5158,78.574,3,nennel
IN,India,India,504219,Mylaram,Telangana,40,Adilabad,532,Luxettipet,,19.5158,78.574,4,mylaram
IN,India,India,504219,Rebbena,Telangana,40,Adilabad,532,Luxettipet,,19.5158,78.574,3,rebbena
IN,India,India,504219,Venkatapur,Telangana,40,Adilabad,532,Luxettipet,,19.5158,78.574,4,venkatapur
IN,India,India,504219,Kannepalli,Telangana,40,Adilabad,532,Luxettipet,,19.5158,78.574,4,kannepalli
IN,India,India,504220,Madaram Township,Telangana,40,Adilabad,532,Luxettipet,,19.5158,78.574,1,madaram-township
IN,India,India,504231,Dharmaraopet,Telangana,40,Adilabad,532,Luxettipet,,19.5158,78.574,4,dharmaraopet
IN,India,India,504231,Kasipet,Telangana,40,Adilabad,532,Luxettipet,,19.5158,78.574,4,kasipet
IN,India,India,504231,Andugulpet,Telangana,40,Adilabad,532,Luxettipet,,19.5158,78.574,3,andugulpet
IN,India,India,504231,Mandamarri R.S.,Telangana,40,Adilabad,532,Mandamarri,,19.5158,78.574,3,mandamarri-r-s
IN,India,India,504231,Mandamarri Colleries,Telangana,40,Adilabad,532,Mandamarri,,19.5158,78.574,3,mandamarri-colleries
IN,India,India,504231,Kalyani Khani,Telangana,40,Adilabad,532,Luxettipet,,19.5158,78.574,3,kalyani-khani
IN,India,India,504251,Budakalan,Telangana,40,Adilabad,532,Luxettipet,,19.5158,78.574,3,budakalan
IN,India,India,504251,Wegaon,Telangana,40,Adilabad,532,Luxettipet,,19.5158,78.574,3,wegaon
IN,India,India,504251,Gurjal,Telangana,40,Adilabad,532,Luxettipet,,19.5158,78.574,4,gurjal
IN,India,India,504251,Somagudem Coal Mines,Telangana,40,Adilabad,532,Bellampalle,,19.5158,78.574,3,somagudem-coal-mines
IN,India,India,504251,Shanthi Khani,Telangana,40,Adilabad,532,Bellampalle,,19.5158,78.574,3,shanthi-khani
IN,India,India,504251,Police Colony,Telangana,40,Adilabad,532,Bellampalle,,19.5158,78.574,3,police-colony
IN,India,India,504251,Perkapally,Telangana,40,Adilabad,532,Luxettipet,,19.5158,78.574,3,perkapally
IN,India,India,504251,Janakapur,Telangana,40,Adilabad,532,Luxettipet,,19.5158,78.574,3,janakapur
IN,India,India,504251,Jajjarvelli,Telangana,40,Adilabad,532,Luxettipet,,19.5158,78.574,3,jajjarvelli
IN,India,India,504251,Budakurd,Telangana,40,Adilabad,532,Luxettipet,,19.5158,78.574,3,budakurd
IN,India,India,504251,Bellampalli R.S.,Telangana,40,Adilabad,532,Bellampalle,,19.5158,78.574,3,bellampalli-r-s
IN,India,India,504251,Agm Colony,Telangana,40,Adilabad,532,Bellampalle,,19.5158,78.574,3,agm-colony
IN,India,India,504251,Metpally,Telangana,40,Adilabad,532,Luxettipet,,19.5158,78.574,3,metpally
IN,India,India,504251,Bellampalli,Telangana,40,Adilabad,532,Bellampalle,,19.5158,78.574,4,bellampalli
IN,India,India,504251,Aknepalli,Telangana,40,Adilabad,532,Luxettipet,,19.5158,78.574,4,aknepalli
IN,India,India,504272,Chakepalli,Telangana,40,Adilabad,532,Asifabad,,19.5158,78.574,4,chakepalli
IN,India,India,504272,Boyapalli,Telangana,40,Adilabad,532,Asifabad,,19.5158,78.574,4,boyapalli
IN,India,India,504272,Tandur (A),Telangana,40,Adilabad,532,Sirpur (t),,19.5158,78.574,3,tandur-a
IN,India,India,504272,Dwarakapur,Telangana,40,Adilabad,532,Asifabad,,19.5158,78.574,3,dwarakapur
IN,India,India,504272,Repallewada,Telangana,40,Adilabad,532,Asifabad,,19.5158,78.574,3,repallewada
IN,India,India,504273,Hathini,Telangana,40,Adilabad,532,Asifabad,,19.5158,78.574,3,hathini
IN,India,India,504273,Ityal,Telangana,40,Adilabad,532,Asifabad,,19.5158,78.574,3,ityal
IN,India,India,504273,Bodepalli,Telangana,40,Adilabad,532,Asifabad,,19.5158,78.574,4,bodepalli
IN,India,India,504273,Kalwada,Telangana,40,Adilabad,532,Asifabad,,19.5158,78.574,3,kalwada
IN,India,India,504273,Karjibheempur,Telangana,40,Adilabad,532,Asifabad,,19.5158,78.574,3,karjibheempur
IN,India,India,504273,Kothmeer,Telangana,40,Adilabad,532,Asifabad,,19.5158,78.574,3,kothmeer
IN,India,India,504273,Malledi,Telangana,40,Adilabad,532,Asifabad,,19.5158,78.574,3,malledi
IN,India,India,504273,Ainam,Telangana,40,Adilabad,532,Asifabad,,19.5158,78.574,3,ainam
IN,India,India,504273,Rechini,Telangana,40,Adilabad,532,Sirpur (t),,19.5158,78.574,3,rechini
IN,India,India,504273,Bhimini,Telangana,40,Adilabad,532,Asifabad,,19.5158,78.574,3,bhimini
IN,India,India,504273,Dehgaon,Telangana,40,Adilabad,532,Asifabad,,19.7381,78.7831,4,dehgaon
IN,India,India,504273,Gudipet,Telangana,40,Adilabad,532,Asifabad,,19.5158,78.574,4,gudipet
IN,India,India,504273,Achalapur,Telangana,40,Adilabad,532,Asifabad,,19.5158,78.574,3,achalapur
IN,India,India,504273,Bibra,Telangana,40,Adilabad,532,Asifabad,,19.5158,78.574,4,bibra
IN,India,India,504292,Khairgaon,Telangana,40,Adilabad,532,Asifabad,,19.5158,78.574,4,khairgaon
IN,India,India,504292,Gangapur,Telangana,40,Adilabad,532,Asifabad,,19.4774,78.8356,4,gangapur
IN,India,India,504292,Narayanpur,Telangana,40,Adilabad,532,Asifabad,,19.287,78.2751,4,narayanpur
IN,India,India,504292,Navegaon,Telangana,40,Adilabad,532,Asifabad,,19.5158,78.574,3,navegaon
IN,India,India,504292,Kondampally,Telangana,40,Adilabad,532,Asifabad,,19.5158,78.574,3,kondampally
IN,India,India,504292,Rebbena,Telangana,40,Adilabad,532,Sirpur (t),,19.5158,78.574,3,rebbena
IN,India,India,504292,Takkalapalli,Telangana,40,Adilabad,532,Sirpur (t),,19.5158,78.574,3,takkalapalli
IN,India,India,504292,Golleti,Telangana,40,Adilabad,532,Asifabad,,19.5158,78.574,3,golleti
IN,India,India,504292,Nambal,Telangana,40,Adilabad,532,Asifabad,,19.5158,78.574,4,nambal
IN,India,India,504293,Yellaram,Telangana,40,Adilabad,532,Asifabad,,19.5158,78.574,4,yellaram
IN,India,India,504293,Surdapur,Telangana,40,Adilabad,532,Kerameri,,19.5158,78.574,4,surdapur
IN,India,India,504293,Ada,Telangana,40,Adilabad,532,Asifabad,,19.6967,78.6089,4,ada
IN,India,India,504293,Devapur,Telangana,40,Adilabad,532,Asifabad,,19.5158,78.574,4,devapur
IN,India,India,504293,Gundi,Telangana,40,Adilabad,532,Asifabad,,19.5158,78.574,4,gundi
IN,India,India,504293,Movad,Telangana,40,Adilabad,532,Asifabad,,19.5158,78.574,3,movad
IN,India,India,504293,Asifabad,Telangana,40,Adilabad,532,Asifabad,,19.5158,78.574,4,asifabad
IN,India,India,504293,Burguda,Telangana,40,Adilabad,532,Asifabad,,19.5158,78.574,4,burguda
IN,India,India,504293,Kerameri,Telangana,40,Adilabad,532,Asifabad,,19.5158,78.574,3,kerameri
IN,India,India,504293,Babapur,Telangana,40,Adilabad,532,Asifabad,,19.5158,78.574,3,babapur
IN,India,India,504293,Kannergaon,Telangana,40,Adilabad,532,Asifabad,,19.5158,78.574,3,kannergaon
IN,India,India,504293,Modi,Telangana,40,Adilabad,532,Asifabad,,19.5158,78.574,4,modi
IN,India,India,504293,Goyagaon,Telangana,40,Adilabad,532,Asifabad,,19.5158,78.574,3,goyagaon
IN,India,India,504294,Tumpalli,Telangana,40,Adilabad,532,Asifabad,,19.5158,78.574,4,tumpalli
IN,India,India,504294,Chirrakunta,Telangana,40,Adilabad,532,Asifabad,,19.5158,78.574,3,chirrakunta
IN,India,India,504294,Devaiguda,Telangana,40,Adilabad,532,Asifabad,,19.5158,78.574,3,devaiguda
IN,India,India,504294,Ullipittadorli,Telangana,40,Adilabad,532,Asifabad,,19.5158,78.574,3,ullipittadorli
IN,India,India,504295,Wankidi,Telangana,40,Adilabad,532,Sirpur (t),,19.5158,78.574,3,wankidi
IN,India,India,504295,Khirdi,Telangana,40,Adilabad,532,Asifabad,,19.5158,78.574,3,khirdi
IN,India,India,504295,Bambara,Telangana,40,Adilabad,532,Asifabad,,19.5158,78.574,4,bambara
IN,India,India,504295,Khamana,Telangana,40,Adilabad,532,Asifabad,,19.5158,78.574,4,khamana
IN,India,India,504295,Indhani,Telangana,40,Adilabad,532,Asifabad,,19.5158,78.574,4,indhani
IN,India,India,504296,Mosam,Telangana,40,Adilabad,532,Sirpur (t),,19.5158,78.574,4,mosam
IN,India,India,504296,Raspalli,Telangana,40,Adilabad,532,Sirpur (t),,19.5158,78.574,4,raspalli
IN,India,India,504296,Bareguda,Telangana,40,Adilabad,532,Asifabad,,19.5158,78.574,4,bareguda
IN,India,India,504296,Sirpur Khagaznagar,Telangana,40,Adilabad,532,Sirpur (t),,19.5158,78.574,3,sirpur-khagaznagar
IN,India,India,504296,Sanjeevnagar,Telangana,40,Adilabad,532,Bejjur,,19.5158,78.574,3,sanjeevnagar
IN,India,India,504296,Penchikalpet,Telangana,40,Adilabad,532,Sirpur (t),,19.5158,78.574,4,penchikalpet
IN,India,India,504296,Rp Colony,Telangana,40,Adilabad,532,Kagaznagar,,19.5158,78.574,3,rp-colony
IN,India,India,504296,M.G. Road,Telangana,40,Adilabad,532,Kagaznagar,,19.5158,78.574,3,m-g-road
IN,India,India,504296,Chedwai,Telangana,40,Adilabad,532,Sirpur (t),,19.5158,78.574,3,chedwai
IN,India,India,504296,Harnath Colony,Telangana,40,Adilabad,532,Kagaznagar,,19.5158,78.574,3,harnath-colony
IN,India,India,504296,Tungeda,Telangana,40,Adilabad,532,Sirpur (t),,19.5158,78.574,3,tungeda
IN,India,India,504296,Vempalli,Telangana,40,Adilabad,532,Sirpur(t),,19.5158,78.574,4,vempalli
IN,India,India,504296,Industrial Area (Adilabad),Telangana,40,Adilabad,532,Kagaznagar,,19.5158,78.574,3,industrial-area-adilabad
IN,India,India,504296,Easgaon - V,Telangana,40,Adilabad,532,Kagaznagar,,19.5158,78.574,3,easgaon-v
IN,India,India,504296,Old Town,Telangana,40,Adilabad,532,Kagaznagar,,19.5158,78.574,3,old-town
IN,India,India,504296,Chintaguda,Telangana,40,Adilabad,532,Sirpur (t),,19.5158,78.574,4,chintaguda
IN,India,India,504296,Andavelli,Telangana,40,Adilabad,532,Sirpur (t),,19.5158,78.574,3,andavelli
IN,India,India,504296,Easgaon Camp,Telangana,40,Adilabad,532,Sirpur (t),,19.5158,78.574,3,easgaon-camp
IN,India,India,504297,Pangidimadra,Telangana,40,Adilabad,532,Asifabad,,19.5158,78.574,3,pangidimadra
IN,India,India,504297,Rompalli,Telangana,40,Adilabad,532,Asifabad,,19.5158,78.574,4,rompalli
IN,India,India,504297,Moindagudipet,Telangana,40,Adilabad,532,Asifabad,,19.5158,78.574,3,moindagudipet
IN,India,India,504297,Manikyapur,Telangana,40,Adilabad,532,Asifabad,,19.5158,78.574,3,manikyapur
IN,India,India,504297,Ginnedhari,Telangana,40,Adilabad,532,Asifabad,,19.5158,78.574,3,ginnedhari
IN,India,India,504297,Tiryani,Telangana,40,Adilabad,532,Tiryani,,19.5158,78.574,4,tiryani
IN,India,India,504297,Mangi,Telangana,40,Adilabad,532,Asifabad,,19.5158,78.574,4,mangi
IN,India,India,504297,Kannepalli,Telangana,40,Adilabad,532,Asifabad,,19.5158,78.574,4,kannepalli
IN,India,India,504299,Pardi,Telangana,40,Adilabad,532,Sirpur (t),,19.6748,78.6367,4,pardi
IN,India,India,504299,Babasagar,Telangana,40,Adilabad,532,Sirpur(t),,19.5158,78.574,3,babasagar
IN,India,India,504299,Munjampalli,Telangana,40,Adilabad,532,Sirpur (t),,19.5158,78.574,3,munjampalli
IN,India,India,504299,Marthidi,Telangana,40,Adilabad,532,Sirpur (t),,19.5158,78.574,3,marthidi
IN,India,India,504299,Muthyampet,Telangana,40,Adilabad,532,Sirpur (t),,19.5158,78.574,3,muthyampet
IN,India,India,504299,Gudlabori,Telangana,40,Adilabad,532,Sirpur (t),,19.5158,78.574,3,gudlabori
IN,India,India,504299,Gurudpet,Telangana,40,Adilabad,532,Sirpur (t),,19.5158,78.574,3,gurudpet
IN,India,India,504299,Papannapet,Telangana,40,Adilabad,532,Sirpur (t),,19.5158,78.574,4,papannapet
IN,India,India,504299,Hudkuli,Telangana,40,Adilabad,532,Sirpur (t),,19.5158,78.574,3,hudkuli
IN,India,India,504299,Lonavelli,Telangana,40,Adilabad,532,Sirpur (t),,19.5158,78.574,3,lonavelli
IN,India,India,504299,Moogavelli,Telangana,40,Adilabad,532,Sirpur (t),,19.5158,78.574,3,moogavelli
IN,India,India,504299,Ootsurangapalli,Telangana,40,Adilabad,532,Sirpur (t),,19.5158,78.574,3,ootsurangapalli
IN,India,India,504299,Dimda,Telangana,40,Adilabad,532,Sirpur (t),,19.5158,78.574,3,dimda
IN,India,India,504299,Mogardhagar,Telangana,40,Adilabad,532,Sirpur (t),,19.5158,78.574,3,mogardhagar
IN,India,India,504299,Dabba,Telangana,40,Adilabad,532,Sirpur (t),,19.5158,78.574,3,dabba
IN,India,India,504299,Rebbena,Telangana,40,Adilabad,532,Sirpur (t),,19.5158,78.574,3,rebbena
IN,India,India,504299,Gundaipet,Telangana,40,Adilabad,532,Sirpur (t),,19.5158,78.574,3,gundaipet
IN,India,India,504299,Kowthala,Telangana,40,Adilabad,532,Sirpur (t),,19.5158,78.574,3,kowthala
IN,India,India,504299,Dhorpalli,Telangana,40,Adilabad,532,Sirpur (t),,19.5158,78.574,4,dhorpalli
IN,India,India,504299,Talodi,Telangana,40,Adilabad,532,Sirpur (t),,19.5158,78.574,3,talodi
IN,India,India,504299,Karjavelli,Telangana,40,Adilabad,532,Sirpur (t),,19.5158,78.574,3,karjavelli
IN,India,India,504299,Chintalamanepalli,Telangana,40,Adilabad,532,Sirpur (t),,19.5158,78.574,3,chintalamanepalli
IN,India,India,504299,Bapur,Telangana,40,Adilabad,532,Sirpur (t),,19.5158,78.574,4,bapur
IN,India,India,504299,Bejjur,Telangana,40,Adilabad,532,Sirpur (t),,19.5158,78.574,3,bejjur
IN,India,India,504299,Sirpur (T),Telangana,40,Adilabad,532,Sirpur (t),,19.5158,78.574,3,sirpur-t
IN,India,India,504299,Ankhoda,Telangana,40,Adilabad,532,Kagaznagar,,19.5158,78.574,3,ankhoda
IN,India,India,504299,Gudem,Telangana,40,Adilabad,532,Sirpur (t),,19.5158,78.574,4,gudem
IN,India,India,504299,Chintakunta,Telangana,40,Adilabad,532,Sirpur (t),,19.5158,78.574,4,chintakunta
IN,India,India,504301,Ramakrishnapur,Telangana,40,Adilabad,532,Mandamarri,,19.3423,78.55,1,ramakrishnapur
IN,India,India,504301,Kyathanpalli,Telangana,40,Adilabad,532,Mandamarri,,19.3423,78.55,1,kyathanpalli
IN,India,India,504302,Naspur,Telangana,40,Adilabad,532,Mancherial,,19.5158,78.574,4,naspur
IN,India,India,504302,Coal Chemical Complex,Telangana,40,Adilabad,532,Mancherial,,19.5158,78.574,3,coal-chemical-complex
IN,India,India,504302,Singapur,Telangana,40,Adilabad,532,Luxettipet,,19.5158,78.574,4,singapur
IN,India,India,504303,Srirampur Colony,Telangana,40,Adilabad,532,Mancherial,,19.3423,78.55,1,srirampur-colony
IN,India,India,504304,Patnapur,Telangana,40,Adilabad,532,Boath,,19.3445,78.2715,4,patnapur
IN,India,India,504304,Dehgaon,Telangana,40,Adilabad,532,Boath,,19.6419,78.3252,4,dehgaon
IN,India,India,504304,Ghanpur,Telangana,40,Adilabad,532,Boath,,19.4435,78.2711,4,ghanpur
IN,India,India,504304,Pardi (K),Telangana,40,Adilabad,532,Boath,,19.4128,78.3051,3,pardi-k
IN,India,India,504304,Bazar Hathnur,Telangana,40,Adilabad,532,Boath,,19.4128,78.3051,3,bazar-hathnur
IN,India,India,504304,Marlapally,Telangana,40,Adilabad,532,Boath,,19.4128,78.3051,3,marlapally
IN,India,India,504304,Koutha (B),Telangana,40,Adilabad,532,Boath,,19.4128,78.3051,3,koutha-b
IN,India,India,504304,Jatharla,Telangana,40,Adilabad,532,Boath,,19.4128,78.3051,3,jatharla
IN,India,India,504304,Gokonda,Telangana,40,Adilabad,532,Boath,,19.4128,78.3051,3,gokonda
IN,India,India,504304,Dhannoor,Telangana,40,Adilabad,532,Boath,,19.4128,78.3051,3,dhannoor
IN,India,India,504304,Bhutai,Telangana,40,Adilabad,532,Boath,,19.4128,78.3051,3,bhutai
IN,India,India,504304,Kuchlapur,Telangana,40,Adilabad,532,Boath,,19.4128,78.3051,3,kuchlapur
IN,India,India,504304,Sonala,Telangana,40,Adilabad,532,Boath,,19.4184,78.3172,4,sonala
IN,India,India,504304,Pochera,Telangana,40,Adilabad,532,Boath,,19.3375,78.3637,4,pochera
IN,India,India,504304,Karathwada,Telangana,40,Adilabad,532,Boath,,19.3589,78.2981,4,karathwada
IN,India,India,504304,Boath,Telangana,40,Adilabad,532,Boath,,19.3477,78.3171,4,boath
IN,India,India,504304,Chintalbori,Telangana,40,Adilabad,532,Boath,,19.4104,78.277,4,chintalbori
IN,India,India,504306,Rampur,Telangana,40,Adilabad,532,Nirmal,,19.4526,78.5741,4,rampur
IN,India,India,504306,Dilawarpur,Telangana,40,Adilabad,532,Nirmal,,19.5158,78.574,4,dilawarpur
IN,India,India,504306,Kalwa,Telangana,40,Adilabad,532,Nirmal,,19.5158,78.574,3,kalwa
IN,India,India,504306,Chityal,Telangana,40,Adilabad,532,Nirmal,,19.5158,78.574,4,chityal
IN,India,India,504306,Mujgi,Telangana,40,Adilabad,532,Nirmal,,19.5158,78.574,3,mujgi
IN,India,India,504306,Gundampalli,Telangana,40,Adilabad,532,Nirmal,,19.5158,78.574,4,gundampalli
IN,India,India,504306,Sirgapur,Telangana,40,Adilabad,532,Nirmal,,19.5158,78.574,3,sirgapur
IN,India,India,504306,Bansapalli,Telangana,40,Adilabad,532,Nirmal,,19.5158,78.574,3,bansapalli
IN,India,India,504306,Birvelli,Telangana,40,Adilabad,532,Nirmal,,19.5158,78.574,3,birvelli
IN,India,India,504307,Rampur,Telangana,40,Adilabad,532,Boath,,19.466,78.4125,4,rampur
IN,India,India,504307,Malyal,Telangana,40,Adilabad,532,Boath,,19.5158,78.574,4,malyal
IN,India,India,504307,Pipri,Telangana,40,Adilabad,532,Bazarhathnoor,,19.4273,78.4151,4,pipri
IN,India,India,504307,Girjam,Telangana,40,Adilabad,532,Boath,,19.4069,78.4741,4,girjam
IN,India,India,504307,Talamadri,Telangana,40,Adilabad,532,Boath,,19.4086,78.5132,4,talamadri
IN,India,India,504307,Narsapur,Telangana,40,Adilabad,532,Boath,,19.3538,78.5051,4,narsapur
IN,India,India,504307,Mukhra (B),Telangana,40,Adilabad,532,Boath,,19.3112,78.5934,3,mukhra-b
IN,India,India,504307,Sirchelma,Telangana,40,Adilabad,532,Boath,,19.3112,78.5934,3,sirchelma
IN,India,India,504307,Soanpally,Telangana,40,Adilabad,532,Boath,,19.3112,78.5934,3,soanpally
IN,India,India,504307,Tembi,Telangana,40,Adilabad,532,Boath,,19.3112,78.5934,3,tembi
IN,India,India,504307,Powna,Telangana,40,Adilabad,532,Boath,,19.3112,78.5934,3,powna
IN,India,India,504307,Kokasmannur,Telangana,40,Adilabad,532,Boath,,19.3112,78.5934,3,kokasmannur
IN,India,India,504307,Girnoor,Telangana,40,Adilabad,532,Boath,,19.3112,78.5934,3,girnoor
IN,India,India,504307,Boregaon,Telangana,40,Adilabad,532,Boath,,19.4602,78.4961,4,boregaon
IN,India,India,504307,Sirkonda,Telangana,40,Adilabad,532,Boath,,19.4226,78.5614,4,sirkonda
IN,India,India,504307,Echoda,Telangana,40,Adilabad,532,Boath,,19.3112,78.5934,3,echoda
IN,India,India,504307,Adegaon,Telangana,40,Adilabad,532,Boath,,19.4165,78.4411,4,adegaon
IN,India,India,504308,Sitagondi,Telangana,40,Adilabad,532,Adilabad,,19.5158,78.574,3,sitagondi
IN,India,India,504308,Gurjamannur,Telangana,40,Adilabad,532,Boath,,19.5158,78.574,3,gurjamannur
IN,India,India,504308,Gudihatnoor,Telangana,40,Adilabad,532,Boath,,19.5158,78.574,3,gudihatnoor
IN,India,India,504308,Muthnur,Telangana,40,Adilabad,532,Boath,,19.5158,78.574,3,muthnur
IN,India,India,504308,Palli (B),Telangana,40,Adilabad,532,Adilabad,,19.5158,78.574,3,palli-b
IN,India,India,504308,Tosham,Telangana,40,Adilabad,532,Utnoor,,19.5158,78.574,3,tosham
IN,India,India,504308,Devapur,Telangana,40,Adilabad,532,Adilabad,,19.6121,78.4598,4,devapur
IN,India,India,504308,Shantapur,Telangana,40,Adilabad,532,Boath,,19.5158,78.574,4,shantapur
IN,India,India,504308,Bharampur,Telangana,40,Adilabad,532,Adilabad,,19.5973,78.412,4,bharampur
IN,India,India,504308,Kolhari,Telangana,40,Adilabad,532,Boath,,19.4441,78.332,4,kolhari
IN,India,India,504308,Waghapur,Telangana,40,Adilabad,532,Adilabad,,19.5158,78.574,3,waghapur
IN,India,India,504309,Bela,Telangana,40,Adilabad,532,Adilabad,,19.7198,78.7715,4,bela
IN,India,India,504309,Gumma (Adilabad),Telangana,40,Adilabad,532,Adilabad,,19.6355,78.7946,3,gumma-adilabad
IN,India,India,504309,Khogdur,Telangana,40,Adilabad,532,Adilabad,,19.6355,78.7946,3,khogdur
IN,India,India,504309,Ghotkuri,Telangana,40,Adilabad,532,Adilabad,,19.6355,78.7946,3,ghotkuri
IN,India,India,504309,Sirsanna,Telangana,40,Adilabad,532,Adilabad,,19.6355,78.7946,3,sirsanna
IN,India,India,504309,Koora,Telangana,40,Adilabad,532,Adilabad,,19.6355,78.7946,3,koora
IN,India,India,504309,Deepaiguda,Telangana,40,Adilabad,532,Adilabad,,19.6355,78.7946,3,deepaiguda
IN,India,India,504309,Chaprala,Telangana,40,Adilabad,532,Adilabad,,19.6355,78.7946,3,chaprala
IN,India,India,504309,Nirala,Telangana,40,Adilabad,532,Adilabad,,19.6355,78.7946,3,nirala
IN,India,India,504309,Lachampur,Telangana,40,Adilabad,532,Jainad,,19.6355,78.7946,3,lachampur
IN,India,India,504309,Pendalwada,Telangana,40,Adilabad,532,Adilabad,,19.6355,78.7946,3,pendalwada
IN,India,India,504309,Jainad,Telangana,40,Adilabad,532,Adilabad,,19.6355,78.7946,3,jainad
IN,India,India,504309,Akoli,Telangana,40,Adilabad,532,Adilabad,,19.7621,78.6027,4,akoli
IN,India,India,504309,Guda,Telangana,40,Adilabad,532,Adilabad,,19.5158,78.574,4,guda
IN,India,India,504309,Sawapur,Telangana,40,Adilabad,532,Adilabad,,19.7629,78.5844,4,sawapur
IN,India,India,504309,Sangvi,Telangana,40,Adilabad,532,Adilabad,,19.5158,78.574,4,sangvi
IN,India,India,504310,Mamda,Telangana,40,Adilabad,532,Nirmal,,19.5158,78.574,4,mamda
IN,India,India,504310,Rajura,Telangana,40,Adilabad,532,Nirmal,,19.5158,78.574,4,rajura
IN,India,India,504310,Tandra,Telangana,40,Adilabad,532,Nirmal,,19.415,78.6939,4,tandra
IN,India,India,504310,Parimandal,Telangana,40,Adilabad,532,Nirmal,,19.5158,78.574,3,parimandal
IN,India,India,504310,Dimmadurthy,Telangana,40,Adilabad,532,Nirmal,,19.5158,78.574,3,dimmadurthy
IN,India,India,504310,Ponkal,Telangana,40,Adilabad,532,Nirmal,,19.5158,78.574,4,ponkal
IN,India,India,504310,Chintalchanda,Telangana,40,Adilabad,532,Nirmal,,19.5158,78.574,3,chintalchanda
IN,India,India,504310,Medpalli,Telangana,40,Adilabad,532,Nirmal,,19.5158,78.574,4,medpalli
IN,India,India,504310,Kamalkot,Telangana,40,Adilabad,532,Nirmal,,19.5158,78.574,3,kamalkot
IN,India,India,504310,Kortakal,Telangana,40,Adilabad,532,Nirmal,,19.5158,78.574,3,kortakal
IN,India,India,504311,Kothapalli,Telangana,40,Adilabad,532,Sirpur,,19.5158,78.574,4,kothapalli
IN,India,India,504311,Sangvi,Telangana,40,Adilabad,532,Utnoor,,19.5158,78.574,4,sangvi
IN,India,India,504311,Gunjala,Telangana,40,Adilabad,532,Utnoor,,19.5158,78.574,4,gunjala
IN,India,India,504311,Nagapur,Telangana,40,Adilabad,532,Utnoor,,19.4168,78.7514,4,nagapur
IN,India,India,504311,Lakkaram,Telangana,40,Adilabad,532,Utnoor,,19.3728,78.7832,4,lakkaram
IN,India,India,504311,Patnapur,Telangana,40,Adilabad,532,Utnoor,,19.5158,78.574,4,patnapur
IN,India,India,504311,Mankapur,Telangana,40,Adilabad,532,Utnoor,,19.4873,78.844,4,mankapur
IN,India,India,504311,Dhaba,Telangana,40,Adilabad,532,Utnoor,,19.4059,78.5432,4,dhaba
IN,India,India,504311,Khairdatwa,Telangana,40,Adilabad,532,Utnoor,,19.5252,78.8243,4,khairdatwa
IN,India,India,504311,Ghanpur,Telangana,40,Adilabad,532,Utnoor,,19.4435,78.2711,4,ghanpur
IN,India,India,504311,Dantanpalli,Telangana,40,Adilabad,532,Utnoor,,19.326,78.8183,4,dantanpalli
IN,India,India,504311,Hasnapur,Telangana,40,Adilabad,532,Utnoor,,19.4172,78.7968,4,hasnapur
IN,India,India,504311,Gadiguda,Telangana,40,Adilabad,532,Utnoor,,19.2993,78.7046,3,gadiguda
IN,India,India,504311,Ootnur,Telangana,40,Adilabad,532,Utnoor,,19.2993,78.7046,3,ootnur
IN,India,India,504311,Gudamamda,Telangana,40,Adilabad,532,Utnoor,,19.2993,78.7046,3,gudamamda
IN,India,India,504311,Birsaipet,Telangana,40,Adilabad,532,Utnoor,,19.2872,78.8115,4,birsaipet
IN,India,India,504311,Bheempur,Telangana,40,Adilabad,532,Utnoor,,19.2993,78.7046,3,bheempur
IN,India,India,504311,Tadihadapnur,Telangana,40,Adilabad,532,Narnoor,,19.2993,78.7046,3,tadihadapnur
IN,India,India,504311,Narnoor,Telangana,40,Adilabad,532,Utnoor,,19.2993,78.7046,3,narnoor
IN,India,India,504311,Nagalkonda,Telangana,40,Adilabad,532,Utnoor,,19.2993,78.7046,3,nagalkonda
IN,India,India,504311,Chandur,Telangana,40,Adilabad,532,Utnoor,,19.5158,78.574,4,chandur
IN,India,India,504312,Arli (T),Telangana,40,Adilabad,532,Adilabad,,19.7206,78.3782,3,arli-t
IN,India,India,504312,Talamadugu,Telangana,40,Adilabad,532,Adilabad,,19.6431,78.3943,4,talamadugu
IN,India,India,504312,Jhary,Telangana,40,Adilabad,532,Adilabad,,19.7206,78.3782,3,jhary
IN,India,India,504312,Karanji,Telangana,40,Adilabad,532,Adilabad,,19.8565,78.3132,4,karanji
IN,India,India,504312,Gonedhanora,Telangana,40,Adilabad,532,Tamsi,,19.7206,78.3782,3,gonedhanora
IN,India,India,504312,Kapparla,Telangana,40,Adilabad,532,Adilabad,,19.7206,78.3782,3,kapparla
IN,India,India,504312,Tamsi,Telangana,40,Adilabad,532,Adilabad,,19.6874,78.4238,4,tamsi
IN,India,India,504312,Kosai R.S.,Telangana,40,Adilabad,532,Adilabad,,19.7206,78.3782,3,kosai-r-s
IN,India,India,504312,Kuchlapur,Telangana,40,Adilabad,532,Adilabad,,19.7206,78.3782,3,kuchlapur
IN,India,India,504312,Pippalkoti,Telangana,40,Adilabad,532,Adilabad,,19.7206,78.3782,3,pippalkoti
IN,India,India,504312,Ruyyadi,Telangana,40,Adilabad,532,Adilabad,,19.7206,78.3782,3,ruyyadi
IN,India,India,504312,Sunkidi,Telangana,40,Adilabad,532,Adilabad,,19.7206,78.3782,3,sunkidi
IN,India,India,504312,Lingi,Telangana,40,Adilabad,532,Adilabad,,19.6954,78.3814,4,lingi
IN,India,India,504313,Lingapur,Telangana,40,Adilabad,532,Utnoor,,19.5214,78.5338,4,lingapur
IN,India,India,504313,Kanchanpalli,Telangana,40,Adilabad,532,Utnoor,,19.5158,78.574,4,kanchanpalli
IN,India,India,504313,Rasimetta,Telangana,40,Adilabad,532,Utnoor,,19.5158,78.574,4,rasimetta
IN,India,India,504313,Ushegaon,Telangana,40,Adilabad,532,Jainoor,,19.5158,78.574,3,ushegaon
IN,India,India,504313,Sirpur (U),Telangana,40,Adilabad,532,Utnoor,,19.5158,78.574,3,sirpur-u
IN,India,India,504313,Jainoor,Telangana,40,Adilabad,532,Utnoor,,19.5158,78.574,3,jainoor
IN,India,India,504313,Ashepally,Telangana,40,Adilabad,532,Utnoor,,19.5158,78.574,3,ashepally
IN,India,India,504313,Shettihadapnur,Telangana,40,Adilabad,532,Utnoor,,19.5158,78.574,3,shettihadapnur
IN,India,India,504313,Dhaboli,Telangana,40,Adilabad,532,Utnoor,,19.5158,78.574,3,dhaboli
IN,India,India,504313,Phulara,Telangana,40,Adilabad,532,Utnoor,,19.5158,78.574,3,phulara
IN,India,India,504313,Netnoor,Telangana,40,Adilabad,532,Utnoor,,19.5158,78.574,3,netnoor
IN,India,India,504313,Marlawai,Telangana,40,Adilabad,532,Utnoor,,19.5158,78.574,4,marlawai
IN,India,India,504313,Pangdi,Telangana,40,Adilabad,532,Utnoor,,19.5049,78.4309,4,pangdi
IN,India,India,504313,Mahagaon,Telangana,40,Adilabad,532,Sirpur,,19.4968,78.8306,4,mahagaon
IN,India,India,504313,Mamidipalli,Telangana,40,Adilabad,532,Utnoor,,19.5158,78.574,4,mamidipalli
IN,India,India,504313,Chorpalli,Telangana,40,Adilabad,532,Utnoor,,19.5158,78.574,4,chorpalli
IN,India,India,504313,Jamni,Telangana,40,Adilabad,532,Utnoor,,19.655,78.6974,4,jamni
IN,India,India,504323,Gowliguda,Telangana,40,Adilabad,532,Neradigonda,,19.5158,78.574,3,gowliguda
IN,India,India,504323,Koratkal,Telangana,40,Adilabad,532,Nirmal,,19.5158,78.574,4,koratkal
IN,India,India,504323,Buggaram,Telangana,40,Adilabad,532,Neradigonda,,19.2895,78.4385,4,buggaram
IN,India,India,504323,Wankidi,Telangana,40,Adilabad,532,Boath,,19.5158,78.574,3,wankidi
IN,India,India,504323,Kumhari,Telangana,40,Adilabad,532,Boath,,19.5158,78.574,3,kumhari
IN,India,India,504323,Tarnam,Telangana,40,Adilabad,532,Boath,,19.5158,78.574,3,tarnam
IN,India,India,504323,Neradigonda,Telangana,40,Adilabad,532,Boath,,19.5158,78.574,3,neradigonda
IN,India,India,504323,Waddur,Telangana,40,Adilabad,532,Boath,,19.5158,78.574,3,waddur
IN,India,India,504346,Pipri,Telangana,40,Adilabad,532,Utnoor,,19.5403,78.59,4,pipri
IN,India,India,504346,Umri,Telangana,40,Adilabad,532,Utnoor,,19.4421,78.7456,4,umri
IN,India,India,504346,Narsapur,Telangana,40,Adilabad,532,Utnoor,,19.485,78.741,4,narsapur
IN,India,India,504346,Shampur,Telangana,40,Adilabad,532,Utnoor,,19.4199,78.7422,4,shampur
IN,India,India,504346,Wadgaon,Telangana,40,Adilabad,532,Utnoor,,19.5158,78.574,4,wadgaon
IN,India,India,504346,Keslapur,Telangana,40,Adilabad,532,Utnoor,,19.4857,78.6269,4,keslapur
IN,India,India,504346,Pulimadugu,Telangana,40,Adilabad,532,Utnoor,,19.4143,78.5709,3,pulimadugu
IN,India,India,504346,Ginnera,Telangana,40,Adilabad,532,Utnoor,,19.4143,78.5709,3,ginnera
IN,India,India,504346,Indervelli,Telangana,40,Adilabad,532,Utnoor,,19.4143,78.5709,3,indervelli
IN,India,India,504346,Dhanora(B),Telangana,40,Adilabad,532,Utnoor,,19.4143,78.5709,3,dhanora-b
IN,India,India,504346,Chichdhari Khanapur,Telangana,40,Adilabad,532,Utnoor,,19.4143,78.5709,3,chichdhari-khanapur
IN,India,India,504346,Muthnur,Telangana,40,Adilabad,532,Utnoor,,19.4143,78.5709,3,muthnur
IN,India,India,504346,Gourapur,Telangana,40,Adilabad,532,Utnoor,,19.4143,78.5709,3,gourapur
IN,India,India,504346,Salewada,Telangana,40,Adilabad,532,Utnoor,,19.4143,78.5709,3,salewada
IN,India,India,504346,Yenda,Telangana,40,Adilabad,532,Utnoor,,19.4143,78.5709,3,yenda
IN,India,India,504346,Dasnapur,Telangana,40,Adilabad,532,Utnoor,,19.4482,78.6129,4,dasnapur
IN,India,India,504346,Harkapur,Telangana,40,Adilabad,532,Utnoor,,19.4143,78.5709,3,harkapur
IN,India,India,503001,Shivajinagar (Nizamabad),Telangana,40,Nizamabad,533,Nizamabad,,18.696,78.2131,3,shivajinagar-nizamabad
IN,India,India,503001,Phullong,Telangana,40,Nizamabad,533,Nizamabad,,18.696,78.2131,3,phullong
IN,India,India,503001,Jawahar Road,Telangana,40,Nizamabad,533,Nizamabad,,18.696,78.2131,3,jawahar-road
IN,India,India,503001,Kotagalli,Telangana,40,Nizamabad,533,Nizamabad,,18.696,78.2131,3,kotagalli
IN,India,India,503001,Gajulpet,Telangana,40,Nizamabad,533,Nizamabad,,18.696,78.2131,4,gajulpet
IN,India,India,503001,Nizamabad H.O,Telangana,40,Nizamabad,533,Nizamabad,,18.696,78.2131,3,nizamabad-h-o
IN,India,India,503002,Subhashnagar (Nizamabad),Telangana,40,Nizamabad,533,Nizamabad,,18.6828,78.1153,3,subhashnagar-nizamabad
IN,India,India,503002,Gurbabadi,Telangana,40,Nizamabad,533,Nizamabad,,18.6828,78.1153,3,gurbabadi
IN,India,India,503002,Kanteshwar,Telangana,40,Nizamabad,533,Nizamabad,,18.6828,78.1153,4,kanteshwar
IN,India,India,503003,Khanapur,Telangana,40,Nizamabad,533,Nizamabad,,18.696,78.2131,4,khanapur
IN,India,India,503003,Mamidipalli,Telangana,40,Nizamabad,533,Nizamabad,,18.7772,78.2962,4,mamidipalli
IN,India,India,503003,Kallur,Telangana,40,Nizamabad,533,Nizamabad,,18.6271,77.7765,4,kallur
IN,India,India,503003,Mallaram,Telangana,40,Nizamabad,533,Nizamabad,,18.8602,78.1199,4,mallaram
IN,India,India,503003,Mubaraknagar,Telangana,40,Nizamabad,533,Nizamabad,,18.798,78.2048,3,mubaraknagar
IN,India,India,503003,Nizamabad RS,Telangana,40,Nizamabad,533,Nizamabad,,18.798,78.2048,3,nizamabad-rs
IN,India,India,503003,Boregaon (K),Telangana,40,Nizamabad,533,Nizamabad,,18.798,78.2048,3,boregaon-k
IN,India,India,503003,Amrad,Telangana,40,Nizamabad,533,Nizamabad,,18.798,78.2048,3,amrad
IN,India,India,503003,Manikbhandar,Telangana,40,Nizamabad,533,Nizamabad,,18.798,78.2048,3,manikbhandar
IN,India,India,503003,Mjp Nagar,Telangana,40,Nizamabad,533,Nizamabad,,18.798,78.2048,3,mjp-nagar
IN,India,India,503003,Valmikinagar,Telangana,40,Nizamabad,533,NA,,18.798,78.2048,3,valmikinagar
IN,India,India,503003,Yellammagutta,Telangana,40,Nizamabad,533,Nizamabad,,18.798,78.2048,3,yellammagutta
IN,India,India,503003,Madanpalli,Telangana,40,Nizamabad,533,Nizamabad,,18.6813,78.1856,4,madanpalli
IN,India,India,503101,Kachapur,Telangana,40,Nizamabad,533,Kamareddy,,18.696,78.2131,4,kachapur
IN,India,India,503101,Mallareddy Kalan,Telangana,40,Nizamabad,533,Kamareddy,,18.443,78.5019,3,mallareddy-kalan
IN,India,India,503101,Bhikno R.S.,Telangana,40,Nizamabad,533,Bhiknoor,,18.443,78.5019,3,bhikno-r-s
IN,India,India,503101,Bhagirathipalli,Telangana,40,Nizamabad,533,Kamareddy,,18.443,78.5019,3,bhagirathipalli
IN,India,India,503101,Thippapur,Telangana,40,Nizamabad,533,Kamareddy,,18.443,78.5019,3,thippapur
IN,India,India,503101,Bhiknoor,Telangana,40,Nizamabad,533,Kamareddy,,18.443,78.5019,3,bhiknoor
IN,India,India,503101,Mahmadpur,Telangana,40,Nizamabad,533,Kamareddy,,18.443,78.5019,3,mahmadpur
IN,India,India,503101,Baswapur,Telangana,40,Nizamabad,533,Kamareddy,,18.5062,77.8185,4,baswapur
IN,India,India,503101,Rameshwarpalli,Telangana,40,Nizamabad,533,Kamareddy,,18.696,78.2131,4,rameshwarpalli
IN,India,India,503102,Anthampalli,Telangana,40,Nizamabad,533,Kamareddy,,18.696,78.2131,3,anthampalli
IN,India,India,503102,Talmadla,Telangana,40,Nizamabad,533,Kamareddy,,18.696,78.2131,4,talmadla
IN,India,India,503102,Jangampalli,Telangana,40,Nizamabad,533,Kamareddy,,18.696,78.2131,4,jangampalli
IN,India,India,503102,Lingupalli,Telangana,40,Nizamabad,533,Kamareddy,,18.696,78.2131,3,lingupalli
IN,India,India,503102,Narsannapalli,Telangana,40,Nizamabad,533,Kamareddy,,18.696,78.2131,3,narsannapalli
IN,India,India,503102,Pondurthy,Telangana,40,Nizamabad,533,Kamareddy,,18.696,78.2131,3,pondurthy
IN,India,India,503108,Tandur,Telangana,40,Nizamabad,533,Kamareddy,,18.696,78.2131,4,tandur
IN,India,India,503108,Chinnur,Telangana,40,Nizamabad,533,Kamareddy,,18.696,78.2131,4,chinnur
IN,India,India,503108,Nagireddypet,Telangana,40,Nizamabad,533,Kamareddy,,18.696,78.2131,3,nagireddypet
IN,India,India,503108,Malthummeda,Telangana,40,Nizamabad,533,Kamareddy,,18.696,78.2131,3,malthummeda
IN,India,India,503108,Pocharam,Telangana,40,Nizamabad,533,Kamareddy,,18.696,78.2131,4,pocharam
IN,India,India,503108,Shetpalli,Telangana,40,Nizamabad,533,Lingampet,,18.696,78.2131,4,shetpalli
IN,India,India,503110,Rajampet,Telangana,40,Nizamabad,533,Kamareddy,,18.696,78.2131,4,rajampet
IN,India,India,503110,Gundaram,Telangana,40,Nizamabad,533,Kamareddy,,18.696,78.2131,4,gundaram
IN,India,India,503110,Baswannapalli,Telangana,40,Nizamabad,533,Kamareddy,,18.696,78.2131,4,baswannapalli
IN,India,India,503110,Chinnamallareddy,Telangana,40,Nizamabad,533,Kamareddy,,18.696,78.2131,3,chinnamallareddy
IN,India,India,503110,Yellareddypalli,Telangana,40,Nizamabad,533,Kamareddy,,18.696,78.2131,3,yellareddypalli
IN,India,India,503110,Argonda,Telangana,40,Nizamabad,533,Kamareddy,,18.696,78.2131,4,argonda
IN,India,India,503110,Kondapur,Telangana,40,Nizamabad,533,Kamareddy,,18.696,78.2131,4,kondapur
IN,India,India,503110,Thimmakapalli,Telangana,40,Nizamabad,533,Kamareddy,,18.696,78.2131,3,thimmakapalli
IN,India,India,503110,Chitial,Telangana,40,Nizamabad,533,Kamareddy,,18.696,78.2131,4,chitial
IN,India,India,503111,Kamareddy H.O,Telangana,40,Nizamabad,533,Nizamabad,,18.696,78.2131,1,kamareddy-h-o
IN,India,India,503112,Ghanpur,Telangana,40,Nizamabad,533,Machareddy,,18.696,78.2131,4,ghanpur
IN,India,India,503112,Bhavanipet,Telangana,40,Nizamabad,533,Kamareddy,,18.696,78.2131,3,bhavanipet
IN,India,India,503112,Krishnajivadi,Telangana,40,Nizamabad,533,Kamareddy,,18.696,78.2131,3,krishnajivadi
IN,India,India,503112,Brahmanpalli,Telangana,40,Nizamabad,533,Kamareddy,,18.696,78.2131,4,brahmanpalli
IN,India,India,503112,Keysanpalli,Telangana,40,Nizamabad,533,Kamareddy,,18.696,78.2131,3,keysanpalli
IN,India,India,503112,Kamareddy RS,Telangana,40,Nizamabad,533,Kamareddy,,18.696,78.2131,3,kamareddy-rs
IN,India,India,503112,Kamareddy Arts & Science,Telangana,40,Nizamabad,533,Kamareddy,,18.696,78.2131,3,kamareddy-arts-science
IN,India,India,503112,Lingapur,Telangana,40,Nizamabad,533,Kamareddy,,18.696,78.2131,4,lingapur
IN,India,India,503112,Adloor,Telangana,40,Nizamabad,533,Kamareddy,,18.696,78.2131,3,adloor
IN,India,India,503112,Devanappli,Telangana,40,Nizamabad,533,Kamareddy,,18.696,78.2131,3,devanappli
IN,India,India,503112,Tekriyal,Telangana,40,Nizamabad,533,Kamareddy,,18.696,78.2131,3,tekriyal
IN,India,India,503112,Ugrawai,Telangana,40,Nizamabad,533,Kamareddy,,18.696,78.2131,3,ugrawai
IN,India,India,503112,Chukkapur,Telangana,40,Nizamabad,533,Kamareddy,,18.696,78.2131,3,chukkapur
IN,India,India,503112,Yellappagonda,Telangana,40,Nizamabad,533,Kamareddy,,18.696,78.2131,3,yellappagonda
IN,India,India,503112,Machareddy,Telangana,40,Nizamabad,533,Kamareddy,,18.696,78.2131,3,machareddy
IN,India,India,503112,Lachapet,Telangana,40,Nizamabad,533,Kamareddy,,18.696,78.2131,3,lachapet
IN,India,India,503112,Palvancha,Telangana,40,Nizamabad,533,Machareddy,,18.696,78.2131,3,palvancha
IN,India,India,503114,Methusangam,Telangana,40,Nizamabad,533,Kamareddy,,18.696,78.2131,3,methusangam
IN,India,India,503114,Neeral,Telangana,40,Nizamabad,533,Kamareddy,,18.696,78.2131,3,neeral
IN,India,India,503114,Gandhari,Telangana,40,Nizamabad,533,Kamareddy,,18.696,78.2131,4,gandhari
IN,India,India,503114,Pothangalkalan,Telangana,40,Nizamabad,533,Kamareddy,,18.696,78.2131,3,pothangalkalan
IN,India,India,503114,Gurjal,Telangana,40,Nizamabad,533,Kamareddy,,18.696,78.2131,4,gurjal
IN,India,India,503120,Karadpalli,Telangana,40,Nizamabad,533,Kamareddy,,18.696,78.2131,3,karadpalli
IN,India,India,503120,Tadwai,Telangana,40,Nizamabad,533,Kamareddy,,18.696,78.2131,3,tadwai
IN,India,India,503120,Motha,Telangana,40,Nizamabad,533,Kamareddy,,18.696,78.2131,3,motha
IN,India,India,503120,Endriyal,Telangana,40,Nizamabad,533,Kamareddy,,18.696,78.2131,3,endriyal
IN,India,India,503120,Yerrapahad,Telangana,40,Nizamabad,533,Kamareddy,,18.696,78.2131,4,yerrapahad
IN,India,India,503120,Nandiwada,Telangana,40,Nizamabad,533,Kamareddy,,18.696,78.2131,4,nandiwada
IN,India,India,503120,Kankal,Telangana,40,Nizamabad,533,Kamareddy,,18.696,78.2131,4,kankal
IN,India,India,503120,Demi,Telangana,40,Nizamabad,533,Kamareddy,,18.696,78.2131,4,demi
IN,India,India,503122,Masanipet,Telangana,40,Nizamabad,533,Yellareddy,,18.696,78.2131,3,masanipet
IN,India,India,503122,Jalalpur,Telangana,40,Nizamabad,533,Yellareddy,,18.696,78.2131,4,jalalpur
IN,India,India,503122,Yellutla,Telangana,40,Nizamabad,533,Yellareddy,,18.696,78.2131,3,yellutla
IN,India,India,503122,Jangamaipalli,Telangana,40,Nizamabad,533,Yellareddy,,18.696,78.2131,4,jangamaipalli
IN,India,India,503122,Bhavanipet,Telangana,40,Nizamabad,533,Yellareddy,,18.696,78.2131,3,bhavanipet
IN,India,India,503122,Bollaram,Telangana,40,Nizamabad,533,Yellareddy,,18.696,78.2131,4,bollaram
IN,India,India,503122,Yellareddy,Telangana,40,Nizamabad,533,Yellareddy,,18.696,78.2131,3,yellareddy
IN,India,India,503122,Bikkanur,Telangana,40,Nizamabad,533,Yellareddy,,18.696,78.2131,3,bikkanur
IN,India,India,503122,Rudraram,Telangana,40,Nizamabad,533,Yellareddy,,18.696,78.2131,4,rudraram
IN,India,India,503122,Gundiwait,Telangana,40,Nizamabad,533,Yellareddy,,18.696,78.2131,3,gundiwait
IN,India,India,503122,Machapur,Telangana,40,Nizamabad,533,Yellareddy,,18.696,78.2131,4,machapur
IN,India,India,503122,Atmakur,Telangana,40,Nizamabad,533,Yellareddy,,18.696,78.2131,4,atmakur
IN,India,India,503122,Mathumal,Telangana,40,Nizamabad,533,Yellareddy,,18.696,78.2131,3,mathumal
IN,India,India,503122,Lingareddy,Telangana,40,Nizamabad,533,Yellareddy,,18.696,78.2131,3,lingareddy
IN,India,India,503122,Kalyani,Telangana,40,Nizamabad,533,Yellareddy,,18.696,78.2131,3,kalyani
IN,India,India,503122,Timmapur,Telangana,40,Nizamabad,533,Yellareddy,,18.696,78.2131,4,timmapur
IN,India,India,503122,Adivilingal,Telangana,40,Nizamabad,533,Yellareddy,,18.696,78.2131,3,adivilingal
IN,India,India,503123,Anchanoor,Telangana,40,Nizamabad,533,Kamareddy,,18.696,78.2131,3,anchanoor
IN,India,India,503123,Faridpet,Telangana,40,Nizamabad,533,Kamareddy,,18.696,78.2131,4,faridpet
IN,India,India,503123,Muthyampet,Telangana,40,Nizamabad,533,Kamareddy,,18.696,78.2131,3,muthyampet
IN,India,India,503123,Amberipet,Telangana,40,Nizamabad,533,Kamareddy,,18.696,78.2131,3,amberipet
IN,India,India,503123,Sangameshwar,Telangana,40,Nizamabad,533,Kamareddy,,18.696,78.2131,3,sangameshwar
IN,India,India,503123,Domakonda,Telangana,40,Nizamabad,533,Kamareddy,,18.696,78.2131,4,domakonda
IN,India,India,503124,Perumalla,Telangana,40,Nizamabad,533,Kamareddy,,18.696,78.2131,3,perumalla
IN,India,India,503124,Shetpalli,Telangana,40,Nizamabad,533,Kamareddy,,18.696,78.2131,4,shetpalli
IN,India,India,503124,Lingampet,Telangana,40,Nizamabad,533,Kamareddy,,18.696,78.2131,4,lingampet
IN,India,India,503124,Korpole,Telangana,40,Nizamabad,533,Kamareddy,,18.696,78.2131,3,korpole
IN,India,India,503124,Pothiapalli,Telangana,40,Nizamabad,533,Kamareddy,,18.696,78.2131,3,pothiapalli
IN,India,India,503124,Polkampet,Telangana,40,Nizamabad,533,Kamareddy,,18.696,78.2131,3,polkampet
IN,India,India,503124,Lingampalli,Telangana,40,Nizamabad,533,Kamareddy,,18.696,78.2131,4,lingampalli
IN,India,India,503125,Issanagar,Telangana,40,Nizamabad,533,Kamareddy,,18.696,78.2131,3,issanagar
IN,India,India,503125,Jangaon,Telangana,40,Nizamabad,533,Kamareddy,,18.696,78.2131,4,jangaon
IN,India,India,503125,Tujlapur,Telangana,40,Nizamabad,533,Kamareddy,,18.696,78.2131,3,tujlapur
IN,India,India,503125,Bibipet,Telangana,40,Nizamabad,533,Kamareddy,,18.696,78.2131,4,bibipet
IN,India,India,503125,Yadaram,Telangana,40,Nizamabad,533,Kamareddy,,18.696,78.2131,4,yadaram
IN,India,India,503125,Malkapur,Telangana,40,Nizamabad,533,Kamareddy,,18.696,78.2131,4,malkapur
IN,India,India,503144,Moshampur,Telangana,40,Nizamabad,533,Kamareddy,,18.696,78.2131,3,moshampur
IN,India,India,503144,Isrojiwadi,Telangana,40,Nizamabad,533,Kamareddy,,18.696,78.2131,3,isrojiwadi
IN,India,India,503144,Esaipet,Telangana,40,Nizamabad,533,Kamareddy,,18.696,78.2131,3,esaipet
IN,India,India,503144,Gidda,Telangana,40,Nizamabad,533,Kamareddy,,18.696,78.2131,4,gidda
IN,India,India,503144,Uppalwai,Telangana,40,Nizamabad,533,Kamareddy,,18.696,78.2131,3,uppalwai
IN,India,India,503144,Reddypet,Telangana,40,Nizamabad,533,Kamareddy,,18.696,78.2131,3,reddypet
IN,India,India,503144,Posanipet,Telangana,40,Nizamabad,533,Kamareddy,,18.696,78.2131,4,posanipet
IN,India,India,503144,Somarampet,Telangana,40,Nizamabad,533,Kamareddy,,18.696,78.2131,3,somarampet
IN,India,India,503144,Ramareddy,Telangana,40,Nizamabad,533,Kamareddy,,18.696,78.2131,4,ramareddy
IN,India,India,503144,Maddikunta,Telangana,40,Nizamabad,533,Kamareddy,,18.696,78.2131,4,maddikunta
IN,India,India,503144,Gargul,Telangana,40,Nizamabad,533,Kamareddy,,18.696,78.2131,4,gargul
IN,India,India,503144,Annaram,Telangana,40,Nizamabad,533,Kamareddy,,18.696,78.2131,4,annaram
IN,India,India,503145,Padmajiwadi,Telangana,40,Nizamabad,533,Kamareddy,,18.696,78.2131,3,padmajiwadi
IN,India,India,503145,Adloor,Telangana,40,Nizamabad,533,Kamareddy,,18.696,78.2131,3,adloor
IN,India,India,503145,Dharmaraopet,Telangana,40,Nizamabad,533,Kamareddy,,18.696,78.2131,4,dharmaraopet
IN,India,India,503145,Utnoor,Telangana,40,Nizamabad,533,Kamareddy,,18.696,78.2131,3,utnoor
IN,India,India,503145,Sadasivanagar,Telangana,40,Nizamabad,533,Kamareddy,,18.696,78.2131,3,sadasivanagar
IN,India,India,503145,Kupriyal,Telangana,40,Nizamabad,533,Kamareddy,,18.696,78.2131,3,kupriyal
IN,India,India,503145,Markal,Telangana,40,Nizamabad,533,Kamareddy,,18.696,78.2131,4,markal
IN,India,India,503145,Bhoompalli,Telangana,40,Nizamabad,533,Kamareddy,,18.696,78.2131,3,bhoompalli
IN,India,India,503145,Kalwaral,Telangana,40,Nizamabad,533,Kamareddy,,18.696,78.2131,3,kalwaral
IN,India,India,503164,Ramadgu,Telangana,40,Nizamabad,533,Armoor,,18.696,78.2131,3,ramadgu
IN,India,India,503164,Yellareddypalli,Telangana,40,Nizamabad,533,Armoor,,18.696,78.2131,3,yellareddypalli
IN,India,India,503164,Sirnapalli R.S.,Telangana,40,Nizamabad,533,Armoor,,18.696,78.2131,3,sirnapalli-r-s
IN,India,India,503164,Mittapalli,Telangana,40,Nizamabad,533,Armoor,,18.696,78.2131,4,mittapalli
IN,India,India,503164,Kamalapur,Telangana,40,Nizamabad,533,Armoor,,18.696,78.2131,3,kamalapur
IN,India,India,503164,Chandrayanpalli,Telangana,40,Nizamabad,533,Dichpalle,,18.696,78.2131,4,chandrayanpalli
IN,India,India,503164,Indalwai,Telangana,40,Nizamabad,533,Dichpalle,,18.696,78.2131,3,indalwai
IN,India,India,503164,Mallapur,Telangana,40,Nizamabad,533,Armoor,,18.696,78.2131,4,mallapur
IN,India,India,503164,Rampur,Telangana,40,Nizamabad,533,Armoor,,18.696,78.2131,4,rampur
IN,India,India,503164,Ansanpalli,Telangana,40,Nizamabad,533,NA,,18.5626,78.3193,4,ansanpalli
IN,India,India,503164,Indalwai RS,Telangana,40,Nizamabad,533,Armoor,,18.696,78.2131,3,indalwai-rs
IN,India,India,503164,Nallapalli,Telangana,40,Nizamabad,533,Armoor,,18.5106,78.2776,4,nallapalli
IN,India,India,503164,Gannaram,Telangana,40,Nizamabad,533,Armoor,,18.5038,77.7885,4,gannaram
IN,India,India,503164,Sudlam,Telangana,40,Nizamabad,533,Armoor,,18.6451,78.3138,4,sudlam
IN,India,India,503165,Sirkonda,Telangana,40,Nizamabad,533,Armoor,,18.5806,78.4513,4,sirkonda
IN,India,India,503165,Dubbak,Telangana,40,Nizamabad,533,Armoor,,18.696,78.2131,4,dubbak
IN,India,India,503165,Gadkole,Telangana,40,Nizamabad,533,Armoor,,18.696,78.2131,3,gadkole
IN,India,India,503165,Valgodkalan,Telangana,40,Nizamabad,533,Armoor,,18.696,78.2131,3,valgodkalan
IN,India,India,503165,Toompalli,Telangana,40,Nizamabad,533,Armoor,,18.696,78.2131,3,toompalli
IN,India,India,503165,Damannapet,Telangana,40,Nizamabad,533,Armoor,,18.696,78.2131,4,damannapet
IN,India,India,503165,Rautla,Telangana,40,Nizamabad,533,Armoor,,18.696,78.2131,3,rautla
IN,India,India,503165,Nyavanandi,Telangana,40,Nizamabad,533,Armoor,,18.696,78.2131,3,nyavanandi
IN,India,India,503165,Challagarga,Telangana,40,Nizamabad,533,Armoor,,18.696,78.2131,3,challagarga
IN,India,India,503165,Chimanpalli,Telangana,40,Nizamabad,533,Armoor,,18.696,78.2131,3,chimanpalli
IN,India,India,503165,Darpalli,Telangana,40,Nizamabad,533,Dharpalle,,18.696,78.2131,3,darpalli
IN,India,India,503165,Hanojipet,Telangana,40,Nizamabad,533,Armoor,,18.696,78.2131,3,hanojipet
IN,India,India,503165,Kondur,Telangana,40,Nizamabad,533,Armoor,,18.5889,78.4317,4,kondur
IN,India,India,503174,APSP Camp (Nizamabad),Telangana,40,Nizamabad,533,Armoor,,18.696,78.2131,1,apsp-camp-nizamabad
IN,India,India,503175,Yanampalli,Telangana,40,Nizamabad,533,Armoor,,18.6315,78.2516,4,yanampalli
IN,India,India,503175,Dichpalli,Telangana,40,Nizamabad,533,Armoor,,18.5881,78.2048,4,dichpalli
IN,India,India,503175,Kulaspur,Telangana,40,Nizamabad,533,Armoor,,18.696,78.2131,3,kulaspur
IN,India,India,503175,Mullangi,Telangana,40,Nizamabad,533,Armoor,,18.696,78.2131,3,mullangi
IN,India,India,503175,Nadpalli,Telangana,40,Nizamabad,533,Armoor,,18.696,78.2131,3,nadpalli
IN,India,India,503175,Kanjar,Telangana,40,Nizamabad,533,Armoor,,18.696,78.2131,3,kanjar
IN,India,India,503175,Kaligot,Telangana,40,Nizamabad,533,Armoor,,18.696,78.2131,3,kaligot
IN,India,India,503175,Sikkindrapur,Telangana,40,Nizamabad,533,Armoor,,18.696,78.2131,3,sikkindrapur
IN,India,India,503175,Chakarnpalli,Telangana,40,Nizamabad,533,Armoor,,18.696,78.2131,3,chakarnpalli
IN,India,India,503175,Dichpalli RS,Telangana,40,Nizamabad,533,Dichpalle,,18.696,78.2131,3,dichpalli-rs
IN,India,India,503175,Suddapalli,Telangana,40,Nizamabad,533,Armoor,,18.696,78.2131,4,suddapalli
IN,India,India,503175,Doosgaon,Telangana,40,Nizamabad,533,Armoor,,18.696,78.2131,3,doosgaon
IN,India,India,503175,Koratpalli,Telangana,40,Nizamabad,533,Armoor,,18.696,78.2131,3,koratpalli
IN,India,India,503175,Padkal,Telangana,40,Nizamabad,533,Armoor,,18.696,78.2131,4,padkal
IN,India,India,503175,Keshpalli,Telangana,40,Nizamabad,533,Armoor,,18.696,78.2131,3,keshpalli
IN,India,India,503175,Mentrajpalli,Telangana,40,Nizamabad,533,Armoor,,18.696,78.2131,3,mentrajpalli
IN,India,India,503180,Amdapur,Telangana,40,Nizamabad,533,Nizamabad,,18.696,78.2131,4,amdapur
IN,India,India,503180,Shakkarnagar,Telangana,40,Nizamabad,533,Nizamabad,,18.696,78.2131,3,shakkarnagar
IN,India,India,503180,Eraspalli,Telangana,40,Nizamabad,533,Nizamabad,,18.696,78.2131,3,eraspalli
IN,India,India,503180,Camp Ootpalli,Telangana,40,Nizamabad,533,NA,,18.696,78.2131,3,camp-ootpalli
IN,India,India,503180,Narsapur,Telangana,40,Nizamabad,533,Nizamabad,,18.696,78.2131,4,narsapur
IN,India,India,503185,Hansa,Telangana,40,Nizamabad,533,Bodhan,,18.696,78.2131,3,hansa
IN,India,India,503185,Mavandikalan,Telangana,40,Nizamabad,533,Bodhan,,18.696,78.2131,3,mavandikalan
IN,India,India,503185,Raithunagar,Telangana,40,Nizamabad,533,Bodhan,,18.696,78.2131,3,raithunagar
IN,India,India,503185,Rakasipet,Telangana,40,Nizamabad,533,Bodhan,,18.696,78.2131,3,rakasipet
IN,India,India,503185,Pentakurd,Telangana,40,Nizamabad,533,Bodhan,,18.696,78.2131,3,pentakurd
IN,India,India,503185,Salampahad,Telangana,40,Nizamabad,533,Bodhan,,18.696,78.2131,3,salampahad
IN,India,India,503185,Kaldurki,Telangana,40,Nizamabad,533,Bodhan,,18.696,78.2131,3,kaldurki
IN,India,India,503185,Mandarna,Telangana,40,Nizamabad,533,Bodhan,,18.696,78.2131,3,mandarna
IN,India,India,503185,Saloora,Telangana,40,Nizamabad,533,Bodhan,,18.696,78.2131,3,saloora
IN,India,India,503185,Jadijamalpur,Telangana,40,Nizamabad,533,Bodhan,,18.696,78.2131,3,jadijamalpur
IN,India,India,503185,Sangam,Telangana,40,Nizamabad,533,Bodhan,,18.696,78.2131,4,sangam
IN,India,India,503185,Khazipur,Telangana,40,Nizamabad,533,Bodhan,,18.696,78.2131,4,khazipur
IN,India,India,503185,Bodhan (Nizamabad),Telangana,40,Nizamabad,533,Bodhan,,18.6621,77.8858,4,bodhan-nizamabad
IN,India,India,503186,Gundaram,Telangana,40,Nizamabad,533,Nizamabad,,18.7183,78.0647,4,gundaram
IN,India,India,503186,Jankampet,Telangana,40,Nizamabad,533,Nizamabad,,18.7067,78.0233,4,jankampet
IN,India,India,503186,Pocharam,Telangana,40,Nizamabad,533,Nizamabad,,18.71,77.9991,4,pocharam
IN,India,India,503186,Ananthagiri,Telangana,40,Nizamabad,533,Nizamabad,,18.7936,78.2025,3,ananthagiri
IN,India,India,503186,Arsapalli,Telangana,40,Nizamabad,533,Nizamabad,,18.7936,78.2025,3,arsapalli
IN,India,India,503186,Sarangapur,Telangana,40,Nizamabad,533,Nizamabad,,18.696,78.2131,4,sarangapur
IN,India,India,503187,Banswada,Telangana,40,Nizamabad,533,Banswada,,18.696,78.2131,4,banswada
IN,India,India,503187,Gouraram,Telangana,40,Nizamabad,533,Banswada,,18.696,78.2131,3,gouraram
IN,India,India,503187,Thirumalapur,Telangana,40,Nizamabad,533,Banswada,,18.696,78.2131,3,thirumalapur
IN,India,India,503187,Wajidnagar,Telangana,40,Nizamabad,533,Bichkunda,,18.696,78.2131,3,wajidnagar
IN,India,India,503187,Tadkole,Telangana,40,Nizamabad,533,Banswada,,18.696,78.2131,3,tadkole
IN,India,India,503187,Ibrahimpet,Telangana,40,Nizamabad,533,Banswada,,18.696,78.2131,4,ibrahimpet
IN,India,India,503187,Mudholi,Telangana,40,Nizamabad,533,Banswada,,18.696,78.2131,3,mudholi
IN,India,India,503187,Madduchervu,Telangana,40,Nizamabad,533,Banswada,,18.696,78.2131,3,madduchervu
IN,India,India,503187,Borlam,Telangana,40,Nizamabad,533,Banswada,,18.696,78.2131,4,borlam
IN,India,India,503187,Komalancha,Telangana,40,Nizamabad,533,Banswada,,18.696,78.2131,3,komalancha
IN,India,India,503187,Bandaranjal,Telangana,40,Nizamabad,533,Banswada,,18.696,78.2131,3,bandaranjal
IN,India,India,503187,Hanmajipet,Telangana,40,Nizamabad,533,Banswada,,18.696,78.2131,3,hanmajipet
IN,India,India,503187,Rampur,Telangana,40,Nizamabad,533,Lingampet,,18.696,78.2131,4,rampur
IN,India,India,503187,Budmi,Telangana,40,Nizamabad,533,Banswada,,18.696,78.2131,4,budmi
IN,India,India,503187,Konapur,Telangana,40,Nizamabad,533,Banswada,,18.696,78.2131,4,konapur
IN,India,India,503187,Galipur,Telangana,40,Nizamabad,533,Banswada,,18.696,78.2131,4,galipur
IN,India,India,503187,Desaipet,Telangana,40,Nizamabad,533,Banswada,,18.696,78.2131,4,desaipet
IN,India,India,503187,Singitham,Telangana,40,Nizamabad,533,Banswada,,18.696,78.2131,3,singitham
IN,India,India,503188,Rudrur,Telangana,40,Nizamabad,533,Nizamabad,,18.5837,77.8793,4,rudrur
IN,India,India,503188,Ranampalli,Telangana,40,Nizamabad,533,Nizamabad,,18.5946,77.8666,4,ranampalli
IN,India,India,503188,Rudr R.S.,Telangana,40,Nizamabad,533,Varni,,18.5891,77.873,3,rudr-r-s
IN,India,India,503188,Raikur,Telangana,40,Nizamabad,533,Nizamabad,,18.5891,77.873,3,raikur
IN,India,India,503188,Anandnagar,Telangana,40,Nizamabad,533,Nizamabad,,18.5891,77.873,3,anandnagar
IN,India,India,503188,Teglaipalli,Telangana,40,Nizamabad,533,Nizamabad,,18.5891,77.873,3,teglaipalli
IN,India,India,503201,Jalalpur,Telangana,40,Nizamabad,533,Nizamabad,,18.5082,77.9695,4,jalalpur
IN,India,India,503201,Varni,Telangana,40,Nizamabad,533,Nizamabad,,18.696,78.2131,3,varni
IN,India,India,503201,Old Varni,Telangana,40,Nizamabad,533,Varni,,18.696,78.2131,3,old-varni
IN,India,India,503201,Srinagar,Telangana,40,Nizamabad,533,Nizamabad,,18.696,78.2131,4,srinagar
IN,India,India,503201,Jakhora,Telangana,40,Nizamabad,533,Nizamabad,,18.5167,77.9272,4,jakhora
IN,India,India,503202,Mangalpahad,Telangana,40,Nizamabad,533,Nizamabad,,18.6563,77.9756,4,mangalpahad
IN,India,India,503202,Jamlam,Telangana,40,Nizamabad,533,Nizamabad,,18.6906,77.9737,4,jamlam
IN,India,India,503202,Thanakalan,Telangana,40,Nizamabad,533,Nizamabad,,18.7566,78.2482,3,thanakalan
IN,India,India,503202,Mahabub Farm,Telangana,40,Nizamabad,533,Nizamabad,,18.7566,78.2482,3,mahabub-farm
IN,India,India,503202,Edapalli,Telangana,40,Nizamabad,533,Yedpalle,,18.696,78.2131,4,edapalli
IN,India,India,503202,Kurnapalli,Telangana,40,Nizamabad,533,Nizamabad,,18.6371,77.9913,4,kurnapalli
IN,India,India,503206,Govur,Telangana,40,Nizamabad,533,Nizamabad,,18.5976,77.9485,4,govur
IN,India,India,503206,Chandur,Telangana,40,Nizamabad,533,Nizamabad,,18.567,77.9538,4,chandur
IN,India,India,503206,Ghanpur,Telangana,40,Nizamabad,533,Nizamabad,,18.5741,77.9306,4,ghanpur
IN,India,India,503206,Chintakunta,Telangana,40,Nizamabad,533,Nizamabad,,18.5838,77.9793,4,chintakunta
IN,India,India,503206,Humnapur,Telangana,40,Nizamabad,533,Nizamabad,,18.5668,77.9205,4,humnapur
IN,India,India,503206,Mosra,Telangana,40,Nizamabad,533,Nizamabad,,18.5779,77.9465,3,mosra
IN,India,India,503206,Malkapoor,Telangana,40,Nizamabad,533,Nizamabad,,18.5779,77.9465,3,malkapoor
IN,India,India,503207,Kallur,Telangana,40,Nizamabad,533,Nizamabad,,18.6271,77.7765,4,kallur
IN,India,India,503207,Kothapalli,Telangana,40,Nizamabad,533,Nizamabad,,18.7102,78.5523,4,kothapalli
IN,India,India,503207,Yethonda,Telangana,40,Nizamabad,533,Nizamabad,,18.6159,77.8214,4,yethonda
IN,India,India,503207,Hangarga,Telangana,40,Nizamabad,533,Nizamabad,,18.7913,77.8733,4,hangarga
IN,India,India,503207,Sunkini,Telangana,40,Nizamabad,533,Nizamabad,,18.696,78.2131,3,sunkini
IN,India,India,503207,Hegdoli,Telangana,40,Nizamabad,533,Nizamabad,,18.6089,77.7785,4,hegdoli
IN,India,India,503207,Kotgir,Telangana,40,Nizamabad,533,Nizamabad,,18.5724,77.8242,4,kotgir
IN,India,India,503207,Domaledgi,Telangana,40,Nizamabad,533,Nizamabad,,18.696,78.2131,3,domaledgi
IN,India,India,503207,Pothangal,Telangana,40,Nizamabad,533,Nizamabad,,18.696,78.2131,3,pothangal
IN,India,India,503207,Jillapalli,Telangana,40,Nizamabad,533,Nizamabad,,18.696,78.2131,3,jillapalli
IN,India,India,503212,Chimrajpalli,Telangana,40,Nizamabad,533,Armoor,,18.696,78.2131,3,chimrajpalli
IN,India,India,503212,Ummeda,Telangana,40,Nizamabad,533,Armoor,,18.696,78.2131,3,ummeda
IN,India,India,503212,Donkeshwar,Telangana,40,Nizamabad,533,Armoor,,18.696,78.2131,3,donkeshwar
IN,India,India,503212,Dattapur,Telangana,40,Nizamabad,533,Armoor,,18.696,78.2131,3,dattapur
IN,India,India,503212,Khudwanpur,Telangana,40,Nizamabad,533,Armoor,,18.696,78.2131,3,khudwanpur
IN,India,India,503212,Talveda,Telangana,40,Nizamabad,533,Armoor,,18.696,78.2131,3,talveda
IN,India,India,503212,Shapur,Telangana,40,Nizamabad,533,Armoor,,18.696,78.2131,3,shapur
IN,India,India,503212,Nandipet,Telangana,40,Nizamabad,533,Armoor,,18.8239,78.2964,3,nandipet
IN,India,India,503212,Noothpalli,Telangana,40,Nizamabad,533,Armoor,,18.696,78.2131,3,noothpalli
IN,India,India,503212,Narkoda Jagir,Telangana,40,Nizamabad,533,Armoor,,18.696,78.2131,3,narkoda-jagir
IN,India,India,503212,Badguni,Telangana,40,Nizamabad,533,Armoor,,18.696,78.2131,3,badguni
IN,India,India,503212,Vannel  k,Telangana,40,Nizamabad,533,Armoor,,18.696,78.2131,3,vannel-k
IN,India,India,503212,Gadepalli,Telangana,40,Nizamabad,533,Armoor,,18.9685,78.2391,4,gadepalli
IN,India,India,503212,Kondur,Telangana,40,Nizamabad,533,Armoor,,18.5889,78.4317,4,kondur
IN,India,India,503212,Marampalli,Telangana,40,Nizamabad,533,Armoor,,18.9143,78.2184,4,marampalli
IN,India,India,503213,Madhapur,Telangana,40,Nizamabad,533,Nizamabad,,18.6831,78.2268,4,madhapur
IN,India,India,503213,Kalhadi,Telangana,40,Nizamabad,533,Nizamabad,,18.696,78.2131,3,kalhadi
IN,India,India,503213,Yelmal,Telangana,40,Nizamabad,533,Nizamabad,,18.696,78.2131,3,yelmal
IN,India,India,503213,Gutpa,Telangana,40,Nizamabad,533,Nizamabad,,18.696,78.2131,3,gutpa
IN,India,India,503213,Andhranagar,Telangana,40,Nizamabad,533,NA,,18.696,78.2131,3,andhranagar
IN,India,India,503213,Mullangi,Telangana,40,Nizamabad,533,Nizamabad,,18.696,78.2131,3,mullangi
IN,India,India,503213,Deekampalli,Telangana,40,Nizamabad,533,Nizamabad,,18.696,78.2131,3,deekampalli
IN,India,India,503213,Ramchandrapalli,Telangana,40,Nizamabad,533,Nizamabad,,18.696,78.2131,4,ramchandrapalli
IN,India,India,503213,Makloor,Telangana,40,Nizamabad,533,Nizamabad,,18.7646,78.1273,4,makloor
IN,India,India,503217,Bodepalli,Telangana,40,Nizamabad,533,Armoor,,18.8595,78.3639,4,bodepalli
IN,India,India,503217,Fathepur,Telangana,40,Nizamabad,533,Armoor,,18.696,78.2131,3,fathepur
IN,India,India,503217,Chittapur,Telangana,40,Nizamabad,533,Armoor,,18.696,78.2131,4,chittapur
IN,India,India,503217,Vennel b,Telangana,40,Nizamabad,533,Armoor,,18.696,78.2131,3,vennel-b
IN,India,India,503217,Subriyal,Telangana,40,Nizamabad,533,Armoor,,18.696,78.2131,3,subriyal
IN,India,India,503217,Komanpalli,Telangana,40,Nizamabad,533,Armoor,,18.696,78.2131,3,komanpalli
IN,India,India,503217,Jalapur,Telangana,40,Nizamabad,533,Armoor,,18.696,78.2131,3,jalapur
IN,India,India,503217,Balkonda,Telangana,40,Nizamabad,533,Armoor,,18.8733,78.3356,4,balkonda
IN,India,India,503218,Nallur,Telangana,40,Nizamabad,533,Armoor,,18.941,78.3524,4,nallur
IN,India,India,503218,Mupkal,Telangana,40,Nizamabad,533,Armoor,,18.9126,78.3582,4,mupkal
IN,India,India,503218,Bussapur,Telangana,40,Nizamabad,533,Armoor,,18.6848,78.4579,3,bussapur
IN,India,India,503218,Ranjarla,Telangana,40,Nizamabad,533,Armoor,,18.6848,78.4579,3,ranjarla
IN,India,India,503218,Vencherial,Telangana,40,Nizamabad,533,Armoor,,18.6848,78.4579,3,vencherial
IN,India,India,503218,Kissannagar,Telangana,40,Nizamabad,533,Armoor,,18.6848,78.4579,3,kissannagar
IN,India,India,503218,Kothapalli,Telangana,40,Nizamabad,533,Armoor,,18.7102,78.5523,4,kothapalli
IN,India,India,503218,Nagampet,Telangana,40,Nizamabad,533,Armoor,,18.696,78.2131,4,nagampet
IN,India,India,503218,Vempalli,Telangana,40,Nizamabad,533,Armoor,,18.696,78.2131,4,vempalli
IN,India,India,503218,Shetpalli,Telangana,40,Nizamabad,533,Armoor,,18.696,78.2131,4,shetpalli
IN,India,India,503219,Savel,Telangana,40,Nizamabad,533,Armoor,,18.9547,78.4303,4,savel
IN,India,India,503219,Doodgaon,Telangana,40,Nizamabad,533,Armoor,,18.9547,78.4303,3,doodgaon
IN,India,India,503219,Soanpet,Telangana,40,Nizamabad,533,Armoor,,18.9547,78.4303,3,soanpet
IN,India,India,503219,Sriramsagar Project,Telangana,40,Nizamabad,533,Armoor,,18.9547,78.4303,3,sriramsagar-project
IN,India,India,503219,Mendora,Telangana,40,Nizamabad,533,Armoor,,18.9547,78.4303,3,mendora
IN,India,India,503219,Pochampadu LF,Telangana,40,Nizamabad,533,Armoor,,18.9547,78.4303,3,pochampadu-lf
IN,India,India,503219,Velgatur,Telangana,40,Nizamabad,533,Armoor,,18.9547,78.4303,3,velgatur
IN,India,India,503219,Doodgaon Colony,Telangana,40,Nizamabad,533,Armoor,,18.9547,78.4303,3,doodgaon-colony
IN,India,India,503223,Argul,Telangana,40,Nizamabad,533,Armoor,,18.7353,78.2748,4,argul
IN,India,India,503223,Magdi,Telangana,40,Nizamabad,533,Armoor,,18.8978,78.2533,4,magdi
IN,India,India,503223,Munpalli,Telangana,40,Nizamabad,533,Armoor,,18.7525,78.2364,4,munpalli
IN,India,India,503223,Macherla,Telangana,40,Nizamabad,533,Armoor,,18.8596,78.2043,4,macherla
IN,India,India,503223,Mamidipalli,Telangana,40,Nizamabad,533,Armoor,,18.7772,78.2962,4,mamidipalli
IN,India,India,503223,Aloor,Telangana,40,Nizamabad,533,Nizamabad,,18.7584,78.2436,3,aloor
IN,India,India,503223,Pipri,Telangana,40,Nizamabad,533,Armoor,,18.6471,78.4816,4,pipri
IN,India,India,503223,Ankapoor,Telangana,40,Nizamabad,533,Armoor,,18.7584,78.2436,3,ankapoor
IN,India,India,503223,Issapalli,Telangana,40,Nizamabad,533,Armoor,,18.7584,78.2436,3,issapalli
IN,India,India,503223,Chepur,Telangana,40,Nizamabad,533,Armoor,,18.8087,78.3307,4,chepur
IN,India,India,503223,Zirayathnagar,Telangana,40,Nizamabad,533,Armur,,18.7584,78.2436,3,zirayathnagar
IN,India,India,503223,Perkit,Telangana,40,Nizamabad,533,Armoor,,18.7584,78.2436,3,perkit
IN,India,India,503223,Govindpet,Telangana,40,Nizamabad,533,Armoor,,18.7584,78.2436,3,govindpet
IN,India,India,503223,Torlikonda,Telangana,40,Nizamabad,533,Armoor,,18.7584,78.2436,3,torlikonda
IN,India,India,503223,Mirdhapalli,Telangana,40,Nizamabad,533,Armoor,,18.7584,78.2436,3,mirdhapalli
IN,India,India,503223,Kolpak,Telangana,40,Nizamabad,533,Armoor,,18.7584,78.2436,3,kolpak
IN,India,India,503223,Khanapur,Telangana,40,Nizamabad,533,Armoor,,18.696,78.2131,4,khanapur
IN,India,India,503223,Degaon,Telangana,40,Nizamabad,533,Armoor,,18.696,78.2131,4,degaon
IN,India,India,503223,Manthani,Telangana,40,Nizamabad,533,Armoor,,18.8477,78.2549,4,manthani
IN,India,India,503224,Armoor H.O,Telangana,40,Nizamabad,533,Nizamabad,,18.6175,78.3995,1,armoor-h-o
IN,India,India,503225,Bashirabad,Telangana,40,Nizamabad,533,Armoor,,18.7793,78.509,4,bashirabad
IN,India,India,503225,Thorath,Telangana,40,Nizamabad,533,Armoor,,18.696,78.2131,3,thorath
IN,India,India,503225,Ramannapet,Telangana,40,Nizamabad,533,Armoor,,18.696,78.2131,4,ramannapet
IN,India,India,503225,Thimmapur,Telangana,40,Nizamabad,533,Armoor,,18.696,78.2131,3,thimmapur
IN,India,India,503225,Modtad,Telangana,40,Nizamabad,533,Armoor,,18.696,78.2131,3,modtad
IN,India,India,503225,Waddiyat,Telangana,40,Nizamabad,533,Armoor,,18.696,78.2131,3,waddiyat
IN,India,India,503225,Palem,Telangana,40,Nizamabad,533,Armoor,,18.696,78.2131,4,palem
IN,India,India,503225,Sunket,Telangana,40,Nizamabad,533,Armoor,,18.696,78.2131,3,sunket
IN,India,India,503230,Sirpur,Telangana,40,Nizamabad,533,Nizamabad,,18.696,78.2131,4,sirpur
IN,India,India,503230,Manchippa,Telangana,40,Nizamabad,533,Nizamabad,,18.5342,78.1142,4,manchippa
IN,India,India,503230,Boregaon,Telangana,40,Nizamabad,533,Nizamabad,,18.696,78.2131,4,boregaon
IN,India,India,503230,Mupkal,Telangana,40,Nizamabad,533,Nizamabad,,18.9126,78.3582,4,mupkal
IN,India,India,503230,Narsingpalli,Telangana,40,Nizamabad,533,Nizamabad,,19.0617,78.4788,3,narsingpalli
IN,India,India,503230,Mudakpalli,Telangana,40,Nizamabad,533,Nizamabad,,19.0617,78.4788,3,mudakpalli
IN,India,India,503230,Nyalkal,Telangana,40,Nizamabad,533,Nizamabad,,19.0617,78.4788,3,nyalkal
IN,India,India,503230,Badsi,Telangana,40,Nizamabad,533,Nizamabad,,19.0617,78.4788,3,badsi
IN,India,India,503230,Bardipur,Telangana,40,Nizamabad,533,Nizamabad,,19.0617,78.4788,3,bardipur
IN,India,India,503230,Dharmaram (Nizamabad),Telangana,40,Nizamabad,533,Nizamabad,,19.0617,78.4788,3,dharmaram-nizamabad
IN,India,India,503230,Madhavnagar,Telangana,40,Nizamabad,533,Nizamabad,,19.0617,78.4788,3,madhavnagar
IN,India,India,503235,Satapurfarm,Telangana,40,Nizamabad,533,Nizamabad,,18.696,78.2131,3,satapurfarm
IN,India,India,503235,Kandakurthi,Telangana,40,Nizamabad,533,Nizamabad,,18.696,78.2131,3,kandakurthi
IN,India,India,503235,Kandagaon,Telangana,40,Nizamabad,533,Nizamabad,,18.696,78.2131,3,kandagaon
IN,India,India,503235,Pegdapalli,Telangana,40,Nizamabad,533,Nizamabad,,18.696,78.2131,3,pegdapalli
IN,India,India,503235,Boregaon,Telangana,40,Nizamabad,533,Nizamabad,,18.696,78.2131,4,boregaon
IN,India,India,503235,Satapur,Telangana,40,Nizamabad,533,Nizamabad,,18.696,78.2131,3,satapur
IN,India,India,503235,Renjal,Telangana,40,Nizamabad,533,Renjal,,18.696,78.2131,3,renjal
IN,India,India,503235,Neela,Telangana,40,Nizamabad,533,Nizamabad,,18.696,78.2131,3,neela
IN,India,India,503235,Pentakalan,Telangana,40,Nizamabad,533,Nizamabad,,18.696,78.2131,3,pentakalan
IN,India,India,503235,ARP Camp,Telangana,40,Nizamabad,533,Nizamabad,,18.696,78.2131,3,arp-camp
IN,India,India,503235,Hangarga,Telangana,40,Nizamabad,533,Nizamabad,,18.7913,77.8733,4,hangarga
IN,India,India,503245,Dupalli,Telangana,40,Nizamabad,533,Nizamabad,,18.7257,77.9868,4,dupalli
IN,India,India,503245,Yamcha,Telangana,40,Nizamabad,533,Nizamabad,,18.7547,78.0183,3,yamcha
IN,India,India,503245,Fathenagar,Telangana,40,Nizamabad,533,Nizamabad,,18.7547,78.0183,3,fathenagar
IN,India,India,503245,Kamalapur,Telangana,40,Nizamabad,533,Nizamabad,,18.7547,78.0183,3,kamalapur
IN,India,India,503245,Konepalli,Telangana,40,Nizamabad,533,Nizamabad,,18.7547,78.0183,3,konepalli
IN,India,India,503245,Kosli,Telangana,40,Nizamabad,533,Nizamabad,,18.7547,78.0183,3,kosli
IN,India,India,503245,Nagepur,Telangana,40,Nizamabad,533,Nizamabad,,18.7547,78.0183,3,nagepur
IN,India,India,503245,Navipet,Telangana,40,Nizamabad,533,Nizamabad,,18.7733,78.0136,4,navipet
IN,India,India,503245,Maddepalli,Telangana,40,Nizamabad,533,Nizamabad,,18.7547,78.0183,3,maddepalli
IN,India,India,503245,Lakshmikisan Farm,Telangana,40,Nizamabad,533,Nizamabad,,18.7547,78.0183,3,lakshmikisan-farm
IN,India,India,503245,Mokanpalli,Telangana,40,Nizamabad,533,Nizamabad,,18.7652,78.0545,4,mokanpalli
IN,India,India,503245,Abhangapatnam,Telangana,40,Nizamabad,533,Nizamabad,,18.7547,78.0183,3,abhangapatnam
IN,India,India,503245,Tadbiloli,Telangana,40,Nizamabad,533,Nizamabad,,18.7547,78.0183,3,tadbiloli
IN,India,India,503246,Kothapalli,Telangana,40,Nizamabad,533,Nizamabad,,18.7102,78.5523,4,kothapalli
IN,India,India,503246,Palda,Telangana,40,Nizamabad,533,Nizamabad,,18.7706,78.0787,4,palda
IN,India,India,503246,Gandhinagar,Telangana,40,Nizamabad,533,Nizamabad,,18.696,78.2131,4,gandhinagar
IN,India,India,503246,Tungini,Telangana,40,Nizamabad,533,Nizamabad,,18.9663,78.3008,3,tungini
IN,India,India,503246,Gotmukla,Telangana,40,Nizamabad,533,Nizamabad,,18.9663,78.3008,3,gotmukla
IN,India,India,503246,Chikli,Telangana,40,Nizamabad,533,Nizamabad,,18.9663,78.3008,3,chikli
IN,India,India,503246,Ashok Farm,Telangana,40,Nizamabad,533,NA,,18.9663,78.3008,3,ashok-farm
IN,India,India,503246,Pothangal,Telangana,40,Nizamabad,533,Nizamabad,,18.9663,78.3008,3,pothangal
IN,India,India,503246,Jannepalli,Telangana,40,Nizamabad,533,Nizamabad,,18.9663,78.3008,3,jannepalli
IN,India,India,503246,Binola,Telangana,40,Nizamabad,533,Nizamabad,,18.9663,78.3008,3,binola
IN,India,India,503246,Nalleshwar,Telangana,40,Nizamabad,533,Nizamabad,,18.9663,78.3008,3,nalleshwar
IN,India,India,503246,Ailapur,Telangana,40,Nizamabad,533,Nizamabad,,18.9663,78.3008,3,ailapur
IN,India,India,503246,Kondur,Telangana,40,Nizamabad,533,Nizamabad,,18.9182,78.0911,4,kondur
IN,India,India,503301,Mirzapur (Nizamabad),Telangana,40,Nizamabad,533,Nizamabad,,18.6197,77.8024,4,mirzapur-nizamabad
IN,India,India,503301,Durki,Telangana,40,Nizamabad,533,Nizamabad,,18.696,78.2131,4,durki
IN,India,India,503301,Mailaram,Telangana,40,Nizamabad,533,Nizamabad,,18.6568,78.3354,4,mailaram
IN,India,India,503301,Namli,Telangana,40,Nizamabad,533,Nizamabad,,18.5668,78.003,3,namli
IN,India,India,503301,Ankole,Telangana,40,Nizamabad,533,Nizamabad,,18.5668,78.003,3,ankole
IN,India,India,503301,Nachapalli,Telangana,40,Nizamabad,533,Nizamabad,,18.5668,78.003,3,nachapalli
IN,India,India,503301,Bomandevpalli,Telangana,40,Nizamabad,533,Nizamabad,,18.5668,78.003,3,bomandevpalli
IN,India,India,503302,Nizamsagar,Telangana,40,Nizamabad,533,Kamareddy,,18.696,78.2131,4,nizamsagar
IN,India,India,503302,Vaddepalli,Telangana,40,Nizamabad,533,Kamareddy,,18.696,78.2131,3,vaddepalli
IN,India,India,503302,Mallur,Telangana,40,Nizamabad,533,Kamareddy,,18.696,78.2131,3,mallur
IN,India,India,503302,Annasagar,Telangana,40,Nizamabad,533,Kamareddy,,18.696,78.2131,4,annasagar
IN,India,India,503302,Mohammad Nagar,Telangana,40,Nizamabad,533,Kamareddy,,18.696,78.2131,3,mohammad-nagar
IN,India,India,503302,Achampet,Telangana,40,Nizamabad,533,Kamareddy,,18.696,78.2131,4,achampet
IN,India,India,503302,Hasanpalli,Telangana,40,Nizamabad,533,Kamareddy,,18.696,78.2131,4,hasanpalli
IN,India,India,503305,Baswapur,Telangana,40,Nizamabad,533,Nizamabad,,18.5062,77.8185,4,baswapur
IN,India,India,503305,Wajrakhandi,Telangana,40,Nizamabad,533,Nizamabad,,18.696,78.2131,3,wajrakhandi
IN,India,India,503305,Dongaon,Telangana,40,Nizamabad,533,Nizamabad,,18.696,78.2131,3,dongaon
IN,India,India,503305,Edgikalan,Telangana,40,Nizamabad,533,Nizamabad,,18.696,78.2131,3,edgikalan
IN,India,India,503305,Jukkal,Telangana,40,Nizamabad,533,Nizamabad,,18.696,78.2131,3,jukkal
IN,India,India,503305,Khandeballur,Telangana,40,Nizamabad,533,Nizamabad,,18.696,78.2131,3,khandeballur
IN,India,India,503305,Kolas (I),Telangana,40,Nizamabad,533,Nizamabad,,18.696,78.2131,3,kolas-i
IN,India,India,503305,Shantapur,Telangana,40,Nizamabad,533,Nizamabad,,18.696,78.2131,4,shantapur
IN,India,India,503305,Gullabuzrug,Telangana,40,Nizamabad,533,Nizamabad,,18.696,78.2131,3,gullabuzrug
IN,India,India,503306,Bichkunda,Telangana,40,Nizamabad,533,Kamareddy,,18.696,78.2131,4,bichkunda
IN,India,India,503306,Pulkal,Telangana,40,Nizamabad,533,Kamareddy,,18.696,78.2131,4,pulkal
IN,India,India,503306,Fathlapur,Telangana,40,Nizamabad,533,Kamareddy,,18.696,78.2131,3,fathlapur
IN,India,India,503306,Hasgal,Telangana,40,Nizamabad,533,Kamareddy,,18.696,78.2131,3,hasgal
IN,India,India,503306,Dhadgi,Telangana,40,Nizamabad,533,Kamareddy,,18.696,78.2131,3,dhadgi
IN,India,India,503307,Babapur,Telangana,40,Nizamabad,533,Armoor,,18.6891,78.5006,3,babapur
IN,India,India,503307,Bhimgal Buzrug,Telangana,40,Nizamabad,533,Armoor,,18.6891,78.5006,3,bhimgal-buzrug
IN,India,India,503307,Bhimgal Busstand,Telangana,40,Nizamabad,533,Bheemgal,,18.6891,78.5006,3,bhimgal-busstand
IN,India,India,503307,Narsapuram,Telangana,40,Nizamabad,533,Armoor,,18.7179,78.5393,4,narsapuram
IN,India,India,503307,Mendora,Telangana,40,Nizamabad,533,Armoor,,18.6891,78.5006,3,mendora
IN,India,India,503307,Sikandrapur,Telangana,40,Nizamabad,533,Armoor,,18.6891,78.5006,3,sikandrapur
IN,India,India,503307,Pepri,Telangana,40,Nizamabad,533,Armoor,,18.6891,78.5006,3,pepri
IN,India,India,503307,Narkhoda,Telangana,40,Nizamabad,533,Armoor,,18.6891,78.5006,3,narkhoda
IN,India,India,503307,Bhimgal,Telangana,40,Nizamabad,533,Armoor,,18.6891,78.5006,3,bhimgal
IN,India,India,503307,Janakampet,Telangana,40,Nizamabad,533,Armoor,,18.6891,78.5006,3,janakampet
IN,India,India,503307,Jagiryal,Telangana,40,Nizamabad,533,Armoor,,18.6891,78.5006,3,jagiryal
IN,India,India,503307,Chengal,Telangana,40,Nizamabad,533,Armoor,,18.6891,78.5006,3,chengal
IN,India,India,503307,Gongupalli,Telangana,40,Nizamabad,533,Armoor,,18.6891,78.5006,3,gongupalli
IN,India,India,503307,Devakkapet,Telangana,40,Nizamabad,533,Armoor,,18.6891,78.5006,3,devakkapet
IN,India,India,503307,Pallikonda,Telangana,40,Nizamabad,533,Armoor,,18.6691,78.4817,4,pallikonda
IN,India,India,503307,Bejjora,Telangana,40,Nizamabad,533,Armoor,,18.6891,78.5006,3,bejjora
IN,India,India,503307,Muchkur,Telangana,40,Nizamabad,533,Armoor,,18.6404,78.4585,4,muchkur
IN,India,India,503307,Konasamudram,Telangana,40,Nizamabad,533,Armoor,,18.729,78.5231,4,konasamudram
IN,India,India,503308,Nagapuram,Telangana,40,Nizamabad,533,Armoor,,18.8502,78.5216,4,nagapuram
IN,India,India,503308,Gummiryal,Telangana,40,Nizamabad,533,Armoor,,18.696,78.2131,3,gummiryal
IN,India,India,503308,Uploor,Telangana,40,Nizamabad,533,Armoor,,18.696,78.2131,3,uploor
IN,India,India,503308,Tadlarampur,Telangana,40,Nizamabad,533,Armoor,,18.696,78.2131,3,tadlarampur
IN,India,India,503308,Hasakothur,Telangana,40,Nizamabad,533,Armoor,,18.696,78.2131,3,hasakothur
IN,India,India,503308,Kammarpalli,Telangana,40,Nizamabad,533,Armoor,,18.696,78.2131,3,kammarpalli
IN,India,India,503308,Yergatla,Telangana,40,Nizamabad,533,Armoor,,18.696,78.2131,3,yergatla
IN,India,India,503308,Chotpalli,Telangana,40,Nizamabad,533,Armoor,,18.696,78.2131,4,chotpalli
IN,India,India,503308,Tadpakal,Telangana,40,Nizamabad,533,Armoor,,18.9453,78.4636,4,tadpakal
IN,India,India,503309,Tadgur,Telangana,40,Nizamabad,533,Madnoor,,18.696,78.2131,3,tadgur
IN,India,India,503309,Lachan,Telangana,40,Nizamabad,533,Madnoor,,18.696,78.2131,3,lachan
IN,India,India,503309,Mogha,Telangana,40,Nizamabad,533,Madnoor,,18.696,78.2131,4,mogha
IN,India,India,503309,Eklara,Telangana,40,Nizamabad,533,Madnoor,,18.696,78.2131,3,eklara
IN,India,India,503309,Kotchera,Telangana,40,Nizamabad,533,Madnoor,,18.696,78.2131,3,kotchera
IN,India,India,503309,Manoor (B),Telangana,40,Nizamabad,533,Madnoor,,18.696,78.2131,3,manoor-b
IN,India,India,503309,Madnoor,Telangana,40,Nizamabad,533,Madnoor,,18.696,78.2131,3,madnoor
IN,India,India,503309,Dongli,Telangana,40,Nizamabad,533,Madnoor,,18.696,78.2131,4,dongli
IN,India,India,503309,Hangarga,Telangana,40,Nizamabad,533,Madnoor,,18.5847,77.7634,4,hangarga
IN,India,India,503309,Limbur,Telangana,40,Nizamabad,533,Madnoor,,18.696,78.2131,4,limbur
IN,India,India,503309,Shakarga,Telangana,40,Nizamabad,533,Madnoor,,18.696,78.2131,4,shakarga
IN,India,India,503309,Gundekallur,Telangana,40,Nizamabad,533,Madnoor,,18.696,78.2131,4,gundekallur
IN,India,India,503310,Chillargi,Telangana,40,Nizamabad,533,Kamareddy,,18.696,78.2131,3,chillargi
IN,India,India,503310,Godmegaon,Telangana,40,Nizamabad,533,Kamareddy,,18.696,78.2131,3,godmegaon
IN,India,India,503310,Thimmanagar,Telangana,40,Nizamabad,533,Kamareddy,,18.696,78.2131,3,thimmanagar
IN,India,India,503310,Kodapkal Kalan,Telangana,40,Nizamabad,533,Kamareddy,,18.696,78.2131,3,kodapkal-kalan
IN,India,India,503310,Kaslabad,Telangana,40,Nizamabad,533,Kamareddy,,18.696,78.2131,4,kaslabad
IN,India,India,503310,Kotaipalli,Telangana,40,Nizamabad,533,Kamareddy,,18.696,78.2131,3,kotaipalli
IN,India,India,503310,Pitlam,Telangana,40,Nizamabad,533,Kamareddy,,18.696,78.2131,4,pitlam
IN,India,India,503310,Kodapkal Khurd,Telangana,40,Nizamabad,533,Kamareddy,,18.696,78.2131,3,kodapkal-khurd
IN,India,India,503310,Annaramkalan,Telangana,40,Nizamabad,533,Kamareddy,,18.696,78.2131,3,annaramkalan
IN,India,India,503311,Akloor,Telangana,40,Nizamabad,533,Armoor,,18.696,78.2131,3,akloor
IN,India,India,503311,Motha,Telangana,40,Nizamabad,533,Armoor,,18.696,78.2131,3,motha
IN,India,India,503311,Kuknoor,Telangana,40,Nizamabad,533,Armoor,,18.696,78.2131,3,kuknoor
IN,India,India,503311,Vailpur,Telangana,40,Nizamabad,533,Armoor,,18.696,78.2131,3,vailpur
IN,India,India,503311,Donkal,Telangana,40,Nizamabad,533,Armoor,,18.696,78.2131,4,donkal
IN,India,India,503311,Ankasapur,Telangana,40,Nizamabad,533,Armoor,,18.696,78.2131,3,ankasapur
IN,India,India,503311,Dharmora,Telangana,40,Nizamabad,533,Armoor,,18.696,78.2131,3,dharmora
IN,India,India,503311,Venkatapur,Telangana,40,Nizamabad,533,Armoor,,18.696,78.2131,4,venkatapur
IN,India,India,503311,Lakhora,Telangana,40,Nizamabad,533,Armoor,,18.7959,78.3515,4,lakhora
IN,India,India,503311,Padgal,Telangana,40,Nizamabad,533,Armoor,,18.8323,78.3785,4,padgal
IN,India,India,503321,Nasrullabad,Telangana,40,Nizamabad,533,Nizamabad,,18.696,78.2131,4,nasrullabad
IN,India,India,503321,Kistapur,Telangana,40,Nizamabad,533,Nizamabad,,18.696,78.2131,4,kistapur
IN,India,India,503321,Birkur,Telangana,40,Nizamabad,533,Nizamabad,,18.696,78.2131,4,birkur
IN,India,India,503321,Thimmapuram,Telangana,40,Nizamabad,533,Nizamabad,,18.6631,77.9191,3,thimmapuram
IN,India,India,503321,Damarancha,Telangana,40,Nizamabad,533,Nizamabad,,18.6631,77.9191,3,damarancha
IN,India,India,503321,Barangedgi,Telangana,40,Nizamabad,533,Nizamabad,,18.6631,77.9191,3,barangedgi
IN,India,India,503322,Telangana University,Telangana,40,Nizamabad,533,Nizamabad,,18.6631,77.9191,1,telangana-university
IN,India,India,505001,Dist. Court Building,Telangana,40,Karim Nagar,534,Karimnagar,,18.3624,79.1723,1,dist-court-building
IN,India,India,505001,Jawaharnagar (Karim Nagar),Telangana,40,Karim Nagar,534,Karimnagar,,18.3624,79.1723,1,jawaharnagar-karim-nagar
IN,India,India,505001,Collectorate Complex,Telangana,40,Karim Nagar,534,Karimnagar,,18.3624,79.1723,1,collectorate-complex
IN,India,India,505001,Jublikaman,Telangana,40,Karim Nagar,534,Karimnagar,,18.3624,79.1723,1,jublikaman
IN,India,India,505001,Ramnagar (Karim Nagar),Telangana,40,Karim Nagar,534,Karimnagar,,18.3624,79.1723,1,ramnagar-karim-nagar
IN,India,India,505001,Karimnagar H.O,Telangana,40,Karim Nagar,534,Karimnagar,,18.3624,79.1723,1,karimnagar-h-o
IN,India,India,505002,Chegurthi,Telangana,40,Karim Nagar,534,Karimnagar,,18.3624,79.1723,3,chegurthi
IN,India,India,505002,Mukharampura,Telangana,40,Karim Nagar,534,NA,,18.3624,79.1723,3,mukharampura
IN,India,India,505002,Vidyaranyapuri,Telangana,40,Karim Nagar,534,Karimnagar,,18.3624,79.1723,3,vidyaranyapuri
IN,India,India,505002,Satavahana University Campus,Telangana,40,Karim Nagar,534,Karimnagar,,18.3624,79.1723,3,satavahana-university-campus
IN,India,India,505002,Chinthakunta,Telangana,40,Karim Nagar,534,Karimnagar,,18.3624,79.1723,3,chinthakunta
IN,India,India,505002,Left Flank Katta Rampur,Telangana,40,Karim Nagar,534,Karimnagar,,18.3624,79.1723,3,left-flank-katta-rampur
IN,India,India,505002,Kamanpur,Telangana,40,Karim Nagar,534,Karimnagar,,18.449,79.0431,4,kamanpur
IN,India,India,505002,Bommakal,Telangana,40,Karim Nagar,534,Karimnagar,,18.1613,79.3396,4,bommakal
IN,India,India,505002,Arepalli,Telangana,40,Karim Nagar,534,NA,,18.3807,79.1183,4,arepalli
IN,India,India,505002,Durshed,Telangana,40,Karim Nagar,534,Karimnagar,,18.4586,79.1883,4,durshed
IN,India,India,505101,Uppal (Karim Nagar),Telangana,40,Karim Nagar,534,NA,,18.376,79.2449,3,uppal-karim-nagar
IN,India,India,505101,Dandepalli,Telangana,40,Karim Nagar,534,NA,,18.376,79.2449,4,dandepalli
IN,India,India,505101,Bheempalli,Telangana,40,Karim Nagar,534,NA,,18.376,79.2449,3,bheempalli
IN,India,India,505101,Bavpet,Telangana,40,Karim Nagar,534,NA,,18.376,79.2449,3,bavpet
IN,India,India,505101,Kandugula,Telangana,40,Karim Nagar,534,NA,,18.376,79.2449,3,kandugula
IN,India,India,505101,Dharmarajpalli,Telangana,40,Karim Nagar,534,NA,,18.196,79.4697,4,dharmarajpalli
IN,India,India,505101,Kannur,Telangana,40,Karim Nagar,534,NA,,18.376,79.2449,4,kannur
IN,India,India,505102,Ambala,Telangana,40,Karim Nagar,534,NA,,18.376,79.2449,4,ambala
IN,India,India,505102,Kanaparthi,Telangana,40,Karim Nagar,534,NA,,18.376,79.2449,3,kanaparthi
IN,India,India,505102,Madannapeta,Telangana,40,Karim Nagar,534,NA,,18.376,79.2449,3,madannapeta
IN,India,India,505102,Keshavapur,Telangana,40,Karim Nagar,534,NA,,18.376,79.2449,3,keshavapur
IN,India,India,505102,Vangapalli,Telangana,40,Karim Nagar,534,NA,,18.376,79.2449,4,vangapalli
IN,India,India,505102,Buttareddy Gudem,Telangana,40,Karim Nagar,534,NA,,18.376,79.2449,3,buttareddy-gudem
IN,India,India,505102,Deshrajpalli,Telangana,40,Karim Nagar,534,NA,,18.376,79.2449,3,deshrajpalli
IN,India,India,505102,Guniparthi,Telangana,40,Karim Nagar,534,NA,,18.376,79.2449,3,guniparthi
IN,India,India,505102,Shanigaram,Telangana,40,Karim Nagar,534,NA,,18.376,79.2449,3,shanigaram
IN,India,India,505102,Kamalapur (Karim Nagar),Telangana,40,Karim Nagar,534,Huzurabad,,18.376,79.2449,3,kamalapur-karim-nagar
IN,India,India,505102,Nerella,Telangana,40,Karim Nagar,534,NA,,18.376,79.2449,3,nerella
IN,India,India,505102,Tihimmapur,Telangana,40,Karim Nagar,534,NA,,18.376,79.2449,3,tihimmapur
IN,India,India,505102,Gudur,Telangana,40,Karim Nagar,534,NA,,18.376,79.2449,4,gudur
IN,India,India,505122,Mallial,Telangana,40,Karim Nagar,534,NA,,18.2585,79.5356,4,mallial
IN,India,India,505122,Dharmaram,Telangana,40,Karim Nagar,534,NA,,18.3038,79.4892,4,dharmaram
IN,India,India,505122,Gundedu,Telangana,40,Karim Nagar,534,NA,,18.2294,79.5194,4,gundedu
IN,India,India,505122,Chelpur,Telangana,40,Karim Nagar,534,NA,,18.2672,79.5066,3,chelpur
IN,India,India,505122,Yellanthakunta,Telangana,40,Karim Nagar,534,NA,,18.2672,79.5066,3,yellanthakunta
IN,India,India,505122,Kanagarthi,Telangana,40,Karim Nagar,534,NA,,18.2672,79.5066,3,kanagarthi
IN,India,India,505122,Sarsaid,Telangana,40,Karim Nagar,534,NA,,18.2672,79.5066,3,sarsaid
IN,India,India,505122,Shaimpet,Telangana,40,Karim Nagar,534,NA,,18.376,79.2449,4,shaimpet
IN,India,India,505122,Madupalli,Telangana,40,Karim Nagar,534,NA,,18.376,79.2449,4,madupalli
IN,India,India,505122,Jammikunta,Telangana,40,Karim Nagar,534,Jammikunta,,18.2921,79.472,4,jammikunta
IN,India,India,505129,Bedigal,Telangana,40,Karim Nagar,534,NA,,18.3373,79.4651,3,bedigal
IN,India,India,505129,Kareemabadi,Telangana,40,Karim Nagar,534,Huzurabad,,18.3373,79.4651,3,kareemabadi
IN,India,India,505129,Pothireddy Palli,Telangana,40,Karim Nagar,534,NA,,18.3373,79.4651,3,pothireddy-palli
IN,India,India,505129,Korapalli,Telangana,40,Karim Nagar,534,NA,,18.3373,79.4651,4,korapalli
IN,India,India,505129,Valbhapur,Telangana,40,Karim Nagar,534,NA,,18.3373,79.4651,3,valbhapur
IN,India,India,505129,Kaniparthi,Telangana,40,Karim Nagar,534,NA,,18.3373,79.4651,3,kaniparthi
IN,India,India,505129,Machinapalli,Telangana,40,Karim Nagar,534,Jammikunta,,18.3373,79.4651,3,machinapalli
IN,India,India,505152,Odela,Telangana,40,Karim Nagar,534,NA,,18.376,79.2449,4,odela
IN,India,India,505152,Pothkapalli,Telangana,40,Karim Nagar,534,Huzurabad,,18.376,79.2449,3,pothkapalli
IN,India,India,505152,Komera,Telangana,40,Karim Nagar,534,NA,,18.376,79.2449,3,komera
IN,India,India,505152,Indurthi,Telangana,40,Karim Nagar,534,NA,,18.376,79.2449,3,indurthi
IN,India,India,505152,Kanagarthi,Telangana,40,Karim Nagar,534,NA,,18.376,79.2449,3,kanagarthi
IN,India,India,505152,Gumpula,Telangana,40,Karim Nagar,534,NA,,18.376,79.2449,3,gumpula
IN,India,India,505152,Pandilla,Telangana,40,Karim Nagar,534,NA,,18.376,79.2449,3,pandilla
IN,India,India,505152,Madaka,Telangana,40,Karim Nagar,534,NA,,18.376,79.2449,4,madaka
IN,India,India,505152,Shanagonda,Telangana,40,Karim Nagar,534,NA,,18.376,79.2449,3,shanagonda
IN,India,India,505153,Rathapalli,Telangana,40,Karim Nagar,534,NA,,18.376,79.2449,3,rathapalli
IN,India,India,505153,Mirzampet,Telangana,40,Karim Nagar,534,NA,,18.376,79.2449,3,mirzampet
IN,India,India,505153,Tharupalli,Telangana,40,Karim Nagar,534,NA,,18.376,79.2449,3,tharupalli
IN,India,India,505153,Kalvasrirampur,Telangana,40,Karim Nagar,534,Huzurabad,,18.376,79.2449,3,kalvasrirampur
IN,India,India,505153,Purupalli,Telangana,40,Karim Nagar,534,NA,,18.376,79.2449,3,purupalli
IN,India,India,505153,Keshanapalli,Telangana,40,Karim Nagar,534,NA,,18.376,79.2449,3,keshanapalli
IN,India,India,505153,Mallial,Telangana,40,Karim Nagar,534,NA,,18.2585,79.5356,4,mallial
IN,India,India,505153,Gangaram,Telangana,40,Karim Nagar,534,Srirampur,,18.376,79.2449,4,gangaram
IN,India,India,505153,Kistampet,Telangana,40,Karim Nagar,534,NA,,18.376,79.2449,4,kistampet
IN,India,India,505153,Motlapalli,Telangana,40,Karim Nagar,534,NA,,18.376,79.2449,4,motlapalli
IN,India,India,505162,Kothapalli,Telangana,40,Karim Nagar,534,NA,,18.376,79.2449,4,kothapalli
IN,India,India,505162,Kolanur,Telangana,40,Karim Nagar,534,NA,,18.376,79.2449,3,kolanur
IN,India,India,505162,Regadi Maddikunta,Telangana,40,Karim Nagar,534,NA,,18.376,79.2449,3,regadi-maddikunta
IN,India,India,505162,Mulasala,Telangana,40,Karim Nagar,534,NA,,18.376,79.2449,3,mulasala
IN,India,India,505162,Maidpalli,Telangana,40,Karim Nagar,534,NA,,18.376,79.2449,3,maidpalli
IN,India,India,505162,Pegadapalli,Telangana,40,Karim Nagar,534,NA,,18.376,79.2449,4,pegadapalli
IN,India,India,505172,Peddapalli RS,Telangana,40,Karim Nagar,534,Peddapalle,,18.376,79.2449,1,peddapalli-rs
IN,India,India,505172,Peddapalli H.O,Telangana,40,Karim Nagar,534,Peddapalli,,18.376,79.2449,1,peddapalli-h-o
IN,India,India,505174,Peddakalvala,Telangana,40,Karim Nagar,534,NA,,18.376,79.2449,3,peddakalvala
IN,India,India,505174,Peddabonkur,Telangana,40,Karim Nagar,534,NA,,18.376,79.2449,3,peddabonkur
IN,India,India,505174,Rampalli,Telangana,40,Karim Nagar,534,NA,,18.376,79.2449,4,rampalli
IN,India,India,505174,Appannapet,Telangana,40,Karim Nagar,534,NA,,18.376,79.2449,3,appannapet
IN,India,India,505174,Chinnakalavala,Telangana,40,Karim Nagar,534,NA,,18.376,79.2449,3,chinnakalavala
IN,India,India,505174,Vennampalli,Telangana,40,Karim Nagar,534,NA,,18.376,79.2449,3,vennampalli
IN,India,India,505174,Mangampet,Telangana,40,Karim Nagar,534,NA,,18.376,79.2449,4,mangampet
IN,India,India,505174,T Maddikunta,Telangana,40,Karim Nagar,534,NA,,18.376,79.2449,3,t-maddikunta
IN,India,India,505174,Bojannapet,Telangana,40,Karim Nagar,534,NA,,18.376,79.2449,4,bojannapet
IN,India,India,505174,Raghavapur,Telangana,40,Karim Nagar,534,NA,,18.376,79.2449,3,raghavapur
IN,India,India,505174,Pp Colony,Telangana,40,Karim Nagar,534,Peddapalli,,18.376,79.2449,3,pp-colony
IN,India,India,505174,Chandapalli,Telangana,40,Karim Nagar,534,Peddapalle,,18.376,79.2449,4,chandapalli
IN,India,India,505174,Maredugonda,Telangana,40,Karim Nagar,534,NA,,18.376,79.2449,3,maredugonda
IN,India,India,505174,Nittur,Telangana,40,Karim Nagar,534,NA,,18.376,79.2449,4,nittur
IN,India,India,505174,Kunaram,Telangana,40,Karim Nagar,534,NA,,18.376,79.2449,3,kunaram
IN,India,India,505184,Manthani,Telangana,40,Karim Nagar,534,NA,,18.376,79.2449,4,manthani
IN,India,India,505184,Dharmaram,Telangana,40,Karim Nagar,534,Manthani,,18.3038,79.4892,4,dharmaram
IN,India,India,505184,Nagaram,Telangana,40,Karim Nagar,534,NA,,18.376,79.2449,4,nagaram
IN,India,India,505184,Khammampalli,Telangana,40,Karim Nagar,534,NA,,18.376,79.2449,4,khammampalli
IN,India,India,505184,Mallaram,Telangana,40,Karim Nagar,534,NA,,18.376,79.2449,4,mallaram
IN,India,India,505184,Gopalpur,Telangana,40,Karim Nagar,534,NA,,18.376,79.2449,4,gopalpur
IN,India,India,505184,Gujulapalli,Telangana,40,Karim Nagar,534,Manthani,,18.1468,79.3154,3,gujulapalli
IN,India,India,505184,Gunjapadugu,Telangana,40,Karim Nagar,534,NA,,18.1468,79.3154,3,gunjapadugu
IN,India,India,505184,Jallaram,Telangana,40,Karim Nagar,534,Manthani,,18.1468,79.3154,3,jallaram
IN,India,India,505184,Arenda,Telangana,40,Karim Nagar,534,NA,,18.1468,79.3154,3,arenda
IN,India,India,505184,Mutharam,Telangana,40,Karim Nagar,534,NA,,18.1468,79.3154,3,mutharam
IN,India,India,505184,Odedu,Telangana,40,Karim Nagar,534,NA,,18.1468,79.3154,3,odedu
IN,India,India,505184,Peddathundla,Telangana,40,Karim Nagar,534,NA,,18.1468,79.3154,3,peddathundla
IN,India,India,505184,Tadicherla,Telangana,40,Karim Nagar,534,NA,,18.1468,79.3154,3,tadicherla
IN,India,India,505184,Venkatapur,Telangana,40,Karim Nagar,534,NA,,18.376,79.2449,4,venkatapur
IN,India,India,505184,Kannal,Telangana,40,Karim Nagar,534,NA,,18.376,79.2449,4,kannal
IN,India,India,505184,Puttapaka,Telangana,40,Karim Nagar,534,NA,,18.376,79.2449,4,puttapaka
IN,India,India,505184,Eklaspur,Telangana,40,Karim Nagar,534,NA,,18.376,79.2449,4,eklaspur
IN,India,India,505184,Adavi Srirampur,Telangana,40,Karim Nagar,534,NA,,18.1468,79.3154,3,adavi-srirampur
IN,India,India,505184,Adavisoman Palli,Telangana,40,Karim Nagar,534,NA,,18.1468,79.3154,3,adavisoman-palli
IN,India,India,505184,Siripuram,Telangana,40,Karim Nagar,534,NA,,18.376,79.2449,4,siripuram
IN,India,India,505185,Raikaldevpalli,Telangana,40,Karim Nagar,534,NA,,18.376,79.2449,3,raikaldevpalli
IN,India,India,505185,Narayanapur,Telangana,40,Karim Nagar,534,Sultanabad,,18.376,79.2449,4,narayanapur
IN,India,India,505185,Suddala,Telangana,40,Karim Nagar,534,NA,,18.376,79.2449,4,suddala
IN,India,India,505185,Sultanabad,Telangana,40,Karim Nagar,534,NA,,18.376,79.2449,4,sultanabad
IN,India,India,505185,Gattepalli,Telangana,40,Karim Nagar,534,NA,,18.39,79.2233,4,gattepalli
IN,India,India,505185,Kanukula,Telangana,40,Karim Nagar,534,NA,,18.376,79.2449,4,kanukula
IN,India,India,505185,Togarrai,Telangana,40,Karim Nagar,534,NA,,18.376,79.2449,3,togarrai
IN,India,India,505185,Poosala,Telangana,40,Karim Nagar,534,NA,,18.376,79.2449,3,poosala
IN,India,India,505185,Neerukulla,Telangana,40,Karim Nagar,534,NA,,18.376,79.2449,3,neerukulla
IN,India,India,505185,Kodurupaka,Telangana,40,Karim Nagar,534,NA,,18.376,79.2449,3,kodurupaka
IN,India,India,505186,Gollapalli,Telangana,40,Karim Nagar,534,NA,,18.1889,79.2741,4,gollapalli
IN,India,India,505186,Chamanpalli,Telangana,40,Karim Nagar,534,NA,,18.376,79.2449,4,chamanpalli
IN,India,India,505186,Garepalli,Telangana,40,Karim Nagar,534,Sultanabad,,18.4418,79.2498,3,garepalli
IN,India,India,505186,Bonthakuntapalli,Telangana,40,Karim Nagar,534,NA,,18.4418,79.2498,3,bonthakuntapalli
IN,India,India,505186,Itharajpalli,Telangana,40,Karim Nagar,534,NA,,18.4418,79.2498,3,itharajpalli
IN,India,India,505186,Cherlabuthkur,Telangana,40,Karim Nagar,534,NA,,18.4418,79.2498,3,cherlabuthkur
IN,India,India,505186,Mukdumpur,Telangana,40,Karim Nagar,534,NA,,18.4418,79.2498,3,mukdumpur
IN,India,India,505187,Kanagarthi,Telangana,40,Karim Nagar,534,NA,,18.376,79.2449,3,kanagarthi
IN,India,India,505187,Jayyaram,Telangana,40,Karim Nagar,534,NA,,18.376,79.2449,4,jayyaram
IN,India,India,505187,Isala Thakkallapalli,Telangana,40,Karim Nagar,534,NA,,18.376,79.2449,3,isala-thakkallapalli
IN,India,India,505187,Palitham,Telangana,40,Karim Nagar,534,NA,,18.376,79.2449,3,palitham
IN,India,India,505187,Basanthnagar,Telangana,40,Karim Nagar,534,Peddapalli,,18.376,79.2449,3,basanthnagar
IN,India,India,505187,Botlavanaparthi,Telangana,40,Karim Nagar,534,NA,,18.376,79.2449,3,botlavanaparthi
IN,India,India,505187,Dongathurthi,Telangana,40,Karim Nagar,534,NA,,18.376,79.2449,3,dongathurthi
IN,India,India,505187,Ragineedu,Telangana,40,Karim Nagar,534,NA,,18.376,79.2449,3,ragineedu
IN,India,India,505187,Palakurthi,Telangana,40,Karim Nagar,534,NA,,18.376,79.2449,3,palakurthi
IN,India,India,505187,Kannal,Telangana,40,Karim Nagar,534,NA,,18.376,79.2449,4,kannal
IN,India,India,505187,Rachapalli,Telangana,40,Karim Nagar,534,NA,,18.361,79.5389,4,rachapalli
IN,India,India,505188,Kamanpur,Telangana,40,Karim Nagar,534,NA,,18.449,79.0431,4,kamanpur
IN,India,India,505188,Elkalapalli,Telangana,40,Karim Nagar,534,NA,,18.376,79.2449,4,elkalapalli
IN,India,India,505188,Julapalli,Telangana,40,Karim Nagar,534,NA,,18.376,79.2449,4,julapalli
IN,India,India,505188,Rangapuram,Telangana,40,Karim Nagar,534,NA,,18.2191,79.4193,4,rangapuram
IN,India,India,505188,Perapalli,Telangana,40,Karim Nagar,534,NA,,18.376,79.2449,3,perapalli
IN,India,India,505188,Rompikunta,Telangana,40,Karim Nagar,534,NA,,18.376,79.2449,3,rompikunta
IN,India,India,505208,Mallialpalli,Telangana,40,Karim Nagar,534,NA,,18.376,79.2449,3,mallialpalli
IN,India,India,505208,Peddampet,Telangana,40,Karim Nagar,534,Ramagundam,,18.376,79.2449,3,peddampet
IN,India,India,505208,Kundanapalli,Telangana,40,Karim Nagar,534,NA,,18.376,79.2449,4,kundanapalli
IN,India,India,505208,Abadi Ramagundam,Telangana,40,Karim Nagar,534,NA,,18.376,79.2449,3,abadi-ramagundam
IN,India,India,505208,Ramagundam,Telangana,40,Karim Nagar,534,Ramagundam,,18.376,79.2449,4,ramagundam
IN,India,India,505209,Scab,Telangana,40,Karim Nagar,534,Ramagundam,,18.376,79.2449,1,scab
IN,India,India,505209,Godavarikhani,Telangana,40,Karim Nagar,534,Ramagundam,,18.376,79.2449,1,godavarikhani
IN,India,India,505209,Maidpalli,Telangana,40,Karim Nagar,534,Ramagundam,,18.376,79.2449,1,maidpalli
IN,India,India,505209,Maredupaka,Telangana,40,Karim Nagar,534,Ramagundam,,18.376,79.2449,1,maredupaka
IN,India,India,505209,Janagaon,Telangana,40,Karim Nagar,534,NA,,18.376,79.2449,1,janagaon
IN,India,India,505209,Sundilla,Telangana,40,Karim Nagar,534,NA,,18.376,79.2449,1,sundilla
IN,India,India,505210,Fertilizercity,Telangana,40,Karim Nagar,534,NA,,18.376,79.2449,1,fertilizercity
IN,India,India,505211,Gv8incline,Telangana,40,Karim Nagar,534,Ramagundam,,18.376,79.2449,1,gv8incline
IN,India,India,505212,Ladnapur,Telangana,40,Karim Nagar,534,NA,,18.376,79.2449,4,ladnapur
IN,India,India,505212,Rathnapur,Telangana,40,Karim Nagar,534,NA,,18.376,79.2449,3,rathnapur
IN,India,India,505212,Kalvacharla,Telangana,40,Karim Nagar,534,NA,,18.376,79.2449,3,kalvacharla
IN,India,India,505212,Centinary Colony,Telangana,40,Karim Nagar,534,Kamanpur,,18.376,79.2449,3,centinary-colony
IN,India,India,505212,Maidambanda,Telangana,40,Karim Nagar,534,NA,,18.376,79.2449,3,maidambanda
IN,India,India,505212,Adivarampet,Telangana,40,Karim Nagar,534,NA,,18.376,79.2449,4,adivarampet
IN,India,India,505212,Begampet,Telangana,40,Karim Nagar,534,NA,,18.376,79.2449,4,begampet
IN,India,India,505212,Lakkaram,Telangana,40,Karim Nagar,534,NA,,18.376,79.2449,4,lakkaram
IN,India,India,505214,Vittalanagar,Telangana,40,Karim Nagar,534,Peddapalli,,18.376,79.2449,1,vittalanagar
IN,India,India,505215,A.P.Colony (Karim Nagar),Telangana,40,Karim Nagar,534,Ramagundam,,18.376,79.2449,1,a-p-colony-karim-nagar
IN,India,India,505215,Jyothinagar (Karim Nagar),Telangana,40,Karim Nagar,534,Ramagundam,,18.376,79.2449,1,jyothinagar-karim-nagar
IN,India,India,505301,Konaraopet,Telangana,40,Karim Nagar,534,Konaraopet,,18.376,79.2449,4,konaraopet
IN,India,India,505301,Venkatrapur,Telangana,40,Karim Nagar,534,Yellareddipet,,18.376,79.2449,3,venkatrapur
IN,India,India,505301,Venkatropet,Telangana,40,Karim Nagar,534,Konaraopet,,18.376,79.2449,3,venkatropet
IN,India,India,505301,Nimmapalli,Telangana,40,Karim Nagar,534,Konaraopet,,18.376,79.2449,3,nimmapalli
IN,India,India,505301,Gandhichowk Srisilla,Telangana,40,Karim Nagar,534,Sircilla,,18.376,79.2449,3,gandhichowk-srisilla
IN,India,India,505301,Peddur,Telangana,40,Karim Nagar,534,Sirsilla,,18.376,79.2449,4,peddur
IN,India,India,505301,Katkur,Telangana,40,Karim Nagar,534,Sirsilla,,18.376,79.2449,4,katkur
IN,India,India,505301,Mamidipalli,Telangana,40,Karim Nagar,534,Konaraopet,,18.376,79.2449,4,mamidipalli
IN,India,India,505301,Kanagarthi,Telangana,40,Karim Nagar,534,Konaraopet,,18.376,79.2449,3,kanagarthi
IN,India,India,505301,Kolanur,Telangana,40,Karim Nagar,534,Konaraopet,,18.376,79.2449,3,kolanur
IN,India,India,505301,Marthanpet,Telangana,40,Karim Nagar,534,Konaraopet,,18.376,79.2449,3,marthanpet
IN,India,India,505301,Malakpet,Telangana,40,Karim Nagar,534,Konaraopet,,18.376,79.2449,4,malakpet
IN,India,India,505301,Bonala,Telangana,40,Karim Nagar,534,Sirsilla,,18.376,79.2449,3,bonala
IN,India,India,505301,Sirsilla,Telangana,40,Karim Nagar,534,Sirsilla,,18.376,79.2449,4,sirsilla
IN,India,India,505301,Nagaram,Telangana,40,Karim Nagar,534,Konaraopet,,18.376,79.2449,4,nagaram
IN,India,India,505301,Chandrampet,Telangana,40,Karim Nagar,534,Sirsilla,,18.376,79.2449,4,chandrampet
IN,India,India,505301,Dharmaram,Telangana,40,Karim Nagar,534,Konaraopet,,18.376,79.2449,4,dharmaram
IN,India,India,505301,Nizamabad,Telangana,40,Karim Nagar,534,Konaraopet,,18.376,79.2449,4,nizamabad
IN,India,India,505302,Sankepalli,Telangana,40,Karim Nagar,534,Vemulawada,,18.376,79.2449,4,sankepalli
IN,India,India,505302,Chekkapalli,Telangana,40,Karim Nagar,534,Vemulawada,,18.376,79.2449,4,chekkapalli
IN,India,India,505302,Stambampalli,Telangana,40,Karim Nagar,534,Boenpalli,,18.376,79.2449,3,stambampalli
IN,India,India,505302,Satrajpalli,Telangana,40,Karim Nagar,534,Vemulawada,,18.376,79.2449,4,satrajpalli
IN,India,India,505302,Suddala,Telangana,40,Karim Nagar,534,Konaraopet,,18.376,79.2449,4,suddala
IN,India,India,505302,Marpaka,Telangana,40,Karim Nagar,534,Vemulawada,,18.376,79.2449,3,marpaka
IN,India,India,505302,Vemulawada,Telangana,40,Karim Nagar,534,Vemulawada,,18.376,79.2449,3,vemulawada
IN,India,India,505302,Anpur,Telangana,40,Karim Nagar,534,Vemulawada,,18.376,79.2449,4,anpur
IN,India,India,505303,Narayanapur,Telangana,40,Karim Nagar,534,Kishandaspet,,18.376,79.2449,4,narayanapur
IN,India,India,505303,Dumala,Telangana,40,Karim Nagar,534,Kishandaspet,,18.376,79.2449,3,dumala
IN,India,India,505303,Padira,Telangana,40,Karim Nagar,534,Kishandaspet,,18.376,79.2449,3,padira
IN,India,India,505303,Kishandaspet,Telangana,40,Karim Nagar,534,Yellareddypet,,18.376,79.2449,3,kishandaspet
IN,India,India,505303,Kondapur,Telangana,40,Karim Nagar,534,Mustabad,,18.3875,79.0998,4,kondapur
IN,India,India,505303,Bandalingampalli,Telangana,40,Karim Nagar,534,Kishandaspet,,18.376,79.2449,3,bandalingampalli
IN,India,India,505304,Kothapalli,Telangana,40,Karim Nagar,534,Gambhiraopet,,18.376,79.2449,4,kothapalli
IN,India,India,505304,Lingannapet,Telangana,40,Karim Nagar,534,Gambhiraopet,,18.376,79.2449,4,lingannapet
IN,India,India,505304,Srigadha,Telangana,40,Karim Nagar,534,Gambhiraopet,,18.376,79.2449,3,srigadha
IN,India,India,505304,Narmala,Telangana,40,Karim Nagar,534,Gambhiraopet,,18.376,79.2449,3,narmala
IN,India,India,505304,Nagumpet,Telangana,40,Karim Nagar,534,Gambhiraopet,,18.376,79.2449,3,nagumpet
IN,India,India,505304,Gambhiraopet,Telangana,40,Karim Nagar,534,Gambhiraopet,,18.376,79.2449,3,gambhiraopet
IN,India,India,505304,Manair Project,Telangana,40,Karim Nagar,534,Gambhiraopet,,18.376,79.2449,3,manair-project
IN,India,India,505304,Mucherla,Telangana,40,Karim Nagar,534,Gambhiraopet,,18.376,79.2449,4,mucherla
IN,India,India,505304,Dammannapet,Telangana,40,Karim Nagar,534,Gambhiraopet,,18.376,79.2449,4,dammannapet
IN,India,India,505304,Mallareddipet,Telangana,40,Karim Nagar,534,Gambhiraopet,,18.376,79.2449,4,mallareddipet
IN,India,India,505305,Samudralingapur,Telangana,40,Karim Nagar,534,Gambhiraopet,,18.376,79.2449,3,samudralingapur
IN,India,India,505305,Gajasingaram,Telangana,40,Karim Nagar,534,Gambhiraopet,,18.376,79.2449,3,gajasingaram
IN,India,India,505305,Garjanapalli,Telangana,40,Karim Nagar,534,Yellareddipet,,18.376,79.2449,3,garjanapalli
IN,India,India,505305,Veerlapalli,Telangana,40,Karim Nagar,534,Yellareddipet,,18.376,79.2449,3,veerlapalli
IN,India,India,505305,Thimmapur,Telangana,40,Karim Nagar,534,Yellareddipet,,18.376,79.2449,3,thimmapur
IN,India,India,505305,Racherla Boppapur,Telangana,40,Karim Nagar,534,Yellareddypet,,18.376,79.2449,3,racherla-boppapur
IN,India,India,505305,Adivipadira,Telangana,40,Karim Nagar,534,Yellareddipet,,18.376,79.2449,3,adivipadira
IN,India,India,505305,Koratlapet,Telangana,40,Karim Nagar,534,Yellareddipet,,18.376,79.2449,4,koratlapet
IN,India,India,505305,Gorintial,Telangana,40,Karim Nagar,534,Gambhiraopet,,18.376,79.2449,3,gorintial
IN,India,India,505305,Gollapalli,Telangana,40,Karim Nagar,534,Yellareddipet,,18.376,79.2449,4,gollapalli
IN,India,India,505305,Almaspur,Telangana,40,Karim Nagar,534,Yellareddipet,,18.376,79.2449,4,almaspur
IN,India,India,505306,Govindaram,Telangana,40,Karim Nagar,534,Medpalli,,18.376,79.2449,4,govindaram
IN,India,India,505306,Tandrial,Telangana,40,Karim Nagar,534,Kathalapur,,18.376,79.2449,3,tandrial
IN,India,India,505306,Bommena,Telangana,40,Karim Nagar,534,Kathalapur,,18.376,79.2449,4,bommena
IN,India,India,505306,Ambaripet,Telangana,40,Karim Nagar,534,Kathalapur,,18.376,79.2449,3,ambaripet
IN,India,India,505306,Gambirpur,Telangana,40,Karim Nagar,534,Kathalapur,,18.376,79.2449,4,gambirpur
IN,India,India,505306,Potharam,Telangana,40,Karim Nagar,534,Kathalapur,,18.376,79.2449,3,potharam
IN,India,India,505306,Desaipet,Telangana,40,Karim Nagar,534,Medpalli,,18.6249,79.1174,4,desaipet
IN,India,India,505306,Lingampet,Telangana,40,Karim Nagar,534,Medpalli,,18.376,79.2449,4,lingampet
IN,India,India,505307,Mallial,Telangana,40,Karim Nagar,534,Chandurthi,,18.2585,79.5356,4,mallial
IN,India,India,505307,Thimmapur,Telangana,40,Karim Nagar,534,Chandurthi,,18.4854,79.1392,3,thimmapur
IN,India,India,505307,Sangula,Telangana,40,Karim Nagar,534,Chandurthi,,18.4854,79.1392,3,sangula
IN,India,India,505307,Manala-i,Telangana,40,Karim Nagar,534,Nizamabad Division,,18.4854,79.1392,3,manala-i
IN,India,India,505307,Rudrangi,Telangana,40,Karim Nagar,534,Chendurthi,,18.376,79.2449,4,rudrangi
IN,India,India,505307,Jogapur,Telangana,40,Karim Nagar,534,Chandurthi,,18.376,79.2449,4,jogapur
IN,India,India,505307,Lingampet,Telangana,40,Karim Nagar,534,Chandurthi,,18.376,79.2449,4,lingampet
IN,India,India,505325,Lingapur,Telangana,40,Karim Nagar,534,Ibrahimpatnam,,18.376,79.2449,4,lingapur
IN,India,India,505325,Gudur,Telangana,40,Karim Nagar,534,Ibrahimpatnam,,18.376,79.2449,4,gudur
IN,India,India,505325,Metpalli,Telangana,40,Karim Nagar,534,Metpalli,,18.376,79.2449,4,metpalli
IN,India,India,505325,Atmakur,Telangana,40,Karim Nagar,534,Metpalli,,18.376,79.2449,4,atmakur
IN,India,India,505325,Peddapur,Telangana,40,Karim Nagar,534,Koratal,,18.376,79.2449,4,peddapur
IN,India,India,505325,Konapur,Telangana,40,Karim Nagar,534,Metpalli,,18.376,79.2449,4,konapur
IN,India,India,505325,Peggarla,Telangana,40,Karim Nagar,534,Metpalli,,18.4437,78.5528,3,peggarla
IN,India,India,505325,Chavulamaddi,Telangana,40,Karim Nagar,534,Metpalli,,18.4437,78.5528,3,chavulamaddi
IN,India,India,505325,Kandrikala,Telangana,40,Karim Nagar,534,Metpalli,,18.4437,78.5528,3,kandrikala
IN,India,India,505325,Vellolla,Telangana,40,Karim Nagar,534,Metpalli,,18.4437,78.5528,3,vellolla
IN,India,India,505325,Mettachittapur,Telangana,40,Karim Nagar,534,Metpalli,,18.4437,78.5528,3,mettachittapur
IN,India,India,505325,Maidpalli,Telangana,40,Karim Nagar,534,Ibrahimpatnam,,18.4437,78.5528,3,maidpalli
IN,India,India,505325,Metpalli Bazar,Telangana,40,Karim Nagar,534,Metpalle,,18.4437,78.5528,3,metpalli-bazar
IN,India,India,505325,Jaggasagar,Telangana,40,Karim Nagar,534,Metpalli,,18.4437,78.5528,3,jaggasagar
IN,India,India,505325,Venkatropet,Telangana,40,Karim Nagar,534,Metpalli,,18.4437,78.5528,3,venkatropet
IN,India,India,505325,Konaraopet,Telangana,40,Karim Nagar,534,Metpalli,,18.376,79.2449,4,konaraopet
IN,India,India,505326,Koratla Bazar,Telangana,40,Karim Nagar,534,Koratla,,18.376,79.2449,3,koratla-bazar
IN,India,India,505326,Koratla,Telangana,40,Karim Nagar,534,Koratla,,18.376,79.2449,4,koratla
IN,India,India,505327,Khila Jagtial,Telangana,40,Karim Nagar,534,Jagtial,,18.376,79.2449,1,khila-jagtial
IN,India,India,505327,New Abadi Jagtial,Telangana,40,Karim Nagar,534,Jagtial,,18.376,79.2449,1,new-abadi-jagtial
IN,India,India,505327,Jagtial H.O,Telangana,40,Karim Nagar,534,Jagtial,,18.376,79.2449,1,jagtial-h-o
IN,India,India,505330,Yousufnagar,Telangana,40,Karim Nagar,534,Koratla,,18.376,79.2449,3,yousufnagar
IN,India,India,505330,Kallur,Telangana,40,Karim Nagar,534,Koratla,,18.376,79.2449,4,kallur
IN,India,India,505330,Madhapur,Telangana,40,Karim Nagar,534,Koratla,,18.376,79.2449,4,madhapur
IN,India,India,505330,Ailapur,Telangana,40,Karim Nagar,534,Koratla,,18.376,79.2449,3,ailapur
IN,India,India,505330,Venkatapur,Telangana,40,Karim Nagar,534,Koratla,,18.376,79.2449,4,venkatapur
IN,India,India,505331,Sataram,Telangana,40,Karim Nagar,534,Mallapur,,18.376,79.2449,4,sataram
IN,India,India,505331,Siripuram,Telangana,40,Karim Nagar,534,Mallapur,,18.376,79.2449,4,siripuram
IN,India,India,505331,Ragavpet,Telangana,40,Karim Nagar,534,Mallapur,,18.376,79.2449,3,ragavpet
IN,India,India,505331,Chittapur,Telangana,40,Karim Nagar,534,Mallapur,,18.376,79.2449,4,chittapur
IN,India,India,505331,Muthyampet,Telangana,40,Karim Nagar,534,Mallapur,,18.376,79.2449,3,muthyampet
IN,India,India,505331,Vempalli Venkatraopet,Telangana,40,Karim Nagar,534,Mallapur,,18.376,79.2449,3,vempalli-venkatraopet
IN,India,India,505331,Ratnapur,Telangana,40,Karim Nagar,534,Mallapur,,18.376,79.2449,4,ratnapur
IN,India,India,505331,Mogalpet,Telangana,40,Karim Nagar,534,Mallapur,,18.376,79.2449,4,mogalpet
IN,India,India,505331,Mallapur,Telangana,40,Karim Nagar,534,Mallapur,,18.376,79.2449,4,mallapur
IN,India,India,505331,Vempet,Telangana,40,Karim Nagar,534,Metpalli,,18.376,79.2449,3,vempet
IN,India,India,505331,Dharmarajpalli,Telangana,40,Karim Nagar,534,Mallapur,,18.196,79.4697,4,dharmarajpalli
IN,India,India,505401,Manwada,Telangana,40,Karim Nagar,534,Boenpalli,,18.376,79.2449,4,manwada
IN,India,India,505401,Nagulamallial,Telangana,40,Karim Nagar,534,Karimnagar,,18.376,79.2449,3,nagulamallial
IN,India,India,505401,Kandikatkur,Telangana,40,Karim Nagar,534,Ellanthakunta,,18.376,79.2449,4,kandikatkur
IN,India,India,505401,Mallapur,Telangana,40,Karim Nagar,534,Boenpalli,,18.376,79.2449,4,mallapur
IN,India,India,505401,Asifnagar,Telangana,40,Karim Nagar,534,Karimnagar,,18.376,79.2449,3,asifnagar
IN,India,India,505401,Pothur,Telangana,40,Karim Nagar,534,Ellanthkunta,,18.376,79.2449,3,pothur
IN,India,India,505401,Elgandal,Telangana,40,Karim Nagar,534,Karimnagar,,18.4064,78.9935,4,elgandal
IN,India,India,505402,Mukshanpet,Telangana,40,Karim Nagar,534,Ellanthakunta,,18.376,79.2449,3,mukshanpet
IN,India,India,505402,Vallampatla,Telangana,40,Karim Nagar,534,Ellanthakunta,,18.376,79.2449,4,vallampatla
IN,India,India,505402,Ellanthakunta,Telangana,40,Karim Nagar,534,Ellanthakunta,,18.376,79.2449,3,ellanthakunta
IN,India,India,505402,Raheemkhanpet,Telangana,40,Karim Nagar,534,Ellanthakunta,,18.376,79.2449,3,raheemkhanpet
IN,India,India,505402,Anantharam,Telangana,40,Karim Nagar,534,Ellanthakunta,,18.376,79.2449,3,anantharam
IN,India,India,505402,Velgipur,Telangana,40,Karim Nagar,534,Ellanthakunta,,18.376,79.2449,3,velgipur
IN,India,India,505402,Ananthagiri,Telangana,40,Karim Nagar,534,Ellanthakunta,,18.376,79.2449,3,ananthagiri
IN,India,India,505402,Vanthadupula,Telangana,40,Karim Nagar,534,Ellanthakunta,,18.376,79.2449,3,vanthadupula
IN,India,India,505402,Voblapur,Telangana,40,Karim Nagar,534,Sirsilla,,18.376,79.2449,4,voblapur
IN,India,India,505403,Bandapalli,Telangana,40,Karim Nagar,534,Chandurthi,,18.376,79.2449,4,bandapalli
IN,India,India,505403,Marrigadda,Telangana,40,Karim Nagar,534,Chandurthi,,18.6314,79.0649,4,marrigadda
IN,India,India,505403,Mallaram,Telangana,40,Karim Nagar,534,Vemulawada,,18.376,79.2449,4,mallaram
IN,India,India,505403,Yengal,Telangana,40,Karim Nagar,534,Chandurthi,,18.376,79.2449,4,yengal
IN,India,India,505403,Hanmajipet,Telangana,40,Karim Nagar,534,Vemulawada,,18.2782,79.0895,3,hanmajipet
IN,India,India,505403,Chandurthi,Telangana,40,Karim Nagar,534,Chandurthi,,18.2782,79.0895,3,chandurthi
IN,India,India,505403,Moodapalli,Telangana,40,Karim Nagar,534,Chandurthi,,18.2782,79.0895,3,moodapalli
IN,India,India,505403,Bavasaipet,Telangana,40,Karim Nagar,534,Konaraopet,,18.2782,79.0895,3,bavasaipet
IN,India,India,505403,Balarajpalli,Telangana,40,Karim Nagar,534,Vemulawada,,18.2782,79.0895,3,balarajpalli
IN,India,India,505403,Marripalli,Telangana,40,Karim Nagar,534,Chendurthy,,18.376,79.2449,4,marripalli
IN,India,India,505404,Namapur,Telangana,40,Karim Nagar,534,Mustabad,,18.376,79.2449,4,namapur
IN,India,India,505404,Maddikunta,Telangana,40,Karim Nagar,534,Mustabad,,18.4084,79.3033,4,maddikunta
IN,India,India,505404,Terlamaddi,Telangana,40,Karim Nagar,534,Mustabad,,18.4649,79.3798,3,terlamaddi
IN,India,India,505404,Bandankal,Telangana,40,Karim Nagar,534,Mustabad,,18.4649,79.3798,3,bandankal
IN,India,India,505404,Chekode,Telangana,40,Karim Nagar,534,Mustabad,,18.4649,79.3798,3,chekode
IN,India,India,505404,Mustabad (Karim Nagar),Telangana,40,Karim Nagar,534,Mustabad,,18.4649,79.3798,3,mustabad-karim-nagar
IN,India,India,505404,Ounur,Telangana,40,Karim Nagar,534,Mustabad,,18.4649,79.3798,3,ounur
IN,India,India,505404,Pothgal,Telangana,40,Karim Nagar,534,Mustabad,,18.376,79.2449,4,pothgal
IN,India,India,505404,Gudem,Telangana,40,Karim Nagar,534,Mustabad,,18.376,79.2449,4,gudem
IN,India,India,505405,Baswapur,Telangana,40,Karim Nagar,534,NA,,18.376,79.2449,4,baswapur
IN,India,India,505405,Badnapalli,Telangana,40,Karim Nagar,534,Sirsilla,,18.376,79.2449,3,badnapalli
IN,India,India,505405,Laxmipuram,Telangana,40,Karim Nagar,534,Sirsilla,,18.376,79.2449,3,laxmipuram
IN,India,India,505405,Chinnalingapur,Telangana,40,Karim Nagar,534,Sirsilla,,18.376,79.2449,3,chinnalingapur
IN,India,India,505405,Valbhapur,Telangana,40,Karim Nagar,534,NA,,18.376,79.2449,3,valbhapur
IN,India,India,505405,Tadoor,Telangana,40,Karim Nagar,534,Sirsilla,,18.376,79.2449,3,tadoor
IN,India,India,505405,Tangallapalli,Telangana,40,Karim Nagar,534,Sirsilla,,18.376,79.2449,4,tangallapalli
IN,India,India,505405,Nerella,Telangana,40,Karim Nagar,534,Sirsilla,,18.376,79.2449,3,nerella
IN,India,India,505405,Jillella,Telangana,40,Karim Nagar,534,Sirsilla,,18.376,79.2449,4,jillella
IN,India,India,505405,Peddalingapur,Telangana,40,Karim Nagar,534,Ellanthakunta,,18.376,79.2449,3,peddalingapur
IN,India,India,505405,Sarampalli,Telangana,40,Karim Nagar,534,Sirsilla,,18.376,79.2449,4,sarampalli
IN,India,India,505405,Dacharam,Telangana,40,Karim Nagar,534,Ellanthakunta,,18.376,79.2449,4,dacharam
IN,India,India,505405,Mandepalli,Telangana,40,Karim Nagar,534,Sirsilla,,18.376,79.2449,4,mandepalli
IN,India,India,505415,Pathipaka,Telangana,40,Karim Nagar,534,Choppadandi,,18.5687,79.0611,3,pathipaka
IN,India,India,505415,Bhoopalapatnam,Telangana,40,Karim Nagar,534,Choppadandi,,18.5687,79.0611,3,bhoopalapatnam
IN,India,India,505415,Arnakonda,Telangana,40,Karim Nagar,534,Choppadandi,,18.5989,79.1192,4,arnakonda
IN,India,India,505415,Chakunta,Telangana,40,Karim Nagar,534,Karimnagar,,18.5687,79.0611,3,chakunta
IN,India,India,505415,Nagnoor,Telangana,40,Karim Nagar,534,Karimnagar,,18.5687,79.0611,3,nagnoor
IN,India,India,505415,Revelli,Telangana,40,Karim Nagar,534,Choppadandi,,18.5687,79.0611,3,revelli
IN,India,India,505415,Chityalapalli,Telangana,40,Karim Nagar,534,Choppadandi,,18.6217,79.1363,4,chityalapalli
IN,India,India,505415,Choppadandi,Telangana,40,Karim Nagar,534,Choppadandi,,18.5687,79.0611,3,choppadandi
IN,India,India,505415,Vedurgatta,Telangana,40,Karim Nagar,534,Choppadandi,,18.5687,79.0611,3,vedurgatta
IN,India,India,505415,Leegalamarri,Telangana,40,Karim Nagar,534,Choppadandi,,18.5687,79.0611,3,leegalamarri
IN,India,India,505415,Yellapur,Telangana,40,Karim Nagar,534,Pegadapalli,,18.376,79.2449,4,yellapur
IN,India,India,505415,Peddapur,Telangana,40,Karim Nagar,534,Jullapalli,,18.376,79.2449,4,peddapur
IN,India,India,505415,Rukmapur,Telangana,40,Karim Nagar,534,Choppadandi,,18.376,79.2449,4,rukmapur
IN,India,India,505415,Kolimikunta,Telangana,40,Karim Nagar,534,Choppadandi,,18.5546,79.1606,4,kolimikunta
IN,India,India,505415,Mallapur,Telangana,40,Karim Nagar,534,Choppadandi,,18.376,79.2449,4,mallapur
IN,India,India,505415,Ragampet,Telangana,40,Karim Nagar,534,Choppadandi,,18.6383,79.1441,4,ragampet
IN,India,India,505416,Katekenapalli,Telangana,40,Karim Nagar,534,NA,,18.5387,79.0803,3,katekenapalli
IN,India,India,505416,Legalamarri,Telangana,40,Karim Nagar,534,Choppadandi,,18.5387,79.0803,3,legalamarri
IN,India,India,505416,Chegaon,Telangana,40,Karim Nagar,534,NA,,18.5387,79.0803,3,chegaon
IN,India,India,505416,Bommanapalli,Telangana,40,Karim Nagar,534,Dharmaram,,18.5387,79.0803,3,bommanapalli
IN,India,India,505416,Pathipaka,Telangana,40,Karim Nagar,534,NA,,18.5387,79.0803,3,pathipaka
IN,India,India,505416,Pathagudur,Telangana,40,Karim Nagar,534,NA,,18.5387,79.0803,3,pathagudur
IN,India,India,505416,Munjampalli,Telangana,40,Karim Nagar,534,NA,,18.5387,79.0803,3,munjampalli
IN,India,India,505416,Chamanapalli,Telangana,40,Karim Nagar,534,NA,,18.5146,79.1891,4,chamanapalli
IN,India,India,505416,Mallapuram,Telangana,40,Karim Nagar,534,NA,,18.5628,78.9716,4,mallapuram
IN,India,India,505425,Madhunur,Telangana,40,Karim Nagar,534,Dharmapuri,,18.4886,79.1351,3,madhunur
IN,India,India,505425,Donthapur,Telangana,40,Karim Nagar,534,Dharmapuri,,18.4886,79.1351,3,donthapur
IN,India,India,505425,Kamalapur,Telangana,40,Karim Nagar,534,Dharmapuri,,18.4886,79.1351,3,kamalapur
IN,India,India,505425,Thimmapur,Telangana,40,Karim Nagar,534,Dharmapuri,,18.4886,79.1351,3,thimmapur
IN,India,India,505425,Jaina,Telangana,40,Karim Nagar,534,Dharmapuri,,18.4886,79.1351,3,jaina
IN,India,India,505425,Gopalpur,Telangana,40,Karim Nagar,534,Dharmapuri,,18.4627,79.17,4,gopalpur
IN,India,India,505425,Raipatnam,Telangana,40,Karim Nagar,534,Dharmapuri,,18.376,79.2449,4,raipatnam
IN,India,India,505425,Dharmapuri,Telangana,40,Karim Nagar,534,Dharmapuri,,18.376,79.2449,4,dharmapuri
IN,India,India,505425,Rajaram,Telangana,40,Karim Nagar,534,Dharmapuri,,18.376,79.2449,4,rajaram
IN,India,India,505425,Sirkonda,Telangana,40,Karim Nagar,534,Dharmapuri,,18.376,79.2449,4,sirkonda
IN,India,India,505445,Nagireddipur,Telangana,40,Karim Nagar,534,Gangadhara,,18.6259,79.0791,3,nagireddipur
IN,India,India,505445,Venkataipalli,Telangana,40,Karim Nagar,534,Gangadhara,,18.6259,79.0791,3,venkataipalli
IN,India,India,505445,Kurikyal,Telangana,40,Karim Nagar,534,Gangadhara,,18.6259,79.0791,3,kurikyal
IN,India,India,505445,Gattubhuthkur,Telangana,40,Karim Nagar,534,Gangadhara,,18.6259,79.0791,3,gattubhuthkur
IN,India,India,505445,Garshakurthy,Telangana,40,Karim Nagar,534,Gangadhara,,18.6259,79.0791,3,garshakurthy
IN,India,India,505445,Gangadhara,Telangana,40,Karim Nagar,534,Gangadhara,,18.6259,79.0791,3,gangadhara
IN,India,India,505445,Uppermallial,Telangana,40,Karim Nagar,534,Gangadhara,,18.6259,79.0791,3,uppermallial
IN,India,India,505445,Mallapur,Telangana,40,Karim Nagar,534,Gangadhara,,18.6519,79.1593,4,mallapur
IN,India,India,505445,Narayanpur,Telangana,40,Karim Nagar,534,Gangadhara,,18.5999,78.9989,4,narayanpur
IN,India,India,505445,Achampalli,Telangana,40,Karim Nagar,534,Gangadhara,,18.6259,79.0791,3,achampalli
IN,India,India,505450,Ibrahimpatnam (Karim Nagar),Telangana,40,Karim Nagar,534,Ibrahimpatnam,,18.376,79.2449,1,ibrahimpatnam-karim-nagar
IN,India,India,505450,Ammakkapet,Telangana,40,Karim Nagar,534,Ibrahimpatnam,,18.376,79.2449,1,ammakkapet
IN,India,India,505450,Komatikondapur,Telangana,40,Karim Nagar,534,Ibrahimpatnam,,18.376,79.2449,1,komatikondapur
IN,India,India,505450,Varsikonda,Telangana,40,Karim Nagar,534,Ibrahimpatnam,,18.376,79.2449,1,varsikonda
IN,India,India,505450,Erdandi,Telangana,40,Karim Nagar,534,Ibrahimpatnam,,18.376,79.2449,1,erdandi
IN,India,India,505450,Dabba,Telangana,40,Karim Nagar,534,Ibrahimpatnam,,18.376,79.2449,1,dabba
IN,India,India,505450,Yamapur,Telangana,40,Karim Nagar,534,Ibrahimpatnam,,18.376,79.2449,1,yamapur
IN,India,India,505450,Vamulakurthi,Telangana,40,Karim Nagar,534,Ibrahimpatnam,,18.376,79.2449,1,vamulakurthi
IN,India,India,505451,Kothapalli (Karim Nagar),Telangana,40,Karim Nagar,534,Karimnagar,,18.4827,79.064,3,kothapalli-karim-nagar
IN,India,India,505451,Deshrajpalli,Telangana,40,Karim Nagar,534,Ramadugu,,18.4827,79.064,3,deshrajpalli
IN,India,India,505451,Vannaram,Telangana,40,Karim Nagar,534,Ramadugu,,18.4827,79.064,3,vannaram
IN,India,India,505451,Vedira,Telangana,40,Karim Nagar,534,Ramadugu,,18.4827,79.064,3,vedira
IN,India,India,505451,Velchal,Telangana,40,Karim Nagar,534,Ramadugu,,18.494,79.0554,4,velchal
IN,India,India,505451,Malkapur,Telangana,40,Karim Nagar,534,Karimnagar,,18.4714,79.0726,4,malkapur
IN,India,India,505452,Maddulapalli,Telangana,40,Karim Nagar,534,Pegadapalli,,18.376,79.2449,4,maddulapalli
IN,India,India,505452,Nookapalli,Telangana,40,Karim Nagar,534,Mallial,,18.376,79.2449,3,nookapalli
IN,India,India,505452,Madampalli,Telangana,40,Karim Nagar,534,Mallial,,18.376,79.2449,4,madampalli
IN,India,India,505452,Maddutla,Telangana,40,Karim Nagar,534,Mallial,,18.376,79.2449,3,maddutla
IN,India,India,505452,Muthyampet,Telangana,40,Karim Nagar,534,Mallial,,18.376,79.2449,3,muthyampet
IN,India,India,505452,Thakkallapalli,Telangana,40,Karim Nagar,534,Mallial,,18.376,79.2449,3,thakkallapalli
IN,India,India,505452,Balwanthapur,Telangana,40,Karim Nagar,534,Mallial,,18.376,79.2449,3,balwanthapur
IN,India,India,505452,Arevelli,Telangana,40,Karim Nagar,534,Pegadapalli,,18.376,79.2449,3,arevelli
IN,India,India,505452,Tattupalli,Telangana,40,Karim Nagar,534,Mallial,,18.376,79.2449,3,tattupalli
IN,India,India,505452,Manala,Telangana,40,Karim Nagar,534,Mallial,,18.376,79.2449,3,manala
IN,India,India,505452,Potharam,Telangana,40,Karim Nagar,534,Mallial,,18.376,79.2449,3,potharam
IN,India,India,505452,Sharwapuram,Telangana,40,Karim Nagar,534,Mallial,,18.376,79.2449,3,sharwapuram
IN,India,India,505452,Rampur,Telangana,40,Karim Nagar,534,Mallial,,18.376,79.2449,4,rampur
IN,India,India,505452,Mallial,Telangana,40,Karim Nagar,534,Mallial,,18.2585,79.5356,4,mallial
IN,India,India,505453,Kondapur,Telangana,40,Karim Nagar,534,Medpalli,,18.3875,79.0998,4,kondapur
IN,India,India,505453,Vallampalli,Telangana,40,Karim Nagar,534,Medpalli,,18.376,79.2449,4,vallampalli
IN,India,India,505453,Medpalli,Telangana,40,Karim Nagar,534,Medpalli,,18.376,79.2449,4,medpalli
IN,India,India,505453,Katlakunta,Telangana,40,Karim Nagar,534,Medapalli,,18.376,79.2449,3,katlakunta
IN,India,India,505453,Kalvakota,Telangana,40,Karim Nagar,534,Medpalli,,18.376,79.2449,3,kalvakota
IN,India,India,505453,Bheemaram,Telangana,40,Karim Nagar,534,Medpalli,,18.376,79.2449,3,bheemaram
IN,India,India,505453,Chinnametpalli,Telangana,40,Karim Nagar,534,Koratla,,18.376,79.2449,3,chinnametpalli
IN,India,India,505453,Mohanraopet,Telangana,40,Karim Nagar,534,Koratla,,18.376,79.2449,3,mohanraopet
IN,India,India,505453,Pormalla,Telangana,40,Karim Nagar,534,Medpalli,,18.376,79.2449,3,pormalla
IN,India,India,505453,Thatpalli,Telangana,40,Karim Nagar,534,Medpalli,,18.376,79.2449,3,thatpalli
IN,India,India,505453,Venkatropet,Telangana,40,Karim Nagar,534,Medpalli,,18.376,79.2449,3,venkatropet
IN,India,India,505454,Narsimulapalli,Telangana,40,Karim Nagar,534,NA,,18.376,79.2449,3,narsimulapalli
IN,India,India,505454,Beerpur,Telangana,40,Karim Nagar,534,NA,,18.376,79.2449,3,beerpur
IN,India,India,505454,Mangala,Telangana,40,Karim Nagar,534,NA,,18.376,79.2449,3,mangala
IN,India,India,505454,Takkallapalli,Telangana,40,Karim Nagar,534,Jagtial,,18.376,79.2449,4,takkallapalli
IN,India,India,505454,Nerella,Telangana,40,Karim Nagar,534,Dharmapuri,,18.376,79.2449,3,nerella
IN,India,India,505454,Buggaram,Telangana,40,Karim Nagar,534,Dharmapuri,,18.376,79.2449,4,buggaram
IN,India,India,505454,Potharam,Telangana,40,Karim Nagar,534,NA,,18.376,79.2449,3,potharam
IN,India,India,505454,Thungur,Telangana,40,Karim Nagar,534,NA,,18.376,79.2449,3,thungur
IN,India,India,505454,Habshipur,Telangana,40,Karim Nagar,534,Jagtial,,18.376,79.2449,3,habshipur
IN,India,India,505454,Velgonda,Telangana,40,Karim Nagar,534,Dharmapuri,,18.376,79.2449,3,velgonda
IN,India,India,505454,Donur,Telangana,40,Karim Nagar,534,Dharmapuri,,18.376,79.2449,3,donur
IN,India,India,505454,Thimminala,Telangana,40,Karim Nagar,534,Dharmapuri,,18.376,79.2449,3,thimminala
IN,India,India,505454,Kalleda,Telangana,40,Karim Nagar,534,Jagtial,,18.376,79.2449,4,kalleda
IN,India,India,505454,Kolvai,Telangana,40,Karim Nagar,534,NA,,18.376,79.2449,4,kolvai
IN,India,India,505454,Nakkalapet,Telangana,40,Karim Nagar,534,NA,,18.376,79.2449,4,nakkalapet
IN,India,India,505454,Sarangapur,Telangana,40,Karim Nagar,534,Sarangapur,,18.376,79.2449,4,sarangapur
IN,India,India,505454,Kandlapalli,Telangana,40,Karim Nagar,534,NA,,18.4069,79.2764,4,kandlapalli
IN,India,India,505455,Gandhinagar,Telangana,40,Karim Nagar,534,NA,,18.376,79.2449,4,gandhinagar
IN,India,India,505455,Darur,Telangana,40,Karim Nagar,534,Jagtial,,18.376,79.2449,4,darur
IN,India,India,505455,Motha,Telangana,40,Karim Nagar,534,Jagtial,,18.376,79.2449,3,motha
IN,India,India,505455,Anthergaon,Telangana,40,Karim Nagar,534,Jagtial,,18.376,79.2449,3,anthergaon
IN,India,India,505455,Morapalli,Telangana,40,Karim Nagar,534,Jagtial,,18.376,79.2449,4,morapalli
IN,India,India,505455,Pochampad Project Colony,Telangana,40,Karim Nagar,534,Jagtial,,18.376,79.2449,3,pochampad-project-colony
IN,India,India,505455,New Bus Stand Jagtial,Telangana,40,Karim Nagar,534,Jagtial,,18.376,79.2449,3,new-bus-stand-jagtial
IN,India,India,505455,Chelgal,Telangana,40,Karim Nagar,534,Jagtial,,18.376,79.2449,3,chelgal
IN,India,India,505455,Jabithapur,Telangana,40,Karim Nagar,534,Jagtial,,18.376,79.2449,3,jabithapur
IN,India,India,505460,Bhoopathipur,Telangana,40,Karim Nagar,534,Raikal,,18.376,79.2449,3,bhoopathipur
IN,India,India,505460,Ramajipet,Telangana,40,Karim Nagar,534,Raikal,,18.376,79.2449,4,ramajipet
IN,India,India,505460,Joganapalli,Telangana,40,Karim Nagar,534,Koratla,,18.376,79.2449,3,joganapalli
IN,India,India,505460,Katkapur,Telangana,40,Karim Nagar,534,Raikal,,18.376,79.2449,3,katkapur
IN,India,India,505460,Thatlavai,Telangana,40,Karim Nagar,534,Raikal,,18.376,79.2449,3,thatlavai
IN,India,India,505460,Paidimadugu,Telangana,40,Karim Nagar,534,Koratla,,18.376,79.2449,3,paidimadugu
IN,India,India,505460,Mootapalli,Telangana,40,Karim Nagar,534,Raikal,,18.376,79.2449,3,mootapalli
IN,India,India,505460,Mehtapur,Telangana,40,Karim Nagar,534,Raikal,,18.376,79.2449,3,mehtapur
IN,India,India,505460,Itikyal,Telangana,40,Karim Nagar,534,Raikal,,18.376,79.2449,3,itikyal
IN,India,India,505460,Raikal,Telangana,40,Karim Nagar,534,Raikal,,18.1583,79.3173,4,raikal
IN,India,India,505460,Kummarpalli,Telangana,40,Karim Nagar,534,Raikal,,18.376,79.2449,3,kummarpalli
IN,India,India,505460,Bornapalli,Telangana,40,Karim Nagar,534,Raikal,,18.376,79.2449,4,bornapalli
IN,India,India,505460,Allipur,Telangana,40,Karim Nagar,534,Raikal,,18.376,79.2449,3,allipur
IN,India,India,505462,Sirikonda (Karim Nagar),Telangana,40,Karim Nagar,534,Kathalapur,,18.376,79.2449,3,sirikonda-karim-nagar
IN,India,India,505462,Dumpet,Telangana,40,Karim Nagar,534,Kathalapur,,18.376,79.2449,3,dumpet
IN,India,India,505462,Chintakunta,Telangana,40,Karim Nagar,534,Kathalapur,,18.376,79.2449,4,chintakunta
IN,India,India,505462,Bhushanraopet,Telangana,40,Karim Nagar,534,Kathalapur,,18.376,79.2449,3,bhushanraopet
IN,India,India,505462,Mannegudem,Telangana,40,Karim Nagar,534,Medpalli,,18.376,79.2449,3,mannegudem
IN,India,India,505462,Takkallapalli,Telangana,40,Karim Nagar,534,Kathalapur,,18.376,79.2449,4,takkallapalli
IN,India,India,505462,Kathalapur,Telangana,40,Karim Nagar,534,Kathalapur,,18.376,79.2449,3,kathalapur
IN,India,India,505462,Ekeenpur,Telangana,40,Karim Nagar,534,Koratla,,18.376,79.2449,3,ekeenpur
IN,India,India,505462,Dulur,Telangana,40,Karim Nagar,534,Kathalapur,,18.376,79.2449,4,dulur
IN,India,India,505466,Thotapalli,Telangana,40,Karim Nagar,534,Husnabad,,18.376,79.2449,3,thotapalli
IN,India,India,505466,Katkur,Telangana,40,Karim Nagar,534,Husnabad,,18.376,79.2449,4,katkur
IN,India,India,505466,Mirzapur,Telangana,40,Karim Nagar,534,Husnabad,,18.376,79.2449,4,mirzapur
IN,India,India,505466,Mallampalli,Telangana,40,Karim Nagar,534,Husnabad,,18.376,79.2449,4,mallampalli
IN,India,India,505466,Keshavapur,Telangana,40,Karim Nagar,534,Husnabad,,18.376,79.2449,3,keshavapur
IN,India,India,505466,Choutapalli,Telangana,40,Karim Nagar,534,Husnabad,,18.376,79.2449,3,choutapalli
IN,India,India,505466,Ramavaram,Telangana,40,Karim Nagar,534,Husnabad,,18.376,79.2449,4,ramavaram
IN,India,India,505466,Anthakpet,Telangana,40,Karim Nagar,534,Husnabad,,18.376,79.2449,3,anthakpet
IN,India,India,505466,Jangaon,Telangana,40,Karim Nagar,534,Husnabad,,18.376,79.2449,4,jangaon
IN,India,India,505466,Akkannapet,Telangana,40,Karim Nagar,534,Husnabad,,18.376,79.2449,4,akkannapet
IN,India,India,505466,Gandipalli,Telangana,40,Karim Nagar,534,Husnabad,,18.376,79.2449,4,gandipalli
IN,India,India,505467,Sriramulapalli,Telangana,40,Karim Nagar,534,Koheda,,18.5991,79.0527,4,sriramulapalli
IN,India,India,505467,Husnabad (Karim Nagar),Telangana,40,Karim Nagar,534,Husnabad,,18.1735,79.3225,3,husnabad-karim-nagar
IN,India,India,505467,Nawabpet,Telangana,40,Karim Nagar,534,Chigurumamidi,,18.376,79.2449,4,nawabpet
IN,India,India,505467,Samudrala,Telangana,40,Karim Nagar,534,Koheda,,18.376,79.2449,4,samudrala
IN,India,India,505467,Regonda,Telangana,40,Karim Nagar,534,Hunsabad,,18.376,79.2449,4,regonda
IN,India,India,505467,Kachapur,Telangana,40,Karim Nagar,534,Koheda,,18.376,79.2449,4,kachapur
IN,India,India,505467,Potlapalli,Telangana,40,Karim Nagar,534,Husnabad,,18.376,79.2449,4,potlapalli
IN,India,India,505467,Parveda,Telangana,40,Karim Nagar,534,Koheda,,18.1735,79.3225,3,parveda
IN,India,India,505467,Pandilla,Telangana,40,Karim Nagar,534,Husnabad,,18.1735,79.3225,3,pandilla
IN,India,India,505467,Kuchanapalli,Telangana,40,Karim Nagar,534,Husnabad,,18.1735,79.3225,3,kuchanapalli
IN,India,India,505467,Potharam,Telangana,40,Karim Nagar,534,Husnabad,,18.1735,79.3225,3,potharam
IN,India,India,505467,Chigurumamidi,Telangana,40,Karim Nagar,534,Chigurumamidi,,18.1735,79.3225,3,chigurumamidi
IN,India,India,505467,Sunderagiri,Telangana,40,Karim Nagar,534,Chigurumamidi,,18.1735,79.3225,3,sunderagiri
IN,India,India,505467,Gouravelli,Telangana,40,Karim Nagar,534,Husnabad,,18.1735,79.3225,3,gouravelli
IN,India,India,505468,Huzurabad H.O,Telangana,40,Karim Nagar,534,Huzurabad,,18.2437,79.1936,1,huzurabad-h-o
IN,India,India,505469,Mannempalli,Telangana,40,Karim Nagar,534,Thimmapur,,18.3581,79.1661,3,mannempalli
IN,India,India,505469,Munjampalli,Telangana,40,Karim Nagar,534,Manakondur,,18.3581,79.1661,3,munjampalli
IN,India,India,505469,Gattududdenapalli,Telangana,40,Karim Nagar,534,Manakondur,,18.3581,79.1661,3,gattududdenapalli
IN,India,India,505469,Annaram,Telangana,40,Karim Nagar,534,Manakondur,,18.4094,79.2357,4,annaram
IN,India,India,505469,Chengerla,Telangana,40,Karim Nagar,534,Manakondur,,18.3629,79.2387,4,chengerla
IN,India,India,505469,Mallapur,Telangana,40,Karim Nagar,534,Thimmapur,,18.376,79.2449,4,mallapur
IN,India,India,505469,Parlapalli,Telangana,40,Karim Nagar,534,Thimmapur,,18.286,79.2197,4,parlapalli
IN,India,India,505469,Lingapur,Telangana,40,Karim Nagar,534,Manakondur,,18.4372,79.2259,4,lingapur
IN,India,India,505469,Polampalli,Telangana,40,Karim Nagar,534,Thimmapur,,18.3024,79.238,4,polampalli
IN,India,India,505469,Manakondur,Telangana,40,Karim Nagar,534,Manakondur,,18.4017,79.1853,4,manakondur
IN,India,India,505469,Veldi,Telangana,40,Karim Nagar,534,Manakondur,,18.376,79.2449,4,veldi
IN,India,India,505469,Porandla,Telangana,40,Karim Nagar,534,Thimmapur,,18.376,79.2449,4,porandla
IN,India,India,505470,Kannapur,Telangana,40,Karim Nagar,534,Shankarapatnam,,18.376,79.2449,4,kannapur
IN,India,India,505470,Kachapur,Telangana,40,Karim Nagar,534,NA,,18.376,79.2449,4,kachapur
IN,India,India,505470,Mutharam,Telangana,40,Karim Nagar,534,NA,,18.5204,78.8226,3,mutharam
IN,India,India,505470,Molangur,Telangana,40,Karim Nagar,534,NA,,18.5204,78.8226,3,molangur
IN,India,India,505470,Amudalapalli,Telangana,40,Karim Nagar,534,NA,,18.5204,78.8226,3,amudalapalli
IN,India,India,505470,Gaddapaka,Telangana,40,Karim Nagar,534,NA,,18.3435,79.3584,4,gaddapaka
IN,India,India,505470,Metpalli,Telangana,40,Karim Nagar,534,NA,,18.376,79.2449,4,metpalli
IN,India,India,505470,Rajapur,Telangana,40,Karim Nagar,534,NA,,18.376,79.2449,4,rajapur
IN,India,India,505471,Dharmaram,Telangana,40,Karim Nagar,534,Bheemadevarpalle,,18.3038,79.4892,4,dharmaram
IN,India,India,505471,Mallaram,Telangana,40,Karim Nagar,534,NA,,18.376,79.2449,4,mallaram
IN,India,India,505471,Mulkanur,Telangana,40,Karim Nagar,534,Huzurabad,,18.2712,79.1783,4,mulkanur
IN,India,India,505471,Kannaram,Telangana,40,Karim Nagar,534,NA,,18.2013,79.3169,3,kannaram
IN,India,India,505471,Mutharam,Telangana,40,Karim Nagar,534,NA,,18.2013,79.3169,3,mutharam
IN,India,India,505471,Mustafapur,Telangana,40,Karim Nagar,534,NA,,18.2013,79.3169,3,mustafapur
IN,India,India,505471,Yerraballi,Telangana,40,Karim Nagar,534,NA,,18.2013,79.3169,3,yerraballi
IN,India,India,505471,Kothakonda,Telangana,40,Karim Nagar,534,NA,,18.2013,79.3169,3,kothakonda
IN,India,India,505472,Ullampalli,Telangana,40,Karim Nagar,534,NA,,18.1805,79.2238,4,ullampalli
IN,India,India,505472,Duddenapalli,Telangana,40,Karim Nagar,534,NA,,18.376,79.2449,3,duddenapalli
IN,India,India,505472,Madhuda,Telangana,40,Karim Nagar,534,NA,,18.376,79.2449,3,madhuda
IN,India,India,505472,Shivarampalli,Telangana,40,Karim Nagar,534,Saidapur,,18.376,79.2449,3,shivarampalli
IN,India,India,505472,Akunur,Telangana,40,Karim Nagar,534,NA,,18.376,79.2449,3,akunur
IN,India,India,505472,Bommanapalli,Telangana,40,Karim Nagar,534,Saidapur,,18.376,79.2449,3,bommanapalli
IN,India,India,505472,Ghanpur,Telangana,40,Karim Nagar,534,NA,,18.1858,79.2988,4,ghanpur
IN,India,India,505472,Ramchandrapur,Telangana,40,Karim Nagar,534,NA,,18.376,79.2449,4,ramchandrapur
IN,India,India,505472,Saidapur (Karim Nagar),Telangana,40,Karim Nagar,534,Huzurabad,,18.2141,79.2905,4,saidapur-karim-nagar
IN,India,India,505472,Mohammadapur,Telangana,40,Karim Nagar,534,NA,,18.376,79.2449,4,mohammadapur
IN,India,India,505473,Kurella,Telangana,40,Karim Nagar,534,Koheda,,18.376,79.2449,4,kurella
IN,India,India,505473,Koheda,Telangana,40,Karim Nagar,534,Koheda,,18.376,79.2449,4,koheda
IN,India,India,505473,Baswapur,Telangana,40,Karim Nagar,534,Koheda,,18.376,79.2449,4,baswapur
IN,India,India,505473,Cheelapur,Telangana,40,Karim Nagar,534,Bejjanki,,18.376,79.2449,3,cheelapur
IN,India,India,505473,Gundareddipalli,Telangana,40,Karim Nagar,534,Koheda,,18.376,79.2449,4,gundareddipalli
IN,India,India,505473,Thangallapalli,Telangana,40,Karim Nagar,534,Koheda,,18.376,79.2449,3,thangallapalli
IN,India,India,505473,Shanigaram,Telangana,40,Karim Nagar,534,Koheda,,18.376,79.2449,3,shanigaram
IN,India,India,505473,Regulapalli,Telangana,40,Karim Nagar,534,Bejjanki,,18.4089,78.9871,4,regulapalli
IN,India,India,505474,Yeradapalli,Telangana,40,Karim Nagar,534,NA,,18.4377,79.3565,3,yeradapalli
IN,India,India,505474,Mogilipalem,Telangana,40,Karim Nagar,534,NA,,18.4377,79.3565,3,mogilipalem
IN,India,India,505474,Ambalapur,Telangana,40,Karim Nagar,534,NA,,18.4377,79.3565,3,ambalapur
IN,India,India,505474,Gangipalli,Telangana,40,Karim Nagar,534,NA,,18.376,79.2449,4,gangipalli
IN,India,India,505474,Rekonda,Telangana,40,Karim Nagar,534,NA,,18.2489,79.2412,4,rekonda
IN,India,India,505474,Kondapalakala,Telangana,40,Karim Nagar,534,NA,,18.3808,79.3057,4,kondapalakala
IN,India,India,505474,Tadikal,Telangana,40,Karim Nagar,534,Huzurabad,,18.3131,79.2918,4,tadikal
IN,India,India,505475,Vavilala,Telangana,40,Karim Nagar,534,NA,,18.376,79.2449,4,vavilala
IN,India,India,505475,Vanthadupula,Telangana,40,Karim Nagar,534,NA,,18.376,79.2449,3,vanthadupula
IN,India,India,505475,Vilasagar,Telangana,40,Karim Nagar,534,NA,,18.376,79.2449,3,vilasagar
IN,India,India,505475,Thanugula,Telangana,40,Karim Nagar,534,NA,,18.376,79.2449,3,thanugula
IN,India,India,505475,Tekurthi,Telangana,40,Karim Nagar,534,NA,,18.376,79.2449,3,tekurthi
IN,India,India,505475,Bijgir Shariff,Telangana,40,Karim Nagar,534,NA,,18.376,79.2449,3,bijgir-shariff
IN,India,India,505475,Bijnur,Telangana,40,Karim Nagar,534,NA,,18.376,79.2449,3,bijnur
IN,India,India,505475,Rachapalli,Telangana,40,Karim Nagar,534,NA,,18.361,79.5389,4,rachapalli
IN,India,India,505476,Yelkathurthi,Telangana,40,Karim Nagar,534,Huzurabad,,18.376,79.2449,3,yelkathurthi
IN,India,India,505476,Gopalapur,Telangana,40,Karim Nagar,534,NA,,18.376,79.2449,3,gopalapur
IN,India,India,505476,Valbhapur,Telangana,40,Karim Nagar,534,NA,,18.376,79.2449,3,valbhapur
IN,India,India,505476,Veeranarayapur,Telangana,40,Karim Nagar,534,NA,,18.376,79.2449,3,veeranarayapur
IN,India,India,505476,Damera,Telangana,40,Karim Nagar,534,NA,,18.376,79.2449,4,damera
IN,India,India,505476,Suraram,Telangana,40,Karim Nagar,534,NA,,18.376,79.2449,4,suraram
IN,India,India,505480,Bommakal,Telangana,40,Karim Nagar,534,NA,,18.1613,79.3396,4,bommakal
IN,India,India,505480,Rajkal,Telangana,40,Karim Nagar,534,NA,,18.376,79.2449,3,rajkal
IN,India,India,505480,Katrapalli,Telangana,40,Karim Nagar,534,NA,,18.376,79.2449,4,katrapalli
IN,India,India,505480,Vangara,Telangana,40,Karim Nagar,534,NA,,18.376,79.2449,3,vangara
IN,India,India,505480,Ammanagurthi,Telangana,40,Karim Nagar,534,NA,,18.376,79.2449,3,ammanagurthi
IN,India,India,505481,Mulkanur,Telangana,40,Karim Nagar,534,Chigurumamidi,,18.2712,79.1783,4,mulkanur
IN,India,India,505481,Kothapalli,Telangana,40,Karim Nagar,534,Thimmapur,,18.376,79.2449,4,kothapalli
IN,India,India,505481,Nustulapur,Telangana,40,Karim Nagar,534,Thimmapur,,18.26,79.1478,3,nustulapur
IN,India,India,505481,Mudimanikyam,Telangana,40,Karim Nagar,534,Chigurumamidi,,18.26,79.1478,3,mudimanikyam
IN,India,India,505481,Indurthi,Telangana,40,Karim Nagar,534,Chigurumamidi,,18.26,79.1478,3,indurthi
IN,India,India,505481,Narayanpur,Telangana,40,Karim Nagar,534,NA,,18.5999,78.9989,4,narayanpur
IN,India,India,505481,Ramancha,Telangana,40,Karim Nagar,534,Chigurumamidi,,18.376,79.2449,4,ramancha
IN,India,India,505481,Nallagonda,Telangana,40,Karim Nagar,534,Thimmapur,,18.3077,79.1862,4,nallagonda
IN,India,India,505490,Eklsapur,Telangana,40,Karim Nagar,534,NA,,18.2923,79.1761,1,eklsapur
IN,India,India,505490,Kothagutta,Telangana,40,Karim Nagar,534,NA,,18.2923,79.1761,1,kothagutta
IN,India,India,505490,Keshavapatnam,Telangana,40,Karim Nagar,534,Huzurabad,,18.2923,79.1761,1,keshavapatnam
IN,India,India,505490,Vennampalli,Telangana,40,Karim Nagar,534,NA,,18.2923,79.1761,1,vennampalli
IN,India,India,505497,Rathnagiri,Telangana,40,Karim Nagar,534,NA,,18.376,79.2449,3,rathnagiri
IN,India,India,505497,Koppur,Telangana,40,Karim Nagar,534,NA,,18.376,79.2449,4,koppur
IN,India,India,505497,Kothapalli,Telangana,40,Karim Nagar,534,NA,,18.376,79.2449,4,kothapalli
IN,India,India,505497,Manikyapur,Telangana,40,Karim Nagar,534,NA,,18.376,79.2449,3,manikyapur
IN,India,India,505497,Bheemadevarapally,Telangana,40,Karim Nagar,534,Huzurabad,,18.376,79.2449,3,bheemadevarapally
IN,India,India,505497,G Narsingapur,Telangana,40,Karim Nagar,534,NA,,18.376,79.2449,3,g-narsingapur
IN,India,India,505498,Penchiklapet,Telangana,40,Karim Nagar,534,NA,,18.376,79.2449,3,penchiklapet
IN,India,India,505498,Papaiahpalli,Telangana,40,Karim Nagar,534,Huzurabad,,18.376,79.2449,3,papaiahpalli
IN,India,India,505498,Godishala,Telangana,40,Karim Nagar,534,NA,,18.376,79.2449,3,godishala
IN,India,India,505498,Elabotharam,Telangana,40,Karim Nagar,534,NA,,18.376,79.2449,3,elabotharam
IN,India,India,505498,Jeelugula,Telangana,40,Karim Nagar,534,NA,,18.376,79.2449,3,jeelugula
IN,India,India,505498,Bornapalli,Telangana,40,Karim Nagar,534,NA,,18.376,79.2449,4,bornapalli
IN,India,India,505498,Jupaka,Telangana,40,Karim Nagar,534,NA,,18.376,79.2449,3,jupaka
IN,India,India,505498,Thummanapalli,Telangana,40,Karim Nagar,534,NA,,18.376,79.2449,3,thummanapalli
IN,India,India,505498,Sirsapalli,Telangana,40,Karim Nagar,534,NA,,18.376,79.2449,3,sirsapalli
IN,India,India,505498,Kakathiya Canal Campus,Telangana,40,Karim Nagar,534,Huzurabad,,18.376,79.2449,3,kakathiya-canal-campus
IN,India,India,505498,Erukalagudem,Telangana,40,Karim Nagar,534,Huzurabad,,18.376,79.2449,3,erukalagudem
IN,India,India,505498,Kanukulagidda,Telangana,40,Karim Nagar,534,NA,,18.376,79.2449,3,kanukulagidda
IN,India,India,505498,Pothireddypet,Telangana,40,Karim Nagar,534,NA,,18.376,79.2449,3,pothireddypet
IN,India,India,505498,Singapur,Telangana,40,Karim Nagar,534,NA,,18.2392,79.3677,4,singapur
IN,India,India,505498,Rampur,Telangana,40,Karim Nagar,534,Huzurabad,,18.376,79.2449,4,rampur
IN,India,India,505501,Ramsagar(Dabbathimmayapalli),Telangana,40,Karim Nagar,534,Kodimial,,18.376,79.2449,3,ramsagar-dabbathimmayapalli
IN,India,India,505501,Cheppial,Telangana,40,Karim Nagar,534,Kodimial,,18.376,79.2449,3,cheppial
IN,India,India,505501,Tippaipalli,Telangana,40,Karim Nagar,534,Kodimial,,18.376,79.2449,3,tippaipalli
IN,India,India,505501,Nachupalli,Telangana,40,Karim Nagar,534,Kodimial,,18.376,79.2449,3,nachupalli
IN,India,India,505501,Kodimial,Telangana,40,Karim Nagar,534,Kodimial,,18.376,79.2449,4,kodimial
IN,India,India,505501,Poodur,Telangana,40,Karim Nagar,534,Kodimial,,18.376,79.2449,4,poodur
IN,India,India,505501,Namilikonda,Telangana,40,Karim Nagar,534,Kodimial,,18.376,79.2449,3,namilikonda
IN,India,India,505501,Tirumalapur,Telangana,40,Karim Nagar,534,Kodimial,,18.376,79.2449,4,tirumalapur
IN,India,India,505502,Desaipalli,Telangana,40,Karim Nagar,534,Veenavanka,,18.4093,79.3858,4,desaipalli
IN,India,India,505502,Ghanmukulu,Telangana,40,Karim Nagar,534,NA,,18.4093,79.3858,3,ghanmukulu
IN,India,India,505502,Kondapaka,Telangana,40,Karim Nagar,534,NA,,18.4093,79.3858,3,kondapaka
IN,India,India,505502,Korkal,Telangana,40,Karim Nagar,534,NA,,18.4093,79.3858,3,korkal
IN,India,India,505502,Yelbaka,Telangana,40,Karim Nagar,534,NA,,18.4093,79.3858,3,yelbaka
IN,India,India,505502,Veenavanka,Telangana,40,Karim Nagar,534,Huzurabad,,18.4093,79.3858,3,veenavanka
IN,India,India,505502,Reddypalli,Telangana,40,Karim Nagar,534,NA,,18.4093,79.3858,3,reddypalli
IN,India,India,505502,Narsingapur,Telangana,40,Karim Nagar,534,NA,,18.4093,79.3858,3,narsingapur
IN,India,India,505503,Gangaram,Telangana,40,Karim Nagar,534,NA,,18.376,79.2449,4,gangaram
IN,India,India,505503,Vilasagar,Telangana,40,Karim Nagar,534,NA,,18.376,79.2449,3,vilasagar
IN,India,India,505503,Chintakani,Telangana,40,Karim Nagar,534,NA,,18.376,79.2449,4,chintakani
IN,India,India,505503,Borlagudem,Telangana,40,Karim Nagar,534,NA,,18.376,79.2449,4,borlagudem
IN,India,India,505503,Annaram,Telangana,40,Karim Nagar,534,NA,,18.4094,79.2357,4,annaram
IN,India,India,505503,Yedlapalli,Telangana,40,Karim Nagar,534,NA,,18.376,79.2449,4,yedlapalli
IN,India,India,505503,Rudraram,Telangana,40,Karim Nagar,534,NA,,18.376,79.2449,4,rudraram
IN,India,India,505503,Bayyaram,Telangana,40,Karim Nagar,534,NA,,18.376,79.2449,4,bayyaram
IN,India,India,505503,Damerakunta,Telangana,40,Karim Nagar,534,NA,,18.376,79.2449,3,damerakunta
IN,India,India,505503,Vallamkunta,Telangana,40,Karim Nagar,534,NA,,18.376,79.2449,3,vallamkunta
IN,India,India,505503,Mutharam,Telangana,40,Karim Nagar,534,NA,,18.376,79.2449,3,mutharam
IN,India,India,505503,Vadupulavancha,Telangana,40,Karim Nagar,534,Kataram,,18.376,79.2449,3,vadupulavancha
IN,India,India,505503,Dhanwada,Telangana,40,Karim Nagar,534,NA,,18.376,79.2449,4,dhanwada
IN,India,India,505503,Kataram,Telangana,40,Karim Nagar,534,Manthani,,18.376,79.2449,4,kataram
IN,India,India,505504,Ambatpalli,Telangana,40,Karim Nagar,534,NA,,18.376,79.2449,4,ambatpalli
IN,India,India,505504,Palimela,Telangana,40,Karim Nagar,534,NA,,18.376,79.2449,3,palimela
IN,India,India,505504,Mahadevpur (Karim Nagar),Telangana,40,Karim Nagar,534,Manthani,,18.376,79.2449,3,mahadevpur-karim-nagar
IN,India,India,505504,Kaleswaram,Telangana,40,Karim Nagar,534,NA,,18.376,79.2449,3,kaleswaram
IN,India,India,505504,Bommapur,Telangana,40,Karim Nagar,534,NA,,18.376,79.2449,3,bommapur
IN,India,India,505504,Suraram,Telangana,40,Karim Nagar,534,NA,,18.376,79.2449,4,suraram
IN,India,India,505505,Challur,Telangana,40,Karim Nagar,534,NA,,18.409,79.358,4,challur
IN,India,India,505505,Ootur,Telangana,40,Karim Nagar,534,NA,,18.376,79.2449,3,ootur
IN,India,India,505505,Kalleda,Telangana,40,Karim Nagar,534,NA,,18.376,79.2449,4,kalleda
IN,India,India,505505,Devampalli,Telangana,40,Karim Nagar,534,NA,,18.376,79.2449,3,devampalli
IN,India,India,505505,Vegurupalli,Telangana,40,Karim Nagar,534,NA,,18.376,79.2449,3,vegurupalli
IN,India,India,505505,Puchunur,Telangana,40,Karim Nagar,534,NA,,18.376,79.2449,3,puchunur
IN,India,India,505505,Laxmipur,Telangana,40,Karim Nagar,534,NA,,18.376,79.2449,3,laxmipur
IN,India,India,505505,Mamidalapalli,Telangana,40,Karim Nagar,534,NA,,18.376,79.2449,3,mamidalapalli
IN,India,India,505514,Mudriyal,Telangana,40,Karim Nagar,534,NA,,18.376,79.2449,3,mudriyal
IN,India,India,505514,Goyalwada,Telangana,40,Karim Nagar,534,NA,,18.376,79.2449,3,goyalwada
IN,India,India,505514,Potiyal,Telangana,40,Karim Nagar,534,NA,,18.376,79.2449,3,potiyal
IN,India,India,505514,Kukkalaguduru,Telangana,40,Karim Nagar,534,NA,,18.376,79.2449,3,kukkalaguduru
IN,India,India,505514,Anthergan Textiles,Telangana,40,Karim Nagar,534,Ramagundam,,18.376,79.2449,3,anthergan-textiles
IN,India,India,505514,Murmur,Telangana,40,Karim Nagar,534,NA,,18.376,79.2449,4,murmur
IN,India,India,505514,Brahmanpalli,Telangana,40,Karim Nagar,534,NA,,18.376,79.2449,4,brahmanpalli
IN,India,India,505524,Narsingapur,Telangana,40,Karim Nagar,534,Boenpali,,18.376,79.2449,3,narsingapur
IN,India,India,505524,Korem,Telangana,40,Karim Nagar,534,Boenpalli,,18.376,79.2449,4,korem
IN,India,India,505524,Kodurpak,Telangana,40,Karim Nagar,534,Boenpalli,,18.376,79.2449,3,kodurpak
IN,India,India,505524,Boenpalli,Telangana,40,Karim Nagar,534,Boenpalli,,18.376,79.2449,3,boenpalli
IN,India,India,505524,Ananthapalli,Telangana,40,Karim Nagar,534,Boenpalli,,18.376,79.2449,3,ananthapalli
IN,India,India,505524,Vilasagar,Telangana,40,Karim Nagar,534,Boenpalli,,18.376,79.2449,3,vilasagar
IN,India,India,505524,Vardavelli,Telangana,40,Karim Nagar,534,Boenpalli,,18.376,79.2449,3,vardavelli
IN,India,India,505524,Fazilnagar,Telangana,40,Karim Nagar,534,Vemulawada,,18.376,79.2449,3,fazilnagar
IN,India,India,505524,Nookalamarri,Telangana,40,Karim Nagar,534,Vemulawada,,18.376,79.2449,3,nookalamarri
IN,India,India,505524,Ottimalla,Telangana,40,Karim Nagar,534,Vemulawada,,18.376,79.2449,3,ottimalla
IN,India,India,505524,Tadagonda,Telangana,40,Karim Nagar,534,Boenpalli,,18.376,79.2449,3,tadagonda
IN,India,India,505525,Kummarikunta,Telangana,40,Karim Nagar,534,NA,,18.376,79.2449,3,kummarikunta
IN,India,India,505525,Kothur,Telangana,40,Karim Nagar,534,NA,,18.376,79.2449,4,kothur
IN,India,India,505525,Shivapalli,Telangana,40,Karim Nagar,534,NA,,18.376,79.2449,3,shivapalli
IN,India,India,505525,Wadakapur,Telangana,40,Karim Nagar,534,NA,,18.376,79.2449,3,wadakapur
IN,India,India,505525,Eligaid,Telangana,40,Karim Nagar,534,NA,,18.376,79.2449,3,eligaid
IN,India,India,505525,Sultanpur,Telangana,40,Karim Nagar,534,NA,,18.376,79.2449,4,sultanpur
IN,India,India,505525,Kachapur,Telangana,40,Karim Nagar,534,NA,,18.376,79.2449,4,kachapur
IN,India,India,505525,Julapalli,Telangana,40,Karim Nagar,534,NA,,18.376,79.2449,4,julapalli
IN,India,India,505525,Telukunta,Telangana,40,Karim Nagar,534,NA,,18.376,79.2449,3,telukunta
IN,India,India,505525,Dulikatta,Telangana,40,Karim Nagar,534,NA,,18.376,79.2449,3,dulikatta
IN,India,India,505525,Muppirithota,Telangana,40,Karim Nagar,534,NA,,18.376,79.2449,3,muppirithota
IN,India,India,505525,Venkataraopalli,Telangana,40,Karim Nagar,534,Julapalle,,18.6062,79.1098,4,venkataraopalli
IN,India,India,505526,Godhalpet,Telangana,40,Karim Nagar,534,NA,,18.376,79.2449,3,godhalpet
IN,India,India,505526,Stambampalli,Telangana,40,Karim Nagar,534,Dharmaram,,18.376,79.2449,3,stambampalli
IN,India,India,505526,Kishanraopet,Telangana,40,Karim Nagar,534,NA,,18.376,79.2449,3,kishanraopet
IN,India,India,505526,Muthunur,Telangana,40,Karim Nagar,534,NA,,18.376,79.2449,3,muthunur
IN,India,India,505526,Endapalli,Telangana,40,Karim Nagar,534,Velgatur,,18.376,79.2449,3,endapalli
IN,India,India,505526,Gullakota,Telangana,40,Karim Nagar,534,NA,,18.376,79.2449,4,gullakota
IN,India,India,505526,Velgatur,Telangana,40,Karim Nagar,534,Velgatur,,18.376,79.2449,3,velgatur
IN,India,India,505526,Kothapet,Telangana,40,Karim Nagar,534,NA,,18.376,79.2449,4,kothapet
IN,India,India,505526,Jagadevpet,Telangana,40,Karim Nagar,534,NA,,18.376,79.2449,3,jagadevpet
IN,India,India,505526,Atmakur,Telangana,40,Karim Nagar,534,NA,,18.376,79.2449,4,atmakur
IN,India,India,505526,Kapparaopet,Telangana,40,Karim Nagar,534,NA,,18.376,79.2449,3,kapparaopet
IN,India,India,505526,Ambaripet,Telangana,40,Karim Nagar,534,NA,,18.376,79.2449,3,ambaripet
IN,India,India,505526,Kondapur,Telangana,40,Karim Nagar,534,NA,,18.3875,79.0998,4,kondapur
IN,India,India,505527,Algunur,Telangana,40,Karim Nagar,534,Thimmapur,,18.376,79.2449,4,algunur
IN,India,India,505527,Lower Manair Dam Colony,Telangana,40,Karim Nagar,534,NA,,18.376,79.2449,3,lower-manair-dam-colony
IN,India,India,505527,Thimmapur,Telangana,40,Karim Nagar,534,Thimmapur,,18.376,79.2449,3,thimmapur
IN,India,India,505528,Repaka,Telangana,40,Karim Nagar,534,Ellanthakunta,,18.376,79.2449,4,repaka
IN,India,India,505528,Kallepalli,Telangana,40,Karim Nagar,534,Bejjanki,,18.376,79.2449,4,kallepalli
IN,India,India,505528,Gundaram,Telangana,40,Karim Nagar,534,Ellanthakunta,,18.376,79.2449,4,gundaram
IN,India,India,505528,Ramchandrapuram,Telangana,40,Karim Nagar,534,Koheda,,18.376,79.2449,4,ramchandrapuram
IN,India,India,505528,Gugilla,Telangana,40,Karim Nagar,534,Bejjanki,,18.1823,79.2436,3,gugilla
IN,India,India,505528,Bejjanki,Telangana,40,Karim Nagar,534,Bejjanki,,18.1823,79.2436,3,bejjanki
IN,India,India,505528,Gagillapur,Telangana,40,Karim Nagar,534,Bejjanki,,18.1823,79.2436,3,gagillapur
IN,India,India,505528,Vinjapalli,Telangana,40,Karim Nagar,534,Bejjanki,,18.1823,79.2436,3,vinjapalli
IN,India,India,505528,Dacharam,Telangana,40,Karim Nagar,534,Ellanthakunta,,18.376,79.2449,4,dacharam
IN,India,India,505529,Ibrahimnagar,Telangana,40,Karim Nagar,534,Gollapalli,,18.376,79.2449,4,ibrahimnagar
IN,India,India,505529,Nagnur Lachakkapet,Telangana,40,Karim Nagar,534,Sarangapur,,18.376,79.2449,3,nagnur-lachakkapet
IN,India,India,505529,Laxmipur,Telangana,40,Karim Nagar,534,Jagtial,,18.376,79.2449,3,laxmipur
IN,India,India,505529,Pembatla,Telangana,40,Karim Nagar,534,Sarangapur,,18.376,79.2449,4,pembatla
IN,India,India,505529,Thippannapet,Telangana,40,Karim Nagar,534,Jagtial,,18.376,79.2449,3,thippannapet
IN,India,India,505529,Raichpapalli,Telangana,40,Karim Nagar,534,Sarangapur,,18.376,79.2449,3,raichpapalli
IN,India,India,505529,Polas,Telangana,40,Karim Nagar,534,Jagtial,,18.376,79.2449,4,polas
IN,India,India,505529,Porandla,Telangana,40,Karim Nagar,534,Jagtial,,18.376,79.2449,4,porandla
IN,India,India,505529,Arpapalli,Telangana,40,Karim Nagar,534,Sarangapur,,18.376,79.2449,4,arpapalli
IN,India,India,505529,Mallannapet,Telangana,40,Karim Nagar,534,NA,,18.376,79.2449,4,mallannapet
IN,India,India,505530,Parvella,Telangana,40,Karim Nagar,534,Bejjanki,,18.376,79.2449,3,parvella
IN,India,India,505530,Jangapalli,Telangana,40,Karim Nagar,534,Bejjanki,,18.376,79.2449,4,jangapalli
IN,India,India,505530,Mylaram,Telangana,40,Karim Nagar,534,Bejjanki,,18.376,79.2449,4,mylaram
IN,India,India,505530,Tallapalli,Telangana,40,Karim Nagar,534,Ellanthakunta,,18.376,79.2449,4,tallapalli
IN,India,India,505530,Ganeervaram,Telangana,40,Karim Nagar,534,Bejjanki,,18.376,79.2449,3,ganeervaram
IN,India,India,505530,Gunukula Kondapur,Telangana,40,Karim Nagar,534,Bejjanki,,18.376,79.2449,3,gunukula-kondapur
IN,India,India,505530,Varkole,Telangana,40,Karim Nagar,534,NA,,18.376,79.2449,3,varkole
IN,India,India,505530,Vadloor,Telangana,40,Karim Nagar,534,Bejjanki,,18.376,79.2449,3,vadloor
IN,India,India,505530,Vachunur,Telangana,40,Karim Nagar,534,Thimmapur,,18.376,79.2449,3,vachunur
IN,India,India,505530,Thotapalli (Karim Nagar),Telangana,40,Karim Nagar,534,Bejjanki,,18.376,79.2449,3,thotapalli-karim-nagar
IN,India,India,505530,Renikunta,Telangana,40,Karim Nagar,534,Thimmapur,,18.376,79.2449,3,renikunta
IN,India,India,505530,Nedunur,Telangana,40,Karim Nagar,534,Thimmapur,,18.376,79.2449,3,nedunur
IN,India,India,505530,Galipalli,Telangana,40,Karim Nagar,534,Ellanthakunta,,18.376,79.2449,4,galipalli
IN,India,India,505530,Vadloorbegumpet,Telangana,40,Karim Nagar,534,Bejjanki,,18.376,79.2449,3,vadloorbegumpet
IN,India,India,505531,Katnapalli,Telangana,40,Karim Nagar,534,Choppadandi,,18.5437,79.1154,4,katnapalli
IN,India,India,505531,Aithpalli,Telangana,40,Karim Nagar,534,Pegadapalli,,18.5657,79.0531,3,aithpalli
IN,India,India,505531,Gopalraopet,Telangana,40,Karim Nagar,534,Ramadugu,,18.5615,79.0406,4,gopalraopet
IN,India,India,505531,Shanagar,Telangana,40,Karim Nagar,534,Ramadugu,,18.5739,79.0445,4,shanagar
IN,India,India,505531,Mothe,Telangana,40,Karim Nagar,534,Ramadugu,,18.545,79.085,4,mothe
IN,India,India,505531,Rudraram,Telangana,40,Karim Nagar,534,Ramadugu,,18.376,79.2449,4,rudraram
IN,India,India,505531,Gundi,Telangana,40,Karim Nagar,534,Ramadugu,,18.6237,79.0923,4,gundi
IN,India,India,505531,Namapur,Telangana,40,Karim Nagar,534,Pegadapalli,,18.376,79.2449,4,namapur
IN,India,India,505531,Laxmipur,Telangana,40,Karim Nagar,534,Ramadugu,,18.5657,79.0531,3,laxmipur
IN,India,India,505531,Sarvareddypalli,Telangana,40,Karim Nagar,534,Gangadhara,,18.5657,79.0531,3,sarvareddypalli
IN,India,India,505531,Thirumalapur,Telangana,40,Karim Nagar,534,Ramadugu,,18.5657,79.0531,3,thirumalapur
IN,India,India,505531,Gumlapur,Telangana,40,Karim Nagar,534,Choppadandi,,18.5657,79.0531,3,gumlapur
IN,India,India,505531,Ryalapalli,Telangana,40,Karim Nagar,534,Gangadhara,,18.5657,79.0531,3,ryalapalli
IN,India,India,505531,Ramadugu,Telangana,40,Karim Nagar,534,Ramadugu,,18.5846,79.0621,4,ramadugu
IN,India,India,505532,Venugumatla,Telangana,40,Karim Nagar,534,Gollapalli,,18.376,79.2449,3,venugumatla
IN,India,India,505532,Chandoli,Telangana,40,Karim Nagar,534,Gollapalli,,18.376,79.2449,4,chandoli
IN,India,India,505532,Aggimalla,Telangana,40,Karim Nagar,534,Gollapalli,,18.376,79.2449,3,aggimalla
IN,India,India,505532,Rapalli,Telangana,40,Karim Nagar,534,Gollapalli,,18.376,79.2449,4,rapalli
IN,India,India,505532,Chilvakodur,Telangana,40,Karim Nagar,534,Gollapalli,,18.376,79.2449,3,chilvakodur
IN,India,India,505532,Bathkapalli,Telangana,40,Karim Nagar,534,Pegadapalli,,18.376,79.2449,3,bathkapalli
IN,India,India,505532,Raghavapatnam,Telangana,40,Karim Nagar,534,Gollapalli,,18.376,79.2449,3,raghavapatnam
IN,India,India,505532,Gollapalli (Karim Nagar),Telangana,40,Karim Nagar,534,Gollapalli,,18.376,79.2449,3,gollapalli-karim-nagar
IN,India,India,505532,Vengalaipet,Telangana,40,Karim Nagar,534,Pegadapalli,,18.376,79.2449,3,vengalaipet
IN,India,India,505532,Thirumalapur,Telangana,40,Karim Nagar,534,Gollapalli,,18.376,79.2449,3,thirumalapur
IN,India,India,505532,Lingapur,Telangana,40,Karim Nagar,534,Pegadapalli,,18.4372,79.2259,4,lingapur
IN,India,India,505532,Pegadapalli,Telangana,40,Karim Nagar,534,Pegadapalli,,18.376,79.2449,4,pegadapalli
IN,India,India,505532,Nancherla,Telangana,40,Karim Nagar,534,Pegadapalli,,18.376,79.2449,4,nancherla
IN,India,India,505532,Shakkella,Telangana,40,Karim Nagar,534,Gollapalli,,18.376,79.2449,3,shakkella
IN,India,India,502001,Sangareddy B/s Complex,Telangana,40,Medak,535,Sangareddy,,17.8502,78.3923,1,sangareddy-b-s-complex
IN,India,India,502001,Sangareddy H.O,Telangana,40,Medak,535,Sangareddy,,17.8502,78.3923,1,sangareddy-h-o
IN,India,India,502001,Rajampet Colony,Telangana,40,Medak,535,Sangareddy,,17.8502,78.3923,1,rajampet-colony
IN,India,India,502001,Sangareddy Collectorate,Telangana,40,Medak,535,Sangareddy,,17.8502,78.3923,1,sangareddy-collectorate
IN,India,India,502032,Ameenpur,Telangana,40,Medak,535,Ramachandrapuram,,17.8502,78.3923,1,ameenpur
IN,India,India,502032,Ramachanrapuram Village,Telangana,40,Medak,535,Ramachandrapuram,,17.8502,78.3923,1,ramachanrapuram-village
IN,India,India,502032,Mig Colony,Telangana,40,Medak,535,Ramachandrapuram,,17.8502,78.3923,1,mig-colony
IN,India,India,502032,A.I.E. R.C.puram,Telangana,40,Medak,535,Ramachandrapuram,,17.8502,78.3923,1,a-i-e-r-c-puram
IN,India,India,502032,Bharatinagar,Telangana,40,Medak,535,Ramachandrapuram,,17.8502,78.3923,1,bharatinagar
IN,India,India,502032,Admn. Bldgs,Telangana,40,Medak,535,Ramachandrapuram,,17.8502,78.3923,1,admn-bldgs
IN,India,India,502032,Ramachandrapuram He,Telangana,40,Medak,535,Ramachandrapuram,,17.8502,78.3923,1,ramachandrapuram-he
IN,India,India,502032,Tellapur,Telangana,40,Medak,535,Ramachandrapuram,,17.8502,78.3923,1,tellapur
IN,India,India,502101,Ramayampet,Telangana,40,Medak,535,NA,,18.1173,78.4355,4,ramayampet
IN,India,India,502102,Konapur,Telangana,40,Medak,535,NA,,17.9554,78.2569,4,konapur
IN,India,India,502102,Kondapur,Telangana,40,Medak,535,NA,,18.0479,78.5727,4,kondapur
IN,India,India,502102,Rudraram,Telangana,40,Medak,535,NA,,17.9554,78.2569,4,rudraram
IN,India,India,502102,Jangapally,Telangana,40,Medak,535,NA,,17.9554,78.2569,3,jangapally
IN,India,India,502102,Rayalapur,Telangana,40,Medak,535,NA,,17.9554,78.2569,3,rayalapur
IN,India,India,502102,Pothireddipet,Telangana,40,Medak,535,NA,,17.9554,78.2569,3,pothireddipet
IN,India,India,502102,Nizampet (Medak),Telangana,40,Medak,535,NA,,17.9554,78.2569,3,nizampet-medak
IN,India,India,502102,Khajipur,Telangana,40,Medak,535,NA,,17.9554,78.2569,3,khajipur
IN,India,India,502102,Dongala Dharmaram,Telangana,40,Medak,535,NA,,17.9554,78.2569,3,dongala-dharmaram
IN,India,India,502102,Chelmeda,Telangana,40,Medak,535,NA,,17.9554,78.2569,3,chelmeda
IN,India,India,502102,Bhumpally,Telangana,40,Medak,535,NA,,17.9554,78.2569,3,bhumpally
IN,India,India,502102,Narlapur,Telangana,40,Medak,535,NA,,17.9554,78.2569,4,narlapur
IN,India,India,502102,Naskal,Telangana,40,Medak,535,NA,,17.9554,78.2569,4,naskal
IN,India,India,502102,Kalwakunta,Telangana,40,Medak,535,NA,,17.9554,78.2569,4,kalwakunta
IN,India,India,502103,Nehru Road Town,Telangana,40,Medak,535,Siddipet,,17.9554,78.2569,4,nehru-road-town
IN,India,India,502103,Prashanthnagar Town,Telangana,40,Medak,535,Siddipet,,17.9554,78.2569,4,prashanthnagar-town
IN,India,India,502103,Siddipet Busstand,Telangana,40,Medak,535,Siddipet,,17.9554,78.2569,3,siddipet-busstand
IN,India,India,502103,Siddipet H.O,Telangana,40,Medak,535,Siddipet,,17.9554,78.2569,3,siddipet-h-o
IN,India,India,502103,Ambedkarnagar,Telangana,40,Medak,535,Siddipet,,17.9554,78.2569,3,ambedkarnagar
IN,India,India,502103,Bharathnagar Town,Telangana,40,Medak,535,Siddipet,,17.9554,78.2569,4,bharathnagar-town
IN,India,India,502107,Ibrahimpur,Telangana,40,Medak,535,NA,,18.0225,78.5251,4,ibrahimpur
IN,India,India,502107,Chinthamadaka,Telangana,40,Medak,535,NA,,17.9554,78.2569,3,chinthamadaka
IN,India,India,502107,Raorukala,Telangana,40,Medak,535,NA,,17.9554,78.2569,3,raorukala
IN,India,India,502107,Raghavapur,Telangana,40,Medak,535,NA,,17.9554,78.2569,3,raghavapur
IN,India,India,502107,Narayanaraopet,Telangana,40,Medak,535,NA,,17.9554,78.2569,3,narayanaraopet
IN,India,India,502107,Pullur,Telangana,40,Medak,535,NA,,17.9554,78.2569,3,pullur
IN,India,India,502107,Chinna Gundavelli,Telangana,40,Medak,535,NA,,17.9554,78.2569,4,chinna-gundavelli
IN,India,India,502108,Mothe,Telangana,40,Medak,535,NA,,17.9554,78.2569,4,mothe
IN,India,India,502108,Kaslabad,Telangana,40,Medak,535,NA,,17.9554,78.2569,4,kaslabad
IN,India,India,502108,Chittapur,Telangana,40,Medak,535,NA,,17.9554,78.2569,4,chittapur
IN,India,India,502108,Dubbak,Telangana,40,Medak,535,Dubbak,,17.9554,78.2569,4,dubbak
IN,India,India,502108,Habsipur,Telangana,40,Medak,535,NA,,17.9554,78.2569,4,habsipur
IN,India,India,502108,Dharmajipet,Telangana,40,Medak,535,NA,,17.9554,78.2569,4,dharmajipet
IN,India,India,502108,Chellapur,Telangana,40,Medak,535,NA,,17.9554,78.2569,4,chellapur
IN,India,India,502108,Akaram,Telangana,40,Medak,535,Dubbak,,17.9554,78.2569,4,akaram
IN,India,India,502108,Lachapet,Telangana,40,Medak,535,NA,,17.9554,78.2569,3,lachapet
IN,India,India,502108,Chikode,Telangana,40,Medak,535,Dubbak,,17.9554,78.2569,3,chikode
IN,India,India,502108,Dumpalapally,Telangana,40,Medak,535,Dubbak,,17.9554,78.2569,3,dumpalapally
IN,India,India,502108,Gambheerpur,Telangana,40,Medak,535,Dubbak,,17.9554,78.2569,3,gambheerpur
IN,India,India,502108,Gundavelly,Telangana,40,Medak,535,Dubbak,,17.9554,78.2569,3,gundavelly
IN,India,India,502108,Mirdiddi,Telangana,40,Medak,535,NA,,17.9554,78.2569,3,mirdiddi
IN,India,India,502108,Rajakkapat,Telangana,40,Medak,535,NA,,17.9554,78.2569,3,rajakkapat
IN,India,India,502108,Ramakkapet,Telangana,40,Medak,535,NA,,17.9554,78.2569,3,ramakkapet
IN,India,India,502108,Yenagurthy,Telangana,40,Medak,535,NA,,17.9554,78.2569,3,yenagurthy
IN,India,India,502108,Ande,Telangana,40,Medak,535,Dubbak,,17.9554,78.2569,3,ande
IN,India,India,502108,Dharmaram,Telangana,40,Medak,535,NA,,17.9065,78.297,4,dharmaram
IN,India,India,502109,Amsanipally,Telangana,40,Medak,535,NA,,18.0096,78.4626,3,amsanipally
IN,India,India,502109,Mangalparthy,Telangana,40,Medak,535,NA,,18.0096,78.4626,3,mangalparthy
IN,India,India,502109,Ryalamagudu,Telangana,40,Medak,535,NA,,18.0096,78.4626,3,ryalamagudu
IN,India,India,502109,Machavaram (Medak),Telangana,40,Medak,535,Medak,,18.0096,78.4626,3,machavaram-medak
IN,India,India,502109,Kuknoor,Telangana,40,Medak,535,NA,,18.0096,78.4626,3,kuknoor
IN,India,India,502109,Pothamshettipally,Telangana,40,Medak,535,NA,,18.0096,78.4626,3,pothamshettipally
IN,India,India,502109,Manepally,Telangana,40,Medak,535,NA,,18.0096,78.4626,3,manepally
IN,India,India,502109,M. Jalalpur.,Telangana,40,Medak,535,NA,,18.0096,78.4626,3,m-jalalpur
IN,India,India,502109,Perur,Telangana,40,Medak,535,NA,,18.0255,78.2171,4,perur
IN,India,India,502109,Rampur,Telangana,40,Medak,535,NA,,17.9554,78.2569,4,rampur
IN,India,India,502110,Medak Buss stand,Telangana,40,Medak,535,Medak,,17.9554,78.2569,3,medak-buss-stand
IN,India,India,502110,Medak Town,Telangana,40,Medak,535,Medak,,17.9554,78.2569,4,medak-town
IN,India,India,502110,Medak H.O,Telangana,40,Medak,535,Medak,,17.9554,78.2569,3,medak-h-o
IN,India,India,502113,Haveli Ghanpur,Telangana,40,Medak,535,Medak,,17.9554,78.2569,3,haveli-ghanpur
IN,India,India,502113,Rajpet,Telangana,40,Medak,535,NA,,18.151,78.1901,4,rajpet
IN,India,India,502113,Timmaipally,Telangana,40,Medak,535,NA,,17.9554,78.2569,3,timmaipally
IN,India,India,502113,Ausulapally,Telangana,40,Medak,535,NA,,17.9554,78.2569,3,ausulapally
IN,India,India,502113,Boguda Bhupathipur,Telangana,40,Medak,535,NA,,17.9554,78.2569,3,boguda-bhupathipur
IN,India,India,502113,Pathoor,Telangana,40,Medak,535,NA,,17.9554,78.2569,3,pathoor
IN,India,India,502113,Burugupally,Telangana,40,Medak,535,NA,,17.9554,78.2569,3,burugupally
IN,India,India,502113,Nagapuram,Telangana,40,Medak,535,NA,,17.9554,78.2569,4,nagapuram
IN,India,India,502114,Kanugal,Telangana,40,Medak,535,NA,,17.9554,78.2569,3,kanugal
IN,India,India,502114,Appanapally,Telangana,40,Medak,535,NA,,17.9554,78.2569,3,appanapally
IN,India,India,502114,Irkode,Telangana,40,Medak,535,NA,,17.9554,78.2569,3,irkode
IN,India,India,502114,Tadakapally,Telangana,40,Medak,535,NA,,17.9554,78.2569,3,tadakapally
IN,India,India,502114,Gudikandula,Telangana,40,Medak,535,NA,,17.9554,78.2569,3,gudikandula
IN,India,India,502114,Insanpally,Telangana,40,Medak,535,NA,,17.9554,78.2569,3,insanpally
IN,India,India,502114,Venkatapur,Telangana,40,Medak,535,NA,,18.0771,78.5523,4,venkatapur
IN,India,India,502114,Timmapur,Telangana,40,Medak,535,NA,,17.9554,78.2569,4,timmapur
IN,India,India,502114,Ghanpur,Telangana,40,Medak,535,NA,,17.9554,78.2569,4,ghanpur
IN,India,India,502114,Tornal,Telangana,40,Medak,535,NA,,17.9554,78.2569,4,tornal
IN,India,India,502115,Akkannapet,Telangana,40,Medak,535,NA,,17.9554,78.2569,4,akkannapet
IN,India,India,502115,Laxmapur,Telangana,40,Medak,535,NA,,17.9554,78.2569,3,laxmapur
IN,India,India,502115,Thonigandla,Telangana,40,Medak,535,NA,,17.9554,78.2569,3,thonigandla
IN,India,India,502115,Gangapur,Telangana,40,Medak,535,NA,,17.9554,78.2569,4,gangapur
IN,India,India,502115,Katrial,Telangana,40,Medak,535,NA,,18.152,78.3507,4,katrial
IN,India,India,502117,Banda Posanipally,Telangana,40,Medak,535,Medak,,18.0771,78.5523,3,banda-posanipally
IN,India,India,502117,Bhupathipur,Telangana,40,Medak,535,NA,,18.0771,78.5523,3,bhupathipur
IN,India,India,502117,Rajpally,Telangana,40,Medak,535,Medak,,18.0771,78.5523,3,rajpally
IN,India,India,502117,Settipally Kalan,Telangana,40,Medak,535,NA,,18.0771,78.5523,3,settipally-kalan
IN,India,India,502117,S. Kondapur,Telangana,40,Medak,535,NA,,18.0771,78.5523,3,s-kondapur
IN,India,India,502117,Venkatapur,Telangana,40,Medak,535,NA,,18.0771,78.5523,4,venkatapur
IN,India,India,502125,Laxminagar,Telangana,40,Medak,535,NA,,17.6975,78.2434,3,laxminagar
IN,India,India,502125,Yellapur,Telangana,40,Medak,535,NA,,17.6975,78.2434,4,yellapur
IN,India,India,502125,Podichanpally,Telangana,40,Medak,535,NA,,17.6975,78.2434,3,podichanpally
IN,India,India,502130,Maddulwai,Telangana,40,Medak,535,NA,,17.9554,78.2569,1,maddulwai
IN,India,India,502130,Kuchanpally,Telangana,40,Medak,535,Medak,,17.9554,78.2569,1,kuchanpally
IN,India,India,502130,Toguta,Telangana,40,Medak,535,NA,,17.9554,78.2569,1,toguta
IN,India,India,502130,Sardana,Telangana,40,Medak,535,NA,,17.9554,78.2569,1,sardana
IN,India,India,502130,Fareedpur,Telangana,40,Medak,535,NA,,17.9554,78.2569,1,fareedpur
IN,India,India,502205,O.F.Yeddumailaram,Telangana,40,Medak,535,Sangareddy,,17.806,78.2366,1,o-f-yeddumailaram
IN,India,India,502210,Picharagadi,Telangana,40,Medak,535,Zaheerabad,,17.9554,78.2569,3,picharagadi
IN,India,India,502210,Sajjapur,Telangana,40,Medak,535,Zaheerabad,,17.9554,78.2569,3,sajjapur
IN,India,India,502210,Bilalpur,Telangana,40,Medak,535,Zaheerabad,,17.9554,78.2569,3,bilalpur
IN,India,India,502210,Machireddypally,Telangana,40,Medak,535,Zaheerabad,,17.9554,78.2569,3,machireddypally
IN,India,India,502210,Maniyarpally,Telangana,40,Medak,535,Zaheerabad,,17.9554,78.2569,3,maniyarpally
IN,India,India,502210,Paidigummal,Telangana,40,Medak,535,Zaheerabad,,17.9554,78.2569,3,paidigummal
IN,India,India,502210,Pothareddypally,Telangana,40,Medak,535,Zaheerabad,,17.9554,78.2569,3,pothareddypally
IN,India,India,502210,Khanapur,Telangana,40,Medak,535,Zaheerabad,,17.9554,78.2569,4,khanapur
IN,India,India,502210,Kohir,Telangana,40,Medak,535,Zaheerabad,,17.9554,78.2569,4,kohir
IN,India,India,502220,Zaheerabad H.O,Telangana,40,Medak,535,Zaheerabad,,17.9554,78.2569,1,zaheerabad-h-o
IN,India,India,502221,Ippepally,Telangana,40,Medak,535,Zaheerabad,,17.9554,78.2569,3,ippepally
IN,India,India,502221,Mannapur,Telangana,40,Medak,535,Zaheerabad,,17.9554,78.2569,4,mannapur
IN,India,India,502221,Madgi,Telangana,40,Medak,535,Zaheerabad,,17.9554,78.2569,4,madgi
IN,India,India,502221,Mogudampally,Telangana,40,Medak,535,Zaheerabad,,17.9554,78.2569,3,mogudampally
IN,India,India,502221,Satwar,Telangana,40,Medak,535,Zaheerabad,,17.9554,78.2569,3,satwar
IN,India,India,502221,Khasimpur,Telangana,40,Medak,535,Zaheerabad,,17.9554,78.2569,3,khasimpur
IN,India,India,502221,Charakpally,Telangana,40,Medak,535,Zaheerabad,,17.9554,78.2569,3,charakpally
IN,India,India,502221,Dhanasiri,Telangana,40,Medak,535,Zaheerabad,,17.9554,78.2569,3,dhanasiri
IN,India,India,502221,Gopanpally,Telangana,40,Medak,535,Zaheerabad,,17.9554,78.2569,3,gopanpally
IN,India,India,502221,Gudpally,Telangana,40,Medak,535,Zaheerabad,,17.9554,78.2569,3,gudpally
IN,India,India,502228,Madhunagar,Telangana,40,Medak,535,Zahirabad,,17.9554,78.2569,1,madhunagar
IN,India,India,502228,Didgi,Telangana,40,Medak,535,Zaheerabad,,17.9554,78.2569,1,didgi
IN,India,India,502228,Buchnelly,Telangana,40,Medak,535,Zaheerabad,,17.9554,78.2569,1,buchnelly
IN,India,India,502228,Burdipahad,Telangana,40,Medak,535,Zaheerabad,,17.9554,78.2569,1,burdipahad
IN,India,India,502246,Krishnapur,Telangana,40,Medak,535,Zaheerabad,,17.9554,78.2569,4,krishnapur
IN,India,India,502246,Zarasangam,Telangana,40,Medak,535,Zaheerabad,,17.9554,78.2569,3,zarasangam
IN,India,India,502246,Jeerlapally,Telangana,40,Medak,535,Zaheerabad,,17.9554,78.2569,3,jeerlapally
IN,India,India,502246,Guntamarpally,Telangana,40,Medak,535,Zaheerabad,,17.9554,78.2569,3,guntamarpally
IN,India,India,502246,Machnoor,Telangana,40,Medak,535,Zaheerabad,,17.9554,78.2569,3,machnoor
IN,India,India,502246,Kuppanagar,Telangana,40,Medak,535,Zaheerabad,,17.9554,78.2569,3,kuppanagar
IN,India,India,502247,Ananthasagar,Telangana,40,Medak,535,NA,,17.9554,78.2569,3,ananthasagar
IN,India,India,502247,Surampally,Telangana,40,Medak,535,NA,,17.9554,78.2569,3,surampally
IN,India,India,502247,Bonala,Telangana,40,Medak,535,NA,,17.9554,78.2569,3,bonala
IN,India,India,502247,Chandaipet,Telangana,40,Medak,535,NA,,17.9554,78.2569,3,chandaipet
IN,India,India,502247,Chepial,Telangana,40,Medak,535,NA,,17.9554,78.2569,3,chepial
IN,India,India,502247,Makkarajpet,Telangana,40,Medak,535,NA,,17.9554,78.2569,3,makkarajpet
IN,India,India,502247,Indupial,Telangana,40,Medak,535,NA,,17.9554,78.2569,3,indupial
IN,India,India,502247,Dommat,Telangana,40,Medak,535,NA,,17.9554,78.2569,3,dommat
IN,India,India,502247,Doulathabad,Telangana,40,Medak,535,NA,,17.9554,78.2569,3,doulathabad
IN,India,India,502247,Alwal,Telangana,40,Medak,535,NA,,17.9554,78.2569,4,alwal
IN,India,India,502247,Ibrahimpur,Telangana,40,Medak,535,NA,,18.0225,78.5251,4,ibrahimpur
IN,India,India,502248,Madur,Telangana,40,Medak,535,NA,,17.6939,78.281,4,madur
IN,India,India,502248,Mirzapally,Telangana,40,Medak,535,NA,,17.8762,78.3346,3,mirzapally
IN,India,India,502248,Zapthi Shivnoor,Telangana,40,Medak,535,NA,,17.8762,78.3346,3,zapthi-shivnoor
IN,India,India,502248,Gavvalapally,Telangana,40,Medak,535,NA,,17.8762,78.3346,3,gavvalapally
IN,India,India,502248,Narsingee,Telangana,40,Medak,535,NA,,17.8762,78.3346,3,narsingee
IN,India,India,502248,Khajapur,Telangana,40,Medak,535,NA,,18.0585,78.3882,4,khajapur
IN,India,India,502248,Shankarampet,Telangana,40,Medak,535,NA,,17.8762,78.3346,3,shankarampet
IN,India,India,502249,Metalkunta,Telangana,40,Medak,535,Zaheerabad,,17.9554,78.2569,1,metalkunta
IN,India,India,502249,Kalbemal,Telangana,40,Medak,535,Zaheerabad,,17.9554,78.2569,1,kalbemal
IN,India,India,502249,Yelgoi,Telangana,40,Medak,535,Zaheerabad,,17.9554,78.2569,1,yelgoi
IN,India,India,502249,Rejinthal,Telangana,40,Medak,535,Zaheerabad,,17.9554,78.2569,1,rejinthal
IN,India,India,502249,Mamidgi,Telangana,40,Medak,535,Zaheerabad,,17.9554,78.2569,1,mamidgi
IN,India,India,502249,Mirzapur (Medak),Telangana,40,Medak,535,Zaheerabad,,17.9554,78.2569,1,mirzapur-medak
IN,India,India,502251,Waddi,Telangana,40,Medak,535,Zaheerabad,,17.8263,78.3436,3,waddi
IN,India,India,502251,Hadnur,Telangana,40,Medak,535,Zaheerabad,,17.8263,78.3436,3,hadnur
IN,India,India,502251,Mungi,Telangana,40,Medak,535,Zaheerabad,,17.8263,78.3436,3,mungi
IN,India,India,502251,Dappur,Telangana,40,Medak,535,Zaheerabad,,17.8263,78.3436,3,dappur
IN,India,India,502251,Ratnapur,Telangana,40,Medak,535,Zaheerabad,,17.8263,78.3436,4,ratnapur
IN,India,India,502255,Suraram,Telangana,40,Medak,535,NA,,17.9554,78.2569,4,suraram
IN,India,India,502255,Chandampet,Telangana,40,Medak,535,NA,,17.9689,78.4229,4,chandampet
IN,India,India,502255,Yeldurthy,Telangana,40,Medak,535,NA,,17.9554,78.2569,3,yeldurthy
IN,India,India,502255,Chinna Shivnoor,Telangana,40,Medak,535,NA,,17.9554,78.2569,3,chinna-shivnoor
IN,India,India,502255,Reddipally,Telangana,40,Medak,535,NA,,17.9554,78.2569,3,reddipally
IN,India,India,502255,Daripally,Telangana,40,Medak,535,NA,,17.9554,78.2569,3,daripally
IN,India,India,502255,Wadiaram,Telangana,40,Medak,535,NA,,17.9554,78.2569,4,wadiaram
IN,India,India,502255,Uppu Lingapur,Telangana,40,Medak,535,NA,,17.9554,78.2569,3,uppu-lingapur
IN,India,India,502255,Chegunta,Telangana,40,Medak,535,NA,,17.9713,78.4592,4,chegunta
IN,India,India,502256,Hulgera,Telangana,40,Medak,535,Zaheerabad,,17.952,78.32,1,hulgera
IN,India,India,502256,Nyalkal,Telangana,40,Medak,535,Zaheerabad,,17.952,78.32,1,nyalkal
IN,India,India,502256,Chalki,Telangana,40,Medak,535,Zaheerabad,,17.952,78.32,1,chalki
IN,India,India,502256,Cheekurthi,Telangana,40,Medak,535,Zaheerabad,,17.952,78.32,1,cheekurthi
IN,India,India,502256,Kakijanwada,Telangana,40,Medak,535,Zaheerabad,,17.952,78.32,1,kakijanwada
IN,India,India,502257,Raikode,Telangana,40,Medak,535,Zaheerabad,,17.9554,78.2569,4,raikode
IN,India,India,502257,Hasnabad,Telangana,40,Medak,535,Zaheerabad,,17.947,78.5005,4,hasnabad
IN,India,India,502257,Singtham,Telangana,40,Medak,535,Zaheerabad,,17.8974,78.0039,3,singtham
IN,India,India,502257,Jambgi,Telangana,40,Medak,535,Zaheerabad,,17.8974,78.0039,3,jambgi
IN,India,India,502257,Karchal,Telangana,40,Medak,535,Zaheerabad,,17.8974,78.0039,3,karchal
IN,India,India,502257,Peepalpalli,Telangana,40,Medak,535,Zaheerabad,,17.8974,78.0039,3,peepalpalli
IN,India,India,502257,Pampad,Telangana,40,Medak,535,Zaheerabad,,17.9554,78.2569,4,pampad
IN,India,India,502267,Mandapally,Telangana,40,Medak,535,NA,,17.9554,78.2569,3,mandapally
IN,India,India,502267,Ananthsagar,Telangana,40,Medak,535,NA,,17.9554,78.2569,3,ananthsagar
IN,India,India,502267,Ramunipatla,Telangana,40,Medak,535,NA,,17.9554,78.2569,3,ramunipatla
IN,India,India,502267,Sikindlapur,Telangana,40,Medak,535,NA,,17.9554,78.2569,3,sikindlapur
IN,India,India,502267,Ch.Ankireddipally,Telangana,40,Medak,535,NA,,17.9554,78.2569,3,ch-ankireddipally
IN,India,India,502267,Gonepally,Telangana,40,Medak,535,NA,,17.9554,78.2569,3,gonepally
IN,India,India,502267,Medipally,Telangana,40,Medak,535,NA,,17.9554,78.2569,3,medipally
IN,India,India,502267,Ibrahimnagar,Telangana,40,Medak,535,NA,,17.9554,78.2569,4,ibrahimnagar
IN,India,India,502269,Muslapur,Telangana,40,Medak,535,Jogipet,,17.9205,77.978,4,muslapur
IN,India,India,502269,Bodamatpally,Telangana,40,Medak,535,Jogipet,,17.9554,78.2569,3,bodamatpally
IN,India,India,502269,Pothulaboguda,Telangana,40,Medak,535,Jogipet,,17.9554,78.2569,3,pothulaboguda
IN,India,India,502269,Chilver,Telangana,40,Medak,535,Jogipet,,17.9554,78.2569,3,chilver
IN,India,India,502269,Raipally,Telangana,40,Medak,535,Jogipet,,17.9554,78.2569,3,raipally
IN,India,India,502269,Gorrekal,Telangana,40,Medak,535,Jogipet,,17.9554,78.2569,3,gorrekal
IN,India,India,502269,Chevella,Telangana,40,Medak,535,Jogipet,,17.9554,78.2569,4,chevella
IN,India,India,502269,Devnoor,Telangana,40,Medak,535,Jogipet,,17.9554,78.2569,3,devnoor
IN,India,India,502269,Alladurg,Telangana,40,Medak,535,Alladurg,,17.9554,78.2569,3,alladurg
IN,India,India,502270,Nidijipla,Telangana,40,Medak,535,Jogipet,,17.9554,78.2569,3,nidijipla
IN,India,India,502270,Chintakunta,Telangana,40,Medak,535,Jogipet,,17.9554,78.2569,4,chintakunta
IN,India,India,502270,Ramsanpalli,Telangana,40,Medak,535,Jogipet,,17.9554,78.2569,4,ramsanpalli
IN,India,India,502270,Jogipet,Telangana,40,Medak,535,Jogipet,,17.9554,78.2569,4,jogipet
IN,India,India,502270,Chitkul,Telangana,40,Medak,535,Jogipet,,17.8957,78.0944,4,chitkul
IN,India,India,502270,Peddapur,Telangana,40,Medak,535,Jogipet,,17.8988,77.9807,4,peddapur
IN,India,India,502270,Dakoor,Telangana,40,Medak,535,Jogipet,,17.9554,78.2569,3,dakoor
IN,India,India,502270,Kusangi,Telangana,40,Medak,535,Jogipet,,17.9554,78.2569,3,kusangi
IN,India,India,502270,Aksanpally,Telangana,40,Medak,535,Jogipet,,17.9554,78.2569,3,aksanpally
IN,India,India,502270,Neredigunta,Telangana,40,Medak,535,Jogipet,,17.9554,78.2569,3,neredigunta
IN,India,India,502270,Marvelli,Telangana,40,Medak,535,Jogipet,,17.9554,78.2569,3,marvelli
IN,India,India,502270,Khadeerabad,Telangana,40,Medak,535,Jogipet,,17.9554,78.2569,3,khadeerabad
IN,India,India,502270,Posanipet,Telangana,40,Medak,535,Jogipet,,17.9554,78.2569,4,posanipet
IN,India,India,502271,Jukal,Telangana,40,Medak,535,Jogipet,,18.0891,77.984,4,jukal
IN,India,India,502271,Shankarampet,Telangana,40,Medak,535,Jogipet,,18.0773,77.9289,3,shankarampet
IN,India,India,502271,Shankarampet Bazar,Telangana,40,Medak,535,Shankarampet (A),,18.0773,77.9289,3,shankarampet-bazar
IN,India,India,502271,Cheelapalli,Telangana,40,Medak,535,Jogipet,,18.0773,77.9289,3,cheelapalli
IN,India,India,502271,Makta Laxmapur,Telangana,40,Medak,535,Jogipet,,18.0773,77.9289,3,makta-laxmapur
IN,India,India,502271,Moosapet,Telangana,40,Medak,535,Jogipet,,18.0773,77.9289,3,moosapet
IN,India,India,502271,Uthloor,Telangana,40,Medak,535,Jogipet,,18.0773,77.9289,3,uthloor
IN,India,India,502271,Tenkati,Telangana,40,Medak,535,Jogipet,,18.0655,77.8738,4,tenkati
IN,India,India,502273,Sureddy Itikyal,Telangana,40,Medak,535,Jogipet,,17.9554,78.2569,3,sureddy-itikyal
IN,India,India,502273,Shivampet,Telangana,40,Medak,535,Jogipet,,17.9554,78.2569,3,shivampet
IN,India,India,502273,Andole,Telangana,40,Medak,535,Andole,,17.9554,78.2569,3,andole
IN,India,India,502273,Vendikole,Telangana,40,Medak,535,Jogipet,,17.9554,78.2569,3,vendikole
IN,India,India,502273,Mudimanik,Telangana,40,Medak,535,Jogipet,,17.9554,78.2569,4,mudimanik
IN,India,India,502273,Korpole,Telangana,40,Medak,535,Jogipet,,17.9554,78.2569,3,korpole
IN,India,India,502273,Choutkur,Telangana,40,Medak,535,Jogipet,,17.9554,78.2569,3,choutkur
IN,India,India,502273,Almaipet,Telangana,40,Medak,535,Jogipet,,17.9554,78.2569,4,almaipet
IN,India,India,502276,Pedda Koduru,Telangana,40,Medak,535,NA,,17.9554,78.2569,3,pedda-koduru
IN,India,India,502276,Ramancha,Telangana,40,Medak,535,NA,,17.9554,78.2569,4,ramancha
IN,India,India,502276,Malyal,Telangana,40,Medak,535,NA,,17.9554,78.2569,4,malyal
IN,India,India,502276,Chandlapur,Telangana,40,Medak,535,NA,,17.9554,78.2569,3,chandlapur
IN,India,India,502276,Lingareddipally,Telangana,40,Medak,535,NA,,17.9554,78.2569,3,lingareddipally
IN,India,India,502276,Gurralagondi,Telangana,40,Medak,535,NA,,17.9554,78.2569,3,gurralagondi
IN,India,India,502276,Jakkapur,Telangana,40,Medak,535,NA,,17.9554,78.2569,3,jakkapur
IN,India,India,502276,Kodurkurd,Telangana,40,Medak,535,NA,,17.9554,78.2569,3,kodurkurd
IN,India,India,502276,Machapur,Telangana,40,Medak,535,NA,,17.9554,78.2569,4,machapur
IN,India,India,502277,Bakrichepial,Telangana,40,Medak,535,NA,,17.9554,78.2569,3,bakrichepial
IN,India,India,502277,Velikatta,Telangana,40,Medak,535,NA,,17.9554,78.2569,4,velikatta
IN,India,India,502277,Ankireddipally,Telangana,40,Medak,535,NA,,17.9554,78.2569,3,ankireddipally
IN,India,India,502277,Duddeda,Telangana,40,Medak,535,NA,,17.9554,78.2569,3,duddeda
IN,India,India,502277,Bandaram,Telangana,40,Medak,535,NA,,17.9554,78.2569,4,bandaram
IN,India,India,502277,Ponnal,Telangana,40,Medak,535,NA,,17.9554,78.2569,4,ponnal
IN,India,India,502278,Ramaram,Telangana,40,Medak,535,NA,,17.9554,78.2569,4,ramaram
IN,India,India,502278,Gujvail,Telangana,40,Medak,535,Gujvail,,17.9554,78.2569,3,gujvail
IN,India,India,502278,Kolgur,Telangana,40,Medak,535,NA,,17.9554,78.2569,3,kolgur
IN,India,India,502278,Mutrajpally,Telangana,40,Medak,535,NA,,17.9554,78.2569,3,mutrajpally
IN,India,India,502278,Raiploe,Telangana,40,Medak,535,NA,,17.9554,78.2569,3,raiploe
IN,India,India,502278,Singavatum,Telangana,40,Medak,535,NA,,17.9554,78.2569,3,singavatum
IN,India,India,502278,Venkataraopet,Telangana,40,Medak,535,NA,,17.9554,78.2569,4,venkataraopet
IN,India,India,502278,Tirumalapur,Telangana,40,Medak,535,NA,,17.9554,78.2569,4,tirumalapur
IN,India,India,502278,Anajipur,Telangana,40,Medak,535,Gujvail,,17.9554,78.2569,3,anajipur
IN,India,India,502278,Ramasagar,Telangana,40,Medak,535,NA,,17.9554,78.2569,4,ramasagar
IN,India,India,502278,Bayyaram,Telangana,40,Medak,535,Gujvail,,17.9554,78.2569,4,bayyaram
IN,India,India,502278,Dilalpur,Telangana,40,Medak,535,Gujvail,,17.9554,78.2569,4,dilalpur
IN,India,India,502278,Jaligaon,Telangana,40,Medak,535,NA,,17.9554,78.2569,4,jaligaon
IN,India,India,502278,Bejgaon,Telangana,40,Medak,535,Gujvail,,17.9554,78.2569,3,bejgaon
IN,India,India,502278,Dharmareddipally,Telangana,40,Medak,535,Gujvail,,17.9554,78.2569,3,dharmareddipally
IN,India,India,502278,Ahmedpur,Telangana,40,Medak,535,NA,,17.9554,78.2569,3,ahmedpur
IN,India,India,502278,Dacharam,Telangana,40,Medak,535,NA,,17.9554,78.2569,4,dacharam
IN,India,India,502278,Pidched,Telangana,40,Medak,535,NA,,17.9554,78.2569,3,pidched
IN,India,India,502279,Narsampally,Telangana,40,Medak,535,NA,,17.9554,78.2569,3,narsampally
IN,India,India,502279,Wargal,Telangana,40,Medak,535,NA,,17.9554,78.2569,3,wargal
IN,India,India,502279,Bhailampur,Telangana,40,Medak,535,NA,,17.9554,78.2569,3,bhailampur
IN,India,India,502279,Gouraram,Telangana,40,Medak,535,NA,,17.9554,78.2569,3,gouraram
IN,India,India,502279,Cheelasagr,Telangana,40,Medak,535,NA,,17.9554,78.2569,3,cheelasagr
IN,India,India,502279,Tuniki Bollaram,Telangana,40,Medak,535,NA,,17.9554,78.2569,3,tuniki-bollaram
IN,India,India,502279,Pamulaparthy,Telangana,40,Medak,535,NA,,17.9554,78.2569,3,pamulaparthy
IN,India,India,502279,Mulugu,Telangana,40,Medak,535,NA,,17.9554,78.2569,4,mulugu
IN,India,India,502279,Mylaram,Telangana,40,Medak,535,NA,,17.9554,78.2569,4,mylaram
IN,India,India,502279,Markook,Telangana,40,Medak,535,NA,,17.9554,78.2569,3,markook
IN,India,India,502279,Erraballi,Telangana,40,Medak,535,NA,,17.9554,78.2569,3,erraballi
IN,India,India,502279,Mamidial,Telangana,40,Medak,535,NA,,17.9554,78.2569,4,mamidial
IN,India,India,502279,Chebarthy,Telangana,40,Medak,535,NA,,17.9554,78.2569,3,chebarthy
IN,India,India,502280,Akkenapally,Telangana,40,Medak,535,NA,,17.9866,77.9478,1,akkenapally
IN,India,India,502280,Gatlamalyal,Telangana,40,Medak,535,NA,,17.9866,77.9478,1,gatlamalyal
IN,India,India,502280,Nangnoor,Telangana,40,Medak,535,NA,,17.9866,77.9478,1,nangnoor
IN,India,India,502280,Khata,Telangana,40,Medak,535,NA,,17.9866,77.9478,1,khata
IN,India,India,502280,Ankshapur,Telangana,40,Medak,535,NA,,17.9866,77.9478,1,ankshapur
IN,India,India,502281,Peerlapally,Telangana,40,Medak,535,NA,,17.9554,78.2569,3,peerlapally
IN,India,India,502281,Varadarajapuram,Telangana,40,Medak,535,NA,,17.9554,78.2569,3,varadarajapuram
IN,India,India,502281,Itikyala,Telangana,40,Medak,535,NA,,17.9554,78.2569,4,itikyala
IN,India,India,502281,Dhamarakunta,Telangana,40,Medak,535,NA,,17.9554,78.2569,3,dhamarakunta
IN,India,India,502281,Gollapally,Telangana,40,Medak,535,NA,,17.9554,78.2569,3,gollapally
IN,India,India,502281,Jagadevpur,Telangana,40,Medak,535,Gujvail,,17.9554,78.2569,3,jagadevpur
IN,India,India,502281,Daulapur,Telangana,40,Medak,535,NA,,18.0359,78.1155,4,daulapur
IN,India,India,502281,Alirajpet,Telangana,40,Medak,535,NA,,17.9554,78.2569,3,alirajpet
IN,India,India,502285,Kandi,Telangana,40,Medak,535,Sangareddy,,17.9554,78.2569,4,kandi
IN,India,India,502285,Topgonda,Telangana,40,Medak,535,Sangareddy,,17.9554,78.2569,3,topgonda
IN,India,India,502285,Yeddumailaram,Telangana,40,Medak,535,Sangareddy,,17.9554,78.2569,3,yeddumailaram
IN,India,India,502285,Cheriyal,Telangana,40,Medak,535,Sangareddy,,17.9554,78.2569,3,cheriyal
IN,India,India,502285,Kalivemula,Telangana,40,Medak,535,Sangareddy,,17.9554,78.2569,3,kalivemula
IN,India,India,502286,Narayankhed,Telangana,40,Medak,535,Narayankhed,,17.9554,78.2569,4,narayankhed
IN,India,India,502286,Wasar,Telangana,40,Medak,535,Narayankhed,,17.9554,78.2569,4,wasar
IN,India,India,502286,Morgi,Telangana,40,Medak,535,Narayankhed,,17.9554,78.2569,4,morgi
IN,India,India,502286,Abbenda,Telangana,40,Medak,535,Narayankhed,,17.9554,78.2569,4,abbenda
IN,India,India,502286,Tornal,Telangana,40,Medak,535,Narayankhed,,17.9554,78.2569,4,tornal
IN,India,India,502286,Damargidda,Telangana,40,Medak,535,Narayankhed,,17.9554,78.2569,4,damargidda
IN,India,India,502286,Kangti,Telangana,40,Medak,535,Narayankhed,,17.9554,78.2569,4,kangti
IN,India,India,502286,Lingapur,Telangana,40,Medak,535,Narayankhed,,18.0834,78.3915,4,lingapur
IN,India,India,502286,Vallur,Telangana,40,Medak,535,Narayankhed,,18.0015,78.4584,4,vallur
IN,India,India,502286,Rudrar,Telangana,40,Medak,535,Narayankhed,,17.9554,78.2569,4,rudrar
IN,India,India,502286,Yenkemuri,Telangana,40,Medak,535,Narayankhed,,18.0857,77.9533,3,yenkemuri
IN,India,India,502286,Yelgoi,Telangana,40,Medak,535,Narayankhed,,18.0857,77.9533,3,yelgoi
IN,India,India,502286,Shelgera,Telangana,40,Medak,535,Narayankhed,,18.0857,77.9533,3,shelgera
IN,India,India,502286,Sanjeevaraopet,Telangana,40,Medak,535,Narayankhed,,18.0857,77.9533,3,sanjeevaraopet
IN,India,India,502286,Pulkurthi,Telangana,40,Medak,535,Narayankhed,,18.0857,77.9533,3,pulkurthi
IN,India,India,502286,Manur,Telangana,40,Medak,535,Narayankhed,,18.0857,77.9533,3,manur
IN,India,India,502286,Karasgutti,Telangana,40,Medak,535,Narayankhed,,18.0857,77.9533,3,karasgutti
IN,India,India,502286,Karamungi,Telangana,40,Medak,535,Narayankhed,,18.0857,77.9533,3,karamungi
IN,India,India,502286,Hanmanthraopet,Telangana,40,Medak,535,Narayankhed,,18.0857,77.9533,3,hanmanthraopet
IN,India,India,502286,Dawoor,Telangana,40,Medak,535,Narayankhed,,18.0857,77.9533,3,dawoor
IN,India,India,502286,Chapta,Telangana,40,Medak,535,Narayankhed,,18.0857,77.9533,3,chapta
IN,India,India,502286,Bellapur,Telangana,40,Medak,535,Narayankhed,,18.0857,77.9533,3,bellapur
IN,India,India,502286,Badalgaon,Telangana,40,Medak,535,Narayankhed,,18.0857,77.9533,3,badalgaon
IN,India,India,502286,Audatpur,Telangana,40,Medak,535,Narayankhed,,18.0857,77.9533,3,audatpur
IN,India,India,502286,Ananthasagar,Telangana,40,Medak,535,Narayankhed,,18.0857,77.9533,3,ananthasagar
IN,India,India,502286,Nagoor,Telangana,40,Medak,535,Narayankhed,,18.0857,77.9533,3,nagoor
IN,India,India,502287,Mardi,Telangana,40,Medak,535,Narayankhed,,17.9554,78.2569,4,mardi
IN,India,India,502287,Sultanabad,Telangana,40,Medak,535,Narayankhed,,17.9554,78.2569,4,sultanabad
IN,India,India,502287,Bibipet,Telangana,40,Medak,535,Narayankhed,,17.9554,78.2569,4,bibipet
IN,India,India,502287,Anthargaon,Telangana,40,Medak,535,Narayankhed,,17.9554,78.2569,3,anthargaon
IN,India,India,502287,Kadpal,Telangana,40,Medak,535,Narayankhed,,17.9554,78.2569,3,kadpal
IN,India,India,502287,Naganpally,Telangana,40,Medak,535,Narayankhed,,17.9554,78.2569,3,naganpally
IN,India,India,502287,Rasool,Telangana,40,Medak,535,Narayankhed,,17.9554,78.2569,3,rasool
IN,India,India,502287,Ryakal,Telangana,40,Medak,535,Narayankhed,,17.9554,78.2569,3,ryakal
IN,India,India,502287,Sirgapur,Telangana,40,Medak,535,Narayankhed,,17.9554,78.2569,3,sirgapur
IN,India,India,502287,Tadkal,Telangana,40,Medak,535,Narayankhed,,17.9554,78.2569,4,tadkal
IN,India,India,502290,Lingampalli,Telangana,40,Medak,535,Narayankhed,,18.0758,78.026,4,lingampalli
IN,India,India,502290,Gottimukla,Telangana,40,Medak,535,Narayankhed,,18.0028,77.9032,3,gottimukla
IN,India,India,502290,Borancha,Telangana,40,Medak,535,Narayankhed,,17.9554,78.2569,4,borancha
IN,India,India,502290,Gajwada,Telangana,40,Medak,535,Narayankhed,,18.0028,77.9032,3,gajwada
IN,India,India,502290,Regode,Telangana,40,Medak,535,Narayankhed,,18.0028,77.9032,3,regode
IN,India,India,502291,Atmakur,Telangana,40,Medak,535,Sadasivpet,,17.9554,78.2569,4,atmakur
IN,India,India,502291,Babulgaon,Telangana,40,Medak,535,Sadasivpet,,17.9554,78.2569,4,babulgaon
IN,India,India,502291,Suraram,Telangana,40,Medak,535,Sadasivpet,,17.9554,78.2569,4,suraram
IN,India,India,502291,Nizampur,Telangana,40,Medak,535,Sadasivpet,,17.9554,78.2569,4,nizampur
IN,India,India,502291,Kolkur,Telangana,40,Medak,535,Sadasivpet,,17.9554,78.2569,3,kolkur
IN,India,India,502291,Priyadarshininagar,Telangana,40,Medak,535,Sadasivpet,,17.9554,78.2569,3,priyadarshininagar
IN,India,India,502291,Veltoor,Telangana,40,Medak,535,Sadasivpet,,17.9554,78.2569,3,veltoor
IN,India,India,502291,Tangadpalli,Telangana,40,Medak,535,Sadasivpet,,17.9554,78.2569,4,tangadpalli
IN,India,India,502291,Maddikunta,Telangana,40,Medak,535,Sadasivpet,,17.9554,78.2569,4,maddikunta
IN,India,India,502291,Konapur,Telangana,40,Medak,535,Sadasivpet,,17.9466,78.0774,4,konapur
IN,India,India,502291,Venkatapur,Telangana,40,Medak,535,Sadasivpet,,17.9182,78.1389,4,venkatapur
IN,India,India,502291,Sadasivpet,Telangana,40,Medak,535,Sadasivpet,,17.9554,78.2569,4,sadasivpet
IN,India,India,502293,Gonglur,Telangana,40,Medak,535,Sangareddy,,17.9554,78.2569,3,gonglur
IN,India,India,502293,Singoor Project,Telangana,40,Medak,535,Sangareddy,,17.9554,78.2569,3,singoor-project
IN,India,India,502293,Pulkal,Telangana,40,Medak,535,Sangareddy,,17.9554,78.2569,4,pulkal
IN,India,India,502293,Peddareddypet,Telangana,40,Medak,535,Sangareddy,,17.9554,78.2569,3,peddareddypet
IN,India,India,502293,Manthoor,Telangana,40,Medak,535,Sangareddy,,17.9554,78.2569,3,manthoor
IN,India,India,502293,Minpur,Telangana,40,Medak,535,Sangareddy,,17.9554,78.2569,4,minpur
IN,India,India,502293,Pocharam,Telangana,40,Medak,535,Sangareddy,,17.9554,78.2569,4,pocharam
IN,India,India,502293,Baswapur,Telangana,40,Medak,535,Sangareddy,,17.9116,78.3436,4,baswapur
IN,India,India,502294,Tadlapally,Telangana,40,Medak,535,Sangareddy,,17.9554,78.2569,1,tadlapally
IN,India,India,502294,Fasalwadi,Telangana,40,Medak,535,Sangareddy,,17.9554,78.2569,1,fasalwadi
IN,India,India,502294,Manjira Barrage,Telangana,40,Medak,535,Sangareddy,,17.9554,78.2569,1,manjira-barrage
IN,India,India,502295,Konapur,Telangana,40,Medak,535,Sangareddy,,17.9466,78.0774,4,konapur
IN,India,India,502295,Gollapalli,Telangana,40,Medak,535,Sangareddy,,17.7923,78.2994,4,gollapalli
IN,India,India,502295,Mallepalli,Telangana,40,Medak,535,Sangareddy,,17.9554,78.2569,4,mallepalli
IN,India,India,502295,Malkapur,Telangana,40,Medak,535,Sangareddy,,17.9554,78.2569,4,malkapur
IN,India,India,502295,Terpole,Telangana,40,Medak,535,Sangareddy,,17.9554,78.2569,3,terpole
IN,India,India,502295,P.R.Pally Chowrasta,Telangana,40,Medak,535,Sangareddy,,17.9554,78.2569,3,p-r-pally-chowrasta
IN,India,India,502296,Erdanur,Telangana,40,Medak,535,Sangareddy,,17.9554,78.2569,3,erdanur
IN,India,India,502296,Gundlamachnoor,Telangana,40,Medak,535,Sangareddy,,17.9554,78.2569,3,gundlamachnoor
IN,India,India,502296,Hathnura,Telangana,40,Medak,535,Sangareddy,,17.9554,78.2569,3,hathnura
IN,India,India,502296,Kasala,Telangana,40,Medak,535,Sangareddy,,17.9554,78.2569,3,kasala
IN,India,India,502296,Bodupatla,Telangana,40,Medak,535,Sangareddy,,17.9554,78.2569,3,bodupatla
IN,India,India,502296,Sikindaspur,Telangana,40,Medak,535,Sangareddy,,17.9554,78.2569,3,sikindaspur
IN,India,India,502296,Chidruppa,Telangana,40,Medak,535,Sangareddy,,17.9554,78.2569,3,chidruppa
IN,India,India,502296,Doultabad,Telangana,40,Medak,535,Sangareddy,,17.9554,78.2569,3,doultabad
IN,India,India,502296,Ismailkhanpet,Telangana,40,Medak,535,Sangareddy,,17.9554,78.2569,3,ismailkhanpet
IN,India,India,502296,Taherkhanpet,Telangana,40,Medak,535,Sangareddy,,17.9554,78.2569,3,taherkhanpet
IN,India,India,502296,Waddepalli,Telangana,40,Medak,535,Sangareddy,,17.9554,78.2569,4,waddepalli
IN,India,India,502296,Chintalcheru,Telangana,40,Medak,535,Sangareddy,,17.9554,78.2569,4,chintalcheru
IN,India,India,502300,Kollur,Telangana,40,Medak,535,Patancheru,,17.9554,78.2569,4,kollur
IN,India,India,502300,Muthangi,Telangana,40,Medak,535,Patancheru,,17.9554,78.2569,3,muthangi
IN,India,India,502300,Pati Ghanpur,Telangana,40,Medak,535,Patancheru,,17.9554,78.2569,3,pati-ghanpur
IN,India,India,502300,Nagulapalli,Telangana,40,Medak,535,Patancheru,,17.9554,78.2569,4,nagulapalli
IN,India,India,502300,Elmela,Telangana,40,Medak,535,Patancheru,,17.9554,78.2569,3,elmela
IN,India,India,502300,Nandigaon,Telangana,40,Medak,535,Patancheru,,18.1241,78.5126,4,nandigaon
IN,India,India,502300,Pati,Telangana,40,Medak,535,Patancheru,,17.9554,78.2569,4,pati
IN,India,India,502301,Teegul Narsapur,Telangana,40,Medak,535,NA,,17.9554,78.2569,3,teegul-narsapur
IN,India,India,502301,Chatlapally,Telangana,40,Medak,535,NA,,17.9554,78.2569,3,chatlapally
IN,India,India,502301,Mangole,Telangana,40,Medak,535,NA,,17.9554,78.2569,3,mangole
IN,India,India,502301,Pallepahad,Telangana,40,Medak,535,NA,,17.9554,78.2569,4,pallepahad
IN,India,India,502301,Chinna Kistapur,Telangana,40,Medak,535,NA,,17.9554,78.2569,3,chinna-kistapur
IN,India,India,502301,Kuknoorpally,Telangana,40,Medak,535,NA,,17.9554,78.2569,3,kuknoorpally
IN,India,India,502301,Etigadda Kistapur,Telangana,40,Medak,535,NA,,17.9554,78.2569,3,etigadda-kistapur
IN,India,India,502301,Vemulagattu,Telangana,40,Medak,535,NA,,17.9554,78.2569,3,vemulagattu
IN,India,India,502301,Tipparam,Telangana,40,Medak,535,NA,,17.9554,78.2569,4,tipparam
IN,India,India,502302,Tekmal,Telangana,40,Medak,535,NA,,17.9728,78.0366,4,tekmal
IN,India,India,502302,Tampulur,Telangana,40,Medak,535,NA,,17.9554,78.2569,3,tampulur
IN,India,India,502302,Mupparam,Telangana,40,Medak,535,NA,,17.9554,78.2569,3,mupparam
IN,India,India,502302,Kadloor,Telangana,40,Medak,535,NA,,17.9554,78.2569,3,kadloor
IN,India,India,502302,Elakurthy,Telangana,40,Medak,535,NA,,17.9554,78.2569,3,elakurthy
IN,India,India,502302,Bacharam,Telangana,40,Medak,535,NA,,17.9554,78.2569,4,bacharam
IN,India,India,502302,Dhanoora,Telangana,40,Medak,535,NA,,17.9554,78.2569,3,dhanoora
IN,India,India,502302,Arkela,Telangana,40,Medak,535,NA,,17.9554,78.2569,3,arkela
IN,India,India,502302,Palvancha,Telangana,40,Medak,535,NA,,17.9554,78.2569,3,palvancha
IN,India,India,502302,Bodagattu,Telangana,40,Medak,535,NA,,17.9554,78.2569,3,bodagattu
IN,India,India,502302,Yelapgonda,Telangana,40,Medak,535,NA,,17.9554,78.2569,3,yelapgonda
IN,India,India,502303,Mallampet,Telangana,40,Medak,535,NA,,18.0749,78.0439,4,mallampet
IN,India,India,502303,Papannapet,Telangana,40,Medak,535,Papannapet,,18.0367,78.0882,4,papannapet
IN,India,India,502303,Lingaipally,Telangana,40,Medak,535,NA,,18.0558,78.0661,3,lingaipally
IN,India,India,502305,Bdl Bhanur,Telangana,40,Medak,535,Patancheru,,17.9554,78.2569,3,bdl-bhanur
IN,India,India,502305,Bhanur,Telangana,40,Medak,535,Sangareddy,,17.9554,78.2569,4,bhanur
IN,India,India,502306,Peddapur,Telangana,40,Medak,535,Sangareddy,,17.888,78.3941,4,peddapur
IN,India,India,502306,Kondapur,Telangana,40,Medak,535,Sangareddy,,17.7287,78.5103,4,kondapur
IN,India,India,502306,Marepalli,Telangana,40,Medak,535,Sangareddy,,17.9554,78.2569,4,marepalli
IN,India,India,502306,Nandikandi,Telangana,40,Medak,535,Sadasivpet,,17.9554,78.2569,4,nandikandi
IN,India,India,502306,Ananthsagar,Telangana,40,Medak,535,Sangareddy,,17.9554,78.2569,3,ananthsagar
IN,India,India,502306,Togarpalli,Telangana,40,Medak,535,Sangareddy,,17.9554,78.2569,3,togarpalli
IN,India,India,502307,IDA Pashamailaram,Telangana,40,Medak,535,Patancheru,,17.9554,78.2569,3,ida-pashamailaram
IN,India,India,502307,Isnapur,Telangana,40,Medak,535,Sangareddy,,17.9554,78.2569,3,isnapur
IN,India,India,502307,Chitkul,Telangana,40,Medak,535,Sangareddy,,17.8957,78.0944,4,chitkul
IN,India,India,502307,Lakdaram,Telangana,40,Medak,535,Sangareddy,,17.9554,78.2569,4,lakdaram
IN,India,India,502307,Pashamailaram,Telangana,40,Medak,535,Sangareddy,,17.9554,78.2569,3,pashamailaram
IN,India,India,502310,Allipur (Medak),Telangana,40,Medak,535,NA,,17.9554,78.2569,3,allipur-medak
IN,India,India,502310,Vittalapur,Telangana,40,Medak,535,NA,,17.9554,78.2569,3,vittalapur
IN,India,India,502310,Choudaram,Telangana,40,Medak,535,NA,,17.9554,78.2569,3,choudaram
IN,India,India,502310,Mylaram,Telangana,40,Medak,535,NA,,17.9554,78.2569,4,mylaram
IN,India,India,502311,Sirigiripally,Telangana,40,Medak,535,NA,,17.9554,78.2569,1,sirigiripally
IN,India,India,502311,Teegul,Telangana,40,Medak,535,NA,,17.9554,78.2569,1,teegul
IN,India,India,502311,Pregnapur,Telangana,40,Medak,535,NA,,17.9554,78.2569,1,pregnapur
IN,India,India,502311,Akkaram,Telangana,40,Medak,535,NA,,17.9554,78.2569,1,akkaram
IN,India,India,502312,Watipally,Telangana,40,Medak,535,NA,,17.9554,78.2569,3,watipally
IN,India,India,502312,Kodakandla,Telangana,40,Medak,535,NA,,17.9554,78.2569,4,kodakandla
IN,India,India,502312,Remanguda,Telangana,40,Medak,535,NA,,17.9554,78.2569,3,remanguda
IN,India,India,502312,Munigadapa,Telangana,40,Medak,535,NA,,17.9554,78.2569,3,munigadapa
IN,India,India,502312,Timmapur,Telangana,40,Medak,535,NA,,17.7179,78.5199,4,timmapur
IN,India,India,502313,Rustumpet,Telangana,40,Medak,535,Narsapur,,17.7422,78.255,4,rustumpet
IN,India,India,502313,Annaram,Telangana,40,Medak,535,Narsapur,,18.0199,78.1368,4,annaram
IN,India,India,502313,Ratnapur,Telangana,40,Medak,535,Narsapur,,17.8263,78.3436,4,ratnapur
IN,India,India,502313,Lingapur,Telangana,40,Medak,535,Narsapur,,18.0834,78.3915,4,lingapur
IN,India,India,502313,Gomaram,Telangana,40,Medak,535,Narsapur,,17.7455,78.3976,4,gomaram
IN,India,India,502313,Peddachintakunta,Telangana,40,Medak,535,Narsapur,,17.7453,78.3062,3,peddachintakunta
IN,India,India,502313,Kagazmaddur,Telangana,40,Medak,535,Narsapur,,17.7453,78.3062,3,kagazmaddur
IN,India,India,502313,Peddagottimukla,Telangana,40,Medak,535,Narsapur,,17.7453,78.3062,3,peddagottimukla
IN,India,India,502313,Gummadidala,Telangana,40,Medak,535,Narsapur,,17.7453,78.3062,3,gummadidala
IN,India,India,502313,Bonthapalli,Telangana,40,Medak,535,Narsapur,,17.7453,78.3062,3,bonthapalli
IN,India,India,502313,Chinnagottimukla,Telangana,40,Medak,535,Narsapur,,17.7453,78.3062,3,chinnagottimukla
IN,India,India,502313,Nallvalli,Telangana,40,Medak,535,Narsapur,,17.7453,78.3062,3,nallvalli
IN,India,India,502313,Narsapur (Medak),Telangana,40,Medak,535,Narsapur,,17.7453,78.3062,3,narsapur-medak
IN,India,India,502313,Moosapet,Telangana,40,Medak,535,Narsapur,,17.7453,78.3062,3,moosapet
IN,India,India,502313,Pillutla,Telangana,40,Medak,535,Narsapur,,17.7453,78.3062,3,pillutla
IN,India,India,502313,Nagulapalli,Telangana,40,Medak,535,Narsapur,,17.9554,78.2569,4,nagulapalli
IN,India,India,502313,Kanukunta,Telangana,40,Medak,535,Narsapur,,17.9554,78.2569,4,kanukunta
IN,India,India,502314,Lingapur,Telangana,40,Medak,535,Narsapur,,18.0834,78.3915,4,lingapur
IN,India,India,502314,Chandur,Telangana,40,Medak,535,Narsapur,,17.8746,78.1002,4,chandur
IN,India,India,502314,Ajjamarry,Telangana,40,Medak,535,Narsapur,,17.979,78.2458,3,ajjamarry
IN,India,India,502314,Sirpura,Telangana,40,Medak,535,Narsapur,,17.979,78.2458,3,sirpura
IN,India,India,502314,Panyal,Telangana,40,Medak,535,Narsapur,,17.979,78.2458,3,panyal
IN,India,India,502314,Konyal,Telangana,40,Medak,535,Narsapur,,17.979,78.2458,3,konyal
IN,India,India,502314,Sommakkapet,Telangana,40,Medak,535,Narsapur,,17.979,78.2458,3,sommakkapet
IN,India,India,502314,Cheelpechedu,Telangana,40,Medak,535,Narsapur,,17.979,78.2458,3,cheelpechedu
IN,India,India,502314,Faizabad,Telangana,40,Medak,535,Narsapur,,17.979,78.2458,3,faizabad
IN,India,India,502316,Rayalapur,Telangana,40,Medak,535,Narsapur,,17.9554,78.2569,3,rayalapur
IN,India,India,502316,Khajipet,Telangana,40,Medak,535,Narsapur,,17.9554,78.2569,3,khajipet
IN,India,India,502316,Kanchanpally,Telangana,40,Medak,535,Narsapur,,17.9554,78.2569,3,kanchanpally
IN,India,India,502316,Kowdipally,Telangana,40,Medak,535,Narsapur,,17.9554,78.2569,3,kowdipally
IN,India,India,502316,Yelmakanna,Telangana,40,Medak,535,Narsapur,,17.9554,78.2569,4,yelmakanna
IN,India,India,502316,Mutrajpally,Telangana,40,Medak,535,Narsapur,,17.9554,78.2569,3,mutrajpally
IN,India,India,502316,Mohammed Nagar,Telangana,40,Medak,535,Narsapur,,17.9554,78.2569,3,mohammed-nagar
IN,India,India,502316,Tunki,Telangana,40,Medak,535,Narsapur,,17.8074,78.2271,4,tunki
IN,India,India,502318,Malkapur (Jadi),Telangana,40,Medak,535,Zaheerabad,,17.9554,78.2569,3,malkapur-jadi
IN,India,India,502318,Bagareddypally,Telangana,40,Medak,535,Zahirabad,,17.9554,78.2569,3,bagareddypally
IN,India,India,502318,Malchalma,Telangana,40,Medak,535,Zaheerabad,,17.9554,78.2569,4,malchalma
IN,India,India,502318,Pastapur,Telangana,40,Medak,535,Zaheerabad,,17.9554,78.2569,3,pastapur
IN,India,India,502318,Shaikapur,Telangana,40,Medak,535,Zaheerabad,,17.9554,78.2569,3,shaikapur
IN,India,India,502318,Ranjhole,Telangana,40,Medak,535,Zaheerabad,,17.9554,78.2569,3,ranjhole
IN,India,India,502318,Ngo's Colony,Telangana,40,Medak,535,Zahirabad,,17.9554,78.2569,3,ngo-s-colony
IN,India,India,502318,Hoti (B),Telangana,40,Medak,535,Zaheerabad,,17.9554,78.2569,3,hoti-b
IN,India,India,502318,Anegunta,Telangana,40,Medak,535,Zaheerabad,,17.9554,78.2569,3,anegunta
IN,India,India,502318,Allipur,Telangana,40,Medak,535,Zaheerabad,,17.9554,78.2569,3,allipur
IN,India,India,502318,Algole,Telangana,40,Medak,535,Zaheerabad,,17.9554,78.2569,3,algole
IN,India,India,502318,Gotgarpally,Telangana,40,Medak,535,Zaheerabad,,17.9554,78.2569,3,gotgarpally
IN,India,India,502319,Patancheru Ph.II,Telangana,40,Medak,535,Patancheru,,17.9554,78.2569,3,patancheru-ph-ii
IN,India,India,502319,Sultanpur,Telangana,40,Medak,535,Patancheru,,18.1141,78.2532,4,sultanpur
IN,India,India,502319,Jinnaram,Telangana,40,Medak,535,Patancheru,,17.9554,78.2569,4,jinnaram
IN,India,India,502319,Madharam,Telangana,40,Medak,535,Patancheru,,17.9554,78.2569,4,madharam
IN,India,India,502319,Peddakanjarla,Telangana,40,Medak,535,Patancheru,,17.9554,78.2569,3,peddakanjarla
IN,India,India,502319,Patancheru Ie,Telangana,40,Medak,535,Patancheru,,17.9554,78.2569,3,patancheru-ie
IN,India,India,502319,Ootla,Telangana,40,Medak,535,Patancheru,,17.9554,78.2569,3,ootla
IN,India,India,502319,Kistareddypet,Telangana,40,Medak,535,Patancheru,,17.9554,78.2569,3,kistareddypet
IN,India,India,502319,Indresham,Telangana,40,Medak,535,Patancheru,,17.9554,78.2569,3,indresham
IN,India,India,502319,Chetlapotharam,Telangana,40,Medak,535,Patancheru,,17.9554,78.2569,3,chetlapotharam
IN,India,India,502319,Mangapet,Telangana,40,Medak,535,Patancheru,,17.9554,78.2569,4,mangapet
IN,India,India,502319,Vailal,Telangana,40,Medak,535,Patancheru,,17.9554,78.2569,4,vailal
IN,India,India,502319,Patancheru,Telangana,40,Medak,535,Patancheru,,17.9554,78.2569,4,patancheru
IN,India,India,502319,Shivanagar,Telangana,40,Medak,535,Patancheru,,17.9554,78.2569,3,shivanagar
IN,India,India,502321,Venkatapur,Telangana,40,Medak,535,Zaheerabad,,17.9901,77.8678,4,venkatapur
IN,India,India,502321,Digwal,Telangana,40,Medak,535,Zaheerabad,,17.9554,78.2569,4,digwal
IN,India,India,502321,Kaveli,Telangana,40,Medak,535,Zaheerabad,,17.9554,78.2569,3,kaveli
IN,India,India,502321,Yedakulapalli,Telangana,40,Medak,535,Zaheerabad,,17.9554,78.2569,3,yedakulapalli
IN,India,India,502321,Chilkepally,Telangana,40,Medak,535,Zaheerabad,,17.9554,78.2569,3,chilkepally
IN,India,India,502321,Rajnelli,Telangana,40,Medak,535,Zaheerabad,,17.9554,78.2569,3,rajnelli
IN,India,India,502321,Madri,Telangana,40,Medak,535,Zaheerabad,,17.9554,78.2569,3,madri
IN,India,India,502321,Edulapally,Telangana,40,Medak,535,Zaheerabad,,17.9554,78.2569,3,edulapally
IN,India,India,502321,Guruzwada,Telangana,40,Medak,535,Zaheerabad,,17.9554,78.2569,3,guruzwada
IN,India,India,502321,Chintalghat,Telangana,40,Medak,535,Zaheerabad,,17.9554,78.2569,4,chintalghat
IN,India,India,502324,Icrisat,Telangana,40,Medak,535,Patancheru,,17.9554,78.2569,1,icrisat
IN,India,India,502325,Aie Bollaram,Telangana,40,Medak,535,R.c.puram,,17.9554,78.2569,1,aie-bollaram
IN,India,India,502329,Kowlampet,Telangana,40,Medak,535,Sangareddy,,17.9793,78.4183,3,kowlampet
IN,India,India,502329,Indrakaran,Telangana,40,Medak,535,Sangareddy,,17.9793,78.4183,3,indrakaran
IN,India,India,502329,Rudraram,Telangana,40,Medak,535,Sangareddy,,17.9793,78.4183,4,rudraram
IN,India,India,502331,Yousufpet,Telangana,40,Medak,535,NA,,17.9554,78.2569,1,yousufpet
IN,India,India,502331,Nagasanipally,Telangana,40,Medak,535,NA,,17.9554,78.2569,1,nagasanipally
IN,India,India,502331,Kothapally,Telangana,40,Medak,535,Medak,,17.9554,78.2569,1,kothapally
IN,India,India,502331,Kodapaka BO,Telangana,40,Medak,535,Medak,,17.9554,78.2569,1,kodapaka-bo
IN,India,India,502331,Kurthiwada,Telangana,40,Medak,535,NA,,17.9554,78.2569,1,kurthiwada
IN,India,India,502334,Bangla Venkatapur,Telangana,40,Medak,535,NA,,17.9554,78.2569,3,bangla-venkatapur
IN,India,India,502334,Begumpet,Telangana,40,Medak,535,NA,,17.9554,78.2569,3,begumpet
IN,India,India,502334,Brahamanpally,Telangana,40,Medak,535,NA,,17.9554,78.2569,3,brahamanpally
IN,India,India,502334,Donthi,Telangana,40,Medak,535,NA,,17.9554,78.2569,3,donthi
IN,India,India,502334,Majeedpally,Telangana,40,Medak,535,NA,,17.9554,78.2569,3,majeedpally
IN,India,India,502334,Nemtur,Telangana,40,Medak,535,NA,,17.9554,78.2569,3,nemtur
IN,India,India,502334,Pambanda,Telangana,40,Medak,535,NA,,17.9554,78.2569,3,pambanda
IN,India,India,502334,Shivampet,Telangana,40,Medak,535,NA,,17.9554,78.2569,3,shivampet
IN,India,India,502334,Toopran,Telangana,40,Medak,535,NA,,17.9554,78.2569,3,toopran
IN,India,India,502334,Waddepally,Telangana,40,Medak,535,NA,,17.9554,78.2569,3,waddepally
IN,India,India,502334,Chandi,Telangana,40,Medak,535,NA,,17.7844,78.3908,4,chandi
IN,India,India,502334,Nacharam,Telangana,40,Medak,535,NA,,17.8226,78.5369,4,nacharam
IN,India,India,502334,Ghanpur,Telangana,40,Medak,535,NA,,18.0856,78.263,4,ghanpur
IN,India,India,502335,Nagulapally,Telangana,40,Medak,535,NA,,17.8891,78.4718,3,nagulapally
IN,India,India,502335,Kunthanpally,Telangana,40,Medak,535,NA,,17.8891,78.4718,3,kunthanpally
IN,India,India,502335,Gunreddipally,Telangana,40,Medak,535,NA,,17.8891,78.4718,3,gunreddipally
IN,India,India,502335,Islampur,Telangana,40,Medak,535,NA,,17.8728,78.4819,4,islampur
IN,India,India,502335,Masaipet,Telangana,40,Medak,535,NA,,17.9053,78.4616,4,masaipet
IN,India,India,502336,Meenajipet,Telangana,40,Medak,535,NA,,17.9554,78.2569,1,meenajipet
IN,India,India,502336,Kadlakal,Telangana,40,Medak,535,NA,,17.9554,78.2569,1,kadlakal
IN,India,India,502336,Kokonda,Telangana,40,Medak,535,NA,,17.9554,78.2569,1,kokonda
IN,India,India,502336,Tuniki,Telangana,40,Medak,535,NA,,17.9554,78.2569,1,tuniki
IN,India,India,502336,Veloor,Telangana,40,Medak,535,NA,,17.9554,78.2569,1,veloor
IN,India,India,502336,Parikibanda,Telangana,40,Medak,535,NA,,17.9554,78.2569,1,parikibanda
IN,India,India,502336,Ravelli,Telangana,40,Medak,535,NA,,17.9554,78.2569,1,ravelli
IN,India,India,502336,Kuchavaram,Telangana,40,Medak,535,NA,,17.9554,78.2569,1,kuchavaram
IN,India,India,502336,Manoharabad,Telangana,40,Medak,535,NA,,17.8942,78.4268,1,manoharabad
IN,India,India,502345,Lonikurd,Telangana,40,Medak,535,Sadasivpet,,17.9554,78.2569,3,lonikurd
IN,India,India,502345,Tatpalli,Telangana,40,Medak,535,Sadasivpet,,17.9298,77.8099,4,tatpalli
IN,India,India,502345,Kamkole,Telangana,40,Medak,535,Sadasivpet,,17.9554,78.2569,3,kamkole
IN,India,India,502345,Makta Kyasaram,Telangana,40,Medak,535,Sadasivpet,,17.9554,78.2569,3,makta-kyasaram
IN,India,India,502345,Ananthavaram,Telangana,40,Medak,535,Sadasivpet,,17.9554,78.2569,3,ananthavaram
IN,India,India,502345,Munipalli,Telangana,40,Medak,535,Sadasivpet,,17.9554,78.2569,4,munipalli
IN,India,India,502345,Komshetpally,Telangana,40,Medak,535,Sadasivpet,,17.9554,78.2569,3,komshetpally
IN,India,India,502345,Khammampally,Telangana,40,Medak,535,Sadasivpet,,17.9554,78.2569,3,khammampally
IN,India,India,502345,Mallikarjunpally,Telangana,40,Medak,535,Sadasivpet,,17.9554,78.2569,3,mallikarjunpally
IN,India,India,502345,Budhera,Telangana,40,Medak,535,Sadasivpet,,17.9554,78.2569,3,budhera
IN,India,India,502345,Lingampalli,Telangana,40,Medak,535,Sadasivpet,,17.9554,78.2569,4,lingampalli
IN,India,India,502371,Masanpally,Telangana,40,Medak,535,Narayankhed,,17.9554,78.2569,3,masanpally
IN,India,India,502371,Bachepally,Telangana,40,Medak,535,Narayankhed,,17.9554,78.2569,3,bachepally
IN,India,India,502371,Nagdhar,Telangana,40,Medak,535,Narayankhed,,17.9554,78.2569,4,nagdhar
IN,India,India,502371,Kalher,Telangana,40,Medak,535,Narayankhed,,17.9554,78.2569,3,kalher
IN,India,India,502371,Krishnapur,Telangana,40,Medak,535,Narayankhed,,17.9554,78.2569,4,krishnapur
IN,India,India,502371,Nizampet (Sangareddy),Telangana,40,Medak,535,Narayankhed,,17.9554,78.2569,4,nizampet-sangareddy
IN,India,India,502372,Pedda Masanipally,Telangana,40,Medak,535,NA,,17.9554,78.2569,3,pedda-masanipally
IN,India,India,502372,Marpadaga,Telangana,40,Medak,535,NA,,17.9554,78.2569,3,marpadaga
IN,India,India,502372,Kondapak,Telangana,40,Medak,535,NA,,17.9554,78.2569,4,kondapak
IN,India,India,502372,Sirisinagandla,Telangana,40,Medak,535,NA,,17.9554,78.2569,3,sirisinagandla
IN,India,India,502372,Timmareddipally,Telangana,40,Medak,535,NA,,17.9554,78.2569,3,timmareddipally
IN,India,India,502372,Toguta,Telangana,40,Medak,535,NA,,17.9554,78.2569,3,toguta
IN,India,India,502372,Yellareddypet,Telangana,40,Medak,535,NA,,17.9554,78.2569,3,yellareddypet
IN,India,India,502372,Zapti Lingareddipally,Telangana,40,Medak,535,NA,,17.9554,78.2569,3,zapti-lingareddipally
IN,India,India,502372,Zapti Nacharam,Telangana,40,Medak,535,NA,,17.9554,78.2569,3,zapti-nacharam
IN,India,India,502375,Venkatapur,Telangana,40,Medak,535,NA,,17.8304,78.4438,4,venkatapur
IN,India,India,502375,Baddipadaga,Telangana,40,Medak,535,NA,,17.9554,78.2569,3,baddipadaga
IN,India,India,502375,Palamakula,Telangana,40,Medak,535,NA,,17.9554,78.2569,3,palamakula
IN,India,India,502375,Narmetta,Telangana,40,Medak,535,NA,,17.9554,78.2569,3,narmetta
IN,India,India,502375,Velkatur,Telangana,40,Medak,535,NA,,17.9554,78.2569,3,velkatur
IN,India,India,502375,Mittapally,Telangana,40,Medak,535,NA,,17.9554,78.2569,3,mittapally
IN,India,India,502375,Rajgopalpet,Telangana,40,Medak,535,NA,,17.9554,78.2569,4,rajgopalpet
IN,India,India,502375,Rampur,Telangana,40,Medak,535,NA,,18.0017,78.2288,4,rampur
IN,India,India,502381,Wariguntham,Telangana,40,Medak,535,NA,,17.9554,78.2569,3,wariguntham
IN,India,India,502381,Rangampet,Telangana,40,Medak,535,NA,,17.9554,78.2569,4,rangampet
IN,India,India,502381,Kongal Ghanpur,Telangana,40,Medak,535,NA,,17.9554,78.2569,3,kongal-ghanpur
IN,India,India,502381,Kulcharam,Telangana,40,Medak,535,NA,,17.9554,78.2569,3,kulcharam
IN,India,India,502381,Bujrampet,Telangana,40,Medak,535,NA,,17.9554,78.2569,3,bujrampet
IN,India,India,502381,Sangaipally,Telangana,40,Medak,535,NA,,17.9554,78.2569,3,sangaipally
IN,India,India,502381,Paitara,Telangana,40,Medak,535,NA,,17.9554,78.2569,3,paitara
IN,India,India,502381,Yenagandla,Telangana,40,Medak,535,NA,,17.9554,78.2569,3,yenagandla
IN,India,India,500001,Moazzampura,Telangana,40,Hyderabad,536,Nampally,,17.3862,78.462,1,moazzampura
IN,India,India,500001,Hyderabad G.P.O.,Telangana,40,Hyderabad,536,Hyderabad,,17.3862,78.462,1,hyderabad-g-p-o
IN,India,India,500001,Seetharampet,Telangana,40,Hyderabad,536,Nampally,,17.3862,78.462,1,seetharampet
IN,India,India,500001,State Bank Of Hyderabad,Telangana,40,Hyderabad,536,Nampally,,17.3862,78.462,1,state-bank-of-hyderabad
IN,India,India,500001,Gandhi Bhawan (Hyderabad),Telangana,40,Hyderabad,536,Nampally,,17.3862,78.462,1,gandhi-bhawan-hyderabad
IN,India,India,500002,Moghalpura,Telangana,40,Hyderabad,536,Charminar,,17.3862,78.462,1,moghalpura
IN,India,India,500002,Hyderabad Jubilee H.O,Telangana,40,Hyderabad,536,Charminar,,17.3862,78.462,1,hyderabad-jubilee-h-o
IN,India,India,500003,Kingsway,Telangana,40,Hyderabad,536,Secunderabad,,17.3862,78.462,1,kingsway
IN,India,India,500003,Secunderabad H.O,Telangana,40,Hyderabad,536,Hyderabad,,17.3862,78.462,1,secunderabad-h-o
IN,India,India,500004,Parishram Bhawan,Telangana,40,Hyderabad,536,Himayathnagar,,17.3872,78.4621,3,parishram-bhawan
IN,India,India,500004,Bazarghat (Hyderabad),Telangana,40,Hyderabad,536,Khairatabad,,17.3872,78.4621,4,bazarghat-hyderabad
IN,India,India,500004,Khairatabad H.O,Telangana,40,Hyderabad,536,Khairatabad,,17.3872,78.4621,3,khairatabad-h-o
IN,India,India,500004,A.Gs Office,Telangana,40,Hyderabad,536,Khairatabad,,17.3872,78.4621,3,a-gs-office
IN,India,India,500004,Vidhan Sabha (Hyderabad),Telangana,40,Hyderabad,536,Nampally,,17.3872,78.4621,3,vidhan-sabha-hyderabad
IN,India,India,500004,Anandnagar (Hyderabad),Telangana,40,Hyderabad,536,Khairatabad,,17.3872,78.4621,3,anandnagar-hyderabad
IN,India,India,500005,Keshogiri,Telangana,40,Hyderabad,536,Bandlaguda,,17.4171,78.4772,3,keshogiri
IN,India,India,500005,Crp Camp (Hyderabad),Telangana,40,Hyderabad,536,Bandlaguda,,17.4171,78.4772,3,crp-camp-hyderabad
IN,India,India,500005,Jalapally,Telangana,40,Hyderabad,536,Hyderabad,,17.4171,78.4772,3,jalapally
IN,India,India,500006,Kulsumpura,Telangana,40,Hyderabad,536,Asifnagar,,17.3862,78.462,1,kulsumpura
IN,India,India,500006,Karwan Sahu,Telangana,40,Hyderabad,536,Asifnagar,,17.3862,78.462,1,karwan-sahu
IN,India,India,500006,Mangalhat,Telangana,40,Hyderabad,536,Asifnagar,,17.3862,78.462,1,mangalhat
IN,India,India,500007,Ngri,Telangana,40,Hyderabad,536,Secunderabad,,17.427,78.5353,3,ngri
IN,India,India,500007,IICT,Telangana,40,Hyderabad,536,Secunderabad,,17.427,78.5353,3,iict
IN,India,India,500007,Tarnaka,Telangana,40,Hyderabad,536,Secunderabad,,17.427,78.5353,4,tarnaka
IN,India,India,500007,Jama I Osmania,Telangana,40,Hyderabad,536,Secunderabad,,17.427,78.5353,3,jama-i-osmania
IN,India,India,500008,Golconda,Telangana,40,Hyderabad,536,Golconda,,17.4171,78.4772,3,golconda
IN,India,India,500008,Lunger House,Telangana,40,Hyderabad,536,Golconda,,17.4171,78.4772,3,lunger-house
IN,India,India,500008,Nanakramguda,Telangana,40,Hyderabad,536,Golconda,,17.4171,78.4772,4,nanakramguda
IN,India,India,500008,Sakkubai Nagar,Telangana,40,Hyderabad,536,Golconda,,17.4171,78.4772,3,sakkubai-nagar
IN,India,India,500008,Kakatiya Nagar,Telangana,40,Hyderabad,536,Golconda,,17.4171,78.4772,3,kakatiya-nagar
IN,India,India,500008,Toli Chowki,Telangana,40,Hyderabad,536,Golconda,,17.4171,78.4772,3,toli-chowki
IN,India,India,500009,Manovikasnagar,Telangana,40,Hyderabad,536,Tirumalagiri,,17.3862,78.462,1,manovikasnagar
IN,India,India,500010,Alwal,Telangana,40,Hyderabad,536,Tirumalagiri,,17.4171,78.4772,4,alwal
IN,India,India,500010,Bolarum,Telangana,40,Hyderabad,536,Tirumalagiri,,17.4171,78.4772,4,bolarum
IN,India,India,500010,Bolarum Bazar,Telangana,40,Hyderabad,536,Tirumalagiri,,17.4171,78.4772,3,bolarum-bazar
IN,India,India,500011,Bowenpally,Telangana,40,Hyderabad,536,Tirumalagiri,,17.4171,78.4772,1,bowenpally
IN,India,India,500012,Begumbazar,Telangana,40,Hyderabad,536,Nampally,,17.4171,78.4772,1,begumbazar
IN,India,India,500013,Hyderabad Public School,Telangana,40,Hyderabad,536,Amberpet,,17.4171,78.4772,1,hyderabad-public-school
IN,India,India,500013,Srinivasapuram (Hyderabad),Telangana,40,Hyderabad,536,Amberpet,,17.4171,78.4772,1,srinivasapuram-hyderabad
IN,India,India,500013,Zindatelismath,Telangana,40,Hyderabad,536,Amberpet,,17.4171,78.4772,1,zindatelismath
IN,India,India,500013,Seminary,Telangana,40,Hyderabad,536,Amberpet,,17.4171,78.4772,1,seminary
IN,India,India,500013,Amberpet,Telangana,40,Hyderabad,536,Amberpet,,17.4688,78.4334,1,amberpet
IN,India,India,500014,Hakimpet,Telangana,40,Hyderabad,536,Tirumalagiri,,17.401,78.417,4,hakimpet
IN,India,India,500015,Trimulgherry H.O,Telangana,40,Hyderabad,536,Rangareddy,,17.4171,78.4772,1,trimulgherry-h-o
IN,India,India,500015,EME Records,Telangana,40,Hyderabad,536,Tirumalagiri,,17.4171,78.4772,1,eme-records
IN,India,India,500016,Begumpet,Telangana,40,Hyderabad,536,Secunderabad,,17.4427,78.4751,3,begumpet
IN,India,India,500016,Prakashamnagar,Telangana,40,Hyderabad,536,Secunderabad,,17.4427,78.4751,4,prakashamnagar
IN,India,India,500017,Lallaguda,Telangana,40,Hyderabad,536,Secunderabad,,17.4381,78.5406,4,lallaguda
IN,India,India,500017,Lallapet,Telangana,40,Hyderabad,536,Secunderabad,,17.4381,78.5406,3,lallapet
IN,India,India,500018,Sanathnagar I E,Telangana,40,Hyderabad,536,Balanagar,,17.4523,78.4324,3,sanathnagar-i-e
IN,India,India,500018,Vivekananda Nagar Colony,Telangana,40,Hyderabad,536,Balanagar,,17.4523,78.4324,3,vivekananda-nagar-colony
IN,India,India,500018,Erragadda,Telangana,40,Hyderabad,536,Ameerpet,,17.4523,78.4324,4,erragadda
IN,India,India,500020,Musheerabad (Delivery),Telangana,40,Hyderabad,536,Hyderabad,,17.4057,78.4944,3,musheerabad-delivery
IN,India,India,500020,Golconda Chowrastha,Telangana,40,Hyderabad,536,Musheerabad,,17.4057,78.4944,3,golconda-chowrastha
IN,India,India,500020,Zamistanpur,Telangana,40,Hyderabad,536,Musheerabad,,17.4057,78.4944,3,zamistanpur
IN,India,India,500020,Ashoknagar (Hyderabad),Telangana,40,Hyderabad,536,Musheerabad,,17.4057,78.4944,4,ashoknagar-hyderabad
IN,India,India,500020,Musheerabad (ND),Telangana,40,Hyderabad,536,Musheerabad,,17.4057,78.4944,3,musheerabad-nd
IN,India,India,500022,Central Secretariat,Telangana,40,Hyderabad,536,Khairatabad,,17.4171,78.4772,1,central-secretariat
IN,India,India,500023,Yakutpura,Telangana,40,Hyderabad,536,Charminar,,17.3613,78.4896,4,yakutpura
IN,India,India,500024,Sahifa,Telangana,40,Hyderabad,536,Saidabad,,17.4171,78.4772,1,sahifa
IN,India,India,500025,Himmatnagar,Telangana,40,Hyderabad,536,Secunderabad,,17.4171,78.4772,4,himmatnagar
IN,India,India,500025,Rail Nilayam,Telangana,40,Hyderabad,536,Secunderabad,,17.7621,79.4569,3,rail-nilayam
IN,India,India,500025,Padmaraonagar,Telangana,40,Hyderabad,536,Secunderabad,,17.7621,79.4569,3,padmaraonagar
IN,India,India,500026,Nehrunagar (Hyderabad),Telangana,40,Hyderabad,536,Secunderabad,,17.4113,78.4935,4,nehrunagar-hyderabad
IN,India,India,500027,Stn Kachiguda H.O,Telangana,40,Hyderabad,536,Himayathnagar,,17.4171,78.4772,1,stn-kachiguda-h-o
IN,India,India,500027,Barkatpura,Telangana,40,Hyderabad,536,Himayathnagar,,17.4171,78.4772,1,barkatpura
IN,India,India,500028,Humayunnagar,Telangana,40,Hyderabad,536,Asifnagar,,17.3991,78.4577,3,humayunnagar
IN,India,India,500028,Murad Nagar (Hyderabad),Telangana,40,Hyderabad,536,Asifnagar,,17.3991,78.4577,3,murad-nagar-hyderabad
IN,India,India,500028,Shantinagar (Hyderabad),Telangana,40,Hyderabad,536,Asifnagar,,17.3991,78.4577,4,shantinagar-hyderabad
IN,India,India,500029,Narayanguda,Telangana,40,Hyderabad,536,Himayathnagar,,17.3968,78.4935,4,narayanguda
IN,India,India,500029,Himayathnagar,Telangana,40,Hyderabad,536,Himayathnagar,,17.3968,78.4935,3,himayathnagar
IN,India,India,500029,Gagan Mahal,Telangana,40,Hyderabad,536,Himayathnagar,,17.3968,78.4935,3,gagan-mahal
IN,India,India,500029,Ramakrishna Mutt,Telangana,40,Hyderabad,536,Himayathnagar,,17.3968,78.4935,3,ramakrishna-mutt
IN,India,India,500030,Rajendranagar (K.V.Rangareddy),Telangana,40,Hyderabad,536,Rajendranagar,,17.4187,78.4695,1,rajendranagar-k-v-rangareddy
IN,India,India,500030,Kismathpur,Telangana,40,Hyderabad,536,Hyderabad,,17.4171,78.4772,1,kismathpur
IN,India,India,500031,Ibrahim Bagh Lines,Telangana,40,Hyderabad,536,Golconda,,17.4187,78.4695,1,ibrahim-bagh-lines
IN,India,India,500033,Jubilee Hills,Telangana,40,Hyderabad,536,Shaikpet,,17.4334,78.4111,4,jubilee-hills
IN,India,India,500033,Dr.B R Ambedkar O.U,Telangana,40,Hyderabad,536,Shaikpet,,17.4334,78.4111,3,dr-b-r-ambedkar-o-u
IN,India,India,500034,Banjara Hills,Telangana,40,Hyderabad,536,Khairatabad,,17.4168,78.4384,4,banjara-hills
IN,India,India,500035,Saroornagar,Telangana,40,Hyderabad,536,Hyderabad,,17.4187,78.4695,1,saroornagar
IN,India,India,500036,Malakpet Colony,Telangana,40,Hyderabad,536,Amberpet,,17.4187,78.4695,1,malakpet-colony
IN,India,India,500036,Sripuram Colony,Telangana,40,Hyderabad,536,Amberpet,,17.4187,78.4695,1,sripuram-colony
IN,India,India,500036,Osmannagar (Hyderabad),Telangana,40,Hyderabad,536,Saidabad,,17.4187,78.4695,1,osmannagar-hyderabad
IN,India,India,500037,Balanagar Township,Telangana,40,Hyderabad,536,Rangareddy,,17.4187,78.4695,1,balanagar-township
IN,India,India,500037,Rangareddynagar,Telangana,40,Hyderabad,536,Tirumalagiri,,17.4187,78.4695,1,rangareddynagar
IN,India,India,500038,Sanjeev Reddy Nagar,Telangana,40,Hyderabad,536,Ameerpet,,17.4187,78.4695,1,sanjeev-reddy-nagar
IN,India,India,500039,Peerzadiguda,Telangana,40,Hyderabad,536,Hyderabad,,17.4171,78.4772,3,peerzadiguda
IN,India,India,500040,Aphb Colony Moulali,Telangana,40,Hyderabad,536,Secunderabad,,17.4171,78.4772,1,aphb-colony-moulali
IN,India,India,500040,Ie Moulali,Telangana,40,Hyderabad,536,Secunderabad,,17.4171,78.4772,1,ie-moulali
IN,India,India,500041,Raj Bhawan (Hyderabad),Telangana,40,Hyderabad,536,Khairatabad,,17.4171,78.4772,1,raj-bhawan-hyderabad
IN,India,India,500042,Hal (Hyderabad),Telangana,40,Hyderabad,536,Tirumalagiri,,17.4171,78.4772,1,hal-hyderabad
IN,India,India,500043,Airforce Academy,Telangana,40,Hyderabad,536,Tirumalagiri,,17.4171,78.4772,3,airforce-academy
IN,India,India,500043,Bahadurpalli,Telangana,40,Hyderabad,536,Tirumalagiri,,17.4171,78.4772,4,bahadurpalli
IN,India,India,500044,Nallakunta,Telangana,40,Hyderabad,536,Musheerabad,,17.4171,78.4772,4,nallakunta
IN,India,India,500044,Ambernagar,Telangana,40,Hyderabad,536,Musheerabad,,17.9236,79.6272,3,ambernagar
IN,India,India,500044,Vidyanagar (Hyderabad),Telangana,40,Hyderabad,536,Musheerabad,,17.9236,79.6272,3,vidyanagar-hyderabad
IN,India,India,500044,Andhra Mahila Sabha,Telangana,40,Hyderabad,536,Musheerabad,,17.9236,79.6272,3,andhra-mahila-sabha
IN,India,India,500044,New Nallakunta,Telangana,40,Hyderabad,536,Musheerabad,,17.9236,79.6272,3,new-nallakunta
IN,India,India,500045,A.Gs. Staff Quarters,Telangana,40,Hyderabad,536,Khairatabad,,17.4171,78.4772,1,a-gs-staff-quarters
IN,India,India,500045,Yousufguda,Telangana,40,Hyderabad,536,Khairatabad,,17.4171,78.4772,1,yousufguda
IN,India,India,500046,CUC,Telangana,40,Hyderabad,536,Serilingampally,,17.4171,78.4772,1,cuc
IN,India,India,500047,Malkajgiri,Telangana,40,Hyderabad,536,Rangareddy,,17.4284,78.4936,4,malkajgiri
IN,India,India,500047,Anandbagh,Telangana,40,Hyderabad,536,Tirumalagiri,,17.4284,78.4936,3,anandbagh
IN,India,India,500048,Hyderguda,Telangana,40,Hyderabad,536,Rajendranagar,,17.4171,78.4772,4,hyderguda
IN,India,India,500049,Miyapur,Telangana,40,Hyderabad,536,Tirumalagiri,,17.4171,78.4772,1,miyapur
IN,India,India,500050,Chandanagar,Telangana,40,Hyderabad,536,Tirumalagiri,,17.4171,78.4772,4,chandanagar
IN,India,India,500051,Hindustan Cables Ltd,Telangana,40,Hyderabad,536,Uppal,,17.3724,78.437,1,hindustan-cables-ltd
IN,India,India,500052,Svpnpa,Telangana,40,Hyderabad,536,Rajendranagar,,17.4171,78.4772,3,svpnpa
IN,India,India,500053,Falaknuma,Telangana,40,Hyderabad,536,Charminar,,17.34,78.4852,3,falaknuma
IN,India,India,500053,Uppuguda,Telangana,40,Hyderabad,536,Charminar,,17.34,78.4852,4,uppuguda
IN,India,India,500054,HMT Township,Telangana,40,Hyderabad,536,Tirumalagiri,,17.3724,78.437,1,hmt-township
IN,India,India,500055,IDA Jeedimetla,Telangana,40,Hyderabad,536,Tirumalagiri,,17.3724,78.437,1,ida-jeedimetla
IN,India,India,500055,Kutbullapur,Telangana,40,Hyderabad,536,Hyd,,17.3724,78.437,1,kutbullapur
IN,India,India,500055,Gajularamaram,Telangana,40,Hyderabad,536,Hyd,,17.3724,78.437,1,gajularamaram
IN,India,India,500056,Neredmet,Telangana,40,Hyderabad,536,Tirumalagiri,,17.3724,78.437,1,neredmet
IN,India,India,500056,Ramakrishna Puram,Telangana,40,Hyderabad,536,Tirumalagiri,,17.3724,78.437,1,ramakrishna-puram
IN,India,India,500057,Vijay Nagar Colony (Hyderabad),Telangana,40,Hyderabad,536,Asifnagar,,17.3724,78.437,1,vijay-nagar-colony-hyderabad
IN,India,India,500058,Kanchanbagh,Telangana,40,Hyderabad,536,Bandlaguda,,17.3724,78.437,1,kanchanbagh
IN,India,India,500058,Badangpet,Telangana,40,Hyderabad,536,Hyderabad,,17.3724,78.437,1,badangpet
IN,India,India,500059,Santoshnagar Colony,Telangana,40,Hyderabad,536,Saidabad,,17.357,78.5125,3,santoshnagar-colony
IN,India,India,500059,Saidabad Colony,Telangana,40,Hyderabad,536,Saidabad,,17.357,78.5125,3,saidabad-colony
IN,India,India,500059,Saidabad (Hyderabad),Telangana,40,Hyderabad,536,Hyderabad,,17.357,78.5125,4,saidabad-hyderabad
IN,India,India,500060,P & T Colony (K.V.Rangareddy),Telangana,40,Hyderabad,536,Saroornagar,,17.3568,78.4524,1,p-t-colony-k-v-rangareddy
IN,India,India,500061,Sitaphalmandi,Telangana,40,Hyderabad,536,Secunderabad,,17.3568,78.4524,1,sitaphalmandi
IN,India,India,500062,Dr As Rao Nagar,Telangana,40,Hyderabad,536,Secunderabad,,17.3568,78.4524,1,dr-as-rao-nagar
IN,India,India,500062,Ecil,Telangana,40,Hyderabad,536,Secunderabad,,17.3568,78.4524,1,ecil
IN,India,India,500063,LIC Division,Telangana,40,Hyderabad,536,Himayathnagar,,17.3568,78.4524,1,lic-division
IN,India,India,500063,New Mla Quarters,Telangana,40,Hyderabad,536,Himayathnagar,,17.3568,78.4524,1,new-mla-quarters
IN,India,India,500064,Bahadurpura,Telangana,40,Hyderabad,536,Hyderabad,,17.3568,78.4524,4,bahadurpura
IN,India,India,500064,Tadbun,Telangana,40,Hyderabad,536,Bahadurpura,,17.3568,78.4524,3,tadbun
IN,India,India,500064,Kishanbagh,Telangana,40,Hyderabad,536,Bahadurpura,,17.3568,78.4524,3,kishanbagh
IN,India,India,500065,Fatehdarwaza,Telangana,40,Hyderabad,536,Charminar,,17.3568,78.4524,1,fatehdarwaza
IN,India,India,500065,Shahalibanda,Telangana,40,Hyderabad,536,Charminar,,17.3568,78.4524,1,shahalibanda
IN,India,India,500066,High Court (Hyderabad),Telangana,40,Hyderabad,536,Charminar,,17.3568,78.4524,1,high-court-hyderabad
IN,India,India,500067,Suchitra Junction,Telangana,40,Hyderabad,536,NA,,17.3568,78.4524,1,suchitra-junction
IN,India,India,500068,Gsi(Sr) Bandlaguda,Telangana,40,Hyderabad,536,Hayathnagar,,17.3568,78.4524,1,gsi-sr-bandlaguda
IN,India,India,500069,R.C.Imarat,Telangana,40,Hyderabad,536,Bandlaguda,,17.3568,78.4524,1,r-c-imarat
IN,India,India,500070,Vanastalipuram,Telangana,40,Hyderabad,536,Hayathnagar,,17.4661,78.4914,1,vanastalipuram
IN,India,India,500072,Kukatpally,Telangana,40,Hyderabad,536,Tirumalagiri,,17.4171,78.4772,4,kukatpally
IN,India,India,500072,Vivekanandanagar Colony,Telangana,40,Hyderabad,536,Balanagar,,17.4171,78.4772,3,vivekanandanagar-colony
IN,India,India,500073,Srinagar Colony,Telangana,40,Hyderabad,536,Khairatabad,,17.4661,78.4914,1,srinagar-colony
IN,India,India,500074,L B Nagar,Telangana,40,Hyderabad,536,Hyderabad,,17.4171,78.4772,4,l-b-nagar
IN,India,India,500075,C.B.I.T,Telangana,40,Hyderabad,536,Rajendranagar,,17.4171,78.4772,3,c-b-i-t
IN,India,India,500076,I.E.Nacharam,Telangana,40,Hyderabad,536,Uppal,,17.4171,78.4772,3,i-e-nacharam
IN,India,India,500077,Kattedan Ie,Telangana,40,Hyderabad,536,Rajendranagar,,17.4661,78.4914,1,kattedan-ie
IN,India,India,500078,Nisa Hakimpet,Telangana,40,Hyderabad,536,Tirumalagiri,,17.4171,78.4772,3,nisa-hakimpet
IN,India,India,500078,Thumkunta,Telangana,40,Hyderabad,536,Hyd,,17.4171,78.4772,3,thumkunta
IN,India,India,500078,BITS,Telangana,40,Hyderabad,536,Tirumalagiri,,17.4171,78.4772,3,bits
IN,India,India,500078,CRPF,Telangana,40,Hyderabad,536,Tirumalagiri,,17.4171,78.4772,3,crpf
IN,India,India,500079,Vaishalinagar,Telangana,40,Hyderabad,536,Saroornagar,,17.4661,78.4914,1,vaishalinagar
IN,India,India,500080,Gandhinagar (Hyderabad),Telangana,40,Hyderabad,536,Secunderabad,,17.4171,78.4772,1,gandhinagar-hyderabad
IN,India,India,500081,Madhapur,Telangana,40,Hyderabad,536,Shaikpet,,17.4411,78.3885,4,madhapur
IN,India,India,500081,Cyberabad,Telangana,40,Hyderabad,536,Shaikpet,,17.4411,78.3885,3,cyberabad
IN,India,India,500082,I.M.Colony,Telangana,40,Hyderabad,536,Khairatabad,,17.4253,78.4581,3,i-m-colony
IN,India,India,500082,Somajiguda,Telangana,40,Hyderabad,536,Nampally,,17.4253,78.4581,4,somajiguda
IN,India,India,500083,Nagaram (K.V.Rangareddy),Telangana,40,Hyderabad,536,Rangareddy,,17.4171,78.4772,4,nagaram-k-v-rangareddy
IN,India,India,500084,Kothaguda (K.V.Rangareddy),Telangana,40,Hyderabad,536,Serilingampally,,17.4171,78.4772,4,kothaguda-k-v-rangareddy
IN,India,India,500085,Jntu Kukat Pally,Telangana,40,Hyderabad,536,Tirumalagiri,,17.4171,78.4772,1,jntu-kukat-pally
IN,India,India,500085,KPHB Colony,Telangana,40,Hyderabad,536,Tirumalagiri,,17.4171,78.4772,1,kphb-colony
IN,India,India,500086,Don Bosco Nagar,Telangana,40,Hyderabad,536,Rajendranagar,,17.4171,78.4772,1,don-bosco-nagar
IN,India,India,500087,JJ Nagar Colony,Telangana,40,Hyderabad,536,Tirumalagiri,,17.4171,78.4772,1,jj-nagar-colony
IN,India,India,500087,Jawahar Nagar,Telangana,40,Hyderabad,536,Tirumalagiri,,17.4171,78.4772,1,jawahar-nagar
IN,India,India,500088,Katchavanisingaram,Telangana,40,Hyderabad,536,Secunderabad,,17.4171,78.4772,1,katchavanisingaram
IN,India,India,500088,Samskruthi,Telangana,40,Hyderabad,536,Secunderabad,,17.4171,78.4772,1,samskruthi
IN,India,India,500088,Korremal,Telangana,40,Hyderabad,536,Hyd,,17.4171,78.4772,1,korremal
IN,India,India,500088,Pratapsingaram,Telangana,40,Hyderabad,536,Hyd,,17.4171,78.4772,1,pratapsingaram
IN,India,India,500089,Manikonda,Telangana,40,Hyderabad,536,NA,,17.4171,78.4772,4,manikonda
IN,India,India,500090,Nizampet,Telangana,40,Hyderabad,536,Qutubullapur,,17.4171,78.4772,4,nizampet
IN,India,India,500090,Pragathinagar,Telangana,40,Hyderabad,536,Qutubullapur,,17.4171,78.4772,3,pragathinagar
IN,India,India,500090,Mallampet,Telangana,40,Hyderabad,536,Qutubullapur,,17.4171,78.4772,4,mallampet
IN,India,India,500091,Himayath Sagar,Telangana,40,Hyderabad,536,Rajendra Nagar,,17.4171,78.4772,1,himayath-sagar
IN,India,India,500092,Boduppal,Telangana,40,Hyderabad,536,Ghatkesar,,17.4171,78.4772,1,boduppal
IN,India,India,500093,Vikasnagar (Hyderabad),Telangana,40,Hyderabad,536,Tirumalagiri,,17.4171,78.4772,1,vikasnagar-hyderabad
IN,India,India,500094,Sainikpuri,Telangana,40,Hyderabad,536,Tirumalagiri,,17.4171,78.4772,1,sainikpuri
IN,India,India,500095,Putlibowli,Telangana,40,Hyderabad,536,Nampally,,17.4171,78.4772,1,putlibowli
IN,India,India,500095,State Bank Of India,Telangana,40,Hyderabad,536,Nampally,,17.4171,78.4772,1,state-bank-of-india
IN,India,India,500096,Film Nagar,Telangana,40,Hyderabad,536,Shaikpet,,17.4171,78.4772,1,film-nagar
IN,India,India,500097,Gayatri Nagar,Telangana,40,Hyderabad,536,saroornagar,,17.4171,78.4772,1,gayatri-nagar
IN,India,India,500097,Meerpet,Telangana,40,Hyderabad,536,Saroornagar,,17.4171,78.4772,1,meerpet
IN,India,India,500098,Medipalli,Telangana,40,Hyderabad,536,Ghatkesar,,17.4171,78.4772,4,medipalli
IN,India,India,500100,Komplly,Telangana,40,Hyderabad,536,Quthbullapur Mandal,,17.4171,78.4772,1,komplly
IN,India,India,500101,Shamirpet,Telangana,40,Hyderabad,536,Shamirpet Mandal,,17.4171,78.4772,4,shamirpet
IN,India,India,500101,Anantaram,Telangana,40,Hyderabad,536,Tirumalagiri,,17.4171,78.4772,4,anantaram
IN,India,India,500101,Turkapalliyadaram,Telangana,40,Hyderabad,536,Hyd,,17.4171,78.4772,3,turkapalliyadaram
IN,India,India,500101,Peddalaxmapur,Telangana,40,Hyderabad,536,Tirumalagiri,,17.4171,78.4772,3,peddalaxmapur
IN,India,India,500101,Mudchintanapalli,Telangana,40,Hyderabad,536,Hyd,,17.4171,78.4772,3,mudchintanapalli
IN,India,India,500101,Kolthur,Telangana,40,Hyderabad,536,Hyd,,17.4171,78.4772,3,kolthur
IN,India,India,500101,Jaggamguda,Telangana,40,Hyderabad,536,Tirumalagiri,,17.4171,78.4772,3,jaggamguda
IN,India,India,500101,Lalgadi Malakpet,Telangana,40,Hyderabad,536,Hyd,,17.4171,78.4772,3,lalgadi-malakpet
IN,India,India,500101,Kyasaram,Telangana,40,Hyderabad,536,Hyd,,17.4171,78.4772,3,kyasaram
IN,India,India,500101,Aliabad,Telangana,40,Hyderabad,536,Hyd,,17.3455,78.4729,4,aliabad
IN,India,India,500103,Jai Jawan Colony,Telangana,40,Hyderabad,536,Secunderabad,,17.4171,78.4772,1,jai-jawan-colony
IN,India,India,500105,Vengal Rao Nagar,Telangana,40,Hyderabad,536,Khairatabad,,17.4171,78.4772,1,vengal-rao-nagar
IN,India,India,500107,Gopanpally,Telangana,40,Hyderabad,536,Ameerpet,,17.4171,78.4772,1,gopanpally
IN,India,India,500110,Prashasan Nagar,Telangana,40,Hyderabad,536,Hyderabad,,17.4171,78.4772,1,prashasan-nagar
IN,India,India,501101,Vikarabad H.O,Telangana,40,Hyderabad,536,Hyd,,17.4171,78.4772,1,vikarabad-h-o
IN,India,India,501102,Allampalli.,Telangana,40,Hyderabad,536,Vikarabad,,17.4171,78.4772,3,allampalli
IN,India,India,501301,Cherial,Telangana,40,Hyderabad,536,Hyd,,17.4171,78.4772,4,cherial
IN,India,India,501301,Cherlapalli,Telangana,40,Hyderabad,536,Hyd,,17.4171,78.4772,4,cherlapalli
IN,India,India,501301,Yadgarpalli,Telangana,40,Hyderabad,536,Hyd,,17.4171,78.4772,4,yadgarpalli
IN,India,India,501301,Rampallidiara,Telangana,40,Hyderabad,536,Hyd,,17.4171,78.4772,3,rampallidiara
IN,India,India,501301,Bogaram,Telangana,40,Hyderabad,536,Hyd,,17.4171,78.4772,3,bogaram
IN,India,India,501301,Rompalli,Telangana,40,Hyderabad,536,Hyd,,17.4171,78.4772,4,rompalli
IN,India,India,501301,Keesara,Telangana,40,Hyderabad,536,Hyd,,17.4171,78.4772,3,keesara
IN,India,India,501301,Keesaragutta,Telangana,40,Hyderabad,536,Hyd,,17.4171,78.4772,3,keesaragutta
IN,India,India,501301,Ankushapur,Telangana,40,Hyderabad,536,Hyd,,17.4171,78.4772,3,ankushapur
IN,India,India,501301,Ankireddipalli,Telangana,40,Hyderabad,536,Hyd,,17.4171,78.4772,4,ankireddipalli
IN,India,India,501301,Thimmaipalli,Telangana,40,Hyderabad,536,Hyd,,17.4171,78.4772,3,thimmaipalli
IN,India,India,501401,Girmapur,Telangana,40,Hyderabad,536,Hyd,,17.4171,78.4772,4,girmapur
IN,India,India,501401,Rajbolaram,Telangana,40,Hyderabad,536,Hyd,,17.4171,78.4772,3,rajbolaram
IN,India,India,501401,Ravalkol,Telangana,40,Hyderabad,536,Hyd,,17.4171,78.4772,3,ravalkol
IN,India,India,501401,Nutankal,Telangana,40,Hyderabad,536,Hyd,,17.4171,78.4772,4,nutankal
IN,India,India,501401,Dabirpur,Telangana,40,Hyderabad,536,Hyd,,17.4171,78.4772,3,dabirpur
IN,India,India,501401,Gowdavalli,Telangana,40,Hyderabad,536,Hyd,,17.4171,78.4772,3,gowdavalli
IN,India,India,500005,Balapur,Telangana,40,K.V.Rangareddy,537,Saroornagar,,17.3102,78.4997,4,balapur
IN,India,India,500005,Pahadishareef,Telangana,40,K.V.Rangareddy,537,Saroornagar,,17.3102,78.4997,3,pahadishareef
IN,India,India,500018,Bharat Nagar Colony,Telangana,40,K.V.Rangareddy,537,Balanagar,,17.1316,78.4112,3,bharat-nagar-colony
IN,India,India,500018,Moosapet,Telangana,40,K.V.Rangareddy,537,Balanagar,,17.1316,78.4112,3,moosapet
IN,India,India,500018,Swarajyanagar,Telangana,40,K.V.Rangareddy,537,Balanagar,,17.1316,78.4112,3,swarajyanagar
IN,India,India,500018,Fathenagar Colony,Telangana,40,K.V.Rangareddy,537,Balanagar,,17.1316,78.4112,3,fathenagar-colony
IN,India,India,500019,Lingampalli,Telangana,40,K.V.Rangareddy,537,Serilingampally,,17.4865,78.317,4,lingampalli
IN,India,India,500030,Aperl,Telangana,40,K.V.Rangareddy,537,Rajendranagar,,17.4187,78.4695,1,aperl
IN,India,India,500030,A.G.College,Telangana,40,K.V.Rangareddy,537,Rajendranagar,,17.4187,78.4695,1,a-g-college
IN,India,India,500032,Gachibowli,Telangana,40,K.V.Rangareddy,537,Seri Lingampally,,17.1316,78.4112,1,gachibowli
IN,India,India,500032,Manuu,Telangana,40,K.V.Rangareddy,537,Seri Lingampally,,17.1316,78.4112,1,manuu
IN,India,India,500035,Huda Residential Complex,Telangana,40,K.V.Rangareddy,537,Saroornagar,,17.1316,78.4112,1,huda-residential-complex
IN,India,India,500039,Uppal (K.V.Rangareddy),Telangana,40,K.V.Rangareddy,537,Uppal,,17.1316,78.4112,4,uppal-k-v-rangareddy
IN,India,India,500043,Bowrampet,Telangana,40,K.V.Rangareddy,537,Rangareddy,,17.1316,78.4112,3,bowrampet
IN,India,India,500043,Srirangavaram,Telangana,40,K.V.Rangareddy,537,Rangareddy,,17.1316,78.4112,3,srirangavaram
IN,India,India,500043,Gagillapur,Telangana,40,K.V.Rangareddy,537,Rangareddy,,17.1316,78.4112,3,gagillapur
IN,India,India,500043,Dindigul,Telangana,40,K.V.Rangareddy,537,Rangareddy,,17.1316,78.4112,3,dindigul
IN,India,India,500048,Attapur,Telangana,40,K.V.Rangareddy,537,Rajendranagar,,17.3686,78.4356,4,attapur
IN,India,India,500049,Mathrusri Nagar,Telangana,40,K.V.Rangareddy,537,Serilingampally,,17.1316,78.4112,1,mathrusri-nagar
IN,India,India,500052,Shivarampalli,Telangana,40,K.V.Rangareddy,537,Rajendranagar,,17.299,78.4186,3,shivarampalli
IN,India,India,500052,Hasannagar,Telangana,40,K.V.Rangareddy,537,Rajendranagar,,17.299,78.4186,3,hasannagar
IN,India,India,500052,Gaganpahad,Telangana,40,K.V.Rangareddy,537,Rajendranagar,,17.299,78.4186,4,gaganpahad
IN,India,India,500060,Dilsukhnagar Colony,Telangana,40,K.V.Rangareddy,537,Saroornagar,,17.1316,78.4112,1,dilsukhnagar-colony
IN,India,India,500060,Chaithanyapuri Colony,Telangana,40,K.V.Rangareddy,537,Saroornagar,,17.1316,78.4112,1,chaithanyapuri-colony
IN,India,India,500068,Mansoorabad,Telangana,40,K.V.Rangareddy,537,Hayathnagar,,17.1316,78.4112,1,mansoorabad
IN,India,India,500070,Vaidehinagar,Telangana,40,K.V.Rangareddy,537,Hayathnagar,,17.1316,78.4112,1,vaidehinagar
IN,India,India,500070,Sarada Nagar,Telangana,40,K.V.Rangareddy,537,Hayathnagar,,17.1316,78.4112,1,sarada-nagar
IN,India,India,500074,Rangareddy Dt Courts,Telangana,40,K.V.Rangareddy,537,Saroornagar,,17.3477,78.5576,3,rangareddy-dt-courts
IN,India,India,500075,Aziz Nagar,Telangana,40,K.V.Rangareddy,537,Moinabad,,17.3901,78.3279,3,aziz-nagar
IN,India,India,500075,Janwada,Telangana,40,K.V.Rangareddy,537,Shankarpally,,17.3901,78.3279,3,janwada
IN,India,India,500075,Wattinagulapalli,Telangana,40,K.V.Rangareddy,537,Rajendra Nagar,,17.3901,78.3279,3,wattinagulapalli
IN,India,India,500075,Himayathnagar,Telangana,40,K.V.Rangareddy,537,Moinabad,,17.3901,78.3279,3,himayathnagar
IN,India,India,500075,Kokapet,Telangana,40,K.V.Rangareddy,537,Rajendra Nagar,,17.3955,78.3347,4,kokapet
IN,India,India,500075,Gandipet,Telangana,40,K.V.Rangareddy,537,Rajendra Nagar,,17.3848,78.3211,4,gandipet
IN,India,India,500076,Mallapur,Telangana,40,K.V.Rangareddy,537,Uppal,,17.1316,78.4112,4,mallapur
IN,India,India,500076,Snehapuri Colony,Telangana,40,K.V.Rangareddy,537,Uppal,,17.1316,78.4112,3,snehapuri-colony
IN,India,India,500078,Devaryamjal,Telangana,40,K.V.Rangareddy,537,Shamirpet,,17.1316,78.4112,3,devaryamjal
IN,India,India,500078,Uddemarri,Telangana,40,K.V.Rangareddy,537,Shameerpet,,17.1316,78.4112,3,uddemarri
IN,India,India,500078,Bomraspet,Telangana,40,K.V.Rangareddy,537,Rangareddy,,17.1316,78.4112,4,bomraspet
IN,India,India,500078,Ponnal,Telangana,40,K.V.Rangareddy,537,Rangareddy,,17.1316,78.4112,4,ponnal
IN,India,India,500079,Hasthinapuram,Telangana,40,K.V.Rangareddy,537,Saroornagar,,17.1316,78.4112,1,hasthinapuram
IN,India,India,500079,Karmanghat,Telangana,40,K.V.Rangareddy,537,Saroornagar,,17.1316,78.4112,1,karmanghat
IN,India,India,500079,Jillellaguda,Telangana,40,K.V.Rangareddy,537,Saroornagar,,17.1316,78.4112,1,jillellaguda
IN,India,India,500084,Kondapur,Telangana,40,K.V.Rangareddy,537,Serilingampally,,17.4656,78.3419,4,kondapur
IN,India,India,500088,Venkatadri,Telangana,40,K.V.Rangareddy,537,Ghatkesar,,17.2974,78.3132,1,venkatadri
IN,India,India,500089,Mancherevula,Telangana,40,K.V.Rangareddy,537,Rajendra Nagar,,17.0534,78.1238,3,mancherevula
IN,India,India,500089,Narsingi,Telangana,40,K.V.Rangareddy,537,Rajendranagar,,17.3902,78.3569,4,narsingi
IN,India,India,500090,Bachupally,Telangana,40,K.V.Rangareddy,537,Qutubullapur,,17.1316,78.4112,3,bachupally
IN,India,India,500091,Hydershahkote,Telangana,40,K.V.Rangareddy,537,Rajendra nagar,,17.3535,78.2402,1,hydershahkote
IN,India,India,500100,Doolapalli,Telangana,40,K.V.Rangareddy,537,Rangareddy,,17.1316,78.4112,1,doolapalli
IN,India,India,500100,Pochampally,Telangana,40,K.V.Rangareddy,537,Rangareddy,,17.1316,78.4112,1,pochampally
IN,India,India,500104,Chitrapuri Colony,Telangana,40,K.V.Rangareddy,537,Serilingampally,,17.1316,78.4112,1,chitrapuri-colony
IN,India,India,500108,R.G.I. Airport,Telangana,40,K.V.Rangareddy,537,K.V.Rangareddy,,17.1316,78.4112,1,r-g-i-airport
IN,India,India,500111,I S B Campus,Telangana,40,K.V.Rangareddy,537,Rangareddy,,17.1316,78.4112,1,i-s-b-campus
IN,India,India,501102,Pulapalli,Telangana,40,K.V.Rangareddy,537,Rangareddy,,17.3818,78.0167,4,pulapalli
IN,India,India,501102,Gottimukkala,Telangana,40,K.V.Rangareddy,537,Rangareddy,,17.1316,78.4112,4,gottimukkala
IN,India,India,501102,Manneguda,Telangana,40,K.V.Rangareddy,537,Rangareddy,,17.1278,78.2679,3,manneguda
IN,India,India,501102,Ramanathgudpally,Telangana,40,K.V.Rangareddy,537,Rangareddy,,17.1278,78.2679,3,ramanathgudpally
IN,India,India,501102,Sivareddypet,Telangana,40,K.V.Rangareddy,537,Rangareddy,,17.1278,78.2679,3,sivareddypet
IN,India,India,501102,Kadcherla,Telangana,40,K.V.Rangareddy,537,Rangareddy,,17.1278,78.2679,3,kadcherla
IN,India,India,501102,Girgitpalle,Telangana,40,K.V.Rangareddy,537,Vikarabad,,17.1278,78.2679,3,girgitpalle
IN,India,India,501102,Ekmamidi,Telangana,40,K.V.Rangareddy,537,Rangareddy,,17.1278,78.2679,3,ekmamidi
IN,India,India,501102,Dhannaram,Telangana,40,K.V.Rangareddy,537,Rangareddy,,17.1278,78.2679,3,dhannaram
IN,India,India,501102,Atveli,Telangana,40,K.V.Rangareddy,537,Rangareddy,,17.1278,78.2679,3,atveli
IN,India,India,501102,Anantagiripally,Telangana,40,K.V.Rangareddy,537,Rangareddy,,17.1278,78.2679,3,anantagiripally
IN,India,India,501102,Malwardevrampalli,Telangana,40,K.V.Rangareddy,537,Rangareddy,,17.1278,78.2679,3,malwardevrampalli
IN,India,India,501102,Madanapalli,Telangana,40,K.V.Rangareddy,537,Rangareddy,,17.1278,78.2679,3,madanapalli
IN,India,India,501102,Jaidupalli,Telangana,40,K.V.Rangareddy,537,Rangareddy,,17.1278,78.2679,3,jaidupalli
IN,India,India,501102,Kothagdi,Telangana,40,K.V.Rangareddy,537,Rangareddy,,17.1278,78.2679,3,kothagdi
IN,India,India,501102,Mudgul Chittempalle,Telangana,40,K.V.Rangareddy,537,Rangareddy,,17.1278,78.2679,3,mudgul-chittempalle
IN,India,India,501102,Munnur Somaram,Telangana,40,K.V.Rangareddy,537,Rangareddy,,17.1278,78.2679,3,munnur-somaram
IN,India,India,501102,Phulmaddi,Telangana,40,K.V.Rangareddy,537,Rangareddy,,17.1278,78.2679,3,phulmaddi
IN,India,India,501102,Pulusmamidi,Telangana,40,K.V.Rangareddy,537,Rangareddy,,17.1278,78.2679,3,pulusmamidi
IN,India,India,501102,Siddaloor,Telangana,40,K.V.Rangareddy,537,Rangareddy,,17.1278,78.2679,3,siddaloor
IN,India,India,501102,Pudur,Telangana,40,K.V.Rangareddy,537,NA,,17.1316,78.4112,4,pudur
IN,India,India,501102,Godamguda,Telangana,40,K.V.Rangareddy,537,Rangareddy,,17.1278,78.2679,3,godamguda
IN,India,India,501106,Nagasamunder,Telangana,40,K.V.Rangareddy,537,Rangareddy,,17.1316,78.4112,3,nagasamunder
IN,India,India,501106,Kothapalli,Telangana,40,K.V.Rangareddy,537,Rangareddy,,17.1316,78.4112,4,kothapalli
IN,India,India,501106,Salbathapur,Telangana,40,K.V.Rangareddy,537,Rangareddy,,17.1316,78.4112,3,salbathapur
IN,India,India,501106,Ramapur,Telangana,40,K.V.Rangareddy,537,Rangareddy,,17.1316,78.4112,4,ramapur
IN,India,India,501106,Mothukapalli,Telangana,40,K.V.Rangareddy,537,Rangareddy,,17.1316,78.4112,3,mothukapalli
IN,India,India,501106,Yenkepalle,Telangana,40,K.V.Rangareddy,537,Rangareddy,,17.1316,78.4112,3,yenkepalle
IN,India,India,501106,Malasomaram,Telangana,40,K.V.Rangareddy,537,Rangareddy,,17.1316,78.4112,3,malasomaram
IN,India,India,501106,Kotpalli,Telangana,40,K.V.Rangareddy,537,Rangareddy,,17.1316,78.4112,3,kotpalli
IN,India,India,501106,Rompalli,Telangana,40,K.V.Rangareddy,537,Rangareddy,,17.1316,78.4112,4,rompalli
IN,India,India,501106,Barwad,Telangana,40,K.V.Rangareddy,537,Rangareddy,,17.1316,78.4112,4,barwad
IN,India,India,501106,Bantwaram,Telangana,40,K.V.Rangareddy,537,R,,17.1316,78.4112,4,bantwaram
IN,India,India,501106,Kalkhoda,Telangana,40,K.V.Rangareddy,537,Rangareddy,,17.1316,78.4112,3,kalkhoda
IN,India,India,501106,Ravulapalli,Telangana,40,K.V.Rangareddy,537,Rangareddy,,17.1316,78.4112,4,ravulapalli
IN,India,India,501106,Yennaram,Telangana,40,K.V.Rangareddy,537,Rangareddy,,17.1316,78.4112,3,yennaram
IN,India,India,501111,Chittigadda,Telangana,40,K.V.Rangareddy,537,Rangareddy,,17.5952,78.1606,1,chittigadda
IN,India,India,501111,Nawabpet (K.V.Rangareddy),Telangana,40,K.V.Rangareddy,537,Rangareddy,,17.5952,78.1606,1,nawabpet-k-v-rangareddy
IN,India,India,501111,Chimaldari,Telangana,40,K.V.Rangareddy,537,Rangareddy,,17.5952,78.1606,1,chimaldari
IN,India,India,501111,Pulmamidi,Telangana,40,K.V.Rangareddy,537,Rangareddy,,17.5952,78.1606,1,pulmamidi
IN,India,India,501111,Arkatala,Telangana,40,K.V.Rangareddy,537,Nawabpet,,17.5952,78.1606,1,arkatala
IN,India,India,501111,Devarampalli,Telangana,40,K.V.Rangareddy,537,Rangareddy,,17.5952,78.1606,1,devarampalli
IN,India,India,501111,Madireddipalli,Telangana,40,K.V.Rangareddy,537,Rangareddy,,17.5952,78.1606,1,madireddipalli
IN,India,India,501111,Chanchalpet,Telangana,40,K.V.Rangareddy,537,Rangareddy,,17.5952,78.1606,1,chanchalpet
IN,India,India,501121,Nagawaram,Telangana,40,K.V.Rangareddy,537,NA,,17.1316,78.4112,4,nagawaram
IN,India,India,501121,Rasnam,Telangana,40,K.V.Rangareddy,537,NA,,17.1316,78.4112,4,rasnam
IN,India,India,501121,Dharur,Telangana,40,K.V.Rangareddy,537,Rangareddy,,17.1316,78.4112,4,dharur
IN,India,India,501121,Dornal,Telangana,40,K.V.Rangareddy,537,Rangareddy,,17.4051,77.9318,3,dornal
IN,India,India,501121,Haridasapalli,Telangana,40,K.V.Rangareddy,537,NA,,17.4051,77.9318,3,haridasapalli
IN,India,India,501121,Kukonda,Telangana,40,K.V.Rangareddy,537,NA,,17.4051,77.9318,3,kukonda
IN,India,India,501121,Mominkalan,Telangana,40,K.V.Rangareddy,537,NA,,17.4051,77.9318,3,mominkalan
IN,India,India,501121,Ghatepalli,Telangana,40,K.V.Rangareddy,537,NA,,17.4051,77.9318,3,ghatepalli
IN,India,India,501121,Tarigopula,Telangana,40,K.V.Rangareddy,537,NA,,17.4051,77.9318,3,tarigopula
IN,India,India,501121,Karvelli,Telangana,40,K.V.Rangareddy,537,NA,,17.4051,77.9318,3,karvelli
IN,India,India,501141,Manthatti,Telangana,40,K.V.Rangareddy,537,Rangareddy,,17.9411,78.3132,3,manthatti
IN,India,India,501141,Antharam,Telangana,40,K.V.Rangareddy,537,Rangareddy,,17.9411,78.3132,3,antharam
IN,India,India,501141,Chengole,Telangana,40,K.V.Rangareddy,537,Rangareddy,,17.9411,78.3132,3,chengole
IN,India,India,501141,Gingurthi,Telangana,40,K.V.Rangareddy,537,Rangareddy,,17.9411,78.3132,3,gingurthi
IN,India,India,501141,Gunj,Telangana,40,K.V.Rangareddy,537,Tandur,,17.9411,78.3132,3,gunj
IN,India,India,501141,Kandanhalli,Telangana,40,K.V.Rangareddy,537,Rangareddy,,17.9411,78.3132,3,kandanhalli
IN,India,India,501141,Kokat,Telangana,40,K.V.Rangareddy,537,Rangareddy,,17.9411,78.3132,3,kokat
IN,India,India,501141,Tandur,Telangana,40,K.V.Rangareddy,537,Rangareddy,,17.1316,78.4112,4,tandur
IN,India,India,501141,Allapur,Telangana,40,K.V.Rangareddy,537,Rangareddy,,17.1316,78.4112,4,allapur
IN,India,India,501141,Narayanpur,Telangana,40,K.V.Rangareddy,537,Rangareddy,,17.1316,78.4112,4,narayanpur
IN,India,India,501142,Turmamidi,Telangana,40,K.V.Rangareddy,537,Rangareddy,,17.1316,78.4112,3,turmamidi
IN,India,India,501142,Jangaon,Telangana,40,K.V.Rangareddy,537,Rangareddy,,17.1316,78.4112,4,jangaon
IN,India,India,501142,Regondi,Telangana,40,K.V.Rangareddy,537,Rangareddy,,17.1316,78.4112,3,regondi
IN,India,India,501142,Peddimal,Telangana,40,K.V.Rangareddy,537,Rangareddy,,17.1316,78.4112,3,peddimal
IN,India,India,501142,Indur,Telangana,40,K.V.Rangareddy,537,Rangareddy,,17.1316,78.4112,4,indur
IN,India,India,501142,Mombapur,Telangana,40,K.V.Rangareddy,537,Rangareddy,,17.1316,78.4112,3,mombapur
IN,India,India,501142,Gazipur,Telangana,40,K.V.Rangareddy,537,Rangareddy,,17.1316,78.4112,3,gazipur
IN,India,India,501142,Thattepalli,Telangana,40,K.V.Rangareddy,537,Rangareddy,,17.1316,78.4112,3,thattepalli
IN,India,India,501142,Nagulapalli,Telangana,40,K.V.Rangareddy,537,Rangareddy,,17.1014,78.2006,4,nagulapalli
IN,India,India,501142,Adikcherla,Telangana,40,K.V.Rangareddy,537,Rangareddy,,17.1316,78.4112,3,adikcherla
IN,India,India,501143,Manthangod,Telangana,40,K.V.Rangareddy,537,Rangareddy,,17.1316,78.4112,3,manthangod
IN,India,India,501143,Chinnagottiga,Telangana,40,K.V.Rangareddy,537,Rangareddy,,17.1316,78.4112,3,chinnagottiga
IN,India,India,501143,Damarched,Telangana,40,K.V.Rangareddy,537,Rangareddy,,17.1316,78.4112,3,damarched
IN,India,India,501143,Basheerabad,Telangana,40,K.V.Rangareddy,537,Hyd,,17.1316,78.4112,4,basheerabad
IN,India,India,501143,Jeevangi,Telangana,40,K.V.Rangareddy,537,Rangareddy,,17.1316,78.4112,3,jeevangi
IN,India,India,501143,Kurviched,Telangana,40,K.V.Rangareddy,537,Rangareddy,,17.1316,78.4112,3,kurviched
IN,India,India,501143,Navalga,Telangana,40,K.V.Rangareddy,537,Rangareddy,,17.1316,78.4112,3,navalga
IN,India,India,501143,Yakmai,Telangana,40,K.V.Rangareddy,537,Rangareddy,,17.1316,78.4112,3,yakmai
IN,India,India,501143,Kasimpur,Telangana,40,K.V.Rangareddy,537,Rangareddy,,17.1316,78.4112,4,kasimpur
IN,India,India,501143,Mailwar,Telangana,40,K.V.Rangareddy,537,Rangareddy,,17.1316,78.4112,4,mailwar
IN,India,India,501144,Chennaram,Telangana,40,K.V.Rangareddy,537,Rangareddy,,17.1316,78.4112,4,chennaram
IN,India,India,501144,Bennur,Telangana,40,K.V.Rangareddy,537,Rr.,,17.1316,78.4112,4,bennur
IN,India,India,501144,Agnoor,Telangana,40,K.V.Rangareddy,537,Rangareddy,,17.1316,78.4112,3,agnoor
IN,India,India,501144,Yalal,Telangana,40,K.V.Rangareddy,537,Rangareddy,,17.1316,78.4112,3,yalal
IN,India,India,501144,Timmaipalli,Telangana,40,K.V.Rangareddy,537,Rangareddy,,17.1316,78.4112,4,timmaipalli
IN,India,India,501144,Juntapalli,Telangana,40,K.V.Rangareddy,537,Rangareddy,,17.1316,78.4112,3,juntapalli
IN,India,India,501144,Devnoor,Telangana,40,K.V.Rangareddy,537,Rangareddy,,17.1316,78.4112,3,devnoor
IN,India,India,501144,Pagdyal,Telangana,40,K.V.Rangareddy,537,Rangareddy,,17.1316,78.4112,3,pagdyal
IN,India,India,501158,CCI Tandur,Telangana,40,K.V.Rangareddy,537,Tandur,,17.1316,78.4112,3,cci-tandur
IN,India,India,501158,Sangamkalan,Telangana,40,K.V.Rangareddy,537,Rangareddy,,17.1316,78.4112,3,sangamkalan
IN,India,India,501158,Karankot,Telangana,40,K.V.Rangareddy,537,Rangareddy,,17.1316,78.4112,4,karankot
IN,India,India,501158,Mittabaspalle,Telangana,40,K.V.Rangareddy,537,Rangareddy,,17.1316,78.4112,3,mittabaspalle
IN,India,India,501158,Malkapur,Telangana,40,K.V.Rangareddy,537,Rangareddy,,17.3242,78.173,4,malkapur
IN,India,India,501202,Kotmarpalli,Telangana,40,K.V.Rangareddy,537,NA,,17.1316,78.4112,4,kotmarpalli
IN,India,India,501202,Amradikalan,Telangana,40,K.V.Rangareddy,537,Rangareddy,,17.3244,78.4694,3,amradikalan
IN,India,India,501202,Buchampalli,Telangana,40,K.V.Rangareddy,537,Rangareddy,,17.3244,78.4694,3,buchampalli
IN,India,India,501202,Kothlapur,Telangana,40,K.V.Rangareddy,537,Rangareddy,,17.3244,78.4694,3,kothlapur
IN,India,India,501202,Kolkonda,Telangana,40,K.V.Rangareddy,537,Rangareddy,,17.3244,78.4694,3,kolkonda
IN,India,India,501202,Kesaram,Telangana,40,K.V.Rangareddy,537,Rangareddy,,17.3119,78.1601,4,kesaram
IN,India,India,501202,Enkatala,Telangana,40,K.V.Rangareddy,537,Rangareddy,,17.3244,78.4694,3,enkatala
IN,India,India,501202,Thummalapalli,Telangana,40,K.V.Rangareddy,537,Rangareddy,,17.3244,78.4694,3,thummalapalli
IN,India,India,501202,Sirpura,Telangana,40,K.V.Rangareddy,537,Rangareddy,,17.3244,78.4694,3,sirpura
IN,India,India,501202,Patloor,Telangana,40,K.V.Rangareddy,537,Rangareddy,,17.3244,78.4694,3,patloor
IN,India,India,501202,Mekavanampalli,Telangana,40,K.V.Rangareddy,537,Rangareddy,,17.3244,78.4694,3,mekavanampalli
IN,India,India,501202,Marpallikalan,Telangana,40,K.V.Rangareddy,537,Rangareddy,,17.3244,78.4694,3,marpallikalan
IN,India,India,501202,Velchal,Telangana,40,K.V.Rangareddy,537,Rangareddy,,17.1316,78.4112,4,velchal
IN,India,India,501202,Panchalingal,Telangana,40,K.V.Rangareddy,537,Rangareddy,,17.1316,78.4112,4,panchalingal
IN,India,India,501202,Morangpalli,Telangana,40,K.V.Rangareddy,537,Rangareddy,,17.1316,78.4112,4,morangpalli
IN,India,India,501202,Mominpet,Telangana,40,K.V.Rangareddy,537,Rangareddy,,17.1316,78.4112,4,mominpet
IN,India,India,501202,Tekulapalli,Telangana,40,K.V.Rangareddy,537,Rangareddy,,17.1316,78.4112,4,tekulapalli
IN,India,India,501203,Singapur,Telangana,40,K.V.Rangareddy,537,Rangareddy,,17.4698,78.1257,4,singapur
IN,India,India,501203,Proddatur,Telangana,40,K.V.Rangareddy,537,Rangareddy,,17.4706,78.1314,3,proddatur
IN,India,India,501203,Maharajpet,Telangana,40,K.V.Rangareddy,537,Rangareddy,,17.406,78.2255,4,maharajpet
IN,India,India,501203,Medipalli,Telangana,40,K.V.Rangareddy,537,Rangareddy,,17.1316,78.4112,4,medipalli
IN,India,India,501203,Yellakonda,Telangana,40,K.V.Rangareddy,537,Rangareddy,,17.4391,78.0381,4,yellakonda
IN,India,India,501203,Kothapalli,Telangana,40,K.V.Rangareddy,537,Rangareddy,,17.1316,78.4112,4,kothapalli
IN,India,India,501203,Mubarakpur,Telangana,40,K.V.Rangareddy,537,Rangareddy,,17.1316,78.4112,4,mubarakpur
IN,India,India,501203,Mahalingapuram,Telangana,40,K.V.Rangareddy,537,Rangareddy,,17.4706,78.1314,3,mahalingapuram
IN,India,India,501203,Bhulkapur,Telangana,40,K.V.Rangareddy,537,Rangareddy,,17.4706,78.1314,3,bhulkapur
IN,India,India,501203,Tangutoor,Telangana,40,K.V.Rangareddy,537,Rangareddy,,17.4706,78.1314,3,tangutoor
IN,India,India,501203,Parveda,Telangana,40,K.V.Rangareddy,537,Rangareddy,,17.4706,78.1314,3,parveda
IN,India,India,501203,Shankarpalli,Telangana,40,K.V.Rangareddy,537,Rangareddy,,17.4523,78.131,4,shankarpalli
IN,India,India,501203,Yelvawthy,Telangana,40,K.V.Rangareddy,537,Rangareddy,,17.4706,78.1314,3,yelvawthy
IN,India,India,501203,Mokila,Telangana,40,K.V.Rangareddy,537,Rangareddy,,17.4262,78.1882,4,mokila
IN,India,India,501203,Kodalkal,Telangana,40,K.V.Rangareddy,537,Rangareddy,,17.4706,78.1314,3,kodalkal
IN,India,India,501218,Shamshabad (K.V.Rangareddy),Telangana,40,K.V.Rangareddy,537,Rangareddy,,17.2519,78.4184,4,shamshabad-k-v-rangareddy
IN,India,India,501218,Narkhoda,Telangana,40,K.V.Rangareddy,537,Rangareddy,,17.2414,78.3921,3,narkhoda
IN,India,India,501218,Nagaram,Telangana,40,K.V.Rangareddy,537,Rangareddy,,17.1836,78.3915,4,nagaram
IN,India,India,501218,Gollapalli Kalan,Telangana,40,K.V.Rangareddy,537,Rangareddy,,17.2414,78.3921,3,gollapalli-kalan
IN,India,India,501218,Nanajipur,Telangana,40,K.V.Rangareddy,537,Rangareddy,,17.2414,78.3921,3,nanajipur
IN,India,India,501218,Chinnagolkonda,Telangana,40,K.V.Rangareddy,537,Shamshabad,,17.2414,78.3921,3,chinnagolkonda
IN,India,India,501218,Kotwalguda,Telangana,40,K.V.Rangareddy,537,Rangareddy,,17.2887,78.3663,4,kotwalguda
IN,India,India,501301,Ghatkesar,Telangana,40,K.V.Rangareddy,537,Hyd,,17.1316,78.4112,4,ghatkesar
IN,India,India,501301,Edulabad,Telangana,40,K.V.Rangareddy,537,Ghatkesar,,17.1316,78.4112,3,edulabad
IN,India,India,501359,Chippalapalli,Telangana,40,K.V.Rangareddy,537,Rangareddy,,17.1316,78.4112,4,chippalapalli
IN,India,India,501359,Lemur,Telangana,40,K.V.Rangareddy,537,Rangareddy,,17.1415,78.5166,4,lemur
IN,India,India,501359,Gudur,Telangana,40,K.V.Rangareddy,537,Rangareddy,,17.2068,78.276,4,gudur
IN,India,India,501359,Maisaram,Telangana,40,K.V.Rangareddy,537,Rangareddy,,17.1316,78.4112,4,maisaram
IN,India,India,501359,Kandukur,Telangana,40,K.V.Rangareddy,537,Rangareddy,,17.0646,78.4899,4,kandukur
IN,India,India,501359,Dabbedguda,Telangana,40,K.V.Rangareddy,537,Rangareddy,,17.2491,78.5781,3,dabbedguda
IN,India,India,501359,Jaitwaram,Telangana,40,K.V.Rangareddy,537,Rangareddy,,17.2491,78.5781,3,jaitwaram
IN,India,India,501359,Mankhal,Telangana,40,K.V.Rangareddy,537,Rangareddy,,17.2491,78.5781,3,mankhal
IN,India,India,501359,Nedunur,Telangana,40,K.V.Rangareddy,537,Rangareddy,,17.2491,78.5781,3,nedunur
IN,India,India,501359,Tummalur,Telangana,40,K.V.Rangareddy,537,Rangareddy,,17.2491,78.5781,3,tummalur
IN,India,India,501359,Pulmamidi,Telangana,40,K.V.Rangareddy,537,Rangareddy,,17.2491,78.5781,3,pulmamidi
IN,India,India,501359,Rachaloor,Telangana,40,K.V.Rangareddy,537,Rangareddy,,17.2491,78.5781,3,rachaloor
IN,India,India,501401,CMR College (Kandlakoya),Telangana,40,K.V.Rangareddy,537,Medchal,,17.1316,78.4112,3,cmr-college-kandlakoya
IN,India,India,501401,Pudur,Telangana,40,K.V.Rangareddy,537,Rangareddy,,17.1316,78.4112,4,pudur
IN,India,India,501401,Medchal,Telangana,40,K.V.Rangareddy,537,Rangareddy,,17.1316,78.4112,4,medchal
IN,India,India,501401,Athveli,Telangana,40,K.V.Rangareddy,537,Rangareddy,,17.1316,78.4112,3,athveli
IN,India,India,501501,Regadi Doswada,Telangana,40,K.V.Rangareddy,537,Shabad,,17.2189,78.0845,4,regadi-doswada
IN,India,India,501501,Sultanpur,Telangana,40,K.V.Rangareddy,537,Rangareddy,,17.2768,78.4921,4,sultanpur
IN,India,India,501501,Chengomal,Telangana,40,K.V.Rangareddy,537,Rangareddy,,17.1316,78.4112,3,chengomal
IN,India,India,501501,Manchanpalli,Telangana,40,K.V.Rangareddy,537,Rangareddy,,17.1316,78.4112,3,manchanpalli
IN,India,India,501501,Mittakorud,Telangana,40,K.V.Rangareddy,537,Rangareddy,,17.1316,78.4112,3,mittakorud
IN,India,India,501501,Riapol,Telangana,40,K.V.Rangareddy,537,Rangareddy,,17.1316,78.4112,3,riapol
IN,India,India,501501,Rupkhanpet,Telangana,40,K.V.Rangareddy,537,Rangareddy,,17.1316,78.4112,3,rupkhanpet
IN,India,India,501501,Peta Madaram,Telangana,40,K.V.Rangareddy,537,Rangareddy,,17.1316,78.4112,3,peta-madaram
IN,India,India,501501,Kudmoor,Telangana,40,K.V.Rangareddy,537,Rangareddy,,17.1316,78.4112,3,kudmoor
IN,India,India,501501,Gharsinghapur,Telangana,40,K.V.Rangareddy,537,Rangareddy,,17.1316,78.4112,3,gharsinghapur
IN,India,India,501501,Chityal,Telangana,40,K.V.Rangareddy,537,Rangareddy,,17.1316,78.4112,4,chityal
IN,India,India,501501,Naskal,Telangana,40,K.V.Rangareddy,537,Rangareddy,,17.1316,78.4112,4,naskal
IN,India,India,501501,Syedpalli,Telangana,40,K.V.Rangareddy,537,Rangareddy,,17.1316,78.4112,3,syedpalli
IN,India,India,501501,Somangurthi,Telangana,40,K.V.Rangareddy,537,Rangareddy,,17.1316,78.4112,3,somangurthi
IN,India,India,501501,Kistapur,Telangana,40,K.V.Rangareddy,537,Rangareddy,,17.1316,78.4112,4,kistapur
IN,India,India,501501,Peda Umenthyal,Telangana,40,K.V.Rangareddy,537,Rangareddy,,17.1316,78.4112,3,peda-umenthyal
IN,India,India,501501,Kudvandapur,Telangana,40,K.V.Rangareddy,537,Rangareddy,,17.1316,78.4112,3,kudvandapur
IN,India,India,501501,Nizampet Medpalli,Telangana,40,K.V.Rangareddy,537,Rangareddy,,17.1316,78.4112,3,nizampet-medpalli
IN,India,India,501501,Purgi,Telangana,40,K.V.Rangareddy,537,Rangareddy,,17.1316,78.4112,4,purgi
IN,India,India,501501,Kankal,Telangana,40,K.V.Rangareddy,537,Rangareddy,,17.1316,78.4112,4,kankal
IN,India,India,501501,Medpalli,Telangana,40,K.V.Rangareddy,537,Rangareddy,,17.3721,78.2005,4,medpalli
IN,India,India,501502,Bompalli,Telangana,40,K.V.Rangareddy,537,Rangareddy,,17.1316,78.4112,4,bompalli
IN,India,India,501502,Doma,Telangana,40,K.V.Rangareddy,537,Rangareddy,,17.1316,78.4112,4,doma
IN,India,India,501502,Wootpalli,Telangana,40,K.V.Rangareddy,537,Rangareddy,,17.1316,78.4112,3,wootpalli
IN,India,India,501502,Badampalli,Telangana,40,K.V.Rangareddy,537,Rangareddy,,17.1316,78.4112,4,badampalli
IN,India,India,501502,Dirsampalli,Telangana,40,K.V.Rangareddy,537,Rangareddy,,17.1316,78.4112,3,dirsampalli
IN,India,India,501502,Mujahidpur,Telangana,40,K.V.Rangareddy,537,Rangareddy,,17.1316,78.4112,3,mujahidpur
IN,India,India,501502,Bandelkacherla,Telangana,40,K.V.Rangareddy,537,Rangareddy,,17.1316,78.4112,3,bandelkacherla
IN,India,India,501502,Sivareddipalli,Telangana,40,K.V.Rangareddy,537,Rangareddy,,17.1316,78.4112,3,sivareddipalli
IN,India,India,501502,Ainapur,Telangana,40,K.V.Rangareddy,537,Rangareddy,,17.1316,78.4112,4,ainapur
IN,India,India,501503,Alur,Telangana,40,K.V.Rangareddy,537,Rangareddy,,17.3294,78.0687,4,alur
IN,India,India,501503,Antaram,Telangana,40,K.V.Rangareddy,537,Rangareddy,,17.3259,78.0327,4,antaram
IN,India,India,501503,Damargidda,Telangana,40,K.V.Rangareddy,537,Rangareddy,,17.1316,78.4112,4,damargidda
IN,India,India,501503,Gundal,Telangana,40,K.V.Rangareddy,537,Rangareddy,,17.1316,78.4112,4,gundal
IN,India,India,501503,Chevella,Telangana,40,K.V.Rangareddy,537,Rangareddy,,17.3068,78.1372,4,chevella
IN,India,India,501503,Mudimial,Telangana,40,K.V.Rangareddy,537,Rangareddy,,17.3339,78.2003,4,mudimial
IN,India,India,501503,Nyalata,Telangana,40,K.V.Rangareddy,537,Rangareddy,,17.1316,78.4112,3,nyalata
IN,India,India,501503,Orella,Telangana,40,K.V.Rangareddy,537,Rangareddy,,17.1316,78.4112,3,orella
IN,India,India,501503,Pamena,Telangana,40,K.V.Rangareddy,537,Rangareddy,,17.1316,78.4112,3,pamena
IN,India,India,501503,Regad Ghanapur,Telangana,40,K.V.Rangareddy,537,Rangareddy,,17.1316,78.4112,3,regad-ghanapur
IN,India,India,501503,Kowkunta,Telangana,40,K.V.Rangareddy,537,Rangareddy,,17.1316,78.4112,3,kowkunta
IN,India,India,501503,Kanmeta,Telangana,40,K.V.Rangareddy,537,Rangareddy,,17.1316,78.4112,3,kanmeta
IN,India,India,501503,Kandwada,Telangana,40,K.V.Rangareddy,537,Rangareddy,,17.1316,78.4112,3,kandwada
IN,India,India,501503,Devuniyerravalli,Telangana,40,K.V.Rangareddy,537,Rangareddy,,17.1316,78.4112,3,devuniyerravalli
IN,India,India,501503,Chenvelli,Telangana,40,K.V.Rangareddy,537,Rangareddy,,17.1316,78.4112,3,chenvelli
IN,India,India,501503,Chandanvelly,Telangana,40,K.V.Rangareddy,537,Rangareddy,,17.1316,78.4112,3,chandanvelly
IN,India,India,501503,Kandlapalli,Telangana,40,K.V.Rangareddy,537,Rangareddy,,17.1316,78.4112,4,kandlapalli
IN,India,India,501503,Tangadpalli,Telangana,40,K.V.Rangareddy,537,Rangareddy,,17.3741,78.0591,4,tangadpalli
IN,India,India,501503,Malkapur,Telangana,40,K.V.Rangareddy,537,Rangareddy,,17.3242,78.173,4,malkapur
IN,India,India,501504,Surangal,Telangana,40,K.V.Rangareddy,537,Rangareddy,,17.2957,78.2741,4,surangal
IN,India,India,501504,Moinabad,Telangana,40,K.V.Rangareddy,537,Rangareddy,,17.3051,78.3363,3,moinabad
IN,India,India,501504,Chinna Mangalaram,Telangana,40,K.V.Rangareddy,537,Rangareddy,,17.3051,78.3363,3,chinna-mangalaram
IN,India,India,501504,Chilkur,Telangana,40,K.V.Rangareddy,537,Rangareddy,,17.3502,78.2877,4,chilkur
IN,India,India,501504,Kethireddipalli,Telangana,40,K.V.Rangareddy,537,Rangareddy,,17.3051,78.3363,3,kethireddipalli
IN,India,India,501504,Pedda Mangalaram,Telangana,40,K.V.Rangareddy,537,Rangareddy,,17.3051,78.3363,3,pedda-mangalaram
IN,India,India,501504,Kanakamamidi,Telangana,40,K.V.Rangareddy,537,Rangareddy,,17.3051,78.3363,3,kanakamamidi
IN,India,India,501504,Venkatapur,Telangana,40,K.V.Rangareddy,537,Rangareddy,,17.2967,78.4908,4,venkatapur
IN,India,India,501504,Amdapur,Telangana,40,K.V.Rangareddy,537,Rangareddy,,17.2777,78.2924,4,amdapur
IN,India,India,501505,Hayatnagar,Telangana,40,K.V.Rangareddy,537,Hayathnagar,,17.3284,78.6063,4,hayatnagar
IN,India,India,501505,Qutubullapur,Telangana,40,K.V.Rangareddy,537,Rangareddy,,17.1316,78.4112,4,qutubullapur
IN,India,India,501505,Kavadpalli,Telangana,40,K.V.Rangareddy,537,Rangareddy,,17.1316,78.4112,3,kavadpalli
IN,India,India,501505,Bandaraviryal,Telangana,40,K.V.Rangareddy,537,Rangareddy,,17.1316,78.4112,3,bandaraviryal
IN,India,India,501505,Gowrelli,Telangana,40,K.V.Rangareddy,537,Rangareddy,,17.1316,78.4112,3,gowrelli
IN,India,India,501505,Kuntloor,Telangana,40,K.V.Rangareddy,537,NA,,17.1316,78.4112,3,kuntloor
IN,India,India,501505,Taramatipeta,Telangana,40,K.V.Rangareddy,537,Rangareddy,,17.1316,78.4112,3,taramatipeta
IN,India,India,501505,Pedda Amberpet,Telangana,40,K.V.Rangareddy,537,Rangareddy,,17.1316,78.4112,3,pedda-amberpet
IN,India,India,501505,Pasmamala,Telangana,40,K.V.Rangareddy,537,Rangareddy,,17.1316,78.4112,3,pasmamala
IN,India,India,501506,Thimmapur,Telangana,40,K.V.Rangareddy,537,Rangareddy,,17.1316,78.4112,3,thimmapur
IN,India,India,501506,Cherlapatel Guda,Telangana,40,K.V.Rangareddy,537,NA,,17.1316,78.4112,3,cherlapatel-guda
IN,India,India,501506,Eleminedu,Telangana,40,K.V.Rangareddy,537,Rangareddy,,17.1316,78.4112,3,eleminedu
IN,India,India,501506,Gummadavalli,Telangana,40,K.V.Rangareddy,537,Rangareddy,,17.1316,78.4112,4,gummadavalli
IN,India,India,501506,Kappapahad,Telangana,40,K.V.Rangareddy,537,Rangareddy,,17.1316,78.4112,3,kappapahad
IN,India,India,501506,Pocharam,Telangana,40,K.V.Rangareddy,537,Rangareddy,,17.1316,78.4112,4,pocharam
IN,India,India,501506,Ibrahimpatnam (K.V.Rangareddy),Telangana,40,K.V.Rangareddy,537,Ibrahimpatnam,,17.1316,78.4112,3,ibrahimpatnam-k-v-rangareddy
IN,India,India,501506,Agapalli,Telangana,40,K.V.Rangareddy,537,Rangareddy,,17.1316,78.4112,3,agapalli
IN,India,India,501506,Madhapur,Telangana,40,K.V.Rangareddy,537,Rangareddy,,17.4411,78.3885,4,madhapur
IN,India,India,501506,Gungal,Telangana,40,K.V.Rangareddy,537,Rangareddy,,17.1082,78.6754,4,gungal
IN,India,India,501508,Manchal,Telangana,40,K.V.Rangareddy,537,Rangareddy,,17.1607,78.7205,4,manchal
IN,India,India,501508,Arutla,Telangana,40,K.V.Rangareddy,537,Rangareddy,,17.1353,78.7583,4,arutla
IN,India,India,501508,Polkampalli,Telangana,40,K.V.Rangareddy,537,Rangareddy,,17.2242,78.7084,4,polkampalli
IN,India,India,501508,Dandumailaram,Telangana,40,K.V.Rangareddy,537,Rangareddy,,17.208,78.5858,3,dandumailaram
IN,India,India,501508,Raipole,Telangana,40,K.V.Rangareddy,537,Rangareddy,,17.208,78.5858,3,raipole
IN,India,India,501508,Tadlapalliguda,Telangana,40,K.V.Rangareddy,537,Rangareddy,,17.208,78.5858,3,tadlapalliguda
IN,India,India,501508,Lingampalli,Telangana,40,K.V.Rangareddy,537,Rangareddy,,17.4865,78.317,4,lingampalli
IN,India,India,501508,Rangapur,Telangana,40,K.V.Rangareddy,537,Rangareddy,,17.1213,78.2923,4,rangapur
IN,India,India,501508,Japal,Telangana,40,K.V.Rangareddy,537,Rangareddy,,17.1201,78.7184,4,japal
IN,India,India,501509,Toolkhurd,Telangana,40,K.V.Rangareddy,537,Rangareddy,,17.1316,78.4112,3,toolkhurd
IN,India,India,501509,Akulamailaram,Telangana,40,K.V.Rangareddy,537,Rangareddy,,17.1316,78.4112,3,akulamailaram
IN,India,India,501509,Chintapatla,Telangana,40,K.V.Rangareddy,537,Rangareddy,,17.0134,78.7091,4,chintapatla
IN,India,India,501509,Yacharam,Telangana,40,K.V.Rangareddy,537,Rangareddy,,17.0448,78.6655,4,yacharam
IN,India,India,501509,Nandiwanaparthy,Telangana,40,K.V.Rangareddy,537,Rangareddy,,17.1316,78.4112,3,nandiwanaparthy
IN,India,India,501509,Chowderpalli,Telangana,40,K.V.Rangareddy,537,Rangareddy,,17.1316,78.4112,4,chowderpalli
IN,India,India,501509,Toolkalan,Telangana,40,K.V.Rangareddy,537,Rangareddy,,17.1316,78.4112,3,toolkalan
IN,India,India,501509,Tatiparthy,Telangana,40,K.V.Rangareddy,537,Rangareddy,,17.1316,78.4112,3,tatiparthy
IN,India,India,501509,Nazdiksingaram,Telangana,40,K.V.Rangareddy,537,Rangareddy,,17.1316,78.4112,3,nazdiksingaram
IN,India,India,501509,Mondigowrelli,Telangana,40,K.V.Rangareddy,537,Rangareddy,,17.1316,78.4112,3,mondigowrelli
IN,India,India,501509,Manthangowd Gowrelli,Telangana,40,K.V.Rangareddy,537,Rangareddy,,17.1316,78.4112,3,manthangowd-gowrelli
IN,India,India,501509,Meerkhanpet,Telangana,40,K.V.Rangareddy,537,Rangareddy,,17.1316,78.4112,3,meerkhanpet
IN,India,India,501509,Nallavalli,Telangana,40,K.V.Rangareddy,537,Rangareddy,,17.1316,78.4112,3,nallavalli
IN,India,India,501509,Kothapalli,Telangana,40,K.V.Rangareddy,537,Rangareddy,,17.1316,78.4112,4,kothapalli
IN,India,India,501509,Kurmidda,Telangana,40,K.V.Rangareddy,537,Rangareddy,,17.1316,78.4112,3,kurmidda
IN,India,India,501509,Medipalli,Telangana,40,K.V.Rangareddy,537,Rangareddy,,17.1316,78.4112,4,medipalli
IN,India,India,501510,Seriguda,Telangana,40,K.V.Rangareddy,537,Ibrahimpatnam,,17.4781,78.1936,4,seriguda
IN,India,India,501510,Ramdaspalli,Telangana,40,K.V.Rangareddy,537,Rangareddy,,17.2358,78.63,4,ramdaspalli
IN,India,India,501510,Mangalpalli,Telangana,40,K.V.Rangareddy,537,Rangareddy,,17.2108,78.5931,4,mangalpalli
IN,India,India,501510,Turkayamzal,Telangana,40,K.V.Rangareddy,537,Rangareddy,,17.2889,78.4901,3,turkayamzal
IN,India,India,501510,Vinjapur,Telangana,40,K.V.Rangareddy,537,Hayathnagar,,17.2889,78.4901,3,vinjapur
IN,India,India,501510,Kongarakalan,Telangana,40,K.V.Rangareddy,537,Rangareddy,,17.2889,78.4901,3,kongarakalan
IN,India,India,501510,Ragannaguda X Roads,Telangana,40,K.V.Rangareddy,537,Hayathnagar,,17.2889,78.4901,3,ragannaguda-x-roads
IN,India,India,501510,Nadergul,Telangana,40,K.V.Rangareddy,537,Rangareddy,,17.2889,78.4901,3,nadergul
IN,India,India,501510,Adibatla,Telangana,40,K.V.Rangareddy,537,Rangareddy,,17.2306,78.5435,4,adibatla
IN,India,India,501510,Kongaraviryla,Telangana,40,K.V.Rangareddy,537,Maheswaram,,17.2889,78.4901,3,kongaraviryla
IN,India,India,501511,Sanghinagar,Telangana,40,K.V.Rangareddy,537,Hayathnagar,,17.2827,78.6357,3,sanghinagar
IN,India,India,501511,Koheda,Telangana,40,K.V.Rangareddy,537,Rangareddy,,17.2827,78.6357,4,koheda
IN,India,India,501511,Torrur,Telangana,40,K.V.Rangareddy,537,Rangareddy,,17.2827,78.6357,3,torrur
IN,India,India,501512,Ramoji Film City,Telangana,40,K.V.Rangareddy,537,Hayathnagar,,17.2863,78.7099,3,ramoji-film-city
IN,India,India,501512,Batasingaram,Telangana,40,K.V.Rangareddy,537,Rangareddy,,17.3019,78.7267,4,batasingaram
IN,India,India,501512,Anajpur,Telangana,40,K.V.Rangareddy,537,Rangareddy,,17.2708,78.6932,4,anajpur
IN,India,India,509217,Sardarnagar,Telangana,40,K.V.Rangareddy,537,Farooqnagar,,17.0938,78.1657,4,sardarnagar
IN,India,India,509217,Shahabad (K.V.Rangareddy),Telangana,40,K.V.Rangareddy,537,Shahabad,,17.1624,78.1323,4,shahabad-k-v-rangareddy
IN,India,India,509217,Tallapally,Telangana,40,K.V.Rangareddy,537,Shahabad,,17.1281,78.149,3,tallapally
IN,India,India,509217,Hythabad,Telangana,40,K.V.Rangareddy,537,Shahabad,,17.1281,78.149,3,hythabad
IN,India,India,509325,Ameerpet,Telangana,40,K.V.Rangareddy,537,Maheswaram,,17.1316,78.4112,3,ameerpet
IN,India,India,509325,Kalwakole,Telangana,40,K.V.Rangareddy,537,Maheswaram,,17.1316,78.4112,3,kalwakole
IN,India,India,509325,Tondapally,Telangana,40,K.V.Rangareddy,537,Shamshabad,,17.1316,78.4112,3,tondapally
IN,India,India,509325,Dubbacherla,Telangana,40,K.V.Rangareddy,537,Maheswaram,,17.1316,78.4112,3,dubbacherla
IN,India,India,509335,Mothkur,Telangana,40,K.V.Rangareddy,537,NA,,17.1316,78.4112,4,mothkur
IN,India,India,509335,Peddawarval,Telangana,40,K.V.Rangareddy,537,NA,,17.1178,78.1434,3,peddawarval
IN,India,India,509339,Dadapur,Telangana,40,K.V.Rangareddy,537,NA,,17.1316,78.4112,3,dadapur
IN,India,India,509339,Vennached,Telangana,40,K.V.Rangareddy,537,NA,,17.1316,78.4112,3,vennached
IN,India,India,509358,Mucharla,Telangana,40,K.V.Rangareddy,537,Kandukur,,17.1316,78.4112,3,mucharla
IN,India,India,509371,Pagidial,Telangana,40,K.V.Rangareddy,537,NA,,17.1316,78.4112,3,pagidial
IN,India,India,509410,Manmarri,Telangana,40,K.V.Rangareddy,537,Shahabad,,17.0566,78.1161,3,manmarri
IN,India,India,509001,T.D. Gutta,Telangana,40,Mahabub Nagar,538,Mahbubnagar,,16.7915,77.9797,1,t-d-gutta
IN,India,India,509001,Hanumanpura,Telangana,40,Mahabub Nagar,538,Mahbubnagar,,16.7915,77.9797,1,hanumanpura
IN,India,India,509001,Veerannapet,Telangana,40,Mahabub Nagar,538,Mahbubnagar,,16.7915,77.9797,1,veerannapet
IN,India,India,509001,Osmangunj,Telangana,40,Mahabub Nagar,538,Mahbubnagar,,16.7915,77.9797,1,osmangunj
IN,India,India,509001,Pathapalamur,Telangana,40,Mahabub Nagar,538,Mahbubnagar,,16.7915,77.9797,1,pathapalamur
IN,India,India,509001,Mbn Rs,Telangana,40,Mahabub Nagar,538,Mahbubnagar,,16.7915,77.9797,1,mbn-rs
IN,India,India,509001,Mahabubnagar H.O,Telangana,40,Mahabub Nagar,538,Mahabubnagar H.o,,16.7915,77.9797,1,mahabubnagar-h-o
IN,India,India,509002,Yenugonda,Telangana,40,Mahabub Nagar,538,NA,,16.7567,78.0357,4,yenugonda
IN,India,India,509002,Ind. Estate,Telangana,40,Mahabub Nagar,538,Mahbubnagar,,16.7915,77.9797,3,ind-estate
IN,India,India,509002,Dharmapur,Telangana,40,Mahabub Nagar,538,NA,,16.7002,77.9556,4,dharmapur
IN,India,India,509002,Bandamedipally,Telangana,40,Mahabub Nagar,538,NA,,16.7915,77.9797,3,bandamedipally
IN,India,India,509002,Kodur,Telangana,40,Mahabub Nagar,538,NA,,16.6783,77.9241,4,kodur
IN,India,India,509002,Palkonda,Telangana,40,Mahabub Nagar,538,NA,,16.7915,77.9797,3,palkonda
IN,India,India,509002,Boyapally,Telangana,40,Mahabub Nagar,538,NA,,16.7915,77.9797,3,boyapally
IN,India,India,509002,Advi Venkatapur,Telangana,40,Mahabub Nagar,538,NA,,16.7915,77.9797,3,advi-venkatapur
IN,India,India,509002,Kothapet,Telangana,40,Mahabub Nagar,538,NA,,16.703,77.8097,3,kothapet
IN,India,India,509002,Yedira,Telangana,40,Mahabub Nagar,538,NA,,16.703,77.8097,4,yedira
IN,India,India,509102,Kudikilla,Telangana,40,Mahabub Nagar,538,Kollapur,,16.703,77.8097,3,kudikilla
IN,India,India,509102,Yettam,Telangana,40,Mahabub Nagar,538,Kodair,,16.703,77.8097,3,yettam
IN,India,India,509102,Yenmanbetla,Telangana,40,Mahabub Nagar,538,Kollapur,,16.703,77.8097,3,yenmanbetla
IN,India,India,509102,Yellur,Telangana,40,Mahabub Nagar,538,Kollapur,,16.703,77.8097,3,yellur
IN,India,India,509102,Singotam,Telangana,40,Mahabub Nagar,538,Kollapur,,16.703,77.8097,3,singotam
IN,India,India,509102,Narsayapally,Telangana,40,Mahabub Nagar,538,Kodair,,16.703,77.8097,3,narsayapally
IN,India,India,509102,Molachinthalapally,Telangana,40,Mahabub Nagar,538,Kollapur,,16.703,77.8097,3,molachinthalapally
IN,India,India,509102,Kondaraopally,Telangana,40,Mahabub Nagar,538,Kodair,,16.703,77.8097,3,kondaraopally
IN,India,India,509102,Kalwakole,Telangana,40,Mahabub Nagar,538,Peddakothapally,,16.703,77.8097,3,kalwakole
IN,India,India,509102,Janumpally,Telangana,40,Mahabub Nagar,538,Kodair,,16.703,77.8097,3,janumpally
IN,India,India,509102,Kodair,Telangana,40,Mahabub Nagar,538,Kodair,,16.703,77.8097,4,kodair
IN,India,India,509102,Kollapur,Telangana,40,Mahabub Nagar,538,Kollapur,,16.703,77.8097,4,kollapur
IN,India,India,509103,Wanaparthy H.O,Telangana,40,Mahabub Nagar,538,Wanaparthy,,16.703,77.8097,1,wanaparthy-h-o
IN,India,India,509104,Dagada,Telangana,40,Mahabub Nagar,538,Veepangandla,,16.703,77.8097,3,dagada
IN,India,India,509104,Ayyavaripally,Telangana,40,Mahabub Nagar,538,Pebbair,,16.703,77.8097,3,ayyavaripally
IN,India,India,509104,Miraspally,Telangana,40,Mahabub Nagar,538,Kothakota,,16.703,77.8097,3,miraspally
IN,India,India,509104,Vellatur,Telangana,40,Mahabub Nagar,538,Veepangandla,,16.703,77.8097,3,vellatur
IN,India,India,509104,Bekkem,Telangana,40,Mahabub Nagar,538,Veepangandla,,16.703,77.8097,3,bekkem
IN,India,India,509104,Yaparla,Telangana,40,Mahabub Nagar,538,Pebbair,,16.703,77.8097,3,yaparla
IN,India,India,509104,Peddamarur,Telangana,40,Mahabub Nagar,538,Veepangandla,,16.703,77.8097,3,peddamarur
IN,India,India,509104,Sugur,Telangana,40,Mahabub Nagar,538,Pebbair,,16.703,77.8097,4,sugur
IN,India,India,509104,Chinnamarur,Telangana,40,Mahabub Nagar,538,Veepangandla,,16.703,77.8097,3,chinnamarur
IN,India,India,509104,Pebbair,Telangana,40,Mahabub Nagar,538,Pebbair,,16.703,77.8097,3,pebbair
IN,India,India,509104,Nyetvally,Telangana,40,Mahabub Nagar,538,Kothakota,,16.703,77.8097,3,nyetvally
IN,India,India,509104,Laxmipally,Telangana,40,Mahabub Nagar,538,Veepangandla,,16.703,77.8097,3,laxmipally
IN,India,India,509104,Gummadam,Telangana,40,Mahabub Nagar,538,Pebbair,,16.703,77.8097,4,gummadam
IN,India,India,509104,Rangapur,Telangana,40,Mahabub Nagar,538,Pebbair,,16.703,77.8097,4,rangapur
IN,India,India,509104,Shakapur,Telangana,40,Mahabub Nagar,538,Pebbair,,16.5465,77.953,4,shakapur
IN,India,India,509104,Venkatapur,Telangana,40,Mahabub Nagar,538,Pebbair,,16.7574,77.9348,4,venkatapur
IN,India,India,509104,Ammayapally,Telangana,40,Mahabub Nagar,538,Veepangandla,,16.703,77.8097,3,ammayapally
IN,India,India,509105,Ayyavaripally,Telangana,40,Mahabub Nagar,538,NA,,16.703,77.8097,3,ayyavaripally
IN,India,India,509105,Gopalapuram,Telangana,40,Mahabub Nagar,538,Veepangandla,,16.806,78.1996,4,gopalapuram
IN,India,India,509105,Tumkunta,Telangana,40,Mahabub Nagar,538,Veepangandla,,16.703,77.8097,4,tumkunta
IN,India,India,509105,Malleswaram,Telangana,40,Mahabub Nagar,538,Kollapur,,16.703,77.8097,3,malleswaram
IN,India,India,509105,Venkatampally,Telangana,40,Mahabub Nagar,538,NA,,16.703,77.8097,3,venkatampally
IN,India,India,509105,Koppunur,Telangana,40,Mahabub Nagar,538,Veepangandla,,16.703,77.8097,3,koppunur
IN,India,India,509105,Chintalapally,Telangana,40,Mahabub Nagar,538,Kollapur,,16.703,77.8097,3,chintalapally
IN,India,India,509105,Sanginenipally,Telangana,40,Mahabub Nagar,538,Veepangandla,,16.703,77.8097,3,sanginenipally
IN,India,India,509105,Pentlavally,Telangana,40,Mahabub Nagar,538,Kollapur,,16.703,77.8097,3,pentlavally
IN,India,India,509105,Bollavaram,Telangana,40,Mahabub Nagar,538,Pangal,,16.703,77.8097,3,bollavaram
IN,India,India,509105,Veepangandla,Telangana,40,Mahabub Nagar,538,Veepangandla,,16.703,77.8097,3,veepangandla
IN,India,India,509105,Kondur,Telangana,40,Mahabub Nagar,538,Veepangandla,,16.703,77.8097,4,kondur
IN,India,India,509105,Jetaprole,Telangana,40,Mahabub Nagar,538,Veepangandla,,16.703,77.8097,3,jetaprole
IN,India,India,509105,Velgonda,Telangana,40,Mahabub Nagar,538,Veepangandla,,16.703,77.8097,3,velgonda
IN,India,India,509106,Savaigudem,Telangana,40,Mahabub Nagar,538,Wanapathy,,16.703,77.8097,1,savaigudem
IN,India,India,509106,Gandhichowk,Telangana,40,Mahabub Nagar,538,Wanapathy,,16.703,77.8097,1,gandhichowk
IN,India,India,509106,Manigilla,Telangana,40,Mahabub Nagar,538,Wanapathy,,16.703,77.8097,1,manigilla
IN,India,India,509106,Pedamanddadi,Telangana,40,Mahabub Nagar,538,Wanapathy,,16.703,77.8097,1,pedamanddadi
IN,India,India,509110,Konnur,Telangana,40,Mahabub Nagar,538,Kothakota,,16.703,77.8097,3,konnur
IN,India,India,509110,Ajjakole,Telangana,40,Mahabub Nagar,538,Kothakota,,16.8333,77.8796,3,ajjakole
IN,India,India,509110,Apparala,Telangana,40,Mahabub Nagar,538,Kothakota,,16.8333,77.8796,3,apparala
IN,India,India,509110,Alipur,Telangana,40,Mahabub Nagar,538,Cckunta,,16.7013,77.9808,4,alipur
IN,India,India,509110,Madanapuram,Telangana,40,Mahabub Nagar,538,Kothakota,,16.8333,77.8796,3,madanapuram
IN,India,India,509110,Maddur,Telangana,40,Mahabub Nagar,538,Cckunta,,16.8605,77.6124,4,maddur
IN,India,India,509110,Duppalli,Telangana,40,Mahabub Nagar,538,Cckunta,,16.8333,77.8796,3,duppalli
IN,India,India,509110,Dantanur,Telangana,40,Mahabub Nagar,538,Kothakota,,16.8333,77.8796,3,dantanur
IN,India,India,509110,C.Thirumalapuram,Telangana,40,Mahabub Nagar,538,NA,,16.8333,77.8796,3,c-thirumalapuram
IN,India,India,509110,Appampally,Telangana,40,Mahabub Nagar,538,Cckunta,,16.8333,77.8796,3,appampally
IN,India,India,509110,Ammapuram,Telangana,40,Mahabub Nagar,538,Cckunta,,16.9382,78.0455,4,ammapuram
IN,India,India,509120,Chandapur,Telangana,40,Mahabub Nagar,538,Wanaparthy,,16.703,77.8097,4,chandapur
IN,India,India,509120,Kanchiraopally,Telangana,40,Mahabub Nagar,538,Pebbair,,16.703,77.8097,3,kanchiraopally
IN,India,India,509120,Busireddypally,Telangana,40,Mahabub Nagar,538,Pangal,,16.703,77.8097,3,busireddypally
IN,India,India,509120,Gopulapuram,Telangana,40,Mahabub Nagar,538,Pangal,,16.703,77.8097,3,gopulapuram
IN,India,India,509120,Pangal,Telangana,40,Mahabub Nagar,538,Pangal,,16.703,77.8097,4,pangal
IN,India,India,509120,Dawajipally,Telangana,40,Mahabub Nagar,538,Pangal,,16.703,77.8097,3,dawajipally
IN,India,India,509120,Kethepally,Telangana,40,Mahabub Nagar,538,Pangal,,16.703,77.8097,3,kethepally
IN,India,India,509120,Shagapuram,Telangana,40,Mahabub Nagar,538,Pangal,,16.703,77.8097,3,shagapuram
IN,India,India,509120,Srirangapur,Telangana,40,Mahabub Nagar,538,Pebbair,,16.703,77.8097,4,srirangapur
IN,India,India,509120,Mahmadapur,Telangana,40,Mahabub Nagar,538,Pangal,,16.703,77.8097,3,mahmadapur
IN,India,India,509120,Kalwarala,Telangana,40,Mahabub Nagar,538,Pangal,,16.703,77.8097,4,kalwarala
IN,India,India,509120,Chintakunta,Telangana,40,Mahabub Nagar,538,Pangal,,16.9264,78.1522,4,chintakunta
IN,India,India,509125,Gadwal H.O,Telangana,40,Mahabub Nagar,538,Gadwal,,16.7398,78.1651,1,gadwal-h-o
IN,India,India,509126,Waddepalli,Telangana,40,Mahabub Nagar,538,NA,,16.703,77.8097,4,waddepalli
IN,India,India,509126,Ramapuram,Telangana,40,Mahabub Nagar,538,NA,,16.703,77.8097,4,ramapuram
IN,India,India,509126,Peddatandrapad,Telangana,40,Mahabub Nagar,538,NA,,16.703,77.8097,3,peddatandrapad
IN,India,India,509126,Rajoli (Mahabub Nagar),Telangana,40,Mahabub Nagar,538,NA,,16.5035,77.8348,4,rajoli-mahabub-nagar
IN,India,India,509126,Kovaldinne,Telangana,40,Mahabub Nagar,538,NA,,16.703,77.8097,3,kovaldinne
IN,India,India,509126,Shantinagar,Telangana,40,Mahabub Nagar,538,Mahabub Nagar,,16.703,77.8097,4,shantinagar
IN,India,India,509126,Konkal,Telangana,40,Mahabub Nagar,538,NA,,16.703,77.8097,3,konkal
IN,India,India,509126,Julaikal,Telangana,40,Mahabub Nagar,538,NA,,16.703,77.8097,3,julaikal
IN,India,India,509126,Chagapur,Telangana,40,Mahabub Nagar,538,NA,,16.703,77.8097,3,chagapur
IN,India,India,509126,Paipadu,Telangana,40,Mahabub Nagar,538,NA,,16.703,77.8097,4,paipadu
IN,India,India,509127,Eklaspur,Telangana,40,Mahabub Nagar,538,NA,,16.703,77.8097,4,eklaspur
IN,India,India,509127,Ieeja,Telangana,40,Mahabub Nagar,538,NA,,16.703,77.8097,4,ieeja
IN,India,India,509127,Vitalapur,Telangana,40,Mahabub Nagar,538,NA,,16.9364,77.4965,4,vitalapur
IN,India,India,509127,Tatikunta,Telangana,40,Mahabub Nagar,538,NA,,16.8417,77.8547,3,tatikunta
IN,India,India,509127,Uttanur,Telangana,40,Mahabub Nagar,538,NA,,16.8417,77.8547,3,uttanur
IN,India,India,509127,Mittadoddi,Telangana,40,Mahabub Nagar,538,NA,,16.8417,77.8547,3,mittadoddi
IN,India,India,509127,Medikonda,Telangana,40,Mahabub Nagar,538,NA,,16.8417,77.8547,3,medikonda
IN,India,India,509127,Bingidoddi,Telangana,40,Mahabub Nagar,538,NA,,16.8417,77.8547,3,bingidoddi
IN,India,India,509127,Pulikallu,Telangana,40,Mahabub Nagar,538,NA,,16.703,77.8097,4,pulikallu
IN,India,India,509127,Chagadona,Telangana,40,Mahabub Nagar,538,NA,,16.8417,77.8547,3,chagadona
IN,India,India,509128,Peddadinne,Telangana,40,Mahabub Nagar,538,NA,,16.703,77.8097,4,peddadinne
IN,India,India,509128,Manavapad,Telangana,40,Mahabub Nagar,538,NA,,16.703,77.8097,3,manavapad
IN,India,India,509128,Peddapothulapad,Telangana,40,Mahabub Nagar,538,NA,,16.703,77.8097,3,peddapothulapad
IN,India,India,509128,Puttandoddi,Telangana,40,Mahabub Nagar,538,NA,,16.703,77.8097,4,puttandoddi
IN,India,India,509128,Peddamamidala Padu,Telangana,40,Mahabub Nagar,538,NA,,16.703,77.8097,3,peddamamidala-padu
IN,India,India,509128,Itkyala,Telangana,40,Mahabub Nagar,538,NA,,16.703,77.8097,3,itkyala
IN,India,India,509128,Korvipad,Telangana,40,Mahabub Nagar,538,NA,,16.703,77.8097,3,korvipad
IN,India,India,509128,Pallepad,Telangana,40,Mahabub Nagar,538,NA,,16.703,77.8097,3,pallepad
IN,India,India,509128,Satarla,Telangana,40,Mahabub Nagar,538,NA,,16.703,77.8097,3,satarla
IN,India,India,509128,Bonkur,Telangana,40,Mahabub Nagar,538,NA,,16.703,77.8097,3,bonkur
IN,India,India,509128,Kalakuntla,Telangana,40,Mahabub Nagar,538,NA,,16.703,77.8097,3,kalakuntla
IN,India,India,509128,Chennipad,Telangana,40,Mahabub Nagar,538,NA,,16.703,77.8097,3,chennipad
IN,India,India,509128,Vallur,Telangana,40,Mahabub Nagar,538,NA,,16.8042,78.0793,4,vallur
IN,India,India,509128,Udandapur,Telangana,40,Mahabub Nagar,538,NA,,16.8097,78.0668,4,udandapur
IN,India,India,509128,Dharmavaram,Telangana,40,Mahabub Nagar,538,NA,,16.703,77.8097,4,dharmavaram
IN,India,India,509128,Vemula,Telangana,40,Mahabub Nagar,538,NA,,16.7847,78.3187,4,vemula
IN,India,India,509129,Erikichedu,Telangana,40,Mahabub Nagar,538,NA,,16.703,77.8097,3,erikichedu
IN,India,India,509129,Boyagudem,Telangana,40,Mahabub Nagar,538,NA,,16.703,77.8097,4,boyagudem
IN,India,India,509129,Kancherla,Telangana,40,Mahabub Nagar,538,NA,,16.703,77.8097,4,kancherla
IN,India,India,509129,Tottinon Doddi,Telangana,40,Mahabub Nagar,538,NA,,16.703,77.8097,3,tottinon-doddi
IN,India,India,509129,Sindhanoor,Telangana,40,Mahabub Nagar,538,NA,,16.703,77.8097,3,sindhanoor
IN,India,India,509129,Nandinne,Telangana,40,Mahabub Nagar,538,NA,,16.703,77.8097,3,nandinne
IN,India,India,509129,Induvasi,Telangana,40,Mahabub Nagar,538,NA,,16.703,77.8097,3,induvasi
IN,India,India,509129,Gorlakhan Doddi,Telangana,40,Mahabub Nagar,538,NA,,16.703,77.8097,3,gorlakhan-doddi
IN,India,India,509129,Macherla (Mahabub Nagar),Telangana,40,Mahabub Nagar,538,NA,,16.703,77.8097,3,macherla-mahabub-nagar
IN,India,India,509129,Chintalkunta,Telangana,40,Mahabub Nagar,538,NA,,16.703,77.8097,4,chintalkunta
IN,India,India,509129,Ghattu,Telangana,40,Mahabub Nagar,538,NA,,16.703,77.8097,3,ghattu
IN,India,India,509130,Narva,Telangana,40,Mahabub Nagar,538,NA,,16.4781,77.677,4,narva
IN,India,India,509130,Irladinne,Telangana,40,Mahabub Nagar,538,NA,,16.703,77.8097,4,irladinne
IN,India,India,509130,Lankal,Telangana,40,Mahabub Nagar,538,NA,,16.4734,77.6996,4,lankal
IN,India,India,509130,Yamki,Telangana,40,Mahabub Nagar,538,NA,,16.4517,77.6961,4,yamki
IN,India,India,509130,Amerchinta,Telangana,40,Mahabub Nagar,538,NA,,16.4424,77.6883,3,amerchinta
IN,India,India,509130,Mastipur,Telangana,40,Mahabub Nagar,538,NA,,16.4424,77.6883,3,mastipur
IN,India,India,509130,Kadmoor,Telangana,40,Mahabub Nagar,538,NA,,16.4424,77.6883,3,kadmoor
IN,India,India,509130,Undiyal,Telangana,40,Mahabub Nagar,538,NA,,16.4424,77.6883,3,undiyal
IN,India,India,509130,Nagal Kadmoor,Telangana,40,Mahabub Nagar,538,NA,,16.4424,77.6883,3,nagal-kadmoor
IN,India,India,509131,Gopanpet,Telangana,40,Mahabub Nagar,538,NA,,16.703,77.8097,3,gopanpet
IN,India,India,509131,Thipdampally,Telangana,40,Mahabub Nagar,538,NA,,16.703,77.8097,3,thipdampally
IN,India,India,509131,Atmakur So (A),Telangana,40,Mahabub Nagar,538,NA,,16.703,77.8097,3,atmakur-so-a
IN,India,India,509131,Motlampally,Telangana,40,Mahabub Nagar,538,NA,,16.703,77.8097,3,motlampally
IN,India,India,509131,Juriyala,Telangana,40,Mahabub Nagar,538,NA,,16.703,77.8097,3,juriyala
IN,India,India,509131,Mulamalla,Telangana,40,Mahabub Nagar,538,NA,,16.703,77.8097,3,mulamalla
IN,India,India,509131,Chinta Kunta Kurd,Telangana,40,Mahabub Nagar,538,NA,,16.703,77.8097,3,chinta-kunta-kurd
IN,India,India,509131,Arepally,Telangana,40,Mahabub Nagar,538,NA,,16.703,77.8097,3,arepally
IN,India,India,509131,Rechintala,Telangana,40,Mahabub Nagar,538,NA,,16.703,77.8097,3,rechintala
IN,India,India,509131,Nandimalla,Telangana,40,Mahabub Nagar,538,NA,,16.703,77.8097,4,nandimalla
IN,India,India,509132,Penchikalpadu,Telangana,40,Mahabub Nagar,538,NA,,16.703,77.8097,4,penchikalpadu
IN,India,India,509132,Aragidda,Telangana,40,Mahabub Nagar,538,NA,,16.703,77.8097,3,aragidda
IN,India,India,509132,Maddelabanda,Telangana,40,Mahabub Nagar,538,NA,,16.703,77.8097,3,maddelabanda
IN,India,India,509132,Bijwar,Telangana,40,Mahabub Nagar,538,NA,,16.703,77.8097,3,bijwar
IN,India,India,509132,Thummala Chervu,Telangana,40,Mahabub Nagar,538,NA,,16.703,77.8097,3,thummala-chervu
IN,India,India,509132,Palvoi,Telangana,40,Mahabub Nagar,538,NA,,16.703,77.8097,3,palvoi
IN,India,India,509132,Muldakal,Telangana,40,Mahabub Nagar,538,NA,,16.703,77.8097,3,muldakal
IN,India,India,509132,Alur,Telangana,40,Mahabub Nagar,538,NA,,16.7244,78.1252,4,alur
IN,India,India,509132,Amervoi,Telangana,40,Mahabub Nagar,538,NA,,16.703,77.8097,3,amervoi
IN,India,India,509132,Yelkur,Telangana,40,Mahabub Nagar,538,NA,,16.703,77.8097,4,yelkur
IN,India,India,509133,Mannapur,Telangana,40,Mahabub Nagar,538,NA,,16.8259,77.7013,4,mannapur
IN,India,India,509133,Atmakur,Telangana,40,Mahabub Nagar,538,NA,,16.703,77.8097,4,atmakur
IN,India,India,509133,Marlabeed,Telangana,40,Mahabub Nagar,538,NA,,16.4204,77.6893,3,marlabeed
IN,India,India,509133,Thimmapur,Telangana,40,Mahabub Nagar,538,NA,,16.4204,77.6893,3,thimmapur
IN,India,India,509133,Krishna Nagar (Mahabub Nagar),Telangana,40,Mahabub Nagar,538,Gadwal,,16.4204,77.6893,3,krishna-nagar-mahabub-nagar
IN,India,India,509133,Mulkalpally,Telangana,40,Mahabub Nagar,538,NA,,16.4204,77.6893,3,mulkalpally
IN,India,India,509133,Kothapally,Telangana,40,Mahabub Nagar,538,NA,,16.4204,77.6893,3,kothapally
IN,India,India,509133,Oppair,Telangana,40,Mahabub Nagar,538,NA,,16.4204,77.6893,3,oppair
IN,India,India,509133,Parmal,Telangana,40,Mahabub Nagar,538,NA,,16.4204,77.6893,3,parmal
IN,India,India,509133,Ryalam Pahad,Telangana,40,Mahabub Nagar,538,NA,,16.4204,77.6893,3,ryalam-pahad
IN,India,India,509133,Pathapalem,Telangana,40,Mahabub Nagar,538,NA,,16.4204,77.6893,3,pathapalem
IN,India,India,509133,Kondapally,Telangana,40,Mahabub Nagar,538,NA,,16.4204,77.6893,3,kondapally
IN,India,India,509133,Kakulavaram,Telangana,40,Mahabub Nagar,538,NA,,16.4204,77.6893,3,kakulavaram
IN,India,India,509133,Jammiched,Telangana,40,Mahabub Nagar,538,NA,,16.4204,77.6893,3,jammiched
IN,India,India,509133,Beerole,Telangana,40,Mahabub Nagar,538,NA,,16.4204,77.6893,3,beerole
IN,India,India,509133,Chintareval,Telangana,40,Mahabub Nagar,538,NA,,16.4204,77.6893,3,chintareval
IN,India,India,509133,Beechpally,Telangana,40,Mahabub Nagar,538,NA,,16.4204,77.6893,3,beechpally
IN,India,India,509133,Ananthapur,Telangana,40,Mahabub Nagar,538,NA,,16.4204,77.6893,3,ananthapur
IN,India,India,509133,Nettampahad,Telangana,40,Mahabub Nagar,538,NA,,16.4204,77.6893,3,nettampahad
IN,India,India,509133,Alwalpad,Telangana,40,Mahabub Nagar,538,NA,,16.4204,77.6893,3,alwalpad
IN,India,India,509133,Priyadarshini Juriyala Project,Telangana,40,Mahabub Nagar,538,Dharur,,16.4204,77.6893,3,priyadarshini-juriyala-project
IN,India,India,509133,Kondair,Telangana,40,Mahabub Nagar,538,NA,,16.4204,77.6893,3,kondair
IN,India,India,509133,Dharur,Telangana,40,Mahabub Nagar,538,NA,,16.703,77.8097,4,dharur
IN,India,India,509133,Pagunta,Telangana,40,Mahabub Nagar,538,NA,,16.703,77.8097,4,pagunta
IN,India,India,509133,Poodur,Telangana,40,Mahabub Nagar,538,NA,,16.703,77.8097,3,poodur
IN,India,India,509135,Mandoddi,Telangana,40,Mahabub Nagar,538,NA,,16.703,77.8097,3,mandoddi
IN,India,India,509135,Tangal,Telangana,40,Mahabub Nagar,538,NA,,16.703,77.8097,3,tangal
IN,India,India,509135,Uppal Camp,Telangana,40,Mahabub Nagar,538,NA,,16.703,77.8097,3,uppal-camp
IN,India,India,509135,Uppal,Telangana,40,Mahabub Nagar,538,NA,,16.703,77.8097,4,uppal
IN,India,India,509135,Yapadinne,Telangana,40,Mahabub Nagar,538,NA,,16.703,77.8097,4,yapadinne
IN,India,India,509135,Chinna Tandrapad,Telangana,40,Mahabub Nagar,538,NA,,16.703,77.8097,3,chinna-tandrapad
IN,India,India,509135,Peddatandrapad,Telangana,40,Mahabub Nagar,538,NA,,16.703,77.8097,3,peddatandrapad
IN,India,India,509152,Alampur (Mahabub Nagar),Telangana,40,Mahabub Nagar,538,NA,,16.703,77.8097,4,alampur-mahabub-nagar
IN,India,India,509152,Baswapur,Telangana,40,Mahabub Nagar,538,NA,,16.703,77.8097,4,baswapur
IN,India,India,509152,Gundimalla,Telangana,40,Mahabub Nagar,538,NA,,16.703,77.8097,3,gundimalla
IN,India,India,509152,Bukkapur,Telangana,40,Mahabub Nagar,538,NA,,16.703,77.8097,3,bukkapur
IN,India,India,509152,Singwar,Telangana,40,Mahabub Nagar,538,NA,,16.703,77.8097,3,singwar
IN,India,India,509153,Undavelly,Telangana,40,Mahabub Nagar,538,NA,,16.703,77.8097,1,undavelly
IN,India,India,509153,Takkasila,Telangana,40,Mahabub Nagar,538,NA,,16.703,77.8097,1,takkasila
IN,India,India,509153,Pullur,Telangana,40,Mahabub Nagar,538,NA,,16.703,77.8097,1,pullur
IN,India,India,509153,Pragatur,Telangana,40,Mahabub Nagar,538,NA,,16.703,77.8097,1,pragatur
IN,India,India,509153,Marmungal,Telangana,40,Mahabub Nagar,538,NA,,16.703,77.8097,1,marmungal
IN,India,India,509153,Linganvai,Telangana,40,Mahabub Nagar,538,NA,,16.703,77.8097,1,linganvai
IN,India,India,509153,Kyathur,Telangana,40,Mahabub Nagar,538,NA,,16.703,77.8097,1,kyathur
IN,India,India,509153,Jallapur,Telangana,40,Mahabub Nagar,538,NA,,16.703,77.8097,1,jallapur
IN,India,India,509153,Itkyalapad,Telangana,40,Mahabub Nagar,538,NA,,16.703,77.8097,1,itkyalapad
IN,India,India,509201,Vankeswaram,Telangana,40,Mahabub Nagar,538,Amrabad,,16.703,77.8097,3,vankeswaram
IN,India,India,509201,Udimilla,Telangana,40,Mahabub Nagar,538,Amrabad,,16.703,77.8097,3,udimilla
IN,India,India,509201,Turkaplly,Telangana,40,Mahabub Nagar,538,Amrabad,,16.703,77.8097,3,turkaplly
IN,India,India,509201,Thirumalapuram,Telangana,40,Mahabub Nagar,538,Amrabad,,16.703,77.8097,3,thirumalapuram
IN,India,India,509201,Padara,Telangana,40,Mahabub Nagar,538,Amrabad,,16.703,77.8097,3,padara
IN,India,India,509201,Maredu,Telangana,40,Mahabub Nagar,538,Amrabad,,16.703,77.8097,3,maredu
IN,India,India,509201,Chitlamkunta,Telangana,40,Mahabub Nagar,538,Amrabad,,16.703,77.8097,3,chitlamkunta
IN,India,India,509201,Amrabad,Telangana,40,Mahabub Nagar,538,Amrabad,,16.703,77.8097,4,amrabad
IN,India,India,509201,Laxmapur,Telangana,40,Mahabub Nagar,538,Amrabad,,16.703,77.8097,3,laxmapur
IN,India,India,509201,Ippalapally,Telangana,40,Mahabub Nagar,538,Amrabad,,16.703,77.8097,3,ippalapally
IN,India,India,509201,Madhavanipally,Telangana,40,Mahabub Nagar,538,Amrabad,,16.703,77.8097,3,madhavanipally
IN,India,India,509201,Kummaronipally,Telangana,40,Mahabub Nagar,538,Amrabad,,16.703,77.8097,3,kummaronipally
IN,India,India,509201,Jangamreddypally,Telangana,40,Mahabub Nagar,538,Amrabad,,16.703,77.8097,3,jangamreddypally
IN,India,India,509201,Mannanur,Telangana,40,Mahabub Nagar,538,Amrabad,,16.703,77.8097,3,mannanur
IN,India,India,509201,Maddimadugu,Telangana,40,Mahabub Nagar,538,Amrabad,,16.703,77.8097,4,maddimadugu
IN,India,India,509201,Macharam,Telangana,40,Mahabub Nagar,538,Amrabad,,16.8075,78.1466,4,macharam
IN,India,India,509202,Annaram,Telangana,40,Mahabub Nagar,538,Farooqnagar,,16.703,77.8097,4,annaram
IN,India,India,509202,Pomalpally,Telangana,40,Mahabub Nagar,538,Keshampet,,16.9571,78.1412,3,pomalpally
IN,India,India,509202,Rajapur,Telangana,40,Mahabub Nagar,538,Balanagar,,16.865,78.1605,4,rajapur
IN,India,India,509202,Kollur,Telangana,40,Mahabub Nagar,538,Balanagar,,16.703,77.8097,4,kollur
IN,India,India,509202,Balanagar,Telangana,40,Mahabub Nagar,538,Balanagar,,16.9495,78.1831,4,balanagar
IN,India,India,509202,Kucherkal,Telangana,40,Mahabub Nagar,538,Balanagar,,16.9571,78.1412,3,kucherkal
IN,India,India,509202,Yemmajipur,Telangana,40,Mahabub Nagar,538,Balanagar,,16.9571,78.1412,3,yemmajipur
IN,India,India,509202,Burgula,Telangana,40,Mahabub Nagar,538,Farooqnagar,,16.9571,78.1412,3,burgula
IN,India,India,509202,Rayakal,Telangana,40,Mahabub Nagar,538,Farooqnagar,,16.9571,78.1412,3,rayakal
IN,India,India,509202,Chowdur,Telangana,40,Mahabub Nagar,538,NA,,16.9571,78.1412,3,chowdur
IN,India,India,509202,Madhurapuram,Telangana,40,Mahabub Nagar,538,Farooqnagar,,16.9571,78.1412,3,madhurapuram
IN,India,India,509202,Mothighanapur,Telangana,40,Mahabub Nagar,538,Balanagar,,16.9571,78.1412,3,mothighanapur
IN,India,India,509202,Pomal,Telangana,40,Mahabub Nagar,538,Balanagar,,16.9571,78.1412,3,pomal
IN,India,India,509202,Rangareddyguda,Telangana,40,Mahabub Nagar,538,Balanagar,,16.9571,78.1412,3,rangareddyguda
IN,India,India,509202,Udithyala,Telangana,40,Mahabub Nagar,538,Balanagar,,16.9571,78.1412,3,udithyala
IN,India,India,509202,Gunded,Telangana,40,Mahabub Nagar,538,Balanagar,,16.9571,78.1412,3,gunded
IN,India,India,509203,Velgonda,Telangana,40,Mahabub Nagar,538,Bijnapally,,16.703,77.8097,3,velgonda
IN,India,India,509203,Manganoor,Telangana,40,Mahabub Nagar,538,Bijnapally,,16.703,77.8097,3,manganoor
IN,India,India,509203,Mahadeanpet,Telangana,40,Mahabub Nagar,538,Bijnapally,,16.703,77.8097,3,mahadeanpet
IN,India,India,509203,Latpally,Telangana,40,Mahabub Nagar,538,Bijnapally,,16.703,77.8097,3,latpally
IN,India,India,509203,Polepally,Telangana,40,Mahabub Nagar,538,Bijnapally,,16.703,77.8097,3,polepally
IN,India,India,509203,Vattem,Telangana,40,Mahabub Nagar,538,Bijnapally,,16.703,77.8097,3,vattem
IN,India,India,509203,Bijnapally,Telangana,40,Mahabub Nagar,538,Bijnapally,,16.703,77.8097,3,bijnapally
IN,India,India,509203,Shayanpally,Telangana,40,Mahabub Nagar,538,Bijnapally,,16.703,77.8097,3,shayanpally
IN,India,India,509203,Gangaram,Telangana,40,Mahabub Nagar,538,Bijnapally,,16.703,77.8097,4,gangaram
IN,India,India,509204,Kotakadra,Telangana,40,Mahabub Nagar,538,NA,,16.899,77.966,3,kotakadra
IN,India,India,509204,Gotur,Telangana,40,Mahabub Nagar,538,NA,,16.6803,77.7626,4,gotur
IN,India,India,509204,Jingirala,Telangana,40,Mahabub Nagar,538,NA,,16.899,77.966,3,jingirala
IN,India,India,509204,Gaddegudem,Telangana,40,Mahabub Nagar,538,NA,,16.899,77.966,3,gaddegudem
IN,India,India,509204,Chowdarpalli,Telangana,40,Mahabub Nagar,538,NA,,16.899,77.966,3,chowdarpalli
IN,India,India,509204,Koilsagar,Telangana,40,Mahabub Nagar,538,NA,,16.6982,77.7786,4,koilsagar
IN,India,India,509204,Devarkadra,Telangana,40,Mahabub Nagar,538,NA,,16.6209,77.8424,4,devarkadra
IN,India,India,509204,Nagaram,Telangana,40,Mahabub Nagar,538,NA,,16.6626,77.7962,4,nagaram
IN,India,India,509204,Dokur,Telangana,40,Mahabub Nagar,538,NA,,16.5932,77.8585,4,dokur
IN,India,India,509204,Pusalpahad,Telangana,40,Mahabub Nagar,538,NA,,16.703,77.8097,4,pusalpahad
IN,India,India,509204,Baswaipalli,Telangana,40,Mahabub Nagar,538,NA,,16.703,77.8097,4,baswaipalli
IN,India,India,509204,Manikonda,Telangana,40,Mahabub Nagar,538,NA,,16.7167,77.8906,4,manikonda
IN,India,India,509204,Kistapur,Telangana,40,Mahabub Nagar,538,NA,,16.6892,77.7264,4,kistapur
IN,India,India,509204,Machanpalli,Telangana,40,Mahabub Nagar,538,NA,,16.6948,77.8895,4,machanpalli
IN,India,India,509205,Mandipalli,Telangana,40,Mahabub Nagar,538,NA,,16.6193,77.679,4,mandipalli
IN,India,India,509205,Gunumukla,Telangana,40,Mahabub Nagar,538,NA,,16.6307,77.6381,3,gunumukla
IN,India,India,509205,Kollampalli,Telangana,40,Mahabub Nagar,538,NA,,16.6307,77.6381,3,kollampalli
IN,India,India,509205,Bijwar,Telangana,40,Mahabub Nagar,538,NA,,16.6307,77.6381,3,bijwar
IN,India,India,509205,Nidgurthy,Telangana,40,Mahabub Nagar,538,NA,,16.6307,77.6381,3,nidgurthy
IN,India,India,509205,Jatram Kalan,Telangana,40,Mahabub Nagar,538,NA,,16.6307,77.6381,3,jatram-kalan
IN,India,India,509205,Dhanwada,Telangana,40,Mahabub Nagar,538,NA,,16.6374,77.6557,4,dhanwada
IN,India,India,509205,Gudigandla,Telangana,40,Mahabub Nagar,538,NA,,16.5739,77.6345,4,gudigandla
IN,India,India,509205,Chinna Jatram,Telangana,40,Mahabub Nagar,538,NA,,16.6923,77.5833,4,chinna-jatram
IN,India,India,509206,Keshampet,Telangana,40,Mahabub Nagar,538,Gopalpet,,16.703,77.8097,4,keshampet
IN,India,India,509206,Rajapur,Telangana,40,Mahabub Nagar,538,Kodair,,16.865,78.1605,4,rajapur
IN,India,India,509206,Yedutla,Telangana,40,Mahabub Nagar,538,Gopalpet,,16.703,77.8097,4,yedutla
IN,India,India,509206,Tatiparthy,Telangana,40,Mahabub Nagar,538,Gopalpet,,16.703,77.8097,3,tatiparthy
IN,India,India,509206,Machupally,Telangana,40,Mahabub Nagar,538,Kodair,,16.703,77.8097,3,machupally
IN,India,India,509206,Singayapally,Telangana,40,Mahabub Nagar,538,Kodair,,16.703,77.8097,3,singayapally
IN,India,India,509206,Yedula,Telangana,40,Mahabub Nagar,538,Gopalpet,,16.703,77.8097,3,yedula
IN,India,India,509206,Remadla,Telangana,40,Mahabub Nagar,538,Pangal,,16.703,77.8097,3,remadla
IN,India,India,509206,Polkepahad,Telangana,40,Mahabub Nagar,538,Gopalpet,,16.703,77.8097,3,polkepahad
IN,India,India,509206,Pamireddipally,Telangana,40,Mahabub Nagar,538,Pedda Mandadi,,16.703,77.8097,3,pamireddipally
IN,India,India,509206,Nagulapally,Telangana,40,Mahabub Nagar,538,Kodair,,16.703,77.8097,3,nagulapally
IN,India,India,509206,Muthireddypally,Telangana,40,Mahabub Nagar,538,Kodair,,16.703,77.8097,3,muthireddypally
IN,India,India,509206,Munnanoor,Telangana,40,Mahabub Nagar,538,Gopalpet,,16.703,77.8097,3,munnanoor
IN,India,India,509206,Gopalpet,Telangana,40,Mahabub Nagar,538,Gopalpet,,16.703,77.8097,4,gopalpet
IN,India,India,509206,Kadirepahad,Telangana,40,Mahabub Nagar,538,Kodair,,16.703,77.8097,3,kadirepahad
IN,India,India,509206,J.Thirumalapuram,Telangana,40,Mahabub Nagar,538,Gopalpet,,16.703,77.8097,3,j-thirumalapuram
IN,India,India,509206,Chimanguntapally,Telangana,40,Mahabub Nagar,538,Wanaparthy,,16.703,77.8097,3,chimanguntapally
IN,India,India,509206,Buddaram,Telangana,40,Mahabub Nagar,538,Gopalpet,,16.703,77.8097,3,buddaram
IN,India,India,509206,Chityal,Telangana,40,Mahabub Nagar,538,Wanaparthy,,16.703,77.8097,4,chityal
IN,India,India,509206,Chennaram,Telangana,40,Mahabub Nagar,538,Gopalpet,,16.703,77.8097,4,chennaram
IN,India,India,509207,Kondurgu,Telangana,40,Mahabub Nagar,538,Kondurgu,,16.703,77.8097,3,kondurgu
IN,India,India,509207,Thummalapally,Telangana,40,Mahabub Nagar,538,Kondurgu,,16.703,77.8097,3,thummalapally
IN,India,India,509207,Tangellapally,Telangana,40,Mahabub Nagar,538,Kondurgu,,16.703,77.8097,3,tangellapally
IN,India,India,509207,Mutpur,Telangana,40,Mahabub Nagar,538,Kondurgu,,16.703,77.8097,3,mutpur
IN,India,India,509207,Chowdergudem,Telangana,40,Mahabub Nagar,538,Kondurgu,,16.703,77.8097,3,chowdergudem
IN,India,India,509207,Agrial,Telangana,40,Mahabub Nagar,538,Kondurgu,,16.703,77.8097,3,agrial
IN,India,India,509207,Yedra,Telangana,40,Mahabub Nagar,538,Kondurgu,,16.703,77.8097,3,yedra
IN,India,India,509207,Uttaraspally,Telangana,40,Mahabub Nagar,538,Kondurgu,,16.703,77.8097,3,uttaraspally
IN,India,India,509207,Yelkicherla,Telangana,40,Mahabub Nagar,538,Kondurgu,,16.703,77.8097,4,yelkicherla
IN,India,India,509208,Rudrasamudram,Telangana,40,Mahabub Nagar,538,NA,,16.4658,77.5506,4,rudrasamudram
IN,India,India,509208,Anugonda,Telangana,40,Mahabub Nagar,538,NA,,16.3594,77.6094,4,anugonda
IN,India,India,509208,Mustipalli,Telangana,40,Mahabub Nagar,538,NA,,16.703,77.8097,4,mustipalli
IN,India,India,509208,Karni,Telangana,40,Mahabub Nagar,538,NA,,16.4378,77.5346,4,karni
IN,India,India,509208,Sangambanda,Telangana,40,Mahabub Nagar,538,NA,,16.5293,77.4767,4,sangambanda
IN,India,India,509208,Chandapur,Telangana,40,Mahabub Nagar,538,NA,,16.703,77.8097,4,chandapur
IN,India,India,509208,Panchalingal,Telangana,40,Mahabub Nagar,538,NA,,16.4084,77.5661,4,panchalingal
IN,India,India,509208,Kalwal,Telangana,40,Mahabub Nagar,538,NA,,16.703,77.8097,3,kalwal
IN,India,India,509208,Wadwat,Telangana,40,Mahabub Nagar,538,NA,,16.703,77.8097,3,wadwat
IN,India,India,509208,Ujjali,Telangana,40,Mahabub Nagar,538,NA,,16.703,77.8097,3,ujjali
IN,India,India,509208,Panchdev Pahad,Telangana,40,Mahabub Nagar,538,NA,,16.703,77.8097,3,panchdev-pahad
IN,India,India,509208,Maganur,Telangana,40,Mahabub Nagar,538,NA,,16.703,77.8097,3,maganur
IN,India,India,509208,Satyawar,Telangana,40,Mahabub Nagar,538,NA,,16.703,77.8097,3,satyawar
IN,India,India,509208,Dasardoddi,Telangana,40,Mahabub Nagar,538,NA,,16.703,77.8097,3,dasardoddi
IN,India,India,509208,Neredgaon,Telangana,40,Mahabub Nagar,538,NA,,16.703,77.8097,3,neredgaon
IN,India,India,509208,Warkur,Telangana,40,Mahabub Nagar,538,NA,,16.703,77.8097,3,warkur
IN,India,India,509208,Makthal,Telangana,40,Mahabub Nagar,538,NA,,16.703,77.8097,3,makthal
IN,India,India,509208,Chityala,Telangana,40,Mahabub Nagar,538,NA,,16.703,77.8097,3,chityala
IN,India,India,509209,Wanapatla,Telangana,40,Mahabub Nagar,538,Nagarkurnool,,16.703,77.8097,3,wanapatla
IN,India,India,509209,Nallavelly,Telangana,40,Mahabub Nagar,538,Nagarkurnool,,16.703,77.8097,3,nallavelly
IN,India,India,509209,Sirsawada,Telangana,40,Mahabub Nagar,538,Tadoor,,16.703,77.8097,3,sirsawada
IN,India,India,509209,Tadoor,Telangana,40,Mahabub Nagar,538,Tadoor,,16.703,77.8097,3,tadoor
IN,India,India,509209,Uyyalawada,Telangana,40,Mahabub Nagar,538,Nagarkurnool,,16.703,77.8097,3,uyyalawada
IN,India,India,509209,Papagal,Telangana,40,Mahabub Nagar,538,Tadoor,,16.703,77.8097,4,papagal
IN,India,India,509209,Naganool,Telangana,40,Mahabub Nagar,538,Nagarkurnool,,16.703,77.8097,3,naganool
IN,India,India,509209,Yadireddypally,Telangana,40,Mahabub Nagar,538,Tadoor,,16.703,77.8097,3,yadireddypally
IN,India,India,509209,Yendabetla,Telangana,40,Mahabub Nagar,538,Nagarkurnool,,16.703,77.8097,3,yendabetla
IN,India,India,509209,Guntakodur,Telangana,40,Mahabub Nagar,538,Thadoor,,16.703,77.8097,3,guntakodur
IN,India,India,509209,Indrakal,Telangana,40,Mahabub Nagar,538,Tadoor,,16.703,77.8097,3,indrakal
IN,India,India,509209,Chandubatla,Telangana,40,Mahabub Nagar,538,Nagarkurnool,,16.703,77.8097,4,chandubatla
IN,India,India,509209,Nagarkurnool,Telangana,40,Mahabub Nagar,538,Nagarkurnool,,16.703,77.8097,4,nagarkurnool
IN,India,India,509209,Medipur,Telangana,40,Mahabub Nagar,538,Tadoor,,16.703,77.8097,4,medipur
IN,India,India,509209,Aithole,Telangana,40,Mahabub Nagar,538,Tadoor,,16.703,77.8097,3,aithole
IN,India,India,509210,Amdipur,Telangana,40,Mahabub Nagar,538,NA,,17.0889,77.9408,3,amdipur
IN,India,India,509210,Abhangapur,Telangana,40,Mahabub Nagar,538,NA,,16.7717,77.6343,4,abhangapur
IN,India,India,509210,Appareddipalli,Telangana,40,Mahabub Nagar,538,NA,,16.8204,77.6317,4,appareddipalli
IN,India,India,509210,Narayanpet,Telangana,40,Mahabub Nagar,538,NA,,16.748,77.4954,4,narayanpet
IN,India,India,509210,Jajapur,Telangana,40,Mahabub Nagar,538,NA,,16.7258,77.542,4,jajapur
IN,India,India,509210,Jalalpur,Telangana,40,Mahabub Nagar,538,NA,,16.703,77.8097,4,jalalpur
IN,India,India,509210,Tirumalapur,Telangana,40,Mahabub Nagar,538,NA,,16.703,77.8097,4,tirumalapur
IN,India,India,509210,Pagdimarri,Telangana,40,Mahabub Nagar,538,NA,,16.703,77.8097,4,pagdimarri
IN,India,India,509210,Perapalla,Telangana,40,Mahabub Nagar,538,NA,,17.0889,77.9408,3,perapalla
IN,India,India,509210,Narayanpet Bazar,Telangana,40,Mahabub Nagar,538,Narayanpet,,17.0889,77.9408,3,narayanpet-bazar
IN,India,India,509210,Singwar,Telangana,40,Mahabub Nagar,538,NA,,17.0889,77.9408,3,singwar
IN,India,India,509210,Kotakonda,Telangana,40,Mahabub Nagar,538,NA,,17.0889,77.9408,3,kotakonda
IN,India,India,509210,Bhairamkonda,Telangana,40,Mahabub Nagar,538,NA,,16.7318,77.4611,4,bhairamkonda
IN,India,India,509215,Vaddeman,Telangana,40,Mahabub Nagar,538,Bijnapally,,16.703,77.8097,3,vaddeman
IN,India,India,509215,Pothireddipally,Telangana,40,Mahabub Nagar,538,Palem,,16.703,77.8097,3,pothireddipally
IN,India,India,509215,Gundlanarva,Telangana,40,Mahabub Nagar,538,Bijnapally,,16.703,77.8097,3,gundlanarva
IN,India,India,509215,Balanpally,Telangana,40,Mahabub Nagar,538,Tadoor,,16.703,77.8097,3,balanpally
IN,India,India,509215,Lingasanipally,Telangana,40,Mahabub Nagar,538,Bijnapally,,16.703,77.8097,3,lingasanipally
IN,India,India,509215,Khanapur,Telangana,40,Mahabub Nagar,538,Bijnapally,,16.703,77.8097,4,khanapur
IN,India,India,509215,Palem,Telangana,40,Mahabub Nagar,538,Bijnapally,,16.703,77.8097,4,palem
IN,India,India,509215,Kummera,Telangana,40,Mahabub Nagar,538,Tadoor,,16.703,77.8097,4,kummera
IN,India,India,509216,Sangem,Telangana,40,Mahabub Nagar,538,Keshampet,,16.703,77.8097,3,sangem
IN,India,India,509216,Kammadanam,Telangana,40,Mahabub Nagar,538,Farooqnagar,,16.703,77.8097,3,kammadanam
IN,India,India,509216,Doskal,Telangana,40,Mahabub Nagar,538,Farooqnagar,,16.703,77.8097,3,doskal
IN,India,India,509216,Chilkamarri,Telangana,40,Mahabub Nagar,538,Farooqnagar,,16.703,77.8097,3,chilkamarri
IN,India,India,509216,Chatanpally,Telangana,40,Mahabub Nagar,538,Farooqnagar,,16.703,77.8097,3,chatanpally
IN,India,India,509216,Farooqnagar,Telangana,40,Mahabub Nagar,538,Farooqnagar,,16.703,77.8097,3,farooqnagar
IN,India,India,509216,Nagulapally,Telangana,40,Mahabub Nagar,538,Farooqnagar,,16.703,77.8097,3,nagulapally
IN,India,India,509216,Papireddiguda,Telangana,40,Mahabub Nagar,538,Keshampet,,16.703,77.8097,3,papireddiguda
IN,India,India,509216,Shadnagar,Telangana,40,Mahabub Nagar,538,Shadnagar,,16.703,77.8097,4,shadnagar
IN,India,India,509216,Velgerla,Telangana,40,Mahabub Nagar,538,Farooqnagar,,16.703,77.8097,3,velgerla
IN,India,India,509217,Mamidipally,Telangana,40,Mahabub Nagar,538,Kothur,,16.703,77.8097,3,mamidipally
IN,India,India,509219,Rekulampalli,Telangana,40,Mahabub Nagar,538,NA,,16.703,77.8097,3,rekulampalli
IN,India,India,509219,Varne,Telangana,40,Mahabub Nagar,538,NA,,16.703,77.8097,3,varne
IN,India,India,509219,Gopanpally,Telangana,40,Mahabub Nagar,538,NA,,16.703,77.8097,3,gopanpally
IN,India,India,509219,Muchintala,Telangana,40,Mahabub Nagar,538,NA,,16.703,77.8097,3,muchintala
IN,India,India,509219,Perur,Telangana,40,Mahabub Nagar,538,NA,,16.703,77.8097,4,perur
IN,India,India,509219,Koukuntla,Telangana,40,Mahabub Nagar,538,Devarkadra,,16.703,77.8097,3,koukuntla
IN,India,India,509219,Rachala,Telangana,40,Mahabub Nagar,538,NA,,16.703,77.8097,3,rachala
IN,India,India,509219,Koukunt R.S.,Telangana,40,Mahabub Nagar,538,NA,,16.703,77.8097,3,koukunt-r-s
IN,India,India,509228,Inmulnarva,Telangana,40,Mahabub Nagar,538,Kothur,,16.703,77.8097,3,inmulnarva
IN,India,India,509228,Siddapur,Telangana,40,Mahabub Nagar,538,Kothur,,16.703,77.8097,4,siddapur
IN,India,India,509228,Nandigaon,Telangana,40,Mahabub Nagar,538,Kothur,,16.703,77.8097,4,nandigaon
IN,India,India,509228,Penjerla,Telangana,40,Mahabub Nagar,538,Kothur,,16.703,77.8097,3,penjerla
IN,India,India,509228,Kothur,Telangana,40,Mahabub Nagar,538,Kothur,,16.703,77.8097,4,kothur
IN,India,India,509235,Vennacherla,Telangana,40,Mahabub Nagar,538,Peddakothapally,,16.703,77.8097,3,vennacherla
IN,India,India,509235,Ravipakula,Telangana,40,Mahabub Nagar,538,Gopalpet,,16.703,77.8097,3,ravipakula
IN,India,India,509235,Talpanoor,Telangana,40,Mahabub Nagar,538,Gopalpet,,16.703,77.8097,3,talpanoor
IN,India,India,509235,Gudipally,Telangana,40,Mahabub Nagar,538,Nagarkurnool,,16.703,77.8097,3,gudipally
IN,India,India,509235,Peddapur,Telangana,40,Mahabub Nagar,538,Nagarkurnool,,16.703,77.8097,4,peddapur
IN,India,India,509235,Nagapoor,Telangana,40,Mahabub Nagar,538,Gopalpet,,16.703,77.8097,3,nagapoor
IN,India,India,509235,Thoodukurthy,Telangana,40,Mahabub Nagar,538,Nagarkurnool,,16.703,77.8097,3,thoodukurthy
IN,India,India,509235,Revally,Telangana,40,Mahabub Nagar,538,Gopalpet,,16.703,77.8097,3,revally
IN,India,India,509235,Sripur,Telangana,40,Mahabub Nagar,538,Nagarkurnool,,16.703,77.8097,4,sripur
IN,India,India,509301,Stn. Jadcherla H.O,Telangana,40,Mahabub Nagar,538,Stn. Jadcherla,,16.703,77.8097,1,stn-jadcherla-h-o
IN,India,India,509302,Polepally,Telangana,40,Mahabub Nagar,538,Jadcherla,,16.703,77.8097,3,polepally
IN,India,India,509302,Nasrullabad,Telangana,40,Mahabub Nagar,538,Jadcherla,,16.703,77.8097,4,nasrullabad
IN,India,India,509302,Nerellapally,Telangana,40,Mahabub Nagar,538,Thimmajipet,,16.703,77.8097,3,nerellapally
IN,India,India,509302,Ediganipally,Telangana,40,Mahabub Nagar,538,Jadcherla,,16.703,77.8097,3,ediganipally
IN,India,India,509302,Town Jadcherla,Telangana,40,Mahabub Nagar,538,Jadcherla,,16.703,77.8097,3,town-jadcherla
IN,India,India,509302,Gollapally,Telangana,40,Mahabub Nagar,538,Jadcherla,,16.703,77.8097,3,gollapally
IN,India,India,509302,Tatiparthy,Telangana,40,Mahabub Nagar,538,Jadcherla,,16.703,77.8097,3,tatiparthy
IN,India,India,509302,Avancha,Telangana,40,Mahabub Nagar,538,Thimmajipet,,16.703,77.8097,4,avancha
IN,India,India,509302,Karivena,Telangana,40,Mahabub Nagar,538,Jadcherla,,16.703,77.8097,3,karivena
IN,India,India,509302,Malleboinpally,Telangana,40,Mahabub Nagar,538,Jadcherla,,16.703,77.8097,3,malleboinpally
IN,India,India,509302,Gangapur,Telangana,40,Mahabub Nagar,538,Jadcherla,,16.7729,78.1909,4,gangapur
IN,India,India,509302,Kodgal,Telangana,40,Mahabub Nagar,538,Jadcherla,,16.827,78.2264,4,kodgal
IN,India,India,509302,Vallur,Telangana,40,Mahabub Nagar,538,Jadcherla,,16.8042,78.0793,4,vallur
IN,India,India,509302,Buddasamudram,Telangana,40,Mahabub Nagar,538,Thimmajipet,,16.703,77.8097,3,buddasamudram
IN,India,India,509311,Utkur,Telangana,40,Mahabub Nagar,538,NA,,16.6503,77.515,4,utkur
IN,India,India,509311,Mallepalli,Telangana,40,Mahabub Nagar,538,NA,,16.852,78.1918,4,mallepalli
IN,India,India,509311,Kollur,Telangana,40,Mahabub Nagar,538,NA,,16.703,77.8097,4,kollur
IN,India,India,509311,Chinnaporla,Telangana,40,Mahabub Nagar,538,NA,,16.831,77.9159,3,chinnaporla
IN,India,India,509311,Tipraspalli,Telangana,40,Mahabub Nagar,538,NA,,16.831,77.9159,3,tipraspalli
IN,India,India,509311,Peddaporla,Telangana,40,Mahabub Nagar,538,NA,,16.831,77.9159,3,peddaporla
IN,India,India,509311,Madhwar,Telangana,40,Mahabub Nagar,538,NA,,16.831,77.9159,3,madhwar
IN,India,India,509311,Edavally,Telangana,40,Mahabub Nagar,538,NA,,16.831,77.9159,3,edavally
IN,India,India,509311,Lingampally,Telangana,40,Mahabub Nagar,538,NA,,16.831,77.9159,3,lingampally
IN,India,India,509320,Madharam,Telangana,40,Mahabub Nagar,538,Midjil,,16.8191,77.8729,4,madharam
IN,India,India,509320,Kurumidda,Telangana,40,Mahabub Nagar,538,Kalwakurthy,,16.703,77.8097,4,kurumidda
IN,India,India,509320,Gattuippalapally,Telangana,40,Mahabub Nagar,538,Talakondapally,,16.703,77.8097,3,gattuippalapally
IN,India,India,509320,Ippapahad,Telangana,40,Mahabub Nagar,538,Midjil,,16.703,77.8097,3,ippapahad
IN,India,India,509320,Jakinalapally,Telangana,40,Mahabub Nagar,538,Midjil,,16.703,77.8097,3,jakinalapally
IN,India,India,509320,Rachur,Telangana,40,Mahabub Nagar,538,Veldanda,,16.703,77.8097,4,rachur
IN,India,India,509320,Rachala Pally,Telangana,40,Mahabub Nagar,538,Midjil,,16.703,77.8097,3,rachala-pally
IN,India,India,509320,Ramreddipally,Telangana,40,Mahabub Nagar,538,Midjil,,16.703,77.8097,3,ramreddipally
IN,India,India,509320,Tarnikal,Telangana,40,Mahabub Nagar,538,Kalwakurthy,,16.703,77.8097,3,tarnikal
IN,India,India,509320,Thotapally,Telangana,40,Mahabub Nagar,538,Kalwakurthy,,16.703,77.8097,3,thotapally
IN,India,India,509320,Urkondapeta,Telangana,40,Mahabub Nagar,538,Midjil,,16.703,77.8097,3,urkondapeta
IN,India,India,509320,Urkonda,Telangana,40,Mahabub Nagar,538,Midjil,,16.703,77.8097,3,urkonda
IN,India,India,509320,Vepur,Telangana,40,Mahabub Nagar,538,Kalwakurthy,,16.8385,77.786,4,vepur
IN,India,India,509320,Marchala,Telangana,40,Mahabub Nagar,538,Kalwakurthy,,16.703,77.8097,4,marchala
IN,India,India,509321,Khanapur,Telangana,40,Mahabub Nagar,538,Talakondapally,,16.703,77.8097,4,khanapur
IN,India,India,509321,Amangal,Telangana,40,Mahabub Nagar,538,Amangal,,16.703,77.8097,4,amangal
IN,India,India,509321,Akuthotapally,Telangana,40,Mahabub Nagar,538,Amangal,,16.703,77.8097,3,akuthotapally
IN,India,India,509321,Chukkapur,Telangana,40,Mahabub Nagar,538,Talakondapally,,16.703,77.8097,3,chukkapur
IN,India,India,509321,Mudwin,Telangana,40,Mahabub Nagar,538,Amangal,,16.703,77.8097,3,mudwin
IN,India,India,509321,Girikothapally,Telangana,40,Mahabub Nagar,538,Madgul,,16.703,77.8097,3,girikothapally
IN,India,India,509321,Aurpally,Telangana,40,Mahabub Nagar,538,Madgul,,16.703,77.8097,3,aurpally
IN,India,India,509321,Cheepununthala,Telangana,40,Mahabub Nagar,538,Talakondapally,,16.703,77.8097,3,cheepununthala
IN,India,India,509321,Vittaipally,Telangana,40,Mahabub Nagar,538,Amangal,,16.703,77.8097,3,vittaipally
IN,India,India,509321,Cherikonda,Telangana,40,Mahabub Nagar,538,Amnagal,,16.703,77.8097,3,cherikonda
IN,India,India,509321,Andugula,Telangana,40,Mahabub Nagar,538,Madgul,,16.703,77.8097,4,andugula
IN,India,India,509321,Talakondapally,Telangana,40,Mahabub Nagar,538,Talakondapally,,16.703,77.8097,3,talakondapally
IN,India,India,509321,Irwin,Telangana,40,Mahabub Nagar,538,Madgul,,16.703,77.8097,3,irwin
IN,India,India,509324,Sirasanagandla,Telangana,40,Mahabub Nagar,538,Vangoor,,16.703,77.8097,3,sirasanagandla
IN,India,India,509324,Yellikal,Telangana,40,Mahabub Nagar,538,Kalwakurthy,,16.703,77.8097,3,yellikal
IN,India,India,509324,Jupally,Telangana,40,Mahabub Nagar,538,Veldanda,,16.703,77.8097,3,jupally
IN,India,India,509324,Gokaram,Telangana,40,Mahabub Nagar,538,Veldanda,,16.703,77.8097,4,gokaram
IN,India,India,509324,Kalwakurthy,Telangana,40,Mahabub Nagar,538,Kalwakurthy,,16.703,77.8097,3,kalwakurthy
IN,India,India,509324,Panjugula,Telangana,40,Mahabub Nagar,538,Kalwakurthy,,16.703,77.8097,4,panjugula
IN,India,India,509324,Mukurala,Telangana,40,Mahabub Nagar,538,Kalwakurhy,,16.703,77.8097,3,mukurala
IN,India,India,509324,Kondareddipally,Telangana,40,Mahabub Nagar,538,Vangoor,,16.703,77.8097,3,kondareddipally
IN,India,India,509324,Tandra,Telangana,40,Mahabub Nagar,538,Veldanda,,16.703,77.8097,4,tandra
IN,India,India,509324,Gundur,Telangana,40,Mahabub Nagar,538,Kalwakurthy,,16.703,77.8097,4,gundur
IN,India,India,509324,Jajala,Telangana,40,Mahabub Nagar,538,Vangoor,,16.703,77.8097,3,jajala
IN,India,India,509324,Raghupathipeta,Telangana,40,Mahabub Nagar,538,Kalwakurthy,,16.703,77.8097,4,raghupathipeta
IN,India,India,509324,Charakonda,Telangana,40,Mahabub Nagar,538,Vangoor,,16.703,77.8097,4,charakonda
IN,India,India,509324,Lingasanipally,Telangana,40,Mahabub Nagar,538,Kalwakurthy,,16.703,77.8097,3,lingasanipally
IN,India,India,509325,Shapur,Telangana,40,Mahabub Nagar,538,Shamshabad,,16.703,77.8097,3,shapur
IN,India,India,509325,Palmakole,Telangana,40,Mahabub Nagar,538,Shamshabad,,16.703,77.8097,3,palmakole
IN,India,India,509325,Fathimapur,Telangana,40,Mahabub Nagar,538,Kothur,,16.703,77.8097,3,fathimapur
IN,India,India,509325,Veerlapally,Telangana,40,Mahabub Nagar,538,Kothur,,16.703,77.8097,3,veerlapally
IN,India,India,509325,Thimmapur,Telangana,40,Mahabub Nagar,538,Kothur,,16.703,77.8097,3,thimmapur
IN,India,India,509325,Chegur,Telangana,40,Mahabub Nagar,538,Kothur,,16.703,77.8097,3,chegur
IN,India,India,509325,Reddipalem,Telangana,40,Mahabub Nagar,538,Kothur,,16.703,77.8097,4,reddipalem
IN,India,India,509326,Srisailam Dam (West),Telangana,40,Mahabub Nagar,538,Amrabad,,16.703,77.8097,1,srisailam-dam-west
IN,India,India,509326,Vatvarlapally,Telangana,40,Mahabub Nagar,538,Amrabad,,16.703,77.8097,1,vatvarlapally
IN,India,India,509327,Kulkulpally,Telangana,40,Mahabub Nagar,538,Madgul,,16.703,77.8097,3,kulkulpally
IN,India,India,509327,Nagilla,Telangana,40,Mahabub Nagar,538,Madgul,,16.703,77.8097,3,nagilla
IN,India,India,509327,Bramhanpally,Telangana,40,Mahabub Nagar,538,Madgul,,16.703,77.8097,3,bramhanpally
IN,India,India,509327,Arkepally,Telangana,40,Mahabub Nagar,538,Madgul,,16.703,77.8097,3,arkepally
IN,India,India,509327,Appareddipally,Telangana,40,Mahabub Nagar,538,Madgul,,16.703,77.8097,3,appareddipally
IN,India,India,509327,Madgul,Telangana,40,Mahabub Nagar,538,Madgul,,16.703,77.8097,4,madgul
IN,India,India,509334,Tankara,Telangana,40,Mahabub Nagar,538,NA,,16.8198,77.9496,4,tankara
IN,India,India,509334,Vepur,Telangana,40,Mahabub Nagar,538,NA,,16.8385,77.786,4,vepur
IN,India,India,509334,Chinnadarpalli,Telangana,40,Mahabub Nagar,538,NA,,16.8351,77.8627,3,chinnadarpalli
IN,India,India,509334,Hunwada,Telangana,40,Mahabub Nagar,538,NA,,16.8351,77.8627,3,hunwada
IN,India,India,509334,Kongat Pally,Telangana,40,Mahabub Nagar,538,NA,,16.8351,77.8627,3,kongat-pally
IN,India,India,509334,Buddaram,Telangana,40,Mahabub Nagar,538,NA,,16.8351,77.8627,3,buddaram
IN,India,India,509334,Pedda Darpally,Telangana,40,Mahabub Nagar,538,NA,,16.8351,77.8627,3,pedda-darpally
IN,India,India,509334,Gundiyal,Telangana,40,Mahabub Nagar,538,NA,,16.8351,77.8627,3,gundiyal
IN,India,India,509334,Ibrahimbad,Telangana,40,Mahabub Nagar,538,NA,,16.8351,77.8627,3,ibrahimbad
IN,India,India,509334,Munimoksham,Telangana,40,Mahabub Nagar,538,NA,,16.847,77.8525,4,munimoksham
IN,India,India,509335,Puttapahad,Telangana,40,Mahabub Nagar,538,NA,,16.958,77.8662,4,puttapahad
IN,India,India,509335,Antharam,Telangana,40,Mahabub Nagar,538,NA,,16.703,77.8097,3,antharam
IN,India,India,509335,Chellapur,Telangana,40,Mahabub Nagar,538,NA,,16.703,77.8097,4,chellapur
IN,India,India,509335,Kulakcherla,Telangana,40,Mahabub Nagar,538,NA,,16.703,77.8097,3,kulakcherla
IN,India,India,509335,Kusumasamudram,Telangana,40,Mahabub Nagar,538,NA,,16.703,77.8097,4,kusumasamudram
IN,India,India,509335,Tirmalapur,Telangana,40,Mahabub Nagar,538,NA,,16.703,77.8097,4,tirmalapur
IN,India,India,509336,Chandrakallu,Telangana,40,Mahabub Nagar,538,NA,,16.703,77.8097,3,chandrakallu
IN,India,India,509336,Desai Pally,Telangana,40,Mahabub Nagar,538,NA,,16.703,77.8097,3,desai-pally
IN,India,India,509336,Vithalapuram,Telangana,40,Mahabub Nagar,538,NA,,16.703,77.8097,3,vithalapuram
IN,India,India,509336,Devalfaslawar,Telangana,40,Mahabub Nagar,538,NA,,16.703,77.8097,3,devalfaslawar
IN,India,India,509336,Annaram,Telangana,40,Mahabub Nagar,538,NA,,16.703,77.8097,4,annaram
IN,India,India,509336,Rawulapally,Telangana,40,Mahabub Nagar,538,NA,,16.703,77.8097,3,rawulapally
IN,India,India,509336,Tekalkode,Telangana,40,Mahabub Nagar,538,NA,,16.703,77.8097,3,tekalkode
IN,India,India,509336,Mogalmadka,Telangana,40,Mahabub Nagar,538,NA,,16.703,77.8097,3,mogalmadka
IN,India,India,509336,Kasturpally,Telangana,40,Mahabub Nagar,538,NA,,16.703,77.8097,3,kasturpally
IN,India,India,509336,Gokhafaslawar,Telangana,40,Mahabub Nagar,538,NA,,16.703,77.8097,3,gokhafaslawar
IN,India,India,509336,Doultabad,Telangana,40,Mahabub Nagar,538,NA,,16.703,77.8097,3,doultabad
IN,India,India,509336,Challapur,Telangana,40,Mahabub Nagar,538,NA,,16.703,77.8097,3,challapur
IN,India,India,509336,Bichal,Telangana,40,Mahabub Nagar,538,NA,,16.703,77.8097,3,bichal
IN,India,India,509336,Rudraram,Telangana,40,Mahabub Nagar,538,NA,,16.8614,78.0189,4,rudraram
IN,India,India,509336,Balampet,Telangana,40,Mahabub Nagar,538,NA,,16.703,77.8097,4,balampet
IN,India,India,509336,Nandaram,Telangana,40,Mahabub Nagar,538,NA,,16.9599,78.1708,4,nandaram
IN,India,India,509336,Indanur,Telangana,40,Mahabub Nagar,538,NA,,16.703,77.8097,4,indanur
IN,India,India,509336,Antharam,Telangana,40,Mahabub Nagar,538,NA,,16.703,77.8097,3,antharam
IN,India,India,509336,Angadi Raichur,Telangana,40,Mahabub Nagar,538,NA,,16.703,77.8097,3,angadi-raichur
IN,India,India,509337,Mangampet,Telangana,40,Mahabub Nagar,538,NA,,16.9103,77.8722,4,mangampet
IN,India,India,509337,Salkarpet,Telangana,40,Mahabub Nagar,538,NA,,16.9283,77.7873,4,salkarpet
IN,India,India,509337,Nancherla,Telangana,40,Mahabub Nagar,538,NA,,16.9217,77.8563,4,nancherla
IN,India,India,509337,Julapalli,Telangana,40,Mahabub Nagar,538,NA,,16.8684,77.8361,4,julapalli
IN,India,India,509337,Mohammadabad,Telangana,40,Mahabub Nagar,538,NA,,16.9072,77.838,3,mohammadabad
IN,India,India,509337,Shaik Pally,Telangana,40,Mahabub Nagar,538,NA,,16.9072,77.838,3,shaik-pally
IN,India,India,509337,Komireddi Pally,Telangana,40,Mahabub Nagar,538,NA,,16.9072,77.838,3,komireddi-pally
IN,India,India,509337,Gandwed,Telangana,40,Mahabub Nagar,538,NA,,16.9072,77.838,3,gandwed
IN,India,India,509337,Venkatreddypally,Telangana,40,Mahabub Nagar,538,NA,,16.9072,77.838,3,venkatreddypally
IN,India,India,509338,Parsapur,Telangana,40,Mahabub Nagar,538,NA,,16.703,77.8097,4,parsapur
IN,India,India,509338,Kodangal,Telangana,40,Mahabub Nagar,538,Kodangal,,16.703,77.8097,4,kodangal
IN,India,India,509338,Kothur,Telangana,40,Mahabub Nagar,538,NA,,16.703,77.8097,4,kothur
IN,India,India,509338,Erupmalla,Telangana,40,Mahabub Nagar,538,NA,,16.703,77.8097,3,erupmalla
IN,India,India,509338,Yenkipalli,Telangana,40,Mahabub Nagar,538,NA,,16.703,77.8097,3,yenkipalli
IN,India,India,509338,Buranpur,Telangana,40,Mahabub Nagar,538,NA,,16.703,77.8097,3,buranpur
IN,India,India,509338,Metlakunta,Telangana,40,Mahabub Nagar,538,NA,,16.703,77.8097,3,metlakunta
IN,India,India,509338,Eranpally,Telangana,40,Mahabub Nagar,538,NA,,16.703,77.8097,3,eranpally
IN,India,India,509338,Chilmulmailwar,Telangana,40,Mahabub Nagar,538,NA,,16.703,77.8097,3,chilmulmailwar
IN,India,India,509338,Regadmailwar,Telangana,40,Mahabub Nagar,538,NA,,16.703,77.8097,3,regadmailwar
IN,India,India,509338,Balajinagar,Telangana,40,Mahabub Nagar,538,NA,,16.703,77.8097,4,balajinagar
IN,India,India,509338,Bomraspet,Telangana,40,Mahabub Nagar,538,NA,,16.703,77.8097,4,bomraspet
IN,India,India,509338,Chitlapally,Telangana,40,Mahabub Nagar,538,NA,,16.703,77.8097,3,chitlapally
IN,India,India,509338,Tunkimetla,Telangana,40,Mahabub Nagar,538,NA,,16.703,77.8097,3,tunkimetla
IN,India,India,509338,Wadcherla,Telangana,40,Mahabub Nagar,538,NA,,16.703,77.8097,3,wadcherla
IN,India,India,509339,Mirzapur,Telangana,40,Mahabub Nagar,538,NA,,16.703,77.8097,4,mirzapur
IN,India,India,509339,Sarzakhanpet,Telangana,40,Mahabub Nagar,538,NA,,16.703,77.8097,3,sarzakhanpet
IN,India,India,509339,Mushrifa,Telangana,40,Mahabub Nagar,538,NA,,16.703,77.8097,3,mushrifa
IN,India,India,509339,Pothreddipalli,Telangana,40,Mahabub Nagar,538,NA,,16.703,77.8097,3,pothreddipalli
IN,India,India,509339,Chandravancha,Telangana,40,Mahabub Nagar,538,NA,,17.0116,77.6745,4,chandravancha
IN,India,India,509339,Kosgi,Telangana,40,Mahabub Nagar,538,NA,,16.9879,77.718,4,kosgi
IN,India,India,509339,Chennaram,Telangana,40,Mahabub Nagar,538,NA,,16.9739,77.6887,4,chennaram
IN,India,India,509339,Bhogaram,Telangana,40,Mahabub Nagar,538,NA,,16.9371,77.7072,4,bhogaram
IN,India,India,509339,Togapur,Telangana,40,Mahabub Nagar,538,NA,,17.0187,77.7191,4,togapur
IN,India,India,509339,Gundmal,Telangana,40,Mahabub Nagar,538,NA,,16.8938,77.7117,4,gundmal
IN,India,India,509340,Kakarlapahad,Telangana,40,Mahabub Nagar,538,NA,,16.8422,78.265,3,kakarlapahad
IN,India,India,509340,Karur,Telangana,40,Mahabub Nagar,538,NA,,16.8687,78.1036,4,karur
IN,India,India,509340,Kondapur,Telangana,40,Mahabub Nagar,538,NA,,16.703,77.8097,4,kondapur
IN,India,India,509340,Chowdarpally,Telangana,40,Mahabub Nagar,538,NA,,16.8422,78.265,3,chowdarpally
IN,India,India,509340,Thirmalapur,Telangana,40,Mahabub Nagar,538,NA,,16.8422,78.265,3,thirmalapur
IN,India,India,509340,Gurukunta,Telangana,40,Mahabub Nagar,538,NA,,16.9233,78.0421,4,gurukunta
IN,India,India,509340,Kothapally,Telangana,40,Mahabub Nagar,538,NA,,16.8422,78.265,3,kothapally
IN,India,India,509340,Fathepur,Telangana,40,Mahabub Nagar,538,NA,,16.8422,78.265,3,fathepur
IN,India,India,509340,Ippatur,Telangana,40,Mahabub Nagar,538,NA,,16.8822,78.0877,4,ippatur
IN,India,India,509340,Kuchur,Telangana,40,Mahabub Nagar,538,NA,,16.8422,78.265,3,kuchur
IN,India,India,509340,Kanmankalwa,Telangana,40,Mahabub Nagar,538,NA,,16.8422,78.265,3,kanmankalwa
IN,India,India,509340,Karkonda,Telangana,40,Mahabub Nagar,538,NA,,16.8422,78.265,3,karkonda
IN,India,India,509340,Yanmangandla,Telangana,40,Mahabub Nagar,538,NA,,16.8422,78.265,3,yanmangandla
IN,India,India,509340,Lingampaly,Telangana,40,Mahabub Nagar,538,NA,,16.8422,78.265,3,lingampaly
IN,India,India,509340,Marrikal,Telangana,40,Mahabub Nagar,538,NA,,16.703,77.8097,4,marrikal
IN,India,India,509340,Ammapur,Telangana,40,Mahabub Nagar,538,NA,,16.9401,78.1922,4,ammapur
IN,India,India,509340,Nawabpet (Mahabub Nagar),Telangana,40,Mahabub Nagar,538,NA,,16.8965,78.0321,4,nawabpet-mahabub-nagar
IN,India,India,509349,Rangapur,Telangana,40,Mahabub Nagar,538,Vangoor,,16.703,77.8097,4,rangapur
IN,India,India,509349,Thippareddypally,Telangana,40,Mahabub Nagar,538,Vangoor,,16.703,77.8097,3,thippareddypally
IN,India,India,509349,Gajra,Telangana,40,Mahabub Nagar,538,Vangoor,,16.703,77.8097,3,gajra
IN,India,India,509349,D.Chintalapally,Telangana,40,Mahabub Nagar,538,Vangoor,,16.703,77.8097,3,d-chintalapally
IN,India,India,509349,Ulpera,Telangana,40,Mahabub Nagar,538,Vangoor,,16.703,77.8097,3,ulpera
IN,India,India,509349,Umapur,Telangana,40,Mahabub Nagar,538,Vangoor,,16.703,77.8097,3,umapur
IN,India,India,509349,Mittasadguda,Telangana,40,Mahabub Nagar,538,Vangoor,,16.703,77.8097,3,mittasadguda
IN,India,India,509349,Konetipur,Telangana,40,Mahabub Nagar,538,Vangoor,,16.703,77.8097,3,konetipur
IN,India,India,509349,Sarvareddypally,Telangana,40,Mahabub Nagar,538,Vangoor,,16.703,77.8097,3,sarvareddypally
IN,India,India,509349,Uppalpahad,Telangana,40,Mahabub Nagar,538,Vangoor,,16.703,77.8097,4,uppalpahad
IN,India,India,509349,Polkampally,Telangana,40,Mahabub Nagar,538,Vangoor,,16.703,77.8097,3,polkampally
IN,India,India,509349,Vangoor,Telangana,40,Mahabub Nagar,538,Vangoor,,16.703,77.8097,4,vangoor
IN,India,India,509350,Hakeempet,Telangana,40,Mahabub Nagar,538,NA,,16.703,77.8097,3,hakeempet
IN,India,India,509350,Husnabad (Mahabub Nagar),Telangana,40,Mahabub Nagar,538,NA,,16.703,77.8097,4,husnabad-mahabub-nagar
IN,India,India,509350,Chowdarpalli,Telangana,40,Mahabub Nagar,538,NA,,16.703,77.8097,3,chowdarpalli
IN,India,India,509350,Lakcherla,Telangana,40,Mahabub Nagar,538,NA,,16.703,77.8097,4,lakcherla
IN,India,India,509350,Dudiyal,Telangana,40,Mahabub Nagar,538,NA,,16.703,77.8097,3,dudiyal
IN,India,India,509350,Gouraram,Telangana,40,Mahabub Nagar,538,NA,,16.703,77.8097,3,gouraram
IN,India,India,509350,Neetur,Telangana,40,Mahabub Nagar,538,NA,,16.703,77.8097,3,neetur
IN,India,India,509350,Polepally,Telangana,40,Mahabub Nagar,538,NA,,16.703,77.8097,3,polepally
IN,India,India,509350,Kudirmalla,Telangana,40,Mahabub Nagar,538,NA,,16.703,77.8097,4,kudirmalla
IN,India,India,509350,Nandigam,Telangana,40,Mahabub Nagar,538,NA,,16.8427,78.1829,4,nandigam
IN,India,India,509351,Ibrahimpatnam,Telangana,40,Mahabub Nagar,538,NA,,16.5811,77.7489,4,ibrahimpatnam
IN,India,India,509351,Marrikal,Telangana,40,Mahabub Nagar,538,NA,,16.703,77.8097,4,marrikal
IN,India,India,509351,Eligandla,Telangana,40,Mahabub Nagar,538,NA,,16.703,77.8097,3,eligandla
IN,India,India,509351,Kanmanur,Telangana,40,Mahabub Nagar,538,NA,,16.703,77.8097,3,kanmanur
IN,India,India,509351,Theelair,Telangana,40,Mahabub Nagar,538,NA,,16.703,77.8097,3,theelair
IN,India,India,509351,Madhwar,Telangana,40,Mahabub Nagar,538,NA,,16.703,77.8097,3,madhwar
IN,India,India,509352,Hindupur,Telangana,40,Mahabub Nagar,538,NA,,16.4141,77.3472,4,hindupur
IN,India,India,509352,Kunsi,Telangana,40,Mahabub Nagar,538,NA,,16.4485,77.3566,4,kunsi
IN,India,India,509352,Tangadgi,Telangana,40,Mahabub Nagar,538,NA,,16.4466,77.3383,3,tangadgi
IN,India,India,509352,Gudeballur,Telangana,40,Mahabub Nagar,538,NA,,16.4466,77.3383,3,gudeballur
IN,India,India,509352,Krishna,Telangana,40,Mahabub Nagar,538,NA,,16.4466,77.3383,3,krishna
IN,India,India,509352,Mudmal,Telangana,40,Mahabub Nagar,538,NA,,16.4466,77.3383,3,mudmal
IN,India,India,509352,Kulpur,Telangana,40,Mahabub Nagar,538,NA,,16.4466,77.3383,3,kulpur
IN,India,India,509352,Alampally,Telangana,40,Mahabub Nagar,538,NA,,16.4466,77.3383,3,alampally
IN,India,India,509352,Kothapally,Telangana,40,Mahabub Nagar,538,NA,,16.4466,77.3383,3,kothapally
IN,India,India,509352,Chegunta,Telangana,40,Mahabub Nagar,538,NA,,16.4774,77.3112,4,chegunta
IN,India,India,509353,Pulimamidi,Telangana,40,Mahabub Nagar,538,NA,,16.5854,77.5921,4,pulimamidi
IN,India,India,509353,Raikode,Telangana,40,Mahabub Nagar,538,NA,,16.703,77.8097,4,raikode
IN,India,India,509353,Undekode,Telangana,40,Mahabub Nagar,538,NA,,16.703,77.8097,3,undekode
IN,India,India,509353,Jaklair,Telangana,40,Mahabub Nagar,538,NA,,16.703,77.8097,3,jaklair
IN,India,India,509353,Bhutpur,Telangana,40,Mahabub Nagar,538,NA,,16.703,77.8097,4,bhutpur
IN,India,India,509353,Kachwar,Telangana,40,Mahabub Nagar,538,NA,,16.703,77.8097,3,kachwar
IN,India,India,509353,Patherched,Telangana,40,Mahabub Nagar,538,NA,,16.703,77.8097,3,patherched
IN,India,India,509353,Rampur,Telangana,40,Mahabub Nagar,538,NA,,16.7697,77.8411,4,rampur
IN,India,India,509353,Manthan Gode,Telangana,40,Mahabub Nagar,538,NA,,16.703,77.8097,3,manthan-gode
IN,India,India,509357,Kothapally,Telangana,40,Mahabub Nagar,538,NA,,16.8611,78.5554,3,kothapally
IN,India,India,509357,Kothur,Telangana,40,Mahabub Nagar,538,NA,,16.703,77.8097,4,kothur
IN,India,India,509357,Ramapuram,Telangana,40,Mahabub Nagar,538,NA,,16.703,77.8097,4,ramapuram
IN,India,India,509357,Vemula,Telangana,40,Mahabub Nagar,538,NA,,16.7847,78.3187,4,vemula
IN,India,India,509357,Ayyavaripalli,Telangana,40,Mahabub Nagar,538,NA,,16.7152,78.2869,4,ayyavaripalli
IN,India,India,509357,Julapally,Telangana,40,Mahabub Nagar,538,NA,,16.8611,78.5554,3,julapally
IN,India,India,509357,Gudigani Pally,Telangana,40,Mahabub Nagar,538,NA,,16.8611,78.5554,3,gudigani-pally
IN,India,India,509357,Midjil,Telangana,40,Mahabub Nagar,538,Jadcherla,,16.8611,78.5554,3,midjil
IN,India,India,509357,Revally,Telangana,40,Mahabub Nagar,538,NA,,16.8611,78.5554,3,revally
IN,India,India,509357,Vadial,Telangana,40,Mahabub Nagar,538,NA,,16.8611,78.5554,3,vadial
IN,India,India,509357,Vasupala,Telangana,40,Mahabub Nagar,538,NA,,16.8611,78.5554,3,vasupala
IN,India,India,509357,Yelyal,Telangana,40,Mahabub Nagar,538,NA,,16.8611,78.5554,3,yelyal
IN,India,India,509357,Boinpally,Telangana,40,Mahabub Nagar,538,NA,,16.8611,78.5554,3,boinpally
IN,India,India,509357,Antharam,Telangana,40,Mahabub Nagar,538,NA,,16.8611,78.5554,3,antharam
IN,India,India,509357,Chilivera,Telangana,40,Mahabub Nagar,538,NA,,16.8611,78.5554,3,chilivera
IN,India,India,509357,Chndradana,Telangana,40,Mahabub Nagar,538,NA,,16.8611,78.5554,3,chndradana
IN,India,India,509357,Donuru,Telangana,40,Mahabub Nagar,538,NA,,16.8611,78.5554,3,donuru
IN,India,India,509358,Kadthal,Telangana,40,Mahabub Nagar,538,Amangal,,16.703,77.8097,3,kadthal
IN,India,India,509358,Karkalpahad,Telangana,40,Mahabub Nagar,538,Amnagal,,16.703,77.8097,3,karkalpahad
IN,India,India,509358,Konapur,Telangana,40,Mahabub Nagar,538,Amangal,,16.703,77.8097,4,konapur
IN,India,India,509358,Ekvaipally,Telangana,40,Mahabub Nagar,538,Amangal,,16.703,77.8097,3,ekvaipally
IN,India,India,509360,Cherkur,Telangana,40,Mahabub Nagar,538,Veldanda,,16.703,77.8097,3,cherkur
IN,India,India,509360,Pothepally,Telangana,40,Mahabub Nagar,538,Veldanda,,16.703,77.8097,3,pothepally
IN,India,India,509360,Veldanda,Telangana,40,Mahabub Nagar,538,Veldanda,,16.703,77.8097,4,veldanda
IN,India,India,509360,Bhairampuram,Telangana,40,Mahabub Nagar,538,Veldanda,,16.703,77.8097,3,bhairampuram
IN,India,India,509360,Barkatpally,Telangana,40,Mahabub Nagar,538,Veldanda,,16.703,77.8097,3,barkatpally
IN,India,India,509360,Kalakonda,Telangana,40,Mahabub Nagar,538,Madgul,,16.703,77.8097,3,kalakonda
IN,India,India,509360,Peddapur,Telangana,40,Mahabub Nagar,538,Veldanda,,16.703,77.8097,4,peddapur
IN,India,India,509360,Kuppugandla,Telangana,40,Mahabub Nagar,538,Veldanda,,16.703,77.8097,3,kuppugandla
IN,India,India,509360,Bollampally,Telangana,40,Mahabub Nagar,538,Veldanda,,16.703,77.8097,3,bollampally
IN,India,India,509360,Polepally,Telangana,40,Mahabub Nagar,538,Amangal,,16.703,77.8097,3,polepally
IN,India,India,509360,Ajilapuram,Telangana,40,Mahabub Nagar,538,Veldanda,,16.703,77.8097,3,ajilapuram
IN,India,India,509360,Chedurpally,Telangana,40,Mahabub Nagar,538,Veldanda,,16.703,77.8097,3,chedurpally
IN,India,India,509360,Kotra,Telangana,40,Mahabub Nagar,538,Veldanda,,16.703,77.8097,3,kotra
IN,India,India,509371,Malkapuram,Telangana,40,Mahabub Nagar,538,NA,,16.9441,78.0002,4,malkapuram
IN,India,India,509371,Rampur,Telangana,40,Mahabub Nagar,538,NA,,16.703,77.8097,4,rampur
IN,India,India,509371,Seri Venkatapur,Telangana,40,Mahabub Nagar,538,NA,,16.9351,77.988,3,seri-venkatapur
IN,India,India,509371,Parpally,Telangana,40,Mahabub Nagar,538,NA,,16.9351,77.988,3,parpally
IN,India,India,509371,Gokul Nagar,Telangana,40,Mahabub Nagar,538,NA,,16.9351,77.988,3,gokul-nagar
IN,India,India,509371,Garlapahad,Telangana,40,Mahabub Nagar,538,NA,,16.9351,77.988,3,garlapahad
IN,India,India,509371,Kothlabad,Telangana,40,Mahabub Nagar,538,NA,,16.9351,77.988,3,kothlabad
IN,India,India,509371,Vinjamur,Telangana,40,Mahabub Nagar,538,NA,,16.7691,77.7077,4,vinjamur
IN,India,India,509371,Koilkonda,Telangana,40,Mahabub Nagar,538,NA,,16.756,77.789,4,koilkonda
IN,India,India,509371,Chandraspalli,Telangana,40,Mahabub Nagar,538,NA,,16.9351,77.988,3,chandraspalli
IN,India,India,509371,Ankilla,Telangana,40,Mahabub Nagar,538,NA,,16.7409,77.759,4,ankilla
IN,India,India,509371,Kondapuram,Telangana,40,Mahabub Nagar,538,NA,,16.8816,78.0056,4,kondapuram
IN,India,India,509371,Suraram,Telangana,40,Mahabub Nagar,538,NA,,16.9827,78.1246,4,suraram
IN,India,India,509371,Kazipur,Telangana,40,Mahabub Nagar,538,NA,,16.703,77.8097,4,kazipur
IN,India,India,509375,Rangapur,Telangana,40,Mahabub Nagar,538,Achampet,,16.703,77.8097,4,rangapur
IN,India,India,509375,Siddapur,Telangana,40,Mahabub Nagar,538,Achampet,,16.703,77.8097,4,siddapur
IN,India,India,509375,Achampet,Telangana,40,Mahabub Nagar,538,Achampet,,16.703,77.8097,4,achampet
IN,India,India,509375,Gattuthumman,Telangana,40,Mahabub Nagar,538,Balmoor,,16.703,77.8097,3,gattuthumman
IN,India,India,509375,Akkaram,Telangana,40,Mahabub Nagar,538,Achampet,,16.703,77.8097,3,akkaram
IN,India,India,509375,Nadimpally,Telangana,40,Mahabub Nagar,538,Achampet,,16.703,77.8097,3,nadimpally
IN,India,India,509375,Thummanpet,Telangana,40,Mahabub Nagar,538,Balmoor,,16.703,77.8097,3,thummanpet
IN,India,India,509375,Chandapur,Telangana,40,Mahabub Nagar,538,Achampet,,16.703,77.8097,4,chandapur
IN,India,India,509375,Ghanpur,Telangana,40,Mahabub Nagar,538,Achampet,,16.703,77.8097,4,ghanpur
IN,India,India,509375,Inole,Telangana,40,Mahabub Nagar,538,Achampet,,16.703,77.8097,4,inole
IN,India,India,509375,Bommanpally,Telangana,40,Mahabub Nagar,538,Achampet,,16.703,77.8097,3,bommanpally
IN,India,India,509375,Mannevaripally,Telangana,40,Mahabub Nagar,538,Achampet,,16.703,77.8097,3,mannevaripally
IN,India,India,509375,Hajipur,Telangana,40,Mahabub Nagar,538,Achampet,,16.703,77.8097,4,hajipur
IN,India,India,509376,Puljal,Telangana,40,Mahabub Nagar,538,Achampet,,16.703,77.8097,4,puljal
IN,India,India,509376,Piratvanipally,Telangana,40,Mahabub Nagar,538,Uppununthala,,16.703,77.8097,3,piratvanipally
IN,India,India,509376,Tadoor,Telangana,40,Mahabub Nagar,538,Uppununthala,,16.703,77.8097,3,tadoor
IN,India,India,509376,Veltoor,Telangana,40,Mahabub Nagar,538,Uppununthala,,16.703,77.8097,3,veltoor
IN,India,India,509376,Uppununthala,Telangana,40,Mahabub Nagar,538,Uppununthala,,16.703,77.8097,3,uppununthala
IN,India,India,509376,Palkapally,Telangana,40,Mahabub Nagar,538,Achampet,,16.703,77.8097,3,palkapally
IN,India,India,509376,Ramojipally,Telangana,40,Mahabub Nagar,538,Balmoor,,16.703,77.8097,3,ramojipally
IN,India,India,509376,Polisettipally,Telangana,40,Mahabub Nagar,538,Balmoor,,16.703,77.8097,3,polisettipally
IN,India,India,509376,Japtisadaguda,Telangana,40,Mahabub Nagar,538,Uppanunthala,,16.703,77.8097,3,japtisadaguda
IN,India,India,509376,Kamsanipally,Telangana,40,Mahabub Nagar,538,Uppununthala,,16.703,77.8097,3,kamsanipally
IN,India,India,509376,Penimilla,Telangana,40,Mahabub Nagar,538,Uppununthala,,16.703,77.8097,3,penimilla
IN,India,India,509380,Kamaluddinpur,Telangana,40,Mahabub Nagar,538,NA,,16.703,77.8097,3,kamaluddinpur
IN,India,India,509380,Laxmipally,Telangana,40,Mahabub Nagar,538,NA,,16.703,77.8097,3,laxmipally
IN,India,India,509380,Mamidimada,Telangana,40,Mahabub Nagar,538,NA,,16.703,77.8097,3,mamidimada
IN,India,India,509380,Manajipet,Telangana,40,Mahabub Nagar,538,NA,,16.703,77.8097,4,manajipet
IN,India,India,509380,Solipur,Telangana,40,Mahabub Nagar,538,NA,,16.703,77.8097,4,solipur
IN,India,India,509380,Parvathapuram,Telangana,40,Mahabub Nagar,538,NA,,16.703,77.8097,3,parvathapuram
IN,India,India,509380,Veeraipally,Telangana,40,Mahabub Nagar,538,NA,,16.703,77.8097,3,veeraipally
IN,India,India,509380,Vemula,Telangana,40,Mahabub Nagar,538,NA,,16.7847,78.3187,4,vemula
IN,India,India,509380,Ghanpur,Telangana,40,Mahabub Nagar,538,NA,,16.703,77.8097,4,ghanpur
IN,India,India,509380,Musapet,Telangana,40,Mahabub Nagar,538,NA,,16.6015,77.9804,4,musapet
IN,India,India,509381,Peddagudem,Telangana,40,Mahabub Nagar,538,Wanaparthy,,16.703,77.8097,4,peddagudem
IN,India,India,509381,Palem,Telangana,40,Mahabub Nagar,538,Kothakota,,16.703,77.8097,4,palem
IN,India,India,509381,Kothakota (Mahabub Nagar),Telangana,40,Mahabub Nagar,538,Kothakota,,16.703,77.8097,4,kothakota-mahabub-nagar
IN,India,India,509381,Sankireddypally,Telangana,40,Mahabub Nagar,538,Kothakota,,16.703,77.8097,3,sankireddypally
IN,India,India,509381,Amadabakula,Telangana,40,Mahabub Nagar,538,Kothakota,,16.703,77.8097,3,amadabakula
IN,India,India,509381,Rayanpet,Telangana,40,Mahabub Nagar,538,Kothakota,,16.703,77.8097,3,rayanpet
IN,India,India,509381,Kadukuntla,Telangana,40,Mahabub Nagar,538,Wanaparthy,,16.703,77.8097,3,kadukuntla
IN,India,India,509381,Kanimetta,Telangana,40,Mahabub Nagar,538,Kothakota,,16.703,77.8097,3,kanimetta
IN,India,India,509381,Rajapet,Telangana,40,Mahabub Nagar,538,Wanaparthy,,16.703,77.8097,4,rajapet
IN,India,India,509381,Kanmanur,Telangana,40,Mahabub Nagar,538,Peddamandadi,,16.703,77.8097,3,kanmanur
IN,India,India,509382,Bhutpur,Telangana,40,Mahabub Nagar,538,NA,,16.703,77.8097,4,bhutpur
IN,India,India,509382,Janampet,Telangana,40,Mahabub Nagar,538,NA,,16.6268,77.9848,4,janampet
IN,India,India,509382,Polkampally,Telangana,40,Mahabub Nagar,538,NA,,16.8646,78.0049,3,polkampally
IN,India,India,509382,Amistapur,Telangana,40,Mahabub Nagar,538,NA,,16.8646,78.0049,3,amistapur
IN,India,India,509382,Maddigatla,Telangana,40,Mahabub Nagar,538,NA,,16.8646,78.0049,3,maddigatla
IN,India,India,509382,Kothamolgara,Telangana,40,Mahabub Nagar,538,NA,,16.8646,78.0049,3,kothamolgara
IN,India,India,509382,Tatikonda,Telangana,40,Mahabub Nagar,538,NA,,16.8646,78.0049,3,tatikonda
IN,India,India,509382,Ponnakallu,Telangana,40,Mahabub Nagar,538,NA,,16.8646,78.0049,3,ponnakallu
IN,India,India,509382,Pedda Mungalched,Telangana,40,Mahabub Nagar,538,NA,,16.5095,77.9057,4,pedda-mungalched
IN,India,India,509382,Gajulapet,Telangana,40,Mahabub Nagar,538,NA,,16.8646,78.0049,3,gajulapet
IN,India,India,509382,Pothulmadugu,Telangana,40,Mahabub Nagar,538,NA,,16.8646,78.0049,3,pothulmadugu
IN,India,India,509382,Pathamolgara,Telangana,40,Mahabub Nagar,538,NA,,16.8646,78.0049,3,pathamolgara
IN,India,India,509382,Veltur,Telangana,40,Mahabub Nagar,538,NA,,16.8646,78.0049,3,veltur
IN,India,India,509382,Kandur,Telangana,40,Mahabub Nagar,538,NA,,16.5457,77.9756,4,kandur
IN,India,India,509382,Annasagar,Telangana,40,Mahabub Nagar,538,NA,,16.9441,77.9124,4,annasagar
IN,India,India,509382,Addakal,Telangana,40,Mahabub Nagar,538,NA,,16.507,77.9309,4,addakal
IN,India,India,509385,Gaggalapally,Telangana,40,Mahabub Nagar,538,Nagarkurnool,,16.703,77.8097,3,gaggalapally
IN,India,India,509385,Peddur,Telangana,40,Mahabub Nagar,538,Thelkapally,,16.703,77.8097,4,peddur
IN,India,India,509385,Mamidlapally,Telangana,40,Mahabub Nagar,538,Uppunuthala,,16.703,77.8097,3,mamidlapally
IN,India,India,509385,Manthati,Telangana,40,Mahabub Nagar,538,Nagarkurnool,,16.703,77.8097,3,manthati
IN,India,India,509385,Karvanga,Telangana,40,Mahabub Nagar,538,Thelkapally,,16.703,77.8097,3,karvanga
IN,India,India,509385,Peddapally,Telangana,40,Mahabub Nagar,538,Thelkapally,,16.703,77.8097,3,peddapally
IN,India,India,509385,Goureddipally,Telangana,40,Mahabub Nagar,538,Thelkapally,,16.703,77.8097,3,goureddipally
IN,India,India,509385,Puljala,Telangana,40,Mahabub Nagar,538,Nagarkurnool,,16.703,77.8097,3,puljala
IN,India,India,509385,Gouraram,Telangana,40,Mahabub Nagar,538,Thelkapally,,16.703,77.8097,3,gouraram
IN,India,India,509385,Gattunellikuduru,Telangana,40,Mahabub Nagar,538,Thelkapally,,16.703,77.8097,3,gattunellikuduru
IN,India,India,509385,Gaddampally,Telangana,40,Mahabub Nagar,538,Thelkapally,,16.703,77.8097,3,gaddampally
IN,India,India,509385,Rakonda,Telangana,40,Mahabub Nagar,538,Thelkapally,,16.703,77.8097,4,rakonda
IN,India,India,509385,Tallapally,Telangana,40,Mahabub Nagar,538,Thelkapally,,16.703,77.8097,3,tallapally
IN,India,India,509385,Thelkapally,Telangana,40,Mahabub Nagar,538,Thelkapally,,16.703,77.8097,3,thelkapally
IN,India,India,509385,Upparapally,Telangana,40,Mahabub Nagar,538,Uppanunthala,,16.703,77.8097,3,upparapally
IN,India,India,509385,Laknaram,Telangana,40,Mahabub Nagar,538,Thelkapally,,16.703,77.8097,3,laknaram
IN,India,India,509385,Laxmapur,Telangana,40,Mahabub Nagar,538,Uppunuthala,,16.703,77.8097,3,laxmapur
IN,India,India,509385,Jinkunta,Telangana,40,Mahabub Nagar,538,Balmoor,,16.703,77.8097,4,jinkunta
IN,India,India,509385,Malkapur,Telangana,40,Mahabub Nagar,538,Nagarkurnool,,16.8379,77.9624,4,malkapur
IN,India,India,509401,Kondareddipally,Telangana,40,Mahabub Nagar,538,Balmoor,,16.703,77.8097,3,kondareddipally
IN,India,India,509401,Lingala (Mahabub Nagar),Telangana,40,Mahabub Nagar,538,Lingala,,16.703,77.8097,3,lingala-mahabub-nagar
IN,India,India,509401,Kondanagula,Telangana,40,Mahabub Nagar,538,Balmoor,,16.703,77.8097,3,kondanagula
IN,India,India,509401,Dhararam,Telangana,40,Mahabub Nagar,538,Lingal,,16.703,77.8097,3,dhararam
IN,India,India,509401,Banala,Telangana,40,Mahabub Nagar,538,Balmoor,,16.703,77.8097,3,banala
IN,India,India,509401,Balmoor,Telangana,40,Mahabub Nagar,538,Balmoor,,16.703,77.8097,3,balmoor
IN,India,India,509401,Ausalikunta,Telangana,40,Mahabub Nagar,538,Lingala,,16.703,77.8097,3,ausalikunta
IN,India,India,509401,Appayapally,Telangana,40,Mahabub Nagar,538,NA,,16.703,77.8097,3,appayapally
IN,India,India,509401,Ananthavaram,Telangana,40,Mahabub Nagar,538,Balmoor,,16.703,77.8097,3,ananthavaram
IN,India,India,509401,Surapuram,Telangana,40,Mahabub Nagar,538,Lingala,,16.703,77.8097,3,surapuram
IN,India,India,509401,Vallabhapur,Telangana,40,Mahabub Nagar,538,Lingal,,16.703,77.8097,3,vallabhapur
IN,India,India,509401,Yapatla,Telangana,40,Mahabub Nagar,538,Peddakothapally,,16.703,77.8097,3,yapatla
IN,India,India,509401,Komatikunta,Telangana,40,Mahabub Nagar,538,Lingal,,16.703,77.8097,4,komatikunta
IN,India,India,509401,Ambatpally,Telangana,40,Mahabub Nagar,538,Lingala,,16.703,77.8097,3,ambatpally
IN,India,India,509401,Chennampally,Telangana,40,Mahabub Nagar,538,NA,,16.703,77.8097,3,chennampally
IN,India,India,509401,Godal,Telangana,40,Mahabub Nagar,538,Balmoor,,16.703,77.8097,4,godal
IN,India,India,509406,Yelkicherla,Telangana,40,Mahabub Nagar,538,Boothpur,,16.703,77.8097,4,yelkicherla
IN,India,India,509406,Chegunta,Telangana,40,Mahabub Nagar,538,Thimmajipet,,16.703,77.8097,4,chegunta
IN,India,India,509406,Marrikal,Telangana,40,Mahabub Nagar,538,Thimmajipet,,16.703,77.8097,4,marrikal
IN,India,India,509406,Gumkonda,Telangana,40,Mahabub Nagar,538,Thimmajipet,,17.1253,78.3168,3,gumkonda
IN,India,India,509406,Bawajipally,Telangana,40,Mahabub Nagar,538,Thimmajipet,,17.1253,78.3168,3,bawajipally
IN,India,India,509406,Yedurepally,Telangana,40,Mahabub Nagar,538,Thimmajipet,,17.1253,78.3168,3,yedurepally
IN,India,India,509406,Ippalapally,Telangana,40,Mahabub Nagar,538,Thimmajipet,,17.1253,78.3168,3,ippalapally
IN,India,India,509406,Thimmajipet,Telangana,40,Mahabub Nagar,538,Thimmajipet,,17.1253,78.3168,3,thimmajipet
IN,India,India,509406,Gorita,Telangana,40,Mahabub Nagar,538,Thimmajipet,,17.1253,78.3168,3,gorita
IN,India,India,509406,Koduparthy,Telangana,40,Mahabub Nagar,538,Thimmajipet,,17.1253,78.3168,3,koduparthy
IN,India,India,509406,Marepally,Telangana,40,Mahabub Nagar,538,Thimmajipet,,17.1253,78.3168,3,marepally
IN,India,India,509406,Maddigatla,Telangana,40,Mahabub Nagar,538,Bhootpur,,17.1253,78.3168,3,maddigatla
IN,India,India,509406,Appajipally,Telangana,40,Mahabub Nagar,538,Thimmajipet,,17.1253,78.3168,3,appajipally
IN,India,India,509407,Kyathanpally,Telangana,40,Mahabub Nagar,538,NA,,16.703,77.8097,3,kyathanpally
IN,India,India,509407,Malreddy Pally,Telangana,40,Mahabub Nagar,538,NA,,16.8243,77.7929,3,malreddy-pally
IN,India,India,509407,Narsapur,Telangana,40,Mahabub Nagar,538,NA,,16.7094,77.9633,4,narsapur
IN,India,India,509407,Damargidda,Telangana,40,Mahabub Nagar,538,NA,,16.8194,77.5029,4,damargidda
IN,India,India,509407,Bommanpad,Telangana,40,Mahabub Nagar,538,NA,,16.8243,77.7929,3,bommanpad
IN,India,India,509407,Lokurthy,Telangana,40,Mahabub Nagar,538,NA,,16.8243,77.7929,3,lokurthy
IN,India,India,509407,Bapanpally,Telangana,40,Mahabub Nagar,538,NA,,16.8243,77.7929,3,bapanpally
IN,India,India,509407,Gudimunkan Pally,Telangana,40,Mahabub Nagar,538,NA,,16.8243,77.7929,3,gudimunkan-pally
IN,India,India,509407,Kamsanpally,Telangana,40,Mahabub Nagar,538,NA,,16.8243,77.7929,3,kamsanpally
IN,India,India,509407,Kandanpally,Telangana,40,Mahabub Nagar,538,NA,,16.8243,77.7929,3,kandanpally
IN,India,India,509407,Kankurthy,Telangana,40,Mahabub Nagar,538,NA,,16.8243,77.7929,3,kankurthy
IN,India,India,509407,Udamalgidda,Telangana,40,Mahabub Nagar,538,NA,,16.8243,77.7929,3,udamalgidda
IN,India,India,509407,Wathugundla,Telangana,40,Mahabub Nagar,538,NA,,16.8243,77.7929,3,wathugundla
IN,India,India,509407,Annasagar,Telangana,40,Mahabub Nagar,538,NA,,16.9441,77.9124,4,annasagar
IN,India,India,509408,Alwal,Telangana,40,Mahabub Nagar,538,Keshampet,,16.703,77.8097,4,alwal
IN,India,India,509408,Kothapeta,Telangana,40,Mahabub Nagar,538,Keshampet,,16.703,77.8097,4,kothapeta
IN,India,India,509408,Pedda-adirala,Telangana,40,Mahabub Nagar,538,Jadcherla,,16.8493,78.2998,4,pedda-adirala
IN,India,India,509408,Kakunur,Telangana,40,Mahabub Nagar,538,Keshampet,,16.703,77.8097,3,kakunur
IN,India,India,509408,Chinnarevally,Telangana,40,Mahabub Nagar,538,Balanagar,,16.703,77.8097,3,chinnarevally
IN,India,India,509408,Vemulanarva,Telangana,40,Mahabub Nagar,538,Keshampet,,16.703,77.8097,3,vemulanarva
IN,India,India,509408,Santhapur,Telangana,40,Mahabub Nagar,538,Keshampet,,16.703,77.8097,3,santhapur
IN,India,India,509408,Eklaskhanpet,Telangana,40,Mahabub Nagar,538,Keshampet,,16.703,77.8097,3,eklaskhanpet
IN,India,India,509408,Chowlapally,Telangana,40,Mahabub Nagar,538,Keshampet,,16.703,77.8097,3,chowlapally
IN,India,India,509408,Thommidirekula,Telangana,40,Mahabub Nagar,538,Keshampet,,16.703,77.8097,3,thommidirekula
IN,India,India,509408,Peddarevally,Telangana,40,Mahabub Nagar,538,Balanagar,,16.703,77.8097,3,peddarevally
IN,India,India,509408,Nidadavelli,Telangana,40,Mahabub Nagar,538,Keshampet,,16.703,77.8097,3,nidadavelli
IN,India,India,509408,Padakal,Telangana,40,Mahabub Nagar,538,Talakondapally,,16.703,77.8097,3,padakal
IN,India,India,509408,Ravichedu,Telangana,40,Mahabub Nagar,538,Talakondapally,,16.703,77.8097,3,ravichedu
IN,India,India,509408,Keshampet,Telangana,40,Mahabub Nagar,538,Keshampet,,16.703,77.8097,4,keshampet
IN,India,India,509409,Gurakonda,Telangana,40,Mahabub Nagar,538,NA,,16.6267,77.8048,4,gurakonda
IN,India,India,509409,Pallamarri,Telangana,40,Mahabub Nagar,538,NA,,16.5607,77.8025,4,pallamarri
IN,India,India,509409,Jinnaram,Telangana,40,Mahabub Nagar,538,NA,,16.5464,77.7352,4,jinnaram
IN,India,India,509409,Nellikondi,Telangana,40,Mahabub Nagar,538,NA,,16.5771,77.7771,3,nellikondi
IN,India,India,509409,Waddeman,Telangana,40,Mahabub Nagar,538,NA,,16.5771,77.7771,3,waddeman
IN,India,India,509409,Lalkot,Telangana,40,Mahabub Nagar,538,NA,,16.5771,77.7771,3,lalkot
IN,India,India,509409,Bandarpally,Telangana,40,Mahabub Nagar,538,NA,,16.5771,77.7771,3,bandarpally
IN,India,India,509409,P.C.Kunta,Telangana,40,Mahabub Nagar,538,NA,,16.5771,77.7771,3,p-c-kunta
IN,India,India,509409,Damganpur,Telangana,40,Mahabub Nagar,538,NA,,16.5771,77.7771,3,damganpur
IN,India,India,509409,Fareedpur,Telangana,40,Mahabub Nagar,538,NA,,16.5771,77.7771,3,fareedpur
IN,India,India,509409,Rakonda,Telangana,40,Mahabub Nagar,538,NA,,16.6315,77.7917,4,rakonda
IN,India,India,509409,Chittanur,Telangana,40,Mahabub Nagar,538,NA,,16.5204,77.7513,4,chittanur
IN,India,India,509410,Chinchod,Telangana,40,Mahabub Nagar,538,Farooqnqgar,,16.703,77.8097,4,chinchod
IN,India,India,509410,Chowlapally,Telangana,40,Mahabub Nagar,538,Farooqnagar,,16.703,77.8097,3,chowlapally
IN,India,India,509410,Pidikiryal,Telangana,40,Mahabub Nagar,538,Farooqnagar,,16.703,77.8097,4,pidikiryal
IN,India,India,509410,Srirangapur,Telangana,40,Mahabub Nagar,538,Kondurgu,,16.703,77.8097,4,srirangapur
IN,India,India,509410,Mogalgidda,Telangana,40,Mahabub Nagar,538,Farooqnagar,,16.703,77.8097,3,mogalgidda
IN,India,India,509410,Yelikatta,Telangana,40,Mahabub Nagar,538,Farooqnagar,,16.703,77.8097,3,yelikatta
IN,India,India,509411,Renwatla,Telangana,40,Mahabub Nagar,538,NA,,16.703,77.8097,3,renwatla
IN,India,India,509411,Pedripadu,Telangana,40,Mahabub Nagar,538,NA,,16.703,77.8097,3,pedripadu
IN,India,India,509411,Pallerla,Telangana,40,Mahabub Nagar,538,NA,,16.703,77.8097,4,pallerla
IN,India,India,509411,Damganpur,Telangana,40,Mahabub Nagar,538,NA,,16.703,77.8097,3,damganpur
IN,India,India,509411,Dorepally,Telangana,40,Mahabub Nagar,538,NA,,16.703,77.8097,3,dorepally
IN,India,India,509411,Kothapally,Telangana,40,Mahabub Nagar,538,NA,,16.703,77.8097,3,kothapally
IN,India,India,509411,Nidijinta,Telangana,40,Mahabub Nagar,538,NA,,16.8344,77.6695,4,nidijinta
IN,India,India,509411,Maddur (Mahabub Nagar),Telangana,40,Mahabub Nagar,538,NA,,16.8605,77.6124,4,maddur-mahabub-nagar
IN,India,India,509411,Bhuneed,Telangana,40,Mahabub Nagar,538,NA,,16.703,77.8097,3,bhuneed
IN,India,India,509412,Satapur,Telangana,40,Mahabub Nagar,538,Peddakothapally,,16.703,77.8097,3,satapur
IN,India,India,509412,Aleru,Telangana,40,Mahabub Nagar,538,Thelkapally,,16.703,77.8097,4,aleru
IN,India,India,509412,Jonnalabogada,Telangana,40,Mahabub Nagar,538,Peddakothapally,,16.703,77.8097,3,jonnalabogada
IN,India,India,509412,Marikal,Telangana,40,Mahabub Nagar,538,Peddakothapally,,16.9221,77.9873,4,marikal
IN,India,India,509412,D.Thirumalapur,Telangana,40,Mahabub Nagar,538,Peddakothapally,,16.703,77.8097,3,d-thirumalapur
IN,India,India,509412,Peddakothapally,Telangana,40,Mahabub Nagar,538,Peddakothapally,,16.703,77.8097,3,peddakothapally
IN,India,India,509412,Pasupula,Telangana,40,Mahabub Nagar,538,Peddakothapally,,16.703,77.8097,3,pasupula
IN,India,India,509412,Mustipally,Telangana,40,Mahabub Nagar,538,Peddakothapally,,16.703,77.8097,3,mustipally
IN,India,India,509412,Peddakarpamula,Telangana,40,Mahabub Nagar,538,Peddakothapally,,16.703,77.8097,3,peddakarpamula
IN,India,India,509412,Ganyagula,Telangana,40,Mahabub Nagar,538,Nagarkurnool,,16.703,77.8097,3,ganyagula
IN,India,India,509412,Muddunurkalan,Telangana,40,Mahabub Nagar,538,Peddakothapally,,16.703,77.8097,3,muddunurkalan
IN,India,India,509412,Gantaraopally,Telangana,40,Mahabub Nagar,538,Peddakothapally,,16.703,77.8097,3,gantaraopally
IN,India,India,509412,Vattipally,Telangana,40,Mahabub Nagar,538,Thelkapally,,16.703,77.8097,3,vattipally
IN,India,India,509412,Chandrakal,Telangana,40,Mahabub Nagar,538,Peddakothapally,,16.703,77.8097,4,chandrakal
IN,India,India,508001,Clock Tower (Nalgonda),Telangana,40,Nalgonda,539,Nalgonda,,17.0848,79.2439,1,clock-tower-nalgonda
IN,India,India,508001,Bottuguda,Telangana,40,Nalgonda,539,Nalgonda,,17.0848,79.2439,1,bottuguda
IN,India,India,508001,Manyamchelka,Telangana,40,Nalgonda,539,Nalgonda,,17.0848,79.2439,1,manyamchelka
IN,India,India,508001,Oldabadi,Telangana,40,Nalgonda,539,Nalgonda,,17.0848,79.2439,1,oldabadi
IN,India,India,508001,Nalgonda H.O,Telangana,40,Nalgonda,539,Nalgonda,,17.0848,79.2439,1,nalgonda-h-o
IN,India,India,508002,Pangal,Telangana,40,Nalgonda,539,Nalgonda,,17.0778,79.287,4,pangal
IN,India,India,508002,Appajipet,Telangana,40,Nalgonda,539,NA,,17.1087,79.1688,4,appajipet
IN,India,India,508002,Marriguda,Telangana,40,Nalgonda,539,NA,,17.0902,79.2467,4,marriguda
IN,India,India,508002,Cherlapally,Telangana,40,Nalgonda,539,NA,,17.0848,79.2439,3,cherlapally
IN,India,India,508002,Kanchana Palli,Telangana,40,Nalgonda,539,NA,,17.0848,79.2439,3,kanchana-palli
IN,India,India,508002,Dandampally,Telangana,40,Nalgonda,539,NA,,17.0848,79.2439,3,dandampally
IN,India,India,508002,Ramagiri,Telangana,40,Nalgonda,539,Nalgonda,,17.0624,79.2729,4,ramagiri
IN,India,India,508002,Kesharajpally,Telangana,40,Nalgonda,539,NA,,17.0848,79.2439,3,kesharajpally
IN,India,India,508002,Kakula Kondaram,Telangana,40,Nalgonda,539,NA,,17.0848,79.2439,3,kakula-kondaram
IN,India,India,508004,Cherla Gouraram,Telangana,40,Nalgonda,539,Nalgonda,,17.0848,79.2439,1,cherla-gouraram
IN,India,India,508004,Pagidimarry,Telangana,40,Nalgonda,539,Nalgonda,,17.0848,79.2439,1,pagidimarry
IN,India,India,508004,Dorepally,Telangana,40,Nalgonda,539,Nalgonda,,17.0848,79.2439,1,dorepally
IN,India,India,508004,Slbc,Telangana,40,Nalgonda,539,Nalgonda,,17.0848,79.2439,1,slbc
IN,India,India,508101,Kollur,Telangana,40,Nalgonda,539,Nalgonda,,16.876,79.2009,4,kollur
IN,India,India,508101,Sharjipet,Telangana,40,Nalgonda,539,Nalgonda,,16.876,79.2009,3,sharjipet
IN,India,India,508101,Marripadaga,Telangana,40,Nalgonda,539,Nalgonda,,16.876,79.2009,3,marripadaga
IN,India,India,508101,Seetharampur,Telangana,40,Nalgonda,539,Nalgonda,,16.876,79.2009,3,seetharampur
IN,India,India,508101,Anantharam,Telangana,40,Nalgonda,539,Nalgonda,,16.876,79.2009,3,anantharam
IN,India,India,508101,Tangutoor,Telangana,40,Nalgonda,539,Nalgonda,,16.876,79.2009,3,tangutoor
IN,India,India,508101,Kolanpaka,Telangana,40,Nalgonda,539,Nalgonda,,16.876,79.2009,3,kolanpaka
IN,India,India,508101,Velamjala,Telangana,40,Nalgonda,539,Nalgonda,,16.876,79.2009,3,velamjala
IN,India,India,508101,Golankonda,Telangana,40,Nalgonda,539,Nalgonda,,16.876,79.2009,4,golankonda
IN,India,India,508101,Alair,Telangana,40,Nalgonda,539,Alair,,16.876,79.2009,3,alair
IN,India,India,508105,Somaram,Telangana,40,Nalgonda,539,Nalgonda,,16.876,79.2009,4,somaram
IN,India,India,508105,Raghunathpur (Nalgonda),Telangana,40,Nalgonda,539,Bhongir,,16.876,79.2009,3,raghunathpur-nalgonda
IN,India,India,508105,Bondugula,Telangana,40,Nalgonda,539,Nalgonda,,16.876,79.2009,3,bondugula
IN,India,India,508105,Namila,Telangana,40,Nalgonda,539,Nalgonda,,16.876,79.2009,3,namila
IN,India,India,508105,Pamukunta,Telangana,40,Nalgonda,539,Nalgonda,,16.876,79.2009,3,pamukunta
IN,India,India,508105,Begumpeta,Telangana,40,Nalgonda,539,Nalgonda,,16.876,79.2009,3,begumpeta
IN,India,India,508105,Renikunta,Telangana,40,Nalgonda,539,NA,,16.876,79.2009,3,renikunta
IN,India,India,508105,Gowraipally,Telangana,40,Nalgonda,539,Nalgonda,,16.876,79.2009,3,gowraipally
IN,India,India,508105,Jala Singaram,Telangana,40,Nalgonda,539,NA,,16.876,79.2009,3,jala-singaram
IN,India,India,508105,Parupally,Telangana,40,Nalgonda,539,Nalgonda,,16.876,79.2009,3,parupally
IN,India,India,508105,Rajapeta,Telangana,40,Nalgonda,539,Nalgonda,,16.876,79.2009,4,rajapeta
IN,India,India,508105,Dudi Venkatapur,Telangana,40,Nalgonda,539,NA,,16.876,79.2009,3,dudi-venkatapur
IN,India,India,508105,Challur,Telangana,40,Nalgonda,539,Nalgonda,,16.876,79.2009,4,challur
IN,India,India,508111,Paladugu,Telangana,40,Nalgonda,539,Nalgonda,,16.876,79.2009,4,paladugu
IN,India,India,508111,Duppally,Telangana,40,Nalgonda,539,Nalgonda,,16.876,79.2009,3,duppally
IN,India,India,508111,Katepally,Telangana,40,Nalgonda,539,Nalgonda,,16.876,79.2009,3,katepally
IN,India,India,508111,Chandepally,Telangana,40,Nalgonda,539,Nalgonda,,16.876,79.2009,3,chandepally
IN,India,India,508111,Rahimkhanpeta,Telangana,40,Nalgonda,539,Nalgonda,,16.876,79.2009,3,rahimkhanpeta
IN,India,India,508111,Muripirala,Telangana,40,Nalgonda,539,Nalgonda,,16.876,79.2009,3,muripirala
IN,India,India,508111,Kurella,Telangana,40,Nalgonda,539,Nalgonda,,16.876,79.2009,4,kurella
IN,India,India,508111,Kapraipally,Telangana,40,Nalgonda,539,Nalgonda,,16.876,79.2009,3,kapraipally
IN,India,India,508111,Sarvepally,Telangana,40,Nalgonda,539,Nalgonda,,16.876,79.2009,3,sarvepally
IN,India,India,508111,Theriala,Telangana,40,Nalgonda,539,Nalgonda,,16.876,79.2009,3,theriala
IN,India,India,508111,Koratikal,Telangana,40,Nalgonda,539,Nalgonda,,16.876,79.2009,4,koratikal
IN,India,India,508111,Athmakur,Telangana,40,Nalgonda,539,Nalgonda,,16.876,79.2009,3,athmakur
IN,India,India,508111,Chada,Telangana,40,Nalgonda,539,Nalgonda,,16.876,79.2009,4,chada
IN,India,India,508111,Pallepahad,Telangana,40,Nalgonda,539,Nalgonda,,17.3179,79.2673,4,pallepahad
IN,India,India,508111,Parupally,Telangana,40,Nalgonda,539,Nalgonda,,16.876,79.2009,3,parupally
IN,India,India,508111,Pallerla,Telangana,40,Nalgonda,539,Nalgonda,,16.876,79.2009,4,pallerla
IN,India,India,508112,Nagaram,Telangana,40,Nalgonda,539,Bb,,16.876,79.2009,4,nagaram
IN,India,India,508112,M.Turkapally,Telangana,40,Nalgonda,539,NA,,16.876,79.2009,3,m-turkapally
IN,India,India,508112,Goparajupally,Telangana,40,Nalgonda,539,NA,,16.876,79.2009,3,goparajupally
IN,India,India,508112,Vemulakonda,Telangana,40,Nalgonda,539,NA,,16.876,79.2009,4,vemulakonda
IN,India,India,508112,Mogilipaka,Telangana,40,Nalgonda,539,Cc,,16.876,79.2009,3,mogilipaka
IN,India,India,508112,Arroor,Telangana,40,Nalgonda,539,Nalgonda,,16.876,79.2009,3,arroor
IN,India,India,508112,Velwarthy,Telangana,40,Nalgonda,539,NA,,16.876,79.2009,3,velwarthy
IN,India,India,508112,Tummalaguda,Telangana,40,Nalgonda,539,Nalgonda,,16.876,79.2009,3,tummalaguda
IN,India,India,508112,Sunkisala,Telangana,40,Nalgonda,539,NA,,16.876,79.2009,3,sunkisala
IN,India,India,508112,Peddatoor,Telangana,40,Nalgonda,539,Cxc,,16.876,79.2009,3,peddatoor
IN,India,India,508112,Edullaguda,Telangana,40,Nalgonda,539,Nalgonda,,16.876,79.2009,3,edullaguda
IN,India,India,508112,Chittapur,Telangana,40,Nalgonda,539,Nalgonda,,16.876,79.2009,4,chittapur
IN,India,India,508112,Valigonda,Telangana,40,Nalgonda,539,Valigonda,,16.876,79.2009,4,valigonda
IN,India,India,508113,Siripuram,Telangana,40,Nalgonda,539,NA,,16.876,79.2009,4,siripuram
IN,India,India,508113,Kakkireni,Telangana,40,Nalgonda,539,NA,,16.876,79.2009,4,kakkireni
IN,India,India,508113,Munipampula,Telangana,40,Nalgonda,539,NA,,16.876,79.2009,4,munipampula
IN,India,India,508113,Suraram,Telangana,40,Nalgonda,539,Cc,,16.876,79.2009,4,suraram
IN,India,India,508113,Ramannnapeta,Telangana,40,Nalgonda,539,Ramannapeta So,,17.4054,79.1863,3,ramannnapeta
IN,India,India,508113,Shobanadripuram,Telangana,40,Nalgonda,539,Nalgonda,,17.4054,79.1863,3,shobanadripuram
IN,India,India,508113,Laxmapur,Telangana,40,Nalgonda,539,NA,,17.4054,79.1863,3,laxmapur
IN,India,India,508113,Bogaram,Telangana,40,Nalgonda,539,Nalgodna,,17.4054,79.1863,3,bogaram
IN,India,India,508113,Yellanki,Telangana,40,Nalgonda,539,NA,,17.4054,79.1863,3,yellanki
IN,India,India,508113,Dubbaka,Telangana,40,Nalgonda,539,NA,,17.4054,79.1863,3,dubbaka
IN,India,India,508113,Iskilla Boi,Telangana,40,Nalgonda,539,NA,,17.4054,79.1863,3,iskilla-boi
IN,India,India,508113,Janampally,Telangana,40,Nalgonda,539,NA,,17.4054,79.1863,3,janampally
IN,India,India,508113,Pallivada,Telangana,40,Nalgonda,539,Nalgonda,,17.4054,79.1863,3,pallivada
IN,India,India,508113,Yennaram,Telangana,40,Nalgonda,539,Nalgodna,,17.4054,79.1863,3,yennaram
IN,India,India,508114,Mandra,Telangana,40,Nalgonda,539,Nalgonda,,17.2522,79.1899,4,mandra
IN,India,India,508114,Gundrampally,Telangana,40,Nalgonda,539,Nalgonda,,16.876,79.2009,3,gundrampally
IN,India,India,508114,Pedakaparthy,Telangana,40,Nalgonda,539,Nalgonda,,16.876,79.2009,3,pedakaparthy
IN,India,India,508114,Sivaneniguda,Telangana,40,Nalgonda,539,Nalgonda,,16.876,79.2009,3,sivaneniguda
IN,India,India,508114,Yelikatta,Telangana,40,Nalgonda,539,Nalgonda,,16.876,79.2009,3,yelikatta
IN,India,India,508114,Vanipakala,Telangana,40,Nalgonda,539,Nalgonda,,16.876,79.2009,3,vanipakala
IN,India,India,508114,Urumadla,Telangana,40,Nalgonda,539,Nalgonda,,16.876,79.2009,3,urumadla
IN,India,India,508114,Merada,Telangana,40,Nalgonda,539,Nalgonda,,16.876,79.2009,3,merada
IN,India,India,508114,Kistapur,Telangana,40,Nalgonda,539,Nalgonda,,16.876,79.2009,4,kistapur
IN,India,India,508114,Veliminedu,Telangana,40,Nalgonda,539,Nalgonda,,16.876,79.2009,3,veliminedu
IN,India,India,508114,Perepally,Telangana,40,Nalgonda,539,Nalgonda,,16.876,79.2009,3,perepally
IN,India,India,508114,Brahmana Vellemla,Telangana,40,Nalgonda,539,Nalgonda,,16.876,79.2009,3,brahmana-vellemla
IN,India,India,508114,Kaparthy Khurd,Telangana,40,Nalgonda,539,Nalgonda,,16.876,79.2009,3,kaparthy-khurd
IN,India,India,508114,Chityala,Telangana,40,Nalgonda,539,Nalgonda,,16.876,79.2009,3,chityala
IN,India,India,508114,Aipur,Telangana,40,Nalgonda,539,Nalgonda,,16.876,79.2009,3,aipur
IN,India,India,508115,Dattaipally,Telangana,40,Nalgonda,539,NA,,16.876,79.2009,3,dattaipally
IN,India,India,508115,Turkapalli,Telangana,40,Nalgonda,539,Bhongir,,16.876,79.2009,4,turkapalli
IN,India,India,508115,Ibrahimpur,Telangana,40,Nalgonda,539,NA,,16.876,79.2009,4,ibrahimpur
IN,India,India,508115,Yadgarpalli,Telangana,40,Nalgonda,539,Yadagarigutta,,16.8333,79.5833,4,yadgarpalli
IN,India,India,508115,Yadagirigutta,Telangana,40,Nalgonda,539,Yadagirigutta,,16.876,79.2009,4,yadagirigutta
IN,India,India,508115,Kachamram,Telangana,40,Nalgonda,539,NA,,16.876,79.2009,3,kachamram
IN,India,India,508115,Jangampally,Telangana,40,Nalgonda,539,NA,,16.876,79.2009,3,jangampally
IN,India,India,508115,Venkatpur,Telangana,40,Nalgonda,539,Nalgonda,,16.876,79.2009,3,venkatpur
IN,India,India,508115,Gandhamalla,Telangana,40,Nalgonda,539,Nalgonda,,16.876,79.2009,3,gandhamalla
IN,India,India,508115,Dattarpally,Telangana,40,Nalgonda,539,Yadagarigutta,,16.876,79.2009,3,dattarpally
IN,India,India,508115,Vasalmarry,Telangana,40,Nalgonda,539,Nalgonda,,16.876,79.2009,3,vasalmarry
IN,India,India,508115,Veerareddypally,Telangana,40,Nalgonda,539,Nalgonda,,16.876,79.2009,3,veerareddypally
IN,India,India,508115,Saidapuram,Telangana,40,Nalgonda,539,NA,,16.876,79.2009,3,saidapuram
IN,India,India,508115,Masaipet,Telangana,40,Nalgonda,539,NA,,16.876,79.2009,4,masaipet
IN,India,India,508115,Mallapur,Telangana,40,Nalgonda,539,NA,,16.876,79.2009,4,mallapur
IN,India,India,508116,Bhongir H.O,Telangana,40,Nalgonda,539,Bhongiri,,16.876,79.2009,1,bhongir-h-o
IN,India,India,508117,Madhapur,Telangana,40,Nalgonda,539,Nalgonda,,16.876,79.2009,4,madhapur
IN,India,India,508117,Anatharam,Telangana,40,Nalgonda,539,Nalgonda,,16.876,79.2009,3,anatharam
IN,India,India,508117,Baswapur,Telangana,40,Nalgonda,539,Nalgonda,,16.876,79.2009,4,baswapur
IN,India,India,508117,Pallepahad,Telangana,40,Nalgonda,539,Nalgonda,,17.3179,79.2673,4,pallepahad
IN,India,India,508117,Town Bhongiri,Telangana,40,Nalgonda,539,Bhongir,,16.876,79.2009,3,town-bhongiri
IN,India,India,508117,Wadaparthy,Telangana,40,Nalgonda,539,NA,,16.876,79.2009,3,wadaparthy
IN,India,India,508117,Maryal,Telangana,40,Nalgonda,539,Nalgonda,,16.876,79.2009,3,maryal
IN,India,India,508117,Medipally,Telangana,40,Nalgonda,539,Nalgonda,,16.876,79.2009,3,medipally
IN,India,India,508117,Bhongir Gunj,Telangana,40,Nalgonda,539,Bhongir,,16.876,79.2009,3,bhongir-gunj
IN,India,India,508117,Chikatimamidi,Telangana,40,Nalgonda,539,Nalgonda,,16.876,79.2009,3,chikatimamidi
IN,India,India,508117,Hanumapur,Telangana,40,Nalgonda,539,Cc,,16.876,79.2009,3,hanumapur
IN,India,India,508117,Pyararam,Telangana,40,Nalgonda,539,Nalgnda,,16.876,79.2009,3,pyararam
IN,India,India,508117,Rustapur,Telangana,40,Nalgonda,539,Nalgonda,,16.876,79.2009,3,rustapur
IN,India,India,508126,Bommalaramaram,Telangana,40,Nalgonda,539,Nalgolnda,,16.876,79.2009,3,bommalaramaram
IN,India,India,508126,Naginenipally,Telangana,40,Nalgonda,539,Nalgonda,,16.876,79.2009,3,naginenipally
IN,India,India,508126,Brahmanapally,Telangana,40,Nalgonda,539,Bibinagar,,16.876,79.2009,3,brahmanapally
IN,India,India,508126,Rahgavapur,Telangana,40,Nalgonda,539,Nalgonda,,16.876,79.2009,3,rahgavapur
IN,India,India,508126,Ramalingampally,Telangana,40,Nalgonda,539,Nalgonda,,16.876,79.2009,3,ramalingampally
IN,India,India,508126,Jainapally,Telangana,40,Nalgonda,539,Bibinagar,,16.876,79.2009,3,jainapally
IN,India,India,508126,Bhattugudem,Telangana,40,Nalgonda,539,Bibinagar,,16.876,79.2009,3,bhattugudem
IN,India,India,508126,Bibinagar,Telangana,40,Nalgonda,539,Bhongir,,16.876,79.2009,4,bibinagar
IN,India,India,508126,Jalapur,Telangana,40,Nalgonda,539,Nalgonda,,16.876,79.2009,3,jalapur
IN,India,India,508126,Jameelpet,Telangana,40,Nalgonda,539,Bibinagar,,16.876,79.2009,3,jameelpet
IN,India,India,508126,Inkriyala,Telangana,40,Nalgonda,539,Bibinagar,,16.876,79.2009,3,inkriyala
IN,India,India,508126,Kondamadugu,Telangana,40,Nalgonda,539,Nalgonda,,16.876,79.2009,3,kondamadugu
IN,India,India,508126,Hajipur,Telangana,40,Nalgonda,539,Nalgonda,,16.876,79.2009,4,hajipur
IN,India,India,508126,Gudur,Telangana,40,Nalgonda,539,Nalgonda,,16.876,79.2009,4,gudur
IN,India,India,508201,Ganugabanda,Telangana,40,Nalgonda,539,Huzurnagar,,16.876,79.2009,4,ganugabanda
IN,India,India,508201,Gaddipally,Telangana,40,Nalgonda,539,Huzurnagar,,16.876,79.2009,3,gaddipally
IN,India,India,508201,Kalmalacheruvu,Telangana,40,Nalgonda,539,Huzurnagar,,16.876,79.2009,3,kalmalacheruvu
IN,India,India,508201,Keethavarigudem,Telangana,40,Nalgonda,539,Huzurnagar,,16.876,79.2009,3,keethavarigudem
IN,India,India,508201,Lingala,Telangana,40,Nalgonda,539,Huzurnagar,,16.876,79.2009,4,lingala
IN,India,India,508201,Ponugode,Telangana,40,Nalgonda,539,Huzurnagar,,16.876,79.2009,3,ponugode
IN,India,India,508201,Garidepally,Telangana,40,Nalgonda,539,Huzurnagar,,16.876,79.2009,3,garidepally
IN,India,India,508201,Medaram,Telangana,40,Nalgonda,539,Huzurnagar,,16.876,79.2009,4,medaram
IN,India,India,508201,Tallamalkapuram,Telangana,40,Nalgonda,539,Huzurnagar,,16.876,79.2009,3,tallamalkapuram
IN,India,India,508201,Velidanda,Telangana,40,Nalgonda,539,Huzurnagar,,16.876,79.2009,3,velidanda
IN,India,India,508201,Rainiguda,Telangana,40,Nalgonda,539,Huzurnagar,,16.876,79.2009,3,rainiguda
IN,India,India,508202,Vijayapuri North,Telangana,40,Nalgonda,539,Nalgonda,,16.5853,79.3205,4,vijayapuri-north
IN,India,India,508202,Hill Colony,Telangana,40,Nalgonda,539,Anumula,,16.6087,79.3039,4,hill-colony
IN,India,India,508202,Chinthalapalem,Telangana,40,Nalgonda,539,Nalgonda,,16.597,79.3122,3,chinthalapalem
IN,India,India,508202,Nellikal,Telangana,40,Nalgonda,539,Nalgonda,,16.597,79.3122,3,nellikal
IN,India,India,508202,Powerhouse Hostel,Telangana,40,Nalgonda,539,Nalgonda,,16.597,79.3122,3,powerhouse-hostel
IN,India,India,508202,Chalakuthy,Telangana,40,Nalgonda,539,Nalgonda,,16.597,79.3122,3,chalakuthy
IN,India,India,508204,Raghunadhapalem,Telangana,40,Nalgonda,539,Huzurnagar,,16.876,79.2009,3,raghunadhapalem
IN,India,India,508204,Mattampally,Telangana,40,Nalgonda,539,Huzurnagar,,16.876,79.2009,3,mattampally
IN,India,India,508204,Wardhapuram,Telangana,40,Nalgonda,539,Huzurnagar,,16.876,79.2009,3,wardhapuram
IN,India,India,508204,Simhapuri,Telangana,40,Nalgonda,539,Huzurnagar,,16.876,79.2009,3,simhapuri
IN,India,India,508204,Karakkayala Gudem,Telangana,40,Nalgonda,539,Huzurnagar,,16.876,79.2009,3,karakkayala-gudem
IN,India,India,508204,Jerripothula Gudem,Telangana,40,Nalgonda,539,Huzurnagar,,16.876,79.2009,3,jerripothula-gudem
IN,India,India,508204,Choutapally,Telangana,40,Nalgonda,539,Huzurnagar,,16.876,79.2009,3,choutapally
IN,India,India,508204,Booruggadda,Telangana,40,Nalgonda,539,Huzurnagar,,16.876,79.2009,3,booruggadda
IN,India,India,508204,Bethavolu,Telangana,40,Nalgonda,539,Huzurnagar,,16.876,79.2009,3,bethavolu
IN,India,India,508204,Yathavakilla,Telangana,40,Nalgonda,539,Huzurnagar,,16.876,79.2009,3,yathavakilla
IN,India,India,508204,Kondapuram,Telangana,40,Nalgonda,539,Huzurnagar,,16.876,79.2009,4,kondapuram
IN,India,India,508204,Lingagiri,Telangana,40,Nalgonda,539,Huzurnagar,,16.876,79.2009,4,lingagiri
IN,India,India,508204,Huzurnagar,Telangana,40,Nalgonda,539,Huzurnagar,,16.876,79.2009,4,huzurnagar
IN,India,India,508204,Yepalasingaram,Telangana,40,Nalgonda,539,Huzurnagar,,16.876,79.2009,3,yepalasingaram
IN,India,India,508204,Sarvaram,Telangana,40,Nalgonda,539,Huzurnagar,,17.0351,79.4483,4,sarvaram
IN,India,India,508204,Amaravaram,Telangana,40,Nalgonda,539,Huzurnagar,,16.876,79.2009,4,amaravaram
IN,India,India,508204,Pedaveedu,Telangana,40,Nalgonda,539,Huzurnagar,,16.876,79.2009,3,pedaveedu
IN,India,India,508204,Lakkavaram,Telangana,40,Nalgonda,539,Huzurnagar,,16.876,79.2009,4,lakkavaram
IN,India,India,508204,Gundlapally,Telangana,40,Nalgonda,539,Huzurnagar,,16.5622,78.7106,4,gundlapally
IN,India,India,508205,Aitipamula,Telangana,40,Nalgonda,539,Nalgonda,,17.2101,79.2979,3,aitipamula
IN,India,India,508205,Parada,Telangana,40,Nalgonda,539,Nalgonda,,17.2193,79.2828,4,parada
IN,India,India,508205,Kattangur,Telangana,40,Nalgonda,539,Nalgonda,,17.2101,79.2979,3,kattangur
IN,India,India,508205,Shapally,Telangana,40,Nalgonda,539,Nalgonda,,17.2101,79.2979,3,shapally
IN,India,India,508205,Bollepally,Telangana,40,Nalgonda,539,Nalgonda,,17.2101,79.2979,3,bollepally
IN,India,India,508205,Kurumarthy,Telangana,40,Nalgonda,539,Nalgonda,,17.2101,79.2979,3,kurumarthy
IN,India,India,508205,Chandanapally,Telangana,40,Nalgonda,539,Nalgonda,,17.2101,79.2979,3,chandanapally
IN,India,India,508205,Dugenevally,Telangana,40,Nalgonda,539,Nalgonda,,17.2101,79.2979,3,dugenevally
IN,India,India,508205,Eduloor,Telangana,40,Nalgonda,539,Nalgonda,,17.2101,79.2979,3,eduloor
IN,India,India,508205,Munukuntla,Telangana,40,Nalgonda,539,Nalgonda,,17.2008,79.3131,4,munukuntla
IN,India,India,508205,Chervuannaram,Telangana,40,Nalgonda,539,Nalgonda,,17.2101,79.2979,3,chervuannaram
IN,India,India,508206,Chilkur,Telangana,40,Nalgonda,539,Huzurnagar,,16.876,79.2009,4,chilkur
IN,India,India,508206,Chimiryala,Telangana,40,Nalgonda,539,Huzurnagar,,16.876,79.2009,3,chimiryala
IN,India,India,508206,Shantinagar,Telangana,40,Nalgonda,539,Huzurnagar,,16.876,79.2009,4,shantinagar
IN,India,India,508206,Palavaram,Telangana,40,Nalgonda,539,Huzurnagar,,16.876,79.2009,3,palavaram
IN,India,India,508206,"X Roads,Kodad",Telangana,40,Nalgonda,539,Huzurnagar,,16.876,79.2009,3,x-roads-kodad
IN,India,India,508206,Mogalaikota,Telangana,40,Nalgonda,539,Huzurnagar,,16.876,79.2009,3,mogalaikota
IN,India,India,508206,Ananthagiri,Telangana,40,Nalgonda,539,Huzurnagar,,16.876,79.2009,3,ananthagiri
IN,India,India,508206,Redlakunta,Telangana,40,Nalgonda,539,Huzurnagar,,16.876,79.2009,3,redlakunta
IN,India,India,508206,Komarabanda,Telangana,40,Nalgonda,539,Huzurnagar,,16.876,79.2009,3,komarabanda
IN,India,India,508206,Thammara,Telangana,40,Nalgonda,539,Huzurnagar,,16.876,79.2009,3,thammara
IN,India,India,508206,Ameenabad,Telangana,40,Nalgonda,539,NA,,16.876,79.2009,3,ameenabad
IN,India,India,508206,Chanupally,Telangana,40,Nalgonda,539,Huzurnagar,,16.876,79.2009,3,chanupally
IN,India,India,508206,Kodad,Telangana,40,Nalgonda,539,Kodad,,16.876,79.2009,3,kodad
IN,India,India,508206,Singavaram,Telangana,40,Nalgonda,539,Huzurnagar,,16.876,79.2009,4,singavaram
IN,India,India,508206,Venkatramapuram,Telangana,40,Nalgonda,539,Huzurnagar,,16.876,79.2009,3,venkatramapuram
IN,India,India,508206,Gondriyala,Telangana,40,Nalgonda,539,Huzurnagar,,16.876,79.2009,3,gondriyala
IN,India,India,508206,Dwarakunta,Telangana,40,Nalgonda,539,Huzurnagar,,16.876,79.2009,3,dwarakunta
IN,India,India,508206,Ramapuram,Telangana,40,Nalgonda,539,Huzurnagar,,16.876,79.2009,4,ramapuram
IN,India,India,508206,Nallabandagudem,Telangana,40,Nalgonda,539,Huzurnagar,,16.876,79.2009,4,nallabandagudem
IN,India,India,508206,Balajinagar,Telangana,40,Nalgonda,539,Kodad,,16.876,79.2009,4,balajinagar
IN,India,India,508207,Miryalguda H.O,Telangana,40,Nalgonda,539,Miryalguda,,17.1406,79.549,1,miryalguda-h-o
IN,India,India,508208,Adavdevulapally,Telangana,40,Nalgonda,539,Miryalguda,,16.876,79.2009,3,adavdevulapally
IN,India,India,508208,Molkacharla,Telangana,40,Nalgonda,539,Miryalguda,,16.876,79.2009,3,molkacharla
IN,India,India,508208,Chennaipalem,Telangana,40,Nalgonda,539,Miryalguda,,16.876,79.2009,3,chennaipalem
IN,India,India,508208,Gudur,Telangana,40,Nalgonda,539,Miryalguda,,16.876,79.2009,4,gudur
IN,India,India,508208,Thungapahad,Telangana,40,Nalgonda,539,Miryalguda,,16.876,79.2009,3,thungapahad
IN,India,India,508208,Rayini Palem,Telangana,40,Nalgonda,539,Miryalguda,,16.876,79.2009,3,rayini-palem
IN,India,India,508208,Tripuraram,Telangana,40,Nalgonda,539,Miryalguda,,16.876,79.2009,3,tripuraram
IN,India,India,508208,Ragadapa,Telangana,40,Nalgonda,539,Miryalguda,,16.876,79.2009,3,ragadapa
IN,India,India,508208,Matoor,Telangana,40,Nalgonda,539,Miryalguda,,16.876,79.2009,3,matoor
IN,India,India,508208,Utlapally,Telangana,40,Nalgonda,539,Miryalguda,,16.876,79.2009,3,utlapally
IN,India,India,508208,Veerlapalem,Telangana,40,Nalgonda,539,Miryalguda,,16.876,79.2009,3,veerlapalem
IN,India,India,508208,NSP Camp Miryalaguda,Telangana,40,Nalgonda,539,Miryalguda,,16.876,79.2009,3,nsp-camp-miryalaguda
IN,India,India,508208,Alagadapa,Telangana,40,Nalgonda,539,Miryalgudda,,16.876,79.2009,3,alagadapa
IN,India,India,508208,Takkella Pahad,Telangana,40,Nalgonda,539,Miryalguda,,16.876,79.2009,3,takkella-pahad
IN,India,India,508208,Amruth Nagar,Telangana,40,Nalgonda,539,Miryalguda,,16.876,79.2009,3,amruth-nagar
IN,India,India,508208,Venkatadri Palem,Telangana,40,Nalgonda,539,Miryalguda,,16.876,79.2009,3,venkatadri-palem
IN,India,India,508208,Yadgarpally,Telangana,40,Nalgonda,539,Miryalguda,,16.876,79.2009,3,yadgarpally
IN,India,India,508208,Anjanapally,Telangana,40,Nalgonda,539,Miryalguda,,16.876,79.2009,3,anjanapally
IN,India,India,508208,Baba Saheb Peta,Telangana,40,Nalgonda,539,Miryalguda,,16.876,79.2009,3,baba-saheb-peta
IN,India,India,508208,Devulapally Calan,Telangana,40,Nalgonda,539,Miryalguda,,16.876,79.2009,3,devulapally-calan
IN,India,India,508208,Keshavapuram,Telangana,40,Nalgonda,539,Miryalguda,,16.876,79.2009,3,keshavapuram
IN,India,India,508208,Nandipahad,Telangana,40,Nalgonda,539,Miryalguda,,16.876,79.2009,3,nandipahad
IN,India,India,508208,Rudraram,Telangana,40,Nalgonda,539,Miryalguda,,16.876,79.2009,4,rudraram
IN,India,India,508208,Sanjay Nagar,Telangana,40,Nalgonda,539,Miryalaguda,,16.876,79.2009,3,sanjay-nagar
IN,India,India,508208,Bangarigadda,Telangana,40,Nalgonda,539,Miryalaguda,,16.9854,79.0149,4,bangarigadda
IN,India,India,508210,Bhairavanibanda,Telangana,40,Nalgonda,539,Nakrekal,,17.2588,79.321,3,bhairavanibanda
IN,India,India,508210,Vallala,Telangana,40,Nalgonda,539,Nakrekal,,17.2588,79.321,3,vallala
IN,India,India,508210,Chittaloor,Telangana,40,Nalgonda,539,Nakrekal,,17.2588,79.321,3,chittaloor
IN,India,India,508210,Madaram Kalan,Telangana,40,Nalgonda,539,Nakrekal,,17.2588,79.321,3,madaram-kalan
IN,India,India,508210,Utkoor,Telangana,40,Nalgonda,539,Nakrekal,,17.2588,79.321,3,utkoor
IN,India,India,508210,Kodaparthy,Telangana,40,Nalgonda,539,Nakrekal,,17.2588,79.321,3,kodaparthy
IN,India,India,508210,Perkakondaram,Telangana,40,Nalgonda,539,Nakrekal,,17.2588,79.321,3,perkakondaram
IN,India,India,508210,Gurajala,Telangana,40,Nalgonda,539,Nakrekal,,17.2588,79.321,3,gurajala
IN,India,India,508210,Wangamarthy,Telangana,40,Nalgonda,539,Nakrekal,,17.2588,79.321,3,wangamarthy
IN,India,India,508210,Uppalancha,Telangana,40,Nalgonda,539,Nakrekal,,17.3531,79.3171,4,uppalancha
IN,India,India,508210,Itukula Pahad,Telangana,40,Nalgonda,539,Nakrekal,,17.2588,79.321,3,itukula-pahad
IN,India,India,508210,Ramagiri,Telangana,40,Nalgonda,539,Nakrekal,,17.0624,79.2729,4,ramagiri
IN,India,India,508210,Manimadde,Telangana,40,Nalgonda,539,Nakrekal,,17.3451,79.3401,4,manimadde
IN,India,India,508210,Akaram,Telangana,40,Nalgonda,539,Nakrekal,,17.2747,79.3538,4,akaram
IN,India,India,508210,Shaligouraram,Telangana,40,Nalgonda,539,Nakrekal,,17.2588,79.321,3,shaligouraram
IN,India,India,508210,Adloor,Telangana,40,Nalgonda,539,Nakrekal,,17.2588,79.321,3,adloor
IN,India,India,508211,Thungathurthy,Telangana,40,Nalgonda,539,Nakrekal,,16.876,79.2009,3,thungathurthy
IN,India,India,508211,Kothapeta,Telangana,40,Nalgonda,539,Nakrekal,,16.876,79.2009,4,kothapeta
IN,India,India,508211,Mangalapally,Telangana,40,Nalgonda,539,Nakrekal,,16.876,79.2009,3,mangalapally
IN,India,India,508211,Chandupatla,Telangana,40,Nalgonda,539,Nakrekal,,17.1266,79.4441,4,chandupatla
IN,India,India,508211,Nakrekal,Telangana,40,Nalgonda,539,Nalgonda,,17.1626,79.4275,4,nakrekal
IN,India,India,508211,Chandampally,Telangana,40,Nalgonda,539,Nakrekal,,16.876,79.2009,3,chandampally
IN,India,India,508211,Suraram,Telangana,40,Nalgonda,539,Nakrekal,,16.876,79.2009,4,suraram
IN,India,India,508211,Nomula,Telangana,40,Nalgonda,539,Nakrekal,,17.2047,79.4542,4,nomula
IN,India,India,508211,Gudivada,Telangana,40,Nalgonda,539,Nakrekal,,17.2037,79.4833,4,gudivada
IN,India,India,508211,Ogodu,Telangana,40,Nalgonda,539,Nakrekal,,17.252,79.4609,4,ogodu
IN,India,India,508211,Inupamula,Telangana,40,Nalgonda,539,Nakrekal,,16.876,79.2009,3,inupamula
IN,India,India,508211,Gorankalapally,Telangana,40,Nalgonda,539,Nakrekal,,16.876,79.2009,3,gorankalapally
IN,India,India,508211,Cherukupally,Telangana,40,Nalgonda,539,Nakrekal,,16.876,79.2009,3,cherukupally
IN,India,India,508211,Bandapalem,Telangana,40,Nalgonda,539,Nakrekal,,16.876,79.2009,3,bandapalem
IN,India,India,508211,Bopparam,Telangana,40,Nalgonda,539,Nakrekal,,16.876,79.2009,3,bopparam
IN,India,India,508211,Marrur,Telangana,40,Nalgonda,539,Nakrekal,,16.876,79.2009,3,marrur
IN,India,India,508211,Kethepally,Telangana,40,Nalgonda,539,Nakrekal,,16.876,79.2009,3,kethepally
IN,India,India,508211,Tatikal,Telangana,40,Nalgonda,539,Nakrekal,,17.1419,79.3907,4,tatikal
IN,India,India,508211,Korlapahad,Telangana,40,Nalgonda,539,Nakrekal,,17.1623,79.4863,4,korlapahad
IN,India,India,508212,Nasimpet,Telangana,40,Nalgonda,539,Suryapet,,16.876,79.2009,4,nasimpet
IN,India,India,508212,Tummagudem,Telangana,40,Nalgonda,539,Suryapet,,16.876,79.2009,4,tummagudem
IN,India,India,508212,Annariguda,Telangana,40,Nalgonda,539,Suryapet,,16.876,79.2009,3,annariguda
IN,India,India,508212,Atmakur,Telangana,40,Nalgonda,539,Suryapet,,16.876,79.2009,4,atmakur
IN,India,India,508212,Vibhalapuram,Telangana,40,Nalgonda,539,Suryapet,,16.876,79.2009,3,vibhalapuram
IN,India,India,508212,Hussainabad,Telangana,40,Nalgonda,539,Suryapet,,16.876,79.2009,3,hussainabad
IN,India,India,508212,Kotapahad,Telangana,40,Nalgonda,539,Suryapet,,16.876,79.2009,3,kotapahad
IN,India,India,508212,Burkacharla,Telangana,40,Nalgonda,539,Suryapet,,16.876,79.2009,3,burkacharla
IN,India,India,508212,Tummalapenpahad,Telangana,40,Nalgonda,539,Suryapet,,16.876,79.2009,3,tummalapenpahad
IN,India,India,508212,Urlugonda,Telangana,40,Nalgonda,539,Suryapet,,16.876,79.2009,3,urlugonda
IN,India,India,508212,Ravipahad,Telangana,40,Nalgonda,539,Suryapet,,16.876,79.2009,4,ravipahad
IN,India,India,508212,Sarvaram,Telangana,40,Nalgonda,539,Suryapet,,17.0351,79.4483,4,sarvaram
IN,India,India,508212,Mamillaguda,Telangana,40,Nalgonda,539,Suryapet,,16.876,79.2009,3,mamillaguda
IN,India,India,508212,Nemmikal,Telangana,40,Nalgonda,539,Suryapet,,16.876,79.2009,3,nemmikal
IN,India,India,508212,Mothey,Telangana,40,Nalgonda,539,Suryapet,,16.876,79.2009,4,mothey
IN,India,India,508212,Sirikonda (Nalgonda),Telangana,40,Nalgonda,539,Suryapet,,16.876,79.2009,4,sirikonda-nalgonda
IN,India,India,508213,K.K.Road,Telangana,40,Nalgonda,539,Suryapet,,17.1993,79.5185,1,k-k-road
IN,India,India,508213,Suryapet H.O,Telangana,40,Nalgonda,539,Suryapet,,17.1993,79.5185,1,suryapet-h-o
IN,India,India,508213,Bank Street (Nalgonda),Telangana,40,Nalgonda,539,Suryapet,,17.1993,79.5185,1,bank-street-nalgonda
IN,India,India,508214,Thimmapuram,Telangana,40,Nalgonda,539,Suryapet,,17.2214,79.5227,3,thimmapuram
IN,India,India,508214,Gajulamalkapuram,Telangana,40,Nalgonda,539,Suryapet,,17.2214,79.5227,3,gajulamalkapuram
IN,India,India,508214,Raghavapuram,Telangana,40,Nalgonda,539,Suryapet,,16.876,79.2009,4,raghavapuram
IN,India,India,508214,Anajpur,Telangana,40,Nalgonda,539,Suryapet,,17.0556,79.6164,4,anajpur
IN,India,India,508214,Vallabha Puram,Telangana,40,Nalgonda,539,Suryapet,,17.2214,79.5227,3,vallabha-puram
IN,India,India,508214,Annaram,Telangana,40,Nalgonda,539,Suryapet,,16.8552,79.2271,4,annaram
IN,India,India,508214,Chandupatla,Telangana,40,Nalgonda,539,Suryap[et,,17.1266,79.4441,4,chandupatla
IN,India,India,508214,Kuda Kuda,Telangana,40,Nalgonda,539,Suryapet,,17.2214,79.5227,3,kuda-kuda
IN,India,India,508214,Anantharam,Telangana,40,Nalgonda,539,Suryapet,,17.2214,79.5227,3,anantharam
IN,India,India,508214,Anireddy Gudem,Telangana,40,Nalgonda,539,Suryapet,,17.2214,79.5227,3,anireddy-gudem
IN,India,India,508214,Bhaktalapuram,Telangana,40,Nalgonda,539,Suryapet,,17.2214,79.5227,3,bhaktalapuram
IN,India,India,508214,Duraj Pally,Telangana,40,Nalgonda,539,Suryapet,,17.2214,79.5227,3,duraj-pally
IN,India,India,508214,Gumpula Tirumalgiri,Telangana,40,Nalgonda,539,Suryapet,,17.2214,79.5227,3,gumpula-tirumalgiri
IN,India,India,508214,Jammigadda,Telangana,40,Nalgonda,539,Suryapet,,17.2214,79.5227,3,jammigadda
IN,India,India,508214,Kasarabaad,Telangana,40,Nalgonda,539,Suryapet,,17.2214,79.5227,3,kasarabaad
IN,India,India,508214,Namavaram,Telangana,40,Nalgonda,539,Suryapet,,17.2214,79.5227,3,namavaram
IN,India,India,508214,Nelamarry,Telangana,40,Nalgonda,539,Suryapet,,17.2214,79.5227,3,nelamarry
IN,India,India,508214,Pillalamarry,Telangana,40,Nalgonda,539,Suryapet,,17.2214,79.5227,3,pillalamarry
IN,India,India,508214,Singareddy Palem,Telangana,40,Nalgonda,539,Suryapet,,17.2214,79.5227,3,singareddy-palem
IN,India,India,508214,Talla Khammam Pahad,Telangana,40,Nalgonda,539,Suryapet,,17.2214,79.5227,3,talla-khammam-pahad
IN,India,India,508214,Vatti Khammam Pahad,Telangana,40,Nalgonda,539,Suryapet,,17.2214,79.5227,3,vatti-khammam-pahad
IN,India,India,508214,Chivemula,Telangana,40,Nalgonda,539,Suryapet,,17.2214,79.5227,3,chivemula
IN,India,India,508214,Enubamula,Telangana,40,Nalgonda,539,Suryapet,,17.2214,79.5227,3,enubamula
IN,India,India,508214,I.E.Suryapet,Telangana,40,Nalgonda,539,Suryapet,,17.2214,79.5227,3,i-e-suryapet
IN,India,India,508214,Madaram,Telangana,40,Nalgonda,539,Suryapet,,16.876,79.2009,4,madaram
IN,India,India,508214,Penpahad,Telangana,40,Nalgonda,539,Suryapet,,16.876,79.2009,4,penpahad
IN,India,India,508214,Imampet,Telangana,40,Nalgonda,539,Suryapet,,16.876,79.2009,4,imampet
IN,India,India,508214,Dharmapuram,Telangana,40,Nalgonda,539,Suryapet,,16.876,79.2009,4,dharmapuram
IN,India,India,508214,Chintalacheruvu,Telangana,40,Nalgonda,539,Suryapet,,16.876,79.2009,4,chintalacheruvu
IN,India,India,508217,Topucharla,Telangana,40,Nalgonda,539,Miryalguda,,16.876,79.2009,3,topucharla
IN,India,India,508217,Molkapatnam,Telangana,40,Nalgonda,539,Miryalguda,,16.876,79.2009,3,molkapatnam
IN,India,India,508217,Settipalem,Telangana,40,Nalgonda,539,Miryalguda,,16.876,79.2009,3,settipalem
IN,India,India,508217,Tadakamalla,Telangana,40,Nalgonda,539,Miryalguda,,16.876,79.2009,3,tadakamalla
IN,India,India,508217,Ravulapenta,Telangana,40,Nalgonda,539,Miryalguda,,17.0186,79.5794,4,ravulapenta
IN,India,India,508217,Vemulapally,Telangana,40,Nalgonda,539,Miryalguda,,16.9267,79.5298,4,vemulapally
IN,India,India,508217,Kukkadam,Telangana,40,Nalgonda,539,Miryalguda,,16.876,79.2009,4,kukkadam
IN,India,India,508218,Gundlapahad,Telangana,40,Nalgonda,539,Huzurnagar,,16.876,79.2009,4,gundlapahad
IN,India,India,508218,Dirsencharla,Telangana,40,Nalgonda,539,Huzurnagar,,16.876,79.2009,3,dirsencharla
IN,India,India,508218,Guduguntlapalem,Telangana,40,Nalgonda,539,Huzurnagar,,16.876,79.2009,3,guduguntlapalem
IN,India,India,508218,Neredcharla,Telangana,40,Nalgonda,539,Miryalguda,,16.876,79.2009,3,neredcharla
IN,India,India,508218,Dacharam,Telangana,40,Nalgonda,539,Huzurnagar,,16.876,79.2009,4,dacharam
IN,India,India,508218,Bodaladinne,Telangana,40,Nalgonda,539,Miryalguda,,16.876,79.2009,3,bodaladinne
IN,India,India,508218,Bothalapalem,Telangana,40,Nalgonda,539,Huzurnagar,,16.876,79.2009,3,bothalapalem
IN,India,India,508218,Somavaram,Telangana,40,Nalgonda,539,Huzurnagar,,16.876,79.2009,3,somavaram
IN,India,India,508218,Penchikal Dinna,Telangana,40,Nalgonda,539,Huzurnagar,,16.876,79.2009,3,penchikal-dinna
IN,India,India,508218,Janpahad,Telangana,40,Nalgonda,539,Huzurnagar,,16.876,79.2009,4,janpahad
IN,India,India,508218,Palakeedu,Telangana,40,Nalgonda,539,Huzurnagar,,16.876,79.2009,4,palakeedu
IN,India,India,508221,Edavalli,Telangana,40,Nalgonda,539,Thungathurthy,,17.2171,79.209,4,edavalli
IN,India,India,508221,Aipur,Telangana,40,Nalgonda,539,Thungathurthy,,16.876,79.2009,3,aipur
IN,India,India,508221,Isthalapuram,Telangana,40,Nalgonda,539,Thungathurthy,,16.876,79.2009,3,isthalapuram
IN,India,India,508221,Miryala,Telangana,40,Nalgonda,539,Thungathurthy,,16.876,79.2009,3,miryala
IN,India,India,508221,Tallasingaram,Telangana,40,Nalgonda,539,Thungathurthy,,16.876,79.2009,3,tallasingaram
IN,India,India,508221,Polumalla,Telangana,40,Nalgonda,539,Thungathurthy,,16.876,79.2009,3,polumalla
IN,India,India,508221,Pedanemilla,Telangana,40,Nalgonda,539,Thungathurthy,,16.876,79.2009,3,pedanemilla
IN,India,India,508221,Patharla Pahad,Telangana,40,Nalgonda,539,Thungathurthy,,16.876,79.2009,3,patharla-pahad
IN,India,India,508221,Noothankal,Telangana,40,Nalgonda,539,Thungathurthi,,16.876,79.2009,3,noothankal
IN,India,India,508221,Lingampally,Telangana,40,Nalgonda,539,Thungathurthy,,16.876,79.2009,3,lingampally
IN,India,India,508221,Chinnanemilla,Telangana,40,Nalgonda,539,Thungathurthy,,16.876,79.2009,3,chinnanemilla
IN,India,India,508221,Bopparam,Telangana,40,Nalgonda,539,Thungathurthy,,16.876,79.2009,3,bopparam
IN,India,India,508221,Bikumalla,Telangana,40,Nalgonda,539,Thungathurthy,,16.876,79.2009,3,bikumalla
IN,India,India,508221,Yerrapahad,Telangana,40,Nalgonda,539,Thungathurthy,,16.876,79.2009,4,yerrapahad
IN,India,India,508221,Chilpakunta,Telangana,40,Nalgonda,539,Thungathurthy,,16.876,79.2009,4,chilpakunta
IN,India,India,508221,Mukundapuram,Telangana,40,Nalgonda,539,Thungathurthy,,16.876,79.2009,4,mukundapuram
IN,India,India,508221,Chandupatla,Telangana,40,Nalgonda,539,Thungathurthy,,17.1266,79.4441,4,chandupatla
IN,India,India,508223,Thonda,Telangana,40,Nalgonda,539,Tirumalgiri,,16.876,79.2009,4,thonda
IN,India,India,508223,Janakipuram,Telangana,40,Nalgonda,539,Tirumalgiri,,16.876,79.2009,4,janakipuram
IN,India,India,508223,Tirumalgiri,Telangana,40,Nalgonda,539,Thungathurthi,,16.876,79.2009,4,tirumalgiri
IN,India,India,508223,Malipuram,Telangana,40,Nalgonda,539,Tirumalgiri,,16.876,79.2009,4,malipuram
IN,India,India,508223,Tatipamula,Telangana,40,Nalgonda,539,Tirumalgiri,,16.876,79.2009,4,tatipamula
IN,India,India,508223,Jalalpuram,Telangana,40,Nalgonda,539,Tirumalgiri,,16.876,79.2009,4,jalalpuram
IN,India,India,508223,Gundepuri,Telangana,40,Nalgonda,539,Thungathurthi,,16.876,79.2009,3,gundepuri
IN,India,India,508223,Bandakothapally,Telangana,40,Nalgonda,539,Thungathurthi,,16.876,79.2009,3,bandakothapally
IN,India,India,508223,Pedapadisala,Telangana,40,Nalgonda,539,Tirumalgiri,,16.876,79.2009,3,pedapadisala
IN,India,India,508223,Velicharla,Telangana,40,Nalgonda,539,Tirumalgiri,,16.876,79.2009,3,velicharla
IN,India,India,508223,Mamidyala,Telangana,40,Nalgonda,539,Tirumalgiri,,16.876,79.2009,3,mamidyala
IN,India,India,508223,Vasthakonduru,Telangana,40,Nalgonda,539,Tirumalgiri,,16.876,79.2009,3,vasthakonduru
IN,India,India,508224,Venkepally,Telangana,40,Nalgonda,539,Suryapet,,16.876,79.2009,3,venkepally
IN,India,India,508224,Kommala,Telangana,40,Nalgonda,539,Suryapet,,16.876,79.2009,3,kommala
IN,India,India,508224,Kasarlapahad,Telangana,40,Nalgonda,539,Suryapet,,16.876,79.2009,3,kasarlapahad
IN,India,India,508233,Narayanagudem,Telangana,40,Nalgonda,539,Huzurnagar,,16.876,79.2009,3,narayanagudem
IN,India,India,508233,Vijaya Raghavapuram,Telangana,40,Nalgonda,539,Suryapet,,16.876,79.2009,3,vijaya-raghavapuram
IN,India,India,508233,Taduvai,Telangana,40,Nalgonda,539,Huzurnagar,,16.876,79.2009,4,taduvai
IN,India,India,508233,Akupamula,Telangana,40,Nalgonda,539,Huzurnagar,,16.876,79.2009,3,akupamula
IN,India,India,508233,Cheedella,Telangana,40,Nalgonda,539,Huzurnagar,,16.876,79.2009,3,cheedella
IN,India,India,508233,Kalakova,Telangana,40,Nalgonda,539,Huzurnagar,,16.876,79.2009,3,kalakova
IN,India,India,508233,Narsimhula Gudem,Telangana,40,Nalgonda,539,Suryapet,,16.876,79.2009,3,narsimhula-gudem
IN,India,India,508233,Tellaballi,Telangana,40,Nalgonda,539,Huzurnagar,,16.876,79.2009,4,tellaballi
IN,India,India,508233,Repala,Telangana,40,Nalgonda,539,Suryapet,,16.876,79.2009,3,repala
IN,India,India,508233,Munagala,Telangana,40,Nalgonda,539,Huzurnagar,,16.876,79.2009,4,munagala
IN,India,India,508233,Mukundapuram,Telangana,40,Nalgonda,539,Huzurnagar,,16.876,79.2009,4,mukundapuram
IN,India,India,508233,Ganapavaram,Telangana,40,Nalgonda,539,Huzurnagar,,16.876,79.2009,4,ganapavaram
IN,India,India,508233,Kokkireni,Telangana,40,Nalgonda,539,Huzurnagar,,16.876,79.2009,4,kokkireni
IN,India,India,508233,Jagannadhapuram,Telangana,40,Nalgonda,539,Huzurnagar,,16.876,79.2009,4,jagannadhapuram
IN,India,India,508234,Nadigudem,Telangana,40,Nalgonda,539,Huzurnagar,,17.2478,79.4712,4,nadigudem
IN,India,India,508234,Siripuram,Telangana,40,Nalgonda,539,Huzurnagar,,16.876,79.2009,4,siripuram
IN,India,India,508234,Karivirala,Telangana,40,Nalgonda,539,Huzurnagar,,16.876,79.2009,4,karivirala
IN,India,India,508234,Tripuravaram,Telangana,40,Nalgonda,539,Huzurnagar,,16.876,79.2009,3,tripuravaram
IN,India,India,508234,Kagitaramachandrapuram,Telangana,40,Nalgonda,539,Huzurnagar,,16.876,79.2009,3,kagitaramachandrapuram
IN,India,India,508234,Vallapuram,Telangana,40,Nalgonda,539,Huzurnagar,,16.876,79.2009,3,vallapuram
IN,India,India,508234,Srerangapuram,Telangana,40,Nalgonda,539,Huzurnagar,,16.876,79.2009,3,srerangapuram
IN,India,India,508234,Venugopalapuram,Telangana,40,Nalgonda,539,Huzurnagar,,16.876,79.2009,3,venugopalapuram
IN,India,India,508234,Ratnavaram,Telangana,40,Nalgonda,539,Huzurnagar,,16.876,79.2009,3,ratnavaram
IN,India,India,508238,Ramalaxmipuram,Telangana,40,Nalgonda,539,Huzurnagar,,16.876,79.2009,3,ramalaxmipuram
IN,India,India,508238,Pale Annaram,Telangana,40,Nalgonda,539,Huzurnagar,,16.876,79.2009,3,pale-annaram
IN,India,India,508238,Gudibanda (Nalgonda),Telangana,40,Nalgonda,539,Huzurnagar,,16.876,79.2009,3,gudibanda-nalgonda
IN,India,India,508238,Togarrai,Telangana,40,Nalgonda,539,Huzurnagar,,16.876,79.2009,3,togarrai
IN,India,India,508238,Kuchipudi,Telangana,40,Nalgonda,539,Huzurnagar,,16.876,79.2009,3,kuchipudi
IN,India,India,508238,Kandibanda,Telangana,40,Nalgonda,539,Huzurnagar,,16.876,79.2009,4,kandibanda
IN,India,India,508238,Ganapavaram,Telangana,40,Nalgonda,539,Huzurnagar,,16.876,79.2009,4,ganapavaram
IN,India,India,508238,Kapugal,Telangana,40,Nalgonda,539,Huzurnagar,,16.876,79.2009,3,kapugal
IN,India,India,508238,Yerravaram,Telangana,40,Nalgonda,539,Huzurnagar,,16.876,79.2009,4,yerravaram
IN,India,India,508243,Chintakuntla,Telangana,40,Nalgonda,539,Pedda Adiserla Palle,,16.6779,79.019,4,chintakuntla
IN,India,India,508243,Duggiala,Telangana,40,Nalgonda,539,Pedda Adiserla Palle,,16.6779,79.019,3,duggiala
IN,India,India,508243,Peda Adisarlapally,Telangana,40,Nalgonda,539,Nalgonda,,16.6779,79.019,3,peda-adisarlapally
IN,India,India,508243,Pendipakala,Telangana,40,Nalgonda,539,Pedda Adiserla Palle,,16.6779,79.019,3,pendipakala
IN,India,India,508243,Kondamallepalli,Telangana,40,Nalgonda,539,Pedda Adiserla Palle,,16.6779,79.019,3,kondamallepalli
IN,India,India,508243,Azmapur,Telangana,40,Nalgonda,539,Nalgonda,,16.6779,79.019,3,azmapur
IN,India,India,508243,Vaddipatla,Telangana,40,Nalgonda,539,Nalgonda,,16.6779,79.019,3,vaddipatla
IN,India,India,508243,Mustipally,Telangana,40,Nalgonda,539,Nalgonda,,16.6779,79.019,3,mustipally
IN,India,India,508243,Devathpally,Telangana,40,Nalgonda,539,Nalgonda,,16.6779,79.019,3,devathpally
IN,India,India,508243,Banda Timmapur,Telangana,40,Nalgonda,539,Nalgonda,,16.6779,79.019,3,banda-timmapur
IN,India,India,508244,Domalapally,Telangana,40,Nalgonda,539,Nalgonda,,17.2063,79.0886,3,domalapally
IN,India,India,508244,Talla Vellemla,Telangana,40,Nalgonda,539,Nalgonda,,17.2063,79.0886,3,talla-vellemla
IN,India,India,508244,Pulipalupula,Telangana,40,Nalgonda,539,Nalgonda,,17.2063,79.0886,3,pulipalupula
IN,India,India,508244,Palivela,Telangana,40,Nalgonda,539,Nalgonda,,17.2063,79.0886,3,palivela
IN,India,India,508244,Ookondi,Telangana,40,Nalgonda,539,Nalgonda,,17.2063,79.0886,3,ookondi
IN,India,India,508244,Narsinghbhatla,Telangana,40,Nalgonda,539,Nalgonda,,17.2063,79.0886,3,narsinghbhatla
IN,India,India,508244,Munugode,Telangana,40,Nalgonda,539,Munugode,,17.2063,79.0886,3,munugode
IN,India,India,508244,Kompally,Telangana,40,Nalgonda,539,Nalgonda,,17.2063,79.0886,3,kompally
IN,India,India,508244,Bodangaparthy,Telangana,40,Nalgonda,539,Munugode,,17.2063,79.0886,3,bodangaparthy
IN,India,India,508244,Chikatimamidi,Telangana,40,Nalgonda,539,Nalgonda,,17.2063,79.0886,3,chikatimamidi
IN,India,India,508244,Koratikal,Telangana,40,Nalgonda,539,Nalgonda,,16.876,79.2009,4,koratikal
IN,India,India,508244,Kondapur,Telangana,40,Nalgonda,539,NA,,17.055,78.9903,4,kondapur
IN,India,India,508244,Gudapur,Telangana,40,Nalgonda,539,Nalognda,,17.0694,79.1157,4,gudapur
IN,India,India,508245,Marriguda,Telangana,40,Nalgonda,539,Nalgonda,,17.0902,79.2467,4,marriguda
IN,India,India,508245,Anthampet,Telangana,40,Nalgonda,539,Nalgonda,,17.1597,79.0661,3,anthampet
IN,India,India,508245,Nerellapally,Telangana,40,Nalgonda,539,Marriguda,,17.1597,79.0661,3,nerellapally
IN,India,India,508245,Damera Bheemanapally,Telangana,40,Nalgonda,539,Nalgonda,,17.1597,79.0661,3,damera-bheemanapally
IN,India,India,508245,Tirugandlapally,Telangana,40,Nalgonda,539,Nalgonda,,17.1597,79.0661,3,tirugandlapally
IN,India,India,508245,Polepally Ramnagar,Telangana,40,Nalgonda,539,Nalgonda,,17.1597,79.0661,3,polepally-ramnagar
IN,India,India,508245,Venkateshwara Nagar,Telangana,40,Nalgonda,539,Marriguda,,17.1597,79.0661,3,venkateshwara-nagar
IN,India,India,508245,Kudabakashpally,Telangana,40,Nalgonda,539,Nalgonda,,17.1597,79.0661,3,kudabakashpally
IN,India,India,508245,Lohepally,Telangana,40,Nalgonda,539,Marriguda,,17.1597,79.0661,3,lohepally
IN,India,India,508245,Yeragandlapally,Telangana,40,Nalgonda,539,Nalgonda,,17.1597,79.0661,3,yeragandlapally
IN,India,India,508245,Indurthy,Telangana,40,Nalgonda,539,Nalgonda,,17.1597,79.0661,3,indurthy
IN,India,India,508245,Sivannaguda,Telangana,40,Nalgonda,539,Marriguda,,17.1597,79.0661,3,sivannaguda
IN,India,India,508245,Lenkalapally,Telangana,40,Nalgonda,539,Nalgonda,,17.1597,79.0661,3,lenkalapally
IN,India,India,508245,Damera,Telangana,40,Nalgonda,539,Nalgonda,,16.876,79.2009,4,damera
IN,India,India,508245,Vattiparthy,Telangana,40,Nalgonda,539,Nalgonda,,17.1597,79.0661,3,vattiparthy
IN,India,India,508246,Ramapuram,Telangana,40,Nalgonda,539,Huzurnagar,,16.876,79.2009,4,ramapuram
IN,India,India,508246,Revoor,Telangana,40,Nalgonda,539,Huzurnagar,,16.876,79.2009,3,revoor
IN,India,India,508246,Vellatoor,Telangana,40,Nalgonda,539,Huzurnagar,,16.876,79.2009,3,vellatoor
IN,India,India,508246,Medlacheruvu,Telangana,40,Nalgonda,539,Huzurnagar,,16.876,79.2009,4,medlacheruvu
IN,India,India,508246,Shobhanadrigudem,Telangana,40,Nalgonda,539,Huzurnagar,,16.876,79.2009,3,shobhanadrigudem
IN,India,India,508246,Dondapadu,Telangana,40,Nalgonda,539,Huzurnagar,,16.876,79.2009,3,dondapadu
IN,India,India,508246,Chintalapalem,Telangana,40,Nalgonda,539,Huzurnagar,,16.876,79.2009,3,chintalapalem
IN,India,India,508246,Thammavaram,Telangana,40,Nalgonda,539,Huzurnagar,,16.876,79.2009,3,thammavaram
IN,India,India,508246,Chintriyala,Telangana,40,Nalgonda,539,Huzurnagar,,16.876,79.2009,3,chintriyala
IN,India,India,508246,Gudimalkapuram,Telangana,40,Nalgonda,539,Huzurnagar,,16.876,79.2009,3,gudimalkapuram
IN,India,India,508247,Mamidyala,Telangana,40,Nalgonda,539,Nalgonda,,16.876,79.2009,3,mamidyala
IN,India,India,508247,Pajjur,Telangana,40,Nalgonda,539,Nalgonda,,16.876,79.2009,3,pajjur
IN,India,India,508247,Rajupeta,Telangana,40,Nalgonda,539,Nalgonda,,16.876,79.2009,4,rajupeta
IN,India,India,508247,Indloor,Telangana,40,Nalgonda,539,Nalgonda,,16.876,79.2009,3,indloor
IN,India,India,508247,Jangareddy Gudem,Telangana,40,Nalgonda,539,Nalgonda,,16.876,79.2009,3,jangareddy-gudem
IN,India,India,508247,Chinnamadharam,Telangana,40,Nalgonda,539,Nalgonda,,16.876,79.2009,3,chinnamadharam
IN,India,India,508247,Chetlachennaram,Telangana,40,Nalgonda,539,Nalgonda,,16.876,79.2009,3,chetlachennaram
IN,India,India,508247,Mushampally,Telangana,40,Nalgonda,539,Nalgonda,,16.876,79.2009,3,mushampally
IN,India,India,508247,Thipparthi,Telangana,40,Nalgonda,539,Nalgonda,,16.876,79.2009,3,thipparthi
IN,India,India,508247,Sarvaram,Telangana,40,Nalgonda,539,Nalgonda,,17.0351,79.4483,4,sarvaram
IN,India,India,508248,Mudugonda,Telangana,40,Nalgonda,539,Devarakonda,,16.9016,78.9672,3,mudugonda
IN,India,India,508248,Kambalapally,Telangana,40,Nalgonda,539,Nalgonda,,16.9016,78.9672,3,kambalapally
IN,India,India,508248,Tadikole,Telangana,40,Nalgonda,539,Devarakonda,,16.9016,78.9672,3,tadikole
IN,India,India,508248,Shakavally,Telangana,40,Nalgonda,539,Devarakonda,,16.9016,78.9672,3,shakavally
IN,India,India,508248,Gottimukkala,Telangana,40,Nalgonda,539,Devarakonda,,16.7356,78.8289,4,gottimukkala
IN,India,India,508248,Timmapur,Telangana,40,Nalgonda,539,Nalgonda,,16.876,79.2009,4,timmapur
IN,India,India,508248,Seripally,Telangana,40,Nalgonda,539,Devarakonda,,16.9016,78.9672,3,seripally
IN,India,India,508248,Tooruppally,Telangana,40,Nalgonda,539,Devarakonda,,16.9016,78.9672,3,tooruppally
IN,India,India,508248,Pogilla,Telangana,40,Nalgonda,539,Nalgonda,,16.9016,78.9672,3,pogilla
IN,India,India,508248,Polepally,Telangana,40,Nalgonda,539,Nalgonda,,16.9016,78.9672,3,polepally
IN,India,India,508248,Padmatpally,Telangana,40,Nalgonda,539,Devarakonda,,16.9016,78.9672,3,padmatpally
IN,India,India,508248,Murpunuthala,Telangana,40,Nalgonda,539,Devarakonda,,16.9016,78.9672,3,murpunuthala
IN,India,India,508248,Chitriyala,Telangana,40,Nalgonda,539,Nalgonda,,16.9016,78.9672,3,chitriyala
IN,India,India,508248,Mallareddypally,Telangana,40,Nalgonda,539,Nalgonda,,16.9016,78.9672,3,mallareddypally
IN,India,India,508248,Gagillapur,Telangana,40,Nalgonda,539,Nalgonda,,16.9016,78.9672,3,gagillapur
IN,India,India,508248,Iddampally,Telangana,40,Nalgonda,539,Devarakonda,,16.9016,78.9672,3,iddampally
IN,India,India,508248,Deverkonda,Telangana,40,Nalgonda,539,Devarakonda,,16.9016,78.9672,3,deverkonda
IN,India,India,508248,Kacharajupally,Telangana,40,Nalgonda,539,Nalgonda,,16.9016,78.9672,3,kacharajupally
IN,India,India,508248,Kondabheemanapally,Telangana,40,Nalgonda,539,Devarakonda,,16.9016,78.9672,3,kondabheemanapally
IN,India,India,508248,Kothapally,Telangana,40,Nalgonda,539,Nalgonda,,16.9016,78.9672,3,kothapally
IN,India,India,508248,Neredugum,Telangana,40,Nalgonda,539,Nalgonda,,16.9016,78.9672,3,neredugum
IN,India,India,508248,Teldevarapally,Telangana,40,Nalgonda,539,Nalgonda,,16.9016,78.9672,3,teldevarapally
IN,India,India,508248,Peddamunigal,Telangana,40,Nalgonda,539,Nalgonda,,16.9016,78.9672,3,peddamunigal
IN,India,India,508248,Pervail,Telangana,40,Nalgonda,539,Nalgonda,,16.9016,78.9672,3,pervail
IN,India,India,508248,Gandhinagar (Nalgonda),Telangana,40,Nalgonda,539,Nalgonda,,16.5231,78.947,4,gandhinagar-nalgonda
IN,India,India,508250,Chinthapalli,Telangana,40,Nalgonda,539,Nalgonda,,16.3814,77.8902,3,chinthapalli
IN,India,India,508250,Kurmedu,Telangana,40,Nalgonda,539,Nalgonda,,16.3814,77.8902,3,kurmedu
IN,India,India,508250,Injamoor,Telangana,40,Nalgonda,539,Nalgonda,,16.3814,77.8902,3,injamoor
IN,India,India,508250,Takkallapally,Telangana,40,Nalgonda,539,Nalgonda,,16.3814,77.8902,3,takkallapally
IN,India,India,508250,Nasarlapally,Telangana,40,Nalgonda,539,Nalgonda,,16.3814,77.8902,3,nasarlapally
IN,India,India,508250,Gadia Gowraram,Telangana,40,Nalgonda,539,Nalgonda,,16.3814,77.8902,3,gadia-gowraram
IN,India,India,508250,Kurmapally,Telangana,40,Nalgonda,539,Nalgonda,,16.3814,77.8902,3,kurmapally
IN,India,India,508250,Madanapur,Telangana,40,Nalgonda,539,Nalgonda,,16.876,79.2009,4,madanapur
IN,India,India,508252,Nyalapatla,Telangana,40,Nalgonda,539,Nalgonda,,16.876,79.2009,3,nyalapatla
IN,India,India,508252,Koyyalagudem,Telangana,40,Nalgonda,539,Choutuppal,,16.876,79.2009,3,koyyalagudem
IN,India,India,508252,Sunkenapally,Telangana,40,Nalgonda,539,Nalgonda,,16.876,79.2009,3,sunkenapally
IN,India,India,508252,Lingojigudem,Telangana,40,Nalgonda,539,Nalgonda,,16.876,79.2009,3,lingojigudem
IN,India,India,508252,Panthangi,Telangana,40,Nalgonda,539,Nalgonda,,16.876,79.2009,3,panthangi
IN,India,India,508252,Peepalpahad,Telangana,40,Nalgonda,539,NA,,16.876,79.2009,3,peepalpahad
IN,India,India,508252,Devalammanagaram,Telangana,40,Nalgonda,539,Nalgonda,,16.876,79.2009,3,devalammanagaram
IN,India,India,508252,Swamivari Lingotam,Telangana,40,Nalgonda,539,Nalgonda,,16.876,79.2009,3,swamivari-lingotam
IN,India,India,508252,Gokaram,Telangana,40,Nalgonda,539,Nalgonda,,16.876,79.2009,4,gokaram
IN,India,India,508252,Choutupala,Telangana,40,Nalgonda,539,Nalgonda,,16.876,79.2009,3,choutupala
IN,India,India,508252,Tangedapally,Telangana,40,Nalgonda,539,Nalgonda,,16.876,79.2009,3,tangedapally
IN,India,India,508252,Malkapuram,Telangana,40,Nalgonda,539,Nalgonda,,16.876,79.2009,4,malkapuram
IN,India,India,508252,Sangam,Telangana,40,Nalgonda,539,Nalgonda,,16.876,79.2009,4,sangam
IN,India,India,508252,Chinakondur,Telangana,40,Nalgonda,539,Nalgonda,,16.876,79.2009,3,chinakondur
IN,India,India,508252,Jaikesaram,Telangana,40,Nalgonda,539,Nalgonda,,16.876,79.2009,3,jaikesaram
IN,India,India,508253,Ghattuppala,Telangana,40,Nalgonda,539,Narayanapur,,16.876,79.2009,3,ghattuppala
IN,India,India,508253,Chillapur,Telangana,40,Nalgonda,539,Nalgonda,,16.876,79.2009,4,chillapur
IN,India,India,508253,Theratpally,Telangana,40,Nalgonda,539,Nalgonda,,16.876,79.2009,3,theratpally
IN,India,India,508253,Gudimalkapur,Telangana,40,Nalgonda,539,Nalgonda,,16.876,79.2009,3,gudimalkapur
IN,India,India,508253,Vailapally,Telangana,40,Nalgonda,539,Nalgonda,,16.876,79.2009,3,vailapally
IN,India,India,508253,Survail,Telangana,40,Nalgonda,539,Nalgonda,,16.876,79.2009,3,survail
IN,India,India,508253,Jangaon,Telangana,40,Nalgonda,539,Nalgonda,,16.876,79.2009,4,jangaon
IN,India,India,508253,Velmakanne,Telangana,40,Nalgonda,539,Nalgonda,,16.876,79.2009,3,velmakanne
IN,India,India,508253,Narayanpur (Nalgonda),Telangana,40,Nalgonda,539,Narayanapur,,17.1757,79.1825,4,narayanpur-nalgonda
IN,India,India,508253,Chelmada,Telangana,40,Nalgonda,539,Nalgonda,,16.876,79.2009,3,chelmada
IN,India,India,508253,Puttapaka,Telangana,40,Nalgonda,539,Nalgonda,,16.876,79.2009,4,puttapaka
IN,India,India,508253,Gujja,Telangana,40,Nalgonda,539,Nalgonda,,16.876,79.2009,4,gujja
IN,India,India,508254,Vattimarthy,Telangana,40,Nalgonda,539,Nalgonda,,17.2518,79.2387,3,vattimarthy
IN,India,India,508254,Tondalvai,Telangana,40,Nalgonda,539,Nalgonda,,17.2518,79.2387,4,tondalvai
IN,India,India,508254,Akkinepally,Telangana,40,Nalgonda,539,Nalgonda,,17.2518,79.2387,3,akkinepally
IN,India,India,508254,Mada Yadavalli,Telangana,40,Nalgonda,539,Nalgonda,,17.2518,79.2387,3,mada-yadavalli
IN,India,India,508254,Narketpalli,Telangana,40,Nalgonda,539,Nalgonda,,17.2518,79.2387,3,narketpalli
IN,India,India,508254,Ammanabole,Telangana,40,Nalgonda,539,Nalgonda,,17.2518,79.2387,3,ammanabole
IN,India,India,508254,Annerparthy,Telangana,40,Nalgonda,539,Nalgonda,,17.2518,79.2387,3,annerparthy
IN,India,India,508254,Nemmani,Telangana,40,Nalgonda,539,Nalgonda,,17.2518,79.2387,3,nemmani
IN,India,India,508254,Cherughat,Telangana,40,Nalgonda,539,Nalgonda,,17.2518,79.2387,3,cherughat
IN,India,India,508254,Yellareddyguda,Telangana,40,Nalgonda,539,Nalgonda,,17.2518,79.2387,3,yellareddyguda
IN,India,India,508254,Pallepahada,Telangana,40,Nalgonda,539,Nalgonda,,17.2518,79.2387,3,pallepahada
IN,India,India,508255,Tummlapally,Telangana,40,Nalgonda,539,Nalgonda,,17.1219,79.1825,3,tummlapally
IN,India,India,508255,Angadipet,Telangana,40,Nalgonda,539,Chandur,,17.1219,79.1825,3,angadipet
IN,India,India,508255,Ponugode,Telangana,40,Nalgonda,539,Chandur,,17.1219,79.1825,3,ponugode
IN,India,India,508255,G. Aeroli,Telangana,40,Nalgonda,539,Nalgonda,,17.1219,79.1825,3,g-aeroli
IN,India,India,508255,Kastala,Telangana,40,Nalgonda,539,Chandur,,16.9538,79.0737,4,kastala
IN,India,India,508255,Idikuda,Telangana,40,Nalgonda,539,Chandur,,17.1219,79.1825,3,idikuda
IN,India,India,508255,Vattikode,Telangana,40,Nalgonda,539,Nalgonda,,17.1219,79.1825,3,vattikode
IN,India,India,508255,Chandur (Nalgonda),Telangana,40,Nalgonda,539,Chandur,,16.9809,79.0588,4,chandur-nalgonda
IN,India,India,508255,Pullemla,Telangana,40,Nalgonda,539,Nalgonda,,17.0312,79.0135,4,pullemla
IN,India,India,508255,Gundrepalli,Telangana,40,Nalgonda,539,Chandur,,16.876,79.2009,4,gundrepalli
IN,India,India,508255,Kanagal,Telangana,40,Nalgonda,539,Chandur,,17.1219,79.1825,3,kanagal
IN,India,India,508255,Nermata,Telangana,40,Nalgonda,539,Chandur,,17.1219,79.1825,3,nermata
IN,India,India,508255,Regatta,Telangana,40,Nalgonda,539,Chandur,,16.9939,79.1171,4,regatta
IN,India,India,508255,Bangarigadda,Telangana,40,Nalgonda,539,Chandur,,16.9854,79.0149,4,bangarigadda
IN,India,India,508256,Chepur,Telangana,40,Nalgonda,539,Nalgonda,,16.8399,79.1442,4,chepur
IN,India,India,508256,Junuthala,Telangana,40,Nalgonda,539,Nalgonda,,16.8399,79.1442,3,junuthala
IN,India,India,508256,Gurrampode,Telangana,40,Nalgonda,539,Gurrampode,,16.8399,79.1442,3,gurrampode
IN,India,India,508256,Koppole,Telangana,40,Nalgonda,539,Gurrampode,,16.8399,79.1442,3,koppole
IN,India,India,508256,Pittalaguda,Telangana,40,Nalgonda,539,Peddavoora,,16.8399,79.1442,3,pittalaguda
IN,India,India,508256,Pochamppaly,Telangana,40,Nalgonda,539,Nalgonda,,16.8399,79.1442,3,pochamppaly
IN,India,India,508256,Tenepally,Telangana,40,Nalgonda,539,Nalgonda,,16.8399,79.1442,3,tenepally
IN,India,India,508256,Thanedarpally,Telangana,40,Nalgonda,539,Nalgonda,,16.8399,79.1442,3,thanedarpally
IN,India,India,508256,Nadikuda,Telangana,40,Nalgonda,539,Nalgonda,,16.8399,79.1442,3,nadikuda
IN,India,India,508256,Chamalapally,Telangana,40,Nalgonda,539,Nalgonda,,16.8399,79.1442,3,chamalapally
IN,India,India,508257,Sultanpur,Telangana,40,Nalgonda,539,Nalgonda,,16.8326,79.0301,4,sultanpur
IN,India,India,508257,Ghanpur,Telangana,40,Nalgonda,539,Nalgonda,,16.876,79.2009,4,ghanpur
IN,India,India,508257,G. Bhimanapally,Telangana,40,Nalgonda,539,Pedda Adiserla Palle,,17.0638,79.1658,3,g-bhimanapally
IN,India,India,508257,Palvai,Telangana,40,Nalgonda,539,Nalgonda,,17.0638,79.1658,3,palvai
IN,India,India,508257,Chilakamarry,Telangana,40,Nalgonda,539,Nalgonda,,17.0638,79.1658,3,chilakamarry
IN,India,India,508257,Gummadavally,Telangana,40,Nalgonda,539,Nalgonda,,17.0638,79.1658,3,gummadavally
IN,India,India,508257,Shah Ghajipur,Telangana,40,Nalgonda,539,Nalgonda,,17.0638,79.1658,3,shah-ghajipur
IN,India,India,508257,Gudipalli,Telangana,40,Nalgonda,539,Nalgonda,,16.7616,79.0791,4,gudipalli
IN,India,India,508257,Mosangi,Telangana,40,Nalgonda,539,Nalgonda,,16.811,79.1872,4,mosangi
IN,India,India,508258,Mududandla,Telangana,40,Nalgonda,539,Nalgonda,,16.5855,78.8645,4,mududandla
IN,India,India,508258,Dindi Project,Telangana,40,Nalgonda,539,Nalgonda,,17.0804,79.1258,3,dindi-project
IN,India,India,508258,Rahmanthapur,Telangana,40,Nalgonda,539,Nalgonda,,17.0804,79.1258,3,rahmanthapur
IN,India,India,508258,Towklapur,Telangana,40,Nalgonda,539,Nalgonda,,17.0804,79.1258,3,towklapur
IN,India,India,508258,Bogguladone,Telangana,40,Nalgonda,539,Nalgonda,,17.0804,79.1258,3,bogguladone
IN,India,India,508258,Bollanpally,Telangana,40,Nalgonda,539,Nalgonda,,17.0804,79.1258,3,bollanpally
IN,India,India,508258,Veeraboinapally,Telangana,40,Nalgonda,539,Nalgonda,,17.0804,79.1258,3,veeraboinapally
IN,India,India,508258,Chamdampet,Telangana,40,Nalgonda,539,Nalgonda,,17.0804,79.1258,3,chamdampet
IN,India,India,508258,Cherukupally,Telangana,40,Nalgonda,539,Nalgonda,,17.0804,79.1258,3,cherukupally
IN,India,India,508258,Vavikole,Telangana,40,Nalgonda,539,Nalgonda,,17.0804,79.1258,3,vavikole
IN,India,India,508258,Yerraram,Telangana,40,Nalgonda,539,Nalgonda,,16.5957,78.8432,4,yerraram
IN,India,India,508258,Tippalaneni Gouraram,Telangana,40,Nalgonda,539,Nalgonda,,17.0804,79.1258,3,tippalaneni-gouraram
IN,India,India,508258,Gonaboinpally,Telangana,40,Nalgonda,539,Nalgonda,,17.0804,79.1258,3,gonaboinpally
IN,India,India,508258,Kandukur,Telangana,40,Nalgonda,539,Nalgonda,,16.876,79.2009,4,kandukur
IN,India,India,508258,Khanapur,Telangana,40,Nalgonda,539,Nalgonda,,16.876,79.2009,4,khanapur
IN,India,India,508258,Kamepally,Telangana,40,Nalgonda,539,Nalgonda,,16.876,79.2009,4,kamepally
IN,India,India,508266,Medaram,Telangana,40,Nalgonda,539,Nalgonda,,16.876,79.2009,4,medaram
IN,India,India,508266,Tungathurthy,Telangana,40,Nalgonda,539,Nalgonda,,16.876,79.2009,3,tungathurthy
IN,India,India,508266,Sirisanagandla,Telangana,40,Nalgonda,539,Nalgonda,,16.876,79.2009,3,sirisanagandla
IN,India,India,508266,Parvedula,Telangana,40,Nalgonda,539,Nalgonda,,16.876,79.2009,3,parvedula
IN,India,India,508266,Pedavoora,Telangana,40,Nalgonda,539,Nalgonda,,16.876,79.2009,3,pedavoora
IN,India,India,508266,Pothunur,Telangana,40,Nalgonda,539,Nalgonda,,16.876,79.2009,3,pothunur
IN,India,India,508266,Velmaguda,Telangana,40,Nalgonda,539,Nalgonda,,16.876,79.2009,3,velmaguda
IN,India,India,508266,Utlapally,Telangana,40,Nalgonda,539,Nalgonda,,16.876,79.2009,3,utlapally
IN,India,India,508266,Teppalamadugu,Telangana,40,Nalgonda,539,Nalgonda,,16.876,79.2009,3,teppalamadugu
IN,India,India,508266,Pulicherla,Telangana,40,Nalgonda,539,Nalgonda,,16.6603,79.1608,4,pulicherla
IN,India,India,508277,Dharmaram,Telangana,40,Nalgonda,539,Nalgonda,,16.876,79.2009,4,dharmaram
IN,India,India,508277,Dattappagudem,Telangana,40,Nalgonda,539,Nalgonda,,16.876,79.2009,4,dattappagudem
IN,India,India,508277,Addagudur,Telangana,40,Nalgonda,539,Nalgodna,,16.876,79.2009,4,addagudur
IN,India,India,508277,Suddala,Telangana,40,Nalgonda,539,Nalgonda,,16.876,79.2009,4,suddala
IN,India,India,508277,Veldevi,Telangana,40,Nalgonda,539,Nalgonda,,17.3496,79.3651,4,veldevi
IN,India,India,508277,Dacharam,Telangana,40,Nalgonda,539,Nalgonda,,16.876,79.2009,4,dacharam
IN,India,India,508277,Govindapuram,Telangana,40,Nalgonda,539,Nalgonda,,16.876,79.2009,4,govindapuram
IN,India,India,508277,Musipatla,Telangana,40,Nalgonda,539,Nalgonda,,16.876,79.2009,4,musipatla
IN,India,India,508277,Patimatla,Telangana,40,Nalgonda,539,Nalgonda,,16.876,79.2009,4,patimatla
IN,India,India,508277,Masampally,Telangana,40,Nalgonda,539,Nalgonda,,16.876,79.2009,3,masampally
IN,India,India,508277,Ramamram,Telangana,40,Nalgonda,539,NA,,16.876,79.2009,3,ramamram
IN,India,India,508277,Turkalshapuram,Telangana,40,Nalgonda,539,Nalgonda,,16.876,79.2009,3,turkalshapuram
IN,India,India,508277,Bodduguda,Telangana,40,Nalgonda,539,Nalgonda,,16.876,79.2009,3,bodduguda
IN,India,India,508277,Cholla Ramaram,Telangana,40,Nalgonda,539,Nalgonda,,16.876,79.2009,3,cholla-ramaram
IN,India,India,508277,Gattusingaram,Telangana,40,Nalgonda,539,Nalgonda,,16.876,79.2009,3,gattusingaram
IN,India,India,508277,Repakapatti,Telangana,40,Nalgonda,539,Nalgonda,,16.876,79.2009,3,repakapatti
IN,India,India,508277,Kanchariapally,Telangana,40,Nalgonda,539,Nalgonda,,16.876,79.2009,3,kanchariapally
IN,India,India,508277,Chirragudur,Telangana,40,Nalgonda,539,Nalgonda,,16.876,79.2009,4,chirragudur
IN,India,India,508277,Kondagadapa,Telangana,40,Nalgonda,539,Nalgonda,,16.876,79.2009,3,kondagadapa
IN,India,India,508277,Kotamarthy,Telangana,40,Nalgonda,539,Nalgonda,,16.876,79.2009,3,kotamarthy
IN,India,India,508277,Mothcore,Telangana,40,Nalgonda,539,Mothkur,,16.876,79.2009,3,mothcore
IN,India,India,508277,Podichedu,Telangana,40,Nalgonda,539,Nalgonda,,16.876,79.2009,3,podichedu
IN,India,India,508277,Bijilapuram,Telangana,40,Nalgonda,539,Nalgonda,,16.876,79.2009,3,bijilapuram
IN,India,India,508277,Gundala,Telangana,40,Nalgonda,539,Nalgonda,,16.876,79.2009,4,gundala
IN,India,India,508277,Anjajipur,Telangana,40,Nalgonda,539,Nalgonda,,16.876,79.2009,3,anjajipur
IN,India,India,508277,Ambala,Telangana,40,Nalgonda,539,Nalgonda,,16.876,79.2009,4,ambala
IN,India,India,508278,Annaram,Telangana,40,Nalgonda,539,Miryalguda,,16.8552,79.2271,4,annaram
IN,India,India,508278,Nidmanoor,Telangana,40,Nalgonda,539,Miryalguda,,16.876,79.2009,3,nidmanoor
IN,India,India,508278,Rajannagudem,Telangana,40,Nalgonda,539,Miryalguda,,16.876,79.2009,4,rajannagudem
IN,India,India,508278,Mukundapuram,Telangana,40,Nalgonda,539,Miryalguda,,16.876,79.2009,4,mukundapuram
IN,India,India,508278,Yerrabally,Telangana,40,Nalgonda,539,Miryalguda,,16.876,79.2009,3,yerrabally
IN,India,India,508278,Regulagadda,Telangana,40,Nalgonda,539,Miryalguda,,16.876,79.2009,4,regulagadda
IN,India,India,508278,Ibrahimpet,Telangana,40,Nalgonda,539,Nalgonda,,16.876,79.2009,4,ibrahimpet
IN,India,India,508278,Naramma Gudem,Telangana,40,Nalgonda,539,Miryalguda,,16.876,79.2009,3,naramma-gudem
IN,India,India,508278,Muppavaram,Telangana,40,Nalgonda,539,Miryalguda,,16.876,79.2009,3,muppavaram
IN,India,India,508278,Kamareddy Gudem,Telangana,40,Nalgonda,539,Miryalguda,,16.876,79.2009,3,kamareddy-gudem
IN,India,India,508278,Hazarigudem,Telangana,40,Nalgonda,539,Miryalguda,,16.876,79.2009,3,hazarigudem
IN,India,India,508278,Duggepally,Telangana,40,Nalgonda,539,Miryalguda,,16.876,79.2009,3,duggepally
IN,India,India,508278,Bokkamunthalapahad,Telangana,40,Nalgonda,539,Miryalguda,,16.876,79.2009,3,bokkamunthalapahad
IN,India,India,508278,Marpaka,Telangana,40,Nalgonda,539,Miryalguda,,16.876,79.2009,3,marpaka
IN,India,India,508278,Tummadam,Telangana,40,Nalgonda,539,Miryalguda,,16.876,79.2009,3,tummadam
IN,India,India,508278,Utkoor,Telangana,40,Nalgonda,539,Miryalguda,,16.876,79.2009,3,utkoor
IN,India,India,508278,Vempahad,Telangana,40,Nalgonda,539,Miryalguda,,16.876,79.2009,3,vempahad
IN,India,India,508278,Ramadugu,Telangana,40,Nalgonda,539,Miryalguda,,16.876,79.2009,4,ramadugu
IN,India,India,508279,Pasunoor,Telangana,40,Nalgonda,539,Thungathurthy,,16.876,79.2009,3,pasunoor
IN,India,India,508279,Etoor,Telangana,40,Nalgonda,539,Thungathurthy,,16.876,79.2009,3,etoor
IN,India,India,508279,Parsaipally,Telangana,40,Nalgonda,539,Thungathurthy,,16.876,79.2009,3,parsaipally
IN,India,India,508279,D Kothapally,Telangana,40,Nalgonda,539,Thungathurthy,,16.876,79.2009,3,d-kothapally
IN,India,India,508279,Pasthala,Telangana,40,Nalgonda,539,Thungathurthi,,16.876,79.2009,3,pasthala
IN,India,India,508279,Wardhamankota,Telangana,40,Nalgonda,539,Thungathurthy,,16.876,79.2009,3,wardhamankota
IN,India,India,508280,Thoorpugudem,Telangana,40,Nalgonda,539,Thungathurthi,,16.876,79.2009,3,thoorpugudem
IN,India,India,508280,Karvirala Kothagudem,Telangana,40,Nalgonda,539,Thungathurthi,,16.876,79.2009,3,karvirala-kothagudem
IN,India,India,508280,Maddirala,Telangana,40,Nalgonda,539,Thungathurthi,,16.876,79.2009,4,maddirala
IN,India,India,508280,Reddygudem,Telangana,40,Nalgonda,539,Thungathurthi,,16.876,79.2009,3,reddygudem
IN,India,India,508280,Thungathurthi,Telangana,40,Nalgonda,539,Thungathurthi,,16.876,79.2009,3,thungathurthi
IN,India,India,508280,Velugupally,Telangana,40,Nalgonda,539,Thungathurthi,,16.876,79.2009,3,velugupally
IN,India,India,508280,Vempati,Telangana,40,Nalgonda,539,Thungathurthi,,16.876,79.2009,3,vempati
IN,India,India,508280,Gonrentla,Telangana,40,Nalgonda,539,Thungathurthi,,16.876,79.2009,3,gonrentla
IN,India,India,508280,Gottiparthi,Telangana,40,Nalgonda,539,Thungathurthi,,16.876,79.2009,3,gottiparthi
IN,India,India,508280,Gummadavally,Telangana,40,Nalgonda,539,Thungathurthi,,16.876,79.2009,3,gummadavally
IN,India,India,508280,Annaram,Telangana,40,Nalgonda,539,Thungathurthi,,16.8552,79.2271,4,annaram
IN,India,India,508280,Ganugabanda,Telangana,40,Nalgonda,539,Thungathurthi,,16.876,79.2009,4,ganugabanda
IN,India,India,508280,Ravulapally,Telangana,40,Nalgonda,539,Thungathurthi,,16.876,79.2009,3,ravulapally
IN,India,India,508280,Kukkadam,Telangana,40,Nalgonda,539,Thungathurthi,,16.876,79.2009,4,kukkadam
IN,India,India,508284,Pochampalli (Nalgonda),Telangana,40,Nalgonda,539,Pochampalle,,16.9029,79.0535,4,pochampalli-nalgonda
IN,India,India,508284,Indriyala,Telangana,40,Nalgonda,539,Nalgonda,,16.9029,79.0535,3,indriyala
IN,India,India,508284,Julur,Telangana,40,Nalgonda,539,Nalgonda,,16.9029,79.0535,3,julur
IN,India,India,508284,Vankamamidi,Telangana,40,Nalgonda,539,Nalgonda,,16.9029,79.0535,3,vankamamidi
IN,India,India,508284,Pillaipally,Telangana,40,Nalgonda,539,Nalgonda,,16.9029,79.0535,3,pillaipally
IN,India,India,508284,Jiblakpally,Telangana,40,Nalgonda,539,Nalgonda,,16.9029,79.0535,3,jiblakpally
IN,India,India,508285,Nandanam,Telangana,40,Nalgonda,539,Nalgoda,,16.876,79.2009,4,nandanam
IN,India,India,508285,Redlarepaka,Telangana,40,Nalgonda,539,Nalgonda,,16.876,79.2009,3,redlarepaka
IN,India,India,508285,Kanchanapally,Telangana,40,Nalgonda,539,Cc,,16.876,79.2009,3,kanchanapally
IN,India,India,508285,Pahilwanpur,Telangana,40,Nalgonda,539,Nalgonda,,16.876,79.2009,3,pahilwanpur
IN,India,India,508285,Anajipur,Telangana,40,Nalgonda,539,Nalgonda,,16.876,79.2009,3,anajipur
IN,India,India,508285,Puligilla,Telangana,40,Nalgonda,539,Nalgonda,,16.876,79.2009,4,puligilla
IN,India,India,508285,Bollepally,Telangana,40,Nalgonda,539,Cc,,16.876,79.2009,3,bollepally
IN,India,India,508285,Maqdoompally,Telangana,40,Nalgonda,539,NA,,16.876,79.2009,3,maqdoompally
IN,India,India,508285,Tekula Somaram,Telangana,40,Nalgonda,539,Bhongir,,16.876,79.2009,3,tekula-somaram
IN,India,India,508286,Motakondur,Telangana,40,Nalgonda,539,Cc,,16.876,79.2009,3,motakondur
IN,India,India,508286,Kunur,Telangana,40,Nalgonda,539,Nalgonda,,16.876,79.2009,3,kunur
IN,India,India,508286,Wangapalli,Telangana,40,Nalgonda,539,Bhongir,,16.876,79.2009,4,wangapalli
IN,India,India,508286,Cheemalkondur,Telangana,40,Nalgonda,539,NA,,16.876,79.2009,3,cheemalkondur
IN,India,India,508286,Chinnakandukur,Telangana,40,Nalgonda,539,NA,,16.876,79.2009,3,chinnakandukur
IN,India,India,508286,Choller,Telangana,40,Nalgonda,539,Vv,,16.876,79.2009,3,choller
IN,India,India,508286,Ikkurthy,Telangana,40,Nalgonda,539,Cc,,16.876,79.2009,3,ikkurthy
IN,India,India,508286,Mattor,Telangana,40,Nalgonda,539,NA,,16.876,79.2009,3,mattor
IN,India,India,508286,Peda Kandukur,Telangana,40,Nalgonda,539,Cc,,16.876,79.2009,3,peda-kandukur
IN,India,India,508286,Raigiri,Telangana,40,Nalgonda,539,Nalgonda,,16.876,79.2009,3,raigiri
IN,India,India,508286,Vartoor,Telangana,40,Nalgonda,539,Bhongir,,16.876,79.2009,3,vartoor
IN,India,India,508286,Veeravally,Telangana,40,Nalgonda,539,Nalgonda,,16.876,79.2009,3,veeravally
IN,India,India,508286,Chandupatla,Telangana,40,Nalgonda,539,Nalgonda,,17.1266,79.4441,4,chandupatla
IN,India,India,508355,Kondrapole,Telangana,40,Nalgonda,539,Miryalguda,,16.7859,79.6106,4,kondrapole
IN,India,India,508355,Borraipalem,Telangana,40,Nalgonda,539,Miryalguda,,16.7859,79.6106,3,borraipalem
IN,India,India,508355,Dilvarpur,Telangana,40,Nalgonda,539,Miryalguda,,16.7859,79.6106,3,dilvarpur
IN,India,India,508355,Damarcharla,Telangana,40,Nalgonda,539,Miryalguda,,16.7859,79.6106,3,damarcharla
IN,India,India,508355,Wadapally,Telangana,40,Nalgonda,539,Miryalguda,,16.7859,79.6106,3,wadapally
IN,India,India,508355,Sunyapahad,Telangana,40,Nalgonda,539,Huzurnagar,,16.7859,79.6106,3,sunyapahad
IN,India,India,508373,Teppelaneni  Gouraram,Telangana,40,Nalgonda,539,Nalgonda,,16.8933,78.967,3,teppelaneni-gouraram
IN,India,India,508373,Venkampeta,Telangana,40,Nalgonda,539,Nalgonda,,16.8933,78.967,3,venkampeta
IN,India,India,508373,Medlavai,Telangana,40,Nalgonda,539,Nalgonda,,16.8933,78.967,3,medlavai
IN,India,India,508373,Gatlamallepally,Telangana,40,Nalgonda,539,Nalgonda,,16.8933,78.967,3,gatlamallepally
IN,India,India,508373,Pasnoor,Telangana,40,Nalgonda,539,Nalgonda,,16.8933,78.967,3,pasnoor
IN,India,India,508373,Vaddepally,Telangana,40,Nalgonda,539,Nalgonda,,16.8933,78.967,3,vaddepally
IN,India,India,508373,Peddapuram,Telangana,40,Nalgonda,539,Nalgonda,,16.9003,78.9721,4,peddapuram
IN,India,India,508373,Nampalli,Telangana,40,Nalgonda,539,Nalgonda,,16.8863,78.9619,4,nampalli
IN,India,India,508374,Amangal,Telangana,40,Nalgonda,539,Miryalguda,,17.0576,79.5722,4,amangal
IN,India,India,508374,Chirumarthy,Telangana,40,Nalgonda,539,Miryalguda,,16.876,79.2009,3,chirumarthy
IN,India,India,508374,Agamothkur,Telangana,40,Nalgonda,539,Miryalguda,,16.876,79.2009,3,agamothkur
IN,India,India,508374,Cheruvupally,Telangana,40,Nalgonda,539,Miryalguda,,16.876,79.2009,3,cheruvupally
IN,India,India,508374,Bheemavaram,Telangana,40,Nalgonda,539,Miryalguda,,16.876,79.2009,3,bheemavaram
IN,India,India,508374,Madgulapally,Telangana,40,Nalgonda,539,Nalgonda,,16.876,79.2009,3,madgulapally
IN,India,India,508374,Kannekal,Telangana,40,Nalgonda,539,Miryalguda,,16.876,79.2009,3,kannekal
IN,India,India,508374,Pamulapahad,Telangana,40,Nalgonda,539,Miryalguda,,16.876,79.2009,3,pamulapahad
IN,India,India,508374,Bommakal,Telangana,40,Nalgonda,539,Miryalguda,,16.876,79.2009,4,bommakal
IN,India,India,508374,Indugula,Telangana,40,Nalgonda,539,Miryalguda,,16.876,79.2009,3,indugula
IN,India,India,508374,Salkanoor,Telangana,40,Nalgonda,539,Miryalguda,,16.876,79.2009,3,salkanoor
IN,India,India,508376,Pinnaipalem,Telangana,40,Nalgonda,539,Suryapet,,16.876,79.2009,3,pinnaipalem
IN,India,India,508376,Ramavaram,Telangana,40,Nalgonda,539,Suryapet,,16.876,79.2009,4,ramavaram
IN,India,India,508376,Yendlapally,Telangana,40,Nalgonda,539,Suryapet,,16.876,79.2009,3,yendlapally
IN,India,India,508376,Yerkaram,Telangana,40,Nalgonda,539,Suryapet,,16.876,79.2009,3,yerkaram
IN,India,India,508376,Koppole,Telangana,40,Nalgonda,539,Suryapet,,16.876,79.2009,3,koppole
IN,India,India,508376,Rayanaguda,Telangana,40,Nalgonda,539,Suryapet,,16.876,79.2009,3,rayanaguda
IN,India,India,508376,Tekumatla,Telangana,40,Nalgonda,539,Suryapet,,16.876,79.2009,3,tekumatla
IN,India,India,508376,Balemula,Telangana,40,Nalgonda,539,Suryapet,,16.876,79.2009,3,balemula
IN,India,India,508377,Alwal,Telangana,40,Nalgonda,539,Nalgonda,,16.876,79.2009,4,alwal
IN,India,India,508377,Kompally,Telangana,40,Nalgonda,539,Nalgonda,,16.876,79.2009,3,kompally
IN,India,India,508377,Rangundala,Telangana,40,Nalgonda,539,Anumula,,16.876,79.2009,3,rangundala
IN,India,India,508377,Halia,Telangana,40,Nalgonda,539,Anumula,,16.876,79.2009,3,halia
IN,India,India,508377,Rajavaram,Telangana,40,Nalgonda,539,Nalgonda,,16.876,79.2009,3,rajavaram
IN,India,India,508377,Marepally,Telangana,40,Nalgonda,539,Nalgonda,,16.876,79.2009,3,marepally
IN,India,India,508377,Tirumalagiri,Telangana,40,Nalgonda,539,Nalgonda,,16.9169,79.0102,4,tirumalagiri
IN,India,India,508377,Yacharam,Telangana,40,Nalgonda,539,Nalgonda,,16.8427,79.2478,4,yacharam
IN,India,India,508377,Anumula,Telangana,40,Nalgonda,539,Nalgonda,,16.7837,79.3021,4,anumula
IN,India,India,508377,Perur,Telangana,40,Nalgonda,539,Nalgonda,,16.876,79.2009,4,perur
IN,India,India,506001,Subedari,Telangana,40,Warangal,540,Hanamkonda,,17.9218,79.7582,4,subedari
IN,India,India,506001,Hanamkonda H.O,Telangana,40,Warangal,540,Hanamkonda,,17.9218,79.7582,3,hanamkonda-h-o
IN,India,India,506001,Lashkar Bazar,Telangana,40,Warangal,540,Hanamkonda,,17.9218,79.7582,3,lashkar-bazar
IN,India,India,506002,Mandi Bazar,Telangana,40,Warangal,540,Warangal,,17.9218,79.7582,3,mandi-bazar
IN,India,India,506002,Mahathma Gandhi Road,Telangana,40,Warangal,540,Warangal,,17.9218,79.7582,3,mahathma-gandhi-road
IN,India,India,506002,Karimabad,Telangana,40,Warangal,540,Warangal,,17.9218,79.7582,4,karimabad
IN,India,India,506002,Grainmarket,Telangana,40,Warangal,540,Warangal,,17.9218,79.7582,3,grainmarket
IN,India,India,506002,Svn Road,Telangana,40,Warangal,540,Warangal,,17.9218,79.7582,3,svn-road
IN,India,India,506002,Warangal H.O,Telangana,40,Warangal,540,Warangal,,17.9218,79.7582,3,warangal-h-o
IN,India,India,506002,Matwada,Telangana,40,Warangal,540,Warangal,,17.9218,79.7582,4,matwada
IN,India,India,506002,Kasibugga (Warangal),Telangana,40,Warangal,540,Warangal,,17.9218,79.7582,4,kasibugga-warangal
IN,India,India,506002,Railway Gate,Telangana,40,Warangal,540,Warangal,,17.9218,79.7582,3,railway-gate
IN,India,India,506002,Beat Bazar,Telangana,40,Warangal,540,Warangal,,17.9218,79.7582,3,beat-bazar
IN,India,India,506003,Venkatapur,Telangana,40,Warangal,540,Zaffargaddh,,17.9218,79.7582,4,venkatapur
IN,India,India,506003,Malakpalli,Telangana,40,Warangal,540,Dharmasagar,,17.9218,79.7582,3,malakpalli
IN,India,India,506003,Bapujinagar (Warangal),Telangana,40,Warangal,540,Hanamkonda,,17.9218,79.7582,3,bapujinagar-warangal
IN,India,India,506003,Kondaparthy,Telangana,40,Warangal,540,Hanamkonda,,17.9218,79.7582,3,kondaparthy
IN,India,India,506003,Bhatpally,Telangana,40,Warangal,540,NA,,17.9218,79.7582,3,bhatpally
IN,India,India,506003,Taralapalli,Telangana,40,Warangal,540,Hanamkonda,,17.9218,79.7582,3,taralapalli
IN,India,India,506003,Kazipet,Telangana,40,Warangal,540,Warangal,,17.9218,79.7582,4,kazipet
IN,India,India,506003,Tekulagudem,Telangana,40,Warangal,540,Hanamkonda,,17.9218,79.7582,4,tekulagudem
IN,India,India,506003,Kadipikonda,Telangana,40,Warangal,540,Hanamkonda,,17.9218,79.7582,4,kadipikonda
IN,India,India,506003,Mulkalagudem,Telangana,40,Warangal,540,Hanamkonda,,17.9218,79.7582,4,mulkalagudem
IN,India,India,506004,Fatimanagar,Telangana,40,Warangal,540,Hanamkonda,,17.9218,79.7582,1,fatimanagar
IN,India,India,506004,R E College,Telangana,40,Warangal,540,Hanamkonda,,17.9218,79.7582,1,r-e-college
IN,India,India,506005,Kapulakanparthy,Telangana,40,Warangal,540,Sangam,,17.9218,79.7582,3,kapulakanparthy
IN,India,India,506005,Rangshaipet,Telangana,40,Warangal,540,Warangal,,17.9218,79.7582,3,rangshaipet
IN,India,India,506005,Singaram,Telangana,40,Warangal,540,Wardhannapet,,17.9218,79.7582,4,singaram
IN,India,India,506005,Ashalapalli,Telangana,40,Warangal,540,Sangam,,17.9218,79.7582,3,ashalapalli
IN,India,India,506005,Bollikunta,Telangana,40,Warangal,540,Sangam,,17.9218,79.7582,4,bollikunta
IN,India,India,506005,Gadepalli,Telangana,40,Warangal,540,Sangam,,17.9218,79.7582,4,gadepalli
IN,India,India,506005,Timmapur,Telangana,40,Warangal,540,Hanamkonda,,17.9218,79.7582,4,timmapur
IN,India,India,506006,Paidipalli,Telangana,40,Warangal,540,Hanamkonda,,18.2238,79.6994,4,paidipalli
IN,India,India,506006,Venkatapur,Telangana,40,Warangal,540,Atmakur,,17.7453,79.8092,4,venkatapur
IN,India,India,506006,Deshaipet,Telangana,40,Warangal,540,Warangal,,17.9218,79.7582,3,deshaipet
IN,India,India,506006,Mogilcherla,Telangana,40,Warangal,540,Geesugonda Mandal,,17.9218,79.7582,3,mogilcherla
IN,India,India,506006,Kothapeta,Telangana,40,Warangal,540,Hanamkonda Mandal,,17.9218,79.7582,4,kothapeta
IN,India,India,506006,Kogilvai,Telangana,40,Warangal,540,Atmakur Mandall,,17.9218,79.7582,3,kogilvai
IN,India,India,506006,Arepalli,Telangana,40,Warangal,540,Hanamkonda,,17.9218,79.7582,4,arepalli
IN,India,India,506006,Ladella,Telangana,40,Warangal,540,Atmakur,,17.9218,79.7582,3,ladella
IN,India,India,506006,Vangapahad,Telangana,40,Warangal,540,Hasanparthy,,17.9218,79.7582,3,vangapahad
IN,India,India,506006,Siddapur,Telangana,40,Warangal,540,Hasnparthy,,17.9218,79.7582,4,siddapur
IN,India,India,506006,Mallareddipalli,Telangana,40,Warangal,540,Atmakur,,17.9218,79.7582,4,mallareddipalli
IN,India,India,506006,Damera,Telangana,40,Warangal,540,Hanamkonda Mandal,,17.9218,79.7582,4,damera
IN,India,India,506006,Gorrekunta,Telangana,40,Warangal,540,Geesungonda Mandal,,17.9218,79.7582,3,gorrekunta
IN,India,India,506007,Industrial Estate,Telangana,40,Warangal,540,warangal,,17.9218,79.7582,1,industrial-estate
IN,India,India,506007,K.M.College,Telangana,40,Warangal,540,Warangal,,17.9218,79.7582,1,k-m-college
IN,India,India,506007,Agricultur Research Station,Telangana,40,Warangal,540,Warangal,,17.9218,79.7582,1,agricultur-research-station
IN,India,India,506007,M.G.M Hospital,Telangana,40,Warangal,540,Warangal,,17.9218,79.7582,1,m-g-m-hospital
IN,India,India,506008,Shivnagar,Telangana,40,Warangal,540,Warangal,,17.9218,79.7582,1,shivnagar
IN,India,India,506008,Railway Gate,Telangana,40,Warangal,540,Warangal,,17.9218,79.7582,1,railway-gate
IN,India,India,506008,Fort Warangal.,Telangana,40,Warangal,540,Warangal,,17.9218,79.7582,1,fort-warangal
IN,India,India,506009,Naimnagar,Telangana,40,Warangal,540,Hanamkonda,,17.9218,79.7582,1,naimnagar
IN,India,India,506009,Vidyaranyapuri,Telangana,40,Warangal,540,Hanamkonda,,17.9218,79.7582,1,vidyaranyapuri
IN,India,India,506011,Reddicolony,Telangana,40,Warangal,540,Hanamkonda,,17.9218,79.7582,1,reddicolony
IN,India,India,506011,D H Suthoon,Telangana,40,Warangal,540,Hanamkonda,,17.9218,79.7582,1,d-h-suthoon
IN,India,India,506013,Laxmipur (Warangal),Telangana,40,Warangal,540,Warangal,,17.9218,79.7582,1,laxmipur-warangal
IN,India,India,506013,Pragathi Industrial Estate,Telangana,40,Warangal,540,Warangal,,17.9218,79.7582,1,pragathi-industrial-estate
IN,India,India,506015,Chintagattu,Telangana,40,Warangal,540,Hasanparthy,,17.9218,79.7582,3,chintagattu
IN,India,India,506015,K C Colony,Telangana,40,Warangal,540,Hasanparthy,,17.9218,79.7582,3,k-c-colony
IN,India,India,506015,Bheemaram,Telangana,40,Warangal,540,Hasanparthy,,17.9218,79.7582,3,bheemaram
IN,India,India,506015,Mucherla,Telangana,40,Warangal,540,Hasanparthy,,17.9218,79.7582,4,mucherla
IN,India,India,506015,Pegadapalli,Telangana,40,Warangal,540,Hasanparthy,,17.9218,79.7582,4,pegadapalli
IN,India,India,506101,Mahabubabad H.O,Telangana,40,Warangal,540,Mahabubabad,,17.9218,79.7582,1,mahabubabad-h-o
IN,India,India,506102,Alair,Telangana,40,Warangal,540,Mahabubabad,,17.9218,79.7582,3,alair
IN,India,India,506102,Bheriwada,Telangana,40,Warangal,540,Mah'bad,,17.9218,79.7582,4,bheriwada
IN,India,India,506102,New Abadi,Telangana,40,Warangal,540,Mahabubabad,,17.9218,79.7582,3,new-abadi
IN,India,India,506102,Annaram,Telangana,40,Warangal,540,Mah'bad,,17.9218,79.7582,4,annaram
IN,India,India,506102,Vavilala,Telangana,40,Warangal,540,Mah'bad,,17.9218,79.7582,4,vavilala
IN,India,India,506102,Edulapoosalapalli,Telangana,40,Warangal,540,Mah'bad,,17.9218,79.7582,3,edulapoosalapalli
IN,India,India,506102,Gundrathimadugu,Telangana,40,Warangal,540,Mah'bad,,17.9218,79.7582,3,gundrathimadugu
IN,India,India,506102,Mudupugal,Telangana,40,Warangal,540,Mahabubabad,,17.9218,79.7582,3,mudupugal
IN,India,India,506102,Penugonda,Telangana,40,Warangal,540,Mah'bad,,17.9218,79.7582,3,penugonda
IN,India,India,506102,Rajole,Telangana,40,Warangal,540,Mah'bad,,17.9218,79.7582,3,rajole
IN,India,India,506102,Stn. Gundrathimadugu,Telangana,40,Warangal,540,Mah'bad,,17.9218,79.7582,3,stn-gundrathimadugu
IN,India,India,506102,Tadlapoosalapalli,Telangana,40,Warangal,540,Mah'bad,,17.9218,79.7582,3,tadlapoosalapalli
IN,India,India,506102,Vemnoor,Telangana,40,Warangal,540,Mah'bad,,17.9218,79.7582,3,vemnoor
IN,India,India,506102,Amangala,Telangana,40,Warangal,540,Mah'bad,,17.9218,79.7582,3,amangala
IN,India,India,506104,Neerada,Telangana,40,Warangal,540,Neerada,,17.9218,79.7582,3,neerada
IN,India,India,506104,Gundamrajpalli,Telangana,40,Warangal,540,Neerada,,17.9218,79.7582,3,gundamrajpalli
IN,India,India,506104,Chengapur,Telangana,40,Warangal,540,Neerada,,17.9218,79.7582,3,chengapur
IN,India,India,506104,Narasimlaguda,Telangana,40,Warangal,540,Neerada,,17.9218,79.7582,3,narasimlaguda
IN,India,India,506104,Kousalyadevipalli,Telangana,40,Warangal,540,Neerada,,17.9218,79.7582,3,kousalyadevipalli
IN,India,India,506104,Jangligonda,Telangana,40,Warangal,540,Neerada,,17.9218,79.7582,3,jangligonda
IN,India,India,506104,Parvathagiri,Telangana,40,Warangal,540,Neerada,,17.9218,79.7582,3,parvathagiri
IN,India,India,506104,Gudur,Telangana,40,Warangal,540,Neerada,,17.9218,79.7582,4,gudur
IN,India,India,506104,Jayyaram,Telangana,40,Warangal,540,Neerada,,17.9218,79.7582,4,jayyaram
IN,India,India,506104,Singaram,Telangana,40,Warangal,540,Neerada,,17.9218,79.7582,4,singaram
IN,India,India,506105,Madapur,Telangana,40,Warangal,540,Kuravi,,17.9218,79.7582,4,madapur
IN,India,India,506105,Kandikonda,Telangana,40,Warangal,540,Kuravi,,17.9218,79.7582,4,kandikonda
IN,India,India,506105,Tattupalli,Telangana,40,Warangal,540,Kuravi,,17.9218,79.7582,3,tattupalli
IN,India,India,506105,Mogilcherla,Telangana,40,Warangal,540,Kuravi,,17.9218,79.7582,3,mogilcherla
IN,India,India,506105,Upparguda,Telangana,40,Warangal,540,Kuravi,,17.9218,79.7582,4,upparguda
IN,India,India,506105,Modugulaguda,Telangana,40,Warangal,540,Kuravi,,17.9218,79.7582,3,modugulaguda
IN,India,India,506105,Chintapalli,Telangana,40,Warangal,540,Kuravi,,17.9218,79.7582,4,chintapalli
IN,India,India,506105,Kuravi,Telangana,40,Warangal,540,Kuravi,,17.9218,79.7582,4,kuravi
IN,India,India,506105,Sudenapalli,Telangana,40,Warangal,540,Kuravi,,17.9218,79.7582,3,sudenapalli
IN,India,India,506105,Ayyagaripalli,Telangana,40,Warangal,540,Kuravi,,17.9218,79.7582,3,ayyagaripalli
IN,India,India,506105,Bethole,Telangana,40,Warangal,540,Kuravi,,17.9218,79.7582,3,bethole
IN,India,India,506105,Nallela,Telangana,40,Warangal,540,Kuravi,,17.9218,79.7582,3,nallela
IN,India,India,506105,Kamepalli,Telangana,40,Warangal,540,Kuravi,,17.9218,79.7582,4,kamepalli
IN,India,India,506105,Tallasankeesa,Telangana,40,Warangal,540,Kuravi,,17.9218,79.7582,3,tallasankeesa
IN,India,India,506105,Serole,Telangana,40,Warangal,540,Kuravi,,17.9218,79.7582,3,serole
IN,India,India,506112,Dhansari,Telangana,40,Warangal,540,Kesamudram,,17.8096,79.4276,3,dhansari
IN,India,India,506112,Alankhanipet,Telangana,40,Warangal,540,Kesamudram,,17.8096,79.4276,3,alankhanipet
IN,India,India,506112,Mupparamkurd,Telangana,40,Warangal,540,Kesamudram,,17.8096,79.4276,3,mupparamkurd
IN,India,India,506112,Teegalavenii,Telangana,40,Warangal,540,Kesamudram,,17.8096,79.4276,3,teegalavenii
IN,India,India,506112,Kalvala,Telangana,40,Warangal,540,Kesamudram,,17.9218,79.7582,4,kalvala
IN,India,India,506112,Chinnagaram,Telangana,40,Warangal,540,Kesamudram,,17.8096,79.4276,3,chinnagaram
IN,India,India,506112,Ingurthy,Telangana,40,Warangal,540,Kesamudram,,17.8096,79.4276,3,ingurthy
IN,India,India,506112,Korukondapalli,Telangana,40,Warangal,540,Kesamudram,,17.8096,79.4276,3,korukondapalli
IN,India,India,506112,Ameenapur,Telangana,40,Warangal,540,Kesamudram,,17.8096,79.4276,3,ameenapur
IN,India,India,506112,Peddakorpole,Telangana,40,Warangal,540,Kesamudram,,17.8096,79.4276,3,peddakorpole
IN,India,India,506112,Komatipalli,Telangana,40,Warangal,540,Kesamudram,,17.9218,79.7582,4,komatipalli
IN,India,India,506112,Kesamudram,Telangana,40,Warangal,540,Kesamudram,,17.9218,79.7582,4,kesamudram
IN,India,India,506112,Kesamudram Town,Telangana,40,Warangal,540,Kesamudram,,17.9218,79.7582,4,kesamudram-town
IN,India,India,506112,Naikpalli,Telangana,40,Warangal,540,Kesamudram,,17.9218,79.7582,4,naikpalli
IN,India,India,506112,Upparapalli,Telangana,40,Warangal,540,Kesamudram,,17.9218,79.7582,4,upparapalli
IN,India,India,506112,Narayanapuram,Telangana,40,Warangal,540,Maripeda,,17.9218,79.7582,4,narayanapuram
IN,India,India,506112,Intikanne,Telangana,40,Warangal,540,Kesamudram,,17.9218,79.7582,4,intikanne
IN,India,India,506112,Katrepalli,Telangana,40,Warangal,540,Kesamudram,,17.6506,79.5486,4,katrepalli
IN,India,India,506112,Rajanpalli,Telangana,40,Warangal,540,Kesamudram,,17.9218,79.7582,4,rajanpalli
IN,India,India,506122,Upparapalli,Telangana,40,Warangal,540,Nekkonda,,17.9218,79.7582,4,upparapalli
IN,India,India,506122,Jhalli,Telangana,40,Warangal,540,Nekkonda,,17.8436,79.8606,4,jhalli
IN,India,India,506122,Lingagiri,Telangana,40,Warangal,540,Nekkonda,,17.8108,79.847,4,lingagiri
IN,India,India,506122,Nekkonda,Telangana,40,Warangal,540,Nekkonda,,17.6625,79.9415,3,nekkonda
IN,India,India,506122,Nagaram,Telangana,40,Warangal,540,Nekkonda,,17.752,79.8841,4,nagaram
IN,India,India,506122,Chandrugonda,Telangana,40,Warangal,540,Nekkonda,,17.9218,79.7582,4,chandrugonda
IN,India,India,506122,Soorpalli,Telangana,40,Warangal,540,Nekkonda,,17.9218,79.7582,3,soorpalli
IN,India,India,506122,Mudigonda,Telangana,40,Warangal,540,Nekkonda,,17.9218,79.7582,4,mudigonda
IN,India,India,506122,Deekshakunta,Telangana,40,Warangal,540,Nekkonda,,17.9218,79.7582,3,deekshakunta
IN,India,India,506122,Ameenabad,Telangana,40,Warangal,540,Nekkonda,,17.9218,79.7582,3,ameenabad
IN,India,India,506132,Medapalli,Telangana,40,Warangal,540,Narsampet,,17.9218,79.7582,4,medapalli
IN,India,India,506132,Khanapur,Telangana,40,Warangal,540,Narsampet,,17.9004,79.9277,4,khanapur
IN,India,India,506132,Narsampet,Telangana,40,Warangal,540,Narsampet,,17.9279,79.8923,4,narsampet
IN,India,India,506132,Kothur,Telangana,40,Warangal,540,Narsampet,,17.7388,79.6652,4,kothur
IN,India,India,506132,Govindapur,Telangana,40,Warangal,540,Narsampet,,17.9218,79.7582,4,govindapur
IN,India,India,506132,Ashoknagar,Telangana,40,Warangal,540,Narsampet,,17.952,79.9516,4,ashoknagar
IN,India,India,506132,Itikalapalli,Telangana,40,Warangal,540,Narsampet,,18.0407,79.9209,3,itikalapalli
IN,India,India,506132,Bhanjipet,Telangana,40,Warangal,540,Narsampet,,18.0407,79.9209,3,bhanjipet
IN,India,India,506132,Gundalpahad,Telangana,40,Warangal,540,Narsampet,,18.0407,79.9209,3,gundalpahad
IN,India,India,506132,Dwarakapet,Telangana,40,Warangal,540,Narsampet,,18.0407,79.9209,3,dwarakapet
IN,India,India,506132,Dabeerpet,Telangana,40,Warangal,540,Narsampet,,18.0407,79.9209,3,dabeerpet
IN,India,India,506132,Muthojipet,Telangana,40,Warangal,540,Narsampet,,18.0407,79.9209,3,muthojipet
IN,India,India,506132,Narakkapet,Telangana,40,Warangal,540,Narsampet,,18.0407,79.9209,3,narakkapet
IN,India,India,506132,Madannapet,Telangana,40,Warangal,540,Narsampet,,17.9678,79.8864,4,madannapet
IN,India,India,506134,Dharmaraopet,Telangana,40,Warangal,540,Gudur,,17.8501,79.9322,4,dharmaraopet
IN,India,India,506134,Ayodhyapur,Telangana,40,Warangal,540,Gudur,,17.9218,79.7582,4,ayodhyapur
IN,India,India,506134,Bollepalli,Telangana,40,Warangal,540,Gudur,,17.9218,79.7582,4,bollepalli
IN,India,India,506134,Bhudharaopet,Telangana,40,Warangal,540,Gudur,,17.5239,79.2313,3,bhudharaopet
IN,India,India,506134,Bhupathipet,Telangana,40,Warangal,540,Gudur,,17.5239,79.2313,3,bhupathipet
IN,India,India,506134,Gudur (Warangal),Telangana,40,Warangal,540,Gudur,,17.5239,79.2313,3,gudur-warangal
IN,India,India,506134,Pungode,Telangana,40,Warangal,540,Gudur,,17.5239,79.2313,3,pungode
IN,India,India,506134,Mangalvaripet,Telangana,40,Warangal,540,Gudur,,17.5239,79.2313,3,mangalvaripet
IN,India,India,506134,Seethanagar,Telangana,40,Warangal,540,Gudur,,17.5239,79.2313,3,seethanagar
IN,India,India,506134,Dameravancha,Telangana,40,Warangal,540,Gudur,,17.5239,79.2313,3,dameravancha
IN,India,India,506134,Gajulagattu,Telangana,40,Warangal,540,Gudur,,17.5239,79.2313,3,gajulagattu
IN,India,India,506134,Macherla,Telangana,40,Warangal,540,Gudur,,17.9218,79.7582,4,macherla
IN,India,India,506135,Marrigudem,Telangana,40,Warangal,540,Kothaguda,,17.9218,79.7582,4,marrigudem
IN,India,India,506135,Gangaram,Telangana,40,Warangal,540,Kothaguda,,17.9218,79.7582,4,gangaram
IN,India,India,506135,Komatlagudem,Telangana,40,Warangal,540,Kothaguda,,17.9218,79.7582,4,komatlagudem
IN,India,India,506135,Bhathulapalli,Telangana,40,Warangal,540,Kothaguda,,17.9218,79.7582,3,bhathulapalli
IN,India,India,506135,Sadireddipalli,Telangana,40,Warangal,540,Kothaguda,,17.9218,79.7582,3,sadireddipalli
IN,India,India,506135,Musmi,Telangana,40,Warangal,540,Kothaguda,,17.9218,79.7582,3,musmi
IN,India,India,506135,Madaguda,Telangana,40,Warangal,540,Kothaguda,,17.9218,79.7582,3,madaguda
IN,India,India,506135,Edulapalli,Telangana,40,Warangal,540,Kothaguda,,17.9218,79.7582,4,edulapalli
IN,India,India,506135,Jangamvarigudem,Telangana,40,Warangal,540,Kothaguda,,17.9218,79.7582,3,jangamvarigudem
IN,India,India,506135,Velbelli,Telangana,40,Warangal,540,Kothaguda,,17.9218,79.7582,3,velbelli
IN,India,India,506135,Inchaguda,Telangana,40,Warangal,540,Kothaguda,,17.9218,79.7582,3,inchaguda
IN,India,India,506135,Kothaguda (Warangal),Telangana,40,Warangal,540,Kothaguda,,17.9218,79.7582,3,kothaguda-warangal
IN,India,India,506135,Ootai,Telangana,40,Warangal,540,Kothaguda,,17.9218,79.7582,3,ootai
IN,India,India,506135,Punugondla,Telangana,40,Warangal,540,Kothaguda,,17.9218,79.7582,3,punugondla
IN,India,India,506135,Pogullapalli,Telangana,40,Warangal,540,Kothaguda,,17.9218,79.7582,3,pogullapalli
IN,India,India,506142,Narayanagiri,Telangana,40,Warangal,540,Dharmasagar,,17.9218,79.7582,3,narayanagiri
IN,India,India,506142,Mupparam,Telangana,40,Warangal,540,Dharmasagar,,17.9218,79.7582,3,mupparam
IN,India,India,506142,Dharmasagar,Telangana,40,Warangal,540,Dharmasagar,,17.9218,79.7582,4,dharmasagar
IN,India,India,506142,Velair,Telangana,40,Warangal,540,Dharmasagar,,17.9218,79.7582,4,velair
IN,India,India,506142,Shalapalli,Telangana,40,Warangal,540,Dharmasagar,,17.9218,79.7582,3,shalapalli
IN,India,India,506142,Madikonda,Telangana,40,Warangal,540,Hanamkonda,,17.9218,79.7582,4,madikonda
IN,India,India,506142,Yelkurthy,Telangana,40,Warangal,540,Dharmasagar,,17.9218,79.7582,3,yelkurthy
IN,India,India,506142,Saipet,Telangana,40,Warangal,540,Dharmasagar,,17.9218,79.7582,4,saipet
IN,India,India,506143,Uppugal,Telangana,40,Warangal,540,Zafargadh,,17.9218,79.7582,4,uppugal
IN,India,India,506143,Raghunathpalli,Telangana,40,Warangal,540,Zafargaddah,,17.9218,79.7582,4,raghunathpalli
IN,India,India,506143,Teegaram,Telangana,40,Warangal,540,Zafargadh,,17.9218,79.7582,3,teegaram
IN,India,India,506143,Pamnoor,Telangana,40,Warangal,540,Ghanpur Stn,,17.9218,79.7582,3,pamnoor
IN,India,India,506143,Nemiligonda,Telangana,40,Warangal,540,Ghanpur Stn,,17.9218,79.7582,3,nemiligonda
IN,India,India,506143,Ghanpur Station,Telangana,40,Warangal,540,Ghanpur Station,,17.9218,79.7582,3,ghanpur-station
IN,India,India,506143,Garmillapalli,Telangana,40,Warangal,540,Zafargadh,,17.9218,79.7582,3,garmillapalli
IN,India,India,506143,Kunur,Telangana,40,Warangal,540,Zafargaddah,,17.9218,79.7582,3,kunur
IN,India,India,506143,Viswanathapur,Telangana,40,Warangal,540,Ghanpur Stn,,17.9218,79.7582,3,viswanathapur
IN,India,India,506143,Thimmampet,Telangana,40,Warangal,540,Zafargadah,,17.9218,79.7582,3,thimmampet
IN,India,India,506143,Thammadapalli,Telangana,40,Warangal,540,Zafargadh,,17.9218,79.7582,3,thammadapalli
IN,India,India,506143,Tanedarpalli,Telangana,40,Warangal,540,Ghanpur Stn,,17.9218,79.7582,3,tanedarpalli
IN,India,India,506143,Shivunipalli,Telangana,40,Warangal,540,Ghanpur Stn,,17.9218,79.7582,3,shivunipalli
IN,India,India,506144,Chinnapendyal,Telangana,40,Warangal,540,Ghanpur Stn,,17.9218,79.7582,3,chinnapendyal
IN,India,India,506144,Pallagutta,Telangana,40,Warangal,540,Ghanpur Stn,,17.9218,79.7582,4,pallagutta
IN,India,India,506144,Abadighanpur,Telangana,40,Warangal,540,Jangaon,,17.9218,79.7582,3,abadighanpur
IN,India,India,506144,Naskal,Telangana,40,Warangal,540,Ghanpur Stn,,17.9218,79.7582,4,naskal
IN,India,India,506144,Dharmapuram,Telangana,40,Warangal,540,Dharmasagar,,17.9218,79.7582,4,dharmapuram
IN,India,India,506144,Rajavaram,Telangana,40,Warangal,540,Ghanpur Stn,,17.9218,79.7582,3,rajavaram
IN,India,India,506145,Venkatadripet,Telangana,40,Warangal,540,Ghanpur Station,,17.9218,79.7582,3,venkatadripet
IN,India,India,506145,Venkeswaraswamygutta,Telangana,40,Warangal,540,Ghanpur Station,,17.9218,79.7582,3,venkeswaraswamygutta
IN,India,India,506145,Malkapur (Warangal),Telangana,40,Warangal,540,Ghanpur Stn,,17.9218,79.7582,3,malkapur-warangal
IN,India,India,506145,Sreepathipalli,Telangana,40,Warangal,540,Ghanpur Station,,17.9218,79.7582,3,sreepathipalli
IN,India,India,506145,Peesara,Telangana,40,Warangal,540,Dharmasagar,,17.9218,79.7582,3,peesara
IN,India,India,506145,Chilpur,Telangana,40,Warangal,540,Ghanpur Station,,17.9218,79.7582,4,chilpur
IN,India,India,506145,Abdulnagaram,Telangana,40,Warangal,540,Narmitta,,17.9218,79.7582,3,abdulnagaram
IN,India,India,506145,Gutta,Telangana,40,Warangal,540,Ghanpur (Station),,17.9218,79.7582,3,gutta
IN,India,India,506145,Lingampalli,Telangana,40,Warangal,540,Ghanpur Station,,17.9218,79.7582,4,lingampalli
IN,India,India,506145,Kondapur,Telangana,40,Warangal,540,Ghanpur Station,,17.6779,79.6801,4,kondapur
IN,India,India,506146,Palakurthy,Telangana,40,Warangal,540,Palakurthy,,17.9218,79.7582,4,palakurthy
IN,India,India,506151,Shodesha Palli,Telangana,40,Warangal,540,Dharmasagar,,17.9218,79.7582,3,shodesha-palli
IN,India,India,506151,Kyathampalli,Telangana,40,Warangal,540,Dharmasagar,,17.9218,79.7582,3,kyathampalli
IN,India,India,506151,Mallikudurla,Telangana,40,Warangal,540,Dharmasagar,,17.9218,79.7582,4,mallikudurla
IN,India,India,506151,Tatikayala,Telangana,40,Warangal,540,Dharmasagar,,17.9218,79.7582,4,tatikayala
IN,India,India,506151,Peddapendyal,Telangana,40,Warangal,540,Dharmasagar,,17.9218,79.7582,3,peddapendyal
IN,India,India,506151,Janakipuram,Telangana,40,Warangal,540,Dharmasagar,,17.9218,79.7582,4,janakipuram
IN,India,India,506151,Rampur,Telangana,40,Warangal,540,Dharmasagar,,17.9218,79.7582,4,rampur
IN,India,India,506163,Kantaipalem,Telangana,40,Warangal,540,Turrur,,17.9218,79.7582,4,kantaipalem
IN,India,India,506163,Haripirala,Telangana,40,Warangal,540,Turrrur,,17.9218,79.7582,3,haripirala
IN,India,India,506163,Cheralpalem,Telangana,40,Warangal,540,Turrur,,17.9218,79.7582,3,cheralpalem
IN,India,India,506163,Matair,Telangana,40,Warangal,540,Turrur,,17.9218,79.7582,3,matair
IN,India,India,506163,Turrur,Telangana,40,Warangal,540,Turrur,,17.9218,79.7582,3,turrur
IN,India,India,506163,Yelkatte,Telangana,40,Warangal,540,Turrur,,17.9218,79.7582,3,yelkatte
IN,India,India,506163,Gurthur,Telangana,40,Warangal,540,Turrur,,17.9218,79.7582,3,gurthur
IN,India,India,506163,Madhupalli',Telangana,40,Warangal,540,Turrur,,17.9218,79.7582,3,madhupalli
IN,India,India,506163,Fathepur,Telangana,40,Warangal,540,Turrur,,17.9218,79.7582,3,fathepur
IN,India,India,506163,Sannur,Telangana,40,Warangal,540,Turrur,,17.6388,79.6416,4,sannur
IN,India,India,506163,Venkatapur,Telangana,40,Warangal,540,Turrur,,17.7453,79.8092,4,venkatapur
IN,India,India,506163,Ammapur,Telangana,40,Warangal,540,Turrur,,17.9218,79.7582,4,ammapur
IN,India,India,506164,Parkal H.O,Telangana,40,Warangal,540,Parkal,,17.9218,79.7582,1,parkal-h-o
IN,India,India,506165,Ramannagudem,Telangana,40,Warangal,540,Eturunagaram,,17.9218,79.7582,4,ramannagudem
IN,India,India,506165,Eturunagaram,Telangana,40,Warangal,540,Eturunagaram,,17.9218,79.7582,4,eturunagaram
IN,India,India,506165,Shivapuram,Telangana,40,Warangal,540,Eturunagaram,,17.9218,79.7582,4,shivapuram
IN,India,India,506165,Kondai,Telangana,40,Warangal,540,Eturunagaram,,17.9218,79.7582,4,kondai
IN,India,India,506165,Muppanapalli,Telangana,40,Warangal,540,Eturunagaram,,17.9218,79.7582,4,muppanapalli
IN,India,India,506165,Etur,Telangana,40,Warangal,540,Eturunagaram,,17.9218,79.7582,4,etur
IN,India,India,506165,Rajannapet,Telangana,40,Warangal,540,Eturunagaram,,17.9218,79.7582,4,rajannapet
IN,India,India,506165,Shahpalli,Telangana,40,Warangal,540,Eturunagaram,,18.1967,79.664,3,shahpalli
IN,India,India,506165,Buttaigudem,Telangana,40,Warangal,540,Eturunagaram,,18.1967,79.664,3,buttaigudem
IN,India,India,506165,Chelpak,Telangana,40,Warangal,540,Eturunagaram,,18.1967,79.664,3,chelpak
IN,India,India,506165,Chinnaboinapalli,Telangana,40,Warangal,540,Eturunagaram,,18.1967,79.664,3,chinnaboinapalli
IN,India,India,506165,Gurrevula,Telangana,40,Warangal,540,Eturnagaram,,18.1967,79.664,3,gurrevula
IN,India,India,506165,Roheer,Telangana,40,Warangal,540,Eturunagaram,,18.1967,79.664,3,roheer
IN,India,India,506165,Ilapuram,Telangana,40,Warangal,540,Eturunagaram,,18.1967,79.664,3,ilapuram
IN,India,India,506165,Tupakulagudem,Telangana,40,Warangal,540,Eturunagaram,,17.9218,79.7582,4,tupakulagudem
IN,India,India,506165,Akulavarighanpur,Telangana,40,Warangal,540,Eturunagaram,,18.1967,79.664,3,akulavarighanpur
IN,India,India,506166,Mamnoor,Telangana,40,Warangal,540,Warangal,,17.9218,79.7582,1,mamnoor
IN,India,India,506166,Mamnoor (V),Telangana,40,Warangal,540,warangal,,17.9218,79.7582,1,mamnoor-v
IN,India,India,506167,Jangaon H.O,Telangana,40,Warangal,540,Jangaon,,17.9218,79.7582,1,jangaon-h-o
IN,India,India,506168,Gurrampaet,Telangana,40,Warangal,540,Venkatapur,,17.9218,79.7582,3,gurrampaet
IN,India,India,506168,Gorlavaid,Telangana,40,Warangal,540,Bhupalapalli,,17.9218,79.7582,3,gorlavaid
IN,India,India,506168,Laxmareddipalli,Telangana,40,Warangal,540,Ghanpur(mulug),,17.9218,79.7582,3,laxmareddipalli
IN,India,India,506168,Chelpur,Telangana,40,Warangal,540,Ghanpur (Mulug),,17.9218,79.7582,3,chelpur
IN,India,India,506168,Peddapur,Telangana,40,Warangal,540,Venkatapur,,17.9218,79.7582,4,peddapur
IN,India,India,506168,Kompalli,Telangana,40,Warangal,540,Bhupalapalli,,17.9218,79.7582,4,kompalli
IN,India,India,506169,Jhengaid,Telangana,40,Warangal,540,Bhupalapalli,,17.9218,79.7582,3,jhengaid
IN,India,India,506169,Bhupalapalli,Telangana,40,Warangal,540,Bhupalapalli,,17.9218,79.7582,4,bhupalapalli
IN,India,India,506169,Gollabudharam,Telangana,40,Warangal,540,Warangal,,17.9218,79.7582,3,gollabudharam
IN,India,India,506169,Azamnagar,Telangana,40,Warangal,540,Bhupalapalli,,17.9218,79.7582,3,azamnagar
IN,India,India,506169,Kasimpalli,Telangana,40,Warangal,540,Bhupalapalli,,17.9218,79.7582,3,kasimpalli
IN,India,India,506169,Adavikamalapur,Telangana,40,Warangal,540,Bhupalapalli,,17.9218,79.7582,3,adavikamalapur
IN,India,India,506169,Nagaram,Telangana,40,Warangal,540,Bhupalapalli,,17.752,79.8841,4,nagaram
IN,India,India,506170,Gopalpur,Telangana,40,Warangal,540,Regonda,,17.9218,79.7582,4,gopalpur
IN,India,India,506170,Jadalpet,Telangana,40,Warangal,540,Chityal,,17.9218,79.7582,4,jadalpet
IN,India,India,506170,Chainpak,Telangana,40,Warangal,540,Chityal,,18.2405,79.5731,3,chainpak
IN,India,India,506170,Kothapalli(V),Telangana,40,Warangal,540,Regonda,,18.2405,79.5731,3,kothapalli-v
IN,India,India,506170,KTPP,Telangana,40,Warangal,540,Chelpur,,18.2405,79.5731,3,ktpp
IN,India,India,506170,Nainpak,Telangana,40,Warangal,540,Chityal,,18.2405,79.5731,3,nainpak
IN,India,India,506170,Ponagandla,Telangana,40,Warangal,540,Ghnapur Mulug,,18.2405,79.5731,3,ponagandla
IN,India,India,506170,Vadthal,Telangana,40,Warangal,540,Chityal,,18.2405,79.5731,3,vadthal
IN,India,India,506172,Vodagudem,Telangana,40,Warangal,540,Mangapet,,17.9218,79.7582,3,vodagudem
IN,India,India,506172,Kamalapur Town Ship,Telangana,40,Warangal,540,Mangapet,,17.9218,79.7582,3,kamalapur-town-ship
IN,India,India,506172,Mallur,Telangana,40,Warangal,540,Mangapet,,17.9218,79.7582,3,mallur
IN,India,India,506172,Narsimhasagar,Telangana,40,Warangal,540,Mangapet,,17.9218,79.7582,3,narsimhasagar
IN,India,India,506172,Poredupalli,Telangana,40,Warangal,540,Mangapet,,17.9218,79.7582,3,poredupalli
IN,India,India,506172,Akinepalli Mallaram,Telangana,40,Warangal,540,Mangapet,,17.9218,79.7582,3,akinepalli-mallaram
IN,India,India,506172,Borenarsapur,Telangana,40,Warangal,540,Mangapet,,17.9218,79.7582,3,borenarsapur
IN,India,India,506172,Buchannapet,Telangana,40,Warangal,540,Bachannapet,,17.9218,79.7582,3,buchannapet
IN,India,India,506172,Cherupalli,Telangana,40,Warangal,540,Mangapet,,17.9218,79.7582,3,cherupalli
IN,India,India,506172,Chunchupalli,Telangana,40,Warangal,540,Mangapet,,17.9218,79.7582,3,chunchupalli
IN,India,India,506172,Domeda,Telangana,40,Warangal,540,Mangapet,,17.9218,79.7582,3,domeda
IN,India,India,506172,Kathigudem,Telangana,40,Warangal,540,Mangapet,,17.9218,79.7582,3,kathigudem
IN,India,India,506172,Brahmanpalli,Telangana,40,Warangal,540,Mangapet,,17.9218,79.7582,4,brahmanpalli
IN,India,India,506172,Rajupet,Telangana,40,Warangal,540,Mangapet,,17.9218,79.7582,3,rajupet
IN,India,India,506172,Komatipalli,Telangana,40,Warangal,540,Mangapet,,17.9218,79.7582,4,komatipalli
IN,India,India,506172,Ramachandrunipet,Telangana,40,Warangal,540,Mangapet,,17.9218,79.7582,3,ramachandrunipet
IN,India,India,506172,Ramanakkapet,Telangana,40,Warangal,540,Mangapet,,17.9218,79.7582,3,ramanakkapet
IN,India,India,506172,Thimmampet,Telangana,40,Warangal,540,Mangapet,,17.9218,79.7582,3,thimmampet
IN,India,India,506172,Mangapet,Telangana,40,Warangal,540,Mangapet,,17.9218,79.7582,4,mangapet
IN,India,India,506175,Peddapahad,Telangana,40,Warangal,540,Jangaon,,17.9218,79.7582,4,peddapahad
IN,India,India,506175,Gangupahad,Telangana,40,Warangal,540,Jangaon,,17.9218,79.7582,4,gangupahad
IN,India,India,506175,Shamirpet,Telangana,40,Warangal,540,Jangaon,,17.9218,79.7582,4,shamirpet
IN,India,India,506175,Hanumanthapur,Telangana,40,Warangal,540,Narmitta,,17.9218,79.7582,3,hanumanthapur
IN,India,India,506175,Nellutla,Telangana,40,Warangal,540,Lingala Ghanpur,,17.9218,79.7582,4,nellutla
IN,India,India,506175,Marigadi,Telangana,40,Warangal,540,Jangaon,,17.9218,79.7582,3,marigadi
IN,India,India,506175,Vadlakonda,Telangana,40,Warangal,540,Jangaon,,17.9218,79.7582,3,vadlakonda
IN,India,India,506175,Jangaon Bazar,Telangana,40,Warangal,540,Jangaon,,17.9218,79.7582,3,jangaon-bazar
IN,India,India,506175,Chitakodur,Telangana,40,Warangal,540,Jangaon,,17.9218,79.7582,4,chitakodur
IN,India,India,506175,Yeswantapur,Telangana,40,Warangal,540,Jangaon,,17.9218,79.7582,3,yeswantapur
IN,India,India,506175,Yenkiryal,Telangana,40,Warangal,540,Jangaon,,17.9218,79.7582,3,yenkiryal
IN,India,India,506175,Narmetta,Telangana,40,Warangal,540,Narmetta,,17.9218,79.7582,3,narmetta
IN,India,India,506175,Yerragolla Pahad,Telangana,40,Warangal,540,Jangaon,,17.9218,79.7582,3,yerragolla-pahad
IN,India,India,506175,Adavikeshavapur,Telangana,40,Warangal,540,Jangaon,,17.9218,79.7582,3,adavikeshavapur
IN,India,India,506201,Gummadavalli,Telangana,40,Warangal,540,Lingal Ghanpur,,17.9218,79.7582,4,gummadavalli
IN,India,India,506201,Siripuram,Telangana,40,Warangal,540,Lingala Ghanpur,,17.9218,79.7582,4,siripuram
IN,India,India,506201,Yellamula,Telangana,40,Warangal,540,Jangaon,,17.9218,79.7582,3,yellamula
IN,India,India,506201,Pasaramadla,Telangana,40,Warangal,540,Jangaon,,17.9218,79.7582,3,pasaramadla
IN,India,India,506201,Kalyam,Telangana,40,Warangal,540,Lingalaghanpur,,17.9218,79.7582,3,kalyam
IN,India,India,506201,Jeedikal,Telangana,40,Warangal,540,Lingala Ghanpur,,17.9218,79.7582,3,jeedikal
IN,India,India,506201,Siddanki,Telangana,40,Warangal,540,Jangaon,,17.9218,79.7582,3,siddanki
IN,India,India,506201,Pembarthy,Telangana,40,Warangal,540,Jangaon,,17.9218,79.7582,3,pembarthy
IN,India,India,506201,Lingala Ghanpur,Telangana,40,Warangal,540,Lingala Ghanpur,,17.9218,79.7582,3,lingala-ghanpur
IN,India,India,506221,Obulkeshavapur,Telangana,40,Warangal,540,Jangaon,,17.9218,79.7582,3,obulkeshavapur
IN,India,India,506221,Gangapur,Telangana,40,Warangal,540,Buchannapet,,17.9218,79.7582,4,gangapur
IN,India,India,506221,Tammadapalli,Telangana,40,Warangal,540,Buchannapet,,17.9218,79.7582,4,tammadapalli
IN,India,India,506221,Nagireddipalli,Telangana,40,Warangal,540,Buchannapet,,17.9218,79.7582,4,nagireddipalli
IN,India,India,506221,Peddaramancherla,Telangana,40,Warangal,540,Jangaon,,17.9218,79.7582,3,peddaramancherla
IN,India,India,506221,Konney,Telangana,40,Warangal,540,Buchannapet,,17.9218,79.7582,3,konney
IN,India,India,506221,Kodavatur,Telangana,40,Warangal,540,Buchannapet,,17.9218,79.7582,3,kodavatur
IN,India,India,506221,Kesireddypalli,Telangana,40,Warangal,540,Buchannapet,,17.9218,79.7582,3,kesireddypalli
IN,India,India,506221,Itikalapalli,Telangana,40,Warangal,540,Buchannapet,,17.9218,79.7582,3,itikalapalli
IN,India,India,506221,Dabbakunta Palli,Telangana,40,Warangal,540,Buchannapet,,17.9218,79.7582,3,dabbakunta-palli
IN,India,India,506221,China Raman Cherla,Telangana,40,Warangal,540,China Raman Cherla,,17.9218,79.7582,3,china-raman-cherla
IN,India,India,506221,Alimpur,Telangana,40,Warangal,540,Buchannapet,,17.9218,79.7582,3,alimpur
IN,India,India,506221,Buchannapet,Telangana,40,Warangal,540,Buchannapet,,17.9218,79.7582,3,buchannapet
IN,India,India,506221,Pochannapet,Telangana,40,Warangal,540,Buchannapet,,17.9218,79.7582,4,pochannapet
IN,India,India,506221,Ramachandrapuram,Telangana,40,Warangal,540,Buchannapet,,17.9218,79.7582,4,ramachandrapuram
IN,India,India,506221,Veldanda,Telangana,40,Warangal,540,Narmetta,,17.9218,79.7582,4,veldanda
IN,India,India,506222,Walmidi,Telangana,40,Warangal,540,Kodakondla,,17.9218,79.7582,4,walmidi
IN,India,India,506222,Chennur,Telangana,40,Warangal,540,Palakurthy,,17.9218,79.7582,4,chennur
IN,India,India,506222,Edunuthala,Telangana,40,Warangal,540,Palakurthy,,17.9218,79.7582,3,edunuthala
IN,India,India,506222,Kodakondla,Telangana,40,Warangal,540,Kodakondla,,17.9218,79.7582,3,kodakondla
IN,India,India,506222,Visnoor,Telangana,40,Warangal,540,Palakurthy,,17.9218,79.7582,3,visnoor
IN,India,India,506222,Manchuppal,Telangana,40,Warangal,540,Kodakondla,,17.9218,79.7582,4,manchuppal
IN,India,India,506222,Mutharam,Telangana,40,Warangal,540,Kodakandla,,17.9218,79.7582,3,mutharam
IN,India,India,506222,Kantharamavaram,Telangana,40,Warangal,540,Palakurthy,,17.9218,79.7582,3,kantharamavaram
IN,India,India,506222,Pakhal,Telangana,40,Warangal,540,Kodakondla,,17.9218,79.7582,4,pakhal
IN,India,India,506223,Pothireddipalli,Telangana,40,Warangal,540,Cherial,,17.6432,79.555,4,pothireddipalli
IN,India,India,506223,Lingampalli,Telangana,40,Warangal,540,Buchannapet,,17.9218,79.7582,4,lingampalli
IN,India,India,506223,Ramsagar,Telangana,40,Warangal,540,Cherial,,17.9218,79.7582,4,ramsagar
IN,India,India,506223,Kadaverugu,Telangana,40,Warangal,540,Cherial,,17.9218,79.7582,3,kadaverugu
IN,India,India,506223,Veecharani,Telangana,40,Warangal,540,Cherial,,17.9218,79.7582,3,veecharani
IN,India,India,506223,Arjunpatla,Telangana,40,Warangal,540,Maddur,,17.9218,79.7582,3,arjunpatla
IN,India,India,506223,Narsaipalli,Telangana,40,Warangal,540,Maddur,,17.9218,79.7582,4,narsaipalli
IN,India,India,506223,Chinchinkota,Telangana,40,Warangal,540,Cherial,,17.9218,79.7582,3,chinchinkota
IN,India,India,506223,Chiryal,Telangana,40,Warangal,540,Chiryal,,17.9218,79.7582,3,chiryal
IN,India,India,506223,Dommat,Telangana,40,Warangal,540,Cherial,,17.9218,79.7582,3,dommat
IN,India,India,506223,Gurujakunta,Telangana,40,Warangal,540,Cherial,,17.9218,79.7582,3,gurujakunta
IN,India,India,506223,Nagapuri,Telangana,40,Warangal,540,Cherial,,17.9218,79.7582,3,nagapuri
IN,India,India,506223,Padamatikeshavapur,Telangana,40,Warangal,540,Buchannapet,,17.9218,79.7582,3,padamatikeshavapur
IN,India,India,506223,Salvapur,Telangana,40,Warangal,540,Buchannapet,,17.9218,79.7582,3,salvapur
IN,India,India,506223,Aknoor,Telangana,40,Warangal,540,Cherial,,17.9218,79.7582,3,aknoor
IN,India,India,506224,Salakpur,Telangana,40,Warangal,540,Maddur,,17.9218,79.7582,3,salakpur
IN,India,India,506224,Tharigoppula,Telangana,40,Warangal,540,Narmitta,,17.9218,79.7582,3,tharigoppula
IN,India,India,506224,Bandanagaram,Telangana,40,Warangal,540,Buchannapet,,17.9218,79.7582,3,bandanagaram
IN,India,India,506224,Marmamul,Telangana,40,Warangal,540,Maddur,,17.9218,79.7582,3,marmamul
IN,India,India,506224,Katkur,Telangana,40,Warangal,540,Buchannapet,,17.9218,79.7582,4,katkur
IN,India,India,506224,Veerannapet,Telangana,40,Warangal,540,Cherial,,17.9218,79.7582,3,veerannapet
IN,India,India,506224,Mustial,Telangana,40,Warangal,540,Cherial,,17.9218,79.7582,4,mustial
IN,India,India,506224,Narsapur,Telangana,40,Warangal,540,Narmitta,,17.9218,79.7582,4,narsapur
IN,India,India,506224,Ammapur,Telangana,40,Warangal,540,Narmetta,,17.9218,79.7582,4,ammapur
IN,India,India,506224,Akkarajpalli,Telangana,40,Warangal,540,Narmetta,,17.9218,79.7582,3,akkarajpalli
IN,India,India,506224,Ladnoor,Telangana,40,Warangal,540,Maddur,,17.9218,79.7582,3,ladnoor
IN,India,India,506244,Raghunath Pally,Telangana,40,Warangal,540,Raghunathpalle,,17.9218,79.7582,3,raghunath-pally
IN,India,India,506244,Mekhal Ghat,Telangana,40,Warangal,540,Raghunathpalli,,17.9218,79.7582,3,mekhal-ghat
IN,India,India,506244,Veldi,Telangana,40,Warangal,540,Raghunathpalli,,17.9218,79.7582,4,veldi
IN,India,India,506244,Gabbeta,Telangana,40,Warangal,540,Raghunathpalli,,17.9218,79.7582,4,gabbeta
IN,India,India,506244,Ibrahimpur,Telangana,40,Warangal,540,Raghunathpalli,,17.9218,79.7582,4,ibrahimpur
IN,India,India,506244,Quilashapur,Telangana,40,Warangal,540,Raghunathpalli,,17.9218,79.7582,3,quilashapur
IN,India,India,506244,Kanchanpalli,Telangana,40,Warangal,540,Raghunathpalli,,17.9218,79.7582,4,kanchanpalli
IN,India,India,506244,Mangal Banda Thanda,Telangana,40,Warangal,540,Raghunathpally,,17.9218,79.7582,3,mangal-banda-thanda
IN,India,India,506244,Mandelagudem,Telangana,40,Warangal,540,Raghunathpalli,,17.9218,79.7582,3,mandelagudem
IN,India,India,506244,Komandla,Telangana,40,Warangal,540,Raghunathpalli,,17.9218,79.7582,3,komandla
IN,India,India,506244,Iravennur,Telangana,40,Warangal,540,Palakurthy,,17.9218,79.7582,3,iravennur
IN,India,India,506244,Banjipet,Telangana,40,Warangal,540,Raghunathpalli,,17.9218,79.7582,3,banjipet
IN,India,India,506244,Aswaraopalli,Telangana,40,Warangal,540,Raghunathapalli,,17.9218,79.7582,3,aswaraopalli
IN,India,India,506244,Manchupahad,Telangana,40,Warangal,540,Narmetta,,17.9218,79.7582,3,manchupahad
IN,India,India,506244,Fatheshapur,Telangana,40,Warangal,540,Raghunathpalli,,17.9218,79.7582,3,fatheshapur
IN,India,India,506244,Narayanpur,Telangana,40,Warangal,540,Raghunathpalli,,17.9218,79.7582,4,narayanpur
IN,India,India,506244,Nidigonda,Telangana,40,Warangal,540,Raghunathplli,,17.9218,79.7582,4,nidigonda
IN,India,India,506252,Bommera,Telangana,40,Warangal,540,Palakurthy,,17.9218,79.7582,4,bommera
IN,India,India,506252,Gudur,Telangana,40,Warangal,540,Palakurthy,,17.9218,79.7582,4,gudur
IN,India,India,506252,Ippaguda,Telangana,40,Warangal,540,Ghanpur Stn,,17.9218,79.7582,3,ippaguda
IN,India,India,506252,Samudrala,Telangana,40,Warangal,540,Ghanpur Stn,,17.9218,79.7582,4,samudrala
IN,India,India,506252,Kurchapalli,Telangana,40,Warangal,540,Raghunathpalli,,17.9218,79.7582,3,kurchapalli
IN,India,India,506252,Palakurthy,Telangana,40,Warangal,540,Palakurthy,,17.9218,79.7582,4,palakurthy
IN,India,India,506301,Govardanagiri,Telangana,40,Warangal,540,Ghanpur Stn,,17.9218,79.7582,3,govardanagiri
IN,India,India,506301,Meedikonda,Telangana,40,Warangal,540,Ghanpur Stn,,17.9218,79.7582,3,meedikonda
IN,India,India,506301,Fathepur,Telangana,40,Warangal,540,Ghanpur Stn,,17.9218,79.7582,3,fathepur
IN,India,India,506301,Tatikonda,Telangana,40,Warangal,540,Ghanpur Stn,,17.9218,79.7582,3,tatikonda
IN,India,India,506301,Kothapalli,Telangana,40,Warangal,540,Ghanpur Stn,,17.9218,79.7582,4,kothapalli
IN,India,India,506301,Raghavapur,Telangana,40,Warangal,540,Ghanpur Stn,,17.9218,79.7582,3,raghavapur
IN,India,India,506301,Chagal,Telangana,40,Warangal,540,Ghanpur Station,,17.9218,79.7582,4,chagal
IN,India,India,506301,Krishnajigudem,Telangana,40,Warangal,540,Ghanpur Stn,,17.9218,79.7582,4,krishnajigudem
IN,India,India,506302,Gollapalli,Telangana,40,Warangal,540,Devaruppala,,17.8545,79.7518,4,gollapalli
IN,India,India,506302,Devaruppal,Telangana,40,Warangal,540,Devaruppula,,17.9218,79.7582,4,devaruppal
IN,India,India,506302,Madhapur,Telangana,40,Warangal,540,Devaruppala,,17.9218,79.7582,4,madhapur
IN,India,India,506302,Seetarampur,Telangana,40,Warangal,540,Devaruppala,,17.705,79.6333,3,seetarampur
IN,India,India,506302,Mondrai,Telangana,40,Warangal,540,Devaruppula,,17.705,79.6333,3,mondrai
IN,India,India,506302,Kamareddigudem,Telangana,40,Warangal,540,Devaruppula,,17.705,79.6333,3,kamareddigudem
IN,India,India,506302,Torrur,Telangana,40,Warangal,540,Palakurthy,,17.705,79.6333,3,torrur
IN,India,India,506302,Kadavendi,Telangana,40,Warangal,540,Devaruppala,,17.705,79.6333,3,kadavendi
IN,India,India,506302,Laxmakkapalli,Telangana,40,Warangal,540,Kodakandla,,17.705,79.6333,3,laxmakkapalli
IN,India,India,506302,Shatapur,Telangana,40,Warangal,540,Palakurthy,,17.705,79.6333,3,shatapur
IN,India,India,506302,Dharmapuram,Telangana,40,Warangal,540,Devaruppala,,17.9218,79.7582,4,dharmapuram
IN,India,India,506303,Singarajpalli,Telangana,40,Warangal,540,Devaruppal,,18.0949,79.6278,4,singarajpalli
IN,India,India,506303,Waddicherla,Telangana,40,Warangal,540,Lingalaghanpur,,17.9218,79.7582,3,waddicherla
IN,India,India,506303,Cheetur,Telangana,40,Warangal,540,Lingalaghanpur,,17.9218,79.7582,3,cheetur
IN,India,India,506303,Wanaparthy,Telangana,40,Warangal,540,Lingalaghanpur,,17.9218,79.7582,4,wanaparthy
IN,India,India,506303,Nirmal,Telangana,40,Warangal,540,Devaruppal,,17.9218,79.7582,4,nirmal
IN,India,India,506303,Kolkonda,Telangana,40,Warangal,540,Devaruppala,,17.9218,79.7582,3,kolkonda
IN,India,India,506303,Appireddipalli,Telangana,40,Warangal,540,Devaruppula,,17.9218,79.7582,4,appireddipalli
IN,India,India,506303,Kundaram,Telangana,40,Warangal,540,Lingalaghanpur,,17.9218,79.7582,4,kundaram
IN,India,India,506303,Marudhkard,Telangana,40,Warangal,540,Lingala Ghanpur,,17.9218,79.7582,3,marudhkard
IN,India,India,506303,Ramarajpalli,Telangana,40,Warangal,540,Devaruppal,,17.9218,79.7582,3,ramarajpalli
IN,India,India,506303,Nelapogula,Telangana,40,Warangal,540,Lingalaghanpur,,17.9218,79.7582,3,nelapogula
IN,India,India,506303,Kodur,Telangana,40,Warangal,540,NA,,17.9218,79.7582,4,kodur
IN,India,India,506303,Kothapalli,Telangana,40,Warangal,540,Lingala Ghanpur,,17.7642,79.6159,4,kothapalli
IN,India,India,506303,Marudkalan,Telangana,40,Warangal,540,Devaruppala,,17.9218,79.7582,3,marudkalan
IN,India,India,506303,Waddicherla Nawabpet,Telangana,40,Warangal,540,Lingala Ghanpur,,17.9218,79.7582,3,waddicherla-nawabpet
IN,India,India,506310,Ontimamidipalli,Telangana,40,Warangal,540,Wardhannapet,,17.9218,79.7582,3,ontimamidipalli
IN,India,India,506310,Panthani,Telangana,40,Warangal,540,Wardhannapet,,17.9218,79.7582,3,panthani
IN,India,India,506310,Punnel,Telangana,40,Warangal,540,Wardhannapet,,17.9218,79.7582,3,punnel
IN,India,India,506310,Lohitha,Telangana,40,Warangal,540,Sangem,,17.9218,79.7582,3,lohitha
IN,India,India,506310,Nallballi,Telangana,40,Warangal,540,Wardhannapet,,17.9218,79.7582,3,nallballi
IN,India,India,506310,Teegarajpalli,Telangana,40,Warangal,540,Sangam,,17.9218,79.7582,3,teegarajpalli
IN,India,India,506310,Gavicherla,Telangana,40,Warangal,540,Sangam,,17.8633,79.6737,4,gavicherla
IN,India,India,506310,Aanole,Telangana,40,Warangal,540,Wardhannapet,,17.9218,79.7582,3,aanole
IN,India,India,506310,Chennaram,Telangana,40,Warangal,540,Wardhannapet,,17.8504,79.6304,4,chennaram
IN,India,India,506310,Upparapalli,Telangana,40,Warangal,540,Wardhannapet,,17.9218,79.7582,4,upparapalli
IN,India,India,506313,Reddipalem,Telangana,40,Warangal,540,Wardhannapet,,17.7896,79.5385,4,reddipalem
IN,India,India,506313,Yellanda,Telangana,40,Warangal,540,Wardhannapet,,17.7929,79.5912,4,yellanda
IN,India,India,506313,Kothur,Telangana,40,Warangal,540,Raiparthy,,17.7388,79.6652,4,kothur
IN,India,India,506313,Katrial,Telangana,40,Warangal,540,Wardhannapet,,17.9218,79.7582,4,katrial
IN,India,India,506313,Kakkiralapalli,Telangana,40,Warangal,540,Wardhannapet,,17.9218,79.7582,3,kakkiralapalli
IN,India,India,506313,Bandouthapur,Telangana,40,Warangal,540,Wardhannapet,,17.9218,79.7582,3,bandouthapur
IN,India,India,506313,Liabarthy,Telangana,40,Warangal,540,Wardhannapet,,17.9218,79.7582,3,liabarthy
IN,India,India,506313,Nandanam,Telangana,40,Warangal,540,Wardhannapet,,17.9218,79.7582,4,nandanam
IN,India,India,506313,Sagaram,Telangana,40,Warangal,540,Zaffargadh,,17.9218,79.7582,4,sagaram
IN,India,India,506313,Wardhannapet,Telangana,40,Warangal,540,Wardhannapet,,17.9218,79.7582,3,wardhannapet
IN,India,India,506314,Kondapur,Telangana,40,Warangal,540,Raiparthy,,17.6779,79.6801,4,kondapur
IN,India,India,506314,Kondur,Telangana,40,Warangal,540,Raiparthy,,17.6833,79.5495,4,kondur
IN,India,India,506314,Thirumalaipalli,Telangana,40,Warangal,540,Raiparhty,,17.6733,79.578,3,thirumalaipalli
IN,India,India,506314,Raiparthy,Telangana,40,Warangal,540,Raiparthy,,17.6733,79.578,3,raiparthy
IN,India,India,506314,Katrepalli,Telangana,40,Warangal,540,Raiparthy,,17.6506,79.5486,4,katrepalli
IN,India,India,506314,Perkaveid,Telangana,40,Warangal,540,Raiparthy,,17.6733,79.578,3,perkaveid
IN,India,India,506314,Ookal Raiparthy,Telangana,40,Warangal,540,Raiparthy,,17.6733,79.578,3,ookal-raiparthy
IN,India,India,506314,Muripirala,Telangana,40,Warangal,540,Raiparthy,,17.6733,79.578,3,muripirala
IN,India,India,506314,Keshavapur,Telangana,40,Warangal,540,Raiparthy,,17.6733,79.578,3,keshavapur
IN,India,India,506314,Kolanpalli,Telangana,40,Warangal,540,Raiparthy,,17.6756,79.5056,4,kolanpalli
IN,India,India,506314,Mylaram,Telangana,40,Warangal,540,Raiparthy,,17.6792,79.6062,4,mylaram
IN,India,India,506315,Galivarigudem,Telangana,40,Warangal,540,Maripeda,,17.9218,79.7582,4,galivarigudem
IN,India,India,506315,Dharmaram,Telangana,40,Warangal,540,Maripeda,,18.166,79.6398,4,dharmaram
IN,India,India,506315,Yellampet,Telangana,40,Warangal,540,Maripeda,,17.9218,79.7582,4,yellampet
IN,India,India,506315,Bhavajigudem,Telangana,40,Warangal,540,Maripeda,,17.9218,79.7582,3,bhavajigudem
IN,India,India,506315,Burhanpur,Telangana,40,Warangal,540,Maripeda,,17.9218,79.7582,3,burhanpur
IN,India,India,506315,Purushothamaigudem,Telangana,40,Warangal,540,Maripeda,,17.9218,79.7582,3,purushothamaigudem
IN,India,India,506315,Gundepudi,Telangana,40,Warangal,540,Maripeda,,17.9218,79.7582,3,gundepudi
IN,India,India,506315,Tadla Ookal,Telangana,40,Warangal,540,Maripeda,,17.9218,79.7582,3,tadla-ookal
IN,India,India,506315,Maripeda,Telangana,40,Warangal,540,Maripeda,,17.9218,79.7582,4,maripeda
IN,India,India,506315,Thanamcherla,Telangana,40,Warangal,540,Maripeda,,17.9218,79.7582,3,thanamcherla
IN,India,India,506315,Veeram,Telangana,40,Warangal,540,Maripeda,,17.9218,79.7582,3,veeram
IN,India,India,506315,Yerjerla,Telangana,40,Warangal,540,Maripeda,,17.9218,79.7582,3,yerjerla
IN,India,India,506315,Uggampalli,Telangana,40,Warangal,540,Maripeda,,17.9218,79.7582,4,uggampalli
IN,India,India,506315,Rampur,Telangana,40,Warangal,540,Maripeda,,17.9218,79.7582,4,rampur
IN,India,India,506315,Anepur,Telangana,40,Warangal,540,Maripeda,,17.9218,79.7582,3,anepur
IN,India,India,506315,Neelkurthi,Telangana,40,Warangal,540,Maripeda,,17.9218,79.7582,3,neelkurthi
IN,India,India,506315,Abbaipalem,Telangana,40,Warangal,540,Maripeda,,17.9218,79.7582,4,abbaipalem
IN,India,India,506315,Maripeda (V),Telangana,40,Warangal,540,Maripeda,,17.9218,79.7582,3,maripeda-v
IN,India,India,506315,Chillamcherla,Telangana,40,Warangal,540,Maripeda,,17.9218,79.7582,4,chillamcherla
IN,India,India,506316,Dammannapet,Telangana,40,Warangal,540,Zaffargadh,,17.7553,79.5227,4,dammannapet
IN,India,India,506316,Dardepalli,Telangana,40,Warangal,540,Zaffargadh,,17.9218,79.7582,4,dardepalli
IN,India,India,506316,Timmapuram,Telangana,40,Warangal,540,Zaffargadgh,,17.9218,79.7582,4,timmapuram
IN,India,India,506316,Zaffargadh,Telangana,40,Warangal,540,Zaffargadh,,17.714,79.5303,3,zaffargadh
IN,India,India,506316,Thammadapalli,Telangana,40,Warangal,540,Zaffargadh,,17.714,79.5303,3,thammadapalli
IN,India,India,506316,Oblapur,Telangana,40,Warangal,540,Zaffargadh,,17.714,79.5303,3,oblapur
IN,India,India,506316,Kondapur,Telangana,40,Warangal,540,Zaffargadh,,17.6779,79.6801,4,kondapur
IN,India,India,506317,Regula,Telangana,40,Warangal,540,Turrur,,17.9218,79.7582,4,regula
IN,India,India,506317,Pochampalli,Telangana,40,Warangal,540,Turrur,,17.9218,79.7582,4,pochampalli
IN,India,India,506317,Chinnavangara,Telangana,40,Warangal,540,Turrur,,17.9218,79.7582,3,chinnavangara
IN,India,India,506317,Peddavangara,Telangana,40,Warangal,540,Narsimhulapet,,17.9218,79.7582,3,peddavangara
IN,India,India,506317,Vavila,Telangana,40,Warangal,540,Turrur,,17.9218,79.7582,3,vavila
IN,India,India,506317,Authapur,Telangana,40,Warangal,540,Turrur,,17.9218,79.7582,3,authapur
IN,India,India,506317,Mallampally,Telangana,40,Warangal,540,Turrur,,17.9218,79.7582,3,mallampally
IN,India,India,506317,Nancharimadur,Telangana,40,Warangal,540,Turrur,,17.9218,79.7582,4,nancharimadur
IN,India,India,506318,Korepalli,Telangana,40,Warangal,540,Kadakandla,,17.9218,79.7582,3,korepalli
IN,India,India,506318,Waddekothapally,Telangana,40,Warangal,540,Kodakondla,,17.9218,79.7582,3,waddekothapally
IN,India,India,506318,Gantlakunta,Telangana,40,Warangal,540,Kodakandla,,17.9218,79.7582,3,gantlakunta
IN,India,India,506318,Karkala,Telangana,40,Warangal,540,Kadakandla,,17.9218,79.7582,4,karkala
IN,India,India,506318,Bommakal,Telangana,40,Warangal,540,Kodakandal,,17.9218,79.7582,4,bommakal
IN,India,India,506318,Rangapur,Telangana,40,Warangal,540,Kodakandla,,17.9218,79.7582,4,rangapur
IN,India,India,506318,Chityal,Telangana,40,Warangal,540,Kodakandla,,17.9218,79.7582,4,chityal
IN,India,India,506319,Kothagattu Singaram,Telangana,40,Warangal,540,Shayampet,,17.9218,79.7582,3,kothagattu-singaram
IN,India,India,506319,Pathipak,Telangana,40,Warangal,540,Shayampet,,17.9218,79.7582,3,pathipak
IN,India,India,506319,Hussainpalli,Telangana,40,Warangal,540,Shayampet,,17.9218,79.7582,4,hussainpalli
IN,India,India,506319,Taharapur,Telangana,40,Warangal,540,Shayampet,,17.9218,79.7582,3,taharapur
IN,India,India,506319,Shayampet,Telangana,40,Warangal,540,Shayampet,,17.9218,79.7582,3,shayampet
IN,India,India,506319,Peddakodepak,Telangana,40,Warangal,540,Shayampet,,17.9218,79.7582,3,peddakodepak
IN,India,India,506319,Koppula,Telangana,40,Warangal,540,Shayampet,,17.9218,79.7582,3,koppula
IN,India,India,506319,Gatlakaniparthy,Telangana,40,Warangal,540,Shayampet,,17.9218,79.7582,3,gatlakaniparthy
IN,India,India,506319,Chinnakodepak,Telangana,40,Warangal,540,Regonda,,17.9218,79.7582,3,chinnakodepak
IN,India,India,506319,Kamareddipalli,Telangana,40,Warangal,540,Parkal,,18.1587,79.7142,4,kamareddipalli
IN,India,India,506319,Chennapur,Telangana,40,Warangal,540,NA,,17.9218,79.7582,4,chennapur
IN,India,India,506324,Agapet,Telangana,40,Warangal,540,Narasimulapet,,17.9218,79.7582,4,agapet
IN,India,India,506324,Beersettigudem,Telangana,40,Warangal,540,Narsimulapet,,17.9218,79.7582,3,beersettigudem
IN,India,India,506324,Brahmanakothapalli,Telangana,40,Warangal,540,Narasimulapet,,17.9218,79.7582,3,brahmanakothapalli
IN,India,India,506324,Nagaram,Telangana,40,Warangal,540,Narasimulapet,,17.752,79.8841,4,nagaram
IN,India,India,506324,Bodlada,Telangana,40,Warangal,540,Narasimulapet,,17.9218,79.7582,4,bodlada
IN,India,India,506324,Reponi,Telangana,40,Warangal,540,Narasimulapet,,17.9218,79.7582,3,reponi
IN,India,India,506324,Datla,Telangana,40,Warangal,540,Narasimulapet,,17.9218,79.7582,4,datla
IN,India,India,506324,Jaipur,Telangana,40,Warangal,540,Narasimulapet,,17.9218,79.7582,4,jaipur
IN,India,India,506324,Kummarikunta,Telangana,40,Warangal,540,Narsimulapet,,17.9218,79.7582,3,kummarikunta
IN,India,India,506324,Gunnepalli,Telangana,40,Warangal,540,Narasimulapet,,17.9218,79.7582,4,gunnepalli
IN,India,India,506324,Dantalapalli,Telangana,40,Warangal,540,Narsimhulapet,,17.9218,79.7582,3,dantalapalli
IN,India,India,506324,Mungimadugu,Telangana,40,Warangal,540,Narasimulapet,,17.9218,79.7582,4,mungimadugu
IN,India,India,506324,Kommulavancha,Telangana,40,Warangal,540,Narasimulapet,,17.9218,79.7582,3,kommulavancha
IN,India,India,506324,Mupparamkalan,Telangana,40,Warangal,540,Narsimulapet,,17.9218,79.7582,3,mupparamkalan
IN,India,India,506324,Narasimulapet,Telangana,40,Warangal,540,Narasimulapet,,17.9218,79.7582,3,narasimulapet
IN,India,India,506324,Vanthadapala,Telangana,40,Warangal,540,Narasimulapet,,17.9218,79.7582,3,vanthadapala
IN,India,India,506329,Katrepalli,Telangana,40,Warangal,540,Sangem,,17.6506,79.5486,4,katrepalli
IN,India,India,506329,Chintalapalli,Telangana,40,Warangal,540,Sangem,,17.9974,79.6769,4,chintalapalli
IN,India,India,506329,Sangam,Telangana,40,Warangal,540,Sangam,,17.8858,79.7119,4,sangam
IN,India,India,506329,Elgur Station,Telangana,40,Warangal,540,Sangam,,17.8446,79.6458,3,elgur-station
IN,India,India,506329,Elgur,Telangana,40,Warangal,540,Samgem,,17.8446,79.6458,3,elgur
IN,India,India,506329,Venkatapur Haveli,Telangana,40,Warangal,540,Sangem,,17.8446,79.6458,3,venkatapur-haveli
IN,India,India,506329,Vancahnagiri,Telangana,40,Warangal,540,Geesugonda,,17.8446,79.6458,3,vancahnagiri
IN,India,India,506329,Shayampet (H),Telangana,40,Warangal,540,Ggesugonda,,17.8446,79.6458,3,shayampet-h
IN,India,India,506330,Manugonda,Telangana,40,Warangal,540,Geesugonda,,17.9218,79.7582,3,manugonda
IN,India,India,506330,Machapur,Telangana,40,Warangal,540,Geesugonda,,17.9218,79.7582,4,machapur
IN,India,India,506330,Ookal,Telangana,40,Warangal,540,Geesugonda,,17.9218,79.7582,3,ookal
IN,India,India,506330,Sangem,Telangana,40,Warangal,540,Samgem,,17.9218,79.7582,3,sangem
IN,India,India,506330,Dharmaram (Warangal),Telangana,40,Warangal,540,Geesugonda,,17.9218,79.7582,3,dharmaram-warangal
IN,India,India,506330,Elkurthy,Telangana,40,Warangal,540,Geesugonda,,17.9218,79.7582,3,elkurthy
IN,India,India,506330,Geegugonda,Telangana,40,Warangal,540,Geegugonda,,17.9218,79.7582,3,geegugonda
IN,India,India,506330,Pallarguda,Telangana,40,Warangal,540,Sangem,,17.9212,79.7392,4,pallarguda
IN,India,India,506331,Mandapalli,Telangana,40,Warangal,540,Duggondi,,17.9448,79.8021,4,mandapalli
IN,India,India,506331,Mohammadapur,Telangana,40,Warangal,540,Duggondi,,17.9218,79.7582,4,mohammadapur
IN,India,India,506331,Viswanathapur,Telangana,40,Warangal,540,Geesugonda,,17.9218,79.7582,3,viswanathapur
IN,India,India,506331,Kammepalli,Telangana,40,Warangal,540,Narsampet,,17.9218,79.7582,3,kammepalli
IN,India,India,506331,Mondrai,Telangana,40,Warangal,540,Sangem,,17.9218,79.7582,3,mondrai
IN,India,India,506331,Togarrai,Telangana,40,Warangal,540,Duggondi,,17.9218,79.7582,3,togarrai
IN,India,India,506331,Gurijala,Telangana,40,Warangal,540,Chennaraopet,,17.9218,79.7582,4,gurijala
IN,India,India,506331,Nachenapalli,Telangana,40,Warangal,540,Duggondi,,17.9218,79.7582,3,nachenapalli
IN,India,India,506331,Timmapet,Telangana,40,Warangal,540,Duggondi,,17.9218,79.7582,3,timmapet
IN,India,India,506331,Laknepalli,Telangana,40,Warangal,540,Narsampet,,17.9426,79.8329,4,laknepalli
IN,India,India,506331,Mallampalli,Telangana,40,Warangal,540,Duggondi,,17.9218,79.7582,4,mallampalli
IN,India,India,506331,Duggondi,Telangana,40,Warangal,540,Duggondi,,18.0211,79.8021,4,duggondi
IN,India,India,506331,Venkatapuram,Telangana,40,Warangal,540,Duggondi,,17.9165,79.6622,4,venkatapuram
IN,India,India,506331,Maheshwaram,Telangana,40,Warangal,540,Narsampet,,17.9403,79.8606,4,maheshwaram
IN,India,India,506332,Chennaraopet,Telangana,40,Warangal,540,Chennaraopet,,17.8825,79.8715,4,chennaraopet
IN,India,India,506332,Gundenga,Telangana,40,Warangal,540,Chennaraopet,,17.8935,79.8322,3,gundenga
IN,India,India,506332,Yellaigudem,Telangana,40,Warangal,540,Chennaraopet,,17.8935,79.8322,3,yellaigudem
IN,India,India,506332,Thimmarayanpahad,Telangana,40,Warangal,540,Chennaraopet,,17.8935,79.8322,3,thimmarayanpahad
IN,India,India,506332,Papaiahpet,Telangana,40,Warangal,540,Chennaraopet,,17.8935,79.8322,3,papaiahpet
IN,India,India,506332,Konapuram,Telangana,40,Warangal,540,Chennaraopet,,17.8931,79.8176,4,konapuram
IN,India,India,506332,Maqdumpuram,Telangana,40,Warangal,540,Chennraopet,,17.8935,79.8322,3,maqdumpuram
IN,India,India,506332,Lingapuram,Telangana,40,Warangal,540,Chennaraopet,,17.9048,79.8075,4,lingapuram
IN,India,India,506342,Atmakur (Warangal),Telangana,40,Warangal,540,Atmakur,,18.0712,79.736,4,atmakur-warangal
IN,India,India,506342,Akkampet,Telangana,40,Warangal,540,Atmakur,,18.015,79.6969,4,akkampet
IN,India,India,506342,Pulukurthy,Telangana,40,Warangal,540,Atmakur,,17.9218,79.7582,3,pulukurthy
IN,India,India,506342,Pasaragonda,Telangana,40,Warangal,540,Atmakur,,17.9218,79.7582,3,pasaragonda
IN,India,India,506342,Oorugonda,Telangana,40,Warangal,540,Atmakur,,17.9218,79.7582,3,oorugonda
IN,India,India,506342,Peddapur,Telangana,40,Warangal,540,Atmakur,,17.9218,79.7582,4,peddapur
IN,India,India,506342,Neerukulla,Telangana,40,Warangal,540,Atmakur,,17.9218,79.7582,3,neerukulla
IN,India,India,506342,Mustialapalli,Telangana,40,Warangal,540,Atmakur,,17.9218,79.7582,3,mustialapalli
IN,India,India,506342,Chowlapalli,Telangana,40,Warangal,540,Atmakur,,17.9218,79.7582,3,chowlapalli
IN,India,India,506342,Laxmipur,Telangana,40,Warangal,540,Parkal,,17.9218,79.7582,3,laxmipur
IN,India,India,506343,Bandarupalli,Telangana,40,Warangal,540,Mulug,,17.9218,79.7582,3,bandarupalli
IN,India,India,506343,Inchencherupalli,Telangana,40,Warangal,540,Mulug,,17.9218,79.7582,3,inchencherupalli
IN,India,India,506343,Keshavapur,Telangana,40,Warangal,540,Venkatapur,,17.9218,79.7582,3,keshavapur
IN,India,India,506343,Madanpalli,Telangana,40,Warangal,540,Mulug,,17.9218,79.7582,4,madanpalli
IN,India,India,506343,Jakaram,Telangana,40,Warangal,540,Mulug,,17.9218,79.7582,3,jakaram
IN,India,India,506343,Jaggannapet,Telangana,40,Warangal,540,Mulug,,17.9218,79.7582,3,jaggannapet
IN,India,India,506343,Abbapur,Telangana,40,Warangal,540,Mulug,,17.9218,79.7582,4,abbapur
IN,India,India,506343,Narsapur,Telangana,40,Warangal,540,Venkatapur,,17.9218,79.7582,4,narsapur
IN,India,India,506343,Mulug,Telangana,40,Warangal,540,Mulug,,17.9218,79.7582,4,mulug
IN,India,India,506344,Gangaram,Telangana,40,Warangal,540,Tadvai,,17.9218,79.7582,4,gangaram
IN,India,India,506344,Govindaraopet,Telangana,40,Warangal,540,Govindaraopet,,17.9218,79.7582,4,govindaraopet
IN,India,India,506344,Machapur,Telangana,40,Warangal,540,NA,,17.9218,79.7582,4,machapur
IN,India,India,506344,Bussapur,Telangana,40,Warangal,540,Govindaraopet,,17.9218,79.7582,3,bussapur
IN,India,India,506344,Katapur,Telangana,40,Warangal,540,Tadvai,,17.9218,79.7582,3,katapur
IN,India,India,506344,Narsapur(Bore),Telangana,40,Warangal,540,Govindaraopet,,17.9218,79.7582,3,narsapur-bore
IN,India,India,506344,Chalvai,Telangana,40,Warangal,540,Govindaraopet,,17.9218,79.7582,3,chalvai
IN,India,India,506344,Pambapur,Telangana,40,Warangal,540,Tadvai,,17.9218,79.7582,4,pambapur
IN,India,India,506344,Dumpaligudem,Telangana,40,Warangal,540,Govindaraopet,,17.9218,79.7582,3,dumpaligudem
IN,India,India,506344,Beeravelli,Telangana,40,Warangal,540,Tadvai,,17.9218,79.7582,3,beeravelli
IN,India,India,506344,Tadvai,Telangana,40,Warangal,540,Tadvai,,17.9218,79.7582,4,tadvai
IN,India,India,506344,Raghavapatnam,Telangana,40,Warangal,540,Govindaraopet,,17.9218,79.7582,3,raghavapatnam
IN,India,India,506344,Kamaram,Telangana,40,Warangal,540,Tadvai,,18.0566,79.7415,4,kamaram
IN,India,India,506344,Rangapur,Telangana,40,Warangal,540,Mogullapalle,,18.2688,79.6821,4,rangapur
IN,India,India,506345,Ramanujpur,Telangana,40,Warangal,540,NA,,18.057,79.7494,3,ramanujpur
IN,India,India,506345,Bhagirathipet,Telangana,40,Warangal,540,Regonda,,18.057,79.7494,3,bhagirathipet
IN,India,India,506345,Thimmapur,Telangana,40,Warangal,540,NA,,18.057,79.7494,3,thimmapur
IN,India,India,506345,Laxmidevipet,Telangana,40,Warangal,540,Venkatapur,,18.057,79.7494,3,laxmidevipet
IN,India,India,506345,Ghanpur (Mulug),Telangana,40,Warangal,540,Ghanpur (mulug),,18.057,79.7494,3,ghanpur-mulug
IN,India,India,506345,Dharmaraopet,Telangana,40,Warangal,540,Ghanpur(m),,17.8501,79.9322,4,dharmaraopet
IN,India,India,506345,Budharam,Telangana,40,Warangal,540,Ghanpur (mulug),,17.9218,79.7582,4,budharam
IN,India,India,506345,Nallakunta,Telangana,40,Warangal,540,Venkatapur,,17.9218,79.7582,4,nallakunta
IN,India,India,506345,Mylaram,Telangana,40,Warangal,540,Ghanpur(m),,17.6792,79.6062,4,mylaram
IN,India,India,506345,Kondapur,Telangana,40,Warangal,540,Ghanpur(m),,17.6779,79.6801,4,kondapur
IN,India,India,506347,Pasra,Telangana,40,Warangal,540,Govindaraopet,,17.9218,79.7582,4,pasra
IN,India,India,506347,Medaram,Telangana,40,Warangal,540,Tadvai,,17.9218,79.7582,4,medaram
IN,India,India,506347,Rampur,Telangana,40,Warangal,540,Tadvai,,17.9218,79.7582,4,rampur
IN,India,India,506347,Kalvapalli,Telangana,40,Warangal,540,Tadvai,,17.9218,79.7582,4,kalvapalli
IN,India,India,506347,Oorattam,Telangana,40,Warangal,540,Tadvai,,17.9218,79.7582,3,oorattam
IN,India,India,506347,Lingala,Telangana,40,Warangal,540,Tadvai,,17.9218,79.7582,4,lingala
IN,India,India,506347,Rangapur Project Nagar,Telangana,40,Warangal,540,Govindaraopet,,17.9218,79.7582,3,rangapur-project-nagar
IN,India,India,506347,Laknavaram,Telangana,40,Warangal,540,Govindaraopet,,17.9218,79.7582,3,laknavaram
IN,India,India,506347,Narlapur,Telangana,40,Warangal,540,Tadvai,,17.9218,79.7582,4,narlapur
IN,India,India,506347,Bittupalli,Telangana,40,Warangal,540,Tadvai,,17.9218,79.7582,3,bittupalli
IN,India,India,506347,Karlapalli,Telangana,40,Warangal,540,Govindaraopet,,17.9218,79.7582,3,karlapalli
IN,India,India,506348,Ramannagudem,Telangana,40,Warangal,540,Regonda,,17.9218,79.7582,4,ramannagudem
IN,India,India,506348,Sultanpur,Telangana,40,Warangal,540,Regonda,,17.9218,79.7582,4,sultanpur
IN,India,India,506348,Rangaiahpalli,Telangana,40,Warangal,540,Regonda,,17.9218,79.7582,3,rangaiahpalli
IN,India,India,506348,Gangireni Gudem,Telangana,40,Warangal,540,Regonda,,17.9218,79.7582,3,gangireni-gudem
IN,India,India,506348,Jaggaiahpet,Telangana,40,Warangal,540,Regonda,,17.9218,79.7582,3,jaggaiahpet
IN,India,India,506348,Repak,Telangana,40,Warangal,540,Regonda,,17.9218,79.7582,3,repak
IN,India,India,506348,Kothapalli (G),Telangana,40,Warangal,540,Regonda,,17.9218,79.7582,3,kothapalli-g
IN,India,India,506348,Kodavatancha,Telangana,40,Warangal,540,Regonda,,17.9218,79.7582,3,kodavatancha
IN,India,India,506348,Madthapalli,Telangana,40,Warangal,540,Regonda,,17.9218,79.7582,3,madthapalli
IN,India,India,506348,Tirumalagiri,Telangana,40,Warangal,540,Regonda,,17.9218,79.7582,4,tirumalagiri
IN,India,India,506348,Kaniparthy (Ch),Telangana,40,Warangal,540,Regonda,,17.9218,79.7582,3,kaniparthy-ch
IN,India,India,506348,Repakpalli,Telangana,40,Warangal,540,Regonda,,17.9218,79.7582,3,repakpalli
IN,India,India,506348,Dammannapet,Telangana,40,Warangal,540,Regonda,,17.7553,79.5227,4,dammannapet
IN,India,India,506348,Lingal,Telangana,40,Warangal,540,Regonda,,17.9218,79.7582,4,lingal
IN,India,India,506348,Regonda,Telangana,40,Warangal,540,Regonda,,17.9218,79.7582,4,regonda
IN,India,India,506349,Katrepalli,Telangana,40,Warangal,540,Shayampet,,17.6506,79.5486,4,katrepalli
IN,India,India,506349,Mallampalli,Telangana,40,Warangal,540,Mulug,,17.9218,79.7582,4,mallampalli
IN,India,India,506349,Dongalasingaram,Telangana,40,Warangal,540,Shayampet,,17.9218,79.7582,3,dongalasingaram
IN,India,India,506349,Shanigaram,Telangana,40,Warangal,540,Nallabelli,,17.9218,79.7582,3,shanigaram
IN,India,India,506349,Neredupalli,Telangana,40,Warangal,540,Bhupalpalle,,17.9218,79.7582,3,neredupalli
IN,India,India,506349,Rudragudem,Telangana,40,Warangal,540,Nallabelli,,17.9218,79.7582,3,rudragudem
IN,India,India,506349,Relakunta,Telangana,40,Warangal,540,Nallbelli,,17.9218,79.7582,3,relakunta
IN,India,India,506349,Mohd.Gouspalli,Telangana,40,Warangal,540,Mulug,,17.9218,79.7582,3,mohd-gouspalli
IN,India,India,506349,Muddunur,Telangana,40,Warangal,540,Duggondi,,17.9218,79.7582,3,muddunur
IN,India,India,506349,Pandikunta,Telangana,40,Warangal,540,Mulug,,17.9218,79.7582,4,pandikunta
IN,India,India,506349,Bollonipalli,Telangana,40,Warangal,540,Mulug,,17.9218,79.7582,3,bollonipalli
IN,India,India,506349,Rangapur,Telangana,40,Warangal,540,Nallabelli,,18.2688,79.6821,4,rangapur
IN,India,India,506349,Nallabelli,Telangana,40,Warangal,540,Nallabelli,,18.0419,79.863,4,nallabelli
IN,India,India,506349,Ramachandrapuram,Telangana,40,Warangal,540,Mulug,,17.9218,79.7582,4,ramachandrapuram
IN,India,India,506352,Sarvapur,Telangana,40,Warangal,540,Mulug,,18.1463,79.651,4,sarvapur
IN,India,India,506352,Jangalapally,Telangana,40,Warangal,540,Mulug,,17.9218,79.7582,3,jangalapally
IN,India,India,506352,Kasimdevipet,Telangana,40,Warangal,540,Mulug,,17.9218,79.7582,3,kasimdevipet
IN,India,India,506352,Kannaigudem,Telangana,40,Warangal,540,Mulug,,17.9218,79.7582,3,kannaigudem
IN,India,India,506352,Devagiripatnam,Telangana,40,Warangal,540,Mulug,,17.9218,79.7582,3,devagiripatnam
IN,India,India,506352,Incherla,Telangana,40,Warangal,540,Mulug,,17.9218,79.7582,3,incherla
IN,India,India,506352,Pathipalli,Telangana,40,Warangal,540,Mulug,,17.9218,79.7582,3,pathipalli
IN,India,India,506352,Kothur,Telangana,40,Warangal,540,Mulug,,17.7388,79.6652,4,kothur
IN,India,India,506352,Venkatapur,Telangana,40,Warangal,540,Venkatapur,,17.9218,79.7582,4,venkatapur
IN,India,India,506352,Ankannagudem,Telangana,40,Warangal,540,Mulug,,17.9218,79.7582,3,ankannagudem
IN,India,India,506355,Komaravalli,Telangana,40,Warangal,540,Cherial,,17.9218,79.7582,3,komaravalli
IN,India,India,506355,Guruvannapet,Telangana,40,Warangal,540,Cherial,,17.9218,79.7582,3,guruvannapet
IN,India,India,506355,Danampalli,Telangana,40,Warangal,540,Cherial,,17.9218,79.7582,4,danampalli
IN,India,India,506355,Tadur Bo',Telangana,40,Warangal,540,Cherial,,17.9218,79.7582,3,tadur-bo
IN,India,India,506355,Chityal,Telangana,40,Warangal,540,Cherial,,17.9218,79.7582,4,chityal
IN,India,India,506355,Posanpalli,Telangana,40,Warangal,540,Cherial,,17.9218,79.7582,4,posanpalli
IN,India,India,506355,Marrimuchal,Telangana,40,Warangal,540,Cherial,,17.9218,79.7582,3,marrimuchal
IN,India,India,506355,Ainapur,Telangana,40,Warangal,540,Cherial,,17.9218,79.7582,4,ainapur
IN,India,India,506356,Chityal,Telangana,40,Warangal,540,Chityal,,17.9218,79.7582,4,chityal
IN,India,India,506356,Kundanpalli,Telangana,40,Warangal,540,Chityal,,17.9218,79.7582,3,kundanpalli
IN,India,India,506356,Challagarige,Telangana,40,Warangal,540,Chityal,,17.9218,79.7582,3,challagarige
IN,India,India,506356,Dubyal,Telangana,40,Warangal,540,Mogullapalli,,17.9218,79.7582,3,dubyal
IN,India,India,506356,Empaid,Telangana,40,Warangal,540,Chityal,,17.9218,79.7582,3,empaid
IN,India,India,506356,Garimillapalli,Telangana,40,Warangal,540,Chityal,,17.9218,79.7582,3,garimillapalli
IN,India,India,506356,Jookal,Telangana,40,Warangal,540,Chityal,,17.9218,79.7582,3,jookal
IN,India,India,506356,Nawabpet,Telangana,40,Warangal,540,Chityal,,17.9218,79.7582,4,nawabpet
IN,India,India,506356,Venkataraopalli,Telangana,40,Warangal,540,Chityal,,17.9218,79.7582,4,venkataraopalli
IN,India,India,506356,Pangidipalli,Telangana,40,Warangal,540,Chityal,,17.9218,79.7582,3,pangidipalli
IN,India,India,506356,Tirumalapur,Telangana,40,Warangal,540,Chityal,,17.9218,79.7582,4,tirumalapur
IN,India,India,506356,Raghavareddipet,Telangana,40,Warangal,540,Mogullapalli,,17.9218,79.7582,3,raghavareddipet
IN,India,India,506356,Ramakistapur,Telangana,40,Warangal,540,Chityal,,17.9218,79.7582,3,ramakistapur
IN,India,India,506356,Tekumatla,Telangana,40,Warangal,540,Chityal,,17.9218,79.7582,3,tekumatla
IN,India,India,506365,Parwathagiri,Telangana,40,Warangal,540,Parwathagiri,,17.9218,79.7582,3,parwathagiri
IN,India,India,506365,Rollakal,Telangana,40,Warangal,540,Parvathagiri,,17.9218,79.7582,3,rollakal
IN,India,India,506365,Choutapalli,Telangana,40,Warangal,540,Parwathagiri,,17.9218,79.7582,3,choutapalli
IN,India,India,506365,Konkapaka,Telangana,40,Warangal,540,Palakurthy,,17.9218,79.7582,3,konkapaka
IN,India,India,506365,Dowlathnagar,Telangana,40,Warangal,540,Parwathagiri,,17.9218,79.7582,3,dowlathnagar
IN,India,India,506365,Wadlakonda,Telangana,40,Warangal,540,Parvathagiri,,17.778,79.6837,4,wadlakonda
IN,India,India,506365,Annaram,Telangana,40,Warangal,540,Parvathagiri,,17.9218,79.7582,4,annaram
IN,India,India,506365,Somaram,Telangana,40,Warangal,540,Pawathagiri,,17.7762,79.7056,4,somaram
IN,India,India,506365,Gopanpalli,Telangana,40,Warangal,540,Palakurthy,,17.8085,79.6699,4,gopanpalli
IN,India,India,506366,Mulkalapally,Telangana,40,Warangal,540,Mogullapally,,17.9218,79.7582,3,mulkalapally
IN,India,India,506366,Pothugal,Telangana,40,Warangal,540,Mogullapalli,,17.9218,79.7582,3,pothugal
IN,India,India,506366,Pidicilla,Telangana,40,Warangal,540,Mogullapalli,,17.9218,79.7582,3,pidicilla
IN,India,India,506366,Vemulapalli,Telangana,40,Warangal,540,Mogullapalli,,17.9218,79.7582,3,vemulapalli
IN,India,India,506366,Parlapalli,Telangana,40,Warangal,540,Mogullapalli,,17.9218,79.7582,4,parlapalli
IN,India,India,506366,Peddakomati Palli,Telangana,40,Warangal,540,Mogullapalli,,17.9218,79.7582,3,peddakomati-palli
IN,India,India,506366,Mogullapalli,Telangana,40,Warangal,540,Mogullapalli,,17.9218,79.7582,3,mogullapalli
IN,India,India,506366,Akinepalli,Telangana,40,Warangal,540,Mogullapalli,,17.9218,79.7582,3,akinepalli
IN,India,India,506366,Motlapalli,Telangana,40,Warangal,540,Mogullapalli,,17.9218,79.7582,4,motlapalli
IN,India,India,506366,Venkatapur,Telangana,40,Warangal,540,NA,,17.9218,79.7582,4,venkatapur
IN,India,India,506366,Issipet,Telangana,40,Warangal,540,Mogullapalli,,17.9218,79.7582,4,issipet
IN,India,India,506366,Rangapur,Telangana,40,Warangal,540,Parkal,,18.2688,79.6821,4,rangapur
IN,India,India,506366,Metpalli,Telangana,40,Warangal,540,Mogullapalli,,17.9218,79.7582,4,metpalli
IN,India,India,506367,Solipuram,Telangana,40,Warangal,540,Narmitta,,17.9218,79.7582,3,solipuram
IN,India,India,506367,Dhulmitta,Telangana,40,Warangal,540,Maddur,,17.9218,79.7582,4,dhulmitta
IN,India,India,506367,Vallampatla,Telangana,40,Warangal,540,Maddur,,17.9218,79.7582,4,vallampatla
IN,India,India,506367,Bhairanpalli,Telangana,40,Warangal,540,Maddur,,17.9218,79.7582,3,bhairanpalli
IN,India,India,506367,Ankushapur,Telangana,40,Warangal,540,Narmetta,,17.9218,79.7582,3,ankushapur
IN,India,India,506367,Rebarthy,Telangana,40,Warangal,540,Maddur,,17.9218,79.7582,3,rebarthy
IN,India,India,506367,Lingapur,Telangana,40,Warangal,540,Maddur,,17.9218,79.7582,4,lingapur
IN,India,India,506367,Kootigal,Telangana,40,Warangal,540,Maddur,,17.9218,79.7582,3,kootigal
IN,India,India,506367,Bikkal,Telangana,40,Warangal,540,Maddur,,17.9218,79.7582,3,bikkal
IN,India,India,506367,Dharmaram,Telangana,40,Warangal,540,Maddur,,17.9218,79.7582,4,dharmaram
IN,India,India,506367,Maddur (Warangal),Telangana,40,Warangal,540,Maddur,,17.9218,79.7582,3,maddur-warangal
IN,India,India,506367,Jalapalli,Telangana,40,Warangal,540,Maddur,,17.9218,79.7582,3,jalapalli
IN,India,India,506367,Kondapur,Telangana,40,Warangal,540,Maddur,,17.9218,79.7582,4,kondapur
IN,India,India,506367,Gagillapur,Telangana,40,Warangal,540,Maddur,,17.9218,79.7582,3,gagillapur
IN,India,India,506368,Nallikaddur,Telangana,40,Warangal,540,Nallikaddur,,17.9218,79.7582,3,nallikaddur
IN,India,India,506368,Mecharajpalli,Telangana,40,Warangal,540,Nallikaddur,,17.9218,79.7582,3,mecharajpalli
IN,India,India,506368,Ravirala,Telangana,40,Warangal,540,Nallikaddr,,17.9218,79.7582,3,ravirala
IN,India,India,506368,Nainala,Telangana,40,Warangal,540,Nallikaddur,,17.9218,79.7582,3,nainala
IN,India,India,506368,Sriramgiri,Telangana,40,Warangal,540,Nallikaddur,,17.9218,79.7582,4,sriramgiri
IN,India,India,506368,Rajulakothapalli,Telangana,40,Warangal,540,Nallikaddur,,17.9218,79.7582,3,rajulakothapalli
IN,India,India,506368,Madanthurthi,Telangana,40,Warangal,540,Nallikaddur,,17.9218,79.7582,3,madanthurthi
IN,India,India,506368,Yerrabelligudem,Telangana,40,Warangal,540,Nallikaddur,,17.9218,79.7582,3,yerrabelligudem
IN,India,India,506368,Mungalveedu,Telangana,40,Warangal,540,Nallikaddur,,17.9218,79.7582,3,mungalveedu
IN,India,India,506369,Redlawada,Telangana,40,Warangal,540,Redlawada,,17.7374,79.776,4,redlawada
IN,India,India,506370,Unikicherla,Telangana,40,Warangal,540,Dharmasagar,,17.9218,79.7582,3,unikicherla
IN,India,India,506370,Waddepalli,Telangana,40,Warangal,540,Hanamkonda,,17.9218,79.7582,4,waddepalli
IN,India,India,506370,Devannapet,Telangana,40,Warangal,540,Hasanparthy,,17.9218,79.7582,4,devannapet
IN,India,India,506371,Nagaram,Telangana,40,Warangal,540,Hasanparthy,,17.9218,79.7582,4,nagaram
IN,India,India,506371,Madipalli,Telangana,40,Warangal,540,Hasanparthy,,17.9218,79.7582,4,madipalli
IN,India,India,506371,Jayagiri,Telangana,40,Warangal,540,Hasanparthy,,17.9218,79.7582,4,jayagiri
IN,India,India,506371,Devnoor,Telangana,40,Warangal,540,Hasanparthy,,17.9218,79.7582,3,devnoor
IN,India,India,506371,Pembarthy,Telangana,40,Warangal,540,Hasanparthy,,17.9218,79.7582,3,pembarthy
IN,India,India,506371,Hasanparthy,Telangana,40,Warangal,540,Hasanparthy,,17.9218,79.7582,3,hasanparthy
IN,India,India,506371,Seethampet,Telangana,40,Warangal,540,Hasanparthy,,17.9218,79.7582,3,seethampet
IN,India,India,506371,Ananthasagar,Telangana,40,Warangal,540,Hasanparthy,,17.9218,79.7582,3,ananthasagar
IN,India,India,506371,Yellapur,Telangana,40,Warangal,540,Hasanaparthy,,17.9218,79.7582,4,yellapur
IN,India,India,506381,Andanalapadu,Telangana,40,Warangal,540,Dornakal,,17.9218,79.7582,3,andanalapadu
IN,India,India,506381,Vuyyalawada,Telangana,40,Warangal,540,Dornakal,,17.9218,79.7582,3,vuyyalawada
IN,India,India,506381,Mulkalapalli,Telangana,40,Warangal,540,Dornakal,,17.9218,79.7582,4,mulkalapalli
IN,India,India,506381,Balapala,Telangana,40,Warangal,540,Dornakal,,17.9218,79.7582,3,balapala
IN,India,India,506381,Ammapalem,Telangana,40,Warangal,540,Dornakal,,17.9218,79.7582,4,ammapalem
IN,India,India,506381,Cathedrol Compound,Telangana,40,Warangal,540,Dornakal,,17.9218,79.7582,3,cathedrol-compound
IN,India,India,506381,Chilkode,Telangana,40,Warangal,540,Dornakal,,17.9218,79.7582,3,chilkode
IN,India,India,506381,Gollacherla,Telangana,40,Warangal,540,Dornakal,,17.9218,79.7582,3,gollacherla
IN,India,India,506381,Kannegundla,Telangana,40,Warangal,540,Dornakal,,17.9218,79.7582,3,kannegundla
IN,India,India,506381,Perumandlasankeesa,Telangana,40,Warangal,540,Dornakal,,17.9218,79.7582,3,perumandlasankeesa
IN,India,India,506381,Vennaram,Telangana,40,Warangal,540,Dornakal,,17.9218,79.7582,3,vennaram
IN,India,India,506381,Dornakal,Telangana,40,Warangal,540,Dornakal,,17.9218,79.7582,4,dornakal
IN,India,India,506391,Narlapur,Telangana,40,Warangal,540,Parkal,,17.9218,79.7582,4,narlapur
IN,India,India,506391,Raiparthy,Telangana,40,Warangal,540,Parkal,,17.9218,79.7582,3,raiparthy
IN,India,India,506391,Vellampalli,Telangana,40,Warangal,540,Parkal,,17.9218,79.7582,3,vellampalli
IN,India,India,506391,Chowtaparthy,Telangana,40,Warangal,540,Parkal,,17.9218,79.7582,3,chowtaparthy
IN,India,India,506391,Varikol,Telangana,40,Warangal,540,Parkal,,17.9218,79.7582,3,varikol
IN,India,India,506391,Narsakkapalli,Telangana,40,Warangal,540,Parkal,,17.9218,79.7582,3,narsakkapalli
IN,India,India,506391,Nadikuda,Telangana,40,Warangal,540,So,,17.9218,79.7582,3,nadikuda
IN,India,India,506391,Kowkonda,Telangana,40,Warangal,540,Parkal,,17.9218,79.7582,3,kowkonda
IN,India,India,506391,Kantatmakur,Telangana,40,Warangal,540,Parkal,,17.9218,79.7582,3,kantatmakur
IN,India,India,506391,Cherlapalli,Telangana,40,Warangal,540,Parkal,,17.9218,79.7582,4,cherlapalli
IN,India,India,506391,Puligilla,Telangana,40,Warangal,540,Parkal,,17.9218,79.7582,4,puligilla
IN,India,India,506391,Nagaram,Telangana,40,Warangal,540,Parkal,,17.9218,79.7582,4,nagaram
IN,India,India,507001,Khammam H.O,Telangana,40,Khammam,541,Khammam,,17.2094,80.3654,1,khammam-h-o
IN,India,India,507001,Church Road(KHM),Telangana,40,Khammam,541,Khammam (Urban),,17.2094,80.3654,1,church-road-khm
IN,India,India,507001,Burahanpuram,Telangana,40,Khammam,541,Khammam (Urban),,17.2094,80.3654,1,burahanpuram
IN,India,India,507001,Bus Station(KHM),Telangana,40,Khammam,541,Khammam (Urban),,17.2094,80.3654,1,bus-station-khm
IN,India,India,507002,Y.C. Roads,Telangana,40,Khammam,541,Khammam (Urban),,17.4154,80.0947,3,y-c-roads
IN,India,India,507002,Nsc Campus,Telangana,40,Khammam,541,Khammam (Urban),,17.4154,80.0947,3,nsc-campus
IN,India,India,507002,Koyachelaka,Telangana,40,Khammam,541,Khammam,,17.4154,80.0947,3,koyachelaka
IN,India,India,507002,Khanapuram Haweli,Telangana,40,Khammam,541,Khammam,,17.4154,80.0947,3,khanapuram-haweli
IN,India,India,507002,Kaikondaigudem,Telangana,40,Khammam,541,Khammam,,17.4154,80.0947,3,kaikondaigudem
IN,India,India,507002,Collectorate (Khammam),Telangana,40,Khammam,541,Aswapuram,,17.4154,80.0947,3,collectorate-khammam
IN,India,India,507002,Industrial Area (Khammam),Telangana,40,Khammam,541,Khammam (Urban),,17.4154,80.0947,3,industrial-area-khammam
IN,India,India,507002,Raghunadhapalem,Telangana,40,Khammam,541,Khammam,,17.4154,80.0947,3,raghunadhapalem
IN,India,India,507002,Tekulapalli,Telangana,40,Khammam,541,Khammam,,17.2094,80.3654,4,tekulapalli
IN,India,India,507002,Ballepalli,Telangana,40,Khammam,541,Khammam,,17.2094,80.3654,4,ballepalli
IN,India,India,507002,Gopalapuram,Telangana,40,Khammam,541,Khammam,,17.2094,80.3654,4,gopalapuram
IN,India,India,507003,Pandregupalli,Telangana,40,Khammam,541,Khammam,,17.2094,80.3654,3,pandregupalli
IN,India,India,507003,Seetharampuram,Telangana,40,Khammam,541,Khammam,,17.2094,80.3654,3,seetharampuram
IN,India,India,507003,Venkatayapalem,Telangana,40,Khammam,541,Khammam,,17.2094,80.3654,3,venkatayapalem
IN,India,India,507003,Trunk Road (Khammam),Telangana,40,Khammam,541,Khammam (Urban),,17.2094,80.3654,3,trunk-road-khammam
IN,India,India,507003,Theerthala,Telangana,40,Khammam,541,Khammam,,17.2094,80.3654,3,theerthala
IN,India,India,507003,Tangampadu,Telangana,40,Khammam,541,Khammam,,17.2094,80.3654,3,tangampadu
IN,India,India,507003,Peddathanda,Telangana,40,Khammam,541,Aswapuram,,17.2094,80.3654,3,peddathanda
IN,India,India,507003,Papatpalli,Telangana,40,Khammam,541,Khammam,,17.2094,80.3654,3,papatpalli
IN,India,India,507003,Mangalagudem,Telangana,40,Khammam,541,Aswapuram,,17.2094,80.3654,3,mangalagudem
IN,India,India,507003,Mallemadugu,Telangana,40,Khammam,541,Khammam,,17.2094,80.3654,3,mallemadugu
IN,India,India,507003,Kamanchikal,Telangana,40,Khammam,541,Khammam,,17.2094,80.3654,3,kamanchikal
IN,India,India,507003,Kachirajugudem,Telangana,40,Khammam,541,Khammam,,17.2094,80.3654,3,kachirajugudem
IN,India,India,507003,Guttalabazar,Telangana,40,Khammam,541,Khammam (Urban),,17.2094,80.3654,3,guttalabazar
IN,India,India,507003,Gudurpahad,Telangana,40,Khammam,541,Khammam,,17.2094,80.3654,3,gudurpahad
IN,India,India,507003,Gudimalla,Telangana,40,Khammam,541,Khammam,,17.2094,80.3654,3,gudimalla
IN,India,India,507003,Gollapahad,Telangana,40,Khammam,541,Khammam,,17.2094,80.3654,3,gollapahad
IN,India,India,507003,Gandhichowk (Khammam),Telangana,40,Khammam,541,Aswapuram,,17.2094,80.3654,3,gandhichowk-khammam
IN,India,India,507003,Dharedu,Telangana,40,Khammam,541,Khammam,,17.2094,80.3654,3,dharedu
IN,India,India,507003,Dabala Bazar,Telangana,40,Khammam,541,Khammam (Urban),,17.2094,80.3654,3,dabala-bazar
IN,India,India,507003,Laxmipuram,Telangana,40,Khammam,541,Khammam,,17.2094,80.3654,3,laxmipuram
IN,India,India,507003,Polepalli,Telangana,40,Khammam,541,Aswapuram,,17.2094,80.3654,4,polepalli
IN,India,India,507003,Venkatagiri,Telangana,40,Khammam,541,Khammam,,17.2094,80.3654,4,venkatagiri
IN,India,India,507101,Sca Bldg,Telangana,40,Khammam,541,Kothagudem,,17.2094,80.3654,1,sca-bldg
IN,India,India,507101,Laxmidepalli,Telangana,40,Khammam,541,Kothagudem,,17.2094,80.3654,1,laxmidepalli
IN,India,India,507101,Kothagudem Bazar,Telangana,40,Khammam,541,Kothagudem,,17.2094,80.3654,1,kothagudem-bazar
IN,India,India,507101,Bhajanamandir,Telangana,40,Khammam,541,Kothagudem,,17.2094,80.3654,1,bhajanamandir
IN,India,India,507101,Kothagudem Colls H.O,Telangana,40,Khammam,541,Kothagudem,,17.2094,80.3654,1,kothagudem-colls-h-o
IN,India,India,507103,Penagadapa,Telangana,40,Khammam,541,Vkhani,,17.2094,80.3654,4,penagadapa
IN,India,India,507103,Venkateshkhani,Telangana,40,Khammam,541,Kothagudem,,17.2094,80.3654,3,venkateshkhani
IN,India,India,507111,B.R.Colony,Telangana,40,Khammam,541,Bhadrachalam,,17.2094,80.3654,1,b-r-colony
IN,India,India,507111,Ramalayam,Telangana,40,Khammam,541,Bhadrachalam,,17.2094,80.3654,1,ramalayam
IN,India,India,507111,Bhadrachalam H.O,Telangana,40,Khammam,541,Bhadrachalam,,17.2094,80.3654,1,bhadrachalam-h-o
IN,India,India,507114,Musalimadugu,Telangana,40,Khammam,541,Burgampahad,,17.2094,80.3654,4,musalimadugu
IN,India,India,507114,Morampalli,Telangana,40,Khammam,541,Burgampahad,,17.2094,80.3654,3,morampalli
IN,India,India,507114,Burgampahad,Telangana,40,Khammam,541,Burgampahad,,17.2094,80.3654,3,burgampahad
IN,India,India,507114,Pinapaka Pattinagar,Telangana,40,Khammam,541,Burgampahad,,17.2094,80.3654,3,pinapaka-pattinagar
IN,India,India,507114,Krishnasagar,Telangana,40,Khammam,541,Burgamapahad,,17.2094,80.3654,3,krishnasagar
IN,India,India,507114,Nagineniprolu,Telangana,40,Khammam,541,Burgampahad,,17.2094,80.3654,3,nagineniprolu
IN,India,India,507114,Timmampeta,Telangana,40,Khammam,541,Burgampahad,,17.2094,80.3654,4,timmampeta
IN,India,India,507115,T.P.Campus,Telangana,40,Khammam,541,Palwancha,,17.2094,80.3654,3,t-p-campus
IN,India,India,507115,Karakavagu,Telangana,40,Khammam,541,Paloncha,,17.2094,80.3654,3,karakavagu
IN,India,India,507115,Kinnersani Project,Telangana,40,Khammam,541,Paloncha,,17.2094,80.3654,3,kinnersani-project
IN,India,India,507115,Pandurangapuram,Telangana,40,Khammam,541,Paloncha,,17.2094,80.3654,4,pandurangapuram
IN,India,India,507115,Ulvanoor,Telangana,40,Khammam,541,Paloncha,,17.2094,80.3654,3,ulvanoor
IN,India,India,507115,Jagannadhapuram (KP),Telangana,40,Khammam,541,Paloncha,,17.2094,80.3654,3,jagannadhapuram-kp
IN,India,India,507115,Kamalapuram,Telangana,40,Khammam,541,Paloncha,,17.2094,80.3654,4,kamalapuram
IN,India,India,507115,Thogugudem,Telangana,40,Khammam,541,Paloncha,,17.2094,80.3654,3,thogugudem
IN,India,India,507115,Posugudem,Telangana,40,Khammam,541,Paloncha,,17.2094,80.3654,3,posugudem
IN,India,India,507115,Pogallapalli,Telangana,40,Khammam,541,Paloncha,,17.2094,80.3654,3,pogallapalli
IN,India,India,507115,Payakari Yanambile,Telangana,40,Khammam,541,Paloncha,,17.2094,80.3654,3,payakari-yanambile
IN,India,India,507115,Patha Paloncha,Telangana,40,Khammam,541,Palwancha,,17.2094,80.3654,3,patha-paloncha
IN,India,India,507115,Mulakalapalli,Telangana,40,Khammam,541,Paloncha,,17.2094,80.3654,3,mulakalapalli
IN,India,India,507115,Mukamamidi,Telangana,40,Khammam,541,Paloncha,,17.2094,80.3654,3,mukamamidi
IN,India,India,507115,Yanamboil,Telangana,40,Khammam,541,Paloncha,,17.2094,80.3654,3,yanamboil
IN,India,India,507115,Nagaram,Telangana,40,Khammam,541,Paloncha,,17.2094,80.3654,4,nagaram
IN,India,India,507115,Paloncha,Telangana,40,Khammam,541,Paloncha,,17.2094,80.3654,4,paloncha
IN,India,India,507115,Jagannadhapuram,Telangana,40,Khammam,541,Paloncha,,17.2094,80.3654,4,jagannadhapuram
IN,India,India,507115,Dantalaboru,Telangana,40,Khammam,541,Paloncha,,17.2094,80.3654,3,dantalaboru
IN,India,India,507116,Ammagaripalli,Telangana,40,Khammam,541,Manuguru,,17.2094,80.3654,3,ammagaripalli
IN,India,India,507116,Hwp Aswapur Colony,Telangana,40,Khammam,541,Aswapuram,,17.2094,80.3654,3,hwp-aswapur-colony
IN,India,India,507116,Chintrial,Telangana,40,Khammam,541,Manugur,,17.2094,80.3654,3,chintrial
IN,India,India,507116,Anandapuram,Telangana,40,Khammam,541,Aswapuram,,17.2094,80.3654,4,anandapuram
IN,India,India,507116,Tummalacheruvu,Telangana,40,Khammam,541,Aswapuram,,17.2094,80.3654,4,tummalacheruvu
IN,India,India,507116,Aswapur,Telangana,40,Khammam,541,Manugur,,17.2094,80.3654,4,aswapur
IN,India,India,507116,Mondikunta,Telangana,40,Khammam,541,Aswapuram,,17.2094,80.3654,3,mondikunta
IN,India,India,507116,Jaggaram,Telangana,40,Khammam,541,Aswapuram,,17.2094,80.3654,3,jaggaram
IN,India,India,507116,Gondigudem,Telangana,40,Khammam,541,Manugur,,17.2094,80.3654,4,gondigudem
IN,India,India,507116,Mittagudem,Telangana,40,Khammam,541,Manugur,,17.2094,80.3654,4,mittagudem
IN,India,India,507117,Manuguru,Telangana,40,Khammam,541,Manuguru,,17.2094,80.3654,4,manuguru
IN,India,India,507117,Bayyaram,Telangana,40,Khammam,541,Manuguru,,17.2094,80.3654,4,bayyaram
IN,India,India,507117,Manuguru Colls,Telangana,40,Khammam,541,Manuguru,,17.2094,80.3654,3,manuguru-colls
IN,India,India,507117,Mallaram,Telangana,40,Khammam,541,Manuguru,,17.2094,80.3654,4,mallaram
IN,India,India,507117,Janampeta,Telangana,40,Khammam,541,Manuguru,,17.2094,80.3654,4,janampeta
IN,India,India,507117,Venkatraopet,Telangana,40,Khammam,541,Manuguru,,17.2094,80.3654,4,venkatraopet
IN,India,India,507117,Anantharampatti Mallur,Telangana,40,Khammam,541,Manugurq,,17.2094,80.3654,3,anantharampatti-mallur
IN,India,India,507117,Uppaka,Telangana,40,Khammam,541,Manuguru,,17.2094,80.3654,3,uppaka
IN,India,India,507117,Bhupathiraopeta,Telangana,40,Khammam,541,Manuguru,,17.2094,80.3654,3,bhupathiraopeta
IN,India,India,507117,Samithisingaram,Telangana,40,Khammam,541,Manuguru,,17.2094,80.3654,3,samithisingaram
IN,India,India,507117,Ramanajaram,Telangana,40,Khammam,541,Manuguru,,17.2094,80.3654,3,ramanajaram
IN,India,India,507117,Karakagudem,Telangana,40,Khammam,541,Manuguru,,17.2094,80.3654,4,karakagudem
IN,India,India,507117,Duginepalli,Telangana,40,Khammam,541,Manuguru,,17.2094,80.3654,3,duginepalli
IN,India,India,507117,Pinapaka,Telangana,40,Khammam,541,Manuguru,,17.2094,80.3654,3,pinapaka
IN,India,India,507117,Elchireddipalli,Telangana,40,Khammam,541,Manuguru,,17.2094,80.3654,3,elchireddipalli
IN,India,India,507117,Gopalaraopeta,Telangana,40,Khammam,541,Manuguru,,17.2094,80.3654,3,gopalaraopeta
IN,India,India,507117,Pagideru,Telangana,40,Khammam,541,Manugur,,17.2094,80.3654,3,pagideru
IN,India,India,507117,Kondaigudem,Telangana,40,Khammam,541,Manuguru,,17.2094,80.3654,3,kondaigudem
IN,India,India,507117,Singareddipalli,Telangana,40,Khammam,541,Manuguru,,17.2094,80.3654,4,singareddipalli
IN,India,India,507117,Padmapuram,Telangana,40,Khammam,541,Manuguru,,17.2094,80.3654,4,padmapuram
IN,India,India,507118,Ramavaram,Telangana,40,Khammam,541,Kothagudem,,17.2094,80.3654,4,ramavaram
IN,India,India,507118,Nargundukarnagar,Telangana,40,Khammam,541,Kothagudem,,17.2094,80.3654,3,nargundukarnagar
IN,India,India,507118,Regalla,Telangana,40,Khammam,541,Kothagudem,,17.2094,80.3654,3,regalla
IN,India,India,507118,Kothaguda,Telangana,40,Khammam,541,Kothagudem,,17.2094,80.3654,4,kothaguda
IN,India,India,507118,Hemachandrapuram,Telangana,40,Khammam,541,Kothagudem,,17.2094,80.3654,3,hemachandrapuram
IN,India,India,507118,Chatagonda,Telangana,40,Khammam,541,Aswapuram,,17.2094,80.3654,3,chatagonda
IN,India,India,507118,M.E.Complex,Telangana,40,Khammam,541,Kothagudem,,17.2094,80.3654,3,m-e-complex
IN,India,India,507118,Bangaruchelka,Telangana,40,Khammam,541,Kothagudem,,17.2094,80.3654,3,bangaruchelka
IN,India,India,507118,Chunchupalli,Telangana,40,Khammam,541,Kothagudem,,17.2094,80.3654,3,chunchupalli
IN,India,India,507118,Mailaram,Telangana,40,Khammam,541,Kothagudem,,17.2094,80.3654,4,mailaram
IN,India,India,507118,Garibpeta,Telangana,40,Khammam,541,Kothagudem,,17.2094,80.3654,3,garibpeta
IN,India,India,507119,Rudrampur,Telangana,40,Khammam,541,Rudrampur,,17.2094,80.3654,1,rudrampur
IN,India,India,507120,Machinenipeta,Telangana,40,Khammam,541,Sujathanagar,,17.2094,80.3654,3,machinenipeta
IN,India,India,507120,Tippanapalli,Telangana,40,Khammam,541,Sujathanagarq,,17.2094,80.3654,3,tippanapalli
IN,India,India,507120,Raghavapuram,Telangana,40,Khammam,541,Sujathanagar,,17.2094,80.3654,4,raghavapuram
IN,India,India,507120,Karivarigudem,Telangana,40,Khammam,541,Sujathanagar,,17.2094,80.3654,3,karivarigudem
IN,India,India,507120,Singhabhupalem,Telangana,40,Khammam,541,Sujathanagar,,17.2094,80.3654,3,singhabhupalem
IN,India,India,507120,Seethampeta,Telangana,40,Khammam,541,Sujathanagar,,17.2094,80.3654,3,seethampeta
IN,India,India,507120,Sujathanagar,Telangana,40,Khammam,541,Sujathanagar,,17.2094,80.3654,4,sujathanagar
IN,India,India,507120,Ganugapadu,Telangana,40,Khammam,541,Sujathanagar,,17.2094,80.3654,3,ganugapadu
IN,India,India,507120,Sarvaram,Telangana,40,Khammam,541,Sujathanagar,,17.2094,80.3654,4,sarvaram
IN,India,India,507120,Bethalapadu,Telangana,40,Khammam,541,Sujathanagar,,17.2094,80.3654,3,bethalapadu
IN,India,India,507122,Pinjaramadugu,Telangana,40,Khammam,541,Karepalli,,17.2094,80.3654,3,pinjaramadugu
IN,India,India,507122,Pathalingala,Telangana,40,Khammam,541,Karepalli,,17.2094,80.3654,3,pathalingala
IN,India,India,507122,Manikyaram,Telangana,40,Khammam,541,Karepalli,,17.2094,80.3654,3,manikyaram
IN,India,India,507122,Pocharam,Telangana,40,Khammam,541,Karepalli,,17.2094,80.3654,4,pocharam
IN,India,India,507122,Challasamudram,Telangana,40,Khammam,541,Karepalli,,17.2094,80.3654,3,challasamudram
IN,India,India,507122,Chimalapad,Telangana,40,Khammam,541,Karepalli,,17.2094,80.3654,3,chimalapad
IN,India,India,507122,Giddavarigudem,Telangana,40,Khammam,541,Karepalli,,17.2094,80.3654,3,giddavarigudem
IN,India,India,507122,Vootukuru,Telangana,40,Khammam,541,Karepalli,,17.2094,80.3654,3,vootukuru
IN,India,India,507122,Tadakalapudi,Telangana,40,Khammam,541,Karepalli,,17.2094,80.3654,3,tadakalapudi
IN,India,India,507122,Relakayalapalli,Telangana,40,Khammam,541,Karepalli,,17.2094,80.3654,3,relakayalapalli
IN,India,India,507122,Perupalli,Telangana,40,Khammam,541,Karepalli,,17.2094,80.3654,3,perupalli
IN,India,India,507122,Madhavaram,Telangana,40,Khammam,541,Karepalli,,17.2094,80.3654,4,madhavaram
IN,India,India,507122,Karepalli,Telangana,40,Khammam,541,Karepalli,,17.4833,80.2333,4,karepalli
IN,India,India,507122,Komatlagudem,Telangana,40,Khammam,541,Karepalli,,17.2094,80.3654,4,komatlagudem
IN,India,India,507122,Kamepalli,Telangana,40,Khammam,541,Karepalli,,17.4501,80.2838,4,kamepalli
IN,India,India,507122,Singareni,Telangana,40,Khammam,541,Karepalli,,17.5,80.2667,4,singareni
IN,India,India,507122,Viswanathapalli,Telangana,40,Khammam,541,Karepalli,,17.2094,80.3654,3,viswanathapalli
IN,India,India,507123,Yellandu,Telangana,40,Khammam,541,Yellandu,,17.2094,80.3654,4,yellandu
IN,India,India,507123,Tekulapalli,Telangana,40,Khammam,541,Yellandu,,17.2094,80.3654,4,tekulapalli
IN,India,India,507123,Seetharampuram,Telangana,40,Khammam,541,Yelladu,,17.2094,80.3654,3,seetharampuram
IN,India,India,507123,Bethampudi,Telangana,40,Khammam,541,Yellandu,,17.2094,80.3654,3,bethampudi
IN,India,India,507123,B N Thanda,Telangana,40,Khammam,541,Yellandu,,17.2094,80.3654,3,b-n-thanda
IN,India,India,507123,Gundala,Telangana,40,Khammam,541,Yellandu,,17.2094,80.3654,4,gundala
IN,India,India,507123,Kachanapalli,Telangana,40,Khammam,541,Kothagudem,,17.2094,80.3654,4,kachanapalli
IN,India,India,507123,Sudimalla,Telangana,40,Khammam,541,Yellandu,,17.2094,80.3654,3,sudimalla
IN,India,India,507123,Usirikayalapalli,Telangana,40,Khammam,541,Yellandu,,17.2094,80.3654,3,usirikayalapalli
IN,India,India,507123,Muthapuram,Telangana,40,Khammam,541,Kothagudem,,17.2094,80.3654,3,muthapuram
IN,India,India,507123,Ragaboinagudem,Telangana,40,Khammam,541,Yelladu,,17.2094,80.3654,3,ragaboinagudem
IN,India,India,507123,Sulanagar,Telangana,40,Khammam,541,Yellandu,,17.2094,80.3654,3,sulanagar
IN,India,India,507123,Sayanapalli,Telangana,40,Khammam,541,Yellandu,,17.2094,80.3654,3,sayanapalli
IN,India,India,507123,Badduthanda,Telangana,40,Khammam,541,Yellandu,,17.2094,80.3654,3,badduthanda
IN,India,India,507123,Pegallapadu,Telangana,40,Khammam,541,Yellandu,,16.8367,80.4513,4,pegallapadu
IN,India,India,507123,Lingagudem,Telangana,40,Khammam,541,Yellandu,,17.2512,80.6656,4,lingagudem
IN,India,India,507123,Koyagudem,Telangana,40,Khammam,541,Yellandu,,17.2299,80.5454,4,koyagudem
IN,India,India,507124,Allapalli,Telangana,40,Khammam,541,Kothagudem,,17.2094,80.3654,4,allapalli
IN,India,India,507124,Yellandu Colls,Telangana,40,Khammam,541,Yellandu,,17.2094,80.3654,3,yellandu-colls
IN,India,India,507124,Anisettipalli,Telangana,40,Khammam,541,Aswapuram,,17.2094,80.3654,3,anisettipalli
IN,India,India,507124,Sampathnagar,Telangana,40,Khammam,541,Kothagudem,,17.2094,80.3654,3,sampathnagar
IN,India,India,507124,Rompaid,Telangana,40,Khammam,541,Yellandu Colls,,17.2094,80.3654,3,rompaid
IN,India,India,507124,Lachagudem,Telangana,40,Khammam,541,Kothagudem,,17.2094,80.3654,3,lachagudem
IN,India,India,507124,Bodu,Telangana,40,Khammam,541,Kothagudem,,17.2094,80.3654,3,bodu
IN,India,India,507124,Settipalli,Telangana,40,Khammam,541,Yellandu Colls,,17.2094,80.3654,3,settipalli
IN,India,India,507124,Komararam,Telangana,40,Khammam,541,Yellandu Colls,,17.2094,80.3654,3,komararam
IN,India,India,507124,Markodu,Telangana,40,Khammam,541,Kothagudem,,17.2094,80.3654,4,markodu
IN,India,India,507124,Manikyaram,Telangana,40,Khammam,541,Yellandu Colls,,17.2094,80.3654,3,manikyaram
IN,India,India,507124,Ananthogu,Telangana,40,Khammam,541,Kothagudem,,17.2094,80.3654,3,ananthogu
IN,India,India,507125,P.V.Township,Telangana,40,Khammam,541,Manuguru,,17.5559,80.4033,1,p-v-township
IN,India,India,507128,Mothipattinagar,Telangana,40,Khammam,541,Bhadrachalam,,17.2094,80.3654,3,mothipattinagar
IN,India,India,507128,Nellipaka,Telangana,40,Khammam,541,Bhadrachalam,,17.2094,80.3654,4,nellipaka
IN,India,India,507128,Sarapaka,Telangana,40,Khammam,541,Sarapaka,,17.2094,80.3654,4,sarapaka
IN,India,India,507133,Subbampeta,Telangana,40,Khammam,541,Charla,,17.2094,80.3654,4,subbampeta
IN,India,India,507133,Charla,Telangana,40,Khammam,541,Charla,,17.2094,80.3654,3,charla
IN,India,India,507133,Edira,Telangana,40,Khammam,541,Charla,,17.2094,80.3654,4,edira
IN,India,India,507133,Mogallapalli,Telangana,40,Khammam,541,Charla,,17.2094,80.3654,3,mogallapalli
IN,India,India,507133,Upparigudem,Telangana,40,Khammam,541,Charla,,17.2094,80.3654,4,upparigudem
IN,India,India,507133,Suraveedu,Telangana,40,Khammam,541,Charla,,17.2094,80.3654,3,suraveedu
IN,India,India,507133,Ramachandrapuram,Telangana,40,Khammam,541,Charla,,17.2094,80.3654,4,ramachandrapuram
IN,India,India,507133,Alubaka,Telangana,40,Khammam,541,Charla,,17.2094,80.3654,3,alubaka
IN,India,India,507133,Lingapuram,Telangana,40,Khammam,541,Charla,,17.2094,80.3654,4,lingapuram
IN,India,India,507136,Kongala,Telangana,40,Khammam,541,Venkatapuram,,17.2094,80.3654,4,kongala
IN,India,India,507136,Chandrupatla,Telangana,40,Khammam,541,Venkatapuram,,17.1697,80.5538,4,chandrupatla
IN,India,India,507136,Krishnapuram,Telangana,40,Khammam,541,Venkatapuram,,17.1545,80.8643,4,krishnapuram
IN,India,India,507136,Patrapuram,Telangana,40,Khammam,541,Charla,,17.2094,80.3654,4,patrapuram
IN,India,India,507136,Dharmavaram,Telangana,40,Khammam,541,Venkatapuram,,17.2094,80.3654,4,dharmavaram
IN,India,India,507136,Marikala,Telangana,40,Khammam,541,Venkatapuram,,17.2094,80.3654,4,marikala
IN,India,India,507136,Veerabhadravaram,Telangana,40,Khammam,541,Charal,,17.2094,80.3654,3,veerabhadravaram
IN,India,India,507136,Gummadidoddi,Telangana,40,Khammam,541,Venkatapuram,,17.2094,80.3654,4,gummadidoddi
IN,India,India,507136,Chintoor,Telangana,40,Khammam,541,Venkatapuram,,17.2094,80.3654,3,chintoor
IN,India,India,507136,Wazeedu Nagaram,Telangana,40,Khammam,541,Venkatapuram,,17.2094,80.3654,3,wazeedu-nagaram
IN,India,India,507136,Pragallapalli,Telangana,40,Khammam,541,Venkatapuram,,17.2094,80.3654,3,pragallapalli
IN,India,India,507136,Murumuru,Telangana,40,Khammam,541,Venkatapuram,,17.2094,80.3654,3,murumuru
IN,India,India,507136,Peruru,Telangana,40,Khammam,541,Vennkatapuram,,17.2094,80.3654,3,peruru
IN,India,India,507136,Venkatapuram,Telangana,40,Khammam,541,Venkatapuram,,17.2094,80.3654,4,venkatapuram
IN,India,India,507136,Edicharlapalli,Telangana,40,Khammam,541,Venkatapuram,,17.2094,80.3654,3,edicharlapalli
IN,India,India,507136,Cherukuru,Telangana,40,Khammam,541,Venkatapuram,,17.2094,80.3654,3,cherukuru
IN,India,India,507137,Kothapalli,Telangana,40,Khammam,541,Dummagudem,,17.2094,80.3654,4,kothapalli
IN,India,India,507137,Seetharampuram,Telangana,40,Khammam,541,Bhadrachalam,,17.2094,80.3654,3,seetharampuram
IN,India,India,507137,Singavaram,Telangana,40,Khammam,541,Bhadrachalam,,17.2094,80.3654,4,singavaram
IN,India,India,507137,Peddakamalapuram,Telangana,40,Khammam,541,Dummagudem,,17.2094,80.3654,3,peddakamalapuram
IN,India,India,507137,Narasapuram,Telangana,40,Khammam,541,Bhadrachalam,,17.2094,80.3654,4,narasapuram
IN,India,India,507137,Dabbanuthala,Telangana,40,Khammam,541,Dummagudem,,17.2094,80.3654,3,dabbanuthala
IN,India,India,507137,Chinabandirevu,Telangana,40,Khammam,541,Dummagudem,,17.2094,80.3654,3,chinabandirevu
IN,India,India,507137,Cherupally,Telangana,40,Khammam,541,Dummagudem,,17.2094,80.3654,3,cherupally
IN,India,India,507137,Sunnambatti,Telangana,40,Khammam,541,Dummagudem,,17.2094,80.3654,4,sunnambatti
IN,India,India,507137,Anjubaka,Telangana,40,Khammam,541,Dummagudem,,17.2094,80.3654,3,anjubaka
IN,India,India,507137,Parnasala,Telangana,40,Khammam,541,Dummagudem,,17.2094,80.3654,4,parnasala
IN,India,India,507137,Pydigudem,Telangana,40,Khammam,541,Dummagudem,,17.2094,80.3654,3,pydigudem
IN,India,India,507137,Arlagudem,Telangana,40,Khammam,541,Dummagudem,,17.2094,80.3654,4,arlagudem
IN,India,India,507137,Laxminagaram,Telangana,40,Khammam,541,Dummagudem,,17.2094,80.3654,3,laxminagaram
IN,India,India,507137,Gangolu,Telangana,40,Khammam,541,Dummagudem,,17.2094,80.3654,4,gangolu
IN,India,India,507137,Turubaka,Telangana,40,Khammam,541,Bhadrachalam,,17.2094,80.3654,4,turubaka
IN,India,India,507137,Nallaballi,Telangana,40,Khammam,541,Dummagudem,,17.2094,80.3654,4,nallaballi
IN,India,India,507137,Dummagudem,Telangana,40,Khammam,541,Dummagudem,,17.2094,80.3654,4,dummagudem
IN,India,India,507138,Gouthampur,Telangana,40,Khammam,541,Gouthampur,,17.2094,80.3654,1,gouthampur
IN,India,India,507140,Gommugudem,Telangana,40,Khammam,541,Snpuram,,17.2094,80.3654,4,gommugudem
IN,India,India,507140,Kurnapalli,Telangana,40,Khammam,541,S.n.puram,,17.2094,80.3654,3,kurnapalli
IN,India,India,507140,Devarapalli,Telangana,40,Khammam,541,Satyanarayanapuram,,17.2094,80.3654,3,devarapalli
IN,India,India,507140,Kalliveru,Telangana,40,Khammam,541,Satyanarayanapuram,,17.2094,80.3654,3,kalliveru
IN,India,India,507140,Pedamatasileru,Telangana,40,Khammam,541,Snpuram,,17.2094,80.3654,3,pedamatasileru
IN,India,India,507140,Peddipalli,Telangana,40,Khammam,541,Satyanarayanapuram,,17.2094,80.3654,3,peddipalli
IN,India,India,507140,Tegada,Telangana,40,Khammam,541,S.n.puram,,17.2094,80.3654,4,tegada
IN,India,India,507140,Mamidigudem,Telangana,40,Khammam,541,S.n.puram,,17.2094,80.3654,4,mamidigudem
IN,India,India,507140,S.N.Puram,Telangana,40,Khammam,541,Satyanarayanapuram,,17.2094,80.3654,3,s-n-puram
IN,India,India,507140,Raithwari Kothagudem,Telangana,40,Khammam,541,Snpuram,,17.2094,80.3654,3,raithwari-kothagudem
IN,India,India,507140,Kudunuru,Telangana,40,Khammam,541,Satyanarayanapuram,,17.2094,80.3654,4,kudunuru
IN,India,India,507154,Siil Campus,Telangana,40,Khammam,541,Palwancha,,17.2094,80.3654,1,siil-campus
IN,India,India,507157,Nayakangudem,Telangana,40,Khammam,541,Palair,,17.0997,80.6855,4,nayakangudem
IN,India,India,507157,Rajupeta,Telangana,40,Khammam,541,Palair,,17.2094,80.3654,4,rajupeta
IN,India,India,507157,Jujjularaopet,Telangana,40,Khammam,541,Palair,,17.3716,80.8793,3,jujjularaopet
IN,India,India,507157,Bhagyavathaveedu,Telangana,40,Khammam,541,Palair,,17.3716,80.8793,3,bhagyavathaveedu
IN,India,India,507157,Eswaramadharam,Telangana,40,Khammam,541,Palair,,17.3716,80.8793,3,eswaramadharam
IN,India,India,507157,Palair,Telangana,40,Khammam,541,Palair,,17.3716,80.8793,3,palair
IN,India,India,507158,Vallapuram,Telangana,40,Khammam,541,Gokinepalli,,17.2094,80.3654,3,vallapuram
IN,India,India,507158,Chirumarri,Telangana,40,Khammam,541,Gokinepalli,,17.1397,80.1099,4,chirumarri
IN,India,India,507158,Venkatapuram,Telangana,40,Khammam,541,Gokinepalli,,17.154,80.5959,4,venkatapuram
IN,India,India,507158,Pammi,Telangana,40,Khammam,541,Gokinepalli,,17.2094,80.3654,3,pammi
IN,India,India,507158,Suvarnapuram,Telangana,40,Khammam,541,Gokinepalli,,17.2094,80.3654,3,suvarnapuram
IN,India,India,507158,Medepalli,Telangana,40,Khammam,541,Gokinepalli,,17.2094,80.3654,3,medepalli
IN,India,India,507158,Mallannapalem,Telangana,40,Khammam,541,Gokinepalli,,17.2094,80.3654,3,mallannapalem
IN,India,India,507158,Gokinepalli,Telangana,40,Khammam,541,Gokinepalli,,17.2094,80.3654,3,gokinepalli
IN,India,India,507158,Ammapeta,Telangana,40,Khammam,541,Gokinepalli,,17.2094,80.3654,3,ammapeta
IN,India,India,507158,Kamalapuram,Telangana,40,Khammam,541,Gokinepalli,,17.2094,80.3654,4,kamalapuram
IN,India,India,507158,Mudigonda,Telangana,40,Khammam,541,Gokinepalli,,17.183,80.0921,4,mudigonda
IN,India,India,507158,Kistapuram,Telangana,40,Khammam,541,Gokinepalli,,17.2094,80.3654,4,kistapuram
IN,India,India,507158,Gandhasiri,Telangana,40,Khammam,541,Gokinepalli,,17.2094,80.3654,3,gandhasiri
IN,India,India,507158,Guvvalagudem`,Telangana,40,Khammam,541,Gokinepalli,,17.2094,80.3654,3,guvvalagudem
IN,India,India,507159,Jakkepalli,Telangana,40,Khammam,541,Kusumanchi,,17.1324,79.9561,4,jakkepalli
IN,India,India,507159,Guravaigudem,Telangana,40,Khammam,541,Kusumanchi,,17.2094,80.3654,3,guravaigudem
IN,India,India,507159,Narasimhulagudem,Telangana,40,Khammam,541,Kusumanchi,,17.2094,80.3654,3,narasimhulagudem
IN,India,India,507159,Perikasingaram,Telangana,40,Khammam,541,Kusumanchi,,17.2094,80.3654,3,perikasingaram
IN,India,India,507159,Kusumanchi,Telangana,40,Khammam,541,Kusumanchi,,17.2094,80.3654,3,kusumanchi
IN,India,India,507159,Gattusingaram,Telangana,40,Khammam,541,Kusumanchi,,17.2094,80.3654,3,gattusingaram
IN,India,India,507159,Turakagudem,Telangana,40,Khammam,541,Kusumanchi,,17.2094,80.3654,3,turakagudem
IN,India,India,507159,Kothuru,Telangana,40,Khammam,541,Kusumanchi,,17.2094,80.3654,3,kothuru
IN,India,India,507159,Kistapuram,Telangana,40,Khammam,541,Kusumanchi,,17.2094,80.3654,4,kistapuram
IN,India,India,507159,Mutyalagudem,Telangana,40,Khammam,541,Kusumanchi,,17.2094,80.3654,3,mutyalagudem
IN,India,India,507159,Motapuram,Telangana,40,Khammam,541,Kusumanchi,,17.1609,79.9833,4,motapuram
IN,India,India,507159,Mallepalli,Telangana,40,Khammam,541,Kusumanchi,,17.1636,79.9719,4,mallepalli
IN,India,India,507160,Tirumalapuram,Telangana,40,Khammam,541,Nkpally,,17.2094,80.3654,4,tirumalapuram
IN,India,India,507160,Bodulabanda,Telangana,40,Khammam,541,Nkpally,,17.3614,79.9689,3,bodulabanda
IN,India,India,507160,Rajeswarapuram,Telangana,40,Khammam,541,Nkpally,,17.3614,79.9689,3,rajeswarapuram
IN,India,India,507160,Pynampalli,Telangana,40,Khammam,541,Nkpally,,17.3614,79.9689,3,pynampalli
IN,India,India,507160,Nelakondapalli,Telangana,40,Khammam,541,Nkpalli,,17.3614,79.9689,3,nelakondapalli
IN,India,India,507160,Nachepalli,Telangana,40,Khammam,541,Nkpally,,17.3614,79.9689,3,nachepalli
IN,India,India,507160,Mujjugudem,Telangana,40,Khammam,541,Nkpally,,17.3614,79.9689,3,mujjugudem
IN,India,India,507160,Mandrajupalli,Telangana,40,Khammam,541,Nkpally,,17.3614,79.9689,3,mandrajupalli
IN,India,India,507160,Koratlagudem,Telangana,40,Khammam,541,Nkpally,,17.3614,79.9689,3,koratlagudem
IN,India,India,507160,Bhairavunipalli,Telangana,40,Khammam,541,Nkpally,,17.3614,79.9689,3,bhairavunipalli
IN,India,India,507160,Surdepalli,Telangana,40,Khammam,541,Nkpally,,17.0922,79.9934,4,surdepalli
IN,India,India,507160,Anasagaram,Telangana,40,Khammam,541,Nkpally,,17.3614,79.9689,3,anasagaram
IN,India,India,507160,Acharlagudem,Telangana,40,Khammam,541,Nkpally,,17.2094,80.3654,4,acharlagudem
IN,India,India,507160,Ammagudem,Telangana,40,Khammam,541,Nkpally,,17.2094,80.3654,4,ammagudem
IN,India,India,507160,Chennaram,Telangana,40,Khammam,541,Nkpally,,17.2094,80.3654,4,chennaram
IN,India,India,507160,Ramachandrapuram,Telangana,40,Khammam,541,Nkpally,,17.2094,80.3654,4,ramachandrapuram
IN,India,India,507160,Aregudem,Telangana,40,Khammam,541,Nkpally,,17.2094,80.3654,4,aregudem
IN,India,India,507160,Singareddipalem,Telangana,40,Khammam,541,Nkpally,,17.2094,80.3654,4,singareddipalem
IN,India,India,507161,Kakaravai,Telangana,40,Khammam,541,Subled,,17.2094,80.3654,3,kakaravai
IN,India,India,507161,Gaigollapalli,Telangana,40,Khammam,541,Subled,,17.2094,80.3654,3,gaigollapalli
IN,India,India,507161,Mahammadapuram,Telangana,40,Khammam,541,Subled,,17.2094,80.3654,3,mahammadapuram
IN,India,India,507161,Beerole,Telangana,40,Khammam,541,Subled,,17.2094,80.3654,3,beerole
IN,India,India,507161,Medidepalli,Telangana,40,Khammam,541,Subled,,17.2094,80.3654,3,medidepalli
IN,India,India,507161,Chowtapalli,Telangana,40,Khammam,541,Subled,,17.2094,80.3654,3,chowtapalli
IN,India,India,507161,Raghunadhapalem,Telangana,40,Khammam,541,Subled,,17.2094,80.3654,3,raghunadhapalem
IN,India,India,507161,Hasnabad,Telangana,40,Khammam,541,Subled,,17.2094,80.3654,4,hasnabad
IN,India,India,507161,Subled,Telangana,40,Khammam,541,Subled,,17.2094,80.3654,3,subled
IN,India,India,507161,Pynampalli,Telangana,40,Khammam,541,Subled,,17.2094,80.3654,3,pynampalli
IN,India,India,507161,Jupeda,Telangana,40,Khammam,541,Subled,,17.2983,79.8646,4,jupeda
IN,India,India,507161,Bachodu,Telangana,40,Khammam,541,Subled,,17.2094,80.3654,3,bachodu
IN,India,India,507163,Gopalapuram,Telangana,40,Khammam,541,T.palem,,17.2094,80.3654,4,gopalapuram
IN,India,India,507163,Kokkireni,Telangana,40,Khammam,541,T.palem,,17.2094,80.3654,4,kokkireni
IN,India,India,507163,Pocharam,Telangana,40,Khammam,541,T.palem,,17.2094,80.3654,4,pocharam
IN,India,India,507163,Tirumalayapalem,Telangana,40,Khammam,541,T.palem,,17.3097,80.0356,4,tirumalayapalem
IN,India,India,507163,Muthagudem,Telangana,40,Khammam,541,T.palem,,17.3284,79.8633,3,muthagudem
IN,India,India,507163,Arekodu,Telangana,40,Khammam,541,T. Palem,,17.3284,79.8633,3,arekodu
IN,India,India,507163,Edulapuram,Telangana,40,Khammam,541,T.palem,,17.3284,79.8633,3,edulapuram
IN,India,India,507163,Arempula,Telangana,40,Khammam,541,T.palem,,17.3284,79.8633,3,arempula
IN,India,India,507163,Tallacheruvu,Telangana,40,Khammam,541,T.palem,,17.2886,79.9703,4,tallacheruvu
IN,India,India,507164,Racharla,Telangana,40,Khammam,541,Vemsur,,17.2285,80.013,3,racharla
IN,India,India,507164,Kandukur,Telangana,40,Khammam,541,Vemsur,,17.2094,80.3654,4,kandukur
IN,India,India,507164,Venkatapuram,Telangana,40,Khammam,541,Vemsur,,17.154,80.5959,4,venkatapuram
IN,India,India,507164,Kallorgudem,Telangana,40,Khammam,541,Vemsur,,17.2285,80.013,3,kallorgudem
IN,India,India,507164,Arasarlapadu,Telangana,40,Khammam,541,Vemsur,,17.2285,80.013,3,arasarlapadu
IN,India,India,507164,Kunchaparthi,Telangana,40,Khammam,541,Vemsur,,17.2285,80.013,3,kunchaparthi
IN,India,India,507164,Marlapadu,Telangana,40,Khammam,541,Vemsur,,16.9319,80.4567,4,marlapadu
IN,India,India,507164,Vemsur,Telangana,40,Khammam,541,Vemsur,,17.2285,80.013,3,vemsur
IN,India,India,507165,Pallipadu,Telangana,40,Khammam,541,Wyra,,17.2094,80.3654,4,pallipadu
IN,India,India,507165,Gollapudi,Telangana,40,Khammam,541,Wyra,,17.2094,80.3654,3,gollapudi
IN,India,India,507165,Punyapur,Telangana,40,Khammam,541,Wyra,,17.2094,80.3654,3,punyapur
IN,India,India,507165,Snanala Laxmipuram,Telangana,40,Khammam,541,Wyra,,17.2094,80.3654,3,snanala-laxmipuram
IN,India,India,507165,Kondakodima,Telangana,40,Khammam,541,Wyra,,17.2094,80.3654,3,kondakodima
IN,India,India,507165,Garikapadu,Telangana,40,Khammam,541,Wyra,,17.2094,80.3654,3,garikapadu
IN,India,India,507165,Rebbavaram,Telangana,40,Khammam,541,Wyra,,17.2094,80.3654,3,rebbavaram
IN,India,India,507165,Salebanjara,Telangana,40,Khammam,541,Wyra,,17.2094,80.3654,3,salebanjara
IN,India,India,507165,Singarayapalem,Telangana,40,Khammam,541,Wyra,,17.2094,80.3654,3,singarayapalem
IN,India,India,507165,Siripuram Kanigiri,Telangana,40,Khammam,541,Wyra,,17.2094,80.3654,3,siripuram-kanigiri
IN,India,India,507165,Somavaram,Telangana,40,Khammam,541,Wyra,,17.2094,80.3654,3,somavaram
IN,India,India,507165,Tatipudi,Telangana,40,Khammam,541,Wyra,,17.2094,80.3654,3,tatipudi
IN,India,India,507165,Vippalamadaka,Telangana,40,Khammam,541,Wyra,,17.2094,80.3654,3,vippalamadaka
IN,India,India,507165,Pinapaka,Telangana,40,Khammam,541,Wyra,,17.2094,80.3654,3,pinapaka
IN,India,India,507165,Gubbagurthi,Telangana,40,Khammam,541,Wyra,,17.2094,80.3654,3,gubbagurthi
IN,India,India,507165,Narapunenipalli,Telangana,40,Khammam,541,Wyra,,17.2094,80.3654,3,narapunenipalli
IN,India,India,507165,Khanapuram,Telangana,40,Khammam,541,Wyra,,17.2094,80.3654,4,khanapuram
IN,India,India,507165,Lalapuram,Telangana,40,Khammam,541,Wyra,,17.2094,80.3654,3,lalapuram
IN,India,India,507165,Lingannapalem,Telangana,40,Khammam,541,Wyra,,17.2094,80.3654,3,lingannapalem
IN,India,India,507165,Dachapuram,Telangana,40,Khammam,541,Wyra,,17.2094,80.3654,3,dachapuram
IN,India,India,507165,Wyra,Telangana,40,Khammam,541,Wyra,,17.1914,80.3562,4,wyra
IN,India,India,507165,Musalimadugu,Telangana,40,Khammam,541,Wyra,,17.2094,80.3654,4,musalimadugu
IN,India,India,507165,Gannavaram,Telangana,40,Khammam,541,Wyra,,17.2094,80.3654,4,gannavaram
IN,India,India,507166,Gundepudi,Telangana,40,Khammam,541,Julurupadu,,17.2094,80.3654,3,gundepudi
IN,India,India,507166,Maddukur,Telangana,40,Khammam,541,Julurupadu,,17.2094,80.3654,3,maddukur
IN,India,India,507166,Chnadrugonda,Telangana,40,Khammam,541,Julurupadu,,17.2094,80.3654,3,chnadrugonda
IN,India,India,507166,Damarcharla,Telangana,40,Khammam,541,Julurupadu,,17.2094,80.3654,3,damarcharla
IN,India,India,507166,Papakole,Telangana,40,Khammam,541,Julurupad,,17.2094,80.3654,3,papakole
IN,India,India,507166,P.N.Puram,Telangana,40,Khammam,541,Julurupadu,,17.2094,80.3654,3,p-n-puram
IN,India,India,507166,Pokalagudem,Telangana,40,Khammam,541,Julurupad,,17.2094,80.3654,3,pokalagudem
IN,India,India,507166,Kakarla,Telangana,40,Khammam,541,Julurupadu,,17.2094,80.3654,3,kakarla
IN,India,India,507166,Ravikampadu,Telangana,40,Khammam,541,Julurupad,,17.2094,80.3654,3,ravikampadu
IN,India,India,507166,Julurpahad,Telangana,40,Khammam,541,Julurpahad,,17.2094,80.3654,3,julurpahad
IN,India,India,507166,Anantaram,Telangana,40,Khammam,541,Julurpahad,,17.2094,80.3654,4,anantaram
IN,India,India,507166,Gurraigudem,Telangana,40,Khammam,541,Julurpahad,,17.2094,80.3654,3,gurraigudem
IN,India,India,507167,Mallaram,Telangana,40,Khammam,541,Tallada,,17.2094,80.3654,4,mallaram
IN,India,India,507167,Kesavapuram,Telangana,40,Khammam,541,Tallada,,17.2094,80.3654,4,kesavapuram
IN,India,India,507167,Mittapalli,Telangana,40,Khammam,541,Tallada,,17.2094,80.3654,4,mittapalli
IN,India,India,507167,Kurnavalli,Telangana,40,Khammam,541,Tallada,,17.2094,80.3654,3,kurnavalli
IN,India,India,507167,Billupahad,Telangana,40,Khammam,541,Tallada,,17.2094,80.3654,3,billupahad
IN,India,India,507167,Kalakodima,Telangana,40,Khammam,541,Tallada,,17.2094,80.3654,3,kalakodima
IN,India,India,507167,Noothankal,Telangana,40,Khammam,541,Tallada,,17.2094,80.3654,3,noothankal
IN,India,India,507167,Muddunuru,Telangana,40,Khammam,541,Tallada,,17.2094,80.3654,3,muddunuru
IN,India,India,507167,Annaruguda,Telangana,40,Khammam,541,Tallada,,17.2094,80.3654,3,annaruguda
IN,India,India,507167,Tallada,Telangana,40,Khammam,541,Tallada,,17.2132,80.4248,4,tallada
IN,India,India,507168,Enkoor,Telangana,40,Khammam,541,Enkoor,,17.3301,80.44,4,enkoor
IN,India,India,507168,Buradaraghavapuram,Telangana,40,Khammam,541,Enkoor,,17.2835,80.6585,3,buradaraghavapuram
IN,India,India,507168,Jannaram,Telangana,40,Khammam,541,Enkoor,,17.2835,80.6585,3,jannaram
IN,India,India,507168,Arikayalapadu,Telangana,40,Khammam,541,Enkoor,,17.2835,80.6585,3,arikayalapadu
IN,India,India,507168,Lachaguda,Telangana,40,Khammam,541,Enkoor,,17.2835,80.6585,3,lachaguda
IN,India,India,507168,Rayamadharam,Telangana,40,Khammam,541,Enkoor,,17.2835,80.6585,3,rayamadharam
IN,India,India,507168,Thootakalingannapeta,Telangana,40,Khammam,541,Enkoor,,17.2835,80.6585,3,thootakalingannapeta
IN,India,India,507168,Timmaraopeta,Telangana,40,Khammam,541,Enkoor,,17.2835,80.6585,3,timmaraopeta
IN,India,India,507168,Uppalachalaka,Telangana,40,Khammam,541,Enkoor,,17.2835,80.6585,3,uppalachalaka
IN,India,India,507168,Nacharam,Telangana,40,Khammam,541,Enkoor,,17.2368,80.8769,4,nacharam
IN,India,India,507169,Pedamandava,Telangana,40,Khammam,541,Cheruvumadhram,,17.2094,80.3654,3,pedamandava
IN,India,India,507169,Buddaram,Telangana,40,Khammam,541,Ch.madharam,,17.2094,80.3654,3,buddaram
IN,India,India,507169,Kongara,Telangana,40,Khammam,541,Ch.madharam,,17.2094,80.3654,4,kongara
IN,India,India,507169,Mangapuram,Telangana,40,Khammam,541,Ch.madharam,,17.2094,80.3654,4,mangapuram
IN,India,India,507169,Rayagudem,Telangana,40,Khammam,541,Ch.madharam,,17.2094,80.3654,3,rayagudem
IN,India,India,507169,Kattukacharam,Telangana,40,Khammam,541,Ch.madharam,,17.2094,80.3654,3,kattukacharam
IN,India,India,507169,Cheruvumadharam,Telangana,40,Khammam,541,Ch.madharam,,17.2094,80.3654,3,cheruvumadharam
IN,India,India,507169,Banapuram,Telangana,40,Khammam,541,Ch.madharam,,17.0586,80.1255,4,banapuram
IN,India,India,507169,Vallabhi,Telangana,40,Khammam,541,Cheruvumadharam,,17.2094,80.3654,3,vallabhi
IN,India,India,507169,Mallaram,Telangana,40,Khammam,541,Cheruvumadhram,,17.2094,80.3654,4,mallaram
IN,India,India,507169,Appalanarasimhapuram,Telangana,40,Khammam,541,Ch.madharam,,17.2094,80.3654,3,appalanarasimhapuram
IN,India,India,507170,Edavalli,Telangana,40,Khammam,541,Tallampahad,,17.2094,80.3654,4,edavalli
IN,India,India,507170,Ponnekal,Telangana,40,Khammam,541,Tallampahad,,17.2094,80.3654,3,ponnekal
IN,India,India,507170,Jeelacheruvu,Telangana,40,Khammam,541,Tallampahad,,17.2094,80.3654,3,jeelacheruvu
IN,India,India,507170,Teldarupalli,Telangana,40,Khammam,541,Tallampahad,,17.2094,80.3654,3,teldarupalli
IN,India,India,507170,Lokya Thanda,Telangana,40,Khammam,541,Tallampahad,,17.2094,80.3654,3,lokya-thanda
IN,India,India,507170,Kattakuru,Telangana,40,Khammam,541,Tallampahad,,17.2094,80.3654,3,kattakuru
IN,India,India,507170,Kesavapuram,Telangana,40,Khammam,541,Kusumanchi,,17.2094,80.3654,4,kesavapuram
IN,India,India,507170,Nelapatla,Telangana,40,Khammam,541,Tallampahad,,17.2094,80.3654,3,nelapatla
IN,India,India,507170,Kondapuram,Telangana,40,Khammam,541,Tallampahad,,17.2094,80.3654,4,kondapuram
IN,India,India,507170,Madhapuram,Telangana,40,Khammam,541,Tallampahad,,17.2094,80.3654,4,madhapuram
IN,India,India,507170,Munigepalli,Telangana,40,Khammam,541,Tallampahad,,17.2094,80.3654,4,munigepalli
IN,India,India,507170,Maddulapalli,Telangana,40,Khammam,541,Tallampahad,,17.2094,80.3654,4,maddulapalli
IN,India,India,507170,Chegomma,Telangana,40,Khammam,541,Tallampahad,,17.2094,80.3654,3,chegomma
IN,India,India,507170,Tallampahad,Telangana,40,Khammam,541,Tallampahad,,17.2094,80.3654,3,tallampahad
IN,India,India,507182,Mucherla,Telangana,40,Khammam,541,Komminepalli,,17.2094,80.3654,4,mucherla
IN,India,India,507182,Budidampahad,Telangana,40,Khammam,541,Aswapuram,,17.2094,80.3654,3,budidampahad
IN,India,India,507182,Maddulapalli,Telangana,40,Khammam,541,Komminepalli,,17.2094,80.3654,4,maddulapalli
IN,India,India,507182,Ramkyathanda,Telangana,40,Khammam,541,Komminepalli,,17.2094,80.3654,3,ramkyathanda
IN,India,India,507182,Manchigonda,Telangana,40,Khammam,541,Komminepalli,,17.2094,80.3654,3,manchigonda
IN,India,India,507182,Kotapadu,Telangana,40,Khammam,541,Komminepalli,,17.2094,80.3654,3,kotapadu
IN,India,India,507182,Komminepalli,Telangana,40,Khammam,541,Komminepalli,,17.2094,80.3654,3,komminepalli
IN,India,India,507182,Keptainbanjar,Telangana,40,Khammam,541,Komminepalli,,17.2094,80.3654,3,keptainbanjar
IN,India,India,507182,Basithnagar,Telangana,40,Khammam,541,Komminepalli,,17.2094,80.3654,3,basithnagar
IN,India,India,507182,Irlapudi,Telangana,40,Khammam,541,Komminepalli,,17.2094,80.3654,3,irlapudi
IN,India,India,507182,Govindarala,Telangana,40,Khammam,541,Komminepalli,,17.2094,80.3654,3,govindarala
IN,India,India,507182,Chimmapudi,Telangana,40,Khammam,541,Komminepalli,,17.2094,80.3654,3,chimmapudi
IN,India,India,507182,Kothalingala,Telangana,40,Khammam,541,Komminepalli,,17.2094,80.3654,3,kothalingala
IN,India,India,507183,Pindipolu,Telangana,40,Khammam,541,Pindipolu,,17.3737,79.9673,3,pindipolu
IN,India,India,507183,Jallepalli,Telangana,40,Khammam,541,Pindipole,,17.3737,79.9673,4,jallepalli
IN,India,India,507183,Dammaigudem,Telangana,40,Khammam,541,Pindipole,,17.3737,79.9673,3,dammaigudem
IN,India,India,507183,Chandruthanda,Telangana,40,Khammam,541,Pindipolu,,17.3737,79.9673,3,chandruthanda
IN,India,India,507183,Patharlapahad,Telangana,40,Khammam,541,Pindipole,,17.3737,79.9673,3,patharlapahad
IN,India,India,507183,Tippareddiguem,Telangana,40,Khammam,541,Pindipole,,17.3737,79.9673,3,tippareddiguem
IN,India,India,507183,Edullacheruvu,Telangana,40,Khammam,541,Pindipole,,17.3737,79.9673,3,edullacheruvu
IN,India,India,507183,Hydersaipeta,Telangana,40,Khammam,541,Pindipole,,17.3737,79.9673,3,hydersaipeta
IN,India,India,507183,Tetlapahad,Telangana,40,Khammam,541,Pindipole,,17.3737,79.9673,3,tetlapahad
IN,India,India,507201,Pegallapadu,Telangana,40,Khammam,541,Yerrupalem,,16.8367,80.4513,4,pegallapadu
IN,India,India,507201,Jamalapuram,Telangana,40,Khammam,541,Yerrupalem,,17.2094,80.3654,3,jamalapuram
IN,India,India,507201,Gatlagowraram,Telangana,40,Khammam,541,Khammam,,17.2094,80.3654,3,gatlagowraram
IN,India,India,507201,Enagali,Telangana,40,Khammam,541,Yerrupalem,,17.2094,80.3654,3,enagali
IN,India,India,507201,Rajulapalem,Telangana,40,Khammam,541,Khammam,,17.2094,80.3654,3,rajulapalem
IN,India,India,507201,Sakinaveedu,Telangana,40,Khammam,541,Yerrupalem,,17.2094,80.3654,3,sakinaveedu
IN,India,India,507201,Siddinenigudem,Telangana,40,Khammam,541,Yerrupalem,,17.2094,80.3654,3,siddinenigudem
IN,India,India,507201,Kothapalem,Telangana,40,Khammam,541,Yerrupalem,,17.2094,80.3654,3,kothapalem
IN,India,India,507201,Yerrupalem,Telangana,40,Khammam,541,Khammam,,17.2094,80.3654,3,yerrupalem
IN,India,India,507201,Tondalagopavaram,Telangana,40,Khammam,541,Yerrupalem,,17.2094,80.3654,3,tondalagopavaram
IN,India,India,507201,Meenavolu,Telangana,40,Khammam,541,Yerrupalem,,17.2094,80.3654,3,meenavolu
IN,India,India,507201,Ramannapalem,Telangana,40,Khammam,541,Yerrupalem,,17.1252,80.6777,4,ramannapalem
IN,India,India,507201,Venkatapuram,Telangana,40,Khammam,541,Yerrupalem,,17.154,80.5959,4,venkatapuram
IN,India,India,507201,Remidicherla,Telangana,40,Khammam,541,Yerrupalem,,16.8002,80.4977,4,remidicherla
IN,India,India,507201,Takkellapadu,Telangana,40,Khammam,541,Yerrupalem,,16.8814,80.4569,4,takkellapadu
IN,India,India,507202,Bhimavaram,Telangana,40,Khammam,541,Bnpahad,,17.2094,80.3654,4,bhimavaram
IN,India,India,507202,Kacharam,Telangana,40,Khammam,541,B.n.pahad,,17.2094,80.3654,4,kacharam
IN,India,India,507202,Buchireddipalem,Telangana,40,Khammam,541,B.n.pahad,,17.3276,80.5072,3,buchireddipalem
IN,India,India,507202,Banigandlapahad,Telangana,40,Khammam,541,B.n.pahad,,17.3276,80.5072,3,banigandlapahad
IN,India,India,507202,Guntupalli Gopavaram,Telangana,40,Khammam,541,Bnpahad,,17.3276,80.5072,3,guntupalli-gopavaram
IN,India,India,507202,Choppakatlapalem,Telangana,40,Khammam,541,Bnpahad,,17.3276,80.5072,3,choppakatlapalem
IN,India,India,507202,Mamnoor,Telangana,40,Khammam,541,Bnpahad,,17.3276,80.5072,3,mamnoor
IN,India,India,507202,Pedagopavaram,Telangana,40,Khammam,541,Bnpahad,,17.3276,80.5072,3,pedagopavaram
IN,India,India,507202,Ayyavarigudem,Telangana,40,Khammam,541,Bnpahad,,17.2094,80.3654,4,ayyavarigudem
IN,India,India,507203,Allinagaram,Telangana,40,Khammam,541,Aswapuram,,17.1032,80.2539,3,allinagaram
IN,India,India,507203,Ambarupeta,Telangana,40,Khammam,541,Madhira,,17.1032,80.2539,3,ambarupeta
IN,India,India,507203,Madupalli,Telangana,40,Khammam,541,Madhira,,17.2094,80.3654,4,madupalli
IN,India,India,507203,Rayapatnam,Telangana,40,Khammam,541,Madhira,,16.8933,80.3542,4,rayapatnam
IN,India,India,507203,Chilkuru,Telangana,40,Khammam,541,Madhira,,16.8365,80.3845,4,chilkuru
IN,India,India,507203,Atukuru,Telangana,40,Khammam,541,Madhira,,16.957,80.3792,4,atukuru
IN,India,India,507203,Nidanapuram,Telangana,40,Khammam,541,Madhira,,17.1032,80.2539,3,nidanapuram
IN,India,India,507203,Madhira Bazar,Telangana,40,Khammam,541,Madhira,,17.1032,80.2539,3,madhira-bazar
IN,India,India,507203,Khammampadu,Telangana,40,Khammam,541,Madhira,,17.1032,80.2539,3,khammampadu
IN,India,India,507203,Maturu,Telangana,40,Khammam,541,Madhira,,17.1032,80.2539,3,maturu
IN,India,India,507203,Vangaveedu,Telangana,40,Khammam,541,Madhira,,17.1032,80.2539,3,vangaveedu
IN,India,India,507203,Illuru,Telangana,40,Khammam,541,Madhira,,16.8668,80.3716,4,illuru
IN,India,India,507203,Desinenipalem,Telangana,40,Khammam,541,Aswapuram,,17.1032,80.2539,3,desinenipalem
IN,India,India,507203,Dendukuru,Telangana,40,Khammam,541,Madhira,,17.1032,80.2539,3,dendukuru
IN,India,India,507203,Madhira,Telangana,40,Khammam,541,Madhira,,16.9233,80.3631,4,madhira
IN,India,India,507203,Mahadevapuram,Telangana,40,Khammam,541,Madhira,,16.8762,80.3656,4,mahadevapuram
IN,India,India,507203,Jilugumadu,Telangana,40,Khammam,541,Madhira,,16.9358,80.3533,4,jilugumadu
IN,India,India,507204,Bommakal,Telangana,40,Khammam,541,Bommakal,,17.0197,80.2687,4,bommakal
IN,India,India,507204,Choppakatlapalem,Telangana,40,Khammam,541,Bonakal,,17.0194,80.3972,3,choppakatlapalem
IN,India,India,507204,Chinnabeeravalli,Telangana,40,Khammam,541,Bommakal,,17.0194,80.3972,3,chinnabeeravalli
IN,India,India,507204,Garalapadu,Telangana,40,Khammam,541,Bommakal,,17.0194,80.3972,3,garalapadu
IN,India,India,507204,Motamarri,Telangana,40,Khammam,541,Bonakal,,17.0194,80.3972,3,motamarri
IN,India,India,507204,Pedabeeravalli,Telangana,40,Khammam,541,Bonnakal,,17.0194,80.3972,3,pedabeeravalli
IN,India,India,507204,Mustikuntla,Telangana,40,Khammam,541,Bonakal,,17.0194,80.3972,3,mustikuntla
IN,India,India,507204,Ravinoothala,Telangana,40,Khammam,541,Bonnakal,,17.0194,80.3972,3,ravinoothala
IN,India,India,507204,Chirunomula,Telangana,40,Khammam,541,Bonakal,,17.0194,80.3972,3,chirunomula
IN,India,India,507204,Allapadu,Telangana,40,Khammam,541,Bonnakal,,16.9985,80.3083,4,allapadu
IN,India,India,507204,Rayanapeta,Telangana,40,Khammam,541,Bommakal,,16.9923,80.3291,4,rayanapeta
IN,India,India,507204,Lakshmipuram,Telangana,40,Khammam,541,Bommakal,,16.8972,80.4988,4,lakshmipuram
IN,India,India,507204,Narayanapuram,Telangana,40,Khammam,541,Bonakal,,17.1891,80.581,4,narayanapuram
IN,India,India,507208,Seethampeta,Telangana,40,Khammam,541,Chintakani,,17.2094,80.3654,3,seethampeta
IN,India,India,507208,Timminenipalem,Telangana,40,Khammam,541,Chintakani,,17.2094,80.3654,3,timminenipalem
IN,India,India,507208,Repallewada,Telangana,40,Khammam,541,Chintakani,,17.2094,80.3654,3,repallewada
IN,India,India,507208,Tootikuntla,Telangana,40,Khammam,541,Chintakani,,17.2094,80.3654,3,tootikuntla
IN,India,India,507208,Patharlapahad,Telangana,40,Khammam,541,Chintakani,,17.2094,80.3654,3,patharlapahad
IN,India,India,507208,Ramakrishnapuram,Telangana,40,Khammam,541,Chintakani,,17.2094,80.3654,4,ramakrishnapuram
IN,India,India,507208,Komatlagudem,Telangana,40,Khammam,541,Chintakani,,17.2094,80.3654,4,komatlagudem
IN,India,India,507208,Jagannadhapuram,Telangana,40,Khammam,541,Chintakani,,17.2094,80.3654,4,jagannadhapuram
IN,India,India,507208,Lachagudem,Telangana,40,Khammam,541,Chintakani,,17.2094,80.3654,3,lachagudem
IN,India,India,507208,Matkepalli Namavaram,Telangana,40,Khammam,541,Chintakani,,17.2094,80.3654,3,matkepalli-namavaram
IN,India,India,507208,Kodumuru,Telangana,40,Khammam,541,Chintakani,,17.2094,80.3654,3,kodumuru
IN,India,India,507208,Pandillapalli,Telangana,40,Khammam,541,Chintakani,,17.2094,80.3654,3,pandillapalli
IN,India,India,507208,Nagiligonda,Telangana,40,Khammam,541,Chintakani,,17.2094,80.3654,3,nagiligonda
IN,India,India,507208,Nagulavancha,Telangana,40,Khammam,541,Chintakani,,17.2094,80.3654,3,nagulavancha
IN,India,India,507208,Nereda,Telangana,40,Khammam,541,Chintakani,,17.2094,80.3654,3,nereda
IN,India,India,507208,Chintakani,Telangana,40,Khammam,541,Chintakani,,17.1257,80.2081,4,chintakani
IN,India,India,507208,Ananthasagar,Telangana,40,Khammam,541,Chintakani,,17.2094,80.3654,3,ananthasagar
IN,India,India,507208,Proddutur,Telangana,40,Khammam,541,Chintakani,,17.2094,80.3654,3,proddutur
IN,India,India,507208,Chinamandava,Telangana,40,Khammam,541,Chintakani,,17.2094,80.3654,3,chinamandava
IN,India,India,507209,Kallur (Khammam),Telangana,40,Khammam,541,Kallur,,17.2027,80.5458,4,kallur-khammam
IN,India,India,507209,Tekulapalli,Telangana,40,Khammam,541,Kallur,,17.2094,80.3654,4,tekulapalli
IN,India,India,507209,Peruvancha,Telangana,40,Khammam,541,Kallur,,17.1719,80.5839,4,peruvancha
IN,India,India,507209,Korlagudem,Telangana,40,Khammam,541,Kallur,,17.1832,80.5928,4,korlagudem
IN,India,India,507209,Pedakorukondi,Telangana,40,Khammam,541,Kallur,,17.3142,80.3635,3,pedakorukondi
IN,India,India,507209,Muthagudem,Telangana,40,Khammam,541,Kallur,,17.3142,80.3635,3,muthagudem
IN,India,India,507209,Mucharam,Telangana,40,Khammam,541,Kallur,,17.3142,80.3635,3,mucharam
IN,India,India,507209,Vennavalli,Telangana,40,Khammam,541,Kallur,,17.3142,80.3635,3,vennavalli
IN,India,India,507209,Bathulapalli,Telangana,40,Khammam,541,Kallur,,17.3142,80.3635,3,bathulapalli
IN,India,India,507209,Yerraboinapalli,Telangana,40,Khammam,541,Kallur,,17.3142,80.3635,3,yerraboinapalli
IN,India,India,507209,Chandrupatla,Telangana,40,Khammam,541,Kallur,,17.1697,80.5538,4,chandrupatla
IN,India,India,507209,Chinakorukondi,Telangana,40,Khammam,541,Kallur,,17.3142,80.3635,3,chinakorukondi
IN,India,India,507209,Tallapenta,Telangana,40,Khammam,541,Kallur,,17.3142,80.3635,3,tallapenta
IN,India,India,507209,Talluri Venkatapuram,Telangana,40,Khammam,541,Kallur,,17.3142,80.3635,3,talluri-venkatapuram
IN,India,India,507209,Telgaram,Telangana,40,Khammam,541,Kallur,,17.3142,80.3635,3,telgaram
IN,India,India,507209,Chennur,Telangana,40,Khammam,541,Kallur,,17.2094,80.3654,4,chennur
IN,India,India,507210,Seripuram,Telangana,40,Khammam,541,Garla,,17.2094,80.3654,3,seripuram
IN,India,India,507210,Garedipalli,Telangana,40,Khammam,541,Garla,,17.2094,80.3654,3,garedipalli
IN,India,India,507210,Ponnekal,Telangana,40,Khammam,541,Garla,,17.2094,80.3654,3,ponnekal
IN,India,India,507210,Pullur,Telangana,40,Khammam,541,Garla,,17.2094,80.3654,3,pullur
IN,India,India,507210,Kamalapuram,Telangana,40,Khammam,541,Garla,,17.2094,80.3654,4,kamalapuram
IN,India,India,507210,Budharam,Telangana,40,Khammam,541,Garla,,17.2094,80.3654,4,budharam
IN,India,India,507210,Gopalapuram,Telangana,40,Khammam,541,Garla,,17.2094,80.3654,4,gopalapuram
IN,India,India,507210,Rampuram,Telangana,40,Khammam,541,Garla,,17.2094,80.3654,4,rampuram
IN,India,India,507210,Mulkanoor,Telangana,40,Khammam,541,Garla,,17.2094,80.3654,3,mulkanoor
IN,India,India,507210,Seethampeta,Telangana,40,Khammam,541,Garla,,17.2094,80.3654,3,seethampeta
IN,India,India,507210,Dubbagudem,Telangana,40,Khammam,541,Garla,,17.2094,80.3654,4,dubbagudem
IN,India,India,507210,Garla,Telangana,40,Khammam,541,Garla,,17.2094,80.3654,4,garla
IN,India,India,507211,Kothapeta,Telangana,40,Khammam,541,Bayyaram,,17.2094,80.3654,4,kothapeta
IN,India,India,507211,Ramachandrapuram,Telangana,40,Khammam,541,Bayyaram,,17.2094,80.3654,4,ramachandrapuram
IN,India,India,507211,Balajipeta,Telangana,40,Khammam,541,Aswapuram,,17.2094,80.3654,3,balajipeta
IN,India,India,507211,Irusulapuram,Telangana,40,Khammam,541,Bayyaram,,17.2094,80.3654,3,irusulapuram
IN,India,India,507211,S.N.Puram,Telangana,40,Khammam,541,Bayyaram,,17.2094,80.3654,3,s-n-puram
IN,India,India,507211,V.R.Puram,Telangana,40,Khammam,541,Bayyaram,,17.2094,80.3654,3,v-r-puram
IN,India,India,507211,Kambalapally,Telangana,40,Khammam,541,Bayyaram,,17.2094,80.3654,3,kambalapally
IN,India,India,507211,Uppalapahad,Telangana,40,Khammam,541,Bayyaram,,17.2094,80.3654,3,uppalapahad
IN,India,India,507211,Bayyaram,Telangana,40,Khammam,541,Bayyaram,,17.2094,80.3654,4,bayyaram
IN,India,India,507211,Gowraram,Telangana,40,Khammam,541,Bayyaram,,17.2094,80.3654,4,gowraram
IN,India,India,507211,Kothagudem,Telangana,40,Khammam,541,Bayyaram,,17.2094,80.3654,4,kothagudem
IN,India,India,507211,Venkatapuram,Telangana,40,Khammam,541,Bayyaram,,17.154,80.5959,4,venkatapuram
IN,India,India,507301,Achutapuram,Telangana,40,Khammam,541,Aswaraopet,,17.2094,80.3654,4,achutapuram
IN,India,India,507301,Narayanapuram,Telangana,40,Khammam,541,Awaraopet,,17.1891,80.581,4,narayanapuram
IN,India,India,507301,Naramvarigudem,Telangana,40,Khammam,541,Aswaraopet,,17.2094,80.3654,3,naramvarigudem
IN,India,India,507301,Ootlapalli,Telangana,40,Khammam,541,Aswaraopet,,17.2094,80.3654,3,ootlapalli
IN,India,India,507301,Bachuvarigudem,Telangana,40,Khammam,541,Aswaraopet,,17.2094,80.3654,3,bachuvarigudem
IN,India,India,507301,Aswaraopet,Telangana,40,Khammam,541,Aswaraopet,,17.2094,80.3654,3,aswaraopet
IN,India,India,507301,Tirumalakunta,Telangana,40,Khammam,541,Aswaraopet,,17.2094,80.3654,3,tirumalakunta
IN,India,India,507301,Anantharam,Telangana,40,Khammam,541,Aswaraopet,,17.2094,80.3654,3,anantharam
IN,India,India,507301,Asupaka,Telangana,40,Khammam,541,Aswaraopeta,,17.2094,80.3654,3,asupaka
IN,India,India,507301,Vinayakapuram,Telangana,40,Khammam,541,Aswaraopet,,17.2094,80.3654,4,vinayakapuram
IN,India,India,507301,Gummadivalli,Telangana,40,Khammam,541,Aswaraopet,,17.2094,80.3654,3,gummadivalli
IN,India,India,507301,Nandipadu,Telangana,40,Khammam,541,Aswaraopet,,17.2094,80.3654,4,nandipadu
IN,India,India,507302,Pallewada,Telangana,40,Khammam,541,Penuballi,,17.2094,80.3654,4,pallewada
IN,India,India,507302,Lingagudem,Telangana,40,Khammam,541,Penuballi,,17.2512,80.6656,4,lingagudem
IN,India,India,507302,Uppalachelka,Telangana,40,Khammam,541,Penuballi,,17.29,79.9203,3,uppalachelka
IN,India,India,507302,Yerugatla,Telangana,40,Khammam,541,Penuballi,,17.29,79.9203,3,yerugatla
IN,India,India,507302,Kuppanakuntla,Telangana,40,Khammam,541,Penuballi,,17.29,79.9203,3,kuppanakuntla
IN,India,India,507302,Lankapalli,Telangana,40,Khammam,541,Penuballi,,17.29,79.9203,3,lankapalli
IN,India,India,507302,Bayyannagudem,Telangana,40,Khammam,541,Penuballi,,17.29,79.9203,3,bayyannagudem
IN,India,India,507302,Ganeshunipadu,Telangana,40,Khammam,541,Penuballi,,17.29,79.9203,3,ganeshunipadu
IN,India,India,507302,Gangadevunipadu,Telangana,40,Khammam,541,Penuballi,,17.29,79.9203,3,gangadevunipadu
IN,India,India,507302,Kondrupadu,Telangana,40,Khammam,541,Penuballi,,17.29,79.9203,3,kondrupadu
IN,India,India,507302,Mandalapahad,Telangana,40,Khammam,541,Penuballi,,17.29,79.9203,3,mandalapahad
IN,India,India,507302,New Karaigudem,Telangana,40,Khammam,541,Penuballi,,17.29,79.9203,3,new-karaigudem
IN,India,India,507302,Penuballi,Telangana,40,Khammam,541,Penuballi,,17.29,79.9203,3,penuballi
IN,India,India,507303,Tumburu,Telangana,40,Khammam,541,Sathupalli,,17.2094,80.3654,3,tumburu
IN,India,India,507303,Sadasivunipalem,Telangana,40,Khammam,541,Sathupalli,,17.2094,80.3654,3,sadasivunipalem
IN,India,India,507303,Nagupalli,Telangana,40,Khammam,541,Sathupalli,,17.2094,80.3654,3,nagupalli
IN,India,India,507303,Siddaram,Telangana,40,Khammam,541,Sathupalli,,17.2094,80.3654,3,siddaram
IN,India,India,507303,Cherukupalli,Telangana,40,Khammam,541,Sathupalli,,17.2094,80.3654,4,cherukupalli
IN,India,India,507303,Bathupalli Ganagaram,Telangana,40,Khammam,541,Sathupalli,,17.2094,80.3654,3,bathupalli-ganagaram
IN,India,India,507303,Duddepudi,Telangana,40,Khammam,541,Sathupalli,,17.2094,80.3654,3,duddepudi
IN,India,India,507303,Kakarlapalli,Telangana,40,Khammam,541,Sathupalli,,17.2094,80.3654,4,kakarlapalli
IN,India,India,507303,Sathupalli,Telangana,40,Khammam,541,Sathupalli,,17.2497,80.869,4,sathupalli
IN,India,India,507303,Kistaram,Telangana,40,Khammam,541,Sathupalli,,17.2094,80.3654,4,kistaram
IN,India,India,507303,Gandugulapalli,Telangana,40,Khammam,541,Sathupalli,,17.2094,80.3654,3,gandugulapalli
IN,India,India,507303,Narayanapuram,Telangana,40,Khammam,541,Sathupalli,,17.1891,80.581,4,narayanapuram
IN,India,India,507303,Modivari,Telangana,40,Khammam,541,Sathupalli,,17.2094,80.3654,3,modivari
IN,India,India,507303,Taluk Office(STP),Telangana,40,Khammam,541,Sathupalle,,17.2094,80.3654,3,taluk-office-stp
IN,India,India,507304,Paladugu,Telangana,40,Khammam,541,Siripuram,,17.2094,80.3654,4,paladugu
IN,India,India,507304,Jalimudi,Telangana,40,Khammam,541,Siripuram,,17.2094,80.3654,3,jalimudi
IN,India,India,507304,Mallaram,Telangana,40,Khammam,541,Siripuram,,17.2094,80.3654,4,mallaram
IN,India,India,507304,Asthanagurthi,Telangana,40,Khammam,541,Siripuram,,17.2094,80.3654,3,asthanagurthi
IN,India,India,507304,Kalakota,Telangana,40,Khammam,541,Siripuram,,17.2094,80.3654,3,kalakota
IN,India,India,507304,Repalle,Telangana,40,Khammam,541,Siripuram,,17.2094,80.3654,3,repalle
IN,India,India,507304,Brahmanapalli,Telangana,40,Khammam,541,Siripuram,,17.2094,80.3654,4,brahmanapalli
IN,India,India,507304,Siripuram (Khammam),Telangana,40,Khammam,541,Siripuram,,16.9996,80.3556,4,siripuram-khammam
IN,India,India,507305,Lingagudem,Telangana,40,Khammam,541,Tanikella,,17.2512,80.6656,4,lingagudem
IN,India,India,507305,Tummalapalli,Telangana,40,Khammam,541,Tanikella,,17.2094,80.3654,4,tummalapalli
IN,India,India,507305,Chinagopathi,Telangana,40,Khammam,541,Tanikella,,17.2517,79.958,3,chinagopathi
IN,India,India,507305,Gopavaram,Telangana,40,Khammam,541,Tanikella,,17.2517,79.958,3,gopavaram
IN,India,India,507305,Ammapalem,Telangana,40,Khammam,541,Tanikella,,17.0789,80.7735,4,ammapalem
IN,India,India,507305,Mallupalli,Telangana,40,Khammam,541,Tanikella,,17.2094,80.3654,4,mallupalli
IN,India,India,507305,Gopathi,Telangana,40,Khammam,541,Tanikella,,17.2517,79.958,3,gopathi
IN,India,India,507305,Tanikella,Telangana,40,Khammam,541,Tanikella,,17.2517,79.958,3,tanikella
IN,India,India,507305,Kondavanamala,Telangana,40,Khammam,541,Tanikella,,17.2517,79.958,3,kondavanamala
IN,India,India,507305,Munagala,Telangana,40,Khammam,541,Tanikella,,16.9483,80.3546,4,munagala
IN,India,India,507305,Konijerla,Telangana,40,Khammam,541,Tanikella,,17.2215,80.2938,4,konijerla
IN,India,India,507306,Jammigudem,Telangana,40,Khammam,541,Dammapeta,,17.2094,80.3654,3,jammigudem
IN,India,India,507306,Ankampale,Telangana,40,Khammam,541,Dammapeta,,17.2094,80.3654,3,ankampale
IN,India,India,507306,Mandalapalli,Telangana,40,Khammam,541,Dammapeta,,17.2094,80.3654,3,mandalapalli
IN,India,India,507306,Lingalapalli,Telangana,40,Khammam,541,Dammapeta,,17.2094,80.3654,3,lingalapalli
IN,India,India,507306,Malkaram,Telangana,40,Khammam,541,Dammapeta,,17.2094,80.3654,3,malkaram
IN,India,India,507306,Ganeshpadu,Telangana,40,Khammam,541,Dammapeta,,17.2094,80.3654,3,ganeshpadu
IN,India,India,507306,Mustibanda,Telangana,40,Khammam,541,Dammapeta,,17.2094,80.3654,3,mustibanda
IN,India,India,507306,Patwarigudem,Telangana,40,Khammam,541,Dammapeta,,17.2094,80.3654,3,patwarigudem
IN,India,India,507306,Dammapeta,Telangana,40,Khammam,541,Dammapeta,,17.2094,80.3654,4,dammapeta
IN,India,India,507306,Nacharam,Telangana,40,Khammam,541,Dammapeta,,17.2368,80.8769,4,nacharam
IN,India,India,507306,Maddulagudem,Telangana,40,Khammam,541,Dammapeta,,17.2094,80.3654,4,maddulagudem
IN,India,India,507316,Abbugudem,Telangana,40,Khammam,541,P.r.gudem,,17.2094,80.3654,3,abbugudem
IN,India,India,507316,Peddireddigudem,Telangana,40,Khammam,541,P R Gudem,,17.2094,80.3654,3,peddireddigudem
IN,India,India,507316,Pentlam,Telangana,40,Khammam,541,P.r.gudem,,17.2094,80.3654,3,pentlam
IN,India,India,507316,Chapralla Palli,Telangana,40,Khammam,541,P.r.gudem,,17.2094,80.3654,3,chapralla-palli
IN,India,India,507316,Bhavannapalem,Telangana,40,Khammam,541,P.r.gudem,,17.2094,80.3654,3,bhavannapalem
IN,India,India,507316,Yatalakunta,Telangana,40,Khammam,541,P.r.gudem,,17.2094,80.3654,3,yatalakunta
IN,India,India,507316,Annapureddipalli,Telangana,40,Khammam,541,P.r.gudem,,17.2094,80.3654,3,annapureddipalli
IN,India,India,507316,Rajapuram,Telangana,40,Khammam,541,P.r.gudem,,17.2094,80.3654,4,rajapuram
IN,India,India,507318,Kothagudem,Telangana,40,Khammam,541,Vvpalem,,17.2094,80.3654,4,kothagudem
IN,India,India,507318,Allipuram,Telangana,40,Khammam,541,Vvpalem,,17.2094,80.3654,4,allipuram
IN,India,India,507318,Mallepalli Chintagurthi,Telangana,40,Khammam,541,Vvpalem,,17.2026,79.6735,3,mallepalli-chintagurthi
IN,India,India,507318,Velugumatla,Telangana,40,Khammam,541,Vvpalem,,17.2026,79.6735,3,velugumatla
IN,India,India,507318,Vandanam,Telangana,40,Khammam,541,Vvpalem,,17.2026,79.6735,3,vandanam
IN,India,India,507318,V.V.Palem,Telangana,40,Khammam,541,Vvpalem,,17.2026,79.6735,3,v-v-palem
IN,India,India,507318,Vepakuntla,Telangana,40,Khammam,541,Vvpalem,,17.2026,79.6735,3,vepakuntla
IN,India,India,507318,Pangidi,Telangana,40,Khammam,541,Vvpalem,,17.2026,79.6735,3,pangidi
IN,India,India,507318,Basavapuram,Telangana,40,Khammam,541,Vvpalem,,17.2026,79.6735,3,basavapuram
IN,India,India,533352,Cherupalli,Telangana,40,Khammam,541,Nellipaka,,17.2094,80.3654,3,cherupalli
IN,India,India,505302,Cheerlavancha,Telangana,40,Rajanna Sircilla,683,Ellanthakunta,,18.42,78.7653,3,cheerlavancha
IN,India,India,505302,Rudraram,Telangana,40,Rajanna Sircilla,683,Ellanthakunta,,18.4235,78.9068,4,rudraram
IN,India,India,505302,Chintalathana,Telangana,40,Rajanna Sircilla,683,vemulawada,,18.42,78.7653,3,chintalathana
IN,India,India,506102,Anantharam,Telangana,40,Mahabubabad,688,Kuravi,,17.6023,79.5572,3,anantharam
IN,India,India,506102,Mallial,Telangana,40,Mahabubabad,688,Mah'bad,,17.6681,79.9836,4,mallial
IN,India,India,506102,Laxmipur,Telangana,40,Mahabubabad,688,Mahabubabad,,17.6023,79.5572,3,laxmipur
IN,India,India,506103,Kollapur,Telangana,40,Mahabubabad,688,Mah'bad,,17.6681,79.9836,4,kollapur
IN,India,India,506103,Apparajpalli,Telangana,40,Mahabubabad,688,Mah'bad,,17.6681,79.9836,3,apparajpalli
IN,India,India,506103,Reddial,Telangana,40,Mahabubabad,688,Nekkonda,,17.6681,79.9836,3,reddial
IN,India,India,506103,Nadiwada,Telangana,40,Mahabubabad,688,Mah'bad,,17.6681,79.9836,3,nadiwada
IN,India,India,506103,Kambalapalli,Telangana,40,Mahabubabad,688,Mahabubabad,,17.6681,79.9836,3,kambalapalli
IN,India,India,506103,Jamandlapalli,Telangana,40,Mahabubabad,688,Mah'bad,,17.6681,79.9836,3,jamandlapalli
IN,India,India,506103,Kothareddial,Telangana,40,Mahabubabad,688,Mah'bad,,17.6681,79.9836,3,kothareddial
IN,India,India,506103,Matwada,Telangana,40,Mahabubabad,688,Mah'bad,,17.6681,79.9836,4,matwada
IN,India,India,506103,Boddugonda,Telangana,40,Mahabubabad,688,Mah'bad,,17.6681,79.9836,3,boddugonda
IN,India,India,506365,Burgumadla,Telangana,40,Mahabubabad,688,Nekkonda,,17.6681,79.9836,3,burgumadla
IN,India,India,506365,Kalleda,Telangana,40,Mahabubabad,688,Parwathagiri,,17.6681,79.9836,4,kalleda
IN,India,India,506368,Jama Thanda,Telangana,40,Mahabubabad,688,Nallikaddur,,17.594,79.8232,3,jama-thanda
IN,India,India,506369,Saireddipalli,Telangana,40,Mahabubabad,688,Parwathagiri,,17.6681,79.9836,4,saireddipalli
IN,India,India,506369,Appalraopet,Telangana,40,Mahabubabad,688,Nekkonda,,17.6681,79.9836,4,appalraopet
IN,India,India,506369,Chintanekkonda,Telangana,40,Mahabubabad,688,Nekkonda,,17.6681,79.9836,3,chintanekkonda
IN,India,India,506369,Engal,Telangana,40,Mahabubabad,688,Nekkonda,,17.6681,79.9836,3,engal
IN,India,India,506369,Topanapalli,Telangana,40,Mahabubabad,688,Nekkonda,,17.6681,79.9836,3,topanapalli
IN,India,India,506381,Manneguda,Telangana,40,Mahabubabad,688,Dornakal,,17.6681,79.9836,3,manneguda
IN,India,India,502301,Yerraballi BO,Telangana,40,Siddipet,692,Gujwail,,18.0114,78.8543,3,yerraballi-bo
IN,India,India,508224,Kandagatla,Telangana,40,Suryapet,696,Arvapally,,17.2666,79.6289,4,kandagatla
IN,India,India,508224,Gattikal,Telangana,40,Suryapet,696,Arvapally,,17.2651,79.6529,4,gattikal
IN,India,India,508224,Ramachandrapuram,Telangana,40,Suryapet,696,Arvapally,,17.0843,79.7577,4,ramachandrapuram
IN,India,India,508224,Patha Suryapet,Telangana,40,Suryapet,696,Arvapally,,17.4019,79.5407,3,patha-suryapet
IN,India,India,508224,Thimmapur,Telangana,40,Suryapet,696,Arvapally,,17.4019,79.5407,3,thimmapur
IN,India,India,508224,Solipeta,Telangana,40,Suryapet,696,Arvapally,,17.4019,79.5407,3,solipeta
IN,India,India,508224,Jajireddy Gudem,Telangana,40,Suryapet,696,Arvapally,,17.4019,79.5407,3,jajireddy-gudem
IN,India,India,508224,Koduru,Telangana,40,Suryapet,696,Arvapally,,17.4019,79.5407,3,koduru
IN,India,India,508224,Arvapally,Telangana,40,Suryapet,696,Arvapally,,17.4019,79.5407,3,arvapally
IN,India,India,508279,Phanigiri,Telangana,40,Suryapet,696,PHANIGIRI,,17.0843,79.7577,3,phanigiri
IN,India,India,508279,Nagaram,Telangana,40,Suryapet,696,NAGARAM,,17.3943,79.4878,4,nagaram
IN,India,India,506345,Palampet,Telangana,40,Jayashankar,,Ghanpur (Mulug),,18.3,79.9333,4,palampet
