country_code,country_name,country_name_es,postal_code,place,admin1,admin1_code,admin2,admin2_code,admin3,admin3_code,latitude,longitude,accuracy,slug
IN,India,India,734001,Subashpally,West Bengal,28,Darjiling,327,Siliguri,,26.9135,88.3947,1,subashpally
IN,India,India,734001,Mahananda Bridge,West Bengal,28,Darjiling,327,Siliguri,,26.9135,88.3947,1,mahananda-bridge
IN,India,India,734001,Siliguri H.O,West Bengal,28,Darjiling,327,Siliguri,,26.9135,88.3947,1,siliguri-h-o
IN,India,India,734001,Siliguri New Market,West Bengal,28,Darjiling,327,Siliguri,,26.9135,88.3947,1,siliguri-new-market
IN,India,India,734001,Siliguri Road,West Bengal,28,Darjiling,327,Siliguri,,26.9135,88.3947,1,siliguri-road
IN,India,India,734001,Siliguri Junction,West Bengal,28,Darjiling,327,Siliguri,,26.9135,88.3947,1,siliguri-junction
IN,India,India,734001,Rath Khola,West Bengal,28,Darjiling,327,Siliguri,,26.9135,88.3947,1,rath-khola
IN,India,India,734001,Sevoke Road,West Bengal,28,Darjiling,327,Siliguri,,26.9135,88.3947,1,sevoke-road
IN,India,India,734002,Salbari,West Bengal,28,Darjiling,327,Kurseong,,26.9135,88.3947,4,salbari
IN,India,India,734003,Champasari,West Bengal,28,Darjiling,327,Siliguri,,26.9135,88.3947,1,champasari
IN,India,India,734003,Pradhan Nagar,West Bengal,28,Darjiling,327,Siliguri,,26.9135,88.3947,1,pradhan-nagar
IN,India,India,734004,Desbandhupara,West Bengal,28,Darjiling,327,Siliguri,,26.9135,88.3947,1,desbandhupara
IN,India,India,734004,Siliguri Town,West Bengal,28,Darjiling,327,Siliguri,,26.9135,88.3947,1,siliguri-town
IN,India,India,734005,Jyoti Nagar,West Bengal,28,Darjiling,327,Siliguri,,26.9135,88.3947,1,jyoti-nagar
IN,India,India,734005,Siliguri Bazar,West Bengal,28,Darjiling,327,Siliguri,,26.9135,88.3947,1,siliguri-bazar
IN,India,India,734007,Lake Town (Darjiling),West Bengal,28,Darjiling,327,Siliguri,,26.9135,88.3947,1,lake-town-darjiling
IN,India,India,734008,Sitong,West Bengal,28,Darjiling,327,Siliguri,,26.9135,88.3947,1,sitong
IN,India,India,734008,Selpu,West Bengal,28,Darjiling,327,Siliguri,,26.9135,88.3947,1,selpu
IN,India,India,734008,Latpanchar,West Bengal,28,Darjiling,327,Siliguri,,26.9135,88.3947,1,latpanchar
IN,India,India,734008,Lohapool,West Bengal,28,Darjiling,327,Kalimpong -I,,26.9135,88.3947,1,lohapool
IN,India,India,734008,Baigunta Pur,West Bengal,28,Darjiling,327,Kurseong,,26.9135,88.3947,1,baigunta-pur
IN,India,India,734008,Salugarah,West Bengal,28,Darjiling,327,Kurseong,,26.9135,88.3947,1,salugarah
IN,India,India,734009,Gulma,West Bengal,28,Darjiling,327,Siliguri,,26.9135,88.3947,1,gulma
IN,India,India,734009,New Chumta,West Bengal,28,Darjiling,327,Siliguri,,26.9135,88.3947,1,new-chumta
IN,India,India,734009,Simulbari,West Bengal,28,Darjiling,327,Kurseong,,26.9135,88.3947,1,simulbari
IN,India,India,734009,Sukna,West Bengal,28,Darjiling,327,Kurseong,,26.9135,88.3947,1,sukna
IN,India,India,734010,Matigara,West Bengal,28,Darjiling,327,Siliguri,,26.723,88.3806,4,matigara
IN,India,India,734010,Nemai,West Bengal,28,Darjiling,327,Siliguri,,26.723,88.3806,3,nemai
IN,India,India,734011,Kadamtala (Darjiling),West Bengal,28,Darjiling,327,Naxalbari,,26.7111,88.3462,1,kadamtala-darjiling
IN,India,India,734012,Sushrut Nagar,West Bengal,28,Darjiling,327,Siliguri,,26.7111,88.3462,1,sushrut-nagar
IN,India,India,734012,Ranidanga,West Bengal,28,Darjiling,327,Siliguri,,26.7111,88.3462,1,ranidanga
IN,India,India,734013,New Rangia,West Bengal,28,Darjiling,327,Matigara,,26.7111,88.3462,1,new-rangia
IN,India,India,734013,North Bengal University,West Bengal,28,Darjiling,327,Matigara,,26.7111,88.3462,1,north-bengal-university
IN,India,India,734014,Chowpukuria,West Bengal,28,Darjiling,327,Darjeeling,,26.6993,88.3118,3,chowpukuria
IN,India,India,734014,Gossaipur,West Bengal,28,Darjiling,327,Matigara,,26.6993,88.3118,3,gossaipur
IN,India,India,734014,Tarbandha,West Bengal,28,Darjiling,327,Siliguri,,26.6993,88.3118,3,tarbandha
IN,India,India,734014,Bagdogra,West Bengal,28,Darjiling,327,Phansidewa,,26.6993,88.3118,4,bagdogra
IN,India,India,734101,Bhutia Busty,West Bengal,28,Darjiling,327,Darjeeling Pulbazar,,27.051,88.2618,1,bhutia-busty
IN,India,India,734101,Darjeeling Bazar,West Bengal,28,Darjiling,327,Darjeeling Pulbazar,,27.051,88.2618,1,darjeeling-bazar
IN,India,India,734101,Rose Bank,West Bengal,28,Darjiling,327,Darjeeling Pulbazar,,27.051,88.2618,1,rose-bank
IN,India,India,734101,Bhanugram,West Bengal,28,Darjiling,327,Darjeeling Pulbazar,,27.051,88.2618,1,bhanugram
IN,India,India,734101,Darjeeling H.O,West Bengal,28,Darjiling,327,Darjeeling Pulbazar,,27.051,88.2618,1,darjeeling-h-o
IN,India,India,734101,Darjeeling Court,West Bengal,28,Darjiling,327,Darjeeling Pulbazar,,27.051,88.2618,1,darjeeling-court
IN,India,India,734102,Bloom Field,West Bengal,28,Darjiling,327,Darjeeling Pulbazar,,27.008,88.2373,3,bloom-field
IN,India,India,734102,Chhotapubong,West Bengal,28,Darjiling,327,Darjeeling,,27.008,88.2373,3,chhotapubong
IN,India,India,734102,Gumba,West Bengal,28,Darjiling,327,Darjeeling Pulbazar,,27.008,88.2373,3,gumba
IN,India,India,734102,Lower Chongtong,West Bengal,28,Darjiling,327,Darjeeling,,27.008,88.2373,3,lower-chongtong
IN,India,India,734102,Marybong,West Bengal,28,Darjiling,327,Darjeeling,,27.008,88.2373,3,marybong
IN,India,India,734102,Pussimbing,West Bengal,28,Darjiling,327,Darjeeling,,27.008,88.2373,3,pussimbing
IN,India,India,734102,Risheehat,West Bengal,28,Darjiling,327,Darjeeling,,27.008,88.2373,3,risheehat
IN,India,India,734102,Simkuna,West Bengal,28,Darjiling,327,Jorebunglow Sukiapokhri,,27.008,88.2373,3,simkuna
IN,India,India,734102,Lingia,West Bengal,28,Darjiling,327,Darjeeling,,27.008,88.2373,3,lingia
IN,India,India,734102,Ghoom,West Bengal,28,Darjiling,327,Darjeeling,,27.0069,88.2577,4,ghoom
IN,India,India,734102,Tamsang,West Bengal,28,Darjiling,327,Darjeeling,,27.009,88.2169,4,tamsang
IN,India,India,734103,Rajbari,West Bengal,28,Darjiling,327,Darjeeling Pulbazar,,26.9135,88.3947,1,rajbari
IN,India,India,734103,Jalpahar,West Bengal,28,Darjiling,327,Darjeeling Pulbazar,,27.051,88.2618,1,jalpahar
IN,India,India,734104,North Point,West Bengal,28,Darjiling,327,Darjeeling Pulbazar,,27.1256,88.2896,3,north-point
IN,India,India,734104,Bannersberg,West Bengal,28,Darjiling,327,Darjeeling,,27.1256,88.2896,3,bannersberg
IN,India,India,734104,Soom,West Bengal,28,Darjiling,327,Darjeeling,,27.1256,88.2896,3,soom
IN,India,India,734104,Udaigram,West Bengal,28,Darjiling,327,Darjeeling Pulbazar,,27.1256,88.2896,3,udaigram
IN,India,India,734104,Singtam,West Bengal,28,Darjiling,327,Darjeeling,,27.1256,88.2896,3,singtam
IN,India,India,734104,Singla,West Bengal,28,Darjiling,327,Darjeeling,,27.1256,88.2896,4,singla
IN,India,India,734105,Badamtam,West Bengal,28,Darjiling,327,Darjeeling,,27.0623,88.2829,3,badamtam
IN,India,India,734105,Mineral Spring,West Bengal,28,Darjiling,327,Darjeeling,,27.0623,88.2829,3,mineral-spring
IN,India,India,734105,Lebong,West Bengal,28,Darjiling,327,Darjeeling Pulbazar,,27.0623,88.2829,4,lebong
IN,India,India,734121,Dooteriah,West Bengal,28,Darjiling,327,Darjeeling,,27.051,88.2618,1,dooteriah
IN,India,India,734123,Rangbull,West Bengal,28,Darjiling,327,Darjeeling,,27.051,88.2618,1,rangbull
IN,India,India,734124,Tukvar,West Bengal,28,Darjiling,327,Darjeeling Pulbazar,,27.051,88.2618,1,tukvar
IN,India,India,734201,Kolbong,West Bengal,28,Darjiling,327,Darjeeling Pulbazar,,27.1059,88.1755,4,kolbong
IN,India,India,734201,Tumbayok,West Bengal,28,Darjiling,327,Darjeeling,,27.0824,88.175,3,tumbayok
IN,India,India,734201,Goke Bazar,West Bengal,28,Darjiling,327,Kurseong,,27.0824,88.175,3,goke-bazar
IN,India,India,734201,Dara Goan,West Bengal,28,Darjiling,327,Kalimpong - II,,27.0824,88.175,3,dara-goan
IN,India,India,734201,Bansbotey,West Bengal,28,Darjiling,327,Darjeeling Pulbazar,,27.0824,88.175,3,bansbotey
IN,India,India,734201,Lodhomahat,West Bengal,28,Darjiling,327,Kurseong,,27.0824,88.175,3,lodhomahat
IN,India,India,734201,Pulbazar,West Bengal,28,Darjiling,327,Darjeeling,,27.0824,88.175,3,pulbazar
IN,India,India,734201,Lama Goan,West Bengal,28,Darjiling,327,Kurseong,,27.0824,88.175,3,lama-goan
IN,India,India,734201,Relling,West Bengal,28,Darjiling,327,Kurseong,,27.0824,88.175,3,relling
IN,India,India,734201,Rimbick,West Bengal,28,Darjiling,327,Kurseong,,27.0824,88.175,3,rimbick
IN,India,India,734201,Bijanbari,West Bengal,28,Darjiling,327,Darjeeling,,27.0677,88.1952,4,bijanbari
IN,India,India,734201,Jhepi,West Bengal,28,Darjiling,327,Kurseong,,27.0798,88.1587,4,jhepi
IN,India,India,734201,Kaijalia,West Bengal,28,Darjiling,327,Kurseong,,27.0764,88.1706,4,kaijalia
IN,India,India,734203,Kurseong,West Bengal,28,Darjiling,327,Kurseong,,26.8825,88.2773,4,kurseong
IN,India,India,734203,Dumaram Busty,West Bengal,28,Darjiling,327,Kurseong,,26.8784,88.2593,3,dumaram-busty
IN,India,India,734203,Mahanadi,West Bengal,28,Darjiling,327,Kurseong,,26.8784,88.2593,3,mahanadi
IN,India,India,734203,Ambootia,West Bengal,28,Darjiling,327,Kurseong,,26.8743,88.2412,4,ambootia
IN,India,India,734204,Dowhill,West Bengal,28,Darjiling,327,Kurseong,,27.0144,88.2031,1,dowhill
IN,India,India,734213,Lopchu,West Bengal,28,Darjiling,327,Kurseong,,26.9083,88.2224,1,lopchu
IN,India,India,734213,Maney Dara,West Bengal,28,Darjiling,327,Kurseong,,26.9083,88.2224,1,maney-dara
IN,India,India,734213,Singritam,West Bengal,28,Darjiling,327,Kurseong,,26.9083,88.2224,1,singritam
IN,India,India,734213,Lamahatta,West Bengal,28,Darjiling,327,Rangli Rangliot,,26.9083,88.2224,1,lamahatta
IN,India,India,734213,School Dhura,West Bengal,28,Darjiling,327,Kurseong,,26.9083,88.2224,1,school-dhura
IN,India,India,734214,Mirik,West Bengal,28,Darjiling,327,Kurseong,,26.8882,88.1901,4,mirik
IN,India,India,734214,Lower Soureni,West Bengal,28,Darjiling,327,Kurseong,,26.8882,88.1901,3,lower-soureni
IN,India,India,734214,Ookayati,West Bengal,28,Darjiling,327,Kurseong,,26.8882,88.1901,3,ookayati
IN,India,India,734214,Seeyok,West Bengal,28,Darjiling,327,Kurseong,,26.8882,88.1901,3,seeyok
IN,India,India,734214,Gopal Dhara,West Bengal,28,Darjiling,327,Kurseong,,26.8882,88.1901,3,gopal-dhara
IN,India,India,734214,Duptin-10,West Bengal,28,Darjiling,327,Kurseong,,26.8882,88.1901,3,duptin-10
IN,India,India,734214,Thurbo,West Bengal,28,Darjiling,327,Kurseong,,26.8882,88.1901,3,thurbo
IN,India,India,734215,Nagrispur,West Bengal,28,Darjiling,327,Kurseong,,26.9083,88.2224,1,nagrispur
IN,India,India,734215,Malat Bazar,West Bengal,28,Darjiling,327,Jorebunglow Sukiapokhri,,26.9083,88.2224,1,malat-bazar
IN,India,India,734215,Mangarjung,West Bengal,28,Darjiling,327,Kalimpong,,26.9083,88.2224,1,mangarjung
IN,India,India,734215,Dhajea,West Bengal,28,Darjiling,327,Kalimpong,,26.9083,88.2224,1,dhajea
IN,India,India,734216,Selimbong,West Bengal,28,Darjiling,327,Jorebunglow Sukiapokhri,,26.9571,88.1668,3,selimbong
IN,India,India,734216,Rangbang,West Bengal,28,Darjiling,327,Kurseong,,26.9571,88.1668,3,rangbang
IN,India,India,734216,Pokhriabong,West Bengal,28,Darjiling,327,Kurseong,,26.9571,88.1668,4,pokhriabong
IN,India,India,734217,Jamdar Vitta,West Bengal,28,Darjiling,327,Kurseong,,26.8304,88.2625,3,jamdar-vitta
IN,India,India,734217,Pankhabari,West Bengal,28,Darjiling,327,Kurseong,,26.8304,88.2625,4,pankhabari
IN,India,India,734218,Phuguri,West Bengal,28,Darjiling,327,Mirik,,26.9083,88.2224,1,phuguri
IN,India,India,734218,Singbulli,West Bengal,28,Darjiling,327,Kurseong,,26.9083,88.2224,1,singbulli
IN,India,India,734219,Nalichor,West Bengal,28,Darjiling,327,Jorebunglow Sukiapokhri,,26.9575,88.27,3,nalichor
IN,India,India,734219,Sonada,West Bengal,28,Darjiling,327,Kurseong,,26.9575,88.27,4,sonada
IN,India,India,734219,Tamsing Dhura,West Bengal,28,Darjiling,327,Jorebunglow Sukiapokhri,,26.9575,88.27,3,tamsing-dhura
IN,India,India,734219,Ringtong,West Bengal,28,Darjiling,327,Kurseong,,26.9575,88.27,3,ringtong
IN,India,India,734219,Balasun,West Bengal,28,Darjiling,327,Kurseong,,26.9575,88.27,3,balasun
IN,India,India,734219,Moonda Koti,West Bengal,28,Darjiling,327,Kurseong,,26.9575,88.27,3,moonda-koti
IN,India,India,734219,Rangmook,West Bengal,28,Darjiling,327,Kurseong,,26.9575,88.27,3,rangmook
IN,India,India,734220,St.Mary's Hill,West Bengal,28,Darjiling,327,Kurseong,,26.9051,88.3002,3,st-mary-s-hill
IN,India,India,734220,Deorali,West Bengal,28,Darjiling,327,Kurseong,,26.9051,88.3002,4,deorali
IN,India,India,734221,Maneybhanjeng,West Bengal,28,Darjiling,327,Jorebunglow Sukiapokhri,,26.9709,88.3462,1,maneybhanjeng
IN,India,India,734221,Mim,West Bengal,28,Darjiling,327,Kurseong,,26.9709,88.3462,1,mim
IN,India,India,734221,Sukhiapokhari,West Bengal,28,Darjiling,327,Kurseong,,26.9709,88.3462,1,sukhiapokhari
IN,India,India,734221,Plungdung,West Bengal,28,Darjiling,327,Kurseong,,26.9709,88.3462,1,plungdung
IN,India,India,734221,Batasia,West Bengal,28,Darjiling,327,Jorebunglow Sukiapokhri,,26.9709,88.3462,1,batasia
IN,India,India,734222,Takdah,West Bengal,28,Darjiling,327,Kurseong,,27.0565,88.3313,4,takdah
IN,India,India,734222,Tinchuley,West Bengal,28,Darjiling,327,Rangli Rangliot,,27.0565,88.3313,3,tinchuley
IN,India,India,734223,Gayabari,West Bengal,28,Darjiling,327,Kurseong,,26.8547,88.3436,3,gayabari
IN,India,India,734223,Chunbhati,West Bengal,28,Darjiling,327,Kurseong,,26.8547,88.3436,3,chunbhati
IN,India,India,734223,Norbung,West Bengal,28,Darjiling,327,Kurseong,,26.8547,88.3436,3,norbung
IN,India,India,734223,Tindharia,West Bengal,28,Darjiling,327,Kurseong,,26.8547,88.3436,4,tindharia
IN,India,India,734224,Tung,West Bengal,28,Darjiling,327,Kurseong,,26.9709,88.3462,1,tung
IN,India,India,734224,Margarets Hope,West Bengal,28,Darjiling,327,Kurseong,,26.9709,88.3462,1,margarets-hope
IN,India,India,734224,Bagora,West Bengal,28,Darjiling,327,Kurseong,,26.9709,88.3462,1,bagora
IN,India,India,734226,Rangli Rangliot,West Bengal,28,Darjiling,327,Darjeeling,,27.0295,88.3569,4,rangli-rangliot
IN,India,India,734226,Teesta Valley,West Bengal,28,Darjiling,327,Darjeeling,,27.0086,88.3992,4,teesta-valley
IN,India,India,734226,Geile Banjyang,West Bengal,28,Darjiling,327,Darjeeling,,27.019,88.378,3,geile-banjyang
IN,India,India,734227,Soureni Bazar,West Bengal,28,Darjiling,327,Mirik,,26.9709,88.3462,1,soureni-bazar
IN,India,India,734312,Bar Dara,West Bengal,28,Darjiling,327,Kalimpong,,27.0573,88.4193,3,bar-dara
IN,India,India,734312,Peshok,West Bengal,28,Darjiling,327,Kalimpong,,27.0573,88.4193,3,peshok
IN,India,India,734312,Takling,West Bengal,28,Darjiling,327,Kalimpong,,27.0507,88.4126,4,takling
IN,India,India,734313,School Dhura,West Bengal,28,Darjiling,327,Rangli Rangliot,,27.0886,88.5287,1,school-dhura
IN,India,India,734313,Mungpoo,West Bengal,28,Darjiling,327,Kalimpong,,27.0886,88.5287,1,mungpoo
IN,India,India,734313,Ranju Valley,West Bengal,28,Darjiling,327,Kurseong,,27.0886,88.5287,1,ranju-valley
IN,India,India,734317,Echhey,West Bengal,28,Darjiling,327,Kalimpong,,27.0886,88.5287,1,echhey
IN,India,India,734320,Kalijhora,West Bengal,28,Darjiling,327,Kalimpong -I,,26.9319,88.4504,4,kalijhora
IN,India,India,734321,Reang,West Bengal,28,Darjiling,327,Kalimpong,,26.9319,88.4504,1,reang
IN,India,India,734421,Bagdogra Air Port,West Bengal,28,Darjiling,327,Phansidewa,,26.6827,88.22,1,bagdogra-air-port
IN,India,India,734423,Belgachi,West Bengal,28,Darjiling,327,Siliguri,,26.6827,88.22,1,belgachi
IN,India,India,734423,Putung,West Bengal,28,Darjiling,327,Siliguri,,26.6827,88.22,1,putung
IN,India,India,734423,Pani Ghatta,West Bengal,28,Darjiling,327,Siliguri,,26.6827,88.22,1,pani-ghatta
IN,India,India,734424,Bendubi,West Bengal,28,Darjiling,327,Phansidewa,,26.6827,88.22,1,bendubi
IN,India,India,734425,Bidhan Nagar,West Bengal,28,Darjiling,327,Siligur,,26.6827,88.22,1,bidhan-nagar
IN,India,India,734425,Chital Ghata,West Bengal,28,Darjiling,327,Phansidewa,,26.6827,88.22,1,chital-ghata
IN,India,India,734425,Kalachandgach,West Bengal,28,Darjiling,327,Naxalbari,,26.6827,88.22,1,kalachandgach
IN,India,India,734425,Madati,West Bengal,28,Darjiling,327,Siliguri,,26.6827,88.22,1,madati
IN,India,India,734426,Kamala Bagan,West Bengal,28,Darjiling,327,Naxalbari,,26.6827,88.22,1,kamala-bagan
IN,India,India,734426,Rangali,West Bengal,28,Darjiling,327,Siliguri,,26.6827,88.22,1,rangali
IN,India,India,734426,Gayanganga,West Bengal,28,Darjiling,327,Phansidewa,,26.6827,88.22,1,gayanganga
IN,India,India,734426,Buraganj,West Bengal,28,Darjiling,327,Siliguri,,26.6827,88.22,1,buraganj
IN,India,India,734427,Tharjhorabagan,West Bengal,28,Darjiling,327,Naxalbari,,26.6827,88.22,1,tharjhorabagan
IN,India,India,734427,Bhajanpur Jote,West Bengal,28,Darjiling,327,Siliguri,,26.6827,88.22,1,bhajanpur-jote
IN,India,India,734427,Khoribari,West Bengal,28,Darjiling,327,Siliguri,,26.6827,88.22,1,khoribari
IN,India,India,734427,Adhikari,West Bengal,28,Darjiling,327,Kharibari,,26.6827,88.22,1,adhikari
IN,India,India,734427,Bilaksu,West Bengal,28,Darjiling,327,Siliguri,,26.6827,88.22,1,bilaksu
IN,India,India,734429,Naksalbari,West Bengal,28,Darjiling,327,Siliguri,,26.6827,88.22,4,naksalbari
IN,India,India,734429,Badrajote,West Bengal,28,Darjiling,327,Rangli Rangliot,,26.6827,88.22,3,badrajote
IN,India,India,734429,Hatighisa,West Bengal,28,Darjiling,327,Naxalbari,,26.6827,88.22,3,hatighisa
IN,India,India,734429,Dulal Jote,West Bengal,28,Darjiling,327,Kharibari,,26.6827,88.22,3,dulal-jote
IN,India,India,734431,Sahabad,West Bengal,28,Darjiling,327,Naxalbari,,26.5864,88.368,1,sahabad
IN,India,India,734434,Lensipokhari,West Bengal,28,Darjiling,327,Siliguri,,26.5864,88.368,3,lensipokhari
IN,India,India,734434,Nijbari,West Bengal,28,Darjiling,327,Phansidewa,,26.5864,88.368,3,nijbari
IN,India,India,734434,Kantivitta,West Bengal,28,Darjiling,327,Siliguri,,26.5864,88.368,3,kantivitta
IN,India,India,734434,Hardigachh,West Bengal,28,Darjiling,327,Phansidewa,,26.5864,88.368,3,hardigachh
IN,India,India,734434,Rangapani,West Bengal,28,Darjiling,327,Siliguri,,26.5864,88.368,3,rangapani
IN,India,India,734434,Phansidewa,West Bengal,28,Darjiling,327,Siliguri,,26.5864,88.368,4,phansidewa
IN,India,India,734436,Chathat,West Bengal,28,Darjiling,327,Phansidewa,,26.5864,88.368,1,chathat
IN,India,India,734503,Gairibas,West Bengal,28,Darjiling,327,Gorubathan,,26.9251,88.5689,1,gairibas
IN,India,India,734503,Jaldhaka Hydel Project,West Bengal,28,Darjiling,327,Gorubathan,,26.9251,88.5689,1,jaldhaka-hydel-project
IN,India,India,734503,Todaygaon,West Bengal,28,Darjiling,327,Gorubathan,,26.9251,88.5689,1,todaygaon
IN,India,India,735206,Rango,West Bengal,28,Darjiling,327,Gorubathan,,26.9135,88.3947,3,rango
IN,India,India,735223,Kumai,West Bengal,28,Darjiling,327,Gorubathan,,27.0046,88.8228,4,kumai
IN,India,India,735231,Maipatey Gaon,West Bengal,28,Darjiling,327,Mal,,26.9135,88.3947,1,maipatey-gaon
IN,India,India,735231,Fagu (Darjiling),West Bengal,28,Darjiling,327,Mal,,26.9135,88.3947,1,fagu-darjiling
IN,India,India,735231,Ambeok,West Bengal,28,Darjiling,327,Garubathan I,,26.9135,88.3947,1,ambeok
IN,India,India,735231,Ahlay,West Bengal,28,Darjiling,327,Gorubathan,,26.9135,88.3947,1,ahlay
IN,India,India,734001,Vivekanandapally,West Bengal,28,Jalpaiguri,328,Rajganj,,26.731,88.9486,1,vivekanandapally
IN,India,India,734001,Saktigarh (Jalpaiguri),West Bengal,28,Jalpaiguri,328,Rajganj,,26.731,88.9486,1,saktigarh-jalpaiguri
IN,India,India,734004,Dabgram,West Bengal,28,Jalpaiguri,328,Rajganj,,26.731,88.9486,1,dabgram
IN,India,India,734006,Rabindra Sarani,West Bengal,28,Jalpaiguri,328,Rajganj,,26.731,88.9486,1,rabindra-sarani
IN,India,India,734006,Haidarpara,West Bengal,28,Jalpaiguri,328,Rajganj,,26.731,88.9486,1,haidarpara
IN,India,India,734006,Ghugumali,West Bengal,28,Jalpaiguri,328,Rajganj,,26.731,88.9486,1,ghugumali
IN,India,India,734007,East Bhaktinagar,West Bengal,28,Jalpaiguri,328,Rajganj,,26.731,88.9486,1,east-bhaktinagar
IN,India,India,734007,Bhaktinagar,West Bengal,28,Jalpaiguri,328,Rajganj,,26.731,88.9486,1,bhaktinagar
IN,India,India,734015,Mahananda Project,West Bengal,28,Jalpaiguri,328,Rajganj,,26.6605,89.0844,1,mahananda-project
IN,India,India,734015,Satellite Township,West Bengal,28,Jalpaiguri,328,Rajganj,,26.6605,89.0844,1,satellite-township
IN,India,India,734015,Fulbari Hat,West Bengal,28,Jalpaiguri,328,Rajganj,,26.6605,89.0844,1,fulbari-hat
IN,India,India,734501,Chanda Company,West Bengal,28,Jalpaiguri,328,Mal,,26.6605,89.0844,3,chanda-company
IN,India,India,734501,Bagrakote,West Bengal,28,Jalpaiguri,328,Mal,,26.6605,89.0844,4,bagrakote
IN,India,India,735101,Mohantapara,West Bengal,28,Jalpaiguri,328,Jalpaiguri,,26.6605,89.0844,1,mohantapara
IN,India,India,735101,Jalpaiguri Bank,West Bengal,28,Jalpaiguri,328,Jalpaiguri,,26.6605,89.0844,1,jalpaiguri-bank
IN,India,India,735101,Silpasamiti Para,West Bengal,28,Jalpaiguri,328,Jalpaiguri,,26.6605,89.0844,1,silpasamiti-para
IN,India,India,735101,Rajbari Para,West Bengal,28,Jalpaiguri,328,Jalpaiguri,,26.6605,89.0844,1,rajbari-para
IN,India,India,735101,Race Cource Para,West Bengal,28,Jalpaiguri,328,Jalpaiguri,,26.6605,89.0844,1,race-cource-para
IN,India,India,735101,Kadamtala (Jalpaiguri),West Bengal,28,Jalpaiguri,328,Jalpaiguri,,26.6605,89.0844,1,kadamtala-jalpaiguri
IN,India,India,735101,Jpg Hindustan Ins.,West Bengal,28,Jalpaiguri,328,Jalpaiguri,,26.6605,89.0844,1,jpg-hindustan-ins
IN,India,India,735101,Jpg Court,West Bengal,28,Jalpaiguri,328,Jalpaiguri,,26.6605,89.0844,1,jpg-court
IN,India,India,735101,Jpg College Para,West Bengal,28,Jalpaiguri,328,Jalpaiguri,,26.6605,89.0844,1,jpg-college-para
IN,India,India,735101,Panpara,West Bengal,28,Jalpaiguri,328,Jalpaiguri,,26.6605,89.0844,1,panpara
IN,India,India,735101,Senpara,West Bengal,28,Jalpaiguri,328,Jalpaiguri,,26.6605,89.0844,1,senpara
IN,India,India,735101,Dinbazar,West Bengal,28,Jalpaiguri,328,Jalpaiguri,,26.6605,89.0844,1,dinbazar
IN,India,India,735101,West Congress Para,West Bengal,28,Jalpaiguri,328,Jalpaiguri,,26.6605,89.0844,1,west-congress-para
IN,India,India,735101,Jalpaiguri H.O,West Bengal,28,Jalpaiguri,328,Jalpaiguri Sadar,,26.6605,89.0844,1,jalpaiguri-h-o
IN,India,India,735101,Adarpara,West Bengal,28,Jalpaiguri,328,Jalpaiguri,,26.6605,89.0844,1,adarpara
IN,India,India,735101,Jpg Dist. School Board,West Bengal,28,Jalpaiguri,328,Jalpaiguri,,26.6605,89.0844,1,jpg-dist-school-board
IN,India,India,735101,Bowbazar (Jalpaiguri),West Bengal,28,Jalpaiguri,328,Jalpaiguri,,26.6605,89.0844,1,bowbazar-jalpaiguri
IN,India,India,735102,Jpg.Govt Engg College,West Bengal,28,Jalpaiguri,328,Jalpaiguri,,26.6605,89.0844,1,jpg-govt-engg-college
IN,India,India,735102,Debnagar,West Bengal,28,Jalpaiguri,328,Jalpaiguri,,26.6605,89.0844,1,debnagar
IN,India,India,735102,Mohitnagar,West Bengal,28,Jalpaiguri,328,Jalpaiguri,,26.6605,89.0844,1,mohitnagar
IN,India,India,735102,Chaulhati,West Bengal,28,Jalpaiguri,328,Jalpaiguri,,26.6605,89.0844,1,chaulhati
IN,India,India,735102,Kharia,West Bengal,28,Jalpaiguri,328,Jalpaiguri,,26.6605,89.0844,1,kharia
IN,India,India,735121,Pangasahebbari,West Bengal,28,Jalpaiguri,328,Jalpaiguri,,26.6605,89.0844,3,pangasahebbari
IN,India,India,735121,Barapatia Natunbas,West Bengal,28,Jalpaiguri,328,Jalpaiguri,,26.6605,89.0844,3,barapatia-natunbas
IN,India,India,735121,Vivekananda Pally,West Bengal,28,Jalpaiguri,328,Jalpaiguri,,26.6605,89.0844,3,vivekananda-pally
IN,India,India,735121,Rangdhamali,West Bengal,28,Jalpaiguri,328,Jalpaiguri,,26.6605,89.0844,3,rangdhamali
IN,India,India,735121,Kantipara,West Bengal,28,Jalpaiguri,328,Jalpaiguri,,26.6605,89.0844,3,kantipara
IN,India,India,735121,Danguajhar,West Bengal,28,Jalpaiguri,328,Jalpaiguri,,26.6605,89.0844,3,danguajhar
IN,India,India,735121,Bahadur,West Bengal,28,Jalpaiguri,328,Jalpaiguri,,26.6605,89.0844,3,bahadur
IN,India,India,735121,Talma,West Bengal,28,Jalpaiguri,328,Jalpaiguri,,26.6605,89.0844,3,talma
IN,India,India,735121,Paharpur,West Bengal,28,Jalpaiguri,328,Jalpaiguri,,26.6605,89.0844,4,paharpur
IN,India,India,735122,Hemkumari,West Bengal,28,Jalpaiguri,328,Haldibari,,26.6605,89.0844,3,hemkumari
IN,India,India,735122,Kachua,West Bengal,28,Jalpaiguri,328,Jalpaiguri,,26.6605,89.0844,3,kachua
IN,India,India,735122,Kharija Berubari,West Bengal,28,Jalpaiguri,328,Jalpaiguri,,26.6605,89.0844,3,kharija-berubari
IN,India,India,735132,Pandapara Kalibari,West Bengal,28,Jalpaiguri,328,Jalpaiguri,,24.9258,87.2897,3,pandapara-kalibari
IN,India,India,735132,Mandalghat,West Bengal,28,Jalpaiguri,328,Jalpaiguri,,24.9258,87.2897,3,mandalghat
IN,India,India,735132,Garalbari,West Bengal,28,Jalpaiguri,328,Jalpaiguri,,24.9258,87.2897,3,garalbari
IN,India,India,735132,Kadobarihat,West Bengal,28,Jalpaiguri,328,Jalpaiguri,,24.9258,87.2897,3,kadobarihat
IN,India,India,735132,Kamatpara,West Bengal,28,Jalpaiguri,328,Jalpaiguri,,24.9258,87.2897,3,kamatpara
IN,India,India,735132,Kuripara,West Bengal,28,Jalpaiguri,328,Jalpaiguri,,24.9258,87.2897,3,kuripara
IN,India,India,735132,Malkanipara Nayahat,West Bengal,28,Jalpaiguri,328,Jalpaiguri,,24.9258,87.2897,3,malkanipara-nayahat
IN,India,India,735132,Sirampara,West Bengal,28,Jalpaiguri,328,Jalpaiguri,,24.9258,87.2897,3,sirampara
IN,India,India,735132,Uttar Dhantala,West Bengal,28,Jalpaiguri,328,Jalpaiguri,,24.9258,87.2897,3,uttar-dhantala
IN,India,India,735132,Dhapganj,West Bengal,28,Jalpaiguri,328,Jalpaiguri,,24.9258,87.2897,3,dhapganj
IN,India,India,735132,Brajapur,West Bengal,28,Jalpaiguri,328,Jalpaiguri,,26.6605,89.0844,4,brajapur
IN,India,India,735132,Berubari,West Bengal,28,Jalpaiguri,328,Jalpaiguri,,26.413,88.7056,4,berubari
IN,India,India,735133,Dangapara,West Bengal,28,Jalpaiguri,328,Jalpaiguri,,26.6605,89.0844,4,dangapara
IN,India,India,735133,Saraswatipur Bagan,West Bengal,28,Jalpaiguri,328,Jalpaiguri,,23.5217,88.1902,3,saraswatipur-bagan
IN,India,India,735133,Sikarpur,West Bengal,28,Jalpaiguri,328,Rajganj,,26.6605,89.0844,4,sikarpur
IN,India,India,735133,Tahsildarbari,West Bengal,28,Jalpaiguri,328,Jalpaiguri,,23.5217,88.1902,3,tahsildarbari
IN,India,India,735133,Patkata,West Bengal,28,Jalpaiguri,328,Jalpaiguri,,23.5217,88.1902,3,patkata
IN,India,India,735133,Kukurjan,West Bengal,28,Jalpaiguri,328,Rajganj,,23.5217,88.1902,3,kukurjan
IN,India,India,735133,Belocoba,West Bengal,28,Jalpaiguri,328,Jalpaiguri,,23.5217,88.1902,3,belocoba
IN,India,India,735133,Mantadari,West Bengal,28,Jalpaiguri,328,Jalpaiguri,,23.5217,88.1902,3,mantadari
IN,India,India,735133,Bhaktipara,West Bengal,28,Jalpaiguri,328,Jalpaiguri,,23.5217,88.1902,3,bhaktipara
IN,India,India,735133,Karjipara,West Bengal,28,Jalpaiguri,328,Jalpaiguri,,23.5217,88.1902,3,karjipara
IN,India,India,735133,Milanpally,West Bengal,28,Jalpaiguri,328,Jalpaiguri,,23.5217,88.1902,3,milanpally
IN,India,India,735133,Prasannanagar,West Bengal,28,Jalpaiguri,328,Jalpaiguri,,23.5217,88.1902,3,prasannanagar
IN,India,India,735133,Satkhamar,West Bengal,28,Jalpaiguri,328,Jalpaiguri,,23.5217,88.1902,3,satkhamar
IN,India,India,735133,Debithakurbari,West Bengal,28,Jalpaiguri,328,Jalpaiguri,,23.5217,88.1902,3,debithakurbari
IN,India,India,735134,Nakugach,West Bengal,28,Jalpaiguri,328,Rajganj,,24.2238,87.7399,1,nakugach
IN,India,India,735134,Sahebpara,West Bengal,28,Jalpaiguri,328,Rajganj,,24.2238,87.7399,1,sahebpara
IN,India,India,735134,Rajganj,West Bengal,28,Jalpaiguri,328,Rajganj,,24.2238,87.7399,1,rajganj
IN,India,India,735134,Sawdavita,West Bengal,28,Jalpaiguri,328,Rajganj,,24.2238,87.7399,1,sawdavita
IN,India,India,735134,Gadra,West Bengal,28,Jalpaiguri,328,Rajganj,,24.2238,87.7399,1,gadra
IN,India,India,735134,Fatapukur,West Bengal,28,Jalpaiguri,328,Rajganj,,24.2238,87.7399,1,fatapukur
IN,India,India,735135,Bhutkidangapara,West Bengal,28,Jalpaiguri,328,Rajganj,,24.2238,87.7399,1,bhutkidangapara
IN,India,India,735135,Balaram,West Bengal,28,Jalpaiguri,328,Rajganj,,24.2238,87.7399,1,balaram
IN,India,India,735135,Kamarvita,West Bengal,28,Jalpaiguri,328,Jalpaiguri,,24.2238,87.7399,1,kamarvita
IN,India,India,735135,Futkipara,West Bengal,28,Jalpaiguri,328,Rajganj,,24.2238,87.7399,1,futkipara
IN,India,India,735135,Kunderdighi,West Bengal,28,Jalpaiguri,328,Jalpaiguri,,24.2238,87.7399,1,kunderdighi
IN,India,India,735135,Menghora,West Bengal,28,Jalpaiguri,328,Jalpaiguri,,24.2238,87.7399,1,menghora
IN,India,India,735135,Monuaganj,West Bengal,28,Jalpaiguri,328,Rajganj,,24.2238,87.7399,1,monuaganj
IN,India,India,735135,Payachari,West Bengal,28,Jalpaiguri,328,Rajganj,,24.2238,87.7399,1,payachari
IN,India,India,735135,Mohanvita,West Bengal,28,Jalpaiguri,328,Rajganj,,24.2238,87.7399,1,mohanvita
IN,India,India,735135,Sahudangirhat,West Bengal,28,Jalpaiguri,328,Rajganj,,24.2238,87.7399,1,sahudangirhat
IN,India,India,735202,Angrabhasa,West Bengal,28,Jalpaiguri,328,Nagrakata,,26.792,89.0287,3,angrabhasa
IN,India,India,735202,Debpara,West Bengal,28,Jalpaiguri,328,Dhupguri,,26.792,89.0287,3,debpara
IN,India,India,735202,Mogolkata,West Bengal,28,Jalpaiguri,328,Dhupguri,,26.792,89.0287,3,mogolkata
IN,India,India,735202,Kathalguri,West Bengal,28,Jalpaiguri,328,Dhupguri,,26.792,89.0287,3,kathalguri
IN,India,India,735202,Karbala,West Bengal,28,Jalpaiguri,328,Dhupguri,,26.792,89.0287,3,karbala
IN,India,India,735202,Kalabari Bagan,West Bengal,28,Jalpaiguri,328,Nagrakata,,26.792,89.0287,3,kalabari-bagan
IN,India,India,735202,Banarhat,West Bengal,28,Jalpaiguri,328,Dhupguri,,26.792,89.0287,4,banarhat
IN,India,India,735202,Red Bank,West Bengal,28,Jalpaiguri,328,Dhupguri,,26.792,89.0287,3,red-bank
IN,India,India,735203,Binnaguri,West Bengal,28,Jalpaiguri,328,Mal,,26.6771,88.4814,4,binnaguri
IN,India,India,735205,Sadhupur Chengmari,West Bengal,28,Jalpaiguri,328,Nagrakata,,26.7644,88.8616,1,sadhupur-chengmari
IN,India,India,735205,Carron,West Bengal,28,Jalpaiguri,328,Mal,,26.7644,88.8616,1,carron
IN,India,India,735206,Batabari,West Bengal,28,Jalpaiguri,328,Matteli,,26.8841,88.7907,3,batabari
IN,India,India,735206,Mathachulka,West Bengal,28,Jalpaiguri,328,Matelli,,26.8841,88.7907,3,mathachulka
IN,India,India,735206,Chalsa,West Bengal,28,Jalpaiguri,328,Matteli,,26.8841,88.7907,4,chalsa
IN,India,India,735207,Ambaribagan,West Bengal,28,Jalpaiguri,328,Madarihat,,26.7644,88.8616,1,ambaribagan
IN,India,India,735207,Chamurchi,West Bengal,28,Jalpaiguri,328,Madarihat,,26.7644,88.8616,1,chamurchi
IN,India,India,735209,Damdim,West Bengal,28,Jalpaiguri,328,Mal,,26.7644,88.8616,1,damdim
IN,India,India,735210,Bhandani,West Bengal,28,Jalpaiguri,328,Dhupguri,,26.5778,89.1837,4,bhandani
IN,India,India,735210,Dakhin Khyerbari,West Bengal,28,Jalpaiguri,328,Madarihat,,26.6326,89.0465,3,dakhin-khyerbari
IN,India,India,735210,Altagram Magurmari,West Bengal,28,Jalpaiguri,328,Dhupguri,,26.6326,89.0465,3,altagram-magurmari
IN,India,India,735210,Tengramari,West Bengal,28,Jalpaiguri,328,Dhupguri,,26.6326,89.0465,3,tengramari
IN,India,India,735210,Dakhin Khattimari,West Bengal,28,Jalpaiguri,328,Dhupguri,,26.6326,89.0465,3,dakhin-khattimari
IN,India,India,735210,Vidyashram,West Bengal,28,Jalpaiguri,328,Dhupguri,,26.6326,89.0465,3,vidyashram
IN,India,India,735210,Kalirhat,West Bengal,28,Jalpaiguri,328,Dhupguri,,26.6326,89.0465,3,kalirhat
IN,India,India,735210,Jurapani,West Bengal,28,Jalpaiguri,328,Dhupguri,,26.6326,89.0465,3,jurapani
IN,India,India,735210,Jharsalbari,West Bengal,28,Jalpaiguri,328,Dhupguri,,26.6326,89.0465,3,jharsalbari
IN,India,India,735210,Gossairhat,West Bengal,28,Jalpaiguri,328,Dhupguri,,26.6326,89.0465,3,gossairhat
IN,India,India,735210,Bairatiguri,West Bengal,28,Jalpaiguri,328,Dhupguri,,26.6326,89.0465,3,bairatiguri
IN,India,India,735210,Fulbari,West Bengal,28,Jalpaiguri,328,Dhupguri,,26.6326,89.0465,3,fulbari
IN,India,India,735210,Daukimari,West Bengal,28,Jalpaiguri,328,Dhupguri,,26.6326,89.0465,3,daukimari
IN,India,India,735210,Barogharia,West Bengal,28,Jalpaiguri,328,Dhupguri,,26.6326,89.0465,3,barogharia
IN,India,India,735210,Patkidaha,West Bengal,28,Jalpaiguri,328,Dhupguri,,26.6326,89.0465,3,patkidaha
IN,India,India,735210,Paschim Mallick Para,West Bengal,28,Jalpaiguri,328,Dhupguri,,26.6326,89.0465,3,paschim-mallick-para
IN,India,India,735210,Kheti,West Bengal,28,Jalpaiguri,328,Dhupguri,,26.6326,89.0465,3,kheti
IN,India,India,735210,Kathapara,West Bengal,28,Jalpaiguri,328,Dhupguri,,26.6326,89.0465,3,kathapara
IN,India,India,735210,Dhupguri,West Bengal,28,Jalpaiguri,328,Dhupguri Sadar,,26.589,89.0073,4,dhupguri
IN,India,India,735210,Salbari,West Bengal,28,Jalpaiguri,328,Dhupguri,,26.731,88.9486,4,salbari
IN,India,India,735211,Baroshoulmari,West Bengal,28,Jalpaiguri,328,Falakata,,26.6605,89.0844,3,baroshoulmari
IN,India,India,735211,Lotapata,West Bengal,28,Jalpaiguri,328,Falakata,,26.6605,89.0844,3,lotapata
IN,India,India,735211,Ramthenga,West Bengal,28,Jalpaiguri,328,Falakata,,26.6605,89.0844,4,ramthenga
IN,India,India,735211,Kushiarbari,West Bengal,28,Jalpaiguri,328,Falakata,,26.6605,89.0844,3,kushiarbari
IN,India,India,735211,Balasunder,West Bengal,28,Jalpaiguri,328,Mathabhanga,,26.6605,89.0844,3,balasunder
IN,India,India,735211,Singijani,West Bengal,28,Jalpaiguri,328,Falakata,,26.6605,89.0844,3,singijani
IN,India,India,735212,Gairkata,West Bengal,28,Jalpaiguri,328,Dhupguri,,26.6998,89.0257,4,gairkata
IN,India,India,735212,Pradhanpara,West Bengal,28,Jalpaiguri,328,Dhupguri,,26.6605,89.0844,3,pradhanpara
IN,India,India,735212,Sajnapara,West Bengal,28,Jalpaiguri,328,Jalpaiguri,,26.6605,89.0844,3,sajnapara
IN,India,India,735212,Sakoajhora,West Bengal,28,Jalpaiguri,328,Dhupguri,,26.6605,89.0844,3,sakoajhora
IN,India,India,735216,Dakhin Dhulagaon,West Bengal,28,Jalpaiguri,328,Falakata,,26.6605,89.0844,3,dakhin-dhulagaon
IN,India,India,735218,Rajadanga,West Bengal,28,Jalpaiguri,328,Mal,,26.7523,88.7218,4,rajadanga
IN,India,India,735218,Ananda Pur,West Bengal,28,Jalpaiguri,328,Mal,,26.7523,88.7218,3,ananda-pur
IN,India,India,735218,Krantihat,West Bengal,28,Jalpaiguri,328,Mal,,26.7523,88.7218,3,krantihat
IN,India,India,735218,Purbadalaigaon,West Bengal,28,Jalpaiguri,328,Mal,,26.7523,88.7218,3,purbadalaigaon
IN,India,India,735218,Kathambari,West Bengal,28,Jalpaiguri,328,Mal,,26.7523,88.7218,3,kathambari
IN,India,India,735218,Chapadanga,West Bengal,28,Jalpaiguri,328,Mal,,26.7523,88.7218,3,chapadanga
IN,India,India,735218,Kailashpur,West Bengal,28,Jalpaiguri,328,Mal,,26.7523,88.7218,3,kailashpur
IN,India,India,735218,Malhati,West Bengal,28,Jalpaiguri,328,Mal,,26.7523,88.7218,3,malhati
IN,India,India,735218,Chengmari,West Bengal,28,Jalpaiguri,328,Nagrakata,,26.7523,88.7218,3,chengmari
IN,India,India,735218,Khairanti,West Bengal,28,Jalpaiguri,328,Mal,,26.7523,88.7218,3,khairanti
IN,India,India,735219,Ramsaihat,West Bengal,28,Jalpaiguri,328,Mal,,26.703,88.7638,3,ramsaihat
IN,India,India,735219,Kajoldighi,West Bengal,28,Jalpaiguri,328,Mal,,26.703,88.7638,3,kajoldighi
IN,India,India,735219,Panbari,West Bengal,28,Jalpaiguri,328,Maynaguri,,26.703,88.7638,3,panbari
IN,India,India,735219,Chakmoulani,West Bengal,28,Jalpaiguri,328,Mal,,26.703,88.7638,3,chakmoulani
IN,India,India,735219,Lataguri,West Bengal,28,Jalpaiguri,328,Mal,,26.703,88.7638,4,lataguri
IN,India,India,735221,Bataigole Bazaar,West Bengal,28,Jalpaiguri,328,Mal,,26.8052,89.0414,1,bataigole-bazaar
IN,India,India,735221,Mal H.O,West Bengal,28,Jalpaiguri,328,Mal,,26.8052,89.0414,1,mal-h-o
IN,India,India,735221,Panwar Basty,West Bengal,28,Jalpaiguri,328,Mal,,26.8052,89.0414,1,panwar-basty
IN,India,India,735222,Patharjhora,West Bengal,28,Jalpaiguri,328,Mal,,26.8052,89.0414,1,patharjhora
IN,India,India,735222,Oodlabari,West Bengal,28,Jalpaiguri,328,Mal,,26.8052,89.0414,1,oodlabari
IN,India,India,735222,Manabari,West Bengal,28,Jalpaiguri,328,Jalpaiguri,,26.8052,89.0414,1,manabari
IN,India,India,735223,Indong,West Bengal,28,Jalpaiguri,328,Matteli,,26.6605,89.0844,3,indong
IN,India,India,735223,Samsing,West Bengal,28,Jalpaiguri,328,Matelli,,26.9861,88.8119,4,samsing
IN,India,India,735223,Matelli,West Bengal,28,Jalpaiguri,328,Jalpaiguri,,26.6605,89.0844,3,matelli
IN,India,India,735224,Maynaguri,West Bengal,28,Jalpaiguri,328,Maynaguri,,26.5626,88.8204,4,maynaguri
IN,India,India,735224,Banesh Jn,West Bengal,28,Jalpaiguri,328,Maynaguri,,26.5626,88.8204,3,banesh-jn
IN,India,India,735224,Benkandi,West Bengal,28,Jalpaiguri,328,Maynaguri,,26.5626,88.8204,3,benkandi
IN,India,India,735224,Dhawlaguri,West Bengal,28,Jalpaiguri,328,Maynaguri,,26.5626,88.8204,3,dhawlaguri
IN,India,India,735224,Shoulmari,West Bengal,28,Jalpaiguri,328,Maynaguri,,26.5626,88.8204,3,shoulmari
IN,India,India,735224,Jabramali,West Bengal,28,Jalpaiguri,328,Mal,,26.5626,88.8204,3,jabramali
IN,India,India,735224,Churabhander,West Bengal,28,Jalpaiguri,328,Maynaguri,,26.5626,88.8204,3,churabhander
IN,India,India,735224,Tekatuli,West Bengal,28,Jalpaiguri,328,Maynaguri,,26.5626,88.8204,3,tekatuli
IN,India,India,735224,Saptibari,West Bengal,28,Jalpaiguri,328,Maynaguri,,26.5626,88.8204,3,saptibari
IN,India,India,735224,Bhangerhat,West Bengal,28,Jalpaiguri,328,Maynaguri,,26.5626,88.8204,3,bhangerhat
IN,India,India,735224,Uttar Saptibari,West Bengal,28,Jalpaiguri,328,Maynaguri,,26.5626,88.8204,3,uttar-saptibari
IN,India,India,735224,Bhangamali,West Bengal,28,Jalpaiguri,328,Maynaguri,,26.5626,88.8204,3,bhangamali
IN,India,India,735224,Madhabdanga,West Bengal,28,Jalpaiguri,328,Maynaguri,,26.5626,88.8204,3,madhabdanga
IN,India,India,735224,Madhya Khagrabari,West Bengal,28,Jalpaiguri,328,Maynaguri,,26.5626,88.8204,3,madhya-khagrabari
IN,India,India,735224,Nutan Bazar,West Bengal,28,Jalpaiguri,328,Maynaguri,,26.5626,88.8204,3,nutan-bazar
IN,India,India,735224,Dakhin Moamari,West Bengal,28,Jalpaiguri,328,Maynaguri,,26.5626,88.8204,3,dakhin-moamari
IN,India,India,735224,Jalpesh Mandir,West Bengal,28,Jalpaiguri,328,Maynaguri,,26.5626,88.8204,3,jalpesh-mandir
IN,India,India,735224,Ulladabri,West Bengal,28,Jalpaiguri,328,Maynaguri,,26.5626,88.8204,3,ulladabri
IN,India,India,735225,Champaguri,West Bengal,28,Jalpaiguri,328,Nagrakata,,26.8803,88.9013,3,champaguri
IN,India,India,735225,Sulkapara,West Bengal,28,Jalpaiguri,328,Nagrakata,,26.8803,88.9013,3,sulkapara
IN,India,India,735225,Jiti,West Bengal,28,Jalpaiguri,328,Nagrakata,,26.8803,88.9013,3,jiti
IN,India,India,735225,Nagrakata,West Bengal,28,Jalpaiguri,328,Nagrakata,,26.8803,88.9013,4,nagrakata
IN,India,India,735228,Dumchipara,West Bengal,28,Jalpaiguri,328,Madarihat,,26.8052,89.0414,1,dumchipara
IN,India,India,735229,Rungamatee,West Bengal,28,Jalpaiguri,328,Mal,,26.8052,89.0414,1,rungamatee
IN,India,India,735229,Sailihat,West Bengal,28,Jalpaiguri,328,Mal,,26.8052,89.0414,1,sailihat
IN,India,India,735230,Neora,West Bengal,28,Jalpaiguri,328,Mal,,26.725,88.7436,4,neora
IN,India,India,735230,Haihaipathar,West Bengal,28,Jalpaiguri,328,Mal,,26.725,88.7436,3,haihaipathar
IN,India,India,735230,Baradighi,West Bengal,28,Jalpaiguri,328,Matteli,,26.725,88.7436,3,baradighi
IN,India,India,735232,Binnaguri Cantt,West Bengal,28,Jalpaiguri,328,Dhupguri,,26.725,88.7436,1,binnaguri-cantt
IN,India,India,735233,Purbaduramari,West Bengal,28,Jalpaiguri,328,Dhupguri,,26.725,88.7436,1,purbaduramari
IN,India,India,735233,Garialtari,West Bengal,28,Jalpaiguri,328,Dhupguri,,26.725,88.7436,1,garialtari
IN,India,India,735233,Nathuahat,West Bengal,28,Jalpaiguri,328,Dhupguri,,26.725,88.7436,1,nathuahat
IN,India,India,735233,Bamni,West Bengal,28,Jalpaiguri,328,Dhupguri,,26.725,88.7436,1,bamni
IN,India,India,735233,Laxmikantapara,West Bengal,28,Jalpaiguri,328,Dhupguri,,26.725,88.7436,1,laxmikantapara
IN,India,India,735234,Gajaldoba,West Bengal,28,Jalpaiguri,328,Mal,,26.725,88.7436,1,gajaldoba
IN,India,India,735302,Singimari,West Bengal,28,Jalpaiguri,328,Maynaguri,,26.6605,89.0844,3,singimari
IN,India,India,735302,Bagjan,West Bengal,28,Jalpaiguri,328,Maynaguri,,26.6605,89.0844,3,bagjan
IN,India,India,735302,Boulbari,West Bengal,28,Jalpaiguri,328,Maynaguri,,26.6605,89.0844,3,boulbari
IN,India,India,735302,Kumarpara,West Bengal,28,Jalpaiguri,328,Maynaguri,,26.6605,89.0844,4,kumarpara
IN,India,India,735302,Domohani,West Bengal,28,Jalpaiguri,328,Maynaguri,,26.6605,89.0844,3,domohani
IN,India,India,735303,Jamaldah,West Bengal,28,Jalpaiguri,328,Mekhliganjs.o.,,26.6605,89.0844,1,jamaldah
IN,India,India,735305,Bhuskadanga,West Bengal,28,Jalpaiguri,328,Maynaguri,,26.6605,89.0844,3,bhuskadanga
IN,India,India,735305,Bakali,West Bengal,28,Jalpaiguri,328,Maynaguri,,26.6605,89.0844,3,bakali
IN,India,India,735305,Barakamat,West Bengal,28,Jalpaiguri,328,Maynaguri,,26.6605,89.0844,3,barakamat
IN,India,India,735305,Bhotepatty,West Bengal,28,Jalpaiguri,328,Maynaguri,,26.6605,89.0844,3,bhotepatty
IN,India,India,735305,Putimari,West Bengal,28,Jalpaiguri,328,Maynaguri,,26.6605,89.0844,3,putimari
IN,India,India,735305,Padamati,West Bengal,28,Jalpaiguri,328,Maynaguri,,26.6605,89.0844,3,padamati
IN,India,India,735305,Dharampur,West Bengal,28,Jalpaiguri,328,Maynaguri,,26.6605,89.0844,4,dharampur
IN,India,India,735305,Dangapara Ashram,West Bengal,28,Jalpaiguri,328,Maynaguri,,26.6605,89.0844,3,dangapara-ashram
IN,India,India,735305,Jorepakri,West Bengal,28,Jalpaiguri,328,Maynaguri,,26.6605,89.0844,3,jorepakri
IN,India,India,735305,Helapakri,West Bengal,28,Jalpaiguri,328,Maynaguri,,26.6605,89.0844,3,helapakri
IN,India,India,736206,Dhawlajhora,West Bengal,28,Jalpaiguri,328,Alipurduar,,26.5148,89.6522,3,dhawlajhora
IN,India,India,736206,Baniadabri,West Bengal,28,Jalpaiguri,328,Alipurduar,,26.5148,89.6522,3,baniadabri
IN,India,India,736206,Barachaukirbash,West Bengal,28,Jalpaiguri,328,Alipurduar - II,,26.5148,89.6522,3,barachaukirbash
IN,India,India,736206,Baniagaon,West Bengal,28,Jalpaiguri,328,Alipurduar,,26.5148,89.6522,3,baniagaon
IN,India,India,735122,Haldibari,West Bengal,28,Cooch Behar,329,Haldibari,,26.3389,88.7822,4,haldibari
IN,India,India,735122,Boxiganj,West Bengal,28,Cooch Behar,329,Haldibari,,26.291,89.3437,3,boxiganj
IN,India,India,735122,Satkura,West Bengal,28,Cooch Behar,329,Haldibari,,26.291,89.3437,3,satkura
IN,India,India,735122,Uttar Daribash,West Bengal,28,Cooch Behar,329,Haldibari,,26.291,89.3437,3,uttar-daribash
IN,India,India,735122,Fatehmamud,West Bengal,28,Cooch Behar,329,Haldibari,,26.291,89.3437,3,fatehmamud
IN,India,India,735122,Bara Haldibari,West Bengal,28,Cooch Behar,329,Haldibari,,26.291,89.3437,3,bara-haldibari
IN,India,India,735122,Bagribarihat,West Bengal,28,Cooch Behar,329,Haldibari,,26.291,89.3437,3,bagribarihat
IN,India,India,735122,Debottar Boxiganj,West Bengal,28,Cooch Behar,329,Haldibari,,26.291,89.3437,3,debottar-boxiganj
IN,India,India,735122,Dewanganj,West Bengal,28,Cooch Behar,329,Haldibari,,26.291,89.3437,4,dewanganj
IN,India,India,735122,Boalmari,West Bengal,28,Cooch Behar,329,Jalpaiguri,,26.291,89.3437,4,boalmari
IN,India,India,735122,Daripattani,West Bengal,28,Cooch Behar,329,Haldibari,,26.291,89.3437,3,daripattani
IN,India,India,735122,Manikganjhat,West Bengal,28,Cooch Behar,329,Haldibari,,26.291,89.3437,3,manikganjhat
IN,India,India,735122,Khayerbari,West Bengal,28,Cooch Behar,329,Haldibari,,26.291,89.3437,3,khayerbari
IN,India,India,735122,Bhabani Nagar,West Bengal,28,Cooch Behar,329,Haldibari,,26.291,89.3437,3,bhabani-nagar
IN,India,India,735122,Paschim Hemkumari,West Bengal,28,Cooch Behar,329,Haldibari,,26.291,89.3437,3,paschim-hemkumari
IN,India,India,735211,Atpukuria Nayahat,West Bengal,28,Cooch Behar,329,Mathabhanga - II,,26.4963,89.2102,3,atpukuria-nayahat
IN,India,India,735224,Amguri Bazar,West Bengal,28,Cooch Behar,329,Mekhliganj,,26.291,89.3437,3,amguri-bazar
IN,India,India,735224,Alok Jhari,West Bengal,28,Cooch Behar,329,Mekhliganj,,26.291,89.3437,3,alok-jhari
IN,India,India,735301,Kamat Changrabandha,West Bengal,28,Cooch Behar,329,Mekliganj,,26.4156,88.9187,3,kamat-changrabandha
IN,India,India,735301,Changrabandha,West Bengal,28,Cooch Behar,329,Mekliganj,,26.4156,88.9187,4,changrabandha
IN,India,India,735301,Ranirhat,West Bengal,28,Cooch Behar,329,Mekliganj,,26.4156,88.9187,3,ranirhat
IN,India,India,735301,Bhotebari,West Bengal,28,Cooch Behar,329,Mekhliganj,,26.4156,88.9187,3,bhotebari
IN,India,India,735301,Doradabri,West Bengal,28,Cooch Behar,329,Mekliganj,,26.4156,88.9187,3,doradabri
IN,India,India,735303,Bhogramguri,West Bengal,28,Cooch Behar,329,Mathabhanga,,26.291,89.3437,1,bhogramguri
IN,India,India,735303,Dhulia Baldihati,West Bengal,28,Cooch Behar,329,Mekliganj,,26.291,89.3437,1,dhulia-baldihati
IN,India,India,735303,Buraburi,West Bengal,28,Cooch Behar,329,Mekliganj,,26.291,89.3437,1,buraburi
IN,India,India,735303,Bairagirhat,West Bengal,28,Cooch Behar,329,Mekliganj,,26.291,89.3437,1,bairagirhat
IN,India,India,735303,Ashokebari,West Bengal,28,Cooch Behar,329,Mekliganj,,26.291,89.3437,1,ashokebari
IN,India,India,735303,Giladanga,West Bengal,28,Cooch Behar,329,Mekliganj,,26.291,89.3437,1,giladanga
IN,India,India,735303,Joresimuli,West Bengal,28,Cooch Behar,329,Mekliganj,,26.291,89.3437,1,joresimuli
IN,India,India,735303,Keshoribari,West Bengal,28,Cooch Behar,329,Mekliganj,,26.291,89.3437,1,keshoribari
IN,India,India,735303,Dhulia Khalisa,West Bengal,28,Cooch Behar,329,Mekhliganj,,26.291,89.3437,1,dhulia-khalisa
IN,India,India,735303,Barogopalpur,West Bengal,28,Cooch Behar,329,Mekliganj,,26.291,89.3437,1,barogopalpur
IN,India,India,735303,Dhulia Uchalpukuri,West Bengal,28,Cooch Behar,329,Mekhliganj,,26.291,89.3437,1,dhulia-uchalpukuri
IN,India,India,735303,Bamunia West,West Bengal,28,Cooch Behar,329,Mekliganj,,26.291,89.3437,1,bamunia-west
IN,India,India,735303,Panigram,West Bengal,28,Cooch Behar,329,Mekliganj,,26.291,89.3437,1,panigram
IN,India,India,735303,Uchalpukuri,West Bengal,28,Cooch Behar,329,Mekhliganj,,26.291,89.3437,1,uchalpukuri
IN,India,India,735303,Thunkirjhar,West Bengal,28,Cooch Behar,329,Mekhliganj,,26.291,89.3437,1,thunkirjhar
IN,India,India,735304,Niztaraf,West Bengal,28,Cooch Behar,329,Mekhliganj,,26.291,89.3437,1,niztaraf
IN,India,India,735304,Upen Chowki Kuchlibari,West Bengal,28,Cooch Behar,329,Mekhliganj,,26.291,89.3437,1,upen-chowki-kuchlibari
IN,India,India,735304,Kuchlibari,West Bengal,28,Cooch Behar,329,Mekhliganj,,26.291,89.3437,1,kuchlibari
IN,India,India,735304,Bagdokra,West Bengal,28,Cooch Behar,329,Mekhliganj,,26.291,89.3437,1,bagdokra
IN,India,India,735304,N U Kuchlibari,West Bengal,28,Cooch Behar,329,Mekhliganj,,26.291,89.3437,1,n-u-kuchlibari
IN,India,India,735304,Fulkadabri,West Bengal,28,Cooch Behar,329,Mekhliganj,,26.291,89.3437,1,fulkadabri
IN,India,India,735304,Brahamattar Kuchilibari,West Bengal,28,Cooch Behar,329,Mekliganj,,26.291,89.3437,1,brahamattar-kuchilibari
IN,India,India,735304,Kharkharia,West Bengal,28,Cooch Behar,329,Mekliganj,,26.291,89.3437,1,kharkharia
IN,India,India,735304,Mekhliganj,West Bengal,28,Cooch Behar,329,Mekhliganj,,26.291,89.3437,1,mekhliganj
IN,India,India,736101,Durgabari Subhash Pally,West Bengal,28,Cooch Behar,329,Cooch Behar - I,,26.291,89.3437,1,durgabari-subhash-pally
IN,India,India,736101,Kharimala Khagrbari,West Bengal,28,Cooch Behar,329,Cooch Behar - I,,26.291,89.3437,1,kharimala-khagrbari
IN,India,India,736101,Gunjabari,West Bengal,28,Cooch Behar,329,Cooch Behar - I,,26.291,89.3437,1,gunjabari
IN,India,India,736101,Cooch Behar Railway Station,West Bengal,28,Cooch Behar,329,Cooch Behar - I,,26.291,89.3437,1,cooch-behar-railway-station
IN,India,India,736101,Cooch Behar Bazar,West Bengal,28,Cooch Behar,329,Cooch Behar - I,,26.291,89.3437,1,cooch-behar-bazar
IN,India,India,736101,Bangchatra,West Bengal,28,Cooch Behar,329,Cooch Behar - I,,26.291,89.3437,1,bangchatra
IN,India,India,736101,Cooch Behar H.O,West Bengal,28,Cooch Behar,329,Cooch Behar - I,,26.291,89.3437,1,cooch-behar-h-o
IN,India,India,736101,Patakura (Cooch Behar),West Bengal,28,Cooch Behar,329,Cooch Behar - I,,26.291,89.3437,1,patakura-cooch-behar
IN,India,India,736101,Cooch Behar New Town,West Bengal,28,Cooch Behar,329,Cooch Behar - I,,26.291,89.3437,1,cooch-behar-new-town
IN,India,India,736131,Bhainskuchi.,West Bengal,28,Cooch Behar,329,Bakshirhat,,26.3692,89.7693,4,bhainskuchi
IN,India,India,736131,Bhanukumari,West Bengal,28,Cooch Behar,329,Tufanganj,,26.3514,89.7649,4,bhanukumari
IN,India,India,736131,Nakarkhana,West Bengal,28,Cooch Behar,329,Tufanganj,,26.336,89.7518,4,nakarkhana
IN,India,India,736131,Shilghagri,West Bengal,28,Cooch Behar,329,Tufanganj,,26.3771,89.7699,3,shilghagri
IN,India,India,736131,Bakshirhat,West Bengal,28,Cooch Behar,329,Tufanganj,,26.3771,89.7699,3,bakshirhat
IN,India,India,736131,Uttar Falimari,West Bengal,28,Cooch Behar,329,Tufanganj - II,,26.3771,89.7699,3,uttar-falimari
IN,India,India,736131,Chhitbaralaukuthi,West Bengal,28,Cooch Behar,329,Tufanganj,,26.3771,89.7699,3,chhitbaralaukuthi
IN,India,India,736131,Balakuthi,West Bengal,28,Cooch Behar,329,Tufanganj,,26.3771,89.7699,3,balakuthi
IN,India,India,736131,Bakla,West Bengal,28,Cooch Behar,329,Tufanganj,,26.3884,89.7594,4,bakla
IN,India,India,736131,Falimari,West Bengal,28,Cooch Behar,329,Tufanganj,,26.3962,89.8222,4,falimari
IN,India,India,736131,Rasikbil,West Bengal,28,Cooch Behar,329,Tufanganj,,26.4213,89.7517,4,rasikbil
IN,India,India,736133,Gopalpur,West Bengal,28,Cooch Behar,329,Cooch Behar,,26.291,89.3437,4,gopalpur
IN,India,India,736133,Khapaidanga,West Bengal,28,Cooch Behar,329,Cooch Behar,,26.291,89.3437,3,khapaidanga
IN,India,India,736133,Bokalirmath,West Bengal,28,Cooch Behar,329,Cooch Behar,,26.291,89.3437,3,bokalirmath
IN,India,India,736133,Chhagalber.,West Bengal,28,Cooch Behar,329,Cooch Behar,,26.291,89.3437,3,chhagalber
IN,India,India,736133,Chaudanga,West Bengal,28,Cooch Behar,329,Cooch Behar,,26.291,89.3437,3,chaudanga
IN,India,India,736133,Purba Gopalpur,West Bengal,28,Cooch Behar,329,Cooch Behar - II,,26.291,89.3437,3,purba-gopalpur
IN,India,India,736133,Siddheswari,West Bengal,28,Cooch Behar,329,Cooch Behar,,26.291,89.3437,4,siddheswari
IN,India,India,736133,Bhatlaguri,West Bengal,28,Cooch Behar,329,Cooch Behar,,26.291,89.3437,3,bhatlaguri
IN,India,India,736133,Sonari,West Bengal,28,Cooch Behar,329,Cooch Behar,,26.291,89.3437,3,sonari
IN,India,India,736133,Hatiduba,West Bengal,28,Cooch Behar,329,Cooch Behar,,26.291,89.3437,3,hatiduba
IN,India,India,736133,Baneswar,West Bengal,28,Cooch Behar,329,Cooch Behar,,26.291,89.3437,3,baneswar
IN,India,India,736133,Ambari,West Bengal,28,Cooch Behar,329,Cooch Behar,,26.291,89.3437,4,ambari
IN,India,India,736133,Kaljani,West Bengal,28,Cooch Behar,329,Cooch Behar,,26.291,89.3437,3,kaljani
IN,India,India,736133,Uttar Ambari,West Bengal,28,Cooch Behar,329,Cooch Behar - II,,26.291,89.3437,4,uttar-ambari
IN,India,India,736133,Nayarhat,West Bengal,28,Cooch Behar,329,Cooch Behar - II,,26.291,89.3437,3,nayarhat
IN,India,India,736134,Dighaltari,West Bengal,28,Cooch Behar,329,Dinhata,,26.291,89.3437,3,dighaltari
IN,India,India,736134,Dhumpur Balasi,West Bengal,28,Cooch Behar,329,Dinhata,,26.291,89.3437,3,dhumpur-balasi
IN,India,India,736134,Ruerkuthi,West Bengal,28,Cooch Behar,329,Dinhata,,26.291,89.3437,3,ruerkuthi
IN,India,India,736134,Souldhukri,West Bengal,28,Cooch Behar,329,Cooch Behar - I,,26.291,89.3437,3,souldhukri
IN,India,India,736134,Chekadera,West Bengal,28,Cooch Behar,329,Tufanganj - II,,26.291,89.3437,3,chekadera
IN,India,India,736134,Brahmanir Chauki,West Bengal,28,Cooch Behar,329,Dinhata,,26.291,89.3437,3,brahmanir-chauki
IN,India,India,736134,Bhetaguri,West Bengal,28,Cooch Behar,329,Dinhata - I,,26.291,89.3437,3,bhetaguri
IN,India,India,736134,Balairhat,West Bengal,28,Cooch Behar,329,Cooch Behar - I,,26.291,89.3437,3,balairhat
IN,India,India,736134,Bhulki,West Bengal,28,Cooch Behar,329,Dinhata,,26.291,89.3437,4,bhulki
IN,India,India,736134,Ghegirghat.,West Bengal,28,Cooch Behar,329,Cooch Behar,,26.291,89.3437,3,ghegirghat
IN,India,India,736134,Nazirhat,West Bengal,28,Cooch Behar,329,Dinhata - II,,26.291,89.3437,3,nazirhat
IN,India,India,736134,Dewanhat,West Bengal,28,Cooch Behar,329,Cooch Behar - I,,26.291,89.3437,3,dewanhat
IN,India,India,736134,Moamari,West Bengal,28,Cooch Behar,329,Dinhata,,26.291,89.3437,3,moamari
IN,India,India,736134,Borodanga,West Bengal,28,Cooch Behar,329,Dinhata,,26.291,89.3437,3,borodanga
IN,India,India,736134,Panisala,West Bengal,28,Cooch Behar,329,Dinhata,,26.291,89.3437,3,panisala
IN,India,India,736134,Kumarganj,West Bengal,28,Cooch Behar,329,Dinhata,,26.291,89.3437,3,kumarganj
IN,India,India,736134,Mansab Seoraguri,West Bengal,28,Cooch Behar,329,Dinhata,,26.291,89.3437,3,mansab-seoraguri
IN,India,India,736134,Kamat Seoraguri,West Bengal,28,Cooch Behar,329,Dinhata - II,,26.291,89.3437,3,kamat-seoraguri
IN,India,India,736134,Haribhanga,West Bengal,28,Cooch Behar,329,Dinhata,,26.291,89.3437,3,haribhanga
IN,India,India,736134,Khutamara,West Bengal,28,Cooch Behar,329,Dinhata,,26.291,89.3437,3,khutamara
IN,India,India,736134,Pushnadanga,West Bengal,28,Cooch Behar,329,Dinhata,,26.291,89.3437,3,pushnadanga
IN,India,India,736134,Jiranpur,West Bengal,28,Cooch Behar,329,Dinhata,,26.291,89.3437,3,jiranpur
IN,India,India,736134,Salmara,West Bengal,28,Cooch Behar,329,Dinhata,,26.291,89.3437,3,salmara
IN,India,India,736135,Karala,West Bengal,28,Cooch Behar,329,Dinhata,,26.1353,89.4613,3,karala
IN,India,India,736135,Dinhata,West Bengal,28,Cooch Behar,329,Dinhata - I,,26.1353,89.4613,4,dinhata
IN,India,India,736135,Gitaldaha Atiabari,West Bengal,28,Cooch Behar,329,Dinhata,,26.1353,89.4613,3,gitaldaha-atiabari
IN,India,India,736135,Bara Atiabari,West Bengal,28,Cooch Behar,329,Dinhata,,26.1353,89.4613,3,bara-atiabari
IN,India,India,736135,Ratinandan Konamukta Payesthi,West Bengal,28,Cooch Behar,329,Dinhata,,26.1353,89.4613,3,ratinandan-konamukta-payesthi
IN,India,India,736135,Petla,West Bengal,28,Cooch Behar,329,Dinhata,,26.1353,89.4613,3,petla
IN,India,India,736135,Bhutkura,West Bengal,28,Cooch Behar,329,Dinhata,,26.1353,89.4613,3,bhutkura
IN,India,India,736135,Putimari,West Bengal,28,Cooch Behar,329,Dinhata,,26.1353,89.4613,3,putimari
IN,India,India,736135,Bhagni Part-I.,West Bengal,28,Cooch Behar,329,Dinhata - I,,26.1353,89.4613,3,bhagni-part-i
IN,India,India,736135,Dinhata Bazar,West Bengal,28,Cooch Behar,329,Dinhata - I,,26.1353,89.4613,3,dinhata-bazar
IN,India,India,736135,Jarabari,West Bengal,28,Cooch Behar,329,Dinhata - I,,26.1353,89.4613,3,jarabari
IN,India,India,736135,Balakandi,West Bengal,28,Cooch Behar,329,NA,,26.1353,89.4613,3,balakandi
IN,India,India,736135,Koalidaha,West Bengal,28,Cooch Behar,329,Dinhata,,26.1353,89.4613,3,koalidaha
IN,India,India,736135,Gitaldaha,West Bengal,28,Cooch Behar,329,Dinhata - I,,26.1353,89.4613,3,gitaldaha
IN,India,India,736135,Baranachina,West Bengal,28,Cooch Behar,329,Dinhata - I,,26.1353,89.4613,3,baranachina
IN,India,India,736135,Chhoto Atiabari,West Bengal,28,Cooch Behar,329,Dinhata,,26.1353,89.4613,3,chhoto-atiabari
IN,India,India,736135,Matalhat,West Bengal,28,Cooch Behar,329,Dinhata - I,,26.1353,89.4613,3,matalhat
IN,India,India,736135,Balairhat,West Bengal,28,Cooch Behar,329,Dinhata,,26.1353,89.4613,3,balairhat
IN,India,India,736135,Natkobarihat,West Bengal,28,Cooch Behar,329,Dinhata - II,,26.1353,89.4613,3,natkobarihat
IN,India,India,736135,Bhalka Putimari,West Bengal,28,Cooch Behar,329,Dinhata,,26.1353,89.4613,3,bhalka-putimari
IN,India,India,736135,Jamadarerbash,West Bengal,28,Cooch Behar,329,Dinhata,,26.1353,89.4613,3,jamadarerbash
IN,India,India,736135,Subachanirpath,West Bengal,28,Cooch Behar,329,Dinhata - I,,26.1353,89.4613,3,subachanirpath
IN,India,India,736135,Singimari Madnakura,West Bengal,28,Cooch Behar,329,Dinhata - I,,26.1353,89.4613,3,singimari-madnakura
IN,India,India,736135,Gobrasara.,West Bengal,28,Cooch Behar,329,Dinhata - I,,26.1353,89.4613,3,gobrasara
IN,India,India,736135,Baravita,West Bengal,28,Cooch Behar,329,Dinhata,,26.1353,89.4613,3,baravita
IN,India,India,736135,Kawrai,West Bengal,28,Cooch Behar,329,Dinhata,,26.1353,89.4613,3,kawrai
IN,India,India,736145,Gossanimari,West Bengal,28,Cooch Behar,329,Dinhata - I,,26.291,89.3437,3,gossanimari
IN,India,India,736145,Baranatabari,West Bengal,28,Cooch Behar,329,Dinhata,,26.291,89.3437,3,baranatabari
IN,India,India,736145,Bajejama Pakhihaga,West Bengal,28,Cooch Behar,329,NA,,26.291,89.3437,3,bajejama-pakhihaga
IN,India,India,736145,Hatiram Shalbari.,West Bengal,28,Cooch Behar,329,Dinhata,,26.291,89.3437,3,hatiram-shalbari
IN,India,India,736145,Masanpath,West Bengal,28,Cooch Behar,329,Dinhata - I,,26.291,89.3437,3,masanpath
IN,India,India,736145,Nutanbosh.,West Bengal,28,Cooch Behar,329,Dinhata - I,,26.291,89.3437,3,nutanbosh
IN,India,India,736145,Phulbari,West Bengal,28,Cooch Behar,329,Dinhata - I,,26.291,89.3437,4,phulbari
IN,India,India,736145,Pakhihaga,West Bengal,28,Cooch Behar,329,Dinhata,,26.291,89.3437,3,pakhihaga
IN,India,India,736146,South Bhangamore,West Bengal,28,Cooch Behar,329,Mathabhanga - I,,26.291,89.3437,3,south-bhangamore
IN,India,India,736146,Bhangamore,West Bengal,28,Cooch Behar,329,Mathabhanga,,26.291,89.3437,3,bhangamore
IN,India,India,736146,Jorepatki,West Bengal,28,Cooch Behar,329,Mathabhanga,,26.291,89.3437,3,jorepatki
IN,India,India,736146,Jatamari,West Bengal,28,Cooch Behar,329,Mathabhanga,,26.291,89.3437,3,jatamari
IN,India,India,736146,Khalishamari,West Bengal,28,Cooch Behar,329,Mathabhanga - I,,26.291,89.3437,3,khalishamari
IN,India,India,736146,Pachagarh,West Bengal,28,Cooch Behar,329,Mathabhanga,,26.291,89.3437,3,pachagarh
IN,India,India,736146,Kawardera,West Bengal,28,Cooch Behar,329,Mathabhanga,,26.291,89.3437,3,kawardera
IN,India,India,736146,Mahishcharu,West Bengal,28,Cooch Behar,329,Mathabhanga,,26.291,89.3437,3,mahishcharu
IN,India,India,736146,Barogharia Garkuta,West Bengal,28,Cooch Behar,329,Mathabhanga,,26.291,89.3437,3,barogharia-garkuta
IN,India,India,736146,Kurshamari,West Bengal,28,Cooch Behar,329,Mathabhanga,,26.291,89.3437,3,kurshamari
IN,India,India,736146,Shikarpur,West Bengal,28,Cooch Behar,329,Mathabhanga,,26.291,89.3437,4,shikarpur
IN,India,India,736146,Kanfata,West Bengal,28,Cooch Behar,329,Mathabhanga,,26.291,89.3437,3,kanfata
IN,India,India,736146,Gadaler kuthi.,West Bengal,28,Cooch Behar,329,Mathabhanga,,26.291,89.3437,3,gadaler-kuthi
IN,India,India,736146,Mathabhanga,West Bengal,28,Cooch Behar,329,Mathabhanga,,26.342,89.2156,4,mathabhanga
IN,India,India,736146,Andaran Pakhihaga,West Bengal,28,Cooch Behar,329,Mathabhanga,,26.291,89.3437,3,andaran-pakhihaga
IN,India,India,736156,Baikunthapur,West Bengal,28,Cooch Behar,329,Cooch Behar,,26.291,89.3437,4,baikunthapur
IN,India,India,736156,Airani Chitalia,West Bengal,28,Cooch Behar,329,Cooch Behar,,26.291,89.3437,3,airani-chitalia
IN,India,India,736156,Charaljani,West Bengal,28,Cooch Behar,329,Cooch Behar,,26.291,89.3437,3,charaljani
IN,India,India,736156,Konamali Khapaidanga,West Bengal,28,Cooch Behar,329,Cooch Behar,,26.291,89.3437,3,konamali-khapaidanga
IN,India,India,736156,Nilkuthi,West Bengal,28,Cooch Behar,329,Cooch Behar,,26.291,89.3437,3,nilkuthi
IN,India,India,736156,Pestarjhar,West Bengal,28,Cooch Behar,329,Cooch Behar,,26.291,89.3437,3,pestarjhar
IN,India,India,736156,Talliguri,West Bengal,28,Cooch Behar,329,Cooch Behar,,26.291,89.3437,3,talliguri
IN,India,India,736156,Ghogarkuthi,West Bengal,28,Cooch Behar,329,coochbehar,,26.291,89.3437,3,ghogarkuthi
IN,India,India,736156,Chakchaka,West Bengal,28,Cooch Behar,329,Cooch Behar,,26.291,89.3437,3,chakchaka
IN,India,India,736156,Bhelakopa,West Bengal,28,Cooch Behar,329,Cooch Behar,,26.291,89.3437,3,bhelakopa
IN,India,India,736156,Deocharai,West Bengal,28,Cooch Behar,329,Tufanganj,,26.291,89.3437,3,deocharai
IN,India,India,736156,Bhelapeta,West Bengal,28,Cooch Behar,329,Cooch Behar,,26.291,89.3437,3,bhelapeta
IN,India,India,736156,Dawaguri,West Bengal,28,Cooch Behar,329,Cooch Behar,,26.291,89.3437,3,dawaguri
IN,India,India,736156,Chhatoa,West Bengal,28,Cooch Behar,329,Cooch Behar,,26.291,89.3437,3,chhatoa
IN,India,India,736156,Chat Bara Chauki,West Bengal,28,Cooch Behar,329,Cooch Behar,,26.291,89.3437,3,chat-bara-chauki
IN,India,India,736156,Krishnapur,West Bengal,28,Cooch Behar,329,Cooch Behar,,26.291,89.3437,4,krishnapur
IN,India,India,736156,Natabari,West Bengal,28,Cooch Behar,329,Tufanganj,,26.3892,89.5917,4,natabari
IN,India,India,736156,Maruganj,West Bengal,28,Cooch Behar,329,Tufanganj - I,,26.3095,89.5616,4,maruganj
IN,India,India,736157,Elajanerkuthi,West Bengal,28,Cooch Behar,329,Mathabhanga,,26.3144,89.3013,3,elajanerkuthi
IN,India,India,736157,Putimari Fuleswari,West Bengal,28,Cooch Behar,329,Mathabhanga,,26.3144,89.3013,3,putimari-fuleswari
IN,India,India,736157,Akrahat Bandar.,West Bengal,28,Cooch Behar,329,Mathabhanga - II,,26.3144,89.3013,3,akrahat-bandar
IN,India,India,736157,Angarkata Paradubi,West Bengal,28,Cooch Behar,329,Mathabhanga,,26.3144,89.3013,3,angarkata-paradubi
IN,India,India,736157,Nishiganj,West Bengal,28,Cooch Behar,329,Mathabhanga - II,,26.3144,89.3013,4,nishiganj
IN,India,India,736157,Bairati,West Bengal,28,Cooch Behar,329,Mathabhanga,,26.3144,89.3013,3,bairati
IN,India,India,736157,Maghpala,West Bengal,28,Cooch Behar,329,Mathabhanga,,26.3144,89.3013,3,maghpala
IN,India,India,736157,Bhogmara,West Bengal,28,Cooch Behar,329,Mathabhanga,,26.3144,89.3013,3,bhogmara
IN,India,India,736157,Chilkirhat,West Bengal,28,Cooch Behar,329,Cooch Behar - II,,26.3144,89.3013,3,chilkirhat
IN,India,India,736157,Domuka Nayarhat,West Bengal,28,Cooch Behar,329,Cooch Behar - I,,26.3144,89.3013,3,domuka-nayarhat
IN,India,India,736157,Matiarkuthi,West Bengal,28,Cooch Behar,329,Mathabhanga,,26.3144,89.3013,3,matiarkuthi
IN,India,India,736157,Patchhara,West Bengal,28,Cooch Behar,329,Mathabhanga,,26.3144,89.3013,3,patchhara
IN,India,India,736157,Patpishu,West Bengal,28,Cooch Behar,329,Mathabhanga,,26.3144,89.3013,3,patpishu
IN,India,India,736157,Shildanga,West Bengal,28,Cooch Behar,329,Mathabhanga,,26.3144,89.3013,3,shildanga
IN,India,India,736158,Lalbazar Part II,West Bengal,28,Cooch Behar,329,Sitalkuchi,,26.1634,89.1838,3,lalbazar-part-ii
IN,India,India,736158,Purba Sitalkuchi,West Bengal,28,Cooch Behar,329,Sitalkuchi,,26.1634,89.1838,3,purba-sitalkuchi
IN,India,India,736158,Golenowhati.,West Bengal,28,Cooch Behar,329,Sitalkuchi,,26.1634,89.1838,3,golenowhati
IN,India,India,736158,Nagarlal Bazar,West Bengal,28,Cooch Behar,329,Sitalkuchi,,26.1634,89.1838,3,nagarlal-bazar
IN,India,India,736158,Baramaricha,West Bengal,28,Cooch Behar,329,Sitalkuchi,,26.1634,89.1838,3,baramaricha
IN,India,India,736158,Sitalkuchi,West Bengal,28,Cooch Behar,329,Sitalkuchi,,26.1634,89.1838,4,sitalkuchi
IN,India,India,736158,Bamanpara,West Bengal,28,Cooch Behar,329,Sitalkuchi,,26.291,89.3437,3,bamanpara
IN,India,India,736159,Dwiperpar,West Bengal,28,Cooch Behar,329,Tufanganj,,26.2478,89.2194,3,dwiperpar
IN,India,India,736159,Dorko Chengtimari.,West Bengal,28,Cooch Behar,329,Tufanganj,,26.2478,89.2194,3,dorko-chengtimari
IN,India,India,736159,Balabhut,West Bengal,28,Cooch Behar,329,Tufanganj,,26.2478,89.2194,3,balabhut
IN,India,India,736159,Dhadial,West Bengal,28,Cooch Behar,329,Tufanganj - I,,26.2478,89.2194,3,dhadial
IN,India,India,736159,Bhurkush,West Bengal,28,Cooch Behar,329,Tufanganj,,26.2478,89.2194,3,bhurkush
IN,India,India,736159,Andaran fulbari West,West Bengal,28,Cooch Behar,329,Tufanganj,,26.2478,89.2194,3,andaran-fulbari-west
IN,India,India,736159,Kashidanga,West Bengal,28,Cooch Behar,329,Tufanganj - I,,26.2478,89.2194,3,kashidanga
IN,India,India,736159,Nagurhat,West Bengal,28,Cooch Behar,329,Tufanganj - II,,26.2478,89.2194,3,nagurhat
IN,India,India,736159,Kamat fulbabari,West Bengal,28,Cooch Behar,329,Tufanganj - II,,26.2478,89.2194,3,kamat-fulbabari
IN,India,India,736159,Uttar Ghogerkuthi,West Bengal,28,Cooch Behar,329,Tufanganj - I,,26.2478,89.2194,3,uttar-ghogerkuthi
IN,India,India,736159,Debagram,West Bengal,28,Cooch Behar,329,Tufanganj - II,,26.291,89.3437,3,debagram
IN,India,India,736159,Andaran Fulbari,West Bengal,28,Cooch Behar,329,Tufanganj,,26.2478,89.2194,3,andaran-fulbari
IN,India,India,736159,Tufanganj,West Bengal,28,Cooch Behar,329,Tufanganj,,26.3169,89.6655,4,tufanganj
IN,India,India,736159,Dhalpal,West Bengal,28,Cooch Behar,329,Tufanganj,,26.3993,89.6508,4,dhalpal
IN,India,India,736159,Chilakhana,West Bengal,28,Cooch Behar,329,Tufanganj,,26.3095,89.5948,4,chilakhana
IN,India,India,736159,Jhaljhali,West Bengal,28,Cooch Behar,329,Tufanganj,,26.291,89.3437,4,jhaljhali
IN,India,India,736159,Bhandijelash,West Bengal,28,Cooch Behar,329,Tufanganj,,26.2478,89.2194,3,bhandijelash
IN,India,India,736159,Jaigir Chilakhana,West Bengal,28,Cooch Behar,329,Tufanganj - I,,26.2478,89.2194,3,jaigir-chilakhana
IN,India,India,736159,Begarkhata,West Bengal,28,Cooch Behar,329,Tufanganj,,26.2478,89.2194,3,begarkhata
IN,India,India,736159,Barokodali,West Bengal,28,Cooch Behar,329,Tufanganj - II,,26.2478,89.2194,3,barokodali
IN,India,India,736159,Barasalbari.,West Bengal,28,Cooch Behar,329,Tufanganj,,26.2478,89.2194,3,barasalbari
IN,India,India,736159,Balapukuri,West Bengal,28,Cooch Behar,329,Tufanganj,,26.2478,89.2194,3,balapukuri
IN,India,India,736159,Balaghat,West Bengal,28,Cooch Behar,329,Tufanganj,,26.2478,89.2194,3,balaghat
IN,India,India,736159,Mansai,West Bengal,28,Cooch Behar,329,Tufanganj - II,,26.2478,89.2194,3,mansai
IN,India,India,736159,Langalgram,West Bengal,28,Cooch Behar,329,Tufanganj - II,,26.2478,89.2194,3,langalgram
IN,India,India,736159,Shalbari,West Bengal,28,Cooch Behar,329,Tufanganj - II,,26.2478,89.2194,3,shalbari
IN,India,India,736159,Harirhat,West Bengal,28,Cooch Behar,329,Tufanganj - II,,26.2478,89.2194,3,harirhat
IN,India,India,736159,Jhawkuthi,West Bengal,28,Cooch Behar,329,Tufanganj - I,,26.2478,89.2194,3,jhawkuthi
IN,India,India,736159,Colony Chamta,West Bengal,28,Cooch Behar,329,Tufanganj - I,,26.2478,89.2194,3,colony-chamta
IN,India,India,736159,Chhatrampur,West Bengal,28,Cooch Behar,329,Tufanganj,,26.2478,89.2194,3,chhatrampur
IN,India,India,736160,Tufanganj New Town,West Bengal,28,Cooch Behar,329,Tufanganj,,26.3599,89.5546,1,tufanganj-new-town
IN,India,India,736160,Uttar Andaranfulbari,West Bengal,28,Cooch Behar,329,Tufanganj,,26.3599,89.5546,1,uttar-andaranfulbari
IN,India,India,736160,Chhat Fulbari,West Bengal,28,Cooch Behar,329,Tufanganj - I,,26.3599,89.5546,1,chhat-fulbari
IN,India,India,736160,Bilsi,West Bengal,28,Cooch Behar,329,Tufanganj,,26.3599,89.5546,1,bilsi
IN,India,India,736165,Pundibari,West Bengal,28,Cooch Behar,329,Cooch Behar - II,,26.2966,89.7645,4,pundibari
IN,India,India,736165,Madhupur,West Bengal,28,Cooch Behar,329,Cooch Behar,,26.291,89.3437,3,madhupur
IN,India,India,736165,Sukhdhanerkuthi,West Bengal,28,Cooch Behar,329,Cooch Behar,,26.3599,89.5546,3,sukhdhanerkuthi
IN,India,India,736165,Dhangdhinguri,West Bengal,28,Cooch Behar,329,Cooch Behar,,26.3599,89.5546,3,dhangdhinguri
IN,India,India,736165,Chandanchaura,West Bengal,28,Cooch Behar,329,Cooch Behar,,26.3599,89.5546,3,chandanchaura
IN,India,India,736165,Rajarhat,West Bengal,28,Cooch Behar,329,Cooch Behar - II,,26.3599,89.5546,3,rajarhat
IN,India,India,736165,Patlakhawa,West Bengal,28,Cooch Behar,329,Cooch Behar,,26.3599,89.5546,3,patlakhawa
IN,India,India,736165,Holongerkuthi,West Bengal,28,Cooch Behar,329,Cooch Behar,,26.3599,89.5546,3,holongerkuthi
IN,India,India,736165,East Sakunibala,West Bengal,28,Cooch Behar,329,Cooch Behar - II,,26.3599,89.5546,3,east-sakunibala
IN,India,India,736165,Sajerpar Ghoramara,West Bengal,28,Cooch Behar,329,Cooch Behar,,26.4231,89.3447,4,sajerpar-ghoramara
IN,India,India,736165,Chhoto Khairatibari,West Bengal,28,Cooch Behar,329,Cooch Behar - II,,26.3599,89.5546,3,chhoto-khairatibari
IN,India,India,736165,Maranadirkuthi.,West Bengal,28,Cooch Behar,329,Cooch Behar,,26.3599,89.5546,3,maranadirkuthi
IN,India,India,736167,Silduar,West Bengal,28,Cooch Behar,329,Sitai,,26.3599,89.5546,1,silduar
IN,India,India,736167,Sitaihat,West Bengal,28,Cooch Behar,329,Sitai,,26.3599,89.5546,1,sitaihat
IN,India,India,736167,Nakarjan,West Bengal,28,Cooch Behar,329,Sitai,,26.3599,89.5546,1,nakarjan
IN,India,India,736167,Chorekhana.,West Bengal,28,Cooch Behar,329,Sitai,,26.3599,89.5546,1,chorekhana
IN,India,India,736167,Kismat Adabari,West Bengal,28,Cooch Behar,329,Sitai,,26.3599,89.5546,1,kismat-adabari
IN,India,India,736167,Brahmottar Chatra,West Bengal,28,Cooch Behar,329,Sitai,,26.3599,89.5546,1,brahmottar-chatra
IN,India,India,736167,Chamta,West Bengal,28,Cooch Behar,329,Dinhata,,26.3599,89.5546,1,chamta
IN,India,India,736167,Dhumerkhata,West Bengal,28,Cooch Behar,329,Sitai,,26.3599,89.5546,1,dhumerkhata
IN,India,India,736167,Kajlikura,West Bengal,28,Cooch Behar,329,Sitai,,26.3599,89.5546,1,kajlikura
IN,India,India,736167,Panikhawa,West Bengal,28,Cooch Behar,329,Dinhata,,26.3599,89.5546,1,panikhawa
IN,India,India,736167,Jatigara,West Bengal,28,Cooch Behar,329,Sitai,,26.3599,89.5546,1,jatigara
IN,India,India,736168,Nandina,West Bengal,28,Cooch Behar,329,Dinhata,,26.3599,89.5546,1,nandina
IN,India,India,736168,Hokadaha,West Bengal,28,Cooch Behar,329,Dinhata,,26.3599,89.5546,1,hokadaha
IN,India,India,736168,Sukarurkuthi,West Bengal,28,Cooch Behar,329,Dinhata,,26.3599,89.5546,1,sukarurkuthi
IN,India,India,736168,Chowdhurihat,West Bengal,28,Cooch Behar,329,Dinhata - II,,26.3599,89.5546,1,chowdhurihat
IN,India,India,736168,Durganagar,West Bengal,28,Cooch Behar,329,Dinhata,,26.3599,89.5546,1,durganagar
IN,India,India,736168,Khatamari,West Bengal,28,Cooch Behar,329,Dinhata,,26.3599,89.5546,1,khatamari
IN,India,India,736168,Chanderkuthi,West Bengal,28,Cooch Behar,329,Dinhata,,26.3599,89.5546,1,chanderkuthi
IN,India,India,736168,Tharaikhana,West Bengal,28,Cooch Behar,329,Dinhata,,26.3599,89.5546,1,tharaikhana
IN,India,India,736168,Bamanhat,West Bengal,28,Cooch Behar,329,Dinhata - I,,26.3599,89.5546,1,bamanhat
IN,India,India,736169,Barasakdal,West Bengal,28,Cooch Behar,329,Dinhata,,26.3599,89.5546,1,barasakdal
IN,India,India,736169,Rakhalmari,West Bengal,28,Cooch Behar,329,Dinhata,,26.3599,89.5546,1,rakhalmari
IN,India,India,736169,Tiadaha,West Bengal,28,Cooch Behar,329,Dinhata,,26.3599,89.5546,1,tiadaha
IN,India,India,736169,Nigamnagar,West Bengal,28,Cooch Behar,329,Dinhata - I,,26.3599,89.5546,1,nigamnagar
IN,India,India,736169,Kismatdas Gram.,West Bengal,28,Cooch Behar,329,Dinhata,,26.3599,89.5546,1,kismatdas-gram
IN,India,India,736169,Kuchni,West Bengal,28,Cooch Behar,329,Dinhata,,26.3599,89.5546,1,kuchni
IN,India,India,736170,Guriahati,West Bengal,28,Cooch Behar,329,Cooch Behar - I,,26.291,89.3437,1,guriahati
IN,India,India,736170,Tapurhat,West Bengal,28,Cooch Behar,329,Cooch Behar - I,,26.291,89.3437,1,tapurhat
IN,India,India,736170,Kalika Bazar,West Bengal,28,Cooch Behar,329,Cooch Behar - I,,26.291,89.3437,1,kalika-bazar
IN,India,India,736170,Ghughumari,West Bengal,28,Cooch Behar,329,Cooch Behar,,26.291,89.3437,1,ghughumari
IN,India,India,736170,Dudherkuthi Dewanbash,West Bengal,28,Cooch Behar,329,Cooch Behar,,26.291,89.3437,1,dudherkuthi-dewanbash
IN,India,India,736170,Rashidanga,West Bengal,28,Cooch Behar,329,Cooch Behar - I,,26.291,89.3437,1,rashidanga
IN,India,India,736171,Khattimari,West Bengal,28,Cooch Behar,329,Mathabhanga,,26.291,89.3437,1,khattimari
IN,India,India,736171,Kalpani,West Bengal,28,Cooch Behar,329,Cooch Behar - I,,26.291,89.3437,1,kalpani
IN,India,India,736171,Unishbisha,West Bengal,28,Cooch Behar,329,Mathabhanga,,26.291,89.3437,1,unishbisha
IN,India,India,736171,Patakamari,West Bengal,28,Cooch Behar,329,Mathabhanga,,26.291,89.3437,1,patakamari
IN,India,India,736171,Ghoksadanga,West Bengal,28,Cooch Behar,329,Mathabhanga - II,,26.291,89.3437,1,ghoksadanga
IN,India,India,736171,Sutarpara,West Bengal,28,Cooch Behar,329,Mathabhanga,,26.291,89.3437,1,sutarpara
IN,India,India,736172,Mahishmuri,West Bengal,28,Cooch Behar,329,Mathabhanga,,26.291,89.3437,1,mahishmuri
IN,India,India,736172,Shibpur,West Bengal,28,Cooch Behar,329,Mathabhanga,,26.291,89.3437,1,shibpur
IN,India,India,736172,Chhoto Salbari,West Bengal,28,Cooch Behar,329,Mathabhanga,,26.291,89.3437,1,chhoto-salbari
IN,India,India,736172,Madhyam Madhusudan,West Bengal,28,Cooch Behar,329,Mathabhanga,,26.291,89.3437,1,madhyam-madhusudan
IN,India,India,736172,Barogodaikhora,West Bengal,28,Cooch Behar,329,Mathabhanga,,26.291,89.3437,1,barogodaikhora
IN,India,India,736172,Gossairhat Bandar,West Bengal,28,Cooch Behar,329,Sitalkuchi,,26.291,89.3437,1,gossairhat-bandar
IN,India,India,736172,Dewankot Joyduar.,West Bengal,28,Cooch Behar,329,Mathabhanga,,26.291,89.3437,1,dewankot-joyduar
IN,India,India,736172,Baradhaperchatra,West Bengal,28,Cooch Behar,329,Mathabhanga`,,26.291,89.3437,1,baradhaperchatra
IN,India,India,736172,Bhawerthana.,West Bengal,28,Cooch Behar,329,Mathabhanga,,26.291,89.3437,1,bhawerthana
IN,India,India,736176,Sahebganj (Cooch Behar),West Bengal,28,Cooch Behar,329,Dinhata,,26.291,89.3437,1,sahebganj-cooch-behar
IN,India,India,736176,Kalmati,West Bengal,28,Cooch Behar,329,Dinhata,,26.291,89.3437,1,kalmati
IN,India,India,736176,Khochabari,West Bengal,28,Cooch Behar,329,Dinhata,,26.291,89.3437,1,khochabari
IN,India,India,736179,Kharija Kakribari,West Bengal,28,Cooch Behar,329,Cooch Behar - II,,26.291,89.3437,1,kharija-kakribari
IN,India,India,736179,Khagrabari.,West Bengal,28,Cooch Behar,329,Cooch Behar - II,,26.291,89.3437,1,khagrabari
IN,India,India,736179,Takagachh,West Bengal,28,Cooch Behar,329,Cooch Behar - I,,26.291,89.3437,1,takagachh
IN,India,India,736179,New Cooch Behar,West Bengal,28,Cooch Behar,329,Cooch Behar - I,,26.291,89.3437,1,new-cooch-behar
IN,India,India,736179,Mahishbathan.,West Bengal,28,Cooch Behar,329,Cooch Behar - II,,26.291,89.3437,1,mahishbathan
IN,India,India,733121,Durgapur,West Bengal,28,North Dinajpur,330,Itahar,,25.5287,88.1506,4,durgapur
IN,India,India,733123,Tenohari,West Bengal,28,North Dinajpur,330,Raiganj,,25.881,88.1583,1,tenohari
IN,India,India,733123,Hatia,West Bengal,28,North Dinajpur,330,Raiganj,,25.881,88.1583,1,hatia
IN,India,India,733123,Keotal,West Bengal,28,North Dinajpur,330,Raiganj,,25.881,88.1583,1,keotal
IN,India,India,733123,Debinagar,West Bengal,28,North Dinajpur,330,Raiganj,,25.881,88.1583,1,debinagar
IN,India,India,733123,Birghai,West Bengal,28,North Dinajpur,330,Raiganj,,25.881,88.1583,1,birghai
IN,India,India,733123,Rupahar,West Bengal,28,North Dinajpur,330,Raiganj,,25.881,88.1583,1,rupahar
IN,India,India,733123,Bariol,West Bengal,28,North Dinajpur,330,Raiganj,,25.881,88.1583,1,bariol
IN,India,India,733123,Gorahar,West Bengal,28,North Dinajpur,330,Raiganj,,25.881,88.1583,1,gorahar
IN,India,India,733123,Paschim Manoharpur,West Bengal,28,North Dinajpur,330,Raiganj,,25.881,88.1583,1,paschim-manoharpur
IN,India,India,733123,Ital,West Bengal,28,North Dinajpur,330,Raiganj,,25.881,88.1583,1,ital
IN,India,India,733125,Sandhiya,West Bengal,28,North Dinajpur,330,Itahar,,25.881,88.1583,3,sandhiya
IN,India,India,733125,Balihara,West Bengal,28,North Dinajpur,330,Itahar,,25.881,88.1583,3,balihara
IN,India,India,733128,Patirajpur,West Bengal,28,North Dinajpur,330,Itahar,,25.881,88.1583,3,patirajpur
IN,India,India,733128,Kapasia,West Bengal,28,North Dinajpur,330,Itahar,,25.881,88.1583,3,kapasia
IN,India,India,733128,Tilna,West Bengal,28,North Dinajpur,330,Itahar,,25.881,88.1583,3,tilna
IN,India,India,733128,Baidara,West Bengal,28,North Dinajpur,330,Itahar,,25.881,88.1583,4,baidara
IN,India,India,733128,Gulandar,West Bengal,28,North Dinajpur,330,Itahar,,25.881,88.1583,3,gulandar
IN,India,India,733128,Joyhat,West Bengal,28,North Dinajpur,330,Itahar,,25.881,88.1583,3,joyhat
IN,India,India,733128,Chhayghara,West Bengal,28,North Dinajpur,330,Itahar,,25.881,88.1583,3,chhayghara
IN,India,India,733128,Chavote,West Bengal,28,North Dinajpur,330,Itahar,,25.881,88.1583,3,chavote
IN,India,India,733128,Marnai,West Bengal,28,North Dinajpur,330,Itahar,,25.881,88.1583,3,marnai
IN,India,India,733128,Nomunia,West Bengal,28,North Dinajpur,330,Itahar,,25.881,88.1583,3,nomunia
IN,India,India,733128,Radhanagar,West Bengal,28,North Dinajpur,330,Itahar,,25.881,88.1583,4,radhanagar
IN,India,India,733128,Itahar,West Bengal,28,North Dinajpur,330,Itahar,,25.4525,88.1733,4,itahar
IN,India,India,733128,Churaman,West Bengal,28,North Dinajpur,330,Itahar,,25.4303,88.1064,4,churaman
IN,India,India,733129,Dhankoil Hat,West Bengal,28,North Dinajpur,330,Kaliaganj,,25.881,88.1583,3,dhankoil-hat
IN,India,India,733129,Dalimgaon,West Bengal,28,North Dinajpur,330,Kaliyaganj,,25.881,88.1583,3,dalimgaon
IN,India,India,733129,Kunor,West Bengal,28,North Dinajpur,330,Kaliaganj,,25.881,88.1583,3,kunor
IN,India,India,733129,Bhanail,West Bengal,28,North Dinajpur,330,Kaliyaganj,,25.881,88.1583,3,bhanail
IN,India,India,733129,Raghunathpur,West Bengal,28,North Dinajpur,330,Kaliaganj,,25.881,88.1583,3,raghunathpur
IN,India,India,733129,Tarangapur,West Bengal,28,North Dinajpur,330,Kaliyaganj,,25.881,88.1583,3,tarangapur
IN,India,India,733129,Puria,West Bengal,28,North Dinajpur,330,Kaliaganj,,25.881,88.1583,3,puria
IN,India,India,733129,Tungail Bilpara,West Bengal,28,North Dinajpur,330,Kaliaganj,,25.881,88.1583,3,tungail-bilpara
IN,India,India,733129,Mudafat,West Bengal,28,North Dinajpur,330,Kaliaganj,,25.881,88.1583,3,mudafat
IN,India,India,733129,Madhabpur,West Bengal,28,North Dinajpur,330,Kaliaganj,,25.881,88.1583,4,madhabpur
IN,India,India,733129,Malgaon,West Bengal,28,North Dinajpur,330,Kaliaganj,,25.881,88.1583,3,malgaon
IN,India,India,733129,Krishnabati,West Bengal,28,North Dinajpur,330,Kaliyaganj,,25.881,88.1583,3,krishnabati
IN,India,India,733129,Kaliyaganj Collegepara,West Bengal,28,North Dinajpur,330,Kaliaganj,,25.881,88.1583,3,kaliyaganj-collegepara
IN,India,India,733129,Faridpur,West Bengal,28,North Dinajpur,330,Kaliyaganj,,25.881,88.1583,4,faridpur
IN,India,India,733129,Bhelai,West Bengal,28,North Dinajpur,330,Kaliyaganj,,25.881,88.1583,3,bhelai
IN,India,India,733129,Radhikapur,West Bengal,28,North Dinajpur,330,Kaliyaganj,,25.881,88.1583,3,radhikapur
IN,India,India,733129,Tamchari Mathbari,West Bengal,28,North Dinajpur,330,Kaliaganj,,25.881,88.1583,3,tamchari-mathbari
IN,India,India,733129,Manoharpur,West Bengal,28,North Dinajpur,330,Kaliaganj,,25.881,88.1583,4,manoharpur
IN,India,India,733129,Baghan,West Bengal,28,North Dinajpur,330,Kaliyaganj,,25.881,88.1583,3,baghan
IN,India,India,733129,Mahendraganj (North Dinajpur),West Bengal,28,North Dinajpur,330,Kaliaganj,,25.881,88.1583,3,mahendraganj-north-dinajpur
IN,India,India,733129,Akhanagar,West Bengal,28,North Dinajpur,330,Kaliganj,,25.881,88.1583,3,akhanagar
IN,India,India,733129,Kaliyaganj,West Bengal,28,North Dinajpur,330,Kaliyaganj,,25.6344,88.3266,4,kaliyaganj
IN,India,India,733130,Hemtabad,West Bengal,28,North Dinajpur,330,Hemtabad,,25.6771,88.2228,4,hemtabad
IN,India,India,733130,Dadhikotbari,West Bengal,28,North Dinajpur,330,Raiganj,,25.6771,88.2228,3,dadhikotbari
IN,India,India,733130,Mirual,West Bengal,28,North Dinajpur,330,Raiganj,,25.6771,88.2228,3,mirual
IN,India,India,733130,Karnojora,West Bengal,28,North Dinajpur,330,Raiganj,,25.6771,88.2228,3,karnojora
IN,India,India,733132,Fatepur Hat,West Bengal,28,North Dinajpur,330,Kaliaganj,,25.881,88.1583,3,fatepur-hat
IN,India,India,733132,Majhihar,West Bengal,28,North Dinajpur,330,Kaliaganj,,25.881,88.1583,3,majhihar
IN,India,India,733134,Raiganj Bandar,West Bengal,28,North Dinajpur,330,Raiganj,,25.881,88.1583,3,raiganj-bandar
IN,India,India,733134,Bilashpur,West Bengal,28,North Dinajpur,330,Raiganj,,25.881,88.1583,3,bilashpur
IN,India,India,733134,Baharail,West Bengal,28,North Dinajpur,330,Raiganj,,25.881,88.1583,3,baharail
IN,India,India,733134,Lohanda,West Bengal,28,North Dinajpur,330,Raiganj,,25.881,88.1583,3,lohanda
IN,India,India,733134,Taherpur,West Bengal,28,North Dinajpur,330,Raiganj,,25.881,88.1583,3,taherpur
IN,India,India,733134,Sudarshanpur,West Bengal,28,North Dinajpur,330,Raiganj,,25.881,88.1583,3,sudarshanpur
IN,India,India,733134,Subhashganj,West Bengal,28,North Dinajpur,330,Raiganj,,25.881,88.1583,3,subhashganj
IN,India,India,733134,Rashbehari Market,West Bengal,28,North Dinajpur,330,Raiganj,,25.881,88.1583,3,rashbehari-market
IN,India,India,733134,Raipur,West Bengal,28,North Dinajpur,330,Raiganj,,25.881,88.1583,3,raipur
IN,India,India,733134,Panishalahat,West Bengal,28,North Dinajpur,330,Raiganj,,25.881,88.1583,3,panishalahat
IN,India,India,733134,Mohanbati,West Bengal,28,North Dinajpur,330,Raiganj,,25.881,88.1583,3,mohanbati
IN,India,India,733134,Industrial Market,West Bengal,28,North Dinajpur,330,Raiganj,,25.881,88.1583,3,industrial-market
IN,India,India,733134,Bhogram,West Bengal,28,North Dinajpur,330,Raiganj,,25.881,88.1583,3,bhogram
IN,India,India,733134,Bhitiar,West Bengal,28,North Dinajpur,330,Raiganj,,25.881,88.1583,3,bhitiar
IN,India,India,733134,Bangalbari,West Bengal,28,North Dinajpur,330,Raiganj,,25.881,88.1583,3,bangalbari
IN,India,India,733134,Bahin,West Bengal,28,North Dinajpur,330,Raiganj,,25.881,88.1583,3,bahin
IN,India,India,733134,Madhupur Barduari,West Bengal,28,North Dinajpur,330,Raiganj,,25.881,88.1583,3,madhupur-barduari
IN,India,India,733134,Khalshi,West Bengal,28,North Dinajpur,330,Raiganj,,25.881,88.1583,3,khalshi
IN,India,India,733134,Samaspur,West Bengal,28,North Dinajpur,330,Raiganj,,22.9597,88.2859,3,samaspur
IN,India,India,733134,Raiganj Town,West Bengal,28,North Dinajpur,330,Raiganj,,25.881,88.1583,3,raiganj-town
IN,India,India,733134,Bamangram,West Bengal,28,North Dinajpur,330,Raiganj,,25.881,88.1583,3,bamangram
IN,India,India,733134,Harigram,West Bengal,28,North Dinajpur,330,Raiganj,,25.881,88.1583,4,harigram
IN,India,India,733134,Sasan,West Bengal,28,North Dinajpur,330,Raiganj,,25.881,88.1583,4,sasan
IN,India,India,733134,Raiganj,West Bengal,28,North Dinajpur,330,Raiganj,,22.9597,88.2859,3,raiganj
IN,India,India,733143,Bhupalpur,West Bengal,28,North Dinajpur,330,Raiganj,,25.5373,88.1548,4,bhupalpur
IN,India,India,733143,Sonapur,West Bengal,28,North Dinajpur,330,Raiganj,,25.9889,87.8419,4,sonapur
IN,India,India,733143,Durlavpur,West Bengal,28,North Dinajpur,330,Itahar,,25.881,88.1583,4,durlavpur
IN,India,India,733143,Paraharipur,West Bengal,28,North Dinajpur,330,Itahar,,25.881,88.1583,3,paraharipur
IN,India,India,733143,Parergram,West Bengal,28,North Dinajpur,330,Raiganj,,25.881,88.1583,3,parergram
IN,India,India,733143,Kamlai,West Bengal,28,North Dinajpur,330,Raiganj,,25.881,88.1583,3,kamlai
IN,India,India,733143,Bhagnail,West Bengal,28,North Dinajpur,330,Raiganj,,25.881,88.1583,3,bhagnail
IN,India,India,733143,Hasua Samadhimath,West Bengal,28,North Dinajpur,330,Itahar,,25.881,88.1583,3,hasua-samadhimath
IN,India,India,733143,Bekidanga,West Bengal,28,North Dinajpur,330,Itahar,,25.881,88.1583,3,bekidanga
IN,India,India,733143,Parbatipur,West Bengal,28,North Dinajpur,330,Raiganj,,25.881,88.1583,4,parbatipur
IN,India,India,733143,Hatgachhi,West Bengal,28,North Dinajpur,330,Itahar,,25.881,88.1583,3,hatgachhi
IN,India,India,733156,Bharatpur,West Bengal,28,North Dinajpur,330,Raiganj,,25.881,88.1583,4,bharatpur
IN,India,India,733156,Bindole,West Bengal,28,North Dinajpur,330,Raiganj,,25.7707,88.1834,4,bindole
IN,India,India,733156,Bhatolhat,West Bengal,28,North Dinajpur,330,Raiganj,,24.8274,88.1336,3,bhatolhat
IN,India,India,733156,Panchbhaya,West Bengal,28,North Dinajpur,330,Raiganj,,24.8274,88.1336,3,panchbhaya
IN,India,India,733156,Laxmonia,West Bengal,28,North Dinajpur,330,Raiganj,,24.8274,88.1336,3,laxmonia
IN,India,India,733156,Runia,West Bengal,28,North Dinajpur,330,Raiganj,,24.8274,88.1336,3,runia
IN,India,India,733156,Kantore,West Bengal,28,North Dinajpur,330,Raiganj,,24.8274,88.1336,3,kantore
IN,India,India,733156,Khokshan,West Bengal,28,North Dinajpur,330,Raiganj,,24.8274,88.1336,3,khokshan
IN,India,India,733156,Basian,West Bengal,28,North Dinajpur,330,Raiganj,,24.8274,88.1336,3,basian
IN,India,India,733156,Maharajahat,West Bengal,28,North Dinajpur,330,Raiganj,,24.8274,88.1336,3,maharajahat
IN,India,India,733156,Chainagar,West Bengal,28,North Dinajpur,330,Raiganj,,24.8274,88.1336,3,chainagar
IN,India,India,733201,Andharia,West Bengal,28,North Dinajpur,330,Dalkhola,,25.881,88.1583,3,andharia
IN,India,India,733201,Maheshpur,West Bengal,28,North Dinajpur,330,Karandighi,,25.881,88.1583,4,maheshpur
IN,India,India,733201,Jagadishpur,West Bengal,28,North Dinajpur,330,Dalkhola,,25.881,88.1583,4,jagadishpur
IN,India,India,733201,Rashokhowahat,West Bengal,28,North Dinajpur,330,Karandighi,,25.881,88.1583,3,rashokhowahat
IN,India,India,733201,Sripur,West Bengal,28,North Dinajpur,330,Dalkhola,,25.881,88.1583,4,sripur
IN,India,India,733201,Magnavita,West Bengal,28,North Dinajpur,330,Karandighi,,25.881,88.1583,3,magnavita
IN,India,India,733201,Bazargaon,West Bengal,28,North Dinajpur,330,Dalkhola,,25.881,88.1583,3,bazargaon
IN,India,India,733201,Khurka,West Bengal,28,North Dinajpur,330,Dalkhola,,25.881,88.1583,3,khurka
IN,India,India,733201,Lalganj,West Bengal,28,North Dinajpur,330,Goalpokhar - II,,25.9307,87.9232,4,lalganj
IN,India,India,733201,Dalkhola,West Bengal,28,North Dinajpur,330,Karandighi,,25.876,87.839,4,dalkhola
IN,India,India,733201,Patnaur,West Bengal,28,North Dinajpur,330,Karandighi,,25.8583,87.9087,4,patnaur
IN,India,India,733201,Shikarpur,West Bengal,28,North Dinajpur,330,Dalkhola,,25.9084,87.8538,4,shikarpur
IN,India,India,733202,Haptiagachh,West Bengal,28,North Dinajpur,330,Chopra,,26.2654,88.1898,3,haptiagachh
IN,India,India,733202,Dulalibhita,West Bengal,28,North Dinajpur,330,Islampur,,26.2654,88.1898,3,dulalibhita
IN,India,India,733202,Dimrulla,West Bengal,28,North Dinajpur,330,Ilsmapur,,26.2654,88.1898,3,dimrulla
IN,India,India,733202,Dhantala,West Bengal,28,North Dinajpur,330,Islampur,,26.2654,88.1898,3,dhantala
IN,India,India,733202,Burhijagir,West Bengal,28,North Dinajpur,330,Islampur,,26.2654,88.1898,3,burhijagir
IN,India,India,733202,Srikrishnapur Colony,West Bengal,28,North Dinajpur,330,Islampur,,26.2654,88.1898,3,srikrishnapur-colony
IN,India,India,733202,State Farm Colony,West Bengal,28,North Dinajpur,330,Islampur,,26.2654,88.1898,3,state-farm-colony
IN,India,India,733202,Panchdimthi,West Bengal,28,North Dinajpur,330,Islampur,,26.2654,88.1898,3,panchdimthi
IN,India,India,733202,Matikundahat,West Bengal,28,North Dinajpur,330,Islampur,,26.2654,88.1898,3,matikundahat
IN,India,India,733202,Larukhoa Gobindapur,West Bengal,28,North Dinajpur,330,Islampur,,26.2654,88.1898,3,larukhoa-gobindapur
IN,India,India,733202,Kodaldaha,West Bengal,28,North Dinajpur,330,Islampur,,26.2654,88.1898,3,kodaldaha
IN,India,India,733202,Khunti,West Bengal,28,North Dinajpur,330,Islampur,,26.2654,88.1898,3,khunti
IN,India,India,733202,Kalanagin,West Bengal,28,North Dinajpur,330,Islampur,,26.2654,88.1898,3,kalanagin
IN,India,India,733202,Jagtagaon,West Bengal,28,North Dinajpur,330,Islampur,,26.2654,88.1898,3,jagtagaon
IN,India,India,733202,Islampur Court,West Bengal,28,North Dinajpur,330,Islampur,,26.2654,88.1898,3,islampur-court
IN,India,India,733202,Amaljhari,West Bengal,28,North Dinajpur,330,Islampur,,26.2654,88.1898,3,amaljhari
IN,India,India,733202,Sonapur Hat,West Bengal,28,North Dinajpur,330,Chopra,,26.2654,88.1898,3,sonapur-hat
IN,India,India,733202,Gunjaria Bazar,West Bengal,28,North Dinajpur,330,Islampur,,26.2654,88.1898,3,gunjaria-bazar
IN,India,India,733202,Islampur (North Dinajpur),West Bengal,28,North Dinajpur,330,Islampur,,26.2654,88.1898,4,islampur-north-dinajpur
IN,India,India,733207,Chandanidanga,West Bengal,28,North Dinajpur,330,Chopra,,25.577,88.0713,3,chandanidanga
IN,India,India,733207,Kuchilagoan,West Bengal,28,North Dinajpur,330,Islampur,,25.577,88.0713,3,kuchilagoan
IN,India,India,733207,Daspara,West Bengal,28,North Dinajpur,330,Chopra,,25.881,88.1583,4,daspara
IN,India,India,733207,Narayanpur,West Bengal,28,North Dinajpur,330,Islampur,,25.881,88.1583,4,narayanpur
IN,India,India,733207,Khunia,West Bengal,28,North Dinajpur,330,Goalpokhar - I,,25.577,88.0713,3,khunia
IN,India,India,733207,Asharubasti,West Bengal,28,North Dinajpur,330,Chopra,,25.577,88.0713,3,asharubasti
IN,India,India,733207,Chargharia,West Bengal,28,North Dinajpur,330,Chopra,,25.577,88.0713,3,chargharia
IN,India,India,733207,Gharugachh,West Bengal,28,North Dinajpur,330,Chopra,,25.577,88.0713,3,gharugachh
IN,India,India,733207,Manikpur,West Bengal,28,North Dinajpur,330,Islampur,,25.7574,87.9919,4,manikpur
IN,India,India,733207,Ramganj (North Dinajpur),West Bengal,28,North Dinajpur,330,Islampur,,26.3179,88.29,4,ramganj-north-dinajpur
IN,India,India,733207,Chopra,West Bengal,28,North Dinajpur,330,Chopra,,26.3676,88.3126,4,chopra
IN,India,India,733207,Sujali,West Bengal,28,North Dinajpur,330,Chopra,,25.577,88.0713,3,sujali
IN,India,India,733207,Lakshipur,West Bengal,28,North Dinajpur,330,Islampur,,25.577,88.0713,3,lakshipur
IN,India,India,733207,Molani,West Bengal,28,North Dinajpur,330,Chopra,,25.577,88.0713,3,molani
IN,India,India,733207,Bhaispitta,West Bengal,28,North Dinajpur,330,Chopra,,25.577,88.0713,3,bhaispitta
IN,India,India,733207,Dighabanahat,West Bengal,28,North Dinajpur,330,Chopra,,25.577,88.0713,3,dighabanahat
IN,India,India,733207,Debijhora,West Bengal,28,North Dinajpur,330,Chopra,,25.577,88.0713,3,debijhora
IN,India,India,733207,Gendagachh,West Bengal,28,North Dinajpur,330,Chopra,,25.577,88.0713,3,gendagachh
IN,India,India,733207,Kaimari,West Bengal,28,North Dinajpur,330,Islampur,,25.577,88.0713,3,kaimari
IN,India,India,733208,Goalgoan,West Bengal,28,North Dinajpur,330,Islampur,,26.0528,87.9738,3,goalgoan
IN,India,India,733208,Gohara,West Bengal,28,North Dinajpur,330,Islampur,,26.0528,87.9738,3,gohara
IN,India,India,733208,Amalia,West Bengal,28,North Dinajpur,330,Islampur,,26.0528,87.9738,3,amalia
IN,India,India,733208,Kaniabhita,West Bengal,28,North Dinajpur,330,Goalpokhar - I,,26.0528,87.9738,3,kaniabhita
IN,India,India,733208,Chapore,West Bengal,28,North Dinajpur,330,Goalpokhar - II,,26.0528,87.9738,3,chapore
IN,India,India,733208,Sakuntala,West Bengal,28,North Dinajpur,330,Goalpokhar - II,,26.0528,87.9738,3,sakuntala
IN,India,India,733208,Pokhoria,West Bengal,28,North Dinajpur,330,Islampur,,26.0528,87.9738,3,pokhoria
IN,India,India,733208,Ikarchala,West Bengal,28,North Dinajpur,330,Islampur,,26.0528,87.9738,3,ikarchala
IN,India,India,733208,Chakulia Hat,West Bengal,28,North Dinajpur,330,Islampur,,26.0528,87.9738,3,chakulia-hat
IN,India,India,733208,Khikirtola,West Bengal,28,North Dinajpur,330,Islampur,,26.0528,87.9738,3,khikirtola
IN,India,India,733208,Bhebra,West Bengal,28,North Dinajpur,330,Goalpokhar - II,,26.0528,87.9738,3,bhebra
IN,India,India,733208,Baidyanandapur,West Bengal,28,North Dinajpur,330,Islampur,,26.0528,87.9738,3,baidyanandapur
IN,India,India,733208,Panjipara,West Bengal,28,North Dinajpur,330,Islampur,,26.1371,88.021,4,panjipara
IN,India,India,733208,Nando,West Bengal,28,North Dinajpur,330,Goalpokhar - I,,26.0528,87.9738,3,nando
IN,India,India,733208,Thakurbari,West Bengal,28,North Dinajpur,330,Goalpokhar - II,,26.0475,87.9347,4,thakurbari
IN,India,India,733208,Tarial,West Bengal,28,North Dinajpur,330,Islampur,,25.974,87.9658,4,tarial
IN,India,India,733209,Galia,West Bengal,28,North Dinajpur,330,Karandighi,,25.9662,87.9066,4,galia
IN,India,India,733209,Bagdob,West Bengal,28,North Dinajpur,330,Karandighi,,25.9863,87.8867,4,bagdob
IN,India,India,733209,Hatwar,West Bengal,28,North Dinajpur,330,Karandighi,,26.0557,87.8966,4,hatwar
IN,India,India,733209,Bharna,West Bengal,28,North Dinajpur,330,Goalpokhar - II,,26.0297,87.9179,4,bharna
IN,India,India,733209,Simalia,West Bengal,28,North Dinajpur,330,Goalpokhar - II,,26.0081,87.8727,4,simalia
IN,India,India,733209,Monora,West Bengal,28,North Dinajpur,330,Karandighi,,26.0021,87.888,3,monora
IN,India,India,733209,Asuragarh,West Bengal,28,North Dinajpur,330,Karandighi,,26.0021,87.888,3,asuragarh
IN,India,India,733209,Sayedpur Bhamantali,West Bengal,28,North Dinajpur,330,Karandighi,,26.0021,87.888,3,sayedpur-bhamantali
IN,India,India,733209,Majlishpur,West Bengal,28,North Dinajpur,330,Karandighi,,26.0021,87.888,3,majlishpur
IN,India,India,733209,Hassan,West Bengal,28,North Dinajpur,330,Karandighi,,26.0021,87.888,3,hassan
IN,India,India,733209,Surjapur,West Bengal,28,North Dinajpur,330,Goalpokhar - II,,25.9356,87.8533,4,surjapur
IN,India,India,733209,Nizampur,West Bengal,28,North Dinajpur,330,Karandighi,,26.017,87.9001,4,nizampur
IN,India,India,733209,Kanki,West Bengal,28,North Dinajpur,330,Karandighi,,26.0183,87.8705,4,kanki
IN,India,India,733210,Jharbari,West Bengal,28,North Dinajpur,330,Goalpukher,,25.7918,87.9267,4,jharbari
IN,India,India,733210,Goalin,West Bengal,28,North Dinajpur,330,Goalpukher,,25.881,88.1583,3,goalin
IN,India,India,733210,Bhabanbari,West Bengal,28,North Dinajpur,330,Goalpukher,,25.881,88.1583,3,bhabanbari
IN,India,India,733210,Goti,West Bengal,28,North Dinajpur,330,Goalpokhar - I,,25.881,88.1583,3,goti
IN,India,India,733210,Betna,West Bengal,28,North Dinajpur,330,Karandighi,,25.881,88.1583,3,betna
IN,India,India,733210,Baramajlishpur,West Bengal,28,North Dinajpur,330,Goalpokhar - I,,25.881,88.1583,3,baramajlishpur
IN,India,India,733210,Solpara,West Bengal,28,North Dinajpur,330,Goalpukher,,25.881,88.1583,3,solpara
IN,India,India,733210,Hatkholasahapur,West Bengal,28,North Dinajpur,330,Goalpukher,,25.881,88.1583,3,hatkholasahapur
IN,India,India,733210,Debiganj,West Bengal,28,North Dinajpur,330,Goalpukher,,25.881,88.1583,4,debiganj
IN,India,India,733210,Kichaktola,West Bengal,28,North Dinajpur,330,Goalpukher,,25.881,88.1583,3,kichaktola
IN,India,India,733210,Bhendabari,West Bengal,28,North Dinajpur,330,Goalpokhar - I,,25.881,88.1583,3,bhendabari
IN,India,India,733210,Gendabari,West Bengal,28,North Dinajpur,330,Goalpokhar - I,,25.881,88.1583,3,gendabari
IN,India,India,733210,Malkunda,West Bengal,28,North Dinajpur,330,Goalpokhar - I,,25.881,88.1583,3,malkunda
IN,India,India,733210,Lalkuri,West Bengal,28,North Dinajpur,330,Goalpukher,,25.881,88.1583,3,lalkuri
IN,India,India,733210,Khagore,West Bengal,28,North Dinajpur,330,Goalpokhar - I,,25.881,88.1583,3,khagore
IN,India,India,733210,Goagaon,West Bengal,28,North Dinajpur,330,Goalpukher,,25.881,88.1583,3,goagaon
IN,India,India,733210,Barbilla,West Bengal,28,North Dinajpur,330,Goalpukher,,25.881,88.1583,3,barbilla
IN,India,India,733210,Dehar,West Bengal,28,North Dinajpur,330,Goalpukher,,25.881,88.1583,3,dehar
IN,India,India,733210,Bahar,West Bengal,28,North Dinajpur,330,Goalpukher,,25.881,88.1583,4,bahar
IN,India,India,733210,Sahapur,West Bengal,28,North Dinajpur,330,Goalpokhar - I,,25.881,88.1583,4,sahapur
IN,India,India,733210,Goalpokher,West Bengal,28,North Dinajpur,330,Goalpokhar - I,,25.881,88.1583,3,goalpokher
IN,India,India,733215,Altapur,West Bengal,28,North Dinajpur,330,Karandighi,,25.7315,87.9951,4,altapur
IN,India,India,733215,Doarin,West Bengal,28,North Dinajpur,330,Karandighi,,25.8075,87.9768,4,doarin
IN,India,India,733215,Madargachhi,West Bengal,28,North Dinajpur,330,Karandighi,,25.8554,87.9485,4,madargachhi
IN,India,India,733215,Domohana,West Bengal,28,North Dinajpur,330,Karandighi,,25.7973,87.957,3,domohana
IN,India,India,733215,Kamartore,West Bengal,28,North Dinajpur,330,Karandighi,,25.7973,87.957,3,kamartore
IN,India,India,733215,Sawdhan,West Bengal,28,North Dinajpur,330,Karandighi,,25.7973,87.957,3,sawdhan
IN,India,India,733215,Karandighi,West Bengal,28,North Dinajpur,330,Karandighi,,25.8088,87.932,4,karandighi
IN,India,India,733215,Tungidighi,West Bengal,28,North Dinajpur,330,Karandighi,,25.7836,87.9327,4,tungidighi
IN,India,India,732101,Fulbari (Malda),West Bengal,28,Malda,332,Englishbazar,,25.1367,88.0923,1,fulbari-malda
IN,India,India,732101,Bansbari,West Bengal,28,Malda,332,Englishbazar,,25.1367,88.0923,1,bansbari
IN,India,India,732101,District School Board (Malda),West Bengal,28,Malda,332,Englishbazar,,25.1367,88.0923,1,district-school-board-malda
IN,India,India,732101,Baluchar,West Bengal,28,Malda,332,Englishbazar,,25.1367,88.0923,1,baluchar
IN,India,India,732101,Rabindra Avenue,West Bengal,28,Malda,332,Englishbazar,,25.1367,88.0923,1,rabindra-avenue
IN,India,India,732101,Rathbari,West Bengal,28,Malda,332,Englishbazar,,25.1367,88.0923,1,rathbari
IN,India,India,732101,Sarbamangalapally,West Bengal,28,Malda,332,Englishbazar,,25.1367,88.0923,1,sarbamangalapally
IN,India,India,732101,Malda H.O,West Bengal,28,Malda,332,Englishbazar,,25.1367,88.0923,1,malda-h-o
IN,India,India,732101,Netaji Subhas Road,West Bengal,28,Malda,332,Englishbazar,,25.1367,88.0923,1,netaji-subhas-road
IN,India,India,732101,Mirchak,West Bengal,28,Malda,332,Englishbazar,,25.1367,88.0923,1,mirchak
IN,India,India,732101,Malda Court,West Bengal,28,Malda,332,Englishbazar,,25.1367,88.0923,1,malda-court
IN,India,India,732102,Maliha,West Bengal,28,Malda,332,Old Malda,,25.1367,88.0923,3,maliha
IN,India,India,732102,Mahakalbona,West Bengal,28,Malda,332,Gajol,,25.1367,88.0923,3,mahakalbona
IN,India,India,732102,Kutubsahar,West Bengal,28,Malda,332,Old Malda,,25.1367,88.0923,3,kutubsahar
IN,India,India,732102,Koilabad,West Bengal,28,Malda,332,Koilabad,,25.1367,88.0923,3,koilabad
IN,India,India,732102,Katlamari,West Bengal,28,Malda,332,Old Malda,,25.1367,88.0923,3,katlamari
IN,India,India,732102,Dakshin Alinagar,West Bengal,28,Malda,332,Ratua,,25.1367,88.0923,3,dakshin-alinagar
IN,India,India,732102,Bairachhi,West Bengal,28,Malda,332,Englishbazar,,25.1367,88.0923,3,bairachhi
IN,India,India,732102,Kadamtali,West Bengal,28,Malda,332,Ratua Ii,,25.1367,88.0923,3,kadamtali
IN,India,India,732102,Kumarga R.S.,West Bengal,28,Malda,332,Kumarganj,,25.1367,88.0923,3,kumarga-r-s
IN,India,India,732102,Rajadighi,West Bengal,28,Malda,332,Old Malda,,25.1367,88.0923,3,rajadighi
IN,India,India,732102,Sambalpur Tal,West Bengal,28,Malda,332,Ratua Ii,,25.1367,88.0923,3,sambalpur-tal
IN,India,India,732102,Kutubganj,West Bengal,28,Malda,332,Ratua Ii,,25.1367,88.0923,3,kutubganj
IN,India,India,732102,Maharajpur,West Bengal,28,Malda,332,Old Malda,,25.1367,88.0923,4,maharajpur
IN,India,India,732102,Haripur,West Bengal,28,Malda,332,Old Malda,,25.1367,88.0923,4,haripur
IN,India,India,732102,Rajapur,West Bengal,28,Malda,332,Ratua,,25.1367,88.0923,4,rajapur
IN,India,India,732102,Pirganj,West Bengal,28,Malda,332,Pukuria,,25.4822,87.8715,4,pirganj
IN,India,India,732102,Raninagar,West Bengal,28,Malda,332,Ratua Ii,,25.1367,88.0923,4,raninagar
IN,India,India,732102,Jhaljhalia Railway Colony,West Bengal,28,Malda,332,Englishbazar,,25.1367,88.0923,3,jhaljhalia-railway-colony
IN,India,India,732103,Kajigram Chandipur,West Bengal,28,Malda,332,Englishbazar,,25.1367,88.0923,1,kajigram-chandipur
IN,India,India,732103,Kanchantar,West Bengal,28,Malda,332,Englishbazar,,25.1367,88.0923,1,kanchantar
IN,India,India,732103,Rajbati Ramnagar,West Bengal,28,Malda,332,Englishbazar,,25.1367,88.0923,1,rajbati-ramnagar
IN,India,India,732103,Kamalabari,West Bengal,28,Malda,332,Englishbazar,,25.1367,88.0923,1,kamalabari
IN,India,India,732103,Mukdumpur,West Bengal,28,Malda,332,Englishbazar,,25.1367,88.0923,1,mukdumpur
IN,India,India,732103,Fulbari,West Bengal,28,Malda,332,Englishbazar,,25.1367,88.0923,1,fulbari
IN,India,India,732103,Gour,West Bengal,28,Malda,332,Englishbazar,,25.1367,88.0923,1,gour
IN,India,India,732121,Gandhinagar,West Bengal,28,Malda,332,Habibpur (srirampur Anchal),,25.0741,87.9359,1,gandhinagar
IN,India,India,732121,Sirshi,West Bengal,28,Malda,332,Srirampur (habibpur),,25.0741,87.9359,1,sirshi
IN,India,India,732121,Gouramari,West Bengal,28,Malda,332,Gouramari,,25.0741,87.9359,1,gouramari
IN,India,India,732121,Mahadevpur,West Bengal,28,Malda,332,Mabarakpur,,25.0741,87.9359,1,mahadevpur
IN,India,India,732121,Aiho,West Bengal,28,Malda,332,Habibpir,,25.0741,87.9359,1,aiho
IN,India,India,732122,Agra Harishchandrapur,West Bengal,28,Malda,332,Habibpur,,25.1367,88.0923,3,agra-harishchandrapur
IN,India,India,732122,Jagjibanpur,West Bengal,28,Malda,332,Habibpur,,25.1367,88.0923,3,jagjibanpur
IN,India,India,732122,Kendpukur,West Bengal,28,Malda,332,Habibpur,,25.1367,88.0923,3,kendpukur
IN,India,India,732122,Nakail,West Bengal,28,Malda,332,Habibpur,,25.1367,88.0923,3,nakail
IN,India,India,732122,Gopalpurhat,West Bengal,28,Malda,332,Habibpur,,25.1367,88.0923,3,gopalpurhat
IN,India,India,732122,Kanturka,West Bengal,28,Malda,332,Kanturka,,25.1367,88.0923,3,kanturka
IN,India,India,732122,Khoribari,West Bengal,28,Malda,332,Aktail,,25.1367,88.0923,3,khoribari
IN,India,India,732122,Singabad,West Bengal,28,Malda,332,Habibpur,,25.1367,88.0923,3,singabad
IN,India,India,732122,Manikora,West Bengal,28,Malda,332,Habibpur,,25.1367,88.0923,3,manikora
IN,India,India,732122,Bulbulchadi,West Bengal,28,Malda,332,Bulbulchandi,,25.1367,88.0923,3,bulbulchadi
IN,India,India,732122,Habibpur,West Bengal,28,Malda,332,Habibpur,,25.0072,88.2899,4,habibpur
IN,India,India,732122,Kotalpur,West Bengal,28,Malda,332,Kotalpur,,25.1367,88.0923,4,kotalpur
IN,India,India,732123,Malatipur,West Bengal,28,Malda,332,Chanchal,,25.3342,88.0159,4,malatipur
IN,India,India,732123,Debiganj,West Bengal,28,Malda,332,Hatinda,,25.4192,87.9739,4,debiganj
IN,India,India,732123,Sadarpur,West Bengal,28,Malda,332,Chanchal,,25.3701,87.9716,4,sadarpur
IN,India,India,732123,Chanchal,West Bengal,28,Malda,332,Chanchal,,25.3949,88.0167,4,chanchal
IN,India,India,732123,Rasulpur,West Bengal,28,Malda,332,Chanchal,,25.4006,87.9745,4,rasulpur
IN,India,India,732123,Hatinda,West Bengal,28,Malda,332,Chanchal,,25.4217,87.9847,4,hatinda
IN,India,India,732123,Ismailpur,West Bengal,28,Malda,332,Chanchal,,25.3901,87.9896,3,ismailpur
IN,India,India,732123,Arbora,West Bengal,28,Malda,332,Chanchal,,25.3901,87.9896,3,arbora
IN,India,India,732123,Bhingole,West Bengal,28,Malda,332,Chanchal,,25.3901,87.9896,3,bhingole
IN,India,India,732123,Ishadpur,West Bengal,28,Malda,332,Chanchal,,25.3901,87.9896,3,ishadpur
IN,India,India,732123,Birosthali,West Bengal,28,Malda,332,Chanchal,,25.3901,87.9896,3,birosthali
IN,India,India,732123,Jagannathpur Maltola,West Bengal,28,Malda,332,Chanchal,,25.3901,87.9896,3,jagannathpur-maltola
IN,India,India,732123,Malikan,West Bengal,28,Malda,332,Chanchal,,25.3901,87.9896,3,malikan
IN,India,India,732123,Mallikpara,West Bengal,28,Malda,332,Chanchal,,25.3901,87.9896,3,mallikpara
IN,India,India,732123,Paraninagar,West Bengal,28,Malda,332,Chanchal,,25.3901,87.9896,3,paraninagar
IN,India,India,732123,Serpur Mukdumpur,West Bengal,28,Malda,332,Chanchal,,25.3901,87.9896,3,serpur-mukdumpur
IN,India,India,732123,Singhia,West Bengal,28,Malda,332,Chanchal,,25.3901,87.9896,3,singhia
IN,India,India,732123,Hazarat Jalalpur,West Bengal,28,Malda,332,Chanchal,,25.3901,87.9896,3,hazarat-jalalpur
IN,India,India,732124,Malipara,West Bengal,28,Malda,332,Gajol,,25.1367,88.0923,4,malipara
IN,India,India,732124,Shivajinagar,West Bengal,28,Malda,332,Gajol.,,25.1367,88.0923,3,shivajinagar
IN,India,India,732124,Ichahar,West Bengal,28,Malda,332,Gajol,,25.1367,88.0923,3,ichahar
IN,India,India,732124,Hatimari,West Bengal,28,Malda,332,Gajol,,25.1367,88.0923,3,hatimari
IN,India,India,732124,Mudapur,West Bengal,28,Malda,332,Gajol,,25.1367,88.0923,3,mudapur
IN,India,India,732124,Lakshmipur,West Bengal,28,Malda,332,Gajol,,25.4986,87.9199,4,lakshmipur
IN,India,India,732124,Khanta,West Bengal,28,Malda,332,Gajol,,25.4191,87.8505,4,khanta
IN,India,India,732124,Babupur,West Bengal,28,Malda,332,Gajol,,25.1367,88.0923,3,babupur
IN,India,India,732124,Dhaoel,West Bengal,28,Malda,332,Deotala,,25.1367,88.0923,3,dhaoel
IN,India,India,732124,Parail,West Bengal,28,Malda,332,Gajol,,25.1367,88.0923,3,parail
IN,India,India,732124,Taherpur,West Bengal,28,Malda,332,Gajol,,25.1367,88.0923,3,taherpur
IN,India,India,732124,Molladighi,West Bengal,28,Malda,332,Gajol,,25.1367,88.0923,3,molladighi
IN,India,India,732124,Badnagra,West Bengal,28,Malda,332,Gajol,,25.1367,88.0923,3,badnagra
IN,India,India,732124,Katna,West Bengal,28,Malda,332,Gajol,,25.1367,88.0923,3,katna
IN,India,India,732124,Mayna,West Bengal,28,Malda,332,Alal,,25.1367,88.0923,4,mayna
IN,India,India,732124,Akalpur,West Bengal,28,Malda,332,Gajol,,25.1367,88.0923,3,akalpur
IN,India,India,732124,Bagsarai,West Bengal,28,Malda,332,Gajol,,25.1367,88.0923,3,bagsarai
IN,India,India,732124,Arjunpur,West Bengal,28,Malda,332,Gajol,,25.1367,88.0923,4,arjunpur
IN,India,India,732124,Salaidanga,West Bengal,28,Malda,332,Gajol.,,25.1367,88.0923,3,salaidanga
IN,India,India,732124,Ahora,West Bengal,28,Malda,332,Habibpur  (arajimistrabati),,25.1367,88.0923,3,ahora
IN,India,India,732124,Katikandar,West Bengal,28,Malda,332,Gajol,,25.1367,88.0923,3,katikandar
IN,India,India,732124,Deotala,West Bengal,28,Malda,332,Gajol,,25.1367,88.0923,3,deotala
IN,India,India,732124,Panchpara,West Bengal,28,Malda,332,Gajol,,25.1367,88.0923,3,panchpara
IN,India,India,732124,Gajol,West Bengal,28,Malda,332,Gajol,,25.2131,88.1936,4,gajol
IN,India,India,732125,Sultannagar,West Bengal,28,Malda,332,Harishchandrapur -ii,,25.4471,87.8601,4,sultannagar
IN,India,India,732125,Mahendrapur,West Bengal,28,Malda,332,Harishchandrapur,,25.4226,87.9036,4,mahendrapur
IN,India,India,732125,Pipla,West Bengal,28,Malda,332,Pipla Kashimpur,,25.4339,87.8784,4,pipla
IN,India,India,732125,Talgachhi,West Bengal,28,Malda,332,Talgachhi,,25.337,87.8945,4,talgachhi
IN,India,India,732125,Kariali,West Bengal,28,Malda,332,Harishchandrapur,,25.3369,87.9118,4,kariali
IN,India,India,732125,Daulatnagar,West Bengal,28,Malda,332,Harishchandrapur,,25.3095,87.8344,4,daulatnagar
IN,India,India,732125,Harishchandrapur Bazar,West Bengal,28,Malda,332,Harishchandrapur,,25.3579,87.8677,3,harishchandrapur-bazar
IN,India,India,732125,Talgramhat,West Bengal,28,Malda,332,Talgram,,25.3579,87.8677,3,talgramhat
IN,India,India,732125,Jagannathpur,West Bengal,28,Malda,332,Jagannathpur,,25.321,87.8762,4,jagannathpur
IN,India,India,732125,Fatehpur,West Bengal,28,Malda,332,Harishchandrapur,,25.2974,87.8609,4,fatehpur
IN,India,India,732125,Sambalpur,West Bengal,28,Malda,332,Harishchandrapur,,25.2585,87.8609,4,sambalpur
IN,India,India,732125,Hardamnagar,West Bengal,28,Malda,332,Hardamnagar,,25.3486,87.8676,4,hardamnagar
IN,India,India,732125,Harishchandrapur Bazar,West Bengal,28,Malda,332,Harishchandrapur,,25.3579,87.8677,3,harishchandrapur-bazar
IN,India,India,732125,Harishchandrapur,West Bengal,28,Malda,332,Harishchandrapur,,25.4179,87.8819,4,harishchandrapur
IN,India,India,732125,Bansdol Daulatpur,West Bengal,28,Malda,332,Harishchandrapur,,25.3579,87.8677,3,bansdol-daulatpur
IN,India,India,732125,Bhaluka Bazar,West Bengal,28,Malda,332,Harishchandrapur,,25.3579,87.8677,3,bhaluka-bazar
IN,India,India,732125,Dahua,West Bengal,28,Malda,332,Harishchandrapur,,25.3579,87.8677,3,dahua
IN,India,India,732125,Mahanandatola,West Bengal,28,Malda,332,Harishchandrapur,,25.3579,87.8677,3,mahanandatola
IN,India,India,732125,Maniknagar,West Bengal,28,Malda,332,Harishchandrapur,,25.3579,87.8677,3,maniknagar
IN,India,India,732125,Miahat,West Bengal,28,Malda,332,Miahat,,25.3579,87.8677,3,miahat
IN,India,India,732125,Milangarh,West Bengal,28,Malda,332,Mariary,,25.3579,87.8677,3,milangarh
IN,India,India,732125,Barduary,West Bengal,28,Malda,332,Harishchandrapur,,25.3579,87.8677,3,barduary
IN,India,India,732125,New Sadlichak,West Bengal,28,Malda,332,Harishchandrapur,,25.3579,87.8677,3,new-sadlichak
IN,India,India,732125,Talbangrua,West Bengal,28,Malda,332,Talbangrua,,25.3579,87.8677,3,talbangrua
IN,India,India,732125,Baghua,West Bengal,28,Malda,332,Harishchandrapur,,25.3579,87.8677,3,baghua
IN,India,India,732125,Malior,West Bengal,28,Malda,332,Malior,,25.3922,87.8549,4,malior
IN,India,India,732125,Dhangara,West Bengal,28,Malda,332,Harishchandrapur,,25.2964,87.9145,4,dhangara
IN,India,India,732125,Khopakati,West Bengal,28,Malda,332,Harishchandrapur,,25.3817,87.7735,4,khopakati
IN,India,India,732125,Talsur,West Bengal,28,Malda,332,Talsur,,25.3674,87.8421,4,talsur
IN,India,India,732126,Kharba,West Bengal,28,Malda,332,Chanchal,,25.426,88.0689,4,kharba
IN,India,India,732126,Goalpara,West Bengal,28,Malda,332,Chanchal,,25.3099,88.0876,4,goalpara
IN,India,India,732126,Santoshpur,West Bengal,28,Malda,332,Khanpur Hubaspur 165,,25.4058,87.9036,4,santoshpur
IN,India,India,732126,Chandrapara,West Bengal,28,Malda,332,Chanchal,,25.1367,88.0923,4,chandrapara
IN,India,India,732126,Naikanda,West Bengal,28,Malda,332,Chanchal,,25.1664,87.9767,3,naikanda
IN,India,India,732126,Noorganj,West Bengal,28,Malda,332,Chanchal,,25.1664,87.9767,3,noorganj
IN,India,India,732126,Kushmai,West Bengal,28,Malda,332,Chanchal,,25.1664,87.9767,3,kushmai
IN,India,India,732126,Kaligaon,West Bengal,28,Malda,332,Chanchal,,25.1664,87.9767,3,kaligaon
IN,India,India,732126,Bheba,West Bengal,28,Malda,332,Chanchal,,25.1664,87.9767,3,bheba
IN,India,India,732126,Galimpur,West Bengal,28,Malda,332,Chanchal,,25.1664,87.9767,3,galimpur
IN,India,India,732126,Motiharpur,West Bengal,28,Malda,332,Chanchal,,25.1664,87.9767,3,motiharpur
IN,India,India,732126,Mulaibari,West Bengal,28,Malda,332,Chanchal,,25.1664,87.9767,3,mulaibari
IN,India,India,732127,Khejuriaghat,West Bengal,28,Malda,332,Baishnabnagar,,25.0741,87.9359,1,khejuriaghat
IN,India,India,732127,Charbabupur,West Bengal,28,Malda,332,Kaliachak,,25.0741,87.9359,1,charbabupur
IN,India,India,732127,Chamagram,West Bengal,28,Malda,332,Lakshipur,,25.0741,87.9359,1,chamagram
IN,India,India,732127,Palgachhi,West Bengal,28,Malda,332,Kaliachak,,25.0741,87.9359,1,palgachhi
IN,India,India,732127,Gurutola,West Bengal,28,Malda,332,Baishnabnagar,,25.0741,87.9359,1,gurutola
IN,India,India,732128,Old Malda,West Bengal,28,Malda,332,Old Malda,,25.0795,88.1462,4,old-malda
IN,India,India,732128,Dhumadighi,West Bengal,28,Malda,332,Englishbazar,,25.0795,88.1462,3,dhumadighi
IN,India,India,732128,Jharpukhuria,West Bengal,28,Malda,332,Old Malda,,25.0795,88.1462,3,jharpukhuria
IN,India,India,732128,Magurai,West Bengal,28,Malda,332,Ratua,,25.0795,88.1462,3,magurai
IN,India,India,732128,Alal,West Bengal,28,Malda,332,Gajol,,25.0795,88.1462,3,alal
IN,India,India,732128,Budhia,West Bengal,28,Malda,332,Englishbazar,,25.0795,88.1462,3,budhia
IN,India,India,732128,Jote Basanta,West Bengal,28,Malda,332,Englishbazar,,25.0795,88.1462,3,jote-basanta
IN,India,India,732128,Harkharkha,West Bengal,28,Malda,332,Old Malda,,25.0795,88.1462,3,harkharkha
IN,India,India,732128,Barkol,West Bengal,28,Malda,332,Englishbazar,,25.0795,88.1462,3,barkol
IN,India,India,732128,Balia Nawabganj,West Bengal,28,Malda,332,Old Malda,,25.0795,88.1462,3,balia-nawabganj
IN,India,India,732128,Arapur,West Bengal,28,Malda,332,Old Malda,,25.0795,88.1462,3,arapur
IN,India,India,732128,Adina Station,West Bengal,28,Malda,332,Old Malda,,25.0795,88.1462,3,adina-station
IN,India,India,732138,Ahil,West Bengal,28,Malda,332,Habibpur,,25.2576,87.9852,3,ahil
IN,India,India,732138,Patul,West Bengal,28,Malda,332,Patul,,25.1367,88.0923,3,patul
IN,India,India,732138,Araji Jalsa,West Bengal,28,Malda,332,Habibpur,,25.2576,87.9852,3,araji-jalsa
IN,India,India,732138,Dohil,West Bengal,28,Malda,332,Gajol,,25.2576,87.9852,3,dohil
IN,India,India,732138,Jagdala,West Bengal,28,Malda,332,Bamangola,,25.2576,87.9852,3,jagdala
IN,India,India,732138,Kamaldanga,West Bengal,28,Malda,332,Gajol,,25.2576,87.9852,3,kamaldanga
IN,India,India,732138,Parbatidanga,West Bengal,28,Malda,332,Habibpur,,25.2576,87.9852,3,parbatidanga
IN,India,India,732138,Pannapur,West Bengal,28,Malda,332,Habibpur,,25.2576,87.9852,3,pannapur
IN,India,India,732138,Pakuahat,West Bengal,28,Malda,332,Bamongola,,25.2576,87.9852,3,pakuahat
IN,India,India,732138,Sapmari,West Bengal,28,Malda,332,Habibpuir,,25.2576,87.9852,3,sapmari
IN,India,India,732138,Khutadaha,West Bengal,28,Malda,332,Bamongola,,25.2576,87.9852,3,khutadaha
IN,India,India,732138,Masheshpur,West Bengal,28,Malda,332,Habibpur,,25.2576,87.9852,3,masheshpur
IN,India,India,732138,Rahutara,West Bengal,28,Malda,332,Habibpur,,25.2576,87.9852,3,rahutara
IN,India,India,732138,Purba Ranipur,West Bengal,28,Malda,332,Habibpur,,25.2576,87.9852,3,purba-ranipur
IN,India,India,732138,Dighalbar,West Bengal,28,Malda,332,Dighalbar,,25.2576,87.9852,3,dighalbar
IN,India,India,732138,Asrafpur,West Bengal,28,Malda,332,Habibpur,,25.2576,87.9852,3,asrafpur
IN,India,India,732138,Bamongola,West Bengal,28,Malda,332,Bamongola,,25.2576,87.9852,3,bamongola
IN,India,India,732138,Dalla Madhyapara,West Bengal,28,Malda,332,Dalla,,25.2576,87.9852,3,dalla-madhyapara
IN,India,India,732138,Dharmadanga,West Bengal,28,Malda,332,Habibpur,,25.2576,87.9852,3,dharmadanga
IN,India,India,732138,Binodpur,West Bengal,28,Malda,332,Habibpur,,25.2576,87.9852,4,binodpur
IN,India,India,732139,Kashimpur,West Bengal,28,Malda,332,Kashimpur,,25.3249,87.9524,3,kashimpur
IN,India,India,732139,Damaipur,West Bengal,28,Malda,332,Damaipur,,25.3249,87.9524,3,damaipur
IN,India,India,732139,Baldiapukur,West Bengal,28,Malda,332,Chanchal,,25.3249,87.9524,3,baldiapukur
IN,India,India,732139,Gangadevi,West Bengal,28,Malda,332,Gangadevi,,25.3249,87.9524,3,gangadevi
IN,India,India,732139,Batna,West Bengal,28,Malda,332,Ratua,,25.3249,87.9524,3,batna
IN,India,India,732139,Bhado,West Bengal,28,Malda,332,Chanchal,,25.3249,87.9524,3,bhado
IN,India,India,732139,Chandmoni,West Bengal,28,Malda,332,Goripur,,25.3249,87.9524,3,chandmoni
IN,India,India,732139,Chorolmoni,West Bengal,28,Malda,332,Chorolmoni,,25.3249,87.9524,3,chorolmoni
IN,India,India,732139,Samsi,West Bengal,28,Malda,332,Andhirampara,,25.3249,87.9524,3,samsi
IN,India,India,732139,Amarsinghi,West Bengal,28,Malda,332,Amarsinghi,,25.3249,87.9524,3,amarsinghi
IN,India,India,732139,Sonarai,West Bengal,28,Malda,332,Chanchal,,25.3372,87.9794,4,sonarai
IN,India,India,732139,Sripur,West Bengal,28,Malda,332,Sripur,,25.3699,87.874,4,sripur
IN,India,India,732139,Karbona,West Bengal,28,Malda,332,Ratua,,25.3249,87.9524,3,karbona
IN,India,India,732139,Kandaran,West Bengal,28,Malda,332,Chanchal,,25.2773,87.9892,4,kandaran
IN,India,India,732139,Jitarpur,West Bengal,28,Malda,332,Chanchal,,25.3153,87.9671,4,jitarpur
IN,India,India,732140,Jabra,West Bengal,28,Malda,332,Harishchandrapur,,25.436,87.932,4,jabra
IN,India,India,732140,Chandipur,West Bengal,28,Malda,332,Chanchal,,25.1367,88.0923,4,chandipur
IN,India,India,732140,Bangrua,West Bengal,28,Malda,332,Harishchandrapur,,25.3415,87.853,4,bangrua
IN,India,India,732140,Ramsimul,West Bengal,28,Malda,332,Harishchandrapur,,25.4863,87.9174,4,ramsimul
IN,India,India,732140,Bhatolchandipur,West Bengal,28,Malda,332,Harishchandrapur,,25.2142,87.8895,3,bhatolchandipur
IN,India,India,732140,Bishanpur,West Bengal,28,Malda,332,Harishchandrapur,,25.2142,87.8895,3,bishanpur
IN,India,India,732140,Kushida,West Bengal,28,Malda,332,Kushida,,25.2142,87.8895,3,kushida
IN,India,India,732140,Boroi,West Bengal,28,Malda,332,Chanchal,,25.2142,87.8895,3,boroi
IN,India,India,732140,Tulsihatta,West Bengal,28,Malda,332,Tulsihatta,,25.2142,87.8895,3,tulsihatta
IN,India,India,732140,Paro,West Bengal,28,Malda,332,Paro,,25.4511,87.9426,4,paro
IN,India,India,732141,Jatradanga,West Bengal,28,Malda,332,Englishbazar,,25.4076,87.8574,3,jatradanga
IN,India,India,732141,Popra,West Bengal,28,Malda,332,Englishbazar,,25.4076,87.8574,3,popra
IN,India,India,732141,Narayanpur (Malda),West Bengal,28,Malda,332,Englishbazar,,25.4076,87.8574,4,narayanpur-malda
IN,India,India,732142,Madhaipur,West Bengal,28,Malda,332,Old Malda,,25.1367,88.0923,4,madhaipur
IN,India,India,732142,Bachamari,West Bengal,28,Malda,332,Old Malda,,25.1367,88.0923,3,bachamari
IN,India,India,732142,Sahapur,West Bengal,28,Malda,332,Old Malda,,25.1367,88.0923,4,sahapur
IN,India,India,732142,Nageswarpur,West Bengal,28,Malda,332,Old Malda,,25.1367,88.0923,3,nageswarpur
IN,India,India,732142,Mangalbari,West Bengal,28,Malda,332,Old Malda,,25.1367,88.0923,3,mangalbari
IN,India,India,732143,Arapur,West Bengal,28,Malda,332,Old Malda,,25.0056,87.9102,1,arapur
IN,India,India,732144,Kotwali (Malda),West Bengal,28,Malda,332,Sahajalalpur,,25.0056,87.9102,1,kotwali-malda
IN,India,India,732147,Bamangola,West Bengal,28,Malda,332,Bamangola,,25.1833,88.2667,4,bamangola
IN,India,India,732150,Kharba,West Bengal,28,Malda,332,Kharba,,25.426,88.0689,4,kharba
IN,India,India,732201,Bahadurpur,West Bengal,28,Malda,332,Kaliachak,,25.1367,88.0923,4,bahadurpur
IN,India,India,732201,Alinagar,West Bengal,28,Malda,332,Kaliachak-1,,25.4514,87.8886,4,alinagar
IN,India,India,732201,Sahabazpur,West Bengal,28,Malda,332,Kaliachak,,25.1367,88.0923,3,sahabazpur
IN,India,India,732201,Kaliachak,West Bengal,28,Malda,332,Kaliachak-i,,24.8637,88.0221,4,kaliachak
IN,India,India,732201,Ramnagar,West Bengal,28,Malda,332,Kaliachak,,25.4155,87.8604,4,ramnagar
IN,India,India,732201,Shashani,West Bengal,28,Malda,332,Kaliachak,,25.1367,88.0923,3,shashani
IN,India,India,732201,Alipur,West Bengal,28,Malda,332,Kaliachak,,25.418,87.9168,4,alipur
IN,India,India,732201,Khaschandpur,West Bengal,28,Malda,332,Kaliachak-i,,25.1367,88.0923,3,khaschandpur
IN,India,India,732201,Sabdalpur,West Bengal,28,Malda,332,Kaliachak,,25.1367,88.0923,4,sabdalpur
IN,India,India,732201,Rajnagar,West Bengal,28,Malda,332,Kaliachak,,25.1367,88.0923,4,rajnagar
IN,India,India,732201,Nayagram,West Bengal,28,Malda,332,Kaliachak,,25.1367,88.0923,4,nayagram
IN,India,India,732201,Purba Bahadurpur,West Bengal,28,Malda,332,Silampur-ii,,25.1367,88.0923,3,purba-bahadurpur
IN,India,India,732201,Shersahi,West Bengal,28,Malda,332,Kaliachak,,25.1367,88.0923,3,shersahi
IN,India,India,732201,Nabinagar,West Bengal,28,Malda,332,Kaliachak,,25.1367,88.0923,3,nabinagar
IN,India,India,732201,Sukdevpur,West Bengal,28,Malda,332,Baishnabnagar,,25.1367,88.0923,3,sukdevpur
IN,India,India,732201,Uttar Dariapur,West Bengal,28,Malda,332,North Jadupur,,25.1367,88.0923,3,uttar-dariapur
IN,India,India,732201,Bholaichak,West Bengal,28,Malda,332,Kaliachak-i,,25.1367,88.0923,3,bholaichak
IN,India,India,732201,Joyenpur,West Bengal,28,Malda,332,Kaliachak,,25.1367,88.0923,3,joyenpur
IN,India,India,732201,Jotparam,West Bengal,28,Malda,332,Kaliacahak,,25.1367,88.0923,3,jotparam
IN,India,India,732201,Duisatabighi,West Bengal,28,Malda,332,Kaliachak,,25.1367,88.0923,3,duisatabighi
IN,India,India,732201,Golapganj,West Bengal,28,Malda,332,Kaliachak,,25.1367,88.0923,3,golapganj
IN,India,India,732201,Dallugram,West Bengal,28,Malda,332,Silampur,,25.1367,88.0923,3,dallugram
IN,India,India,732201,Haruchak,West Bengal,28,Malda,332,Mozampur,,25.1367,88.0923,3,haruchak
IN,India,India,732201,Dakshin Lakshmipur,West Bengal,28,Malda,332,Kaliachak,,25.1367,88.0923,3,dakshin-lakshmipur
IN,India,India,732201,Charianantapur,West Bengal,28,Malda,332,Chariantatapur,,25.1367,88.0923,3,charianantapur
IN,India,India,732201,Baliadanga,West Bengal,28,Malda,332,Kaliachak,,25.1367,88.0923,3,baliadanga
IN,India,India,732201,Sultanganj,West Bengal,28,Malda,332,Kaliachak,,25.1367,88.0923,4,sultanganj
IN,India,India,732202,Manikchak,West Bengal,28,Malda,332,Manikchak,,25.0775,87.8999,4,manikchak
IN,India,India,732202,Dallutola,West Bengal,28,Malda,332,Manikchak,,25.1367,88.0923,3,dallutola
IN,India,India,732202,Dharampur,West Bengal,28,Malda,332,Manikchak,,25.1367,88.0923,4,dharampur
IN,India,India,732202,Rahimpur,West Bengal,28,Malda,332,Manikchak,,25.1367,88.0923,3,rahimpur
IN,India,India,732202,Janakiramtola,West Bengal,28,Malda,332,Pashchim Narayanpur,,25.1367,88.0923,3,janakiramtola
IN,India,India,732202,Mohana,West Bengal,28,Malda,332,Manikchak,,25.1367,88.0923,3,mohana
IN,India,India,732202,Chowki Mirdadpur,West Bengal,28,Malda,332,Manikchak,,25.1367,88.0923,3,chowki-mirdadpur
IN,India,India,732202,Purbasaidpur,West Bengal,28,Malda,332,Chowki Mirdadpur,,25.1367,88.0923,3,purbasaidpur
IN,India,India,732202,Enayetpur,West Bengal,28,Malda,332,Manikchak,,25.0783,87.9347,4,enayetpur
IN,India,India,732203,Nazirpur,West Bengal,28,Malda,332,Manikchak,,25.4031,87.8175,4,nazirpur
IN,India,India,732203,Bakdukra Anantalalpur,West Bengal,28,Malda,332,Manikchjak,,25.4031,87.8175,3,bakdukra-anantalalpur
IN,India,India,732203,Mathurapur (Malda),West Bengal,28,Malda,332,Manikchak,,25.4031,87.8175,3,mathurapur-malda
IN,India,India,732203,Suksena,West Bengal,28,Malda,332,Manikchak,,25.4031,87.8175,3,suksena
IN,India,India,732203,Lalbathani,West Bengal,28,Malda,332,Manikchak,,25.4031,87.8175,3,lalbathani
IN,India,India,732203,Noaborar Jaigir,West Bengal,28,Malda,332,Manikchak,,25.4031,87.8175,3,noaborar-jaigir
IN,India,India,732203,Khairtola,West Bengal,28,Malda,332,Manikchak,,25.4031,87.8175,3,khairtola
IN,India,India,732203,Sukdevtola,West Bengal,28,Malda,332,Manikchak,,25.4031,87.8175,3,sukdevtola
IN,India,India,732203,Uttar Chandipur,West Bengal,28,Malda,332,Manikchak,,25.4031,87.8175,3,uttar-chandipur
IN,India,India,732203,Bhutni,West Bengal,28,Malda,332,Manikchak,,25.4031,87.8175,3,bhutni
IN,India,India,732203,Nurpur,West Bengal,28,Malda,332,Manikchak,,25.1367,88.0923,3,nurpur
IN,India,India,732204,Araidanga,West Bengal,28,Malda,332,Chanchal,,25.1228,87.9837,4,araidanga
IN,India,India,732204,Paranpur,West Bengal,28,Malda,332,Chanchal,,25.15,87.9667,4,paranpur
IN,India,India,732204,Brahmangram,West Bengal,28,Malda,332,Chanchal,,25.1382,87.989,3,brahmangram
IN,India,India,732204,Khoilsona,West Bengal,28,Malda,332,Chanchal,,25.1382,87.989,3,khoilsona
IN,India,India,732204,Goraksha,West Bengal,28,Malda,332,Chanchal,,25.1382,87.989,3,goraksha
IN,India,India,732204,Ekborna,West Bengal,28,Malda,332,Chanchal,,25.1382,87.989,3,ekborna
IN,India,India,732204,Mirjatpur,West Bengal,28,Malda,332,Chanchal,,25.1382,87.989,3,mirjatpur
IN,India,India,732204,Pukhuria,West Bengal,28,Malda,332,Chanchal,,25.1419,88.0166,4,pukhuria
IN,India,India,732205,Bahirkap,West Bengal,28,Malda,332,Ratua,,25.2546,87.9255,4,bahirkap
IN,India,India,732205,Laskarpur,West Bengal,28,Malda,332,Ratua,,25.1367,88.0923,4,laskarpur
IN,India,India,732205,Baharal,West Bengal,28,Malda,332,Ratua,,25.1367,88.0923,3,baharal
IN,India,India,732205,Debipur,West Bengal,28,Malda,332,Ratua,,25.1367,88.0923,4,debipur
IN,India,India,732205,Banikantatala,West Bengal,28,Malda,332,Ratua,,25.1367,88.0923,3,banikantatala
IN,India,India,732205,Bilaimari,West Bengal,28,Malda,332,Ratua,,25.1367,88.0923,3,bilaimari
IN,India,India,732205,Kahala,West Bengal,28,Malda,332,Ratua -i,,25.1367,88.0923,3,kahala
IN,India,India,732205,Kamalpur,West Bengal,28,Malda,332,Ratua,,25.4718,87.9235,4,kamalpur
IN,India,India,732205,Balupur,West Bengal,28,Malda,332,Ratua,,25.2569,87.8985,4,balupur
IN,India,India,732205,Ratua,West Bengal,28,Malda,332,Ratua-i,,25.2038,87.9268,4,ratua
IN,India,India,732206,Mosimpur,West Bengal,28,Malda,332,Kaliachak,,24.99,87.9253,3,mosimpur
IN,India,India,732206,Jamirghata Sarkarpara,West Bengal,28,Malda,332,Kaliachak,,24.99,87.9253,3,jamirghata-sarkarpara
IN,India,India,732206,Sujapur,West Bengal,28,Malda,332,Baro Sujapur,,25.1367,88.0923,4,sujapur
IN,India,India,732206,Sayedpur,West Bengal,28,Malda,332,Baro Sujapur,,24.99,87.9253,3,sayedpur
IN,India,India,732206,Jalalpur,West Bengal,28,Malda,332,Kaliachak,,25.3854,87.8656,4,jalalpur
IN,India,India,732206,Chhoto Sujapur,West Bengal,28,Malda,332,Kaliachak,,24.99,87.9253,3,chhoto-sujapur
IN,India,India,732206,Sherpur,West Bengal,28,Malda,332,Kaliachak-i,,24.99,87.9253,3,sherpur
IN,India,India,732206,Bakharpur,West Bengal,28,Malda,332,Kaliachak,,24.99,87.9253,3,bakharpur
IN,India,India,732206,Baluachara,West Bengal,28,Malda,332,Kaliachak-i,,24.99,87.9253,3,baluachara
IN,India,India,732206,Bamangram,West Bengal,28,Malda,332,Kaliachak,,24.99,87.9253,3,bamangram
IN,India,India,732206,Chaspara,West Bengal,28,Malda,332,Kaliachak-i,,24.99,87.9253,3,chaspara
IN,India,India,732206,Fatehkhani,West Bengal,28,Malda,332,Kaliachak,,24.99,87.9253,3,fatehkhani
IN,India,India,732206,Gayeshbari,West Bengal,28,Malda,332,Kaliachak,,24.99,87.9253,3,gayeshbari
IN,India,India,732206,Jadupur,West Bengal,28,Malda,332,Baro Sujapur,,24.99,87.9253,3,jadupur
IN,India,India,732206,Madhugaht Filature Estate,West Bengal,28,Malda,332,Kaliachak,,24.99,87.9253,3,madhugaht-filature-estate
IN,India,India,732207,Debipur Achintala,West Bengal,28,Malda,332,Mothabari,,25.1367,88.0923,3,debipur-achintala
IN,India,India,732207,Damodartola,West Bengal,28,Malda,332,Kaliachak-ii,,25.1367,88.0923,3,damodartola
IN,India,India,732207,Meherapur,West Bengal,28,Malda,332,Kaliachak Ii,,25.1367,88.0923,3,meherapur
IN,India,India,732207,Bangitola,West Bengal,28,Malda,332,Kaliachak-1,,25.1367,88.0923,3,bangitola
IN,India,India,732207,Jugaltola,West Bengal,28,Malda,332,Panchanandapur,,25.1367,88.0923,3,jugaltola
IN,India,India,732207,Khaskol Chandipur,West Bengal,28,Malda,332,Englishbazar,,25.1367,88.0923,3,khaskol-chandipur
IN,India,India,732207,Sripur Colony,West Bengal,28,Malda,332,Mothabari,,25.1367,88.0923,3,sripur-colony
IN,India,India,732207,Uttar Lakshmipur,West Bengal,28,Malda,332,Kaliachak,,25.1367,88.0923,4,uttar-lakshmipur
IN,India,India,732207,Hamidpur,West Bengal,28,Malda,332,Uttar Lakshmipur,,25.1367,88.0923,4,hamidpur
IN,India,India,732207,Jagannathpur Rathbari,West Bengal,28,Malda,332,Manikchak,,25.1367,88.0923,3,jagannathpur-rathbari
IN,India,India,732207,Jotgopal Kagmari,West Bengal,28,Malda,332,Mothabari,,25.1367,88.0923,3,jotgopal-kagmari
IN,India,India,732207,Gangaprasad,West Bengal,28,Malda,332,Kaliachak,,25.1367,88.0923,3,gangaprasad
IN,India,India,732207,Birampur,West Bengal,28,Malda,332,Manikchak,,25.1367,88.0923,3,birampur
IN,India,India,732207,Panchanandapur,West Bengal,28,Malda,332,Mothabari,,24.853,87.9755,4,panchanandapur
IN,India,India,732207,Mothabari,West Bengal,28,Malda,332,Englishbazar,,24.9294,88.0422,4,mothabari
IN,India,India,732207,Jitnagar,West Bengal,28,Malda,332,Manikchak,,25.1367,88.0923,3,jitnagar
IN,India,India,732208,Nagharia,West Bengal,28,Malda,332,Englishbazar,,25.0362,88.0045,3,nagharia
IN,India,India,732208,Madapur,West Bengal,28,Malda,332,Englishbazar,,25.0362,88.0045,3,madapur
IN,India,India,732208,Phulbaria,West Bengal,28,Malda,332,Englishbazar,,25.0362,88.0045,3,phulbaria
IN,India,India,732208,Niamatpur,West Bengal,28,Malda,332,Englishbazar,,25.0362,88.0045,3,niamatpur
IN,India,India,732208,Amrity,West Bengal,28,Malda,332,Englishbazar,,25.0362,88.0045,3,amrity
IN,India,India,732208,Koklamari,West Bengal,28,Malda,332,Englishbazar,,25.0362,88.0045,3,koklamari
IN,India,India,732208,Sattari,West Bengal,28,Malda,332,Englishbazar,,25.0362,88.0045,3,sattari
IN,India,India,732208,Atgama,West Bengal,28,Malda,332,Englishbazar,,25.0362,88.0045,4,atgama
IN,India,India,732209,Bhabanipur,West Bengal,28,Malda,332,Englishbazar,,25.3081,87.9346,4,bhabanipur
IN,India,India,732209,Pirpur,West Bengal,28,Malda,332,Englishbazar,,25.1367,88.0923,3,pirpur
IN,India,India,732209,Sahabattola,West Bengal,28,Malda,332,Manikchak,,25.1367,88.0923,3,sahabattola
IN,India,India,732209,Sovanagar,West Bengal,28,Malda,332,Englishbazar,,25.1367,88.0923,3,sovanagar
IN,India,India,732209,K.B Jhowbona,West Bengal,28,Malda,332,English Bazar,,25.1367,88.0923,3,k-b-jhowbona
IN,India,India,732209,Gopalpur,West Bengal,28,Malda,332,Englishbazar,,25.2924,87.9547,4,gopalpur
IN,India,India,732209,Milki,West Bengal,28,Malda,332,Englishbazar,,25.1367,88.0923,4,milki
IN,India,India,732210,Bedrabad,West Bengal,28,Malda,332,Kaliachak-iii,,25.0096,87.9497,3,bedrabad
IN,India,India,732210,Baishnabnagar,West Bengal,28,Malda,332,Kaliachak-ii,,24.8373,87.9772,4,baishnabnagar
IN,India,India,732210,Krishnapur,West Bengal,28,Malda,332,Krishnapur,,25.1367,88.0923,4,krishnapur
IN,India,India,732210,Lakshmipur,West Bengal,28,Malda,332,Kaliachak-iii,,25.4986,87.9199,4,lakshmipur
IN,India,India,732210,Char Sujapur Mandai,West Bengal,28,Malda,332,Kaliachak,,25.0096,87.9497,3,char-sujapur-mandai
IN,India,India,732210,Nandalalpur,West Bengal,28,Malda,332,Baishnabnagar,,25.0096,87.9497,3,nandalalpur
IN,India,India,732210,Chakbahadurpur,West Bengal,28,Malda,332,Kaliachak-iii,,25.0096,87.9497,3,chakbahadurpur
IN,India,India,732210,Bhgabanpur,West Bengal,28,Malda,332,Kaliachak-iii,,25.0096,87.9497,3,bhgabanpur
IN,India,India,732211,Milki,West Bengal,28,Malda,332,Englishbazar,,25.1367,88.0923,4,milki
IN,India,India,732212,Jadupur,West Bengal,28,Malda,332,Englishbazar,,25.1367,88.0923,1,jadupur
IN,India,India,732213,Pukhuria,West Bengal,28,Malda,332,Chanchal,,25.1419,88.0166,4,pukhuria
IN,India,India,732214,Araidanga,West Bengal,28,Malda,332,Ratua-ii,,25.1228,87.9837,4,araidanga
IN,India,India,732215,Pubarun,West Bengal,28,Malda,332,Baishnabnagar,,25.1367,88.0923,1,pubarun
IN,India,India,732216,South Kadamtala,West Bengal,28,Malda,332,Kaliachak,,25.1367,88.0923,3,south-kadamtala
IN,India,India,732216,Uttar Mahadipur,West Bengal,28,Malda,332,Englishbazar,,25.1367,88.0923,3,uttar-mahadipur
IN,India,India,732216,Jaluabadhal Mallikpara,West Bengal,28,Malda,332,Kaliachak,,25.1367,88.0923,3,jaluabadhal-mallikpara
IN,India,India,732216,Akandabaria,West Bengal,28,Malda,332,Kaliachak,,25.1367,88.0923,3,akandabaria
IN,India,India,732216,Srirampur,West Bengal,28,Malda,332,Kaliachak,,25.1367,88.0923,4,srirampur
IN,India,India,732216,Umakantatola,West Bengal,28,Malda,332,Akandaberia,,25.1367,88.0923,3,umakantatola
IN,India,India,732216,Kadamtala,West Bengal,28,Malda,332,Kadamtala,,25.1367,88.0923,4,kadamtala
IN,India,India,732216,Mahadipur,West Bengal,28,Malda,332,Englishbazar,,24.8468,88.1253,4,mahadipur
IN,India,India,732216,Nawada,West Bengal,28,Malda,332,Kaliachak,,25.1367,88.0923,4,nawada
IN,India,India,733124,Dobakhokshan,West Bengal,28,Malda,332,Gazole,,25.1367,88.0923,3,dobakhokshan
IN,India,India,733124,Nalagola,West Bengal,28,Malda,332,Bamangola,,25.1367,88.0923,3,nalagola
IN,India,India,733124,Madnabati,West Bengal,28,Malda,332,Bamangola,,25.1367,88.0923,3,madnabati
IN,India,India,733142,Kupadaha,West Bengal,28,Malda,332,Bamangola,,25.1367,88.0923,1,kupadaha
IN,India,India,733142,Chaksukdebpur,West Bengal,28,Malda,332,Bamangola,,25.1367,88.0923,1,chaksukdebpur
IN,India,India,713123,Dakshinkhanda,West Bengal,28,Murshidabad,333,Katwa,,24.1612,88.231,1,dakshinkhanda
IN,India,India,742101,Berhampore Station Road,West Bengal,28,Murshidabad,333,Berhampore,,24.1107,88.0112,1,berhampore-station-road
IN,India,India,742101,Laldighi,West Bengal,28,Murshidabad,333,Berhampore,,24.1107,88.0112,1,laldighi
IN,India,India,742101,S.S.Sen Road,West Bengal,28,Murshidabad,333,Berhampore,,24.1107,88.0112,1,s-s-sen-road
IN,India,India,742101,Madhupur Colony,West Bengal,28,Murshidabad,333,Berhampore,,24.1107,88.0112,1,madhupur-colony
IN,India,India,742101,Berhampore (WB) H.O,West Bengal,28,Murshidabad,333,Berhampore,,24.1107,88.0112,1,berhampore-wb-h-o
IN,India,India,742101,District School Board (Murshidabad),West Bengal,28,Murshidabad,333,Berhampore,,24.1107,88.0112,1,district-school-board-murshidabad
IN,India,India,742101,Gorabazar,West Bengal,28,Murshidabad,333,Berhampore,,24.1107,88.0112,1,gorabazar
IN,India,India,742101,Kansari Bazar,West Bengal,28,Murshidabad,333,Berhampore,,24.1107,88.0112,1,kansari-bazar
IN,India,India,742101,Berhampore Civil Court,West Bengal,28,Murshidabad,333,Berhampore,,24.1107,88.0112,1,berhampore-civil-court
IN,India,India,742102,Chunakhali Nimtala,West Bengal,28,Murshidabad,333,Murshidabad Jiaganj,,24.1107,88.0112,1,chunakhali-nimtala
IN,India,India,742102,Cossimbazar Raj,West Bengal,28,Murshidabad,333,Berhampore,,24.1107,88.0112,1,cossimbazar-raj
IN,India,India,742102,Muktinagar,West Bengal,28,Murshidabad,333,Berhampore,,24.1107,88.0112,1,muktinagar
IN,India,India,742102,Sundipur,West Bengal,28,Murshidabad,333,Murshidabad,,24.1107,88.0112,1,sundipur
IN,India,India,742102,Hatinagar,West Bengal,28,Murshidabad,333,Murshidabad,,24.1107,88.0112,1,hatinagar
IN,India,India,742102,Gazdharpara,West Bengal,28,Murshidabad,333,Murshidabad,,24.1107,88.0112,1,gazdharpara
IN,India,India,742102,Boaliadanga,West Bengal,28,Murshidabad,333,Murshidabad,,24.1107,88.0112,1,boaliadanga
IN,India,India,742102,Bishnupur Kalibari,West Bengal,28,Murshidabad,333,Berhampore,,24.1107,88.0112,1,bishnupur-kalibari
IN,India,India,742102,Banjetia,West Bengal,28,Murshidabad,333,Murshidabad,,24.1107,88.0112,1,banjetia
IN,India,India,742102,Nowdapanur,West Bengal,28,Murshidabad,333,Murshidabad,,24.1107,88.0112,1,nowdapanur
IN,India,India,742102,Nograjole,West Bengal,28,Murshidabad,333,Berhampore,,24.1107,88.0112,1,nograjole
IN,India,India,742103,Saidabad,West Bengal,28,Murshidabad,333,Berhampore,,24.1107,88.0112,1,saidabad
IN,India,India,742103,Khagra,West Bengal,28,Murshidabad,333,Berhampore,,24.1107,88.0112,1,khagra
IN,India,India,742103,Daihatta Road,West Bengal,28,Murshidabad,333,Berhampore,,24.1107,88.0112,1,daihatta-road
IN,India,India,742103,Kunjaghata,West Bengal,28,Murshidabad,333,Berhampore,,24.1107,88.0112,1,kunjaghata
IN,India,India,742103,Indraprastha,West Bengal,28,Murshidabad,333,Berhampore,,24.1107,88.0112,1,indraprastha
IN,India,India,742104,D.L.S.S.J.dham,West Bengal,28,Murshidabad,333,Murshidabad,,24.1107,88.0112,1,d-l-s-s-j-dham
IN,India,India,742104,Kiriteswari,West Bengal,28,Murshidabad,333,Murshidabad,,24.1107,88.0112,1,kiriteswari
IN,India,India,742104,Chotobathan,West Bengal,28,Murshidabad,333,Murshidabad Jiaganj,,24.1107,88.0112,1,chotobathan
IN,India,India,742104,Etore,West Bengal,28,Murshidabad,333,Nabagram,,24.1107,88.0112,1,etore
IN,India,India,742113,Dalelpara,West Bengal,28,Murshidabad,333,Murshidabad,,24.1923,88.2688,3,dalelpara
IN,India,India,742113,Rampur,West Bengal,28,Murshidabad,333,Murshidabad,,24.1343,87.9194,4,rampur
IN,India,India,742113,Debipur,West Bengal,28,Murshidabad,333,Suti - II,,24.2503,88.6182,4,debipur
IN,India,India,742121,Madhupur,West Bengal,28,Murshidabad,333,Murshidabad,,24.1612,88.231,4,madhupur
IN,India,India,742121,Amtala,West Bengal,28,Murshidabad,333,Nawda,,24.7251,87.9016,4,amtala
IN,India,India,742121,Chandpur,West Bengal,28,Murshidabad,333,Nawda,,24.1612,88.231,4,chandpur
IN,India,India,742121,Jitpur,West Bengal,28,Murshidabad,333,Domkal,,24.1612,88.231,3,jitpur
IN,India,India,742121,Mohammadpur,West Bengal,28,Murshidabad,333,Murshidabad,,24.6399,87.9768,4,mohammadpur
IN,India,India,742121,Garibpur,West Bengal,28,Murshidabad,333,Domkal,,24.1612,88.231,4,garibpur
IN,India,India,742121,Kanainagar,West Bengal,28,Murshidabad,333,Berhampore,,24.1612,88.231,4,kanainagar
IN,India,India,742121,Bhalanagar,West Bengal,28,Murshidabad,333,Nawda,,24.1743,87.9916,3,bhalanagar
IN,India,India,742121,Raipur-mirpur,West Bengal,28,Murshidabad,333,Murshidabad,,24.1743,87.9916,3,raipur-mirpur
IN,India,India,742121,Nowda,West Bengal,28,Murshidabad,333,Murshidabad,,24.1743,87.9916,3,nowda
IN,India,India,742121,Gangadhari,West Bengal,28,Murshidabad,333,Murshidabad,,24.1743,87.9916,3,gangadhari
IN,India,India,742121,Goghata,West Bengal,28,Murshidabad,333,Murshidabad,,24.1743,87.9916,3,goghata
IN,India,India,742121,Pardiar,West Bengal,28,Murshidabad,333,Domkal,,24.1743,87.9916,3,pardiar
IN,India,India,742121,Jagaipur,West Bengal,28,Murshidabad,333,Murshidabad,,24.1743,87.9916,3,jagaipur
IN,India,India,742121,Patikabari,West Bengal,28,Murshidabad,333,Nawda,,24.1743,87.9916,3,patikabari
IN,India,India,742122,Ghorshala,West Bengal,28,Murshidabad,333,Murshidabad,,24.2273,88.2581,3,ghorshala
IN,India,India,742122,Patkeldanga,West Bengal,28,Murshidabad,333,Murshidabad,,24.2273,88.2581,3,patkeldanga
IN,India,India,742122,Sahapur-barala,West Bengal,28,Murshidabad,333,Sagardighi,,24.2273,88.2581,3,sahapur-barala
IN,India,India,742122,Singheswari Gouripur,West Bengal,28,Murshidabad,333,Murshidabad,,24.2273,88.2581,3,singheswari-gouripur
IN,India,India,742122,Nagra,West Bengal,28,Murshidabad,333,Murshidabad,,24.2273,88.2581,3,nagra
IN,India,India,742122,Khatua,West Bengal,28,Murshidabad,333,Murshidabad,,24.2273,88.2581,3,khatua
IN,India,India,742122,Gobardhandanga,West Bengal,28,Murshidabad,333,Murshidabad,,24.2273,88.2581,3,gobardhandanga
IN,India,India,742122,Diara,West Bengal,28,Murshidabad,333,Murshidabad,,24.2273,88.2581,3,diara
IN,India,India,742122,Ghugridanga,West Bengal,28,Murshidabad,333,NA,,24.2273,88.2581,3,ghugridanga
IN,India,India,742122,Dasturhat,West Bengal,28,Murshidabad,333,Murshidabad,,24.2273,88.2581,3,dasturhat
IN,India,India,742122,Azimganj,West Bengal,28,Murshidabad,333,Murshidabad,,24.2273,88.2581,4,azimganj
IN,India,India,742122,Adibasi Beldanga,West Bengal,28,Murshidabad,333,Murshidabad,,24.2273,88.2581,3,adibasi-beldanga
IN,India,India,742123,Sadekbag,West Bengal,28,Murshidabad,333,Murshidabad,,24.2387,88.2645,3,sadekbag
IN,India,India,742123,Amdahara,West Bengal,28,Murshidabad,333,Murshidabad,,24.2387,88.2645,3,amdahara
IN,India,India,742123,Amaipara,West Bengal,28,Murshidabad,333,Murshidabad,,24.2387,88.2645,3,amaipara
IN,India,India,742123,Bhandara,West Bengal,28,Murshidabad,333,Murshidabad,,24.2387,88.2645,3,bhandara
IN,India,India,742123,Kolan Radhakantapur,West Bengal,28,Murshidabad,333,Murshidabad,,24.2387,88.2645,3,kolan-radhakantapur
IN,India,India,742123,Sripat Singh College,West Bengal,28,Murshidabad,333,Murshidabad,,24.2387,88.2645,3,sripat-singh-college
IN,India,India,742123,Jiaganj,West Bengal,28,Murshidabad,333,Murshidabad,,24.2387,88.2645,4,jiaganj
IN,India,India,742132,Barwan (Murshidabad),West Bengal,28,Murshidabad,333,Murshidabad,,23.929,87.9389,4,barwan-murshidabad
IN,India,India,742132,Ekghoria Khanqua,West Bengal,28,Murshidabad,333,Burwan,,24.1612,88.231,3,ekghoria-khanqua
IN,India,India,742132,Mahura Kandi,West Bengal,28,Murshidabad,333,Burwan,,24.1612,88.231,3,mahura-kandi
IN,India,India,742132,Senai,West Bengal,28,Murshidabad,333,Murshidabad,,24.1612,88.231,3,senai
IN,India,India,742132,Kurulia,West Bengal,28,Murshidabad,333,Murshidabad,,24.1612,88.231,4,kurulia
IN,India,India,742132,Jugsara,West Bengal,28,Murshidabad,333,Murshidabad,,24.1612,88.231,3,jugsara
IN,India,India,742132,Satitara,West Bengal,28,Murshidabad,333,Murshidabad,,24.1612,88.231,3,satitara
IN,India,India,742132,Fatepur,West Bengal,28,Murshidabad,333,Burwan,,24.1612,88.231,3,fatepur
IN,India,India,742132,Kantur,West Bengal,28,Murshidabad,333,Murshidabad,,24.1612,88.231,3,kantur
IN,India,India,742132,Gramshalika,West Bengal,28,Murshidabad,333,Murshidabad,,24.1612,88.231,3,gramshalika
IN,India,India,742132,Ekpaharia Sayedpur,West Bengal,28,Murshidabad,333,Burwan,,24.1612,88.231,3,ekpaharia-sayedpur
IN,India,India,742133,Kapasdanga,West Bengal,28,Murshidabad,333,Murshidabad,,24.0103,87.9659,4,kapasdanga
IN,India,India,742133,Mirzapur,West Bengal,28,Murshidabad,333,Beldanga - I,,24.4057,88.0651,4,mirzapur
IN,India,India,742133,Beldanga,West Bengal,28,Murshidabad,333,Beldanga - I,,24.0361,87.8854,4,beldanga
IN,India,India,742133,Ghoramara,West Bengal,28,Murshidabad,333,Murshidabad,,24.1612,88.231,3,ghoramara
IN,India,India,742133,Debkunda,West Bengal,28,Murshidabad,333,Murshidabad,,24.1507,87.9722,3,debkunda
IN,India,India,742133,Maniknagar,West Bengal,28,Murshidabad,333,Murshidabad,,24.1507,87.9722,3,maniknagar
IN,India,India,742133,Kalitala,West Bengal,28,Murshidabad,333,Murshidabad,,24.1507,87.9722,3,kalitala
IN,India,India,742133,Hareknagar,West Bengal,28,Murshidabad,333,Murshidabad,,24.1507,87.9722,3,hareknagar
IN,India,India,742133,Bishannagar,West Bengal,28,Murshidabad,333,Murshidabad,,24.1507,87.9722,3,bishannagar
IN,India,India,742133,Dalua,West Bengal,28,Murshidabad,333,Murshidabad,,24.1507,87.9722,3,dalua
IN,India,India,742133,Mahishmara,West Bengal,28,Murshidabad,333,Murshidabad,,24.1507,87.9722,3,mahishmara
IN,India,India,742133,Begunbari,West Bengal,28,Murshidabad,333,Murshidabad,,24.1507,87.9722,3,begunbari
IN,India,India,742133,Kedarchandpur,West Bengal,28,Murshidabad,333,Murshidabad,,24.1507,87.9722,3,kedarchandpur
IN,India,India,742133,Naupukuria,West Bengal,28,Murshidabad,333,Murshidabad,,24.1507,87.9722,3,naupukuria
IN,India,India,742133,Madda,West Bengal,28,Murshidabad,333,Murshidabad,,24.1507,87.9722,3,madda
IN,India,India,742133,Kazisaha,West Bengal,28,Murshidabad,333,Murshidabad,,24.1507,87.9722,3,kazisaha
IN,India,India,742133,Mirzapur (MurshidabB.O,West Bengal,28,Murshidabad,333,Murshidabad,,24.1507,87.9722,3,mirzapur-murshidabb-o
IN,India,India,742134,Sujapur,West Bengal,28,Murshidabad,333,Murshidabad,,24.5946,87.985,4,sujapur
IN,India,India,742134,Chaitanyapur,West Bengal,28,Murshidabad,333,Murshidabad,,24.2925,88.0692,3,chaitanyapur
IN,India,India,742134,Mahula,West Bengal,28,Murshidabad,333,Murshidabad,,24.2925,88.0692,3,mahula
IN,India,India,742134,Bezpara Saluadanga,West Bengal,28,Murshidabad,333,Berhampore,,24.2925,88.0692,3,bezpara-saluadanga
IN,India,India,742134,Nowpara Simulia,West Bengal,28,Murshidabad,333,Murshidabad,,24.2925,88.0692,3,nowpara-simulia
IN,India,India,742134,Pulinda,West Bengal,28,Murshidabad,333,Murshidabad,,24.2925,88.0692,3,pulinda
IN,India,India,742134,Jhunka,West Bengal,28,Murshidabad,333,Murshidabad,,24.2925,88.0692,3,jhunka
IN,India,India,742134,Bhadur,West Bengal,28,Murshidabad,333,Murshidabad,,24.2925,88.0692,3,bhadur
IN,India,India,742134,Bhabta,West Bengal,28,Murshidabad,333,Murshidabad,,24.2925,88.0692,3,bhabta
IN,India,India,742134,Debipur,West Bengal,28,Murshidabad,333,Suti - II,,24.2503,88.6182,4,debipur
IN,India,India,742134,Gopinathpur,West Bengal,28,Murshidabad,333,Murshidabad,,24.1082,87.9171,4,gopinathpur
IN,India,India,742134,Rameswarpur,West Bengal,28,Murshidabad,333,Murshidabad,,24.1612,88.231,4,rameswarpur
IN,India,India,742134,Khidirpur,West Bengal,28,Murshidabad,333,Murshidabad,,24.1612,88.231,4,khidirpur
IN,India,India,742135,Bahadurpur,West Bengal,28,Murshidabad,333,Murshidabad,,24.1612,88.231,4,bahadurpur
IN,India,India,742135,Bhagabangola,West Bengal,28,Murshidabad,333,Bhagawangola - I,,24.3321,88.058,3,bhagabangola
IN,India,India,742135,Akheriganj,West Bengal,28,Murshidabad,333,Murshidabad,,24.3321,88.058,3,akheriganj
IN,India,India,742135,Bhagabangola Sundarpur,West Bengal,28,Murshidabad,333,Bhagawangola - I,,24.3321,88.058,3,bhagabangola-sundarpur
IN,India,India,742135,Kantanagar,West Bengal,28,Murshidabad,333,Murshidabad,,24.345,88.3236,4,kantanagar
IN,India,India,742135,Hanumanta Nagar,West Bengal,28,Murshidabad,333,Murshidabad,,24.3321,88.058,3,hanumanta-nagar
IN,India,India,742135,Mahisasthali,West Bengal,28,Murshidabad,333,Murshidabad,,24.3321,88.058,3,mahisasthali
IN,India,India,742135,Fulpur,West Bengal,28,Murshidabad,333,Murshidabad,,24.3321,88.058,3,fulpur
IN,India,India,742135,Habaspur,West Bengal,28,Murshidabad,333,Murshidabad,,24.3321,88.058,3,habaspur
IN,India,India,742135,Jajriachar Dumuria,West Bengal,28,Murshidabad,333,Murshidabad,,24.3321,88.058,3,jajriachar-dumuria
IN,India,India,742135,Debaipur,West Bengal,28,Murshidabad,333,Murshidabad,,24.3321,88.058,3,debaipur
IN,India,India,742135,Jibanpur,West Bengal,28,Murshidabad,333,Murshidabad,,24.3321,88.058,3,jibanpur
IN,India,India,742135,Kalukhali,West Bengal,28,Murshidabad,333,Murshidabad,,24.3321,88.058,3,kalukhali
IN,India,India,742135,Diar Fatepur,West Bengal,28,Murshidabad,333,Murshidabad,,24.3321,88.058,3,diar-fatepur
IN,India,India,742135,Khamer Diar,West Bengal,28,Murshidabad,333,Murshidabad,,24.3321,88.058,3,khamer-diar
IN,India,India,742135,Nashipur Balagachi,West Bengal,28,Murshidabad,333,Bhagawangola - II,,24.3321,88.058,3,nashipur-balagachi
IN,India,India,742135,Nayakharida Babupur,West Bengal,28,Murshidabad,333,Murshidabad,,24.3321,88.058,3,nayakharida-babupur
IN,India,India,742135,Shyampur Nutanpara,West Bengal,28,Murshidabad,333,Murshidabad,,24.3321,88.058,3,shyampur-nutanpara
IN,India,India,742135,Diar Shyampur,West Bengal,28,Murshidabad,333,Murshidabad,,24.3321,88.058,3,diar-shyampur
IN,India,India,742136,Hazarpur Nabagram,West Bengal,28,Murshidabad,333,Kandi,,24.0589,88.12,3,hazarpur-nabagram
IN,India,India,742136,Bagore,West Bengal,28,Murshidabad,333,Murshidabad,,24.0589,88.12,3,bagore
IN,India,India,742136,Kumar Shanda,West Bengal,28,Murshidabad,333,Murshidabad,,24.0589,88.12,3,kumar-shanda
IN,India,India,742136,Amritakunda,West Bengal,28,Murshidabad,333,Murshidabad,,24.0589,88.12,3,amritakunda
IN,India,India,742136,Jibanti,West Bengal,28,Murshidabad,333,Kandi,,24.0589,88.12,3,jibanti
IN,India,India,742136,Gobor Hati,West Bengal,28,Murshidabad,333,Murshidabad,,24.0589,88.12,3,gobor-hati
IN,India,India,742136,Ganthla,West Bengal,28,Murshidabad,333,Kandi,,24.0589,88.12,3,ganthla
IN,India,India,742136,Khosbaspur,West Bengal,28,Murshidabad,333,Murshidabad,,24.0589,88.12,3,khosbaspur
IN,India,India,742136,Mahurul Anantapur,West Bengal,28,Murshidabad,333,Nabagram,,24.0589,88.12,3,mahurul-anantapur
IN,India,India,742136,Mahalandi,West Bengal,28,Murshidabad,333,Murshidabad,,24.0754,88.1253,4,mahalandi
IN,India,India,742136,Gokarna,West Bengal,28,Murshidabad,333,Murshidabad,,24.0423,88.1147,4,gokarna
IN,India,India,742137,Kandi Bazar,West Bengal,28,Murshidabad,333,Kandi,,24.1086,88.0562,1,kandi-bazar
IN,India,India,742137,Kandi H.O,West Bengal,28,Murshidabad,333,Murshidabad,,24.1086,88.0562,1,kandi-h-o
IN,India,India,742137,Kandi Court,West Bengal,28,Murshidabad,333,Kandi,,24.1086,88.0562,1,kandi-court
IN,India,India,742137,Kandi Bus Stand,West Bengal,28,Murshidabad,333,Kandi,,24.1086,88.0562,1,kandi-bus-stand
IN,India,India,742138,Bagdanga,West Bengal,28,Murshidabad,333,Suti - I,,24.1612,88.231,3,bagdanga
IN,India,India,742138,Chhatina Kandi,West Bengal,28,Murshidabad,333,Berhampore,,24.1612,88.231,3,chhatina-kandi
IN,India,India,742138,Jemo,West Bengal,28,Murshidabad,333,Kandi,,24.1612,88.231,3,jemo
IN,India,India,742138,Andulia,West Bengal,28,Murshidabad,333,Murshidabad,,24.1612,88.231,3,andulia
IN,India,India,742138,Rasorah,West Bengal,28,Murshidabad,333,Murshidabad,,24.1612,88.231,3,rasorah
IN,India,India,742138,Kandi Balia,West Bengal,28,Murshidabad,333,Kandi,,24.1612,88.231,3,kandi-balia
IN,India,India,742138,Mahadia,West Bengal,28,Murshidabad,333,Kandi,,24.1612,88.231,3,mahadia
IN,India,India,742138,Brahmanpara,West Bengal,28,Murshidabad,333,Kandi,,24.1612,88.231,4,brahmanpara
IN,India,India,742138,Bahara,West Bengal,28,Murshidabad,333,Murshidabad,,24.0017,87.9135,4,bahara
IN,India,India,742140,Jemo Rajbati,West Bengal,28,Murshidabad,333,Kandi,,24.1612,88.231,3,jemo-rajbati
IN,India,India,742140,Jajan,West Bengal,28,Murshidabad,333,Bharatpur - I,,24.1612,88.231,3,jajan
IN,India,India,742140,Gunanandabati,West Bengal,28,Murshidabad,333,Murshidabad,,24.1612,88.231,3,gunanandabati
IN,India,India,742140,Nutangram,West Bengal,28,Murshidabad,333,Berhampore,,24.1612,88.231,4,nutangram
IN,India,India,742140,Rajarampur Monoharpur,West Bengal,28,Murshidabad,333,Kandi,,24.1612,88.231,3,rajarampur-monoharpur
IN,India,India,742140,Benipur,West Bengal,28,Murshidabad,333,Murshidabad,,24.1612,88.231,3,benipur
IN,India,India,742140,Choatore,West Bengal,28,Murshidabad,333,Bharatpur - I,,24.1612,88.231,3,choatore
IN,India,India,742140,Purandarpur,West Bengal,28,Murshidabad,333,Murshidabad,,24.1612,88.231,4,purandarpur
IN,India,India,742140,Kolla,West Bengal,28,Murshidabad,333,Murshidabad,,24.1612,88.231,3,kolla
IN,India,India,742140,Gangedda,West Bengal,28,Murshidabad,333,Murshidabad,,24.1612,88.231,3,gangedda
IN,India,India,742147,Ayra,West Bengal,28,Murshidabad,333,Murshidabad,,24.066,87.9385,4,ayra
IN,India,India,742147,Gayespur,West Bengal,28,Murshidabad,333,Murshidabad,,24.0108,87.9532,4,gayespur
IN,India,India,742147,Kirtipur,West Bengal,28,Murshidabad,333,Murshidabad,,24.0586,87.9718,4,kirtipur
IN,India,India,742147,Haripur,West Bengal,28,Murshidabad,333,Murshidabad,,24.6502,87.9649,4,haripur
IN,India,India,742147,Khargram,West Bengal,28,Murshidabad,333,Murshidabad,,24.0273,87.9897,4,khargram
IN,India,India,742147,Badua,West Bengal,28,Murshidabad,333,Murshidabad,,24.1605,87.9435,3,badua
IN,India,India,742147,Jasohari,West Bengal,28,Murshidabad,333,Murshidabad,,24.1605,87.9435,3,jasohari
IN,India,India,742147,Mahisar,West Bengal,28,Murshidabad,333,Murshidabad,,24.1605,87.9435,3,mahisar
IN,India,India,742147,Eroali,West Bengal,28,Murshidabad,333,Khargram,,24.1605,87.9435,3,eroali
IN,India,India,742147,Gurulia,West Bengal,28,Murshidabad,333,Murshidabad,,24.1605,87.9435,3,gurulia
IN,India,India,742147,Margram,West Bengal,28,Murshidabad,333,Murshidabad,,24.1612,88.231,4,margram
IN,India,India,742147,Khargram Hospital,West Bengal,28,Murshidabad,333,Murshidabad,,24.1605,87.9435,3,khargram-hospital
IN,India,India,742148,Maya,West Bengal,28,Murshidabad,333,Murshidabad,,24.5981,88.0222,3,maya
IN,India,India,742148,Lalgola,West Bengal,28,Murshidabad,333,Murshidabad,,24.4224,88.2524,4,lalgola
IN,India,India,742148,Bajupur Madhupur,West Bengal,28,Murshidabad,333,Murshidabad,,24.5981,88.0222,3,bajupur-madhupur
IN,India,India,742148,Ashariadaha,West Bengal,28,Murshidabad,333,Lalgola,,24.5981,88.0222,3,ashariadaha
IN,India,India,742148,Krishnapur (MurshidabB.O,West Bengal,28,Murshidabad,333,Murshidabad,,24.5981,88.0222,3,krishnapur-murshidabb-o
IN,India,India,742148,Manikchak,West Bengal,28,Murshidabad,333,Murshidabad,,24.1612,88.231,4,manikchak
IN,India,India,742148,Paharpur,West Bengal,28,Murshidabad,333,Murshidabad,,24.1612,88.231,4,paharpur
IN,India,India,742148,Krishnapur Dinupara,West Bengal,28,Murshidabad,333,Murshidabad,,24.5981,88.0222,3,krishnapur-dinupara
IN,India,India,742148,Bansgara,West Bengal,28,Murshidabad,333,Murshidabad,,24.5981,88.0222,3,bansgara
IN,India,India,742148,Barjumla,West Bengal,28,Murshidabad,333,Lalgola,,24.5981,88.0222,3,barjumla
IN,India,India,742148,Khandua,West Bengal,28,Murshidabad,333,Murshidabad,,24.5981,88.0222,3,khandua
IN,India,India,742148,Sekhalipur,West Bengal,28,Murshidabad,333,Domkal,,24.5981,88.0222,3,sekhalipur
IN,India,India,742148,Bilbora Kopra,West Bengal,28,Murshidabad,333,Murshidabad,,24.5981,88.0222,3,bilbora-kopra
IN,India,India,742148,Upar Fatepur,West Bengal,28,Murshidabad,333,Murshidabad,,24.5981,88.0222,3,upar-fatepur
IN,India,India,742149,Gopinathpur,West Bengal,28,Murshidabad,333,Murshidabad,,24.1082,87.9171,4,gopinathpur
IN,India,India,742149,Murshidabad,West Bengal,28,Murshidabad,333,Murshidabad Jiaganj,,24.1839,88.2717,4,murshidabad
IN,India,India,742149,Kurmitola,West Bengal,28,Murshidabad,333,Murshidabad Jiaganj,,24.1528,88.1461,3,kurmitola
IN,India,India,742149,Bhattabati,West Bengal,28,Murshidabad,333,Murshidabad Jiaganj,,24.1528,88.1461,3,bhattabati
IN,India,India,742149,Khoshbagh,West Bengal,28,Murshidabad,333,Murshidabad,,24.1528,88.1461,3,khoshbagh
IN,India,India,742149,Jafrabad,West Bengal,28,Murshidabad,333,Murshidabad,,24.1528,88.1461,3,jafrabad
IN,India,India,742149,Jahankosha,West Bengal,28,Murshidabad,333,Murshidabad Jiaganj,,24.1528,88.1461,3,jahankosha
IN,India,India,742149,Talgachi,West Bengal,28,Murshidabad,333,Murshidabad,,24.1528,88.1461,3,talgachi
IN,India,India,742149,Lalbagh (Murshidabad),West Bengal,28,Murshidabad,333,Murshidabad Jiaganj,,24.1662,88.2494,4,lalbagh-murshidabad
IN,India,India,742151,Laskarpur,West Bengal,28,Murshidabad,333,Murshidabad,,24.1612,88.231,4,laskarpur
IN,India,India,742151,Rajarampur,West Bengal,28,Murshidabad,333,Murshidabad,,24.1612,88.231,4,rajarampur
IN,India,India,742151,Sagia,West Bengal,28,Murshidabad,333,Murshidabad,,24.1612,88.231,3,sagia
IN,India,India,742151,Sadar Nashipur,West Bengal,28,Murshidabad,333,Lalgola,,24.1612,88.231,3,sadar-nashipur
IN,India,India,742151,Siteshnagar,West Bengal,28,Murshidabad,333,Murshidabad,,24.1612,88.231,3,siteshnagar
IN,India,India,742159,Sabaldaha,West Bengal,28,Murshidabad,333,Murshidabad,,24.132,87.9194,4,sabaldaha
IN,India,India,742159,Ramchandrapur,West Bengal,28,Murshidabad,333,Khargram,,24.0154,87.9446,4,ramchandrapur
IN,India,India,742159,Indrani,West Bengal,28,Murshidabad,333,Murshidabad,,24.1339,88.0171,4,indrani
IN,India,India,742159,Nagar (Murshidabad),West Bengal,28,Murshidabad,333,Murshidabad,,24.0908,87.9869,4,nagar-murshidabad
IN,India,India,742159,Sankarpur,West Bengal,28,Murshidabad,333,Khargram,,24.6147,87.9715,4,sankarpur
IN,India,India,742159,Bhalkundi,West Bengal,28,Murshidabad,333,Khargram,,24.1307,87.9905,4,bhalkundi
IN,India,India,742159,Sadal,West Bengal,28,Murshidabad,333,Murshidabad,,24.1707,87.9755,3,sadal
IN,India,India,742159,Kashidanga Mohammadpur,West Bengal,28,Murshidabad,333,Khargram,,24.1707,87.9755,3,kashidanga-mohammadpur
IN,India,India,742159,Polsanda,West Bengal,28,Murshidabad,333,Murshidabad,,24.1707,87.9755,3,polsanda
IN,India,India,742159,Uttar Gopinathpur,West Bengal,28,Murshidabad,333,Murshidabad,,24.1707,87.9755,3,uttar-gopinathpur
IN,India,India,742159,Joypur,West Bengal,28,Murshidabad,333,Murshidabad,,24.1707,87.9755,3,joypur
IN,India,India,742159,Sahi Sherpur,West Bengal,28,Murshidabad,333,Murshidabad,,24.1707,87.9755,3,sahi-sherpur
IN,India,India,742159,Atai,West Bengal,28,Murshidabad,333,Murshidabad,,24.0772,87.9986,4,atai
IN,India,India,742160,Nashipur Rajbati,West Bengal,28,Murshidabad,333,Murshidabad Jiaganj,,23.9474,88.0423,1,nashipur-rajbati
IN,India,India,742161,Muniadihi,West Bengal,28,Murshidabad,333,Murshidabad,,24.1251,87.9561,3,muniadihi
IN,India,India,742161,Godda Sighari,West Bengal,28,Murshidabad,333,Murshidabad,,24.1251,87.9561,3,godda-sighari
IN,India,India,742161,Panchthupi,West Bengal,28,Murshidabad,333,Murshidabad,,23.8885,87.9884,4,panchthupi
IN,India,India,742161,Mandra,West Bengal,28,Murshidabad,333,Murshidabad,,24.1612,88.231,4,mandra
IN,India,India,742161,Tarapur,West Bengal,28,Murshidabad,333,Murshidabad,,24.1612,88.231,4,tarapur
IN,India,India,742161,Harishchandrapur,West Bengal,28,Murshidabad,333,Murshidabad,,24.1612,88.231,4,harishchandrapur
IN,India,India,742161,Kurnnarun,West Bengal,28,Murshidabad,333,Murshidabad,,24.1251,87.9561,3,kurnnarun
IN,India,India,742161,Shibrambati,West Bengal,28,Murshidabad,333,Nabagram,,24.1251,87.9561,3,shibrambati
IN,India,India,742161,Rajhat,West Bengal,28,Murshidabad,333,Murshidabad,,24.1251,87.9561,3,rajhat
IN,India,India,742161,Jawhari,West Bengal,28,Murshidabad,333,Murshidabad,,24.1251,87.9561,3,jawhari
IN,India,India,742161,Hastinapur,West Bengal,28,Murshidabad,333,Murshidabad,,24.1251,87.9561,3,hastinapur
IN,India,India,742161,Godapara,West Bengal,28,Murshidabad,333,Murshidabad,,24.1251,87.9561,3,godapara
IN,India,India,742161,Chaitpur,West Bengal,28,Murshidabad,333,Burwan,,24.1251,87.9561,3,chaitpur
IN,India,India,742161,Maliandi,West Bengal,28,Murshidabad,333,Murshidabad,,24.1251,87.9561,3,maliandi
IN,India,India,742161,Marut,West Bengal,28,Murshidabad,333,Kandi,,24.1251,87.9561,3,marut
IN,India,India,742161,Mahadebbati,West Bengal,28,Murshidabad,333,Murshidabad,,23.9072,87.9965,4,mahadebbati
IN,India,India,742161,Sundarpur,West Bengal,28,Murshidabad,333,Murshidabad,,24.5996,87.9795,4,sundarpur
IN,India,India,742163,Saktipur,West Bengal,28,Murshidabad,333,Beldanga - II,,23.8584,88.1958,4,saktipur
IN,India,India,742163,Bazarshaw,West Bengal,28,Murshidabad,333,Murshidabad,,24.1612,88.231,3,bazarshaw
IN,India,India,742163,Dupukuria,West Bengal,28,Murshidabad,333,Murshidabad,,24.1612,88.231,3,dupukuria
IN,India,India,742163,Palitpara,West Bengal,28,Murshidabad,333,Murshidabad,,24.1612,88.231,3,palitpara
IN,India,India,742163,Moshimpur,West Bengal,28,Murshidabad,333,Murshidabad,,24.1612,88.231,3,moshimpur
IN,India,India,742163,Manikahar,West Bengal,28,Murshidabad,333,Murshidabad,,24.1612,88.231,3,manikahar
IN,India,India,742163,Bachra,West Bengal,28,Murshidabad,333,Murshidabad,,24.1612,88.231,4,bachra
IN,India,India,742163,Lohadaha,West Bengal,28,Murshidabad,333,Murshidabad,,24.1612,88.231,3,lohadaha
IN,India,India,742163,Kadkhali,West Bengal,28,Murshidabad,333,Murshidabad,,24.1612,88.231,3,kadkhali
IN,India,India,742163,Sompara,West Bengal,28,Murshidabad,333,Murshidabad,,24.1612,88.231,3,sompara
IN,India,India,742163,Milki,West Bengal,28,Murshidabad,333,Murshidabad,,24.1874,87.9836,4,milki
IN,India,India,742164,Roshanbagh,West Bengal,28,Murshidabad,333,Murshidabad Jiaganj,,23.9474,88.0423,1,roshanbagh
IN,India,India,742165,Rajdharpara,West Bengal,28,Murshidabad,333,Murshidabad,,24.1612,88.231,3,rajdharpara
IN,India,India,742165,Baruipara (Murshidabad),West Bengal,28,Murshidabad,333,Murshidabad,,24.1612,88.231,3,baruipara-murshidabad
IN,India,India,742165,Jagannathpur,West Bengal,28,Murshidabad,333,Murshidabad,,24.8345,87.9044,4,jagannathpur
IN,India,India,742165,Nischintapur,West Bengal,28,Murshidabad,333,Berhampore,,24.1612,88.231,4,nischintapur
IN,India,India,742165,Nutanpara-raipur,West Bengal,28,Murshidabad,333,Hariharpara,,24.1612,88.231,3,nutanpara-raipur
IN,India,India,742165,Balarampore Colony,West Bengal,28,Murshidabad,333,Murshidabad,,24.1612,88.231,3,balarampore-colony
IN,India,India,742165,Kalitaladiar,West Bengal,28,Murshidabad,333,Murshidabad,,24.1612,88.231,3,kalitaladiar
IN,India,India,742166,Choa,West Bengal,28,Murshidabad,333,Murshidabad,,24.1612,88.231,3,choa
IN,India,India,742166,Sripur,West Bengal,28,Murshidabad,333,Murshidabad,,24.1612,88.231,4,sripur
IN,India,India,742166,Rukunpur,West Bengal,28,Murshidabad,333,Murshidabad,,24.1612,88.231,4,rukunpur
IN,India,India,742166,Gaznipur,West Bengal,28,Murshidabad,333,Murshidabad,,24.1612,88.231,3,gaznipur
IN,India,India,742166,Swaruppur,West Bengal,28,Murshidabad,333,Murshidabad,,24.1612,88.231,3,swaruppur
IN,India,India,742166,Sankarpur Dharampur,West Bengal,28,Murshidabad,333,Hariharpara,,24.1612,88.231,3,sankarpur-dharampur
IN,India,India,742166,Tartipur,West Bengal,28,Murshidabad,333,Murshidabad,,24.1612,88.231,3,tartipur
IN,India,India,742166,Padmanavpur,West Bengal,28,Murshidabad,333,Murshidabad,,24.1612,88.231,3,padmanavpur
IN,India,India,742166,Sahazadpur,West Bengal,28,Murshidabad,333,Murshidabad,,24.1612,88.231,3,sahazadpur
IN,India,India,742166,Protappur,West Bengal,28,Murshidabad,333,Murshidabad,,24.1612,88.231,3,protappur
IN,India,India,742166,Ramkrishnapur,West Bengal,28,Murshidabad,333,Murshidabad,,24.1612,88.231,4,ramkrishnapur
IN,India,India,742166,Lochanmati Dangapara,West Bengal,28,Murshidabad,333,Murshidabad,,24.1612,88.231,3,lochanmati-dangapara
IN,India,India,742166,Hariharpara,West Bengal,28,Murshidabad,333,Murshidabad,,24.0288,88.4497,4,hariharpara
IN,India,India,742168,Kunia,West Bengal,28,Murshidabad,333,Murshidabad,,24.0237,87.9259,4,kunia
IN,India,India,742168,Jhikarhati,West Bengal,28,Murshidabad,333,Murshidabad,,24.1612,88.231,4,jhikarhati
IN,India,India,742168,Belgram,West Bengal,28,Murshidabad,333,Murshidabad,,24.1612,88.231,4,belgram
IN,India,India,742168,Bipra Sekhar,West Bengal,28,Murshidabad,333,Burwan,,23.9875,87.922,3,bipra-sekhar
IN,India,India,742168,Andi,West Bengal,28,Murshidabad,333,Murshidabad,,23.9875,87.922,3,andi
IN,India,India,742168,Mahishgram,West Bengal,28,Murshidabad,333,Murshidabad,,23.9875,87.922,3,mahishgram
IN,India,India,742168,Nabadurga,West Bengal,28,Murshidabad,333,Murshidabad,,23.9875,87.922,3,nabadurga
IN,India,India,742168,Kuli Kandi,West Bengal,28,Murshidabad,333,Khargram,,23.9875,87.922,3,kuli-kandi
IN,India,India,742168,Kharjuna,West Bengal,28,Murshidabad,333,Murshidabad,,23.9875,87.922,3,kharjuna
IN,India,India,742168,Kundal,West Bengal,28,Murshidabad,333,Murshidabad,,23.9875,87.922,3,kundal
IN,India,India,742174,Dakatiapota,West Bengal,28,Murshidabad,333,Murshidabad,,24.1612,88.231,3,dakatiapota
IN,India,India,742174,Sarbangapur,West Bengal,28,Murshidabad,333,Murshidabad,,24.1612,88.231,3,sarbangapur
IN,India,India,742174,Dudsar,West Bengal,28,Murshidabad,333,Nawda,,24.1612,88.231,3,dudsar
IN,India,India,742174,Jhikra,West Bengal,28,Murshidabad,333,Murshidabad,,24.1612,88.231,4,jhikra
IN,India,India,742175,Pareshnathpur,West Bengal,28,Murshidabad,333,Murshidabad,,24.1612,88.231,3,pareshnathpur
IN,India,India,742175,Trimohini,West Bengal,28,Murshidabad,333,Beldanga - I,,24.1612,88.231,3,trimohini
IN,India,India,742175,Sabdarnagar,West Bengal,28,Murshidabad,333,Murshidabad,,24.1612,88.231,3,sabdarnagar
IN,India,India,742175,Sonatikuri,West Bengal,28,Murshidabad,333,Murshidabad,,24.1612,88.231,3,sonatikuri
IN,India,India,742175,Jhowbona,West Bengal,28,Murshidabad,333,Sabdarnagar,,24.1612,88.231,3,jhowbona
IN,India,India,742175,Bundainagar,West Bengal,28,Murshidabad,333,Nawda,,24.1612,88.231,3,bundainagar
IN,India,India,742175,Rajnagar,West Bengal,28,Murshidabad,333,Raghunathganj - I,,24.1612,88.231,4,rajnagar
IN,India,India,742175,Beharia,West Bengal,28,Murshidabad,333,Murshidabad,,24.1612,88.231,4,beharia
IN,India,India,742184,Gurah,West Bengal,28,Murshidabad,333,Murshidabad,,24.1612,88.231,3,gurah
IN,India,India,742184,Pasla,West Bengal,28,Murshidabad,333,Murshidabad,,24.1612,88.231,3,pasla
IN,India,India,742184,Chanak,West Bengal,28,Murshidabad,333,Murshidabad,,24.1612,88.231,4,chanak
IN,India,India,742184,Rasulpur,West Bengal,28,Murshidabad,333,Murshidabad,,24.1612,88.231,4,rasulpur
IN,India,India,742184,Nabagram (Murshidabad),West Bengal,28,Murshidabad,333,Nabagram,,24.1612,88.231,3,nabagram-murshidabad
IN,India,India,742184,Bilcolony,West Bengal,28,Murshidabad,333,Nabagram,,24.1612,88.231,3,bilcolony
IN,India,India,742184,Gorera,West Bengal,28,Murshidabad,333,Murshidabad,,24.1612,88.231,3,gorera
IN,India,India,742184,Kanfala,West Bengal,28,Murshidabad,333,Murshidabad,,24.1612,88.231,3,kanfala
IN,India,India,742184,Singer,West Bengal,28,Murshidabad,333,Murshidabad,,24.1612,88.231,3,singer
IN,India,India,742184,Panchgram,West Bengal,28,Murshidabad,333,Murshidabad,,24.2023,88.0081,4,panchgram
IN,India,India,742184,Targram,West Bengal,28,Murshidabad,333,Murshidabad,,24.2371,88.0059,4,targram
IN,India,India,742187,Mukundapur,West Bengal,28,Murshidabad,333,Berhampore,,24.1612,88.231,4,mukundapur
IN,India,India,742187,Basudebkhali,West Bengal,28,Murshidabad,333,Berhampore,,24.7341,87.9239,3,basudebkhali
IN,India,India,742187,Radharghat,West Bengal,28,Murshidabad,333,Berhampore,,24.7341,87.9239,3,radharghat
IN,India,India,742187,Rainda,West Bengal,28,Murshidabad,333,Murshidabad,,24.7341,87.9239,3,rainda
IN,India,India,742187,B.Sahazadpur,West Bengal,28,Murshidabad,333,Hariharpara,,24.7341,87.9239,3,b-sahazadpur
IN,India,India,742187,Telkar Dafarpur,West Bengal,28,Murshidabad,333,Nabagram,,24.7341,87.9239,3,telkar-dafarpur
IN,India,India,742187,Joykrishnapur Gangarampur,West Bengal,28,Murshidabad,333,Murshidabad,,24.7341,87.9239,3,joykrishnapur-gangarampur
IN,India,India,742187,Goaljan,West Bengal,28,Murshidabad,333,Berhampore,,24.7341,87.9239,3,goaljan
IN,India,India,742187,Tikiapara,West Bengal,28,Murshidabad,333,Murshidabad,,24.7341,87.9239,3,tikiapara
IN,India,India,742187,Durgapur,West Bengal,28,Murshidabad,333,Murshidabad,,24.03,87.9873,4,durgapur
IN,India,India,742189,Bikalnagar,West Bengal,28,Murshidabad,333,NA,,24.6219,87.9789,4,bikalnagar
IN,India,India,742189,Nazirpur,West Bengal,28,Murshidabad,333,NA,,24.1612,88.231,4,nazirpur
IN,India,India,742189,Rezinagar,West Bengal,28,Murshidabad,333,NA,,24.1612,88.231,3,rezinagar
IN,India,India,742189,Rampara,West Bengal,28,Murshidabad,333,Beldanga - II,,24.1612,88.231,3,rampara
IN,India,India,742189,Jalalpur,West Bengal,28,Murshidabad,333,NA,,24.1612,88.231,4,jalalpur
IN,India,India,742189,Kumarpur,West Bengal,28,Murshidabad,333,NA,,24.1612,88.231,3,kumarpur
IN,India,India,742189,Lokenathpur,West Bengal,28,Murshidabad,333,NA,,24.1612,88.231,3,lokenathpur
IN,India,India,742189,Kashipur (Murshidabad),West Bengal,28,Murshidabad,333,Murshidabad,,24.1612,88.231,3,kashipur-murshidabad
IN,India,India,742189,Majhyampur,West Bengal,28,Murshidabad,333,NA,,24.1612,88.231,3,majhyampur
IN,India,India,742189,Barua,West Bengal,28,Murshidabad,333,Murshidabad,,24.1612,88.231,4,barua
IN,India,India,742189,Takipur,West Bengal,28,Murshidabad,333,NA,,24.1612,88.231,4,takipur
IN,India,India,742189,Andulberia,West Bengal,28,Murshidabad,333,NA,,24.1612,88.231,3,andulberia
IN,India,India,742189,Dadpur,West Bengal,28,Murshidabad,333,Berhampore,,24.1612,88.231,4,dadpur
IN,India,India,742189,Joynagar,West Bengal,28,Murshidabad,333,NA,,24.1612,88.231,4,joynagar
IN,India,India,742189,Andulberia Colony,West Bengal,28,Murshidabad,333,Beldanga - II,,24.1612,88.231,3,andulberia-colony
IN,India,India,742201,Aurangabad (Murshidabad),West Bengal,28,Murshidabad,333,Murshidabad,,24.5978,88.0337,4,aurangabad-murshidabad
IN,India,India,742201,Mohasail,West Bengal,28,Murshidabad,333,Murshidabad,,24.3394,87.9719,3,mohasail
IN,India,India,742201,Hasanpur,West Bengal,28,Murshidabad,333,Murshidabad Jiaganj,,24.3394,87.9719,3,hasanpur
IN,India,India,742201,Chabghati,West Bengal,28,Murshidabad,333,Murshidabad,,24.3394,87.9719,3,chabghati
IN,India,India,742201,Puropara,West Bengal,28,Murshidabad,333,Khargram,,24.3394,87.9719,3,puropara
IN,India,India,742201,Daharpar,West Bengal,28,Murshidabad,333,Murshidabad,,24.3394,87.9719,3,daharpar
IN,India,India,742201,Parulia,West Bengal,28,Murshidabad,333,Suti - II,,24.0811,87.9102,4,parulia
IN,India,India,742202,Bhabanipur,West Bengal,28,Murshidabad,333,Murshidabad,,24.7131,87.925,4,bhabanipur
IN,India,India,742202,Nayansukh,West Bengal,28,Murshidabad,333,Murshidabad,,24.7477,87.9359,4,nayansukh
IN,India,India,742202,Ratanpur,West Bengal,28,Murshidabad,333,Murshidabad,,24.1314,87.9555,4,ratanpur
IN,India,India,742202,Bhasai Paikar,West Bengal,28,Murshidabad,333,Murshidabad,,24.6284,87.914,4,bhasai-paikar
IN,India,India,742202,Malancha,West Bengal,28,Murshidabad,333,Murshidabad,,24.6765,87.9269,4,malancha
IN,India,India,742202,Anantapur,West Bengal,28,Murshidabad,333,Murshidabad,,24.1612,88.231,4,anantapur
IN,India,India,742202,Lalpur,West Bengal,28,Murshidabad,333,Samserganj,,24.6759,87.9661,4,lalpur
IN,India,India,742202,Mahadebnagar,West Bengal,28,Murshidabad,333,Murshidabad,,24.6896,87.9384,4,mahadebnagar
IN,India,India,742202,Dogachi,West Bengal,28,Murshidabad,333,Murshidabad,,24.6187,87.9167,4,dogachi
IN,India,India,742202,Deonapur,West Bengal,28,Murshidabad,333,Farakka,,24.5917,87.942,3,deonapur
IN,India,India,742202,Amtala (Mobile),West Bengal,28,Murshidabad,333,Murshidabad,,24.5917,87.942,3,amtala-mobile
IN,India,India,742202,Arjunpur (MurshidabB.O,West Bengal,28,Murshidabad,333,Murshidabad,,24.5917,87.942,3,arjunpur-murshidabb-o
IN,India,India,742202,Dhuliyan,West Bengal,28,Murshidabad,333,Murshidabad,,24.5917,87.942,3,dhuliyan
IN,India,India,742202,Chakshyapur,West Bengal,28,Murshidabad,333,Suti - I,,24.5917,87.942,3,chakshyapur
IN,India,India,742202,Jafraganj,West Bengal,28,Murshidabad,333,Murshidabad,,24.5917,87.942,3,jafraganj
IN,India,India,742202,Momrejpur,West Bengal,28,Murshidabad,333,Murshidabad,,24.5917,87.942,3,momrejpur
IN,India,India,742202,Tinpukuria,West Bengal,28,Murshidabad,333,Murshidabad,,24.5917,87.942,3,tinpukuria
IN,India,India,742202,Kuli,West Bengal,28,Murshidabad,333,Murshidabad,,24.7249,87.9304,4,kuli
IN,India,India,742202,Kankuria,West Bengal,28,Murshidabad,333,Murshidabad,,24.6439,87.9748,4,kankuria
IN,India,India,742202,Bahagalpur,West Bengal,28,Murshidabad,333,Murshidabad,,24.6042,87.9521,4,bahagalpur
IN,India,India,742212,Bagdabra,West Bengal,28,Murshidabad,333,Murshidabad,,24.7469,87.8402,4,bagdabra
IN,India,India,742212,Farakka,West Bengal,28,Murshidabad,333,Farakka,,24.8167,87.9,4,farakka
IN,India,India,742212,Tildanga,West Bengal,28,Murshidabad,333,Murshidabad,,24.7893,87.8765,4,tildanga
IN,India,India,742212,Beniagram,West Bengal,28,Murshidabad,333,Murshidabad,,24.7843,87.8722,3,beniagram
IN,India,India,742212,Bewa,West Bengal,28,Murshidabad,333,Murshidabad,,24.7843,87.8722,3,bewa
IN,India,India,742212,Srimantapur,West Bengal,28,Murshidabad,333,Murshidabad,,24.7843,87.8722,3,srimantapur
IN,India,India,742212,Farakka Project,West Bengal,28,Murshidabad,333,Farakka,,24.7843,87.8722,3,farakka-project
IN,India,India,742212,Farakka Barrage,West Bengal,28,Murshidabad,333,Farakka,,24.7843,87.8722,3,farakka-barrage
IN,India,India,742213,Ramdebpur,West Bengal,28,Murshidabad,333,Raghunathganj - II,,24.5643,88.0252,3,ramdebpur
IN,India,India,742213,Sanmatinagar,West Bengal,28,Murshidabad,333,Murshidabad,,24.5643,88.0252,3,sanmatinagar
IN,India,India,742213,Mithipur,West Bengal,28,Murshidabad,333,Murshidabad,,24.5643,88.0252,3,mithipur
IN,India,India,742213,Chotkalia,West Bengal,28,Murshidabad,333,Raghunathganj - II,,24.5643,88.0252,3,chotkalia
IN,India,India,742213,Dayarampur,West Bengal,28,Murshidabad,333,Murshidabad,,24.5643,88.0252,3,dayarampur
IN,India,India,742213,Gofurpur,West Bengal,28,Murshidabad,333,Raghunathganj - II,,24.5643,88.0252,3,gofurpur
IN,India,India,742213,Rajput Teghari,West Bengal,28,Murshidabad,333,Murshidabad,,24.5643,88.0252,3,rajput-teghari
IN,India,India,742213,Jangipur,West Bengal,28,Murshidabad,333,Raghunathganj - I,,24.47,88.0766,4,jangipur
IN,India,India,742213,Giria,West Bengal,28,Murshidabad,333,Raghunathganj - II,,24.5183,88.0769,4,giria
IN,India,India,742213,Kulgachi,West Bengal,28,Murshidabad,333,Murshidabad,,24.7044,87.922,4,kulgachi
IN,India,India,742213,Khamra,West Bengal,28,Murshidabad,333,Murshidabad,,24.5643,88.0252,3,khamra
IN,India,India,742213,Kashiadanga,West Bengal,28,Murshidabad,333,Raghunathganj - II,,24.5643,88.0252,3,kashiadanga
IN,India,India,742213,Khodarampur,West Bengal,28,Murshidabad,333,Murshidabad,,24.5643,88.0252,3,khodarampur
IN,India,India,742213,Kalabagh,West Bengal,28,Murshidabad,333,Murshidabad,,24.5643,88.0252,3,kalabagh
IN,India,India,742213,Gangaprasad,West Bengal,28,Murshidabad,333,Berhampore,,24.5643,88.0252,3,gangaprasad
IN,India,India,742213,Barasimul,West Bengal,28,Murshidabad,333,Murshidabad,,24.5643,88.0252,3,barasimul
IN,India,India,742213,Lalkhandiar,West Bengal,28,Murshidabad,333,Murshidabad,,24.5643,88.0252,3,lalkhandiar
IN,India,India,742223,Chandni Chak Hat,West Bengal,28,Murshidabad,333,Lalgola,,24.075,88.0367,3,chandni-chak-hat
IN,India,India,742223,Ahiran,West Bengal,28,Murshidabad,333,Jangipur Barrage,,24.5173,88.0273,4,ahiran
IN,India,India,742223,Alampur,West Bengal,28,Murshidabad,333,Murshidabad,,24.1612,88.231,4,alampur
IN,India,India,742223,Nurpur,West Bengal,28,Murshidabad,333,Sagardighi,,24.1612,88.231,4,nurpur
IN,India,India,742223,Kanupur,West Bengal,28,Murshidabad,333,Murshidabad,,24.1612,88.231,4,kanupur
IN,India,India,742223,Raghunathpur,West Bengal,28,Murshidabad,333,Raghunathganj - II,,24.1612,88.231,4,raghunathpur
IN,India,India,742223,Fatullapur,West Bengal,28,Murshidabad,333,Murshidabad,,24.075,88.0367,3,fatullapur
IN,India,India,742223,Sadekpur,West Bengal,28,Murshidabad,333,Murshidabad,,24.075,88.0367,3,sadekpur
IN,India,India,742223,Labanchoa,West Bengal,28,Murshidabad,333,Murshidabad,,24.075,88.0367,3,labanchoa
IN,India,India,742223,Ajgarpara,West Bengal,28,Murshidabad,333,Murshidabad,,24.075,88.0367,3,ajgarpara
IN,India,India,742223,Bahadurpur Roypur,West Bengal,28,Murshidabad,333,Suti - I,,24.075,88.0367,3,bahadurpur-roypur
IN,India,India,742223,Gangin,West Bengal,28,Murshidabad,333,Murshidabad,,24.075,88.0367,3,gangin
IN,India,India,742223,Jangipur Barrage,West Bengal,28,Murshidabad,333,Raghunathganj - I,,24.075,88.0367,3,jangipur-barrage
IN,India,India,742223,Naya Bahadurpur,West Bengal,28,Murshidabad,333,Murshidabad,,24.075,88.0367,3,naya-bahadurpur
IN,India,India,742224,Nimtita Joykrishnapur,West Bengal,28,Murshidabad,333,Jalangi,,24.6278,87.9871,3,nimtita-joykrishnapur
IN,India,India,742224,Kashimnagar,West Bengal,28,Murshidabad,333,Murshidabad,,24.6278,87.9871,3,kashimnagar
IN,India,India,742224,Chachanda,West Bengal,28,Murshidabad,333,Murshidabad,,24.6278,87.9871,3,chachanda
IN,India,India,742224,Jagtai,West Bengal,28,Murshidabad,333,Sagardighi,,24.6278,87.9871,3,jagtai
IN,India,India,742224,Dafahat,West Bengal,28,Murshidabad,333,Murshidabad,,24.6278,87.9871,3,dafahat
IN,India,India,742224,Nimtita,West Bengal,28,Murshidabad,333,Samserganj,,24.65,88.0333,4,nimtita
IN,India,India,742224,Alamsahi,West Bengal,28,Murshidabad,333,Murshidabad,,24.6273,87.971,4,alamsahi
IN,India,India,742224,Kadamtala,West Bengal,28,Murshidabad,333,Murshidabad,,24.5999,87.9804,4,kadamtala
IN,India,India,742224,Naskarpur,West Bengal,28,Murshidabad,333,Murshidabad,,24.6197,87.9636,4,naskarpur
IN,India,India,742224,Loharpur,West Bengal,28,Murshidabad,333,Murshidabad,,24.6421,87.9871,4,loharpur
IN,India,India,742225,Fultala,West Bengal,28,Murshidabad,333,Raghunathganj - I,,24.3317,87.9972,1,fultala
IN,India,India,742225,Raghunathganj Bazar,West Bengal,28,Murshidabad,333,Raghunathganj - I,,24.3317,87.9972,1,raghunathganj-bazar
IN,India,India,742225,Mackenzi Park,West Bengal,28,Murshidabad,333,Raghunathganj - II,,24.3317,87.9972,1,mackenzi-park
IN,India,India,742225,Raghunathganj H.O,West Bengal,28,Murshidabad,333,Murshidabad,,24.3317,87.9972,1,raghunathganj-h-o
IN,India,India,742226,Pundi,West Bengal,28,Murshidabad,333,Murshidabad,,24.1612,88.231,3,pundi
IN,India,India,742226,Moregram,West Bengal,28,Murshidabad,333,Murshidabad,,24.1612,88.231,3,moregram
IN,India,India,742226,Dohali Dangapara,West Bengal,28,Murshidabad,333,Murshidabad,,24.1612,88.231,3,dohali-dangapara
IN,India,India,742226,Dhanpatganj,West Bengal,28,Murshidabad,333,Sagardighi,,24.1612,88.231,3,dhanpatganj
IN,India,India,742226,Boyar,West Bengal,28,Murshidabad,333,Murshidabad,,24.1612,88.231,3,boyar
IN,India,India,742226,Bokhara,West Bengal,28,Murshidabad,333,Murshidabad,,24.1612,88.231,3,bokhara
IN,India,India,742226,Noapara,West Bengal,28,Murshidabad,333,Murshidabad,,24.1612,88.231,3,noapara
IN,India,India,742226,Nimgram Beluri,West Bengal,28,Murshidabad,333,Murshidabad,,24.1612,88.231,3,nimgram-beluri
IN,India,India,742226,Megha Siara,West Bengal,28,Murshidabad,333,Sagardighi,,24.1612,88.231,3,megha-siara
IN,India,India,742226,Bhola,West Bengal,28,Murshidabad,333,Murshidabad,,24.1612,88.231,4,bhola
IN,India,India,742226,Kharati,West Bengal,28,Murshidabad,333,Murshidabad,,24.1612,88.231,3,kharati
IN,India,India,742226,Suki,West Bengal,28,Murshidabad,333,Murshidabad,,24.1612,88.231,3,suki
IN,India,India,742226,Aheripara,West Bengal,28,Murshidabad,333,Murshidabad,,24.1612,88.231,3,aheripara
IN,India,India,742226,Harhari,West Bengal,28,Murshidabad,333,Murshidabad,,24.1612,88.231,3,harhari
IN,India,India,742226,Samsabad,West Bengal,28,Murshidabad,333,Murshidabad,,24.1612,88.231,3,samsabad
IN,India,India,742226,Sagardighi,West Bengal,28,Murshidabad,333,Murshidabad,,24.2941,88.0954,4,sagardighi
IN,India,India,742227,Gankar,West Bengal,28,Murshidabad,333,Murshidabad,,24.4057,88.0651,4,gankar
IN,India,India,742227,Ramna Sekhdighi,West Bengal,28,Murshidabad,333,Murshidabad,,24.1612,88.231,3,ramna-sekhdighi
IN,India,India,742227,Rajnagar,West Bengal,28,Murshidabad,333,Murshidabad,,24.1612,88.231,4,rajnagar
IN,India,India,742227,Pasai,West Bengal,28,Murshidabad,333,Murshidabad,,24.1612,88.231,3,pasai
IN,India,India,742227,Nutanganj,West Bengal,28,Murshidabad,333,Raghunathganj - I,,24.1612,88.231,3,nutanganj
IN,India,India,742227,Adikantanagar,West Bengal,28,Murshidabad,333,Murshidabad,,24.1612,88.231,3,adikantanagar
IN,India,India,742227,Diar Raninagar,West Bengal,28,Murshidabad,333,Murshidabad,,24.1612,88.231,3,diar-raninagar
IN,India,India,742227,Dafarpur,West Bengal,28,Murshidabad,333,Murshidabad,,24.1612,88.231,3,dafarpur
IN,India,India,742235,Tanti Birol,West Bengal,28,Murshidabad,333,Sagardighi,,24.1612,88.231,3,tanti-birol
IN,India,India,742235,Senda-jamur,West Bengal,28,Murshidabad,333,Raghunathganj - I,,24.1612,88.231,3,senda-jamur
IN,India,India,742235,Jarur,West Bengal,28,Murshidabad,333,Murshidabad,,24.1612,88.231,3,jarur
IN,India,India,742235,Ghorshala,West Bengal,28,Murshidabad,333,Murshidabad,,24.1612,88.231,3,ghorshala
IN,India,India,742235,Dakshingram-sabitri,West Bengal,28,Murshidabad,333,Murshidabad,,24.1612,88.231,3,dakshingram-sabitri
IN,India,India,742235,Mianpur,West Bengal,28,Murshidabad,333,Murshidabad,,24.1612,88.231,4,mianpur
IN,India,India,742235,Uttar Ramna,West Bengal,28,Murshidabad,333,Murshidabad,,24.1612,88.231,3,uttar-ramna
IN,India,India,742235,Barala,West Bengal,28,Murshidabad,333,Murshidabad,,24.1612,88.231,3,barala
IN,India,India,742236,Nabarun,West Bengal,28,Murshidabad,333,Farakka,,24.1612,88.231,1,nabarun
IN,India,India,742236,Ntpc Farakka,West Bengal,28,Murshidabad,333,Farakka,,24.1612,88.231,1,ntpc-farakka
IN,India,India,742237,Manigram,West Bengal,28,Murshidabad,333,Murshidabad,,24.1612,88.231,3,manigram
IN,India,India,742237,Kherur,West Bengal,28,Murshidabad,333,Sagardighi,,24.1612,88.231,3,kherur
IN,India,India,742237,Karaya,West Bengal,28,Murshidabad,333,Murshidabad,,24.1612,88.231,3,karaya
IN,India,India,742237,Pilky,West Bengal,28,Murshidabad,333,Murshidabad,,24.1612,88.231,3,pilky
IN,India,India,742237,Kabilpur,West Bengal,28,Murshidabad,333,Murshidabad,,24.1612,88.231,4,kabilpur
IN,India,India,742237,Balia,West Bengal,28,Murshidabad,333,Murshidabad,,24.1612,88.231,4,balia
IN,India,India,742238,Palsandamore,West Bengal,28,Murshidabad,333,Palsanda,,24.1612,88.231,1,palsandamore
IN,India,India,742301,Amlai,West Bengal,28,Murshidabad,333,Murshidabad,,24.1612,88.231,4,amlai
IN,India,India,742301,Binodia,West Bengal,28,Murshidabad,333,Bharatpur - I,,24.1612,88.231,3,binodia
IN,India,India,742301,Sehalai,West Bengal,28,Murshidabad,333,Murshidabad,,24.1612,88.231,3,sehalai
IN,India,India,742301,Sayed Kulut,West Bengal,28,Murshidabad,333,Murshidabad,,24.1612,88.231,3,sayed-kulut
IN,India,India,742301,Khoyra,West Bengal,28,Murshidabad,333,Murshidabad,,24.1612,88.231,3,khoyra
IN,India,India,742301,Bharatpur (Murshidabad),West Bengal,28,Murshidabad,333,Murshidabad,,24.1612,88.231,3,bharatpur-murshidabad
IN,India,India,742301,Sijgram,West Bengal,28,Murshidabad,333,Murshidabad,,24.1612,88.231,3,sijgram
IN,India,India,742301,Masundi,West Bengal,28,Murshidabad,333,Murshidabad,,24.1612,88.231,3,masundi
IN,India,India,742301,Masla,West Bengal,28,Murshidabad,333,Murshidabad,,24.1612,88.231,3,masla
IN,India,India,742301,B.Sherpur,West Bengal,28,Murshidabad,333,Murshidabad,,24.1612,88.231,3,b-sherpur
IN,India,India,742301,Alugram,West Bengal,28,Murshidabad,333,Murshidabad,,24.1612,88.231,3,alugram
IN,India,India,742301,Sahapur,West Bengal,28,Murshidabad,333,Murshidabad,,24.1612,88.231,4,sahapur
IN,India,India,742301,Talgram,West Bengal,28,Murshidabad,333,Murshidabad,,24.1612,88.231,4,talgram
IN,India,India,742302,Chhaighari,West Bengal,28,Murshidabad,333,Berhampore,,24.1612,88.231,3,chhaighari
IN,India,India,742302,Daulatabad (Murshidabad),West Bengal,28,Murshidabad,333,Murshidabad,,24.1612,88.231,3,daulatabad-murshidabad
IN,India,India,742302,Moktarpur,West Bengal,28,Murshidabad,333,Raninagar - I,,24.1612,88.231,3,moktarpur
IN,India,India,742302,Boincuitala,West Bengal,28,Murshidabad,333,Berhampore,,24.1612,88.231,3,boincuitala
IN,India,India,742302,B.Durlavpur,West Bengal,28,Murshidabad,333,Raninagar - I,,24.1612,88.231,3,b-durlavpur
IN,India,India,742302,Pomaipur,West Bengal,28,Murshidabad,333,Raninagar - I,,24.1612,88.231,3,pomaipur
IN,India,India,742302,Chatai,West Bengal,28,Murshidabad,333,Bhagawangola - II,,24.1612,88.231,3,chatai
IN,India,India,742302,Bhairabpur,West Bengal,28,Murshidabad,333,Berhampore,,24.1612,88.231,4,bhairabpur
IN,India,India,742302,Gudhia,West Bengal,28,Murshidabad,333,Murshidabad,,24.1612,88.231,3,gudhia
IN,India,India,742302,Haribhanga,West Bengal,28,Murshidabad,333,Murshidabad,,24.1612,88.231,3,haribhanga
IN,India,India,742302,Chatra,West Bengal,28,Murshidabad,333,Raninagar - I,,24.1612,88.231,4,chatra
IN,India,India,742302,Tentulia,West Bengal,28,Murshidabad,333,Murshidabad,,24.1612,88.231,4,tentulia
IN,India,India,742302,Hasanpur,West Bengal,28,Murshidabad,333,Bhagawangola - II,,24.1612,88.231,3,hasanpur
IN,India,India,742302,Baligokulpur,West Bengal,28,Murshidabad,333,Murshidabad,,24.1612,88.231,3,baligokulpur
IN,India,India,742302,Dangapara,West Bengal,28,Murshidabad,333,Murshidabad Jiaganj,,24.1874,87.989,4,dangapara
IN,India,India,742303,Lakshminathpur,West Bengal,28,Murshidabad,333,Murshidabad,,24.1612,88.231,3,lakshminathpur
IN,India,India,742303,Kupila,West Bengal,28,Murshidabad,333,Murshidabad,,24.1612,88.231,3,kupila
IN,India,India,742303,Boxipur,West Bengal,28,Murshidabad,333,Murshidabad,,24.1612,88.231,3,boxipur
IN,India,India,742303,Dumkal,West Bengal,28,Murshidabad,333,Murshidabad,,24.1612,88.231,3,dumkal
IN,India,India,742303,Gangadaspara,West Bengal,28,Murshidabad,333,Domkal,,24.1612,88.231,3,gangadaspara
IN,India,India,742303,Garaimari,West Bengal,28,Murshidabad,333,Murshidabad,,24.1612,88.231,3,garaimari
IN,India,India,742303,Khairamari,West Bengal,28,Murshidabad,333,Murshidabad,,24.1612,88.231,3,khairamari
IN,India,India,742303,Kuchiamora,West Bengal,28,Murshidabad,333,Murshidabad,,24.1612,88.231,3,kuchiamora
IN,India,India,742303,Mominpur,West Bengal,28,Murshidabad,333,Murshidabad,,24.1612,88.231,3,mominpur
IN,India,India,742303,Par Raghunathpur,West Bengal,28,Murshidabad,333,Murshidabad,,24.1612,88.231,3,par-raghunathpur
IN,India,India,742303,P.T.Rasulpur,West Bengal,28,Murshidabad,333,Domkal,,24.1612,88.231,3,p-t-rasulpur
IN,India,India,742303,Raipur,West Bengal,28,Murshidabad,333,Murshidabad,,24.1612,88.231,4,raipur
IN,India,India,742303,Sadi Khan Diar,West Bengal,28,Murshidabad,333,Murshidabad,,24.1612,88.231,3,sadi-khan-diar
IN,India,India,742303,Faridpur,West Bengal,28,Murshidabad,333,Murshidabad,,24.6084,87.9978,4,faridpur
IN,India,India,742303,Bilaspur,West Bengal,28,Murshidabad,333,Murshidabad,,24.1612,88.231,4,bilaspur
IN,India,India,742304,Sarangpur,West Bengal,28,Murshidabad,333,Raninagar - I,,24.2045,88.1546,3,sarangpur
IN,India,India,742304,Kaladanga,West Bengal,28,Murshidabad,333,Murshidabad,,24.2045,88.1546,3,kaladanga
IN,India,India,742304,Gokul Gobindapur,West Bengal,28,Murshidabad,333,Murshidabad,,24.2045,88.1546,3,gokul-gobindapur
IN,India,India,742304,Malibari,West Bengal,28,Murshidabad,333,Murshidabad,,24.2045,88.1546,3,malibari
IN,India,India,742304,Maricha,West Bengal,28,Murshidabad,333,Raninagar - II,,24.2045,88.1546,3,maricha
IN,India,India,742304,Mridadpur,West Bengal,28,Murshidabad,333,Murshidabad,,24.2045,88.1546,3,mridadpur
IN,India,India,742304,Tenka Raipur,West Bengal,28,Murshidabad,333,Murshidabad,,24.2045,88.1546,3,tenka-raipur
IN,India,India,742304,Nutan Durgapur,West Bengal,28,Murshidabad,333,Raninagar - II,,24.2045,88.1546,3,nutan-durgapur
IN,India,India,742304,Paikmari,West Bengal,28,Murshidabad,333,Domkal,,24.2045,88.1546,3,paikmari
IN,India,India,742304,Godhanpara,West Bengal,28,Murshidabad,333,Murshidabad,,24.2045,88.1546,3,godhanpara
IN,India,India,742304,Lochanpur,West Bengal,28,Murshidabad,333,Murshidabad,,24.2045,88.1546,3,lochanpur
IN,India,India,742304,Gopinathpur Madhyapara,West Bengal,28,Murshidabad,333,Raninagar - I,,24.2045,88.1546,3,gopinathpur-madhyapara
IN,India,India,742304,Harharia Chak,West Bengal,28,Murshidabad,333,Raninagar - I,,24.2045,88.1546,3,harharia-chak
IN,India,India,742304,Huda Herampur,West Bengal,28,Murshidabad,333,Raninagar - I,,24.2045,88.1546,3,huda-herampur
IN,India,India,742304,Islampore,West Bengal,28,Murshidabad,333,Murshidabad,,24.2045,88.1546,3,islampore
IN,India,India,742304,Nazirpur,West Bengal,28,Murshidabad,333,Raninagar - I,,24.1612,88.231,4,nazirpur
IN,India,India,742304,Madanpur,West Bengal,28,Murshidabad,333,Murshidabad,,24.1612,88.231,4,madanpur
IN,India,India,742304,Goas,West Bengal,28,Murshidabad,333,Raninagar - I,,24.2045,88.1546,3,goas
IN,India,India,742304,Tezsinghapur,West Bengal,28,Murshidabad,333,Murshidabad,,24.2045,88.1546,3,tezsinghapur
IN,India,India,742305,Jalangi,West Bengal,28,Murshidabad,333,Murshidabad,,24.128,88.6899,4,jalangi
IN,India,India,742305,Kaliganj,West Bengal,28,Murshidabad,333,Jalangi,,24.1612,88.231,4,kaliganj
IN,India,India,742305,Udaynagar Colony,West Bengal,28,Murshidabad,333,Murshidabad,,24.1612,88.231,3,udaynagar-colony
IN,India,India,742305,Sarkarpara,West Bengal,28,Murshidabad,333,Murshidabad,,24.1612,88.231,3,sarkarpara
IN,India,India,742305,Sahebrampur,West Bengal,28,Murshidabad,333,Jalangi,,24.1612,88.231,3,sahebrampur
IN,India,India,742305,Muradpur Arji,West Bengal,28,Murshidabad,333,Murshidabad,,24.1612,88.231,3,muradpur-arji
IN,India,India,742305,Harekrishnapur,West Bengal,28,Murshidabad,333,Murshidabad,,24.1612,88.231,3,harekrishnapur
IN,India,India,742305,Godagari,West Bengal,28,Murshidabad,333,Murshidabad,,24.1612,88.231,3,godagari
IN,India,India,742305,D.Pareshpur,West Bengal,28,Murshidabad,333,Murshidabad,,24.1612,88.231,3,d-pareshpur
IN,India,India,742305,Choapara,West Bengal,28,Murshidabad,333,Jalangi,,24.1612,88.231,3,choapara
IN,India,India,742305,Joykrishnapur,West Bengal,28,Murshidabad,333,Murshidabad,,24.1612,88.231,4,joykrishnapur
IN,India,India,742306,Shibnagar,West Bengal,28,Murshidabad,333,Farakka,,24.1612,88.231,3,shibnagar
IN,India,India,742306,Saheb Nagar,West Bengal,28,Murshidabad,333,Jalangi,,24.1612,88.231,3,saheb-nagar
IN,India,India,742306,Kazipara,West Bengal,28,Murshidabad,333,Murshidabad,,24.1612,88.231,3,kazipara
IN,India,India,742306,Charmunsipara,West Bengal,28,Murshidabad,333,Raninagar - II,,24.1612,88.231,3,charmunsipara
IN,India,India,742306,Char Rajapur,West Bengal,28,Murshidabad,333,Raninagar - II,,24.1612,88.231,3,char-rajapur
IN,India,India,742306,Rajapur,West Bengal,28,Murshidabad,333,Bhagawangola - II,,24.1612,88.231,4,rajapur
IN,India,India,742306,Bamnabad,West Bengal,28,Murshidabad,333,Jalangi,,24.1612,88.231,3,bamnabad
IN,India,India,742306,Sagarpara,West Bengal,28,Murshidabad,333,Murshidabad,,24.2455,88.7005,4,sagarpara
IN,India,India,742306,Debipur,West Bengal,28,Murshidabad,333,Murshidabad,,24.2503,88.6182,4,debipur
IN,India,India,742308,Raninagar,West Bengal,28,Murshidabad,333,Murshidabad,,24.1132,87.9205,4,raninagar
IN,India,India,742308,Mohanganj,West Bengal,28,Murshidabad,333,Raninagar - II,,24.1612,88.231,3,mohanganj
IN,India,India,742308,Katlamari,West Bengal,28,Murshidabad,333,Murshidabad,,24.1612,88.231,3,katlamari
IN,India,India,742308,Kangali Mondalpara,West Bengal,28,Murshidabad,333,Raninagar - II,,24.1612,88.231,3,kangali-mondalpara
IN,India,India,742308,Ramnagar Dk,West Bengal,28,Murshidabad,333,Murshidabad,,24.1612,88.231,3,ramnagar-dk
IN,India,India,742308,Natial,West Bengal,28,Murshidabad,333,Murshidabad,,24.1612,88.231,3,natial
IN,India,India,742308,Dhulari,West Bengal,28,Murshidabad,333,Murshidabad,,24.1612,88.231,3,dhulari
IN,India,India,742308,Harudanga,West Bengal,28,Murshidabad,333,Raninagar - II,,24.1612,88.231,3,harudanga
IN,India,India,742308,Babultali,West Bengal,28,Murshidabad,333,Murshidabad,,24.1612,88.231,3,babultali
IN,India,India,742308,Borderpara,West Bengal,28,Murshidabad,333,Raninagar - I,,24.1612,88.231,3,borderpara
IN,India,India,742308,Jinnatpara,West Bengal,28,Murshidabad,333,Raninagar - II,,24.1612,88.231,3,jinnatpara
IN,India,India,742308,Nabipur,West Bengal,28,Murshidabad,333,Murshidabad,,24.1612,88.231,4,nabipur
IN,India,India,742401,Salar,West Bengal,28,Murshidabad,333,Murshidabad,,23.7708,88.1021,4,salar
IN,India,India,742401,Salu,West Bengal,28,Murshidabad,333,Murshidabad,,23.7708,88.1021,3,salu
IN,India,India,742401,Gulhatia,West Bengal,28,Murshidabad,333,Murshidabad,,23.7708,88.1021,3,gulhatia
IN,India,India,742401,Makhaltore,West Bengal,28,Murshidabad,333,Murshidabad,,23.7708,88.1021,3,makhaltore
IN,India,India,742401,Kharera,West Bengal,28,Murshidabad,333,Murshidabad,,23.7708,88.1021,3,kharera
IN,India,India,742401,Kagram,West Bengal,28,Murshidabad,333,Murshidabad,,23.7708,88.1021,3,kagram
IN,India,India,742401,Gidgram,West Bengal,28,Murshidabad,333,Murshidabad,,23.7708,88.1021,3,gidgram
IN,India,India,742401,Dutta Barutia,West Bengal,28,Murshidabad,333,Murshidabad,,23.7708,88.1021,3,dutta-barutia
IN,India,India,742401,Dechapra,West Bengal,28,Murshidabad,333,Murshidabad,,23.7708,88.1021,3,dechapra
IN,India,India,742401,Salinda,West Bengal,28,Murshidabad,333,Murshidabad,,23.7708,88.1021,3,salinda
IN,India,India,742401,Prosadpur,West Bengal,28,Murshidabad,333,Murshidabad,,23.7708,88.1021,3,prosadpur
IN,India,India,742401,Raigram,West Bengal,28,Murshidabad,333,Murshidabad,,23.7708,88.1021,3,raigram
IN,India,India,742401,Ujunia,West Bengal,28,Murshidabad,333,Murshidabad,,23.7708,88.1021,3,ujunia
IN,India,India,742401,Sunuti,West Bengal,28,Murshidabad,333,Murshidabad,,23.7708,88.1021,3,sunuti
IN,India,India,742401,Malihati,West Bengal,28,Murshidabad,333,Murshidabad,,23.7708,88.1021,3,malihati
IN,India,India,742402,Talibpur,West Bengal,28,Murshidabad,333,Bharatpur - II,,24.1612,88.231,1,talibpur
IN,India,India,742404,Tenya,West Bengal,28,Murshidabad,333,Murshidabad,,24.1612,88.231,1,tenya
IN,India,India,742404,Sarmastipur,West Bengal,28,Murshidabad,333,Murshidabad,,24.1612,88.231,1,sarmastipur
IN,India,India,742404,Miyan,West Bengal,28,Murshidabad,333,Murshidabad,,24.1612,88.231,1,miyan
IN,India,India,742404,Koregram,West Bengal,28,Murshidabad,333,Murshidabad,,24.1612,88.231,1,koregram
IN,India,India,742405,Chourigacha,West Bengal,28,Murshidabad,333,Berhampore,,24.1612,88.231,3,chourigacha
IN,India,India,742405,Charmahula,West Bengal,28,Murshidabad,333,Murshidabad,,24.1612,88.231,3,charmahula
IN,India,India,742405,Jadupur,West Bengal,28,Murshidabad,333,Murshidabad,,24.1612,88.231,3,jadupur
IN,India,India,742405,Kamnagar,West Bengal,28,Murshidabad,333,Murshidabad,,24.1612,88.231,3,kamnagar
IN,India,India,742405,Kanthalia,West Bengal,28,Murshidabad,333,Berhampore,,24.1612,88.231,3,kanthalia
IN,India,India,742405,Karna Subarna,West Bengal,28,Murshidabad,333,Berhampore,,24.1612,88.231,3,karna-subarna
IN,India,India,742405,Kodla,West Bengal,28,Murshidabad,333,Murshidabad,,24.1612,88.231,3,kodla
IN,India,India,742405,Sabitrinagar,West Bengal,28,Murshidabad,333,Murshidabad,,24.1612,88.231,3,sabitrinagar
IN,India,India,742405,Satui,West Bengal,28,Murshidabad,333,Berhampore,,24.1612,88.231,3,satui
IN,India,India,742405,Srikrishnapur,West Bengal,28,Murshidabad,333,Beldanga - I,,24.135,87.9628,4,srikrishnapur
IN,India,India,742405,Gobindapur,West Bengal,28,Murshidabad,333,Berhampore,,24.6581,87.9593,4,gobindapur
IN,India,India,742406,Basantpur (Murshidabad),West Bengal,28,Murshidabad,333,Bhagawangola - I,,24.1612,88.231,3,basantpur-murshidabad
IN,India,India,742406,Kushberia,West Bengal,28,Murshidabad,333,Murshidabad,,24.1612,88.231,3,kushberia
IN,India,India,742406,Juginda,West Bengal,28,Murshidabad,333,Murshidabad,,24.1612,88.231,3,juginda
IN,India,India,742406,Madhurkul,West Bengal,28,Murshidabad,333,Murshidabad,,24.1612,88.231,3,madhurkul
IN,India,India,742406,Bhagirathpur,West Bengal,28,Murshidabad,333,Murshidabad,,24.1612,88.231,3,bhagirathpur
IN,India,India,742406,Brindabanpur,West Bengal,28,Murshidabad,333,Murshidabad,,24.1612,88.231,4,brindabanpur
IN,India,India,742406,Juranpur,West Bengal,28,Murshidabad,333,Murshidabad,,24.1612,88.231,3,juranpur
IN,India,India,742406,Shibnagar Laskarpur,West Bengal,28,Murshidabad,333,Murshidabad,,24.1612,88.231,3,shibnagar-laskarpur
IN,India,India,742406,Aminabad,West Bengal,28,Murshidabad,333,Murshidabad,,24.1612,88.231,3,aminabad
IN,India,India,742407,Chaltia,West Bengal,28,Murshidabad,333,Berhampore,,24.1612,88.231,1,chaltia
IN,India,India,742408,Sargachi Ashram,West Bengal,28,Murshidabad,333,Behrampore,,24.1612,88.231,1,sargachi-ashram
IN,India,India,742409,Shaikhpara.,West Bengal,28,Murshidabad,333,Raninagar-II,,24.1612,88.231,1,shaikhpara
IN,India,India,742410,Rejinagar,West Bengal,28,Murshidabad,333,Beldanga,,24.1612,88.231,1,rejinagar
IN,India,India,731101,Sonatoresuri,West Bengal,28,Birbhum,334,Suri - I,,23.7968,87.6952,1,sonatoresuri
IN,India,India,731101,Baruipara (Birbhum),West Bengal,28,Birbhum,334,Birbhum,,23.7968,87.6952,1,baruipara-birbhum
IN,India,India,731101,Suricollege,West Bengal,28,Birbhum,334,Suri - I,,23.7968,87.6952,1,suricollege
IN,India,India,731101,B.Collectorate,West Bengal,28,Birbhum,334,Birbhum,,23.7968,87.6952,1,b-collectorate
IN,India,India,731101,Suribazar,West Bengal,28,Birbhum,334,Suri - I,,23.7968,87.6952,1,suribazar
IN,India,India,731101,Suri Dist. School Board,West Bengal,28,Birbhum,334,Suri - I,,23.7968,87.6952,1,suri-dist-school-board
IN,India,India,731101,Suri H.O,West Bengal,28,Birbhum,334,Birbhum,,23.7968,87.6952,1,suri-h-o
IN,India,India,731101,Pranabanandapally,West Bengal,28,Birbhum,334,Suri - I,,23.7968,87.6952,1,pranabanandapally
IN,India,India,731102,Bhurkuna,West Bengal,28,Birbhum,334,Birbhum,,23.6854,87.7386,3,bhurkuna
IN,India,India,731102,Kanspai,West Bengal,28,Birbhum,334,Birbhum,,23.6854,87.7386,3,kanspai
IN,India,India,731102,Hatjanbazar,West Bengal,28,Birbhum,334,Birbhum,,23.6854,87.7386,3,hatjanbazar
IN,India,India,731102,Januri,West Bengal,28,Birbhum,334,Birbhum,,23.6854,87.7386,3,januri
IN,India,India,731102,Haraipur,West Bengal,28,Birbhum,334,Suri - II,,23.6854,87.7386,3,haraipur
IN,India,India,731102,Changuria,West Bengal,28,Birbhum,334,Birbhum,,23.6854,87.7386,3,changuria
IN,India,India,731102,Chakdaha,West Bengal,28,Birbhum,334,Suri - I,,23.9536,87.6665,4,chakdaha
IN,India,India,731102,Panuria,West Bengal,28,Birbhum,334,Birbhum,,23.9536,87.6665,4,panuria
IN,India,India,731102,Mohubona,West Bengal,28,Birbhum,334,Birbhum,,24.1637,87.7078,4,mohubona
IN,India,India,731103,Barabagan,West Bengal,28,Birbhum,334,Birbhum,,23.7968,87.6952,1,barabagan
IN,India,India,731103,Narasinghapur,West Bengal,28,Birbhum,334,Birbhum,,23.7968,87.6952,1,narasinghapur
IN,India,India,731103,Itagoria,West Bengal,28,Birbhum,334,Birbhum,,23.7968,87.6952,1,itagoria
IN,India,India,731103,Khantanga,West Bengal,28,Birbhum,334,Birbhum,,23.7968,87.6952,1,khantanga
IN,India,India,731103,Baram,West Bengal,28,Birbhum,334,Birbhum,,23.7968,87.6952,1,baram
IN,India,India,731103,Junidpur,West Bengal,28,Birbhum,334,Birbhum,,23.7968,87.6952,1,junidpur
IN,India,India,731103,Baraalunda,West Bengal,28,Birbhum,334,Birbhum,,23.7968,87.6952,1,baraalunda
IN,India,India,731103,Langulia,West Bengal,28,Birbhum,334,Birbhum,,23.7968,87.6952,1,langulia
IN,India,India,731103,Kukhudihi,West Bengal,28,Birbhum,334,Birbhum,,23.7968,87.6952,1,kukhudihi
IN,India,India,731104,Sahapur,West Bengal,28,Birbhum,334,Birbhum,,24.1072,87.8229,4,sahapur
IN,India,India,731104,Chinpai,West Bengal,28,Birbhum,334,Dubrajpur,,23.8206,87.4371,4,chinpai
IN,India,India,731104,Bk.T.P.P,West Bengal,28,Birbhum,334,Birbhum,,23.9639,87.63,3,bk-t-p-p
IN,India,India,731104,Tapaspur,West Bengal,28,Birbhum,334,Birbhum,,23.9639,87.63,3,tapaspur
IN,India,India,731121,Kurmitha,West Bengal,28,Birbhum,334,Birbhum,,23.9536,87.6665,3,kurmitha
IN,India,India,731121,Talibpur,West Bengal,28,Birbhum,334,Birbhum,,23.9536,87.6665,3,talibpur
IN,India,India,731121,Panrui,West Bengal,28,Birbhum,334,Birbhum,,23.9536,87.6665,3,panrui
IN,India,India,731121,Netaipur,West Bengal,28,Birbhum,334,Birbhum,,23.9536,87.6665,3,netaipur
IN,India,India,731121,Gargaria,West Bengal,28,Birbhum,334,Birbhum,,23.9536,87.6665,3,gargaria
IN,India,India,731121,Batikar,West Bengal,28,Birbhum,334,Birbhum,,23.9536,87.6665,3,batikar
IN,India,India,731121,Bansanka,West Bengal,28,Birbhum,334,Birbhum,,23.9536,87.6665,3,bansanka
IN,India,India,731121,Abinashpur,West Bengal,28,Birbhum,334,Birbhum,,23.9536,87.6665,3,abinashpur
IN,India,India,731121,Kanserhat,West Bengal,28,Birbhum,334,Birbhum,,23.9536,87.6665,3,kanserhat
IN,India,India,731121,Sikarpur,West Bengal,28,Birbhum,334,Birbhum,,23.9536,87.6665,4,sikarpur
IN,India,India,731121,Mangaldihi,West Bengal,28,Birbhum,334,Birbhum,,23.9536,87.6665,3,mangaldihi
IN,India,India,731123,Lokpur,West Bengal,28,Birbhum,334,Birbhum,,23.8367,87.3746,3,lokpur
IN,India,India,731123,Rupaspur,West Bengal,28,Birbhum,334,Birbhum,,23.8367,87.3746,3,rupaspur
IN,India,India,731123,Joplai,West Bengal,28,Birbhum,334,Birbhum,,23.8367,87.3746,3,joplai
IN,India,India,731123,Metela,West Bengal,28,Birbhum,334,Dubrajpur,,23.8367,87.3746,3,metela
IN,India,India,731123,Jangaldubrajpur,West Bengal,28,Birbhum,334,Dubrajpur,,23.8367,87.3746,3,jangaldubrajpur
IN,India,India,731123,Lakshmi Narayan Pur,West Bengal,28,Birbhum,334,Birbhum,,23.8367,87.3746,3,lakshmi-narayan-pur
IN,India,India,731123,Panditpur,West Bengal,28,Birbhum,334,Birbhum,,23.8367,87.3746,3,panditpur
IN,India,India,731123,Balijuri,West Bengal,28,Birbhum,334,Birbhum,,23.8367,87.3746,3,balijuri
IN,India,India,731123,Peruagopalpur,West Bengal,28,Birbhum,334,Birbhum,,23.8367,87.3746,3,peruagopalpur
IN,India,India,731123,Kukutia,West Bengal,28,Birbhum,334,Birbhum,,23.8367,87.3746,3,kukutia
IN,India,India,731123,Dubrajpur,West Bengal,28,Birbhum,334,Birbhum,,23.7902,87.3765,4,dubrajpur
IN,India,India,731123,Bakreswar,West Bengal,28,Birbhum,334,Birbhum,,23.8832,87.3727,4,bakreswar
IN,India,India,731124,Loba,West Bengal,28,Birbhum,334,Birbhum,,23.9536,87.6665,1,loba
IN,India,India,731124,Ganra,West Bengal,28,Birbhum,334,Birbhum,,23.9536,87.6665,1,ganra
IN,India,India,731124,Joydevkenduli,West Bengal,28,Birbhum,334,Birbhum,,23.9536,87.6665,1,joydevkenduli
IN,India,India,731124,Jhirul,West Bengal,28,Birbhum,334,Birbhum,,23.9536,87.6665,1,jhirul
IN,India,India,731124,Hetampur Rajbati,West Bengal,28,Birbhum,334,Birbhum,,23.9536,87.6665,1,hetampur-rajbati
IN,India,India,731124,Ghoratori,West Bengal,28,Birbhum,334,Birbhum,,23.9536,87.6665,1,ghoratori
IN,India,India,731124,Jatra,West Bengal,28,Birbhum,334,Birbhum,,23.9536,87.6665,1,jatra
IN,India,India,731124,Sirsha,West Bengal,28,Birbhum,334,Birbhum,,23.9536,87.6665,1,sirsha
IN,India,India,731124,Pachhiara,West Bengal,28,Birbhum,334,Birbhum,,23.9536,87.6665,1,pachhiara
IN,India,India,731124,Khandagram,West Bengal,28,Birbhum,334,Birbhum,,23.9536,87.6665,1,khandagram
IN,India,India,731124,Janubazar,West Bengal,28,Birbhum,334,Birbhum,,23.9536,87.6665,1,janubazar
IN,India,India,731124,Delora,West Bengal,28,Birbhum,334,Birbhum,,23.9536,87.6665,1,delora
IN,India,India,731124,Kandighi,West Bengal,28,Birbhum,334,Birbhum,,23.9536,87.6665,1,kandighi
IN,India,India,731124,Kota,West Bengal,28,Birbhum,334,Birbhum,,23.9536,87.6665,1,kota
IN,India,India,731124,Niramoy Sanetorium Giridangaed,West Bengal,28,Birbhum,334,Birbhum,,23.9536,87.6665,1,niramoy-sanetorium-giridangaed
IN,India,India,731125,Jahidpur,West Bengal,28,Birbhum,334,Birbhum,,23.9536,87.6665,3,jahidpur
IN,India,India,731125,Hazratpur,West Bengal,28,Birbhum,334,Birbhum,,23.9536,87.6665,3,hazratpur
IN,India,India,731125,Kendragoria,West Bengal,28,Birbhum,334,Birbhum,,23.9536,87.6665,3,kendragoria
IN,India,India,731125,Kankartala,West Bengal,28,Birbhum,334,Birbhum,,23.9536,87.6665,3,kankartala
IN,India,India,731125,Pursundi,West Bengal,28,Birbhum,334,Birbhum,,23.9536,87.6665,3,pursundi
IN,India,India,731125,Khoyrasole,West Bengal,28,Birbhum,334,Birbhum,,23.9536,87.6665,3,khoyrasole
IN,India,India,731125,Nabasan,West Bengal,28,Birbhum,334,Birbhum,,23.9536,87.6665,4,nabasan
IN,India,India,731125,Rasa,West Bengal,28,Birbhum,334,Birbhum,,23.9536,87.6665,3,rasa
IN,India,India,731125,Geruapahari,West Bengal,28,Birbhum,334,Birbhum,,23.9536,87.6665,3,geruapahari
IN,India,India,731125,Bhadulia,West Bengal,28,Birbhum,334,Birbhum,,23.9536,87.6665,3,bhadulia
IN,India,India,731125,Nakrakonda,West Bengal,28,Birbhum,334,Birbhum,,23.9536,87.6665,3,nakrakonda
IN,India,India,731125,Barhra,West Bengal,28,Birbhum,334,Birbhum,,23.9536,87.6665,3,barhra
IN,India,India,731125,Sagarbhanga,West Bengal,28,Birbhum,334,Birbhum,,23.9536,87.6665,3,sagarbhanga
IN,India,India,731125,Babuijore,West Bengal,28,Birbhum,334,Birbhum,,23.7905,87.2691,4,babuijore
IN,India,India,731126,Madhaipur,West Bengal,28,Birbhum,334,Birbhum,,24.2812,87.7971,4,madhaipur
IN,India,India,731126,Ganeshpur,West Bengal,28,Birbhum,334,Birbhum,,23.9536,87.6665,4,ganeshpur
IN,India,India,731126,Patadanga,West Bengal,28,Birbhum,334,Birbhum,,23.9536,87.6665,3,patadanga
IN,India,India,731126,Sajina,West Bengal,28,Birbhum,334,Birbhum,,23.9536,87.6665,3,sajina
IN,India,India,731126,Gohaliara,West Bengal,28,Birbhum,334,Birbhum,,23.9536,87.6665,3,gohaliara
IN,India,India,731126,Tantipara,West Bengal,28,Birbhum,334,Birbhum,,23.9536,87.6665,3,tantipara
IN,India,India,731126,Paruliahazrapur,West Bengal,28,Birbhum,334,Birbhum,,23.9536,87.6665,3,paruliahazrapur
IN,India,India,731126,Patharchapuri,West Bengal,28,Birbhum,334,Birbhum,,23.9536,87.6665,3,patharchapuri
IN,India,India,731126,Ghatdurlavpur,West Bengal,28,Birbhum,334,Birbhum,,23.9536,87.6665,3,ghatdurlavpur
IN,India,India,731126,Tabadumra,West Bengal,28,Birbhum,334,Birbhum,,23.9536,87.6665,3,tabadumra
IN,India,India,731126,Nagari,West Bengal,28,Birbhum,334,Birbhum,,23.9536,87.6665,3,nagari
IN,India,India,731126,Rajganj,West Bengal,28,Birbhum,334,Birbhum,,23.9536,87.6665,3,rajganj
IN,India,India,731126,Rautara,West Bengal,28,Birbhum,334,Birbhum,,23.9536,87.6665,3,rautara
IN,India,India,731126,Karidhya,West Bengal,28,Birbhum,334,Birbhum,,23.9536,87.6665,3,karidhya
IN,India,India,731126,Bhabanipur,West Bengal,28,Birbhum,334,Birbhum,,24.5253,87.8751,4,bhabanipur
IN,India,India,731127,Baliharpur,West Bengal,28,Birbhum,334,Birbhum,,24.0906,87.514,4,baliharpur
IN,India,India,731127,Rampur,West Bengal,28,Birbhum,334,Birbhum,,24.0948,87.6362,4,rampur
IN,India,India,731127,Amjolpahari,West Bengal,28,Birbhum,334,Birbhum,,23.5369,87.7085,3,amjolpahari
IN,India,India,731127,Baidyanathpur,West Bengal,28,Birbhum,334,Birbhum,,23.9536,87.6665,4,baidyanathpur
IN,India,India,731127,Bishnupurkulkuri,West Bengal,28,Birbhum,334,Birbhum,,23.5369,87.7085,3,bishnupurkulkuri
IN,India,India,731127,Kapista,West Bengal,28,Birbhum,334,Birbhum,,23.5369,87.7085,3,kapista
IN,India,India,731127,Debagramchuramali,West Bengal,28,Birbhum,334,Birbhum,,23.5369,87.7085,3,debagramchuramali
IN,India,India,731127,Nimdaspur,West Bengal,28,Birbhum,334,Suri - I,,23.5369,87.7085,3,nimdaspur
IN,India,India,731127,Sarenda,West Bengal,28,Birbhum,334,Birbhum,,23.5369,87.7085,3,sarenda
IN,India,India,731127,Sehelaraipur,West Bengal,28,Birbhum,334,Birbhum,,23.5369,87.7085,3,sehelaraipur
IN,India,India,731127,Seherakuri,West Bengal,28,Birbhum,334,Birbhum,,23.5369,87.7085,3,seherakuri
IN,India,India,731127,Md.Bazar,West Bengal,28,Birbhum,334,Birbhum,,23.5369,87.7085,3,md-bazar
IN,India,India,731127,Charicha,West Bengal,28,Birbhum,334,Birbhum,,23.5369,87.7085,3,charicha
IN,India,India,731129,Majhigram,West Bengal,28,Birbhum,334,Birbhum,,23.9536,87.6665,3,majhigram
IN,India,India,731129,Purundarpur,West Bengal,28,Birbhum,334,Birbhum,,23.9536,87.6665,3,purundarpur
IN,India,India,731129,Ikra,West Bengal,28,Birbhum,334,Birbhum,,23.9536,87.6665,3,ikra
IN,India,India,731129,Dholtikuri,West Bengal,28,Birbhum,334,Birbhum,,23.9536,87.6665,3,dholtikuri
IN,India,India,731129,Damdama,West Bengal,28,Birbhum,334,Birbhum,,23.9536,87.6665,4,damdama
IN,India,India,731129,Gadadharpur,West Bengal,28,Birbhum,334,Birbhum,,24.0174,87.7061,4,gadadharpur
IN,India,India,731130,Rajnagar (Birbhum),West Bengal,28,Birbhum,334,Birbhum,,24.1261,87.6915,1,rajnagar-birbhum
IN,India,India,731130,Lauberia,West Bengal,28,Birbhum,334,Birbhum,,24.1261,87.6915,1,lauberia
IN,India,India,731130,Joypur,West Bengal,28,Birbhum,334,Rajnagar,,24.1261,87.6915,1,joypur
IN,India,India,731130,Kundira,West Bengal,28,Birbhum,334,Birbhum,,24.1261,87.6915,1,kundira
IN,India,India,731130,Kurulmetia,West Bengal,28,Birbhum,334,Birbhum,,24.1261,87.6915,1,kurulmetia
IN,India,India,731130,Ranigram,West Bengal,28,Birbhum,334,Birbhum,,24.1261,87.6915,1,ranigram
IN,India,India,731130,Muktipur,West Bengal,28,Birbhum,334,Birbhum,,24.1261,87.6915,1,muktipur
IN,India,India,731130,Laujore,West Bengal,28,Birbhum,334,Birbhum,,24.1261,87.6915,1,laujore
IN,India,India,731130,Aligarh,West Bengal,28,Birbhum,334,Birbhum,,24.1261,87.6915,1,aligarh
IN,India,India,731132,Md.Bazar Town Ship,West Bengal,28,Birbhum,334,Birbhum,,24.1261,87.6915,3,md-bazar-town-ship
IN,India,India,731132,Kabilpur,West Bengal,28,Birbhum,334,Birbhum,,24.2122,87.7978,4,kabilpur
IN,India,India,731132,Puranagram,West Bengal,28,Birbhum,334,Birbhum,,24.1261,87.6915,3,puranagram
IN,India,India,731132,Harinsingha,West Bengal,28,Birbhum,334,Birbhum,,24.1261,87.6915,3,harinsingha
IN,India,India,731132,Nischintapur Jagatpur,West Bengal,28,Birbhum,334,Birbhum,,24.1261,87.6915,3,nischintapur-jagatpur
IN,India,India,731132,Deucha,West Bengal,28,Birbhum,334,Birbhum,,24.04,87.5852,4,deucha
IN,India,India,731133,Churar,West Bengal,28,Birbhum,334,NA,,24.1261,87.6915,1,churar
IN,India,India,731133,Ranipathar,West Bengal,28,Birbhum,334,NA,,24.1261,87.6915,1,ranipathar
IN,India,India,731133,Paigora,West Bengal,28,Birbhum,334,NA,,24.1261,87.6915,1,paigora
IN,India,India,731133,Panchrahat,West Bengal,28,Birbhum,334,Birbhum,,24.1261,87.6915,1,panchrahat
IN,India,India,731201,Bataspur,West Bengal,28,Birbhum,334,Birbhum,,24.0459,87.6637,4,bataspur
IN,India,India,731201,Belia,West Bengal,28,Birbhum,334,Birbhum,,24.478,87.8554,4,belia
IN,India,India,731201,Paharpur,West Bengal,28,Birbhum,334,Birbhum,,24.2943,87.9142,4,paharpur
IN,India,India,731201,Bagrakonda,West Bengal,28,Birbhum,334,Birbhum,,24.1621,87.78,3,bagrakonda
IN,India,India,731201,Ahmadpur,West Bengal,28,Birbhum,334,NA,,23.8301,87.6866,4,ahmadpur
IN,India,India,731201,Kheyerpara,West Bengal,28,Birbhum,334,Birbhum,,24.1621,87.78,3,kheyerpara
IN,India,India,731201,Bhoromorekol,West Bengal,28,Birbhum,334,Birbhum,,24.1621,87.78,3,bhoromorekol
IN,India,India,731201,Nimgoria,West Bengal,28,Birbhum,334,Birbhum,,24.1621,87.78,3,nimgoria
IN,India,India,731201,Bhalkuti,West Bengal,28,Birbhum,334,Birbhum,,24.1621,87.78,3,bhalkuti
IN,India,India,731201,Purbasiur,West Bengal,28,Birbhum,334,Birbhum,,24.1621,87.78,3,purbasiur
IN,India,India,731201,Nirisha,West Bengal,28,Birbhum,334,Birbhum,,24.1621,87.78,3,nirisha
IN,India,India,731201,Mahodory,West Bengal,28,Birbhum,334,Birbhum,,24.1621,87.78,3,mahodory
IN,India,India,731201,Laghosa,West Bengal,28,Birbhum,334,Birbhum,,24.1621,87.78,3,laghosa
IN,India,India,731201,Konarpur,West Bengal,28,Birbhum,334,Birbhum,,24.1621,87.78,3,konarpur
IN,India,India,731201,Iswarpurndtso,West Bengal,28,Birbhum,334,Sainthia,,24.1621,87.78,3,iswarpurndtso
IN,India,India,731201,Ikra Hazrapur,West Bengal,28,Birbhum,334,Birbhum,,24.1621,87.78,3,ikra-hazrapur
IN,India,India,731201,Hatia,West Bengal,28,Birbhum,334,Birbhum,,24.1621,87.78,3,hatia
IN,India,India,731201,Dewas Chandpur,West Bengal,28,Birbhum,334,Birbhum,,24.1621,87.78,3,dewas-chandpur
IN,India,India,731201,Chowhatta,West Bengal,28,Birbhum,334,Birbhum,,24.1621,87.78,3,chowhatta
IN,India,India,731201,Choto-sangra,West Bengal,28,Birbhum,334,Birbhum,,24.1621,87.78,3,choto-sangra
IN,India,India,731201,Kurumsha,West Bengal,28,Birbhum,334,Birbhum,,24.1621,87.78,3,kurumsha
IN,India,India,731201,Kuchuighata,West Bengal,28,Birbhum,334,Sainthia,,24.1621,87.78,3,kuchuighata
IN,India,India,731201,Uttarkhayerbuni,West Bengal,28,Birbhum,334,Sainthia,,24.1621,87.78,3,uttarkhayerbuni
IN,India,India,731201,Sindurtopa,West Bengal,28,Birbhum,334,Birbhum,,24.1621,87.78,3,sindurtopa
IN,India,India,731202,Dakhalbati,West Bengal,28,Birbhum,334,Birbhum,,23.9536,87.6665,3,dakhalbati
IN,India,India,731202,Joykrishnapur,West Bengal,28,Birbhum,334,Birbhum,,23.9536,87.6665,4,joykrishnapur
IN,India,India,731202,Kaluha,West Bengal,28,Birbhum,334,Birbhum,,23.9536,87.6665,3,kaluha
IN,India,India,731202,Mallickpur,West Bengal,28,Birbhum,334,Birbhum,,23.9536,87.6665,3,mallickpur
IN,India,India,731202,Barakartickchungri,West Bengal,28,Birbhum,334,Birbhum,,23.9536,87.6665,3,barakartickchungri
IN,India,India,731202,Margram,West Bengal,28,Birbhum,334,Birbhum,,24.15,87.8427,4,margram
IN,India,India,731202,Baswa (Birbhum),West Bengal,28,Birbhum,334,Birbhum,,24.1313,87.8793,4,baswa-birbhum
IN,India,India,731202,Ningha,West Bengal,28,Birbhum,334,Birbhum,,24.2151,87.8889,4,ningha
IN,India,India,731202,Laha,West Bengal,28,Birbhum,334,Birbhum,,24.1102,87.8629,4,laha
IN,India,India,731204,Bolpur,West Bengal,28,Birbhum,334,Birbhum,,23.6628,87.6969,4,bolpur
IN,India,India,731204,Raipur,West Bengal,28,Birbhum,334,Birbhum,,24.1013,87.6467,4,raipur
IN,India,India,731204,Adityapur,West Bengal,28,Birbhum,334,Birbhum,,23.9536,87.6665,3,adityapur
IN,India,India,731204,Bolpur Court,West Bengal,28,Birbhum,334,Bolpur Sriniketan,,23.9536,87.6665,3,bolpur-court
IN,India,India,731204,Bolpur Trisulapatty,West Bengal,28,Birbhum,334,Bolpur Sriniketan,,23.9536,87.6665,3,bolpur-trisulapatty
IN,India,India,731204,Bolpur Ukilpatty,West Bengal,28,Birbhum,334,Bolpur Sriniketan,,23.9536,87.6665,3,bolpur-ukilpatty
IN,India,India,731204,Darpasila,West Bengal,28,Birbhum,334,Birbhum,,23.9536,87.6665,3,darpasila
IN,India,India,731204,Kuchligopalpur,West Bengal,28,Birbhum,334,Birbhum,,23.9536,87.6665,3,kuchligopalpur
IN,India,India,731204,Rajatpur,West Bengal,28,Birbhum,334,Birbhum,,23.9536,87.6665,3,rajatpur
IN,India,India,731204,Bagdowra,West Bengal,28,Birbhum,334,Birbhum,,23.9536,87.6665,3,bagdowra
IN,India,India,731204,Sian,West Bengal,28,Birbhum,334,Birbhum,,23.9536,87.6665,3,sian
IN,India,India,731204,Sitapur,West Bengal,28,Birbhum,334,Birbhum,,23.9536,87.6665,3,sitapur
IN,India,India,731204,Albandha,West Bengal,28,Birbhum,334,Birbhum,,23.9536,87.6665,3,albandha
IN,India,India,731204,Muluk,West Bengal,28,Birbhum,334,Birbhum,,23.9536,87.6665,3,muluk
IN,India,India,731204,Supur,West Bengal,28,Birbhum,334,Birbhum,,23.9536,87.6665,4,supur
IN,India,India,731204,Laldaha,West Bengal,28,Birbhum,334,Birbhum,,23.9536,87.6665,3,laldaha
IN,India,India,731204,Bolpur Bazar,West Bengal,28,Birbhum,334,Bolpur Sriniketan,,23.9536,87.6665,3,bolpur-bazar
IN,India,India,731214,Paschimnarayanpur,West Bengal,28,Birbhum,334,Birbhum,,24.1395,87.8054,1,paschimnarayanpur
IN,India,India,731214,Illambazar,West Bengal,28,Birbhum,334,Birbhum,,24.1395,87.8054,1,illambazar
IN,India,India,731214,Paikuni,West Bengal,28,Birbhum,334,Birbhum,,24.1395,87.8054,1,paikuni
IN,India,India,731214,Latbhabanipur,West Bengal,28,Birbhum,334,Birbhum,,24.1395,87.8054,1,latbhabanipur
IN,India,India,731214,Ushardihi,West Bengal,28,Birbhum,334,Birbhum,,24.1395,87.8054,1,ushardihi
IN,India,India,731214,Matikona,West Bengal,28,Birbhum,334,Birbhum,,24.1395,87.8054,1,matikona
IN,India,India,731214,Moukhira,West Bengal,28,Birbhum,334,Birbhum,,24.1395,87.8054,1,moukhira
IN,India,India,731214,Payer,West Bengal,28,Birbhum,334,Birbhum,,24.1395,87.8054,1,payer
IN,India,India,731214,Sunmuni,West Bengal,28,Birbhum,334,Birbhum,,24.1395,87.8054,1,sunmuni
IN,India,India,731214,Dhalla,West Bengal,28,Birbhum,334,Birbhum,,24.1395,87.8054,1,dhalla
IN,India,India,731214,Hansra,West Bengal,28,Birbhum,334,Birbhum,,24.1395,87.8054,1,hansra
IN,India,India,731214,Ghurisha,West Bengal,28,Birbhum,334,Birbhum,,24.1395,87.8054,1,ghurisha
IN,India,India,731214,Dumrut,West Bengal,28,Birbhum,334,Birbhum,,24.1395,87.8054,1,dumrut
IN,India,India,731214,Chunpalasi,West Bengal,28,Birbhum,334,Birbhum,,24.1395,87.8054,1,chunpalasi
IN,India,India,731214,Koyra,West Bengal,28,Birbhum,334,Birbhum,,24.1395,87.8054,1,koyra
IN,India,India,731215,Gannaserandi,West Bengal,28,Birbhum,334,Birbhum,,24.2069,87.9004,3,gannaserandi
IN,India,India,731215,Brahmankhanda,West Bengal,28,Birbhum,334,Nanoor,,24.2069,87.9004,3,brahmankhanda
IN,India,India,731215,Saraswatibazar,West Bengal,28,Birbhum,334,Birbhum,,24.2069,87.9004,3,saraswatibazar
IN,India,India,731215,Khujutipara,West Bengal,28,Birbhum,334,Birbhum,,24.2069,87.9004,3,khujutipara
IN,India,India,731215,Palita,West Bengal,28,Birbhum,334,Birbhum,,24.2069,87.9004,3,palita
IN,India,India,731215,Sakodda,West Bengal,28,Birbhum,334,Birbhum,,24.2069,87.9004,3,sakodda
IN,India,India,731215,Belai,West Bengal,28,Birbhum,334,Birbhum,,24.2069,87.9004,3,belai
IN,India,India,731215,Thupsara,West Bengal,28,Birbhum,334,Birbhum,,24.2069,87.9004,3,thupsara
IN,India,India,731215,Bandar,West Bengal,28,Birbhum,334,Nanoor,,23.9536,87.6665,3,bandar
IN,India,India,731215,Srikrishnapur,West Bengal,28,Birbhum,334,Birbhum,,24.2069,87.9004,4,srikrishnapur
IN,India,India,731216,Bharkata,West Bengal,28,Birbhum,334,Birbhum,,24.0713,87.6292,4,bharkata
IN,India,India,731216,Damra,West Bengal,28,Birbhum,334,Birbhum,,24.1034,87.6719,4,damra
IN,India,India,731216,Mallarpur,West Bengal,28,Birbhum,334,Birbhum,,24.0791,87.7092,4,mallarpur
IN,India,India,731216,Kanachi,West Bengal,28,Birbhum,334,Birbhum,,24.0685,87.763,4,kanachi
IN,India,India,731216,Dabuk,West Bengal,28,Birbhum,334,Birbhum,,24.0643,87.8147,4,dabuk
IN,India,India,731216,Tarachua,West Bengal,28,Birbhum,334,Birbhum,,24.1507,87.6035,4,tarachua
IN,India,India,731216,Katigram,West Bengal,28,Birbhum,334,Birbhum,,24.0478,87.7465,4,katigram
IN,India,India,731216,Sonj,West Bengal,28,Birbhum,334,Birbhum,,24.0249,87.7357,4,sonj
IN,India,India,731216,Taloan,West Bengal,28,Birbhum,334,Birbhum,,24.0762,87.7092,3,taloan
IN,India,India,731216,Makdamnagar,West Bengal,28,Birbhum,334,Birbhum,,24.0762,87.7092,3,makdamnagar
IN,India,India,731216,Dighalgram,West Bengal,28,Birbhum,334,Birbhum,,24.0762,87.7092,3,dighalgram
IN,India,India,731216,Dwaruri,West Bengal,28,Birbhum,334,Birbhum,,24.0762,87.7092,3,dwaruri
IN,India,India,731216,Gonpur,West Bengal,28,Birbhum,334,Birbhum,,24.0762,87.7092,3,gonpur
IN,India,India,731216,Kastogoria,West Bengal,28,Birbhum,334,Birbhum,,24.0762,87.7092,3,kastogoria
IN,India,India,731216,Mohula,West Bengal,28,Birbhum,334,Birbhum,,24.0762,87.7092,3,mohula
IN,India,India,731216,Muruli Dangal,West Bengal,28,Birbhum,334,Birbhum,,24.0762,87.7092,3,muruli-dangal
IN,India,India,731216,Sekpur,West Bengal,28,Birbhum,334,Birbhum,,24.0762,87.7092,3,sekpur
IN,India,India,731218,Parulia,West Bengal,28,Birbhum,334,Birbhum,,23.9536,87.6665,4,parulia
IN,India,India,731218,Kuliara,West Bengal,28,Birbhum,334,Birbhum,,23.9536,87.6665,4,kuliara
IN,India,India,731218,Mohurapur,West Bengal,28,Birbhum,334,Birbhum,,23.6193,87.8905,3,mohurapur
IN,India,India,731218,Kaleswar,West Bengal,28,Birbhum,334,Birbhum,,23.6193,87.8905,3,kaleswar
IN,India,India,731218,Brahmanbahara,West Bengal,28,Birbhum,334,Birbhum,,23.6193,87.8905,3,brahmanbahara
IN,India,India,731218,Chhamna,West Bengal,28,Birbhum,334,Birbhum,,23.6193,87.8905,3,chhamna
IN,India,India,731218,Chhototurigram,West Bengal,28,Birbhum,334,Birbhum,,23.6193,87.8905,3,chhototurigram
IN,India,India,731218,Daspalsa,West Bengal,28,Birbhum,334,Birbhum,,23.6193,87.8905,3,daspalsa
IN,India,India,731218,Kanutia,West Bengal,28,Birbhum,334,Birbhum,,23.6193,87.8905,3,kanutia
IN,India,India,731218,Kotasur,West Bengal,28,Birbhum,334,Birbhum,,23.6193,87.8905,3,kotasur
IN,India,India,731218,Kusumi,West Bengal,28,Birbhum,334,Birbhum,,23.6193,87.8905,3,kusumi
IN,India,India,731218,Mayureswar,West Bengal,28,Birbhum,334,Birbhum,,23.987,87.7638,4,mayureswar
IN,India,India,731219,Amdole,West Bengal,28,Birbhum,334,Birbhum,,24.3616,87.8519,3,amdole
IN,India,India,731219,Murarai,West Bengal,28,Birbhum,334,Birbhum,,24.44,87.861,4,murarai
IN,India,India,731219,Beliapalsa,West Bengal,28,Birbhum,334,Birbhum,,24.3616,87.8519,3,beliapalsa
IN,India,India,731219,Kahinagar,West Bengal,28,Birbhum,334,Birbhum,,24.3616,87.8519,3,kahinagar
IN,India,India,731219,Bipranandigram,West Bengal,28,Birbhum,334,Birbhum,,24.3616,87.8519,3,bipranandigram
IN,India,India,731219,Edrakpur,West Bengal,28,Birbhum,334,Birbhum,,24.3616,87.8519,3,edrakpur
IN,India,India,731219,Malaypur,West Bengal,28,Birbhum,334,Birbhum,,24.3616,87.8519,3,malaypur
IN,India,India,731219,Dhananjoypur,West Bengal,28,Birbhum,334,Birbhum,,24.3616,87.8519,3,dhananjoypur
IN,India,India,731219,Dumurgram,West Bengal,28,Birbhum,334,Birbhum,,24.3616,87.8519,3,dumurgram
IN,India,India,731219,Kathia,West Bengal,28,Birbhum,334,Birbhum,,24.4622,87.9031,4,kathia
IN,India,India,731219,Ramchandrapur,West Bengal,28,Birbhum,334,Birbhum,,24.0202,87.755,4,ramchandrapur
IN,India,India,731219,Kalahapur,West Bengal,28,Birbhum,334,Birbhum,,24.5091,87.9081,4,kalahapur
IN,India,India,731219,Kanakpur,West Bengal,28,Birbhum,334,Birbhum,,24.2334,87.8318,4,kanakpur
IN,India,India,731219,Bahadurpur,West Bengal,28,Birbhum,334,Murarai - I,,24.3192,87.7925,4,bahadurpur
IN,India,India,731219,Bhimpur,West Bengal,28,Birbhum,334,Birbhum,,24.5099,87.9254,4,bhimpur
IN,India,India,731219,Ruprampur,West Bengal,28,Birbhum,334,Birbhum,,24.4712,87.8707,4,ruprampur
IN,India,India,731219,Nayagram,West Bengal,28,Birbhum,334,Birbhum,,24.2894,87.8198,4,nayagram
IN,India,India,731220,Tejhati,West Bengal,28,Birbhum,334,Birbhum,,24.2533,87.8346,4,tejhati
IN,India,India,731220,Kaitha,West Bengal,28,Birbhum,334,Birbhum,,24.2899,87.9125,4,kaitha
IN,India,India,731220,Modhura,West Bengal,28,Birbhum,334,Birbhum,,24.4875,87.8757,3,modhura
IN,India,India,731220,Kalitha,West Bengal,28,Birbhum,334,Birbhum,,24.4875,87.8757,3,kalitha
IN,India,India,731220,Mustofadanga,West Bengal,28,Birbhum,334,Birbhum,,24.4875,87.8757,3,mustofadanga
IN,India,India,731220,Barla,West Bengal,28,Birbhum,334,Birbhum,,24.4875,87.8757,3,barla
IN,India,India,731220,Gosainpur,West Bengal,28,Birbhum,334,Birbhum,,23.9536,87.6665,4,gosainpur
IN,India,India,731220,Kogram,West Bengal,28,Birbhum,334,Birbhum,,24.3225,87.9064,4,kogram
IN,India,India,731220,Paikpara,West Bengal,28,Birbhum,334,Birbhum,,24.3102,87.8459,4,paikpara
IN,India,India,731220,Debagram,West Bengal,28,Birbhum,334,Birbhum,,24.2789,87.9255,4,debagram
IN,India,India,731220,Nalhati,West Bengal,28,Birbhum,334,Birbhum,,24.297,87.829,4,nalhati
IN,India,India,731220,Diha,West Bengal,28,Birbhum,334,Birbhum,,24.3416,87.8461,4,diha
IN,India,India,731221,Kasimnagar,West Bengal,28,Birbhum,334,Birbhum,,24.4365,87.9282,4,kasimnagar
IN,India,India,731221,Raturi,West Bengal,28,Birbhum,334,Birbhum,,24.4823,87.9454,3,raturi
IN,India,India,731221,Bangsabati,West Bengal,28,Birbhum,334,Birbhum,,24.4823,87.9454,3,bangsabati
IN,India,India,731221,Harowa,West Bengal,28,Birbhum,334,Birbhum,,24.4823,87.9454,3,harowa
IN,India,India,731221,Tirogram,West Bengal,28,Birbhum,334,Birbhum,,24.4823,87.9454,3,tirogram
IN,India,India,731221,Bonha,West Bengal,28,Birbhum,334,Birbhum,,24.4823,87.9454,3,bonha
IN,India,India,731221,Dantura,West Bengal,28,Birbhum,334,Birbhum,,24.4823,87.9454,3,dantura
IN,India,India,731221,Gaganpur,West Bengal,28,Birbhum,334,Birbhum,,24.4431,87.9506,4,gaganpur
IN,India,India,731221,Jajigram,West Bengal,28,Birbhum,334,Birbhum,,24.4801,87.9572,4,jajigram
IN,India,India,731221,Panchahar,West Bengal,28,Birbhum,334,Birbhum,,24.4696,87.9418,4,panchahar
IN,India,India,731221,Paikar,West Bengal,28,Birbhum,334,Birbhum,,23.9536,87.6665,4,paikar
IN,India,India,731221,Mitrapur,West Bengal,28,Birbhum,334,Birbhum,,24.4208,87.9604,4,mitrapur
IN,India,India,731221,Hilora,West Bengal,28,Birbhum,334,Birbhum,,23.9536,87.6665,4,hilora
IN,India,India,731222,Bandhaipur,West Bengal,28,Birbhum,334,Birbhum,,24.5291,87.9038,4,bandhaipur
IN,India,India,731222,Omarpur,West Bengal,28,Birbhum,334,Birbhum,,24.4505,87.8601,3,omarpur
IN,India,India,731222,Bhabanipur Bhatra,West Bengal,28,Birbhum,334,Birbhum,,24.4505,87.8601,3,bhabanipur-bhatra
IN,India,India,731222,Kanaighat,West Bengal,28,Birbhum,334,Birbhum,,24.4505,87.8601,3,kanaighat
IN,India,India,731222,Bahutali,West Bengal,28,Birbhum,334,Birbhum,,24.4505,87.8601,3,bahutali
IN,India,India,731222,Bonorampur,West Bengal,28,Birbhum,334,Birbhum,,24.4505,87.8601,3,bonorampur
IN,India,India,731222,Boruagopalpur,West Bengal,28,Birbhum,334,Birbhum,,24.4505,87.8601,3,boruagopalpur
IN,India,India,731222,Rajgaon,West Bengal,28,Birbhum,334,Birbhum,,24.4505,87.8601,3,rajgaon
IN,India,India,731222,Bon-mohurapur,West Bengal,28,Birbhum,334,Birbhum,,24.4505,87.8601,3,bon-mohurapur
IN,India,India,731222,Sidhori,West Bengal,28,Birbhum,334,Birbhum,,24.4505,87.8601,3,sidhori
IN,India,India,731222,Rajgramgram,West Bengal,28,Birbhum,334,Birbhum,,24.4505,87.8601,3,rajgramgram
IN,India,India,731222,Ambhua,West Bengal,28,Birbhum,334,Birbhum,,24.5497,87.8603,4,ambhua
IN,India,India,731222,Srirampur,West Bengal,28,Birbhum,334,Birbhum,,24.2726,87.8163,4,srirampur
IN,India,India,731223,Swadhinpur,West Bengal,28,Birbhum,334,Birbhum,,24.1887,87.7706,3,swadhinpur
IN,India,India,731223,R K Sikshapith,West Bengal,28,Birbhum,334,Birbhum,,24.1887,87.7706,3,r-k-sikshapith
IN,India,India,731223,Beliamritunjoypur,West Bengal,28,Birbhum,334,Birbhum,,24.1887,87.7706,3,beliamritunjoypur
IN,India,India,731223,Dadpur,West Bengal,28,Birbhum,334,Birbhum,,24.2191,87.777,4,dadpur
IN,India,India,731223,Kusumba,West Bengal,28,Birbhum,334,Birbhum,,24.2034,87.753,4,kusumba
IN,India,India,731223,Narayanpur,West Bengal,28,Birbhum,334,Birbhum,,24.1098,87.8759,4,narayanpur
IN,India,India,731223,Chakaipur,West Bengal,28,Birbhum,334,Rampurhat - I,,24.2096,87.7342,4,chakaipur
IN,India,India,731223,Barapahari,West Bengal,28,Birbhum,334,Birbhum,,24.2015,87.7127,4,barapahari
IN,India,India,731224,Nischintapur,West Bengal,28,Birbhum,334,Rampurhat - I,,24.1767,87.7743,4,nischintapur
IN,India,India,731224,Railpar (Birbhum),West Bengal,28,Birbhum,334,Rampurhat - I,,24.1767,87.7743,3,railpar-birbhum
IN,India,India,731224,Mahajanpatty,West Bengal,28,Birbhum,334,Rampurhat - I,,24.1767,87.7743,3,mahajanpatty
IN,India,India,731224,Rampurhat H.O,West Bengal,28,Birbhum,334,Rampurhat - I,,24.1767,87.7743,3,rampurhat-h-o
IN,India,India,731233,Chakpara,West Bengal,28,Birbhum,334,Birbhum,,24.1194,87.7586,4,chakpara
IN,India,India,731233,Atla,West Bengal,28,Birbhum,334,Birbhum,,24.1114,87.775,4,atla
IN,India,India,731233,Kharbona,West Bengal,28,Birbhum,334,Birbhum,,24.156,87.7426,4,kharbona
IN,India,India,731233,Tarapur,West Bengal,28,Birbhum,334,Birbhum,,24.1039,87.807,4,tarapur
IN,India,India,731233,Kharun,West Bengal,28,Birbhum,334,Birbhum,,24.1317,87.772,4,kharun
IN,India,India,731233,Chandipur Tarapith,West Bengal,28,Birbhum,334,Birbhum,,24.1204,87.7744,3,chandipur-tarapith
IN,India,India,731233,Sandhyajole,West Bengal,28,Birbhum,334,Birbhum,,24.1204,87.7744,3,sandhyajole
IN,India,India,731233,Sandhigorabazar,West Bengal,28,Birbhum,334,Birbhum,,24.1204,87.7744,3,sandhigorabazar
IN,India,India,731233,Poprasahapur,West Bengal,28,Birbhum,334,Birbhum,,24.1204,87.7744,3,poprasahapur
IN,India,India,731233,Gug,West Bengal,28,Birbhum,334,Birbhum,,24.1204,87.7744,3,gug
IN,India,India,731233,Dekhuria,West Bengal,28,Birbhum,334,Birbhum,,24.1204,87.7744,3,dekhuria
IN,India,India,731233,Barsal,West Bengal,28,Birbhum,334,Birbhum,,24.1204,87.7744,3,barsal
IN,India,India,731233,Majkhanda,West Bengal,28,Birbhum,334,Birbhum,,24.1204,87.7744,3,majkhanda
IN,India,India,731233,Karkaria,West Bengal,28,Birbhum,334,Birbhum,,24.0998,87.791,4,karkaria
IN,India,India,731234,Chautara,West Bengal,28,Birbhum,334,Birbhum,,23.9536,87.6665,4,chautara
IN,India,India,731234,Rangaipur,West Bengal,28,Birbhum,334,Birbhum,,23.9536,87.6665,4,rangaipur
IN,India,India,731234,Majiara,West Bengal,28,Birbhum,334,Birbhum,,23.9536,87.6665,4,majiara
IN,India,India,731234,Kundala,West Bengal,28,Birbhum,334,Birbhum,,24.0927,87.6892,3,kundala
IN,India,India,731234,Ramnagar,West Bengal,28,Birbhum,334,Birbhum,,24.4891,87.8306,4,ramnagar
IN,India,India,731234,Ulkunda,West Bengal,28,Birbhum,334,Birbhum,,24.0927,87.6892,3,ulkunda
IN,India,India,731234,Uttarbonogram,West Bengal,28,Birbhum,334,Birbhum,,24.0927,87.6892,3,uttarbonogram
IN,India,India,731234,Mathpalsa,West Bengal,28,Birbhum,334,Birbhum,,24.0927,87.6892,3,mathpalsa
IN,India,India,731234,Derpur,West Bengal,28,Birbhum,334,Birbhum,,24.0927,87.6892,3,derpur
IN,India,India,731234,Dohira,West Bengal,28,Birbhum,334,Birbhum,,24.0927,87.6892,3,dohira
IN,India,India,731234,Uchpur,West Bengal,28,Birbhum,334,Birbhum,,24.0927,87.6892,3,uchpur
IN,India,India,731234,Gadadharpur R.S.,West Bengal,28,Birbhum,334,Mayureswar - I,,24.0927,87.6892,3,gadadharpur-r-s
IN,India,India,731234,Gorola,West Bengal,28,Birbhum,334,Birbhum,,24.0927,87.6892,3,gorola
IN,India,India,731234,Saugram,West Bengal,28,Birbhum,334,Birbhum,,24.0927,87.6892,3,saugram
IN,India,India,731234,Sahora,West Bengal,28,Birbhum,334,Birbhum,,24.0927,87.6892,3,sahora
IN,India,India,731234,Gunutia,West Bengal,28,Birbhum,334,Birbhum,,24.0927,87.6892,3,gunutia
IN,India,India,731234,Rakhakalitala,West Bengal,28,Birbhum,334,Sainthia,,24.0927,87.6892,3,rakhakalitala
IN,India,India,731234,Hatora,West Bengal,28,Birbhum,334,Birbhum,,24.0927,87.6892,3,hatora
IN,India,India,731234,Pathai,West Bengal,28,Birbhum,334,Birbhum,,24.0927,87.6892,3,pathai
IN,India,India,731234,Jiwe,West Bengal,28,Birbhum,334,Birbhum,,24.0927,87.6892,3,jiwe
IN,India,India,731234,Nowaparamahadipa,West Bengal,28,Birbhum,334,Birbhum,,24.0927,87.6892,3,nowaparamahadipa
IN,India,India,731234,Beliakuricha,West Bengal,28,Birbhum,334,Birbhum,,24.0927,87.6892,3,beliakuricha
IN,India,India,731234,Sainthia Bazar,West Bengal,28,Birbhum,334,Sainthia,,24.0927,87.6892,3,sainthia-bazar
IN,India,India,731234,Barasija,West Bengal,28,Birbhum,334,Birbhum,,24.0927,87.6892,3,barasija
IN,India,India,731234,Deriapur,West Bengal,28,Birbhum,334,Birbhum,,24.0927,87.6892,3,deriapur
IN,India,India,731234,Bagdola,West Bengal,28,Birbhum,334,Birbhum,,24.0927,87.6892,3,bagdola
IN,India,India,731234,Satpalsa,West Bengal,28,Birbhum,334,Birbhum,,24.0927,87.6892,3,satpalsa
IN,India,India,731234,Fulur,West Bengal,28,Birbhum,334,Birbhum,,24.0927,87.6892,3,fulur
IN,India,India,731234,Kunuri,West Bengal,28,Birbhum,334,Birbhum,,24.0927,87.6892,3,kunuri
IN,India,India,731234,Kumarpur,West Bengal,28,Birbhum,334,Birbhum,,24.0927,87.6892,3,kumarpur
IN,India,India,731234,Sainthia,West Bengal,28,Birbhum,334,Birbhum,,23.9483,87.6804,4,sainthia
IN,India,India,731234,Basudevpur,West Bengal,28,Birbhum,334,Birbhum,,24.0927,87.6892,3,basudevpur
IN,India,India,731235,Santiniketan,West Bengal,28,Birbhum,334,Bolpur Sriniketan,,23.6823,87.6864,4,santiniketan
IN,India,India,731235,Paruldanga,West Bengal,28,Birbhum,334,Birbhum,,23.6823,87.6864,3,paruldanga
IN,India,India,731236,Bheramari,West Bengal,28,Birbhum,334,Birbhum,,23.9536,87.6665,3,bheramari
IN,India,India,731236,Digha,West Bengal,28,Birbhum,334,Birbhum,,23.9536,87.6665,4,digha
IN,India,India,731236,Sattore,West Bengal,28,Birbhum,334,Birbhum,,23.9536,87.6665,3,sattore
IN,India,India,731236,Ruppur,West Bengal,28,Birbhum,334,Birbhum,,23.9536,87.6665,3,ruppur
IN,India,India,731236,Nachansaha,West Bengal,28,Birbhum,334,Birbhum,,23.9536,87.6665,3,nachansaha
IN,India,India,731236,Belatisultanpur,West Bengal,28,Birbhum,334,Birbhum,,23.9536,87.6665,3,belatisultanpur
IN,India,India,731236,Khanjanpur,West Bengal,28,Birbhum,334,Birbhum,,23.9536,87.6665,3,khanjanpur
IN,India,India,731236,Kasba,West Bengal,28,Birbhum,334,Birbhum,,23.9536,87.6665,3,kasba
IN,India,India,731236,Bishnukhanda,West Bengal,28,Birbhum,334,Birbhum,,23.9536,87.6665,3,bishnukhanda
IN,India,India,731236,Bergram,West Bengal,28,Birbhum,334,Birbhum,,23.9536,87.6665,3,bergram
IN,India,India,731236,Benuria,West Bengal,28,Birbhum,334,Birbhum,,23.9536,87.6665,3,benuria
IN,India,India,731236,Monoharpur,West Bengal,28,Birbhum,334,Birbhum,,23.9536,87.6665,4,monoharpur
IN,India,India,731236,BITM,West Bengal,28,Birbhum,334,Birbhum,,23.9536,87.6665,3,bitm
IN,India,India,731236,Daranda,West Bengal,28,Birbhum,334,Birbhum,,23.9536,87.6665,3,daranda
IN,India,India,731236,Sriniketan,West Bengal,28,Birbhum,334,Birbhum,,23.9536,87.6665,3,sriniketan
IN,India,India,731237,Gopalchak,West Bengal,28,Birbhum,334,Birbhum,,23.9536,87.6665,3,gopalchak
IN,India,India,731237,Krishnapur,West Bengal,28,Birbhum,334,Birbhum,,23.9536,87.6665,4,krishnapur
IN,India,India,731237,Bandhkhola,West Bengal,28,Birbhum,334,Birbhum,,24.2482,87.9865,4,bandhkhola
IN,India,India,731237,Lohapur,West Bengal,28,Birbhum,334,Birbhum,,24.2932,87.9679,4,lohapur
IN,India,India,731237,Ujirpur,West Bengal,28,Birbhum,334,Birbhum,,24.2663,87.9879,4,ujirpur
IN,India,India,731237,Salisanda,West Bengal,28,Birbhum,334,Birbhum,,24.2618,87.9951,3,salisanda
IN,India,India,731237,Jesthabhabanipur,West Bengal,28,Birbhum,334,Birbhum,,24.2618,87.9951,3,jesthabhabanipur
IN,India,India,731237,Noapara,West Bengal,28,Birbhum,334,Birbhum,,24.2618,87.9951,3,noapara
IN,India,India,731237,Kantagoria,West Bengal,28,Birbhum,334,Birbhum,,24.2618,87.9951,3,kantagoria
IN,India,India,731237,Bara,West Bengal,28,Birbhum,334,Birbhum,,24.3135,87.9632,4,bara
IN,India,India,731237,Bhadrapur,West Bengal,28,Birbhum,334,Birbhum,,24.0645,87.8306,4,bhadrapur
IN,India,India,731237,Sitalgram,West Bengal,28,Birbhum,334,Birbhum,,24.2345,87.9707,4,sitalgram
IN,India,India,731238,Khanpur,West Bengal,28,Birbhum,334,Birbhum,,24.1701,87.8186,4,khanpur
IN,India,India,731238,Sultanpur,West Bengal,28,Birbhum,334,Birbhum,,24.375,87.8033,4,sultanpur
IN,India,India,731238,Duria,West Bengal,28,Birbhum,334,Birbhum,,24.3982,87.8541,4,duria
IN,India,India,731238,Jogai,West Bengal,28,Birbhum,334,Birbhum,,24.3546,87.8829,4,jogai
IN,India,India,731238,Chatra (Birbhum),West Bengal,28,Birbhum,334,Birbhum,,24.375,87.852,4,chatra-birbhum
IN,India,India,731238,Goalmal,West Bengal,28,Birbhum,334,Birbhum,,24.3346,87.8422,3,goalmal
IN,India,India,731238,Rudranagar,West Bengal,28,Birbhum,334,Birbhum,,24.3346,87.8422,3,rudranagar
IN,India,India,731238,Chhatina,West Bengal,28,Birbhum,334,Birbhum,,24.3346,87.8422,3,chhatina
IN,India,India,731238,Bhadista,West Bengal,28,Birbhum,334,Birbhum,,24.3346,87.8422,3,bhadista
IN,India,India,731238,Kusmore,West Bengal,28,Birbhum,334,Birbhum,,24.3346,87.8422,3,kusmore
IN,India,India,731238,Bishore,West Bengal,28,Birbhum,334,Birbhum,,24.3346,87.8422,3,bishore
IN,India,India,731240,Banagram,West Bengal,28,Birbhum,334,Birbhum,,24.1508,87.8519,1,banagram
IN,India,India,731240,Panchsowa,West Bengal,28,Birbhum,334,Birbhum,,24.1508,87.8519,1,panchsowa
IN,India,India,731240,Bahiri,West Bengal,28,Birbhum,334,Birbhum,,24.1508,87.8519,1,bahiri
IN,India,India,731240,Gheedaha,West Bengal,28,Birbhum,334,Birbhum,,24.1508,87.8519,1,gheedaha
IN,India,India,731240,Sansat,West Bengal,28,Birbhum,334,Birbhum,,24.1508,87.8519,1,sansat
IN,India,India,731240,Nahina,West Bengal,28,Birbhum,334,Birbhum,,24.1508,87.8519,1,nahina
IN,India,India,731240,Hatserandi,West Bengal,28,Birbhum,334,Birbhum,,24.1508,87.8519,1,hatserandi
IN,India,India,731240,Bangachhatra,West Bengal,28,Birbhum,334,Birbhum,,24.1508,87.8519,1,bangachhatra
IN,India,India,731240,Singhee,West Bengal,28,Birbhum,334,Birbhum,,24.1508,87.8519,1,singhee
IN,India,India,731240,Pafuri,West Bengal,28,Birbhum,334,Birbhum,,24.1508,87.8519,1,pafuri
IN,India,India,731240,Jalandi,West Bengal,28,Birbhum,334,Birbhum,,24.1508,87.8519,1,jalandi
IN,India,India,731241,Chandpara,West Bengal,28,Birbhum,334,Birbhum,,24.1914,87.9127,4,chandpara
IN,India,India,731241,Koyemba,West Bengal,28,Birbhum,334,Birbhum,,24.1934,87.9322,3,koyemba
IN,India,India,731241,Dunigram,West Bengal,28,Birbhum,334,Birbhum,,24.213,87.9181,4,dunigram
IN,India,India,731241,Nonadanga,West Bengal,28,Birbhum,334,Birbhum,,23.9536,87.6665,4,nonadanga
IN,India,India,731242,Kurumgram,West Bengal,28,Birbhum,334,Birbhum,,24.2448,87.8757,4,kurumgram
IN,India,India,731242,Bujung,West Bengal,28,Birbhum,334,Birbhum,,24.2434,87.887,3,bujung
IN,India,India,731242,Sardha,West Bengal,28,Birbhum,334,Birbhum,,24.242,87.8983,4,sardha
IN,India,India,731242,Gopegram,West Bengal,28,Birbhum,334,Birbhum,,24.2434,87.887,3,gopegram
IN,India,India,731242,Anantapurkanaipur,West Bengal,28,Birbhum,334,Birbhum,,24.2434,87.887,3,anantapurkanaipur
IN,India,India,731243,Bautia,West Bengal,28,Birbhum,334,Birbhum,,24.2898,87.7877,4,bautia
IN,India,India,731243,Ayas,West Bengal,28,Birbhum,334,Birbhum,,24.2524,87.7812,4,ayas
IN,India,India,731243,Haridaspur,West Bengal,28,Birbhum,334,Birbhum,,24.0696,87.6294,4,haridaspur
IN,India,India,731243,Nalhati Township,West Bengal,28,Birbhum,334,Birbhum,,24.2039,87.7328,3,nalhati-township
IN,India,India,731243,Banior,West Bengal,28,Birbhum,334,Birbhum,,24.2039,87.7328,3,banior
IN,India,India,731243,Bhabanandapur,West Bengal,28,Birbhum,334,Nalhati - I,,24.2039,87.7328,3,bhabanandapur
IN,India,India,731243,Chilinpur,West Bengal,28,Birbhum,334,Birbhum,,24.2039,87.7328,3,chilinpur
IN,India,India,731243,Harioka,West Bengal,28,Birbhum,334,Birbhum,,24.2039,87.7328,3,harioka
IN,India,India,731243,Sonarkundu,West Bengal,28,Birbhum,334,Birbhum,,24.2039,87.7328,3,sonarkundu
IN,India,India,731244,Debiparulia,West Bengal,28,Birbhum,334,Birbhum,,24.1183,87.8877,3,debiparulia
IN,India,India,731244,Bishnupur (Birbhum),West Bengal,28,Birbhum,334,Birbhum,,24.1183,87.8877,3,bishnupur-birbhum
IN,India,India,731244,Budhigram,West Bengal,28,Birbhum,334,Birbhum,,24.0904,87.886,4,budhigram
IN,India,India,731244,Tentulia,West Bengal,28,Birbhum,334,Birbhum,,24.1461,87.8894,4,tentulia
IN,India,India,731245,Turigram,West Bengal,28,Birbhum,334,Birbhum,,24.0402,87.8537,4,turigram
IN,India,India,731245,Dakshingram,West Bengal,28,Birbhum,334,Birbhum,,24.0361,87.8079,4,dakshingram
IN,India,India,731245,Khemedda,West Bengal,28,Birbhum,334,Birbhum,,24.0489,87.8456,3,khemedda
IN,India,India,731245,Pakhuria,West Bengal,28,Birbhum,334,Birbhum,,24.0489,87.8456,3,pakhuria
IN,India,India,731245,Begunia,West Bengal,28,Birbhum,334,Birbhum,,24.0489,87.8456,3,begunia
IN,India,India,731245,Sanakpur,West Bengal,28,Birbhum,334,Birbhum,,24.0489,87.8456,3,sanakpur
IN,India,India,731245,Ghoshgram,West Bengal,28,Birbhum,334,Birbhum,,24.0546,87.8793,4,ghoshgram
IN,India,India,731245,Birchandrapur,West Bengal,28,Birbhum,334,Birbhum,,24.0648,87.8417,4,birchandrapur
IN,India,India,731301,Belhati,West Bengal,28,Birbhum,334,Birbhum,,24.5795,87.7736,3,belhati
IN,India,India,731301,Pakurhans,West Bengal,28,Birbhum,334,Birbhum,,24.5795,87.7736,3,pakurhans
IN,India,India,731301,Charkolgram,West Bengal,28,Birbhum,334,Birbhum,,24.5795,87.7736,3,charkolgram
IN,India,India,731301,Ch.Nanoor,West Bengal,28,Birbhum,334,Nanoor,,24.5795,87.7736,3,ch-nanoor
IN,India,India,731301,Sauta,West Bengal,28,Birbhum,334,Birbhum,,24.5795,87.7736,3,sauta
IN,India,India,731301,Ukrandi,West Bengal,28,Birbhum,334,Birbhum,,24.5795,87.7736,3,ukrandi
IN,India,India,731301,Uchkaran,West Bengal,28,Birbhum,334,Birbhum,,24.5795,87.7736,3,uchkaran
IN,India,India,731301,Barha,West Bengal,28,Birbhum,334,Birbhum,,24.5795,87.7736,3,barha
IN,India,India,731301,Mohanpur,West Bengal,28,Birbhum,334,Birbhum,,24.5795,87.7736,4,mohanpur
IN,India,India,731302,Brahmandihi,West Bengal,28,Birbhum,334,Nanoor,,23.9536,87.6665,3,brahmandihi
IN,India,India,731302,Patnil,West Bengal,28,Birbhum,334,Birbhum,,23.9536,87.6665,3,patnil
IN,India,India,731302,Brahmanpara,West Bengal,28,Birbhum,334,Birbhum,,23.9536,87.6665,4,brahmanpara
IN,India,India,731302,Aligram,West Bengal,28,Birbhum,334,Birbhum,,23.9536,87.6665,3,aligram
IN,India,India,731302,Debagram Anaipur,West Bengal,28,Birbhum,334,Birbhum,,23.9536,87.6665,3,debagram-anaipur
IN,India,India,731302,Dhrubabati,West Bengal,28,Birbhum,334,Birbhum,,23.9536,87.6665,3,dhrubabati
IN,India,India,731302,Fewgram,West Bengal,28,Birbhum,334,Birbhum,,23.9536,87.6665,3,fewgram
IN,India,India,731302,Nurpur,West Bengal,28,Birbhum,334,Birbhum,,23.9536,87.6665,4,nurpur
IN,India,India,731302,Daronda Ranipara,West Bengal,28,Birbhum,334,Birbhum,,23.9536,87.6665,3,daronda-ranipara
IN,India,India,731302,Kirnahar,West Bengal,28,Birbhum,334,Birbhum,,23.758,87.874,4,kirnahar
IN,India,India,731302,Daskalgram,West Bengal,28,Birbhum,334,Birbhum,,23.7541,87.9311,4,daskalgram
IN,India,India,731302,Palsa,West Bengal,28,Birbhum,334,Birbhum,,24.1281,87.7579,4,palsa
IN,India,India,731302,Koreya,West Bengal,28,Birbhum,334,Birbhum,,24.1712,87.8712,4,koreya
IN,India,India,731303,Gopalpur,West Bengal,28,Birbhum,334,Birbhum,,24.1446,87.7868,4,gopalpur
IN,India,India,731303,Maheshpur,West Bengal,28,Birbhum,334,Birbhum,,24.2843,87.9277,4,maheshpur
IN,India,India,731303,Labpur Mastali,West Bengal,28,Birbhum,334,Birbhum,,23.8477,87.7864,3,labpur-mastali
IN,India,India,731303,Abadanga,West Bengal,28,Birbhum,334,Birbhum,,23.8477,87.7864,3,abadanga
IN,India,India,731303,Labpur,West Bengal,28,Birbhum,334,Labpur,,23.817,87.8043,4,labpur
IN,India,India,731303,Bipratikuri,West Bengal,28,Birbhum,334,Birbhum,,23.8477,87.7864,3,bipratikuri
IN,India,India,731303,Indus,West Bengal,28,Birbhum,334,Birbhum,,23.9536,87.6665,4,indus
IN,India,India,731303,Tatinapara,West Bengal,28,Birbhum,334,Birbhum,,23.8477,87.7864,3,tatinapara
IN,India,India,731303,Purbakadipur,West Bengal,28,Birbhum,334,Birbhum,,23.8477,87.7864,3,purbakadipur
IN,India,India,731303,Kamadpur,West Bengal,28,Birbhum,334,Birbhum,,23.8477,87.7864,3,kamadpur
IN,India,India,731303,Ishakpur,West Bengal,28,Birbhum,334,Birbhum,,23.8477,87.7864,3,ishakpur
IN,India,India,731303,Dwarka,West Bengal,28,Birbhum,334,Birbhum,,23.8477,87.7864,3,dwarka
IN,India,India,731303,Bhalas,West Bengal,28,Birbhum,334,Birbhum,,23.8477,87.7864,3,bhalas
IN,India,India,731303,Kurumba,West Bengal,28,Birbhum,334,Birbhum,,23.8477,87.7864,3,kurumba
IN,India,India,731303,Kuniara,West Bengal,28,Birbhum,334,Birbhum,,23.8477,87.7864,3,kuniara
IN,India,India,731303,Thiba,West Bengal,28,Birbhum,334,Birbhum,,23.8477,87.7864,3,thiba
IN,India,India,731304,Pusulia,West Bengal,28,Birbhum,334,Birbhum,,24.5164,87.8648,3,pusulia
IN,India,India,731304,Kurunnahar,West Bengal,28,Birbhum,334,Bolpur,,24.5164,87.8648,3,kurunnahar
IN,India,India,731304,Bunia,West Bengal,28,Birbhum,334,Birbhum,,24.5164,87.8648,3,bunia
IN,India,India,731304,Langalhata,West Bengal,28,Birbhum,334,Birbhum,,24.5164,87.8648,3,langalhata
IN,India,India,731304,Kazipara,West Bengal,28,Birbhum,334,Birbhum,,24.5164,87.8648,3,kazipara
IN,India,India,731304,Bhatra,West Bengal,28,Birbhum,334,Birbhum,,24.5164,87.8648,4,bhatra
IN,India,India,712410,Gotan,West Bengal,28,Purba Bardhaman,335,Tarakeswar,,23.3064,87.6166,3,gotan
IN,India,India,712410,Amarpur,West Bengal,28,Purba Bardhaman,335,Chandannagar,,23.4278,87.7677,4,amarpur
IN,India,India,713101,Nutanpalli,West Bengal,28,Purba Bardhaman,335,Burdwan - I,,23.4278,87.7677,1,nutanpalli
IN,India,India,713101,Ranisayar,West Bengal,28,Purba Bardhaman,335,Burdwan - I,,23.4278,87.7677,1,ranisayar
IN,India,India,713101,Burdwan Rs,West Bengal,28,Purba Bardhaman,335,Burdwan - I,,23.4278,87.7677,1,burdwan-rs
IN,India,India,713101,Bahir Sarbamangala,West Bengal,28,Purba Bardhaman,335,Bardhaman,,23.4278,87.7677,1,bahir-sarbamangala
IN,India,India,713101,Burdwan Sadar,West Bengal,28,Purba Bardhaman,335,Burdwan Sadar,,23.4278,87.7677,1,burdwan-sadar
IN,India,India,713101,Bajepratappur NDDF,West Bengal,28,Purba Bardhaman,335,Burdwan - I,,23.4278,87.7677,1,bajepratappur-nddf
IN,India,India,713101,Burdwan Bar Library,West Bengal,28,Purba Bardhaman,335,Burdwan - I,,23.4278,87.7677,1,burdwan-bar-library
IN,India,India,713101,Burdwan H.O,West Bengal,28,Purba Bardhaman,335,Burdwan - I,,23.4278,87.7677,1,burdwan-h-o
IN,India,India,713101,Agriculture Farm,West Bengal,28,Purba Bardhaman,335,Burdwan - I,,23.4278,87.7677,1,agriculture-farm
IN,India,India,713101,Burdwan District School Board,West Bengal,28,Purba Bardhaman,335,Burdwan - I,,23.4278,87.7677,1,burdwan-district-school-board
IN,India,India,713101,Sarbamangala Bari,West Bengal,28,Purba Bardhaman,335,Burdwan - I,,23.4278,87.7677,1,sarbamangala-bari
IN,India,India,713101,Sudhanpur,West Bengal,28,Purba Bardhaman,335,Burdwan - I,,23.4278,87.7677,1,sudhanpur
IN,India,India,713102,Rajganj Asthal,West Bengal,28,Purba Bardhaman,335,Burdwan - I,,23.4278,87.7677,3,rajganj-asthal
IN,India,India,713102,Nutanganj,West Bengal,28,Purba Bardhaman,335,NA,,23.4278,87.7677,3,nutanganj
IN,India,India,713102,Kotalhat,West Bengal,28,Purba Bardhaman,335,Burdwan - I,,23.4278,87.7677,3,kotalhat
IN,India,India,713102,Karjanachatti,West Bengal,28,Purba Bardhaman,335,Burdwan Sadar,,23.4278,87.7677,3,karjanachatti
IN,India,India,713102,Kanchannagar,West Bengal,28,Purba Bardhaman,335,Burdwan - I,,23.4278,87.7677,3,kanchannagar
IN,India,India,713102,Kamalakanta Kalibari,West Bengal,28,Purba Bardhaman,335,Burdwan - I,,23.4278,87.7677,3,kamalakanta-kalibari
IN,India,India,713102,Kaligram,West Bengal,28,Purba Bardhaman,335,Burdwan,,23.4278,87.7677,3,kaligram
IN,India,India,713102,Jamar,West Bengal,28,Purba Bardhaman,335,Burdwan,,23.4278,87.7677,3,jamar
IN,India,India,713102,Chotobelun,West Bengal,28,Purba Bardhaman,335,Burdwan,,23.4278,87.7677,3,chotobelun
IN,India,India,713102,Chandrahati,West Bengal,28,Purba Bardhaman,335,Burdwan,,23.4278,87.7677,3,chandrahati
IN,India,India,713102,Bhita,West Bengal,28,Purba Bardhaman,335,Burdwan,,23.4278,87.7677,3,bhita
IN,India,India,713102,Belkas,West Bengal,28,Purba Bardhaman,335,Burdwan,,23.4278,87.7677,3,belkas
IN,India,India,713102,Mahachanda,West Bengal,28,Purba Bardhaman,335,Burdwan,,23.4278,87.7677,3,mahachanda
IN,India,India,713102,Lakurdi,West Bengal,28,Purba Bardhaman,335,Burdwan,,23.4278,87.7677,3,lakurdi
IN,India,India,713102,Kubajpur,West Bengal,28,Purba Bardhaman,335,Burdwan,,23.4278,87.7677,3,kubajpur
IN,India,India,713102,Kshetia,West Bengal,28,Purba Bardhaman,335,Burdwan - I,,23.4278,87.7677,3,kshetia
IN,India,India,713102,Korar,West Bengal,28,Purba Bardhaman,335,Burdwan,,23.4278,87.7677,3,korar
IN,India,India,713102,Mirzapur,West Bengal,28,Purba Bardhaman,335,Burdwan,,23.4278,87.7677,4,mirzapur
IN,India,India,713102,Kurmun,West Bengal,28,Purba Bardhaman,335,Burdwan,,23.4278,87.7677,3,kurmun
IN,India,India,713103,Hijalna,West Bengal,28,Purba Bardhaman,335,Burdwan,,23.4278,87.7677,3,hijalna
IN,India,India,713103,Chotonilpur,West Bengal,28,Purba Bardhaman,335,Burdwan - I,,23.4278,87.7677,3,chotonilpur
IN,India,India,713103,Ichlabad,West Bengal,28,Purba Bardhaman,335,Burdwan - I,,23.4278,87.7677,3,ichlabad
IN,India,India,713103,Sundarghat,West Bengal,28,Purba Bardhaman,335,Burdwan - I,,23.4278,87.7677,3,sundarghat
IN,India,India,713103,Machkhanda,West Bengal,28,Purba Bardhaman,335,Raina,,23.4278,87.7677,3,machkhanda
IN,India,India,713103,Sankharipukur,West Bengal,28,Purba Bardhaman,335,Burdwan - I,,23.4278,87.7677,3,sankharipukur
IN,India,India,713103,Bontir,West Bengal,28,Purba Bardhaman,335,Burdwan,,23.4278,87.7677,3,bontir
IN,India,India,713103,Ghordourchati,West Bengal,28,Purba Bardhaman,335,Burdwan - I,,23.4278,87.7677,3,ghordourchati
IN,India,India,713103,Saloon,West Bengal,28,Purba Bardhaman,335,Burdwan,,23.4278,87.7677,3,saloon
IN,India,India,713103,Sripalli,West Bengal,28,Purba Bardhaman,335,Burdwan - I,,23.4278,87.7677,3,sripalli
IN,India,India,713103,Bolpur,West Bengal,28,Purba Bardhaman,335,Galsi - I,,23.4278,87.7677,4,bolpur
IN,India,India,713103,Kamalpur,West Bengal,28,Purba Bardhaman,335,Burdwan,,23.4278,87.7677,4,kamalpur
IN,India,India,713104,Burdwan University,West Bengal,28,Purba Bardhaman,335,Burdwan - I,,23.4278,87.7677,3,burdwan-university
IN,India,India,713104,Rayan,West Bengal,28,Purba Bardhaman,335,Burdwan,,23.4278,87.7677,3,rayan
IN,India,India,713104,Golapbag,West Bengal,28,Purba Bardhaman,335,Burdwan - I,,23.4278,87.7677,3,golapbag
IN,India,India,713104,Harisava,West Bengal,28,Purba Bardhaman,335,Burdwan - I,,23.4278,87.7677,3,harisava
IN,India,India,713104,Fagupur,West Bengal,28,Purba Bardhaman,335,Burdwan,,23.4278,87.7677,3,fagupur
IN,India,India,713104,Sarbamangalabari,West Bengal,28,Burdwan,335,Burdwan,,23.4278,87.7677,3,sarbamangalabari
IN,India,India,713104,Joteram,West Bengal,28,Purba Bardhaman,335,Burdwan,,23.4278,87.7677,3,joteram
IN,India,India,713104,Baikunthapur,West Bengal,28,Purba Bardhaman,335,Burdwan,,23.4278,87.7677,4,baikunthapur
IN,India,India,713104,Burdwan Medical College,West Bengal,28,Purba Bardhaman,335,Burdwan - I,,23.4278,87.7677,3,burdwan-medical-college
IN,India,India,713104,Burdwan Rajbati,West Bengal,28,Purba Bardhaman,335,Burdwan - I,,23.4278,87.7677,3,burdwan-rajbati
IN,India,India,713121,Aogram,West Bengal,28,Purba Bardhaman,335,Bhatar,,23.4278,87.7677,3,aogram
IN,India,India,713121,Debpur,West Bengal,28,Purba Bardhaman,335,Bhatar,,23.4278,87.7677,3,debpur
IN,India,India,713121,Sanchalida,West Bengal,28,Purba Bardhaman,335,Bhatar,,23.4278,87.7677,3,sanchalida
IN,India,India,713121,Sahebganj,West Bengal,28,Purba Bardhaman,335,Bhatar,,23.4278,87.7677,3,sahebganj
IN,India,India,713121,Aruar,West Bengal,28,Purba Bardhaman,335,NA,,23.4278,87.7677,3,aruar
IN,India,India,713121,Muratipur,West Bengal,28,Purba Bardhaman,335,Bhatar,,23.4278,87.7677,3,muratipur
IN,India,India,713121,Ratanpur,West Bengal,28,Purba Bardhaman,335,Bhatar,,23.4278,87.7677,4,ratanpur
IN,India,India,713122,Badla,West Bengal,28,Purba Bardhaman,335,Kalna,,23.4278,87.7677,3,badla
IN,India,India,713122,Singrekone,West Bengal,28,Purba Bardhaman,335,Kalna,,23.4278,87.7677,3,singrekone
IN,India,India,713122,Goda Annada,West Bengal,28,Purba Bardhaman,335,Kalna,,23.4278,87.7677,3,goda-annada
IN,India,India,713122,Tehatta,West Bengal,28,Purba Bardhaman,335,Kalna,,23.1669,88.2514,3,tehatta
IN,India,India,713122,Anukhal,West Bengal,28,Purba Bardhaman,335,Kalna,,23.4278,87.7677,3,anukhal
IN,India,India,713122,Akalpoush,West Bengal,28,Purba Bardhaman,335,Kalna,,23.4278,87.7677,3,akalpoush
IN,India,India,713122,Baidyapur,West Bengal,28,Purba Bardhaman,335,NA,,23.1669,88.2514,4,baidyapur
IN,India,India,713123,Pachundi,West Bengal,28,Purba Bardhaman,335,Katwa,,23.7614,87.9169,1,pachundi
IN,India,India,713123,Banwaribad Raj,West Bengal,28,Purba Bardhaman,335,NA,,23.7614,87.9169,1,banwaribad-raj
IN,India,India,713123,Gangatikuri,West Bengal,28,Purba Bardhaman,335,Ketugram - II,,23.7614,87.9169,1,gangatikuri
IN,India,India,713123,Sitahati,West Bengal,28,Purba Bardhaman,335,Katwa,,23.7614,87.9169,1,sitahati
IN,India,India,713123,Shimulia,West Bengal,28,Purba Bardhaman,335,Mangolkote,,23.7614,87.9169,1,shimulia
IN,India,India,713123,Baharan,West Bengal,28,Purba Bardhaman,335,Ketugram - II,,23.7614,87.9169,1,baharan
IN,India,India,713123,Shankai,West Bengal,28,Purba Bardhaman,335,Katwa,,23.7614,87.9169,1,shankai
IN,India,India,713123,Mougram,West Bengal,28,Purba Bardhaman,335,Katwa,,23.7614,87.9169,1,mougram
IN,India,India,713123,Murgram,West Bengal,28,Purba Bardhaman,335,Banwaribad Raj,,23.7614,87.9169,1,murgram
IN,India,India,713123,Keoguri,West Bengal,28,Purba Bardhaman,335,Ketugram - II,,23.7614,87.9169,1,keoguri
IN,India,India,713123,Kachutia,West Bengal,28,Purba Bardhaman,335,Ketugram - I,,23.7614,87.9169,1,kachutia
IN,India,India,713123,Agardanga,West Bengal,28,Purba Bardhaman,335,Ketugram - I,,23.7614,87.9169,1,agardanga
IN,India,India,713124,Natumohanpur,West Bengal,28,Purba Bardhaman,335,Raina - I,,23.7614,87.9169,1,natumohanpur
IN,India,India,713124,Kalanabagram,West Bengal,28,Purba Bardhaman,335,Memari,,23.7614,87.9169,1,kalanabagram
IN,India,India,713124,Barsul Unnayani,West Bengal,28,Purba Bardhaman,335,NA,,23.7614,87.9169,1,barsul-unnayani
IN,India,India,713124,Chakshanjadi,West Bengal,28,Purba Bardhaman,335,Jamalpur,,23.7614,87.9169,1,chakshanjadi
IN,India,India,713124,Deriapur,West Bengal,28,Purba Bardhaman,335,Raina - I,,23.7614,87.9169,1,deriapur
IN,India,India,713124,Belna,West Bengal,28,Purba Bardhaman,335,Burdwan - II,,23.7614,87.9169,1,belna
IN,India,India,713124,Boro Balaram,West Bengal,28,Purba Bardhaman,335,Memari,,23.7614,87.9169,1,boro-balaram
IN,India,India,713125,Amarun,West Bengal,28,Purba Bardhaman,335,Bhatar,,23.4125,87.9153,3,amarun
IN,India,India,713125,Amarun Bazar,West Bengal,28,Purba Bardhaman,335,Bhatar,,23.4125,87.9153,3,amarun-bazar
IN,India,India,713125,Bhatar,West Bengal,28,Purba Bardhaman,335,NA,,23.4125,87.9153,4,bhatar
IN,India,India,713125,Hossainpur,West Bengal,28,Purba Bardhaman,335,Bhatar,,23.4125,87.9153,3,hossainpur
IN,India,India,713125,Bamsor,West Bengal,28,Purba Bardhaman,335,Bhatar,,23.4125,87.9153,3,bamsor
IN,India,India,713125,Barabelun,West Bengal,28,Purba Bardhaman,335,Bhatar,,23.4125,87.9153,3,barabelun
IN,India,India,713125,Basuda,West Bengal,28,Purba Bardhaman,335,Bhatar,,23.4125,87.9153,3,basuda
IN,India,India,713125,Chandipur Kanpur,West Bengal,28,Purba Bardhaman,335,Bhatar,,23.4125,87.9153,3,chandipur-kanpur
IN,India,India,713125,Fulgram,West Bengal,28,Purba Bardhaman,335,Bhatar,,23.4125,87.9153,3,fulgram
IN,India,India,713125,Hargram,West Bengal,28,Purba Bardhaman,335,Bhatar,,23.4125,87.9153,3,hargram
IN,India,India,713125,Kherur,West Bengal,28,Purba Bardhaman,335,Bhatar,,23.4125,87.9153,3,kherur
IN,India,India,713125,Palar,West Bengal,28,Purba Bardhaman,335,Bhatar,,23.4125,87.9153,3,palar
IN,India,India,713125,Nasigram,West Bengal,28,Purba Bardhaman,335,Bhatar,,23.4125,87.9153,3,nasigram
IN,India,India,713125,Sunur,West Bengal,28,Purba Bardhaman,335,Bhatar,,23.4125,87.9153,3,sunur
IN,India,India,713125,Paschim Kharampur,West Bengal,28,Purba Bardhaman,335,Bhatar,,23.4125,87.9153,3,paschim-kharampur
IN,India,India,713125,Shyamnabagram,West Bengal,28,Purba Bardhaman,335,Bhatar,,23.4125,87.9153,3,shyamnabagram
IN,India,India,713126,Berenda,West Bengal,28,Purba Bardhaman,335,Ausgram - I,,23.7614,87.9169,1,berenda
IN,India,India,713126,Saha Basantapur,West Bengal,28,Purba Bardhaman,335,Ausgram - I,,23.7614,87.9169,1,saha-basantapur
IN,India,India,713126,Goligram,West Bengal,28,Purba Bardhaman,335,Aushgram,,23.7614,87.9169,1,goligram
IN,India,India,713126,Kurumba,West Bengal,28,Purba Bardhaman,335,Gushkara,,23.7614,87.9169,1,kurumba
IN,India,India,713126,Bhedia,West Bengal,28,Purba Bardhaman,335,NA,,23.7614,87.9169,1,bhedia
IN,India,India,713127,Narayanpur,West Bengal,28,Purba Bardhaman,335,Bhatar,,23.7333,87.9833,4,narayanpur
IN,India,India,713127,Bonpas,West Bengal,28,Purba Bardhaman,335,NA,,23.4278,87.7677,3,bonpas
IN,India,India,713127,Khurul,West Bengal,28,Purba Bardhaman,335,Bhatar,,23.4278,87.7677,3,khurul
IN,India,India,713127,Mandarbati,West Bengal,28,Purba Bardhaman,335,Bhatar,,23.4278,87.7677,3,mandarbati
IN,India,India,713127,Gramdihi,West Bengal,28,Purba Bardhaman,335,Bhatar,,23.4278,87.7677,3,gramdihi
IN,India,India,713127,Mohanpur,West Bengal,28,Purba Bardhaman,335,Gushkara,,23.4278,87.7677,4,mohanpur
IN,India,India,713128,Gushkara,West Bengal,28,Purba Bardhaman,335,NA,,23.4928,87.7348,4,gushkara
IN,India,India,713128,Dignagar,West Bengal,28,Purba Bardhaman,335,Gushkara,,23.4324,87.6832,4,dignagar
IN,India,India,713128,Somaipur,West Bengal,28,Purba Bardhaman,335,Ausgram - I,,23.4278,87.7677,3,somaipur
IN,India,India,713128,Digha,West Bengal,28,Purba Bardhaman,335,Gushkara,,23.4278,87.7677,4,digha
IN,India,India,713128,Gonpur,West Bengal,28,Purba Bardhaman,335,Burdwan Sadar,,23.4278,87.7677,3,gonpur
IN,India,India,713128,Uniatatarpur,West Bengal,28,Purba Bardhaman,335,Ausgram - I,,23.4278,87.7677,3,uniatatarpur
IN,India,India,713128,Jaypurr,West Bengal,28,Purba Bardhaman,335,Aushgram,,23.4278,87.7677,3,jaypurr
IN,India,India,713128,Rai Ramchandrapur,West Bengal,28,Purba Bardhaman,335,Ausgram - I,,23.4278,87.7677,3,rai-ramchandrapur
IN,India,India,713128,Sarulia,West Bengal,28,Purba Bardhaman,335,Mangolkote,,23.4278,87.7677,3,sarulia
IN,India,India,713128,Shar,West Bengal,28,Purba Bardhaman,335,NA,,23.4278,87.7677,3,shar
IN,India,India,713128,Shibda,West Bengal,28,Purba Bardhaman,335,Ausgram - I,,23.4278,87.7677,3,shibda
IN,India,India,713128,Deasa Aligram,West Bengal,28,Purba Bardhaman,335,Ausgram - I,,23.4278,87.7677,3,deasa-aligram
IN,India,India,713128,Keleti,West Bengal,28,Purba Bardhaman,335,Gushkara,,23.4278,87.7677,3,keleti
IN,India,India,713128,Mahata,West Bengal,28,Purba Bardhaman,335,Gushkara,,23.4278,87.7677,3,mahata
IN,India,India,713128,Gennya Deriapur,West Bengal,28,Purba Bardhaman,335,Ausgram - I,,23.4278,87.7677,3,gennya-deriapur
IN,India,India,713128,Jadabganj,West Bengal,28,Purba Bardhaman,335,Ausgram - I,,23.4278,87.7677,3,jadabganj
IN,India,India,713128,Hatkirtinagar,West Bengal,28,Purba Bardhaman,335,Burdwan Sadar,,23.4278,87.7677,3,hatkirtinagar
IN,India,India,713128,Gushkara New Town,West Bengal,28,Purba Bardhaman,335,NA,,23.4278,87.7677,3,gushkara-new-town
IN,India,India,713128,Dauradanga,West Bengal,28,Purba Bardhaman,335,Aushgram,,23.4278,87.7677,3,dauradanga
IN,India,India,713128,Orgram,West Bengal,28,Purba Bardhaman,335,Gushkara,,23.4278,87.7677,3,orgram
IN,India,India,713128,Paligram,West Bengal,28,Purba Bardhaman,335,Mangolkote,,23.4278,87.7677,3,paligram
IN,India,India,713128,Pichkuri,West Bengal,28,Purba Bardhaman,335,Gushkara,,23.4278,87.7677,3,pichkuri
IN,India,India,713129,Khanji,West Bengal,28,Purba Bardhaman,335,Ketugram,,23.7288,87.9704,3,khanji
IN,India,India,713129,Chakta,West Bengal,28,Purba Bardhaman,335,Katwa,,23.7288,87.9704,3,chakta
IN,India,India,713129,Bamundi,West Bengal,28,Purba Bardhaman,335,Ketugram,,23.7288,87.9704,3,bamundi
IN,India,India,713129,Srigopalpur,West Bengal,28,Purba Bardhaman,335,Ketugram,,23.7288,87.9704,3,srigopalpur
IN,India,India,713129,Masundi,West Bengal,28,Purba Bardhaman,335,Ketugram - I,,23.7288,87.9704,3,masundi
IN,India,India,713129,Sadipur Berugram,West Bengal,28,Purba Bardhaman,335,Ketugram - I,,23.7288,87.9704,3,sadipur-berugram
IN,India,India,713129,Rajoor,West Bengal,28,Purba Bardhaman,335,Ketugram - I,,23.7288,87.9704,3,rajoor
IN,India,India,713129,Hatkalua,West Bengal,28,Purba Bardhaman,335,Kalna - I,,23.7288,87.9704,3,hatkalua
IN,India,India,713129,Khatundi,West Bengal,28,Purba Bardhaman,335,Burdwan Sadar,,23.7288,87.9704,3,khatundi
IN,India,India,713129,Amgoria,West Bengal,28,Purba Bardhaman,335,Ketugram - I,,23.7288,87.9704,3,amgoria
IN,India,India,713129,Komarpur,West Bengal,28,Purba Bardhaman,335,Ketugram - I,,23.7288,87.9704,3,komarpur
IN,India,India,713129,Ankhona,West Bengal,28,Purba Bardhaman,335,Ketugram,,23.7288,87.9704,3,ankhona
IN,India,India,713129,Ehiapur,West Bengal,28,Purba Bardhaman,335,Ketugram,,23.7288,87.9704,3,ehiapur
IN,India,India,713129,Kantadihi,West Bengal,28,Purba Bardhaman,335,Ketugram - I,,23.7288,87.9704,3,kantadihi
IN,India,India,713129,Brahmanigram,West Bengal,28,Purba Bardhaman,335,Ketugram,,23.7288,87.9704,3,brahmanigram
IN,India,India,713129,Srigram,West Bengal,28,Purba Bardhaman,335,Ketugram,,23.7288,87.9704,3,srigram
IN,India,India,713129,Kandra (Bardhaman),West Bengal,28,Purba Bardhaman,335,NA,,23.7288,87.9704,4,kandra-bardhaman
IN,India,India,713130,Atuhatpara,West Bengal,28,Purba Bardhaman,335,Katwa - I,,23.4278,87.7677,1,atuhatpara
IN,India,India,713130,Katwa Station Bazar,West Bengal,28,Purba Bardhaman,335,Katwa - I,,23.4278,87.7677,1,katwa-station-bazar
IN,India,India,713130,Katwa H.O,West Bengal,28,Purba Bardhaman,335,Katwa,,23.4278,87.7677,1,katwa-h-o
IN,India,India,713130,Katwa College,West Bengal,28,Purba Bardhaman,335,Katwa - I,,23.4278,87.7677,1,katwa-college
IN,India,India,713130,Katwa Bazar,West Bengal,28,Purba Bardhaman,335,Katwa - I,,23.4278,87.7677,1,katwa-bazar
IN,India,India,713131,Gatistha,West Bengal,28,Purba Bardhaman,335,Mongalkote,,23.4278,87.7677,3,gatistha
IN,India,India,713131,Kasenagar,West Bengal,28,Purba Bardhaman,335,NA,,23.4278,87.7677,3,kasenagar
IN,India,India,713131,Bamunara,West Bengal,28,Purba Bardhaman,335,Mangolkote,,23.4278,87.7677,3,bamunara
IN,India,India,713131,Chanak,West Bengal,28,Purba Bardhaman,335,Gushkara,,23.4278,87.7677,4,chanak
IN,India,India,713131,Lakhuria,West Bengal,28,Purba Bardhaman,335,Mongalkote,,23.4278,87.7677,3,lakhuria
IN,India,India,713131,Kalanpur,West Bengal,28,Purba Bardhaman,335,Mongalkote,,23.4278,87.7677,3,kalanpur
IN,India,India,713132,Barashyambazar,West Bengal,28,Purba Bardhaman,335,Mangolkote,,23.4278,87.7677,1,barashyambazar
IN,India,India,713132,Palita,West Bengal,28,Purba Bardhaman,335,Ketugram-I,,23.4278,87.7677,1,palita
IN,India,India,713132,Kulai,West Bengal,28,Purba Bardhaman,335,Bhatar,,23.4278,87.7677,1,kulai
IN,India,India,713132,Majigram,West Bengal,28,Purba Bardhaman,335,Mangalkote,,23.4278,87.7677,1,majigram
IN,India,India,713132,Chakulia,West Bengal,28,Purba Bardhaman,335,Mangolkote,,23.4278,87.7677,1,chakulia
IN,India,India,713132,Boinchee,West Bengal,28,Purba Bardhaman,335,Mangolkote,,23.4278,87.7677,1,boinchee
IN,India,India,713132,Kowarpur,West Bengal,28,Purba Bardhaman,335,Katwa,,23.4278,87.7677,1,kowarpur
IN,India,India,713132,Mathrun,West Bengal,28,Purba Bardhaman,335,Mangolkote,,23.4278,87.7677,1,mathrun
IN,India,India,713132,Bhalgram,West Bengal,28,Purba Bardhaman,335,Mangolkote,,23.4278,87.7677,1,bhalgram
IN,India,India,713132,Gandhpur,West Bengal,28,Purba Bardhaman,335,Katwa,,23.4278,87.7677,1,gandhpur
IN,India,India,713132,Pindira Bawra,West Bengal,28,Purba Bardhaman,335,Bhatar,,23.4278,87.7677,1,pindira-bawra
IN,India,India,713140,Shibloon,West Bengal,28,Purba Bardhaman,335,Ketugram,,23.4278,87.7677,3,shibloon
IN,India,India,713140,Nabagram,West Bengal,28,Purba Bardhaman,335,Ketugram,,23.4278,87.7677,4,nabagram
IN,India,India,713140,Roundi Srirampur,West Bengal,28,Purba Bardhaman,335,Ketugram,,23.4278,87.7677,3,roundi-srirampur
IN,India,India,713140,Nirol,West Bengal,28,Purba Bardhaman,335,Ketugram,,23.4278,87.7677,3,nirol
IN,India,India,713140,Deara-Radhanagar,West Bengal,28,Purba Bardhaman,335,ketugram,,23.4278,87.7677,3,deara-radhanagar
IN,India,India,713140,Barapurulia,West Bengal,28,Purba Bardhaman,335,Katwa,,23.4278,87.7677,3,barapurulia
IN,India,India,713140,Gurpara,West Bengal,28,Purba Bardhaman,335,ketugram,,23.4278,87.7677,3,gurpara
IN,India,India,713140,Ketugram,West Bengal,28,Purba Bardhaman,335,NA,,23.7011,88.0453,4,ketugram
IN,India,India,713141,Belgram,West Bengal,28,Purba Bardhaman,335,Gushkara,,23.4603,87.9959,4,belgram
IN,India,India,713141,Satinandi,West Bengal,28,Purba Bardhaman,335,Burdwan Sadar,,23.4278,87.7677,3,satinandi
IN,India,India,713141,Khana Junction,West Bengal,28,Purba Bardhaman,335,Burdwan Sadar,,23.4278,87.7677,3,khana-junction
IN,India,India,713141,Barakashiara,West Bengal,28,Purba Bardhaman,335,Burdwan Sadar,,23.4278,87.7677,3,barakashiara
IN,India,India,713141,Baghar,West Bengal,28,Purba Bardhaman,335,Burdwan - I,,23.4278,87.7677,3,baghar
IN,India,India,713141,Sanko,West Bengal,28,Purba Bardhaman,335,Galsi,,23.4278,87.7677,3,sanko
IN,India,India,713141,Takipur,West Bengal,28,Purba Bardhaman,335,Gushkara,,23.4278,87.7677,4,takipur
IN,India,India,713141,Talit,West Bengal,28,Purba Bardhaman,335,Burdwan Sadar,,23.4278,87.7677,3,talit
IN,India,India,713141,Pachkula,West Bengal,28,Purba Bardhaman,335,Burdwan Sadar,,23.4278,87.7677,3,pachkula
IN,India,India,713141,Khano,West Bengal,28,Purba Bardhaman,335,Burdwan Sadar,,23.4278,87.7677,3,khano
IN,India,India,713141,Chandul,West Bengal,28,Purba Bardhaman,335,Burdwan Sadar,,23.4278,87.7677,3,chandul
IN,India,India,713141,Shyamsundarpur,West Bengal,28,Purba Bardhaman,335,Burdwan Sadar,,23.4278,87.7677,3,shyamsundarpur
IN,India,India,713141,Bhota,West Bengal,28,Purba Bardhaman,335,Aushgram,,23.4278,87.7677,3,bhota
IN,India,India,713141,Bhada,West Bengal,28,Purba Bardhaman,335,Aushgram,,23.4278,87.7677,3,bhada
IN,India,India,713141,Belari,West Bengal,28,Purba Bardhaman,335,Aushgram,,23.4278,87.7677,3,belari
IN,India,India,713141,Barabelgona,West Bengal,28,Purba Bardhaman,335,Aushgram,,23.4278,87.7677,3,barabelgona
IN,India,India,713141,Simdal,West Bengal,28,Purba Bardhaman,335,Burdwan - I,,23.4278,87.7677,3,simdal
IN,India,India,713141,Amar,West Bengal,28,Purba Bardhaman,335,Burdwan Sadar,,23.4278,87.7677,3,amar
IN,India,India,713142,Somsar,West Bengal,28,Purba Bardhaman,335,Burdwan,,23.4011,87.9051,3,somsar
IN,India,India,713142,Rupsa,West Bengal,28,Purba Bardhaman,335,Burdwan,,23.4011,87.9051,3,rupsa
IN,India,India,713142,Sasanga,West Bengal,28,Purba Bardhaman,335,Burdwan,,23.4011,87.9051,3,sasanga
IN,India,India,713142,Khandaghosh,West Bengal,28,Purba Bardhaman,335,NA,,23.2081,87.6941,4,khandaghosh
IN,India,India,713142,Ukhrid,West Bengal,28,Purba Bardhaman,335,Burdwan,,23.4011,87.9051,3,ukhrid
IN,India,India,713142,Oari,West Bengal,28,Purba Bardhaman,335,Burdwan,,23.4011,87.9051,3,oari
IN,India,India,713142,Nischintapur,West Bengal,28,Purba Bardhaman,335,Khandaghosh,,23.4278,87.7677,4,nischintapur
IN,India,India,713142,Bijpur,West Bengal,28,Purba Bardhaman,335,Burdwan,,23.4278,87.7677,4,bijpur
IN,India,India,713142,Chandipur Berugram,West Bengal,28,Purba Bardhaman,335,Khandaghosh,,23.4011,87.9051,3,chandipur-berugram
IN,India,India,713143,Kaithan,West Bengal,28,Purba Bardhaman,335,Katwa,,23.5493,87.9476,1,kaithan
IN,India,India,713143,Khirgram,West Bengal,28,Purba Bardhaman,335,Mangolkote,,23.5493,87.9476,1,khirgram
IN,India,India,713143,Palsona,West Bengal,28,Purba Bardhaman,335,Katwa,,23.5493,87.9476,1,palsona
IN,India,India,713143,Kuara,West Bengal,28,Purba Bardhaman,335,Katwa,,23.5493,87.9476,1,kuara
IN,India,India,713143,Panjoa,West Bengal,28,Purba Bardhaman,335,Katwa,,23.5493,87.9476,1,panjoa
IN,India,India,713143,Jogeswardihi,West Bengal,28,Purba Bardhaman,335,Mangolkote,,23.5493,87.9476,1,jogeswardihi
IN,India,India,713143,Thangapara,West Bengal,28,Purba Bardhaman,335,Mangolkote,,23.5493,87.9476,1,thangapara
IN,India,India,713143,Negun,West Bengal,28,Purba Bardhaman,335,Mangalkote,,23.5493,87.9476,1,negun
IN,India,India,713143,Auria,West Bengal,28,Purba Bardhaman,335,Bhatar,,23.5493,87.9476,1,auria
IN,India,India,713143,Karui,West Bengal,28,Purba Bardhaman,335,Katwa,,23.5493,87.9476,1,karui
IN,India,India,713143,Bazar Bankapasi,West Bengal,28,Purba Bardhaman,335,Bhatar,,23.5493,87.9476,1,bazar-bankapasi
IN,India,India,713143,Koychor,West Bengal,28,Purba Bardhaman,335,Mangolkote,,23.5493,87.9476,1,koychor
IN,India,India,713143,Jamra,West Bengal,28,Purba Bardhaman,335,Bhatar,,23.5493,87.9476,1,jamra
IN,India,India,713143,Jabagram,West Bengal,28,Purba Bardhaman,335,Bhatar,,23.5493,87.9476,1,jabagram
IN,India,India,713143,Saragram,West Bengal,28,Purba Bardhaman,335,Katwa,,23.5493,87.9476,1,saragram
IN,India,India,713143,Purbo Khanpur Bamunpara,West Bengal,28,Purba Bardhaman,335,Manteswar,,23.5493,87.9476,1,purbo-khanpur-bamunpara
IN,India,India,713143,Purba Gopalpur,West Bengal,28,Purba Bardhaman,335,Mangalkote,,23.5493,87.9476,1,purba-gopalpur
IN,India,India,713143,Puini,West Bengal,28,Purba Bardhaman,335,Katwa,,23.5493,87.9476,1,puini
IN,India,India,713143,Shimulia Danga,West Bengal,28,Purba Bardhaman,335,Mangalkote,,23.5493,87.9476,1,shimulia-danga
IN,India,India,713143,Gidhgram,West Bengal,28,Purba Bardhaman,335,Katwa,,23.5493,87.9476,1,gidhgram
IN,India,India,713143,Gobardhanpur,West Bengal,28,Purba Bardhaman,335,Mangolkote,,23.5493,87.9476,1,gobardhanpur
IN,India,India,713144,Maro,West Bengal,28,Purba Bardhaman,335,Budbud,,23.43,87.6334,3,maro
IN,India,India,713144,Abhirampur,West Bengal,28,Purba Bardhaman,335,Aushgram,,23.43,87.6334,4,abhirampur
IN,India,India,713144,Kolkol,West Bengal,28,Purba Bardhaman,335,Galsi,,23.43,87.6334,3,kolkol
IN,India,India,713144,Bhalki,West Bengal,28,Purba Bardhaman,335,Aushgram,,23.43,87.6334,3,bhalki
IN,India,India,713144,Amrargarh,West Bengal,28,Purba Bardhaman,335,Aushgram,,23.43,87.6334,3,amrargarh
IN,India,India,713144,Samantapara,West Bengal,28,Purba Bardhaman,335,Ausgram - II,,23.43,87.6334,3,samantapara
IN,India,India,713144,Khandaridanga,West Bengal,28,Purba Bardhaman,335,Budbud,,23.43,87.6334,3,khandaridanga
IN,India,India,713144,Suata,West Bengal,28,Purba Bardhaman,335,Aushgram,,23.43,87.6334,3,suata
IN,India,India,713144,Eral,West Bengal,28,Purba Bardhaman,335,Aushgram,,23.43,87.6334,3,eral
IN,India,India,713144,Mankar,West Bengal,28,Purba Bardhaman,335,NA,,23.43,87.6334,3,mankar
IN,India,India,713144,Protappur,West Bengal,28,Purba Bardhaman,335,Aushgram,,23.43,87.6334,3,protappur
IN,India,India,713145,Bhojpur,West Bengal,28,Purba Bardhaman,335,Manteswar,,23.639,87.9485,3,bhojpur
IN,India,India,713145,Lohar,West Bengal,28,Purba Bardhaman,335,Manteswar,,23.639,87.9485,3,lohar
IN,India,India,713145,Kasa,West Bengal,28,Purba Bardhaman,335,Manteswar,,23.639,87.9485,3,kasa
IN,India,India,713145,Asanpur,West Bengal,28,Purba Bardhaman,335,Manteswar,,23.639,87.9485,3,asanpur
IN,India,India,713145,Tarasusuna,West Bengal,28,Purba Bardhaman,335,Manteswar,,23.639,87.9485,3,tarasusuna
IN,India,India,713145,Singhali,West Bengal,28,Purba Bardhaman,335,Manteswar,,23.639,87.9485,3,singhali
IN,India,India,713145,Putsuri,West Bengal,28,Purba Bardhaman,335,Manteswar,,23.639,87.9485,3,putsuri
IN,India,India,713145,Purbakhanpur Bamunpara,West Bengal,28,Purba Bardhaman,335,Manteswar,,23.639,87.9485,3,purbakhanpur-bamunpara
IN,India,India,713145,Maldanga,West Bengal,28,Purba Bardhaman,335,Manteswar,,23.639,87.9485,3,maldanga
IN,India,India,713145,Kalui,West Bengal,28,Purba Bardhaman,335,Manteswar,,23.639,87.9485,3,kalui
IN,India,India,713145,Galatun,West Bengal,28,Purba Bardhaman,335,Manteswar,,23.639,87.9485,3,galatun
IN,India,India,713145,Denur,West Bengal,28,Purba Bardhaman,335,Manteswar,,23.639,87.9485,3,denur
IN,India,India,713145,Manteswar,West Bengal,28,Purba Bardhaman,335,NA,,23.4241,88.1076,4,manteswar
IN,India,India,713145,Kaigram,West Bengal,28,Purba Bardhaman,335,Manteswar,,23.4108,88.1857,4,kaigram
IN,India,India,713145,Chandrapur,West Bengal,28,Purba Bardhaman,335,Manteswar,,23.4278,87.7677,4,chandrapur
IN,India,India,713146,Debipur,West Bengal,28,Purba Bardhaman,335,Memari,,23.4278,87.7677,4,debipur
IN,India,India,713146,Ghosh,West Bengal,28,Purba Bardhaman,335,Memari,,23.4278,87.7677,4,ghosh
IN,India,India,713146,Radhakantapur,West Bengal,28,Purba Bardhaman,335,NA,,23.4278,87.7677,4,radhakantapur
IN,India,India,713146,Sultanpur,West Bengal,28,Purba Bardhaman,335,Kalna - I,,23.4278,87.7677,4,sultanpur
IN,India,India,713146,Hatsridharpur,West Bengal,28,Purba Bardhaman,335,Memari,,23.2899,88.0965,3,hatsridharpur
IN,India,India,713146,Jabui,West Bengal,28,Purba Bardhaman,335,Memari,,23.2899,88.0965,3,jabui
IN,India,India,713146,Biruha,West Bengal,28,Purba Bardhaman,335,Memari,,23.2899,88.0965,3,biruha
IN,India,India,713146,Sasinara,West Bengal,28,Purba Bardhaman,335,Memari,,23.2899,88.0965,3,sasinara
IN,India,India,713146,Gantar,West Bengal,28,Purba Bardhaman,335,Memari,,23.2899,88.0965,3,gantar
IN,India,India,713146,Nimo,West Bengal,28,Purba Bardhaman,335,Memari,,23.2899,88.0965,3,nimo
IN,India,India,713146,Bagila,West Bengal,28,Purba Bardhaman,335,Memari,,23.2899,88.0965,3,bagila
IN,India,India,713146,Bahabpur,West Bengal,28,Purba Bardhaman,335,Memari,,23.2899,88.0965,3,bahabpur
IN,India,India,713146,Bamunpara,West Bengal,28,Purba Bardhaman,335,Memari - I,,23.2899,88.0965,3,bamunpara
IN,India,India,713146,Barwamahesh,West Bengal,28,Purba Bardhaman,335,Memari,,23.2899,88.0965,3,barwamahesh
IN,India,India,713146,Debipur R.S,West Bengal,28,Purba Bardhaman,335,Memari,,23.2899,88.0965,3,debipur-r-s
IN,India,India,713146,Kalibele,West Bengal,28,Purba Bardhaman,335,Memari,,23.2899,88.0965,3,kalibele
IN,India,India,713146,Chotkhanda,West Bengal,28,Purba Bardhaman,335,Memari,,23.2899,88.0965,3,chotkhanda
IN,India,India,713146,Borar,West Bengal,28,Purba Bardhaman,335,Memari,,23.2899,88.0965,3,borar
IN,India,India,713146,Paharhati,West Bengal,28,Purba Bardhaman,335,Memari,,23.2899,88.0965,3,paharhati
IN,India,India,713146,Memari,West Bengal,28,Purba Bardhaman,335,NA,,23.1765,88.0975,4,memari
IN,India,India,713146,Memari Bazar,West Bengal,28,Purba Bardhaman,335,Memari - I,,23.2899,88.0965,3,memari-bazar
IN,India,India,713147,Atghora,West Bengal,28,Purba Bardhaman,335,Mangolkote,,23.5493,87.9476,1,atghora
IN,India,India,713147,Kunda,West Bengal,28,Purba Bardhaman,335,Bhatar,,23.5493,87.9476,1,kunda
IN,India,India,713147,Purbanayapara,West Bengal,28,Purba Bardhaman,335,Mangolkote,,23.5493,87.9476,1,purbanayapara
IN,India,India,713147,Jhilu,West Bengal,28,Purba Bardhaman,335,Mangolkote,,23.5493,87.9476,1,jhilu
IN,India,India,713147,Mongalkote,West Bengal,28,Purba Bardhaman,335,Bhatar,,23.5493,87.9476,1,mongalkote
IN,India,India,713147,Nutanhat,West Bengal,28,Purba Bardhaman,335,Mangolkote,,23.5493,87.9476,1,nutanhat
IN,India,India,713147,Khurtuba,West Bengal,28,Purba Bardhaman,335,Mangolkote,,23.5493,87.9476,1,khurtuba
IN,India,India,713147,Palishgram,West Bengal,28,Purba Bardhaman,335,Mangolkote,,23.5493,87.9476,1,palishgram
IN,India,India,713148,Kota,West Bengal,28,Purba Bardhaman,335,NA,,23.4278,87.7677,3,kota
IN,India,India,713148,Bonkati,West Bengal,28,Purba Bardhaman,335,Kanksa,,23.4278,87.7677,3,bonkati
IN,India,India,713148,Bharatpur,West Bengal,28,Purba Bardhaman,335,Burdwan,,23.4278,87.7677,4,bharatpur
IN,India,India,713148,Panagar Bazara,West Bengal,28,Purba Bardhaman,335,Kanksa,,23.4278,87.7677,3,panagar-bazara
IN,India,India,713148,Debsala,West Bengal,28,Purba Bardhaman,335,Burdwan,,23.4278,87.7677,3,debsala
IN,India,India,713148,Chotoramchandrapur,West Bengal,28,Purba Bardhaman,335,Burdwan,,23.4278,87.7677,3,chotoramchandrapur
IN,India,India,713148,Birudiha,West Bengal,28,Purba Bardhaman,335,Kanksa,,23.4278,87.7677,3,birudiha
IN,India,India,713148,Sonai,West Bengal,28,Purba Bardhaman,335,Ausgram - II,,23.4278,87.7677,3,sonai
IN,India,India,713148,Aduria,West Bengal,28,Purba Bardhaman,335,Burdwan,,23.4278,87.7677,3,aduria
IN,India,India,713148,Trilokchandrapur,West Bengal,28,Purba Bardhaman,335,Kanksa,,23.4278,87.7677,3,trilokchandrapur
IN,India,India,713148,Kanksa,West Bengal,28,Purba Bardhaman,335,Burdwan,,23.4278,87.7677,4,kanksa
IN,India,India,713148,Shilampur,West Bengal,28,Purba Bardhaman,335,Kanksa,,23.4278,87.7677,3,shilampur
IN,India,India,713149,Saktigarh (Bardhaman),West Bengal,28,Purba Bardhaman,335,NA,,23.209,87.9734,4,saktigarh-bardhaman
IN,India,India,713149,Khagrakaranda,West Bengal,28,Purba Bardhaman,335,Burdwan - II,,23.209,87.9734,3,khagrakaranda
IN,India,India,713149,Bhaita,West Bengal,28,Purba Bardhaman,335,Memari,,23.209,87.9734,3,bhaita
IN,India,India,713150,Bandhmura,West Bengal,28,Purba Bardhaman,335,Katwa - I,,23.5206,88.0851,3,bandhmura
IN,India,India,713150,Khajurdihi,West Bengal,28,Purba Bardhaman,335,NA,,23.5206,88.0851,3,khajurdihi
IN,India,India,713151,Rasulpur,West Bengal,28,Purba Bardhaman,335,NA,,23.4278,87.7677,4,rasulpur
IN,India,India,713151,Palla Road R.S.,West Bengal,28,Purba Bardhaman,335,Memari - I,,23.4278,87.7677,3,palla-road-r-s
IN,India,India,713151,Chanchai,West Bengal,28,Purba Bardhaman,335,Memari - I,,23.4278,87.7677,3,chanchai
IN,India,India,713151,Palla,West Bengal,28,Purba Bardhaman,335,Memari,,23.4278,87.7677,3,palla
IN,India,India,713151,Maheshdanga,West Bengal,28,Purba Bardhaman,335,Memari,,23.4278,87.7677,3,maheshdanga
IN,India,India,713152,Ausgram,West Bengal,28,Purba Bardhaman,335,Aushgram,,23.5176,87.6661,4,ausgram
IN,India,India,713152,Bhuera,West Bengal,28,Purba Bardhaman,335,NA,,23.5474,87.6552,3,bhuera
IN,India,India,713152,Uttarramnagar,West Bengal,28,Purba Bardhaman,335,Ausgram - II,,23.5474,87.6552,3,uttarramnagar
IN,India,India,713152,Karotia,West Bengal,28,Purba Bardhaman,335,Aushgram,,23.5474,87.6552,3,karotia
IN,India,India,713152,Hedogora,West Bengal,28,Purba Bardhaman,335,Ausgram - II,,23.5474,87.6552,3,hedogora
IN,India,India,713152,Genrai,West Bengal,28,Purba Bardhaman,335,Gushkara,,23.5474,87.6552,3,genrai
IN,India,India,713152,Bamnabagram,West Bengal,28,Purba Bardhaman,335,Ausgram - I,,23.5474,87.6552,3,bamnabagram
IN,India,India,713152,Chhora Hattala,West Bengal,28,Purba Bardhaman,335,Ausgram - I,,23.5474,87.6552,3,chhora-hattala
IN,India,India,713152,Panduk,West Bengal,28,Purba Bardhaman,335,Gushkara,,23.5772,87.6442,4,panduk
IN,India,India,713153,Kuldiha,West Bengal,28,Purba Bardhaman,335,NA,,23.4278,87.7677,1,kuldiha
IN,India,India,713153,Bhatkunda,West Bengal,28,Purba Bardhaman,335,NA,,23.4278,87.7677,1,bhatkunda
IN,India,India,713153,Parisha,West Bengal,28,Purba Bardhaman,335,Gushkara,,23.4278,87.7677,1,parisha
IN,India,India,713154,Amadpur,West Bengal,28,Purba Bardhaman,335,NA,,23.4278,87.7677,1,amadpur
IN,India,India,713156,Ausgram,West Bengal,28,Purba Bardhaman,335,NA,,23.5176,87.6661,4,ausgram
IN,India,India,713166,Kulingram,West Bengal,28,Purba Bardhaman,335,Memari,,23.4278,87.7677,1,kulingram
IN,India,India,713166,Keotara,West Bengal,28,Purba Bardhaman,335,Memari,,23.4278,87.7677,1,keotara
IN,India,India,713166,Ilsara,West Bengal,28,Purba Bardhaman,335,Memari,,23.4278,87.7677,1,ilsara
IN,India,India,713166,Nabagram (Bardhaman),West Bengal,28,Purba Bardhaman,335,NA,,23.4278,87.7677,1,nabagram-bardhaman
IN,India,India,713166,Reora Gopalpur,West Bengal,28,Purba Bardhaman,335,Memari,,23.4278,87.7677,1,reora-gopalpur
IN,India,India,713166,Dhuluk,West Bengal,28,Purba Bardhaman,335,Memari,,23.4278,87.7677,1,dhuluk
IN,India,India,713166,Abujhati,West Bengal,28,Purba Bardhaman,335,Burdwan,,23.4278,87.7677,1,abujhati
IN,India,India,713166,Jougram,West Bengal,28,Purba Bardhaman,335,Memari,,23.4278,87.7677,1,jougram
IN,India,India,713201,Durgapur RS,West Bengal,28,Purba Bardhaman,335,Durgapur Mc,,23.4278,87.7677,1,durgapur-rs
IN,India,India,713201,Durgapur H.O,West Bengal,28,Purba Bardhaman,335,Durgapur Municipal Corporation,,23.4278,87.7677,1,durgapur-h-o
IN,India,India,713202,Durgapur Coke Oven Colony,West Bengal,28,Purba Bardhaman,335,Durgapur Mc,,23.4278,87.7677,1,durgapur-coke-oven-colony
IN,India,India,713203,Durgapur Steel Project,West Bengal,28,Purba Bardhaman,335,Durgapur Mc,,23.4278,87.7677,1,durgapur-steel-project
IN,India,India,713203,Durgapur DSP SB Bureau,West Bengal,28,Purba Bardhaman,335,Durgapur Mc,,23.4278,87.7677,1,durgapur-dsp-sb-bureau
IN,India,India,713203,Amrai,West Bengal,28,Purba Bardhaman,335,Faridpur Durgapur,,23.4278,87.7677,1,amrai
IN,India,India,713204,Pratappur,West Bengal,28,Purba Bardhaman,335,Durgapur Mc,,23.4278,87.7677,3,pratappur
IN,India,India,713204,Durgapur Steel Town West,West Bengal,28,Purba Bardhaman,335,Durgapur Mc,,23.4278,87.7677,3,durgapur-steel-town-west
IN,India,India,713204,Kamalpur,West Bengal,28,Purba Bardhaman,335,Durgapur Mc,,23.4278,87.7677,4,kamalpur
IN,India,India,713204,Benachity Market,West Bengal,28,Purba Bardhaman,335,Faridpur Durgapur,,23.4278,87.7677,3,benachity-market
IN,India,India,713205,Dhabani,West Bengal,28,Purba Bardhaman,335,Durgapur Mc,,23.4278,87.7677,1,dhabani
IN,India,India,713205,Durgapur Steel Town East,West Bengal,28,Purba Bardhaman,335,Durgapur Mc,,23.4278,87.7677,1,durgapur-steel-town-east
IN,India,India,713205,Durgapur Sepco  Township,West Bengal,28,Purba Bardhaman,335,Durgapur Municipal Corporation,,23.4278,87.7677,1,durgapur-sepco-township
IN,India,India,713206,Durgapur Abl Township,West Bengal,28,Purba Bardhaman,335,Durgapur Mc,,23.4278,87.7677,1,durgapur-abl-township
IN,India,India,713206,Fuljhore,West Bengal,28,Purba Bardhaman,335,Durgapur Mc,,23.4278,87.7677,1,fuljhore
IN,India,India,713206,Jemua,West Bengal,28,Purba Bardhaman,335,Kanksa,,23.4278,87.7677,1,jemua
IN,India,India,713207,Durgapur Thermal Power Station,West Bengal,28,Purba Bardhaman,335,Durgapur Mc,,23.4278,87.7677,1,durgapur-thermal-power-station
IN,India,India,713209,Durgapur Re College,West Bengal,28,Purba Bardhaman,335,Duragpur Mc,,23.4278,87.7677,1,durgapur-re-college
IN,India,India,713209,Durgapur Mg Avenue,West Bengal,28,Purba Bardhaman,335,Durgapur Mc,,23.4278,87.7677,1,durgapur-mg-avenue
IN,India,India,713210,Durgapur Heavy Engg Plant,West Bengal,28,Purba Bardhaman,335,Durgapur Mc,,23.4278,87.7677,1,durgapur-heavy-engg-plant
IN,India,India,713211,Nadiha,West Bengal,28,Purba Bardhaman,335,Durgapur Mc,,23.4278,87.7677,3,nadiha
IN,India,India,713211,Gopinathpur,West Bengal,28,Purba Bardhaman,335,Durgapur Mc,,23.4278,87.7677,4,gopinathpur
IN,India,India,713212,Rakhitpur,West Bengal,28,Purba Bardhaman,335,Kanksa,,23.4278,87.7677,3,rakhitpur
IN,India,India,713212,Rajbandh,West Bengal,28,Purba Bardhaman,335,Kanksa,,23.4278,87.7677,3,rajbandh
IN,India,India,713212,Kuldiha,West Bengal,28,Purba Bardhaman,335,Kanksa,,23.4278,87.7677,3,kuldiha
IN,India,India,713212,Burdwan Arrah,West Bengal,28,Purba Bardhaman,335,Kanksa,,23.4278,87.7677,3,burdwan-arrah
IN,India,India,713212,Bamunara,West Bengal,28,Purba Bardhaman,335,Kanksa,,23.4278,87.7677,3,bamunara
IN,India,India,713212,Bidhannagar,West Bengal,28,Purba Bardhaman,335,Durgapur Mc,,23.4278,87.7677,3,bidhannagar
IN,India,India,713212,Durgapur Bidhannagar Postal Colony,West Bengal,28,Purba Bardhaman,335,Durgapur Municipal Corporation,,23.4278,87.7677,3,durgapur-bidhannagar-postal-colony
IN,India,India,713212,Shibpur,West Bengal,28,Purba Bardhaman,335,Kanksa,,23.7283,87.0588,4,shibpur
IN,India,India,713212,Gopalpur,West Bengal,28,Purba Bardhaman,335,Kanksa,,23.4278,87.7677,4,gopalpur
IN,India,India,713212,Amlajora,West Bengal,28,Purba Bardhaman,335,Kanksa,,23.4278,87.7677,3,amlajora
IN,India,India,713212,Malandighi,West Bengal,28,Purba Bardhaman,335,Kanksa,,23.5648,87.406,4,malandighi
IN,India,India,713213,Benachity,West Bengal,28,Purba Bardhaman,335,Durgapur Mc,,23.4278,87.7677,1,benachity
IN,India,India,713214,Amrabati,West Bengal,28,Purba Bardhaman,335,Durgapur Mc,,23.4278,87.7677,1,amrabati
IN,India,India,713214,Durgapur CRPF Camp,West Bengal,28,Purba Bardhaman,335,Durgapur Mc,,23.4278,87.7677,1,durgapur-crpf-camp
IN,India,India,713215,Angadpur,West Bengal,28,Purba Bardhaman,335,Durgapur Mc,,23.4278,87.7677,1,angadpur
IN,India,India,713216,City Centre,West Bengal,28,Purba Bardhaman,335,Durgapur Mc,,23.4278,87.7677,1,city-centre
IN,India,India,713217,Oyaria,West Bengal,28,Purba Bardhaman,335,Durgapur Mc,,23.4278,87.7677,1,oyaria
IN,India,India,713321,Andalgram,West Bengal,28,Burdwan,335,Andal,,23.1782,87.8981,3,andalgram
IN,India,India,713321,Andal South Bazar,West Bengal,28,Purba Bardhaman,335,Raniganj,,23.1782,87.8981,3,andal-south-bazar
IN,India,India,713321,Andal,West Bengal,28,Purba Bardhaman,335,Andal,,23.5801,87.1832,4,andal
IN,India,India,713321,Srirampur,West Bengal,28,Purba Bardhaman,335,Andal,,23.4278,87.7677,4,srirampur
IN,India,India,713321,Madanpur,West Bengal,28,Purba Bardhaman,335,Andal,,23.4278,87.7677,4,madanpur
IN,India,India,713321,Baktarnagar,West Bengal,28,Burdwan,335,Andal,,23.1782,87.8981,3,baktarnagar
IN,India,India,713321,Dakhin Khanda,West Bengal,28,Purba Bardhaman,335,Andal,,23.1782,87.8981,3,dakhin-khanda
IN,India,India,713321,Moira Colliery,West Bengal,28,Purba Bardhaman,335,Andal,,23.1782,87.8981,3,moira-colliery
IN,India,India,713322,Siduli,West Bengal,28,Purba Bardhaman,335,Barabani,,23.6518,87.1648,3,siduli
IN,India,India,713322,Bahula,West Bengal,28,Purba Bardhaman,335,Barabani,,23.6518,87.1648,4,bahula
IN,India,India,713323,Egara,West Bengal,28,Purba Bardhaman,335,Raniganj Mc,,23.5854,87.5061,1,egara
IN,India,India,713323,Nupur,West Bengal,28,Purba Bardhaman,335,Raniganj Mc,,23.5854,87.5061,1,nupur
IN,India,India,713323,Ballavpur,West Bengal,28,Purba Bardhaman,335,Pandabeswar,,23.5854,87.5061,1,ballavpur
IN,India,India,713337,Benali,West Bengal,28,Purba Bardhaman,335,Jamuria,,23.4278,87.7677,1,benali
IN,India,India,713337,Satgram,West Bengal,28,Purba Bardhaman,335,Jamuria,,23.4278,87.7677,1,satgram
IN,India,India,713337,Bidhanbag,West Bengal,28,Purba Bardhaman,335,Pandabeswar,,23.4278,87.7677,1,bidhanbag
IN,India,India,713337,Jemahari,West Bengal,28,Purba Bardhaman,335,Pandabeswar,,23.4278,87.7677,1,jemahari
IN,India,India,713338,Madhusudhanpur,West Bengal,28,Purba Bardhaman,335,Andal,,23.4278,87.7677,1,madhusudhanpur
IN,India,India,713338,Kajoragram,West Bengal,28,Purba Bardhaman,335,Andal,,23.4278,87.7677,1,kajoragram
IN,India,India,713338,Parascole,West Bengal,28,Purba Bardhaman,335,Andal,,23.4278,87.7677,1,parascole
IN,India,India,713342,Kenda,West Bengal,28,Purba Bardhaman,335,Pandabeswar,,23.4278,87.7677,4,kenda
IN,India,India,713346,Semallya,West Bengal,28,Purba Bardhaman,335,Pandaveshwar,,23.65,87.0047,1,semallya
IN,India,India,713346,Rannagar Gram,West Bengal,28,Purba Bardhaman,335,NA,,23.65,87.0047,1,rannagar-gram
IN,India,India,713346,Kendra,West Bengal,28,Purba Bardhaman,335,Pandaveswar,,23.65,87.0047,1,kendra
IN,India,India,713346,Pandaveshwar,West Bengal,28,Purba Bardhaman,335,Pandaveshwr,,23.65,87.0047,1,pandaveshwar
IN,India,India,713347,Kharsuli Bazar,West Bengal,28,Purba Bardhaman,335,Raniganj Mc,,23.65,87.0047,1,kharsuli-bazar
IN,India,India,713347,Raniganj H.O,West Bengal,28,Purba Bardhaman,335,Raniganj Municipality,,23.65,87.0047,1,raniganj-h-o
IN,India,India,713358,Searsole Rajbari,West Bengal,28,Purba Bardhaman,335,Raniganj Mc,,23.4278,87.7677,3,searsole-rajbari
IN,India,India,713358,Bijpur,West Bengal,28,Purba Bardhaman,335,Pandabeswar,,23.4278,87.7677,4,bijpur
IN,India,India,713358,Nimcha,West Bengal,28,Purba Bardhaman,335,Jamuria,,23.4278,87.7677,3,nimcha
IN,India,India,713358,Bansra,West Bengal,28,Purba Bardhaman,335,Pandabeswar,,23.4278,87.7677,3,bansra
IN,India,India,713358,Amritnagar,West Bengal,28,Purba Bardhaman,335,Pandabeswar,,23.4278,87.7677,3,amritnagar
IN,India,India,713362,Hijalgora,West Bengal,28,Purba Bardhaman,335,Jamuria,,23.4278,87.7677,3,hijalgora
IN,India,India,713362,Ikrah,West Bengal,28,Purba Bardhaman,335,Pandabeswar,,23.4278,87.7677,3,ikrah
IN,India,India,713362,Jote Janki,West Bengal,28,Purba Bardhaman,335,Jamuria,,23.4278,87.7677,3,jote-janki
IN,India,India,713362,Toposi,West Bengal,28,Purba Bardhaman,335,Jamuria,,23.4278,87.7677,3,toposi
IN,India,India,713362,Bahadurpur,West Bengal,28,Purba Bardhaman,335,Jamuria,,23.4278,87.7677,4,bahadurpur
IN,India,India,713363,Nabagram,West Bengal,28,Purba Bardhaman,335,Barabani,,23.4278,87.7677,4,nabagram
IN,India,India,713363,Sankarpur,West Bengal,28,Purba Bardhaman,335,Laudoha,,23.4278,87.7677,4,sankarpur
IN,India,India,713363,Ichapur,West Bengal,28,Purba Bardhaman,335,Laudoha,,23.4278,87.7677,4,ichapur
IN,India,India,713363,Ukhra Puratanhattala,West Bengal,28,Purba Bardhaman,335,Faridpur Durgapur,,23.3452,87.899,3,ukhra-puratanhattala
IN,India,India,713363,Kumardihi,West Bengal,28,Purba Bardhaman,335,Laudoha,,23.3452,87.899,3,kumardihi
IN,India,India,713363,Patsora,West Bengal,28,Purba Bardhaman,335,Laudoha,,23.3452,87.899,3,patsora
IN,India,India,713363,Khandra,West Bengal,28,Purba Bardhaman,335,Barabani,,23.3452,87.899,3,khandra
IN,India,India,713363,Sarpi,West Bengal,28,Purba Bardhaman,335,Barabani,,23.3452,87.899,3,sarpi
IN,India,India,713363,Ukhra,West Bengal,28,Purba Bardhaman,335,Faridpur Durgapur,,23.6517,87.2463,4,ukhra
IN,India,India,713376,Dhandadihi,West Bengal,28,Purba Bardhaman,335,Pandabeswar,,23.4278,87.7677,1,dhandadihi
IN,India,India,713378,Haripur (Bardhaman),West Bengal,28,Purba Bardhaman,335,Pandaveshwar,,23.4278,87.7677,1,haripur-bardhaman
IN,India,India,713378,Bhuri,West Bengal,28,Purba Bardhaman,335,Jamuria,,23.4278,87.7677,1,bhuri
IN,India,India,713378,Sonepur,West Bengal,28,Purba Bardhaman,335,Pandaveshwar,,23.4278,87.7677,1,sonepur
IN,India,India,713378,Khottadihi,West Bengal,28,Purba Bardhaman,335,Pandabeswar,,23.4278,87.7677,1,khottadihi
IN,India,India,713378,Bilpahari,West Bengal,28,Purba Bardhaman,335,Pandabeswar,,23.4278,87.7677,1,bilpahari
IN,India,India,713378,Chinchuria,West Bengal,28,Purba Bardhaman,335,Jamuria,,23.4278,87.7677,1,chinchuria
IN,India,India,713381,Gourbazar,West Bengal,28,Purba Bardhaman,335,Laudoha,,23.4278,87.7677,1,gourbazar
IN,India,India,713381,Amdahi,West Bengal,28,Purba Bardhaman,335,Laudoha,,23.4278,87.7677,1,amdahi
IN,India,India,713381,Gogla,West Bengal,28,Purba Bardhaman,335,Laudoha,,23.4278,87.7677,1,gogla
IN,India,India,713381,Nutandanga,West Bengal,28,Purba Bardhaman,335,Laudoha,,23.4278,87.7677,1,nutandanga
IN,India,India,713384,Parasea,West Bengal,28,Purba Bardhaman,335,Jamuria,,23.4278,87.7677,1,parasea
IN,India,India,713385,Laudoha,West Bengal,28,Purba Bardhaman,335,Laudoha,,23.4278,87.7677,1,laudoha
IN,India,India,713385,Jhanjhra,West Bengal,28,Burdwan,335,Jamuria,,23.4278,87.7677,1,jhanjhra
IN,India,India,713385,Nakrakonda,West Bengal,28,Burdwan,335,Laudoha,,23.4278,87.7677,1,nakrakonda
IN,India,India,713385,Balijuri,West Bengal,28,Burdwan,335,Jamuria,,23.4278,87.7677,1,balijuri
IN,India,India,713385,Jamgora,West Bengal,28,Burdwan,335,Jamuria,,23.4278,87.7677,1,jamgora
IN,India,India,713401,Masagram,West Bengal,28,Purba Bardhaman,335,Memari,,23.1342,88.0405,4,masagram
IN,India,India,713401,Panchra,West Bengal,28,Purba Bardhaman,335,Memari,,23.1342,88.0405,3,panchra
IN,India,India,713401,Habaspur,West Bengal,28,Purba Bardhaman,335,Memari,,23.1342,88.0405,3,habaspur
IN,India,India,713401,Sanchra,West Bengal,28,Purba Bardhaman,335,Memari,,23.1342,88.0405,3,sanchra
IN,India,India,713401,Kenna,West Bengal,28,Purba Bardhaman,335,Memari,,23.1342,88.0405,3,kenna
IN,India,India,713401,Ajhapur,West Bengal,28,Purba Bardhaman,335,NA,,23.1342,88.0405,3,ajhapur
IN,India,India,713402,Arjunpur (Bardhaman),West Bengal,28,Purba Bardhaman,335,NA,,23.3857,88.0371,1,arjunpur-bardhaman
IN,India,India,713403,Jharul,West Bengal,28,Purba Bardhaman,335,Burdwan,,23.4013,87.5389,3,jharul
IN,India,India,713403,Kasba,West Bengal,28,Purba Bardhaman,335,Burdwan,,23.4013,87.5389,3,kasba
IN,India,India,713403,Nurkona,West Bengal,28,Purba Bardhaman,335,Burdwan,,23.4013,87.5389,3,nurkona
IN,India,India,713403,Paraj,West Bengal,28,Purba Bardhaman,335,Burdwan,,23.4013,87.5389,3,paraj
IN,India,India,713403,Dwarnari,West Bengal,28,Purba Bardhaman,335,Burdwan,,23.4013,87.5389,3,dwarnari
IN,India,India,713403,Budbud,West Bengal,28,Purba Bardhaman,335,NA,,23.4013,87.5389,4,budbud
IN,India,India,713403,Ramgopalpur,West Bengal,28,Purba Bardhaman,335,Burdwan,,23.4013,87.5389,3,ramgopalpur
IN,India,India,713404,Sonargoria,West Bengal,28,Purba Bardhaman,335,Jamalpur,,23.3857,88.0371,1,sonargoria
IN,India,India,713404,Jaragram,West Bengal,28,Purba Bardhaman,335,Memari,,23.3857,88.0371,1,jaragram
IN,India,India,713404,Chakdighi,West Bengal,28,Purba Bardhaman,335,NA,,23.3857,88.0371,1,chakdighi
IN,India,India,713404,Runkini Mahalla,West Bengal,28,Purba Bardhaman,335,Memari,,23.3857,88.0371,1,runkini-mahalla
IN,India,India,713404,Bishnubati,West Bengal,28,Purba Bardhaman,335,Memari,,23.3857,88.0371,1,bishnubati
IN,India,India,713405,Simlon,West Bengal,28,Purba Bardhaman,335,Dhatrigram,,23.3857,88.0371,1,simlon
IN,India,India,713405,Medgachi,West Bengal,28,Purba Bardhaman,335,Kalna,,23.3857,88.0371,1,medgachi
IN,India,India,713405,Sahajpur,West Bengal,28,Purba Bardhaman,335,Purbasthali - I,,23.3857,88.0371,1,sahajpur
IN,India,India,713405,Astogoria,West Bengal,28,Purba Bardhaman,335,Kalna,,23.3857,88.0371,1,astogoria
IN,India,India,713405,Nandai,West Bengal,28,Purba Bardhaman,335,Kalna,,23.3857,88.0371,1,nandai
IN,India,India,713405,Krishnadevpur,West Bengal,28,Purba Bardhaman,335,Kalna,,23.3857,88.0371,1,krishnadevpur
IN,India,India,713405,Nibhujibazar,West Bengal,28,Purba Bardhaman,335,Dhatrigram,,23.3857,88.0371,1,nibhujibazar
IN,India,India,713405,Dhatrigram,West Bengal,28,Purba Bardhaman,335,NA,,23.3857,88.0371,1,dhatrigram
IN,India,India,713406,Monoharsujapur,West Bengal,28,Purba Bardhaman,335,Galsi,,23.4026,87.9525,3,monoharsujapur
IN,India,India,713406,Bahirghanya,West Bengal,28,Purba Bardhaman,335,Galsi,,23.4026,87.9525,3,bahirghanya
IN,India,India,713406,Bhuri,West Bengal,28,Purba Bardhaman,335,Galsi,,23.4026,87.9525,3,bhuri
IN,India,India,713406,Chakmuria,West Bengal,28,Purba Bardhaman,335,Galsi,,23.4026,87.9525,3,chakmuria
IN,India,India,713406,Golgrammathurapur,West Bengal,28,Purba Bardhaman,335,Galsi - I,,23.4026,87.9525,3,golgrammathurapur
IN,India,India,713406,Uchhagram,West Bengal,28,Purba Bardhaman,335,Galsi,,23.4026,87.9525,3,uchhagram
IN,India,India,713406,Pursa,West Bengal,28,Purba Bardhaman,335,Galsi,,23.4026,87.9525,3,pursa
IN,India,India,713406,Porsura,West Bengal,28,Purba Bardhaman,335,Galsi,,23.4026,87.9525,3,porsura
IN,India,India,713406,Galsi,West Bengal,28,Purba Bardhaman,335,NA,,23.3393,87.6893,4,galsi
IN,India,India,713406,Ura,West Bengal,28,Purba Bardhaman,335,Galsi,,23.4026,87.9525,3,ura
IN,India,India,713406,Joykrishnapur,West Bengal,28,Purba Bardhaman,335,Galsi,,23.466,88.2157,4,joykrishnapur
IN,India,India,713407,Hatgobindapur,West Bengal,28,Purba Bardhaman,335,Burdwan - II,,23.3857,88.0371,1,hatgobindapur
IN,India,India,713407,Kuchut,West Bengal,28,Purba Bardhaman,335,Memari,,23.3857,88.0371,1,kuchut
IN,India,India,713407,Nabastha,West Bengal,28,Purba Bardhaman,335,Memari,,23.3857,88.0371,1,nabastha
IN,India,India,713407,Kasiara,West Bengal,28,Purba Bardhaman,335,Burwan Sadar,,23.3857,88.0371,1,kasiara
IN,India,India,713407,Bonogram,West Bengal,28,Purba Bardhaman,335,Memari - II,,23.3857,88.0371,1,bonogram
IN,India,India,713407,Sadya,West Bengal,28,Purba Bardhaman,335,Burwan Sadar,,23.3857,88.0371,1,sadya
IN,India,India,713407,Sonapalashi,West Bengal,28,Purba Bardhaman,335,Burdwan - II,,23.3857,88.0371,1,sonapalashi
IN,India,India,713407,Suhari,West Bengal,28,Purba Bardhaman,335,Memari,,23.3857,88.0371,1,suhari
IN,India,India,713407,Begut,West Bengal,28,Purba Bardhaman,335,Memari,,23.3857,88.0371,1,begut
IN,India,India,713407,Sukur,West Bengal,28,Purba Bardhaman,335,Memari,,23.3857,88.0371,1,sukur
IN,India,India,713407,Balgona,West Bengal,28,Purba Bardhaman,335,Bhatar,,23.3857,88.0371,1,balgona
IN,India,India,713408,Bahadurpur,West Bengal,28,Purba Bardhaman,335,Memari,,23.4278,87.7677,4,bahadurpur
IN,India,India,713408,Jamalpur (Bardhaman),West Bengal,28,Purba Bardhaman,335,NA,,23.0666,87.9918,4,jamalpur-bardhaman
IN,India,India,713408,Kamargoria,West Bengal,28,Purba Bardhaman,335,Memari,,23.4278,87.7677,4,kamargoria
IN,India,India,713408,Sadipur,West Bengal,28,Purba Bardhaman,335,Jamalpur,,23.4278,87.7677,3,sadipur
IN,India,India,713408,Berugram,West Bengal,28,Purba Bardhaman,335,Jamalpur,,23.5086,88.1499,3,berugram
IN,India,India,713408,Anguna,West Bengal,28,Purba Bardhaman,335,Memari,,23.5086,88.1499,3,anguna
IN,India,India,713408,Parbatpur,West Bengal,28,Purba Bardhaman,335,Memari,,23.5086,88.1499,3,parbatpur
IN,India,India,713408,Paratal,West Bengal,28,Purba Bardhaman,335,Memari,,23.5086,88.1499,3,paratal
IN,India,India,713408,Surekanla,West Bengal,28,Purba Bardhaman,335,Jamalpur,,23.5086,88.1499,3,surekanla
IN,India,India,713408,Sha Hossainpur,West Bengal,28,Purba Bardhaman,335,Jamalpur,,23.5086,88.1499,3,sha-hossainpur
IN,India,India,713408,Sanktia,West Bengal,28,Purba Bardhaman,335,Raina,,23.5086,88.1499,3,sanktia
IN,India,India,713408,Jotesriram,West Bengal,28,Purba Bardhaman,335,jamalpur,,23.5086,88.1499,3,jotesriram
IN,India,India,713409,Deara Radhanagar,West Bengal,28,Purba Bardhaman,335,Kalna,,23.2194,88.3629,3,deara-radhanagar
IN,India,India,713409,Kalna Court,West Bengal,28,Purba Bardhaman,335,Kalna - I,,23.2194,88.3629,3,kalna-court
IN,India,India,713409,Baramitrapara,West Bengal,28,Purba Bardhaman,335,Kalna,,23.2194,88.3629,3,baramitrapara
IN,India,India,713409,Bagnapara,West Bengal,28,Purba Bardhaman,335,kalna,,23.2194,88.3629,3,bagnapara
IN,India,India,713409,Hatbele,West Bengal,28,Purba Bardhaman,335,Kalna,,23.2194,88.3629,3,hatbele
IN,India,India,713409,Bhaduripara,West Bengal,28,Purba Bardhaman,335,NA,,23.2194,88.3629,3,bhaduripara
IN,India,India,713409,Baramitrapara,West Bengal,28,Purba Bardhaman,335,Kalna - II,,23.2194,88.3629,3,baramitrapara
IN,India,India,713409,Kalna,West Bengal,28,Purba Bardhaman,335,NA,,23.2194,88.3629,4,kalna
IN,India,India,713420,Rondia,West Bengal,28,Purba Bardhaman,335,Kanksa,,23.3523,88.0344,1,rondia
IN,India,India,713420,Panagar (Bardhaman),West Bengal,28,Purba Bardhaman,335,Kanksa,,23.3523,88.0344,1,panagar-bardhaman
IN,India,India,713421,Saknara,West Bengal,28,Purba Bardhaman,335,Burdwan,,23.2628,87.951,3,saknara
IN,India,India,713421,Barabainan,West Bengal,28,Purba Bardhaman,335,Raina - II,,23.2628,87.951,3,barabainan
IN,India,India,713421,Pasanda,West Bengal,28,Purba Bardhaman,335,Burdwan,,23.2628,87.951,3,pasanda
IN,India,India,713421,Raina,West Bengal,28,Purba Bardhaman,335,NA,,23.073,87.8982,4,raina
IN,India,India,713421,Kamarhati,West Bengal,28,Purba Bardhaman,335,Burdwan,,23.4278,87.7677,4,kamarhati
IN,India,India,713421,Tajpur,West Bengal,28,Purba Bardhaman,335,Raina,,23.4278,87.7677,4,tajpur
IN,India,India,713422,Bitra,West Bengal,28,Purba Bardhaman,335,Memari,,23.4278,87.7677,3,bitra
IN,India,India,713422,Katsihi,West Bengal,28,Purba Bardhaman,335,Manteswar,,23.4278,87.7677,3,katsihi
IN,India,India,713422,Dewania,West Bengal,28,Purba Bardhaman,335,Manteswar,,23.4278,87.7677,3,dewania
IN,India,India,713422,Mamudpur,West Bengal,28,Purba Bardhaman,335,Manteswar,,23.4278,87.7677,4,mamudpur
IN,India,India,713422,Bohar,West Bengal,28,Purba Bardhaman,335,Memari,,23.4278,87.7677,3,bohar
IN,India,India,713422,Karanda,West Bengal,28,Purba Bardhaman,335,Kalna,,23.4278,87.7677,3,karanda
IN,India,India,713422,Ibrahambadsonadanga,West Bengal,28,Purba Bardhaman,335,Manteswar,,23.4278,87.7677,3,ibrahambadsonadanga
IN,India,India,713422,Raigram,West Bengal,28,Purba Bardhaman,335,Manteswar,,23.4278,87.7677,3,raigram
IN,India,India,713422,Purguna,West Bengal,28,Purba Bardhaman,335,Manteswar,,23.4278,87.7677,3,purguna
IN,India,India,713422,Kanpur,West Bengal,28,Purba Bardhaman,335,Manteswar,,23.4278,87.7677,4,kanpur
IN,India,India,713422,Kuley,West Bengal,28,Purba Bardhaman,335,Nadanghat,,23.4278,87.7677,3,kuley
IN,India,India,713422,Mangalpur,West Bengal,28,Purba Bardhaman,335,Manteswar,,23.4278,87.7677,3,mangalpur
IN,India,India,713422,Sontla,West Bengal,28,Purba Bardhaman,335,Memari,,23.4278,87.7677,3,sontla
IN,India,India,713422,Kulut,West Bengal,28,Purba Bardhaman,335,Manteswar,,23.4278,87.7677,3,kulut
IN,India,India,713422,Jamna,West Bengal,28,Purba Bardhaman,335,Kalna,,23.4278,87.7677,3,jamna
IN,India,India,713422,Madhyamgram,West Bengal,28,Purba Bardhaman,335,Manteswar,,23.4278,87.7677,4,madhyamgram
IN,India,India,713422,Khandraparulia,West Bengal,28,Purba Bardhaman,335,Manteswar,,23.4278,87.7677,3,khandraparulia
IN,India,India,713422,Begpur,West Bengal,28,Purba Bardhaman,335,Memari,,23.4278,87.7677,3,begpur
IN,India,India,713422,Khalishpur,West Bengal,28,Purba Bardhaman,335,satgachia,,23.4278,87.7677,3,khalishpur
IN,India,India,713422,Falishpur,West Bengal,28,Purba Bardhaman,335,Kalna,,23.4278,87.7677,3,falishpur
IN,India,India,713422,Bijur,West Bengal,28,Purba Bardhaman,335,Memari,,23.4278,87.7677,3,bijur
IN,India,India,713422,Jhikra,West Bengal,28,Purba Bardhaman,335,Kalna,,23.4278,87.7677,4,jhikra
IN,India,India,713422,Satgachia,West Bengal,28,Purba Bardhaman,335,NA,,23.2719,88.1269,4,satgachia
IN,India,India,713422,Piplon,West Bengal,28,Purba Bardhaman,335,Manteswar,,23.3554,88.1433,4,piplon
IN,India,India,713422,Bhagra,West Bengal,28,Purba Bardhaman,335,Manteswar,,23.3609,88.1377,4,bhagra
IN,India,India,713422,Kusumgram,West Bengal,28,Purba Bardhaman,335,Manteswar,,23.4278,87.7677,3,kusumgram
IN,India,India,713423,Bowai,West Bengal,28,Purba Bardhaman,335,Khandaghosh,,23.4278,87.7677,3,bowai
IN,India,India,713423,Koyar,West Bengal,28,Purba Bardhaman,335,Khandaghosh,,23.4278,87.7677,3,koyar
IN,India,India,713423,Keunta,West Bengal,28,Purba Bardhaman,335,Madhabdihi,,23.4278,87.7677,3,keunta
IN,India,India,713423,Kaiti,West Bengal,28,Purba Bardhaman,335,Burdwan,,23.4278,87.7677,3,kaiti
IN,India,India,713423,Saranga,West Bengal,28,Purba Bardhaman,335,Khandaghosh,,23.4278,87.7677,4,saranga
IN,India,India,713423,Konakrishnapur,West Bengal,28,Purba Bardhaman,335,Raina,,23.4278,87.7677,3,konakrishnapur
IN,India,India,713423,Guir,West Bengal,28,Purba Bardhaman,335,Khandaghosh,,23.4278,87.7677,3,guir
IN,India,India,713423,Torkona,West Bengal,28,Purba Bardhaman,335,Khandaghosh,,23.4278,87.7677,3,torkona
IN,India,India,713423,Chotobainan,West Bengal,28,Purba Bardhaman,335,Madhabdihi,,23.4278,87.7677,3,chotobainan
IN,India,India,713423,Chagram,West Bengal,28,Purba Bardhaman,335,Khandaghosh,,23.4278,87.7677,3,chagram
IN,India,India,713423,Bujrukhdighi,West Bengal,28,Purba Bardhaman,335,Raina,,23.4278,87.7677,3,bujrukhdighi
IN,India,India,713423,Keshabpur,West Bengal,28,Purba Bardhaman,335,Madhabdihi,,23.4278,87.7677,4,keshabpur
IN,India,India,713423,Amila,West Bengal,28,Purba Bardhaman,335,Khandaghosh,,23.4278,87.7677,3,amila
IN,India,India,713423,Sehara,West Bengal,28,Purba Bardhaman,335,NA,,23.1012,87.8057,4,sehara
IN,India,India,713424,Shyamsundar,West Bengal,28,Purba Bardhaman,335,NA,,23.018,87.8758,3,shyamsundar
IN,India,India,713424,Madhabdihi,West Bengal,28,Purba Bardhaman,335,Madhabdihi,,23.018,87.8758,4,madhabdihi
IN,India,India,713424,Sahajpur Hattala,West Bengal,28,Purba Bardhaman,335,Raina - I,,23.018,87.8758,3,sahajpur-hattala
IN,India,India,713424,Madanagar,West Bengal,28,Purba Bardhaman,335,Raina - I,,23.018,87.8758,3,madanagar
IN,India,India,713424,Nole,West Bengal,28,Purba Bardhaman,335,Madhabdihi,,23.018,87.8758,3,nole
IN,India,India,713424,Rambati,West Bengal,28,Purba Bardhaman,335,Raina,,23.018,87.8758,3,rambati
IN,India,India,713424,Sagrai,West Bengal,28,Purba Bardhaman,335,Raina,,23.018,87.8758,3,sagrai
IN,India,India,713424,Jubila,West Bengal,28,Purba Bardhaman,335,Raina,,23.018,87.8758,3,jubila
IN,India,India,713424,Meral,West Bengal,28,Purba Bardhaman,335,Madhabdihi,,23.018,87.8758,3,meral
IN,India,India,713424,Narugram,West Bengal,28,Purba Bardhaman,335,Raina,,23.018,87.8758,3,narugram
IN,India,India,713424,Palashan,West Bengal,28,Purba Bardhaman,335,Raina,,23.018,87.8758,3,palashan
IN,India,India,713424,Shyamdasbati,West Bengal,28,Purba Bardhaman,335,Raina,,23.018,87.8758,3,shyamdasbati
IN,India,India,713424,Teandul,West Bengal,28,Purba Bardhaman,335,Raina,,23.018,87.8758,3,teandul
IN,India,India,713424,Burar,West Bengal,28,Purba Bardhaman,335,Raina,,23.018,87.8758,3,burar
IN,India,India,713424,Telua,West Bengal,28,Purba Bardhaman,335,Raina,,23.018,87.8758,3,telua
IN,India,India,713424,Golgram,West Bengal,28,Purba Bardhaman,335,Raina - I,,23.018,87.8758,3,golgram
IN,India,India,713424,Sankari,West Bengal,28,Purba Bardhaman,335,Raina,,23.018,87.8758,3,sankari
IN,India,India,713424,Huria,West Bengal,28,Purba Bardhaman,335,Raina,,23.018,87.8758,3,huria
IN,India,India,713426,Bhandardihi,West Bengal,28,Purba Bardhaman,335,Burwan Sadar,,23.4278,87.7677,3,bhandardihi
IN,India,India,713426,Ramchandrapur,West Bengal,28,Purba Bardhaman,335,Burwan Sadar,,23.4278,87.7677,4,ramchandrapur
IN,India,India,713426,Faridpur,West Bengal,28,Purba Bardhaman,335,Burwan Sadar,,23.4278,87.7677,4,faridpur
IN,India,India,713426,Malamba,West Bengal,28,Purba Bardhaman,335,Memari,,23.4278,87.7677,3,malamba
IN,India,India,713426,Gopalbera,West Bengal,28,Purba Bardhaman,335,Burdwan,,23.4278,87.7677,3,gopalbera
IN,India,India,713426,Barapalashan,West Bengal,28,Purba Bardhaman,335,Memari,,23.4278,87.7677,3,barapalashan
IN,India,India,713426,Kamarkita,West Bengal,28,Purba Bardhaman,335,Burwan Sadar,,23.4278,87.7677,3,kamarkita
IN,India,India,713426,Kasthakurumba,West Bengal,28,Purba Bardhaman,335,Burwan Sadar,,23.4278,87.7677,3,kasthakurumba
IN,India,India,713426,Samanti,West Bengal,28,Purba Bardhaman,335,Burwan Sadar,,23.4278,87.7677,3,samanti
IN,India,India,713426,Susunia,West Bengal,28,Purba Bardhaman,335,Monteswar,,23.4278,87.7677,3,susunia
IN,India,India,713426,Mandalgram,West Bengal,28,Purba Bardhaman,335,NA,,23.4278,87.7677,3,mandalgram
IN,India,India,713426,Untia,West Bengal,28,Purba Bardhaman,335,Memari - II,,23.4278,87.7677,3,untia
IN,India,India,713427,Sherpur,West Bengal,28,Purba Bardhaman,335,Madhabdihi,,23.4278,87.7677,3,sherpur
IN,India,India,713427,Kumarganj,West Bengal,28,Purba Bardhaman,335,Goghat,,23.4278,87.7677,3,kumarganj
IN,India,India,713427,Bajekumarpur,West Bengal,28,Purba Bardhaman,335,Madhabdihi,,23.4278,87.7677,3,bajekumarpur
IN,India,India,713427,Belar Bhurkunda,West Bengal,28,Purba Bardhaman,335,Madhabdihi,,23.4278,87.7677,3,belar-bhurkunda
IN,India,India,713427,Eklakshi,West Bengal,28,Purba Bardhaman,335,Khandaghosh,,23.4278,87.7677,3,eklakshi
IN,India,India,713427,Kendur,West Bengal,28,Purba Bardhaman,335,Khandaghosh,,23.4278,87.7677,3,kendur
IN,India,India,713427,Pahalanpur,West Bengal,28,Purba Bardhaman,335,Madhabdihi,,23.4278,87.7677,3,pahalanpur
IN,India,India,713427,Painta,West Bengal,28,Purba Bardhaman,335,Madhabdihi,,23.4278,87.7677,4,painta
IN,India,India,713427,Uchalan,West Bengal,28,Purba Bardhaman,335,NA,,23.0359,87.7749,4,uchalan
IN,India,India,713427,Gopalbera,West Bengal,28,Purba Bardhaman,335,Khandaghosh,,23.4278,87.7677,3,gopalbera
IN,India,India,713428,Adrahati,West Bengal,28,Purba Bardhaman,335,Galsi - II,,23.4278,87.7677,3,adrahati
IN,India,India,713428,Mohara,West Bengal,28,Purba Bardhaman,335,Galsi,,23.4278,87.7677,3,mohara
IN,India,India,713428,Purangaon,West Bengal,28,Purba Bardhaman,335,Galsi - I,,23.4278,87.7677,3,purangaon
IN,India,India,713428,Serorai,West Bengal,28,Purba Bardhaman,335,Galsi,,23.4278,87.7677,3,serorai
IN,India,India,713428,Bakta,West Bengal,28,Purba Bardhaman,335,Galsi - II,,23.4278,87.7677,3,bakta
IN,India,India,713428,Bekta,West Bengal,28,Purba Bardhaman,335,Galsi,,23.4278,87.7677,3,bekta
IN,India,India,713428,Belan,West Bengal,28,Purba Bardhaman,335,Galsi - II,,23.4278,87.7677,4,belan
IN,India,India,713428,Gohagram,West Bengal,28,Purba Bardhaman,335,Galsi,,23.4278,87.7677,3,gohagram
IN,India,India,713428,Irkona,West Bengal,28,Purba Bardhaman,335,Galsi,,23.4278,87.7677,3,irkona
IN,India,India,713428,Masidpur,West Bengal,28,Purba Bardhaman,335,Galsi,,23.4278,87.7677,3,masidpur
IN,India,India,713428,Mollasarul,West Bengal,28,Purba Bardhaman,335,Galsi,,23.4278,87.7677,3,mollasarul
IN,India,India,713502,Karajgram,West Bengal,28,Purba Bardhaman,335,Katwa - I,,23.4278,87.7677,3,karajgram
IN,India,India,713502,Deasin,West Bengal,28,Purba Bardhaman,335,Katwa,,23.4278,87.7677,3,deasin
IN,India,India,713502,Ankhra,West Bengal,28,Purba Bardhaman,335,Katwa,,23.4278,87.7677,3,ankhra
IN,India,India,713502,Musthuli,West Bengal,28,Purba Bardhaman,335,Katwa,,23.4278,87.7677,3,musthuli
IN,India,India,713502,Bhagyabantapur,West Bengal,28,Purba Bardhaman,335,Katwa,,23.4278,87.7677,3,bhagyabantapur
IN,India,India,713502,Chanduli,West Bengal,28,Purba Bardhaman,335,Katwa,,23.4278,87.7677,3,chanduli
IN,India,India,713502,Kalikapur,West Bengal,28,Purba Bardhaman,335,Katwa,,23.4278,87.7677,4,kalikapur
IN,India,India,713502,Panuhat,West Bengal,28,Purba Bardhaman,335,Dainhat,,23.4278,87.7677,3,panuhat
IN,India,India,713502,Ballavpara,West Bengal,28,Purba Bardhaman,335,Katwa,,23.4278,87.7677,3,ballavpara
IN,India,India,713502,Agradwip R.S.,West Bengal,28,Purba Bardhaman,335,Katwa - II,,23.4278,87.7677,3,agradwip-r-s
IN,India,India,713502,Bera,West Bengal,28,Purba Bardhaman,335,Katwa - I,,23.4278,87.7677,3,bera
IN,India,India,713502,Islampur,West Bengal,28,Purba Bardhaman,335,Katwa,,23.4278,87.7677,4,islampur
IN,India,India,713502,Dainhat,West Bengal,28,Purba Bardhaman,335,NA,,23.6052,88.1717,4,dainhat
IN,India,India,713512,Agradwip,West Bengal,28,Purba Bardhaman,335,Katwa,,23.5962,88.2551,4,agradwip
IN,India,India,713512,Tamaghata,West Bengal,28,Purba Bardhaman,335,Purbasthali,,23.4278,87.7677,3,tamaghata
IN,India,India,713512,Patuli Station Bazar,West Bengal,28,Purba Bardhaman,335,Purbasthali,,23.4278,87.7677,3,patuli-station-bazar
IN,India,India,713512,Jhaudanga,West Bengal,28,Purba Bardhaman,335,Purbasthali - II,,23.4278,87.7677,4,jhaudanga
IN,India,India,713512,Narayanapur (Bardhaman),West Bengal,28,Purba Bardhaman,335,NA,,23.4278,87.7677,3,narayanapur-bardhaman
IN,India,India,713512,Ukhra Sarangpur,West Bengal,28,Purba Bardhaman,335,Purbasthali,,23.4278,87.7677,3,ukhra-sarangpur
IN,India,India,713512,Chhatni,West Bengal,28,Purba Bardhaman,335,Purbasthali,,23.4278,87.7677,3,chhatni
IN,India,India,713512,Hapania,West Bengal,28,Purba Bardhaman,335,Purbasthali,,23.4278,87.7677,3,hapania
IN,India,India,713512,Belerhat,West Bengal,28,Purba Bardhaman,335,Kalna,,23.4278,87.7677,3,belerhat
IN,India,India,713512,Patuli,West Bengal,28,Purba Bardhaman,335,NA,,23.5529,88.2647,4,patuli
IN,India,India,713512,Majida,West Bengal,28,Purba Bardhaman,335,Purbasthali - II,,23.5315,88.3224,4,majida
IN,India,India,713512,Lakshmipur,West Bengal,28,Purba Bardhaman,335,Purbasthali - I,,23.5134,88.3361,4,lakshmipur
IN,India,India,713513,Jahannagar,West Bengal,28,Purba Bardhaman,335,Purbasthali,,23.4278,87.7677,3,jahannagar
IN,India,India,713513,Parulia,West Bengal,28,Purba Bardhaman,335,Purbasthali,,23.4278,87.7677,4,parulia
IN,India,India,713513,Raidogachi,West Bengal,28,Purba Bardhaman,335,Purbasthali,,23.4278,87.7677,3,raidogachi
IN,India,India,713513,Mukshimpara,West Bengal,28,Purba Bardhaman,335,Purbasthali,,23.4278,87.7677,3,mukshimpara
IN,India,India,713513,Moail,West Bengal,28,Purba Bardhaman,335,Purbasthali,,23.4278,87.7677,3,moail
IN,India,India,713513,Minapur,West Bengal,28,Purba Bardhaman,335,Purbasthali,,23.4278,87.7677,3,minapur
IN,India,India,713513,Mertala,West Bengal,28,Purba Bardhaman,335,Purbasthali,,23.4278,87.7677,3,mertala
IN,India,India,713513,Kasthashali,West Bengal,28,Purba Bardhaman,335,Purbasthali,,23.4278,87.7677,3,kasthashali
IN,India,India,713513,Haldinawapara,West Bengal,28,Purba Bardhaman,335,Purbasthali,,23.4278,87.7677,3,haldinawapara
IN,India,India,713513,Chupi,West Bengal,28,Purba Bardhaman,335,Purbasthali,,23.4278,87.7677,3,chupi
IN,India,India,713513,Chakbamongaria,West Bengal,28,Purba Bardhaman,335,Purbasthali,,23.4278,87.7677,3,chakbamongaria
IN,India,India,713513,Biswarambha,West Bengal,28,Purba Bardhaman,335,Purbasthali,,23.4278,87.7677,3,biswarambha
IN,India,India,713513,Sutra,West Bengal,28,Purba Bardhaman,335,Purbasthali,,23.4278,87.7677,3,sutra
IN,India,India,713514,Sribati,West Bengal,28,Purba Bardhaman,335,Katwa,,23.3759,88.2985,1,sribati
IN,India,India,713514,Okarsa,West Bengal,28,Purba Bardhaman,335,Katwa,,23.3759,88.2985,1,okarsa
IN,India,India,713514,Kurchi,West Bengal,28,Purba Bardhaman,335,Katwa,,23.3759,88.2985,1,kurchi
IN,India,India,713514,Amul,West Bengal,28,Purba Bardhaman,335,Katwa,,23.3759,88.2985,1,amul
IN,India,India,713514,Multikrishnanagar,West Bengal,28,Purba Bardhaman,335,Katwa,,23.3759,88.2985,1,multikrishnanagar
IN,India,India,713514,Gourdanga,West Bengal,28,Purba Bardhaman,335,Katwa,,23.3759,88.2985,1,gourdanga
IN,India,India,713515,Nowpara,West Bengal,28,Purba Bardhaman,335,Nadanghat,,23.3759,88.2985,1,nowpara
IN,India,India,713515,Akabpur,West Bengal,28,Purba Bardhaman,335,Nadanghat,,23.3759,88.2985,1,akabpur
IN,India,India,713515,Dirghapara,West Bengal,28,Purba Bardhaman,335,Nadanghat,,23.3759,88.2985,1,dirghapara
IN,India,India,713515,Nadanghat,West Bengal,28,Purba Bardhaman,335,NA,,23.3759,88.2985,1,nadanghat
IN,India,India,713519,Raipur,West Bengal,28,Purba Bardhaman,335,Kalna,,23.4278,87.7677,4,raipur
IN,India,India,713519,Nasaratpur,West Bengal,28,Purba Bardhaman,335,Kalna,,23.4278,87.7677,3,nasaratpur
IN,India,India,713519,Charmaniknagar,West Bengal,28,Purba Bardhaman,335,Kalna,,23.4278,87.7677,3,charmaniknagar
IN,India,India,713519,Mulgram,West Bengal,28,Purba Bardhaman,335,Katwa,,23.4278,87.7677,3,mulgram
IN,India,India,713519,Kutirpara,West Bengal,28,Purba Bardhaman,335,Kalna,,23.4278,87.7677,3,kutirpara
IN,India,India,713519,Kowerpur,West Bengal,28,Purba Bardhaman,335,Bhatar,,23.4278,87.7677,3,kowerpur
IN,India,India,713519,Khatundi,West Bengal,28,Purba Bardhaman,335,Ketugram - I,,23.4278,87.7677,3,khatundi
IN,India,India,713519,Chakshanjandi,West Bengal,28,Purba Bardhaman,335,Memari,,23.4278,87.7677,3,chakshanjandi
IN,India,India,713519,Dupsa,West Bengal,28,Purba Bardhaman,335,Kalna,,23.4278,87.7677,3,dupsa
IN,India,India,713519,Samudragarh,West Bengal,28,Purba Bardhaman,335,Samudragrah,,23.4278,87.7677,3,samudragarh
IN,India,India,713520,Nityanandapur,West Bengal,28,Purba Bardhaman,335,Bhatar,,23.4278,87.7677,1,nityanandapur
IN,India,India,713520,Dhenria,West Bengal,28,Purba Bardhaman,335,Bhatar,,23.4278,87.7677,1,dhenria
IN,India,India,713520,Balgona Tulshidanga,West Bengal,28,Purba Bardhaman,335,Bhatar,,23.4278,87.7677,1,balgona-tulshidanga
IN,India,India,713520,Poshla,West Bengal,28,Purba Bardhaman,335,Bhatar,,23.4278,87.7677,1,poshla
IN,India,India,713520,Kalapahari,West Bengal,28,Purba Bardhaman,335,Bhatar,,23.4278,87.7677,1,kalapahari
IN,India,India,713520,Bhatakul,West Bengal,28,Purba Bardhaman,335,Bhater,,23.4278,87.7677,1,bhatakul
IN,India,India,713520,Bamsore,West Bengal,28,Purba Bardhaman,335,Bhatar,,23.4278,87.7677,1,bamsore
IN,India,India,741101,Nadia School Board,West Bengal,28,Nadia,336,Krishnanagar Municipality,,23.4827,88.5215,1,nadia-school-board
IN,India,India,741101,Roypara,West Bengal,28,Nadia,336,Krishnagar - I,,23.4827,88.5215,1,roypara
IN,India,India,741101,Natunbazar (Nadia),West Bengal,28,Nadia,336,Krishnagar - I,,23.4827,88.5215,1,natunbazar-nadia
IN,India,India,741101,Nagendranagar,West Bengal,28,Nadia,336,Krishnagar - I,,23.4827,88.5215,1,nagendranagar
IN,India,India,741101,Krishnanagar R.S.,West Bengal,28,Nadia,336,Krishnagar - I,,23.4827,88.5215,1,krishnanagar-r-s
IN,India,India,741101,Kathuriapara,West Bengal,28,Nadia,336,Krishnagar - I,,23.4827,88.5215,1,kathuriapara
IN,India,India,741101,Ukilpara,West Bengal,28,Nadia,336,Krishnagar - I,,23.4827,88.5215,1,ukilpara
IN,India,India,741101,Krishnanagar Court,West Bengal,28,Nadia,336,Krishnagar - I,,23.4827,88.5215,1,krishnanagar-court
IN,India,India,741101,Aminbazar,West Bengal,28,Nadia,336,Krishnagar - I,,23.4827,88.5215,1,aminbazar
IN,India,India,741101,Golapati,West Bengal,28,Nadia,336,Krishnagar - I,,23.4827,88.5215,1,golapati
IN,India,India,741101,Krishnanagar H.O,West Bengal,28,Nadia,336,Krishnagar - I,,23.4827,88.5215,1,krishnanagar-h-o
IN,India,India,741101,Bowbazar (Nadia),West Bengal,28,Nadia,336,Krishnagar - I,,23.4827,88.5215,1,bowbazar-nadia
IN,India,India,741101,Krishnanagar Road R.S.,West Bengal,28,Nadia,336,Krishnagar - I,,23.4827,88.5215,1,krishnanagar-road-r-s
IN,India,India,741102,Dogachhi,West Bengal,28,Nadia,336,Dogachhi,,23.4827,88.5215,1,dogachhi
IN,India,India,741102,Natunbazar,West Bengal,28,Nadia,336,Krishnanagar I,,23.4827,88.5215,1,natunbazar
IN,India,India,741102,Kalirhat,West Bengal,28,Nadia,336,Krishnagar,,23.4827,88.5215,1,kalirhat
IN,India,India,741102,Saktinagar,West Bengal,28,Nadia,336,Krishnanagar I,,23.4827,88.5215,1,saktinagar
IN,India,India,741102,Joypur,West Bengal,28,Nadia,336,Hanskhali,,23.4827,88.5215,1,joypur
IN,India,India,741102,Bhatjangla,West Bengal,28,Nadia,336,Krishnanagar I,,23.4827,88.5215,1,bhatjangla
IN,India,India,741102,Kalamari,West Bengal,28,Nadia,336,Hanskhali,,23.4827,88.5215,1,kalamari
IN,India,India,741102,Jalalkhali,West Bengal,28,Nadia,336,Krishnagar I,,23.4827,88.5215,1,jalalkhali
IN,India,India,741102,Jhitkipota,West Bengal,28,Nadia,336,Krishnanagar I,,23.4827,88.5215,1,jhitkipota
IN,India,India,741103,Maliapota,West Bengal,28,Nadia,336,Krishnagar-i,,23.4827,88.5215,3,maliapota
IN,India,India,741103,Sutia,West Bengal,28,Nadia,336,Chapra,,23.4827,88.5215,4,sutia
IN,India,India,741103,Radhanagar,West Bengal,28,Nadia,336,Krishnagar - I,,23.4827,88.5215,4,radhanagar
IN,India,India,741103,Putimari,West Bengal,28,Nadia,336,Tehatta,,23.4827,88.5215,3,putimari
IN,India,India,741103,Patharghata,West Bengal,28,Nadia,336,Tehatta I,,23.4827,88.5215,4,patharghata
IN,India,India,741103,Gobrapota,West Bengal,28,Nadia,336,Krishnanagar I,,23.4827,88.5215,3,gobrapota
IN,India,India,741103,Goaldaha,West Bengal,28,Nadia,336,Krishnagar - I,,23.4827,88.5215,3,goaldaha
IN,India,India,741103,Ghurni,West Bengal,28,Nadia,336,Krishnanagar Municipality,,23.4827,88.5215,3,ghurni
IN,India,India,741103,Dhopatta,West Bengal,28,Nadia,336,Tehatta I,,23.4827,88.5215,3,dhopatta
IN,India,India,741103,Char Sambhu Nagar,West Bengal,28,Nadia,336,Krishnagar - I,,23.4827,88.5215,3,char-sambhu-nagar
IN,India,India,741103,Bhanderkhola,West Bengal,28,Nadia,336,Krishnanagar I,,23.4827,88.5215,3,bhanderkhola
IN,India,India,741103,Berij,West Bengal,28,Nadia,336,Krishnanagar I,,23.4827,88.5215,3,berij
IN,India,India,741103,Taranipur,West Bengal,28,Nadia,336,Tehatta I,,23.4827,88.5215,4,taranipur
IN,India,India,741103,Nadia Bishnupur,West Bengal,28,Nadia,336,Krishnanagar I,,23.4827,88.5215,3,nadia-bishnupur
IN,India,India,741103,Sonda,West Bengal,28,Nadia,336,Krishnanagar I,,23.4827,88.5215,3,sonda
IN,India,India,741103,Jahangirpur,West Bengal,28,Nadia,336,Krishnanagar I,,23.4827,88.5215,3,jahangirpur
IN,India,India,741121,Badkulla,West Bengal,28,Nadia,336,Hanskhali,,23.299,88.5336,4,badkulla
IN,India,India,741121,Boalia,West Bengal,28,Nadia,336,Santipur,,23.4827,88.5215,4,boalia
IN,India,India,741121,Chandandaha,West Bengal,28,Nadia,336,Ranaghat-i,,23.4827,88.5215,3,chandandaha
IN,India,India,741121,Khamarshumulia,West Bengal,28,Nadia,336,Hanskhali,,23.4827,88.5215,3,khamarshumulia
IN,India,India,741121,Bapukinagar,West Bengal,28,Nadia,336,Hanskhali,,23.4827,88.5215,3,bapukinagar
IN,India,India,741121,Bhaduri,West Bengal,28,Nadia,336,NA,,23.4827,88.5215,3,bhaduri
IN,India,India,741121,Mamjaon,West Bengal,28,Nadia,336,Hanskhali,,23.4827,88.5215,3,mamjaon
IN,India,India,741121,Arbandi,West Bengal,28,Nadia,336,Hanskhali,,23.4827,88.5215,3,arbandi
IN,India,India,741121,Chandra,West Bengal,28,Nadia,336,Santipur,,23.4827,88.5215,4,chandra
IN,India,India,741122,Bansberia,West Bengal,28,Nadia,336,Karimpur I,,23.4827,88.5215,4,bansberia
IN,India,India,741122,Kachharia Para,West Bengal,28,Nadia,336,Karimpur I,,23.4827,88.5215,3,kachharia-para
IN,India,India,741122,Nadiasundalpur,West Bengal,28,Nadia,336,Karimpur I,,23.4827,88.5215,3,nadiasundalpur
IN,India,India,741122,Natna Patabuka,West Bengal,28,Nadia,336,Tehatta,,23.4827,88.5215,3,natna-patabuka
IN,India,India,741122,Joyrampur,West Bengal,28,Nadia,336,Karimpur I,,23.4827,88.5215,4,joyrampur
IN,India,India,741122,Hogal Beria,West Bengal,28,Nadia,336,Karimpur I,,23.4827,88.5215,3,hogal-beria
IN,India,India,741122,Gopalpur Ghat,West Bengal,28,Nadia,336,Karimpur I,,23.4827,88.5215,3,gopalpur-ghat
IN,India,India,741122,Bagchi Jamsherpur,West Bengal,28,Nadia,336,Karimpur I,,23.4827,88.5215,3,bagchi-jamsherpur
IN,India,India,741122,Arabpur,West Bengal,28,Nadia,336,Karimpur I,,23.4827,88.5215,3,arabpur
IN,India,India,741123,Bagberia,West Bengal,28,Nadia,336,Chapra,,23.4827,88.5215,3,bagberia
IN,India,India,741123,Bangaljhi,West Bengal,28,Nadia,336,Chapra,,23.4827,88.5215,3,bangaljhi
IN,India,India,741123,Kalyandaha,West Bengal,28,Nadia,336,Chapra,,23.4827,88.5215,3,kalyandaha
IN,India,India,741123,Pipragachhi,West Bengal,28,Nadia,336,Chapra,,23.4827,88.5215,3,pipragachhi
IN,India,India,741123,Talukhuda,West Bengal,28,Nadia,336,Chapra,,23.4827,88.5215,3,talukhuda
IN,India,India,741123,Hridaypur,West Bengal,28,Nadia,336,Chapra,,23.4827,88.5215,4,hridaypur
IN,India,India,741123,Mahakhola,West Bengal,28,Nadia,336,Chapra,,23.4827,88.5215,3,mahakhola
IN,India,India,741123,Ranabanda,West Bengal,28,Nadia,336,Chapra,,23.4827,88.5215,3,ranabanda
IN,India,India,741123,Padmamala,West Bengal,28,Nadia,336,Chapra,,23.4827,88.5215,3,padmamala
IN,India,India,741123,Dompukuria,West Bengal,28,Nadia,336,Chapra,,23.4827,88.5215,3,dompukuria
IN,India,India,741123,Dakshin Bahirgachhi,West Bengal,28,Nadia,336,Chapra,,23.4827,88.5215,3,dakshin-bahirgachhi
IN,India,India,741123,Charuitipi,West Bengal,28,Nadia,336,Chapra,,23.4827,88.5215,3,charuitipi
IN,India,India,741123,Charatala,West Bengal,28,Nadia,336,Chapra,,23.4827,88.5215,3,charatala
IN,India,India,741123,Lakshmipur,West Bengal,28,Nadia,336,Chapra,,23.4827,88.5215,3,lakshmipur
IN,India,India,741124,Matchpota,West Bengal,28,Nadia,336,Nakashipara,,23.4827,88.5215,3,matchpota
IN,India,India,741124,Hatisala,West Bengal,28,Nadia,336,Chapra,,23.4827,88.5215,4,hatisala
IN,India,India,741124,Bara Andulia,West Bengal,28,Nadia,336,Nakashipara,,23.4827,88.5215,3,bara-andulia
IN,India,India,741124,Chhoto Andulia,West Bengal,28,Nadia,336,Chapra,,23.4827,88.5215,3,chhoto-andulia
IN,India,India,741124,Petuabhanga,West Bengal,28,Nadia,336,Tehatta,,23.4827,88.5215,3,petuabhanga
IN,India,India,741124,Teghari,West Bengal,28,Nadia,336,NA,,23.4827,88.5215,3,teghari
IN,India,India,741124,Baniakhari,West Bengal,28,Nadia,336,Tehatta,,23.4827,88.5215,3,baniakhari
IN,India,India,741124,Shibpur,West Bengal,28,Nadia,336,Chapra,,23.4827,88.5215,4,shibpur
IN,India,India,741125,Anandanagar,West Bengal,28,Nadia,336,Krishnagar - II,,23.4827,88.5215,4,anandanagar
IN,India,India,741125,Tatla,West Bengal,28,Nadia,336,Krishnanagar Ii,,23.4827,88.5215,3,tatla
IN,India,India,741125,Mayakole,West Bengal,28,Nadia,336,Krishnanagar Ii,,23.4827,88.5215,3,mayakole
IN,India,India,741125,Shondanga,West Bengal,28,Nadia,336,Krishnanagar Ii,,23.4827,88.5215,3,shondanga
IN,India,India,741125,Rajapur,West Bengal,28,Nadia,336,Krishnanagar Ii,,23.4827,88.5215,4,rajapur
IN,India,India,741125,Bahadurpur,West Bengal,28,Nadia,336,Dhubulia,,23.4827,88.5215,4,bahadurpur
IN,India,India,741125,Belpukur,West Bengal,28,Nadia,336,Krishnanagar Ii,,23.4827,88.5215,4,belpukur
IN,India,India,741126,Bethuadahari,West Bengal,28,Nadia,336,Nakashipara,,23.4827,88.5215,3,bethuadahari
IN,India,India,741126,Bandbelgaon,West Bengal,28,Nadia,336,Nakashipara,,23.4827,88.5215,3,bandbelgaon
IN,India,India,741126,Sonadanga,West Bengal,28,Nadia,336,Nakashipara,,23.4827,88.5215,3,sonadanga
IN,India,India,741126,Birpur,West Bengal,28,Nadia,336,Nakashipara,,23.4827,88.5215,4,birpur
IN,India,India,741126,Arpara,West Bengal,28,Nadia,336,Debagram,,23.4827,88.5215,3,arpara
IN,India,India,741126,Bholadanga,West Bengal,28,Nadia,336,Nakashipara,,23.4827,88.5215,3,bholadanga
IN,India,India,741126,Harinarayanpur,West Bengal,28,Nadia,336,Nakashipara,,23.4827,88.5215,4,harinarayanpur
IN,India,India,741126,Chinchuria,West Bengal,28,Nadia,336,Nakashipara,,23.4827,88.5215,3,chinchuria
IN,India,India,741126,Khidirpur Bethuadahari,West Bengal,28,Nadia,336,Nakashipara,,23.4827,88.5215,3,khidirpur-bethuadahari
IN,India,India,741126,Malumgachha,West Bengal,28,Nadia,336,Nakashipara,,23.4827,88.5215,3,malumgachha
IN,India,India,741126,Nakashipara,West Bengal,28,Nadia,336,Nakashipara,,23.4827,88.5215,3,nakashipara
IN,India,India,741126,Taibichara,West Bengal,28,Nadia,336,Nakashipara,,23.4827,88.5215,3,taibichara
IN,India,India,741126,Radhanagar Colony,West Bengal,28,Nadia,336,Nakashipara,,23.4827,88.5215,3,radhanagar-colony
IN,India,India,741126,Patikabari,West Bengal,28,Nadia,336,Bethuadahari,,23.4827,88.5215,3,patikabari
IN,India,India,741126,Jugpur Colony,West Bengal,28,Nadia,336,Nakashipara,,23.4827,88.5215,3,jugpur-colony
IN,India,India,741126,Gotepara,West Bengal,28,Nadia,336,Nakashipara,,23.4827,88.5215,3,gotepara
IN,India,India,741126,Dhananjoypur,West Bengal,28,Nadia,336,Nakashipara,,23.4827,88.5215,3,dhananjoypur
IN,India,India,741126,Bikrampur,West Bengal,28,Nadia,336,Nakashipara,,23.4827,88.5215,3,bikrampur
IN,India,India,741126,Uttar Bahirgachhi,West Bengal,28,Nadia,336,Nakashipara,,23.4827,88.5215,3,uttar-bahirgachhi
IN,India,India,741127,Byaspur,West Bengal,28,Nadia,336,Ranaghat-i,,23.4827,88.5215,3,byaspur
IN,India,India,741127,Birnagar,West Bengal,28,Nadia,336,Ranaghat - I,,23.4827,88.5215,4,birnagar
IN,India,India,741137,Haranagar,West Bengal,28,Nadia,336,Nakashipara,,23.4827,88.5215,3,haranagar
IN,India,India,741137,Palit Behgia,West Bengal,28,Nadia,336,Kalligang,,23.4827,88.5215,3,palit-behgia
IN,India,India,741137,Majhergram,West Bengal,28,Nadia,336,Nakashipara,,23.4827,88.5215,3,majhergram
IN,India,India,741137,Bara Atagi,West Bengal,28,Nadia,336,Kaliganj,,23.4827,88.5215,3,bara-atagi
IN,India,India,741137,Senpur,West Bengal,28,Nadia,336,Nakashipara,,23.4827,88.5215,3,senpur
IN,India,India,741137,Bilkumari,West Bengal,28,Nadia,336,Kaliganj,,23.4827,88.5215,3,bilkumari
IN,India,India,741137,Arbetai,West Bengal,28,Nadia,336,Nakashipara,,23.4827,88.5215,3,arbetai
IN,India,India,741137,Ashachia,West Bengal,28,Nadia,336,Kaliganj,,23.4827,88.5215,3,ashachia
IN,India,India,741137,Madandanga,West Bengal,28,Nadia,336,Nakashipara,,23.4827,88.5215,3,madandanga
IN,India,India,741137,Akandaberia,West Bengal,28,Nadia,336,Kaliganj,,23.4827,88.5215,3,akandaberia
IN,India,India,741137,Dingel,West Bengal,28,Nadia,336,Debagram,,23.4827,88.5215,3,dingel
IN,India,India,741137,Dhubinagadi,West Bengal,28,Nadia,336,Debagram,,23.4827,88.5215,3,dhubinagadi
IN,India,India,741137,Ghoraikhetra,West Bengal,28,Nadia,336,Kaliganj,,23.4827,88.5215,3,ghoraikhetra
IN,India,India,741137,Debagram,West Bengal,28,Nadia,336,Kaliganj,,23.6883,88.3008,4,debagram
IN,India,India,741137,Akanda Danga,West Bengal,28,Nadia,336,Nakashipara,,23.4827,88.5215,3,akanda-danga
IN,India,India,741137,Kamari,West Bengal,28,Nadia,336,Kaliganj,,23.4827,88.5215,3,kamari
IN,India,India,741137,Mahurapur,West Bengal,28,Nadia,336,Kaliganj,,23.4827,88.5215,4,mahurapur
IN,India,India,741137,Sapjola,West Bengal,28,Nadia,336,Debagram,,23.4827,88.5215,3,sapjola
IN,India,India,741138,Kandoa,West Bengal,28,Nadia,336,Nakashipara,,23.4827,88.5215,3,kandoa
IN,India,India,741138,Tentulberia,West Bengal,28,Nadia,336,Nakashipara,,23.4827,88.5215,4,tentulberia
IN,India,India,741138,Billwagram,West Bengal,28,Nadia,336,Nakashipara,,23.4827,88.5215,3,billwagram
IN,India,India,741138,Dharmada,West Bengal,28,Nadia,336,Nakashipara,,23.4827,88.5215,3,dharmada
IN,India,India,741139,Dhubulia,West Bengal,28,Nadia,336,NA,,23.4827,88.5215,1,dhubulia
IN,India,India,741140,Nowpara,West Bengal,28,Nadia,336,Krishnanagar Ii,,23.4827,88.5215,1,nowpara
IN,India,India,741140,Dalimoula,West Bengal,28,Nadia,336,Krishnangar Ii,,23.4827,88.5215,1,dalimoula
IN,India,India,741140,Rupdaha,West Bengal,28,Nadia,336,Krishnanagar Ii,,23.4827,88.5215,1,rupdaha
IN,India,India,741140,Panditpur,West Bengal,28,Nadia,336,Krishnanagar Ii,,23.4827,88.5215,1,panditpur
IN,India,India,741140,Dhubulia T B Hospital,West Bengal,28,Nadia,336,Krishnagar - II,,23.4827,88.5215,1,dhubulia-t-b-hospital
IN,India,India,741150,Juranpur,West Bengal,28,Nadia,336,Debagram,,23.7269,88.2314,3,juranpur
IN,India,India,741150,Manikdihi,West Bengal,28,Nadia,336,Kaliganj,,23.7269,88.2314,3,manikdihi
IN,India,India,741150,Basarkhola,West Bengal,28,Nadia,336,Kaliganj,,23.7269,88.2314,3,basarkhola
IN,India,India,741150,Kaliganj,West Bengal,28,Nadia,336,Kaliganj,,23.7269,88.2314,4,kaliganj
IN,India,India,741150,Bara Kul Beria,West Bengal,28,Nadia,336,Kaliganj,,23.7269,88.2314,3,bara-kul-beria
IN,India,India,741151,Itaberia,West Bengal,28,Nadia,336,Hanskhali,,23.6994,88.1823,1,itaberia
IN,India,India,741151,Chitrasali,West Bengal,28,Nadia,336,Hanskhali,,23.6994,88.1823,1,chitrasali
IN,India,India,741151,Chapri,West Bengal,28,Nadia,336,Hanskhali,,23.6994,88.1823,1,chapri
IN,India,India,741151,Dhakshinpara,West Bengal,28,Nadia,336,Hanskhali,,23.6994,88.1823,1,dhakshinpara
IN,India,India,741152,Natiadanga,West Bengal,28,Nadia,336,Karimpur Ii,,23.6783,88.1909,3,natiadanga
IN,India,India,741152,Karimpur,West Bengal,28,Nadia,336,Karimpur I,,23.9759,88.6192,4,karimpur
IN,India,India,741152,Bajitpur,West Bengal,28,Nadia,336,Karimpur I,,23.4827,88.5215,4,bajitpur
IN,India,India,741152,Khanpur,West Bengal,28,Nadia,336,Karimpur Ii,,23.4827,88.5215,4,khanpur
IN,India,India,741152,Dighalkandi,West Bengal,28,Nadia,336,Karimpur Ii,,23.6783,88.1909,3,dighalkandi
IN,India,India,741152,Dhoradaha,West Bengal,28,Nadia,336,Karimpur I,,23.6783,88.1909,3,dhoradaha
IN,India,India,741152,Baliadanga,West Bengal,28,Nadia,336,Karimpur Ii,,23.6783,88.1909,3,baliadanga
IN,India,India,741152,Charmuktarpur,West Bengal,28,Nadia,336,Karimpur Ii,,23.6783,88.1909,3,charmuktarpur
IN,India,India,741152,Pipulberia,West Bengal,28,Nadia,336,Karimpur I,,23.6783,88.1909,3,pipulberia
IN,India,India,741152,Pashim Dogachi,West Bengal,28,Nadia,336,Karimpur Ii,,23.6783,88.1909,3,pashim-dogachi
IN,India,India,741152,Senpara,West Bengal,28,Nadia,336,Chapra,,23.6783,88.1909,3,senpara
IN,India,India,741152,Thanarpara,West Bengal,28,Nadia,336,Karimpur Ii,,23.6783,88.1909,3,thanarpara
IN,India,India,741153,Baliadanga Faridpur,West Bengal,28,Nadia,336,Kaliganj,,23.4827,88.5215,3,baliadanga-faridpur
IN,India,India,741153,Matiari,West Bengal,28,Nadia,336,Kaliganj,,23.4827,88.5215,4,matiari
IN,India,India,741153,Charchua Danga,West Bengal,28,Nadia,336,Kaliganj,,23.4827,88.5215,3,charchua-danga
IN,India,India,741154,Saligram,West Bengal,28,Nadia,336,Nakashipara,,23.4827,88.5215,3,saligram
IN,India,India,741154,Digha,West Bengal,28,Nadia,336,Nakashipara,,23.4827,88.5215,4,digha
IN,India,India,741154,Rukunpur,West Bengal,28,Nadia,336,Dhubulia,,23.4827,88.5215,4,rukunpur
IN,India,India,741154,Suksagar,West Bengal,28,Nadia,336,Nakashipara,,23.4827,88.5215,3,suksagar
IN,India,India,741154,Kamarhati,West Bengal,28,Nadia,336,Krishnanagar Ii,,23.4827,88.5215,4,kamarhati
IN,India,India,741154,Bahirgachhi,West Bengal,28,Nadia,336,Nakashipara,,23.4827,88.5215,3,bahirgachhi
IN,India,India,741154,Gachha,West Bengal,28,Nadia,336,Nakashipara,,23.4827,88.5215,3,gachha
IN,India,India,741154,Ghateswar,West Bengal,28,Nadia,336,Dhubulia,,23.4827,88.5215,4,ghateswar
IN,India,India,741154,Muragachha,West Bengal,28,Nadia,336,Nakashipara,,23.5363,88.3942,4,muragachha
IN,India,India,741155,Bhawanipur,West Bengal,28,Nadia,336,Tehatta,,23.4827,88.5215,4,bhawanipur
IN,India,India,741155,Binod Nagar,West Bengal,28,Nadia,336,Tehatta I,,23.4827,88.5215,3,binod-nagar
IN,India,India,741155,Shyamnagar,West Bengal,28,Nadia,336,Tehatta I,,23.4827,88.5215,4,shyamnagar
IN,India,India,741155,Bakshipur,West Bengal,28,Nadia,336,Tehatta I,,23.4827,88.5215,3,bakshipur
IN,India,India,741155,Palashipara,West Bengal,28,Nadia,336,Tehatta Ii,,23.4827,88.5215,3,palashipara
IN,India,India,741155,Gopinathpur,West Bengal,28,Nadia,336,Tehatta Ii,,23.4827,88.5215,4,gopinathpur
IN,India,India,741155,Baur,West Bengal,28,Nadia,336,Tehatta Ii,,23.4827,88.5215,3,baur
IN,India,India,741156,Palsunda,West Bengal,28,Nadia,336,Palashipara,,23.4827,88.5215,4,palsunda
IN,India,India,741156,Sahebnagar,West Bengal,28,Nadia,336,Debagram,,23.4827,88.5215,4,sahebnagar
IN,India,India,741156,Bali,West Bengal,28,Nadia,336,Nowda (murshidabad),,23.4827,88.5215,4,bali
IN,India,India,741156,Plassey,West Bengal,28,Nadia,336,Kaliganj,,23.7801,88.247,4,plassey
IN,India,India,741156,Barachand Ghar,West Bengal,28,Nadia,336,Kaliganj,,23.692,88.1886,3,barachand-ghar
IN,India,India,741156,Panchdara Abhaynagar,West Bengal,28,Nadia,336,Debagram,,23.692,88.1886,3,panchdara-abhaynagar
IN,India,India,741156,Barui Para,West Bengal,28,Nadia,336,Tehatta Ii,,23.692,88.1886,3,barui-para
IN,India,India,741156,Shyamnagar (Murshidabad),West Bengal,28,Nadia,336,Nowda,,23.692,88.1886,3,shyamnagar-murshidabad
IN,India,India,741156,Chhotonalda,West Bengal,28,Nadia,336,Tehatta Ii,,23.692,88.1886,3,chhotonalda
IN,India,India,741156,Molandi,West Bengal,28,Nadia,336,Kaliganj,,23.692,88.1886,3,molandi
IN,India,India,741156,Bareya,West Bengal,28,Nadia,336,Tehatta Ii,,23.692,88.1886,3,bareya
IN,India,India,741156,Dhawapara,West Bengal,28,Nadia,336,Palashipara,,23.692,88.1886,3,dhawapara
IN,India,India,741156,Tungi,West Bengal,28,Nadia,336,Nowda,,23.692,88.1886,3,tungi
IN,India,India,741156,Barnia,West Bengal,28,Nadia,336,Plashipara,,23.7245,88.4213,4,barnia
IN,India,India,741157,Plassey Sugar Mill,West Bengal,28,Nadia,336,Kaliganj,,23.6994,88.1823,1,plassey-sugar-mill
IN,India,India,741157,Bhurulia,West Bengal,28,Nadia,336,NA,,23.6994,88.1823,1,bhurulia
IN,India,India,741158,Kechuadanga,West Bengal,28,Nadia,336,Karimpur I,,23.9808,88.7197,3,kechuadanga
IN,India,India,741158,Raghunthpur-ramnagar,West Bengal,28,Nadia,336,Tehatta,,23.9808,88.7197,3,raghunthpur-ramnagar
IN,India,India,741158,Darermath,West Bengal,28,Nadia,336,Tehatta,,23.9808,88.7197,3,darermath
IN,India,India,741158,Shikarpur (Nadia),West Bengal,28,Nadia,336,Shikarpur Bdo I,,23.9808,88.7197,4,shikarpur-nadia
IN,India,India,741159,Taherpur,West Bengal,28,Nadia,336,NA,,23.6994,88.1823,1,taherpur
IN,India,India,741160,Jitpur,West Bengal,28,Nadia,336,Tehatta I,,23.4827,88.5215,3,jitpur
IN,India,India,741160,Hanspukuria,West Bengal,28,Nadia,336,Tehatta Ii,,23.4827,88.5215,3,hanspukuria
IN,India,India,741160,Raghunathpur,West Bengal,28,Nadia,336,Tehatta,,23.4827,88.5215,4,raghunathpur
IN,India,India,741160,Nischantapur,West Bengal,28,Nadia,336,Tehatta,,23.4827,88.5215,3,nischantapur
IN,India,India,741160,Chhatina,West Bengal,28,Nadia,336,Tehatta I,,23.4827,88.5215,3,chhatina
IN,India,India,741160,Krishna  Chandrapur,West Bengal,28,Nadia,336,Tehatta I,,23.4827,88.5215,3,krishna-chandrapur
IN,India,India,741160,Khaspur,West Bengal,28,Nadia,336,Tehatta I,,23.4827,88.5215,4,khaspur
IN,India,India,741160,Iswarchandrapur,West Bengal,28,Nadia,336,Tehatta Ii,,23.4827,88.5215,3,iswarchandrapur
IN,India,India,741160,Chanderghat,West Bengal,28,Nadia,336,Tehatta I,,23.4827,88.5215,3,chanderghat
IN,India,India,741160,Notiapota,West Bengal,28,Nadia,336,Tehatta Ii,,23.4827,88.5215,3,notiapota
IN,India,India,741160,Tehatta,West Bengal,28,Nadia,336,Tehatta I,,23.7312,88.5292,4,tehatta
IN,India,India,741160,Natna,West Bengal,28,Nadia,336,Tehatta,,23.735,88.5508,4,natna
IN,India,India,741161,Rampur,West Bengal,28,Nadia,336,Krishnanagar I,,23.4827,88.5215,4,rampur
IN,India,India,741161,Assannagar,West Bengal,28,Nadia,336,Krishnanagar-i,,23.4827,88.5215,3,assannagar
IN,India,India,741161,Kulgachi,West Bengal,28,Nadia,336,Krishnanagar I,,23.4827,88.5215,4,kulgachi
IN,India,India,741162,Chandanpur,West Bengal,28,Nadia,336,Nakashipara,,23.4827,88.5215,4,chandanpur
IN,India,India,741162,Udaychandrapur,West Bengal,28,Nadia,336,Nakashipara,,23.4827,88.5215,3,udaychandrapur
IN,India,India,741162,Kasiadanga,West Bengal,28,Nadia,336,Nakashipara,,23.4827,88.5215,3,kasiadanga
IN,India,India,741162,Dadupur Nadia,West Bengal,28,Nadia,336,Nakashipara,,23.4827,88.5215,3,dadupur-nadia
IN,India,India,741163,Haripur Chhitka,West Bengal,28,Nadia,336,Tehatta,,23.4827,88.5215,3,haripur-chhitka
IN,India,India,741163,Karuigachi,West Bengal,28,Nadia,336,Tehatta,,23.4827,88.5215,3,karuigachi
IN,India,India,741163,Chhitkadaspara,West Bengal,28,Nadia,336,Tehatta,,23.4827,88.5215,3,chhitkadaspara
IN,India,India,741163,Lalbazar,West Bengal,28,Nadia,336,Tehatta - I,,23.4827,88.5215,4,lalbazar
IN,India,India,741163,Betai,West Bengal,28,Nadia,336,Tehatta,,23.4827,88.5215,3,betai
IN,India,India,741164,Tilakpur,West Bengal,28,Nadia,336,Chapra,,23.4827,88.5215,3,tilakpur
IN,India,India,741164,Mahatpur,West Bengal,28,Nadia,336,Chapra,,23.4827,88.5215,3,mahatpur
IN,India,India,741164,Madhabpur,West Bengal,28,Nadia,336,Chapra,,23.4827,88.5215,4,madhabpur
IN,India,India,741164,Dayer Bazar,West Bengal,28,Nadia,336,Chapra,,23.4827,88.5215,3,dayer-bazar
IN,India,India,741164,Ichhapur,West Bengal,28,Nadia,336,Chapra,,23.4827,88.5215,4,ichhapur
IN,India,India,741165,Gopalpur,West Bengal,28,Nadia,336,Karimpur Ii,,23.1253,88.5469,4,gopalpur
IN,India,India,741165,Goas,West Bengal,28,Nadia,336,Karimpur Ii,,23.1253,88.5469,3,goas
IN,India,India,741165,Amiya Narayanpur,West Bengal,28,Nadia,336,Karimpur Ii (mohisbatan),,23.1253,88.5469,3,amiya-narayanpur
IN,India,India,741165,Barbakpur,West Bengal,28,Nadia,336,Karimpur Ii,,23.1253,88.5469,3,barbakpur
IN,India,India,741165,Mrigi,West Bengal,28,Nadia,336,Tehatta I,,23.1253,88.5469,3,mrigi
IN,India,India,741165,Fajil Nagar,West Bengal,28,Nadia,336,Karimpur Ii,,23.1253,88.5469,3,fajil-nagar
IN,India,India,741165,Kishorepur,West Bengal,28,Nadia,336,Karimpur Ii,,23.1253,88.5469,3,kishorepur
IN,India,India,741165,Nandanpur,West Bengal,28,Nadia,336,Karimpur Ii,,23.1253,88.5469,3,nandanpur
IN,India,India,741165,Nazirpur (Nadia),West Bengal,28,Nadia,336,Karimpur I,,23.1253,88.5469,3,nazirpur-nadia
IN,India,India,741165,Tarakganj,West Bengal,28,Nadia,336,Karimpur Ii,,23.1253,88.5469,3,tarakganj
IN,India,India,741165,Topla,West Bengal,28,Nadia,336,Nazrpur,,23.1253,88.5469,3,topla
IN,India,India,741165,Rahamatpur,West Bengal,28,Nadia,336,Tehatta,,23.1253,88.5469,3,rahamatpur
IN,India,India,741166,Kalinga,West Bengal,28,Nadia,336,Chapra,,23.4827,88.5215,1,kalinga
IN,India,India,741166,Seemanagar,West Bengal,28,Nadia,336,Chapra,,23.4827,88.5215,1,seemanagar
IN,India,India,741167,Sakdaha,West Bengal,28,Nadia,336,Krishnaganj,,23.4827,88.5215,3,sakdaha
IN,India,India,741167,Bhimpur,West Bengal,28,Nadia,336,Krishnaganj,,23.4827,88.5215,4,bhimpur
IN,India,India,741181,Paglachandi,West Bengal,28,Nadia,336,Kaliganj,,23.4827,88.5215,3,paglachandi
IN,India,India,741181,Bharatpur,West Bengal,28,Nadia,336,Kaliganj,,23.4827,88.5215,4,bharatpur
IN,India,India,741181,Radhakantapur,West Bengal,28,Nadia,336,Kaliganj,,23.4827,88.5215,4,radhakantapur
IN,India,India,741201,Chunaripara,West Bengal,28,Nadia,336,Ranaghat - I,,23.4827,88.5215,3,chunaripara
IN,India,India,741201,Ranaghat Rupashreepally,West Bengal,28,Nadia,336,Ranaghat - I,,23.4827,88.5215,3,ranaghat-rupashreepally
IN,India,India,741201,Mahaprabhupara,West Bengal,28,Nadia,336,Ranaghat - I,,23.4827,88.5215,3,mahaprabhupara
IN,India,India,741201,Siddheswaritala,West Bengal,28,Nadia,336,Ranaghat - I,,23.4827,88.5215,3,siddheswaritala
IN,India,India,741201,Biswaspara,West Bengal,28,Nadia,336,Ranaghat - I,,23.4827,88.5215,3,biswaspara
IN,India,India,741201,Chotobazar,West Bengal,28,Nadia,336,Ranaghat - I,,23.4827,88.5215,3,chotobazar
IN,India,India,741201,Ranaghat Bazar,West Bengal,28,Nadia,336,Ranaghat - I,,23.4827,88.5215,3,ranaghat-bazar
IN,India,India,741201,Ramnagar,West Bengal,28,Nadia,336,Ranaghat - I,,23.4827,88.5215,4,ramnagar
IN,India,India,741201,Ranaghat RS,West Bengal,28,Nadia,336,Ranaghat - I,,23.4827,88.5215,3,ranaghat-rs
IN,India,India,741201,Ranaghat Court,West Bengal,28,Nadia,336,Ranaghat - I,,23.4827,88.5215,3,ranaghat-court
IN,India,India,741201,Ranaghat H.O,West Bengal,28,Nadia,336,Ranaghat-i/ii,,23.4827,88.5215,3,ranaghat-h-o
IN,India,India,741201,Ranaghat College,West Bengal,28,Nadia,336,Ranaghat - I,,23.4827,88.5215,3,ranaghat-college
IN,India,India,741202,Matikumra Kutirpara,West Bengal,28,Nadia,336,Ranaghat - II,,23.5279,88.5543,3,matikumra-kutirpara
IN,India,India,741202,Hijuli,West Bengal,28,Nadia,336,Santipur,,23.5279,88.5543,3,hijuli
IN,India,India,741202,Dhantala,West Bengal,28,Nadia,336,Ranaghat-ii,,23.5279,88.5543,3,dhantala
IN,India,India,741202,Halalpur-krishnapur,West Bengal,28,Nadia,336,Ranagaht-ii,,23.5279,88.5543,3,halalpur-krishnapur
IN,India,India,741202,Nasra,West Bengal,28,Nadia,336,Ranaghat - I,,23.5279,88.5543,3,nasra
IN,India,India,741202,Jm Nokari,West Bengal,28,Nadia,336,Ranaghat-i,,23.5279,88.5543,3,jm-nokari
IN,India,India,741202,Chapra,West Bengal,28,Nadia,336,Ranaghat-ii,,23.5279,88.5543,4,chapra
IN,India,India,741221,Barajaguli,West Bengal,28,Nadia,336,Haringhata,,23.4827,88.5215,1,barajaguli
IN,India,India,741222,Kamalpuredso,West Bengal,28,Nadia,336,Chakdah,,23.4827,88.5215,3,kamalpuredso
IN,India,India,741222,Ghetugachi,West Bengal,28,Nadia,336,Chakdah,,23.4827,88.5215,3,ghetugachi
IN,India,India,741222,Tatla,West Bengal,28,Nadia,336,Chakdah,,23.4827,88.5215,3,tatla
IN,India,India,741222,Sanyalchar,West Bengal,28,Nadia,336,Chakdah,,23.4827,88.5215,3,sanyalchar
IN,India,India,741222,Poradanga,West Bengal,28,Nadia,336,Chakdah,,23.4827,88.5215,3,poradanga
IN,India,India,741222,Khosbasmahalla,West Bengal,28,Nadia,336,Chakdah,,23.4827,88.5215,3,khosbasmahalla
IN,India,India,741222,Kadambagachi,West Bengal,28,Nadia,336,Chakdah,,23.4827,88.5215,3,kadambagachi
IN,India,India,741222,Jasra,West Bengal,28,Nadia,336,Chakdah,,23.4827,88.5215,3,jasra
IN,India,India,741222,Deuli,West Bengal,28,Nadia,336,Chakdah,,23.4827,88.5215,3,deuli
IN,India,India,741222,Chowgacha,West Bengal,28,Nadia,336,Chakdah,,23.4827,88.5215,3,chowgacha
IN,India,India,741222,Chakdah,West Bengal,28,Nadia,336,Chakdah,,23.4827,88.5215,3,chakdah
IN,India,India,741222,Lalpur (Nadia),West Bengal,28,Nadia,336,Chakdah,,23.4827,88.5215,3,lalpur-nadia
IN,India,India,741222,Dighra,West Bengal,28,Nadia,336,Chakdah,,23.4827,88.5215,4,dighra
IN,India,India,741223,Gouripur,West Bengal,28,Nadia,336,Chakdah,,23.4827,88.5215,4,gouripur
IN,India,India,741223,Purbabishnupur,West Bengal,28,Nadia,336,Chakdah,,23.4827,88.5215,3,purbabishnupur
IN,India,India,741223,Hinghnara,West Bengal,28,Nadia,336,Chakdaha,,23.4827,88.5215,3,hinghnara
IN,India,India,741223,Darappur,West Bengal,28,Nadia,336,Chakdaha,,23.4827,88.5215,3,darappur
IN,India,India,741223,Rajarmath,West Bengal,28,Nadia,336,NA,,23.4827,88.5215,3,rajarmath
IN,India,India,741223,Balia,West Bengal,28,Nadia,336,Chakdaha,,23.4827,88.5215,4,balia
IN,India,India,741223,Silinda,West Bengal,28,Nadia,336,Chakdaha,,23.4827,88.5215,3,silinda
IN,India,India,741232,Cooper's Camp,West Bengal,28,Nadia,336,Ranaghat - I,,23.4827,88.5215,1,cooper-s-camp
IN,India,India,741234,Gayeshpur,West Bengal,28,Nadia,336,Haringhata,,23.4827,88.5215,1,gayeshpur
IN,India,India,741235,Kalyani Hospital,West Bengal,28,Nadia,336,NA,,23.4827,88.5215,1,kalyani-hospital
IN,India,India,741235,Gandhi Memorial Hospital,West Bengal,28,Nadia,336,NA,,23.4827,88.5215,1,gandhi-memorial-hospital
IN,India,India,741235,Bidhanpark,West Bengal,28,Nadia,336,NA,,23.4827,88.5215,1,bidhanpark
IN,India,India,741235,Ghoshpara (Nadia),West Bengal,28,Nadia,336,NA,,23.4827,88.5215,1,ghoshpara-nadia
IN,India,India,741235,Kalyani H.O,West Bengal,28,Nadia,336,NA,,23.4827,88.5215,1,kalyani-h-o
IN,India,India,741235,Buddhapark,West Bengal,28,Nadia,336,NA,,23.4827,88.5215,1,buddhapark
IN,India,India,741235,Kalyani RS,West Bengal,28,Nadia,336,NA,,23.4827,88.5215,1,kalyani-rs
IN,India,India,741235,Kalyani Simanta,West Bengal,28,Nadia,336,NA,,23.4827,88.5215,1,kalyani-simanta
IN,India,India,741235,Kalyani University,West Bengal,28,Nadia,336,NA,,23.4827,88.5215,1,kalyani-university
IN,India,India,741238,Debagram,West Bengal,28,Nadia,336,Ranaghat-ii,,23.6883,88.3008,4,debagram
IN,India,India,741238,Gopinagar,West Bengal,28,Nadia,336,Ranaghat-ii,,23.4827,88.5215,4,gopinagar
IN,India,India,741238,Naserkuli,West Bengal,28,Nadia,336,Ranaghat-ii,,23.4827,88.5215,3,naserkuli
IN,India,India,741238,Ghola,West Bengal,28,Nadia,336,Ranaghat-ii,,23.4827,88.5215,4,ghola
IN,India,India,741238,Humaniapota,West Bengal,28,Nadia,336,Ranaghat-ii,,23.4827,88.5215,3,humaniapota
IN,India,India,741238,Gangnapur,West Bengal,28,Nadia,336,Ranaghat - II,,23.4827,88.5215,3,gangnapur
IN,India,India,741238,Gangsara Majhergram,West Bengal,28,Nadia,336,Ranaghat-ii,,23.4827,88.5215,3,gangsara-majhergram
IN,India,India,741238,Uzirpukuria,West Bengal,28,Nadia,336,Ranaghat-ii,,23.4827,88.5215,3,uzirpukuria
IN,India,India,741245,Saguna,West Bengal,28,Nadia,336,Chakdaha,,23.4827,88.5215,3,saguna
IN,India,India,741245,Ghoragacha,West Bengal,28,Nadia,336,Chakdah,,23.4827,88.5215,3,ghoragacha
IN,India,India,741245,Chandamari,West Bengal,28,Nadia,336,Chakdah,,23.4827,88.5215,3,chandamari
IN,India,India,741245,Birohiedso,West Bengal,28,Nadia,336,Haringhata,,23.4827,88.5215,3,birohiedso
IN,India,India,741245,Kalipur,West Bengal,28,Nadia,336,Chakdah,,23.4827,88.5215,4,kalipur
IN,India,India,741245,Madanpur (Nadia),West Bengal,28,Nadia,336,Chakdah,,23.0059,88.4917,4,madanpur-nadia
IN,India,India,741245,Ananda Nagar,West Bengal,28,Nadia,336,Chakdaha,,23.4827,88.5215,3,ananda-nagar
IN,India,India,741245,Alaipur,West Bengal,28,Nadia,336,Chakdah,,23.4827,88.5215,4,alaipur
IN,India,India,741246,Haringhat River Research Insti,West Bengal,28,Nadia,336,Haringhata,,23.4827,88.5215,1,haringhat-river-research-insti
IN,India,India,741246,Mohanpur (Nadia),West Bengal,28,Nadia,336,Haringhat,,23.4827,88.5215,1,mohanpur-nadia
IN,India,India,741247,Pritinagar,West Bengal,28,Nadia,336,Ranaghat,,23.4827,88.5215,1,pritinagar
IN,India,India,741248,Narapatipara,West Bengal,28,Nadia,336,NA,,23.4827,88.5215,1,narapatipara
IN,India,India,741248,Simurali,West Bengal,28,Nadia,336,Chakdah,,23.4827,88.5215,1,simurali
IN,India,India,741248,Rautari,West Bengal,28,Nadia,336,Chakdaha,,23.4827,88.5215,1,rautari
IN,India,India,741248,Chanduria,West Bengal,28,Nadia,336,Chakdaha,,23.4827,88.5215,1,chanduria
IN,India,India,741248,Bhagirathisilpaashram,West Bengal,28,Nadia,336,Chakdah,,23.4827,88.5215,1,bhagirathisilpaashram
IN,India,India,741249,Mollabelia,West Bengal,28,Nadia,336,Haringhat,,23.4827,88.5215,3,mollabelia
IN,India,India,741249,Simhat,West Bengal,28,Nadia,336,Haringhata,,23.4827,88.5215,3,simhat
IN,India,India,741249,Subarnapur,West Bengal,28,Nadia,336,Haringhata,,23.4827,88.5215,3,subarnapur
IN,India,India,741249,Panpur,West Bengal,28,Nadia,336,Haringhata,,23.4827,88.5215,3,panpur
IN,India,India,741249,Fatepur,West Bengal,28,Nadia,336,Haringhata,,23.4827,88.5215,3,fatepur
IN,India,India,741249,Narayanpur,West Bengal,28,Nadia,336,Haringhata,,23.4827,88.5215,4,narayanpur
IN,India,India,741250,Bedibhavan,West Bengal,28,Nadia,336,Haringhata,,22.9394,88.6378,1,bedibhavan
IN,India,India,741250,Kataganj,West Bengal,28,Nadia,336,Haringhata,,22.9394,88.6378,1,kataganj
IN,India,India,741251,Netajisubhas Sanatorium,West Bengal,28,Nadia,336,Haringhata,,22.9394,88.6378,1,netajisubhas-sanatorium
IN,India,India,741251,Majerchar,West Bengal,28,Nadia,336,Chakdah,,22.9394,88.6378,1,majerchar
IN,India,India,741251,Charsarhati,West Bengal,28,Nadia,336,Chakdah,,22.9394,88.6378,1,charsarhati
IN,India,India,741252,Krishivisyavidyalaya,West Bengal,28,Nadia,336,Haringhata,,22.9394,88.6378,1,krishivisyavidyalaya
IN,India,India,741253,Eruli,West Bengal,28,Nadia,336,Ranaghat-ii,,22.9394,88.6378,1,eruli
IN,India,India,741253,Anishmali,West Bengal,28,Nadia,336,Ranaghat-ii,,22.9394,88.6378,1,anishmali
IN,India,India,741254,Kamgachi,West Bengal,28,Nadia,336,Ranaghat-ii,,22.9394,88.6378,1,kamgachi
IN,India,India,741254,Kalinarayanpur,West Bengal,28,Nadia,336,Ranaghat-ii,,22.9394,88.6378,1,kalinarayanpur
IN,India,India,741255,Anulia,West Bengal,28,Nadia,336,Ranaghat-i,,22.9394,88.6378,1,anulia
IN,India,India,741255,Noapara,West Bengal,28,Nadia,336,Ranaghat - I,,22.9394,88.6378,1,noapara
IN,India,India,741255,Nandighat,West Bengal,28,Nadia,336,Ranaghat-i,,22.9394,88.6378,1,nandighat
IN,India,India,741255,Haradham,West Bengal,28,Nadia,336,Ranaghat-i,,22.9394,88.6378,1,haradham
IN,India,India,741256,Dayabari,West Bengal,28,Nadia,336,Ranaghat - II,,22.9394,88.6378,1,dayabari
IN,India,India,741256,Begopara,West Bengal,28,Nadia,336,NA,,22.9394,88.6378,1,begopara
IN,India,India,741256,Ranaghat Baidyapur,West Bengal,28,Nadia,336,Ranaghat-ii,,22.9394,88.6378,1,ranaghat-baidyapur
IN,India,India,741257,Mahadevpur,West Bengal,28,Nadia,336,Haringhata,,22.9394,88.6378,3,mahadevpur
IN,India,India,741257,Nagarukhra,West Bengal,28,Nadia,336,Haringhata,,22.9394,88.6378,4,nagarukhra
IN,India,India,741257,Nimtala Bazar,West Bengal,28,Nadia,336,Haringhata,,22.9394,88.6378,3,nimtala-bazar
IN,India,India,741257,Dighalgram,West Bengal,28,Nadia,336,Haringhata,,22.9394,88.6378,3,dighalgram
IN,India,India,741257,Haripukuria,West Bengal,28,Nadia,336,Haringhata,,22.9394,88.6378,3,haripukuria
IN,India,India,741257,Kasthadanga,West Bengal,28,Nadia,336,Haringhata,,22.9394,88.6378,3,kasthadanga
IN,India,India,741301,Ushidpur,West Bengal,28,Nadia,336,Nabadwip,,23.4827,88.5215,1,ushidpur
IN,India,India,741301,Char Brahmanagar,West Bengal,28,Nadia,336,Nabadwip,,23.4827,88.5215,1,char-brahmanagar
IN,India,India,741302,Poramatala Road,West Bengal,28,Nadia,336,Nabadwip,,23.4827,88.5215,1,poramatala-road
IN,India,India,741302,Moti Roy Bandh,West Bengal,28,Nadia,336,Nabadwip,,23.4827,88.5215,1,moti-roy-bandh
IN,India,India,741302,Nabadwip H.O,West Bengal,28,Nadia,336,Nabadwip Municipality,,23.4827,88.5215,1,nabadwip-h-o
IN,India,India,741302,Buroshibtala (Nadia),West Bengal,28,Nadia,336,Nabadwip,,23.4827,88.5215,1,buroshibtala-nadia
IN,India,India,741302,Nabadwip Bazar,West Bengal,28,Nadia,336,Nabadwip,,23.4827,88.5215,1,nabadwip-bazar
IN,India,India,741302,Dearapara,West Bengal,28,Nadia,336,Nabadwip,,23.4827,88.5215,1,dearapara
IN,India,India,741302,Kolerdanga,West Bengal,28,Nadia,336,Nabadwip,,23.4827,88.5215,1,kolerdanga
IN,India,India,741302,Rudrapara,West Bengal,28,Nadia,336,Nabadwip,,23.4827,88.5215,1,rudrapara
IN,India,India,741302,Pratapnagar (Nadia),West Bengal,28,Nadia,336,Nabadwip,,23.4827,88.5215,1,pratapnagar-nadia
IN,India,India,741302,Rudrapara,West Bengal,28,Nadia,336,Nabadwip Municipality,,23.4827,88.5215,1,rudrapara
IN,India,India,741302,Tegharipara,West Bengal,28,Nadia,336,Nabadwip,,23.4827,88.5215,1,tegharipara
IN,India,India,741302,Moti Roy Bnadh,West Bengal,28,Nadia,336,Nabadwip,,23.4827,88.5215,1,moti-roy-bnadh
IN,India,India,741302,Nabadwip Dham RS,West Bengal,28,Nadia,336,Nabadwip,,23.4827,88.5215,1,nabadwip-dham-rs
IN,India,India,741313,Ganja Danga,West Bengal,28,Nadia,336,Nabadwip,,23.4827,88.5215,1,ganja-danga
IN,India,India,741313,Bamunpukur,West Bengal,28,Nadia,336,Sreemayapur,,23.4827,88.5215,1,bamunpukur
IN,India,India,741313,Nidaya,West Bengal,28,Nadia,336,Nabadwip,,23.4827,88.5215,1,nidaya
IN,India,India,741313,Sreemayapur,West Bengal,28,Nadia,336,Nabadwip,,23.4827,88.5215,1,sreemayapur
IN,India,India,741315,Swarupganj,West Bengal,28,Nadia,336,Nabadwip,,23.4827,88.5215,1,swarupganj
IN,India,India,741315,Amghata,West Bengal,28,Nadia,336,Krishnagar-ii,,23.4827,88.5215,1,amghata
IN,India,India,741315,Mahesganj,West Bengal,28,Nadia,336,Nabadwip,,23.4827,88.5215,1,mahesganj
IN,India,India,741315,Gadigachha,West Bengal,28,Nadia,336,Nabadwip,,23.4827,88.5215,1,gadigachha
IN,India,India,741316,Idrakpur,West Bengal,28,Nadia,336,Nabadwip,,23.4827,88.5215,1,idrakpur
IN,India,India,741316,Bablari,West Bengal,28,Nadia,336,Nabadwip,,23.4827,88.5215,1,bablari
IN,India,India,741316,Srirampur (Nadia),West Bengal,28,Nadia,336,Purbasthali I,,23.4827,88.5215,1,srirampur-nadia
IN,India,India,741316,Bahirchara,West Bengal,28,Nadia,336,Nabadwip,,23.4827,88.5215,1,bahirchara
IN,India,India,741316,Mahisura,West Bengal,28,Nadia,336,Nabadwip,,23.4827,88.5215,1,mahisura
IN,India,India,741316,Fakirdanga,West Bengal,28,Nadia,336,Nabadwip,,23.4827,88.5215,1,fakirdanga
IN,India,India,741317,Joania,West Bengal,28,Nadia,336,Krishnanagar I,,23.4827,88.5215,1,joania
IN,India,India,741317,Aluipara,West Bengal,28,Nadia,336,Krishnagar - I,,23.4827,88.5215,1,aluipara
IN,India,India,741317,Joania Bhaluka,West Bengal,28,Nadia,336,Krishnanagar I,,23.4827,88.5215,1,joania-bhaluka
IN,India,India,741319,Bidyanagar,West Bengal,28,Nadia,336,Burdwan,,23.4827,88.5215,1,bidyanagar
IN,India,India,741401,Dignagar,West Bengal,28,Nadia,336,Santipur,,23.3238,88.452,4,dignagar
IN,India,India,741402,Habibpur,West Bengal,28,Nadia,336,Ranaghat-i,,23.4827,88.5215,4,habibpur
IN,India,India,741402,Tarapur,West Bengal,28,Nadia,336,Ranaghat - I,,23.4827,88.5215,4,tarapur
IN,India,India,741402,2no.Natunfulia,West Bengal,28,Nadia,336,Santipur,,24.0629,88.266,3,2no-natunfulia
IN,India,India,741402,Fulia Colony,West Bengal,28,Nadia,336,Santipur,,24.0629,88.266,3,fulia-colony
IN,India,India,741402,Belemath,West Bengal,28,Nadia,336,Santipur,,24.0629,88.266,3,belemath
IN,India,India,741402,Buincha,West Bengal,28,Nadia,336,Santipur,,24.0629,88.266,3,buincha
IN,India,India,741402,Fulia Boyra,West Bengal,28,Nadia,336,Santipur,,24.0629,88.266,3,fulia-boyra
IN,India,India,741402,Gazipur,West Bengal,28,Nadia,336,Santipur,,23.4827,88.5215,4,gazipur
IN,India,India,741402,Panpara,West Bengal,28,Nadia,336,Ranaghat-ii,,24.0629,88.266,3,panpara
IN,India,India,741404,Krishnakalitala,West Bengal,28,Nadia,336,Santipur,,23.4827,88.5215,3,krishnakalitala
IN,India,India,741404,Santipur RS,West Bengal,28,Nadia,336,Santipur,,23.4827,88.5215,3,santipur-rs
IN,India,India,741404,Barajiakur,West Bengal,28,Nadia,336,Santipur,,23.4827,88.5215,3,barajiakur
IN,India,India,741404,Santipur,West Bengal,28,Nadia,336,Santipur,,23.25,88.4333,4,santipur
IN,India,India,741404,Santipur College,West Bengal,28,Nadia,336,Santipur,,23.4827,88.5215,3,santipur-college
IN,India,India,741404,Gayeshpur Hazratala,West Bengal,28,Nadia,336,Santipur,,23.4827,88.5215,3,gayeshpur-hazratala
IN,India,India,741404,Ghoralia,West Bengal,28,Nadia,336,Santipur,,23.4827,88.5215,3,ghoralia
IN,India,India,741404,Haripurnadia,West Bengal,28,Nadia,336,Santipur,,23.4827,88.5215,3,haripurnadia
IN,India,India,741404,Khandakhola,West Bengal,28,Nadia,336,Santipur,,23.4827,88.5215,3,khandakhola
IN,India,India,741404,Nrisinghapur,West Bengal,28,Nadia,336,Santipur,,23.4827,88.5215,3,nrisinghapur
IN,India,India,741404,Ashanandapara Street,West Bengal,28,Nadia,336,Santipur,,23.4827,88.5215,3,ashanandapara-street
IN,India,India,741404,Ramnagarchar,West Bengal,28,Nadia,336,Santipur,,23.4827,88.5215,3,ramnagarchar
IN,India,India,741404,Kutirpara,West Bengal,28,Nadia,336,Santipur,,23.4827,88.5215,3,kutirpara
IN,India,India,741404,Shyamchandpara,West Bengal,28,Nadia,336,Santipur,,23.4827,88.5215,3,shyamchandpara
IN,India,India,741404,Sutragarh,West Bengal,28,Nadia,336,Santipur,,23.4827,88.5215,3,sutragarh
IN,India,India,741404,Bablagobindapur,West Bengal,28,Nadia,336,Santipur,,23.4827,88.5215,3,bablagobindapur
IN,India,India,741404,Bagachra,West Bengal,28,Nadia,336,Santipur,,23.4827,88.5215,3,bagachra
IN,India,India,741404,Barabazar,West Bengal,28,Nadia,336,Santipur,,23.4827,88.5215,4,barabazar
IN,India,India,741501,Purbanowpara,West Bengal,28,Nadia,336,Ranaghat-ii,,23.5544,88.3506,1,purbanowpara
IN,India,India,741501,Arangahta,West Bengal,28,Nadia,336,Ranaghat - II,,23.5544,88.3506,1,arangahta
IN,India,India,741501,Churni Raghunathpur,West Bengal,28,Nadia,336,Ranaghat - I,,23.5544,88.3506,1,churni-raghunathpur
IN,India,India,741501,Panchberia,West Bengal,28,Nadia,336,Ranaghat-ii,,23.5544,88.3506,1,panchberia
IN,India,India,741501,Barbaria,West Bengal,28,Nadia,336,Ranaghat - II,,23.5544,88.3506,1,barbaria
IN,India,India,741501,Shibnarayanpur,West Bengal,28,Nadia,336,Ranaghat-ii,,23.5544,88.3506,1,shibnarayanpur
IN,India,India,741501,Hatbahirgachi,West Bengal,28,Nadia,336,Ranaghat-ii,,23.5544,88.3506,1,hatbahirgachi
IN,India,India,741502,Muraghachacolony,West Bengal,28,Nadia,336,Hanskhali,,23.3591,88.6625,3,muraghachacolony
IN,India,India,741502,Kumari Ramnagar,West Bengal,28,Nadia,336,Hanskhali,,23.3591,88.6625,3,kumari-ramnagar
IN,India,India,741502,Haritala,West Bengal,28,Nadia,336,NA,,23.3591,88.6625,3,haritala
IN,India,India,741502,Ulashi,West Bengal,28,Nadia,336,Hanskhali,,23.3591,88.6625,3,ulashi
IN,India,India,741502,Garapota-nadia,West Bengal,28,Nadia,336,Hanskhali,,23.3591,88.6625,3,garapota-nadia
IN,India,India,741502,Haldipara,West Bengal,28,Nadia,336,Hanskhali,,23.3591,88.6625,3,haldipara
IN,India,India,741502,Santinagar,West Bengal,28,Nadia,336,Hanskhali,,23.3591,88.6625,3,santinagar
IN,India,India,741502,Patikabari,West Bengal,28,Nadia,336,Hanskhali,,23.3591,88.6625,3,patikabari
IN,India,India,741502,Nabarupdaha,West Bengal,28,Nadia,336,NA,,23.3591,88.6625,3,nabarupdaha
IN,India,India,741502,Bhayna,West Bengal,28,Nadia,336,Hanskhali,,23.3591,88.6625,3,bhayna
IN,India,India,741502,Bhairabchandrapur,West Bengal,28,Nadia,336,Hanskhali,,23.3591,88.6625,3,bhairabchandrapur
IN,India,India,741502,Benali,West Bengal,28,Nadia,336,Hanskhali,,23.3591,88.6625,3,benali
IN,India,India,741502,Mayurhat,West Bengal,28,Nadia,336,Hanskhali,,23.3617,88.6645,4,mayurhat
IN,India,India,741502,Bagula,West Bengal,28,Nadia,336,NA,,23.3366,88.6411,4,bagula
IN,India,India,741502,Chupria,West Bengal,28,Nadia,336,Hanskhali,,23.3591,88.6625,3,chupria
IN,India,India,741502,Taraknagar,West Bengal,28,Nadia,336,Hanskhali,,23.379,88.6819,4,taraknagar
IN,India,India,741503,Banpur (Nadia),West Bengal,28,Nadia,336,Krishnaganj,,23.4489,88.7637,4,banpur-nadia
IN,India,India,741503,Raghu Nandan Pur,West Bengal,28,Nadia,336,Ranaghat - I,,23.4489,88.7637,3,raghu-nandan-pur
IN,India,India,741503,Gede,West Bengal,28,Nadia,336,Krishnaganj,,23.4489,88.7637,3,gede
IN,India,India,741503,Bijoypur,West Bengal,28,Nadia,336,Krishnaganj,,23.4489,88.7637,3,bijoypur
IN,India,India,741504,Daluabari,West Bengal,28,Nadia,336,Hanskhali,,23.5544,88.3506,1,daluabari
IN,India,India,741504,Duttapulia,West Bengal,28,Nadia,336,Ranaghat-i,,23.5544,88.3506,1,duttapulia
IN,India,India,741504,Baranberia,West Bengal,28,Nadia,336,Ranaghat - II,,23.5544,88.3506,1,baranberia
IN,India,India,741505,Hanskhali,West Bengal,28,Nadia,336,Hanskhali,,23.4827,88.5215,3,hanskhali
IN,India,India,741505,Gobindapur,West Bengal,28,Nadia,336,Hanskhali,,23.4827,88.5215,4,gobindapur
IN,India,India,741505,Daharbuincha,West Bengal,28,Nadia,336,Hanskhali,,23.4827,88.5215,3,daharbuincha
IN,India,India,741505,Betna,West Bengal,28,Nadia,336,Hanskhlai,,23.4827,88.5215,3,betna
IN,India,India,741506,Krishnaganj,West Bengal,28,Nadia,336,Krishnaganj,,23.4827,88.5215,3,krishnaganj
IN,India,India,741506,Durgapur,West Bengal,28,Nadia,336,Krishnaganj,,23.4827,88.5215,4,durgapur
IN,India,India,741506,Swarnakhali,West Bengal,28,Nadia,336,NA,,23.4827,88.5215,3,swarnakhali
IN,India,India,741506,Tangra,West Bengal,28,Nadia,336,Krishnaganj,,23.4827,88.5215,4,tangra
IN,India,India,741507,Putikhali,West Bengal,28,Nadia,336,Krishnaganj,,23.4827,88.5215,3,putikhali
IN,India,India,741507,Mathurapur,West Bengal,28,Nadia,336,Chakdah,,23.4827,88.5215,4,mathurapur
IN,India,India,741507,Majdia,West Bengal,28,Nadia,336,Krishnaganj,,23.4827,88.5215,3,majdia
IN,India,India,741507,Bathangachi,West Bengal,28,Nadia,336,Santipur,,23.4827,88.5215,3,bathangachi
IN,India,India,741507,Bhajanghat,West Bengal,28,Nadia,336,Krishnaganj,,23.4827,88.5215,3,bhajanghat
IN,India,India,741507,Fatepur Majdia,West Bengal,28,Nadia,336,Hanskhali,,23.4827,88.5215,3,fatepur-majdia
IN,India,India,741507,Gazna,West Bengal,28,Nadia,336,NA,,23.4827,88.5215,3,gazna
IN,India,India,741507,Taldaha,West Bengal,28,Nadia,336,Krishnaganj,,23.4827,88.5215,3,taldaha
IN,India,India,741508,Khalboalia,West Bengal,28,Nadia,336,Krishnaganj,,23.4827,88.5215,3,khalboalia
IN,India,India,741508,Maheshpur,West Bengal,28,Nadia,336,Krishnaganj,,23.4827,88.5215,4,maheshpur
IN,India,India,741508,Digambarpur,West Bengal,28,Nadia,336,Krishnaganj,,23.4827,88.5215,3,digambarpur
IN,India,India,741508,Nadiasumalia,West Bengal,28,Nadia,336,Krishnaganj,,23.4827,88.5215,3,nadiasumalia
IN,India,India,741508,Joyghata,West Bengal,28,Nadia,336,Krishnaganj,,23.4827,88.5215,3,joyghata
IN,India,India,741509,Shibnibas,West Bengal,28,Nadia,336,Krishnaganj,,23.5544,88.3506,1,shibnibas
IN,India,India,741509,Chandannagar (Nadia),West Bengal,28,Nadia,336,Krishnaganj,,23.5544,88.3506,1,chandannagar-nadia
IN,India,India,741509,Chowgacha,West Bengal,28,Nadia,336,Krishnaganj,,23.5544,88.3506,1,chowgacha
IN,India,India,700048,Sreebhumi,West Bengal,28,North 24 Parganas,337,Sreebhumi,,22.6,88.4,3,sreebhumi
IN,India,India,700048,Sadhana Ausudhalaya Road,West Bengal,28,North 24 Parganas,337,24 Pgs North,,22.6,88.4,3,sadhana-ausudhalaya-road
IN,India,India,700048,Patipukur,West Bengal,28,North 24 Parganas,337,Patipukur,,22.6,88.4,4,patipukur
IN,India,India,700049,Udaipur,West Bengal,28,North 24 Parganas,337,Barrackpore,,22.4656,88.7803,1,udaipur
IN,India,India,700049,Nimta,West Bengal,28,North 24 Parganas,337,North 24 Paraganas,,22.4656,88.7803,1,nimta
IN,India,India,700051,Sultanpur,West Bengal,28,North 24 Parganas,337,North 24 Paraganas,,22.4656,88.7803,4,sultanpur
IN,India,India,700051,Birati,West Bengal,28,North 24 Parganas,337,North 24 Paraganas,,22.4656,88.7803,3,birati
IN,India,India,700055,Shyam Nagar Dum Dum,West Bengal,28,North 24 Parganas,337,North 24 Pgs,,22.4656,88.7803,1,shyam-nagar-dum-dum
IN,India,India,700055,Dum Dum Park,West Bengal,28,North 24 Parganas,337,Dum Dum Park,,22.4656,88.7803,1,dum-dum-park
IN,India,India,700055,Bangur Avenue,West Bengal,28,North 24 Parganas,337,Jessore Road,,22.4656,88.7803,1,bangur-avenue
IN,India,India,700056,South Belgharia,West Bengal,28,North 24 Parganas,337,Barrackpore,,22.4656,88.7803,1,south-belgharia
IN,India,India,700056,Texmaco,West Bengal,28,North 24 Parganas,337,North 24 Parganas,,22.4656,88.7803,1,texmaco
IN,India,India,700056,Rani Park,West Bengal,28,North 24 Parganas,337,NORTH 24 PARGANAS,,22.4656,88.7803,1,rani-park
IN,India,India,700056,Rathtala,West Bengal,28,North 24 Parganas,337,North 24 Parganas,,22.4656,88.7803,1,rathtala
IN,India,India,700056,Belgharia Mohini Mills,West Bengal,28,North 24 Parganas,337,Barrackpore,,22.4656,88.7803,1,belgharia-mohini-mills
IN,India,India,700056,Belgharia H.O,West Bengal,28,North 24 Parganas,337,Belgharia,,22.4656,88.7803,1,belgharia-h-o
IN,India,India,700057,Ariadaha,West Bengal,28,North 24 Parganas,337,North 24 Paraganas,,22.4656,88.7803,1,ariadaha
IN,India,India,700057,Nowdapara,West Bengal,28,North 24 Parganas,337,Barrackpore,,22.4656,88.7803,1,nowdapara
IN,India,India,700058,Kamarhati,West Bengal,28,North 24 Parganas,337,North 24 Paraganas,,22.6711,88.3747,4,kamarhati
IN,India,India,700058,Elias Road,West Bengal,28,North 24 Parganas,337,Barrackpore,,22.6711,88.3747,3,elias-road
IN,India,India,700059,Baguiati Super Market,West Bengal,28,North 24 Parganas,337,Desh Bandhu Nagar,,22.4656,88.7803,3,baguiati-super-market
IN,India,India,700059,Gouranganagar,West Bengal,28,North 24 Parganas,337,D B Nagar,,22.4656,88.7803,3,gouranganagar
IN,India,India,700059,Desh Bandhu Nagar,West Bengal,28,North 24 Parganas,337,24 Pgs North,,22.4656,88.7803,3,desh-bandhu-nagar
IN,India,India,700059,Arjunpur,West Bengal,28,North 24 Parganas,337,D B Nagr,,22.4656,88.7803,4,arjunpur
IN,India,India,700059,Raghunathpur,West Bengal,28,North 24 Parganas,337,D B Nagar,,22.6823,88.8278,4,raghunathpur
IN,India,India,700064,Bidhannagr CC Block,West Bengal,28,North 24 Parganas,337,Saltlake,,22.4656,88.7803,1,bidhannagr-cc-block
IN,India,India,700064,Labony Estate,West Bengal,28,North 24 Parganas,337,Saltlake,,22.4656,88.7803,1,labony-estate
IN,India,India,700064,Bidhan Nagar,West Bengal,28,North 24 Parganas,337,Sakltlake,,22.4656,88.7803,1,bidhan-nagar
IN,India,India,700064,Bidhan Nagar AE Market,West Bengal,28,North 24 Parganas,337,Saltlake,,22.4656,88.7803,1,bidhan-nagar-ae-market
IN,India,India,700076,Dakshineswar,West Bengal,28,North 24 Parganas,337,North 24 Paraganas,,22.6557,88.3672,4,dakshineswar
IN,India,India,700079,Italghacha,West Bengal,28,North 24 Parganas,337,North 24 Paraganas,,22.4656,88.7803,1,italghacha
IN,India,India,700081,Rajbari Colony,West Bengal,28,North 24 Parganas,337,North 24 Paraganas,,22.4656,88.7803,1,rajbari-colony
IN,India,India,700083,Nandan Nagar,West Bengal,28,North 24 Parganas,337,North 24 Paraganas,,22.4656,88.7803,3,nandan-nagar
IN,India,India,700083,Deshopriya Nagar,West Bengal,28,North 24 Parganas,337,North 24 Paraganas,,22.4656,88.7803,3,deshopriya-nagar
IN,India,India,700083,East Belghoria,West Bengal,28,North 24 Parganas,337,North 24 Parganas,,22.4656,88.7803,3,east-belghoria
IN,India,India,700083,Basudebpur,West Bengal,28,North 24 Parganas,337,North 24 Paraganas,,22.4656,88.7803,4,basudebpur
IN,India,India,700089,Lake Town (North 24 Parganas),West Bengal,28,North 24 Parganas,337,North 24 Pgs,,22.4656,88.7803,1,lake-town-north-24-parganas
IN,India,India,700091,Temporary P.O. (W.B.B.S.E),West Bengal,28,North 24 Parganas,337,Salt Lake,,22.4656,88.7803,1,temporary-p-o-w-b-b-s-e
IN,India,India,700091,Nabadiganta IT,West Bengal,28,North 24 Parganas,337,NA,,22.4656,88.7803,1,nabadiganta-it
IN,India,India,700091,Bidhan Nagar CK Market,West Bengal,28,North 24 Parganas,337,Saltlake,,22.4656,88.7803,1,bidhan-nagar-ck-market
IN,India,India,700091,Sech Bhawan,West Bengal,28,North 24 Parganas,337,Saltlake,,22.4656,88.7803,1,sech-bhawan
IN,India,India,700097,Purbachal,West Bengal,28,North 24 Parganas,337,Saltklake,,22.4656,88.7803,1,purbachal
IN,India,India,700101,Prafulla Kanan,West Bengal,28,North 24 Parganas,337,North 24 Pgs,,22.4656,88.7803,1,prafulla-kanan
IN,India,India,700102,Krishnapur (North 24 Parganas),West Bengal,28,North 24 Parganas,337,North 24 Pgs,,22.4656,88.7803,1,krishnapur-north-24-parganas
IN,India,India,700105,Nowbhanga,West Bengal,28,North 24 Parganas,337,NA,,22.4656,88.7803,1,nowbhanga
IN,India,India,700105,Nowbhanga,West Bengal,28,North 24 Parganas,337,Dhapa,,22.4656,88.7803,1,nowbhanga
IN,India,India,700106,Bidhan Nagar IB Market,West Bengal,28,North 24 Parganas,337,Saltlake,,22.4656,88.7803,1,bidhan-nagar-ib-market
IN,India,India,700109,Agarpara,West Bengal,28,North 24 Parganas,337,North 24 Paraganas,,22.6833,88.3667,4,agarpara
IN,India,India,700110,Ramchandra Pur,West Bengal,28,North 24 Parganas,337,Barrackpore,,22.4656,88.7803,1,ramchandra-pur
IN,India,India,700110,Sodepur GHE,West Bengal,28,North 24 Parganas,337,North 24 parganas,,22.4656,88.7803,1,sodepur-ghe
IN,India,India,700110,Jugberia,West Bengal,28,North 24 Parganas,337,NA,,22.4656,88.7803,1,jugberia
IN,India,India,700110,Bijoypur,West Bengal,28,North 24 Parganas,337,Barrackpore,,22.4656,88.7803,1,bijoypur
IN,India,India,700110,Sodepur,West Bengal,28,North 24 Parganas,337,NA,,22.4656,88.7803,1,sodepur
IN,India,India,700110,Chandpur Leningarh,West Bengal,28,North 24 Parganas,337,Sodepur,,22.4656,88.7803,1,chandpur-leningarh
IN,India,India,700110,Tirtha Bharati,West Bengal,28,North 24 Parganas,337,Barrackpore,,22.4656,88.7803,1,tirtha-bharati
IN,India,India,700111,Ghola,West Bengal,28,North 24 Parganas,337,North 24 Paraganas,,22.6909,88.4077,4,ghola
IN,India,India,700111,Ghola Bazar,West Bengal,28,North 24 Parganas,337,North 24 Paraganas,,22.6909,88.4077,3,ghola-bazar
IN,India,India,700112,Pansila,West Bengal,28,North 24 Parganas,337,NA,,22.4656,88.7803,1,pansila
IN,India,India,700112,Kalyan Nagar Cooperative Society B.,West Bengal,28,North 24 Parganas,337,Sodepur,,22.4656,88.7803,1,kalyan-nagar-cooperative-society-b
IN,India,India,700113,Panchanantala,West Bengal,28,North 24 Parganas,337,Sodepur,,22.4656,88.7803,1,panchanantala
IN,India,India,700113,Natagarh,West Bengal,28,North 24 Parganas,337,NA,,22.4656,88.7803,1,natagarh
IN,India,India,700113,Karnamadhabpur,West Bengal,28,North 24 Parganas,337,NA,,22.4656,88.7803,1,karnamadhabpur
IN,India,India,700114,Panihati,West Bengal,28,North 24 Parganas,337,North 24 Paraganas,,22.6909,88.374,4,panihati
IN,India,India,700114,Bangodaya,West Bengal,28,North 24 Parganas,337,North 24 Paraganas,,22.6909,88.374,3,bangodaya
IN,India,India,700115,Sukchar (North 24 Parganas),West Bengal,28,North 24 Parganas,337,North 24 Paraganas,,22.4656,88.7803,1,sukchar-north-24-parganas
IN,India,India,700116,B.D.Sopan,West Bengal,28,North 24 Parganas,337,North 24 Paraganas,,22.4656,88.7803,1,b-d-sopan
IN,India,India,700117,Khardah,West Bengal,28,North 24 Parganas,337,North 24 Paraganas,,22.7186,88.3781,4,khardah
IN,India,India,700117,Surya Sen Nagar,West Bengal,28,North 24 Parganas,337,North 24 Parganas,,22.7186,88.3781,3,surya-sen-nagar
IN,India,India,700117,Jeliapara,West Bengal,28,North 24 Parganas,337,Barrackpore,,22.7186,88.3781,3,jeliapara
IN,India,India,700118,Rahara,West Bengal,28,North 24 Parganas,337,North 24 Paraganas,,22.4656,88.7803,1,rahara
IN,India,India,700119,Titagarh,West Bengal,28,North 24 Parganas,337,NA,,22.7425,88.3733,4,titagarh
IN,India,India,700119,Bishalakshi Ghat,West Bengal,28,North 24 Parganas,337,NA,,22.4656,88.7803,3,bishalakshi-ghat
IN,India,India,700119,Patulia,West Bengal,28,North 24 Parganas,337,North 24 Paraganas,,22.4656,88.7803,3,patulia
IN,India,India,700119,Bandipur,West Bengal,28,North 24 Parganas,337,Barrackpur - I,,22.4656,88.7803,4,bandipur
IN,India,India,700119,Bramhasthan,West Bengal,28,North 24 Parganas,337,Titagarh],,22.4656,88.7803,3,bramhasthan
IN,India,India,700120,Barrackpore Bazar,West Bengal,28,North 24 Parganas,337,Barrackpore,,22.4656,88.7803,1,barrackpore-bazar
IN,India,India,700120,Ghosh Para Road,West Bengal,28,North 24 Parganas,337,Barrackpore,,22.4656,88.7803,1,ghosh-para-road
IN,India,India,700120,Vivekananda Math,West Bengal,28,North 24 Parganas,337,NA,,22.4656,88.7803,1,vivekananda-math
IN,India,India,700120,Orderly Bazar,West Bengal,28,North 24 Parganas,337,NA,,22.4656,88.7803,1,orderly-bazar
IN,India,India,700120,Barrackpore H.O,West Bengal,28,North 24 Parganas,337,Barrackpore,,22.4656,88.7803,1,barrackpore-h-o
IN,India,India,700120,Barrackpore Govt.Housing,West Bengal,28,North 24 Parganas,337,Barrackpore,,22.4656,88.7803,1,barrackpore-govt-housing
IN,India,India,700120,Nayapally,West Bengal,28,North 24 Parganas,337,NA,,22.4656,88.7803,1,nayapally
IN,India,India,700120,Monirampore,West Bengal,28,North 24 Parganas,337,NA,,22.4656,88.7803,1,monirampore
IN,India,India,700121,Nilganj Bazaar,West Bengal,28,North 24 Parganas,337,NA,,22.4656,88.7803,1,nilganj-bazaar
IN,India,India,700121,Sewli Telinipara,West Bengal,28,North 24 Parganas,337,NA,,22.4656,88.7803,1,sewli-telinipara
IN,India,India,700121,Suryapur,West Bengal,28,North 24 Parganas,337,NA,,22.4656,88.7803,1,suryapur
IN,India,India,700121,Beraberia,West Bengal,28,North 24 Parganas,337,NA,,22.4656,88.7803,1,beraberia
IN,India,India,700122,Jaffarpur,West Bengal,28,North 24 Parganas,337,N.c.pukur,,22.4656,88.7803,1,jaffarpur
IN,India,India,700122,Nonachandanpukur,West Bengal,28,North 24 Parganas,337,NA,,22.4656,88.7803,1,nonachandanpukur
IN,India,India,700122,Anandapuri,West Bengal,28,North 24 Parganas,337,Barrackpore,,22.4656,88.7803,1,anandapuri
IN,India,India,700123,Panpara (North 24 Parganas),West Bengal,28,North 24 Parganas,337,NA,,22.4656,88.7803,1,panpara-north-24-parganas
IN,India,India,700123,Barrackpore RS,West Bengal,28,North 24 Parganas,337,NA,,22.4656,88.7803,1,barrackpore-rs
IN,India,India,700123,Talpukur,West Bengal,28,North 24 Parganas,337,NA,,22.4656,88.7803,1,talpukur
IN,India,India,700124,Barasat Bazar,West Bengal,28,North 24 Parganas,337,Barasat - I,,22.4656,88.7803,1,barasat-bazar
IN,India,India,700124,Barasat H.O,West Bengal,28,North 24 Parganas,337,Barasat - I,,22.4656,88.7803,1,barasat-h-o
IN,India,India,700124,Sethpukur,West Bengal,28,North 24 Parganas,337,Barasat - I,,22.4656,88.7803,1,sethpukur
IN,India,India,700125,Kadambagachi,West Bengal,28,North 24 Parganas,337,Kadambagachi,,22.7572,88.4556,3,kadambagachi
IN,India,India,700125,Noapara Madhavpur,West Bengal,28,North 24 Parganas,337,Noapara Madhavpur,,22.7572,88.4556,3,noapara-madhavpur
IN,India,India,700125,Kamdevpur,West Bengal,28,North 24 Parganas,337,Kamdevpur,,22.7572,88.4556,3,kamdevpur
IN,India,India,700125,Kazipara,West Bengal,28,North 24 Parganas,337,Barasat - I,,22.7572,88.4556,3,kazipara
IN,India,India,700125,Mirhati,West Bengal,28,North 24 Parganas,337,Mirhati,,22.7572,88.4556,3,mirhati
IN,India,India,700125,Noapara (North 24 Parganas),West Bengal,28,North 24 Parganas,337,Noapara,,22.7572,88.4556,3,noapara-north-24-parganas
IN,India,India,700125,Khilkapur,West Bengal,28,North 24 Parganas,337,Khilkapur,,22.7572,88.4556,4,khilkapur
IN,India,India,700126,Bodai,West Bengal,28,North 24 Parganas,337,Bodai,,22.8004,88.4864,4,bodai
IN,India,India,700126,Nabapally,West Bengal,28,North 24 Parganas,337,Barasat - I,,22.4656,88.7803,3,nabapally
IN,India,India,700126,Jagannathpur,West Bengal,28,North 24 Parganas,337,Jagannathpur,,22.4656,88.7803,4,jagannathpur
IN,India,India,700126,Malikapur,West Bengal,28,North 24 Parganas,337,Malikapur,,22.4656,88.7803,3,malikapur
IN,India,India,700127,Hridaypur,West Bengal,28,North 24 Parganas,337,Barasat - I,,22.7017,88.4695,4,hridaypur
IN,India,India,700128,Kirtipur,West Bengal,28,North 24 Parganas,337,Kirtipur`,,22.4656,88.7803,4,kirtipur
IN,India,India,700128,Madanpur Krishnapur,West Bengal,28,North 24 Parganas,337,Madanpur Krishnapur,,22.4656,88.7803,3,madanpur-krishnapur
IN,India,India,700128,Bhagyamantapur,West Bengal,28,North 24 Parganas,337,Bhagyamantapur,,22.4656,88.7803,3,bhagyamantapur
IN,India,India,700128,Badu (North 24 Parganas),West Bengal,28,North 24 Parganas,337,Barasat - I,,22.688,88.5063,4,badu-north-24-parganas
IN,India,India,700128,Mudiahat,West Bengal,28,North 24 Parganas,337,Mudiahat,,22.4656,88.7803,3,mudiahat
IN,India,India,700129,Madhyamgram,West Bengal,28,North 24 Parganas,337,Barasat - II,,22.6894,88.4459,4,madhyamgram
IN,India,India,700129,Udayrajpur,West Bengal,28,North 24 Parganas,337,Barasat - II,,22.6894,88.4459,3,udayrajpur
IN,India,India,700129,East Udayrajpur,West Bengal,28,North 24 Parganas,337,Barasat - II,,22.6894,88.4459,3,east-udayrajpur
IN,India,India,700130,Madhyamgram Bazar,West Bengal,28,North 24 Parganas,337,Barasat - II,,22.4656,88.7803,1,madhyamgram-bazar
IN,India,India,700130,Taldharia Kapasia,West Bengal,28,North 24 Parganas,337,Barasat - II,,22.4656,88.7803,1,taldharia-kapasia
IN,India,India,700130,Korachandigarh,West Bengal,28,North 24 Parganas,337,Barrackpur - II,,22.4656,88.7803,1,korachandigarh
IN,India,India,700131,Newbarackpur,West Bengal,28,North 24 Parganas,337,Barrackpur - II,,22.4656,88.7803,1,newbarackpur
IN,India,India,700131,Aharampur,West Bengal,28,North 24 Parganas,337,Habra - I,,22.4656,88.7803,1,aharampur
IN,India,India,700131,Sajirhat,West Bengal,28,North 24 Parganas,337,Barrackpur - II,,22.4656,88.7803,1,sajirhat
IN,India,India,700131,Kodalia Agapur,West Bengal,28,North 24 Parganas,337,Barrackpur - II,,22.4656,88.7803,1,kodalia-agapur
IN,India,India,700132,Ganganagar (North 24 Parganas),West Bengal,28,North 24 Parganas,337,Barasat - II,,22.4656,88.7803,1,ganganagar-north-24-parganas
IN,India,India,700132,Ganti,West Bengal,28,North 24 Parganas,337,Ganti,,22.4656,88.7803,1,ganti
IN,India,India,700133,Michealnagar,West Bengal,28,North 24 Parganas,337,Barasat - II,,22.4656,88.7803,1,michealnagar
IN,India,India,700134,Nilachal,West Bengal,28,North 24 Parganas,337,North 24 Paraganas,,22.4656,88.7803,1,nilachal
IN,India,India,700135,Hatisala,West Bengal,28,North 24 Parganas,337,Hatisala,,22.4656,88.7803,4,hatisala
IN,India,India,700135,Shyamnagar,West Bengal,28,North 24 Parganas,337,Shyamnagar,,22.4656,88.7803,4,shyamnagar
IN,India,India,700135,Kamduni,West Bengal,28,North 24 Parganas,337,Kamduni,,22.5922,88.4311,3,kamduni
IN,India,India,700135,Machibhanga,West Bengal,28,North 24 Parganas,337,Machibhanga,,22.5922,88.4311,3,machibhanga
IN,India,India,700135,Kadampukur,West Bengal,28,North 24 Parganas,337,Kadampukur,,22.5922,88.4311,3,kadampukur
IN,India,India,700135,Rajarhat,West Bengal,28,North 24 Parganas,337,Rajarhat,,22.5922,88.4311,3,rajarhat
IN,India,India,700135,Kashinathpur,West Bengal,28,North 24 Parganas,337,Kashinathpur,,22.5922,88.4311,3,kashinathpur
IN,India,India,700135,Lauhati,West Bengal,28,North 24 Parganas,337,Rajarhat,,22.5922,88.4311,3,lauhati
IN,India,India,700135,Sikharpur,West Bengal,28,North 24 Parganas,337,Sikharpur,,22.5922,88.4311,3,sikharpur
IN,India,India,700135,Satbhaya,West Bengal,28,North 24 Parganas,337,Satbhaya,,22.5922,88.4311,3,satbhaya
IN,India,India,700135,Akandakeshari,West Bengal,28,North 24 Parganas,337,Akandakeshari,,22.5922,88.4311,3,akandakeshari
IN,India,India,700135,Rohanda,West Bengal,28,North 24 Parganas,337,Rohanda,,22.5922,88.4311,3,rohanda
IN,India,India,700135,Rajarhat Deara,West Bengal,28,North 24 Parganas,337,Rajarhat,,22.5922,88.4311,3,rajarhat-deara
IN,India,India,700135,Pithapukuria,West Bengal,28,North 24 Parganas,337,Pithapukuria,,22.5922,88.4311,3,pithapukuria
IN,India,India,700135,Matiaghata,West Bengal,28,North 24 Parganas,337,Matiaghata,,22.5922,88.4311,3,matiaghata
IN,India,India,700135,Bagu,West Bengal,28,North 24 Parganas,337,Bagu,,22.5922,88.4311,3,bagu
IN,India,India,700135,Rajarhat Bishnupur,West Bengal,28,North 24 Parganas,337,Bishnupur,,22.6154,88.4973,4,rajarhat-bishnupur
IN,India,India,700135,Patharghata,West Bengal,28,North 24 Parganas,337,Patharghata,,22.5685,88.5248,4,patharghata
IN,India,India,700135,Chandpur,West Bengal,28,North 24 Parganas,337,Rajarhat,,22.4656,88.7803,4,chandpur
IN,India,India,700136,Narayanpur,West Bengal,28,North 24 Parganas,337,Rajarhat,,22.7611,88.7615,4,narayanpur
IN,India,India,700136,Rajarhat Gopalpur,West Bengal,28,North 24 Parganas,337,Rajarhat,,22.7611,88.7615,3,rajarhat-gopalpur
IN,India,India,700155,Abdalpur,West Bengal,28,North 24 Parganas,337,Amdanga,,22.4656,88.7803,1,abdalpur
IN,India,India,700156,New Town,West Bengal,28,North 24 Parganas,337,New Town,,22.4656,88.7803,3,new-town
IN,India,India,700156,Hatgacha,West Bengal,28,North 24 Parganas,337,New Town,,22.4656,88.7803,4,hatgacha
IN,India,India,700156,Mahishbathan,West Bengal,28,North 24 Parganas,337,New Town,,22.4656,88.7803,3,mahishbathan
IN,India,India,700156,Chakpanchuria,West Bengal,28,North 24 Parganas,337,New Town,,22.4656,88.7803,3,chakpanchuria
IN,India,India,700157,Hatiara,West Bengal,28,North 24 Parganas,337,North 24 Pgs,,22.6028,88.4493,4,hatiara
IN,India,India,700157,Ghuni,West Bengal,28,North 24 Parganas,337,Hatiara,,22.6028,88.4493,3,ghuni
IN,India,India,700158,Bisharpara,West Bengal,28,North 24 Parganas,337,NA,,22.4656,88.7803,1,bisharpara
IN,India,India,700159,Ashwini Nagar,West Bengal,28,North 24 Parganas,337,Deshbandhunagar,,22.4656,88.7803,1,ashwini-nagar
IN,India,India,700159,Jyangra,West Bengal,28,North 24 Parganas,337,Aswini Nagar,,22.4656,88.7803,1,jyangra
IN,India,India,700160,New Town Action Area III,West Bengal,28,North 24 Parganas,337,NA,,22.4656,88.7803,1,new-town-action-area-iii
IN,India,India,700161,New Town Action Area II,West Bengal,28,North 24 Parganas,337,New Town,,22.4656,88.7803,1,new-town-action-area-ii
IN,India,India,700162,Gouranganagar,West Bengal,28,North 24 Parganas,337,Deshbandhunagar,,22.4656,88.7803,1,gouranganagar
IN,India,India,743122,Bengal Enamel,West Bengal,28,North 24 Parganas,337,Palta,,22.8347,88.4655,1,bengal-enamel
IN,India,India,743123,Muktarpur,West Bengal,28,North 24 Parganas,337,NA,,22.8664,88.4011,3,muktarpur
IN,India,India,743123,Bhatpara,West Bengal,28,North 24 Parganas,337,Bhatpara,,22.8664,88.4011,4,bhatpara
IN,India,India,743124,ESD (M),West Bengal,28,North 24 Parganas,337,Jagatdal,,22.8347,88.4655,1,esd-m
IN,India,India,743125,Jagatdal,West Bengal,28,North 24 Parganas,337,Jagatdal,,22.85,88.3833,4,jagatdal
IN,India,India,743125,Golghar,West Bengal,28,North 24 Parganas,337,Jagatdal,,22.85,88.3833,3,golghar
IN,India,India,743125,Gupter Bagan,West Bengal,28,North 24 Parganas,337,Jagatdal,,22.85,88.3833,3,gupter-bagan
IN,India,India,743126,Kushdanga,West Bengal,28,North 24 Parganas,337,NA,,22.8119,88.5798,3,kushdanga
IN,India,India,743126,Madral,West Bengal,28,North 24 Parganas,337,Barrackpur - I,,22.8119,88.5798,3,madral
IN,India,India,743126,Keotia,West Bengal,28,North 24 Parganas,337,NA,,22.8119,88.5798,3,keotia
IN,India,India,743126,Padmalavpur,West Bengal,28,North 24 Parganas,337,NA,,22.8119,88.5798,3,padmalavpur
IN,India,India,743126,Narayanpur,West Bengal,28,North 24 Parganas,337,Barrackpur - I,,22.7611,88.7615,4,narayanpur
IN,India,India,743126,Kankinara,West Bengal,28,North 24 Parganas,337,Kankinara,,22.8628,88.3981,4,kankinara
IN,India,India,743127,Mondalpara,West Bengal,28,North 24 Parganas,337,NA,,22.8333,88.3833,3,mondalpara
IN,India,India,743127,Paltapara,West Bengal,28,North 24 Parganas,337,NA,,22.8333,88.3833,3,paltapara
IN,India,India,743127,Gurdah,West Bengal,28,North 24 Parganas,337,NA,,22.8333,88.3833,3,gurdah
IN,India,India,743127,Kowgachi,West Bengal,28,North 24 Parganas,337,NA,,22.8333,88.3833,3,kowgachi
IN,India,India,743127,Purbabidyadharpur,West Bengal,28,North 24 Parganas,337,Barrackpur - I,,22.8333,88.3833,3,purbabidyadharpur
IN,India,India,743127,Feeder Road,West Bengal,28,North 24 Parganas,337,Shyamnagar,,22.8333,88.3833,3,feeder-road
IN,India,India,743127,Shyamnagar (North 24 Parganas),West Bengal,28,North 24 Parganas,337,Barrackpur - I,,22.8333,88.3833,3,shyamnagar-north-24-parganas
IN,India,India,743127,Mulajore,West Bengal,28,North 24 Parganas,337,NA,,22.8333,88.3833,4,mulajore
IN,India,India,743128,Athpur,West Bengal,28,North 24 Parganas,337,Athpur,,22.8347,88.4655,1,athpur
IN,India,India,743129,Fingapara,West Bengal,28,North 24 Parganas,337,Fingapara,,22.8347,88.4655,1,fingapara
IN,India,India,743130,Dogachia,West Bengal,28,North 24 Parganas,337,NA,,22.8767,88.585,4,dogachia
IN,India,India,743133,Pinkal,West Bengal,28,North 24 Parganas,337,NA,,22.8211,88.3744,3,pinkal
IN,India,India,743133,Garulia,West Bengal,28,North 24 Parganas,337,Garulia,,22.8211,88.3744,4,garulia
IN,India,India,743134,Halishahar,West Bengal,28,North 24 Parganas,337,Halishahar,,22.9322,88.4186,4,halishahar
IN,India,India,743135,Hazinagar,West Bengal,28,North 24 Parganas,337,Barrackpur - I,,22.4656,88.7803,3,hazinagar
IN,India,India,743135,Lalkuthi,West Bengal,28,North 24 Parganas,337,NA,,22.4656,88.7803,3,lalkuthi
IN,India,India,743135,Malancha,West Bengal,28,North 24 Parganas,337,NA,,22.4656,88.7803,4,malancha
IN,India,India,743135,Jetia,West Bengal,28,North 24 Parganas,337,Barrackpur - I,,22.4656,88.7803,3,jetia
IN,India,India,743136,Nabanagar,West Bengal,28,North 24 Parganas,337,NA,,22.708,88.409,1,nabanagar
IN,India,India,743144,Ichapur,West Bengal,28,North 24 Parganas,337,Ichapur,,22.805,88.3709,4,ichapur
IN,India,India,743144,Kantadhar,West Bengal,28,North 24 Parganas,337,Ichapur,,22.805,88.3709,3,kantadhar
IN,India,India,743144,Ichapur Nawabganj,West Bengal,28,North 24 Parganas,337,Ichapur,,22.805,88.3709,3,ichapur-nawabganj
IN,India,India,743144,P.S.Bureau,West Bengal,28,North 24 Parganas,337,Ichapur,,22.805,88.3709,3,p-s-bureau
IN,India,India,743144,Anandamath,West Bengal,28,North 24 Parganas,337,Ichapur,,22.805,88.3709,3,anandamath
IN,India,India,743144,Metal & Steel Factory,West Bengal,28,North 24 Parganas,337,NA,,22.805,88.3709,3,metal-steel-factory
IN,India,India,743144,Ichapur Rifle Factory,West Bengal,28,North 24 Parganas,337,Ichapur,,22.805,88.3709,3,ichapur-rifle-factory
IN,India,India,743145,Majhipara,West Bengal,28,North 24 Parganas,337,NA,,22.4656,88.7803,3,majhipara
IN,India,India,743145,Barajonepur,West Bengal,28,North 24 Parganas,337,Barrackpur - I,,22.4656,88.7803,3,barajonepur
IN,India,India,743145,Kanchrapara Loco Shop,West Bengal,28,North 24 Parganas,337,Kanchrapara,,22.4656,88.7803,3,kanchrapara-loco-shop
IN,India,India,743145,Palashi,West Bengal,28,North 24 Parganas,337,NA,,22.4656,88.7803,4,palashi
IN,India,India,743145,Binodnagar,West Bengal,28,North 24 Parganas,337,Kanchrapara,,22.4656,88.7803,3,binodnagar
IN,India,India,743145,Bagermore,West Bengal,28,North 24 Parganas,337,Kanchrapara,,22.4656,88.7803,3,bagermore
IN,India,India,743145,Chandmari Road,West Bengal,28,North 24 Parganas,337,Kanchrapara,,22.4656,88.7803,3,chandmari-road
IN,India,India,743145,Saliadaha,West Bengal,28,North 24 Parganas,337,NA,,22.4656,88.7803,3,saliadaha
IN,India,India,743145,Chandua,West Bengal,28,North 24 Parganas,337,NA,,22.4656,88.7803,3,chandua
IN,India,India,743145,Kanchrapara,West Bengal,28,North 24 Parganas,337,Kanchrapara,,22.4656,88.7803,4,kanchrapara
IN,India,India,743165,Naihati,West Bengal,28,North 24 Parganas,337,NA,,22.894,88.4152,4,naihati
IN,India,India,743165,Naihati Anandabazar,West Bengal,28,North 24 Parganas,337,NA,,22.894,88.4152,3,naihati-anandabazar
IN,India,India,743165,Puranandapally,West Bengal,28,North 24 Parganas,337,Barrackpur - I,,22.894,88.4152,3,puranandapally
IN,India,India,743166,Kuliagarh,West Bengal,28,North 24 Parganas,337,NA,,22.8982,88.4329,3,kuliagarh
IN,India,India,743166,Ramghat (North 24 Parganas),West Bengal,28,North 24 Parganas,337,NA,,22.8982,88.4329,3,ramghat-north-24-parganas
IN,India,India,743166,Madarpur,West Bengal,28,North 24 Parganas,337,NA,,22.8982,88.4329,3,madarpur
IN,India,India,743166,Gorifa,West Bengal,28,North 24 Parganas,337,Gorifa,,22.907,88.4133,4,gorifa
IN,India,India,743166,Mamudpur,West Bengal,28,North 24 Parganas,337,NA,,22.8895,88.4525,4,mamudpur
IN,India,India,743193,Kampa,West Bengal,28,North 24 Parganas,337,Kanchrapara,,22.8827,88.4194,1,kampa
IN,India,India,743194,Kelabagan,West Bengal,28,North 24 Parganas,337,Jagatdal,,22.8827,88.4194,1,kelabagan
IN,India,India,743194,Ramlakshi Busti Lane,West Bengal,28,North 24 Parganas,337,NA,,22.8827,88.4194,1,ramlakshi-busti-lane
IN,India,India,743221,Adhata,West Bengal,28,North 24 Parganas,337,Adhata,,22.8464,88.5736,1,adhata
IN,India,India,743221,Hishabi,West Bengal,28,North 24 Parganas,337,Hishabi,,22.8464,88.5736,1,hishabi
IN,India,India,743221,Sadhanpur Uludanga,West Bengal,28,North 24 Parganas,337,Sadhanpur Uludanga,,22.8464,88.5736,1,sadhanpur-uludanga
IN,India,India,743221,Arkhali Amdanga,West Bengal,28,North 24 Parganas,337,Amdanga,,22.8464,88.5736,1,arkhali-amdanga
IN,India,India,743222,Asoknagar,West Bengal,28,North 24 Parganas,337,Habra - II,,22.8464,88.5736,3,asoknagar
IN,India,India,743222,Iswarigacha,West Bengal,28,North 24 Parganas,337,Iswarigacha,,22.8464,88.5736,3,iswarigacha
IN,India,India,743222,Sabdalpur,West Bengal,28,North 24 Parganas,337,Sabdalpur,,22.8464,88.5736,4,sabdalpur
IN,India,India,743222,Asoknagar R/s,West Bengal,28,North 24 Parganas,337,Habra - II,,22.8464,88.5736,3,asoknagar-r-s
IN,India,India,743223,Haripur (North 24 Parganas),West Bengal,28,North 24 Parganas,337,Habra - II,,22.8464,88.5736,1,haripur-north-24-parganas
IN,India,India,743232,Mamabhagina,West Bengal,28,North 24 Parganas,337,Mambhagina,,23.2147,88.8863,3,mamabhagina
IN,India,India,743232,Mashyampur,West Bengal,28,North 24 Parganas,337,Mashyampur,,23.2147,88.8863,3,mashyampur
IN,India,India,743232,Hatkurulia,West Bengal,28,North 24 Parganas,337,Hatkurulia,,23.2147,88.8863,3,hatkurulia
IN,India,India,743232,Baksha,West Bengal,28,North 24 Parganas,337,Baksha,,23.2147,88.8863,3,baksha
IN,India,India,743232,Boyra,West Bengal,28,North 24 Parganas,337,Boyra,,23.2147,88.8863,3,boyra
IN,India,India,743232,Malidah,West Bengal,28,North 24 Parganas,337,Malidah,,23.2147,88.8863,3,malidah
IN,India,India,743232,Chandpur,West Bengal,28,North 24 Parganas,337,Chandpur,,22.4656,88.7803,3,chandpur
IN,India,India,743232,Bagdah,West Bengal,28,North 24 Parganas,337,Bagdah,,23.2147,88.8863,4,bagdah
IN,India,India,743233,Banipur (North 24 Parganas),West Bengal,28,North 24 Parganas,337,Habra - I,,23.0361,88.7773,1,banipur-north-24-parganas
IN,India,India,743233,Jesur Jeoldanga,West Bengal,28,North 24 Parganas,337,Jeoldanga,,23.0361,88.7773,1,jesur-jeoldanga
IN,India,India,743234,Sethpur,West Bengal,28,North 24 Parganas,337,Sethpur,,22.7774,88.5686,3,sethpur
IN,India,India,743234,Rowtara,West Bengal,28,North 24 Parganas,337,Rowtara,,22.7774,88.5686,3,rowtara
IN,India,India,743234,Talsa,West Bengal,28,North 24 Parganas,337,Talsa,,22.7774,88.5686,3,talsa
IN,India,India,743234,Laxmipul,West Bengal,28,North 24 Parganas,337,Laxmipul,,22.7774,88.5686,3,laxmipul
IN,India,India,743234,Bira Ballavepara,West Bengal,28,North 24 Parganas,337,Bira,,22.7774,88.5686,3,bira-ballavepara
IN,India,India,743234,Joypul,West Bengal,28,North 24 Parganas,337,Joypul,,22.7774,88.5686,4,joypul
IN,India,India,743235,Angrail,West Bengal,28,North 24 Parganas,337,Angrail,,23.0762,88.8272,3,angrail
IN,India,India,743235,Bongaon (North 24 Parganas),West Bengal,28,North 24 Parganas,337,Bangaon,,23.0455,88.8308,4,bongaon-north-24-parganas
IN,India,India,743235,Bangaon RS,West Bengal,28,North 24 Parganas,337,Bongaon,,23.0762,88.8272,3,bangaon-rs
IN,India,India,743235,Bangaon Bazar,West Bengal,28,North 24 Parganas,337,Bongaon,,23.0762,88.8272,3,bangaon-bazar
IN,India,India,743235,Ram Nagar Road,West Bengal,28,North 24 Parganas,337,Bongaon,,23.0762,88.8272,3,ram-nagar-road
IN,India,India,743235,Purantan Bongaon,West Bengal,28,North 24 Parganas,337,Purantan Bongaon,,23.0762,88.8272,3,purantan-bongaon
IN,India,India,743235,Ghatbour,West Bengal,28,North 24 Parganas,337,Ghatbour,,23.0762,88.8272,3,ghatbour
IN,India,India,743235,Subhashnagar (North 24 Parganas),West Bengal,28,North 24 Parganas,337,Bongaon,,23.0762,88.8272,3,subhashnagar-north-24-parganas
IN,India,India,743235,Dinabandhunagar,West Bengal,28,North 24 Parganas,337,Bongaon,,23.0762,88.8272,3,dinabandhunagar
IN,India,India,743235,Dharampukuria,West Bengal,28,North 24 Parganas,337,Dharampukuria,,23.0762,88.8272,3,dharampukuria
IN,India,India,743235,Nakpul,West Bengal,28,North 24 Parganas,337,Nakpul,,23.0762,88.8272,3,nakpul
IN,India,India,743235,Champaberia,West Bengal,28,North 24 Parganas,337,Bongaon,,23.0762,88.8272,3,champaberia
IN,India,India,743235,Boaldah,West Bengal,28,North 24 Parganas,337,Boaldah,,23.0762,88.8272,3,boaldah
IN,India,India,743235,Motiganj (North 24 Parganas),West Bengal,28,North 24 Parganas,337,Bongaon,,23.0762,88.8272,3,motiganj-north-24-parganas
IN,India,India,743235,Barnaberia,West Bengal,28,North 24 Parganas,337,Bongaon,,23.0762,88.8272,3,barnaberia
IN,India,India,743235,Korarbagan,West Bengal,28,North 24 Parganas,337,Bongaon,,23.0762,88.8272,3,korarbagan
IN,India,India,743235,Kalupur,West Bengal,28,North 24 Parganas,337,Kalupur,,23.0762,88.8272,3,kalupur
IN,India,India,743235,Nutungram,West Bengal,28,North 24 Parganas,337,Bongaon,,23.0762,88.8272,3,nutungram
IN,India,India,743235,Panchita,West Bengal,28,North 24 Parganas,337,Panchita,,23.1069,88.8236,4,panchita
IN,India,India,743245,Jhikra,West Bengal,28,North 24 Parganas,337,Jhikra,,22.6653,88.7037,4,jhikra
IN,India,India,743245,Dogachhia Monmohanpur,West Bengal,28,North 24 Parganas,337,Monmohanpur,,22.4656,88.7803,3,dogachhia-monmohanpur
IN,India,India,743245,Tetulbaria,West Bengal,28,North 24 Parganas,337,Tetulbaria,,22.4656,88.7803,3,tetulbaria
IN,India,India,743245,Duma,West Bengal,28,North 24 Parganas,337,Duma,,22.4656,88.7803,3,duma
IN,India,India,743245,Sassadanga,West Bengal,28,North 24 Parganas,337,Sasadanga,,22.4656,88.7803,3,sassadanga
IN,India,India,743245,Kharua Rajapur,West Bengal,28,North 24 Parganas,337,Kharua Rajapur,,22.4656,88.7803,3,kharua-rajapur
IN,India,India,743245,Kaipukuria,West Bengal,28,North 24 Parganas,337,Kaipukuria,,22.4656,88.7803,3,kaipukuria
IN,India,India,743245,Kahankia,West Bengal,28,North 24 Parganas,337,Kahankia,,22.4656,88.7803,3,kahankia
IN,India,India,743245,Jhawdanga,West Bengal,28,North 24 Parganas,337,Jhawdanga,,22.4656,88.7803,3,jhawdanga
IN,India,India,743245,Goalbathan,West Bengal,28,North 24 Parganas,337,Goalbathan,,22.4656,88.7803,3,goalbathan
IN,India,India,743245,Dhakuria Kali Bari,West Bengal,28,North 24 Parganas,337,Gaighata,,22.4656,88.7803,3,dhakuria-kali-bari
IN,India,India,743245,Chekati,West Bengal,28,North 24 Parganas,337,Chekati,,22.4656,88.7803,3,chekati
IN,India,India,743245,Chand Para Bazar,West Bengal,28,North 24 Parganas,337,Chandpara,,22.4656,88.7803,3,chand-para-bazar
IN,India,India,743245,Ballavpur,West Bengal,28,North 24 Parganas,337,Ballavpur,,22.4656,88.7803,3,ballavpur
IN,India,India,743245,Baikara,West Bengal,28,North 24 Parganas,337,Baikara,,22.4656,88.7803,3,baikara
IN,India,India,743245,Mothuadham Mondalpara,West Bengal,28,North 24 Parganas,337,Chandpara,,22.4656,88.7803,3,mothuadham-mondalpara
IN,India,India,743245,Digha,West Bengal,28,North 24 Parganas,337,Digha,,22.4656,88.7803,4,digha
IN,India,India,743247,Deara,West Bengal,28,North 24 Parganas,337,Deara,,22.4656,88.7803,3,deara
IN,India,India,743247,Dakshin Chatra,West Bengal,28,North 24 Parganas,337,Chatra,,22.4656,88.7803,3,dakshin-chatra
IN,India,India,743247,Ramchandrapur Khaspur,West Bengal,28,North 24 Parganas,337,Ramchandrapur Khaspur,,22.4656,88.7803,3,ramchandrapur-khaspur
IN,India,India,743247,Kachdaha,West Bengal,28,North 24 Parganas,337,Kachdaha,,22.4656,88.7803,3,kachdaha
IN,India,India,743247,Kapileswarpur,West Bengal,28,North 24 Parganas,337,Kapileswarpur,,22.4656,88.7803,3,kapileswarpur
IN,India,India,743247,Barghorai,West Bengal,28,North 24 Parganas,337,Barghorai,,22.4656,88.7803,3,barghorai
IN,India,India,743247,Charghat,West Bengal,28,North 24 Parganas,337,Charghat,,22.4656,88.7803,3,charghat
IN,India,India,743247,Chandipur,West Bengal,28,North 24 Parganas,337,Chandipur,,22.4656,88.7803,4,chandipur
IN,India,India,743247,Salua,West Bengal,28,North 24 Parganas,337,Salua,,22.6386,88.4458,4,salua
IN,India,India,743248,Digha,West Bengal,28,North 24 Parganas,337,Digha,,22.4656,88.7803,4,digha
IN,India,India,743248,Bamangachi,West Bengal,28,North 24 Parganas,337,Bamangachi,,22.4656,88.7803,3,bamangachi
IN,India,India,743248,Duttapukur,West Bengal,28,North 24 Parganas,337,Barasat - I,,22.7711,88.5396,4,duttapukur
IN,India,India,743248,Adikashimpur,West Bengal,28,North 24 Parganas,337,Adhikashimpur,,22.4656,88.7803,3,adikashimpur
IN,India,India,743249,Amankandi,West Bengal,28,North 24 Parganas,337,Amandikandi,,22.4656,88.7803,3,amankandi
IN,India,India,743249,Colony Simulia,West Bengal,28,North 24 Parganas,337,Colony Simulia,,22.4656,88.7803,3,colony-simulia
IN,India,India,743249,Ghonza,West Bengal,28,North 24 Parganas,337,Ghonza,,22.4656,88.7803,3,ghonza
IN,India,India,743249,Gutri,West Bengal,28,North 24 Parganas,337,Gotri,,22.4656,88.7803,3,gutri
IN,India,India,743249,Jaleswar,West Bengal,28,North 24 Parganas,337,Jaleswar,,22.4656,88.7803,3,jaleswar
IN,India,India,743249,Rampur Bhatpara,West Bengal,28,North 24 Parganas,337,Rampur Bhatpara,,22.4656,88.7803,3,rampur-bhatpara
IN,India,India,743249,Natagram,West Bengal,28,North 24 Parganas,337,Natagram,,22.4656,88.7803,3,natagram
IN,India,India,743249,Dharampur,West Bengal,28,North 24 Parganas,337,Dharampur,,22.4656,88.7803,4,dharampur
IN,India,India,743249,Gaighata,West Bengal,28,North 24 Parganas,337,Gaighata,,22.9361,88.7336,4,gaighata
IN,India,India,743251,Ghatpatila,West Bengal,28,North 24 Parganas,337,Ghatpatila,,22.4656,88.7803,3,ghatpatila
IN,India,India,743251,Pathsimulia,West Bengal,28,North 24 Parganas,337,Pathsimulia,,22.4656,88.7803,3,pathsimulia
IN,India,India,743251,Tangra Colony,West Bengal,28,North 24 Parganas,337,Tangra,,22.4656,88.7803,3,tangra-colony
IN,India,India,743251,Amdobe,West Bengal,28,North 24 Parganas,337,Amdobe,,22.4656,88.7803,3,amdobe
IN,India,India,743251,Sundarpur,West Bengal,28,North 24 Parganas,337,Sundarpur,,22.4656,88.7803,4,sundarpur
IN,India,India,743251,Asharu,West Bengal,28,North 24 Parganas,337,Asharu,,22.4656,88.7803,3,asharu
IN,India,India,743251,Mahananda Para,West Bengal,28,North 24 Parganas,337,Bagda,,22.4656,88.7803,3,mahananda-para
IN,India,India,743251,Murighata,West Bengal,28,North 24 Parganas,337,Bongaon,,22.4656,88.7803,3,murighata
IN,India,India,743251,Baliadanga,West Bengal,28,North 24 Parganas,337,Baliadanga,,22.4656,88.7803,3,baliadanga
IN,India,India,743251,Ranihati,West Bengal,28,North 24 Parganas,337,Ranihati,,22.4656,88.7803,3,ranihati
IN,India,India,743251,Dakshin Panchpota,West Bengal,28,North 24 Parganas,337,Panchpota,,22.4656,88.7803,3,dakshin-panchpota
IN,India,India,743251,Karanga,West Bengal,28,North 24 Parganas,337,Karanga,,22.4656,88.7803,3,karanga
IN,India,India,743251,Bagangram,West Bengal,28,North 24 Parganas,337,Bagangram,,22.4656,88.7803,3,bagangram
IN,India,India,743251,Koniara,West Bengal,28,North 24 Parganas,337,Koniara,,22.4656,88.7803,3,koniara
IN,India,India,743251,Krishnachandapur,West Bengal,28,North 24 Parganas,337,Krishnachandapur,,22.4656,88.7803,3,krishnachandapur
IN,India,India,743251,Jagadishpur,West Bengal,28,North 24 Parganas,337,Jagadishpur,,22.4656,88.7803,4,jagadishpur
IN,India,India,743251,Ambikapur Mamudpur,West Bengal,28,North 24 Parganas,337,Ambikapur,,23.1303,88.7566,4,ambikapur-mamudpur
IN,India,India,743251,Bharatpur,West Bengal,28,North 24 Parganas,337,Bharatpur,,22.4656,88.7803,4,bharatpur
IN,India,India,743251,Beara,West Bengal,28,North 24 Parganas,337,Beara,,23.1828,88.7963,4,beara
IN,India,India,743251,Ganrapota,West Bengal,28,North 24 Parganas,337,Ganrapota,,23.1333,88.8193,4,ganrapota
IN,India,India,743251,Gobrapur,West Bengal,28,North 24 Parganas,337,Gobrapur,,23.1308,88.8143,4,gobrapur
IN,India,India,743251,Gazipur,West Bengal,28,North 24 Parganas,337,Gazipur,,23.1364,88.771,4,gazipur
IN,India,India,743252,Nakpul Kuchlia,West Bengal,28,North 24 Parganas,337,Nakpul Kuchlia,,22.8774,88.7548,3,nakpul-kuchlia
IN,India,India,743252,Gobardanga,West Bengal,28,North 24 Parganas,337,Habra - I,,22.8774,88.7548,4,gobardanga
IN,India,India,743252,Gobardanga Ichapur,West Bengal,28,North 24 Parganas,337,Gobardanga,,22.8774,88.7548,3,gobardanga-ichapur
IN,India,India,743252,Gaipur,West Bengal,28,North 24 Parganas,337,Habra - I,,22.8774,88.7548,3,gaipur
IN,India,India,743252,Sarkarpara Kuthipara,West Bengal,28,North 24 Parganas,337,Habra - I,,22.8774,88.7548,3,sarkarpara-kuthipara
IN,India,India,743262,Barrackpore Sripalli,West Bengal,28,North 24 Parganas,337,Barrackpore Sripalli,,22.4656,88.7803,3,barrackpore-sripalli
IN,India,India,743262,Madiahat,West Bengal,28,North 24 Parganas,337,Madiahat,,22.4656,88.7803,3,madiahat
IN,India,India,743262,Simulia,West Bengal,28,North 24 Parganas,337,Simulia,,22.4656,88.7803,4,simulia
IN,India,India,743262,Bairampur,West Bengal,28,North 24 Parganas,337,Bairampur,,22.4656,88.7803,3,bairampur
IN,India,India,743262,Satberia,West Bengal,28,North 24 Parganas,337,Satberi,,22.4656,88.7803,3,satberia
IN,India,India,743262,Gopalnagar (North 24 Parganas),West Bengal,28,North 24 Parganas,337,Gopalnagar,,22.4656,88.7803,3,gopalnagar-north-24-parganas
IN,India,India,743263,Salua Govt. Colony,West Bengal,28,North 24 Parganas,337,Salua,,22.4656,88.7803,3,salua-govt-colony
IN,India,India,743263,Bergoom,West Bengal,28,North 24 Parganas,337,Bergoom,,22.4656,88.7803,3,bergoom
IN,India,India,743263,Fultala,West Bengal,28,North 24 Parganas,337,Fultala,,22.4656,88.7803,3,fultala
IN,India,India,743263,Ganadipayan,West Bengal,28,North 24 Parganas,337,Habra - I,,22.4656,88.7803,3,ganadipayan
IN,India,India,743263,Harba Srinagar,West Bengal,28,North 24 Parganas,337,Habra - I,,22.4656,88.7803,3,harba-srinagar
IN,India,India,743263,Hatthuba,West Bengal,28,North 24 Parganas,337,Habra - I,,22.4656,88.7803,3,hatthuba
IN,India,India,743263,Janaphul,West Bengal,28,North 24 Parganas,337,Janaphul,,22.4656,88.7803,3,janaphul
IN,India,India,743263,Manicktala,West Bengal,28,North 24 Parganas,337,Habra - II,,22.4656,88.7803,3,manicktala
IN,India,India,743263,Akrampur,West Bengal,28,North 24 Parganas,337,Habra - I,,22.4656,88.7803,3,akrampur
IN,India,India,743263,Habra,West Bengal,28,North 24 Parganas,337,Habra - I,,22.842,88.6561,4,habra
IN,India,India,743263,Putia,West Bengal,28,North 24 Parganas,337,Putia,,22.4656,88.7803,4,putia
IN,India,India,743268,Habra Prafulla Nagar,West Bengal,28,North 24 Parganas,337,Habra - I,,22.4656,88.7803,1,habra-prafulla-nagar
IN,India,India,743270,Kulia,West Bengal,28,North 24 Parganas,337,Kulia,,22.4656,88.7803,3,kulia
IN,India,India,743270,Helencha Colony,West Bengal,28,North 24 Parganas,337,H Colony,,22.4656,88.7803,3,helencha-colony
IN,India,India,743270,Baneswarpur,West Bengal,28,North 24 Parganas,337,Baneswarpur,,22.4656,88.7803,3,baneswarpur
IN,India,India,743270,Berbari,West Bengal,28,North 24 Parganas,337,Berabari,,22.4656,88.7803,3,berbari
IN,India,India,743270,Bhawanipur,West Bengal,28,North 24 Parganas,337,Bhawanipur,,22.4656,88.7803,4,bhawanipur
IN,India,India,743270,Kumarkhola,West Bengal,28,North 24 Parganas,337,Kumarkhola,,22.4656,88.7803,3,kumarkhola
IN,India,India,743271,Hijalpukuria,West Bengal,28,North 24 Parganas,337,Habra - I,,22.4656,88.7803,1,hijalpukuria
IN,India,India,743271,Sonakenia,West Bengal,28,North 24 Parganas,337,Sonakenia,,22.4656,88.7803,1,sonakenia
IN,India,India,743271,Kumra Kashipur,West Bengal,28,North 24 Parganas,337,Kumra,,22.4656,88.7803,1,kumra-kashipur
IN,India,India,743272,Samudrapur,West Bengal,28,North 24 Parganas,337,Samudrapur,,22.8624,88.5891,4,samudrapur
IN,India,India,743272,Kankpul,West Bengal,28,North 24 Parganas,337,Habra - II,,22.8633,88.6131,3,kankpul
IN,India,India,743272,Sendanga,West Bengal,28,North 24 Parganas,337,Sendanga,,22.8633,88.6131,3,sendanga
IN,India,India,743272,Kalyangarh,West Bengal,28,North 24 Parganas,337,Habra - II,,22.8642,88.637,4,kalyangarh
IN,India,India,743273,Panchpota,West Bengal,28,North 24 Parganas,337,Panchpota,,22.9182,88.8563,4,panchpota
IN,India,India,743273,Ramnagar,West Bengal,28,North 24 Parganas,337,Ramnagar,,22.9078,88.8599,4,ramnagar
IN,India,India,743273,Taranipur,West Bengal,28,North 24 Parganas,337,Habra - I,,22.881,88.8719,4,taranipur
IN,India,India,743273,Gobinda Pur,West Bengal,28,North 24 Parganas,337,Gobindapur,,22.4656,88.7803,3,gobinda-pur
IN,India,India,743273,Hakimpur,West Bengal,28,North 24 Parganas,337,Hakimpur,,22.4656,88.7803,3,hakimpur
IN,India,India,743273,Balti,West Bengal,28,North 24 Parganas,337,Balti,,22.4656,88.7803,3,balti
IN,India,India,743273,East Bishnupur,West Bengal,28,North 24 Parganas,337,East Bishnupur,,22.4656,88.7803,3,east-bishnupur
IN,India,India,743273,Madia,West Bengal,28,North 24 Parganas,337,Swarupnagar,,22.4656,88.7803,3,madia
IN,India,India,743273,Amudia,West Bengal,28,North 24 Parganas,337,Amudia,,22.4656,88.7803,3,amudia
IN,India,India,743273,Nityanandakati,West Bengal,28,North 24 Parganas,337,Nityananda Kati,,22.4656,88.7803,3,nityanandakati
IN,India,India,743273,Saguna,West Bengal,28,North 24 Parganas,337,Saguna,,22.4656,88.7803,3,saguna
IN,India,India,743273,Sakdah Jadabpur,West Bengal,28,North 24 Parganas,337,Sakdah Jadapur,,22.4656,88.7803,3,sakdah-jadabpur
IN,India,India,743273,Sutia Barasat,West Bengal,28,North 24 Parganas,337,Sutia,,22.4656,88.7803,3,sutia-barasat
IN,India,India,743273,Purandarpur,West Bengal,28,North 24 Parganas,337,Purandarpur,,22.4656,88.7803,4,purandarpur
IN,India,India,743273,Khantura,West Bengal,28,North 24 Parganas,337,Habra - I,,22.4656,88.7803,3,khantura
IN,India,India,743273,Gunrajpur,West Bengal,28,North 24 Parganas,337,Habra - I,,22.4656,88.7803,3,gunrajpur
IN,India,India,743286,Tentulia,West Bengal,28,North 24 Parganas,337,Swarupnagar,,22.4656,88.7803,4,tentulia
IN,India,India,743286,Duttapara,West Bengal,28,North 24 Parganas,337,Duttapara,,22.4656,88.7803,3,duttapara
IN,India,India,743286,Banglani,West Bengal,28,North 24 Parganas,337,Banglani,,22.4656,88.7803,3,banglani
IN,India,India,743286,Kantabagan,West Bengal,28,North 24 Parganas,337,Kantabagan,,22.4656,88.7803,3,kantabagan
IN,India,India,743286,Sanrapul,West Bengal,28,North 24 Parganas,337,Sanrapul,,22.4656,88.7803,3,sanrapul
IN,India,India,743286,Bithari,West Bengal,28,North 24 Parganas,337,Bithari,,22.4656,88.7803,3,bithari
IN,India,India,743286,Gokulpur,West Bengal,28,North 24 Parganas,337,Gokulpur,,22.7782,88.8491,4,gokulpur
IN,India,India,743286,Swarupnagar,West Bengal,28,North 24 Parganas,337,Swarupnagar,,22.8142,88.8318,4,swarupnagar
IN,India,India,743286,Nirman,West Bengal,28,North 24 Parganas,337,Swarupnagar,,22.8433,88.8811,4,nirman
IN,India,India,743287,Chikanpara,West Bengal,28,North 24 Parganas,337,Chikanpara,,22.4656,88.7803,1,chikanpara
IN,India,India,743287,Colony Ramchandra Pur,West Bengal,28,North 24 Parganas,337,Ramchandra Pur,,22.4656,88.7803,1,colony-ramchandra-pur
IN,India,India,743287,Thakurnagar,West Bengal,28,North 24 Parganas,337,Gaighata,,22.4656,88.7803,1,thakurnagar
IN,India,India,743289,Simulpur,West Bengal,28,North 24 Parganas,337,Simulpur,,22.4656,88.7803,3,simulpur
IN,India,India,743289,Ghoshpur,West Bengal,28,North 24 Parganas,337,Ghoshpur,,22.4656,88.7803,4,ghoshpur
IN,India,India,743289,Uludanga,West Bengal,28,North 24 Parganas,337,Uludanga,,22.4656,88.7803,3,uludanga
IN,India,India,743289,Rajballavpur,West Bengal,28,North 24 Parganas,337,Rajballapur,,22.4656,88.7803,3,rajballavpur
IN,India,India,743289,Maslandapur,West Bengal,28,North 24 Parganas,337,Habra - I,,22.4656,88.7803,4,maslandapur
IN,India,India,743290,Nahata,West Bengal,28,North 24 Parganas,337,Naahata,,22.4656,88.7803,4,nahata
IN,India,India,743290,Taranipur,West Bengal,28,North 24 Parganas,337,Taranipur,,22.881,88.8719,4,taranipur
IN,India,India,743290,Chowberia,West Bengal,28,North 24 Parganas,337,Chowberia,,23.1467,88.803,3,chowberia
IN,India,India,743290,Satashi,West Bengal,28,North 24 Parganas,337,Satashi,,23.1467,88.803,3,satashi
IN,India,India,743290,Hingli,West Bengal,28,North 24 Parganas,337,Hingli,,23.1467,88.803,3,hingli
IN,India,India,743290,Ramshankarpur,West Bengal,28,North 24 Parganas,337,Ramshankarpur,,23.1467,88.803,3,ramshankarpur
IN,India,India,743290,Dighari,West Bengal,28,North 24 Parganas,337,Dighari,,23.1467,88.803,3,dighari
IN,India,India,743291,Mominpur,West Bengal,28,North 24 Parganas,337,Mominpur,,22.78,88.6252,3,mominpur
IN,India,India,743291,Champapukur,West Bengal,28,North 24 Parganas,337,Basirhat,,22.6632,88.8112,4,champapukur
IN,India,India,743291,Rajendrapur,West Bengal,28,North 24 Parganas,337,Rajendrapur,,22.8968,88.4392,4,rajendrapur
IN,India,India,743292,Sibhati,West Bengal,28,North 24 Parganas,337,Sibhati,,22.6809,88.9039,3,sibhati
IN,India,India,743292,Badartala,West Bengal,28,North 24 Parganas,337,Basirhat - I,,22.6809,88.9039,3,badartala
IN,India,India,743292,Gachha,West Bengal,28,North 24 Parganas,337,Basirhat - I,,22.6809,88.9039,3,gachha
IN,India,India,743292,Panitar,West Bengal,28,North 24 Parganas,337,Panitar,,22.6809,88.9039,3,panitar
IN,India,India,743292,Itinda,West Bengal,28,North 24 Parganas,337,Itinda,,22.6773,88.9167,4,itinda
IN,India,India,743292,Merudandi,West Bengal,28,North 24 Parganas,337,Merudandi,,22.6846,88.8911,4,merudandi
IN,India,India,743293,Kachua Swarupnagar,West Bengal,28,North 24 Parganas,337,Kachua Swarupnagar,,22.7371,88.7422,3,kachua-swarupnagar
IN,India,India,743293,Gokna,West Bengal,28,North 24 Parganas,337,Gokna,,22.7371,88.7422,3,gokna
IN,India,India,743293,Eojnagar,West Bengal,28,North 24 Parganas,337,Eojnagar,,22.7371,88.7422,3,eojnagar
IN,India,India,743293,Jadurhati,West Bengal,28,North 24 Parganas,337,Jadurhati,,22.7371,88.7422,4,jadurhati
IN,India,India,743294,Chhoto Jagulia,West Bengal,28,North 24 Parganas,337,Chhoto Jagulia,,22.7343,88.5795,3,chhoto-jagulia
IN,India,India,743294,Naksha,West Bengal,28,North 24 Parganas,337,Naksha,,22.7343,88.5795,3,naksha
IN,India,India,743294,Bohara,West Bengal,28,North 24 Parganas,337,Bohara,,22.7343,88.5795,3,bohara
IN,India,India,743294,Nimdaria,West Bengal,28,North 24 Parganas,337,Nimdaria,,22.7343,88.5795,4,nimdaria
IN,India,India,743297,Mongalganj,West Bengal,28,North 24 Parganas,337,Bagda,,22.8358,88.7482,1,mongalganj
IN,India,India,743297,Sindrani,West Bengal,28,North 24 Parganas,337,Sindrani,,22.8358,88.7482,1,sindrani
IN,India,India,743297,Nataberia,West Bengal,28,North 24 Parganas,337,Nataberia,,22.8358,88.7482,1,nataberia
IN,India,India,743297,Naldugri,West Bengal,28,North 24 Parganas,337,Bagda,,22.8358,88.7482,1,naldugri
IN,India,India,743297,Thoara,West Bengal,28,North 24 Parganas,337,Thoara,,22.8358,88.7482,1,thoara
IN,India,India,743329,Jeliakhali Paschimkhanda,West Bengal,28,North 24 Parganas,337,Sandeshkhali - II,,22.4656,88.7803,3,jeliakhali-paschimkhanda
IN,India,India,743401,Buruj,West Bengal,28,North 24 Parganas,337,Buruj,,22.4656,88.7803,4,buruj
IN,India,India,743401,Andharmanik,West Bengal,28,North 24 Parganas,337,Baduria,,22.4656,88.7803,4,andharmanik
IN,India,India,743401,Naya Basti,West Bengal,28,North 24 Parganas,337,Naya Basti,,22.4656,88.7803,3,naya-basti
IN,India,India,743401,Bena,West Bengal,28,North 24 Parganas,337,Bena,,22.5103,88.9361,4,bena
IN,India,India,743401,Raghunathpur,West Bengal,28,North 24 Parganas,337,Raghunathpur,,22.6823,88.8278,4,raghunathpur
IN,India,India,743401,Jasaikati,West Bengal,28,North 24 Parganas,337,Jasaikati,,22.7583,88.8028,4,jasaikati
IN,India,India,743401,Baduria,West Bengal,28,North 24 Parganas,337,Baduria,,22.7443,88.7865,4,baduria
IN,India,India,743401,Rudrapur,West Bengal,28,North 24 Parganas,337,Baduria,,22.7688,88.768,4,rudrapur
IN,India,India,743401,Taragunia,West Bengal,28,North 24 Parganas,337,Taragunia,,22.6259,88.6827,3,taragunia
IN,India,India,743401,Simulia Durgapur,West Bengal,28,North 24 Parganas,337,Simulia Durgapur,,22.6259,88.6827,3,simulia-durgapur
IN,India,India,743405,Petrapole,West Bengal,28,North 24 Parganas,337,Petrapole,,22.6259,88.6827,1,petrapole
IN,India,India,743405,Chhoygharia,West Bengal,28,North 24 Parganas,337,Chaigharia,,22.6259,88.6827,1,chhoygharia
IN,India,India,743405,Khalitpur,West Bengal,28,North 24 Parganas,337,Khalitpur,,22.6259,88.6827,1,khalitpur
IN,India,India,743411,Basirhat Bazar,West Bengal,28,North 24 Parganas,337,Basirhat - I,,22.8337,88.8136,1,basirhat-bazar
IN,India,India,743411,Basirhat H.O,West Bengal,28,North 24 Parganas,337,Basirhat - I,,22.8337,88.8136,1,basirhat-h-o
IN,India,India,743412,Basirhat RS,West Bengal,28,North 24 Parganas,337,Basirhat - I,,22.8337,88.8136,3,basirhat-rs
IN,India,India,743412,Basirhat College,West Bengal,28,North 24 Parganas,337,Basirhat - I,,22.8337,88.8136,3,basirhat-college
IN,India,India,743412,Harishpur,West Bengal,28,North 24 Parganas,337,Basirhat - I,,23.0289,88.7326,4,harishpur
IN,India,India,743412,Karnolkora,West Bengal,28,North 24 Parganas,337,Karnolkora,,22.8337,88.8136,3,karnolkora
IN,India,India,743412,Dhaltita,West Bengal,28,North 24 Parganas,337,Dhaltita,,22.8337,88.8136,3,dhaltita
IN,India,India,743412,Dandirhat,West Bengal,28,North 24 Parganas,337,Dandirhat,,22.6384,88.8947,4,dandirhat
IN,India,India,743422,Gotra,West Bengal,28,North 24 Parganas,337,Gotra,,22.6191,88.8788,4,gotra
IN,India,India,743422,Paikparahat,West Bengal,28,North 24 Parganas,337,Paikparahat,,22.6191,88.8788,3,paikparahat
IN,India,India,743422,Makhalgacha,West Bengal,28,North 24 Parganas,337,Makhalgacha,,22.6191,88.8788,3,makhalgacha
IN,India,India,743422,Biramnagar,West Bengal,28,North 24 Parganas,337,Biramnagar,,22.6191,88.8788,3,biramnagar
IN,India,India,743422,Bhabla,West Bengal,28,North 24 Parganas,337,Basirhat - I,,22.6191,88.8788,3,bhabla
IN,India,India,743422,Zirakpur,West Bengal,28,North 24 Parganas,337,Zirakpur,,22.6191,88.8788,3,zirakpur
IN,India,India,743422,Sangrampur,West Bengal,28,North 24 Parganas,337,Sangrampur,,22.6191,88.8788,3,sangrampur
IN,India,India,743422,Pifa,West Bengal,28,North 24 Parganas,337,Pifa,,22.6191,88.8788,3,pifa
IN,India,India,743422,Kathur,West Bengal,28,North 24 Parganas,337,Kathur,,22.6191,88.8788,3,kathur
IN,India,India,743423,Kaliani,West Bengal,28,North 24 Parganas,337,Kaliani,,22.6856,88.4668,3,kaliani
IN,India,India,743423,Phazilpur,West Bengal,28,North 24 Parganas,337,Phazilpur,,22.6856,88.4668,3,phazilpur
IN,India,India,743423,Sohai Kumarpur,West Bengal,28,North 24 Parganas,337,Sohaikumarpur,,22.6856,88.4668,3,sohai-kumarpur
IN,India,India,743423,Golabari Bazar,West Bengal,28,North 24 Parganas,337,Barasat - II,,22.6856,88.4668,3,golabari-bazar
IN,India,India,743423,Karua Chandpur,West Bengal,28,North 24 Parganas,337,Deganga,,22.6856,88.4668,3,karua-chandpur
IN,India,India,743423,Gobardhanpur,West Bengal,28,North 24 Parganas,337,Gobardhanpur,,22.6856,88.4668,3,gobardhanpur
IN,India,India,743423,Bhasila,West Bengal,28,North 24 Parganas,337,Bhasila,,22.6856,88.4668,3,bhasila
IN,India,India,743423,Ramnathpur,West Bengal,28,North 24 Parganas,337,Ramnathpur,,22.6856,88.4668,3,ramnathpur
IN,India,India,743423,Beliaghata Bridge,West Bengal,28,North 24 Parganas,337,Deganga,,22.6856,88.4668,3,beliaghata-bridge
IN,India,India,743423,Maslishpur,West Bengal,28,North 24 Parganas,337,Maslishpur,,22.6856,88.4668,3,maslishpur
IN,India,India,743423,Deganga,West Bengal,28,North 24 Parganas,337,Deganga,,22.6876,88.6517,4,deganga
IN,India,India,743423,Sasan,West Bengal,28,North 24 Parganas,337,Sashan,,22.6541,88.5771,4,sasan
IN,India,India,743423,Sandalia,West Bengal,28,North 24 Parganas,337,Barasat - II,,22.6856,88.4668,3,sandalia
IN,India,India,743423,Parulia,West Bengal,28,North 24 Parganas,337,Deganga,,22.4656,88.7803,4,parulia
IN,India,India,743423,Baidyapur,West Bengal,28,North 24 Parganas,337,Baidyapur,,22.4656,88.7803,4,baidyapur
IN,India,India,743423,Belpur,West Bengal,28,North 24 Parganas,337,Belpur,,22.7067,88.6786,4,belpur
IN,India,India,743424,Secondranagar,West Bengal,28,North 24 Parganas,337,Secondranagar,,22.614,88.5475,3,secondranagar
IN,India,India,743424,Hadipur,West Bengal,28,North 24 Parganas,337,Deganga,,22.614,88.5475,3,hadipur
IN,India,India,743424,Chorashi,West Bengal,28,North 24 Parganas,337,Chorashi,,22.614,88.5475,3,chorashi
IN,India,India,743424,Debalaya,West Bengal,28,North 24 Parganas,337,Debalaya,,22.614,88.5475,3,debalaya
IN,India,India,743424,Gobila,West Bengal,28,North 24 Parganas,337,Gobila,,22.6794,88.7008,4,gobila
IN,India,India,743424,Chandpur,West Bengal,28,North 24 Parganas,337,Chjandpur,,22.4656,88.7803,4,chandpur
IN,India,India,743424,Chakla,West Bengal,28,North 24 Parganas,337,Chakla,,22.7561,88.6904,4,chakla
IN,India,India,743424,Kachua,West Bengal,28,North 24 Parganas,337,Kachua,,22.614,88.5475,3,kachua
IN,India,India,743425,Adampur,West Bengal,28,North 24 Parganas,337,Adampur,,22.4656,88.7803,3,adampur
IN,India,India,743425,Bamanpukur,West Bengal,28,North 24 Parganas,337,Bamanpukur,,22.5081,88.7067,4,bamanpukur
IN,India,India,743425,Khasbalanda,West Bengal,28,North 24 Parganas,337,Khasbalanda,,22.5947,88.6869,4,khasbalanda
IN,India,India,743425,Khalisadi,West Bengal,28,North 24 Parganas,337,Khalisadi,,22.4656,88.7803,3,khalisadi
IN,India,India,743425,Raikhan,West Bengal,28,North 24 Parganas,337,Raikhan,,22.4656,88.7803,3,raikhan
IN,India,India,743425,Narabunia,West Bengal,28,North 24 Parganas,337,Minakhan,,22.4656,88.7803,3,narabunia
IN,India,India,743425,Kharupala,West Bengal,28,North 24 Parganas,337,Kharupala,,22.4656,88.7803,3,kharupala
IN,India,India,743425,Joygram,West Bengal,28,North 24 Parganas,337,Joygram,,22.4656,88.7803,3,joygram
IN,India,India,743425,Dhutradaha,West Bengal,28,North 24 Parganas,337,Dhutradaha,,22.4656,88.7803,3,dhutradaha
IN,India,India,743425,Chowhata,West Bengal,28,North 24 Parganas,337,Chowhata,,22.4656,88.7803,3,chowhata
IN,India,India,743425,Atpukur,West Bengal,28,North 24 Parganas,337,Atpukur,,22.4656,88.7803,3,atpukur
IN,India,India,743425,Ajijnagar,West Bengal,28,North 24 Parganas,337,Ajijnagar,,22.4656,88.7803,3,ajijnagar
IN,India,India,743425,Minakhan,West Bengal,28,North 24 Parganas,337,Minakhan,,22.4656,88.7803,3,minakhan
IN,India,India,743425,Kumarzole,West Bengal,28,North 24 Parganas,337,Kumarzole,,22.4656,88.7803,3,kumarzole
IN,India,India,743425,Malancha,West Bengal,28,North 24 Parganas,337,Malancha,,22.4656,88.7803,4,malancha
IN,India,India,743425,Uchildah,West Bengal,28,North 24 Parganas,337,Uchildah,,22.4656,88.7803,3,uchildah
IN,India,India,743425,Haroa,West Bengal,28,North 24 Parganas,337,Haroa,,22.6085,88.6772,4,haroa
IN,India,India,743426,Ghosalbati,West Bengal,28,North 24 Parganas,337,Ghosalbati,,22.5455,88.9366,3,ghosalbati
IN,India,India,743426,Bhurkunda,West Bengal,28,North 24 Parganas,337,Bhurkunda,,22.5455,88.9366,3,bhurkunda
IN,India,India,743426,Ichapurabad,West Bengal,28,North 24 Parganas,337,Ichapurabad,,22.5455,88.9366,3,ichapurabad
IN,India,India,743426,Chakpatli,West Bengal,28,North 24 Parganas,337,Chakpatli,,22.5455,88.9366,3,chakpatli
IN,India,India,743426,Sulkuniabad,West Bengal,28,North 24 Parganas,337,Sulkaniabad,,22.5455,88.9366,3,sulkuniabad
IN,India,India,743426,Simulia Kalibari,West Bengal,28,North 24 Parganas,337,Simulia Kalibari,,22.5455,88.9366,3,simulia-kalibari
IN,India,India,743426,Ghoni,West Bengal,28,North 24 Parganas,337,Ghoni,,22.5455,88.9366,3,ghoni
IN,India,India,743426,Hasnabad,West Bengal,28,North 24 Parganas,337,Hasnabad,,22.5707,88.9169,4,hasnabad
IN,India,India,743426,Rameswarpur,West Bengal,28,North 24 Parganas,337,Rameswarpur,,22.5475,88.9444,4,rameswarpur
IN,India,India,743426,Barunhat,West Bengal,28,North 24 Parganas,337,Barunhat,,22.5181,88.9486,4,barunhat
IN,India,India,743427,Khorgachi,West Bengal,28,North 24 Parganas,337,Baduria,,22.4656,88.7803,3,khorgachi
IN,India,India,743427,Barabankra,West Bengal,28,North 24 Parganas,337,Barabankra,,22.4656,88.7803,3,barabankra
IN,India,India,743427,Goaldaha,West Bengal,28,North 24 Parganas,337,Goaldaha,,22.4656,88.7803,3,goaldaha
IN,India,India,743427,Bhojpara,West Bengal,28,North 24 Parganas,337,Baduria,,22.4656,88.7803,3,bhojpara
IN,India,India,743427,Gandharbpur,West Bengal,28,North 24 Parganas,337,Gandharbapur,,22.4656,88.7803,3,gandharbpur
IN,India,India,743427,Sayestanagar,West Bengal,28,North 24 Parganas,337,Sayestanagar,,22.4656,88.7803,3,sayestanagar
IN,India,India,743427,Bhaduria,West Bengal,28,North 24 Parganas,337,Bhaduria,,22.4656,88.7803,3,bhaduria
IN,India,India,743427,Katiahat,West Bengal,28,North 24 Parganas,337,Katiahat,,22.4656,88.7803,3,katiahat
IN,India,India,743427,Kaijuri,West Bengal,28,North 24 Parganas,337,Kaijuri,,22.4656,88.7803,3,kaijuri
IN,India,India,743427,Model Belghoria,West Bengal,28,North 24 Parganas,337,Baduria,,22.4656,88.7803,3,model-belghoria
IN,India,India,743427,Safirabad,West Bengal,28,North 24 Parganas,337,Safirabad,,22.4656,88.7803,3,safirabad
IN,India,India,743427,Bajitpur,West Bengal,28,North 24 Parganas,337,Bajitpur,,22.4656,88.7803,4,bajitpur
IN,India,India,743427,Aturia,West Bengal,28,North 24 Parganas,337,Aturia,,22.4656,88.7803,4,aturia
IN,India,India,743427,Punra,West Bengal,28,North 24 Parganas,337,Punra,,22.4656,88.7803,3,punra
IN,India,India,743427,Paschim Palta,West Bengal,28,North 24 Parganas,337,Paschim Palta,,22.4656,88.7803,3,paschim-palta
IN,India,India,743428,Sikrakulingarh,West Bengal,28,North 24 Parganas,337,Basirhat - II,,22.4656,88.7803,3,sikrakulingarh
IN,India,India,743428,Srinagar,West Bengal,28,North 24 Parganas,337,Srinagar,,22.4656,88.7803,4,srinagar
IN,India,India,743428,Kholapota,West Bengal,28,North 24 Parganas,337,Kholapota,,22.4656,88.7803,4,kholapota
IN,India,India,743428,Zafarpur,West Bengal,28,North 24 Parganas,337,Zafarpur,,22.4656,88.7803,3,zafarpur
IN,India,India,743428,Raghunathpur,West Bengal,28,North 24 Parganas,337,Raghunathpur,,22.6823,88.8278,4,raghunathpur
IN,India,India,743429,Paschim Madhyampur,West Bengal,28,North 24 Parganas,337,Paschim Madhyampur,,22.4656,88.7803,3,paschim-madhyampur
IN,India,India,743429,Takipur,West Bengal,28,North 24 Parganas,337,Takipur,,22.4656,88.7803,4,takipur
IN,India,India,743429,Dakshin Bagundi,West Bengal,28,North 24 Parganas,337,Bagundi,,22.4656,88.7803,3,dakshin-bagundi
IN,India,India,743429,Kishorenagar Jalalpur,West Bengal,28,North 24 Parganas,337,Hasnabad,,22.4656,88.7803,3,kishorenagar-jalalpur
IN,India,India,743429,Soladana,West Bengal,28,North 24 Parganas,337,Soladanga,,22.4656,88.7803,3,soladana
IN,India,India,743429,Taki,West Bengal,28,North 24 Parganas,337,Hasnabad,,22.5887,88.9325,4,taki
IN,India,India,743429,Taki Market,West Bengal,28,North 24 Parganas,337,Hasnabad,,22.4656,88.7803,3,taki-market
IN,India,India,743435,Takimamudpur,West Bengal,28,North 24 Parganas,337,Akimamudpur,,22.4656,88.7803,3,takimamudpur
IN,India,India,743435,Amberia,West Bengal,28,North 24 Parganas,337,Amberia,,22.4656,88.7803,3,amberia
IN,India,India,743435,Dharamberia,West Bengal,28,North 24 Parganas,337,Dharamberia,,22.4656,88.7803,3,dharamberia
IN,India,India,743435,Sandeler Bil,West Bengal,28,North 24 Parganas,337,Sandelerbill,,22.4656,88.7803,3,sandeler-bil
IN,India,India,743435,Banshtala,West Bengal,28,North 24 Parganas,337,Banshtala,,22.4656,88.7803,3,banshtala
IN,India,India,743435,Rupmari,West Bengal,28,North 24 Parganas,337,Rupmari,,22.4656,88.7803,3,rupmari
IN,India,India,743435,Purba  Khejurberia,West Bengal,28,North 24 Parganas,337,Purba  Khejurberia,,22.4656,88.7803,3,purba-khejurberia
IN,India,India,743435,Kanchanpur,West Bengal,28,North 24 Parganas,337,Hingalganj,,22.4656,88.7803,4,kanchanpur
IN,India,India,743435,Kothabari,West Bengal,28,North 24 Parganas,337,Kothabari,,22.4656,88.7803,3,kothabari
IN,India,India,743435,Bankra,West Bengal,28,North 24 Parganas,337,Bankra,,22.4656,88.7803,4,bankra
IN,India,India,743435,Bishpur,West Bengal,28,North 24 Parganas,337,Bishpur,,22.4656,88.7803,3,bishpur
IN,India,India,743435,Bakra  Dabar,West Bengal,28,North 24 Parganas,337,Bakra Dabar,,22.4656,88.7803,3,bakra-dabar
IN,India,India,743435,Hingalganj,West Bengal,28,North 24 Parganas,337,Hingalganj,,22.4705,88.9899,4,hingalganj
IN,India,India,743437,Dhanyakuria,West Bengal,28,North 24 Parganas,337,Dhanyakuria,,22.683,88.7907,4,dhanyakuria
IN,India,India,743437,Arbelia,West Bengal,28,North 24 Parganas,337,Basirhat - II,,22.6165,88.5454,3,arbelia
IN,India,India,743437,Begumpur,West Bengal,28,North 24 Parganas,337,Begumpur,,22.6165,88.5454,3,begumpur
IN,India,India,743437,Nehalpur,West Bengal,28,North 24 Parganas,337,Nehalpur,,22.6165,88.5454,3,nehalpur
IN,India,India,743437,Matia,West Bengal,28,North 24 Parganas,337,Matia,,22.4656,88.7803,4,matia
IN,India,India,743438,Mandra,West Bengal,28,North 24 Parganas,337,Mandra,,22.4656,88.7803,4,mandra
IN,India,India,743438,Atghara,West Bengal,28,North 24 Parganas,337,Atghara,,22.7969,88.7759,4,atghara
IN,India,India,743438,Parpatna,West Bengal,28,North 24 Parganas,337,Parpatna,,22.8151,88.4296,3,parpatna
IN,India,India,743438,Kolsur,West Bengal,28,North 24 Parganas,337,Deganga,,22.8151,88.4296,3,kolsur
IN,India,India,743438,Jangalpur,West Bengal,28,North 24 Parganas,337,Jangalpur,,22.8151,88.4296,3,jangalpur
IN,India,India,743438,Kamdevkati,West Bengal,28,North 24 Parganas,337,Kamdevkati,,22.8151,88.4296,3,kamdevkati
IN,India,India,743439,Bhanderkhali,West Bengal,28,North 24 Parganas,337,Bhanderkhali,,22.4656,88.7803,3,bhanderkhali
IN,India,India,743439,Sahebkhali,West Bengal,28,North 24 Parganas,337,Sahebkhali,,22.4656,88.7803,3,sahebkhali
IN,India,India,743439,Dulduli Mathbari,West Bengal,28,North 24 Parganas,337,Dulduli Mathbari,,22.4656,88.7803,3,dulduli-mathbari
IN,India,India,743439,Purba Deuli,West Bengal,28,North 24 Parganas,337,Hingalganj,,22.4656,88.7803,3,purba-deuli
IN,India,India,743439,Pathghoria,West Bengal,28,North 24 Parganas,337,Pathghoria,,22.4656,88.7803,3,pathghoria
IN,India,India,743439,Chandanpur,West Bengal,28,North 24 Parganas,337,Hingalganj,,22.4656,88.7803,4,chandanpur
IN,India,India,743439,Jogeshganj,West Bengal,28,North 24 Parganas,337,Jogeshganj,,22.4656,88.7803,3,jogeshganj
IN,India,India,743439,Paschim Sridharkati,West Bengal,28,North 24 Parganas,337,Hingalganj,,22.4656,88.7803,3,paschim-sridharkati
IN,India,India,743439,Choto Sahebkhali,West Bengal,28,North 24 Parganas,337,Choto Sahebkhali,,22.4656,88.7803,3,choto-sahebkhali
IN,India,India,743439,Dakshin Hatgachha,West Bengal,28,North 24 Parganas,337,Sandeshkhali - I,,22.4656,88.7803,3,dakshin-hatgachha
IN,India,India,743439,Malekangumti,West Bengal,28,North 24 Parganas,337,Malekangumti,,22.4656,88.7803,3,malekangumti
IN,India,India,743439,Deuli Pukuria,West Bengal,28,North 24 Parganas,337,Deuli,,22.4656,88.7803,3,deuli-pukuria
IN,India,India,743439,Hasnabad Rampur,West Bengal,28,North 24 Parganas,337,Rampur,,22.4656,88.7803,3,hasnabad-rampur
IN,India,India,743439,Kalitala,West Bengal,28,North 24 Parganas,337,Kalitala,,22.4656,88.7803,3,kalitala
IN,India,India,743439,Hemnagar,West Bengal,28,North 24 Parganas,337,Hemnagar,,22.4656,88.7803,3,hemnagar
IN,India,India,743439,Kanaikati,West Bengal,28,North 24 Parganas,337,Manikkathi,,22.4656,88.7803,3,kanaikati
IN,India,India,743439,Parghumti,West Bengal,28,North 24 Parganas,337,Parghumti,,22.4656,88.7803,3,parghumti
IN,India,India,743439,Uttar Malikanghumti,West Bengal,28,North 24 Parganas,337,Hingalganj,,22.4656,88.7803,3,uttar-malikanghumti
IN,India,India,743439,Madhav Kathi,West Bengal,28,North 24 Parganas,337,Madhavkathi,,22.4656,88.7803,3,madhav-kathi
IN,India,India,743439,Paschim Parghumti,West Bengal,28,North 24 Parganas,337,Hingalganj,,22.4656,88.7803,3,paschim-parghumti
IN,India,India,743439,South Charalkhali,West Bengal,28,North 24 Parganas,337,Charalkhali,,22.4656,88.7803,3,south-charalkhali
IN,India,India,743439,Sridharkati,West Bengal,28,North 24 Parganas,337,Sridharkati,,22.4656,88.7803,3,sridharkati
IN,India,India,743439,Samsernagar,West Bengal,28,North 24 Parganas,337,Samsernagar,,22.4656,88.7803,3,samsernagar
IN,India,India,743439,Labukhali,West Bengal,28,North 24 Parganas,337,Labukhali,,22.4656,88.7803,3,labukhali
IN,India,India,743439,Hatgachha,West Bengal,28,North 24 Parganas,337,Hatgachha,,22.3482,88.9366,4,hatgachha
IN,India,India,743442,Nazat Hatkhola,West Bengal,28,North 24 Parganas,337,Nazat,,22.4656,88.7803,1,nazat-hatkhola
IN,India,India,743442,Kanmari,West Bengal,28,North 24 Parganas,337,Kanmari,,22.4656,88.7803,1,kanmari
IN,India,India,743442,Boyermari,West Bengal,28,North 24 Parganas,337,Boyermari,,22.4656,88.7803,1,boyermari
IN,India,India,743442,Dakshin Akratola,West Bengal,28,North 24 Parganas,337,Akratola,,22.4656,88.7803,1,dakshin-akratola
IN,India,India,743442,Purba Sankardaha,West Bengal,28,North 24 Parganas,337,Purba Sankardaha,,22.4656,88.7803,1,purba-sankardaha
IN,India,India,743442,South Sikargheri,West Bengal,28,North 24 Parganas,337,Sandeshkhali - I,,22.4656,88.7803,1,south-sikargheri
IN,India,India,743442,Bamanibad,West Bengal,28,North 24 Parganas,337,Bamanibad,,22.4656,88.7803,1,bamanibad
IN,India,India,743442,Choto Sehara,West Bengal,28,North 24 Parganas,337,Choto Sehara,,22.4656,88.7803,1,choto-sehara
IN,India,India,743442,Jhopkhali,West Bengal,28,North 24 Parganas,337,Jhopkhali,,22.4656,88.7803,1,jhopkhali
IN,India,India,743442,Kalinagar Hat,West Bengal,28,North 24 Parganas,337,Kalinagar,,22.4656,88.7803,1,kalinagar-hat
IN,India,India,743442,Ghoshpara,West Bengal,28,North 24 Parganas,337,Ghoshpara,,22.4656,88.7803,1,ghoshpara
IN,India,India,743442,Kharihatabad,West Bengal,28,North 24 Parganas,337,Kharihatabad,,22.4656,88.7803,1,kharihatabad
IN,India,India,743442,Dheknamari,West Bengal,28,North 24 Parganas,337,Dheknamari,,22.4656,88.7803,1,dheknamari
IN,India,India,743442,Nalkora,West Bengal,28,North 24 Parganas,337,Nalkora,,22.4656,88.7803,1,nalkora
IN,India,India,743442,Mathbariabad,West Bengal,28,North 24 Parganas,337,Mathbariabad,,22.4656,88.7803,1,mathbariabad
IN,India,India,743442,Nityaberia,West Bengal,28,North 24 Parganas,337,Nityaberia,,22.4656,88.7803,1,nityaberia
IN,India,India,743442,Bermajur,West Bengal,28,North 24 Parganas,337,Bermajur,,22.4656,88.7803,1,bermajur
IN,India,India,743442,Ghatihara,West Bengal,28,North 24 Parganas,337,Ghatihara,,22.4656,88.7803,1,ghatihara
IN,India,India,743445,Gopalpur (North 24 Parganas),West Bengal,28,North 24 Parganas,337,Gopalpur,,22.4656,88.7803,3,gopalpur-north-24-parganas
IN,India,India,743445,Ghona,West Bengal,28,North 24 Parganas,337,Ghona,,22.4656,88.7803,3,ghona
IN,India,India,743445,Chaita,West Bengal,28,North 24 Parganas,337,Chaita,,22.4656,88.7803,3,chaita
IN,India,India,743445,Bhabanipur,West Bengal,28,North 24 Parganas,337,Bhabanipur,,22.4656,88.7803,4,bhabanipur
IN,India,India,743445,Amta,West Bengal,28,North 24 Parganas,337,Amta,,22.4656,88.7803,4,amta
IN,India,India,743445,Gouribhoj,West Bengal,28,North 24 Parganas,337,Basirhat - II,,22.4656,88.7803,3,gouribhoj
IN,India,India,743445,Sodarpur-behala,West Bengal,28,North 24 Parganas,337,Sodarpur-behala,,22.4656,88.7803,3,sodarpur-behala
IN,India,India,743446,Sandeshkhali,West Bengal,28,North 24 Parganas,337,Sandeshkhali,,22.3568,88.8841,4,sandeshkhali
IN,India,India,743446,Bahangatushkhali,West Bengal,28,North 24 Parganas,337,Bhangatushkhali,,22.3484,88.8997,3,bahangatushkhali
IN,India,India,743446,Joygopalpur Korakati Milanbazar,West Bengal,28,North 24 Parganas,337,Joygopalpur,,22.3484,88.8997,3,joygopalpur-korakati-milanbazar
IN,India,India,743446,Sitalia,West Bengal,28,North 24 Parganas,337,Sitalia,,22.3243,88.9366,4,sitalia
IN,India,India,743446,Monipur,West Bengal,28,North 24 Parganas,337,Sandeshkhali - II,,22.3484,88.8997,3,monipur
IN,India,India,743446,Tushklali,West Bengal,28,North 24 Parganas,337,Tushkhali,,22.3484,88.8997,3,tushklali
IN,India,India,743446,Bowthakurani,West Bengal,28,North 24 Parganas,337,Bowthakurani,,22.3484,88.8997,3,bowthakurani
IN,India,India,743446,Sukdwani,West Bengal,28,North 24 Parganas,337,Sukdwani,,22.3484,88.8997,3,sukdwani
IN,India,India,743446,P/  Atapur,West Bengal,28,North 24 Parganas,337,Sandeshkhali - II,,22.3484,88.8997,3,p-atapur
IN,India,India,743446,Paschim Monipur,West Bengal,28,North 24 Parganas,337,Sandeshkhali - II,,22.3484,88.8997,3,paschim-monipur
IN,India,India,743446,Korakati,West Bengal,28,North 24 Parganas,337,Korakati,,22.3484,88.8997,3,korakati
IN,India,India,743446,Joygopalpur,West Bengal,28,North 24 Parganas,337,Sandeshkhali,,22.3484,88.8997,3,joygopalpur
IN,India,India,743446,Dwarikjungale,West Bengal,28,North 24 Parganas,337,Dwarikjungle,,22.3484,88.8997,3,dwarikjungale
IN,India,India,743446,Durgamandap,West Bengal,28,North 24 Parganas,337,Durgamandop,,22.3484,88.8997,3,durgamandap
IN,India,India,743446,Dhuchnikhali,West Bengal,28,North 24 Parganas,337,Dhuchnikhali,,22.3484,88.8997,3,dhuchnikhali
IN,India,India,743446,Dakshin Korakati,West Bengal,28,North 24 Parganas,337,Sandeshkhali - II,,22.3484,88.8997,3,dakshin-korakati
IN,India,India,743446,Atapur,West Bengal,28,North 24 Parganas,337,Atapur,,22.3484,88.8997,3,atapur
IN,India,India,743446,Khulna,West Bengal,28,North 24 Parganas,337,Khulna,,22.3642,88.8783,4,khulna
IN,India,India,743456,Chaital,West Bengal,28,North 24 Parganas,337,Chaital,,22.5152,88.7758,4,chaital
IN,India,India,743456,Phulboniabad,West Bengal,28,North 24 Parganas,337,Minakhan,,22.6389,88.746,3,phulboniabad
IN,India,India,743456,Chimta Kachari,West Bengal,28,North 24 Parganas,337,Chimta Kachari,,22.6389,88.746,3,chimta-kachari
IN,India,India,743456,Dakshin Bhebia,West Bengal,28,North 24 Parganas,337,Bhebia,,22.6389,88.746,3,dakshin-bhebia
IN,India,India,743456,Malikagherai,West Bengal,28,North 24 Parganas,337,Malikagherai,,22.6389,88.746,3,malikagherai
IN,India,India,743456,Bechra Mohanpur,West Bengal,28,North 24 Parganas,337,Mohanpur,,22.6389,88.746,3,bechra-mohanpur
IN,India,India,743456,Amodpur,West Bengal,28,North 24 Parganas,337,Amodpur,,22.6389,88.746,3,amodpur
IN,India,India,743456,Nimichi,West Bengal,28,North 24 Parganas,337,Nimichi,,22.6389,88.746,3,nimichi
IN,India,India,743456,Kharampur,West Bengal,28,North 24 Parganas,337,Kharampur,,22.4656,88.7803,3,kharampur
IN,India,India,743456,Bhebia,West Bengal,28,North 24 Parganas,337,Basirhat,,22.5521,88.823,4,bhebia
IN,India,India,743456,Abad Kuliadanga,West Bengal,28,North 24 Parganas,337,Kuliadanga,,22.6389,88.746,3,abad-kuliadanga
IN,India,India,743456,Garakupi,West Bengal,28,North 24 Parganas,337,Garakupi,,22.5873,88.8059,4,garakupi
IN,India,India,743456,Nurpur,West Bengal,28,North 24 Parganas,337,Nurpur,,22.9011,88.5795,4,nurpur
IN,India,India,743456,Murarisah,West Bengal,28,North 24 Parganas,337,Murarisah,,22.6389,88.746,3,murarisah
IN,India,India,743611,Gabberia Daudpur,West Bengal,28,North 24 Parganas,337,Sandeshkhali - II,,22.4656,88.7803,3,gabberia-daudpur
IN,India,India,743701,Palla,West Bengal,28,North 24 Parganas,337,Palla,,22.8451,88.5958,1,palla
IN,India,India,743701,Sonekpur,West Bengal,28,North 24 Parganas,337,Sonekpur,,22.8451,88.5958,1,sonekpur
IN,India,India,743701,Belta,West Bengal,28,North 24 Parganas,337,Belta,,22.8451,88.5958,1,belta
IN,India,India,743701,Sulka Durgapur,West Bengal,28,North 24 Parganas,337,Durgapur,,22.8451,88.5958,1,sulka-durgapur
IN,India,India,743701,Bhanderkhola,West Bengal,28,North 24 Parganas,337,Bhanderkhola,,22.8451,88.5958,1,bhanderkhola
IN,India,India,743702,Dogachia,West Bengal,28,North 24 Parganas,337,Dogachia,,22.8767,88.585,4,dogachia
IN,India,India,743702,Balisha Chowmatha,West Bengal,28,North 24 Parganas,337,Balisha Chowmatha,,22.8767,88.585,3,balisha-chowmatha
IN,India,India,743702,Paschim Malikberia,West Bengal,28,North 24 Parganas,337,Paschim Malikberia,,22.8767,88.585,3,paschim-malikberia
IN,India,India,743702,Rajibpur,West Bengal,28,North 24 Parganas,337,Rajibpur,,22.8767,88.585,3,rajibpur
IN,India,India,743704,Guma,West Bengal,28,North 24 Parganas,337,Guma,,22.8135,88.6066,4,guma
IN,India,India,743704,Prithiba,West Bengal,28,North 24 Parganas,337,Prithiba,,22.8135,88.6066,3,prithiba
IN,India,India,743710,Panchberia,West Bengal,28,North 24 Parganas,337,Panchberia,,22.8889,88.4146,1,panchberia
IN,India,India,743710,Gadpukuria,West Bengal,28,North 24 Parganas,337,Gadpukuria,,22.8889,88.4146,1,gadpukuria
IN,India,India,743710,Akaipur,West Bengal,28,North 24 Parganas,337,Akaipur,,22.8889,88.4146,1,akaipur
IN,India,India,743710,Goribpur,West Bengal,28,North 24 Parganas,337,Goribpur,,22.8889,88.4146,1,goribpur
IN,India,India,743711,Masunda,West Bengal,28,North 24 Parganas,337,Masunda,,22.8889,88.4146,3,masunda
IN,India,India,743711,Kanchiara,West Bengal,28,North 24 Parganas,337,Habra - II,,22.8889,88.4146,3,kanchiara
IN,India,India,743711,Srikrishnapur,West Bengal,28,North 24 Parganas,337,Srikrishnapur,,22.4656,88.7803,4,srikrishnapur
IN,India,India,743711,Beraberi,West Bengal,28,North 24 Parganas,337,Beraberi,,22.8712,88.5674,4,beraberi
IN,India,India,743711,Dariapur,West Bengal,28,North 24 Parganas,337,Dariapur,,22.8729,88.5067,4,dariapur
IN,India,India,743711,Suria,West Bengal,28,North 24 Parganas,337,Suria,,22.8409,88.5552,4,suria
IN,India,India,712101,Chinsurah Court,West Bengal,28,Hooghly,338,Chinsurah - Magra,,22.8847,88.0798,1,chinsurah-court
IN,India,India,712101,Sandeswartala J.C.,West Bengal,28,Hooghly,338,Chinsurah - Magra,,22.8847,88.0798,1,sandeswartala-j-c
IN,India,India,712101,Chinsurah Bazar,West Bengal,28,Hooghly,338,Chinsurah - Magra,,22.8847,88.0798,1,chinsurah-bazar
IN,India,India,712101,Pratappur (Hooghly),West Bengal,28,Hooghly,338,Chinsurah - Magra,,22.8847,88.0798,1,pratappur-hooghly
IN,India,India,712101,Chinsurah H.O,West Bengal,28,Hooghly,338,Chinsurah,,22.8847,88.0798,1,chinsurah-h-o
IN,India,India,712102,Sogandha,West Bengal,28,Hooghly,338,NA,,22.8847,88.0798,3,sogandha
IN,India,India,712102,Kamdebpur,West Bengal,28,Hooghly,338,NA,,22.8847,88.0798,4,kamdebpur
IN,India,India,712102,Chinsurah RS,West Bengal,28,Hooghly,338,Chinsurah - Magra,,22.8847,88.0798,3,chinsurah-rs
IN,India,India,712102,Katsara,West Bengal,28,Hooghly,338,NA,,22.8847,88.0798,3,katsara
IN,India,India,712103,Pipulpati,West Bengal,28,Hooghly,338,Chinsurah - Magra,,22.9088,88.3967,3,pipulpati
IN,India,India,712103,Kapasdanga Roybazarcolony,West Bengal,28,Hooghly,338,Chinsurah - Magra,,22.9088,88.3967,3,kapasdanga-roybazarcolony
IN,India,India,712103,BIKRAMNAGORE BALI,West Bengal,28,Hooghly,338,Chinsurah - Magra,,22.9088,88.3967,3,bikramnagore-bali
IN,India,India,712103,Tamlipara,West Bengal,28,Hooghly,338,Chinsurah - Magra,,22.9088,88.3967,3,tamlipara
IN,India,India,712103,Rabindranagar,West Bengal,28,Hooghly,338,Chinsurah - Magra,,22.9088,88.3967,3,rabindranagar
IN,India,India,712103,Hooghly,West Bengal,28,Hooghly,338,Chinsurah - Magra,,22.9088,88.3967,4,hooghly
IN,India,India,712104,Sahaganj,West Bengal,28,Hooghly,338,Chinsurah - Magra,,22.9275,88.3944,4,sahaganj
IN,India,India,712104,Keotalatbagan,West Bengal,28,Hooghly,338,Chinsurah - Magra,,22.9275,88.3944,3,keotalatbagan
IN,India,India,712105,Kanakshally,West Bengal,28,Hooghly,338,Chinsurah - Magra,,22.8847,88.0798,3,kanakshally
IN,India,India,712105,Buroshibtala (Hooghly),West Bengal,28,Hooghly,338,Chinsurah - Magra,,22.8847,88.0798,3,buroshibtala-hooghly
IN,India,India,712105,Dharampur,West Bengal,28,Hooghly,338,Chinsurah - Magra,,22.8847,88.0798,4,dharampur
IN,India,India,712105,KAMARPARABAZAR,West Bengal,28,Hooghly,338,Chinsurah - Magra,,22.8847,88.0798,3,kamarparabazar
IN,India,India,712121,Addconagar,West Bengal,28,Hooghly,338,Addconagar,,22.9775,88.1701,1,addconagar
IN,India,India,712122,Selampur,West Bengal,28,Hooghly,338,Goghat-ii,,22.8847,88.0798,3,selampur
IN,India,India,712122,Fului,West Bengal,28,Hooghly,338,Goghat-ii,,22.8847,88.0798,3,fului
IN,India,India,712122,Tilari,West Bengal,28,Hooghly,338,Goghat-ii,,22.8847,88.0798,3,tilari
IN,India,India,712122,Shyambazar,West Bengal,28,Hooghly,338,Goghat-ii,,22.8847,88.0798,3,shyambazar
IN,India,India,712122,Pandugram,West Bengal,28,Hooghly,338,Goghat-ii,,22.8847,88.0798,3,pandugram
IN,India,India,712122,Santipur,West Bengal,28,Hooghly,338,Goghat-ii,,22.8847,88.0798,4,santipur
IN,India,India,712122,Jharia,West Bengal,28,Hooghly,338,Goghat-ii,,22.8847,88.0798,3,jharia
IN,India,India,712122,Kadra,West Bengal,28,Hooghly,338,Goghat - II,,22.8847,88.0798,3,kadra
IN,India,India,712122,Badanganj,West Bengal,28,Hooghly,338,Goghat-ii,,22.9023,87.5421,4,badanganj
IN,India,India,712123,Naldanga,West Bengal,28,Hooghly,338,Chinsurah - Magra,,22.9333,88.3667,3,naldanga
IN,India,India,712123,Bandel Junction,West Bengal,28,Hooghly,338,Chinsurah - Magra,,22.9333,88.3667,3,bandel-junction
IN,India,India,712123,Manaspur,West Bengal,28,Hooghly,338,Bandel,,22.9333,88.3667,3,manaspur
IN,India,India,712123,Ektarpur,West Bengal,28,Hooghly,338,Bandel,,22.9333,88.3667,3,ektarpur
IN,India,India,712123,Somra,West Bengal,28,Hooghly,338,Bandel,,22.9333,88.3667,3,somra
IN,India,India,712123,Rajhat,West Bengal,28,Hooghly,338,Bandel,,22.9333,88.3667,3,rajhat
IN,India,India,712123,Inchura Bazar,West Bengal,28,Hooghly,338,Bandel,,22.9333,88.3667,3,inchura-bazar
IN,India,India,712123,Debanandapur,West Bengal,28,Hooghly,338,Bandel,,22.9333,88.3667,4,debanandapur
IN,India,India,712124,Bhadreswar,West Bengal,28,Hooghly,338,Chandannagar,,22.8245,88.3384,4,bhadreswar
IN,India,India,712124,K G R S Path,West Bengal,28,Hooghly,338,Singur,,22.8245,88.3384,3,k-g-r-s-path
IN,India,India,712124,Nanda,West Bengal,28,Hooghly,338,Chandannagar,,22.8245,88.3384,3,nanda
IN,India,India,712124,Bighati,West Bengal,28,Hooghly,338,Chandanagar,,22.8245,88.3384,3,bighati
IN,India,India,712124,Saradapally,West Bengal,28,Hooghly,338,Singur,,22.8245,88.3384,3,saradapally
IN,India,India,712125,Rajabazar (Hooghly),West Bengal,28,Hooghly,338,Chinsurah - Magra,,22.9775,88.1701,1,rajabazar-hooghly
IN,India,India,712125,Telinipara,West Bengal,28,Hooghly,338,Chinsurah - Magra,,22.9775,88.1701,1,telinipara
IN,India,India,712134,Boinchi,West Bengal,28,Hooghly,338,Boinchi,,23.1203,88.1936,4,boinchi
IN,India,India,712134,Bilsara,West Bengal,28,Hooghly,338,Boinchi,,23.0818,88.1623,4,bilsara
IN,India,India,712134,Berela,West Bengal,28,Hooghly,338,Boinchi,,23.1011,88.178,3,berela
IN,India,India,712134,Talbona,West Bengal,28,Hooghly,338,Boinchi,,23.1011,88.178,3,talbona
IN,India,India,712134,Raijamna,West Bengal,28,Hooghly,338,Pandua,,23.1011,88.178,3,raijamna
IN,India,India,712134,Insura,West Bengal,28,Hooghly,338,Boinchi,,23.1011,88.178,3,insura
IN,India,India,712134,Hatni,West Bengal,28,Hooghly,338,Boinchi,,23.1011,88.178,3,hatni
IN,India,India,712134,Hanraldaspur,West Bengal,28,Hooghly,338,Pandua,,23.1011,88.178,3,hanraldaspur
IN,India,India,712134,Bhonpur,West Bengal,28,Hooghly,338,Boinchi,,23.1011,88.178,3,bhonpur
IN,India,India,712134,Barul,West Bengal,28,Hooghly,338,Pandua,,23.1011,88.178,3,barul
IN,India,India,712134,Balindar,West Bengal,28,Hooghly,338,Boinchi,,23.1011,88.178,3,balindar
IN,India,India,712135,SIMLAGARH,West Bengal,28,Hooghly,338,Pandua,,22.8841,88.2335,1,simlagarh
IN,India,India,712135,Ballaldighi,West Bengal,28,Hooghly,338,Pandua,,22.8841,88.2335,1,ballaldighi
IN,India,India,712135,Boinchigram,West Bengal,28,Hooghly,338,Pandua,,22.8841,88.2335,1,boinchigram
IN,India,India,712136,Chandannagar R.S,West Bengal,28,Hooghly,338,Chinsurah - Magra,,22.8622,88.368,3,chandannagar-r-s
IN,India,India,712136,Kundughat,West Bengal,28,Hooghly,338,Chinsurah - Magra,,22.8622,88.368,3,kundughat
IN,India,India,712136,Boraichanditala,West Bengal,28,Hooghly,338,Chinsurah - Magra,,22.8622,88.368,3,boraichanditala
IN,India,India,712136,Chandannagar (Hooghly),West Bengal,28,Hooghly,338,Chinsurah - Magra,,22.8622,88.368,4,chandannagar-hooghly
IN,India,India,712136,Chandannagar Barasat,West Bengal,28,Hooghly,338,Chinsurah - Magra,,22.8622,88.368,3,chandannagar-barasat
IN,India,India,712137,Gondalpara,West Bengal,28,Hooghly,338,Chinsurah - Magra,,22.8841,88.2335,1,gondalpara
IN,India,India,712138,Jarura,West Bengal,28,Hooghly,338,Chinsurah - Magra,,22.8847,88.0798,3,jarura
IN,India,India,712138,Khalisani,West Bengal,28,Hooghly,338,Chinsurah - Magra,,22.8847,88.0798,4,khalisani
IN,India,India,712138,Noapara,West Bengal,28,Hooghly,338,Chandannagar,,22.8847,88.0798,3,noapara
IN,India,India,712138,Palpara,West Bengal,28,Hooghly,338,Serampur Uttarpara,,22.8847,88.0798,3,palpara
IN,India,India,712139,Mankundu,West Bengal,28,Hooghly,338,Chinsurah - Magra,,22.8393,88.3607,4,mankundu
IN,India,India,712139,Mankundu Govt.Colony,West Bengal,28,Hooghly,338,Chinsurah - Magra,,22.8393,88.3607,3,mankundu-govt-colony
IN,India,India,712146,Gajinadaspur,West Bengal,28,Hooghly,338,Ilsobamandali,,22.8847,88.0798,3,gajinadaspur
IN,India,India,712146,Baharkuli,West Bengal,28,Hooghly,338,Ilsomandalai,,22.8847,88.0798,3,baharkuli
IN,India,India,712146,Gram Kulti,West Bengal,28,Hooghly,338,Pandua,,22.8847,88.0798,3,gram-kulti
IN,India,India,712146,Gramchagram,West Bengal,28,Hooghly,338,Pandua,,22.8847,88.0798,3,gramchagram
IN,India,India,712146,Pindira,West Bengal,28,Hooghly,338,Pandua,,22.8847,88.0798,3,pindira
IN,India,India,712146,Brindabanpur,West Bengal,28,Hooghly,338,Pandua,,22.8847,88.0798,4,brindabanpur
IN,India,India,712146,Ilsobamondalai,West Bengal,28,Hooghly,338,Pandua,,22.8847,88.0798,3,ilsobamondalai
IN,India,India,712146,Jamgram,West Bengal,28,Hooghly,338,Ilsobamandal,,22.8847,88.0798,3,jamgram
IN,India,India,712146,Mohipalpur,West Bengal,28,Hooghly,338,Ilsobamandali,,22.8847,88.0798,3,mohipalpur
IN,India,India,712146,Arjuna,West Bengal,28,Hooghly,338,Pandua,,22.8847,88.0798,3,arjuna
IN,India,India,712147,Radhanagar,West Bengal,28,Hooghly,338,Itachuna,,22.7264,87.866,4,radhanagar
IN,India,India,712147,KHANYAN,West Bengal,28,Hooghly,338,Pandua,,22.8847,88.0798,3,khanyan
IN,India,India,712147,Chatosarsa,West Bengal,28,Hooghly,338,Itachuna,,22.8847,88.0798,3,chatosarsa
IN,India,India,712147,Hoera,West Bengal,28,Hooghly,338,Itachuna,,22.8847,88.0798,3,hoera
IN,India,India,712147,Itachuna,West Bengal,28,Hooghly,338,Magra,,22.8847,88.0798,3,itachuna
IN,India,India,712147,Haridaspur,West Bengal,28,Hooghly,338,Itachuna,,22.8847,88.0798,4,haridaspur
IN,India,India,712148,Talandu,West Bengal,28,Hooghly,338,Magra,,22.8847,88.0798,3,talandu
IN,India,India,712148,Sultangacha,West Bengal,28,Hooghly,338,Magra,,22.8847,88.0798,3,sultangacha
IN,India,India,712148,Pakri,West Bengal,28,Hooghly,338,Magra,,22.8847,88.0798,3,pakri
IN,India,India,712148,Ramnathpur,West Bengal,28,Hooghly,338,Magra,,22.8847,88.0798,3,ramnathpur
IN,India,India,712148,Digsui,West Bengal,28,Hooghly,338,Magra,,22.8847,88.0798,3,digsui
IN,India,India,712148,Barunanpara,West Bengal,28,Hooghly,338,Magra,,22.8847,88.0798,3,barunanpara
IN,India,India,712148,Akna,West Bengal,28,Hooghly,338,Magra,,22.8847,88.0798,3,akna
IN,India,India,712148,Patna,West Bengal,28,Hooghly,338,Magra,,22.8847,88.0798,4,patna
IN,India,India,712148,POLBA,West Bengal,28,Hooghly,338,Polba - Dadpur,,22.9618,88.3024,4,polba
IN,India,India,712148,Magra,West Bengal,28,Hooghly,338,Chinsurah - Magra,,22.9881,88.3731,4,magra
IN,India,India,712149,Dwarbasini,West Bengal,28,Hooghly,338,Pandua,,22.8847,88.0798,3,dwarbasini
IN,India,India,712149,Ranagarh,West Bengal,28,Hooghly,338,Pandua,,22.8847,88.0798,4,ranagarh
IN,India,India,712149,Tinna,West Bengal,28,Hooghly,338,Pandua,,22.8847,88.0798,3,tinna
IN,India,India,712149,Aymanawabpur,West Bengal,28,Hooghly,338,Pandua,,22.8847,88.0798,3,aymanawabpur
IN,India,India,712149,Satithan,West Bengal,28,Hooghly,338,Pandua,,22.8847,88.0798,3,satithan
IN,India,India,712149,Magura,West Bengal,28,Hooghly,338,Pandua,,22.8847,88.0798,3,magura
IN,India,India,712149,Rosna,West Bengal,28,Hooghly,338,Pandua,,22.8847,88.0798,3,rosna
IN,India,India,712149,Panchgora,West Bengal,28,Hooghly,338,Pandua,,22.8847,88.0798,3,panchgora
IN,India,India,712149,Chandpur,West Bengal,28,Hooghly,338,Pandua,,22.8847,88.0798,4,chandpur
IN,India,India,712149,BELOON,West Bengal,28,Hooghly,338,Pandua,,22.8847,88.0798,3,beloon
IN,India,India,712149,Mohanad,West Bengal,28,Hooghly,338,Pandua,,22.8847,88.0798,3,mohanad
IN,India,India,712149,Melki,West Bengal,28,Hooghly,338,Pandua,,22.8847,88.0798,3,melki
IN,India,India,712149,Megshar,West Bengal,28,Hooghly,338,Pandua,,22.8847,88.0798,3,megshar
IN,India,India,712149,Khajurdaha,West Bengal,28,Hooghly,338,Pandua,,22.8847,88.0798,3,khajurdaha
IN,India,India,712149,Jayer,West Bengal,28,Hooghly,338,Pandua,,22.8847,88.0798,3,jayer
IN,India,India,712149,Bhitasin,West Bengal,28,Hooghly,338,Pandua,,22.8847,88.0798,3,bhitasin
IN,India,India,712149,Amra,West Bengal,28,Hooghly,338,Pandua,,22.8847,88.0798,4,amra
IN,India,India,712149,Pandua,West Bengal,28,Hooghly,338,Pandua,,23.0749,88.2864,4,pandua
IN,India,India,712149,Hanral,West Bengal,28,Hooghly,338,Pandua,,22.9695,88.153,4,hanral
IN,India,India,712149,Dabra,West Bengal,28,Hooghly,338,Pandua,,22.8847,88.0798,3,dabra
IN,India,India,712149,Sarai,West Bengal,28,Hooghly,338,Pandua,,22.8847,88.0798,4,sarai
IN,India,India,712152,Dabra,West Bengal,28,Hooghly,338,Pandua,,22.8847,88.0798,3,dabra
IN,India,India,712152,Chandpur,West Bengal,28,Hooghly,338,Pandua,,22.8847,88.0798,4,chandpur
IN,India,India,712152,Melki,West Bengal,28,Hooghly,338,Pandua,,22.8847,88.0798,3,melki
IN,India,India,712152,Rameswarpur,West Bengal,28,Hooghly,338,Pandua,,22.8847,88.0798,4,rameswarpur
IN,India,India,712152,Jayer,West Bengal,28,Hooghly,338,Pandua,,22.8847,88.0798,3,jayer
IN,India,India,712201,Kalbazar,West Bengal,28,Hooghly,338,Serampur Uttarpara,,22.8847,88.0798,1,kalbazar
IN,India,India,712201,Serampore Court,West Bengal,28,Hooghly,338,Serampur Uttarpara,,22.8847,88.0798,1,serampore-court
IN,India,India,712201,Maniktala Bazar,West Bengal,28,Hooghly,338,Serampur Uttarpara,,22.8847,88.0798,1,maniktala-bazar
IN,India,India,712201,Manicktala Bazar,West Bengal,28,Hooghly,338,Serampur Uttarpara,,22.8847,88.0798,1,manicktala-bazar
IN,India,India,712201,Serampore H.O,West Bengal,28,Hooghly,338,Serampur Uttarpara,,22.8847,88.0798,1,serampore-h-o
IN,India,India,712202,Masjid Lane,West Bengal,28,Hooghly,338,Serampur Uttarpara,,22.8847,88.0798,1,masjid-lane
IN,India,India,712202,Mahesh -1,West Bengal,28,Hooghly,338,Serampur Uttarpara,,22.8847,88.0798,1,mahesh-1
IN,India,India,712203,Mallickpara,West Bengal,28,Hooghly,338,Serampur Uttarpara,,22.8847,88.0798,1,mallickpara
IN,India,India,712203,Simla,West Bengal,28,Hooghly,338,Serampore,,22.8847,88.0798,1,simla
IN,India,India,712203,Bahirserampore,West Bengal,28,Hooghly,338,Serampur Uttarpara,,22.8847,88.0798,1,bahirserampore
IN,India,India,712204,Chatra (Hooghly),West Bengal,28,Hooghly,338,Serampur Uttarpara,,22.8847,88.0798,1,chatra-hooghly
IN,India,India,712221,Angus,West Bengal,28,Hooghly,338,Singur,,23.0455,88.3215,1,angus
IN,India,India,712222,Champdani,West Bengal,28,Hooghly,338,Singur,,22.8847,88.0798,4,champdani
IN,India,India,712222,Baidyabati,West Bengal,28,Hooghly,338,Singur,,22.785,88.3259,4,baidyabati
IN,India,India,712223,Mollasimla,West Bengal,28,Hooghly,338,Chandannagar,,22.8847,88.0798,3,mollasimla
IN,India,India,712223,Antisara,West Bengal,28,Hooghly,338,Chandannagar,,22.8847,88.0798,3,antisara
IN,India,India,712223,Pahalampur,West Bengal,28,Hooghly,338,Chandannagar,,22.8847,88.0798,3,pahalampur
IN,India,India,712223,Nasibpur,West Bengal,28,Hooghly,338,Chandannagar,,22.8847,88.0798,3,nasibpur
IN,India,India,712223,Kumarpara,West Bengal,28,Hooghly,338,Serampur Uttarpara,,22.8847,88.0798,4,kumarpara
IN,India,India,712223,Chandanpur,West Bengal,28,Hooghly,338,Chandannagar,,22.8847,88.0798,4,chandanpur
IN,India,India,712223,Mohistikri,West Bengal,28,Hooghly,338,Chandannagar,,22.8847,88.0798,3,mohistikri
IN,India,India,712223,Belumilki,West Bengal,28,Hooghly,338,Serampore,,22.8847,88.0798,3,belumilki
IN,India,India,712223,Dearah,West Bengal,28,Hooghly,338,Chandannagar,,22.8847,88.0798,3,dearah
IN,India,India,712223,Sheoraphuli,West Bengal,28,Hooghly,338,Singur,,22.7745,88.3231,4,sheoraphuli
IN,India,India,712223,Chinamore,West Bengal,28,Hooghly,338,Chandannagar,,22.8847,88.0798,3,chinamore
IN,India,India,712232,Bhadrakali,West Bengal,28,Hooghly,338,Serampur Uttarpara,,23.1511,88.1839,1,bhadrakali
IN,India,India,712233,Hindmotor,West Bengal,28,Hooghly,338,Serampur Uttarpara,,22.6861,88.3357,4,hindmotor
IN,India,India,712234,Kanaipur,West Bengal,28,Hooghly,338,Serampore,,22.8847,88.0798,4,kanaipur
IN,India,India,712235,Criper Road,West Bengal,28,Hooghly,338,Serampur Uttarpara,,22.7051,88.3445,3,criper-road
IN,India,India,712235,Konnagar,West Bengal,28,Hooghly,338,Serampur Uttarpara,,22.7051,88.3445,4,konnagar
IN,India,India,712245,Raghunathpur,West Bengal,28,Hooghly,338,Uttarpara,,22.8847,88.0798,4,raghunathpur
IN,India,India,712245,Makhla,West Bengal,28,Hooghly,338,Serampur Uttarpara,,22.8847,88.0798,3,makhla
IN,India,India,712245,Rajendra Avenue,West Bengal,28,Hooghly,338,Serampur Uttarpara,,22.8847,88.0798,3,rajendra-avenue
IN,India,India,712246,Nabagram (Hooghly),West Bengal,28,Hooghly,338,Serampur Uttarpara,,22.8847,88.0798,1,nabagram-hooghly
IN,India,India,712246,Barabahera,West Bengal,28,Hooghly,338,Serampur Uttarpara,,22.8847,88.0798,1,barabahera
IN,India,India,712248,Rishra,West Bengal,28,Hooghly,338,Serampur Uttarpara,,22.7239,88.3456,4,rishra
IN,India,India,712248,Gandhisarak,West Bengal,28,Hooghly,338,Serampur Uttarpara,,22.7239,88.3456,3,gandhisarak
IN,India,India,712248,Mahesh 2,West Bengal,28,Hooghly,338,Serampur Uttarpara,,22.7239,88.3456,3,mahesh-2
IN,India,India,712248,Bangurpark,West Bengal,28,Hooghly,338,Serampur Uttarpara,,22.7239,88.3456,3,bangurpark
IN,India,India,712249,Prabasnagar,West Bengal,28,Hooghly,338,Serampur Uttarpara,,22.8847,88.0798,3,prabasnagar
IN,India,India,712249,Nutangram,West Bengal,28,Hooghly,338,Serampur Uttarpara,,22.8847,88.0798,4,nutangram
IN,India,India,712250,Nutangram,West Bengal,28,Hooghly,338,Serampur Uttarpara,,22.8847,88.0798,4,nutangram
IN,India,India,712250,Mollerberh,West Bengal,28,Hooghly,338,Serampore,,22.8847,88.0798,3,mollerberh
IN,India,India,712250,Bamunari,West Bengal,28,Hooghly,338,Serampur Uttarpara,,22.8847,88.0798,3,bamunari
IN,India,India,712250,Morepukur,West Bengal,28,Hooghly,338,Serampur Uttarpara,,22.8847,88.0798,3,morepukur
IN,India,India,712258,Uttarpara Bazar,West Bengal,28,Hooghly,338,Serampur Uttarpara,,22.6608,88.3471,3,uttarpara-bazar
IN,India,India,712258,Uttarpara,West Bengal,28,Hooghly,338,Serampur Uttarpara,,22.6608,88.3471,4,uttarpara
IN,India,India,712301,Bhandarhati,West Bengal,28,Hooghly,338,Bhandarhati,,22.9282,88.1015,4,bhandarhati
IN,India,India,712301,Mandra,West Bengal,28,Hooghly,338,Bhanderhati,,22.8333,88.0833,4,mandra
IN,India,India,712301,Dakshin Basudebpur,West Bengal,28,Hooghly,338,Bhanderhati,,22.8808,88.0924,3,dakshin-basudebpur
IN,India,India,712301,Bagnan Chaitanyabati,West Bengal,28,Hooghly,338,Bhanderhati,,22.8808,88.0924,3,bagnan-chaitanyabati
IN,India,India,712301,New Chandpur,West Bengal,28,Hooghly,338,Dhaniakhali,,22.8808,88.0924,3,new-chandpur
IN,India,India,712301,Kanui Banka,West Bengal,28,Hooghly,338,Bhanderhati,,22.8808,88.0924,3,kanui-banka
IN,India,India,712301,Alipur Nayanagar,West Bengal,28,Hooghly,338,Dhaniakhali,,22.8808,88.0924,3,alipur-nayanagar
IN,India,India,712302,Hazipur,West Bengal,28,Hooghly,338,Dhaniakhali,,22.8847,88.0798,4,hazipur
IN,India,India,712302,Kankrakuli,West Bengal,28,Hooghly,338,Dhaniakhali,,22.8847,88.0798,3,kankrakuli
IN,India,India,712302,Dhaniakhali,West Bengal,28,Hooghly,338,Dhaniakhali,,22.9698,88.096,4,dhaniakhali
IN,India,India,712302,Mazinan,West Bengal,28,Hooghly,338,Dhaniakhali,,22.8847,88.0798,3,mazinan
IN,India,India,712302,Kananadi,West Bengal,28,Hooghly,338,Dhaniakhali,,22.8847,88.0798,3,kananadi
IN,India,India,712302,Dedhara,West Bengal,28,Hooghly,338,Dhaniakhali,,22.8847,88.0798,3,dedhara
IN,India,India,712302,Lokabati,West Bengal,28,Hooghly,338,Dhaniakhali,,22.8847,88.0798,3,lokabati
IN,India,India,712302,Rudrani,West Bengal,28,Hooghly,338,Dhaniakhali,,22.8847,88.0798,3,rudrani
IN,India,India,712302,BELMURI,West Bengal,28,Hooghly,338,Dhaniakhali,,22.9464,88.1509,4,belmuri
IN,India,India,712302,Boso,West Bengal,28,Hooghly,338,Dhaniakhali,,22.8847,88.0798,3,boso
IN,India,India,712303,Sankarpur,West Bengal,28,Hooghly,338,Gurap,,22.8847,88.0798,4,sankarpur
IN,India,India,712303,Bhastara,West Bengal,28,Hooghly,338,Gurap,,23.0354,88.1497,4,bhastara
IN,India,India,712303,Palasi,West Bengal,28,Hooghly,338,Gurap,,22.9419,88.3005,3,palasi
IN,India,India,712303,Balidaha,West Bengal,28,Hooghly,338,Gurap,,22.9419,88.3005,3,balidaha
IN,India,India,712303,Cheragram,West Bengal,28,Hooghly,338,Gurap,,22.9419,88.3005,3,cheragram
IN,India,India,712303,Ghosla,West Bengal,28,Hooghly,338,Gurap,,22.9419,88.3005,3,ghosla
IN,India,India,712303,Gurap,West Bengal,28,Hooghly,338,Gurap,,22.9419,88.3005,3,gurap
IN,India,India,712303,Jolekul,West Bengal,28,Hooghly,338,NA,,22.9419,88.3005,3,jolekul
IN,India,India,712304,Baksha,West Bengal,28,Hooghly,338,Serampore,,22.7129,88.2523,3,baksha
IN,India,India,712304,Monirampur,West Bengal,28,Hooghly,338,Serampore,,22.7129,88.2523,3,monirampur
IN,India,India,712304,Kharsarai,West Bengal,28,Hooghly,338,Chanditala - II,,22.7129,88.2523,3,kharsarai
IN,India,India,712304,Janai,West Bengal,28,Hooghly,338,Serampore,,22.7129,88.2523,4,janai
IN,India,India,712304,Chikranda,West Bengal,28,Hooghly,338,Chanditala - II,,22.7129,88.2523,3,chikranda
IN,India,India,712305,Pawnan,West Bengal,28,Hooghly,338,Puinan,,22.9137,88.2125,3,pawnan
IN,India,India,712305,Alipur,West Bengal,28,Hooghly,338,Puinan,,22.9115,88.1716,4,alipur
IN,India,India,712305,Babnan,West Bengal,28,Hooghly,338,Polba - Dadpur,,22.9047,88.2111,4,babnan
IN,India,India,712305,Goswamimalipara,West Bengal,28,Hooghly,338,Puinan,,22.9137,88.2125,3,goswamimalipara
IN,India,India,712305,Makalpur,West Bengal,28,Hooghly,338,Puinan,,22.9137,88.2125,3,makalpur
IN,India,India,712305,Ati,West Bengal,28,Hooghly,338,Puinan,,22.9137,88.2125,3,ati
IN,India,India,712305,Puinan,West Bengal,28,Hooghly,338,Puinan,,22.9137,88.2125,3,puinan
IN,India,India,712305,Porabazar,West Bengal,28,Hooghly,338,Puinan,,22.9137,88.2125,3,porabazar
IN,India,India,712305,Danrpur,West Bengal,28,Hooghly,338,Puinan,,22.9137,88.2125,3,danrpur
IN,India,India,712305,Gobarara,West Bengal,28,Hooghly,338,Puinan,,22.9137,88.2125,3,gobarara
IN,India,India,712305,Harit,West Bengal,28,Hooghly,338,Puinan,,22.9249,88.2549,4,harit
IN,India,India,712305,Nagbal,West Bengal,28,Hooghly,338,Polba - Dadpur,,22.9137,88.2125,3,nagbal
IN,India,India,712305,Sinhet,West Bengal,28,Hooghly,338,Puinan,,22.9137,88.2125,3,sinhet
IN,India,India,712306,Baruipara,West Bengal,28,Hooghly,338,Serampore,,22.765,88.2397,4,baruipara
IN,India,India,712306,Begampur (Hooghly),West Bengal,28,Hooghly,338,Chanditala - II,,22.7307,88.2576,4,begampur-hooghly
IN,India,India,712306,Borai,West Bengal,28,Hooghly,338,Chandannagar,,22.7478,88.2487,3,borai
IN,India,India,712306,Gangadharpur Bazar,West Bengal,28,Hooghly,338,Serampore,,22.7478,88.2487,3,gangadharpur-bazar
IN,India,India,712306,Bora,West Bengal,28,Hooghly,338,Chanditala - II,,22.7478,88.2487,3,bora
IN,India,India,712306,Baratajpur,West Bengal,28,Hooghly,338,Chanditala - II,,22.7478,88.2487,3,baratajpur
IN,India,India,712306,Panchgharabazar,West Bengal,28,Hooghly,338,Serampore,,22.7478,88.2487,3,panchgharabazar
IN,India,India,712308,Khanpur (Hooghly),West Bengal,28,Hooghly,338,Gurap,,22.9655,88.1729,1,khanpur-hooghly
IN,India,India,712308,Gurbari,West Bengal,28,Hooghly,338,Khanpur,,22.9655,88.1729,1,gurbari
IN,India,India,712308,Chopa,West Bengal,28,Hooghly,338,Khanpur,,22.9655,88.1729,1,chopa
IN,India,India,712308,Siptai,West Bengal,28,Hooghly,338,Khanpur,,22.9655,88.1729,1,siptai
IN,India,India,712308,Kharua,West Bengal,28,Hooghly,338,Khanpur,,22.9655,88.1729,1,kharua
IN,India,India,712310,Chakundi,West Bengal,28,Hooghly,338,Serampore,,22.6685,88.291,1,chakundi
IN,India,India,712310,Dankuni Coal Complex,West Bengal,28,Hooghly,338,Serampore,,22.6685,88.291,1,dankuni-coal-complex
IN,India,India,712311,Dankuni Housing Complex,West Bengal,28,Hooghly,338,Serampore,,22.6685,88.291,3,dankuni-housing-complex
IN,India,India,712311,Dankuni,West Bengal,28,Hooghly,338,Serampore,,22.6685,88.291,3,dankuni
IN,India,India,712311,Garalgacha,West Bengal,28,Hooghly,338,Dankuni,,22.6685,88.291,3,garalgacha
IN,India,India,712311,Mrigala,West Bengal,28,Hooghly,338,Chanditala - II,,22.6685,88.291,4,mrigala
IN,India,India,712401,Balipur,West Bengal,28,Hooghly,338,Chanditala - II,,22.8847,88.0798,4,balipur
IN,India,India,712401,Champadanga,West Bengal,28,Hooghly,338,Chandannagar,,22.8377,87.9758,4,champadanga
IN,India,India,712401,Astara,West Bengal,28,Hooghly,338,Chandannagar,,22.7546,88.2692,3,astara
IN,India,India,712401,Ankri-serampore,West Bengal,28,Hooghly,338,Chandannagar,,22.7546,88.2692,3,ankri-serampore
IN,India,India,712401,Aimapaharpur,West Bengal,28,Hooghly,338,Chandannagar,,22.7546,88.2692,3,aimapaharpur
IN,India,India,712401,Binagram,West Bengal,28,Hooghly,338,Chandannagar,,22.7546,88.2692,3,binagram
IN,India,India,712401,Chiladangi,West Bengal,28,Hooghly,338,Arambagh,,22.7546,88.2692,3,chiladangi
IN,India,India,712401,Gholdigrui,West Bengal,28,Hooghly,338,Arambagh,,22.7546,88.2692,3,gholdigrui
IN,India,India,712401,Ghole,West Bengal,28,Hooghly,338,Tarakeswar,,22.7546,88.2692,3,ghole
IN,India,India,712401,Moktarpur,West Bengal,28,Hooghly,338,Chandannagar,,22.7546,88.2692,3,moktarpur
IN,India,India,712401,Jangalpara,West Bengal,28,Hooghly,338,Serampur Uttarpara,,22.7546,88.2692,3,jangalpara
IN,India,India,712401,Parshyampur,West Bengal,28,Hooghly,338,Chandannagar,,22.7546,88.2692,3,parshyampur
IN,India,India,712401,Pursurah,West Bengal,28,Hooghly,338,Arambagh,,22.7546,88.2692,3,pursurah
IN,India,India,712401,Ramnarayanpur,West Bengal,28,Hooghly,338,Chandannagar,,22.7546,88.2692,3,ramnarayanpur
IN,India,India,712402,Chenchua,West Bengal,28,Hooghly,338,NA,,22.8847,88.0798,3,chenchua
IN,India,India,712402,Sahabazar,West Bengal,28,Hooghly,338,Dasghara,,22.8847,88.0798,3,sahabazar
IN,India,India,712402,Mohisgoria,West Bengal,28,Hooghly,338,NA,,22.8847,88.0798,3,mohisgoria
IN,India,India,712402,Routhpur,West Bengal,28,Hooghly,338,Dasghara,,22.8847,88.0798,3,routhpur
IN,India,India,712402,Nimdanga,West Bengal,28,Hooghly,338,Dasghara,,22.8847,88.0798,4,nimdanga
IN,India,India,712402,GOPINAGAR,West Bengal,28,Hooghly,338,Dhaniakhali,,22.8403,88.1221,4,gopinagar
IN,India,India,712402,Dasghara,West Bengal,28,Hooghly,338,Dasghara,,22.9632,88.018,4,dasghara
IN,India,India,712403,Hawakhana,West Bengal,28,Hooghly,338,Haripal,,22.8211,88.0802,3,hawakhana
IN,India,India,712403,Dwarhatta,West Bengal,28,Hooghly,338,Chandannagar,,22.8211,88.0802,3,dwarhatta
IN,India,India,712403,Dalapatipur,West Bengal,28,Hooghly,338,Chandannagar,,22.8211,88.0802,3,dalapatipur
IN,India,India,712403,Paschimgopinathpur,West Bengal,28,Hooghly,338,Chandannagar,,22.8211,88.0802,3,paschimgopinathpur
IN,India,India,712403,Basuri,West Bengal,28,Hooghly,338,Chandannagar,,22.8211,88.0802,3,basuri
IN,India,India,712403,Jagalgori,West Bengal,28,Hooghly,338,Chandannagar,,22.8211,88.0802,3,jagalgori
IN,India,India,712403,Mora,West Bengal,28,Hooghly,338,Chandannagar,,22.8233,88.05,4,mora
IN,India,India,712403,Haripal,West Bengal,28,Hooghly,338,Chandannagar,,22.8188,88.1104,4,haripal
IN,India,India,712404,Satghara,West Bengal,28,Hooghly,338,Serampore,,22.8847,88.0798,4,satghara
IN,India,India,712404,Mundalika,West Bengal,28,Hooghly,338,Serampore,,22.8847,88.0798,3,mundalika
IN,India,India,712404,Dingalhati,West Bengal,28,Hooghly,338,Serampore,,22.8847,88.0798,3,dingalhati
IN,India,India,712404,Prasadpur,West Bengal,28,Hooghly,338,Serampur Uttarpara,,22.8847,88.0798,3,prasadpur
IN,India,India,712404,Krishanagar,West Bengal,28,Hooghly,338,Serampore,,22.8847,88.0798,3,krishanagar
IN,India,India,712404,Baganda,West Bengal,28,Hooghly,338,Jangipara,,22.8847,88.0798,3,baganda
IN,India,India,712404,Lakshmandur,West Bengal,28,Hooghly,338,Serampore,,22.8847,88.0798,3,lakshmandur
IN,India,India,712404,Kulakash,West Bengal,28,Hooghly,338,Serampore,,22.8847,88.0798,3,kulakash
IN,India,India,712404,Dilakash,West Bengal,28,Hooghly,338,Serampore,,22.8847,88.0798,3,dilakash
IN,India,India,712404,Jangipara,West Bengal,28,Hooghly,338,Serampore,,22.7393,88.0689,4,jangipara
IN,India,India,712405,Jejur,West Bengal,28,Hooghly,338,Chandannagar,,22.8813,88.1228,4,jejur
IN,India,India,712405,Khamarchandi,West Bengal,28,Hooghly,338,Chandannagar,,22.8966,88.2839,3,khamarchandi
IN,India,India,712405,Paniseola,West Bengal,28,Hooghly,338,Chandannagar,,22.8966,88.2839,3,paniseola
IN,India,India,712405,Musapur,West Bengal,28,Hooghly,338,Chandannagar,,22.8966,88.2839,3,musapur
IN,India,India,712405,Kalachara,West Bengal,28,Hooghly,338,Chandannagar,,22.8966,88.2839,3,kalachara
IN,India,India,712405,Malia,West Bengal,28,Hooghly,338,Chandannagar,,22.8966,88.2839,3,malia
IN,India,India,712405,Bahirkhand,West Bengal,28,Hooghly,338,Chandannagar,,22.8966,88.2839,3,bahirkhand
IN,India,India,712405,Kaikala,West Bengal,28,Hooghly,338,Chandannagar,,22.8966,88.2839,3,kaikala
IN,India,India,712405,Brahmanpara,West Bengal,28,Hooghly,338,Chandannagar,,22.8847,88.0798,4,brahmanpara
IN,India,India,712405,Bajitpur,West Bengal,28,Hooghly,338,Chandannagar,,22.889,88.1349,4,bajitpur
IN,India,India,712406,Sonatikri,West Bengal,28,Hooghly,338,Khanakul 1b,,22.8689,88.0603,4,sonatikri
IN,India,India,712406,Patul,West Bengal,28,Hooghly,338,Khanakul-2b,,22.7578,88.1608,4,patul
IN,India,India,712406,Khanakul,West Bengal,28,Hooghly,338,Khanakul I.b,,22.7089,87.8502,4,khanakul
IN,India,India,712406,Nangulpara,West Bengal,28,Hooghly,338,Khanakul-1b,,22.8847,88.0798,3,nangulpara
IN,India,India,712406,Routhkhana,West Bengal,28,Hooghly,338,Khanakul,,22.8847,88.0798,3,routhkhana
IN,India,India,712406,Udaypur,West Bengal,28,Hooghly,338,Khanakul 1b,,22.8847,88.0798,4,udaypur
IN,India,India,712406,Kedarpur,West Bengal,28,Hooghly,338,Khanakul-1b,,22.8847,88.0798,3,kedarpur
IN,India,India,712406,Hirapur,West Bengal,28,Hooghly,338,Khanakul-2b,,22.8847,88.0798,4,hirapur
IN,India,India,712406,Mainan,West Bengal,28,Hooghly,338,Khanakul-2b,,22.8847,88.0798,3,mainan
IN,India,India,712406,Pole,West Bengal,28,Hooghly,338,Khanakul 2b,,22.8847,88.0798,3,pole
IN,India,India,712407,Bandipur,West Bengal,28,Hooghly,338,Chandannagar,,22.8464,88.1806,4,bandipur
IN,India,India,712407,Beraberi,West Bengal,28,Hooghly,338,Chandannagar,,22.8467,88.2044,4,beraberi
IN,India,India,712407,Kamarkundu,West Bengal,28,Hooghly,338,Chandannagar,,22.8465,88.1925,3,kamarkundu
IN,India,India,712407,Nalikul,West Bengal,28,Hooghly,338,Chandannagar,,22.8465,88.1925,3,nalikul
IN,India,India,712407,Bajemalia,West Bengal,28,Hooghly,338,Chandannagar,,22.8465,88.1925,3,bajemalia
IN,India,India,712407,Chitrasali,West Bengal,28,Hooghly,338,Chandannagar,,22.8465,88.1925,3,chitrasali
IN,India,India,712407,Haripur Chak,West Bengal,28,Hooghly,338,Haripal,,22.8465,88.1925,3,haripur-chak
IN,India,India,712407,Kinkarbati,West Bengal,28,Hooghly,338,Chandannagar,,22.8465,88.1925,3,kinkarbati
IN,India,India,712407,Pargopalnagar,West Bengal,28,Hooghly,338,Chandannagar,,22.8465,88.1925,3,pargopalnagar
IN,India,India,712408,Rahimpur,West Bengal,28,Hooghly,338,Serampore,,22.7679,88.0059,3,rahimpur
IN,India,India,712408,Antpur,West Bengal,28,Hooghly,338,Serampur Uttarpara,,22.7679,88.0059,3,antpur
IN,India,India,712408,Guti,West Bengal,28,Hooghly,338,Serampore,,22.7679,88.0059,3,guti
IN,India,India,712408,Rashidpur,West Bengal,28,Hooghly,338,Serampore,,22.7679,88.0059,3,rashidpur
IN,India,India,712408,Rajbalhat,West Bengal,28,Hooghly,338,Chandannagar,,22.7679,88.0059,4,rajbalhat
IN,India,India,712408,Poshpur,West Bengal,28,Hooghly,338,Serampore,,22.7679,88.0059,3,poshpur
IN,India,India,712409,Singherbheri,West Bengal,28,Hooghly,338,NA,,22.8847,88.0798,3,singherbheri
IN,India,India,712409,Singur,West Bengal,28,Hooghly,338,Chandannagar,,22.8092,88.2294,4,singur
IN,India,India,712409,Basubati,West Bengal,28,Hooghly,338,Chandannagar,,22.7875,88.1989,4,basubati
IN,India,India,712409,Ganderpukur,West Bengal,28,Hooghly,338,Chandannagar,,22.8847,88.0798,3,ganderpukur
IN,India,India,712409,Balarambati,West Bengal,28,Hooghly,338,Chandannagar,,22.8847,88.0798,3,balarambati
IN,India,India,712409,Dewanbheri,West Bengal,28,Hooghly,338,Chandannagar,,22.8847,88.0798,3,dewanbheri
IN,India,India,712409,Mirjapur Bankipur,West Bengal,28,Hooghly,338,Chandannagar,,22.8847,88.0798,3,mirjapur-bankipur
IN,India,India,712409,Gopalnagar Harharia,West Bengal,28,Hooghly,338,Singur,,22.8847,88.0798,3,gopalnagar-harharia
IN,India,India,712409,Dihiratanpur,West Bengal,28,Hooghly,338,Singur,,22.8847,88.0798,3,dihiratanpur
IN,India,India,712409,Harishnagar,West Bengal,28,Hooghly,338,Singur,,22.8847,88.0798,3,harishnagar
IN,India,India,712409,Jagatnagar,West Bengal,28,Hooghly,338,Chandannagar,,22.8847,88.0798,3,jagatnagar
IN,India,India,712409,Jalaghata,West Bengal,28,Hooghly,338,Singur,,22.8847,88.0798,3,jalaghata
IN,India,India,712409,Paltagarh,West Bengal,28,Hooghly,338,Chandannagar,,22.8847,88.0798,3,paltagarh
IN,India,India,712409,Karicharbheri,West Bengal,28,Hooghly,338,Singur,,22.8847,88.0798,3,karicharbheri
IN,India,India,712409,Anandanagar,West Bengal,28,Hooghly,338,Chandannagar,,22.8847,88.0798,4,anandanagar
IN,India,India,712410,Tarakeswar Math,West Bengal,28,Hooghly,338,Tarakeswar,,22.8847,88.0798,3,tarakeswar-math
IN,India,India,712410,Talpur,West Bengal,28,Hooghly,338,Chandannagar,,22.8847,88.0798,3,talpur
IN,India,India,712410,Soaluk,West Bengal,28,Hooghly,338,Chandannagar,,22.8847,88.0798,3,soaluk
IN,India,India,712410,Kumrul,West Bengal,28,Hooghly,338,Tarakeswar,,22.8847,88.0798,3,kumrul
IN,India,India,712410,Ketera,West Bengal,28,Hooghly,338,Chandannagar,,22.8847,88.0798,3,ketera
IN,India,India,712410,Bhata,West Bengal,28,Hooghly,338,Chandannagar,,22.8847,88.0798,3,bhata
IN,India,India,712410,Teghari,West Bengal,28,Hooghly,338,Chandannagar,,22.8847,88.0798,3,teghari
IN,India,India,712410,Kashipur,West Bengal,28,Hooghly,338,Chandannagar,,22.8847,88.0798,4,kashipur
IN,India,India,712410,Duttapur,West Bengal,28,Hooghly,338,Chandannagar,,22.8847,88.0798,3,duttapur
IN,India,India,712410,Shyampur,West Bengal,28,Hooghly,338,Chandannagar,,22.8847,88.0798,3,shyampur
IN,India,India,712410,Muidipur,West Bengal,28,Hooghly,338,Chandannagar,,22.8847,88.0798,3,muidipur
IN,India,India,712410,Samserpur,West Bengal,28,Hooghly,338,Chandannagar,,22.8847,88.0798,3,samserpur
IN,India,India,712410,Chaulpatty,West Bengal,28,Hooghly,338,Tarakeswar,,22.8847,88.0798,3,chaulpatty
IN,India,India,712410,Bishnupur,West Bengal,28,Hooghly,338,Tarakeswar,,22.8847,88.0798,4,bishnupur
IN,India,India,712410,Baligori,West Bengal,28,Hooghly,338,Chandannagar,,22.8847,88.0798,3,baligori
IN,India,India,712410,Sainta,West Bengal,28,Hooghly,338,Chandannagar,,22.8847,88.0798,3,sainta
IN,India,India,712410,Madpur,West Bengal,28,Hooghly,338,Chandannagar,,22.8847,88.0798,4,madpur
IN,India,India,712410,Jamdara,West Bengal,28,Hooghly,338,Tarakeswar,,22.8847,88.0798,3,jamdara
IN,India,India,712410,Bhangamora,West Bengal,28,Hooghly,338,Arambagh,,22.8847,88.0798,3,bhangamora
IN,India,India,712410,Rasulpur,West Bengal,28,Hooghly,338,Arambagh,,22.8847,88.0798,4,rasulpur
IN,India,India,712410,Baidyapur Shibtala,West Bengal,28,Hooghly,338,Burdwan,,22.8847,88.0798,3,baidyapur-shibtala
IN,India,India,712410,Keshabchak,West Bengal,28,Hooghly,338,Chandannagar,,22.8847,88.0798,3,keshabchak
IN,India,India,712410,Tarakeswar,West Bengal,28,Hooghly,338,Chandannagar,,22.8861,88.0136,4,tarakeswar
IN,India,India,712410,Ramnagar,West Bengal,28,Hooghly,338,Chandannagar,,22.7778,88.2464,4,ramnagar
IN,India,India,712412,Baradigrui,West Bengal,28,Hooghly,338,Pursurah,,22.8283,88.0778,3,baradigrui
IN,India,India,712412,Tantisal,West Bengal,28,Hooghly,338,Khanakul-1b,,22.8283,88.0778,3,tantisal
IN,India,India,712412,Chandraban,West Bengal,28,Hooghly,338,Arambagh,,22.8283,88.0778,3,chandraban
IN,India,India,712412,Helan,West Bengal,28,Hooghly,338,Khanakul I.b,,22.8283,88.0778,3,helan
IN,India,India,712412,Hiatpur,West Bengal,28,Hooghly,338,Arambagh,,22.8283,88.0778,3,hiatpur
IN,India,India,712412,Kaiba,West Bengal,28,Hooghly,338,Khanakul-1b,,22.8283,88.0778,3,kaiba
IN,India,India,712412,Narayanpur,West Bengal,28,Hooghly,338,Arambagh,,22.8283,88.0778,4,narayanpur
IN,India,India,712413,Balundi,West Bengal,28,Hooghly,338,Arambagh,,22.8847,88.0798,3,balundi
IN,India,India,712413,Dakshin Rasulpur,West Bengal,28,Hooghly,338,Arambagh,,22.8847,88.0798,3,dakshin-rasulpur
IN,India,India,712413,Daminya Kabikankan,West Bengal,28,Hooghly,338,Raina,,22.8847,88.0798,3,daminya-kabikankan
IN,India,India,712413,Dihiboira,West Bengal,28,Hooghly,338,Arambagh,,22.8847,88.0798,3,dihiboira
IN,India,India,712413,Hatbasantapur,West Bengal,28,Hooghly,338,Arambagh,,22.8847,88.0798,3,hatbasantapur
IN,India,India,712413,Baira-kanpur,West Bengal,28,Hooghly,338,Arambag,,22.8847,88.0798,3,baira-kanpur
IN,India,India,712413,Madhurpur,West Bengal,28,Hooghly,338,Arambagh,,22.8847,88.0798,3,madhurpur
IN,India,India,712413,Mayapur (Hooghly),West Bengal,28,Hooghly,338,Arambagh,,22.8847,88.0798,3,mayapur-hooghly
IN,India,India,712413,Madhabpur,West Bengal,28,Hooghly,338,Arambagh,,22.8847,88.0798,4,madhabpur
IN,India,India,712413,Parabagnan,West Bengal,28,Hooghly,338,Arambagh,,22.8847,88.0798,3,parabagnan
IN,India,India,712413,Keshabpur,West Bengal,28,Hooghly,338,Arambagh,,22.8847,88.0798,4,keshabpur
IN,India,India,712413,Chunait,West Bengal,28,Hooghly,338,Khanakul-i,,22.8847,88.0798,3,chunait
IN,India,India,712413,Arandi,West Bengal,28,Hooghly,338,Arambagh,,22.8847,88.0798,3,arandi
IN,India,India,712413,Bachhanari,West Bengal,28,Hooghly,338,Arambagh,,22.8847,88.0798,3,bachhanari
IN,India,India,712414,Baikunthapur,West Bengal,28,Hooghly,338,Pursurah,,22.9808,88.2058,4,baikunthapur
IN,India,India,712414,Alati,West Bengal,28,Hooghly,338,Pursurah,,22.9376,88.0801,3,alati
IN,India,India,712414,Deulpara.,West Bengal,28,Hooghly,338,Pursurah.,,22.8943,87.9543,4,deulpara
IN,India,India,712414,Kulbatpur,West Bengal,28,Hooghly,338,Pursurah,,22.9376,88.0801,3,kulbatpur
IN,India,India,712414,Nimdangi,West Bengal,28,Hooghly,338,Pursura,,22.9376,88.0801,3,nimdangi
IN,India,India,712414,Nachipur,West Bengal,28,Hooghly,338,Pursura,,22.9376,88.0801,3,nachipur
IN,India,India,712414,Ghargohal,West Bengal,28,Hooghly,338,Pursurah,,22.9376,88.0801,3,ghargohal
IN,India,India,712415,Bhuerah,West Bengal,28,Hooghly,338,Pursurah,,22.8847,88.0798,3,bhuerah
IN,India,India,712415,Pratapnagar,West Bengal,28,Hooghly,338,Arambagh,,22.8847,88.0798,4,pratapnagar
IN,India,India,712415,Ragpur,West Bengal,28,Hooghly,338,Arambagh,,22.8847,88.0798,3,ragpur
IN,India,India,712415,Hati,West Bengal,28,Hooghly,338,Pursurah,,22.8847,88.0798,3,hati
IN,India,India,712415,Harinkhola,West Bengal,28,Hooghly,338,Arambagh,,22.8847,88.0798,3,harinkhola
IN,India,India,712415,Saidpur (Hooghly),West Bengal,28,Hooghly,338,Pursurah,,22.8847,88.0798,3,saidpur-hooghly
IN,India,India,712415,Jasar,West Bengal,28,Hooghly,338,Arambagh,,22.8847,88.0798,3,jasar
IN,India,India,712415,Pratapnagar (HooghB.O,West Bengal,28,Hooghly,338,Arambagh,,22.8847,88.0798,3,pratapnagar-hooghb-o
IN,India,India,712415,Purba Krishnapur,West Bengal,28,Hooghly,338,Arambagh,,22.8847,88.0798,3,purba-krishnapur
IN,India,India,712416,Balaichak,West Bengal,28,Hooghly,338,Khanakul 2b,,22.8847,88.0798,1,balaichak
IN,India,India,712416,Chingra,West Bengal,28,Hooghly,338,Khanakul 2b,,22.8847,88.0798,1,chingra
IN,India,India,712416,Balpai,West Bengal,28,Hooghly,338,Khanakul 2b,,22.8847,88.0798,1,balpai
IN,India,India,712416,Natibpur,West Bengal,28,Hooghly,338,Khanakul 2b,,22.8847,88.0798,1,natibpur
IN,India,India,712416,Palaspai,West Bengal,28,Hooghly,338,Khanakul2b,,22.8847,88.0798,1,palaspai
IN,India,India,712416,Ranjitbati,West Bengal,28,Hooghly,338,Khanakul 2b,,22.8847,88.0798,1,ranjitbati
IN,India,India,712416,Chakhayatpur,West Bengal,28,Hooghly,338,Khanakul 2b,,22.8847,88.0798,1,chakhayatpur
IN,India,India,712416,Dharasimul,West Bengal,28,Hooghly,338,Khanakul 2b,,22.8847,88.0798,1,dharasimul
IN,India,India,712416,Mostafapur,West Bengal,28,Hooghly,338,Khanakul 2b,,22.8847,88.0798,1,mostafapur
IN,India,India,712416,Harishchak,West Bengal,28,Hooghly,338,Khanakul 2b,,22.8847,88.0798,1,harishchak
IN,India,India,712417,Routh Khana,West Bengal,28,Hooghly,338,Khanakul 2b,,22.8847,88.0798,3,routh-khana
IN,India,India,712417,Mar0khana,West Bengal,28,Hooghly,338,Khanakul 2b,,22.8847,88.0798,3,mar0khana
IN,India,India,712417,Rajhati Bandar,West Bengal,28,Hooghly,338,Khanakul 2b,,22.8847,88.0798,3,rajhati-bandar
IN,India,India,712417,Nandanpur,West Bengal,28,Hooghly,338,Khanakul 2b,,22.8847,88.0798,3,nandanpur
IN,India,India,712417,Jagatpur,West Bengal,28,Hooghly,338,Khanakul 2b,,22.8847,88.0798,4,jagatpur
IN,India,India,712417,Sabalsingpur,West Bengal,28,Hooghly,338,Khanakul2b,,22.8847,88.0798,3,sabalsingpur
IN,India,India,712417,Bonhijli,West Bengal,28,Hooghly,338,Khanakul 2b,,22.8847,88.0798,3,bonhijli
IN,India,India,712501,Balagarh,West Bengal,28,Hooghly,338,Balagarh,,22.8847,88.0798,4,balagarh
IN,India,India,712501,Basna,West Bengal,28,Hooghly,338,Balagarh,,22.8847,88.0798,3,basna
IN,India,India,712501,Patuligram,West Bengal,28,Hooghly,338,Balagarh,,22.8847,88.0798,3,patuligram
IN,India,India,712501,Panchpara,West Bengal,28,Hooghly,338,Balagarh,,22.8847,88.0798,3,panchpara
IN,India,India,712501,Milangarh,West Bengal,28,Hooghly,338,Balagarh,,22.8847,88.0798,3,milangarh
IN,India,India,712501,Jirat,West Bengal,28,Hooghly,338,Balagarh,,22.8847,88.0798,3,jirat
IN,India,India,712502,Bansberia,West Bengal,28,Hooghly,338,Bansberia,,22.9539,88.401,4,bansberia
IN,India,India,712502,Bansberia Bazar,West Bengal,28,Hooghly,338,Chinsurah - Magra,,22.9539,88.401,3,bansberia-bazar
IN,India,India,712502,Chawk Bansberia.,West Bengal,28,Hooghly,338,Chinsurah - Magra,,22.9539,88.401,3,chawk-bansberia
IN,India,India,712502,Shibpur Bansberia,West Bengal,28,Hooghly,338,Chinsurah - Magra,,22.9539,88.401,3,shibpur-bansberia
IN,India,India,712503,Btps (Hooghly),West Bengal,28,Hooghly,338,Chinsurah - Magra,,22.9867,88.3987,3,btps-hooghly
IN,India,India,712503,Tribeni,West Bengal,28,Hooghly,338,Chinsurah - Magra,,22.9867,88.3987,4,tribeni
IN,India,India,712504,Chandrahati,West Bengal,28,Hooghly,338,Chinsurah - Magra,,22.8896,88.4116,1,chandrahati
IN,India,India,712512,Bakuliagram,West Bengal,28,Hooghly,338,Balagarh,,22.8847,88.0798,3,bakuliagram
IN,India,India,712512,Aidakismat,West Bengal,28,Hooghly,338,Guptipara,,22.8847,88.0798,3,aidakismat
IN,India,India,712512,Guptipara,West Bengal,28,Hooghly,338,Guptipara,,22.8847,88.0798,3,guptipara
IN,India,India,712512,Purba Satgachia,West Bengal,28,Hooghly,338,Balagarh,,22.8847,88.0798,4,purba-satgachia
IN,India,India,712512,Dhobapara,West Bengal,28,Hooghly,338,Guptipara,,22.8847,88.0798,3,dhobapara
IN,India,India,712512,Digra,West Bengal,28,Hooghly,338,Guptipara,,22.8847,88.0798,3,digra
IN,India,India,712512,Krishanbatichar,West Bengal,28,Hooghly,338,Guptipara,,22.8847,88.0798,3,krishanbatichar
IN,India,India,712513,Nayasarai,West Bengal,28,Hooghly,338,Magra,,22.8847,88.0798,3,nayasarai
IN,India,India,712513,Gopalpur,West Bengal,28,Hooghly,338,Nayasarai,,22.8847,88.0798,4,gopalpur
IN,India,India,712514,Sripur Bazar (Hooghly),West Bengal,28,Hooghly,338,Balagarh,,22.8847,88.0798,1,sripur-bazar-hooghly
IN,India,India,712515,Khamargachi,West Bengal,28,Hooghly,338,Balagarh,,22.8847,88.0798,1,khamargachi
IN,India,India,712515,Baneswarpur,West Bengal,28,Hooghly,338,Khamargachi,,22.8847,88.0798,1,baneswarpur
IN,India,India,712515,Dumurdaha,West Bengal,28,Hooghly,338,Khamargachi,,22.8847,88.0798,1,dumurdaha
IN,India,India,712601,Netaji Mahavidyalaya,West Bengal,28,Hooghly,338,Arambag,,22.6703,88.2694,3,netaji-mahavidyalaya
IN,India,India,712601,Arambagh H.O,West Bengal,28,Hooghly,338,Arambagh,,22.6703,88.2694,3,arambagh-h-o
IN,India,India,712601,Arambagh Court,West Bengal,28,Hooghly,338,Arambag,,22.6703,88.2694,3,arambagh-court
IN,India,India,712601,Natunbazar (Hooghly),West Bengal,28,Hooghly,338,Arambag,,22.6703,88.2694,3,natunbazar-hooghly
IN,India,India,712601,Krishnapur (Hooghly),West Bengal,28,Hooghly,338,Arambag,,22.6703,88.2694,4,krishnapur-hooghly
IN,India,India,712602,Gobindapur,West Bengal,28,Hooghly,338,Goghat-i,,22.7267,88.0975,4,gobindapur
IN,India,India,712602,Maigram,West Bengal,28,Hooghly,338,Arambagh,,22.8847,88.0798,3,maigram
IN,India,India,712602,Naisarai,West Bengal,28,Hooghly,338,Arambag,,22.8847,88.0798,3,naisarai
IN,India,India,712602,Chandur (Hooghly),West Bengal,28,Hooghly,338,Arambag,,22.8847,88.0798,3,chandur-hooghly
IN,India,India,712602,Mriga Chatra,West Bengal,28,Hooghly,338,Arambagh,,22.8847,88.0798,3,mriga-chatra
IN,India,India,712602,Bhadur,West Bengal,28,Hooghly,338,Goghat-i,,22.8847,88.0798,3,bhadur
IN,India,India,712602,Santoshpur,West Bengal,28,Hooghly,338,Arambagh,,22.8847,88.0798,4,santoshpur
IN,India,India,712602,Bajua,West Bengal,28,Hooghly,338,Goghat-i,,22.8847,88.0798,3,bajua
IN,India,India,712602,Tirol,West Bengal,28,Hooghly,338,Goghat-i,,22.8847,88.0798,3,tirol
IN,India,India,712611,Bhurkunda,West Bengal,28,Hooghly,338,Goghat-ii,,22.8847,88.0798,1,bhurkunda
IN,India,India,712611,Senai,West Bengal,28,Hooghly,338,Goghat-ii,,22.8847,88.0798,1,senai
IN,India,India,712611,Asudkhola,West Bengal,28,Hooghly,338,Goghat - II,,22.8847,88.0798,1,asudkhola
IN,India,India,712611,Bengai.,West Bengal,28,Hooghly,338,Goghat-ii,,22.8847,88.0798,1,bengai
IN,India,India,712611,Khatul,West Bengal,28,Hooghly,338,Goghat-ii,,22.8847,88.0798,1,khatul
IN,India,India,712611,Salikona,West Bengal,28,Hooghly,338,Goghat-ii,,22.8847,88.0798,1,salikona
IN,India,India,712612,Mandaran,West Bengal,28,Hooghly,338,Goghat-1,,22.8847,88.0798,3,mandaran
IN,India,India,712612,Tarahat,West Bengal,28,Hooghly,338,Goghat-ii,,22.8847,88.0798,3,tarahat
IN,India,India,712612,Sripur,West Bengal,28,Hooghly,338,Goghat-ii,,22.8847,88.0798,4,sripur
IN,India,India,712612,Satberia,West Bengal,28,Hooghly,338,Goghat-ii,,22.8847,88.0798,3,satberia
IN,India,India,712612,Paschimpara,West Bengal,28,Hooghly,338,Goghat-1,,22.8847,88.0798,4,paschimpara
IN,India,India,712612,Kamarpukur,West Bengal,28,Hooghly,338,Goghat-ii,,22.9107,87.6506,4,kamarpukur
IN,India,India,712613,Gourhati,West Bengal,28,Hooghly,338,Arambagh,,22.8847,88.0798,3,gourhati
IN,India,India,712613,Duadanda,West Bengal,28,Hooghly,338,Khanakul-i,,22.8847,88.0798,3,duadanda
IN,India,India,712613,Kupsit,West Bengal,28,Hooghly,338,Khanakul-i,,22.8847,88.0798,3,kupsit
IN,India,India,712613,Thakuranichak,West Bengal,28,Hooghly,338,Arambagh,,22.8847,88.0798,3,thakuranichak
IN,India,India,712613,Beniajole,West Bengal,28,Hooghly,338,Arambag,,22.8847,88.0798,3,beniajole
IN,India,India,712613,Dihi Bagnan,West Bengal,28,Hooghly,338,Arambagh,,22.8847,88.0798,3,dihi-bagnan
IN,India,India,712613,Ghoshpur,West Bengal,28,Hooghly,338,Khanakul-i,,22.8847,88.0798,4,ghoshpur
IN,India,India,712613,Pilkhan,West Bengal,28,Hooghly,338,Arambagh,,22.8847,88.0798,3,pilkhan
IN,India,India,712614,Ratanpur,West Bengal,28,Hooghly,338,Goghat-i,,22.8303,88.2569,4,ratanpur
IN,India,India,712614,Paba,West Bengal,28,Hooghly,338,Goghat-i,,22.8434,87.976,3,paba
IN,India,India,712614,Sunia,West Bengal,28,Hooghly,338,Goghat-i,,22.8565,87.6951,4,sunia
IN,India,India,712614,Raghubati,West Bengal,28,Hooghly,338,Goghat-i,,22.8434,87.976,3,raghubati
IN,India,India,712614,Singrapur,West Bengal,28,Hooghly,338,Goghat - I,,22.8434,87.976,3,singrapur
IN,India,India,712614,Debkhanda,West Bengal,28,Hooghly,338,Goghat-ii,,22.8434,87.976,3,debkhanda
IN,India,India,712614,Goghat.,West Bengal,28,Hooghly,338,Goghat-ii,,22.8434,87.976,3,goghat
IN,India,India,712614,Kantali,West Bengal,28,Hooghly,338,Goghat-ii,,22.8434,87.976,3,kantali
IN,India,India,712614,Laluka,West Bengal,28,Hooghly,338,Goghat-i,,22.8434,87.976,3,laluka
IN,India,India,712614,Nakunda,West Bengal,28,Hooghly,338,Goghat-i,,22.8434,87.976,3,nakunda
IN,India,India,712615,Batanal,West Bengal,28,Hooghly,338,Arambagh,,22.8847,88.0798,1,batanal
IN,India,India,712615,Bhalia,West Bengal,28,Hooghly,338,Arambagh,,22.8847,88.0798,1,bhalia
IN,India,India,712615,Moloypur,West Bengal,28,Hooghly,338,Arambagh,,22.8847,88.0798,1,moloypur
IN,India,India,712615,Golta,West Bengal,28,Hooghly,338,Arambagh,,22.8847,88.0798,1,golta
IN,India,India,712615,Karui,West Bengal,28,Hooghly,338,Arambagh,,22.8847,88.0798,1,karui
IN,India,India,712616,Dhulepur,West Bengal,28,Hooghly,338,Goghat-i,,22.8847,88.0798,3,dhulepur
IN,India,India,712616,Radhaballavpur,West Bengal,28,Hooghly,338,Goghat-i,,22.8847,88.0798,3,radhaballavpur
IN,India,India,712616,Aslahari,West Bengal,28,Hooghly,338,Goghat-i,,22.8847,88.0798,3,aslahari
IN,India,India,712616,Saora,West Bengal,28,Hooghly,338,Goghat-i,,22.8847,88.0798,4,saora
IN,India,India,712616,Damodarpur,West Bengal,28,Hooghly,338,Goghat-i,,22.8847,88.0798,4,damodarpur
IN,India,India,712616,Kumursha,West Bengal,28,Hooghly,338,Goghat-i,,22.8847,88.0798,3,kumursha
IN,India,India,712616,Balidewanganj,West Bengal,28,Hooghly,338,Goghat-i,,22.8847,88.0798,3,balidewanganj
IN,India,India,712616,Salepur,West Bengal,28,Hooghly,338,Goghat-i,,22.8847,88.0798,3,salepur
IN,India,India,712616,Ramnagar Mobarakpur,West Bengal,28,Hooghly,338,Goghat-i,,22.8847,88.0798,3,ramnagar-mobarakpur
IN,India,India,712616,Dahia Kanda,West Bengal,28,Hooghly,338,Goghat-i,,22.8847,88.0798,3,dahia-kanda
IN,India,India,712616,Muktarpur Belekusma,West Bengal,28,Hooghly,338,Goghat-i,,22.8847,88.0798,3,muktarpur-belekusma
IN,India,India,712617,Gujrat,West Bengal,28,Hooghly,338,Arambagh,,22.8847,88.0798,4,gujrat
IN,India,India,712617,Mayalbandipur,West Bengal,28,Hooghly,338,Arambagh,,22.8847,88.0798,3,mayalbandipur
IN,India,India,712617,Manikpat,West Bengal,28,Hooghly,338,Arambagh,,22.8847,88.0798,3,manikpat
IN,India,India,712617,Kishorepur,West Bengal,28,Hooghly,338,Arambagh,,22.8847,88.0798,3,kishorepur
IN,India,India,712617,Daharkunda,West Bengal,28,Hooghly,338,Arambagh,,22.8847,88.0798,3,daharkunda
IN,India,India,712617,Chuadanga,West Bengal,28,Hooghly,338,Arambagh,,22.8847,88.0798,3,chuadanga
IN,India,India,712617,Mahisgot,West Bengal,28,Hooghly,338,Arambagh,,22.8847,88.0798,3,mahisgot
IN,India,India,712617,Baradangal,West Bengal,28,Hooghly,338,Arambagh,,22.8847,88.0798,3,baradangal
IN,India,India,712701,Jangalpara Bazar,West Bengal,28,Hooghly,338,Chanditala - I,,22.8151,88.2096,3,jangalpara-bazar
IN,India,India,712701,Bandhpur,West Bengal,28,Hooghly,338,Serampore,,22.8151,88.2096,3,bandhpur
IN,India,India,712701,Masat,West Bengal,28,Hooghly,338,Serampore,,22.8151,88.2096,3,masat
IN,India,India,712701,Akuni,West Bengal,28,Hooghly,338,Serampore,,22.8151,88.2096,3,akuni
IN,India,India,712701,Nawabpur,West Bengal,28,Hooghly,338,Serampore,,22.8151,88.2096,3,nawabpur
IN,India,India,712701,Haripur,West Bengal,28,Hooghly,338,Serampore,,22.9361,88.2319,4,haripur
IN,India,India,712701,Bhagabatipur,West Bengal,28,Hooghly,338,Serampore,,22.6942,88.1872,4,bhagabatipur
IN,India,India,712702,Kristorampur,West Bengal,28,Hooghly,338,Serampur Uttarpara,,22.6932,88.2579,3,kristorampur
IN,India,India,712702,Kumirmorah,West Bengal,28,Hooghly,338,Serampur Uttarpara,,22.6932,88.2579,3,kumirmorah
IN,India,India,712702,Kalachara,West Bengal,28,Hooghly,338,Serampore,,22.6932,88.2579,3,kalachara
IN,India,India,712702,Naity,West Bengal,28,Hooghly,338,Serampore,,22.6932,88.2579,3,naity
IN,India,India,712702,Chanditala,West Bengal,28,Hooghly,338,Serampore,,22.6932,88.2579,4,chanditala
IN,India,India,712704,Kumirmorah,West Bengal,28,Hooghly,338,Serampore,,22.7745,88.2257,1,kumirmorah
IN,India,India,712706,Seakhala,West Bengal,28,Hooghly,338,Serampore,,22.7745,88.2257,1,seakhala
IN,India,India,712706,Ilahipur,West Bengal,28,Hooghly,338,Serampur Uttarpara,,22.7745,88.2257,1,ilahipur
IN,India,India,712706,Charpur,West Bengal,28,Hooghly,338,Serampore,,22.7745,88.2257,1,charpur
IN,India,India,712706,Aniya,West Bengal,28,Hooghly,338,Serampore,,22.7745,88.2257,1,aniya
IN,India,India,712706,Paschimtajpur,West Bengal,28,Hooghly,338,Serampore,,22.7745,88.2257,1,paschimtajpur
IN,India,India,712706,Dakshindihi,West Bengal,28,Hooghly,338,Serampore,,22.7745,88.2257,1,dakshindihi
IN,India,India,712706,Furfura,West Bengal,28,Hooghly,338,Serampore,,22.7745,88.2257,1,furfura
IN,India,India,713150,Sudpur,West Bengal,28,Bankura,339,Srikhanda,,23.141,87.135,4,sudpur
IN,India,India,713150,Mustafapur,West Bengal,28,Bankura,339,Katwa,,23.141,87.135,3,mustafapur
IN,India,India,713150,Barampur,West Bengal,28,Bankura,339,Katwa,,23.141,87.135,3,barampur
IN,India,India,713150,Churpuni,West Bengal,28,Bankura,339,Katwa,,23.141,87.135,3,churpuni
IN,India,India,713150,Kosigram,West Bengal,28,Bankura,339,Katwa,,23.141,87.135,3,kosigram
IN,India,India,713150,Srikhanda,West Bengal,28,Bankura,339,NA,,23.141,87.135,4,srikhanda
IN,India,India,713150,Bileswar,West Bengal,28,Bankura,339,Katwa,,23.141,87.135,3,bileswar
IN,India,India,713150,Alampur,West Bengal,28,Bankura,339,Katwa,,23.141,87.135,4,alampur
IN,India,India,713513,Purbasthali,West Bengal,28,Bankura,339,NA,,23.141,87.135,3,purbasthali
IN,India,India,713514,Singhi,West Bengal,28,Bankura,339,NA,,23.141,87.135,1,singhi
IN,India,India,722101,Bankura H.O,West Bengal,28,Bankura,339,Bankura - I,,23.2505,87.3849,1,bankura-h-o
IN,India,India,722101,Bankura  DSB,West Bengal,28,Bankura,339,Bankura - I,,23.2505,87.3849,1,bankura-dsb
IN,India,India,722101,Pilgrim Road,West Bengal,28,Bankura,339,Bankura - I,,23.2505,87.3849,1,pilgrim-road
IN,India,India,722101,Feder Road,West Bengal,28,Bankura,339,Bankura - I,,23.2505,87.3849,1,feder-road
IN,India,India,722101,Nutanchati,West Bengal,28,Bankura,339,Bankura - I,,23.2505,87.3849,1,nutanchati
IN,India,India,722101,Lalbazar (Bankura),West Bengal,28,Bankura,339,Bankura - I,,23.2505,87.3849,1,lalbazar-bankura
IN,India,India,722102,Lokepur,West Bengal,28,Bankura,339,Bankura - I,,23.2505,87.3849,1,lokepur
IN,India,India,722102,West Sanabandh,West Bengal,28,Bankura,339,Bankura - I,,23.2505,87.3849,1,west-sanabandh
IN,India,India,722102,Anchuri Salboni,West Bengal,28,Bankura,339,Bankura - I,,23.2505,87.3849,1,anchuri-salboni
IN,India,India,722102,Bankati,West Bengal,28,Bankura,339,Bankura,,23.2505,87.3849,1,bankati
IN,India,India,722102,Kenduadihi,West Bengal,28,Bankura,339,Bankura - I,,23.2505,87.3849,1,kenduadihi
IN,India,India,722121,Kayabaid,West Bengal,28,Bankura,339,Indpur,,23.387,87.1052,3,kayabaid
IN,India,India,722121,Bankata,West Bengal,28,Bankura,339,Indpur,,23.387,87.1052,3,bankata
IN,India,India,722121,Bansidih,West Bengal,28,Bankura,339,Indpur,,23.387,87.1052,3,bansidih
IN,India,India,722121,Araldihi,West Bengal,28,Bankura,339,Indpur,,23.387,87.1052,3,araldihi
IN,India,India,722121,Bheduasole,West Bengal,28,Bankura,339,Indpur,,23.1147,86.9075,4,bheduasole
IN,India,India,722121,Rampur,West Bengal,28,Bankura,339,Indpur,,23.141,87.135,4,rampur
IN,India,India,722121,Supur,West Bengal,28,Bankura,339,Khatra,,23.0183,86.8626,4,supur
IN,India,India,722121,Jeorda,West Bengal,28,Bankura,339,Indpur,,23.387,87.1052,3,jeorda
IN,India,India,722121,Bhalukbasa,West Bengal,28,Bankura,339,Taldangra,,23.387,87.1052,3,bhalukbasa
IN,India,India,722121,Bhojda,West Bengal,28,Bankura,339,Hirbandh,,23.387,87.1052,3,bhojda
IN,India,India,722121,Bouridihi,West Bengal,28,Bankura,339,Indpur,,23.387,87.1052,3,bouridihi
IN,India,India,722121,Brajarajpur,West Bengal,28,Bankura,339,Indpur,,23.387,87.1052,3,brajarajpur
IN,India,India,722121,Dighi,West Bengal,28,Bankura,339,Hirbandh,,23.387,87.1052,3,dighi
IN,India,India,722121,Gossainjanara,West Bengal,28,Bankura,339,Indpur,,23.387,87.1052,3,gossainjanara
IN,India,India,722121,Gourbazar,West Bengal,28,Bankura,339,Indpur,,23.387,87.1052,3,gourbazar
IN,India,India,722121,Gunnath,West Bengal,28,Bankura,339,Indpur,,23.387,87.1052,3,gunnath
IN,India,India,722121,Hatirampur,West Bengal,28,Bankura,339,Khatra,,23.387,87.1052,3,hatirampur
IN,India,India,722121,Hirbandh,West Bengal,28,Bankura,339,Hirbandh,,23.387,87.1052,3,hirbandh
IN,India,India,722121,Masanjhar,West Bengal,28,Bankura,339,Hirbandh,,23.387,87.1052,3,masanjhar
IN,India,India,722121,Mosiara,West Bengal,28,Bankura,339,Hirbandh,,23.387,87.1052,3,mosiara
IN,India,India,722121,Simlabandh,West Bengal,28,Bankura,339,Hirbandh,,23.387,87.1052,3,simlabandh
IN,India,India,722121,Nayada,West Bengal,28,Bankura,339,Indpur,,23.387,87.1052,3,nayada
IN,India,India,722121,Shilpajambedia,West Bengal,28,Bankura,339,Indpur,,23.387,87.1052,3,shilpajambedia
IN,India,India,722122,Bishnupur (Bankura),West Bengal,28,Bankura,339,Bishnupur,,23.0738,87.3199,4,bishnupur-bankura
IN,India,India,722122,Salda,West Bengal,28,Bankura,339,Joypur,,23.141,87.135,3,salda
IN,India,India,722122,Janta,West Bengal,28,Bankura,339,Bishnupur,,23.141,87.135,3,janta
IN,India,India,722122,Muninagar,West Bengal,28,Bankura,339,Vishnupur,,23.141,87.135,3,muninagar
IN,India,India,722122,Amral,West Bengal,28,Bankura,339,Bishnupur,,23.141,87.135,3,amral
IN,India,India,722122,Beliadangarpara,West Bengal,28,Bankura,339,Joypur,,23.141,87.135,3,beliadangarpara
IN,India,India,722122,Uliara,West Bengal,28,Bankura,339,Bishnupur,,23.141,87.135,3,uliara
IN,India,India,722122,Rasikganj,West Bengal,28,Bankura,339,Vishnupur,,23.141,87.135,3,rasikganj
IN,India,India,722122,Raibaghini,West Bengal,28,Bankura,339,Vishnupur,,23.141,87.135,3,raibaghini
IN,India,India,722122,Rahagram,West Bengal,28,Bankura,339,Vishnupur,,23.141,87.135,3,rahagram
IN,India,India,722122,Ajodhya,West Bengal,28,Bankura,339,Vishnupur,,23.141,87.135,3,ajodhya
IN,India,India,722122,Kantabari,West Bengal,28,Bankura,339,Vishnupur,,23.141,87.135,3,kantabari
IN,India,India,722122,Joykrinhspur,West Bengal,28,Bankura,339,Bishnupur,,23.141,87.135,3,joykrinhspur
IN,India,India,722122,Digpar,West Bengal,28,Bankura,339,Joypur,,23.141,87.135,3,digpar
IN,India,India,722122,Dwarika,West Bengal,28,Bankura,339,Bishnupur,,23.141,87.135,3,dwarika
IN,India,India,722122,Gopalnagar,West Bengal,28,Bankura,339,Joypur,,23.141,87.135,4,gopalnagar
IN,India,India,722122,Gossainpur,West Bengal,28,Bankura,339,Bishnupur,,23.141,87.135,3,gossainpur
IN,India,India,722122,Lalbandh,West Bengal,28,Bankura,339,Bishnupur,,23.141,87.135,3,lalbandh
IN,India,India,722122,Chakdaha,West Bengal,28,Bankura,339,Bishnupur,,23.141,87.135,4,chakdaha
IN,India,India,722122,Bishnupur Stn Rd,West Bengal,28,Bankura,339,Vishnupur,,23.141,87.135,3,bishnupur-stn-rd
IN,India,India,722122,Basantimela,West Bengal,28,Bankura,339,Vishnupur,,23.141,87.135,3,basantimela
IN,India,India,722132,Gouripur,West Bengal,28,Bankura,339,Chhatna,,23.141,87.135,4,gouripur
IN,India,India,722132,Chandra,West Bengal,28,Bankura,339,Saltora,,23.141,87.135,4,chandra
IN,India,India,722132,Jalahari,West Bengal,28,Bankura,339,Bankura,,22.9876,87.4276,3,jalahari
IN,India,India,722132,Papurdih,West Bengal,28,Bankura,339,Bankura,,22.9876,87.4276,3,papurdih
IN,India,India,722132,Karrah,West Bengal,28,Bankura,339,Chhatna,,22.9876,87.4276,3,karrah
IN,India,India,722132,Mankanali,West Bengal,28,Bankura,339,Bankura,,22.9876,87.4276,3,mankanali
IN,India,India,722132,West-sanabandh,West Bengal,28,Bankura,339,Bankura,,22.9876,87.4276,3,west-sanabandh
IN,India,India,722132,Susunia,West Bengal,28,Bankura,339,Chhatna,,22.9876,87.4276,3,susunia
IN,India,India,722132,Garhdubrajpur,West Bengal,28,Bankura,339,Chhatna,,22.9876,87.4276,3,garhdubrajpur
IN,India,India,722132,Chhatna,West Bengal,28,Bankura,339,Chhatna,,23.3057,86.9717,4,chhatna
IN,India,India,722133,Gangajalghati,West Bengal,28,Bankura,339,Gangajalghati,,23.4224,87.1141,4,gangajalghati
IN,India,India,722133,Kusthalia,West Bengal,28,Bankura,339,G.ghati,,23.141,87.135,3,kusthalia
IN,India,India,722133,Kapista,West Bengal,28,Bankura,339,G.ghati,,23.141,87.135,3,kapista
IN,India,India,722133,Gobindadham,West Bengal,28,Bankura,339,G.ghati,,23.141,87.135,3,gobindadham
IN,India,India,722133,Bonasuria,West Bengal,28,Bankura,339,G.ghati,,23.141,87.135,3,bonasuria
IN,India,India,722133,Salroha,West Bengal,28,Bankura,339,Saltora,,23.141,87.135,3,salroha
IN,India,India,722133,Ukhradihi,West Bengal,28,Bankura,339,Gangajalghati,,23.141,87.135,3,ukhradihi
IN,India,India,722133,Bisinda,West Bengal,28,Bankura,339,G.ghati,,23.141,87.135,3,bisinda
IN,India,India,722133,Barkona,West Bengal,28,Bankura,339,G.ghati,,23.141,87.135,3,barkona
IN,India,India,722133,Amarkanan,West Bengal,28,Bankura,339,Gangajalghati,,23.141,87.135,3,amarkanan
IN,India,India,722133,Kultuka,West Bengal,28,Bankura,339,Saltora,,23.141,87.135,3,kultuka
IN,India,India,722133,Kukhrajhore,West Bengal,28,Bankura,339,Gangajalghati,,23.141,87.135,3,kukhrajhore
IN,India,India,722133,Ranipur,West Bengal,28,Bankura,339,Gangajalghati,,23.141,87.135,4,ranipur
IN,India,India,722133,Durlavpur,West Bengal,28,Bankura,339,G.ghati,,23.141,87.135,4,durlavpur
IN,India,India,722133,Laxmanpur,West Bengal,28,Bankura,339,G.ghati,,23.141,87.135,3,laxmanpur
IN,India,India,722133,Keshiara,West Bengal,28,Bankura,339,G.ghati,,23.141,87.135,3,keshiara
IN,India,India,722134,Pali,West Bengal,28,Bankura,339,Raipur,,23.141,87.135,3,pali
IN,India,India,722134,Mandalkuli,West Bengal,28,Bankura,339,Raipur,,23.141,87.135,3,mandalkuli
IN,India,India,722134,Kharigeria,West Bengal,28,Bankura,339,Raipur,,23.141,87.135,3,kharigeria
IN,India,India,722134,Amchura,West Bengal,28,Bankura,339,Raipur,,23.141,87.135,3,amchura
IN,India,India,722134,Siromonipur,West Bengal,28,Bankura,339,Raipur,,23.141,87.135,3,siromonipur
IN,India,India,722134,Parkura-anara,West Bengal,28,Bankura,339,Raipur,,23.141,87.135,3,parkura-anara
IN,India,India,722134,Tapta-damdi,West Bengal,28,Bankura,339,Raipur,,23.141,87.135,3,tapta-damdi
IN,India,India,722134,Akhuapal,West Bengal,28,Bankura,339,Raipur,,23.141,87.135,3,akhuapal
IN,India,India,722134,Nutangarh,West Bengal,28,Bankura,339,Raipur,,23.141,87.135,3,nutangarh
IN,India,India,722134,Motgoda,West Bengal,28,Bankura,339,Raipur,,23.141,87.135,3,motgoda
IN,India,India,722134,Garhraipur,West Bengal,28,Bankura,339,Raipur,,23.141,87.135,3,garhraipur
IN,India,India,722134,Shyamsundarpur,West Bengal,28,Bankura,339,Raipur,,23.141,87.135,3,shyamsundarpur
IN,India,India,722134,Satpatta,West Bengal,28,Bankura,339,Raipur,,22.8,86.95,4,satpatta
IN,India,India,722134,Basudebpur,West Bengal,28,Bankura,339,Sarenga,,23.141,87.135,4,basudebpur
IN,India,India,722135,Dabri,West Bengal,28,Bankura,339,Khatra,,23.141,87.135,3,dabri
IN,India,India,722135,Rudra,West Bengal,28,Bankura,339,Ranibandh,,23.141,87.135,4,rudra
IN,India,India,722135,Ambikanagar,West Bengal,28,Bankura,339,Ranibandh,,22.9442,86.7694,4,ambikanagar
IN,India,India,722135,Jhilimili,West Bengal,28,Bankura,339,Ranibandh,,22.8139,86.6457,4,jhilimili
IN,India,India,722135,Gunpura,West Bengal,28,Bankura,339,Ranibandh,,23.3801,87.1009,3,gunpura
IN,India,India,722135,Muchikata,West Bengal,28,Bankura,339,Ranibandh,,23.3801,87.1009,3,muchikata
IN,India,India,722135,Puddi,West Bengal,28,Bankura,339,Ranibandh,,23.3801,87.1009,3,puddi
IN,India,India,722135,Routara,West Bengal,28,Bankura,339,Ranibandh,,23.3801,87.1009,3,routara
IN,India,India,722135,Kamo,West Bengal,28,Bankura,339,Ranibandh,,23.3801,87.1009,3,kamo
IN,India,India,722135,Dhagara,West Bengal,28,Bankura,339,Ranibandh,,23.3801,87.1009,3,dhagara
IN,India,India,722135,Nabachiada,West Bengal,28,Bankura,339,Ranibandh,,23.3801,87.1009,3,nabachiada
IN,India,India,722135,Gorabari,West Bengal,28,Bankura,339,Ranibandh,,23.3801,87.1009,3,gorabari
IN,India,India,722135,Bhethuala,West Bengal,28,Bankura,339,Ranibandh,,23.3801,87.1009,3,bhethuala
IN,India,India,722135,Hijlitilabani,West Bengal,28,Bankura,339,Ranibandh,,23.3801,87.1009,3,hijlitilabani
IN,India,India,722136,Puara,West Bengal,28,Bankura,339,Indpur,,23.141,87.135,3,puara
IN,India,India,722136,Chakaltore,West Bengal,28,Bankura,339,Indpur,,23.141,87.135,3,chakaltore
IN,India,India,722136,Boga,West Bengal,28,Bankura,339,Indpur,,23.141,87.135,3,boga
IN,India,India,722136,Molian,West Bengal,28,Bankura,339,Hirbandh,,23.141,87.135,3,molian
IN,India,India,722136,Louda,West Bengal,28,Bankura,339,Onda,,23.141,87.135,3,louda
IN,India,India,722136,Kantapahari,West Bengal,28,Bankura,339,Indpur,,23.141,87.135,4,kantapahari
IN,India,India,722136,Bhatra,West Bengal,28,Bankura,339,Indpur,,23.141,87.135,4,bhatra
IN,India,India,722136,Keshbandi,West Bengal,28,Bankura,339,Indpur,,23.141,87.135,3,keshbandi
IN,India,India,722136,Gholgoria,West Bengal,28,Bankura,339,Indpur,,23.141,87.135,3,gholgoria
IN,India,India,722136,Jhariakocha,West Bengal,28,Bankura,339,Hirbandh,,23.141,87.135,3,jhariakocha
IN,India,India,722136,Bagdiha,West Bengal,28,Bankura,339,Indpur,,23.141,87.135,3,bagdiha
IN,India,India,722136,Chourabaid,West Bengal,28,Bankura,339,Indpur,,23.141,87.135,3,chourabaid
IN,India,India,722136,Bhalukgenjar,West Bengal,28,Bankura,339,Bankura,,23.141,87.135,3,bhalukgenjar
IN,India,India,722136,Keliapathar,West Bengal,28,Bankura,339,Indpur,,23.141,87.135,3,keliapathar
IN,India,India,722136,Saluipahari,West Bengal,28,Bankura,339,Hirbandh,,23.141,87.135,3,saluipahari
IN,India,India,722136,Hatagram,West Bengal,28,Bankura,339,Indpur,,23.141,87.135,3,hatagram
IN,India,India,722136,Purusottampur,West Bengal,28,Bankura,339,Indpur,,23.141,87.135,3,purusottampur
IN,India,India,722136,Cheleiama-sunukpahari,West Bengal,28,Bankura,339,Bankura,,23.141,87.135,3,cheleiama-sunukpahari
IN,India,India,722136,Nabadeulvera,West Bengal,28,Bankura,339,Indpur,,23.141,87.135,3,nabadeulvera
IN,India,India,722136,Barachingra,West Bengal,28,Bankura,339,Indpur,,23.141,87.135,3,barachingra
IN,India,India,722136,Guniada,West Bengal,28,Bankura,339,Hirbandh,,23.141,87.135,3,guniada
IN,India,India,722136,Gopalpur,West Bengal,28,Bankura,339,Hirbandh,,23.141,87.135,4,gopalpur
IN,India,India,722136,Ranga,West Bengal,28,Bankura,339,Hirbandh,,23.141,87.135,3,ranga
IN,India,India,722136,Dubarajpur,West Bengal,28,Bankura,339,Indpur,,23.141,87.135,3,dubarajpur
IN,India,India,722136,Nischintapur,West Bengal,28,Bankura,339,Chhatna,,23.141,87.135,4,nischintapur
IN,India,India,722136,Sunri-chitra,West Bengal,28,Bankura,339,Indpur,,23.141,87.135,3,sunri-chitra
IN,India,India,722136,Indpur,West Bengal,28,Bankura,339,Indpur,,23.1667,86.9333,4,indpur
IN,India,India,722137,Besora,West Bengal,28,Bankura,339,Chhatna,,23.141,87.135,3,besora
IN,India,India,722137,Kamalpur,West Bengal,28,Bankura,339,Chhatna,,23.141,87.135,4,kamalpur
IN,India,India,722137,Arrah,West Bengal,28,Bankura,339,Chhatna,,23.141,87.135,3,arrah
IN,India,India,722137,Jhantipahari,West Bengal,28,Bankura,339,Chhatna,,23.141,87.135,3,jhantipahari
IN,India,India,722137,Montumra,West Bengal,28,Bankura,339,Chhatna,,23.141,87.135,3,montumra
IN,India,India,722137,Budhanpur,West Bengal,28,Bankura,339,Chhatna,,23.141,87.135,3,budhanpur
IN,India,India,722137,Gogra,West Bengal,28,Bankura,339,Saltora,,23.141,87.135,3,gogra
IN,India,India,722137,Chamtagora,West Bengal,28,Bankura,339,Chhatna,,23.141,87.135,3,chamtagora
IN,India,India,722137,Sihika,West Bengal,28,Bankura,339,Chhatna,,23.141,87.135,3,sihika
IN,India,India,722137,Kharbona,West Bengal,28,Bankura,339,Chhatna,,23.141,87.135,4,kharbona
IN,India,India,722137,Alijhara,West Bengal,28,Bankura,339,Chhatna,,23.141,87.135,3,alijhara
IN,India,India,722137,Jamtora,West Bengal,28,Bankura,339,Chhatna,,23.141,87.135,3,jamtora
IN,India,India,722137,Dhaban,West Bengal,28,Bankura,339,Chhatna,,23.141,87.135,3,dhaban
IN,India,India,722137,Jorehira,West Bengal,28,Bankura,339,Chhatna,,23.141,87.135,3,jorehira
IN,India,India,722138,Baital,West Bengal,28,Bankura,339,Jaypur,,23.141,87.135,3,baital
IN,India,India,722138,Hijaldihi,West Bengal,28,Bankura,339,Joypur,,23.141,87.135,3,hijaldihi
IN,India,India,722138,Hetia,West Bengal,28,Bankura,339,Joypur,,23.141,87.135,3,hetia
IN,India,India,722138,Dhara,West Bengal,28,Bankura,339,Jaypur,,23.141,87.135,3,dhara
IN,India,India,722138,Jujur,West Bengal,28,Bankura,339,Joypur,,23.141,87.135,3,jujur
IN,India,India,722138,Kuchiakole,West Bengal,28,Bankura,339,Joypur,,23.141,87.135,3,kuchiakole
IN,India,India,722138,Moynapur,West Bengal,28,Bankura,339,Joypur,,23.141,87.135,3,moynapur
IN,India,India,722138,Routhkhanda,West Bengal,28,Bankura,339,Joypur,,23.141,87.135,3,routhkhanda
IN,India,India,722138,Belsulia,West Bengal,28,Bankura,339,Joypur,,23.141,87.135,3,belsulia
IN,India,India,722138,Ayma,West Bengal,28,Bankura,339,Jaypur,,23.141,87.135,3,ayma
IN,India,India,722138,Gokulnagar,West Bengal,28,Bankura,339,Bishnupur,,23.141,87.135,4,gokulnagar
IN,India,India,722138,Magura,West Bengal,28,Bankura,339,Jaypur,,23.141,87.135,3,magura
IN,India,India,722138,Shyamnagar,West Bengal,28,Bankura,339,Joypur,,23.0834,87.4468,4,shyamnagar
IN,India,India,722138,Joypur,West Bengal,28,Bankura,339,Joypur,,23.141,87.135,3,joypur
IN,India,India,722139,Jambedia,West Bengal,28,Bankura,339,Bankura,,23.141,87.135,1,jambedia
IN,India,India,722139,Mandalkesra,West Bengal,28,Bankura,339,Chhatna,,23.141,87.135,1,mandalkesra
IN,India,India,722139,Baidyalokhesole,West Bengal,28,Bankura,339,Chhatna,,23.141,87.135,1,baidyalokhesole
IN,India,India,722139,Bhalaidiha,West Bengal,28,Bankura,339,Chhatna,,23.141,87.135,1,bhalaidiha
IN,India,India,722139,Saldiha Pithabaid,West Bengal,28,Bankura,339,Chhatna,,23.141,87.135,1,saldiha-pithabaid
IN,India,India,722139,Satyayatan,West Bengal,28,Bankura,339,Chhatna,,23.141,87.135,1,satyayatan
IN,India,India,722139,Kenjakura,West Bengal,28,Bankura,339,Bankura,,23.141,87.135,1,kenjakura
IN,India,India,722140,Kashipur,West Bengal,28,Bankura,339,Khatra,,23.141,87.135,4,kashipur
IN,India,India,722140,Chaka,West Bengal,28,Bankura,339,Khatra,,23.141,87.135,4,chaka
IN,India,India,722140,Raidihi,West Bengal,28,Bankura,339,Raipur,,23.0481,87.049,3,raidihi
IN,India,India,722140,Sonagara,West Bengal,28,Bankura,339,Raipur,,23.0481,87.049,3,sonagara
IN,India,India,722140,Tiring,West Bengal,28,Bankura,339,Khatra,,23.0481,87.049,3,tiring
IN,India,India,722140,Hetiasole,West Bengal,28,Bankura,339,Khatra,,23.0481,87.049,3,hetiasole
IN,India,India,722140,Bhuakana,West Bengal,28,Bankura,339,Hirbandh,,23.0481,87.049,3,bhuakana
IN,India,India,722140,Darsole,West Bengal,28,Bankura,339,Khatra,,23.0481,87.049,3,darsole
IN,India,India,722140,Dhadanga,West Bengal,28,Bankura,339,Ranibandh,,23.0481,87.049,3,dhadanga
IN,India,India,722140,Dundar,West Bengal,28,Bankura,339,Raipur,,23.0481,87.049,3,dundar
IN,India,India,722140,Gobarda,West Bengal,28,Bankura,339,Hirbandh,,23.0481,87.049,3,gobarda
IN,India,India,722140,Haludkanali,West Bengal,28,Bankura,339,Ranibandh,,23.0481,87.049,3,haludkanali
IN,India,India,722140,Jamda,West Bengal,28,Bankura,339,Khatra,,23.0481,87.049,3,jamda
IN,India,India,722140,Kakradara,West Bengal,28,Bankura,339,Khatra,,23.0481,87.049,3,kakradara
IN,India,India,722140,Keshia,West Bengal,28,Bankura,339,Khatra,,23.0481,87.049,3,keshia
IN,India,India,722140,Kharidungri,West Bengal,28,Bankura,339,Khatra,,23.0481,87.049,3,kharidungri
IN,India,India,722140,Muragram,West Bengal,28,Bankura,339,Khatra,,23.0481,87.049,3,muragram
IN,India,India,722140,Nagri,West Bengal,28,Bankura,339,Khatra,,23.0481,87.049,3,nagri
IN,India,India,722140,Pairaguri,West Bengal,28,Bankura,339,Raipur,,23.0481,87.049,3,pairaguri
IN,India,India,722140,Paksara,West Bengal,28,Bankura,339,Indpur,,23.0481,87.049,3,paksara
IN,India,India,722140,Arkama,West Bengal,28,Bankura,339,Khatra,,23.0481,87.049,3,arkama
IN,India,India,722140,Shyambazar,West Bengal,28,Bankura,339,Khatra,,23.0481,87.049,3,shyambazar
IN,India,India,722140,Khatra,West Bengal,28,Bankura,339,Khatra,,22.9762,86.8546,4,khatra
IN,India,India,722140,Baidyanathpur,West Bengal,28,Bankura,339,Khatra,,23.141,87.135,4,baidyanathpur
IN,India,India,722141,Kankatabati,West Bengal,28,Bankura,339,Kotalpur,,23.141,87.135,3,kankatabati
IN,India,India,722141,Lego,West Bengal,28,Bankura,339,Kotalpur,,23.141,87.135,3,lego
IN,India,India,722141,Bhagalpur,West Bengal,28,Bankura,339,Kotalpur,,23.141,87.135,4,bhagalpur
IN,India,India,722141,Deshra,West Bengal,28,Bankura,339,Kotalpur,,23.141,87.135,3,deshra
IN,India,India,722141,Panua,West Bengal,28,Bankura,339,Kotalpur,,23.141,87.135,3,panua
IN,India,India,722141,Darapur,West Bengal,28,Bankura,339,Kotalpur,,23.141,87.135,3,darapur
IN,India,India,722141,Dashere,West Bengal,28,Bankura,339,Kotalpur,,23.141,87.135,3,dashere
IN,India,India,722141,Amdahi,West Bengal,28,Bankura,339,Kotalpur,,23.141,87.135,3,amdahi
IN,India,India,722141,Samantakhanda,West Bengal,28,Bankura,339,Kotulpur,,23.141,87.135,3,samantakhanda
IN,India,India,722141,Dehuapara,West Bengal,28,Bankura,339,Kotulpur,,23.141,87.135,3,dehuapara
IN,India,India,722141,Sihas,West Bengal,28,Bankura,339,Kotalpur,,23.141,87.135,3,sihas
IN,India,India,722141,Madhanmohanpur,West Bengal,28,Bankura,339,Kotalpur,,23.141,87.135,3,madhanmohanpur
IN,India,India,722141,Lougram,West Bengal,28,Bankura,339,Kotalpur,,23.141,87.135,3,lougram
IN,India,India,722141,Aswinkota,West Bengal,28,Bankura,339,Kotalpur,,23.141,87.135,3,aswinkota
IN,India,India,722141,Karakberia,West Bengal,28,Bankura,339,Kotalpur,,23.141,87.135,3,karakberia
IN,India,India,722141,Kotalpur,West Bengal,28,Bankura,339,Kotalpur,,23.0119,87.5938,4,kotalpur
IN,India,India,722141,Balitha,West Bengal,28,Bankura,339,Kotalpur,,22.9917,87.5691,4,balitha
IN,India,India,722142,Nityanandapur,West Bengal,28,Bankura,339,Gangajalghati,,23.4756,87.2248,3,nityanandapur
IN,India,India,722142,Banjora,West Bengal,28,Bankura,339,Mejia,,23.4756,87.2248,3,banjora
IN,India,India,722142,Chousal,West Bengal,28,Bankura,339,Barjora,,23.4756,87.2248,3,chousal
IN,India,India,722142,Brindabanpur Barsal,West Bengal,28,Bankura,339,MALIARA,,23.4756,87.2248,3,brindabanpur-barsal
IN,India,India,722142,Metali,West Bengal,28,Bankura,339,Barjora,,23.4756,87.2248,3,metali
IN,India,India,722142,Maliara,West Bengal,28,Bankura,339,Barjora,,23.4756,87.2248,4,maliara
IN,India,India,722142,Manohar,West Bengal,28,Bankura,339,Barjora,,23.4756,87.2248,3,manohar
IN,India,India,722143,Mejhia,West Bengal,28,Bankura,339,Mejhia,,23.5673,87.108,4,mejhia
IN,India,India,722143,Pabra,West Bengal,28,Bankura,339,Saltora,,23.5673,87.108,3,pabra
IN,India,India,722143,Bakulia,West Bengal,28,Bankura,339,Saltora,,23.5673,87.108,3,bakulia
IN,India,India,722143,Barakalibari,West Bengal,28,Bankura,339,Mejhia,,23.5673,87.108,3,barakalibari
IN,India,India,722143,Benabaid,West Bengal,28,Bankura,339,Mejhia,,23.5673,87.108,3,benabaid
IN,India,India,722143,Ardhagram,West Bengal,28,Bankura,339,Mejhia,,23.5673,87.108,3,ardhagram
IN,India,India,722143,Japamali,West Bengal,28,Bankura,339,Mejhia,,23.5673,87.108,3,japamali
IN,India,India,722143,Thakurbari Ramchandrapur,West Bengal,28,Bankura,339,Mejhia,,23.5673,87.108,3,thakurbari-ramchandrapur
IN,India,India,722143,Sripatpurnia,West Bengal,28,Bankura,339,Mejhia,,23.5673,87.108,3,sripatpurnia
IN,India,India,722143,Sadhana Rangamati,West Bengal,28,Bankura,339,Mejhia,,23.5673,87.108,3,sadhana-rangamati
IN,India,India,722143,Pairasole,West Bengal,28,Bankura,339,Mejhia,,23.5673,87.108,3,pairasole
IN,India,India,722143,Kansara,West Bengal,28,Bankura,339,Mejhia,,23.5673,87.108,3,kansara
IN,India,India,722143,Dangmejhia,West Bengal,28,Bankura,339,Mejhia,,23.5673,87.108,3,dangmejhia
IN,India,India,722143,Salma,West Bengal,28,Bankura,339,Saltora,,23.5673,87.108,3,salma
IN,India,India,722144,Murakata,West Bengal,28,Bankura,339,Onda,,23.141,87.135,3,murakata
IN,India,India,722144,Garh Kotalpur,West Bengal,28,Bankura,339,Onda,,23.141,87.135,3,garh-kotalpur
IN,India,India,722144,Damodarbati,West Bengal,28,Bankura,339,Onda,,23.141,87.135,3,damodarbati
IN,India,India,722144,Nikunjapur,West Bengal,28,Bankura,339,Onda,,23.141,87.135,3,nikunjapur
IN,India,India,722144,Gorasole,West Bengal,28,Bankura,339,Onda,,23.141,87.135,3,gorasole
IN,India,India,722144,Makorkole,West Bengal,28,Bankura,339,Onda,,23.141,87.135,3,makorkole
IN,India,India,722144,Majdiha,West Bengal,28,Bankura,339,Onda,,23.141,87.135,3,majdiha
IN,India,India,722144,Mankhamar,West Bengal,28,Bankura,339,Onda,,23.141,87.135,3,mankhamar
IN,India,India,722144,Banku,West Bengal,28,Bankura,339,Onda,,23.141,87.135,3,banku
IN,India,India,722144,Medinipurgram,West Bengal,28,Bankura,339,Onda,,23.141,87.135,3,medinipurgram
IN,India,India,722144,Lodna,West Bengal,28,Bankura,339,Onda,,23.141,87.135,3,lodna
IN,India,India,722144,Arabani,West Bengal,28,Bankura,339,Onda,,23.141,87.135,3,arabani
IN,India,India,722144,Nabajibanpur,West Bengal,28,Bankura,339,Onda,,23.141,87.135,3,nabajibanpur
IN,India,India,722144,Baliara,West Bengal,28,Bankura,339,Onda,,23.141,87.135,4,baliara
IN,India,India,722144,Teleberia,West Bengal,28,Bankura,339,Onda,,23.141,87.135,3,teleberia
IN,India,India,722144,Ranikhamar,West Bengal,28,Bankura,339,Onda,,23.141,87.135,3,ranikhamar
IN,India,India,722144,Jamjuri,West Bengal,28,Bankura,339,Onda,,23.141,87.135,3,jamjuri
IN,India,India,722144,Nakaijuri,West Bengal,28,Bankura,339,Onda,,23.141,87.135,3,nakaijuri
IN,India,India,722144,Kostia,West Bengal,28,Bankura,339,Onda,,23.141,87.135,3,kostia
IN,India,India,722144,Onda,West Bengal,28,Bankura,339,Onda,,23.1387,87.2026,4,onda
IN,India,India,722144,Agarda,West Bengal,28,Bankura,339,Onda,,23.141,87.135,3,agarda
IN,India,India,722146,Kalpathar,West Bengal,28,Bankura,339,Bankura,,23.141,87.135,3,kalpathar
IN,India,India,722146,Bhagabandh,West Bengal,28,Bankura,339,Bankura,,23.141,87.135,4,bhagabandh
IN,India,India,722146,Jagdalla,West Bengal,28,Bankura,339,Bankura,,23.141,87.135,3,jagdalla
IN,India,India,722146,Bikurdih,West Bengal,28,Bankura,339,Bankura,,23.141,87.135,3,bikurdih
IN,India,India,722146,Andharthole,West Bengal,28,Bankura,339,Bankura,,23.141,87.135,3,andharthole
IN,India,India,722146,Rajagram,West Bengal,28,Bankura,339,Bankura - I,,23.141,87.135,3,rajagram
IN,India,India,722146,Helna Susunia,West Bengal,28,Bankura,339,Onda,,23.141,87.135,3,helna-susunia
IN,India,India,722146,Kumidya,West Bengal,28,Bankura,339,Indpur,,23.141,87.135,3,kumidya
IN,India,India,722147,Ramsagar,West Bengal,28,Bankura,339,Onda,,23.3554,87.1768,1,ramsagar
IN,India,India,722147,Patpur,West Bengal,28,Bankura,339,Onda,,23.3554,87.1768,1,patpur
IN,India,India,722148,Sindri-am,West Bengal,28,Bankura,339,Ranibandh,,23.141,87.135,3,sindri-am
IN,India,India,722148,Deuli,West Bengal,28,Bankura,339,Ranibandh,,23.141,87.135,4,deuli
IN,India,India,722148,Ghagra-haludkanali,West Bengal,28,Bankura,339,Ranibandh,,23.141,87.135,3,ghagra-haludkanali
IN,India,India,722148,Puranpani,West Bengal,28,Bankura,339,Ranibandh,,23.141,87.135,3,puranpani
IN,India,India,722148,Metha-am,West Bengal,28,Bankura,339,Ranibandh,,23.141,87.135,3,metha-am
IN,India,India,722148,Tungcharar,West Bengal,28,Bankura,339,Ranibandh,,23.141,87.135,3,tungcharar
IN,India,India,722148,Akkhuta,West Bengal,28,Bankura,339,Ranibundh,,23.141,87.135,3,akkhuta
IN,India,India,722148,Kadmagarh,West Bengal,28,Bankura,339,Ranibundh,,23.141,87.135,3,kadmagarh
IN,India,India,722148,Birkham,West Bengal,28,Bankura,339,Ranibandh,,23.141,87.135,3,birkham
IN,India,India,722148,Ranibandh,West Bengal,28,Bankura,339,Ranibandh,,22.8645,86.7836,4,ranibandh
IN,India,India,722149,Peardoba,West Bengal,28,Bankura,339,Taldangra,,23.3554,87.1768,1,peardoba
IN,India,India,722149,Satmouli,West Bengal,28,Bankura,339,Taldangra,,23.3554,87.1768,1,satmouli
IN,India,India,722149,Dauni,West Bengal,28,Bankura,339,Taldangra,,23.3554,87.1768,1,dauni
IN,India,India,722149,Murakati Saltora,West Bengal,28,Bankura,339,Taldangra,,23.3554,87.1768,1,murakati-saltora
IN,India,India,722149,Mamra,West Bengal,28,Bankura,339,Taldangra,,23.3554,87.1768,1,mamra
IN,India,India,722149,Methana,West Bengal,28,Bankura,339,Taldangra,,23.3554,87.1768,1,methana
IN,India,India,722149,Sabrakone,West Bengal,28,Bankura,339,Taldangra,,23.3554,87.1768,1,sabrakone
IN,India,India,722150,Sarenga,West Bengal,28,Bankura,339,Sarenga,,22.7619,87.0212,4,sarenga
IN,India,India,722150,Penchakola,West Bengal,28,Bankura,339,Sarenga,,22.7619,87.0212,3,penchakola
IN,India,India,722150,Gargaria,West Bengal,28,Bankura,339,Sarenga,,22.7619,87.0212,3,gargaria
IN,India,India,722150,Baragarrah,West Bengal,28,Bankura,339,Sarenga,,22.7619,87.0212,3,baragarrah
IN,India,India,722150,Moukura,West Bengal,28,Bankura,339,Sarenga,,22.7619,87.0212,3,moukura
IN,India,India,722150,Chingra,West Bengal,28,Bankura,339,Raipur,,22.7619,87.0212,3,chingra
IN,India,India,722150,Dumurtore,West Bengal,28,Bankura,339,Sarenga,,22.7619,87.0212,3,dumurtore
IN,India,India,722150,Gangnala,West Bengal,28,Bankura,339,Sarenga,,22.7619,87.0212,3,gangnala
IN,India,India,722150,Choutar,West Bengal,28,Bankura,339,Sarenga,,22.7619,87.0212,3,choutar
IN,India,India,722150,Jambani,West Bengal,28,Bankura,339,Sarenga,,22.7619,87.0212,3,jambani
IN,India,India,722150,Sukhadali,West Bengal,28,Bankura,339,Sarenga,,22.7619,87.0212,3,sukhadali
IN,India,India,722150,Penchara Deuli,West Bengal,28,Bankura,339,Sarenga,,22.7619,87.0212,3,penchara-deuli
IN,India,India,722151,Kadma,West Bengal,28,Bankura,339,Taldangra,,23.141,87.135,3,kadma
IN,India,India,722151,Bikrampur,West Bengal,28,Bankura,339,Simlapal,,23.141,87.135,3,bikrampur
IN,India,India,722151,Bhedua,West Bengal,28,Bankura,339,Simlapal,,23.141,87.135,3,bhedua
IN,India,India,722151,Nemaipur,West Bengal,28,Bankura,339,Simlapal,,23.141,87.135,3,nemaipur
IN,India,India,722151,Puipal,West Bengal,28,Bankura,339,Simlapal,,23.141,87.135,3,puipal
IN,India,India,722151,Pathardoba,West Bengal,28,Bankura,339,Simlapal,,23.141,87.135,3,pathardoba
IN,India,India,722151,Baricha,West Bengal,28,Bankura,339,Simlapal,,23.141,87.135,3,baricha
IN,India,India,722151,Jirabaid,West Bengal,28,Bankura,339,Simlapal,,23.141,87.135,3,jirabaid
IN,India,India,722151,Putiadaha,West Bengal,28,Bankura,339,Simlapal,,23.141,87.135,3,putiadaha
IN,India,India,722151,Bandubrajpur,West Bengal,28,Bankura,339,Raipur,,23.141,87.135,3,bandubrajpur
IN,India,India,722151,Hetyagora,West Bengal,28,Bankura,339,Simlapal,,23.141,87.135,3,hetyagora
IN,India,India,722151,Layekpara,West Bengal,28,Bankura,339,Raipur,,23.141,87.135,3,layekpara
IN,India,India,722151,Machatora,West Bengal,28,Bankura,339,Simlapal,,23.141,87.135,3,machatora
IN,India,India,722151,Mukundapur,West Bengal,28,Bankura,339,Simlapal,,23.141,87.135,4,mukundapur
IN,India,India,722151,Kitchka,West Bengal,28,Bankura,339,Taldangra,,23.141,87.135,3,kitchka
IN,India,India,722151,Simlapal,West Bengal,28,Bankura,339,Simlapal,,22.9131,87.0718,4,simlapal
IN,India,India,722152,Khalagram,West Bengal,28,Bankura,339,Taldangra,,23.2608,87.0361,3,khalagram
IN,India,India,722152,Chingani,West Bengal,28,Bankura,339,Onda,,23.2608,87.0361,3,chingani
IN,India,India,722152,Hirapur,West Bengal,28,Bankura,339,Indpur,,23.141,87.135,4,hirapur
IN,India,India,722152,Saralia,West Bengal,28,Bankura,339,Taldangra,,23.2608,87.0361,3,saralia
IN,India,India,722152,Fulmati,West Bengal,28,Bankura,339,Taldangra,,23.2608,87.0361,3,fulmati
IN,India,India,722152,Gholkunda,West Bengal,28,Bankura,339,Onda,,23.2608,87.0361,3,gholkunda
IN,India,India,722152,Harmasra,West Bengal,28,Bankura,339,Taldangra,,23.2608,87.0361,3,harmasra
IN,India,India,722152,Khulyamuri,West Bengal,28,Bankura,339,Taldangra,,23.2608,87.0361,3,khulyamuri
IN,India,India,722152,Mandarboni,West Bengal,28,Bankura,339,Onda,,23.2608,87.0361,3,mandarboni
IN,India,India,722152,Chhagulia,West Bengal,28,Bankura,339,Onda,,23.2608,87.0361,3,chhagulia
IN,India,India,722152,Chawkshyampur,West Bengal,28,Bankura,339,Taldangra,,23.2608,87.0361,3,chawkshyampur
IN,India,India,722152,Nachna,West Bengal,28,Bankura,339,Taldangra,,23.2608,87.0361,3,nachna
IN,India,India,722152,Bibarda,West Bengal,28,Bankura,339,Taldangra,,23.2608,87.0361,3,bibarda
IN,India,India,722152,Natungram,West Bengal,28,Bankura,339,Onda,,23.2608,87.0361,3,natungram
IN,India,India,722152,Palasboni,West Bengal,28,Bankura,339,Onda,,23.2608,87.0361,3,palasboni
IN,India,India,722152,Parardanga,West Bengal,28,Bankura,339,Indpur,,23.2608,87.0361,3,parardanga
IN,India,India,722152,Pratappur,West Bengal,28,Bankura,339,Taldangra,,23.2608,87.0361,3,pratappur
IN,India,India,722152,Ladabrahmandiha,West Bengal,28,Bankura,339,Indpur,,23.2608,87.0361,3,ladabrahmandiha
IN,India,India,722152,Punisole,West Bengal,28,Bankura,339,Onda,,23.2608,87.0361,3,punisole
IN,India,India,722152,Taldangra,West Bengal,28,Bankura,339,Taldangra,,23.0176,87.1029,4,taldangra
IN,India,India,722152,Ratanpur,West Bengal,28,Bankura,339,Bankura,,23.1064,87.0699,4,ratanpur
IN,India,India,722153,Tiluri,West Bengal,28,Bankura,339,Saltora,,23.1554,87.3394,1,tiluri
IN,India,India,722153,Bamuntore,West Bengal,28,Bankura,339,Saltora,,23.1554,87.3394,1,bamuntore
IN,India,India,722153,Pachhandapur,West Bengal,28,Bankura,339,Saltora,,23.1554,87.3394,1,pachhandapur
IN,India,India,722154,Gelia,West Bengal,28,Bankura,339,Joypur,,23.0506,87.5121,4,gelia
IN,India,India,722154,Basubati,West Bengal,28,Bankura,339,Joypur,,23.141,87.135,4,basubati
IN,India,India,722154,Bhagaldighi,West Bengal,28,Bankura,339,Vishnupur,,23.141,87.135,3,bhagaldighi
IN,India,India,722154,Karakberia Sadhuadal,West Bengal,28,Bankura,339,Vishnupur,,23.141,87.135,3,karakberia-sadhuadal
IN,India,India,722154,Bansichandipur,West Bengal,28,Bankura,339,Joypur,,23.141,87.135,3,bansichandipur
IN,India,India,722154,Asurali,West Bengal,28,Bankura,339,Joypur,,23.141,87.135,3,asurali
IN,India,India,722154,J.J.Mirjapur,West Bengal,28,Bankura,339,Joypur,,23.141,87.135,3,j-j-mirjapur
IN,India,India,722155,Kesiakole,West Bengal,28,Bankura,339,Bankura,,23.141,87.135,3,kesiakole
IN,India,India,722155,Junbedia,West Bengal,28,Bankura,339,Bankura,,23.141,87.135,3,junbedia
IN,India,India,722155,Sanbandha,West Bengal,28,Bankura,339,Bankura,,23.141,87.135,3,sanbandha
IN,India,India,722155,Sendra,West Bengal,28,Bankura,339,Bankura,,23.141,87.135,3,sendra
IN,India,India,722155,Sirsara,West Bengal,28,Bankura,339,Bankura,,23.141,87.135,3,sirsara
IN,India,India,722155,Purandarpur,West Bengal,28,Bankura,339,Bankura,,23.141,87.135,4,purandarpur
IN,India,India,722155,Narrah,West Bengal,28,Bankura,339,Bankura,,23.141,87.135,3,narrah
IN,India,India,722155,Chhatarkanali,West Bengal,28,Bankura,339,Bankura,,23.141,87.135,3,chhatarkanali
IN,India,India,722155,Beharjuria,West Bengal,28,Bankura,339,Bankura - II,,23.141,87.135,3,beharjuria
IN,India,India,722155,Harialgara,West Bengal,28,Bankura,339,Bankura,,23.141,87.135,3,harialgara
IN,India,India,722155,Bhadul,West Bengal,28,Bankura,339,Bankura,,23.141,87.135,3,bhadul
IN,India,India,722155,Kanchanpur,West Bengal,28,Bankura,339,Bankura,,23.3116,87.0943,4,kanchanpur
IN,India,India,722156,Panchmura,West Bengal,28,Bankura,339,Taldangra,,22.9655,87.1613,4,panchmura
IN,India,India,722156,Bhutsahar,West Bengal,28,Bankura,339,Taldangra,,22.9655,87.1613,3,bhutsahar
IN,India,India,722156,Mandalgram,West Bengal,28,Bankura,339,Simlapal,,22.9655,87.1613,3,mandalgram
IN,India,India,722157,Layekbandh,West Bengal,28,Bankura,339,Bishnupur,,23.2279,87.2881,3,layekbandh
IN,India,India,722157,Bhara,West Bengal,28,Bankura,339,Bishnupur,,23.2279,87.2881,3,bhara
IN,India,India,722157,Latbeliara,West Bengal,28,Bankura,339,Bishnupur,,23.2279,87.2881,3,latbeliara
IN,India,India,722157,Chumosina,West Bengal,28,Bankura,339,Bishnupur,,23.2279,87.2881,3,chumosina
IN,India,India,722157,Ichharia,West Bengal,28,Bankura,339,Sonamukhi,,23.2279,87.2881,3,ichharia
IN,India,India,722157,Lokhasole,West Bengal,28,Bankura,339,Sonamukhi,,23.2279,87.2881,3,lokhasole
IN,India,India,722157,Bonradhanagar,West Bengal,28,Bankura,339,Bishnupur,,23.2279,87.2881,3,bonradhanagar
IN,India,India,722157,Panchal,West Bengal,28,Bankura,339,Sonamukhi,,23.2279,87.2881,4,panchal
IN,India,India,722158,Saltora,West Bengal,28,Bankura,339,Saltora,,23.5227,86.936,4,saltora
IN,India,India,722158,Matukbani,West Bengal,28,Bankura,339,Saltora,,23.5227,86.936,3,matukbani
IN,India,India,722158,Shyampur,West Bengal,28,Bankura,339,Saltora,,23.5227,86.936,3,shyampur
IN,India,India,722158,Bishjore,West Bengal,28,Bankura,339,Saltora,,23.5227,86.936,3,bishjore
IN,India,India,722158,Murlu,West Bengal,28,Bankura,339,Saltora,,23.5227,86.936,3,murlu
IN,India,India,722158,Kanuri,West Bengal,28,Bankura,339,Saltora,,23.5227,86.936,3,kanuri
IN,India,India,722158,Gossindihi,West Bengal,28,Bankura,339,Saltora,,23.5227,86.936,3,gossindihi
IN,India,India,722160,Pukhuria,West Bengal,28,Bankura,339,Simlapal,,23.141,87.135,3,pukhuria
IN,India,India,722160,Maidhara,West Bengal,28,Bankura,339,Simlapal,,22.9274,87.0137,3,maidhara
IN,India,India,722160,Tilabani,West Bengal,28,Bankura,339,Simlapal,,22.9274,87.0137,3,tilabani
IN,India,India,722160,Bansarenga,West Bengal,28,Bankura,339,Simlapal,,22.9274,87.0137,3,bansarenga
IN,India,India,722160,Dahala,West Bengal,28,Bankura,339,Simlapal,,22.9274,87.0137,3,dahala
IN,India,India,722160,Parsola,West Bengal,28,Bankura,339,Simlapal,,22.9274,87.0137,3,parsola
IN,India,India,722160,Doldere,West Bengal,28,Bankura,339,Simlapal,,22.9274,87.0137,3,doldere
IN,India,India,722160,Lakshmisagar,West Bengal,28,Bankura,339,Simlapal,,22.9274,87.0137,4,lakshmisagar
IN,India,India,722161,Gopinathpur,West Bengal,28,Bankura,339,Kotalpur,,23.141,87.135,4,gopinathpur
IN,India,India,722161,Anur,West Bengal,28,Bankura,339,Kotulpur,,23.141,87.135,3,anur
IN,India,India,722161,Sihar,West Bengal,28,Bankura,339,Kotalpur,,23.141,87.135,3,sihar
IN,India,India,722161,Tajpurgram,West Bengal,28,Bankura,339,Kotalpur,,23.141,87.135,3,tajpurgram
IN,India,India,722161,Jayrambati,West Bengal,28,Bankura,339,Kotalpur,,23.141,87.135,3,jayrambati
IN,India,India,722162,Fulkusma,West Bengal,28,Bankura,339,Raipur,,23.141,87.135,1,fulkusma
IN,India,India,722162,Melera,West Bengal,28,Bankura,339,Raipur,,23.141,87.135,1,melera
IN,India,India,722162,Fulsusunia,West Bengal,28,Bankura,339,Raipur,,23.141,87.135,1,fulsusunia
IN,India,India,722162,Barikul,West Bengal,28,Bankura,339,Raipur,,23.141,87.135,1,barikul
IN,India,India,722162,Moulasole,West Bengal,28,Bankura,339,Raipur,,23.141,87.135,1,moulasole
IN,India,India,722162,Dudhya,West Bengal,28,Bankura,339,Raipur,,23.141,87.135,1,dudhya
IN,India,India,722164,Bankadaha,West Bengal,28,Bankura,339,Vishnupur,,22.9793,87.3579,4,bankadaha
IN,India,India,722164,Morar,West Bengal,28,Bankura,339,Bishnpur,,22.9793,87.3579,3,morar
IN,India,India,722164,Jiabandi,West Bengal,28,Bankura,339,Bishnpur,,22.9793,87.3579,3,jiabandi
IN,India,India,722173,Natherdanga,West Bengal,28,Bankura,339,Indpur,,23.1715,86.8339,3,natherdanga
IN,India,India,722173,Ahanda,West Bengal,28,Bankura,339,Indpur,,23.1715,86.8339,3,ahanda
IN,India,India,722173,Brahmandiha,West Bengal,28,Bankura,339,Indpur,,23.1715,86.8339,3,brahmandiha
IN,India,India,722173,Danga-barbendya,West Bengal,28,Bankura,339,Indpur,,23.1715,86.8339,3,danga-barbendya
IN,India,India,722173,Fulkusma-khattagram,West Bengal,28,Bankura,339,Indpur,,23.1715,86.8339,3,fulkusma-khattagram
IN,India,India,722173,Saldiha,West Bengal,28,Bankura,339,Indpur,,23.1715,86.8339,3,saldiha
IN,India,India,722173,Sonardanga,West Bengal,28,Bankura,339,Indpur,,23.1715,86.8339,3,sonardanga
IN,India,India,722173,Jorda,West Bengal,28,Bankura,339,Indpur,,23.1715,86.8339,4,jorda
IN,India,India,722183,Mejia Th Power Station,West Bengal,28,Bankura,339,Gangajalghati,,23.2505,87.3849,1,mejia-th-power-station
IN,India,India,722201,Akui,West Bengal,28,Bankura,339,Indus,,23.141,87.135,3,akui
IN,India,India,722201,Trisalan,West Bengal,28,Bankura,339,Indas,,23.141,87.135,3,trisalan
IN,India,India,722201,Gangarampur Bamnia,West Bengal,28,Bankura,339,Indus,,23.141,87.135,3,gangarampur-bamnia
IN,India,India,722201,Khorsee,West Bengal,28,Bankura,339,Indas,,23.141,87.135,3,khorsee
IN,India,India,722201,Mandra,West Bengal,28,Bankura,339,Indas,,23.141,87.135,4,mandra
IN,India,India,722201,Ratra,West Bengal,28,Bankura,339,Indas,,23.141,87.135,3,ratra
IN,India,India,722201,Dighalgram,West Bengal,28,Bankura,339,Indas,,23.141,87.135,3,dighalgram
IN,India,India,722202,Muktatore,West Bengal,28,Bankura,339,Barjora,,23.141,87.135,3,muktatore
IN,India,India,722202,Unara Jambedia,West Bengal,28,Bankura,339,Barjora,,23.141,87.135,3,unara-jambedia
IN,India,India,722202,Shitla,West Bengal,28,Bankura,339,Barjora,,23.141,87.135,3,shitla
IN,India,India,722202,Ghutgoria,West Bengal,28,Bankura,339,Borjora,,23.141,87.135,3,ghutgoria
IN,India,India,722202,Barjora,West Bengal,28,Bankura,339,Barjora,,23.4275,87.2904,4,barjora
IN,India,India,722202,Krishnanagar,West Bengal,28,Bankura,339,Barjora,,23.141,87.135,4,krishnanagar
IN,India,India,722203,Beliatore,West Bengal,28,Bankura,339,Barjora,,23.3205,87.2208,4,beliatore
IN,India,India,722203,Jagannathpur,West Bengal,28,Bankura,339,Barjora,,23.141,87.135,4,jagannathpur
IN,India,India,722203,Chhandar,West Bengal,28,Bankura,339,Barjora,,23.043,87.5309,3,chhandar
IN,India,India,722203,Dhabani,West Bengal,28,Bankura,339,Barjora,,23.043,87.5309,3,dhabani
IN,India,India,722203,Dodhimukha,West Bengal,28,Bankura,339,Barjora,,23.043,87.5309,3,dodhimukha
IN,India,India,722203,Bhattapara,West Bengal,28,Bankura,339,Barjora,,23.043,87.5309,3,bhattapara
IN,India,India,722203,Godardihi,West Bengal,28,Bankura,339,Barjora,,23.043,87.5309,3,godardihi
IN,India,India,722203,Barkura,West Bengal,28,Bankura,339,Barjora,,23.043,87.5309,3,barkura
IN,India,India,722203,Barbendya,West Bengal,28,Bankura,339,Barjora,,23.043,87.5309,3,barbendya
IN,India,India,722203,Pirrabani,West Bengal,28,Bankura,339,Barjora,,23.043,87.5309,3,pirrabani
IN,India,India,722203,Ramharipur,West Bengal,28,Bankura,339,Barjora,,23.043,87.5309,3,ramharipur
IN,India,India,722203,Salbedia,West Bengal,28,Bankura,339,Barjora,,23.043,87.5309,3,salbedia
IN,India,India,722203,Brindabanpur,West Bengal,28,Bankura,339,BELIATORE,,23.3102,87.2788,4,brindabanpur
IN,India,India,722204,Hatasuria,West Bengal,28,Bankura,339,Barjora,,23.141,87.135,1,hatasuria
IN,India,India,722205,Chandgram Palashi,West Bengal,28,Bankura,339,Indas,,23.141,87.135,3,chandgram-palashi
IN,India,India,722205,Biur,West Bengal,28,Bankura,339,Indas,,23.141,87.135,3,biur
IN,India,India,722205,Behar,West Bengal,28,Bankura,339,Indas,,23.141,87.135,3,behar
IN,India,India,722205,Karisunda,West Bengal,28,Bankura,339,Indas,,23.141,87.135,3,karisunda
IN,India,India,722205,Mangalpur,West Bengal,28,Bankura,339,Indas,,23.141,87.135,3,mangalpur
IN,India,India,722205,Rajkhamar,West Bengal,28,Bankura,339,Indas,,23.141,87.135,3,rajkhamar
IN,India,India,722205,Shashpur,West Bengal,28,Bankura,339,Indas,,23.141,87.135,3,shashpur
IN,India,India,722205,Paharpur,West Bengal,28,Bankura,339,Indas,,23.141,87.135,4,paharpur
IN,India,India,722205,Kharrah,West Bengal,28,Bankura,339,Indas,,23.141,87.135,3,kharrah
IN,India,India,722205,Khusmuri,West Bengal,28,Bankura,339,Indas,,23.141,87.135,3,khusmuri
IN,India,India,722205,Rol,West Bengal,28,Bankura,339,Indas,,23.141,87.135,3,rol
IN,India,India,722205,Charigram,West Bengal,28,Bankura,339,Indas,,23.141,87.135,3,charigram
IN,India,India,722205,Indas,West Bengal,28,Bankura,339,Indas,,23.145,87.6269,4,indas
IN,India,India,722205,Rasulpur,West Bengal,28,Bankura,339,Indas,,23.141,87.135,4,rasulpur
IN,India,India,722206,Parulia,West Bengal,28,Bankura,339,Patrasayer,,23.141,87.135,4,parulia
IN,India,India,722206,Hamirpur,West Bengal,28,Bankura,339,Patrasayer,,23.141,87.135,3,hamirpur
IN,India,India,722206,Akhrasole,West Bengal,28,Bankura,339,Patrasayer,,23.141,87.135,3,akhrasole
IN,India,India,722206,Balsi,West Bengal,28,Bankura,339,Patrasayer,,23.141,87.135,3,balsi
IN,India,India,722206,Ghoradanga,West Bengal,28,Bankura,339,Patrasayer,,23.141,87.135,3,ghoradanga
IN,India,India,722206,Bamira,West Bengal,28,Bankura,339,Patrasayer,,23.141,87.135,3,bamira
IN,India,India,722206,Salna,West Bengal,28,Bankura,339,Patrasayer,,23.141,87.135,3,salna
IN,India,India,722206,Bankisole,West Bengal,28,Bankura,339,Patrasayer,,23.141,87.135,3,bankisole
IN,India,India,722206,Belut,West Bengal,28,Bankura,339,Patrasayer,,23.141,87.135,3,belut
IN,India,India,722206,Kakatia,West Bengal,28,Bankura,339,Patrasayer,,23.141,87.135,3,kakatia
IN,India,India,722206,Amrul,West Bengal,28,Bankura,339,Indas,,23.141,87.135,3,amrul
IN,India,India,722206,Hatkrishnanagar,West Bengal,28,Bankura,339,Patrasayer,,23.141,87.135,3,hatkrishnanagar
IN,India,India,722206,Patit,West Bengal,28,Bankura,339,Patrasayer,,23.141,87.135,3,patit
IN,India,India,722206,Patrasayer,West Bengal,28,Bankura,339,Patrasayer,,23.141,87.135,3,patrasayer
IN,India,India,722206,Kabirchak,West Bengal,28,Bankura,339,Patrasayer,,23.141,87.135,3,kabirchak
IN,India,India,722206,Betur,West Bengal,28,Bankura,339,Patrasayer,,23.141,87.135,3,betur
IN,India,India,722206,Pandua,West Bengal,28,Bankura,339,Patrasayer,,23.141,87.135,4,pandua
IN,India,India,722206,Jamkuri,West Bengal,28,Bankura,339,Patrasayer,,23.141,87.135,3,jamkuri
IN,India,India,722206,Kenety,West Bengal,28,Bankura,339,Patrasayer,,23.141,87.135,3,kenety
IN,India,India,722206,Majurdanga,West Bengal,28,Bankura,339,Patrasayer,,23.141,87.135,3,majurdanga
IN,India,India,722207,Kochdihi,West Bengal,28,Bankura,339,Sonamukhi,,23.141,87.135,3,kochdihi
IN,India,India,722207,Majirdanga,West Bengal,28,Bankura,339,Sonamukhi,,23.141,87.135,3,majirdanga
IN,India,India,722207,Manikbazar,West Bengal,28,Bankura,339,Sonamukhi,,23.141,87.135,3,manikbazar
IN,India,India,722207,Nutanbalarampur,West Bengal,28,Bankura,339,Sonamukhi,,23.141,87.135,3,nutanbalarampur
IN,India,India,722207,Rapatganj,West Bengal,28,Bankura,339,Sonamukhi,,23.141,87.135,3,rapatganj
IN,India,India,722207,Sonamukhi Rath Tala,West Bengal,28,Bankura,339,Sonamukhi,,23.141,87.135,3,sonamukhi-rath-tala
IN,India,India,722207,Hamirhati,West Bengal,28,Bankura,339,Sonamukhi,,23.141,87.135,3,hamirhati
IN,India,India,722207,Hadal Narayanpur,West Bengal,28,Bankura,339,Sonamukhi,,23.141,87.135,3,hadal-narayanpur
IN,India,India,722207,Gopikantapur,West Bengal,28,Bankura,339,Sonamukhi,,23.141,87.135,3,gopikantapur
IN,India,India,722207,Dipara,West Bengal,28,Bankura,339,Sonamukhi,,23.141,87.135,3,dipara
IN,India,India,722207,Dhansimla,West Bengal,28,Bankura,339,Sonamukhi,,23.141,87.135,3,dhansimla
IN,India,India,722207,Bonbirsingha,West Bengal,28,Bankura,339,Sonamukhi,,23.141,87.135,3,bonbirsingha
IN,India,India,722207,Birsinghpur,West Bengal,28,Bankura,339,Sonamukhi,,23.141,87.135,3,birsinghpur
IN,India,India,722207,Amritpara,West Bengal,28,Bankura,339,Sonamukhi,,23.141,87.135,3,amritpara
IN,India,India,722207,Kushadwip,West Bengal,28,Bankura,339,Sonamukhi,,23.141,87.135,3,kushadwip
IN,India,India,722207,Radhamohanpur,West Bengal,28,Bankura,339,Sonamukhi,,23.141,87.135,4,radhamohanpur
IN,India,India,722207,Nabasan,West Bengal,28,Bankura,339,Sonamukhi,,23.141,87.135,4,nabasan
IN,India,India,722207,Ranpur,West Bengal,28,Bankura,339,Sonamukhi,,23.141,87.135,4,ranpur
IN,India,India,722207,Machdoba,West Bengal,28,Bankura,339,Sonamukhi,,23.141,87.135,3,machdoba
IN,India,India,722207,Kundapuskarani,West Bengal,28,Bankura,339,Sonamukhi,,23.141,87.135,3,kundapuskarani
IN,India,India,722207,Sonamukhi (Bankura),West Bengal,28,Bankura,339,Sonamukhi,,23.3052,87.4134,4,sonamukhi-bankura
IN,India,India,722208,Pakhanna,West Bengal,28,Bankura,339,Sonamukhi,,23.141,87.135,3,pakhanna
IN,India,India,722208,Tajpur Purakona,West Bengal,28,Bankura,339,Sonamukhi,,23.141,87.135,3,tajpur-purakona
IN,India,India,722208,Pearberia,West Bengal,28,Bankura,339,Sonamukhi,,23.141,87.135,3,pearberia
IN,India,India,722208,Palashdanga,West Bengal,28,Bankura,339,Sonamukhi,,23.4064,87.3896,4,palashdanga
IN,India,India,722208,Radhakantapur,West Bengal,28,Bankura,339,Sonamukhi,,23.141,87.135,4,radhakantapur
IN,India,India,723101,Chowkbazar (Puruliya),West Bengal,28,Purulia,340,Purulia - I,,23.2774,86.4183,1,chowkbazar-puruliya
IN,India,India,723101,Jubli Compound,West Bengal,28,Purulia,340,Purulia - I,,23.2774,86.4183,1,jubli-compound
IN,India,India,723101,Purulia H.O,West Bengal,28,Purulia,340,Purulia - I,,23.2774,86.4183,1,purulia-h-o
IN,India,India,723101,Purulia R.S.,West Bengal,28,Purulia,340,Purulia - I,,23.2774,86.4183,1,purulia-r-s
IN,India,India,723101,Alangidanga,West Bengal,28,Purulia,340,Purulia - I,,23.2774,86.4183,1,alangidanga
IN,India,India,723102,Dulmi-nadiha,West Bengal,28,Purulia,340,Chharrah,,23.2774,86.4183,3,dulmi-nadiha
IN,India,India,723102,Gobindapur,West Bengal,28,Purulia,340,Purulia,,23.2774,86.4183,4,gobindapur
IN,India,India,723102,Ralibera,West Bengal,28,Purulia,340,Purulia,,23.2774,86.4183,3,ralibera
IN,India,India,723102,Chakaltore,West Bengal,28,Purulia,340,Purulia,,23.2774,86.4183,3,chakaltore
IN,India,India,723102,Beldih,West Bengal,28,Purulia,340,Purulia,,23.2774,86.4183,3,beldih
IN,India,India,723102,Pundru,West Bengal,28,Purulia,340,Purulia,,23.2774,86.4183,3,pundru
IN,India,India,723102,Kotloi,West Bengal,28,Purulia,340,Purulia,,23.2774,86.4183,3,kotloi
IN,India,India,723102,Ketika,West Bengal,28,Purulia,340,Purulia,,23.2774,86.4183,3,ketika
IN,India,India,723102,Bhandarpuara,West Bengal,28,Purulia,340,Purulia,,23.2774,86.4183,3,bhandarpuara
IN,India,India,723102,Pichasi,West Bengal,28,Purulia,340,Purulia,,23.2774,86.4183,3,pichasi
IN,India,India,723102,Palma Penchara,West Bengal,28,Purulia,340,Purulia,,23.2774,86.4183,3,palma-penchara
IN,India,India,723102,Chakirbon,West Bengal,28,Purulia,340,Purulia,,23.2774,86.4183,3,chakirbon
IN,India,India,723102,Simulia,West Bengal,28,Purulia,340,Purulia,,23.2774,86.4183,4,simulia
IN,India,India,723102,Chitora,West Bengal,28,Purulia,340,Purulia,,23.2774,86.4183,3,chitora
IN,India,India,723102,Dorodih,West Bengal,28,Purulia,340,Puncha,,23.2774,86.4183,3,dorodih
IN,India,India,723102,Durku,West Bengal,28,Purulia,340,Purulia,,23.2774,86.4183,3,durku
IN,India,India,723103,Dabar Balarampur,West Bengal,28,Purulia,340,Purulia,,23.2774,86.4183,3,dabar-balarampur
IN,India,India,723103,Banbahal,West Bengal,28,Purulia,340,Barabazar,,23.2774,86.4183,3,banbahal
IN,India,India,723103,Baragram,West Bengal,28,Purulia,340,Chharrah,,23.2774,86.4183,3,baragram
IN,India,India,723103,Bhul,West Bengal,28,Purulia,340,Purulia,,23.2774,86.4183,3,bhul
IN,India,India,723103,Chirka,West Bengal,28,Purulia,340,Purulia,,23.2774,86.4183,3,chirka
IN,India,India,723103,Dimdiha,West Bengal,28,Purulia,340,Purulia,,23.2774,86.4183,3,dimdiha
IN,India,India,723103,Garafushra,West Bengal,28,Purulia,340,Purulia,,23.2774,86.4183,3,garafushra
IN,India,India,723103,Gengara,West Bengal,28,Purulia,340,Purulia,,23.2774,86.4183,3,gengara
IN,India,India,723103,Ghagarjuri,West Bengal,28,Purulia,340,Purulia,,23.2774,86.4183,3,ghagarjuri
IN,India,India,723103,Golbera,West Bengal,28,Purulia,340,Purulia,,23.2774,86.4183,3,golbera
IN,India,India,723103,Namopara,West Bengal,28,Purulia,340,Purulia - I,,23.2774,86.4183,3,namopara
IN,India,India,723103,Ramamoti,West Bengal,28,Purulia,340,Purulia,,23.2774,86.4183,3,ramamoti
IN,India,India,723103,Sindri Chas Road,West Bengal,28,Purulia,340,Joypur,,23.2774,86.4183,3,sindri-chas-road
IN,India,India,723103,Ranibandh,West Bengal,28,Purulia,340,Purulia,,23.2774,86.4183,4,ranibandh
IN,India,India,723103,Kanali,West Bengal,28,Purulia,340,Purulia,,23.2774,86.4183,3,kanali
IN,India,India,723103,Shibdih,West Bengal,28,Purulia,340,Purulia,,23.2774,86.4183,3,shibdih
IN,India,India,723104,Khairipihira Rangadih,West Bengal,28,Purulia,340,Purulia,,23.2774,86.4183,3,khairipihira-rangadih
IN,India,India,723104,Hura Keshabpur,West Bengal,28,Purulia,340,Purulia,,23.2774,86.4183,3,hura-keshabpur
IN,India,India,723104,Kalabani,West Bengal,28,Purulia,340,Purulia,,23.2774,86.4183,3,kalabani
IN,India,India,723104,Khairipihira,West Bengal,28,Purulia,340,Purulia,,23.2774,86.4183,3,khairipihira
IN,India,India,723104,Kusumjoria,West Bengal,28,Purulia,340,Purulia,,23.2774,86.4183,3,kusumjoria
IN,India,India,723104,Sainik School (Puruliya),West Bengal,28,Purulia,340,Purulia - I,,23.2774,86.4183,3,sainik-school-puruliya
IN,India,India,723104,Kulgora,West Bengal,28,Purulia,340,Purulia,,23.2774,86.4183,3,kulgora
IN,India,India,723104,Hatikundar,West Bengal,28,Purulia,340,Purulia,,23.2774,86.4183,3,hatikundar
IN,India,India,723104,Kalabahal,West Bengal,28,Purulia,340,Purulia,,23.2774,86.4183,3,kalabahal
IN,India,India,723104,Lakhanpur,West Bengal,28,Purulia,340,Purulia,,23.2774,86.4183,4,lakhanpur
IN,India,India,723121,Rampur,West Bengal,28,Purulia,340,Adra,,23.4161,85.9948,4,rampur
IN,India,India,723121,Digha,West Bengal,28,Purulia,340,Neturia,,23.2774,86.4183,4,digha
IN,India,India,723121,Nutangram,West Bengal,28,Purulia,340,Kashipur,,23.2774,86.4183,4,nutangram
IN,India,India,723121,Kalidaha,West Bengal,28,Purulia,340,Kashipur,,23.2774,86.4183,4,kalidaha
IN,India,India,723121,Kalapathar,West Bengal,28,Purulia,340,Kalapathar,,23.2774,86.4183,4,kalapathar
IN,India,India,723121,Senera,West Bengal,28,Purulia,340,Raghunathpur,,23.6244,86.8734,3,senera
IN,India,India,723121,Madhukunda,West Bengal,28,Purulia,340,Santuri,,23.6244,86.8734,3,madhukunda
IN,India,India,723121,Parbedia,West Bengal,28,Purulia,340,Kashipur,,23.6244,86.8734,3,parbedia
IN,India,India,723121,Narayanpur,West Bengal,28,Purulia,340,Adra,,23.3919,85.9784,4,narayanpur
IN,India,India,723121,Bonra,West Bengal,28,Purulia,340,Manbazar,,23.6244,86.8734,3,bonra
IN,India,India,723121,Kalapathar (PuruliB.O,West Bengal,28,Purulia,340,Kalapathar,,23.6244,86.8734,3,kalapathar-purulib-o
IN,India,India,723121,Pabra,West Bengal,28,Purulia,340,Kashipur,,23.6244,86.8734,3,pabra
IN,India,India,723121,Sanka,West Bengal,28,Purulia,340,Adra,,23.6244,86.8734,3,sanka
IN,India,India,723121,Beko,West Bengal,28,Purulia,340,Adra,,23.4374,85.9516,4,beko
IN,India,India,723121,Adra,West Bengal,28,Purulia,340,Adra,,23.4967,86.6836,4,adra
IN,India,India,723121,Chorpahari,West Bengal,28,Purulia,340,Adra,,23.6244,86.8734,3,chorpahari
IN,India,India,723121,Gagnabad,West Bengal,28,Purulia,340,Kashipur,,23.6244,86.8734,3,gagnabad
IN,India,India,723121,Ghatrangamati,West Bengal,28,Purulia,340,Kashipur,,23.6244,86.8734,3,ghatrangamati
IN,India,India,723121,Arrah,West Bengal,28,Purulia,340,Adra,,23.6244,86.8734,3,arrah
IN,India,India,723121,Saltore,West Bengal,28,Purulia,340,Adra,,23.6244,86.8734,3,saltore
IN,India,India,723121,Gourangdih,West Bengal,28,Purulia,340,Kashipur,,23.6244,86.8734,3,gourangdih
IN,India,India,723121,Monihara,West Bengal,28,Purulia,340,Adra,,23.6244,86.8734,3,monihara
IN,India,India,723121,Siyada,West Bengal,28,Purulia,340,Kashipur,,23.6244,86.8734,3,siyada
IN,India,India,723121,Sonathali Ashram,West Bengal,28,Purulia,340,Kashipur,,23.6244,86.8734,3,sonathali-ashram
IN,India,India,723121,Murulia,West Bengal,28,Purulia,340,Santuri,,23.6244,86.8734,3,murulia
IN,India,India,723121,Sunuri,West Bengal,28,Purulia,340,Neturia,,23.6244,86.8734,3,sunuri
IN,India,India,723121,Chalmara Puapur,West Bengal,28,Purulia,340,Adra,,23.6244,86.8734,3,chalmara-puapur
IN,India,India,723121,Rajra Shibtola,West Bengal,28,Purulia,340,Adra,,23.6244,86.8734,3,rajra-shibtola
IN,India,India,723121,Bortoria,West Bengal,28,Purulia,340,Adra,,23.6244,86.8734,3,bortoria
IN,India,India,723121,Chapri,West Bengal,28,Purulia,340,Adra,,23.6244,86.8734,3,chapri
IN,India,India,723121,Adra Market,West Bengal,28,Purulia,340,Adra,,23.6244,86.8734,3,adra-market
IN,India,India,723121,Sutabai,West Bengal,28,Purulia,340,Kashipur,,23.6244,86.8734,3,sutabai
IN,India,India,723121,Rangametya,West Bengal,28,Purulia,340,Raghunathpur,,23.6244,86.8734,3,rangametya
IN,India,India,723121,Bhamuria,West Bengal,28,Purulia,340,Adra,,23.6244,86.8734,3,bhamuria
IN,India,India,723121,Neturia,West Bengal,28,Purulia,340,Neturia,,23.6631,86.8269,4,neturia
IN,India,India,723126,Biltora,West Bengal,28,Purulia,340,Anara,,23.3808,86.4697,3,biltora
IN,India,India,723126,Belma,West Bengal,28,Purulia,340,Anara,,23.3808,86.4697,3,belma
IN,India,India,723126,Bagalia,West Bengal,28,Purulia,340,Anara Rs,,23.3808,86.4697,3,bagalia
IN,India,India,723126,Kustaur,West Bengal,28,Purulia,340,Purulia,,23.3808,86.4697,3,kustaur
IN,India,India,723126,Anara,West Bengal,28,Purulia,340,Anara,,23.3808,86.4697,3,anara
IN,India,India,723126,Jorberia,West Bengal,28,Purulia,340,Para,,23.3808,86.4697,3,jorberia
IN,India,India,723126,Jhapra,West Bengal,28,Purulia,340,Para,,23.3808,86.4697,3,jhapra
IN,India,India,723126,Jalika,West Bengal,28,Purulia,340,Purulia,,23.3808,86.4697,3,jalika
IN,India,India,723126,Fushrabad,West Bengal,28,Purulia,340,Para,,23.3808,86.4697,3,fushrabad
IN,India,India,723126,Choutala Bhagabandh,West Bengal,28,Purulia,340,Purulia,,23.3808,86.4697,3,choutala-bhagabandh
IN,India,India,723126,Tentulda,West Bengal,28,Purulia,340,Para,,23.3808,86.4697,3,tentulda
IN,India,India,723126,Pithajore,West Bengal,28,Purulia,340,Purulia - II,,23.3808,86.4697,3,pithajore
IN,India,India,723126,Nadiha,West Bengal,28,Purulia,340,Para,,23.3808,86.4697,3,nadiha
IN,India,India,723126,Mamurjore,West Bengal,28,Purulia,340,Purulia - II,,23.3808,86.4697,3,mamurjore
IN,India,India,723126,Malthore,West Bengal,28,Purulia,340,Purulia,,23.3808,86.4697,3,malthore
IN,India,India,723126,Lipania,West Bengal,28,Purulia,340,Purulia,,23.3808,86.4697,3,lipania
IN,India,India,723126,Kaluhar,West Bengal,28,Purulia,340,Para,,23.3808,86.4697,3,kaluhar
IN,India,India,723126,Kalajore,West Bengal,28,Purulia,340,Kashipur,,23.3808,86.4697,3,kalajore
IN,India,India,723126,Chuna,West Bengal,28,Purulia,340,Purulia,,23.4194,86.6102,4,chuna
IN,India,India,723126,Anara RS,West Bengal,28,Purulia,340,Para,,23.3808,86.4697,3,anara-rs
IN,India,India,723126,Sonaijuri,West Bengal,28,Purulia,340,Kashipur,,23.3421,86.3293,4,sonaijuri
IN,India,India,723127,Barabhum,West Bengal,28,Purulia,340,Barabazar,,23.0295,86.3613,4,barabhum
IN,India,India,723127,Nischintapur,West Bengal,28,Purulia,340,Barabazar,,23.2774,86.4183,4,nischintapur
IN,India,India,723127,Bamundiha,West Bengal,28,Purulia,340,Barabazar,,23.1177,86.3661,4,bamundiha
IN,India,India,723127,Amrabera,West Bengal,28,Purulia,340,Barabhum,,23.3989,86.7677,3,amrabera
IN,India,India,723127,Fuljhore,West Bengal,28,Purulia,340,Barabazar,,23.3989,86.7677,3,fuljhore
IN,India,India,723127,Puriara,West Bengal,28,Purulia,340,Barabazar,,23.3989,86.7677,3,puriara
IN,India,India,723127,Sukurhutu,West Bengal,28,Purulia,340,Barabazar,,23.3989,86.7677,3,sukurhutu
IN,India,India,723127,Sarberia,West Bengal,28,Purulia,340,Barabazar,,23.3989,86.7677,3,sarberia
IN,India,India,723127,Rupapetya,West Bengal,28,Purulia,340,Barabazar,,23.3989,86.7677,3,rupapetya
IN,India,India,723127,Badaldih,West Bengal,28,Purulia,340,Barabhum,,23.3989,86.7677,3,badaldih
IN,India,India,723127,Roladih,West Bengal,28,Purulia,340,Barabazar,,23.3989,86.7677,3,roladih
IN,India,India,723127,Dhadkidih,West Bengal,28,Purulia,340,Barabazar,,23.3989,86.7677,3,dhadkidih
IN,India,India,723127,Dhelat Bamu,West Bengal,28,Purulia,340,Barabazar,,23.3989,86.7677,3,dhelat-bamu
IN,India,India,723127,Dumurdih,West Bengal,28,Purulia,340,Barabazar,,23.3989,86.7677,3,dumurdih
IN,India,India,723127,Fatepur Sindri,West Bengal,28,Purulia,340,Barabazar,,23.3989,86.7677,3,fatepur-sindri
IN,India,India,723127,Herbona,West Bengal,28,Purulia,340,Barabazar,,23.3989,86.7677,3,herbona
IN,India,India,723127,Hizla,West Bengal,28,Purulia,340,Barabazar,,23.3989,86.7677,3,hizla
IN,India,India,723127,Jilling,West Bengal,28,Purulia,340,Barabazar,,23.3989,86.7677,3,jilling
IN,India,India,723128,Bijoydih,West Bengal,28,Purulia,340,Manbazar - I,,23.274,86.4902,3,bijoydih
IN,India,India,723128,Damda,West Bengal,28,Purulia,340,Purulia,,23.274,86.4902,3,damda
IN,India,India,723128,Mohandih,West Bengal,28,Purulia,340,Manbazar,,23.274,86.4902,3,mohandih
IN,India,India,723128,Simultard,West Bengal,28,Purulia,340,Purulia - I,,23.274,86.4902,3,simultard
IN,India,India,723128,Jangidiri,West Bengal,28,Purulia,340,Manbazar - I,,23.274,86.4902,3,jangidiri
IN,India,India,723128,Kuruktopa,West Bengal,28,Purulia,340,Puncha,,23.274,86.4902,3,kuruktopa
IN,India,India,723128,Rajnowagarh,West Bengal,28,Purulia,340,Puncha,,23.274,86.4902,3,rajnowagarh
IN,India,India,723128,Majhihira,West Bengal,28,Purulia,340,Manbazar,,23.274,86.4902,3,majhihira
IN,India,India,723128,Bundwan Uttar,West Bengal,28,Purulia,340,Kenda,,23.274,86.4902,3,bundwan-uttar
IN,India,India,723128,Jitujuri,West Bengal,28,Purulia,340,Manbazar,,23.274,86.4902,3,jitujuri
IN,India,India,723128,Dhakakendu,West Bengal,28,Purulia,340,Manbazar,,23.274,86.4902,3,dhakakendu
IN,India,India,723128,Pirrah,West Bengal,28,Purulia,340,Puncha,,23.274,86.4902,3,pirrah
IN,India,India,723128,Jabla,West Bengal,28,Purulia,340,Manbazar,,23.274,86.4902,3,jabla
IN,India,India,723128,Jambad,West Bengal,28,Purulia,340,Puncha,,23.274,86.4902,3,jambad
IN,India,India,723128,Panipathar,West Bengal,28,Purulia,340,Puncha,,23.274,86.4902,3,panipathar
IN,India,India,723128,Kuda,West Bengal,28,Purulia,340,Manbazar,,23.1415,85.9392,4,kuda
IN,India,India,723128,Bansa,West Bengal,28,Purulia,340,Balakdih,,23.3744,85.9253,4,bansa
IN,India,India,723128,Gopalnagar,West Bengal,28,Purulia,340,Manbazar,,23.2774,86.4183,4,gopalnagar
IN,India,India,723128,Chandra,West Bengal,28,Purulia,340,Purulia,,23.2774,86.4183,4,chandra
IN,India,India,723128,Metyala,West Bengal,28,Purulia,340,Manbazar,,23.3599,85.9262,4,metyala
IN,India,India,723128,Balakdih,West Bengal,28,Purulia,340,Puncha,,23.274,86.4902,3,balakdih
IN,India,India,723128,Matha,West Bengal,28,Purulia,340,Puncha,,23.274,86.4902,3,matha
IN,India,India,723128,Konapara,West Bengal,28,Purulia,340,Puncha,,23.274,86.4902,3,konapara
IN,India,India,723128,Banjora,West Bengal,28,Purulia,340,Para,,23.274,86.4902,3,banjora
IN,India,India,723128,Mahara,West Bengal,28,Purulia,340,Manbazar,,23.274,86.4902,3,mahara
IN,India,India,723129,Dhadka,West Bengal,28,Purulia,340,Bundwan,,23.1785,86.6781,4,dhadka
IN,India,India,723129,Chhirudi Radhanagar,West Bengal,28,Purulia,340,Bundwan,,23.2774,86.4183,3,chhirudi-radhanagar
IN,India,India,723129,Kuilapal,West Bengal,28,Purulia,340,Bundwan,,23.2774,86.4183,3,kuilapal
IN,India,India,723129,Kunchia,West Bengal,28,Purulia,340,Bundwan,,23.2774,86.4183,3,kunchia
IN,India,India,723129,Agaibil,West Bengal,28,Purulia,340,Bundwan,,23.2774,86.4183,3,agaibil
IN,India,India,723129,Pargelia,West Bengal,28,Purulia,340,Bundwan,,23.2774,86.4183,3,pargelia
IN,India,India,723129,Ankro,West Bengal,28,Purulia,340,Bundwan,,23.2774,86.4183,3,ankro
IN,India,India,723129,Mamro,West Bengal,28,Purulia,340,Bundwan,,23.2774,86.4183,3,mamro
IN,India,India,723129,Bundwan,West Bengal,28,Purulia,340,Bundwan,,23.2774,86.4183,3,bundwan
IN,India,India,723129,Lata,West Bengal,28,Purulia,340,Bundwan,,23.2774,86.4183,3,lata
IN,India,India,723129,Sagasupurari,West Bengal,28,Purulia,340,Bundwan,,23.2774,86.4183,3,sagasupurari
IN,India,India,723129,Rajagram,West Bengal,28,Purulia,340,Bundwan,,23.2774,86.4183,3,rajagram
IN,India,India,723129,Barakadam,West Bengal,28,Purulia,340,Bundwan,,23.2774,86.4183,3,barakadam
IN,India,India,723129,Kumra,West Bengal,28,Purulia,340,Bundwan,,23.2774,86.4183,4,kumra
IN,India,India,723129,Gangamanna,West Bengal,28,Purulia,340,Bundwan,,23.2774,86.4183,3,gangamanna
IN,India,India,723129,Jitan,West Bengal,28,Purulia,340,Bundwan,,23.2774,86.4183,3,jitan
IN,India,India,723129,Dhabani Radhamohanpur,West Bengal,28,Purulia,340,Hura,,23.2774,86.4183,3,dhabani-radhamohanpur
IN,India,India,723129,Hetyakole,West Bengal,28,Purulia,340,Bundwan,,23.2774,86.4183,3,hetyakole
IN,India,India,723130,Daldali,West Bengal,28,Purulia,340,Purulia,,23.2774,86.4183,3,daldali
IN,India,India,723130,Manguria Lalpur,West Bengal,28,Purulia,340,Purulia,,23.3072,86.262,3,manguria-lalpur
IN,India,India,723130,Kustore,West Bengal,28,Purulia,340,Hura,,23.3072,86.262,3,kustore
IN,India,India,723130,Kaliabasa,West Bengal,28,Purulia,340,Hura,,23.3072,86.262,3,kaliabasa
IN,India,India,723130,Agardih,West Bengal,28,Purulia,340,Hura,,23.3072,86.262,3,agardih
IN,India,India,723130,Bishpuria,West Bengal,28,Purulia,340,Hura,,23.3072,86.262,3,bishpuria
IN,India,India,723130,Chakalta,West Bengal,28,Purulia,340,Purulia,,23.3072,86.262,3,chakalta
IN,India,India,723130,Nayadih,West Bengal,28,Purulia,340,Hura,,23.311,85.8667,4,nayadih
IN,India,India,723130,Hura (Puruliya),West Bengal,28,Purulia,340,Hura,,23.3034,86.6572,4,hura-puruliya
IN,India,India,723130,Dhengakend,West Bengal,28,Purulia,340,Puncha,,23.3072,86.262,3,dhengakend
IN,India,India,723130,Mekhyada,West Bengal,28,Purulia,340,Kashipur,,23.3072,86.262,3,mekhyada
IN,India,India,723130,Pabrapahari,West Bengal,28,Purulia,340,Kashipur,,23.3072,86.262,3,pabrapahari
IN,India,India,723130,Chatumadar,West Bengal,28,Purulia,340,Purulia,,23.3072,86.262,3,chatumadar
IN,India,India,723130,Hadalda,West Bengal,28,Purulia,340,Hura,,23.3072,86.262,3,hadalda
IN,India,India,723130,Dhabani,West Bengal,28,Purulia,340,Hura,,23.3072,86.262,3,dhabani
IN,India,India,723130,Rakab,West Bengal,28,Purulia,340,Hura,,23.3072,86.262,3,rakab
IN,India,India,723130,Rakhera,West Bengal,28,Purulia,340,Purulia,,23.3072,86.262,3,rakhera
IN,India,India,723130,Tanginayada,West Bengal,28,Purulia,340,Hura,,23.3072,86.262,3,tanginayada
IN,India,India,723130,Chhirudi Chandanpur,West Bengal,28,Purulia,340,Puncha,,23.3072,86.262,3,chhirudi-chandanpur
IN,India,India,723130,Mehi,West Bengal,28,Purulia,340,Kashipur,,23.3072,86.262,3,mehi
IN,India,India,723130,Lara,West Bengal,28,Purulia,340,Purulia,,23.3072,86.262,3,lara
IN,India,India,723131,Bari,West Bengal,28,Purulia,340,Manbazar,,23.2774,86.4183,4,bari
IN,India,India,723131,Sindhraidih,West Bengal,28,Purulia,340,Manbazar,,23.2774,86.4183,3,sindhraidih
IN,India,India,723131,Chhota Sagan,West Bengal,28,Purulia,340,Manbazar,,23.2774,86.4183,3,chhota-sagan
IN,India,India,723131,Dangardih,West Bengal,28,Purulia,340,Manbazar,,23.2774,86.4183,3,dangardih
IN,India,India,723131,Belgoria,West Bengal,28,Purulia,340,Manbazar,,23.2774,86.4183,3,belgoria
IN,India,India,723131,Bargoria,West Bengal,28,Purulia,340,Manbazar - II,,23.2774,86.4183,4,bargoria
IN,India,India,723131,Dhagora,West Bengal,28,Purulia,340,Manbazar,,23.2774,86.4183,3,dhagora
IN,India,India,723131,Dighi,West Bengal,28,Purulia,340,Manbazar,,23.2774,86.4183,3,dighi
IN,India,India,723131,Pairachali,West Bengal,28,Purulia,340,Manbazar,,23.2774,86.4183,3,pairachali
IN,India,India,723131,Pealsole,West Bengal,28,Purulia,340,Hura,,23.2774,86.4183,3,pealsole
IN,India,India,723131,Penchara,West Bengal,28,Purulia,340,Manbazar,,23.2774,86.4183,3,penchara
IN,India,India,723131,Pirorgoria,West Bengal,28,Purulia,340,Manbazar,,23.2774,86.4183,3,pirorgoria
IN,India,India,723131,Polmi,West Bengal,28,Purulia,340,Puncha,,23.2774,86.4183,3,polmi
IN,India,India,723131,Purdaha,West Bengal,28,Purulia,340,Manbazar,,23.2774,86.4183,3,purdaha
IN,India,India,723131,Ratiakocha,West Bengal,28,Purulia,340,Manbazar,,23.2774,86.4183,3,ratiakocha
IN,India,India,723131,Shyampur,West Bengal,28,Purulia,340,Manbazar,,23.2774,86.4183,3,shyampur
IN,India,India,723131,Taldabra,West Bengal,28,Purulia,340,Manbazar Ii,,23.2774,86.4183,3,taldabra
IN,India,India,723131,Jawrah,West Bengal,28,Purulia,340,Manbazar,,23.2774,86.4183,3,jawrah
IN,India,India,723131,Jharbagda,West Bengal,28,Purulia,340,Manbazar,,23.2774,86.4183,3,jharbagda
IN,India,India,723131,Jorabari,West Bengal,28,Purulia,340,Manbazar,,23.2774,86.4183,3,jorabari
IN,India,India,723131,Khiriduara,West Bengal,28,Purulia,340,Manbazar,,23.2774,86.4183,3,khiriduara
IN,India,India,723131,Kumari,West Bengal,28,Purulia,340,Manbazar,,23.2774,86.4183,3,kumari
IN,India,India,723131,Kurarbaid,West Bengal,28,Purulia,340,Manbazar,,23.2774,86.4183,3,kurarbaid
IN,India,India,723131,Kutni,West Bengal,28,Purulia,340,Manbazar,,23.2774,86.4183,3,kutni
IN,India,India,723131,Pedda,West Bengal,28,Purulia,340,Manbazar,,23.2774,86.4183,3,pedda
IN,India,India,723131,Bamni,West Bengal,28,Purulia,340,Jiudaru,,23.2774,86.4183,3,bamni
IN,India,India,723131,Bishri,West Bengal,28,Purulia,340,Manbazar,,23.2774,86.4183,3,bishri
IN,India,India,723131,Kashidih,West Bengal,28,Purulia,340,Manbazar,,23.3102,85.9486,4,kashidih
IN,India,India,723131,Manbazar,West Bengal,28,Purulia,340,Manbazar,,23.0591,86.6627,4,manbazar
IN,India,India,723131,Jamtoria,West Bengal,28,Purulia,340,Manbazar,,23.2774,86.4183,3,jamtoria
IN,India,India,723131,Boro,West Bengal,28,Purulia,340,Manbazar,,23.2774,86.4183,3,boro
IN,India,India,723132,Tara,West Bengal,28,Purulia,340,Kashipur,,23.2774,86.4183,3,tara
IN,India,India,723132,Gamarkuri,West Bengal,28,Purulia,340,Kashipur,,23.2774,86.4183,3,gamarkuri
IN,India,India,723132,Malancha,West Bengal,28,Purulia,340,Kashipur,,23.2774,86.4183,4,malancha
IN,India,India,723132,Bansraya,West Bengal,28,Purulia,340,Kashipur,,23.2774,86.4183,3,bansraya
IN,India,India,723132,Simla,West Bengal,28,Purulia,340,Kashipur,,23.2774,86.4183,4,simla
IN,India,India,723132,Damankiary,West Bengal,28,Purulia,340,Kashipur,,23.2774,86.4183,3,damankiary
IN,India,India,723132,Panchakotraj,West Bengal,28,Purulia,340,Kashipur,,23.2774,86.4183,3,panchakotraj
IN,India,India,723132,Seja,West Bengal,28,Purulia,340,Kashipur,,23.2774,86.4183,3,seja
IN,India,India,723133,Santuri,West Bengal,28,Purulia,340,Santuri,,23.5272,86.8571,4,santuri
IN,India,India,723133,Raghunathpur (Puruliya),West Bengal,28,Purulia,340,Raghunathpur,,23.5388,86.6735,4,raghunathpur-puruliya
IN,India,India,723133,Nutandih,West Bengal,28,Purulia,340,Raghunathpur,,23.3452,85.9659,4,nutandih
IN,India,India,723133,Agaibari,West Bengal,28,Purulia,340,Raghuathpur,,23.4704,86.4988,3,agaibari
IN,India,India,723133,Raibandh,West Bengal,28,Purulia,340,Manbazar,,23.4704,86.4988,3,raibandh
IN,India,India,723133,Rakshatpur,West Bengal,28,Purulia,340,Raghunathpur,,23.4704,86.4988,3,rakshatpur
IN,India,India,723133,Upansankra,West Bengal,28,Purulia,340,Raghunath Pur I,,23.4704,86.4988,3,upansankra
IN,India,India,723133,Madhutati,West Bengal,28,Purulia,340,Raghunathpur,,23.4704,86.4988,3,madhutati
IN,India,India,723133,Marbedia,West Bengal,28,Purulia,340,Raghunathpur,,23.4704,86.4988,3,marbedia
IN,India,India,723133,Tarabari,West Bengal,28,Purulia,340,Santuri,,23.4704,86.4988,3,tarabari
IN,India,India,723133,Babugram,West Bengal,28,Purulia,340,Raghunathpur,,23.4704,86.4988,3,babugram
IN,India,India,723133,Bhurkundabari,West Bengal,28,Purulia,340,Raghunathpur,,23.4704,86.4988,3,bhurkundabari
IN,India,India,723133,Godibera,West Bengal,28,Purulia,340,Raghunathpur,,23.4704,86.4988,3,godibera
IN,India,India,723133,Gorsika,West Bengal,28,Purulia,340,Raghunathpur,,23.4704,86.4988,3,gorsika
IN,India,India,723133,Gunera,West Bengal,28,Purulia,340,Kashipur,,23.4704,86.4988,3,gunera
IN,India,India,723133,Mangalda,West Bengal,28,Purulia,340,Raghunathpur,,23.4704,86.4988,3,mangalda
IN,India,India,723133,Naragoria,West Bengal,28,Purulia,340,Raghunathpur,,23.4704,86.4988,3,naragoria
IN,India,India,723133,Nildih,West Bengal,28,Purulia,340,Raghunathpur,,23.4704,86.4988,3,nildih
IN,India,India,723142,Ramkanali,West Bengal,28,Purulia,340,Ramkanali,,23.2774,86.4183,1,ramkanali
IN,India,India,723142,Ramchandrapur Ashram,West Bengal,28,Purulia,340,Santuri,,23.2774,86.4183,1,ramchandrapur-ashram
IN,India,India,723143,Tentlow,West Bengal,28,Purulia,340,Balarampur,,23.2774,86.4183,3,tentlow
IN,India,India,723143,Dhanudih,West Bengal,28,Purulia,340,Bagmudni,,23.2774,86.4183,3,dhanudih
IN,India,India,723143,Ekra,West Bengal,28,Purulia,340,Bagmundi,,23.2774,86.4183,3,ekra
IN,India,India,723143,Berada,West Bengal,28,Purulia,340,Balarampur,,23.2774,86.4183,3,berada
IN,India,India,723143,Bhikari Chelyama,West Bengal,28,Purulia,340,Balarampur,,23.2774,86.4183,3,bhikari-chelyama
IN,India,India,723143,Shyamnagar,West Bengal,28,Purulia,340,Balarampur,,23.2774,86.4183,4,shyamnagar
IN,India,India,723143,Kurni,West Bengal,28,Purulia,340,Balarampur,,23.2774,86.4183,3,kurni
IN,India,India,723143,Salboni,West Bengal,28,Purulia,340,Balarampur,,23.2774,86.4183,4,salboni
IN,India,India,723143,Matha Forest,West Bengal,28,Purulia,340,Baghmudni,,23.2774,86.4183,3,matha-forest
IN,India,India,723143,Namsole,West Bengal,28,Purulia,340,Balarampur,,23.2774,86.4183,3,namsole
IN,India,India,723143,Bhabanipur,West Bengal,28,Purulia,340,Balarampur,,23.2774,86.4183,4,bhabanipur
IN,India,India,723143,Nekra,West Bengal,28,Purulia,340,Balarampur,,23.2774,86.4183,3,nekra
IN,India,India,723143,Gerua,West Bengal,28,Purulia,340,Balarampur,,23.2774,86.4183,4,gerua
IN,India,India,723143,Radha Gobindapur,West Bengal,28,Purulia,340,Baghmundi,,23.2774,86.4183,3,radha-gobindapur
IN,India,India,723143,Rangadih,West Bengal,28,Purulia,340,Balarampur,,23.2774,86.4183,3,rangadih
IN,India,India,723143,Supurdih,West Bengal,28,Purulia,340,Balarampur,,23.2774,86.4183,3,supurdih
IN,India,India,723143,Biramdih,West Bengal,28,Purulia,340,Balarampur,,23.2774,86.4183,3,biramdih
IN,India,India,723145,Nanduka,West Bengal,28,Purulia,340,Raghunathpur,,23.2842,85.9267,3,nanduka
IN,India,India,723145,Moutore,West Bengal,28,Purulia,340,Raghunathpur,,23.2842,85.9267,3,moutore
IN,India,India,723145,Ichhar,West Bengal,28,Purulia,340,Santaldih,,23.2842,85.9267,3,ichhar
IN,India,India,723145,Santaldih,West Bengal,28,Purulia,340,Raghunathpur - II,,23.2842,85.9267,3,santaldih
IN,India,India,723145,Rukni,West Bengal,28,Purulia,340,Santaldih,,23.2842,85.9267,3,rukni
IN,India,India,723145,Bogra,West Bengal,28,Purulia,340,Raghunathpur - II,,23.2842,85.9267,3,bogra
IN,India,India,723145,Barrah,West Bengal,28,Purulia,340,Santaldih,,23.2842,85.9267,3,barrah
IN,India,India,723145,Baragoria,West Bengal,28,Purulia,340,Raghunathpur - II,,23.2842,85.9267,3,baragoria
IN,India,India,723145,Joradih,West Bengal,28,Purulia,340,Raghunathpur,,23.2842,85.9267,4,joradih
IN,India,India,723145,Chaturmohal,West Bengal,28,Purulia,340,Raghunathpur - II,,23.2842,85.9267,3,chaturmohal
IN,India,India,723145,Achkoda,West Bengal,28,Purulia,340,Santaldih,,23.2842,85.9267,3,achkoda
IN,India,India,723146,Santaldih T.P.,West Bengal,28,Purulia,340,Raghunathpur - II,,23.4672,86.7136,3,santaldih-t-p
IN,India,India,723146,Bahara,West Bengal,28,Purulia,340,Para,,23.2774,86.4183,4,bahara
IN,India,India,723146,Deoli,West Bengal,28,Purulia,340,Para,,23.4672,86.7136,3,deoli
IN,India,India,723146,Chelyama,West Bengal,28,Purulia,340,Raghunathpur,,23.6158,86.5525,4,chelyama
IN,India,India,723147,Pirorgoria,West Bengal,28,Purulia,340,Purulia,,23.2872,85.9225,3,pirorgoria
IN,India,India,723147,Bagalmari,West Bengal,28,Purulia,340,Purulia,,23.2872,85.9225,3,bagalmari
IN,India,India,723147,Baghra,West Bengal,28,Purulia,340,Purulia,,23.2872,85.9225,3,baghra
IN,India,India,723147,Chharrah,West Bengal,28,Purulia,340,Chharrah,,23.2872,85.9225,3,chharrah
IN,India,India,723147,Golamara,West Bengal,28,Purulia,340,Purulia,,23.2872,85.9225,3,golamara
IN,India,India,723147,Vivekananda Nagar,West Bengal,28,Purulia,340,Purulia - I,,23.2872,85.9225,3,vivekananda-nagar
IN,India,India,723147,Dumdumi,West Bengal,28,Purulia,340,Purulia,,23.2872,85.9225,4,dumdumi
IN,India,India,723148,Bagdisha,West Bengal,28,Purulia,340,Purulia,,23.2774,86.4183,1,bagdisha
IN,India,India,723148,Batikara,West Bengal,28,Purulia,340,Balakdih,,23.2774,86.4183,1,batikara
IN,India,India,723148,Bhangra,West Bengal,28,Purulia,340,Hutmura,,23.2774,86.4183,1,bhangra
IN,India,India,723148,Haramjanga,West Bengal,28,Purulia,340,Purulia,,23.2774,86.4183,1,haramjanga
IN,India,India,723148,Sindurpur,West Bengal,28,Purulia,340,Purulia Ii,,23.2774,86.4183,1,sindurpur
IN,India,India,723148,Kudlung,West Bengal,28,Purulia,340,Purulia,,23.2774,86.4183,1,kudlung
IN,India,India,723148,Kulabahal,West Bengal,28,Purulia,340,Purulia,,23.2774,86.4183,1,kulabahal
IN,India,India,723148,Anaijambad,West Bengal,28,Purulia,340,Hutmura,,23.2774,86.4183,1,anaijambad
IN,India,India,723148,Arjunjora,West Bengal,28,Purulia,340,Hutmura,,23.2774,86.4183,1,arjunjora
IN,India,India,723148,Banbaligara,West Bengal,28,Purulia,340,Hura,,23.2774,86.4183,1,banbaligara
IN,India,India,723148,Chanchra,West Bengal,28,Purulia,340,Hutmura,,23.2774,86.4183,1,chanchra
IN,India,India,723148,Deshra,West Bengal,28,Purulia,340,Purulia,,23.2774,86.4183,1,deshra
IN,India,India,723148,Dapang,West Bengal,28,Purulia,340,Purulia,,23.2774,86.4183,1,dapang
IN,India,India,723148,Hutmura,West Bengal,28,Purulia,340,Hutmura,,23.2774,86.4183,1,hutmura
IN,India,India,723148,Chepra,West Bengal,28,Purulia,340,Purulia,,23.2774,86.4183,1,chepra
IN,India,India,723148,Jabarrah,West Bengal,28,Purulia,340,Purulia,,23.2774,86.4183,1,jabarrah
IN,India,India,723148,Khairipihira Rangadih,West Bengal,28,Purulia,340,Purulia,,23.2774,86.4183,1,khairipihira-rangadih
IN,India,India,723148,Lodhurka,West Bengal,28,Purulia,340,Purulia,,23.2774,86.4183,1,lodhurka
IN,India,India,723149,Senera Amra,West Bengal,28,Purulia,340,Purulia,,23.2774,86.4183,3,senera-amra
IN,India,India,723149,Kukurgoria,West Bengal,28,Purulia,340,Purulia,,23.2774,86.4183,3,kukurgoria
IN,India,India,723149,Baligara,West Bengal,28,Purulia,340,Purulia,,23.2774,86.4183,3,baligara
IN,India,India,723149,Belkuri,West Bengal,28,Purulia,340,Purulia,,23.2774,86.4183,3,belkuri
IN,India,India,723149,Sihali,West Bengal,28,Purulia,340,Purulia,,23.2774,86.4183,3,sihali
IN,India,India,723149,Natua,West Bengal,28,Purulia,340,Purulia,,23.2774,86.4183,3,natua
IN,India,India,723149,Chainpur,West Bengal,28,Purulia,340,Manguria,,23.2774,86.4183,3,chainpur
IN,India,India,723149,Lagda,West Bengal,28,Purulia,340,Purulia,,23.2774,86.4183,3,lagda
IN,India,India,723149,Manguria,West Bengal,28,Purulia,340,Chharrah,,23.2774,86.4183,3,manguria
IN,India,India,723149,Chakra,West Bengal,28,Purulia,340,Purulia,,23.2774,86.4183,3,chakra
IN,India,India,723149,Nadiara,West Bengal,28,Purulia,340,Purulia,,23.2774,86.4183,3,nadiara
IN,India,India,723149,Ghanga,West Bengal,28,Purulia,340,Purulia,,23.2774,86.4183,3,ghanga
IN,India,India,723149,Raghabpur,West Bengal,28,Purulia,340,Purulia,,23.2774,86.4183,4,raghabpur
IN,India,India,723151,Pakbirra,West Bengal,28,Purulia,340,Puncha,,23.2774,86.4183,3,pakbirra
IN,India,India,723151,Tatari,West Bengal,28,Purulia,340,Puncha,,23.2774,86.4183,3,tatari
IN,India,India,723151,Bhutam,West Bengal,28,Purulia,340,Puncha,,23.2774,86.4183,3,bhutam
IN,India,India,723151,Gholkurd,West Bengal,28,Purulia,340,Puncha,,23.2774,86.4183,3,gholkurd
IN,India,India,723151,Kundurka,West Bengal,28,Purulia,340,Puncha,,23.2774,86.4183,3,kundurka
IN,India,India,723151,Lakhra,West Bengal,28,Purulia,340,Puncha,,23.2774,86.4183,3,lakhra
IN,India,India,723151,Bhagabandh,West Bengal,28,Purulia,340,Puncha,,23.2774,86.4183,4,bhagabandh
IN,India,India,723151,Loulara,West Bengal,28,Purulia,340,Puncha,,23.2774,86.4183,3,loulara
IN,India,India,723151,Menidih,West Bengal,28,Purulia,340,Puncha,,23.2774,86.4183,3,menidih
IN,India,India,723151,Napara Baragram,West Bengal,28,Purulia,340,Puncha,,23.2774,86.4183,3,napara-baragram
IN,India,India,723151,Badra,West Bengal,28,Purulia,340,Puncha,,23.2774,86.4183,3,badra
IN,India,India,723151,Napara,West Bengal,28,Purulia,340,Puncha,,23.2774,86.4183,4,napara
IN,India,India,723151,Gopalpur,West Bengal,28,Purulia,340,Puncha,,23.3504,85.9836,4,gopalpur
IN,India,India,723151,Puncha,West Bengal,28,Purulia,340,Puncha,,23.1592,86.6484,4,puncha
IN,India,India,723151,Bagda,West Bengal,28,Purulia,340,Puncha,,23.1971,86.687,4,bagda
IN,India,India,723152,Hurumda,West Bengal,28,Purulia,340,Bagmundi,,23.1631,85.9723,4,hurumda
IN,India,India,723152,Birgram,West Bengal,28,Purulia,340,Bagmundi,,23.1705,85.9966,4,birgram
IN,India,India,723152,Burda,West Bengal,28,Purulia,340,Bagmundi,,23.2489,85.9817,4,burda
IN,India,India,723152,Kushaldih,West Bengal,28,Purulia,340,Baghmundi,,23.2253,85.9658,4,kushaldih
IN,India,India,723152,Koreng,West Bengal,28,Purulia,340,Baghmundi,,23.2295,85.9835,4,koreng
IN,India,India,723152,Ranga,West Bengal,28,Purulia,340,Baghmundi,,23.2075,85.98,3,ranga
IN,India,India,723152,Uttamdih,West Bengal,28,Purulia,340,Bagmundi,,23.2075,85.98,3,uttamdih
IN,India,India,723152,Dava Torang,West Bengal,28,Purulia,340,Bagmundi,,23.2075,85.98,3,dava-torang
IN,India,India,723152,Bagmundi,West Bengal,28,Purulia,340,Bagmundi,,23.2075,85.98,3,bagmundi
IN,India,India,723152,Charida,West Bengal,28,Purulia,340,Bagmundi,,23.2075,85.98,3,charida
IN,India,India,723152,Ajodhya Hill,West Bengal,28,Purulia,340,Bagmundi,,23.2075,85.98,3,ajodhya-hill
IN,India,India,723152,Pathardih,West Bengal,28,Purulia,340,Baghmundi,,23.2075,85.98,3,pathardih
IN,India,India,723152,Shaharjuri,West Bengal,28,Purulia,340,Bagmundi,,23.2075,85.98,3,shaharjuri
IN,India,India,723152,Ghorabandha Sindri,West Bengal,28,Purulia,340,Bagmundi,,23.2075,85.98,3,ghorabandha-sindri
IN,India,India,723152,Madla,West Bengal,28,Purulia,340,Baghmundi,,23.2075,85.98,3,madla
IN,India,India,723153,Bara Urma,West Bengal,28,Purulia,340,Sirkabad,,23.1906,86.3502,3,bara-urma
IN,India,India,723153,Puara,West Bengal,28,Purulia,340,Purulia,,23.1906,86.3502,3,puara
IN,India,India,723153,Patuara,West Bengal,28,Purulia,340,Purulia,,23.1906,86.3502,3,patuara
IN,India,India,723153,Sagma,West Bengal,28,Purulia,340,Balarampur,,23.1906,86.3502,3,sagma
IN,India,India,723153,Mudali,West Bengal,28,Purulia,340,Purulia,,23.1906,86.3502,3,mudali
IN,India,India,723153,Chatuhansa,West Bengal,28,Purulia,340,Purulia,,23.1906,86.3502,3,chatuhansa
IN,India,India,723153,Ghatbera,West Bengal,28,Purulia,340,Balarampur,,23.1906,86.3502,3,ghatbera
IN,India,India,723153,Kantadih,West Bengal,28,Purulia,340,Arsha,,23.1906,86.3502,3,kantadih
IN,India,India,723153,Raotora Bhagabandh,West Bengal,28,Purulia,340,Purulia,,23.1906,86.3502,3,raotora-bhagabandh
IN,India,India,723153,Raigara,West Bengal,28,Purulia,340,Baghmudni,,23.1906,86.3502,3,raigara
IN,India,India,723153,Suklara,West Bengal,28,Purulia,340,Purulia,,23.1906,86.3502,4,suklara
IN,India,India,723154,Hensla,West Bengal,28,Purulia,340,Arsha,,23.2752,86.1983,3,hensla
IN,India,India,723154,Thumba Jhalda,West Bengal,28,Purulia,340,Arsha,,23.2752,86.1983,3,thumba-jhalda
IN,India,India,723154,Jhunjka,West Bengal,28,Purulia,340,Purulia,,23.2752,86.1983,3,jhunjka
IN,India,India,723154,Satra,West Bengal,28,Purulia,340,Arsha,,23.2752,86.1983,3,satra
IN,India,India,723154,Aharrah,West Bengal,28,Purulia,340,Sirkabad,,23.2752,86.1983,3,aharrah
IN,India,India,723154,Sirkabad,West Bengal,28,Purulia,340,Arsha,,23.2752,86.1983,4,sirkabad
IN,India,India,723155,Sankra,West Bengal,28,Purulia,340,Para,,23.5269,86.5137,3,sankra
IN,India,India,723155,Dubra,West Bengal,28,Purulia,340,Para,,23.5433,86.521,4,dubra
IN,India,India,723155,Tentulhiti,West Bengal,28,Purulia,340,Para,,23.5269,86.5137,3,tentulhiti
IN,India,India,723155,Udaipur,West Bengal,28,Purulia,340,Para,,23.5269,86.5137,3,udaipur
IN,India,India,723155,Bhawridih,West Bengal,28,Purulia,340,Para,,23.5269,86.5137,3,bhawridih
IN,India,India,723155,Chitra,West Bengal,28,Purulia,340,Purulia,,23.5269,86.5137,3,chitra
IN,India,India,723155,Para,West Bengal,28,Purulia,340,Para,,23.5106,86.5064,4,para
IN,India,India,723156,Murardih,West Bengal,28,Purulia,340,Murardih,,23.2878,86.4834,1,murardih
IN,India,India,723156,Talberia,West Bengal,28,Purulia,340,Santuri,,23.2878,86.4834,1,talberia
IN,India,India,723161,Bargoria,West Bengal,28,Purulia,340,Manbazar - II,,23.2774,86.4183,4,bargoria
IN,India,India,723168,Manihara,West Bengal,28,Purulia,340,Manihara,,23.2774,86.4183,1,manihara
IN,India,India,723201,Rangamati,West Bengal,28,Purulia,340,Joypur,,23.2308,85.8753,4,rangamati
IN,India,India,723201,Srirampur,West Bengal,28,Purulia,340,Joypur,,23.2774,86.4183,4,srirampur
IN,India,India,723201,Arsha,West Bengal,28,Purulia,340,Arsha,,23.3266,86.1733,4,arsha
IN,India,India,723201,Barabendya,West Bengal,28,Purulia,340,Garjaipur,,23.2361,86.4887,3,barabendya
IN,India,India,723201,Tanasi,West Bengal,28,Purulia,340,Arsha,,23.4386,85.8868,4,tanasi
IN,India,India,723201,Uparkahan,West Bengal,28,Purulia,340,Joypur,,23.2361,86.4887,3,uparkahan
IN,India,India,723201,Garjaipur,West Bengal,28,Purulia,340,Jaipur,,23.2361,86.4887,3,garjaipur
IN,India,India,723201,Barametyala,West Bengal,28,Purulia,340,Jaipur,,23.2361,86.4887,3,barametyala
IN,India,India,723201,Uparbatri,West Bengal,28,Purulia,340,Jhalda I,,23.2361,86.4887,3,uparbatri
IN,India,India,723201,Tunta,West Bengal,28,Purulia,340,Joypur,,23.2361,86.4887,3,tunta
IN,India,India,723201,Thakursima,West Bengal,28,Purulia,340,Arsha,,23.2361,86.4887,3,thakursima
IN,India,India,723201,Hinjuri Shyampur,West Bengal,28,Purulia,340,Joypur,,23.2361,86.4887,3,hinjuri-shyampur
IN,India,India,723201,Hatimuri,West Bengal,28,Purulia,340,Joypur,,23.2361,86.4887,3,hatimuri
IN,India,India,723201,Hargara,West Bengal,28,Purulia,340,Joypur,,23.2361,86.4887,3,hargara
IN,India,India,723201,Durma,West Bengal,28,Purulia,340,Jaipur,,23.2361,86.4887,3,durma
IN,India,India,723201,Chapaitard,West Bengal,28,Purulia,340,Jaipur,,23.2361,86.4887,3,chapaitard
IN,India,India,723201,Uparjari,West Bengal,28,Purulia,340,Arsha,,23.2361,86.4887,3,uparjari
IN,India,India,723201,Tatuara,West Bengal,28,Purulia,340,Jhalda Ii,,23.2361,86.4887,3,tatuara
IN,India,India,723201,Kadampur,West Bengal,28,Purulia,340,Joypur,,23.2361,86.4887,3,kadampur
IN,India,India,723201,Pipratard,West Bengal,28,Purulia,340,Joypur,,23.2361,86.4887,3,pipratard
IN,India,India,723202,Pandua,West Bengal,28,Purulia,340,Jhalda,,23.2774,86.4183,3,pandua
IN,India,India,723202,Khamar,West Bengal,28,Purulia,340,Jhalda,,23.2912,85.9687,4,khamar
IN,India,India,723202,Goria,West Bengal,28,Purulia,340,Jhalda,,23.3861,85.9525,3,goria
IN,India,India,723202,Pathjhalda,West Bengal,28,Purulia,340,Jhalda,,23.3861,85.9525,3,pathjhalda
IN,India,India,723202,Murguma,West Bengal,28,Purulia,340,Jhalda,,23.3861,85.9525,3,murguma
IN,India,India,723202,Jhalda,West Bengal,28,Purulia,340,Jhalda,,23.3861,85.9525,3,jhalda
IN,India,India,723202,Hetgugui,West Bengal,28,Purulia,340,Jhalda,,23.3861,85.9525,3,hetgugui
IN,India,India,723202,Hensahatu,West Bengal,28,Purulia,340,Jhalda,,23.3861,85.9525,3,hensahatu
IN,India,India,723202,Chekya,West Bengal,28,Purulia,340,Jhalda,,23.3861,85.9525,3,chekya
IN,India,India,723202,Bagbinda,West Bengal,28,Purulia,340,Jhalda,,23.3861,85.9525,3,bagbinda
IN,India,India,723202,Mosina,West Bengal,28,Purulia,340,Jhalda,,23.3861,85.9525,3,mosina
IN,India,India,723202,Mahatomara,West Bengal,28,Purulia,340,Jhalda,,23.3861,85.9525,3,mahatomara
IN,India,India,723202,Brajapur,West Bengal,28,Purulia,340,Jhalda,,23.4387,85.8737,4,brajapur
IN,India,India,723202,Durgi,West Bengal,28,Purulia,340,Jhalda,,23.4076,85.9491,4,durgi
IN,India,India,723202,Kalma,West Bengal,28,Purulia,340,Jhalda,,23.45,85.9166,4,kalma
IN,India,India,723202,Ichag,West Bengal,28,Purulia,340,Jhalda,,23.3375,85.9301,4,ichag
IN,India,India,723202,Begunkodar,West Bengal,28,Purulia,340,Jhalda,,23.3538,86.0589,4,begunkodar
IN,India,India,723202,Rigid,West Bengal,28,Purulia,340,Jhalda,,23.4237,85.9705,4,rigid
IN,India,India,723212,Gagi,West Bengal,28,Purulia,340,Baghmundi,,23.2235,85.8851,4,gagi
IN,India,India,723212,Darpa,West Bengal,28,Purulia,340,Tulin,,23.3355,85.8816,4,darpa
IN,India,India,723212,Tulin,West Bengal,28,Purulia,340,Tulin,,23.3807,85.8904,4,tulin
IN,India,India,723212,Torang,West Bengal,28,Purulia,340,Bagmundih,,23.2662,85.836,4,torang
IN,India,India,723212,Karmadih,West Bengal,28,Purulia,340,Jhalda,,23.2713,85.9034,4,karmadih
IN,India,India,723212,Pusti,West Bengal,28,Purulia,340,Jhalda,,23.2539,85.8554,4,pusti
IN,India,India,723212,Sarengdih,West Bengal,28,Purulia,340,Baghmundi,,23.2503,85.8922,3,sarengdih
IN,India,India,723212,Iloo,West Bengal,28,Purulia,340,Jhalda,,23.2503,85.8922,3,iloo
IN,India,India,723212,Ratiadih Nowadih,West Bengal,28,Purulia,340,Jhalda,,23.2503,85.8922,3,ratiadih-nowadih
IN,India,India,723212,Pathahensal,West Bengal,28,Purulia,340,Baghmundi,,23.2503,85.8922,3,pathahensal
IN,India,India,723212,Nowadhi,West Bengal,28,Purulia,340,Baghmundi,,23.2503,85.8922,3,nowadhi
IN,India,India,723212,Atna,West Bengal,28,Purulia,340,Tulin,,23.1578,85.9206,4,atna
IN,India,India,723212,Jargo,West Bengal,28,Purulia,340,Jhalda,,23.3103,85.898,4,jargo
IN,India,India,723212,Suisa,West Bengal,28,Purulia,340,Bagmundih,,23.1935,85.9023,4,suisa
IN,India,India,723212,Saridih,West Bengal,28,Purulia,340,Baghmundi,,23.1701,85.8945,4,saridih
IN,India,India,723212,Tunturi,West Bengal,28,Purulia,340,Bagmundi,,23.2063,85.9163,4,tunturi
IN,India,India,723212,Kalimati,West Bengal,28,Purulia,340,Baghmundi,,23.2342,85.9224,4,kalimati
IN,India,India,723213,Majhidih,West Bengal,28,Purulia,340,Jhalda - II,,23.4233,85.9981,4,majhidih
IN,India,India,723213,Simni,West Bengal,28,Purulia,340,Joypur,,23.4541,85.9926,4,simni
IN,India,India,723213,Kochahatu,West Bengal,28,Purulia,340,Jhalda,,23.4387,85.9953,3,kochahatu
IN,India,India,723213,Mutukura,West Bengal,28,Purulia,340,Jhalda,,23.4387,85.9953,3,mutukura
IN,India,India,723213,Timangda,West Bengal,28,Purulia,340,Jhalda Ii,,23.4387,85.9953,3,timangda
IN,India,India,723213,Oldih,West Bengal,28,Purulia,340,Jhalda,,23.4387,85.9953,3,oldih
IN,India,India,723213,Karkara,West Bengal,28,Purulia,340,Joypur,,23.4387,85.9953,3,karkara
IN,India,India,723213,Karmatard,West Bengal,28,Purulia,340,Joypur,,23.4387,85.9953,3,karmatard
IN,India,India,723213,Nowahatu,West Bengal,28,Purulia,340,Jhalda,,23.4387,85.9953,3,nowahatu
IN,India,India,723213,Khatanga,West Bengal,28,Purulia,340,Jhalda,,23.4387,85.9953,3,khatanga
IN,India,India,723213,Jiudaru,West Bengal,28,Purulia,340,Kotshila,,23.4387,85.9953,3,jiudaru
IN,India,India,723213,Bamnia,West Bengal,28,Purulia,340,Jiudaru,,23.4387,85.9953,3,bamnia
IN,India,India,723213,Ropo,West Bengal,28,Purulia,340,Joypur,,23.4387,85.9953,3,ropo
IN,India,India,723213,Sidhi,West Bengal,28,Purulia,340,Joypur,,23.4387,85.9953,3,sidhi
IN,India,India,723213,Bararola,West Bengal,28,Purulia,340,Kotshila,,23.4387,85.9953,3,bararola
IN,India,India,723213,Dumru,West Bengal,28,Purulia,340,Joypur,,23.4387,85.9953,3,dumru
IN,India,India,723213,Ghagra,West Bengal,28,Purulia,340,Joypur,,23.4387,85.9953,3,ghagra
IN,India,India,723215,Pundag,West Bengal,28,Purulia,340,Joypur,,23.2772,85.9069,1,pundag
IN,India,India,723215,Baglata,West Bengal,28,Purulia,340,Jaipur,,23.2772,85.9069,1,baglata
IN,India,India,723215,Chowkibera,West Bengal,28,Purulia,340,Jhalda,,23.2772,85.9069,1,chowkibera
IN,India,India,723215,Chitmu,West Bengal,28,Purulia,340,Jhalda,,23.2772,85.9069,1,chitmu
IN,India,India,711101,Panchanantala Road,West Bengal,28,Howrah,341,Uluberia - I,,22.526,88.0676,3,panchanantala-road
IN,India,India,711101,Pachalbazar,West Bengal,28,Howrah,341,Sankrail,,22.526,88.0676,3,pachalbazar
IN,India,India,711101,Ross Road,West Bengal,28,Howrah,341,Bally Jagachha,,22.526,88.0676,3,ross-road
IN,India,India,711101,Howrah H.O,West Bengal,28,Howrah,341,Uluberia - II,,22.526,88.0676,3,howrah-h-o
IN,India,India,711101,Khurut Rd,West Bengal,28,Howrah,341,Uluberia - II,,22.526,88.0676,3,khurut-rd
IN,India,India,711101,Ramkrishnapur,West Bengal,28,Howrah,341,Uluberia - I,,22.526,88.0676,4,ramkrishnapur
IN,India,India,711101,Kadamtala (Howrah),West Bengal,28,Howrah,341,Bally Jagachha,,22.526,88.0676,3,kadamtala-howrah
IN,India,India,711101,Howrah R.S,West Bengal,28,Howrah,341,Bally Jagachha,,22.526,88.0676,3,howrah-r-s
IN,India,India,711101,Belgachia Mansatala,West Bengal,28,Howrah,341,Domjur,,22.526,88.0676,3,belgachia-mansatala
IN,India,India,711102,Dinabandhu Instt.,West Bengal,28,Howrah,341,Sankrail,,22.5667,88.3167,3,dinabandhu-instt
IN,India,India,711102,Keorapara,West Bengal,28,Howrah,341,Uluberia - II,,22.5667,88.3167,3,keorapara
IN,India,India,711102,Cows Ghat Rd,West Bengal,28,Howrah,341,Domjur,,22.5667,88.3167,3,cows-ghat-rd
IN,India,India,711102,T.M.G Lane,West Bengal,28,Howrah,341,Bally Jagachha,,22.5667,88.3167,3,t-m-g-lane
IN,India,India,711102,Baisnabpara Bazar,West Bengal,28,Howrah,341,Bally Jagachha,,22.5667,88.3167,3,baisnabpara-bazar
IN,India,India,711102,Sibpur,West Bengal,28,Howrah,341,Bally Jagachha,,22.5667,88.3167,4,sibpur
IN,India,India,711102,Sibpur Bazar,West Bengal,28,Howrah,341,Uluberia - II,,22.5667,88.3167,3,sibpur-bazar
IN,India,India,711103,Andul Road,West Bengal,28,Howrah,341,Sankrail,,22.526,88.0676,1,andul-road
IN,India,India,711103,Batiatala,West Bengal,28,Howrah,341,Bally Jagachha,,22.526,88.0676,1,batiatala
IN,India,India,711103,D.G.Road,West Bengal,28,Howrah,341,Sankrail,,22.526,88.0676,1,d-g-road
IN,India,India,711103,B.Garden,West Bengal,28,Howrah,341,Sankrail,,22.526,88.0676,1,b-garden
IN,India,India,711104,Ichapur Rd,West Bengal,28,Howrah,341,Uluberia - II,,22.5833,88.3,3,ichapur-rd
IN,India,India,711104,Santragachi,West Bengal,28,Howrah,341,Bally Jagachha,,22.5833,88.3,4,santragachi
IN,India,India,711104,Dharsa,West Bengal,28,Howrah,341,Howrah,,22.5833,88.3,3,dharsa
IN,India,India,711104,Circular Rd.,West Bengal,28,Howrah,341,Domjur,,22.5833,88.3,3,circular-rd
IN,India,India,711104,Chakraberia,West Bengal,28,Howrah,341,Domjur,,22.5833,88.3,3,chakraberia
IN,India,India,711104,Sarat Chatterjee Rd.,West Bengal,28,Howrah,341,Uluberia - II,,22.5833,88.3,3,sarat-chatterjee-rd
IN,India,India,711104,Ramrajatala,West Bengal,28,Howrah,341,Bally Jagachha,,22.5833,88.3,3,ramrajatala
IN,India,India,711104,Olabibitala,West Bengal,28,Howrah,341,Bally Jagachha,,22.5833,88.3,3,olabibitala
IN,India,India,711104,Chatterjee Hat,West Bengal,28,Howrah,341,Domjur,,22.5833,88.3,3,chatterjee-hat
IN,India,India,711105,Dasnagar,West Bengal,28,Howrah,341,Domjur,,22.526,88.0676,1,dasnagar
IN,India,India,711106,Howrah Loco Depot,West Bengal,28,Howrah,341,Uluberia - II,,22.526,88.0676,1,howrah-loco-depot
IN,India,India,711106,Hooghly Dock,West Bengal,28,Howrah,341,Bally Jagachha,,22.526,88.0676,1,hooghly-dock
IN,India,India,711106,Jagriti,West Bengal,28,Howrah,341,Uluberia - II,,22.526,88.0676,1,jagriti
IN,India,India,711106,Bamangachi,West Bengal,28,Howrah,341,Bally Jagachha,,22.526,88.0676,1,bamangachi
IN,India,India,711106,Qumaresh,West Bengal,28,Howrah,341,Uluberia - II,,22.526,88.0676,1,qumaresh
IN,India,India,711106,Dharmatala Rd,West Bengal,28,Howrah,341,Domjur,,22.526,88.0676,1,dharmatala-rd
IN,India,India,711106,Bhairab Dutta Lane,West Bengal,28,Howrah,341,Sankrail,,22.526,88.0676,1,bhairab-dutta-lane
IN,India,India,711106,Salkia H.O,West Bengal,28,Howrah,341,Uluberia - I,,22.526,88.0676,1,salkia-h-o
IN,India,India,711106,A.Road(Bamungachi),West Bengal,28,Howrah,341,Bally Jagachha,,22.526,88.0676,1,a-road-bamungachi
IN,India,India,711107,Ghusuri,West Bengal,28,Howrah,341,Uluberia - I,,22.6167,88.35,4,ghusuri
IN,India,India,711107,Howrah Vic.Cot.Mill,West Bengal,28,Howrah,341,Uluberia - I,,22.6167,88.35,3,howrah-vic-cot-mill
IN,India,India,711108,Netajigarh,West Bengal,28,Howrah,341,Uluberia - I,,22.526,88.0676,1,netajigarh
IN,India,India,711109,Bakultala,West Bengal,28,Howrah,341,Bally Jagachha,,22.526,88.0676,3,bakultala
IN,India,India,711109,Goabaria,West Bengal,28,Howrah,341,Uluberia - II,,22.526,88.0676,4,goabaria
IN,India,India,711109,Danesh Sk.Lane,West Bengal,28,Howrah,341,Domjur,,22.526,88.0676,3,danesh-sk-lane
IN,India,India,711109,Podra,West Bengal,28,Howrah,341,Uluberia - I,,22.526,88.0676,3,podra
IN,India,India,711110,Baksara,West Bengal,28,Howrah,341,Bally Jagachha,,22.6368,88.288,1,baksara
IN,India,India,711111,Jagacha,West Bengal,28,Howrah,341,Uluberia - I,,22.6368,88.288,1,jagacha
IN,India,India,711112,Gip Colony,West Bengal,28,Howrah,341,Bally Jagachha,,22.6368,88.288,1,gip-colony
IN,India,India,711112,Old Jagacha,West Bengal,28,Howrah,341,Uluberia - I,,22.6368,88.288,1,old-jagacha
IN,India,India,711113,Balitikuri,West Bengal,28,Howrah,341,Bally Jagachha,,22.6368,88.288,1,balitikuri
IN,India,India,711114,Kona,West Bengal,28,Howrah,341,Bally Jagachha,,22.6368,88.288,3,kona
IN,India,India,711114,Lakshmanpur,West Bengal,28,Howrah,341,Howrah,,22.6344,88.2719,4,lakshmanpur
IN,India,India,711114,Chamrail,West Bengal,28,Howrah,341,Sankrail,,22.6391,88.304,4,chamrail
IN,India,India,711115,Jagadishpurhat,West Bengal,28,Howrah,341,Bally-Jagacha,,22.6368,88.288,1,jagadishpurhat
IN,India,India,711201,Bally,West Bengal,28,Howrah,341,Bally Jagachha,,22.6486,88.3411,4,bally
IN,India,India,711201,M.B.Road,West Bengal,28,Howrah,341,Uluberia - II,,22.6486,88.3411,3,m-b-road
IN,India,India,711201,Bally Goswami Rd,West Bengal,28,Howrah,341,Bally Jagachha,,22.6486,88.3411,3,bally-goswami-rd
IN,India,India,711201,Daws Temple Rd,West Bengal,28,Howrah,341,Domjur,,22.6486,88.3411,3,daws-temple-rd
IN,India,India,711202,Belur Math,West Bengal,28,Howrah,341,Bally Jagachha,,22.526,88.0676,1,belur-math
IN,India,India,711202,Belur Bazar,West Bengal,28,Howrah,341,Domjur,,22.526,88.0676,1,belur-bazar
IN,India,India,711203,Bhattanagar,West Bengal,28,Howrah,341,Sankrail,,22.526,88.0676,1,bhattanagar
IN,India,India,711204,Liluah,West Bengal,28,Howrah,341,Uluberia - II,,22.6195,88.331,4,liluah
IN,India,India,711204,Chakpara,West Bengal,28,Howrah,341,Domjur,,22.6322,88.3486,4,chakpara
IN,India,India,711204,Shibtala Liluah,West Bengal,28,Howrah,341,Bally Jagachha,,22.6259,88.3398,3,shibtala-liluah
IN,India,India,711204,A.Guha Road,West Bengal,28,Howrah,341,Bally Jagachha,,22.6259,88.3398,3,a-guha-road
IN,India,India,711205,Durgapur,West Bengal,28,Howrah,341,Sankrail,,22.526,88.0676,4,durgapur
IN,India,India,711205,Samabaypalli,West Bengal,28,Howrah,341,Bally Jagachha,,22.526,88.0676,3,samabaypalli
IN,India,India,711205,Joypur Bill,West Bengal,28,Howrah,341,Howrah,,22.526,88.0676,3,joypur-bill
IN,India,India,711205,Abhoynagar,West Bengal,28,Howrah,341,Bally Jagachha,,22.526,88.0676,3,abhoynagar
IN,India,India,711206,Sapuipara,West Bengal,28,Howrah,341,Howrah,,22.526,88.0676,1,sapuipara
IN,India,India,711225,Pacharul,West Bengal,28,Howrah,341,Howrah,,22.526,88.0676,1,pacharul
IN,India,India,711226,Sonagachi,West Bengal,28,Howrah,341,Howrah,,22.526,88.0676,3,sonagachi
IN,India,India,711226,Udaynarayanpur,West Bengal,28,Howrah,341,Howrah,,22.526,88.0676,3,udaynarayanpur
IN,India,India,711226,Rampur,West Bengal,28,Howrah,341,Uluberia - II,,22.526,88.0676,4,rampur
IN,India,India,711226,Gaza,West Bengal,28,Howrah,341,Domjur,,22.526,88.0676,3,gaza
IN,India,India,711226,Bairakurchi,West Bengal,28,Howrah,341,Domjur,,22.526,88.0676,3,bairakurchi
IN,India,India,711226,Joka,West Bengal,28,Howrah,341,Howrah,,22.526,88.0676,4,joka
IN,India,India,711226,Singti Sibpur,West Bengal,28,Howrah,341,Uluberia - II,,22.526,88.0676,3,singti-sibpur
IN,India,India,711226,Harali,West Bengal,28,Howrah,341,Uluberia - II,,22.526,88.0676,3,harali
IN,India,India,711227,Ghoshpara (Howrah),West Bengal,28,Howrah,341,Sankrail,,22.526,88.0676,1,ghoshpara-howrah
IN,India,India,711301,Kotra,West Bengal,28,Howrah,341,Howrah,,22.526,88.0676,4,kotra
IN,India,India,711301,Radhapur,West Bengal,28,Howrah,341,Howrah,,22.2533,88,4,radhapur
IN,India,India,711301,Dakshin Durgapur,West Bengal,28,Howrah,341,Howrah,,22.4971,88.2851,3,dakshin-durgapur
IN,India,India,711301,Jhumjhumi,West Bengal,28,Howrah,341,Howrah,,22.526,88.0676,3,jhumjhumi
IN,India,India,711301,Anantapur (Howrah),West Bengal,28,Howrah,341,Howrah,,22.526,88.0676,3,anantapur-howrah
IN,India,India,711301,Deoly,West Bengal,28,Howrah,341,Howrah,,22.526,88.0676,3,deoly
IN,India,India,711301,Dihimondal Ghat,West Bengal,28,Howrah,341,Howrah,,22.526,88.0676,3,dihimondal-ghat
IN,India,India,711302,Argori,West Bengal,28,Howrah,341,Howrah,,22.526,88.0676,3,argori
IN,India,India,711302,Gondalpara,West Bengal,28,Howrah,341,Howrah,,22.526,88.0676,3,gondalpara
IN,India,India,711302,Dhulagori,West Bengal,28,Howrah,341,Howrah,,22.526,88.0676,3,dhulagori
IN,India,India,711302,Andul -mouri,West Bengal,28,Howrah,341,Howrah,,22.526,88.0676,3,andul-mouri
IN,India,India,711302,Mashila,West Bengal,28,Howrah,341,Howrah,,22.526,88.0676,3,mashila
IN,India,India,711302,Kuldanga,West Bengal,28,Howrah,341,Uluberia - I,,22.526,88.0676,3,kuldanga
IN,India,India,711302,Unsani,West Bengal,28,Howrah,341,Uluberia - II,,22.526,88.0676,3,unsani
IN,India,India,711302,Subhararah,West Bengal,28,Howrah,341,Howrah,,22.526,88.0676,3,subhararah
IN,India,India,711302,Kendua,West Bengal,28,Howrah,341,Howrah,,22.526,88.0676,3,kendua
IN,India,India,711302,Paniara,West Bengal,28,Howrah,341,Panchla,,22.526,88.0676,4,paniara
IN,India,India,711302,Gangadharpur,West Bengal,28,Howrah,341,Howrah,,22.526,88.0676,4,gangadharpur
IN,India,India,711302,New Kolora,West Bengal,28,Howrah,341,Howrah,,22.526,88.0676,3,new-kolora
IN,India,India,711302,Prasastha,West Bengal,28,Howrah,341,"Andul-Mouri,Howrah",,22.526,88.0676,3,prasastha
IN,India,India,711302,Jujursa,West Bengal,28,Howrah,341,Howrah,,22.526,88.0676,3,jujursa
IN,India,India,711302,Jhorehat,West Bengal,28,Howrah,341,Uluberia - II,,22.526,88.0676,3,jhorehat
IN,India,India,711302,Joynagar,West Bengal,28,Howrah,341,Howrah,,22.6834,87.9959,4,joynagar
IN,India,India,711302,Duillya,West Bengal,28,Howrah,341,Domjur,,22.526,88.0676,3,duillya
IN,India,India,711303,Ramchandrapur (HowrB.O,West Bengal,28,Howrah,341,Howrah,,22.526,88.0676,3,ramchandrapur-howrb-o
IN,India,India,711303,Sumda,West Bengal,28,Howrah,341,Uluberia - II,,22.526,88.0676,3,sumda
IN,India,India,711303,Agunshi,West Bengal,28,Howrah,341,Howrah,,22.526,88.0676,3,agunshi
IN,India,India,711303,Bagnan,West Bengal,28,Howrah,341,Howrah,,22.4692,87.9615,4,bagnan
IN,India,India,711303,Kantapukur,West Bengal,28,Howrah,341,"Bagnan,Howrah",,22.526,88.0676,3,kantapukur
IN,India,India,711303,Mahishrekha,West Bengal,28,Howrah,341,Howrah,,22.526,88.0676,3,mahishrekha
IN,India,India,711303,Mellock,West Bengal,28,Howrah,341,Amta - II,,22.526,88.0676,3,mellock
IN,India,India,711303,Joargori,West Bengal,28,Howrah,341,Howrah,,22.526,88.0676,3,joargori
IN,India,India,711303,Kasmali,West Bengal,28,Howrah,341,"Bagnan,Howrah",,22.526,88.0676,3,kasmali
IN,India,India,711303,Samta,West Bengal,28,Howrah,341,Uluberia - I,,22.526,88.0676,3,samta
IN,India,India,711303,Pirpur,West Bengal,28,Howrah,341,Howrah,,22.526,88.0676,3,pirpur
IN,India,India,711303,Kalyanpur,West Bengal,28,Howrah,341,Howrah,,22.526,88.0676,4,kalyanpur
IN,India,India,711303,Nawpala,West Bengal,28,Howrah,341,Howrah,,22.526,88.0676,3,nawpala
IN,India,India,711303,Chitnan,West Bengal,28,Howrah,341,Sankrail,,22.526,88.0676,3,chitnan
IN,India,India,711303,Panitras,West Bengal,28,Howrah,341,Howrah,,22.526,88.0676,3,panitras
IN,India,India,711303,Deul Gram,West Bengal,28,Howrah,341,Howrah,,22.526,88.0676,3,deul-gram
IN,India,India,711303,Khajutti,West Bengal,28,Howrah,341,Howrah,,22.526,88.0676,3,khajutti
IN,India,India,711303,Orphuli,West Bengal,28,Howrah,341,Howrah,,22.526,88.0676,3,orphuli
IN,India,India,711303,Birampur,West Bengal,28,Howrah,341,Howrah,,22.526,88.0676,4,birampur
IN,India,India,711303,Olanpara,West Bengal,28,Howrah,341,Howrah,,22.526,88.0676,3,olanpara
IN,India,India,711303,Uttar Batora,West Bengal,28,Howrah,341,Howrah,,22.526,88.0676,3,uttar-batora
IN,India,India,711303,Khadinan,West Bengal,28,Howrah,341,Howrah,,22.526,88.0676,3,khadinan
IN,India,India,711303,Deulti,West Bengal,28,Howrah,341,Howrah,,22.526,88.0676,3,deulti
IN,India,India,711303,Subsit,West Bengal,28,Howrah,341,Howrah,,22.526,88.0676,3,subsit
IN,India,India,711303,Harop,West Bengal,28,Howrah,341,Howrah,,22.526,88.0676,3,harop
IN,India,India,711303,Bainan,West Bengal,28,Howrah,341,Howrah,,22.526,88.0676,3,bainan
IN,India,India,711303,Bakshi,West Bengal,28,Howrah,341,Howrah,,22.526,88.0676,3,bakshi
IN,India,India,711303,Bangalpur,West Bengal,28,Howrah,341,Howrah,,22.526,88.0676,3,bangalpur
IN,India,India,711303,Bankura Bo(Howrah),West Bengal,28,Howrah,341,Domjur,,22.526,88.0676,3,bankura-bo-howrah
IN,India,India,711303,Barunda,West Bengal,28,Howrah,341,Howrah,,22.526,88.0676,3,barunda
IN,India,India,711303,Bhatora,West Bengal,28,Howrah,341,Howrah,,22.526,88.0676,3,bhatora
IN,India,India,711303,Mankur,West Bengal,28,Howrah,341,Howrah,,22.526,88.0676,4,mankur
IN,India,India,711303,Chakur,West Bengal,28,Howrah,341,Howrah,,22.526,88.0676,3,chakur
IN,India,India,711303,Haturia,West Bengal,28,Howrah,341,Uluberia - I,,22.526,88.0676,4,haturia
IN,India,India,711304,Banipur (Howrah),West Bengal,28,Howrah,341,Sankrail,,22.526,88.0676,1,banipur-howrah
IN,India,India,711305,Bauria,West Bengal,28,Howrah,341,Howrah,,22.4939,88.168,4,bauria
IN,India,India,711306,Kulgachia,West Bengal,28,Howrah,341,Howrah,,22.526,88.0676,1,kulgachia
IN,India,India,711307,Khalisani,West Bengal,28,Howrah,341,Uluberia - II,,22.5167,88.0828,4,khalisani
IN,India,India,711307,Dasbhaga,West Bengal,28,Howrah,341,Sankrail,,22.5167,88.0828,3,dasbhaga
IN,India,India,711307,Chackasi,West Bengal,28,Howrah,341,Howrah,,22.5167,88.0828,3,chackasi
IN,India,India,711308,Chengail,West Bengal,28,Howrah,341,Domjur,,22.5044,88.1436,4,chengail
IN,India,India,711309,Sarenga,West Bengal,28,Howrah,341,Uluberia - II,,22.5254,88.2176,4,sarenga
IN,India,India,711309,Delta Mil,West Bengal,28,Howrah,341,Sankrail,,22.5254,88.2176,3,delta-mil
IN,India,India,711310,Fortgloster,West Bengal,28,Howrah,341,Domjur,,22.6886,88.0481,3,fortgloster
IN,India,India,711310,Burikhali,West Bengal,28,Howrah,341,Sankrail,,22.6886,88.0481,3,burikhali
IN,India,India,711310,Rameswarnagar,West Bengal,28,Howrah,341,Uluberia - II,,22.6886,88.0481,3,rameswarnagar
IN,India,India,711310,Radhanagar,West Bengal,28,Howrah,341,Howrah,,22.3364,88.0369,4,radhanagar
IN,India,India,711310,Santoshpur,West Bengal,28,Howrah,341,Howrah,,22.526,88.0676,4,santoshpur
IN,India,India,711310,Ula,West Bengal,28,Howrah,341,Howrah,,22.526,88.0676,4,ula
IN,India,India,711310,Hirapur,West Bengal,28,Howrah,341,Howrah,,22.526,88.0676,4,hirapur
IN,India,India,711310,Raghudebbati,West Bengal,28,Howrah,341,Uluberia - I,,22.5256,88.1958,4,raghudebbati
IN,India,India,711310,Nalpur,West Bengal,28,Howrah,341,Uluberia - I,,22.5323,88.1764,4,nalpur
IN,India,India,711310,Sahapur,West Bengal,28,Howrah,341,Howrah,,22.5244,88.1669,4,sahapur
IN,India,India,711312,Baidyanathpur,West Bengal,28,Howrah,341,Howrah,,22.4253,87.9753,4,baidyanathpur
IN,India,India,711312,Bantul,West Bengal,28,Howrah,341,Howrah,,22.526,88.0676,3,bantul
IN,India,India,711312,Benapur Chandanapara,West Bengal,28,Howrah,341,Howrah,,22.526,88.0676,3,benapur-chandanapara
IN,India,India,711312,Rupasgori,West Bengal,28,Howrah,341,Howrah,,22.526,88.0676,3,rupasgori
IN,India,India,711312,Ganeshpur,West Bengal,28,Howrah,341,Howrah,,22.526,88.0676,4,ganeshpur
IN,India,India,711312,Dakshin Radhanagar,West Bengal,28,Howrah,341,Sankrail,,22.526,88.0676,4,dakshin-radhanagar
IN,India,India,711312,Bargarchumuk,West Bengal,28,Howrah,341,Howrah,,22.526,88.0676,3,bargarchumuk
IN,India,India,711312,Bargram,West Bengal,28,Howrah,341,Howrah,,22.526,88.0676,3,bargram
IN,India,India,711312,Kulitapara,West Bengal,28,Howrah,341,Howrah,,22.526,88.0676,3,kulitapara
IN,India,India,711312,Uttar Durgapur,West Bengal,28,Howrah,341,Howrah,,22.526,88.0676,3,uttar-durgapur
IN,India,India,711312,Mugkalyan,West Bengal,28,Howrah,341,Howrah,,22.526,88.0676,3,mugkalyan
IN,India,India,711312,Naul,West Bengal,28,Howrah,341,Howrah,,22.526,88.0676,3,naul
IN,India,India,711312,Nakol,West Bengal,28,Howrah,341,Howrah,,22.526,88.0676,3,nakol
IN,India,India,711312,Rabibhag,West Bengal,28,Howrah,341,Howrah,,22.526,88.0676,3,rabibhag
IN,India,India,711312,Bachhri,West Bengal,28,Howrah,341,Howrah,,22.526,88.0676,3,bachhri
IN,India,India,711312,Sasati,West Bengal,28,Howrah,341,Howrah,,22.526,88.0676,3,sasati
IN,India,India,711312,Hallyan,West Bengal,28,Howrah,341,Howrah,,22.526,88.0676,3,hallyan
IN,India,India,711312,Amardah,West Bengal,28,Howrah,341,Howrah,,22.526,88.0676,3,amardah
IN,India,India,711312,Ramnagar,West Bengal,28,Howrah,341,Howrah,,22.526,88.0676,4,ramnagar
IN,India,India,711312,Antila,West Bengal,28,Howrah,341,Howrah,,22.526,88.0676,3,antila
IN,India,India,711312,Kultikari,West Bengal,28,Howrah,341,Howrah,,22.526,88.0676,3,kultikari
IN,India,India,711312,Ajodhya,West Bengal,28,Howrah,341,Howrah,,22.526,88.0676,3,ajodhya
IN,India,India,711313,Sankrail,West Bengal,28,Howrah,341,Howrah,,22.5669,88.2397,4,sankrail
IN,India,India,711313,Ramchandrapur Bo (Sank.),West Bengal,28,Howrah,341,Howrah,,22.5669,88.2397,3,ramchandrapur-bo-sank
IN,India,India,711313,Bharat Cooperative,West Bengal,28,Howrah,341,Domjur,,22.5669,88.2397,3,bharat-cooperative
IN,India,India,711313,Sankrail Dakshinpara,West Bengal,28,Howrah,341,Uluberia - II,,22.5669,88.2397,3,sankrail-dakshinpara
IN,India,India,711313,Chaturbhujkati,West Bengal,28,Howrah,341,Howrah,,22.5669,88.2397,3,chaturbhujkati
IN,India,India,711314,Dakshin Shibpur,West Bengal,28,Howrah,341,Domjur,,22.526,88.0676,3,dakshin-shibpur
IN,India,India,711314,Dingakhola,West Bengal,28,Howrah,341,Domjur,,22.2738,88.0663,4,dingakhola
IN,India,India,711314,Shyampur (Howrah),West Bengal,28,Howrah,341,Howrah,,22.526,88.0676,3,shyampur-howrah
IN,India,India,711314,Pichaldaha,West Bengal,28,Howrah,341,Howrah,,22.526,88.0676,3,pichaldaha
IN,India,India,711314,Kalidaha,West Bengal,28,Howrah,341,Howrah,,22.526,88.0676,4,kalidaha
IN,India,India,711314,Kharuberia,West Bengal,28,Howrah,341,Howrah,,22.526,88.0676,3,kharuberia
IN,India,India,711314,Guzarpur,West Bengal,28,Howrah,341,Uluberia - I,,22.526,88.0676,3,guzarpur
IN,India,India,711314,Shibganj,West Bengal,28,Howrah,341,Howrah,,22.526,88.0676,3,shibganj
IN,India,India,711314,Gurepole,West Bengal,28,Howrah,341,Howrah,,22.526,88.0676,3,gurepole
IN,India,India,711314,Mollahat,West Bengal,28,Howrah,341,Uluberia - I,,22.526,88.0676,3,mollahat
IN,India,India,711314,Jallabaj,West Bengal,28,Howrah,341,Uluberia - II,,22.526,88.0676,3,jallabaj
IN,India,India,711314,Gobindapur,West Bengal,28,Howrah,341,Howrah,,22.5931,88.0914,4,gobindapur
IN,India,India,711315,Dakshin Ramchandrapur,West Bengal,28,Howrah,341,Howrah,,22.526,88.0676,4,dakshin-ramchandrapur
IN,India,India,711315,Kanjiakhali,West Bengal,28,Howrah,341,Howrah,,22.526,88.0676,3,kanjiakhali
IN,India,India,711315,Kashmul,West Bengal,28,Howrah,341,Howrah,,22.526,88.0676,3,kashmul
IN,India,India,711315,Khurigachi,West Bengal,28,Howrah,341,Uluberia - II,,22.526,88.0676,3,khurigachi
IN,India,India,711315,Nabagram Sikipur,West Bengal,28,Howrah,341,Howrah,,22.526,88.0676,3,nabagram-sikipur
IN,India,India,711315,Dhulasimla,West Bengal,28,Howrah,341,Howrah,,22.526,88.0676,3,dhulasimla
IN,India,India,711315,Bhekutal,West Bengal,28,Howrah,341,Howrah,,22.526,88.0676,3,bhekutal
IN,India,India,711315,Belari,West Bengal,28,Howrah,341,Howrah,,22.526,88.0676,3,belari
IN,India,India,711315,Balichaturi,West Bengal,28,Howrah,341,Howrah,,22.526,88.0676,3,balichaturi
IN,India,India,711315,Baganda,West Bengal,28,Howrah,341,Howrah,,22.526,88.0676,3,baganda
IN,India,India,711315,Jagadishpur,West Bengal,28,Howrah,341,Uluberia - II,,22.526,88.0676,4,jagadishpur
IN,India,India,711315,Dakshin Hirapur,West Bengal,28,Howrah,341,Domjur,,22.526,88.0676,3,dakshin-hirapur
IN,India,India,711315,Gohalberia,West Bengal,28,Howrah,341,Howrah,,22.526,88.0676,3,gohalberia
IN,India,India,711315,Gutinagari,West Bengal,28,Howrah,341,Howrah,,22.526,88.0676,3,gutinagari
IN,India,India,711315,Madhabpur,West Bengal,28,Howrah,341,Howrah,,22.3594,88.0647,4,madhabpur
IN,India,India,711315,Alipur,West Bengal,28,Howrah,341,Howrah,,22.2975,88.0783,4,alipur
IN,India,India,711315,Uluberia,West Bengal,28,Howrah,341,Howrah,,22.4756,88.099,4,uluberia
IN,India,India,711316,Kantaberia,West Bengal,28,Howrah,341,"Uluberia,Howrah",,22.5289,88.0481,4,kantaberia
IN,India,India,711316,Brindabanpur,West Bengal,28,Howrah,341,Howrah,,22.5094,88.0614,4,brindabanpur
IN,India,India,711316,Bahira,West Bengal,28,Howrah,341,Howrah,,22.4489,88.0889,4,bahira
IN,India,India,711316,Dulopur,West Bengal,28,Howrah,341,"Uluberia,Howrah",,22.526,88.0676,3,dulopur
IN,India,India,711316,Basudebpur,West Bengal,28,Howrah,341,Howrah,,22.526,88.0676,4,basudebpur
IN,India,India,711316,Birshibpur,West Bengal,28,Howrah,341,Howrah,,22.526,88.0676,3,birshibpur
IN,India,India,711316,Uluberia R.S,West Bengal,28,Howrah,341,Uluberia - II,,22.526,88.0676,3,uluberia-r-s
IN,India,India,711316,Karatberia,West Bengal,28,Howrah,341,Howrah,,22.526,88.0676,3,karatberia
IN,India,India,711316,Sundarpur,West Bengal,28,Howrah,341,Uluberia - II,,22.526,88.0676,4,sundarpur
IN,India,India,711316,Samruk,West Bengal,28,Howrah,341,Howrah,,22.526,88.0676,3,samruk
IN,India,India,711316,Hatgacha,West Bengal,28,Howrah,341,Howrah,,22.526,88.0676,4,hatgacha
IN,India,India,711316,Jaduberia,West Bengal,28,Howrah,341,Uluberia - II,,22.526,88.0676,3,jaduberia
IN,India,India,711316,Fuleswar,West Bengal,28,Howrah,341,Domjur,,22.526,88.0676,3,fuleswar
IN,India,India,711316,Kaijuri,West Bengal,28,Howrah,341,Howrah,,22.526,88.0676,3,kaijuri
IN,India,India,711316,Banitala,West Bengal,28,Howrah,341,Domjur,,22.526,88.0676,3,banitala
IN,India,India,711316,Latibpur,West Bengal,28,Howrah,341,Uluberia - I,,22.526,88.0676,3,latibpur
IN,India,India,711316,Baniban,West Bengal,28,Howrah,341,Howrah,,22.526,88.0676,3,baniban
IN,India,India,711316,Khariamoynapur,West Bengal,28,Howrah,341,Uluberia - I,,22.526,88.0676,3,khariamoynapur
IN,India,India,711316,Kushberia,West Bengal,28,Howrah,341,Howrah,,22.526,88.0676,3,kushberia
IN,India,India,711316,Sijberia,West Bengal,28,Howrah,341,Uluberia - II,,22.526,88.0676,3,sijberia
IN,India,India,711317,Radhadasi,West Bengal,28,Howrah,341,Uluberia - II,,22.526,88.0676,1,radhadasi
IN,India,India,711322,Raghudevpur,West Bengal,28,Howrah,341,Uluberia - II,,22.526,88.0676,3,raghudevpur
IN,India,India,711322,Gobardhanbati,West Bengal,28,Howrah,341,Sankrail,,22.526,88.0676,3,gobardhanbati
IN,India,India,711322,Nabghara,West Bengal,28,Howrah,341,Howrah,,22.526,88.0676,3,nabghara
IN,India,India,711322,Nayachak,West Bengal,28,Howrah,341,Howrah,,22.526,88.0676,3,nayachak
IN,India,India,711322,Beldubi,West Bengal,28,Howrah,341,Howrah,,22.526,88.0676,3,beldubi
IN,India,India,711322,Gabberia,West Bengal,28,Howrah,341,Sankrail,,22.526,88.0676,3,gabberia
IN,India,India,711322,Belkulai,West Bengal,28,Howrah,341,Howrah,,22.526,88.0676,3,belkulai
IN,India,India,711322,Dhamsia,West Bengal,28,Howrah,341,Howrah,,22.526,88.0676,3,dhamsia
IN,India,India,711322,Dhunki,West Bengal,28,Howrah,341,Howrah,,22.526,88.0676,3,dhunki
IN,India,India,711322,Jalabiswanathpur,West Bengal,28,Howrah,341,Howrah,,22.526,88.0676,3,jalabiswanathpur
IN,India,India,711322,Banharishpur,West Bengal,28,Howrah,341,Howrah,,22.526,88.0676,3,banharishpur
IN,India,India,711322,Panchla,West Bengal,28,Howrah,341,Howrah,,22.5367,88.1379,4,panchla
IN,India,India,711322,Tehatta,West Bengal,28,Howrah,341,Uluberia - II,,22.5474,88.1473,3,tehatta
IN,India,India,711322,Bikihakola,West Bengal,28,Howrah,341,Domjur,,22.5581,88.1567,4,bikihakola
IN,India,India,711401,Kumarchak,West Bengal,28,Howrah,341,Howrah,,22.5211,88.1398,3,kumarchak
IN,India,India,711401,Chandapur,West Bengal,28,Howrah,341,Howrah,,22.5211,88.1398,3,chandapur
IN,India,India,711401,Deora,West Bengal,28,Howrah,341,Howrah,,22.5211,88.1398,3,deora
IN,India,India,711401,Jhamtia,West Bengal,28,Howrah,341,Howrah,,22.5211,88.1398,3,jhamtia
IN,India,India,711401,Joypur,West Bengal,28,Howrah,341,Uluberia - I,,22.5211,88.1398,3,joypur
IN,India,India,711401,Joypur Fakirdas,West Bengal,28,Howrah,341,Howrah,,22.5211,88.1398,3,joypur-fakirdas
IN,India,India,711401,Kankrol,West Bengal,28,Howrah,341,Howrah,,22.5211,88.1398,3,kankrol
IN,India,India,711401,Khasmahal Balichak,West Bengal,28,Howrah,341,Uluberia - II,,22.5211,88.1398,3,khasmahal-balichak
IN,India,India,711401,Khorop,West Bengal,28,Howrah,341,Howrah,,22.5211,88.1398,3,khorop
IN,India,India,711401,Khosalpur,West Bengal,28,Howrah,341,Howrah,,22.5211,88.1398,3,khosalpur
IN,India,India,711401,Nowpara,West Bengal,28,Howrah,341,Howrah,,22.5211,88.1398,3,nowpara
IN,India,India,711401,Rashpur,West Bengal,28,Howrah,341,Howrah,,22.5211,88.1398,3,rashpur
IN,India,India,711401,Saltighat Gujarpur,West Bengal,28,Howrah,341,Uluberia - II,,22.5211,88.1398,3,saltighat-gujarpur
IN,India,India,711401,Santoshnagar,West Bengal,28,Howrah,341,Uluberia - II,,22.5211,88.1398,3,santoshnagar
IN,India,India,711401,Thalia,West Bengal,28,Howrah,341,Howrah,,22.5211,88.1398,3,thalia
IN,India,India,711401,Tulsiberia,West Bengal,28,Howrah,341,Howrah,,22.5211,88.1398,3,tulsiberia
IN,India,India,711401,Udang,West Bengal,28,Howrah,341,Howrah,,22.5211,88.1398,3,udang
IN,India,India,711401,Bhandargacha,West Bengal,28,Howrah,341,Howrah,,22.5211,88.1398,3,bhandargacha
IN,India,India,711401,Amaragori,West Bengal,28,Howrah,341,Howrah,,22.5211,88.1398,3,amaragori
IN,India,India,711401,Jhinkra,West Bengal,28,Howrah,341,Howrah,,22.5211,88.1398,3,jhinkra
IN,India,India,711401,Baramahara,West Bengal,28,Howrah,341,Howrah,,22.5211,88.1398,3,baramahara
IN,India,India,711401,Anulia,West Bengal,28,Howrah,341,Howrah,,22.5211,88.1398,3,anulia
IN,India,India,711401,Panpur,West Bengal,28,Howrah,341,Howrah,,22.5211,88.1398,3,panpur
IN,India,India,711401,Betai,West Bengal,28,Howrah,341,Howrah,,22.5211,88.1398,3,betai
IN,India,India,711401,Islampur,West Bengal,28,Howrah,341,Howrah,,22.5742,88.0581,4,islampur
IN,India,India,711401,Barda,West Bengal,28,Howrah,341,Sankrail,,22.5211,88.1398,3,barda
IN,India,India,711401,Amta,West Bengal,28,Howrah,341,Howrah,,22.5834,88.0104,4,amta
IN,India,India,711401,Bagua,West Bengal,28,Howrah,341,Howrah,,22.5211,88.1398,3,bagua
IN,India,India,711401,Ghoshpur,West Bengal,28,Howrah,341,Howrah,,22.526,88.0676,4,ghoshpur
IN,India,India,711401,Sonamui,West Bengal,28,Howrah,341,Howrah,,22.5376,88.0106,4,sonamui
IN,India,India,711403,Munshidanga,West Bengal,28,Howrah,341,Bally Jagachha,,22.6029,88.2775,3,munshidanga
IN,India,India,711403,Bankra,West Bengal,28,Howrah,341,Bally Jagachha,,22.6029,88.2775,4,bankra
IN,India,India,711404,Hantal Anantabati,West Bengal,28,Howrah,341,Sankrail,,22.5868,88.1979,3,hantal-anantabati
IN,India,India,711404,Nijbalia,West Bengal,28,Howrah,341,Howrah,,22.5868,88.1979,3,nijbalia
IN,India,India,711404,Mansinghpur,West Bengal,28,Howrah,341,Uluberia - II,,22.5868,88.1979,3,mansinghpur
IN,India,India,711404,Dakshin Santoshpur,West Bengal,28,Howrah,341,Howrah,,22.526,88.0676,4,dakshin-santoshpur
IN,India,India,711404,Bargachia,West Bengal,28,Howrah,341,Howrah,,22.6533,88.126,4,bargachia
IN,India,India,711405,Parbatipur,West Bengal,28,Howrah,341,Howrah,,22.6625,88.2222,4,parbatipur
IN,India,India,711405,Baluhati,West Bengal,28,Howrah,341,Howrah,,22.6561,88.2573,4,baluhati
IN,India,India,711405,Domjur,West Bengal,28,Howrah,341,Howrah,,22.6199,88.2457,4,domjur
IN,India,India,711405,Dakshin Jhapardaha,West Bengal,28,Howrah,341,Domjur,,22.6462,88.2417,3,dakshin-jhapardaha
IN,India,India,711405,South Joychanditala,West Bengal,28,Howrah,341,Uluberia - II,,22.6462,88.2417,3,south-joychanditala
IN,India,India,711405,Uttar Jharpardah,West Bengal,28,Howrah,341,Howrah,,22.6462,88.2417,3,uttar-jharpardah
IN,India,India,711405,Narna,West Bengal,28,Howrah,341,Howrah,,22.6462,88.2417,3,narna
IN,India,India,711405,Nonakundu,West Bengal,28,Howrah,341,Howrah,,22.6462,88.2417,3,nonakundu
IN,India,India,711405,Dafarpur,West Bengal,28,Howrah,341,Howrah,,22.6462,88.2417,3,dafarpur
IN,India,India,711408,Mato,West Bengal,28,Howrah,341,Howrah,,22.58,88.1958,1,mato
IN,India,India,711408,Jagatballavpur,West Bengal,28,Howrah,341,Howrah,,22.58,88.1958,1,jagatballavpur
IN,India,India,711409,Makardaha,West Bengal,28,Howrah,341,Howrah,,22.58,88.1958,1,makardaha
IN,India,India,711409,Tentulkuli,West Bengal,28,Howrah,341,Uluberia - II,,22.58,88.1958,1,tentulkuli
IN,India,India,711409,Nibra,West Bengal,28,Howrah,341,Uluberia - II,,22.58,88.1958,1,nibra
IN,India,India,711409,Salap,West Bengal,28,Howrah,341,Howrah,,22.58,88.1958,1,salap
IN,India,India,711410,Debandi,West Bengal,28,Howrah,341,Howrah,,22.6272,88.0533,4,debandi
IN,India,India,711410,Mansuka,West Bengal,28,Howrah,341,Howrah,,22.6733,88.0086,4,mansuka
IN,India,India,711410,Harishpur,West Bengal,28,Howrah,341,Uluberia - II,,22.526,88.0676,4,harishpur
IN,India,India,711410,Gourangachak,West Bengal,28,Howrah,341,Howrah,,22.526,88.0676,3,gourangachak
IN,India,India,711410,Paikpara,West Bengal,28,Howrah,341,Uluberia - II,,22.526,88.0676,4,paikpara
IN,India,India,711410,Dhurkhali,West Bengal,28,Howrah,341,Howrah,,22.526,88.0676,3,dhurkhali
IN,India,India,711410,Garbalia,West Bengal,28,Howrah,341,Domjur,,22.526,88.0676,3,garbalia
IN,India,India,711410,Sibnarayanchak,West Bengal,28,Howrah,341,Uluberia - II,,22.526,88.0676,3,sibnarayanchak
IN,India,India,711410,Sealdanga,West Bengal,28,Howrah,341,Uluberia - I,,22.526,88.0676,3,sealdanga
IN,India,India,711410,Kanpur,West Bengal,28,Howrah,341,Howrah,,22.526,88.0676,4,kanpur
IN,India,India,711410,Penro,West Bengal,28,Howrah,341,Uluberia - II,,22.526,88.0676,3,penro
IN,India,India,711410,Pantihal,West Bengal,28,Howrah,341,Howrah,,22.526,88.0676,3,pantihal
IN,India,India,711410,Munshirhat,West Bengal,28,Howrah,341,Jagatballavpur,,22.526,88.0676,3,munshirhat
IN,India,India,711410,Manikura,West Bengal,28,Howrah,341,Howrah,,22.526,88.0676,3,manikura
IN,India,India,711410,Khila,West Bengal,28,Howrah,341,Uluberia - I,,22.526,88.0676,3,khila
IN,India,India,711411,Biprannapara,West Bengal,28,Howrah,341,Domjur,,22.6191,88.1892,3,biprannapara
IN,India,India,711411,Wadipur,West Bengal,28,Howrah,341,Uluberia - II,,22.6191,88.1892,3,wadipur
IN,India,India,711411,Kolora,West Bengal,28,Howrah,341,Uluberia - II,,22.6191,88.1892,3,kolora
IN,India,India,711411,Khasmora,West Bengal,28,Howrah,341,Howrah,,22.6191,88.1892,3,khasmora
IN,India,India,711411,Khantora,West Bengal,28,Howrah,341,Uluberia - II,,22.6191,88.1892,3,khantora
IN,India,India,711411,Jalalshi,West Bengal,28,Howrah,341,Uluberia - I,,22.6191,88.1892,3,jalalshi
IN,India,India,711411,Deulpur,West Bengal,28,Howrah,341,Howrah,,22.6191,88.1892,3,deulpur
IN,India,India,711411,Begri,West Bengal,28,Howrah,341,Howrah,,22.6191,88.1892,3,begri
IN,India,India,711411,Keshabpur,West Bengal,28,Howrah,341,Uluberia - I,,22.6123,88.2005,4,keshabpur
IN,India,India,711411,Bhandardaha,West Bengal,28,Howrah,341,Domjur,,22.6148,88.1919,4,bhandardaha
IN,India,India,711411,Rudrapur,West Bengal,28,Howrah,341,Howrah,,22.6303,88.1753,4,rudrapur
IN,India,India,711412,Chitrasenpur,West Bengal,28,Howrah,341,Howrah,,22.526,88.0676,1,chitrasenpur
IN,India,India,711412,Kanupat Majhpara,West Bengal,28,Howrah,341,"Chitrasenpur,Howrah",,22.526,88.0676,1,kanupat-majhpara
IN,India,India,711412,Sonatala,West Bengal,28,Howrah,341,Howrah,,22.526,88.0676,1,sonatala
IN,India,India,711412,Raichak,West Bengal,28,Howrah,341,Howrah,,22.526,88.0676,1,raichak
IN,India,India,711412,Uttar Mansri,West Bengal,28,Howrah,341,"Chitrasenpur,Howrah",,22.526,88.0676,1,uttar-mansri
IN,India,India,711413,Sarda,West Bengal,28,Howrah,341,Howrah,,22.526,88.0676,3,sarda
IN,India,India,711413,Sauria,West Bengal,28,Howrah,341,Howrah,,22.526,88.0676,3,sauria
IN,India,India,711413,Narit,West Bengal,28,Howrah,341,Amta - II,,22.526,88.0676,3,narit
IN,India,India,711413,Khalna,West Bengal,28,Howrah,341,Howrah,,22.526,88.0676,3,khalna
IN,India,India,711413,Tajpur,West Bengal,28,Howrah,341,Uluberia - II,,22.526,88.0676,4,tajpur
IN,India,India,711413,Kushberia,West Bengal,28,Howrah,341,Uluberia - II,,22.526,88.0676,3,kushberia
IN,India,India,711413,Gazipur,West Bengal,28,Howrah,341,Howrah,,22.3892,88.0882,4,gazipur
IN,India,India,711414,Naskarpur,West Bengal,28,Howrah,341,Panchla,,22.3159,88.0212,4,naskarpur
IN,India,India,711414,Maju,West Bengal,28,Howrah,341,Uluberia - I,,22.6145,88.0935,4,maju
IN,India,India,711414,Polgustia,West Bengal,28,Howrah,341,Howrah,,22.4652,88.0574,3,polgustia
IN,India,India,711414,Gobindapur Shibtala,West Bengal,28,Howrah,341,Uluberia - II,,22.4652,88.0574,3,gobindapur-shibtala
IN,India,India,711414,Siddheswar,West Bengal,28,Howrah,341,Howrah,,22.4652,88.0574,3,siddheswar
IN,India,India,712408,Dihibhursut,West Bengal,28,Howrah,341,Jangipara,,22.526,88.0676,3,dihibhursut
IN,India,India,700001,Customs House,West Bengal,28,Kolkata,342,Kolkata,,22.5553,88.3558,1,customs-house
IN,India,India,700001,Reserve Bank Building,West Bengal,28,Kolkata,342,Kolkata,,22.5553,88.3558,1,reserve-bank-building
IN,India,India,700001,Radha Bazar,West Bengal,28,Kolkata,342,Kolkata,,22.5553,88.3558,1,radha-bazar
IN,India,India,700001,Lalbazar (Kolkata),West Bengal,28,Kolkata,342,Kolkata,,22.5553,88.3558,1,lalbazar-kolkata
IN,India,India,700001,Telephone Bhawan,West Bengal,28,Kolkata,342,Kolkata,,22.5553,88.3558,1,telephone-bhawan
IN,India,India,700001,New Secretariat Bldg.,West Bengal,28,Kolkata,342,Kolkata,,22.5553,88.3558,1,new-secretariat-bldg
IN,India,India,700001,R.N. Mukherjee Road,West Bengal,28,Kolkata,342,Kolkata,,22.5553,88.3558,1,r-n-mukherjee-road
IN,India,India,700001,Council House Street,West Bengal,28,Kolkata,342,Kolkata,,22.5553,88.3558,1,council-house-street
IN,India,India,700001,Treasury Building,West Bengal,28,Kolkata,342,Kolkata,,22.5553,88.3558,1,treasury-building
IN,India,India,700001,Khengrapatti,West Bengal,28,Kolkata,342,Kolkata,,22.5553,88.3558,1,khengrapatti
IN,India,India,700001,Kolkatta G.P.O.,West Bengal,28,Kolkata,342,Kolkata,,22.5553,88.3558,1,kolkatta-g-p-o
IN,India,India,700001,Writer's Building,West Bengal,28,Kolkata,342,Kolkata,,22.5553,88.3558,1,writer-s-building
IN,India,India,700001,W.B.Assembly House,West Bengal,28,Kolkata,342,Kolkata,,22.5553,88.3558,1,w-b-assembly-house
IN,India,India,700001,Pollock Street,West Bengal,28,Kolkata,342,NA,,22.5553,88.3558,1,pollock-street
IN,India,India,700002,Cossipore H.O,West Bengal,28,Kolkata,342,Kolkata,,22.5553,88.3558,1,cossipore-h-o
IN,India,India,700002,Kolkata Armed Police,West Bengal,28,Kolkata,342,Kolkata,,22.5553,88.3558,1,kolkata-armed-police
IN,India,India,700002,Cossipore Gun Factory,West Bengal,28,Kolkata,342,Kolkata,,22.5553,88.3558,1,cossipore-gun-factory
IN,India,India,700002,Paikapara,West Bengal,28,Kolkata,342,Kolkata,,22.5553,88.3558,1,paikapara
IN,India,India,700002,Satchasipara,West Bengal,28,Kolkata,342,Kolkata,,22.5553,88.3558,1,satchasipara
IN,India,India,700002,Indian Research,West Bengal,28,Kolkata,342,Kolkata,,22.5553,88.3558,1,indian-research
IN,India,India,700002,Postal Stores Depot,West Bengal,28,Kolkata,342,Kolkata,,22.5553,88.3558,1,postal-stores-depot
IN,India,India,700002,Tala,West Bengal,28,Kolkata,342,Kolkata,,22.5553,88.3558,1,tala
IN,India,India,700003,Girish Avenue,West Bengal,28,Kolkata,342,Kolkata,,22.5553,88.3558,1,girish-avenue
IN,India,India,700003,Baghbazar,West Bengal,28,Kolkata,342,Kolkata,,22.5553,88.3558,1,baghbazar
IN,India,India,700003,Amrita Bazar Partika,West Bengal,28,Kolkata,342,Kolkata,,22.5553,88.3558,1,amrita-bazar-partika
IN,India,India,700004,R.G.Kar Medical College,West Bengal,28,Kolkata,342,Kolkata,,22.5553,88.3558,1,r-g-kar-medical-college
IN,India,India,700004,Shyambazar Mail,West Bengal,28,Kolkata,342,Kolkata,,22.5553,88.3558,1,shyambazar-mail
IN,India,India,700004,Ultadanga,West Bengal,28,Kolkata,342,Kolkata,,22.5553,88.3558,1,ultadanga
IN,India,India,700005,Ahritola,West Bengal,28,Kolkata,342,Kolkata,,22.5553,88.3558,1,ahritola
IN,India,India,700005,Hatkhola,West Bengal,28,Kolkata,342,Kolkata,,22.5553,88.3558,1,hatkhola
IN,India,India,700006,Pathuriaghata,West Bengal,28,Kolkata,342,Kolkata,,22.5553,88.3558,1,pathuriaghata
IN,India,India,700006,Bidhan Sarani,West Bengal,28,Kolkata,342,Kolkata,,22.5553,88.3558,1,bidhan-sarani
IN,India,India,700006,Simla,West Bengal,28,Kolkata,342,Kolkata,,22.5553,88.3558,1,simla
IN,India,India,700006,Manicktala,West Bengal,28,Kolkata,342,Kolkata,,22.5553,88.3558,1,manicktala
IN,India,India,700006,Jorasanko,West Bengal,28,Kolkata,342,Kolkata,,22.5553,88.3558,1,jorasanko
IN,India,India,700006,Beadon Street,West Bengal,28,Kolkata,342,Kolkata,,22.5553,88.3558,1,beadon-street
IN,India,India,700006,Sahitya Parisad,West Bengal,28,Kolkata,342,Kolkata,,22.5553,88.3558,1,sahitya-parisad
IN,India,India,700007,Kalakar Street,West Bengal,28,Kolkata,342,Kolkata,,22.5553,88.3558,1,kalakar-street
IN,India,India,700007,College Square (Kolkata),West Bengal,28,Kolkata,342,Kolkata,,22.5553,88.3558,1,college-square-kolkata
IN,India,India,700007,Strand Road,West Bengal,28,Kolkata,342,Kolkata,,22.5553,88.3558,1,strand-road
IN,India,India,700007,Archana,West Bengal,28,Kolkata,342,Kolkata,,22.5553,88.3558,1,archana
IN,India,India,700007,Barabazar H.O,West Bengal,28,Kolkata,342,Kolkata,,22.5553,88.3558,1,barabazar-h-o
IN,India,India,700007,Vaishya Sabha,West Bengal,28,Kolkata,342,Kolkata,,22.5553,88.3558,1,vaishya-sabha
IN,India,India,700008,Barisha,West Bengal,28,Kolkata,342,Kolkata,,22.5553,88.3558,1,barisha
IN,India,India,700009,Parsibagan,West Bengal,28,Kolkata,342,Parsibagan,,22.5553,88.3558,1,parsibagan
IN,India,India,700009,Raja Ram Mohan Sarani,West Bengal,28,Kolkata,342,Amherst Street,,22.5553,88.3558,1,raja-ram-mohan-sarani
IN,India,India,700010,Subhash Sarabor,West Bengal,28,Kolkata,342,Beleghata,,22.5553,88.3558,1,subhash-sarabor
IN,India,India,700010,Joramandir,West Bengal,28,Kolkata,342,Kolkata,,22.5553,88.3558,1,joramandir
IN,India,India,700010,Beleghata H.O,West Bengal,28,Kolkata,342,Beleghata,,22.5553,88.3558,1,beleghata-h-o
IN,India,India,700011,Narkeldanga,West Bengal,28,Kolkata,342,Narkeldanga,,22.5553,88.3558,1,narkeldanga
IN,India,India,700012,Yogayog Bhawan,West Bengal,28,Kolkata,342,Kolkata,,22.5553,88.3558,1,yogayog-bhawan
IN,India,India,700012,Sankaritola,West Bengal,28,Kolkata,342,Sankaritola,,22.5553,88.3558,1,sankaritola
IN,India,India,700012,Bowbazar (Kolkata),West Bengal,28,Kolkata,342,Kolkata,,22.5553,88.3558,1,bowbazar-kolkata
IN,India,India,700013,Dharmatala,West Bengal,28,Kolkata,342,Kolkata,,22.5553,88.3558,1,dharmatala
IN,India,India,700014,Intally,West Bengal,28,Kolkata,342,Kolkata,,22.5553,88.3558,3,intally
IN,India,India,700014,Bamboovila,West Bengal,28,Kolkata,342,Kolkata,,22.5553,88.3558,3,bamboovila
IN,India,India,700014,Linton Street,West Bengal,28,Kolkata,342,Kolkata,,22.5553,88.3558,3,linton-street
IN,India,India,700014,Taltala,West Bengal,28,Kolkata,342,Taltala,,22.5553,88.3558,4,taltala
IN,India,India,700014,Asylum Lane,West Bengal,28,Kolkata,342,Kolkata,,22.5553,88.3558,3,asylum-lane
IN,India,India,700015,Tangra,West Bengal,28,Kolkata,342,NA,,22.55,88.3833,4,tangra
IN,India,India,700015,Sales Tax Building,West Bengal,28,Kolkata,342,Kolkata,,22.55,88.3833,3,sales-tax-building
IN,India,India,700015,Seal Lane,West Bengal,28,Kolkata,342,Kolkata,,22.55,88.3833,3,seal-lane
IN,India,India,700016,Elliot Road,West Bengal,28,Kolkata,342,Kolkata,,22.5553,88.3558,1,elliot-road
IN,India,India,700016,Park Street H.O,West Bengal,28,Kolkata,342,Kolkata,,22.5553,88.3558,1,park-street-h-o
IN,India,India,700016,Madrassa,West Bengal,28,Kolkata,342,Kolkata,,22.5553,88.3558,1,madrassa
IN,India,India,700017,Jhowtala,West Bengal,28,Kolkata,342,Kolkata,,22.5553,88.3558,1,jhowtala
IN,India,India,700017,Park Circus,West Bengal,28,Kolkata,342,Park Circus,,22.5553,88.3558,1,park-circus
IN,India,India,700017,Circus Avenue,West Bengal,28,Kolkata,342,Circus Avenue,,22.5553,88.3558,1,circus-avenue
IN,India,India,700017,Shakespeare Sarani,West Bengal,28,Kolkata,342,Kolkata,,22.5553,88.3558,1,shakespeare-sarani
IN,India,India,700018,Bartala,West Bengal,28,Kolkata,342,Kolkata,,22.5553,88.3558,4,bartala
IN,India,India,700018,Rabindra Nagar (Kolkata),West Bengal,28,Kolkata,342,Kolkata,,22.5553,88.3558,3,rabindra-nagar-kolkata
IN,India,India,700019,Gariahat Market,West Bengal,28,Kolkata,342,Kolkata,,22.529,88.368,3,gariahat-market
IN,India,India,700019,Garcha Road,West Bengal,28,Kolkata,342,Kolkata,,22.529,88.368,3,garcha-road
IN,India,India,700019,Ballygunge RS,West Bengal,28,Kolkata,342,Kolkata,,22.529,88.368,3,ballygunge-rs
IN,India,India,700019,Golpark,West Bengal,28,Kolkata,342,Kolkata,,22.529,88.368,3,golpark
IN,India,India,700019,Ballygunge Sc College,West Bengal,28,Kolkata,342,Kolkata,,22.529,88.368,3,ballygunge-sc-college
IN,India,India,700019,Ballygunge,West Bengal,28,Kolkata,342,Kolkata,,22.529,88.368,4,ballygunge
IN,India,India,700020,A.J.C.Bose Road,West Bengal,28,Kolkata,342,Kolkata,,22.5553,88.3558,1,a-j-c-bose-road
IN,India,India,700020,Gokhel Road,West Bengal,28,Kolkata,342,Kolkata,,22.5553,88.3558,1,gokhel-road
IN,India,India,700020,L.R.Sarani,West Bengal,28,Kolkata,342,Kolkata,,22.5553,88.3558,1,l-r-sarani
IN,India,India,700020,K.M.Hospital,West Bengal,28,Kolkata,342,Kolkata,,22.5553,88.3558,1,k-m-hospital
IN,India,India,700021,Fort William,West Bengal,28,Kolkata,342,Kolkata,,22.5553,88.3558,1,fort-william
IN,India,India,700022,Hastings,West Bengal,28,Kolkata,342,Kolkata,,22.55,88.3333,4,hastings
IN,India,India,700022,Bakery Road,West Bengal,28,Kolkata,342,Kolkata,,22.55,88.3333,3,bakery-road
IN,India,India,700023,Raja J.N.Market,West Bengal,28,Kolkata,342,Kolkata,,22.5553,88.3558,1,raja-j-n-market
IN,India,India,700023,Khiddirpore,West Bengal,28,Kolkata,342,Kolkata,,22.5553,88.3558,1,khiddirpore
IN,India,India,700023,Mansatala,West Bengal,28,Kolkata,342,Kolkata,,22.5553,88.3558,1,mansatala
IN,India,India,700023,Watgunge,West Bengal,28,Kolkata,342,Kolkata,,22.5553,88.3558,1,watgunge
IN,India,India,700024,T.G.Road,West Bengal,28,Kolkata,342,Kolkata,,22.5439,88.3067,3,t-g-road
IN,India,India,700024,K.C.Mills,West Bengal,28,Kolkata,342,Kolkata,,22.5439,88.3067,3,k-c-mills
IN,India,India,700024,P.G.Reach,West Bengal,28,Kolkata,342,Kolkata,,22.5439,88.3067,3,p-g-reach
IN,India,India,700024,Garden Reach,West Bengal,28,Kolkata,342,Kolkata,,22.5439,88.3067,4,garden-reach
IN,India,India,700025,Bhawanipore,West Bengal,28,Kolkata,342,Kolkata,,22.5553,88.3558,1,bhawanipore
IN,India,India,700025,Lansdowne Market,West Bengal,28,Kolkata,342,Kolkata,,22.5553,88.3558,1,lansdowne-market
IN,India,India,700025,Ramkrishna Park,West Bengal,28,Kolkata,342,Kolkata,,22.5553,88.3558,1,ramkrishna-park
IN,India,India,700026,Keoratala,West Bengal,28,Kolkata,342,Kolkata,,22.5553,88.3558,1,keoratala
IN,India,India,700026,Southern Market,West Bengal,28,Kolkata,342,Kolkata,,22.5553,88.3558,1,southern-market
IN,India,India,700026,Kalimandir,West Bengal,28,Kolkata,342,Kolkata,,22.5553,88.3558,1,kalimandir
IN,India,India,700026,Kalighat,West Bengal,28,Kolkata,342,Kolkata,,22.5553,88.3558,1,kalighat
IN,India,India,700026,Sahanagar (Kolkata),West Bengal,28,Kolkata,342,Kolkata,,22.5553,88.3558,1,sahanagar-kolkata
IN,India,India,700026,R.K.Seva Pratisthan,West Bengal,28,Kolkata,342,Kolkata,,22.5553,88.3558,1,r-k-seva-pratisthan
IN,India,India,700027,Alipore Dist Board,West Bengal,28,Kolkata,342,Kolkata,,22.5553,88.3558,1,alipore-dist-board
IN,India,India,700027,Alipore Civil Court,West Bengal,28,Kolkata,342,Kolkata,,22.5553,88.3558,1,alipore-civil-court
IN,India,India,700027,Alipore Bodyguard Line,West Bengal,28,Kolkata,342,Kolkata,,22.5553,88.3558,1,alipore-bodyguard-line
IN,India,India,700027,Chetla,West Bengal,28,Kolkata,342,Kolkata,,22.5553,88.3558,1,chetla
IN,India,India,700027,Mominpur,West Bengal,28,Kolkata,342,Kolkata,,22.5553,88.3558,1,mominpur
IN,India,India,700027,Natioinal Library,West Bengal,28,Kolkata,342,Kolkata,,22.5553,88.3558,1,natioinal-library
IN,India,India,700028,Dumdum,West Bengal,28,Kolkata,342,Kolkata,,22.5553,88.3558,3,dumdum
IN,India,India,700028,Nagerbazar,West Bengal,28,Kolkata,342,Kolkata,,22.5553,88.3558,3,nagerbazar
IN,India,India,700028,Rajabagan,West Bengal,28,Kolkata,342,Kolkata,,22.5553,88.3558,3,rajabagan
IN,India,India,700028,Jugipara Satganchi,West Bengal,28,Kolkata,342,Kolkata,,22.5553,88.3558,3,jugipara-satganchi
IN,India,India,700028,Kumarpara,West Bengal,28,Kolkata,342,Kolkata,,22.5553,88.3558,4,kumarpara
IN,India,India,700028,Kamalapur,West Bengal,28,Kolkata,342,Kolkata,,22.5553,88.3558,3,kamalapur
IN,India,India,700028,Ordnance Factory,West Bengal,28,Kolkata,342,Kolkata,,22.5553,88.3558,3,ordnance-factory
IN,India,India,700029,Lake Market,West Bengal,28,Kolkata,342,Kolkata,,22.5553,88.3558,1,lake-market
IN,India,India,700029,Dover Lane,West Bengal,28,Kolkata,342,Kolkata,,22.5553,88.3558,1,dover-lane
IN,India,India,700029,Sarat Bose Road,West Bengal,28,Kolkata,342,Kolkata,,22.5553,88.3558,1,sarat-bose-road
IN,India,India,700029,Rash Behari Avenue,West Bengal,28,Kolkata,342,Kolkata,,22.5553,88.3558,1,rash-behari-avenue
IN,India,India,700030,Ghugudanga,West Bengal,28,Kolkata,342,Kolkata,,22.5553,88.3558,1,ghugudanga
IN,India,India,700030,Purba Sinthee,West Bengal,28,Kolkata,342,Kolkata,,22.5553,88.3558,1,purba-sinthee
IN,India,India,700030,Sethbagan,West Bengal,28,Kolkata,342,Kolkata,,22.5553,88.3558,1,sethbagan
IN,India,India,700031,K.P.Roy Lane,West Bengal,28,Kolkata,342,Kolkata,,22.5553,88.3558,1,k-p-roy-lane
IN,India,India,700031,Dhakuria,West Bengal,28,Kolkata,342,Kolkata,,22.5553,88.3558,1,dhakuria
IN,India,India,700032,Bijoygarh,West Bengal,28,Kolkata,342,Kolkata,,22.5553,88.3558,1,bijoygarh
IN,India,India,700032,Pgh Shah Road,West Bengal,28,Kolkata,342,Kolkata,,22.5553,88.3558,1,pgh-shah-road
IN,India,India,700032,Jadavpur University,West Bengal,28,Kolkata,342,Kolkata,,22.5553,88.3558,1,jadavpur-university
IN,India,India,700033,Tollygunge H.O,West Bengal,28,Kolkata,342,Kolkata,,22.5553,88.3558,1,tollygunge-h-o
IN,India,India,700033,Indrani Park,West Bengal,28,Kolkata,342,Kolkata,,22.5553,88.3558,1,indrani-park
IN,India,India,700033,T.C.Road,West Bengal,28,Kolkata,342,Kolkata,,22.5553,88.3558,1,t-c-road
IN,India,India,700034,Senhati,West Bengal,28,Kolkata,342,Kolkata,,22.5553,88.3558,3,senhati
IN,India,India,700034,Jayshree Park,West Bengal,28,Kolkata,342,Kolkata,,22.5553,88.3558,3,jayshree-park
IN,India,India,700034,Behala,West Bengal,28,Kolkata,342,Kolkata,,22.5553,88.3558,4,behala
IN,India,India,700034,Panchanantala,West Bengal,28,Kolkata,342,Kolkata,,22.5553,88.3558,3,panchanantala
IN,India,India,700034,Behala Municipal Market,West Bengal,28,Kolkata,342,Kolkata,,22.5553,88.3558,3,behala-municipal-market
IN,India,India,700034,Brahma Samaj Road,West Bengal,28,Kolkata,342,Kolkata,,22.5553,88.3558,3,brahma-samaj-road
IN,India,India,700035,Alambazar,West Bengal,28,Kolkata,342,Kolkata,,22.5553,88.3558,1,alambazar
IN,India,India,700035,Deshbandhu Road,West Bengal,28,Kolkata,342,Kolkata,,22.5553,88.3558,1,deshbandhu-road
IN,India,India,700036,Baranagar,West Bengal,28,Kolkata,342,Kolkata,,22.5553,88.3558,4,baranagar
IN,India,India,700036,Bengal Immunity,West Bengal,28,Kolkata,342,Kolkata,,22.5553,88.3558,3,bengal-immunity
IN,India,India,700036,Kuthighat Road,West Bengal,28,Kolkata,342,Kolkata,,22.5553,88.3558,3,kuthighat-road
IN,India,India,700037,Belgachia,West Bengal,28,Kolkata,342,Kolkata,,22.6,88.3833,4,belgachia
IN,India,India,700037,Belgachia Road,West Bengal,28,Kolkata,342,Kolkata,,22.6,88.3833,3,belgachia-road
IN,India,India,700037,Northern Avenue,West Bengal,28,Kolkata,342,Kolkata,,22.6,88.3833,3,northern-avenue
IN,India,India,700038,Sahapur,West Bengal,28,Kolkata,342,Kolkata,,22.5553,88.3558,4,sahapur
IN,India,India,700040,Russa,West Bengal,28,Kolkata,342,Kolkata,,22.5333,88.3917,1,russa
IN,India,India,700040,Regent Park,West Bengal,28,Kolkata,342,Kolkata,,22.5333,88.3917,1,regent-park
IN,India,India,700040,Netaji Nagar (Kolkata),West Bengal,28,Kolkata,342,Kolkata,,22.5333,88.3917,1,netaji-nagar-kolkata
IN,India,India,700041,Paschim Putiari,West Bengal,28,Kolkata,342,Kolkata,,22.5333,88.3917,1,paschim-putiari
IN,India,India,700041,Sirity,West Bengal,28,Kolkata,342,Kolkata,,22.5333,88.3917,1,sirity
IN,India,India,700042,Kasba (Kolkata),West Bengal,28,Kolkata,342,Kolkata,,22.5333,88.3917,1,kasba-kolkata
IN,India,India,700042,Bosepukur Road,West Bengal,28,Kolkata,342,Kolkata,,22.5333,88.3917,1,bosepukur-road
IN,India,India,700043,Sonai (Kolkata),West Bengal,28,Kolkata,342,Kolkata,,22.5333,88.3917,1,sonai-kolkata
IN,India,India,700043,South Eastern Railway,West Bengal,28,Kolkata,342,Kolkata,,22.5333,88.3917,1,south-eastern-railway
IN,India,India,700044,Badartala,West Bengal,28,Kolkata,342,Kolkata,,22.5333,88.3917,1,badartala
IN,India,India,700044,Rajabagan Dock Yard,West Bengal,28,Kolkata,342,Kolkata,,22.5333,88.3917,1,rajabagan-dock-yard
IN,India,India,700045,Lake Gardens,West Bengal,28,Kolkata,342,Kolkata,,22.5333,88.3917,1,lake-gardens
IN,India,India,700046,Gobinda Khatick Road,West Bengal,28,Kolkata,342,Kolkata,,22.5333,88.3917,1,gobinda-khatick-road
IN,India,India,700046,Abinash Chaowdhury Lane,West Bengal,28,Kolkata,342,A. C Lane,,22.5333,88.3917,1,abinash-chaowdhury-lane
IN,India,India,700047,Ganguly Bagan,West Bengal,28,Kolkata,342,Kolkata,,22.5553,88.3558,3,ganguly-bagan
IN,India,India,700047,Naktala,West Bengal,28,Kolkata,342,Kolkata,,22.5553,88.3558,4,naktala
IN,India,India,700047,Garia BT,West Bengal,28,Kolkata,342,Kolkata,,22.5553,88.3558,3,garia-bt
IN,India,India,700047,Raipur Jorabagan Road,West Bengal,28,Kolkata,342,Kolkata,,22.5553,88.3558,3,raipur-jorabagan-road
IN,India,India,700050,South Sinhee,West Bengal,28,Kolkata,342,Kolkata,,22.5553,88.3558,1,south-sinhee
IN,India,India,700050,Sinthee,West Bengal,28,Kolkata,342,Kolkata,,22.5553,88.3558,1,sinthee
IN,India,India,700052,Kolkata Airport  Po,West Bengal,28,Kolkata,342,Kolkata,,22.5553,88.3558,1,kolkata-airport-po
IN,India,India,700052,Kendriya Vihar,West Bengal,28,Kolkata,342,Kolkata,,22.5553,88.3558,1,kendriya-vihar
IN,India,India,700052,Kolkata Airport,West Bengal,28,Kolkata,342,Kolkata,,22.5553,88.3558,1,kolkata-airport
IN,India,India,700053,Kolkata Mint,West Bengal,28,Kolkata,342,Kolkata,,22.5246,88.3317,3,kolkata-mint
IN,India,India,700053,Kalabagan,West Bengal,28,Kolkata,342,Kolkata,,22.5246,88.3317,3,kalabagan
IN,India,India,700053,N.R.Avenue,West Bengal,28,Kolkata,342,Kolkata,,22.5246,88.3317,3,n-r-avenue
IN,India,India,700053,New Alipore,West Bengal,28,Kolkata,342,Kolkata,,22.5246,88.3317,4,new-alipore
IN,India,India,700054,Bengal Chemical,West Bengal,28,Kolkata,342,Kankurgachi,,22.5553,88.3558,1,bengal-chemical
IN,India,India,700054,Cmda Abasan,West Bengal,28,Kolkata,342,Kolkata,,22.5553,88.3558,1,cmda-abasan
IN,India,India,700054,Kankurgachi,West Bengal,28,Kolkata,342,Kankurgachi,,22.5553,88.3558,1,kankurgachi
IN,India,India,700054,Phulbagan,West Bengal,28,Kolkata,342,Phulbagan,,22.5553,88.3558,1,phulbagan
IN,India,India,700054,Ram Krishna Samadhi Road,West Bengal,28,Kolkata,342,Kankurgachi,,22.5553,88.3558,1,ram-krishna-samadhi-road
IN,India,India,700060,Mahendra Banerjee Road,West Bengal,28,Kolkata,342,Kolkata,,22.5553,88.3558,3,mahendra-banerjee-road
IN,India,India,700060,Parnasree Pally,West Bengal,28,Kolkata,342,Kolkata,,22.5553,88.3558,4,parnasree-pally
IN,India,India,700061,Sarsoona,West Bengal,28,Kolkata,342,Kolkata,,22.5553,88.3558,3,sarsoona
IN,India,India,700061,Kasthadanga,West Bengal,28,Kolkata,342,Kolkata,,22.5553,88.3558,3,kasthadanga
IN,India,India,700061,Jairampur (Kolkata),West Bengal,28,Kolkata,342,Kolkata,,22.5553,88.3558,3,jairampur-kolkata
IN,India,India,700062,W.B.Governors Camp.,West Bengal,28,Kolkata,342,Kolkata,,22.5553,88.3558,1,w-b-governors-camp
IN,India,India,700063,Kalagachia (Kolkata),West Bengal,28,Kolkata,342,Kolkata,,22.5553,88.3558,3,kalagachia-kolkata
IN,India,India,700063,Paschim Barisha,West Bengal,28,Kolkata,342,Kolkata,,22.5553,88.3558,3,paschim-barisha
IN,India,India,700063,Thakurpukur,West Bengal,28,Kolkata,342,Kolkata,,22.5553,88.3558,4,thakurpukur
IN,India,India,700065,Durganagar,West Bengal,28,Kolkata,342,Kolkata,,22.5553,88.3558,1,durganagar
IN,India,India,700065,Health Institute,West Bengal,28,Kolkata,342,Kolkata,,22.5553,88.3558,1,health-institute
IN,India,India,700065,Rabindra Nagar,West Bengal,28,Kolkata,342,Kolkata,,22.5553,88.3558,1,rabindra-nagar
IN,India,India,700065,Subhas Nagar,West Bengal,28,Kolkata,342,Kolkata,,22.5553,88.3558,1,subhas-nagar
IN,India,India,700066,Bidhangarh,West Bengal,28,Kolkata,342,Kolkata,,22.5553,88.3558,1,bidhangarh
IN,India,India,700067,Lily Biscuit,West Bengal,28,Kolkata,342,Kolkata,,22.5553,88.3558,1,lily-biscuit
IN,India,India,700067,Ultadanga Main Road,West Bengal,28,Kolkata,342,Kolkata,,22.5553,88.3558,1,ultadanga-main-road
IN,India,India,700068,Jodhpur Park,West Bengal,28,Kolkata,342,Kolkata,,22.5553,88.3558,1,jodhpur-park
IN,India,India,700069,Income Tax Building,West Bengal,28,Kolkata,342,Kolkata,,22.5553,88.3558,3,income-tax-building
IN,India,India,700069,Esplanade,West Bengal,28,Kolkata,342,Kolkata,,22.5644,88.3462,4,esplanade
IN,India,India,700071,Little Russel Street,West Bengal,28,Kolkata,342,Kolkata,,22.5553,88.3558,1,little-russel-street
IN,India,India,700071,Middleton Row,West Bengal,28,Kolkata,342,Kolkata,,22.5553,88.3558,1,middleton-row
IN,India,India,700071,Russel Street,West Bengal,28,Kolkata,342,Kolkata,,22.5553,88.3558,1,russel-street
IN,India,India,700072,Sooterkin Street,West Bengal,28,Kolkata,342,Kolkata,,22.5553,88.3558,1,sooterkin-street
IN,India,India,700072,Hindustan Building,West Bengal,28,Kolkata,342,Kolkata,,22.5553,88.3558,1,hindustan-building
IN,India,India,700072,Princep Street,West Bengal,28,Kolkata,342,Kolkata,,22.5553,88.3558,1,princep-street
IN,India,India,700073,Colootola,West Bengal,28,Kolkata,342,Kolkata,,22.5553,88.3558,1,colootola
IN,India,India,700073,Chittaranjan Avenue (Kolkata),West Bengal,28,Kolkata,342,Kolkata,,22.5553,88.3558,1,chittaranjan-avenue-kolkata
IN,India,India,700073,Tiretta Bazar,West Bengal,28,Kolkata,342,Kolkata,,22.5553,88.3558,1,tiretta-bazar
IN,India,India,700073,Kolkata University,West Bengal,28,Kolkata,342,Kolkata,,22.5553,88.3558,1,kolkata-university
IN,India,India,700074,Jawpore,West Bengal,28,Kolkata,342,Kolkata,,22.5553,88.3558,1,jawpore
IN,India,India,700074,Dumdum Road,West Bengal,28,Kolkata,342,Kolkata,,22.5553,88.3558,1,dumdum-road
IN,India,India,700074,Motijheel,West Bengal,28,Kolkata,342,Kolkata,,22.5553,88.3558,1,motijheel
IN,India,India,700075,Viveknagar (Kolkata),West Bengal,28,Kolkata,342,Kolkata,,22.5553,88.3558,3,viveknagar-kolkata
IN,India,India,700075,Santoshpur,West Bengal,28,Kolkata,342,Kolkata,,22.5553,88.3558,4,santoshpur
IN,India,India,700075,Garfa,West Bengal,28,Kolkata,342,Kolkata,,22.5553,88.3558,3,garfa
IN,India,India,700077,Bediapara,West Bengal,28,Kolkata,342,Kolkata,,22.5553,88.3558,1,bediapara
IN,India,India,700078,Jadavgarh,West Bengal,28,Kolkata,342,Kolkata,,22.5553,88.3558,1,jadavgarh
IN,India,India,700078,Haltu,West Bengal,28,Kolkata,342,Kolkata,,22.5553,88.3558,1,haltu
IN,India,India,700078,Purbachal Main Road,West Bengal,28,Kolkata,342,Kolkata,,22.5553,88.3558,1,purbachal-main-road
IN,India,India,700080,Jessore Road,West Bengal,28,Kolkata,342,Kolkata,,22.5553,88.3558,1,jessore-road
IN,India,India,700080,Mall Road,West Bengal,28,Kolkata,342,Kolkata,,22.5553,88.3558,1,mall-road
IN,India,India,700082,K.P.Bazar (Kolkata),West Bengal,28,Kolkata,342,Kolkata,,22.5553,88.3558,1,k-p-bazar-kolkata
IN,India,India,700082,Haridevpur,West Bengal,28,Kolkata,342,Kolkata,,22.5553,88.3558,1,haridevpur
IN,India,India,700085,K.G Bose Sarani,West Bengal,28,Kolkata,342,Kolkata,,22.5553,88.3558,1,k-g-bose-sarani
IN,India,India,700086,Baghajatin,West Bengal,28,Kolkata,342,Kolkata,,22.5553,88.3558,1,baghajatin
IN,India,India,700087,New Market,West Bengal,28,Kolkata,342,Kolkata,,22.5553,88.3558,1,new-market
IN,India,India,700088,Brace Bridge,West Bengal,28,Kolkata,342,Kolkata,,22.5553,88.3558,1,brace-bridge
IN,India,India,700088,Taratala Road,West Bengal,28,Kolkata,342,Kolkata,,22.5553,88.3558,1,taratala-road
IN,India,India,700088,Telecom Factory,West Bengal,28,Kolkata,342,Kolkata,,22.5553,88.3558,1,telecom-factory
IN,India,India,700089,Kalindi Housing Estate,West Bengal,28,Kolkata,342,North 24 Pgs,,22.5553,88.3558,1,kalindi-housing-estate
IN,India,India,700090,Netaji Colony,West Bengal,28,Kolkata,342,Kolkata,,22.5553,88.3558,1,netaji-colony
IN,India,India,700090,Noapara,West Bengal,28,Kolkata,342,Kolkata,,22.5553,88.3558,1,noapara
IN,India,India,700092,Regent Estate,West Bengal,28,Kolkata,342,Kolkata,,22.5553,88.3558,1,regent-estate
IN,India,India,700094,Panchasayar,West Bengal,28,Kolkata,342,Kolkata,,22.5553,88.3558,1,panchasayar
IN,India,India,700094,S.R.F.T.I.,West Bengal,28,Kolkata,342,Kolkata,,22.5553,88.3558,1,s-r-f-t-i
IN,India,India,700095,Golf Green,West Bengal,28,Kolkata,342,Kolkata,,22.5553,88.3558,1,golf-green
IN,India,India,700099,Kalikapur,West Bengal,28,Kolkata,342,NA,,22.5553,88.3558,4,kalikapur
IN,India,India,700099,Mukundapur,West Bengal,28,Kolkata,342,Kolkata,,22.5553,88.3558,4,mukundapur
IN,India,India,700108,Ashokegarh,West Bengal,28,Kolkata,342,Kolkata,,22.5553,88.3558,1,ashokegarh
IN,India,India,700108,Bonhooghly,West Bengal,28,Kolkata,342,Kolkata,,22.5553,88.3558,1,bonhooghly
IN,India,India,700108,ISI PO,West Bengal,28,Kolkata,342,Kolkata,,22.5553,88.3558,1,isi-po
IN,India,India,700039,Bediadanga,West Bengal,28,South 24 Parganas,343,Bediadanga,,22.1168,88.4167,1,bediadanga
IN,India,India,700039,Tiljala Bazar,West Bengal,28,South 24 Parganas,343,Tiljala,,22.1168,88.4167,1,tiljala-bazar
IN,India,India,700039,Tiljala,West Bengal,28,South 24 Parganas,343,Tiljala,,22.1168,88.4167,1,tiljala
IN,India,India,700039,Picnic Garden,West Bengal,28,South 24 Parganas,343,Picnic Garden,,22.1168,88.4167,1,picnic-garden
IN,India,India,700039,Topsia,West Bengal,28,South 24 Parganas,343,Topsia,,22.1168,88.4167,1,topsia
IN,India,India,700061,Dakshin Behala,West Bengal,28,South 24 Parganas,343,24 Prgs (South),,22.5015,88.2788,4,dakshin-behala
IN,India,India,700070,Kalibari Temple,West Bengal,28,South 24 Parganas,343,NA,,22.1168,88.4167,1,kalibari-temple
IN,India,India,700070,Bansdroni,West Bengal,28,South 24 Parganas,343,Budge Budge - I,,22.1168,88.4167,1,bansdroni
IN,India,India,700084,Garia (South 24 Parganas),West Bengal,28,South 24 Parganas,343,NA,,22.4632,88.3979,4,garia-south-24-parganas
IN,India,India,700084,Kamda Hari,West Bengal,28,South 24 Parganas,343,NA,,22.4581,88.3754,4,kamda-hari
IN,India,India,700084,Garia Garden,West Bengal,28,South 24 Parganas,343,NA,,22.4607,88.3867,3,garia-garden
IN,India,India,700093,Purba Putiary,West Bengal,28,South 24 Parganas,343,NA,,22.4485,88.3883,1,purba-putiary
IN,India,India,700094,Sammilani Mahavidyalaya,West Bengal,28,South 24 Parganas,343,South 24 Parganas,,22.4485,88.3883,1,sammilani-mahavidyalaya
IN,India,India,700094,Baishnab Ghata Patuli Township,West Bengal,28,South 24 Parganas,343,Kolkata,,22.4485,88.3883,1,baishnab-ghata-patuli-township
IN,India,India,700096,Brahmapur,West Bengal,28,South 24 Parganas,343,NA,,22.4485,88.3883,1,brahmapur
IN,India,India,700100,Vip Nagar,West Bengal,28,South 24 Parganas,343,Vip Nagar,,22.1168,88.4167,1,vip-nagar
IN,India,India,700103,Bonhooghly,West Bengal,28,South 24 Parganas,343,NA,,22.1168,88.4167,1,bonhooghly
IN,India,India,700103,Narendrapur,West Bengal,28,South 24 Parganas,343,NA,,22.1168,88.4167,1,narendrapur
IN,India,India,700103,Nepalganj,West Bengal,28,South 24 Parganas,343,NA,,22.1168,88.4167,1,nepalganj
IN,India,India,700104,Iim Joka,West Bengal,28,South 24 Parganas,343,Joka,,22.1168,88.4167,3,iim-joka
IN,India,India,700104,Ramchandrapur Chak Thakurani,West Bengal,28,South 24 Parganas,343,Joka,,22.1168,88.4167,3,ramchandrapur-chak-thakurani
IN,India,India,700104,Pailanhat,West Bengal,28,South 24 Parganas,343,Joka,,22.1168,88.4167,3,pailanhat
IN,India,India,700104,Rasapunja,West Bengal,28,South 24 Parganas,343,Joka,,22.1168,88.4167,3,rasapunja
IN,India,India,700104,Amgachi,West Bengal,28,South 24 Parganas,343,Joka,,22.1168,88.4167,4,amgachi
IN,India,India,700104,Nahazari,West Bengal,28,South 24 Parganas,343,Joka,,22.431,88.2392,4,nahazari
IN,India,India,700104,Joka (South 24 Parganas),West Bengal,28,South 24 Parganas,343,Joka,,22.4531,88.3023,4,joka-south-24-parganas
IN,India,India,700105,Dhapa,West Bengal,28,South 24 Parganas,343,Dhapa,,22.1168,88.4167,1,dhapa
IN,India,India,700105,Chowbhanga,West Bengal,28,South 24 Parganas,343,Dhapa,,22.1168,88.4167,1,chowbhanga
IN,India,India,700107,Madurdaha,West Bengal,28,South 24 Parganas,343,Kolkata,,22.1168,88.4167,1,madurdaha
IN,India,India,700107,EAST KOLKATA TOWNSHIP,West Bengal,28,South 24 Parganas,343,Kolkata,,22.1168,88.4167,1,east-kolkata-township
IN,India,India,700135,Polarhat,West Bengal,28,South 24 Parganas,343,Bhangar - II,,22.1168,88.4167,3,polarhat
IN,India,India,700135,Sonepur,West Bengal,28,South 24 Parganas,343,Bhangar - II,,22.1168,88.4167,3,sonepur
IN,India,India,700135,Paikan,West Bengal,28,South 24 Parganas,343,Bhangar - II,,22.1168,88.4167,3,paikan
IN,India,India,700135,Uttar Kashipur,West Bengal,28,South 24 Parganas,343,Urttar Kashipur,,22.1168,88.4167,3,uttar-kashipur
IN,India,India,700135,Pakka Polarhat,West Bengal,28,South 24 Parganas,343,Bhangar - II,,22.1168,88.4167,3,pakka-polarhat
IN,India,India,700137,Budge Budge. (Hsg-ii),West Bengal,28,South 24 Parganas,343,Budge Budge,,22.4256,88.1934,3,budge-budge-hsg-ii
IN,India,India,700137,Shyampur,West Bengal,28,South 24 Parganas,343,NA,,22.4256,88.1934,3,shyampur
IN,India,India,700137,Ghanashyambati,West Bengal,28,South 24 Parganas,343,Budge Budge - II,,22.4256,88.1934,3,ghanashyambati
IN,India,India,700137,Bawali,West Bengal,28,South 24 Parganas,343,Budge Budge - II,,22.4256,88.1934,4,bawali
IN,India,India,700137,Sarengabad,West Bengal,28,South 24 Parganas,343,Budge Budge,,22.4256,88.1934,3,sarengabad
IN,India,India,700137,Uttar Raipur,West Bengal,28,South 24 Parganas,343,Budge Budge - I,,22.4256,88.1934,3,uttar-raipur
IN,India,India,700137,Hentalkhali,West Bengal,28,South 24 Parganas,343,Budge Budge,,22.4256,88.1934,3,hentalkhali
IN,India,India,700137,Buinta,West Bengal,28,South 24 Parganas,343,NA,,22.4256,88.1934,3,buinta
IN,India,India,700137,Budge Budge Natun Bazar,West Bengal,28,South 24 Parganas,343,Budge Budge - I,,22.4256,88.1934,3,budge-budge-natun-bazar
IN,India,India,700137,Bawali Chandipur,West Bengal,28,South 24 Parganas,343,Budge Budge - I,,22.4256,88.1934,3,bawali-chandipur
IN,India,India,700138,Pujali,West Bengal,28,South 24 Parganas,343,NA,,22.4679,88.1452,4,pujali
IN,India,India,700138,Benjanharia,West Bengal,28,South 24 Parganas,343,NA,,22.4679,88.1452,3,benjanharia
IN,India,India,700138,Achhipur,West Bengal,28,South 24 Parganas,343,Gosaba,,22.4679,88.1452,3,achhipur
IN,India,India,700138,Purba Nischintapur,West Bengal,28,South 24 Parganas,343,Budge Budge - I,,22.4679,88.1452,3,purba-nischintapur
IN,India,India,700139,Daulatpur,West Bengal,28,South 24 Parganas,343,NA,,22.1168,88.4167,1,daulatpur
IN,India,India,700139,Memanpur Chandannagar,West Bengal,28,South 24 Parganas,343,NA,,22.1168,88.4167,1,memanpur-chandannagar
IN,India,India,700139,Vivekananda Pally,West Bengal,28,South 24 Parganas,343,NA,,22.1168,88.4167,1,vivekananda-pally
IN,India,India,700140,Bangla,West Bengal,28,South 24 Parganas,343,NA,,22.2604,88.2917,1,bangla
IN,India,India,700140,Jagannathnagar,West Bengal,28,South 24 Parganas,343,NA,,22.2604,88.2917,1,jagannathnagar
IN,India,India,700140,Khagramuri,West Bengal,28,South 24 Parganas,343,NA,,22.2604,88.2917,1,khagramuri
IN,India,India,700140,Nungi,West Bengal,28,South 24 Parganas,343,NA,,22.2604,88.2917,1,nungi
IN,India,India,700140,Par Bangla,West Bengal,28,South 24 Parganas,343,Nungi,,22.2604,88.2917,1,par-bangla
IN,India,India,700140,Paschim Rameswarpur,West Bengal,28,South 24 Parganas,343,Budge Budge - I,,22.2604,88.2917,1,paschim-rameswarpur
IN,India,India,700140,Chatakalikapur,West Bengal,28,South 24 Parganas,343,NA,,22.2604,88.2917,1,chatakalikapur
IN,India,India,700140,Batanagar,West Bengal,28,South 24 Parganas,343,Bishnupur - I,,22.2604,88.2917,1,batanagar
IN,India,India,700140,Akra Krishnanagar,West Bengal,28,South 24 Parganas,343,NA,,22.2604,88.2917,1,akra-krishnanagar
IN,India,India,700141,Ashuti,West Bengal,28,South 24 Parganas,343,NA,,22.4069,88.1497,3,ashuti
IN,India,India,700141,Raipur,West Bengal,28,South 24 Parganas,343,NA,,22.4069,88.1497,4,raipur
IN,India,India,700141,Vivekanandapur,West Bengal,28,South 24 Parganas,343,Thakurpukur Mahestola,,22.4069,88.1497,3,vivekanandapur
IN,India,India,700141,Boga Noapara,West Bengal,28,South 24 Parganas,343,Mahestala,,22.4069,88.1497,3,boga-noapara
IN,India,India,700141,Chakjot Shibrampur,West Bengal,28,South 24 Parganas,343,NA,,22.4069,88.1497,3,chakjot-shibrampur
IN,India,India,700141,Mahestala,West Bengal,28,South 24 Parganas,343,NA,,22.4069,88.1497,3,mahestala
IN,India,India,700141,Jalkhura,West Bengal,28,South 24 Parganas,343,Mahestala,,22.4069,88.1497,3,jalkhura
IN,India,India,700141,Gonipur,West Bengal,28,South 24 Parganas,343,Mahestala,,22.4069,88.1497,3,gonipur
IN,India,India,700141,Maheshtala Gobindapur,West Bengal,28,South 24 Parganas,343,NA,,22.4069,88.1497,3,maheshtala-gobindapur
IN,India,India,700142,Santosh Pur (Maheshtala)so,West Bengal,28,South 24 Parganas,343,NA,,22.2604,88.2917,1,santosh-pur-maheshtala-so
IN,India,India,700143,Sarkarpool,West Bengal,28,South 24 Parganas,343,NA,,22.2604,88.2917,1,sarkarpool
IN,India,India,700144,Baruipur H.O,West Bengal,28,South 24 Parganas,343,Baruipur,,22.2604,88.2917,1,baruipur-h-o
IN,India,India,700145,Dakshin Gobindapur,West Bengal,28,South 24 Parganas,343,NA,,21.7849,88.1644,4,dakshin-gobindapur
IN,India,India,700145,Gangrai,West Bengal,28,South 24 Parganas,343,NA,,21.7849,88.1644,3,gangrai
IN,India,India,700145,Bamangachi,West Bengal,28,South 24 Parganas,343,Sonarpur,,21.7849,88.1644,3,bamangachi
IN,India,India,700145,Malancha Mahinagar,West Bengal,28,South 24 Parganas,343,Baruipur,,21.7849,88.1644,3,malancha-mahinagar
IN,India,India,700145,Mallickpore,West Bengal,28,South 24 Parganas,343,NA,,21.7849,88.1644,3,mallickpore
IN,India,India,700146,Kodalia,West Bengal,28,South 24 Parganas,343,NA,,22.2604,88.2917,1,kodalia
IN,India,India,700147,Subhas Gram,West Bengal,28,South 24 Parganas,343,NA,,22.2604,88.2917,1,subhas-gram
IN,India,India,700148,Harinavi,West Bengal,28,South 24 Parganas,343,NA,,22.4117,88.4205,4,harinavi
IN,India,India,700149,Rajpur Bazar,West Bengal,28,South 24 Parganas,343,NA,,22.4382,88.432,3,rajpur-bazar
IN,India,India,700149,Chowhati,West Bengal,28,South 24 Parganas,343,NA,,22.4382,88.432,3,chowhati
IN,India,India,700149,Rajpur (South 24 Parganas),West Bengal,28,South 24 Parganas,343,NA,,22.4382,88.432,4,rajpur-south-24-parganas
IN,India,India,700150,Nayabad,West Bengal,28,South 24 Parganas,343,NA,,22.4855,88.4174,4,nayabad
IN,India,India,700150,Ramkrishna Pally,West Bengal,28,South 24 Parganas,343,NA,,22.3513,88.2992,3,ramkrishna-pally
IN,India,India,700150,Kamrabad,West Bengal,28,South 24 Parganas,343,Sonarpur,,22.3513,88.2992,3,kamrabad
IN,India,India,700150,Uchhepota,West Bengal,28,South 24 Parganas,343,Sonarpur,,22.3513,88.2992,3,uchhepota
IN,India,India,700150,Khayada,West Bengal,28,South 24 Parganas,343,NA,,22.3513,88.2992,3,khayada
IN,India,India,700150,Sonarpur,West Bengal,28,South 24 Parganas,343,NA,,22.4382,88.432,4,sonarpur
IN,India,India,700150,Hadia,West Bengal,28,South 24 Parganas,343,NA,,22.1168,88.4167,4,hadia
IN,India,India,700151,Dakshin Jagatdal,West Bengal,28,South 24 Parganas,343,NA,,22.1168,88.4167,1,dakshin-jagatdal
IN,India,India,700151,Dingelpota,West Bengal,28,South 24 Parganas,343,NA,,22.1168,88.4167,1,dingelpota
IN,India,India,700152,Panchpota,West Bengal,28,South 24 Parganas,343,NA,,22.1168,88.4167,4,panchpota
IN,India,India,700152,Dhalua,West Bengal,28,South 24 Parganas,343,NA,,22.1168,88.4167,3,dhalua
IN,India,India,700153,Laskar Pur,West Bengal,28,South 24 Parganas,343,NA,,22.1168,88.4167,1,laskar-pur
IN,India,India,700154,Boral,West Bengal,28,South 24 Parganas,343,NA,,22.1168,88.4167,1,boral
IN,India,India,700154,Rania,West Bengal,28,South 24 Parganas,343,Boral,,22.1168,88.4167,1,rania
IN,India,India,743312,Sonakhali,West Bengal,28,South 24 Parganas,343,NA,,22.1168,88.4167,4,sonakhali
IN,India,India,743312,Joygopalpur Natunhat,West Bengal,28,South 24 Parganas,343,Basanti,,22.3862,88.6875,3,joygopalpur-natunhat
IN,India,India,743312,Shibganj,West Bengal,28,South 24 Parganas,343,NA,,22.3862,88.6875,3,shibganj
IN,India,India,743312,Jyotishpur,West Bengal,28,South 24 Parganas,343,NA,,22.3862,88.6875,3,jyotishpur
IN,India,India,743312,Matgaran,West Bengal,28,South 24 Parganas,343,NA,,22.3862,88.6875,3,matgaran
IN,India,India,743312,Mokamberia,West Bengal,28,South 24 Parganas,343,Basanti,,22.3862,88.6875,3,mokamberia
IN,India,India,743312,Jharkhali Bazar,West Bengal,28,South 24 Parganas,343,Basanti,,22.3862,88.6875,3,jharkhali-bazar
IN,India,India,743312,Dakshin Mokamberia,West Bengal,28,South 24 Parganas,343,NA,,22.3862,88.6875,3,dakshin-mokamberia
IN,India,India,743312,Hironmoypur,West Bengal,28,South 24 Parganas,343,NA,,22.3862,88.6875,3,hironmoypur
IN,India,India,743312,Nafarganj,West Bengal,28,South 24 Parganas,343,NA,,22.3862,88.6875,3,nafarganj
IN,India,India,743312,Anandabad,West Bengal,28,South 24 Parganas,343,NA,,22.3862,88.6875,3,anandabad
IN,India,India,743312,Masjidbati,West Bengal,28,South 24 Parganas,343,NA,,22.3862,88.6875,3,masjidbati
IN,India,India,743312,Kalahazra,West Bengal,28,South 24 Parganas,343,NA,,22.3862,88.6875,3,kalahazra
IN,India,India,743312,Basanti,West Bengal,28,South 24 Parganas,343,NA,,22.2032,88.7076,4,basanti
IN,India,India,743312,Bharatgarh,West Bengal,28,South 24 Parganas,343,NA,,22.1544,88.6822,4,bharatgarh
IN,India,India,743318,Dakshin Raipur,West Bengal,28,South 24 Parganas,343,NA,,22.4069,88.1497,4,dakshin-raipur
IN,India,India,743318,Poali,West Bengal,28,South 24 Parganas,343,NA,,22.1168,88.4167,3,poali
IN,India,India,743318,Rania Gobindapur,West Bengal,28,South 24 Parganas,343,NA,,22.1168,88.4167,3,rania-gobindapur
IN,India,India,743318,Burul,West Bengal,28,South 24 Parganas,343,NA,,22.3604,88.1145,4,burul
IN,India,India,743318,Bahirkunja,West Bengal,28,South 24 Parganas,343,NA,,22.1168,88.4167,3,bahirkunja
IN,India,India,743318,Chak Kashipur,West Bengal,28,South 24 Parganas,343,Budge Budge - II,,22.1168,88.4167,3,chak-kashipur
IN,India,India,743318,Nodakhali,West Bengal,28,South 24 Parganas,343,NA,,22.1168,88.4167,3,nodakhali
IN,India,India,743318,Kamra,West Bengal,28,South 24 Parganas,343,Birlapur,,22.1168,88.4167,4,kamra
IN,India,India,743318,Chak Alampur,West Bengal,28,South 24 Parganas,343,Birlapur,,22.1168,88.4167,3,chak-alampur
IN,India,India,743318,Birlapur,West Bengal,28,South 24 Parganas,343,Budge Budge - II,,22.1168,88.4167,3,birlapur
IN,India,India,743318,Dongaria,West Bengal,28,South 24 Parganas,343,NA,,22.1168,88.4167,3,dongaria
IN,India,India,743318,Mayapur,West Bengal,28,South 24 Parganas,343,Budge Budge - I,,22.1168,88.4167,4,mayapur
IN,India,India,743329,Canning Town,West Bengal,28,South 24 Parganas,343,Canning - I,,22.314,88.6651,4,canning-town
IN,India,India,743329,Rampur,West Bengal,28,South 24 Parganas,343,NA,,22.0561,88.6094,4,rampur
IN,India,India,743329,Herobhanga,West Bengal,28,South 24 Parganas,343,NA,,22.2262,88.6098,4,herobhanga
IN,India,India,743329,Kachiamara,West Bengal,28,South 24 Parganas,343,Canning - I,,22.1994,88.6331,3,kachiamara
IN,India,India,743329,Phulmalancha,West Bengal,28,South 24 Parganas,343,NA,,22.1994,88.6331,3,phulmalancha
IN,India,India,743329,Kailashnagar,West Bengal,28,South 24 Parganas,343,Kultali,,22.1994,88.6331,3,kailashnagar
IN,India,India,743329,Kanthalberia,West Bengal,28,South 24 Parganas,343,NA,,22.1994,88.6331,3,kanthalberia
IN,India,India,743329,Khalisakhali,West Bengal,28,South 24 Parganas,343,NA,,22.1994,88.6331,3,khalisakhali
IN,India,India,743329,Kumrakhali,West Bengal,28,South 24 Parganas,343,NA,,22.1994,88.6331,3,kumrakhali
IN,India,India,743329,Boria,West Bengal,28,South 24 Parganas,343,NA,,22.1994,88.6331,3,boria
IN,India,India,743329,Bhangankhali,West Bengal,28,South 24 Parganas,343,NA,,22.1994,88.6331,3,bhangankhali
IN,India,India,743329,Narayantala,West Bengal,28,South 24 Parganas,343,Basanti,,22.1994,88.6331,3,narayantala
IN,India,India,743329,Paschim Dighirpar,West Bengal,28,South 24 Parganas,343,Canning - I,,22.1994,88.6331,3,paschim-dighirpar
IN,India,India,743329,Tengrakhali,West Bengal,28,South 24 Parganas,343,NA,,22.1994,88.6331,3,tengrakhali
IN,India,India,743329,Golabari,West Bengal,28,South 24 Parganas,343,NA,,22.2014,88.6481,4,golabari
IN,India,India,743329,Atharobanki,West Bengal,28,South 24 Parganas,343,NA,,22.1994,88.6331,3,atharobanki
IN,India,India,743329,Matherdighi,West Bengal,28,South 24 Parganas,343,NA,,22.1994,88.6331,3,matherdighi
IN,India,India,743329,Agarhati,West Bengal,28,South 24 Parganas,343,NA,,22.1994,88.6331,3,agarhati
IN,India,India,743329,Kalikatala,West Bengal,28,South 24 Parganas,343,Canning - II,,22.1994,88.6331,3,kalikatala
IN,India,India,743329,Amjharahat,West Bengal,28,South 24 Parganas,343,NA,,22.1994,88.6331,3,amjharahat
IN,India,India,743329,Charavidya,West Bengal,28,South 24 Parganas,343,NA,,22.1994,88.6331,3,charavidya
IN,India,India,743329,Fokirtakia Sarberiahat,West Bengal,28,South 24 Parganas,343,Canning - I,,22.1994,88.6331,3,fokirtakia-sarberiahat
IN,India,India,743329,Harbhangee,West Bengal,28,South 24 Parganas,343,Canning town,,22.1994,88.6331,3,harbhangee
IN,India,India,743329,Jogendranagar,West Bengal,28,South 24 Parganas,343,NA,,22.1994,88.6331,3,jogendranagar
IN,India,India,743329,Joyramkhali,West Bengal,28,South 24 Parganas,343,Canning - I,,22.1994,88.6331,3,joyramkhali
IN,India,India,743329,Uttar Moukhali,West Bengal,28,South 24 Parganas,343,Canning - I,,22.1994,88.6331,3,uttar-moukhali
IN,India,India,743329,Madhukhali,West Bengal,28,South 24 Parganas,343,NA,,22.1994,88.6331,3,madhukhali
IN,India,India,743329,Canning Town Ferry Ghat,West Bengal,28,South 24 Parganas,343,Canning - I,,22.1994,88.6331,3,canning-town-ferry-ghat
IN,India,India,743329,Daharani,West Bengal,28,South 24 Parganas,343,NA,,22.1994,88.6331,3,daharani
IN,India,India,743329,Dongajora,West Bengal,28,South 24 Parganas,343,NA,,22.1994,88.6331,3,dongajora
IN,India,India,743329,Meraganj,West Bengal,28,South 24 Parganas,343,NA,,22.1994,88.6331,3,meraganj
IN,India,India,743329,Nikarighata,West Bengal,28,South 24 Parganas,343,NA,,22.1994,88.6331,3,nikarighata
IN,India,India,743329,Titkumar,West Bengal,28,South 24 Parganas,343,NA,,22.1994,88.6331,3,titkumar
IN,India,India,743330,Kustia,West Bengal,28,South 24 Parganas,343,NA,,22.2993,88.4489,3,kustia
IN,India,India,743330,Noridana,West Bengal,28,South 24 Parganas,343,NA,,22.2993,88.4489,3,noridana
IN,India,India,743330,Chandaneswar,West Bengal,28,South 24 Parganas,343,NA,,22.2993,88.4489,3,chandaneswar
IN,India,India,743330,Tarda Kapasati,West Bengal,28,South 24 Parganas,343,NA,,22.2993,88.4489,3,tarda-kapasati
IN,India,India,743330,Champahati,West Bengal,28,South 24 Parganas,343,Champahati,,22.4003,88.4921,4,champahati
IN,India,India,743330,Pratapnagar,West Bengal,28,South 24 Parganas,343,NA,,22.4424,88.5162,4,pratapnagar
IN,India,India,743330,Kalikapur,West Bengal,28,South 24 Parganas,343,Sonarpur,,22.0554,88.3386,4,kalikapur
IN,India,India,743331,Dakshin Hazi Pur,West Bengal,28,South 24 Parganas,343,Diamond Harbour - I,,22.314,88.6651,3,dakshin-hazi-pur
IN,India,India,743331,Diamond Harbour CC,West Bengal,28,South 24 Parganas,343,Diamond Harbour - I,,22.314,88.6651,3,diamond-harbour-cc
IN,India,India,743331,Diamond Harbour RS,West Bengal,28,South 24 Parganas,343,Diamond Harbour - I,,22.314,88.6651,3,diamond-harbour-rs
IN,India,India,743331,Fakir Chand College,West Bengal,28,South 24 Parganas,343,Diamond Harbour - I,,22.314,88.6651,3,fakir-chand-college
IN,India,India,743331,Diamond Harbour New Town,West Bengal,28,South 24 Parganas,343,Diamond Harbour - I,,22.314,88.6651,4,diamond-harbour-new-town
IN,India,India,743331,Diamond Harbour H.O,West Bengal,28,South 24 Parganas,343,Diamond Harbour - I,,22.314,88.6651,3,diamond-harbour-h-o
IN,India,India,743332,Hatuganj,West Bengal,28,South 24 Parganas,343,NA,,22.1168,88.4167,3,hatuganj
IN,India,India,743332,Manoharpur,West Bengal,28,South 24 Parganas,343,NA,,22.1336,88.2106,4,manoharpur
IN,India,India,743332,Uttar Rajarampur,West Bengal,28,South 24 Parganas,343,NA,,22.1168,88.4167,3,uttar-rajarampur
IN,India,India,743332,Ghatakpur,West Bengal,28,South 24 Parganas,343,Magrahat - I,,22.1168,88.4167,3,ghatakpur
IN,India,India,743332,Uttar Mukundapur,West Bengal,28,South 24 Parganas,343,NA,,22.1168,88.4167,3,uttar-mukundapur
IN,India,India,743332,Bardrone,West Bengal,28,South 24 Parganas,343,Hatuganj,,22.1168,88.4167,3,bardrone
IN,India,India,743332,Barandari Bagaria,West Bengal,28,South 24 Parganas,343,Hatuganj,,22.1168,88.4167,3,barandari-bagaria
IN,India,India,743332,Narayanpur Gouripur,West Bengal,28,South 24 Parganas,343,Kulpi,,22.1168,88.4167,3,narayanpur-gouripur
IN,India,India,743332,Mahishamuri,West Bengal,28,South 24 Parganas,343,Hatuganj,,22.1168,88.4167,3,mahishamuri
IN,India,India,743332,Ramanandapur,West Bengal,28,South 24 Parganas,343,NA,,22.1168,88.4167,3,ramanandapur
IN,India,India,743332,Sultanpur,West Bengal,28,South 24 Parganas,343,NA,,22.1168,88.4167,4,sultanpur
IN,India,India,743332,Gumukberia,West Bengal,28,South 24 Parganas,343,Hatuganj,,22.1168,88.4167,3,gumukberia
IN,India,India,743332,Daria,West Bengal,28,South 24 Parganas,343,NA,,22.3038,88.5777,4,daria
IN,India,India,743332,Radhanagar,West Bengal,28,South 24 Parganas,343,NA,,21.6949,88.2267,4,radhanagar
IN,India,India,743336,Ghateswar,West Bengal,28,South 24 Parganas,343,NA,,22.1061,88.335,4,ghateswar
IN,India,India,743336,Dhopahat Krishnapur,West Bengal,28,South 24 Parganas,343,NA,,22.2052,88.2369,3,dhopahat-krishnapur
IN,India,India,743336,Anwarpur,West Bengal,28,South 24 Parganas,343,NA,,22.2052,88.2369,3,anwarpur
IN,India,India,743336,Panchnan,West Bengal,28,South 24 Parganas,343,NA,,22.2052,88.2369,3,panchnan
IN,India,India,743336,Dulalpur,West Bengal,28,South 24 Parganas,343,NA,,22.2052,88.2369,3,dulalpur
IN,India,India,743336,Nilambarpur,West Bengal,28,South 24 Parganas,343,NA,,22.2052,88.2369,3,nilambarpur
IN,India,India,743336,Jadabpurhat,West Bengal,28,South 24 Parganas,343,Mathurapur - I,,22.2052,88.2369,3,jadabpurhat
IN,India,India,743336,Ramlochanpur,West Bengal,28,South 24 Parganas,343,NA,,22.2052,88.2369,3,ramlochanpur
IN,India,India,743336,Roypur Dayarampur,West Bengal,28,South 24 Parganas,343,NA,,22.2052,88.2369,3,roypur-dayarampur
IN,India,India,743336,Jeliabati,West Bengal,28,South 24 Parganas,343,Mandirbazar,,22.2052,88.2369,3,jeliabati
IN,India,India,743336,Baidyahat,West Bengal,28,South 24 Parganas,343,Kulpi,,22.2052,88.2369,3,baidyahat
IN,India,India,743336,Gabberia,West Bengal,28,South 24 Parganas,343,NA,,22.2052,88.2369,3,gabberia
IN,India,India,743336,Uttar Ballavpur,West Bengal,28,South 24 Parganas,343,NA,,22.2052,88.2369,3,uttar-ballavpur
IN,India,India,743336,Bireswarpur,West Bengal,28,South 24 Parganas,343,NA,,22.2052,88.2369,3,bireswarpur
IN,India,India,743336,Bidyadharpur,West Bengal,28,South 24 Parganas,343,NA,,22.2052,88.2369,3,bidyadharpur
IN,India,India,743336,Dhanurhat,West Bengal,28,South 24 Parganas,343,NA,,22.2052,88.2369,3,dhanurhat
IN,India,India,743336,Barakaipukur,West Bengal,28,South 24 Parganas,343,Ghateswar,,22.2052,88.2369,3,barakaipukur
IN,India,India,743336,Purba Chandpur,West Bengal,28,South 24 Parganas,343,NA,,22.2052,88.2369,3,purba-chandpur
IN,India,India,743336,Gazipur,West Bengal,28,South 24 Parganas,343,Kulpi,,22.1168,88.4167,4,gazipur
IN,India,India,743336,Anchna,West Bengal,28,South 24 Parganas,343,NA,,22.2052,88.2369,3,anchna
IN,India,India,743336,Siddheswarpur,West Bengal,28,South 24 Parganas,343,NA,,22.1203,88.2874,4,siddheswarpur
IN,India,India,743337,Futigoda,West Bengal,28,South 24 Parganas,343,NA,,22.2161,88.4948,3,futigoda
IN,India,India,743337,Shyamnagar Gobindapur,West Bengal,28,South 24 Parganas,343,Kultali,,22.2161,88.4948,3,shyamnagar-gobindapur
IN,India,India,743337,Dhosa,West Bengal,28,South 24 Parganas,343,NA,,22.2161,88.4948,3,dhosa
IN,India,India,743337,Dewanchak,West Bengal,28,South 24 Parganas,343,Jaynagar - I,,22.2161,88.4948,3,dewanchak
IN,India,India,743337,Dara,West Bengal,28,South 24 Parganas,343,Jaynagar - I,,22.2161,88.4948,3,dara
IN,India,India,743337,Chitraganj,West Bengal,28,South 24 Parganas,343,Jaynagar - I,,22.2161,88.4948,3,chitraganj
IN,India,India,743337,Chatra Maldari,West Bengal,28,South 24 Parganas,343,Jaynagar - I,,22.2161,88.4948,3,chatra-maldari
IN,India,India,743337,Charaghata,West Bengal,28,South 24 Parganas,343,NA,,22.2161,88.4948,3,charaghata
IN,India,India,743337,Chaltaberia,West Bengal,28,South 24 Parganas,343,Jaynagar - I,,22.2161,88.4948,3,chaltaberia
IN,India,India,743337,Bele Durganagar,West Bengal,28,South 24 Parganas,343,Jaynagar - II,,22.2161,88.4948,3,bele-durganagar
IN,India,India,743337,Bantra,West Bengal,28,South 24 Parganas,343,NA,,22.2161,88.4948,3,bantra
IN,India,India,743337,Banerjee Chak,West Bengal,28,South 24 Parganas,343,Jaynagar - I,,22.2161,88.4948,3,banerjee-chak
IN,India,India,743337,Sastitala,West Bengal,28,South 24 Parganas,343,Jaynagar - I,,22.2161,88.4948,3,sastitala
IN,India,India,743337,Rajapur Karabeg,West Bengal,28,South 24 Parganas,343,Joynagar Majilpur,,22.2161,88.4948,3,rajapur-karabeg
IN,India,India,743337,Monipur Banstala,West Bengal,28,South 24 Parganas,343,Jaynagar - I,,22.2161,88.4948,3,monipur-banstala
IN,India,India,743337,Kripakhali,West Bengal,28,South 24 Parganas,343,NA,,22.2161,88.4948,3,kripakhali
IN,India,India,743337,Khaizamara,West Bengal,28,South 24 Parganas,343,NA,,22.2161,88.4948,3,khaizamara
IN,India,India,743337,Kamaria,West Bengal,28,South 24 Parganas,343,NA,,22.2161,88.4948,3,kamaria
IN,India,India,743337,Maydah,West Bengal,28,South 24 Parganas,343,Joynagar Majilpur,,22.2161,88.4948,3,maydah
IN,India,India,743337,Mayahauri,West Bengal,28,South 24 Parganas,343,NA,,22.2161,88.4948,3,mayahauri
IN,India,India,743337,Tilpi,West Bengal,28,South 24 Parganas,343,NA,,22.2161,88.4948,3,tilpi
IN,India,India,743337,Amtala,West Bengal,28,South 24 Parganas,343,Canning - I,,22.2569,88.5694,4,amtala
IN,India,India,743337,Joynagar Majilpur,West Bengal,28,South 24 Parganas,343,Jaynagar - I,,22.1752,88.4201,4,joynagar-majilpur
IN,India,India,743338,Bakultalahat,West Bengal,28,South 24 Parganas,343,Jaynagar - II,,22.1142,88.5318,3,bakultalahat
IN,India,India,743338,Japtala,West Bengal,28,South 24 Parganas,343,NA,,22.1142,88.5318,3,japtala
IN,India,India,743338,Baishata,West Bengal,28,South 24 Parganas,343,NA,,22.1302,88.4722,4,baishata
IN,India,India,743338,Nimpith Ashram,West Bengal,28,South 24 Parganas,343,NA,,22.1142,88.5318,3,nimpith-ashram
IN,India,India,743338,Taltala,West Bengal,28,South 24 Parganas,343,NA,,22.1745,88.4933,4,taltala
IN,India,India,743338,Naskarpara Jalaberia,West Bengal,28,South 24 Parganas,343,Kultali,,22.1142,88.5318,3,naskarpara-jalaberia
IN,India,India,743338,Kaikhali Ashram,West Bengal,28,South 24 Parganas,343,NA,,22.1142,88.5318,3,kaikhali-ashram
IN,India,India,743338,Jalaberia,West Bengal,28,South 24 Parganas,343,NA,,22.1142,88.5318,3,jalaberia
IN,India,India,743338,Gopalganj Hat,West Bengal,28,South 24 Parganas,343,NA,,22.1142,88.5318,3,gopalganj-hat
IN,India,India,743338,Purba Ranaghata,West Bengal,28,South 24 Parganas,343,NA,,22.1142,88.5318,3,purba-ranaghata
IN,India,India,743338,Tangrabichi,West Bengal,28,South 24 Parganas,343,Jaynagar - I,,22.1142,88.5318,3,tangrabichi
IN,India,India,743338,Boinchbati,West Bengal,28,South 24 Parganas,343,Budge Budge - I,,22.1142,88.5318,3,boinchbati
IN,India,India,743338,Chhotrisher Hat,West Bengal,28,South 24 Parganas,343,Kultali,,22.1142,88.5318,3,chhotrisher-hat
IN,India,India,743338,Thakurchak,West Bengal,28,South 24 Parganas,343,Jaynagar - II,,22.1142,88.5318,3,thakurchak
IN,India,India,743338,Dakshin Bijoynagar,West Bengal,28,South 24 Parganas,343,Jaynagar - II,,22.1142,88.5318,3,dakshin-bijoynagar
IN,India,India,743338,Koabati,West Bengal,28,South 24 Parganas,343,NA,,22.1142,88.5318,3,koabati
IN,India,India,743338,Kholakhali Hat,West Bengal,28,South 24 Parganas,343,Nimpith Ashram,,22.1142,88.5318,3,kholakhali-hat
IN,India,India,743338,Keorakhali,West Bengal,28,South 24 Parganas,343,NA,,22.2522,88.7619,4,keorakhali
IN,India,India,743338,Kultali,West Bengal,28,South 24 Parganas,343,NA,,21.9,88.4,4,kultali
IN,India,India,743345,Kashipur,West Bengal,28,South 24 Parganas,343,NA,,22.1168,88.4167,4,kashipur
IN,India,India,743345,Bijoyganj Bazar,West Bengal,28,South 24 Parganas,343,Mandirbazar,,22.1168,88.4167,3,bijoyganj-bazar
IN,India,India,743345,Krishnanagar,West Bengal,28,South 24 Parganas,343,NA,,22.1168,88.4167,4,krishnanagar
IN,India,India,743347,Kakdwip Kalinagar,West Bengal,28,South 24 Parganas,343,NA,,22.1168,88.4167,3,kakdwip-kalinagar
IN,India,India,743347,Rajnagar,West Bengal,28,South 24 Parganas,343,Namkhana,,22.1168,88.4167,4,rajnagar
IN,India,India,743347,Harendranagar,West Bengal,28,South 24 Parganas,343,NA,,22.1168,88.4167,3,harendranagar
IN,India,India,743347,Jaharpur,West Bengal,28,South 24 Parganas,343,Kakdwip,,22.1168,88.4167,3,jaharpur
IN,India,India,743347,Manmathapur,West Bengal,28,South 24 Parganas,343,NA,,22.1168,88.4167,3,manmathapur
IN,India,India,743347,Mrinalnagar,West Bengal,28,South 24 Parganas,343,NA,,22.1168,88.4167,3,mrinalnagar
IN,India,India,743347,Muchikata Baikunthapur,West Bengal,28,South 24 Parganas,343,Kakdwip,,22.1168,88.4167,3,muchikata-baikunthapur
IN,India,India,743347,Mundapara Kashiabad,West Bengal,28,South 24 Parganas,343,Kakdwip,,22.1168,88.4167,3,mundapara-kashiabad
IN,India,India,743347,Uttar Gopalnagar,West Bengal,28,South 24 Parganas,343,Patharpratima,,22.1168,88.4167,3,uttar-gopalnagar
IN,India,India,743347,Takipurabad,West Bengal,28,South 24 Parganas,343,NA,,22.1168,88.4167,3,takipurabad
IN,India,India,743347,Pukurberia,West Bengal,28,South 24 Parganas,343,Kakdwip,,22.1168,88.4167,3,pukurberia
IN,India,India,743347,Gangadharganj,West Bengal,28,South 24 Parganas,343,Kakdwip,,22.1168,88.4167,3,gangadharganj
IN,India,India,743347,Ganeshpur 1st Gheri,West Bengal,28,South 24 Parganas,343,Kakdwip,,22.1168,88.4167,3,ganeshpur-1st-gheri
IN,India,India,743347,Fatickpur,West Bengal,28,South 24 Parganas,343,Namkhana,,22.1168,88.4167,3,fatickpur
IN,India,India,743347,Durba Chati,West Bengal,28,South 24 Parganas,343,NA,,22.1168,88.4167,3,durba-chati
IN,India,India,743347,Dakshin Khasiabad,West Bengal,28,South 24 Parganas,343,Kakdwip,,22.1168,88.4167,3,dakshin-khasiabad
IN,India,India,743347,Dakshin Gopalnagar,West Bengal,28,South 24 Parganas,343,Kakdwip,,22.1168,88.4167,3,dakshin-gopalnagar
IN,India,India,743347,Bishalakshmipur,West Bengal,28,South 24 Parganas,343,NA,,22.1168,88.4167,3,bishalakshmipur
IN,India,India,743347,Bhubannagar,West Bengal,28,South 24 Parganas,343,NA,,22.1168,88.4167,3,bhubannagar
IN,India,India,743347,Bamanagar,West Bengal,28,South 24 Parganas,343,NA,,22.1168,88.4167,3,bamanagar
IN,India,India,743347,Budhakhali,West Bengal,28,South 24 Parganas,343,NA,,21.8231,88.2081,4,budhakhali
IN,India,India,743347,Ganeshpur Baikunthapur,West Bengal,28,South 24 Parganas,343,Kakdwip,,22.1168,88.4167,3,ganeshpur-baikunthapur
IN,India,India,743347,Ganeshpur 4th Gheri,West Bengal,28,South 24 Parganas,343,Kakdwip,,22.1168,88.4167,3,ganeshpur-4th-gheri
IN,India,India,743347,Gobindarampur,West Bengal,28,South 24 Parganas,343,Kakdwip,,22.1168,88.4167,3,gobindarampur
IN,India,India,743347,Bijannagar,West Bengal,28,South 24 Parganas,343,Kakdwip,,22.1168,88.4167,3,bijannagar
IN,India,India,743347,Paschim Surendranagar,West Bengal,28,South 24 Parganas,343,Patharpratima,,22.1168,88.4167,3,paschim-surendranagar
IN,India,India,743347,Akshoynagar,West Bengal,28,South 24 Parganas,343,NA,,22.1168,88.4167,3,akshoynagar
IN,India,India,743347,Kakdwip,West Bengal,28,South 24 Parganas,343,NA,,21.8791,88.1913,4,kakdwip
IN,India,India,743348,Karanjali,West Bengal,28,South 24 Parganas,343,NA,,22.032,88.2493,4,karanjali
IN,India,India,743348,Belpukur,West Bengal,28,South 24 Parganas,343,NA,,22.0048,88.2326,4,belpukur
IN,India,India,743348,Dakshin Rajarampur,West Bengal,28,South 24 Parganas,343,Karanjali,,22.0417,88.2425,4,dakshin-rajarampur
IN,India,India,743348,Tengrarchar,West Bengal,28,South 24 Parganas,343,Karanjali,,22.0262,88.2415,3,tengrarchar
IN,India,India,743348,Seoratala,West Bengal,28,South 24 Parganas,343,Kulpi,,22.0262,88.2415,3,seoratala
IN,India,India,743348,Jamtala,West Bengal,28,South 24 Parganas,343,Kulpi,,22.0262,88.2415,3,jamtala
IN,India,India,743348,Keoratala,West Bengal,28,South 24 Parganas,343,Kulpi,,22.0262,88.2415,3,keoratala
IN,India,India,743349,Gheri Raipur,West Bengal,28,South 24 Parganas,343,Mathurapur - I,,22.0669,88.409,3,gheri-raipur
IN,India,India,743349,Manirtat,West Bengal,28,South 24 Parganas,343,Kultali,,22.0669,88.409,3,manirtat
IN,India,India,743349,Nandakumarpur,West Bengal,28,South 24 Parganas,343,NA,,22.0669,88.409,3,nandakumarpur
IN,India,India,743349,Dakshin Durgapur,West Bengal,28,South 24 Parganas,343,NA,,21.7928,88.2272,4,dakshin-durgapur
IN,India,India,743349,Chuprijhara,West Bengal,28,South 24 Parganas,343,NA,,22.0669,88.409,3,chuprijhara
IN,India,India,743349,Sonatikary,West Bengal,28,South 24 Parganas,343,NA,,22.0669,88.409,3,sonatikary
IN,India,India,743349,Sridurgapur,West Bengal,28,South 24 Parganas,343,Kashinagar,,22.0669,88.409,3,sridurgapur
IN,India,India,743349,Dakshin Raipur No. 3,West Bengal,28,South 24 Parganas,343,NA,,22.0669,88.409,3,dakshin-raipur-no-3
IN,India,India,743349,Gheri Keorakhali,West Bengal,28,South 24 Parganas,343,Mathurapur - II,,22.0669,88.409,3,gheri-keorakhali
IN,India,India,743349,Gurudaspur,West Bengal,28,South 24 Parganas,343,NA,,22.0669,88.409,3,gurudaspur
IN,India,India,743349,Kailaspur,West Bengal,28,South 24 Parganas,343,NA,,22.0669,88.409,3,kailaspur
IN,India,India,743349,Kautala,West Bengal,28,South 24 Parganas,343,NA,,22.0669,88.409,3,kautala
IN,India,India,743349,Kashinagar (South 24 Parganas),West Bengal,28,South 24 Parganas,343,NA,,22.0669,88.409,3,kashinagar-south-24-parganas
IN,India,India,743349,Katamari,West Bengal,28,South 24 Parganas,343,NA,,22.0669,88.409,3,katamari
IN,India,India,743349,Madhya Gurguria,West Bengal,28,South 24 Parganas,343,NA,,22.0669,88.409,3,madhya-gurguria
IN,India,India,743349,Madhusudanchak,West Bengal,28,South 24 Parganas,343,NA,,22.0669,88.409,3,madhusudanchak
IN,India,India,743349,Barashi,West Bengal,28,South 24 Parganas,343,NA,,22.0669,88.409,3,barashi
IN,India,India,743349,Baribhanga Abad,West Bengal,28,South 24 Parganas,343,Kashinagar,,22.0669,88.409,3,baribhanga-abad
IN,India,India,743349,Boyergodi,West Bengal,28,South 24 Parganas,343,Kashinagar,,22.0669,88.409,3,boyergodi
IN,India,India,743349,Saratpally,West Bengal,28,South 24 Parganas,343,Mathurapur - II,,22.0669,88.409,3,saratpally
IN,India,India,743349,Madhya Monirtat,West Bengal,28,South 24 Parganas,343,Kultali,,22.0669,88.409,3,madhya-monirtat
IN,India,India,743349,Meherpur,West Bengal,28,South 24 Parganas,343,NA,,22.0669,88.409,3,meherpur
IN,India,India,743349,Pakurtala,West Bengal,28,South 24 Parganas,343,Mathurapur - II,,22.0669,88.409,3,pakurtala
IN,India,India,743349,Deulbari,West Bengal,28,South 24 Parganas,343,Kultali,,22.0669,88.409,3,deulbari
IN,India,India,743349,Paschim Radhaballavpur,West Bengal,28,South 24 Parganas,343,Kultali,,22.0669,88.409,3,paschim-radhaballavpur
IN,India,India,743349,Purba Sonatikari,West Bengal,28,South 24 Parganas,343,Kultali,,22.0669,88.409,3,purba-sonatikari
IN,India,India,743349,Bakultala,West Bengal,28,South 24 Parganas,343,NA,,22.0669,88.409,3,bakultala
IN,India,India,743349,Purnachandrapur,West Bengal,28,South 24 Parganas,343,NA,,22.0669,88.409,3,purnachandrapur
IN,India,India,743349,Bhubankhali,West Bengal,28,South 24 Parganas,343,Kashinagar,,22.0669,88.409,3,bhubankhali
IN,India,India,743349,Ramnagarabad,West Bengal,28,South 24 Parganas,343,NA,,22.0669,88.409,3,ramnagarabad
IN,India,India,743349,Kumarpur,West Bengal,28,South 24 Parganas,343,NA,,22.0669,88.409,3,kumarpur
IN,India,India,743349,Dakshin Shibpur,West Bengal,28,South 24 Parganas,343,NA,,22.0669,88.409,3,dakshin-shibpur
IN,India,India,743349,Radhaballavpur,West Bengal,28,South 24 Parganas,343,NA,,22.0669,88.409,3,radhaballavpur
IN,India,India,743349,Madhabpur,West Bengal,28,South 24 Parganas,343,NA,,22.0497,88.5625,4,madhabpur
IN,India,India,743349,Baburchak,West Bengal,28,South 24 Parganas,343,Mathurapur - II,,22.0669,88.409,3,baburchak
IN,India,India,743349,Chapla,West Bengal,28,South 24 Parganas,343,NA,,22.0217,88.3994,4,chapla
IN,India,India,743349,Digambarpur,West Bengal,28,South 24 Parganas,343,NA,,21.9349,88.39,4,digambarpur
IN,India,India,743349,Biswanathpur,West Bengal,28,South 24 Parganas,343,NA,,22.1168,88.4167,4,biswanathpur
IN,India,India,743349,Purandarpur,West Bengal,28,South 24 Parganas,343,Mathurapur - II,,21.8756,88.2236,4,purandarpur
IN,India,India,743349,Khari,West Bengal,28,South 24 Parganas,343,NA,,22.0929,88.4288,4,khari
IN,India,India,743351,Ramkrishnapur,West Bengal,28,South 24 Parganas,343,Kulpi,,22.1458,88.215,4,ramkrishnapur
IN,India,India,743351,Enayetpur,West Bengal,28,South 24 Parganas,343,NA,,22.1168,88.4167,3,enayetpur
IN,India,India,743351,Kulpi,West Bengal,28,South 24 Parganas,343,NA,,22.079,88.2374,4,kulpi
IN,India,India,743351,Shyambasurchak,West Bengal,28,South 24 Parganas,343,Kulpi,,22.1168,88.4167,3,shyambasurchak
IN,India,India,743351,Paschim Gopalnagar,West Bengal,28,South 24 Parganas,343,NA,,22.1168,88.4167,3,paschim-gopalnagar
IN,India,India,743351,Sitarampur,West Bengal,28,South 24 Parganas,343,NA,,22.1168,88.4167,4,sitarampur
IN,India,India,743354,Gilarchat,West Bengal,28,South 24 Parganas,343,NA,,22.0849,88.4523,4,gilarchat
IN,India,India,743354,Nalua,West Bengal,28,South 24 Parganas,343,NA,,22.1037,88.4503,4,nalua
IN,India,India,743354,Krishnachandrapur,West Bengal,28,South 24 Parganas,343,NA,,22.1182,88.4327,4,krishnachandrapur
IN,India,India,743354,Radhakantapur,West Bengal,28,South 24 Parganas,343,NA,,22.0928,88.3603,4,radhakantapur
IN,India,India,743354,Nayabad Rajpur,West Bengal,28,South 24 Parganas,343,Mathurapur - I,,22.463,88.2622,3,nayabad-rajpur
IN,India,India,743354,Purkaitpara,West Bengal,28,South 24 Parganas,343,Mathurapur - I,,22.463,88.2622,3,purkaitpara
IN,India,India,743354,Kayalerchak,West Bengal,28,South 24 Parganas,343,Mathurapur - II,,22.463,88.2622,3,kayalerchak
IN,India,India,743354,Uttar Lakshminarayanpur,West Bengal,28,South 24 Parganas,343,NA,,22.463,88.2622,3,uttar-lakshminarayanpur
IN,India,India,743354,Ghoserpole,West Bengal,28,South 24 Parganas,343,Mathurapur - I,,22.463,88.2622,3,ghoserpole
IN,India,India,743354,Panapukur,West Bengal,28,South 24 Parganas,343,NA,,22.463,88.2622,3,panapukur
IN,India,India,743354,Mathura Pur,West Bengal,28,South 24 Parganas,343,Mathurapur - I,,22.463,88.2622,3,mathura-pur
IN,India,India,743354,Saratnagar,West Bengal,28,South 24 Parganas,343,NA,,22.463,88.2622,3,saratnagar
IN,India,India,743354,Khojkhidir,West Bengal,28,South 24 Parganas,343,NA,,22.463,88.2622,3,khojkhidir
IN,India,India,743354,Balarampur,West Bengal,28,South 24 Parganas,343,Mathurapur - I,,22.3342,88.2978,4,balarampur
IN,India,India,743354,Tajpur,West Bengal,28,South 24 Parganas,343,Mathurapur,,22.1168,88.4167,4,tajpur
IN,India,India,743354,Lalpur,West Bengal,28,South 24 Parganas,343,NA,,22.1168,88.4167,3,lalpur
IN,India,India,743354,Mathurapur RS,West Bengal,28,South 24 Parganas,343,Mathurapur - I,,22.463,88.2622,3,mathurapur-rs
IN,India,India,743354,Paschim Kultali,West Bengal,28,South 24 Parganas,343,Mathurapur - II,,22.463,88.2622,3,paschim-kultali
IN,India,India,743354,Ghoradah,West Bengal,28,South 24 Parganas,343,NA,,22.463,88.2622,3,ghoradah
IN,India,India,743354,Bairagir Chak,West Bengal,28,South 24 Parganas,343,Mathurapur - I,,22.463,88.2622,3,bairagir-chak
IN,India,India,743354,Dahakanda,West Bengal,28,South 24 Parganas,343,Mathurapur,,22.463,88.2622,3,dahakanda
IN,India,India,743354,Batiswar,West Bengal,28,South 24 Parganas,343,NA,,22.463,88.2622,3,batiswar
IN,India,India,743355,Lakshmikantapur,West Bengal,28,South 24 Parganas,343,NA,,22.1046,88.3026,4,lakshmikantapur
IN,India,India,743355,Alida,West Bengal,28,South 24 Parganas,343,Baruipur,,22.1168,88.4167,3,alida
IN,India,India,743355,Maheshpur,West Bengal,28,South 24 Parganas,343,Magrahat - II,,22.1168,88.4167,4,maheshpur
IN,India,India,743355,Tekpanja,West Bengal,28,South 24 Parganas,343,NA,,22.2086,88.3122,4,tekpanja
IN,India,India,743355,Magrahat Shyampur,West Bengal,28,South 24 Parganas,343,Magrahat - II,,22.1168,88.4167,3,magrahat-shyampur
IN,India,India,743355,Haripur,West Bengal,28,South 24 Parganas,343,NA,,22.1168,88.4167,4,haripur
IN,India,India,743355,Kalikapota,West Bengal,28,South 24 Parganas,343,NA,,22.1168,88.4167,3,kalikapota
IN,India,India,743355,Magrahat,West Bengal,28,South 24 Parganas,343,NA,,22.1168,88.4167,3,magrahat
IN,India,India,743355,Magrahat Shyamnagar,West Bengal,28,South 24 Parganas,343,Magrahat Taluk,,22.1168,88.4167,3,magrahat-shyamnagar
IN,India,India,743355,Maitala,West Bengal,28,South 24 Parganas,343,NA,,22.1168,88.4167,3,maitala
IN,India,India,743355,Benipur,West Bengal,28,South 24 Parganas,343,NA,,22.1168,88.4167,3,benipur
IN,India,India,743355,Dhanpota,West Bengal,28,South 24 Parganas,343,Magrahat - II,,22.1168,88.4167,3,dhanpota
IN,India,India,743355,Gokarnee,West Bengal,28,South 24 Parganas,343,Magrahat - II,,22.1168,88.4167,3,gokarnee
IN,India,India,743355,Khonkarbazar,West Bengal,28,South 24 Parganas,343,Magrahat,,22.1168,88.4167,3,khonkarbazar
IN,India,India,743355,Maitirhat,West Bengal,28,South 24 Parganas,343,Magrahat,,22.1168,88.4167,3,maitirhat
IN,India,India,743355,Kadipukur,West Bengal,28,South 24 Parganas,343,Mandirbazar,,22.1168,88.4167,3,kadipukur
IN,India,India,743355,Urel Chandpur,West Bengal,28,South 24 Parganas,343,NA,,22.1168,88.4167,3,urel-chandpur
IN,India,India,743355,Mallick Pratap,West Bengal,28,South 24 Parganas,343,NA,,22.1168,88.4167,3,mallick-pratap
IN,India,India,743355,Morapai,West Bengal,28,South 24 Parganas,343,Magrahat - I,,22.1168,88.4167,3,morapai
IN,India,India,743355,Purba Ramnathpur,West Bengal,28,South 24 Parganas,343,Magrahat,,22.1168,88.4167,3,purba-ramnathpur
IN,India,India,743355,Sangrampur Hat,West Bengal,28,South 24 Parganas,343,Magrahat - I,,22.1168,88.4167,3,sangrampur-hat
IN,India,India,743355,Jugdia,West Bengal,28,South 24 Parganas,343,NA,,22.1168,88.4167,3,jugdia
IN,India,India,743355,Bamna,West Bengal,28,South 24 Parganas,343,NA,,22.2156,88.3437,4,bamna
IN,India,India,743355,Dhanyaghata,West Bengal,28,South 24 Parganas,343,Magrahat - I,,22.1885,88.3355,4,dhanyaghata
IN,India,India,743356,Ghoramara Mandirtala,West Bengal,28,South 24 Parganas,343,Sagar,,22.1168,88.4167,1,ghoramara-mandirtala
IN,India,India,743356,Mud Point,West Bengal,28,South 24 Parganas,343,Sagar,,22.1168,88.4167,1,mud-point
IN,India,India,743357,Kusumtala,West Bengal,28,South 24 Parganas,343,NA,,22.1168,88.4167,3,kusumtala
IN,India,India,743357,Madanganj,West Bengal,28,South 24 Parganas,343,NA,,22.1168,88.4167,3,madanganj
IN,India,India,743357,Nam Khana,West Bengal,28,South 24 Parganas,343,NA,,22.1168,88.4167,3,nam-khana
IN,India,India,743357,Debnagar,West Bengal,28,South 24 Parganas,343,NA,,22.1168,88.4167,3,debnagar
IN,India,India,743357,Ganeshnagar,West Bengal,28,South 24 Parganas,343,NA,,22.1168,88.4167,3,ganeshnagar
IN,India,India,743357,Dakshin Chandannagar,West Bengal,28,South 24 Parganas,343,NA,,22.1168,88.4167,3,dakshin-chandannagar
IN,India,India,743357,Shibnagar Abad,West Bengal,28,South 24 Parganas,343,Namkhana,,22.1168,88.4167,3,shibnagar-abad
IN,India,India,743357,Lakshmipur Pabartak.,West Bengal,28,South 24 Parganas,343,Namkhana,,22.1168,88.4167,3,lakshmipur-pabartak
IN,India,India,743357,Chandanpiri,West Bengal,28,South 24 Parganas,343,Namkhana,,22.1168,88.4167,3,chandanpiri
IN,India,India,743357,Rajnagar Biswambhar,West Bengal,28,South 24 Parganas,343,Namkhana,,22.1168,88.4167,3,rajnagar-biswambhar
IN,India,India,743357,Freser Ganj,West Bengal,28,South 24 Parganas,343,Namkhana,,22.1168,88.4167,3,freser-ganj
IN,India,India,743357,Dwariknagar,West Bengal,28,South 24 Parganas,343,NA,,22.1168,88.4167,3,dwariknagar
IN,India,India,743357,Shibrampur,West Bengal,28,South 24 Parganas,343,NA,,22.1168,88.4167,3,shibrampur
IN,India,India,743357,Bagdanga,West Bengal,28,South 24 Parganas,343,NA,,22.1168,88.4167,3,bagdanga
IN,India,India,743357,Durgapur Tekarbazar,West Bengal,28,South 24 Parganas,343,Namkhana,,22.1168,88.4167,3,durgapur-tekarbazar
IN,India,India,743357,Maharajganj,West Bengal,28,South 24 Parganas,343,NA,,22.1168,88.4167,4,maharajganj
IN,India,India,743357,Namkhana Radhanagar,West Bengal,28,South 24 Parganas,343,Namkhana,,21.6949,88.2267,4,namkhana-radhanagar
IN,India,India,743357,Haripur,West Bengal,28,South 24 Parganas,343,NA,,22.1168,88.4167,4,haripur
IN,India,India,743357,Baliara,West Bengal,28,South 24 Parganas,343,NA,,22.1168,88.4167,4,baliara
IN,India,India,743357,Patibunia,West Bengal,28,South 24 Parganas,343,NA,,22.1168,88.4167,3,patibunia
IN,India,India,743357,Debnibas,West Bengal,28,South 24 Parganas,343,NA,,22.1168,88.4167,3,debnibas
IN,India,India,743363,Narayanpur,West Bengal,28,South 24 Parganas,343,NA,,22.4854,88.5638,4,narayanpur
IN,India,India,743363,Kalaria,West Bengal,28,South 24 Parganas,343,NA,,22.4854,88.5638,3,kalaria
IN,India,India,743363,Bansra,West Bengal,28,South 24 Parganas,343,Canning,,22.4854,88.5638,3,bansra
IN,India,India,743363,Gourdaha,West Bengal,28,South 24 Parganas,343,NA,,22.4854,88.5638,3,gourdaha
IN,India,India,743368,Kamarpole,West Bengal,28,South 24 Parganas,343,NA,,22.4328,88.2677,3,kamarpole
IN,India,India,743368,Morigachi,West Bengal,28,South 24 Parganas,343,NA,,22.4328,88.2677,3,morigachi
IN,India,India,743368,Mathur,West Bengal,28,South 24 Parganas,343,NA,,22.4328,88.2677,3,mathur
IN,India,India,743368,Maheswara,West Bengal,28,South 24 Parganas,343,Diamond Harbour - II,,22.4328,88.2677,3,maheswara
IN,India,India,743368,Boria,West Bengal,28,South 24 Parganas,343,NA,,22.4328,88.2677,3,boria
IN,India,India,743368,Darikrishna Nagar,West Bengal,28,South 24 Parganas,343,NA,,22.4328,88.2677,3,darikrishna-nagar
IN,India,India,743368,Goanara Gobindapur,West Bengal,28,South 24 Parganas,343,Diamond Harbour - II,,22.4328,88.2677,3,goanara-gobindapur
IN,India,India,743368,Nawasa,West Bengal,28,South 24 Parganas,343,NA,,22.4328,88.2677,3,nawasa
IN,India,India,743368,Amira,West Bengal,28,South 24 Parganas,343,NA,,22.4328,88.2677,3,amira
IN,India,India,743368,Baruldanga,West Bengal,28,South 24 Parganas,343,NA,,22.4328,88.2677,3,baruldanga
IN,India,India,743368,Panchagram Singhberia,West Bengal,28,South 24 Parganas,343,NA,,22.4328,88.2677,3,panchagram-singhberia
IN,India,India,743368,Noorpur,West Bengal,28,South 24 Parganas,343,NA,,22.4328,88.2677,3,noorpur
IN,India,India,743368,Patra,West Bengal,28,South 24 Parganas,343,NA,,22.2139,88.2144,4,patra
IN,India,India,743368,Chandannagar,West Bengal,28,South 24 Parganas,343,Diamond Harbour - I,,22.1168,88.4167,4,chandannagar
IN,India,India,743368,Kodalia Shibpur,West Bengal,28,South 24 Parganas,343,Magrahat - I,,22.4328,88.2677,3,kodalia-shibpur
IN,India,India,743368,Abdalpur,West Bengal,28,South 24 Parganas,343,Diamond Harbour - I,,22.4328,88.2677,3,abdalpur
IN,India,India,743368,Netra,West Bengal,28,South 24 Parganas,343,NA,,22.2141,88.2578,4,netra
IN,India,India,743368,Kholakhali,West Bengal,28,South 24 Parganas,343,NA,,22.2184,88.1407,4,kholakhali
IN,India,India,743368,Mukundapur,West Bengal,28,South 24 Parganas,343,NA,,22.1168,88.4167,4,mukundapur
IN,India,India,743368,Sarisha,West Bengal,28,South 24 Parganas,343,NA,,22.2465,88.1873,4,sarisha
IN,India,India,743370,Amlamethi,West Bengal,28,South 24 Parganas,343,NA,,22.1168,88.4167,3,amlamethi
IN,India,India,743370,Arampur,West Bengal,28,South 24 Parganas,343,NA,,22.1168,88.4167,3,arampur
IN,India,India,743370,Kachukhali  Ramnagar Bazar,West Bengal,28,South 24 Parganas,343,Gosaba,,22.1168,88.4167,3,kachukhali-ramnagar-bazar
IN,India,India,743370,Manmathanagar (M),West Bengal,28,South 24 Parganas,343,NA,,22.1168,88.4167,3,manmathanagar-m
IN,India,India,743370,Luxbagan,West Bengal,28,South 24 Parganas,343,Gosaba,,22.1168,88.4167,3,luxbagan
IN,India,India,743370,Kachukhali,West Bengal,28,South 24 Parganas,343,NA,,22.1168,88.4167,3,kachukhali
IN,India,India,743370,Jamespur,West Bengal,28,South 24 Parganas,343,Gosaba,,22.1168,88.4167,3,jamespur
IN,India,India,743370,Harishpur Ramnagar,West Bengal,28,South 24 Parganas,343,Gosaba,,22.1168,88.4167,3,harishpur-ramnagar
IN,India,India,743370,Gosaba,West Bengal,28,South 24 Parganas,343,NA,,22.1168,88.4167,4,gosaba
IN,India,India,743370,Dulki,West Bengal,28,South 24 Parganas,343,NA,,22.1168,88.4167,3,dulki
IN,India,India,743370,Dayapur,West Bengal,28,South 24 Parganas,343,NA,,22.1168,88.4167,3,dayapur
IN,India,India,743370,Chargheri,West Bengal,28,South 24 Parganas,343,Gosaba,,22.1168,88.4167,3,chargheri
IN,India,India,743370,Bijoynagar,West Bengal,28,South 24 Parganas,343,NA,,22.1168,88.4167,3,bijoynagar
IN,India,India,743370,Uttardanga,West Bengal,28,South 24 Parganas,343,NA,,22.1168,88.4167,3,uttardanga
IN,India,India,743370,Bali Hatkhola,West Bengal,28,South 24 Parganas,343,Gosaba,,22.1168,88.4167,3,bali-hatkhola
IN,India,India,743370,Lahiri Pur,West Bengal,28,South 24 Parganas,343,NA,,22.1168,88.4167,3,lahiri-pur
IN,India,India,743370,Jahar Colony,West Bengal,28,South 24 Parganas,343,Gosaba,,22.1168,88.4167,3,jahar-colony
IN,India,India,743370,Sadhu Pur,West Bengal,28,South 24 Parganas,343,NA,,22.1168,88.4167,3,sadhu-pur
IN,India,India,743370,Santi Gachi,West Bengal,28,South 24 Parganas,343,NA,,22.1168,88.4167,3,santi-gachi
IN,India,India,743370,Rangabelia,West Bengal,28,South 24 Parganas,343,NA,,22.1168,88.4167,3,rangabelia
IN,India,India,743370,Satjelia,West Bengal,28,South 24 Parganas,343,NA,,22.1168,88.4167,3,satjelia
IN,India,India,743370,Satyanarayanpur,West Bengal,28,South 24 Parganas,343,Gosaba,,22.1168,88.4167,3,satyanarayanpur
IN,India,India,743370,Parash Moni,West Bengal,28,South 24 Parganas,343,Gosaba,,22.1168,88.4167,3,parash-moni
IN,India,India,743370,Pakhiralaya,West Bengal,28,South 24 Parganas,343,NA,,22.1168,88.4167,3,pakhiralaya
IN,India,India,743371,Daspur,West Bengal,28,South 24 Parganas,343,NA,,22.1168,88.4167,4,daspur
IN,India,India,743371,Brajaballav Pur,West Bengal,28,South 24 Parganas,343,NA,,22.1168,88.4167,3,brajaballav-pur
IN,India,India,743371,Buraburirtat,West Bengal,28,South 24 Parganas,343,NA,,22.1168,88.4167,3,buraburirtat
IN,India,India,743371,Rakhal Pur,West Bengal,28,South 24 Parganas,343,NA,,22.1168,88.4167,3,rakhal-pur
IN,India,India,743371,Indrapur,West Bengal,28,South 24 Parganas,343,Pathar Pratima,,22.1168,88.4167,3,indrapur
IN,India,India,743371,Shibgobindapur,West Bengal,28,South 24 Parganas,343,Patharpratima,,22.1168,88.4167,3,shibgobindapur
IN,India,India,743371,Khetramohan Pur,West Bengal,28,South 24 Parganas,343,NA,,22.1168,88.4167,3,khetramohan-pur
IN,India,India,743371,Jogindrapur,West Bengal,28,South 24 Parganas,343,Pathar Pratima,,22.1168,88.4167,3,jogindrapur
IN,India,India,743371,Krishnadaspur,West Bengal,28,South 24 Parganas,343,NA,,22.1168,88.4167,3,krishnadaspur
IN,India,India,743371,Sridharnagar,West Bengal,28,South 24 Parganas,343,NA,,22.1168,88.4167,3,sridharnagar
IN,India,India,743371,Ramganga,West Bengal,28,South 24 Parganas,343,NA,,22.1168,88.4167,3,ramganga
IN,India,India,743371,Madhabnagar Durgagobindapur,West Bengal,28,South 24 Parganas,343,Patharpratima,,22.1168,88.4167,3,madhabnagar-durgagobindapur
IN,India,India,743371,Uttarsitaram Pur,West Bengal,28,South 24 Parganas,343,Patharpratima,,22.1168,88.4167,3,uttarsitaram-pur
IN,India,India,743371,Baradapur,West Bengal,28,South 24 Parganas,343,NA,,22.1168,88.4167,3,baradapur
IN,India,India,743371,Choto Banashyamnagar,West Bengal,28,South 24 Parganas,343,Pathar Pratima,,22.1168,88.4167,3,choto-banashyamnagar
IN,India,India,743371,Gobindapur Abad,West Bengal,28,South 24 Parganas,343,Pathar Pratima,,22.1168,88.4167,3,gobindapur-abad
IN,India,India,743371,Bhagabatpur Project,West Bengal,28,South 24 Parganas,343,Pathar Pratima,,22.1168,88.4167,3,bhagabatpur-project
IN,India,India,743371,Kamdebpur,West Bengal,28,South 24 Parganas,343,Pathar Pratima,,22.1168,88.4167,4,kamdebpur
IN,India,India,743371,Pathar Pratima,West Bengal,28,South 24 Parganas,343,NA,,21.7913,88.3544,4,pathar-pratima
IN,India,India,743371,Banashyamnagar,West Bengal,28,South 24 Parganas,343,NA,,22.1168,88.4167,3,banashyamnagar
IN,India,India,743371,Rakshashkhali,West Bengal,28,South 24 Parganas,343,Pathar Pratima,,22.1168,88.4167,3,rakshashkhali
IN,India,India,743372,Surajapurhat,West Bengal,28,South 24 Parganas,343,NA,,22.1993,88.432,3,surajapurhat
IN,India,India,743372,Kashimpur,West Bengal,28,South 24 Parganas,343,Jaynagar - I,,22.1993,88.432,3,kashimpur
IN,India,India,743372,Tasarala,West Bengal,28,South 24 Parganas,343,NA,,22.1993,88.432,3,tasarala
IN,India,India,743372,Khakurdaha,West Bengal,28,South 24 Parganas,343,NA,,22.1993,88.432,3,khakurdaha
IN,India,India,743372,Keyatala,West Bengal,28,South 24 Parganas,343,NA,,22.1993,88.432,3,keyatala
IN,India,India,743372,Banasundaria,West Bengal,28,South 24 Parganas,343,NA,,22.1993,88.432,3,banasundaria
IN,India,India,743372,Gorerhat,West Bengal,28,South 24 Parganas,343,Jaynagar - I,,22.1993,88.432,3,gorerhat
IN,India,India,743372,Srikrishnanagar,West Bengal,28,South 24 Parganas,343,NA,,22.08,88.3337,4,srikrishnanagar
IN,India,India,743372,Nabagram,West Bengal,28,South 24 Parganas,343,NA,,22.2881,88.5092,4,nabagram
IN,India,India,743372,Dakshin Barasat,West Bengal,28,South 24 Parganas,343,NA,,22.2252,88.4509,4,dakshin-barasat
IN,India,India,743372,Gocharan,West Bengal,28,South 24 Parganas,343,NA,,22.1993,88.432,3,gocharan
IN,India,India,743372,Sarberia,West Bengal,28,South 24 Parganas,343,Jaynagar - I,,22.1993,88.432,3,sarberia
IN,India,India,743372,Madhya Shibpur,West Bengal,28,South 24 Parganas,343,Jaynagar - I,,22.1993,88.432,3,madhya-shibpur
IN,India,India,743372,Baharu,West Bengal,28,South 24 Parganas,343,NA,,22.2038,88.4344,4,baharu
IN,India,India,743372,Punpua,West Bengal,28,South 24 Parganas,343,NA,,22.1993,88.432,3,punpua
IN,India,India,743373,Sagar Barabari,West Bengal,28,South 24 Parganas,343,Sagar,,22.1168,88.4167,3,sagar-barabari
IN,India,India,743373,Sagar Bishnupur,West Bengal,28,South 24 Parganas,343,Sagar,,22.1168,88.4167,3,sagar-bishnupur
IN,India,India,743373,Sagar Fulbari,West Bengal,28,South 24 Parganas,343,Sagar,,22.1168,88.4167,3,sagar-fulbari
IN,India,India,743373,Sagar Krishna Nagar,West Bengal,28,South 24 Parganas,343,Sagar,,22.1168,88.4167,3,sagar-krishna-nagar
IN,India,India,743373,Sagar Shibpur,West Bengal,28,South 24 Parganas,343,Sagar,,22.1168,88.4167,3,sagar-shibpur
IN,India,India,743373,Sapkhali,West Bengal,28,South 24 Parganas,343,Sagar,,22.1168,88.4167,3,sapkhali
IN,India,India,743373,Sumatinagar,West Bengal,28,South 24 Parganas,343,NA,,22.1168,88.4167,3,sumatinagar
IN,India,India,743373,Mahendraganj,West Bengal,28,South 24 Parganas,343,NA,,22.1168,88.4167,3,mahendraganj
IN,India,India,743373,Mansadwip,West Bengal,28,South 24 Parganas,343,Sagar,,22.1168,88.4167,3,mansadwip
IN,India,India,743373,Mrityunjoynagar,West Bengal,28,South 24 Parganas,343,NA,,22.1168,88.4167,3,mrityunjoynagar
IN,India,India,743373,Chemaguri,West Bengal,28,South 24 Parganas,343,NA,,22.1168,88.4167,3,chemaguri
IN,India,India,743373,Nagendraganj,West Bengal,28,South 24 Parganas,343,NA,,22.1168,88.4167,3,nagendraganj
IN,India,India,743373,Muri Ganga,West Bengal,28,South 24 Parganas,343,Sagar,,22.1168,88.4167,3,muri-ganga
IN,India,India,743373,Rudra Nagar,West Bengal,28,South 24 Parganas,343,NA,,22.1168,88.4167,3,rudra-nagar
IN,India,India,743373,Bamankhali,West Bengal,28,South 24 Parganas,343,NA,,22.1168,88.4167,3,bamankhali
IN,India,India,743373,Beguakhali,West Bengal,28,South 24 Parganas,343,NA,,22.1168,88.4167,3,beguakhali
IN,India,India,743373,Dhablat Shibpur,West Bengal,28,South 24 Parganas,343,NA,,22.1168,88.4167,3,dhablat-shibpur
IN,India,India,743373,Dihimathurapur Gobindapur,West Bengal,28,South 24 Parganas,343,Sagar,,22.1168,88.4167,3,dihimathurapur-gobindapur
IN,India,India,743373,Gangasagar,West Bengal,28,South 24 Parganas,343,NA,,22.1168,88.4167,3,gangasagar
IN,India,India,743373,Narayanibad,West Bengal,28,South 24 Parganas,343,NA,,22.1168,88.4167,3,narayanibad
IN,India,India,743373,Haradhan Pur,West Bengal,28,South 24 Parganas,343,NA,,22.1168,88.4167,3,haradhan-pur
IN,India,India,743373,Khansaheb Abad,West Bengal,28,South 24 Parganas,343,NA,,22.1168,88.4167,3,khansaheb-abad
IN,India,India,743373,Kirtankhali,West Bengal,28,South 24 Parganas,343,NA,,22.1168,88.4167,3,kirtankhali
IN,India,India,743373,Companir Char,West Bengal,28,South 24 Parganas,343,NA,,22.1168,88.4167,3,companir-char
IN,India,India,743373,Harinbari,West Bengal,28,South 24 Parganas,343,NA,,22.1168,88.4167,3,harinbari
IN,India,India,743373,Jibantala,West Bengal,28,South 24 Parganas,343,Sagar,,22.1168,88.4167,3,jibantala
IN,India,India,743373,Radhakrishnapur,West Bengal,28,South 24 Parganas,343,Sagar,,22.1168,88.4167,3,radhakrishnapur
IN,India,India,743373,Sagar Bag Bazar,West Bengal,28,South 24 Parganas,343,Sagar,,22.1168,88.4167,3,sagar-bag-bazar
IN,India,India,743373,Chakfuldubi,West Bengal,28,South 24 Parganas,343,Sagar,,22.1168,88.4167,3,chakfuldubi
IN,India,India,743373,Dakshin Haradhanpur,West Bengal,28,South 24 Parganas,343,Sagar,,22.1168,88.4167,3,dakshin-haradhanpur
IN,India,India,743373,Lalpur,West Bengal,28,South 24 Parganas,343,Sagar,,22.1168,88.4167,3,lalpur
IN,India,India,743373,Kamalpur,West Bengal,28,South 24 Parganas,343,NA,,22.1168,88.4167,4,kamalpur
IN,India,India,743373,Khasmahal,West Bengal,28,South 24 Parganas,343,Sagar,,22.1168,88.4167,4,khasmahal
IN,India,India,743373,Kalitala Daspur,West Bengal,28,South 24 Parganas,343,Sagar,,22.1168,88.4167,3,kalitala-daspur
IN,India,India,743373,Kachuberia,West Bengal,28,South 24 Parganas,343,NA,,22.1168,88.4167,3,kachuberia
IN,India,India,743373,Prasad Pur,West Bengal,28,South 24 Parganas,343,Sagar,,22.1168,88.4167,3,prasad-pur
IN,India,India,743373,Natendrapur,West Bengal,28,South 24 Parganas,343,NA,,22.1168,88.4167,3,natendrapur
IN,India,India,743373,Mandirtala,West Bengal,28,South 24 Parganas,343,NA,,23.3153,88.0233,3,mandirtala
IN,India,India,743373,Khasramkarchar,West Bengal,28,South 24 Parganas,343,Sagar,,22.1168,88.4167,3,khasramkarchar
IN,India,India,743373,Sagar Chandipur,West Bengal,28,South 24 Parganas,343,Sagar,,22.1168,88.4167,3,sagar-chandipur
IN,India,India,743374,Surjanagar,West Bengal,28,South 24 Parganas,343,Kakdwip,,22.03,88.2873,3,surjanagar
IN,India,India,743374,Madhabnagar,West Bengal,28,South 24 Parganas,343,Kakdwip,,22.03,88.2873,3,madhabnagar
IN,India,India,743374,Manicknagar,West Bengal,28,South 24 Parganas,343,NA,,22.03,88.2873,3,manicknagar
IN,India,India,743374,Nishchinta Pur,West Bengal,28,South 24 Parganas,343,Kulpi,,22.03,88.2873,3,nishchinta-pur
IN,India,India,743374,Dakshin Chandipur,West Bengal,28,South 24 Parganas,343,Kakdwip,,22.03,88.2873,3,dakshin-chandipur
IN,India,India,743374,Basar,West Bengal,28,South 24 Parganas,343,Kulpi,,22.03,88.2873,3,basar
IN,India,India,743374,Dakshin Rajnagar,West Bengal,28,South 24 Parganas,343,Kulpi,,22.03,88.2873,3,dakshin-rajnagar
IN,India,India,743374,Aswathtala,West Bengal,28,South 24 Parganas,343,Kulpi,,22.03,88.2873,3,aswathtala
IN,India,India,743374,Tepakhali,West Bengal,28,South 24 Parganas,343,Kakdwip,,22.03,88.2873,3,tepakhali
IN,India,India,743374,Srinagar Makarpara,West Bengal,28,South 24 Parganas,343,Kulpi,,22.03,88.2873,3,srinagar-makarpara
IN,India,India,743374,Shibkalinagar,West Bengal,28,South 24 Parganas,343,Kakdwip,,22.03,88.2873,3,shibkalinagar
IN,India,India,743374,Ramtanunagar,West Bengal,28,South 24 Parganas,343,Nischintapur,,22.03,88.2873,3,ramtanunagar
IN,India,India,743374,Ramratannagar,West Bengal,28,South 24 Parganas,343,Kakdwip,,22.03,88.2873,3,ramratannagar
IN,India,India,743374,Ramnagar Shibpur,West Bengal,28,South 24 Parganas,343,Budge Budge - I,,22.03,88.2873,3,ramnagar-shibpur
IN,India,India,743374,Raghunathpur,West Bengal,28,South 24 Parganas,343,Kakdwip,,22.1219,88.3478,4,raghunathpur
IN,India,India,743374,Gazirmahal Chitamari,West Bengal,28,South 24 Parganas,343,Sagar,,22.03,88.2873,3,gazirmahal-chitamari
IN,India,India,743374,Ramratanpur,West Bengal,28,South 24 Parganas,343,Nischintapur,,21.9381,88.2269,4,ramratanpur
IN,India,India,743375,Baneswarpur,West Bengal,28,South 24 Parganas,343,NA,,22.3055,88.3149,1,baneswarpur
IN,India,India,743375,Nazra,West Bengal,28,South 24 Parganas,343,NA,,22.3055,88.3149,1,nazra
IN,India,India,743375,Masat,West Bengal,28,South 24 Parganas,343,NA,,22.3055,88.3149,1,masat
IN,India,India,743375,Usthi,West Bengal,28,South 24 Parganas,343,NA,,22.3055,88.3149,1,usthi
IN,India,India,743375,Rasa Dogacha,West Bengal,28,South 24 Parganas,343,NA,,22.3055,88.3149,1,rasa-dogacha
IN,India,India,743375,Sarachi,West Bengal,28,South 24 Parganas,343,Magrahat - II,,22.3055,88.3149,1,sarachi
IN,India,India,743375,Kuleswar,West Bengal,28,South 24 Parganas,343,NA,,22.3055,88.3149,1,kuleswar
IN,India,India,743375,Uttar Kusum,West Bengal,28,South 24 Parganas,343,NA,,22.3055,88.3149,1,uttar-kusum
IN,India,India,743375,Kensilly,West Bengal,28,South 24 Parganas,343,NA,,22.3055,88.3149,1,kensilly
IN,India,India,743375,Borijpur,West Bengal,28,South 24 Parganas,343,Usthi,,22.3055,88.3149,1,borijpur
IN,India,India,743375,Boinchberia,West Bengal,28,South 24 Parganas,343,NA,,22.3055,88.3149,1,boinchberia
IN,India,India,743376,Debisabad,West Bengal,28,South 24 Parganas,343,NA,,22.3055,88.3149,1,debisabad
IN,India,India,743376,Nagartala,West Bengal,28,South 24 Parganas,343,NA,,22.3055,88.3149,1,nagartala
IN,India,India,743376,Doltalaghola,West Bengal,28,South 24 Parganas,343,Canning - I,,22.3055,88.3149,1,doltalaghola
IN,India,India,743376,Jibantala Sarangabad,West Bengal,28,South 24 Parganas,343,Canning - II,,22.3055,88.3149,1,jibantala-sarangabad
IN,India,India,743376,Khaskumrakhali,West Bengal,28,South 24 Parganas,343,NA,,22.3055,88.3149,1,khaskumrakhali
IN,India,India,743376,Thakuraniberia,West Bengal,28,South 24 Parganas,343,NA,,22.3055,88.3149,1,thakuraniberia
IN,India,India,743376,Taldi,West Bengal,28,South 24 Parganas,343,NA,,22.3055,88.3149,1,taldi
IN,India,India,743376,Belegachi,West Bengal,28,South 24 Parganas,343,NA,,22.3055,88.3149,1,belegachi
IN,India,India,743376,Dhalirbati,West Bengal,28,South 24 Parganas,343,Canning - I,,22.3055,88.3149,1,dhalirbati
IN,India,India,743376,Chhayani,West Bengal,28,South 24 Parganas,343,NA,,22.3055,88.3149,1,chhayani
IN,India,India,743376,Bhalleya,West Bengal,28,South 24 Parganas,343,NA,,22.3055,88.3149,1,bhalleya
IN,India,India,743376,Chandkhali,West Bengal,28,South 24 Parganas,343,NA,,22.3055,88.3149,1,chandkhali
IN,India,India,743377,Sonaria Naiya,West Bengal,28,South 24 Parganas,343,Bishnupur II,,22.3055,88.3149,1,sonaria-naiya
IN,India,India,743377,Aryapara,West Bengal,28,South 24 Parganas,343,NA,,22.3055,88.3149,1,aryapara
IN,India,India,743377,Patharberia,West Bengal,28,South 24 Parganas,343,NA,,22.3055,88.3149,1,patharberia
IN,India,India,743377,Sarberia,West Bengal,28,South 24 Parganas,343,Jaynagar - I,,22.3055,88.3149,1,sarberia
IN,India,India,743377,Muchisa,West Bengal,28,South 24 Parganas,343,NA,,22.3055,88.3149,1,muchisa
IN,India,India,743377,Bakrahat,West Bengal,28,South 24 Parganas,343,Bakrahat,,22.3055,88.3149,1,bakrahat
IN,India,India,743377,Chowl Khola,West Bengal,28,South 24 Parganas,343,NA,,22.3055,88.3149,1,chowl-khola
IN,India,India,743378,Amtali,West Bengal,28,South 24 Parganas,343,NA,,22.1168,88.4167,3,amtali
IN,India,India,743378,Amtali Bazar,West Bengal,28,South 24 Parganas,343,Gosaba,,22.1168,88.4167,3,amtali-bazar
IN,India,India,743378,Dakshin Radhanagar,West Bengal,28,South 24 Parganas,343,NA,,21.6949,88.2267,4,dakshin-radhanagar
IN,India,India,743378,Chhoto Mollakhali,West Bengal,28,South 24 Parganas,343,NA,,22.1168,88.4167,3,chhoto-mollakhali
IN,India,India,743378,Kalidaspur,West Bengal,28,South 24 Parganas,343,NA,,22.1168,88.4167,3,kalidaspur
IN,India,India,743378,Taranagar,West Bengal,28,South 24 Parganas,343,NA,,22.1168,88.4167,3,taranagar
IN,India,India,743378,Purba Radhanagar,West Bengal,28,South 24 Parganas,343,NA,,22.1168,88.4167,3,purba-radhanagar
IN,India,India,743378,Kumirmari,West Bengal,28,South 24 Parganas,343,NA,,22.1168,88.4167,3,kumirmari
IN,India,India,743378,Paschim Radhanagar,West Bengal,28,South 24 Parganas,343,NA,,22.1168,88.4167,3,paschim-radhanagar
IN,India,India,743378,Nathpara,West Bengal,28,South 24 Parganas,343,Gosaba,,22.1168,88.4167,3,nathpara
IN,India,India,743378,Chimta,West Bengal,28,South 24 Parganas,343,NA,,22.1168,88.4167,4,chimta
IN,India,India,743378,Bara Mollakhali,West Bengal,28,South 24 Parganas,343,NA,,22.1168,88.4167,3,bara-mollakhali
IN,India,India,743378,Kumirmari Narendrapur,West Bengal,28,South 24 Parganas,343,NA,,22.1168,88.4167,3,kumirmari-narendrapur
IN,India,India,743378,Puinjali,West Bengal,28,South 24 Parganas,343,NA,,22.1168,88.4167,3,puinjali
IN,India,India,743383,Debipur,West Bengal,28,South 24 Parganas,343,Kultali,,22.3055,88.2023,4,debipur
IN,India,India,743383,Kankandighi,West Bengal,28,South 24 Parganas,343,NA,,21.9936,88.4519,4,kankandighi
IN,India,India,743383,Jata,West Bengal,28,South 24 Parganas,343,Kultali,,22.4339,88.3542,3,jata
IN,India,India,743383,Goalara,West Bengal,28,South 24 Parganas,343,Mathurapur - II,,22.4339,88.3542,3,goalara
IN,India,India,743383,Binodpur Ambikanagar,West Bengal,28,South 24 Parganas,343,NA,,22.4339,88.3542,3,binodpur-ambikanagar
IN,India,India,743383,Bhubaneswari Bazar,West Bengal,28,South 24 Parganas,343,Kultali,,22.4339,88.3542,3,bhubaneswari-bazar
IN,India,India,743383,Purba Dwarikapur,West Bengal,28,South 24 Parganas,343,Raidighi,,22.4339,88.3542,3,purba-dwarikapur
IN,India,India,743383,Purba Sridharpur,West Bengal,28,South 24 Parganas,343,NA,,22.4339,88.3542,3,purba-sridharpur
IN,India,India,743383,Uttar Kankandighi,West Bengal,28,South 24 Parganas,343,Mathurapur - II,,22.4339,88.3542,3,uttar-kankandighi
IN,India,India,743383,Achintanagar,West Bengal,28,South 24 Parganas,343,NA,,22.4339,88.3542,3,achintanagar
IN,India,India,743383,Nagendrapur,West Bengal,28,South 24 Parganas,343,NA,,22.4339,88.3542,3,nagendrapur
IN,India,India,743383,Kuemuri,West Bengal,28,South 24 Parganas,343,NA,,22.4339,88.3542,3,kuemuri
IN,India,India,743383,Raidighi,West Bengal,28,South 24 Parganas,343,Mathurapur - II,,22.4339,88.3542,3,raidighi
IN,India,India,743383,Narayanipur,West Bengal,28,South 24 Parganas,343,Mathurapur - II,,22.4339,88.3542,3,narayanipur
IN,India,India,743383,Paschim Jata,West Bengal,28,South 24 Parganas,343,Mathurapur - II,,22.4339,88.3542,3,paschim-jata
IN,India,India,743383,Nagenabad,West Bengal,28,South 24 Parganas,343,Kultali,,22.4339,88.3542,3,nagenabad
IN,India,India,743383,Lakshmi Janardanpur,West Bengal,28,South 24 Parganas,343,NA,,22.4339,88.3542,3,lakshmi-janardanpur
IN,India,India,743383,Kumrapara,West Bengal,28,South 24 Parganas,343,NA,,22.4339,88.3542,3,kumrapara
IN,India,India,743383,Kishorimohanpur,West Bengal,28,South 24 Parganas,343,NA,,22.4339,88.3542,3,kishorimohanpur
IN,India,India,743383,Kedarpur,West Bengal,28,South 24 Parganas,343,NA,,22.4339,88.3542,3,kedarpur
IN,India,India,743383,Jata Jogendrapur,West Bengal,28,South 24 Parganas,343,Raidighi,,22.4339,88.3542,3,jata-jogendrapur
IN,India,India,743383,Heramba Gopalpur,West Bengal,28,South 24 Parganas,343,NA,,22.4339,88.3542,3,heramba-gopalpur
IN,India,India,743383,Damkal,West Bengal,28,South 24 Parganas,343,NA,,22.4339,88.3542,3,damkal
IN,India,India,743383,Dakshin Kashinagar,West Bengal,28,South 24 Parganas,343,NA,,22.4339,88.3542,3,dakshin-kashinagar
IN,India,India,743383,Paschim Sripatinagar,West Bengal,28,South 24 Parganas,343,NA,,22.4339,88.3542,3,paschim-sripatinagar
IN,India,India,743383,Baikunthapur,West Bengal,28,South 24 Parganas,343,NA,,22.1168,88.4167,4,baikunthapur
IN,India,India,743387,Piyali Town,West Bengal,28,South 24 Parganas,343,Baruipur,,22.314,88.6651,4,piyali-town
IN,India,India,743387,Brindakhali,West Bengal,28,South 24 Parganas,343,NA,,22.3448,88.5719,3,brindakhali
IN,India,India,743387,Begampur,West Bengal,28,South 24 Parganas,343,NA,,22.3756,88.4788,4,begampur
IN,India,India,743387,Kumarhat,West Bengal,28,South 24 Parganas,343,NA,,22.3448,88.5719,3,kumarhat
IN,India,India,743387,Dhapdhapi,West Bengal,28,South 24 Parganas,343,Baruipur,,22.3448,88.5719,3,dhapdhapi
IN,India,India,743387,South Ramnagar,West Bengal,28,South 24 Parganas,343,Baruipur,,22.3448,88.5719,3,south-ramnagar
IN,India,India,743387,Sitakundu,West Bengal,28,South 24 Parganas,343,NA,,22.3448,88.5719,3,sitakundu
IN,India,India,743387,Sikharbali,West Bengal,28,South 24 Parganas,343,NA,,22.3448,88.5719,3,sikharbali
IN,India,India,743387,Ramgopalpur,West Bengal,28,South 24 Parganas,343,Baruipur,,22.3448,88.5719,3,ramgopalpur
IN,India,India,743387,Baruipur Bazar,West Bengal,28,South 24 Parganas,343,Baruipur,,22.3448,88.5719,3,baruipur-bazar
IN,India,India,743395,Suta Becha,West Bengal,28,South 24 Parganas,343,NA,,22.3921,88.2627,3,suta-becha
IN,India,India,743395,Bazarberia,West Bengal,28,South 24 Parganas,343,Mandirbazar,,22.3921,88.2627,3,bazarberia
IN,India,India,743395,Chaitanyapur,West Bengal,28,South 24 Parganas,343,NA,,22.3921,88.2627,3,chaitanyapur
IN,India,India,743395,Kecharkur Gopalnagar,West Bengal,28,South 24 Parganas,343,Mandirbazar,,22.3921,88.2627,3,kecharkur-gopalnagar
IN,India,India,743395,Ramakantanagar,West Bengal,28,South 24 Parganas,343,Mandirbazar,,22.3921,88.2627,3,ramakantanagar
IN,India,India,743395,Satghara Debipur,West Bengal,28,South 24 Parganas,343,Mathurapur - I,,22.3921,88.2627,3,satghara-debipur
IN,India,India,743395,Mandir Bazar,West Bengal,28,South 24 Parganas,343,NA,,22.3921,88.2627,3,mandir-bazar
IN,India,India,743395,Digberia,West Bengal,28,South 24 Parganas,343,Mandirbazar,,22.3921,88.2627,3,digberia
IN,India,India,743395,South Bishnupur,West Bengal,28,South 24 Parganas,343,NA,,22.3778,88.2741,4,south-bishnupur
IN,India,India,743395,Chandpur,West Bengal,28,South 24 Parganas,343,NA,,22.4064,88.2512,4,chandpur
IN,India,India,743395,Pranballavpur,West Bengal,28,South 24 Parganas,343,Magrahat - II,,22.3921,88.2627,3,pranballavpur
IN,India,India,743395,Purba Gopalnagar,West Bengal,28,South 24 Parganas,343,NA,,22.3921,88.2627,3,purba-gopalnagar
IN,India,India,743399,Malaya,West Bengal,28,South 24 Parganas,343,NA,,22.3131,88.3402,3,malaya
IN,India,India,743399,Bohalberia,West Bengal,28,South 24 Parganas,343,Dholahat,,22.3131,88.3402,3,bohalberia
IN,India,India,743399,Imamuddipur,West Bengal,28,South 24 Parganas,343,NA,,22.3131,88.3402,3,imamuddipur
IN,India,India,743399,Raghudebpur,West Bengal,28,South 24 Parganas,343,NA,,22.3131,88.3402,3,raghudebpur
IN,India,India,743399,Ramdebpur,West Bengal,28,South 24 Parganas,343,Kulpi,,22.3131,88.3402,3,ramdebpur
IN,India,India,743399,Bahirchak,West Bengal,28,South 24 Parganas,343,Kulpi,,22.3131,88.3402,3,bahirchak
IN,India,India,743399,Bhajna Benepara,West Bengal,28,South 24 Parganas,343,Patharpratima,,22.3131,88.3402,3,bhajna-benepara
IN,India,India,743399,Bhatia,West Bengal,28,South 24 Parganas,343,Patharpratima,,22.3131,88.3402,3,bhatia
IN,India,India,743399,Dakshin Gangadharpur,West Bengal,28,South 24 Parganas,343,NA,,22.3131,88.3402,3,dakshin-gangadharpur
IN,India,India,743399,Dakshin Jagadishpur,West Bengal,28,South 24 Parganas,343,NA,,22.3131,88.3402,3,dakshin-jagadishpur
IN,India,India,743399,Dholahat,West Bengal,28,South 24 Parganas,343,Kulpi,,22.3131,88.3402,3,dholahat
IN,India,India,743399,Durganagar,West Bengal,28,South 24 Parganas,343,Kulpi,,22.3131,88.3402,3,durganagar
IN,India,India,743399,Harinkhola,West Bengal,28,South 24 Parganas,343,NA,,22.3131,88.3402,3,harinkhola
IN,India,India,743399,Jumainaskar,West Bengal,28,South 24 Parganas,343,Kulpi,,22.3131,88.3402,3,jumainaskar
IN,India,India,743399,Konchfal,West Bengal,28,South 24 Parganas,343,Kulpi,,22.3131,88.3402,3,konchfal
IN,India,India,743399,Shibnagar,West Bengal,28,South 24 Parganas,343,NA,,22.3131,88.3402,3,shibnagar
IN,India,India,743399,Siddhiberia,West Bengal,28,South 24 Parganas,343,Kulpi,,22.3131,88.3402,3,siddhiberia
IN,India,India,743399,Srinarayanpur,West Bengal,28,South 24 Parganas,343,Dholahat,,22.3131,88.3402,3,srinarayanpur
IN,India,India,743399,Uttar Birampur,West Bengal,28,South 24 Parganas,343,Dholahat,,22.3131,88.3402,3,uttar-birampur
IN,India,India,743399,Harindanga,West Bengal,28,South 24 Parganas,343,NA,,22.0383,88.3214,4,harindanga
IN,India,India,743399,Taranagar,West Bengal,28,South 24 Parganas,343,NA,,22.1168,88.4167,3,taranagar
IN,India,India,743399,Bhagabatipur,West Bengal,28,South 24 Parganas,343,NA,,22.1168,88.4167,4,bhagabatipur
IN,India,India,743399,Ramchandranagar,West Bengal,28,South 24 Parganas,343,Kakdwip,,22.3719,88.2269,4,ramchandranagar
IN,India,India,743399,Chandipur,West Bengal,28,South 24 Parganas,343,NA,,22.3511,88.4005,4,chandipur
IN,India,India,743399,Bhagabanpur,West Bengal,28,South 24 Parganas,343,Dholahat,,22.1453,88.4106,4,bhagabanpur
IN,India,India,743399,Ramchandrapur,West Bengal,28,South 24 Parganas,343,NA,,22.2781,88.4944,4,ramchandrapur
IN,India,India,743502,Bhangar (NF),West Bengal,28,South 24 Parganas,343,Bhangar - I,,22.4104,88.5151,3,bhangar-nf
IN,India,India,743502,Bhangar Raghunathpur,West Bengal,28,South 24 Parganas,343,Bhangar - I,,22.4104,88.5151,3,bhangar-raghunathpur
IN,India,India,743502,Bhangar Chaltaberia,West Bengal,28,South 24 Parganas,343,Bhangar,,22.4104,88.5151,3,bhangar-chaltaberia
IN,India,India,743502,Bhangar Narayanpur,West Bengal,28,South 24 Parganas,343,Bhangar - I,,22.4854,88.5638,4,bhangar-narayanpur
IN,India,India,743502,Ghoshpur,West Bengal,28,South 24 Parganas,343,Bhangar - I,,22.3893,88.4803,4,ghoshpur
IN,India,India,743502,Dharmatala Panchuria,West Bengal,28,South 24 Parganas,343,Bhangar,,22.4104,88.5151,3,dharmatala-panchuria
IN,India,India,743502,Kantatala,West Bengal,28,South 24 Parganas,343,Bhangar - I,,22.4104,88.5151,3,kantatala
IN,India,India,743502,Shankshar,West Bengal,28,South 24 Parganas,343,Bhangar,,22.4104,88.5151,3,shankshar
IN,India,India,743502,Shanpukur,West Bengal,28,South 24 Parganas,343,Bhangar - II,,22.4104,88.5151,3,shanpukur
IN,India,India,743502,Kulti Lock Gate,West Bengal,28,South 24 Parganas,343,Bhangar - I,,22.4104,88.5151,3,kulti-lock-gate
IN,India,India,743502,Mallick Kati,West Bengal,28,South 24 Parganas,343,Bhangar,,22.4104,88.5151,3,mallick-kati
IN,India,India,743502,Bamunia,West Bengal,28,South 24 Parganas,343,Bhangar,,22.4104,88.5151,3,bamunia
IN,India,India,743502,Kulberia,West Bengal,28,South 24 Parganas,343,Bhangar,,22.4104,88.5151,3,kulberia
IN,India,India,743502,Uttar Madhabpur,West Bengal,28,South 24 Parganas,343,Bhangar - I,,22.4104,88.5151,3,uttar-madhabpur
IN,India,India,743502,Sonapukur,West Bengal,28,South 24 Parganas,343,Bhangar - II,,22.4104,88.5151,3,sonapukur
IN,India,India,743502,Bhangar Gobindapur,West Bengal,28,South 24 Parganas,343,Bhangar - I,,22.4104,88.5151,3,bhangar-gobindapur
IN,India,India,743502,Joypur,West Bengal,28,South 24 Parganas,343,Bhangar - I,,22.4104,88.5151,3,joypur
IN,India,India,743502,Krishnamoti,West Bengal,28,South 24 Parganas,343,Bhangar - II,,22.4104,88.5151,3,krishnamoti
IN,India,India,743502,Kamarganti,West Bengal,28,South 24 Parganas,343,Bhangar,,22.4104,88.5151,3,kamarganti
IN,India,India,743502,Bodra,West Bengal,28,South 24 Parganas,343,Bhangar,,22.4524,88.6093,4,bodra
IN,India,India,743502,Beonta,West Bengal,28,South 24 Parganas,343,Bhangar,,22.5239,88.5203,4,beonta
IN,India,India,743502,Bhojerhat,West Bengal,28,South 24 Parganas,343,Bhangar - I,,22.4104,88.5151,3,bhojerhat
IN,India,India,743502,Chakborali,West Bengal,28,South 24 Parganas,343,Bhangar,,22.4104,88.5151,3,chakborali
IN,India,India,743502,Chandibari,West Bengal,28,South 24 Parganas,343,Bhangar - I,,22.4104,88.5151,3,chandibari
IN,India,India,743502,Deuli,West Bengal,28,South 24 Parganas,343,Bhangar,,22.1168,88.4167,3,deuli
IN,India,India,743502,Iswaripur,West Bengal,28,South 24 Parganas,343,Bhangar - I,,22.2009,88.402,4,iswaripur
IN,India,India,743503,Andharmanik,West Bengal,28,South 24 Parganas,343,NA,,22.3674,88.3575,4,andharmanik
IN,India,India,743503,Sukdebpur,West Bengal,28,South 24 Parganas,343,NA,,22.1508,88.2764,4,sukdebpur
IN,India,India,743503,Ramchandranagar,West Bengal,28,South 24 Parganas,343,NA,,22.3719,88.2269,4,ramchandranagar
IN,India,India,743503,Dakshin Gouripur,West Bengal,28,South 24 Parganas,343,NA,,22.0569,88.605,4,dakshin-gouripur
IN,India,India,743503,Kanganberia,West Bengal,28,South 24 Parganas,343,NA,,22.2805,88.3372,3,kanganberia
IN,India,India,743503,Kanyanagar,West Bengal,28,South 24 Parganas,343,Bishnupur - II,,22.2805,88.3372,3,kanyanagar
IN,India,India,743503,Kalsa,West Bengal,28,South 24 Parganas,343,Bishnupur - II,,22.2805,88.3372,3,kalsa
IN,India,India,743503,Haranandapur,West Bengal,28,South 24 Parganas,343,Bishnupur - II,,22.2805,88.3372,3,haranandapur
IN,India,India,743503,Gotalahat Krishnapur,West Bengal,28,South 24 Parganas,343,NA,,22.2805,88.3372,3,gotalahat-krishnapur
IN,India,India,743503,Ghorahata Mukundapur,West Bengal,28,South 24 Parganas,343,NA,,22.2805,88.3372,3,ghorahata-mukundapur
IN,India,India,743503,Gandhabaduli,West Bengal,28,South 24 Parganas,343,NA,,22.2805,88.3372,3,gandhabaduli
IN,India,India,743503,Doulatabad,West Bengal,28,South 24 Parganas,343,NA,,22.2805,88.3372,3,doulatabad
IN,India,India,743503,Dosatina,West Bengal,28,South 24 Parganas,343,NA,,22.2805,88.3372,3,dosatina
IN,India,India,743503,Domdoma,West Bengal,28,South 24 Parganas,343,NA,,22.2805,88.3372,3,domdoma
IN,India,India,743503,Dakshin Bagi,West Bengal,28,South 24 Parganas,343,Bishnupur - I,,22.2805,88.3372,3,dakshin-bagi
IN,India,India,743503,Dakshin Alipore,West Bengal,28,South 24 Parganas,343,Bishnupur - I,,22.2805,88.3372,3,dakshin-alipore
IN,India,India,743503,Uttar Kasthamahal,West Bengal,28,South 24 Parganas,343,Bishnupur - I,,22.2805,88.3372,3,uttar-kasthamahal
IN,India,India,743503,Charashyamdas,West Bengal,28,South 24 Parganas,343,Bishnupur - II,,22.2805,88.3372,3,charashyamdas
IN,India,India,743503,Chandpala,West Bengal,28,South 24 Parganas,343,Falta,,22.2805,88.3372,3,chandpala
IN,India,India,743503,Chandandaha,West Bengal,28,South 24 Parganas,343,NA,,22.2805,88.3372,3,chandandaha
IN,India,India,743503,Chak Haturia,West Bengal,28,South 24 Parganas,343,Bishnupur - I,,22.2805,88.3372,3,chak-haturia
IN,India,India,743503,Chak Enayetnagar,West Bengal,28,South 24 Parganas,343,Bishnupur - II,,22.2805,88.3372,3,chak-enayetnagar
IN,India,India,743503,Bhataria,West Bengal,28,South 24 Parganas,343,Bishnupur - I,,22.2805,88.3372,3,bhataria
IN,India,India,743503,Betberia,West Bengal,28,South 24 Parganas,343,NA,,22.2805,88.3372,3,betberia
IN,India,India,743503,Baragagon Gohalia,West Bengal,28,South 24 Parganas,343,Bishnupur,,22.2805,88.3372,3,baragagon-gohalia
IN,India,India,743503,Paschim Chamni,West Bengal,28,South 24 Parganas,343,NA,,22.2805,88.3372,3,paschim-chamni
IN,India,India,743503,Pairachali,West Bengal,28,South 24 Parganas,343,Magrahat - I,,22.2805,88.3372,3,pairachali
IN,India,India,743503,Mestakhali,West Bengal,28,South 24 Parganas,343,NA,,22.2805,88.3372,3,mestakhali
IN,India,India,743503,Bishnupur (South 24 Parganas),West Bengal,28,South 24 Parganas,343,Bishnupur,,22.3778,88.2741,4,bishnupur-south-24-parganas
IN,India,India,743503,Bakrabad,West Bengal,28,South 24 Parganas,343,Bishnupur - I,,22.2805,88.3372,3,bakrabad
IN,India,India,743503,Kaikhali Boinchbati,West Bengal,28,South 24 Parganas,343,Bishnupur - I,,22.2805,88.3372,3,kaikhali-boinchbati
IN,India,India,743503,Dighirpar Bazar,West Bengal,28,South 24 Parganas,343,Bishnupur - II,,22.2805,88.3372,3,dighirpar-bazar
IN,India,India,743503,Chandi,West Bengal,28,South 24 Parganas,343,NA,,22.3578,88.2835,4,chandi
IN,India,India,743503,Makhna,West Bengal,28,South 24 Parganas,343,Bishnupur - II,,22.1168,88.4167,3,makhna
IN,India,India,743503,Balakhali,West Bengal,28,South 24 Parganas,343,NA,,22.2805,88.3372,3,balakhali
IN,India,India,743504,Chaberia,West Bengal,28,South 24 Parganas,343,Falta,,22.2209,88.1436,3,chaberia
IN,India,India,743504,Sahararhat,West Bengal,28,South 24 Parganas,343,Falta,,22.2209,88.1436,3,sahararhat
IN,India,India,743504,Sadhurhat,West Bengal,28,South 24 Parganas,343,Falta,,22.2209,88.1436,3,sadhurhat
IN,India,India,743504,Seorahati,West Bengal,28,South 24 Parganas,343,NA,,22.2209,88.1436,3,seorahati
IN,India,India,743504,Puratan Ramgarh,West Bengal,28,South 24 Parganas,343,Falta,,22.2209,88.1436,3,puratan-ramgarh
IN,India,India,743504,Anatarampur,West Bengal,28,South 24 Parganas,343,Falta,,22.2209,88.1436,3,anatarampur
IN,India,India,743504,Panarhat,West Bengal,28,South 24 Parganas,343,Diamond Harbour - II,,22.2209,88.1436,3,panarhat
IN,India,India,743504,Karaiberia,West Bengal,28,South 24 Parganas,343,Falta,,22.2209,88.1436,3,karaiberia
IN,India,India,743504,Kalatalahat,West Bengal,28,South 24 Parganas,343,Falta,,22.2209,88.1436,3,kalatalahat
IN,India,India,743504,Belsinga,West Bengal,28,South 24 Parganas,343,NA,,22.2209,88.1436,3,belsinga
IN,India,India,743504,Dostipur,West Bengal,28,South 24 Parganas,343,NA,,22.2209,88.1436,3,dostipur
IN,India,India,743504,Bishra,West Bengal,28,South 24 Parganas,343,NA,,22.2209,88.1436,3,bishra
IN,India,India,743504,Gopalpurhat,West Bengal,28,South 24 Parganas,343,Falta,,22.2209,88.1436,3,gopalpurhat
IN,India,India,743504,Falta,West Bengal,28,South 24 Parganas,343,NA,,22.3002,88.1071,4,falta
IN,India,India,743504,Bhadura,West Bengal,28,South 24 Parganas,343,NA,,22.2783,88.1331,4,bhadura
IN,India,India,743504,Nainan,West Bengal,28,South 24 Parganas,343,NA,,22.2635,88.0919,4,nainan
IN,India,India,743504,Jamira,West Bengal,28,South 24 Parganas,343,NA,,22.1168,88.4167,3,jamira
IN,India,India,743504,Rajarampur,West Bengal,28,South 24 Parganas,343,NA,,22.0417,88.2425,4,rajarampur
IN,India,India,743504,Mohirampur,West Bengal,28,South 24 Parganas,343,Falta,,22.2209,88.1436,3,mohirampur
IN,India,India,743513,Fatehpur (South 24 Parganas),West Bengal,28,South 24 Parganas,343,Falta,,22.286,88.2363,4,fatehpur-south-24-parganas
IN,India,India,743513,Sitalatala Rajarampur,West Bengal,28,South 24 Parganas,343,Magrahat - II,,22.3024,88.2334,3,sitalatala-rajarampur
IN,India,India,743513,Aushberia,West Bengal,28,South 24 Parganas,343,Falta,,22.3024,88.2334,3,aushberia
IN,India,India,743513,Banganagar,West Bengal,28,South 24 Parganas,343,NA,,22.3024,88.2334,3,banganagar
IN,India,India,743513,Chaluary,West Bengal,28,South 24 Parganas,343,NA,,22.3024,88.2334,3,chaluary
IN,India,India,743513,Hasimnagar,West Bengal,28,South 24 Parganas,343,NA,,22.3024,88.2334,3,hasimnagar
IN,India,India,743513,Iyarpur,West Bengal,28,South 24 Parganas,343,NA,,22.3024,88.2334,3,iyarpur
IN,India,India,743513,Pikhira,West Bengal,28,South 24 Parganas,343,NA,,22.3024,88.2334,3,pikhira
IN,India,India,743513,Serakole,West Bengal,28,South 24 Parganas,343,Mathurapur - I,,22.3024,88.2334,3,serakole
IN,India,India,743513,Sherpur,West Bengal,28,South 24 Parganas,343,Magrahat - II,,22.3024,88.2334,3,sherpur
IN,India,India,743513,Jafarpur,West Bengal,28,South 24 Parganas,343,NA,,22.3188,88.2305,4,jafarpur
IN,India,India,743609,Kamalpur,West Bengal,28,South 24 Parganas,343,NA,,22.1168,88.4167,4,kamalpur
IN,India,India,743609,Maheshwara,West Bengal,28,South 24 Parganas,343,NA,,22.1168,88.4167,3,maheshwara
IN,India,India,743609,Naria,West Bengal,28,South 24 Parganas,343,Magrahat - II,,22.1168,88.4167,3,naria
IN,India,India,743609,Kalash,West Bengal,28,South 24 Parganas,343,Magrahat - II,,22.1168,88.4167,3,kalash
IN,India,India,743609,Jalghara,West Bengal,28,South 24 Parganas,343,NA,,22.1168,88.4167,3,jalghara
IN,India,India,743609,Dodalia,West Bengal,28,South 24 Parganas,343,NA,,22.1168,88.4167,3,dodalia
IN,India,India,743609,Beramara,West Bengal,28,South 24 Parganas,343,NA,,22.1168,88.4167,3,beramara
IN,India,India,743609,Kuldia,West Bengal,28,South 24 Parganas,343,NA,,22.1168,88.4167,3,kuldia
IN,India,India,743609,Rangilabad,West Bengal,28,South 24 Parganas,343,NA,,22.1168,88.4167,3,rangilabad
IN,India,India,743609,Maheshdari,West Bengal,28,South 24 Parganas,343,NA,,22.1168,88.4167,3,maheshdari
IN,India,India,743609,Hansuri,West Bengal,28,South 24 Parganas,343,NA,,22.2586,88.3361,4,hansuri
IN,India,India,743610,Multi,West Bengal,28,South 24 Parganas,343,NA,,22.2886,88.4225,4,multi
IN,India,India,743610,Kundarali,West Bengal,28,South 24 Parganas,343,NA,,22.1168,88.4167,3,kundarali
IN,India,India,743610,Raskhali,West Bengal,28,South 24 Parganas,343,Magrahat - I,,22.1168,88.4167,3,raskhali
IN,India,India,743610,Purandarpur Math,West Bengal,28,South 24 Parganas,343,NA,,22.1168,88.4167,3,purandarpur-math
IN,India,India,743610,Durgapur Baruipur,West Bengal,28,South 24 Parganas,343,Baruipur,,22.1168,88.4167,3,durgapur-baruipur
IN,India,India,743610,Bharu Ramkrishnapur,West Bengal,28,South 24 Parganas,343,Kashinagar,,22.1168,88.4167,3,bharu-ramkrishnapur
IN,India,India,743610,Hotor,West Bengal,28,South 24 Parganas,343,NA,,22.1168,88.4167,3,hotor
IN,India,India,743610,Indrapala,West Bengal,28,South 24 Parganas,343,NA,,22.1168,88.4167,3,indrapala
IN,India,India,743610,Kalinagar,West Bengal,28,South 24 Parganas,343,Baruipur,,22.1168,88.4167,4,kalinagar
IN,India,India,743610,Mirpur Daulatpur,West Bengal,28,South 24 Parganas,343,Baruipur,,22.1168,88.4167,3,mirpur-daulatpur
IN,India,India,743610,Chakparan Kantakhali,West Bengal,28,South 24 Parganas,343,Madarat,,22.1168,88.4167,3,chakparan-kantakhali
IN,India,India,743610,Moukhali,West Bengal,28,South 24 Parganas,343,NA,,22.1168,88.4167,3,moukhali
IN,India,India,743610,Sankarpur,West Bengal,28,South 24 Parganas,343,NA,,22.1168,88.4167,4,sankarpur
IN,India,India,743610,Madarat,West Bengal,28,South 24 Parganas,343,NA,,22.1168,88.4167,3,madarat
IN,India,India,743610,Tentulia,West Bengal,28,South 24 Parganas,343,Baruipur,,22.1168,88.4167,4,tentulia
IN,India,India,743610,South Mohanpur,West Bengal,28,South 24 Parganas,343,Magrahat - II,,22.1168,88.4167,3,south-mohanpur
IN,India,India,743610,Dhamua,West Bengal,28,South 24 Parganas,343,NA,,22.2883,88.3938,4,dhamua
IN,India,India,743611,Chunakhali,West Bengal,28,South 24 Parganas,343,NA,,22.2972,88.7883,4,chunakhali
IN,India,India,743611,Purba Boyarsingh,West Bengal,28,South 24 Parganas,343,NA,,22.2972,88.7883,3,purba-boyarsingh
IN,India,India,743611,Paulpur,West Bengal,28,South 24 Parganas,343,NA,,22.2972,88.7883,3,paulpur
IN,India,India,743611,Pathan Khali,West Bengal,28,South 24 Parganas,343,NA,,22.2972,88.7883,3,pathan-khali
IN,India,India,743611,Kamakshyapur,West Bengal,28,South 24 Parganas,343,NA,,22.2972,88.7883,3,kamakshyapur
IN,India,India,743611,Jhowkhali,West Bengal,28,South 24 Parganas,343,NA,,22.2972,88.7883,3,jhowkhali
IN,India,India,743611,Gopalkata,West Bengal,28,South 24 Parganas,343,NA,,22.2972,88.7883,3,gopalkata
IN,India,India,743611,Daudpur Hatkhola,West Bengal,28,South 24 Parganas,343,Canning - I,,22.2972,88.7883,3,daudpur-hatkhola
IN,India,India,743611,Bat Tali,West Bengal,28,South 24 Parganas,343,NA,,22.2972,88.7883,3,bat-tali
IN,India,India,743611,Batakhali Chandipur,West Bengal,28,South 24 Parganas,343,Baruipur,,22.2972,88.7883,3,batakhali-chandipur
IN,India,India,743611,Sambhunagar,West Bengal,28,South 24 Parganas,343,NA,,22.2972,88.7883,3,sambhunagar
IN,India,India,743613,Beniabow,West Bengal,28,South 24 Parganas,343,NA,,22.1168,88.4167,1,beniabow
IN,India,India,743613,South Garia,West Bengal,28,South 24 Parganas,343,Baruipur,,22.1168,88.4167,1,south-garia
IN,India,India,721101,Midnapore Sitala,West Bengal,28,West Midnapore,344,Midnapore,,22.4617,87.1485,1,midnapore-sitala
IN,India,India,721101,Midnapore Police Line,West Bengal,28,West Midnapore,344,Midnapore,,22.4617,87.1485,1,midnapore-police-line
IN,India,India,721101,Midnapore Court,West Bengal,28,West Midnapore,344,Midnapore,,22.4617,87.1485,1,midnapore-court
IN,India,India,721101,Midnapore Collectorate,West Bengal,28,West Midnapore,344,Midnapore,,22.4617,87.1485,1,midnapore-collectorate
IN,India,India,721101,Midnapore H.O,West Bengal,28,West Midnapore,344,Midnapore,,22.4617,87.1485,1,midnapore-h-o
IN,India,India,721101,Midnapore DSB,West Bengal,28,West Midnapore,344,Midnapore,,22.4617,87.1485,1,midnapore-dsb
IN,India,India,721101,Boxibazar,West Bengal,28,West Midnapore,344,Midnapore,,22.4617,87.1485,1,boxibazar
IN,India,India,721101,Habibpur (West Midnapore),West Bengal,28,West Midnapore,344,Midnapore,,22.4617,87.1485,1,habibpur-west-midnapore
IN,India,India,721101,Natunbazar (West Midnapore),West Bengal,28,West Midnapore,344,Midnapore,,22.4617,87.1485,1,natunbazar-west-midnapore
IN,India,India,721102,Chandra,West Bengal,28,West Midnapore,344,Midnapore,,22.4617,87.1485,4,chandra
IN,India,India,721102,Sirisdanga,West Bengal,28,West Midnapore,344,Midnapore,,22.4617,87.1485,3,sirisdanga
IN,India,India,721102,Vidyasagar University,West Bengal,28,West Midnapore,344,Midnapore,,22.4617,87.1485,3,vidyasagar-university
IN,India,India,721102,Nayagram Benasuli,West Bengal,28,West Midnapore,344,Midnapore,,22.4617,87.1485,3,nayagram-benasuli
IN,India,India,721102,Monidaha,West Bengal,28,West Midnapore,344,Midnapore,,22.4617,87.1485,3,monidaha
IN,India,India,721102,Mataldanga,West Bengal,28,West Midnapore,344,Midnapore,,22.4617,87.1485,3,mataldanga
IN,India,India,721102,Siromoni,West Bengal,28,West Midnapore,344,Midnapore,,22.4617,87.1485,3,siromoni
IN,India,India,721102,Gurguripal,West Bengal,28,West Midnapore,344,Midnapore,,22.4617,87.1485,3,gurguripal
IN,India,India,721102,Ellaboni,West Bengal,28,West Midnapore,344,Midnapore,,22.4617,87.1485,3,ellaboni
IN,India,India,721102,Dherua,West Bengal,28,West Midnapore,344,Midnapore,,22.4617,87.1485,3,dherua
IN,India,India,721102,Tantigeria,West Bengal,28,West Midnapore,344,Midnapore,,22.4617,87.1485,3,tantigeria
IN,India,India,721102,Abash,West Bengal,28,West Midnapore,344,Midnapore,,22.4617,87.1485,3,abash
IN,India,India,721121,Agra,West Bengal,28,West Midnapore,344,Garhbeta-I,,22.4143,87.267,3,agra
IN,India,India,721121,Banpukuria,West Bengal,28,West Midnapore,344,Midnapore,,22.4143,87.267,3,banpukuria
IN,India,India,721121,Nohari,West Bengal,28,West Midnapore,344,Garhbeta-I,,22.4143,87.267,3,nohari
IN,India,India,721121,Nepura,West Bengal,28,West Midnapore,344,Midnapore,,22.4143,87.267,3,nepura
IN,India,India,721121,Patharpara,West Bengal,28,West Midnapore,344,Garhbeta-II,,22.4143,87.267,3,patharpara
IN,India,India,721121,Mayta,West Bengal,28,West Midnapore,344,Midnapore,,22.4143,87.267,3,mayta
IN,India,India,721121,Lachipur,West Bengal,28,West Midnapore,344,Binpur-I,,22.4143,87.267,3,lachipur
IN,India,India,721121,Manglapur,West Bengal,28,West Midnapore,344,Midnapore,,22.4143,87.267,3,manglapur
IN,India,India,721121,Sijua,West Bengal,28,West Midnapore,344,Midnapore,,22.4143,87.267,3,sijua
IN,India,India,721121,Makli,West Bengal,28,West Midnapore,344,Midnapore,,22.4143,87.267,3,makli
IN,India,India,721121,Jirapara,West Bengal,28,West Midnapore,344,Midnapore,,22.4143,87.267,3,jirapara
IN,India,India,721121,Kantapahari,West Bengal,28,West Midnapore,344,Midnapore,,22.4143,87.267,4,kantapahari
IN,India,India,721121,Fatesingpur,West Bengal,28,West Midnapore,344,Midnapore,,22.4143,87.267,3,fatesingpur
IN,India,India,721121,Bagri Krishnanagar,West Bengal,28,West Midnapore,344,Midnapore,,22.4143,87.267,3,bagri-krishnanagar
IN,India,India,721121,Dobati,West Bengal,28,West Midnapore,344,Garhbeta-II,,22.4143,87.267,3,dobati
IN,India,India,721121,Dhamcha,West Bengal,28,West Midnapore,344,Midnapore,,22.4143,87.267,3,dhamcha
IN,India,India,721121,Betjharia,West Bengal,28,West Midnapore,344,Midnapore,,22.4143,87.267,3,betjharia
IN,India,India,721121,Amlagora,West Bengal,28,West Midnapore,344,Midnapore,,22.8462,87.3356,4,amlagora
IN,India,India,721121,Jagardanga,West Bengal,28,West Midnapore,344,Garhbeta-II,,22.4143,87.267,3,jagardanga
IN,India,India,721122,Anandapur (West Midnapore),West Bengal,28,West Midnapore,344,Midnapore,,22.4143,87.267,1,anandapur-west-midnapore
IN,India,India,721122,Kongarer Ayma,West Bengal,28,West Midnapore,344,Midnapore,,22.4143,87.267,1,kongarer-ayma
IN,India,India,721122,Sahaspur,West Bengal,28,West Midnapore,344,Midnapore,,22.4143,87.267,1,sahaspur
IN,India,India,721122,Duria Radhaballav,West Bengal,28,West Midnapore,344,Midnapore,,22.4143,87.267,1,duria-radhaballav
IN,India,India,721122,Kamargeria,West Bengal,28,West Midnapore,344,Midnapore,,22.4143,87.267,1,kamargeria
IN,India,India,721122,Kanasole,West Bengal,28,West Midnapore,344,Midnapore,,22.4143,87.267,1,kanasole
IN,India,India,721122,Kotai,West Bengal,28,West Midnapore,344,Midnapore,,22.4143,87.267,1,kotai
IN,India,India,721122,Barateghari,West Bengal,28,West Midnapore,344,Midnapore,,22.4143,87.267,1,barateghari
IN,India,India,721124,Antala,West Bengal,28,West Midnapore,344,Ballichak,,22.4143,87.267,3,antala
IN,India,India,721124,Kalikadihi,West Bengal,28,West Midnapore,344,Midnapore,,22.4143,87.267,3,kalikadihi
IN,India,India,721124,Jhanjia,West Bengal,28,West Midnapore,344,Kharagpur,,22.4143,87.267,3,jhanjia
IN,India,India,721124,Chakshyampur,West Bengal,28,West Midnapore,344,Kharagpur,,22.4143,87.267,3,chakshyampur
IN,India,India,721124,Brahmansasan,West Bengal,28,West Midnapore,344,Kharagpur,,22.4143,87.267,3,brahmansasan
IN,India,India,721124,Ballichak,West Bengal,28,West Midnapore,344,Kharagpur,,22.4143,87.267,3,ballichak
IN,India,India,721124,Pasang,West Bengal,28,West Midnapore,344,Debra,,22.4143,87.267,3,pasang
IN,India,India,721124,Guruganj,West Bengal,28,West Midnapore,344,Kharagpur,,22.4143,87.267,3,guruganj
IN,India,India,721124,Darra,West Bengal,28,West Midnapore,344,Pingla,,22.4143,87.267,4,darra
IN,India,India,721125,Morchi,West Bengal,28,West Midnapore,344,Morchi,,22.4143,87.267,1,morchi
IN,India,India,721125,Chilkipada,West Bengal,28,West Midnapore,344,Chilkipada,,22.4143,87.267,1,chilkipada
IN,India,India,721125,Dolgram,West Bengal,28,West Midnapore,344,Dolgram,,22.4143,87.267,1,dolgram
IN,India,India,721125,Satpautia,West Bengal,28,West Midnapore,344,Satpautia,,22.4143,87.267,1,satpautia
IN,India,India,721125,Banskuthi,West Bengal,28,West Midnapore,344,Banskuthi,,22.4143,87.267,1,banskuthi
IN,India,India,721125,Baligeria,West Bengal,28,West Midnapore,344,Baligeria,,22.4143,87.267,1,baligeria
IN,India,India,721125,Baranegui,West Bengal,28,West Midnapore,344,Baranegui,,22.4143,87.267,1,baranegui
IN,India,India,721125,Dhumsai,West Bengal,28,West Midnapore,344,Dhumsai,,22.4143,87.267,1,dhumsai
IN,India,India,721125,Dokra,West Bengal,28,West Midnapore,344,Dokra,,22.4143,87.267,1,dokra
IN,India,India,721125,Banisole,West Bengal,28,West Midnapore,344,Banisole,,22.4143,87.267,1,banisole
IN,India,India,721125,Kuldiha,West Bengal,28,West Midnapore,344,Kuldiha,,22.4143,87.267,1,kuldiha
IN,India,India,721125,Nagripada,West Bengal,28,West Midnapore,344,Nagripada,,22.4143,87.267,1,nagripada
IN,India,India,721125,Paika,West Bengal,28,West Midnapore,344,Paika,,22.4143,87.267,1,paika
IN,India,India,721125,Chandabila,West Bengal,28,West Midnapore,344,Chandabila,,23.5234,87.6598,1,chandabila
IN,India,India,721126,Dhamtore,West Bengal,28,West Midnapore,344,Kharagpur,,22.4143,87.267,3,dhamtore
IN,India,India,721126,Debra Bazar,West Bengal,28,West Midnapore,344,Kharagpur,,22.4143,87.267,3,debra-bazar
IN,India,India,721126,Pakuria,West Bengal,28,West Midnapore,344,Keshpur,,22.4143,87.267,4,pakuria
IN,India,India,721126,Chaklahana,West Bengal,28,West Midnapore,344,Kharagpur,,22.4143,87.267,3,chaklahana
IN,India,India,721126,Mukshudpur,West Bengal,28,West Midnapore,344,Kharagpur,,22.4143,87.267,3,mukshudpur
IN,India,India,721126,Chaknarsing,West Bengal,28,West Midnapore,344,Kharagpur,,22.4143,87.267,3,chaknarsing
IN,India,India,721126,Arjuni,West Bengal,28,West Midnapore,344,Kharagpur,,22.4143,87.267,4,arjuni
IN,India,India,721126,Keoshi,West Bengal,28,West Midnapore,344,Midnapore,,22.4143,87.267,3,keoshi
IN,India,India,721126,Chhota Bhagabanpur,West Bengal,28,West Midnapore,344,Midnapore,,22.4143,87.267,3,chhota-bhagabanpur
IN,India,India,721127,Fulberia,West Bengal,28,West Midnapore,344,Midnapore,,22.6901,87.7202,3,fulberia
IN,India,India,721127,Krishnapur,West Bengal,28,West Midnapore,344,Midnapore,,22.4143,87.267,4,krishnapur
IN,India,India,721127,Malbandi,West Bengal,28,West Midnapore,344,Garhbeta-I,,22.6901,87.7202,3,malbandi
IN,India,India,721127,Uttarbil,West Bengal,28,West Midnapore,344,Garhbeta-I,,22.6901,87.7202,3,uttarbil
IN,India,India,721127,Sanpdaha,West Bengal,28,West Midnapore,344,Garhbeta-I,,22.6901,87.7202,3,sanpdaha
IN,India,India,721127,Sanmura,West Bengal,28,West Midnapore,344,Garhbeta-I,,22.6901,87.7202,3,sanmura
IN,India,India,721127,Sandhipur,West Bengal,28,West Midnapore,344,Garhbeta-I,,22.6901,87.7202,3,sandhipur
IN,India,India,721127,Chandeabila Khudiasole,West Bengal,28,West Midnapore,344,Garhbeta-III,,22.6901,87.7202,3,chandeabila-khudiasole
IN,India,India,721127,Dhadika,West Bengal,28,West Midnapore,344,Midnapore,,22.6901,87.7202,3,dhadika
IN,India,India,721127,Gopalsole,West Bengal,28,West Midnapore,344,Midnapore,,22.6901,87.7202,3,gopalsole
IN,India,India,721127,Kharkusma,West Bengal,28,West Midnapore,344,Midnapore,,22.6901,87.7202,3,kharkusma
IN,India,India,721127,Panikotor,West Bengal,28,West Midnapore,344,Midnapore,,22.6901,87.7202,3,panikotor
IN,India,India,721127,Pathartoria,West Bengal,28,West Midnapore,344,Garhbeta-I,,22.6901,87.7202,3,pathartoria
IN,India,India,721127,Raskundu,West Bengal,28,West Midnapore,344,Garhbeta-III,,22.6901,87.7202,3,raskundu
IN,India,India,721127,Garhbeta,West Bengal,28,West Midnapore,344,Midnapore,,22.71,87.171,4,garhbeta
IN,India,India,721128,Ramgarh (West Midnapore),West Bengal,28,West Midnapore,344,Ramgarh,,22.6929,87.0587,4,ramgarh-west-midnapore
IN,India,India,721128,Debagram,West Bengal,28,West Midnapore,344,Midnapore,,22.4143,87.267,4,debagram
IN,India,India,721128,Andharia Bandri Sole,West Bengal,28,West Midnapore,344,Garhbeta-II,,22.4143,87.267,3,andharia-bandri-sole
IN,India,India,721128,Doulatchak,West Bengal,28,West Midnapore,344,Doulatchak,,22.4143,87.267,3,doulatchak
IN,India,India,721128,Bulanpur,West Bengal,28,West Midnapore,344,Midnapore,,22.4143,87.267,3,bulanpur
IN,India,India,721128,Pingboni,West Bengal,28,West Midnapore,344,Garhbeta-II,,22.4143,87.267,3,pingboni
IN,India,India,721128,Goaltore,West Bengal,28,West Midnapore,344,Midnapore,,22.7094,87.1696,4,goaltore
IN,India,India,721129,Godapeasal,West Bengal,28,West Midnapore,344,NA,,22.4143,87.267,1,godapeasal
IN,India,India,721129,Beuncha,West Bengal,28,West Midnapore,344,Salboni,,22.4143,87.267,1,beuncha
IN,India,India,721129,Gohaldihi,West Bengal,28,West Midnapore,344,Midnapore,,22.4143,87.267,1,gohaldihi
IN,India,India,721129,Kashijora,West Bengal,28,West Midnapore,344,Salboni,,22.4143,87.267,1,kashijora
IN,India,India,721129,Karnagarh,West Bengal,28,West Midnapore,344,Salbani,,22.4143,87.267,1,karnagarh
IN,India,India,721129,Bhadutala,West Bengal,28,West Midnapore,344,Salbani,,22.4143,87.267,1,bhadutala
IN,India,India,721130,Dudhkumrarhat,West Bengal,28,West Midnapore,344,Daspur,,22.4143,87.267,1,dudhkumrarhat
IN,India,India,721130,Sreebora,West Bengal,28,West Midnapore,344,Daspur,,22.4143,87.267,1,sreebora
IN,India,India,721131,Kalidan,West Bengal,28,West Midnapore,344,Midnapore,,22.4143,87.267,1,kalidan
IN,India,India,721131,Gobardhanpur,West Bengal,28,West Midnapore,344,Midnapore,,22.4143,87.267,1,gobardhanpur
IN,India,India,721131,Dangalsa,West Bengal,28,West Midnapore,344,Midnapore,,22.4143,87.267,1,dangalsa
IN,India,India,721131,Ragpur,West Bengal,28,West Midnapore,344,Pingla,,22.4143,87.267,1,ragpur
IN,India,India,721131,Saharda,West Bengal,28,West Midnapore,344,Pingla,,22.4143,87.267,1,saharda
IN,India,India,721131,Pindrui,West Bengal,28,West Midnapore,344,Pingla,,22.4143,87.267,1,pindrui
IN,India,India,721131,Hour,West Bengal,28,West Midnapore,344,Kharagpur,,22.4143,87.267,1,hour
IN,India,India,721132,Reserve Bank Nm Ltd.,West Bengal,28,West Midnapore,344,Salboni,,22.4143,87.267,1,reserve-bank-nm-ltd
IN,India,India,721133,June Belda,West Bengal,28,West Midnapore,344,June Belda,,22.4143,87.267,3,june-belda
IN,India,India,721133,Jamsole,West Bengal,28,West Midnapore,344,Jamsole,,22.4143,87.267,3,jamsole
IN,India,India,721133,Ganasarisa,West Bengal,28,West Midnapore,344,Ganasarisa,,22.4143,87.267,3,ganasarisa
IN,India,India,721133,Gaganeswar,West Bengal,28,West Midnapore,344,Gaganeswar,,22.4143,87.267,3,gaganeswar
IN,India,India,721133,Kushgeria,West Bengal,28,West Midnapore,344,Kuishgeria,,22.4143,87.267,3,kushgeria
IN,India,India,721133,Nachhipur,West Bengal,28,West Midnapore,344,Nachhipur,,22.4143,87.267,3,nachhipur
IN,India,India,721133,Borah,West Bengal,28,West Midnapore,344,Borah,,22.4143,87.267,3,borah
IN,India,India,721133,Rautarapur,West Bengal,28,West Midnapore,344,Rautarapur,,22.4143,87.267,3,rautarapur
IN,India,India,721133,Santrapur,West Bengal,28,West Midnapore,344,Santrapur,,22.4143,87.267,3,santrapur
IN,India,India,721133,Singaijamuna,West Bengal,28,West Midnapore,344,Singaijamuna,,22.4143,87.267,3,singaijamuna
IN,India,India,721133,Sukharole,West Bengal,28,West Midnapore,344,Sukharole,,22.4143,87.267,3,sukharole
IN,India,India,721133,Uttar Dumurkhola,West Bengal,28,West Midnapore,344,Uttar Dumurkhola,,22.4143,87.267,3,uttar-dumurkhola
IN,India,India,721133,Kukai,West Bengal,28,West Midnapore,344,Kukai,,22.4143,87.267,3,kukai
IN,India,India,721133,Baghasti,West Bengal,28,West Midnapore,344,Baghasti,,22.4143,87.267,3,baghasti
IN,India,India,721133,Lengamara,West Bengal,28,West Midnapore,344,Lengamara,,22.4143,87.267,3,lengamara
IN,India,India,721133,Benadiha,West Bengal,28,West Midnapore,344,Benadiha,,22.4143,87.267,3,benadiha
IN,India,India,721133,Markanda,West Bengal,28,West Midnapore,344,Markanda,,22.4143,87.267,3,markanda
IN,India,India,721133,Bhasra,West Bengal,28,West Midnapore,344,Bhasra,,22.4143,87.267,3,bhasra
IN,India,India,721133,Amda,West Bengal,28,West Midnapore,344,Amda,,22.4143,87.267,3,amda
IN,India,India,721133,Keshiary,West Bengal,28,West Midnapore,344,Keshiary,,22.1167,87.2345,4,keshiary
IN,India,India,721133,Chakla,West Bengal,28,West Midnapore,344,Chakla,,22.4143,87.267,4,chakla
IN,India,India,721135,Keshiapada,West Bengal,28,West Midnapore,344,Keshiapada,,22.4143,87.267,3,keshiapada
IN,India,India,721135,Tilaboni Mahisamunda,West Bengal,28,West Midnapore,344,T.mahisamunda,,22.4143,87.267,3,tilaboni-mahisamunda
IN,India,India,721135,Dumuria Sirisboni,West Bengal,28,West Midnapore,344,D.s.boni,,22.4143,87.267,3,dumuria-sirisboni
IN,India,India,721135,Laudaha,West Bengal,28,West Midnapore,344,Laudaha,,22.4143,87.267,3,laudaha
IN,India,India,721135,Pathra,West Bengal,28,West Midnapore,344,Pathra,,22.4143,87.267,4,pathra
IN,India,India,721135,Chunpara,West Bengal,28,West Midnapore,344,Chunpara,,22.4143,87.267,3,chunpara
IN,India,India,721135,Ranbonia,West Bengal,28,West Midnapore,344,Ranbonia,,22.4143,87.267,3,ranbonia
IN,India,India,721135,Binandapur,West Bengal,28,West Midnapore,344,Binandapur,,22.4143,87.267,3,binandapur
IN,India,India,721135,Kultikri,West Bengal,28,West Midnapore,344,Kultikri,,22.4143,87.267,3,kultikri
IN,India,India,721135,Bakrachak,West Bengal,28,West Midnapore,344,Bakrachak,,22.4143,87.267,3,bakrachak
IN,India,India,721135,Chhorda,West Bengal,28,West Midnapore,344,Chhorda,,22.4143,87.267,3,chhorda
IN,India,India,721136,Math Bishnupur,West Bengal,28,West Midnapore,344,Midnapore,,22.4143,87.267,3,math-bishnupur
IN,India,India,721136,Bhagirathpur,West Bengal,28,West Midnapore,344,Kharagpur,,22.4143,87.267,3,bhagirathpur
IN,India,India,721136,Bikrampur,West Bengal,28,West Midnapore,344,Kharagpur,,22.4143,87.267,3,bikrampur
IN,India,India,721136,Chakbajit,West Bengal,28,West Midnapore,344,Kharagpur,,22.4143,87.267,3,chakbajit
IN,India,India,721136,Golegram,West Bengal,28,West Midnapore,344,Kharagpur,,22.4143,87.267,3,golegram
IN,India,India,721136,Hariharpur,West Bengal,28,West Midnapore,344,Kharagpur,,22.4143,87.267,4,hariharpur
IN,India,India,721136,Shanrpur,West Bengal,28,West Midnapore,344,Kharagpur,,22.4143,87.267,3,shanrpur
IN,India,India,721136,Kankra Atmaram,West Bengal,28,West Midnapore,344,Midnapore,,22.4143,87.267,3,kankra-atmaram
IN,India,India,721136,Kalikageria,West Bengal,28,West Midnapore,344,Midnapore,,22.4143,87.267,3,kalikageria
IN,India,India,721136,Barati,West Bengal,28,West Midnapore,344,Kharagpur,,22.4143,87.267,3,barati
IN,India,India,721136,Lowada,West Bengal,28,West Midnapore,344,Midnapore,,22.4487,87.6159,4,lowada
IN,India,India,721140,Aknageria,West Bengal,28,West Midnapore,344,Pingla,,22.4143,87.267,3,aknageria
IN,India,India,721140,Khirai,West Bengal,28,West Midnapore,344,Midnapore,,22.4143,87.267,3,khirai
IN,India,India,721140,Naya,West Bengal,28,West Midnapore,344,Pingla,,22.4143,87.267,3,naya
IN,India,India,721140,Uttarbarh,West Bengal,28,West Midnapore,344,Pingla,,22.4143,87.267,3,uttarbarh
IN,India,India,721140,Maligram,West Bengal,28,West Midnapore,344,Kharagpur,,22.4143,87.267,4,maligram
IN,India,India,721140,Krishnapriya,West Bengal,28,West Midnapore,344,Midnapore,,22.4143,87.267,3,krishnapriya
IN,India,India,721140,Karkai,West Bengal,28,West Midnapore,344,Midnapore,,22.4143,87.267,3,karkai
IN,India,India,721140,Kantachowki,West Bengal,28,West Midnapore,344,Kharagpur,,22.4143,87.267,3,kantachowki
IN,India,India,721140,Jamna,West Bengal,28,West Midnapore,344,Pingla,,22.4143,87.267,3,jamna
IN,India,India,721140,Kundalpal,West Bengal,28,West Midnapore,344,Sabang,,22.4143,87.267,3,kundalpal
IN,India,India,721140,Raghunath Chak,West Bengal,28,West Midnapore,344,Pingla,,22.4143,87.267,3,raghunath-chak
IN,India,India,721140,Radhakrishnapur,West Bengal,28,West Midnapore,344,Pingla,,22.4143,87.267,3,radhakrishnapur
IN,India,India,721140,Mundumari,West Bengal,28,West Midnapore,344,Midnapore,,22.4143,87.267,3,mundumari
IN,India,India,721140,Barageria,West Bengal,28,West Midnapore,344,Kharagpur,,22.4143,87.267,3,barageria
IN,India,India,721140,Pingla,West Bengal,28,West Midnapore,344,Kharagpur,,22.2831,87.5865,4,pingla
IN,India,India,721143,Andhari,West Bengal,28,West Midnapore,344,Andhari,,22.164,87.0901,3,andhari
IN,India,India,721143,Bachhurkhoyar,West Bengal,28,West Midnapore,344,Bachhurkhoyar,,22.164,87.0901,3,bachhurkhoyar
IN,India,India,721143,Baharadari,West Bengal,28,West Midnapore,344,Baharadari,,22.164,87.0901,3,baharadari
IN,India,India,721143,Bonpura,West Bengal,28,West Midnapore,344,Bonpura,,22.164,87.0901,3,bonpura
IN,India,India,721143,Andhari Maubhandar,West Bengal,28,West Midnapore,344,Andhari Maubhandar,,22.164,87.0901,3,andhari-maubhandar
IN,India,India,721143,Narda,West Bengal,28,West Midnapore,344,Narda,,22.164,87.0901,3,narda
IN,India,India,721143,Rohini,West Bengal,28,West Midnapore,344,Rohini,,22.164,87.0901,4,rohini
IN,India,India,721144,Dhamsai,West Bengal,28,West Midnapore,344,Sabang,,22.7825,87.5962,3,dhamsai
IN,India,India,721144,Nedhua Bazar,West Bengal,28,West Midnapore,344,Sabang,,22.7825,87.5962,3,nedhua-bazar
IN,India,India,721144,Kapasda,West Bengal,28,West Midnapore,344,Kharagpur,,22.7825,87.5962,3,kapasda
IN,India,India,721144,Ruinan,West Bengal,28,West Midnapore,344,Kharagpur,,22.7825,87.5962,3,ruinan
IN,India,India,721144,Khagrageria,West Bengal,28,West Midnapore,344,Kharagpur,,22.7825,87.5962,3,khagrageria
IN,India,India,721144,Kharika,West Bengal,28,West Midnapore,344,Kharagpur,,22.7825,87.5962,3,kharika
IN,India,India,721144,Uttar Eral,West Bengal,28,West Midnapore,344,Kharagpur,,22.7825,87.5962,3,uttar-eral
IN,India,India,721144,Andulia,West Bengal,28,West Midnapore,344,Sabang,,22.7825,87.5962,3,andulia
IN,India,India,721144,Taladiha,West Bengal,28,West Midnapore,344,Narayangarh,,22.7825,87.5962,3,taladiha
IN,India,India,721144,Barjagu,West Bengal,28,West Midnapore,344,Sabang,,22.7825,87.5962,3,barjagu
IN,India,India,721144,Narayanbarh,West Bengal,28,West Midnapore,344,NA,,22.7825,87.5962,3,narayanbarh
IN,India,India,721144,Barsahara,West Bengal,28,West Midnapore,344,Midnapore,,22.7825,87.5962,3,barsahara
IN,India,India,721144,Lokepith Bishnupur,West Bengal,28,West Midnapore,344,Midnapore,,22.7825,87.5962,3,lokepith-bishnupur
IN,India,India,721144,Chabukiauttarbarh,West Bengal,28,West Midnapore,344,Kharagpur,,22.7825,87.5962,3,chabukiauttarbarh
IN,India,India,721144,Chaulkuri,West Bengal,28,West Midnapore,344,Midnapore,,22.7825,87.5962,3,chaulkuri
IN,India,India,721144,Fatechak,West Bengal,28,West Midnapore,344,Midnapore,,22.7825,87.5962,3,fatechak
IN,India,India,721144,Paschimbarh,West Bengal,28,West Midnapore,344,Sabang,,22.7825,87.5962,3,paschimbarh
IN,India,India,721144,Rambhadrapur,West Bengal,28,West Midnapore,344,Kharagpur,,22.1472,87.6606,4,rambhadrapur
IN,India,India,721144,Sabang,West Bengal,28,West Midnapore,344,Sabang,,22.1777,87.5988,4,sabang
IN,India,India,721144,Bishnupur Bazar,West Bengal,28,West Midnapore,344,Midnapore,,22.4143,87.267,4,bishnupur-bazar
IN,India,India,721145,Sakpara,West Bengal,28,West Midnapore,344,Kharagpur-I,,22.4143,87.267,3,sakpara
IN,India,India,721145,Rangmetia,West Bengal,28,West Midnapore,344,Kharagpur,,22.4143,87.267,3,rangmetia
IN,India,India,721145,Demouli,West Bengal,28,West Midnapore,344,Midnapore,,22.4143,87.267,3,demouli
IN,India,India,721145,Salua,West Bengal,28,West Midnapore,344,Kharagpur,,22.4143,87.267,4,salua
IN,India,India,721146,Goura,West Bengal,28,West Midnapore,344,Ghatal,,22.4143,87.267,3,goura
IN,India,India,721146,Chechua Gobinda Nagar,West Bengal,28,West Midnapore,344,Ghatal,,22.4143,87.267,3,chechua-gobinda-nagar
IN,India,India,721146,Hatsarberia,West Bengal,28,West Midnapore,344,Ghatal,,22.4143,87.267,3,hatsarberia
IN,India,India,721146,Kalara,West Bengal,28,West Midnapore,344,Ghatal,,22.4143,87.267,3,kalara
IN,India,India,721146,Palaspai,West Bengal,28,West Midnapore,344,Ghatal,,22.4143,87.267,3,palaspai
IN,India,India,721146,Fatepur,West Bengal,28,West Midnapore,344,Daspur-I,,22.4143,87.267,3,fatepur
IN,India,India,721146,Panchberia,West Bengal,28,West Midnapore,344,Debra,,22.4143,87.267,3,panchberia
IN,India,India,721146,Sekendari,West Bengal,28,West Midnapore,344,Midnapore,,22.4143,87.267,3,sekendari
IN,India,India,721146,Sonakhali,West Bengal,28,West Midnapore,344,Daspur-II,,22.5521,87.7677,4,sonakhali
IN,India,India,721147,Saidpur,West Bengal,28,West Midnapore,344,Salboni,,22.4143,87.267,1,saidpur
IN,India,India,721147,Bhoudi,West Bengal,28,West Midnapore,344,Midnapore,,22.4143,87.267,1,bhoudi
IN,India,India,721147,Shyamchandpur,West Bengal,28,West Midnapore,344,Midnapore,,22.4143,87.267,1,shyamchandpur
IN,India,India,721147,Routara,West Bengal,28,West Midnapore,344,Salboni,,22.4143,87.267,1,routara
IN,India,India,721147,Jatrabishnupur,West Bengal,28,West Midnapore,344,Midnapore,,22.4143,87.267,1,jatrabishnupur
IN,India,India,721147,Shalboni Raghunathpur,West Bengal,28,West Midnapore,344,Salboni,,22.4143,87.267,1,shalboni-raghunathpur
IN,India,India,721147,Shalboni,West Bengal,28,West Midnapore,344,Midnapore,,22.4143,87.267,1,shalboni
IN,India,India,721148,Chaipat,West Bengal,28,West Midnapore,344,Daspur,,22.4143,87.267,3,chaipat
IN,India,India,721148,Panchgechhia,West Bengal,28,West Midnapore,344,Daspur,,22.4143,87.267,3,panchgechhia
IN,India,India,721148,Nischintapur,West Bengal,28,West Midnapore,344,Daspur,,22.4143,87.267,4,nischintapur
IN,India,India,721148,Gochhati,West Bengal,28,West Midnapore,344,Daspur,,22.4143,87.267,3,gochhati
IN,India,India,721148,Kheput,West Bengal,28,West Midnapore,344,Daspur,,22.4143,87.267,3,kheput
IN,India,India,721148,Arit,West Bengal,28,West Midnapore,344,Daspur,,22.4143,87.267,3,arit
IN,India,India,721149,Krishnanagar,West Bengal,28,West Midnapore,344,kharagpur-II,,22.4143,87.267,4,krishnanagar
IN,India,India,721149,Kuliara,West Bengal,28,West Midnapore,344,Midnapore,,22.4143,87.267,4,kuliara
IN,India,India,721149,Paparara,West Bengal,28,West Midnapore,344,Kharagpur,,22.4143,87.267,3,paparara
IN,India,India,721149,Kanikha,West Bengal,28,West Midnapore,344,Midnapore,,22.4143,87.267,3,kanikha
IN,India,India,721149,Attrakhi,West Bengal,28,West Midnapore,344,Kharagpur,,22.4143,87.267,3,attrakhi
IN,India,India,721149,Jagul,West Bengal,28,West Midnapore,344,Midnapore,,22.4143,87.267,3,jagul
IN,India,India,721149,Hatsultanpur,West Bengal,28,West Midnapore,344,kharagpur-II,,22.4143,87.267,3,hatsultanpur
IN,India,India,721149,Tentulmuriuttar,West Bengal,28,West Midnapore,344,kharagpur-II,,22.4143,87.267,3,tentulmuriuttar
IN,India,India,721149,Sainthal,West Bengal,28,West Midnapore,344,Debra,,22.4143,87.267,3,sainthal
IN,India,India,721149,Pachra,West Bengal,28,West Midnapore,344,Midnapore,,22.4143,87.267,3,pachra
IN,India,India,721149,Barbasi,West Bengal,28,West Midnapore,344,Kharagpur,,22.4143,87.267,3,barbasi
IN,India,India,721149,Janardanpur,West Bengal,28,West Midnapore,344,Midnapore,,22.4143,87.267,3,janardanpur
IN,India,India,721149,Mahatabnagar,West Bengal,28,West Midnapore,344,Midnapore,,22.4143,87.267,3,mahatabnagar
IN,India,India,721149,Madpur,West Bengal,28,West Midnapore,344,Kharagpur,,22.3804,87.4389,4,madpur
IN,India,India,721149,Chakmakrampur,West Bengal,28,West Midnapore,344,Midnapore,,22.4143,87.267,3,chakmakrampur
IN,India,India,721150,Kismat Angua,West Bengal,28,West Midnapore,344,Midnapore,,22.4143,87.267,3,kismat-angua
IN,India,India,721150,Ajodhya Nagar,West Bengal,28,West Midnapore,344,Midnapore,,22.4143,87.267,3,ajodhya-nagar
IN,India,India,721150,Keshpur,West Bengal,28,West Midnapore,344,Midnapore,,22.5547,87.4611,4,keshpur
IN,India,India,721150,Amrakuchi,West Bengal,28,West Midnapore,344,Midnapore,,22.4143,87.267,3,amrakuchi
IN,India,India,721150,Panchkhuri,West Bengal,28,West Midnapore,344,Midnapore,,22.4143,87.267,3,panchkhuri
IN,India,India,721150,Jayantinarayanchak,West Bengal,28,West Midnapore,344,Midnapore,,22.4143,87.267,3,jayantinarayanchak
IN,India,India,721150,Parsura,West Bengal,28,West Midnapore,344,Keshpur,,22.4143,87.267,3,parsura
IN,India,India,721150,Routa,West Bengal,28,West Midnapore,344,Midnapore,,22.4143,87.267,3,routa
IN,India,India,721150,Jhentla,West Bengal,28,West Midnapore,344,Midnapore,,22.4143,87.267,3,jhentla
IN,India,India,721150,Jhalka,West Bengal,28,West Midnapore,344,Midnapore,,22.4143,87.267,3,jhalka
IN,India,India,721150,Sarisakhola,West Bengal,28,West Midnapore,344,Midnapore,,22.4143,87.267,3,sarisakhola
IN,India,India,721150,Mugbasan,West Bengal,28,West Midnapore,344,Midnapore,,22.4143,87.267,3,mugbasan
IN,India,India,721150,Ghoshpur,West Bengal,28,West Midnapore,344,Midnapore,,22.4143,87.267,4,ghoshpur
IN,India,India,721150,Amritpur,West Bengal,28,West Midnapore,344,Midnapore,,22.4143,87.267,3,amritpur
IN,India,India,721150,Kalagram,West Bengal,28,West Midnapore,344,Midnapore,,22.4143,87.267,3,kalagram
IN,India,India,721150,Mahisda,West Bengal,28,West Midnapore,344,Midnapore,,22.4143,87.267,3,mahisda
IN,India,India,721153,Shyamganj,West Bengal,28,West Midnapore,344,Daspur,,22.4143,87.267,1,shyamganj
IN,India,India,721153,Joteghanashyam,West Bengal,28,West Midnapore,344,Panskura,,22.4143,87.267,1,joteghanashyam
IN,India,India,721153,Maguria,West Bengal,28,West Midnapore,344,Daspur,,22.4143,87.267,1,maguria
IN,India,India,721153,Satpota,West Bengal,28,West Midnapore,344,Daspur,,22.4143,87.267,1,satpota
IN,India,India,721155,Tilantapara,West Bengal,28,West Midnapore,344,Sabang,,22.4143,87.267,1,tilantapara
IN,India,India,721155,Lakhibari,West Bengal,28,West Midnapore,344,Midnapore,,22.4143,87.267,1,lakhibari
IN,India,India,721155,Bagnabarh,West Bengal,28,West Midnapore,344,Pingla,,22.4143,87.267,1,bagnabarh
IN,India,India,721155,Jalchak,West Bengal,28,West Midnapore,344,Midnapore,,22.4143,87.267,1,jalchak
IN,India,India,721155,Perua,West Bengal,28,West Midnapore,344,Sabang,,22.4143,87.267,1,perua
IN,India,India,721155,Kerur,West Bengal,28,West Midnapore,344,Kharagpur,,22.4143,87.267,1,kerur
IN,India,India,721155,Balpai,West Bengal,28,West Midnapore,344,Kharagpur,,22.4143,87.267,1,balpai
IN,India,India,721155,Bhemua,West Bengal,28,West Midnapore,344,Midnapore,,22.4143,87.267,1,bhemua
IN,India,India,721155,Sabong Shyamsundarpur,West Bengal,28,West Midnapore,344,Sabang,,22.4143,87.267,1,sabong-shyamsundarpur
IN,India,India,721155,Narangadihi,West Bengal,28,West Midnapore,344,Midnapore,,22.4143,87.267,1,narangadihi
IN,India,India,721155,Beluria,West Bengal,28,West Midnapore,344,Midnapore,,22.4143,87.267,1,beluria
IN,India,India,721156,Aloke Kendra,West Bengal,28,West Midnapore,344,Debra,,22.4143,87.267,3,aloke-kendra
IN,India,India,721156,Akalpoush,West Bengal,28,West Midnapore,344,Midnapore,,22.4143,87.267,3,akalpoush
IN,India,India,721156,Ghoshdiha,West Bengal,28,West Midnapore,344,Midnapore,,22.4143,87.267,3,ghoshdiha
IN,India,India,721156,Patnabazar,West Bengal,28,West Midnapore,344,Midnapore,,22.4143,87.267,3,patnabazar
IN,India,India,721156,Biswanathpur Patna,West Bengal,28,West Midnapore,344,Midnapore,,22.4143,87.267,3,biswanathpur-patna
IN,India,India,721156,Bharatpur,West Bengal,28,West Midnapore,344,Midnapore,,22.4143,87.267,4,bharatpur
IN,India,India,721156,Marhtala,West Bengal,28,West Midnapore,344,Debra,,22.4143,87.267,3,marhtala
IN,India,India,721156,Jhikuria,West Bengal,28,West Midnapore,344,Midnapore,,22.4143,87.267,3,jhikuria
IN,India,India,721156,Panchgeria,West Bengal,28,West Midnapore,344,Midnapore,,22.4143,87.267,3,panchgeria
IN,India,India,721156,Boulasini,West Bengal,28,West Midnapore,344,Midnapore,,22.4143,87.267,3,boulasini
IN,India,India,721156,Talbandhi,West Bengal,28,West Midnapore,344,Midnapore,,22.4143,87.267,3,talbandhi
IN,India,India,721156,Magra,West Bengal,28,West Midnapore,344,Midnapore,,22.4143,87.267,4,magra
IN,India,India,721157,Amlasuli,West Bengal,28,West Midnapore,344,Garhbeta-II,,22.4143,87.267,1,amlasuli
IN,India,India,721157,Eriamara,West Bengal,28,West Midnapore,344,Garhbeta,,22.4143,87.267,1,eriamara
IN,India,India,721157,Kantore,West Bengal,28,West Midnapore,344,Garhbeta,,22.4143,87.267,1,kantore
IN,India,India,721157,Keshia,West Bengal,28,West Midnapore,344,Garheta,,22.4143,87.267,1,keshia
IN,India,India,721157,Salgeria,West Bengal,28,West Midnapore,344,Garhbeta-II,,22.4143,87.267,1,salgeria
IN,India,India,721157,Hoomgarh,West Bengal,28,West Midnapore,344,Midnapore,,22.4143,87.267,1,hoomgarh
IN,India,India,721157,Parhdaha,West Bengal,28,West Midnapore,344,Garhbeta-III,,22.4143,87.267,1,parhdaha
IN,India,India,721157,Puichhara,West Bengal,28,West Midnapore,344,Garhbeta-II,,22.4143,87.267,1,puichhara
IN,India,India,721157,Chhotonakdona,West Bengal,28,West Midnapore,344,Garhbeta,,22.4143,87.267,1,chhotonakdona
IN,India,India,721157,Amjore,West Bengal,28,West Midnapore,344,Midnapore,,22.4143,87.267,1,amjore
IN,India,India,721159,Nayagram,West Bengal,28,West Midnapore,344,Nayagram,,22.033,87.1722,4,nayagram
IN,India,India,721159,Kalmapukhuria,West Bengal,28,West Midnapore,344,Kalmapukhuria,,22.033,87.1722,3,kalmapukhuria
IN,India,India,721159,Jharia,West Bengal,28,West Midnapore,344,Jharia,,22.033,87.1722,3,jharia
IN,India,India,721159,Kharikamathani,West Bengal,28,West Midnapore,344,Kharikamathani,,22.033,87.1722,3,kharikamathani
IN,India,India,721159,Nekrasole,West Bengal,28,West Midnapore,344,Nekrasole,,22.033,87.1722,3,nekrasole
IN,India,India,721159,Tufuria Kamalpur,West Bengal,28,West Midnapore,344,Tufuria Kalmapur,,22.033,87.1722,3,tufuria-kamalpur
IN,India,India,721160,Duan,West Bengal,28,West Midnapore,344,Kharagpur,,22.361,87.6112,3,duan
IN,India,India,721160,Radhachandanpur,West Bengal,28,West Midnapore,344,Debra,,22.361,87.6112,3,radhachandanpur
IN,India,India,721160,Jashorajpur,West Bengal,28,West Midnapore,344,Midnapore,,22.361,87.6112,3,jashorajpur
IN,India,India,721160,Turia,West Bengal,28,West Midnapore,344,Kharagpur,,22.361,87.6112,3,turia
IN,India,India,721160,Bansda Palashi,West Bengal,28,West Midnapore,344,Debra,,22.361,87.6112,3,bansda-palashi
IN,India,India,721160,Dingal,West Bengal,28,West Midnapore,344,Debra,,22.361,87.6112,3,dingal
IN,India,India,721160,Radhamohanpur,West Bengal,28,West Midnapore,344,Kharagpur,,22.361,87.6112,4,radhamohanpur
IN,India,India,721161,Mohar,West Bengal,28,West Midnapore,344,Midnapore,,22.2029,87.5509,1,mohar
IN,India,India,721166,Badalpur,West Bengal,28,West Midnapore,344,Sabang,,22.1238,87.5207,3,badalpur
IN,India,India,721166,Khelna,West Bengal,28,West Midnapore,344,Midnapore,,22.242,87.6211,4,khelna
IN,India,India,721166,Madanmohanchak,West Bengal,28,West Midnapore,344,Midnapore,,22.1238,87.5207,3,madanmohanchak
IN,India,India,721166,Uchitpur,West Bengal,28,West Midnapore,344,Sabang,,22.1238,87.5207,3,uchitpur
IN,India,India,721166,Lutunia,West Bengal,28,West Midnapore,344,Midnapore,,22.1238,87.5207,3,lutunia
IN,India,India,721166,Khunkhunia,West Bengal,28,West Midnapore,344,Midnapore,,22.1238,87.5207,3,khunkhunia
IN,India,India,721166,Narma,West Bengal,28,West Midnapore,344,Narayangarh,,22.1238,87.5207,3,narma
IN,India,India,721166,Dhaneswarpur,West Bengal,28,West Midnapore,344,Midnapore,,22.0057,87.4204,4,dhaneswarpur
IN,India,India,721201,Andharnayan,West Bengal,28,West Midnapore,344,Midnapore,,22.4143,87.267,3,andharnayan
IN,India,India,721201,Kalla,West Bengal,28,West Midnapore,344,Midnapore,,22.4143,87.267,3,kalla
IN,India,India,721201,Chandrakona,West Bengal,28,West Midnapore,344,Midnapore,,22.7333,87.5167,4,chandrakona
IN,India,India,721201,Ghatmura,West Bengal,28,West Midnapore,344,Garhbeta-III,,22.4143,87.267,3,ghatmura
IN,India,India,721201,Rajganj,West Bengal,28,West Midnapore,344,Midnapore,,22.4143,87.267,3,rajganj
IN,India,India,721201,Mahespur Murakata,West Bengal,28,West Midnapore,344,Midnapore,,22.4143,87.267,3,mahespur-murakata
IN,India,India,721201,Amsole,West Bengal,28,West Midnapore,344,Garhbeta-III,,22.4143,87.267,3,amsole
IN,India,India,721201,Banka,West Bengal,28,West Midnapore,344,Chandrakona-I,,22.4143,87.267,3,banka
IN,India,India,721201,Bhagabantapur,West Bengal,28,West Midnapore,344,Midnapore,,22.4143,87.267,3,bhagabantapur
IN,India,India,721201,Chhatraganj,West Bengal,28,West Midnapore,344,Midnapore,,22.4143,87.267,3,chhatraganj
IN,India,India,721201,Jhakra,West Bengal,28,West Midnapore,344,Midnapore,,22.4143,87.267,3,jhakra
IN,India,India,721201,Dhanyagachi,West Bengal,28,West Midnapore,344,Midnapore,,22.4143,87.267,3,dhanyagachi
IN,India,India,721201,Dhyamkuria,West Bengal,28,West Midnapore,344,Midnapore,,22.4143,87.267,3,dhyamkuria
IN,India,India,721201,Jayantipur,West Bengal,28,West Midnapore,344,Midnapore,,22.4143,87.267,3,jayantipur
IN,India,India,721201,Kalakari,West Bengal,28,West Midnapore,344,Midnapore,,22.4143,87.267,3,kalakari
IN,India,India,721201,Keshadal,West Bengal,28,West Midnapore,344,Midnapore,,22.4143,87.267,3,keshadal
IN,India,India,721201,Kiageria,West Bengal,28,West Midnapore,344,Midnapore,,22.4143,87.267,3,kiageria
IN,India,India,721201,Korasia,West Bengal,28,West Midnapore,344,Chandrakona-II,,22.4143,87.267,3,korasia
IN,India,India,721201,Kuanpur,West Bengal,28,West Midnapore,344,Midnapore,,22.4143,87.267,3,kuanpur
IN,India,India,721201,Tenpur,West Bengal,28,West Midnapore,344,Midnapore,,22.4143,87.267,3,tenpur
IN,India,India,721201,Benachapra,West Bengal,28,West Midnapore,344,Midnapore,,22.4143,87.267,3,benachapra
IN,India,India,721201,Pandua,West Bengal,28,West Midnapore,344,Midnapore,,22.4143,87.267,4,pandua
IN,India,India,721201,Khirati,West Bengal,28,West Midnapore,344,Midnapore,,22.4143,87.267,3,khirati
IN,India,India,721201,Bala,West Bengal,28,West Midnapore,344,Midnapore,,22.4143,87.267,3,bala
IN,India,India,721211,Bhuta,West Bengal,28,West Midnapore,344,Ghatal,,22.4143,87.267,3,bhuta
IN,India,India,721211,Barhgobinda,West Bengal,28,West Midnapore,344,Ghatal,,22.4143,87.267,3,barhgobinda
IN,India,India,721211,Uttardhankhal,West Bengal,28,West Midnapore,344,Daspur-I,,22.4143,87.267,3,uttardhankhal
IN,India,India,721211,Samat,West Bengal,28,West Midnapore,344,Ghatal,,22.4143,87.267,3,samat
IN,India,India,721211,Sankarpur,West Bengal,28,West Midnapore,344,Daspur-I,,22.4143,87.267,3,sankarpur
IN,India,India,721211,Molighati,West Bengal,28,West Midnapore,344,Midnapore,,22.4143,87.267,3,molighati
IN,India,India,721211,Harekrishnapur,West Bengal,28,West Midnapore,344,Ghatal,,22.4143,87.267,3,harekrishnapur
IN,India,India,721211,Sagarpur,West Bengal,28,West Midnapore,344,Ghatal,,22.4143,87.267,3,sagarpur
IN,India,India,721211,Dadpur,West Bengal,28,West Midnapore,344,Ghatal,,22.4143,87.267,4,dadpur
IN,India,India,721211,Brahmanbasan,West Bengal,28,West Midnapore,344,Ghatal,,22.4143,87.267,3,brahmanbasan
IN,India,India,721211,Radhakantapur,West Bengal,28,West Midnapore,344,Ghatal,,22.4143,87.267,4,radhakantapur
IN,India,India,721211,Harirajpur,West Bengal,28,West Midnapore,344,Hgatal,,22.4143,87.267,3,harirajpur
IN,India,India,721211,Chetua Makrampur,West Bengal,28,West Midnapore,344,Ghatal,,22.4143,87.267,3,chetua-makrampur
IN,India,India,721211,Jotebani,West Bengal,28,West Midnapore,344,Ghatal,,22.4143,87.267,3,jotebani
IN,India,India,721211,Chakpurusottampur,West Bengal,28,West Midnapore,344,Ghatal,,22.4143,87.267,3,chakpurusottampur
IN,India,India,721211,Harirampur,West Bengal,28,West Midnapore,344,Ghatal,,22.4143,87.267,4,harirampur
IN,India,India,721211,Dharampur,West Bengal,28,West Midnapore,344,Ghatal,,22.4143,87.267,4,dharampur
IN,India,India,721211,Kalmijore,West Bengal,28,West Midnapore,344,Ghatal,,22.4143,87.267,3,kalmijore
IN,India,India,721211,Chetua Rajnagar,West Bengal,28,West Midnapore,344,Ghatal,,22.4143,87.267,3,chetua-rajnagar
IN,India,India,721211,Bhangabandh,West Bengal,28,West Midnapore,344,Ghatal,,22.4143,87.267,4,bhangabandh
IN,India,India,721211,Narajole,West Bengal,28,West Midnapore,344,Ghatal,,22.5667,87.6167,4,narajole
IN,India,India,721211,Daspur,West Bengal,28,West Midnapore,344,Ghatal,,22.6069,87.7233,4,daspur
IN,India,India,721212,Jotekanuram Garh,West Bengal,28,West Midnapore,344,Ghatal,,22.4143,87.267,3,jotekanuram-garh
IN,India,India,721212,Jaynagar,West Bengal,28,West Midnapore,344,Midnapore,,22.4143,87.267,4,jaynagar
IN,India,India,721212,Ranir Bazar Simulia,West Bengal,28,West Midnapore,344,Ghatal,,22.4143,87.267,3,ranir-bazar-simulia
IN,India,India,721212,Gopmahal,West Bengal,28,West Midnapore,344,Ghatal,,22.4143,87.267,3,gopmahal
IN,India,India,721212,Ghatal Bazar,West Bengal,28,West Midnapore,344,Midnapore,,22.4143,87.267,3,ghatal-bazar
IN,India,India,721212,Panna,West Bengal,28,West Midnapore,344,Ghatal,,22.4143,87.267,3,panna
IN,India,India,721212,Dihiramnagar,West Bengal,28,West Midnapore,344,Ghatal,,22.4143,87.267,3,dihiramnagar
IN,India,India,721212,Radhanagar,West Bengal,28,West Midnapore,344,Ghatal,,22.4143,87.267,4,radhanagar
IN,India,India,721212,Benai,West Bengal,28,West Midnapore,344,Ghatal,,22.4143,87.267,3,benai
IN,India,India,721212,Keshabchak,West Bengal,28,West Midnapore,344,Ghatal,,22.4143,87.267,3,keshabchak
IN,India,India,721212,Khasbarh,West Bengal,28,West Midnapore,344,Ghatal,,22.4143,87.267,3,khasbarh
IN,India,India,721212,Balidanga,West Bengal,28,West Midnapore,344,Midnapore,,22.4143,87.267,3,balidanga
IN,India,India,721212,Bandar,West Bengal,28,West Midnapore,344,Midnapore,,22.4143,87.267,3,bandar
IN,India,India,721212,Kamalpur Sriramnagar,West Bengal,28,West Midnapore,344,Ghatal,,22.4143,87.267,3,kamalpur-sriramnagar
IN,India,India,721212,Khanjapur,West Bengal,28,West Midnapore,344,Midnapore,,22.4143,87.267,3,khanjapur
IN,India,India,721212,Dirghagram,West Bengal,28,West Midnapore,344,Midnapore,,22.4143,87.267,3,dirghagram
IN,India,India,721212,Ratneswar Bati,West Bengal,28,West Midnapore,344,Ghatal,,22.4143,87.267,3,ratneswar-bati
IN,India,India,721212,Doriayodhya,West Bengal,28,West Midnapore,344,Midnapore,,22.4143,87.267,3,doriayodhya
IN,India,India,721212,Kaijuri,West Bengal,28,West Midnapore,344,Ghatal,,22.4143,87.267,3,kaijuri
IN,India,India,721212,Doulatchak,West Bengal,28,West Midnapore,344,Doulatchak,,22.4143,87.267,3,doulatchak
IN,India,India,721212,Nimtala,West Bengal,28,West Midnapore,344,Daspur-I,,22.4143,87.267,3,nimtala
IN,India,India,721212,Ghoradaha,West Bengal,28,West Midnapore,344,Midnapore,,22.4143,87.267,3,ghoradaha
IN,India,India,721212,Mansuka,West Bengal,28,West Midnapore,344,Midnapore,,22.4143,87.267,4,mansuka
IN,India,India,721212,Rathipur,West Bengal,28,West Midnapore,344,Ghatal,,22.4143,87.267,3,rathipur
IN,India,India,721212,Panchmaro Pratappur,West Bengal,28,West Midnapore,344,Ghatal,,22.4143,87.267,3,panchmaro-pratappur
IN,India,India,721212,Ghatal,West Bengal,28,West Midnapore,344,Ghatal,,22.6624,87.734,4,ghatal
IN,India,India,721212,Ranichak,West Bengal,28,West Midnapore,344,Ghatal,,22.6155,87.812,4,ranichak
IN,India,India,721222,Irpala,West Bengal,28,West Midnapore,344,Ghatal,,22.4143,87.267,3,irpala
IN,India,India,721222,Kuran,West Bengal,28,West Midnapore,344,Ghatal,,22.4143,87.267,3,kuran
IN,India,India,721222,Dandipur,West Bengal,28,West Midnapore,344,Ghatal,,22.4143,87.267,3,dandipur
IN,India,India,721222,Birsingha,West Bengal,28,West Midnapore,344,Ghatal,,22.4143,87.267,3,birsingha
IN,India,India,721222,Agar,West Bengal,28,West Midnapore,344,Binpur-I,,22.4143,87.267,3,agar
IN,India,India,721222,Lakshmanpur,West Bengal,28,West Midnapore,344,Midnapore,,22.4143,87.267,4,lakshmanpur
IN,India,India,721222,Kharar (West Midnapore),West Bengal,28,West Midnapore,344,Midnapore,,22.7221,87.6782,4,kharar-west-midnapore
IN,India,India,721222,Sultanpur,West Bengal,28,West Midnapore,344,Ghatal,,22.4143,87.267,4,sultanpur
IN,India,India,721232,Dingal Kamargeria,West Bengal,28,West Midnapore,344,Midnapore,,22.3797,87.4336,3,dingal-kamargeria
IN,India,India,721232,Khirpai,West Bengal,28,West Midnapore,344,Ghatal,,22.71,87.6177,4,khirpai
IN,India,India,721232,Maharajpur,West Bengal,28,West Midnapore,344,Ghatal,,22.4361,87.3699,4,maharajpur
IN,India,India,721232,Manoharpur,West Bengal,28,West Midnapore,344,Chandrakona-I,,21.9929,87.3133,4,manoharpur
IN,India,India,721232,Chowka,West Bengal,28,West Midnapore,344,Ghatal,,22.3797,87.4336,3,chowka
IN,India,India,721232,Hiradharpur,West Bengal,28,West Midnapore,344,Midnapore,,22.3797,87.4336,3,hiradharpur
IN,India,India,721232,Natuk Jaykrishnapur,West Bengal,28,West Midnapore,344,Ghatal,,22.3797,87.4336,3,natuk-jaykrishnapur
IN,India,India,721232,Hematpur,West Bengal,28,West Midnapore,344,Chandrakona-I,,22.3797,87.4336,3,hematpur
IN,India,India,721232,Marhmaheshpur,West Bengal,28,West Midnapore,344,Midnapore,,22.3797,87.4336,3,marhmaheshpur
IN,India,India,721232,Mangrul,West Bengal,28,West Midnapore,344,Ghatal,,22.3797,87.4336,3,mangrul
IN,India,India,721232,Alui,West Bengal,28,West Midnapore,344,Midnapore,,22.3797,87.4336,3,alui
IN,India,India,721232,Harinagar,West Bengal,28,West Midnapore,344,Ghatal,,22.3797,87.4336,3,harinagar
IN,India,India,721232,Gohaldanga,West Bengal,28,West Midnapore,344,Chandrakona-I,,22.3797,87.4336,3,gohaldanga
IN,India,India,721232,Chaklachipur,West Bengal,28,West Midnapore,344,Midnapore,,22.3797,87.4336,3,chaklachipur
IN,India,India,721232,Hodal Srirampur,West Bengal,28,West Midnapore,344,Chandrakona-II,,22.3797,87.4336,3,hodal-srirampur
IN,India,India,721232,Kuthikonarpur,West Bengal,28,West Midnapore,344,Midnapore,,22.3797,87.4336,3,kuthikonarpur
IN,India,India,721232,Prasadchak,West Bengal,28,West Midnapore,344,Midnapore,,22.3797,87.4336,3,prasadchak
IN,India,India,721232,Kantadaraja,West Bengal,28,West Midnapore,344,Ghatal,,22.3797,87.4336,3,kantadaraja
IN,India,India,721232,Kankabati,West Bengal,28,West Midnapore,344,Ghatal,,22.3797,87.4336,3,kankabati
IN,India,India,721232,Jara,West Bengal,28,West Midnapore,344,Chandrakona-I,,22.3797,87.4336,3,jara
IN,India,India,721242,Moulaparamanandapur,West Bengal,28,West Midnapore,344,Midnapore,,22.8169,87.5959,3,moulaparamanandapur
IN,India,India,721242,Tatarpur,West Bengal,28,West Midnapore,344,Chandrakona-I,,22.8169,87.5959,3,tatarpur
IN,India,India,721242,Ranimadhabpur,West Bengal,28,West Midnapore,344,Chandrakona-I,,22.8169,87.5959,3,ranimadhabpur
IN,India,India,721242,Paikmajita,West Bengal,28,West Midnapore,344,Midnapore,,22.8169,87.5959,3,paikmajita
IN,India,India,721242,Deopur Amdan,West Bengal,28,West Midnapore,344,Kharagpur,,22.8169,87.5959,3,deopur-amdan
IN,India,India,721242,Dianpur,West Bengal,28,West Midnapore,344,Midnapore,,22.8169,87.5959,3,dianpur
IN,India,India,721242,Laxmipur,West Bengal,28,West Midnapore,344,Kharagpur,,22.8169,87.5959,3,laxmipur
IN,India,India,721242,Srinagar,West Bengal,28,West Midnapore,344,Midnapore,,22.8057,87.5828,4,srinagar
IN,India,India,721242,Ramjibanpur,West Bengal,28,West Midnapore,344,Chandrakona-I,,22.8282,87.6089,4,ramjibanpur
IN,India,India,721253,Kiaboni,West Bengal,28,West Midnapore,344,Midnapore,,22.4143,87.267,1,kiaboni
IN,India,India,721253,Akchara,West Bengal,28,West Midnapore,344,Garhbeta-I,,22.4143,87.267,1,akchara
IN,India,India,721253,Barpara,West Bengal,28,West Midnapore,344,Garhbeta-III,,22.4143,87.267,1,barpara
IN,India,India,721253,Mangalbandhi,West Bengal,28,West Midnapore,344,Midnapore,,22.4143,87.267,1,mangalbandhi
IN,India,India,721253,Khamarbarh,West Bengal,28,West Midnapore,344,Midnapore,,22.4143,87.267,1,khamarbarh
IN,India,India,721253,Nalbana,West Bengal,28,West Midnapore,344,Midnapore,,22.4143,87.267,1,nalbana
IN,India,India,721253,Kiamacha,West Bengal,28,West Midnapore,344,Midnapore,,22.4143,87.267,1,kiamacha
IN,India,India,721253,Kadra,West Bengal,28,West Midnapore,344,Midnapore,,22.4143,87.267,1,kadra
IN,India,India,721253,Dwarigeria,West Bengal,28,West Midnapore,344,Midnapore,,22.4143,87.267,1,dwarigeria
IN,India,India,721253,Guiadaha,West Bengal,28,West Midnapore,344,Midnapore,,22.4143,87.267,1,guiadaha
IN,India,India,721253,Duki,West Bengal,28,West Midnapore,344,Garhbeta-III,,22.4143,87.267,1,duki
IN,India,India,721253,Nayabasat,West Bengal,28,West Midnapore,344,Garhbeta-III,,22.4143,87.267,1,nayabasat
IN,India,India,721253,Nadasuli,West Bengal,28,West Midnapore,344,Garhbeta-III,,22.4143,87.267,1,nadasuli
IN,India,India,721253,Satbankura,West Bengal,28,West Midnapore,344,Garhbeta-III,,22.4143,87.267,1,satbankura
IN,India,India,721253,Sanatorium Digri,West Bengal,28,West Midnapore,344,Garhbeta-III,,22.4143,87.267,1,sanatorium-digri
IN,India,India,721260,Uriasai,West Bengal,28,West Midnapore,344,Garhbeta-III,,22.4143,87.267,3,uriasai
IN,India,India,721260,Supaparsuri,West Bengal,28,West Midnapore,344,Daspur-I,,22.4143,87.267,3,supaparsuri
IN,India,India,721260,Sirsa,West Bengal,28,West Midnapore,344,Chandrakona-II,,22.4143,87.267,3,sirsa
IN,India,India,721260,Golar,West Bengal,28,West Midnapore,344,Midnapore,,22.4143,87.267,3,golar
IN,India,India,721260,Saiyadbali,West Bengal,28,West Midnapore,344,Midnapore,,22.4143,87.267,3,saiyadbali
IN,India,India,721260,Belyamaharajpur,West Bengal,28,West Midnapore,344,Midnapore,,22.4143,87.267,3,belyamaharajpur
IN,India,India,721260,Amdangra,West Bengal,28,West Midnapore,344,Midnapore,,22.4143,87.267,3,amdangra
IN,India,India,721260,Garhsenapatya,West Bengal,28,West Midnapore,344,Keshpur,,22.4143,87.267,3,garhsenapatya
IN,India,India,721260,Khalakpur,West Bengal,28,West Midnapore,344,Midnapore,,22.4143,87.267,3,khalakpur
IN,India,India,721260,Kharigeria,West Bengal,28,West Midnapore,344,Midnapore,,22.4143,87.267,3,kharigeria
IN,India,India,721260,Mohoboni,West Bengal,28,West Midnapore,344,Midnapore,,22.4143,87.267,3,mohoboni
IN,India,India,721260,Neradeul,West Bengal,28,West Midnapore,344,Keshpur,,22.4143,87.267,3,neradeul
IN,India,India,721260,Bandipur,West Bengal,28,West Midnapore,344,Midnapore,,22.4143,87.267,4,bandipur
IN,India,India,721260,Buriapat,West Bengal,28,West Midnapore,344,Midnapore,,22.4143,87.267,3,buriapat
IN,India,India,721260,Amuria,West Bengal,28,West Midnapore,344,Midnapore,,22.4143,87.267,3,amuria
IN,India,India,721260,Chandur,West Bengal,28,West Midnapore,344,Chandrakona-I,,22.4143,87.267,3,chandur
IN,India,India,721260,Toria,West Bengal,28,West Midnapore,344,Midnapore,,22.4143,87.267,3,toria
IN,India,India,721301,Banpatna,West Bengal,28,West Midnapore,344,Kharagpur,,22.4143,87.267,3,banpatna
IN,India,India,721301,Mathurakati,West Bengal,28,West Midnapore,344,Midnapore,,22.4143,87.267,3,mathurakati
IN,India,India,721301,Khatranga,West Bengal,28,West Midnapore,344,Kharagpur,,22.4143,87.267,3,khatranga
IN,India,India,721301,Kharagpur New Settlement,West Bengal,28,West Midnapore,344,Midnapore,,22.4143,87.267,3,kharagpur-new-settlement
IN,India,India,721301,Hiradihi,West Bengal,28,West Midnapore,344,Midnapore,,22.4143,87.267,3,hiradihi
IN,India,India,721301,Gole Bazar,West Bengal,28,West Midnapore,344,Midnapore,,22.4143,87.267,3,gole-bazar
IN,India,India,721301,Changual,West Bengal,28,West Midnapore,344,Kharagpur,,22.4143,87.267,3,changual
IN,India,India,721301,Boicha,West Bengal,28,West Midnapore,344,Midnapore,,22.4143,87.267,3,boicha
IN,India,India,721301,Benapur,West Bengal,28,West Midnapore,344,Midnapore,,22.4143,87.267,3,benapur
IN,India,India,721301,Barkola,West Bengal,28,West Midnapore,344,Kharagpur-I,,22.4143,87.267,3,barkola
IN,India,India,721301,Palshya,West Bengal,28,West Midnapore,344,Kharagpur,,22.4143,87.267,3,palshya
IN,India,India,721301,Bargokulpur,West Bengal,28,West Midnapore,344,Midnapore,,22.4143,87.267,3,bargokulpur
IN,India,India,721301,Pratappur,West Bengal,28,West Midnapore,344,Kharagpur-I,,22.4143,87.267,3,pratappur
IN,India,India,721301,Rakhajangle,West Bengal,28,West Midnapore,344,Kharagpur-I,,22.4143,87.267,3,rakhajangle
IN,India,India,721301,Barachu,West Bengal,28,West Midnapore,344,Kharagpur,,22.4143,87.267,3,barachu
IN,India,India,721301,Routmoni,West Bengal,28,West Midnapore,344,Kharagpur,,22.4143,87.267,3,routmoni
IN,India,India,721301,Sankoa,West Bengal,28,West Midnapore,344,Kharagpur,,22.4143,87.267,3,sankoa
IN,India,India,721301,Shaymraipur,West Bengal,28,West Midnapore,344,Kharagpur,,22.4143,87.267,3,shaymraipur
IN,India,India,721301,Shyamchak,West Bengal,28,West Midnapore,344,Kharagpur,,22.4143,87.267,3,shyamchak
IN,India,India,721301,Lakhichak,West Bengal,28,West Midnapore,344,Kharagpur,,22.4143,87.267,3,lakhichak
IN,India,India,721301,Old Kharagpur,West Bengal,28,West Midnapore,344,Kharagpur-I,,22.4143,87.267,3,old-kharagpur
IN,India,India,721301,Kharagpur,West Bengal,28,West Midnapore,344,Midnapore,,22.3397,87.325,4,kharagpur
IN,India,India,721301,Kharagpur Work Shop,West Bengal,28,West Midnapore,344,Midnapore,,22.4143,87.267,3,kharagpur-work-shop
IN,India,India,721301,Balarampur,West Bengal,28,West Midnapore,344,Kharagpur-I,,22.3776,87.4395,4,balarampur
IN,India,India,721301,Jakpur,West Bengal,28,West Midnapore,344,Kharagpur,,22.3766,87.382,4,jakpur
IN,India,India,721302,Kharagpur Technology,West Bengal,28,West Midnapore,344,Midnapore,,22.4143,87.267,1,kharagpur-technology
IN,India,India,721303,Kalaikunda A F,West Bengal,28,West Midnapore,344,Midnapore,,22.4143,87.267,1,kalaikunda-a-f
IN,India,India,721304,Hariatara,West Bengal,28,West Midnapore,344,Kharagpur,,22.4143,87.267,1,hariatara
IN,India,India,721304,Nimpura,West Bengal,28,West Midnapore,344,Kharagpur-I,,22.4143,87.267,1,nimpura
IN,India,India,721304,Dharenda,West Bengal,28,West Midnapore,344,Kharagpur,,22.4143,87.267,1,dharenda
IN,India,India,721304,Dhekia,West Bengal,28,West Midnapore,344,Midnapore,,22.4143,87.267,1,dhekia
IN,India,India,721305,Harishpur,West Bengal,28,West Midnapore,344,Midnapore,,22.4143,87.267,4,harishpur
IN,India,India,721305,Inda,West Bengal,28,West Midnapore,344,Midnapore,,22.4143,87.267,3,inda
IN,India,India,721305,Ramnagar Gopinathpur,West Bengal,28,West Midnapore,344,Kharagpur,,22.4143,87.267,3,ramnagar-gopinathpur
IN,India,India,721305,Matkatpur,West Bengal,28,West Midnapore,344,Kharagpur,,22.4143,87.267,3,matkatpur
IN,India,India,721306,Hijli Co-operative,West Bengal,28,West Midnapore,344,Midnapore,,22.4143,87.267,1,hijli-co-operative
IN,India,India,721306,Talbagicha,West Bengal,28,West Midnapore,344,Kharagpur,,22.4143,87.267,1,talbagicha
IN,India,India,721306,Hijli,West Bengal,28,West Midnapore,344,Kharagpur-I,,22.4143,87.267,1,hijli
IN,India,India,721424,Kashipur,West Bengal,28,West Midnapore,344,Kashipur,,22.4143,87.267,4,kashipur
IN,India,India,721424,Kanpur,West Bengal,28,West Midnapore,344,Kanpur,,22.4143,87.267,4,kanpur
IN,India,India,721424,Reripur,West Bengal,28,West Midnapore,344,Reripur,,22.8223,87.5059,3,reripur
IN,India,India,721424,Phandar,West Bengal,28,West Midnapore,344,Phandar,,22.8223,87.5059,3,phandar
IN,India,India,721424,Chakmahima,West Bengal,28,West Midnapore,344,Chakmahima,,22.8223,87.5059,3,chakmahima
IN,India,India,721424,Chhoto-chatla,West Bengal,28,West Midnapore,344,Chotta-chatla,,22.8223,87.5059,3,chhoto-chatla
IN,India,India,721424,Khalina,West Bengal,28,West Midnapore,344,Khalina,,22.8223,87.5059,3,khalina
IN,India,India,721424,Tarua,West Bengal,28,West Midnapore,344,Tarua,,22.8223,87.5059,3,tarua
IN,India,India,721424,Bakhrabad,West Bengal,28,West Midnapore,344,Bakhrabad,,22.8223,87.5059,3,bakhrabad
IN,India,India,721424,Thakurchak,West Bengal,28,West Midnapore,344,Thakurchak,,22.8223,87.5059,3,thakurchak
IN,India,India,721424,Uparjagatpur,West Bengal,28,West Midnapore,344,Uparjagatpur,,22.8223,87.5059,3,uparjagatpur
IN,India,India,721424,Dhalbelun,West Bengal,28,West Midnapore,344,Dhalbelun,,22.8223,87.5059,3,dhalbelun
IN,India,India,721424,Lalnagar,West Bengal,28,West Midnapore,344,Lalnagar,,22.8223,87.5059,3,lalnagar
IN,India,India,721424,Gaita,West Bengal,28,West Midnapore,344,Gaita,,22.8223,87.5059,3,gaita
IN,India,India,721424,Saljora,West Bengal,28,West Midnapore,344,Saljora,,22.8223,87.5059,3,saljora
IN,India,India,721424,Belda,West Bengal,28,West Midnapore,344,Belda,,22.0843,87.352,4,belda
IN,India,India,721424,Akanda,West Bengal,28,West Midnapore,344,Akanda,,22.8223,87.5059,3,akanda
IN,India,India,721424,Dhangarpara,West Bengal,28,West Midnapore,344,Dhangarpara,,22.8223,87.5059,3,dhangarpara
IN,India,India,721425,Bayenda,West Bengal,28,West Midnapore,344,Bayenda,,22.4143,87.267,3,bayenda
IN,India,India,721425,Bhaghadari,West Bengal,28,West Midnapore,344,Bhaghadari,,22.4143,87.267,3,bhaghadari
IN,India,India,721425,Dumandari,West Bengal,28,West Midnapore,344,Dumandari,,22.4143,87.267,3,dumandari
IN,India,India,721425,Basuli Bazar,West Bengal,28,West Midnapore,344,Basuli Bazar,,22.4143,87.267,3,basuli-bazar
IN,India,India,721426,Gazipur,West Bengal,28,West Midnapore,344,Gazipur,,22.4143,87.267,4,gazipur
IN,India,India,721426,Sonakonia,West Bengal,28,West Midnapore,344,Sonakonia,,22.6315,87.428,3,sonakonia
IN,India,India,721426,Dantan,West Bengal,28,West Midnapore,344,Dantan,,21.9466,87.2768,4,dantan
IN,India,India,721426,Chaulia,West Bengal,28,West Midnapore,344,Chaulia,,21.939,87.2942,4,chaulia
IN,India,India,721426,Bamanda,West Bengal,28,West Midnapore,344,Belmula,,22.6315,87.428,3,bamanda
IN,India,India,721426,Uttar Ranibarh,West Bengal,28,West Midnapore,344,Uttar Ranibarh,,22.6315,87.428,3,uttar-ranibarh
IN,India,India,721426,Sarrang,West Bengal,28,West Midnapore,344,Sarrang,,22.6315,87.428,3,sarrang
IN,India,India,721426,Saorapin,West Bengal,28,West Midnapore,344,Saorapin,,22.6315,87.428,3,saorapin
IN,India,India,721426,Paragana,West Bengal,28,West Midnapore,344,Paragana,,22.6315,87.428,3,paragana
IN,India,India,721426,Kakrajit,West Bengal,28,West Midnapore,344,Kakrajit,,22.6315,87.428,3,kakrajit
IN,India,India,721426,Jamirapalgarh,West Bengal,28,West Midnapore,344,Jamirapalgarh,,22.6315,87.428,3,jamirapalgarh
IN,India,India,721426,Lalitapur,West Bengal,28,West Midnapore,344,Lalitapur,,22.6315,87.428,3,lalitapur
IN,India,India,721426,Murabani,West Bengal,28,West Midnapore,344,Murabani,,22.6315,87.428,3,murabani
IN,India,India,721426,Angua,West Bengal,28,West Midnapore,344,Angua,,22.6315,87.428,3,angua
IN,India,India,721426,Banjhatia,West Bengal,28,West Midnapore,344,Banjhatia,,22.6315,87.428,3,banjhatia
IN,India,India,721426,Belmula,West Bengal,28,West Midnapore,344,Belmula,,22.6315,87.428,3,belmula
IN,India,India,721426,Kotepada,West Bengal,28,West Midnapore,344,Kotepada,,22.6315,87.428,3,kotepada
IN,India,India,721435,Menkapur,West Bengal,28,West Midnapore,344,Menkapur,,22.4143,87.267,1,menkapur
IN,India,India,721435,Salikotha,West Bengal,28,West Midnapore,344,Salikotha,,22.4143,87.267,1,salikotha
IN,India,India,721435,Talda Ratanchak,West Bengal,28,West Midnapore,344,Talda Ratanchak,,22.4143,87.267,1,talda-ratanchak
IN,India,India,721435,Jenkapur,West Bengal,28,West Midnapore,344,Jenkapur,,22.4143,87.267,1,jenkapur
IN,India,India,721436,Rajnagar,West Bengal,28,West Midnapore,344,Rajnagar,,22.4143,87.267,4,rajnagar
IN,India,India,721436,Siyalsai,West Bengal,28,West Midnapore,344,Siyalsai,,22.8923,87.3704,3,siyalsai
IN,India,India,721436,Tanua,West Bengal,28,West Midnapore,344,Tanua,,22.8923,87.3704,3,tanua
IN,India,India,721436,Begunia,West Bengal,28,West Midnapore,344,Begunia,,22.8923,87.3704,3,begunia
IN,India,India,721436,Paroi,West Bengal,28,West Midnapore,344,Paroi,,22.8923,87.3704,3,paroi
IN,India,India,721436,Mohanpur Market,West Bengal,28,West Midnapore,344,Mohanpur,,22.8923,87.3704,3,mohanpur-market
IN,India,India,721436,Amarda,West Bengal,28,West Midnapore,344,Amarda,,22.8923,87.3704,3,amarda
IN,India,India,721436,Mohanpur (West Midnapore),West Bengal,28,West Midnapore,344,Mohanpur,,21.8389,87.4256,4,mohanpur-west-midnapore
IN,India,India,721437,Tentuliabhumjan,West Bengal,28,West Midnapore,344,Tentuliabhumjan,,22.4143,87.267,3,tentuliabhumjan
IN,India,India,721437,Rampura,West Bengal,28,West Midnapore,344,Rampura,,22.4143,87.267,4,rampura
IN,India,India,721437,Nankarmaguria,West Bengal,28,West Midnapore,344,Nankarmaguria,,22.4143,87.267,3,nankarmaguria
IN,India,India,721437,Kotaigarh,West Bengal,28,West Midnapore,344,Kotaigarh,,22.4143,87.267,3,kotaigarh
IN,India,India,721437,Konarpur,West Bengal,28,West Midnapore,344,Konarpur,,22.4143,87.267,3,konarpur
IN,India,India,721437,Khurshi,West Bengal,28,West Midnapore,344,Khurshi,,22.4143,87.267,3,khurshi
IN,India,India,721437,Kanthalia,West Bengal,28,West Midnapore,344,Kanthalia,,22.4143,87.267,3,kanthalia
IN,India,India,721437,Ibarpanda,West Bengal,28,West Midnapore,344,Dibarpanda,,22.4143,87.267,3,ibarpanda
IN,India,India,721437,Fulgeria,West Bengal,28,West Midnapore,344,Fulgeria,,22.4143,87.267,3,fulgeria
IN,India,India,721437,Narayangarh (West Midnapore),West Bengal,28,West Midnapore,344,Narayangarh,,22.4143,87.267,3,narayangarh-west-midnapore
IN,India,India,721437,Makrampurbazar,West Bengal,28,West Midnapore,344,Makrampurbazar,,22.4143,87.267,3,makrampurbazar
IN,India,India,721437,Lohabaranchak,West Bengal,28,West Midnapore,344,Lohabaranchak,,22.4143,87.267,3,lohabaranchak
IN,India,India,721437,Saluka,West Bengal,28,West Midnapore,344,Saluka,,22.4143,87.267,3,saluka
IN,India,India,721437,Barakalankai,West Bengal,28,West Midnapore,344,Barakalankai,,22.4143,87.267,3,barakalankai
IN,India,India,721437,Bhadrakali,West Bengal,28,West Midnapore,344,Bhadrakali,,22.4143,87.267,3,bhadrakali
IN,India,India,721437,Birbira,West Bengal,28,West Midnapore,344,Birbira,,22.4143,87.267,3,birbira
IN,India,India,721437,Handlarajgarh,West Bengal,28,West Midnapore,344,Handlarajgarh,,22.4143,87.267,3,handlarajgarh
IN,India,India,721437,Jhanjianankar,West Bengal,28,West Midnapore,344,Jhanjianankar,,22.4143,87.267,3,jhanjianankar
IN,India,India,721437,Sansadgopinathpur,West Bengal,28,West Midnapore,344,Sansadgopinathpur,,22.4143,87.267,3,sansadgopinathpur
IN,India,India,721437,Bahurupa,West Bengal,28,West Midnapore,344,Bahurupa,,22.4143,87.267,3,bahurupa
IN,India,India,721443,Mustafapur,West Bengal,28,West Midnapore,344,Mustafapur,,21.9467,87.4938,3,mustafapur
IN,India,India,721443,Lalat,West Bengal,28,West Midnapore,344,Lalat,,21.9467,87.4938,3,lalat
IN,India,India,721443,Keut Khalisa,West Bengal,28,West Midnapore,344,Keut Khalisa,,21.9467,87.4938,3,keut-khalisa
IN,India,India,721443,Garh Haripur,West Bengal,28,West Midnapore,344,Garh Haripur,,21.9467,87.4938,3,garh-haripur
IN,India,India,721443,Brahamankhalisa,West Bengal,28,West Midnapore,344,Brahamankhalisa,,21.9467,87.4938,3,brahamankhalisa
IN,India,India,721443,Bandhuchak,West Bengal,28,West Midnapore,344,Bandhuchak,,21.9467,87.4938,3,bandhuchak
IN,India,India,721443,Renjura,West Bengal,28,West Midnapore,344,Renjura,,21.9467,87.4938,3,renjura
IN,India,India,721443,Jahalda,West Bengal,28,West Midnapore,344,Jahalda,,21.9467,87.4938,4,jahalda
IN,India,India,721445,Turka Kasba,West Bengal,28,West Midnapore,344,NARAYANGARH,,22.4143,87.267,1,turka-kasba
IN,India,India,721445,Babla,West Bengal,28,West Midnapore,344,Babla,,22.4143,87.267,1,babla
IN,India,India,721445,Turkagarh,West Bengal,28,West Midnapore,344,Turkagarh,,22.4143,87.267,1,turkagarh
IN,India,India,721445,Sabra,West Bengal,28,West Midnapore,344,Sabra,,22.4143,87.267,1,sabra
IN,India,India,721445,Mirzapur Belda,West Bengal,28,West Midnapore,344,Mirzapur Belda,,22.4143,87.267,1,mirzapur-belda
IN,India,India,721445,Sauri,West Bengal,28,West Midnapore,344,Sauri,,22.4143,87.267,1,sauri
IN,India,India,721445,Garh Radhanagar,West Bengal,28,West Midnapore,344,Garh Radhanagar,,22.4143,87.267,1,garh-radhanagar
IN,India,India,721445,Khakurda,West Bengal,28,West Midnapore,344,Khakurda,,22.4143,87.267,1,khakurda
IN,India,India,721445,Kushbasan,West Bengal,28,West Midnapore,344,Kushbasan,,22.4143,87.267,1,kushbasan
IN,India,India,721445,Laudangri,West Bengal,28,West Midnapore,344,Laudangri,,22.4143,87.267,1,laudangri
IN,India,India,721445,Ekarukhi,West Bengal,28,West Midnapore,344,Ekarukhi,,22.4143,87.267,1,ekarukhi
IN,India,India,721445,Porolda,West Bengal,28,West Midnapore,344,Porolda,,22.4143,87.267,1,porolda
IN,India,India,721445,Purunda,West Bengal,28,West Midnapore,344,Purunda,,22.4143,87.267,1,purunda
IN,India,India,721445,Susinda,West Bengal,28,West Midnapore,344,Susunia,,22.4143,87.267,1,susinda
IN,India,India,721445,Asda,West Bengal,28,West Midnapore,344,Asda,,22.4143,87.267,1,asda
IN,India,India,721451,Khatnagar,West Bengal,28,West Midnapore,344,Khatnagar,,22.4143,87.267,1,khatnagar
IN,India,India,721451,Keshrambha,West Bengal,28,West Midnapore,344,Keshrambha,,22.4143,87.267,1,keshrambha
IN,India,India,721451,Kashimpur,West Bengal,28,West Midnapore,344,Kashimpur,,22.4143,87.267,1,kashimpur
IN,India,India,721451,Deulinekurseni,West Bengal,28,West Midnapore,344,Deulinekurseni,,22.4143,87.267,1,deulinekurseni
IN,India,India,721451,Garh-monoharpur,West Bengal,28,West Midnapore,344,Garh-monoharpur,,22.4143,87.267,1,garh-monoharpur
IN,India,India,721451,Maljamuna,West Bengal,28,West Midnapore,344,Maljamuna,,22.4143,87.267,1,maljamuna
IN,India,India,721451,Nekurseni,West Bengal,28,West Midnapore,344,Nekurseni,,22.4143,87.267,1,nekurseni
IN,India,India,721451,Kutki,West Bengal,28,West Midnapore,344,Kutki,,22.4143,87.267,1,kutki
IN,India,India,721451,Tararui,West Bengal,28,West Midnapore,344,Tararui,,22.4143,87.267,1,tararui
IN,India,India,721451,Bakurpada,West Bengal,28,West Midnapore,344,Bakurpada,,22.4143,87.267,1,bakurpada
IN,India,India,721451,Palsandapur,West Bengal,28,West Midnapore,344,Palsandapur,,22.4143,87.267,1,palsandapur
IN,India,India,721451,Uchudiha,West Bengal,28,West Midnapore,344,Uchudiha,,22.4143,87.267,1,uchudiha
IN,India,India,721457,Borai,West Bengal,28,West Midnapore,344,Borai,,22.4143,87.267,1,borai
IN,India,India,721457,Akpura,West Bengal,28,West Midnapore,344,Akpura,,22.4143,87.267,1,akpura
IN,India,India,721457,Anikola,West Bengal,28,West Midnapore,344,Anikola,,22.4143,87.267,1,anikola
IN,India,India,721457,Sautia,West Bengal,28,West Midnapore,344,Sautia,,22.4143,87.267,1,sautia
IN,India,India,721457,Remu,West Bengal,28,West Midnapore,344,Remu,,22.4143,87.267,1,remu
IN,India,India,721457,Nilda,West Bengal,28,West Midnapore,344,Nilda,,22.4143,87.267,1,nilda
IN,India,India,721457,Dhuipada,West Bengal,28,West Midnapore,344,Dhuipada,,22.4143,87.267,1,dhuipada
IN,India,India,721457,Matibaruan,West Bengal,28,West Midnapore,344,Matibaruan,,22.4143,87.267,1,matibaruan
IN,India,India,721457,Gomunda,West Bengal,28,West Midnapore,344,Gomunda,,22.4143,87.267,1,gomunda
IN,India,India,721457,Chak Islampur,West Bengal,28,West Midnapore,344,Chak Islampur,,22.4143,87.267,1,chak-islampur
IN,India,India,721457,Barangi,West Bengal,28,West Midnapore,344,Barangi,,22.4143,87.267,1,barangi
IN,India,India,721457,Kumarda,West Bengal,28,West Midnapore,344,Kumarda,,22.4143,87.267,1,kumarda
IN,India,India,721457,Dobaria,West Bengal,28,West Midnapore,344,Dobaria,,22.4143,87.267,1,dobaria
IN,India,India,721467,Dasagram,West Bengal,28,West Midnapore,344,Dasagram,,22.1762,87.6063,4,dasagram
IN,India,India,721467,Duria,West Bengal,28,West Midnapore,344,Duria,,22.4143,87.267,3,duria
IN,India,India,721467,Chhatorkole,West Bengal,28,West Midnapore,344,Chhatorekole,,22.1762,87.6063,3,chhatorkole
IN,India,India,721467,Kalasbarh,West Bengal,28,West Midnapore,344,Kalasbarh,,22.1762,87.6063,3,kalasbarh
IN,India,India,721467,Barachara,West Bengal,28,West Midnapore,344,Barachara,,22.1762,87.6063,3,barachara
IN,India,India,721467,Kolanda,West Bengal,28,West Midnapore,344,Kolanda,,22.1762,87.6063,3,kolanda
IN,India,India,721467,Chandkuti-batikati,West Bengal,28,West Midnapore,344,Chandkuri-batikati,,22.1762,87.6063,3,chandkuti-batikati
IN,India,India,721467,Bonai,West Bengal,28,West Midnapore,344,Bonai,,22.1762,87.6063,3,bonai
IN,India,India,721467,Sarta,West Bengal,28,West Midnapore,344,Sarta,,22.1762,87.6063,3,sarta
IN,India,India,721467,Rautarabari,West Bengal,28,West Midnapore,344,Rautara,,22.1762,87.6063,3,rautarabari
IN,India,India,721467,Adasimla,West Bengal,28,West Midnapore,344,Adasimla,,22.1762,87.6063,3,adasimla
IN,India,India,721501,Aguibil,West Bengal,28,West Midnapore,344,Jhargram,,22.4143,87.267,3,aguibil
IN,India,India,721501,Chakadoba,West Bengal,28,West Midnapore,344,Jhargram,,22.7668,86.6586,4,chakadoba
IN,India,India,721501,Belpahari,West Bengal,28,West Midnapore,344,Midnapore,,22.4143,87.267,4,belpahari
IN,India,India,721501,Kankrajhore,West Bengal,28,West Midnapore,344,Jhargram,,22.4143,87.267,3,kankrajhore
IN,India,India,721501,Kodapura,West Bengal,28,West Midnapore,344,Jhargram,,22.4143,87.267,3,kodapura
IN,India,India,721501,Odalchua,West Bengal,28,West Midnapore,344,Binpur-II,,22.4143,87.267,3,odalchua
IN,India,India,721501,Borsole,West Bengal,28,West Midnapore,344,Jhargram,,22.4143,87.267,3,borsole
IN,India,India,721501,Orali,West Bengal,28,West Midnapore,344,Binpur-II,,22.4143,87.267,3,orali
IN,India,India,721501,Patharchakri,West Bengal,28,West Midnapore,344,Jhargram,,22.4143,87.267,3,patharchakri
IN,India,India,721501,Sandapara,West Bengal,28,West Midnapore,344,Jhargram,,22.4143,87.267,3,sandapara
IN,India,India,721501,Charakpahari,West Bengal,28,West Midnapore,344,Jhargram,,22.4143,87.267,3,charakpahari
IN,India,India,721501,Thakurnpahari,West Bengal,28,West Midnapore,344,Jhargram,,22.4143,87.267,3,thakurnpahari
IN,India,India,721501,Bamundiha,West Bengal,28,West Midnapore,344,Binpur-II,,22.4143,87.267,4,bamundiha
IN,India,India,721501,Banspahari,West Bengal,28,West Midnapore,344,Binpur-II,,22.4143,87.267,3,banspahari
IN,India,India,721501,Bhulaveda,West Bengal,28,West Midnapore,344,Jhargram,,22.4143,87.267,3,bhulaveda
IN,India,India,721503,Chichra,West Bengal,28,West Midnapore,344,Jhargram,,22.4143,87.267,3,chichra
IN,India,India,721503,Chilkigarh,West Bengal,28,West Midnapore,344,Jhargram,,22.4143,87.267,3,chilkigarh
IN,India,India,721503,Tulibarh,West Bengal,28,West Midnapore,344,Jhargram,,22.4143,87.267,3,tulibarh
IN,India,India,721503,Ghutia,West Bengal,28,West Midnapore,344,Jhargram,,22.4143,87.267,4,ghutia
IN,India,India,721503,Parsuli,West Bengal,28,West Midnapore,344,Jhargram,,22.4143,87.267,3,parsuli
IN,India,India,721503,Kismatjamboni,West Bengal,28,West Midnapore,344,Jhargram,,22.4143,87.267,3,kismatjamboni
IN,India,India,721503,Kanimohuli,West Bengal,28,West Midnapore,344,Jhargram,,22.4143,87.267,3,kanimohuli
IN,India,India,721503,Baichakuria,West Bengal,28,West Midnapore,344,Jamboni,,22.4143,87.267,3,baichakuria
IN,India,India,721503,Balia Bhutkahalia,West Bengal,28,West Midnapore,344,Jhargram,,22.4143,87.267,3,balia-bhutkahalia
IN,India,India,721503,Balidiha,West Bengal,28,West Midnapore,344,Jhargram,,22.4143,87.267,3,balidiha
IN,India,India,721503,Chandri,West Bengal,28,West Midnapore,344,Jhargram,,22.4143,87.267,3,chandri
IN,India,India,721504,Dahijuri,West Bengal,28,West Midnapore,344,Midnapore,,22.5022,86.9911,4,dahijuri
IN,India,India,721504,Korkora,West Bengal,28,West Midnapore,344,Jhargram,,22.5022,86.9911,3,korkora
IN,India,India,721504,Harinarayanpur Dharampur,West Bengal,28,West Midnapore,344,Midnapore,,22.5022,86.9911,3,harinarayanpur-dharampur
IN,India,India,721504,Ranarani,West Bengal,28,West Midnapore,344,Binpur-I,,22.5022,86.9911,3,ranarani
IN,India,India,721504,Akanischintapur,West Bengal,28,West Midnapore,344,Binpur-I,,22.5022,86.9911,3,akanischintapur
IN,India,India,721504,Jashpur,West Bengal,28,West Midnapore,344,Midnapore,,22.5022,86.9911,3,jashpur
IN,India,India,721504,Lurka,West Bengal,28,West Midnapore,344,Jhargram,,22.5022,86.9911,3,lurka
IN,India,India,721504,Muramouli,West Bengal,28,West Midnapore,344,Midnapore,,22.5022,86.9911,3,muramouli
IN,India,India,721504,Tilaboni,West Bengal,28,West Midnapore,344,Jamboni,,22.5022,86.9911,3,tilaboni
IN,India,India,721504,Muraboni,West Bengal,28,West Midnapore,344,Midnapore,,22.5022,86.9911,3,muraboni
IN,India,India,721504,Dheko,West Bengal,28,West Midnapore,344,Midnapore,,22.5022,86.9911,3,dheko
IN,India,India,721504,Andharia,West Bengal,28,West Midnapore,344,Binpur-I,,22.5022,86.9911,3,andharia
IN,India,India,721504,Bhandaru,West Bengal,28,West Midnapore,344,Midnapore,,22.5022,86.9911,3,bhandaru
IN,India,India,721504,Harda,West Bengal,28,West Midnapore,344,Jhargram,,22.5022,86.9911,3,harda
IN,India,India,721505,Dharsa,West Bengal,28,West Midnapore,344,Jhargram,,22.4143,87.267,3,dharsa
IN,India,India,721505,Dubra,West Bengal,28,West Midnapore,344,Midnapore,,22.4143,87.267,4,dubra
IN,India,India,721505,Benasuli,West Bengal,28,West Midnapore,344,Jhargram,,22.4143,87.267,3,benasuli
IN,India,India,721505,Kapgari,West Bengal,28,West Midnapore,344,Jhargram,,22.4143,87.267,3,kapgari
IN,India,India,721505,Kadodiha,West Bengal,28,West Midnapore,344,Jhargram,,22.4143,87.267,3,kadodiha
IN,India,India,721505,Ergoda,West Bengal,28,West Midnapore,344,Jhargram,,22.4143,87.267,3,ergoda
IN,India,India,721505,Dumuria,West Bengal,28,West Midnapore,344,Midnapore,,22.4143,87.267,3,dumuria
IN,India,India,721505,Khatkhura,West Bengal,28,West Midnapore,344,Jhargram,,22.4143,87.267,3,khatkhura
IN,India,India,721505,Amlatora,West Bengal,28,West Midnapore,344,Jhargram,,22.4143,87.267,3,amlatora
IN,India,India,721505,Parihati,West Bengal,28,West Midnapore,344,Jhargram,,22.5198,86.8485,4,parihati
IN,India,India,721505,Gidni,West Bengal,28,West Midnapore,344,Jhargram,,22.4845,86.855,4,gidni
IN,India,India,721506,Mahulboni,West Bengal,28,West Midnapore,344,Midnapore,,22.4143,87.267,3,mahulboni
IN,India,India,721506,Phulbani,West Bengal,28,West Midnapore,344,Jhargram,,22.4143,87.267,3,phulbani
IN,India,India,721506,Dhamsole,West Bengal,28,West Midnapore,344,Midnapore,,22.4143,87.267,3,dhamsole
IN,India,India,721506,Patina,West Bengal,28,West Midnapore,344,Binpur-II,,22.4143,87.267,3,patina
IN,India,India,721506,Sibadumuria,West Bengal,28,West Midnapore,344,Gopiballavpur-I,,22.4143,87.267,3,sibadumuria
IN,India,India,721506,Sumitrapur,West Bengal,28,West Midnapore,344,Gopiballavpur-I,,22.4143,87.267,3,sumitrapur
IN,India,India,721506,Swargachira,West Bengal,28,West Midnapore,344,Gopiballavpur-I,,22.4143,87.267,3,swargachira
IN,India,India,721506,Narasimul,West Bengal,28,West Midnapore,344,Gopiballavpur-I,,22.4143,87.267,3,narasimul
IN,India,India,721506,Alampur,West Bengal,28,West Midnapore,344,Jhargram,,22.4143,87.267,4,alampur
IN,India,India,721506,Athangi,West Bengal,28,West Midnapore,344,Gopiballavpur-I,,22.4143,87.267,3,athangi
IN,India,India,721506,Chamarbandh,West Bengal,28,West Midnapore,344,Midnapore,,22.4143,87.267,3,chamarbandh
IN,India,India,721506,Charchita,West Bengal,28,West Midnapore,344,Midnapore,,22.4143,87.267,3,charchita
IN,India,India,721506,Rambhagawan,West Bengal,28,West Midnapore,344,Gopiballavpur-I,,22.4143,87.267,3,rambhagawan
IN,India,India,721506,Bakra,West Bengal,28,West Midnapore,344,Jhargram,,22.4143,87.267,4,bakra
IN,India,India,721506,Asui,West Bengal,28,West Midnapore,344,Midnapore,,22.4143,87.267,3,asui
IN,India,India,721506,Kortia,West Bengal,28,West Midnapore,344,Midnapore,,22.4143,87.267,3,kortia
IN,India,India,721506,Basanda,West Bengal,28,West Midnapore,344,Jhargram,,22.4143,87.267,3,basanda
IN,India,India,721506,Asanboni,West Bengal,28,West Midnapore,344,Binpur-II,,22.4143,87.267,3,asanboni
IN,India,India,721506,Chhatinasole,West Bengal,28,West Midnapore,344,Gopiballavpur-I,,22.4143,87.267,3,chhatinasole
IN,India,India,721506,Bhila,West Bengal,28,West Midnapore,344,Midnapore,,22.4143,87.267,3,bhila
IN,India,India,721506,Kendugari,West Bengal,28,West Midnapore,344,Jhargram,,22.4143,87.267,3,kendugari
IN,India,India,721506,Janaghati,West Bengal,28,West Midnapore,344,Gopiballavpur-I,,22.4143,87.267,3,janaghati
IN,India,India,721506,Gopi Ballavpur,West Bengal,28,West Midnapore,344,Jhargram,,22.4143,87.267,3,gopi-ballavpur
IN,India,India,721506,Sasra,West Bengal,28,West Midnapore,344,Jhargram,,22.4143,87.267,3,sasra
IN,India,India,721506,Ghatiara,West Bengal,28,West Midnapore,344,Midnapore,,22.4143,87.267,3,ghatiara
IN,India,India,721506,Saria,West Bengal,28,West Midnapore,344,Jhargram,,22.4143,87.267,3,saria
IN,India,India,721507,Jhargram H.O,West Bengal,28,West Midnapore,344,Jhargram,,22.6125,87.7099,3,jhargram-h-o
IN,India,India,721507,Jamda (West Midnapore),West Bengal,28,West Midnapore,344,Jhargram,,22.6125,87.7099,3,jamda-west-midnapore
IN,India,India,721507,Raghunathpur (West Midnapore),West Bengal,28,West Midnapore,344,Jhargram,,22.6125,87.7099,4,raghunathpur-west-midnapore
IN,India,India,721513,Manikpara,West Bengal,28,West Midnapore,344,Jhargram,,22.3658,87.1225,4,manikpara
IN,India,India,721513,Amdoi,West Bengal,28,West Midnapore,344,Jhargram,,22.351,87.0859,3,amdoi
IN,India,India,721513,Montipa Mohanpur,West Bengal,28,West Midnapore,344,Jhargram,,22.351,87.0859,3,montipa-mohanpur
IN,India,India,721513,Noharia,West Bengal,28,West Midnapore,344,Jhargram,,22.351,87.0859,3,noharia
IN,India,India,721513,Rajabasa,West Bengal,28,West Midnapore,344,Jhargram,,22.351,87.0859,3,rajabasa
IN,India,India,721513,Mahim Nischinda,West Bengal,28,West Midnapore,344,Jhargram,,22.351,87.0859,3,mahim-nischinda
IN,India,India,721513,Barkand Ramchandrapur,West Bengal,28,West Midnapore,344,Midnapore,,22.351,87.0859,3,barkand-ramchandrapur
IN,India,India,721513,Burimole,West Bengal,28,West Midnapore,344,Jhargram,,22.351,87.0859,3,burimole
IN,India,India,721513,Charkabani,West Bengal,28,West Midnapore,344,Jhargram,,22.351,87.0859,3,charkabani
IN,India,India,721513,Chingurkasa,West Bengal,28,West Midnapore,344,Jhargram,,22.351,87.0859,3,chingurkasa
IN,India,India,721513,Dhuniapara,West Bengal,28,West Midnapore,344,Kharagpur-I,,22.351,87.0859,3,dhuniapara
IN,India,India,721513,Dudhkundi,West Bengal,28,West Midnapore,344,Jhargram,,22.351,87.0859,3,dudhkundi
IN,India,India,721513,Gajasimul,West Bengal,28,West Midnapore,344,Jhargram,,22.351,87.0859,3,gajasimul
IN,India,India,721513,Jhantibandh,West Bengal,28,West Midnapore,344,Jhargram,,22.351,87.0859,3,jhantibandh
IN,India,India,721513,Joypur,West Bengal,28,West Midnapore,344,Jhargram,,22.351,87.0859,3,joypur
IN,India,India,721513,Khalseuli,West Bengal,28,West Midnapore,344,Jhargram,,22.351,87.0859,3,khalseuli
IN,India,India,721513,Kharbandi,West Bengal,28,West Midnapore,344,Midnapore,,22.351,87.0859,3,kharbandi
IN,India,India,721513,Khemasuli,West Bengal,28,West Midnapore,344,Jhargram,,22.351,87.0859,3,khemasuli
IN,India,India,721513,Kismat Dhangori,West Bengal,28,West Midnapore,344,Jhargram,,22.351,87.0859,3,kismat-dhangori
IN,India,India,721513,Sindurgoura,West Bengal,28,West Midnapore,344,Jhargram,,22.351,87.0859,3,sindurgoura
IN,India,India,721513,Lodhasuli,West Bengal,28,West Midnapore,344,Jhargram,,22.3363,87.0492,4,lodhasuli
IN,India,India,721514,Bodhna,West Bengal,28,West Midnapore,344,Jhargram,,22.5813,86.9207,3,bodhna
IN,India,India,721514,Binpur,West Bengal,28,West Midnapore,344,Jhargram,,22.5813,86.9207,4,binpur
IN,India,India,721514,Birihandi,West Bengal,28,West Midnapore,344,Jhargram,,22.5813,86.9207,3,birihandi
IN,India,India,721514,Pukuria,West Bengal,28,West Midnapore,344,Jhargram,,22.5813,86.9207,3,pukuria
IN,India,India,721514,Rajbati,West Bengal,28,West Midnapore,344,Jhargram,,22.5813,86.9207,3,rajbati
IN,India,India,721514,Garh Salboni,West Bengal,28,West Midnapore,344,Midnapore,,22.5813,86.9207,3,garh-salboni
IN,India,India,721514,Jhargram Rajbati,West Bengal,28,West Midnapore,344,Jhargram,,22.5813,86.9207,3,jhargram-rajbati
IN,India,India,721514,Sevayatan,West Bengal,28,West Midnapore,344,Jhargram,,22.5813,86.9207,3,sevayatan
IN,India,India,721514,Jorakhali,West Bengal,28,West Midnapore,344,Jhargram,,22.5813,86.9207,3,jorakhali
IN,India,India,721514,Bandgora,West Bengal,28,West Midnapore,344,Jhargram,,22.5813,86.9207,3,bandgora
IN,India,India,721515,Bhangabandh,West Bengal,28,West Midnapore,344,Midnapore,,22.4143,87.267,4,bhangabandh
IN,India,India,721515,Ashakanthi,West Bengal,28,West Midnapore,344,Midnapore,,22.4143,87.267,3,ashakanthi
IN,India,India,721515,Muniada,West Bengal,28,West Midnapore,344,Binpur-II,,22.4143,87.267,3,muniada
IN,India,India,721515,Diasi,West Bengal,28,West Midnapore,344,Midnapore,,22.4143,87.267,3,diasi
IN,India,India,721515,Chhotosukjora,West Bengal,28,West Midnapore,344,Midnapore,,22.4143,87.267,3,chhotosukjora
IN,India,India,721515,Bhelaidiha,West Bengal,28,West Midnapore,344,Jhargram,,22.4143,87.267,3,bhelaidiha
IN,India,India,721515,Sahari,West Bengal,28,West Midnapore,344,Jhargram,,22.4143,87.267,3,sahari
IN,India,India,721515,Silda,West Bengal,28,West Midnapore,344,Binpur-II,,22.6167,86.8167,4,silda
IN,India,India,721516,Bamal,West Bengal,28,West Midnapore,344,Binpur-I,,22.4143,87.267,3,bamal
IN,India,India,721516,Bhimpur,West Bengal,28,West Midnapore,344,Jhargram,,22.4143,87.267,4,bhimpur
IN,India,India,721516,Kharikasuli,West Bengal,28,West Midnapore,344,Midnapore,,22.4143,87.267,3,kharikasuli
IN,India,India,721516,Moupal,West Bengal,28,West Midnapore,344,Jhargram,,22.4143,87.267,3,moupal
IN,India,India,721516,Satpati,West Bengal,28,West Midnapore,344,Salboni,,22.4143,87.267,3,satpati
IN,India,India,721516,Mahatapur,West Bengal,28,West Midnapore,344,Midnapore,,22.4143,87.267,3,mahatapur
IN,India,India,721516,Belatikri,West Bengal,28,West Midnapore,344,Binpur-I,,22.4143,87.267,3,belatikri
IN,India,India,721516,Netai,West Bengal,28,West Midnapore,344,Jhargram,,22.4143,87.267,3,netai
IN,India,India,721516,Madhupur,West Bengal,28,West Midnapore,344,Salboni,,22.4143,87.267,4,madhupur
IN,India,India,721516,Dharampur,West Bengal,28,West Midnapore,344,Binpur-I,,22.4143,87.267,4,dharampur
IN,India,India,721516,Purnapani,West Bengal,28,West Midnapore,344,Jhargram,,22.4143,87.267,3,purnapani
IN,India,India,721516,Lalgarh (West Midnapore),West Bengal,28,West Midnapore,344,Midnapore,,22.5873,87.0497,4,lalgarh-west-midnapore
IN,India,India,721516,Pirakata.,West Bengal,28,West Midnapore,344,Salboni,,22.5649,87.1795,4,pirakata
IN,India,India,721516,Kalaimuri,West Bengal,28,West Midnapore,344,Jhargram,,22.6625,87.1099,4,kalaimuri
IN,India,India,721517,Tapsia,West Bengal,28,West Midnapore,344,Jhargram,,22.2721,86.9541,3,tapsia
IN,India,India,721517,Jhariabandhgora,West Bengal,28,West Midnapore,344,Jhargram,,22.2721,86.9541,3,jhariabandhgora
IN,India,India,721517,Aguiboni,West Bengal,28,West Midnapore,344,Jhargram,,22.2721,86.9541,3,aguiboni
IN,India,India,721517,Ambi,West Bengal,28,West Midnapore,344,Gopiballavpur-II,,22.2721,86.9541,3,ambi
IN,India,India,721517,Kaima,West Bengal,28,West Midnapore,344,Jhargram,,22.2721,86.9541,3,kaima
IN,India,India,721517,Ragra,West Bengal,28,West Midnapore,344,Sankrail,,22.2721,86.9541,3,ragra
IN,India,India,721517,Kanpursalbani,West Bengal,28,West Midnapore,344,Midnapore,,22.2721,86.9541,3,kanpursalbani
IN,India,India,721517,Amdapal,West Bengal,28,West Midnapore,344,Jhargram,,22.2721,86.9541,3,amdapal
IN,India,India,721517,Kalinja,West Bengal,28,West Midnapore,344,Jhargram,,22.2721,86.9541,3,kalinja
IN,India,India,721517,Laupara,West Bengal,28,West Midnapore,344,Jhargram,,22.2721,86.9541,3,laupara
IN,India,India,721517,Jorananda,West Bengal,28,West Midnapore,344,Jhargram,,22.2721,86.9541,3,jorananda
IN,India,India,721517,Rantua,West Bengal,28,West Midnapore,344,Jhargram,,22.2721,86.9541,3,rantua
IN,India,India,721517,Jahanpur,West Bengal,28,West Midnapore,344,Jhargram,,22.2721,86.9541,3,jahanpur
IN,India,India,721517,Gurmabhamal,West Bengal,28,West Midnapore,344,Midnapore,,22.2721,86.9541,3,gurmabhamal
IN,India,India,721517,Petbindi,West Bengal,28,West Midnapore,344,Gopiballavpur-II,,22.2721,86.9541,3,petbindi
IN,India,India,721517,Dhadangri,West Bengal,28,West Midnapore,344,Jhargram,,22.2721,86.9541,3,dhadangri
IN,India,India,721517,Balipal,West Bengal,28,West Midnapore,344,Midnapore,,22.2721,86.9541,3,balipal
IN,India,India,721517,Malincha,West Bengal,28,West Midnapore,344,Jhargram,,22.2721,86.9541,3,malincha
IN,India,India,721517,Kukrakhupi,West Bengal,28,West Midnapore,344,Jhargram,,22.2721,86.9541,3,kukrakhupi
IN,India,India,721517,Belia Bhutkahalia,West Bengal,28,West Midnapore,344,Jhargram,,22.2721,86.9541,3,belia-bhutkahalia
IN,India,India,721517,Jugdiha,West Bengal,28,West Midnapore,344,Jhargram,,22.2721,86.9541,3,jugdiha
IN,India,India,721517,Baghuasole,West Bengal,28,West Midnapore,344,Midnapore,,22.2721,86.9541,3,baghuasole
IN,India,India,721517,Beliabera,West Bengal,28,West Midnapore,344,Midnapore,,22.2721,86.9541,4,beliabera
IN,India,India,721627,Nilkunthia,West Bengal,28,West Midnapore,344,Daspur,,22.4143,87.267,3,nilkunthia
IN,India,India,721641,Brindaban Chak,West Bengal,28,West Midnapore,344,Daspur,,22.4143,87.267,4,brindaban-chak
IN,India,India,721641,Kashinathpur,West Bengal,28,West Midnapore,344,Daspur,,22.4143,87.267,3,kashinathpur
IN,India,India,721641,Balakrouth,West Bengal,28,West Midnapore,344,Khukurdaha,,22.4143,87.267,3,balakrouth
IN,India,India,721641,Sahapur,West Bengal,28,West Midnapore,344,Daspur,,22.4143,87.267,4,sahapur
IN,India,India,721641,Khukurdaha,West Bengal,28,West Midnapore,344,Daspur,,22.4143,87.267,3,khukurdaha
IN,India,India,721641,Khanyadihi,West Bengal,28,West Midnapore,344,Daspur,,22.4143,87.267,3,khanyadihi
IN,India,India,721130,Rain,West Bengal,28,East Midnapore,345,Panskura,,22.0208,87.7744,1,rain
IN,India,India,721130,Gopalnagar (East Midnapore),West Bengal,28,East Midnapore,345,Panskura,,22.0208,87.7744,1,gopalnagar-east-midnapore
IN,India,India,721130,Saluka,West Bengal,28,East Midnapore,345,Panskura-ii,,22.0208,87.7744,1,saluka
IN,India,India,721131,Amdan,West Bengal,28,East Midnapore,345,Panskura-I,,22.0208,87.7744,1,amdan
IN,India,India,721134,Kharui,West Bengal,28,East Midnapore,345,Panskura-ii,,22.4007,87.9071,4,kharui
IN,India,India,721134,Kolaghat Natun Bazar,West Bengal,28,East Midnapore,345,Panskura-ii,,22.4166,87.8833,3,kolaghat-natun-bazar
IN,India,India,721134,Kolaghat,West Bengal,28,East Midnapore,345,Panskura-ii,,22.4325,87.8594,4,kolaghat
IN,India,India,721134,Jamitya,West Bengal,28,East Midnapore,345,Sahid Matangini,,22.4166,87.8833,3,jamitya
IN,India,India,721134,Arror,West Bengal,28,East Midnapore,345,Panskura-ii,,22.4166,87.8833,3,arror
IN,India,India,721134,Amalhara,West Bengal,28,East Midnapore,345,Panskura,,22.4166,87.8833,3,amalhara
IN,India,India,721134,Paikpari,West Bengal,28,East Midnapore,345,Panskura-ii,,22.4166,87.8833,3,paikpari
IN,India,India,721134,Kolaghat RS,West Bengal,28,East Midnapore,345,Panskura Ii,,22.4166,87.8833,3,kolaghat-rs
IN,India,India,721135,Barida,West Bengal,28,East Midnapore,345,Barida,,22.0208,87.7744,3,barida
IN,India,India,721137,Hogla,West Bengal,28,East Midnapore,345,Sahid Matangini,,22.0208,87.7744,1,hogla
IN,India,India,721137,Barnan,West Bengal,28,East Midnapore,345,Sahid Matangini,,22.0208,87.7744,1,barnan
IN,India,India,721137,Burarihat,West Bengal,28,East Midnapore,345,Sahid Matangini,,22.0208,87.7744,1,burarihat
IN,India,India,721137,Ktpp,West Bengal,28,East Midnapore,345,Sahid Matangini,,22.0208,87.7744,1,ktpp
IN,India,India,721137,Jawfullybibichak,West Bengal,28,East Midnapore,345,Sahidmatangini,,22.0208,87.7744,1,jawfullybibichak
IN,India,India,721137,Alinan,West Bengal,28,East Midnapore,345,Sahid Matangini,,22.0208,87.7744,1,alinan
IN,India,India,721137,Joybalarampur,West Bengal,28,East Midnapore,345,Sahidmatangini,,22.0208,87.7744,1,joybalarampur
IN,India,India,721137,Ballukhat,West Bengal,28,East Midnapore,345,Sahid Matangini,,22.0208,87.7744,1,ballukhat
IN,India,India,721137,Mechada,West Bengal,28,East Midnapore,345,Sahidmatangini,,22.0208,87.7744,1,mechada
IN,India,India,721139,Arisanda,West Bengal,28,East Midnapore,345,Panskura-i,,22.4042,87.7175,3,arisanda
IN,India,India,721139,Uttarmechogram,West Bengal,28,East Midnapore,345,Panskura-i,,22.4042,87.7175,3,uttarmechogram
IN,India,India,721139,Jotenarayan,West Bengal,28,East Midnapore,345,Panskura,,22.4042,87.7175,3,jotenarayan
IN,India,India,721139,Balidangri,West Bengal,28,East Midnapore,345,Panakura,,22.4042,87.7175,3,balidangri
IN,India,India,721139,Dalpara,West Bengal,28,East Midnapore,345,Panskura,,22.4042,87.7175,3,dalpara
IN,India,India,721139,Bakulda,West Bengal,28,East Midnapore,345,Panskura,,22.4042,87.7175,3,bakulda
IN,India,India,721139,Sijgeria,West Bengal,28,East Midnapore,345,Panskura,,22.4042,87.7175,3,sijgeria
IN,India,India,721139,Patanda,West Bengal,28,East Midnapore,345,Panskura,,22.4042,87.7175,3,patanda
IN,India,India,721139,Kishorepur,West Bengal,28,East Midnapore,345,Panskura,,22.4042,87.7175,3,kishorepur
IN,India,India,721139,Goleghat,West Bengal,28,East Midnapore,345,Panskura,,22.4042,87.7175,3,goleghat
IN,India,India,721139,Dehati,West Bengal,28,East Midnapore,345,Panskura,,22.4042,87.7175,3,dehati
IN,India,India,721139,Naranda,West Bengal,28,East Midnapore,345,Panskura,,22.4042,87.7175,3,naranda
IN,India,India,721139,Gopalnagar Hat,West Bengal,28,East Midnapore,345,Panskura,,22.4042,87.7175,3,gopalnagar-hat
IN,India,India,721139,Ratulia,West Bengal,28,East Midnapore,345,Panskura,,22.4042,87.7175,3,ratulia
IN,India,India,721139,Keshapat,West Bengal,28,East Midnapore,345,Panskura,,22.4042,87.7175,3,keshapat
IN,India,India,721139,Shyam Sundar Patna,West Bengal,28,East Midnapore,345,Panskura-i,,22.4042,87.7175,3,shyam-sundar-patna
IN,India,India,721139,Panskura,West Bengal,28,East Midnapore,345,Panskura,,22.4042,87.7175,4,panskura
IN,India,India,721151,Sagarbarh,West Bengal,28,East Midnapore,345,Panskura-ii,,22.7437,87.8364,1,sagarbarh
IN,India,India,721151,Namalbarh,West Bengal,28,East Midnapore,345,Panskura-i,,22.7437,87.8364,1,namalbarh
IN,India,India,721151,Sitalaparamanandapur,West Bengal,28,East Midnapore,345,Panskura-i,,22.7437,87.8364,1,sitalaparamanandapur
IN,India,India,721151,Harasankar,West Bengal,28,East Midnapore,345,Tamluk-i,,22.7437,87.8364,1,harasankar
IN,India,India,721151,Uttarjianda,West Bengal,28,East Midnapore,345,Panskura-i,,22.7437,87.8364,1,uttarjianda
IN,India,India,721151,Deriachak,West Bengal,28,East Midnapore,345,Panskura-i,,22.7437,87.8364,1,deriachak
IN,India,India,721151,Baharpota,West Bengal,28,East Midnapore,345,Panskura-ii,,22.7437,87.8364,1,baharpota
IN,India,India,721151,Siddha,West Bengal,28,East Midnapore,345,Panskura-i,,22.7437,87.8364,1,siddha
IN,India,India,721151,Bhogpur (East Midnapore),West Bengal,28,East Midnapore,345,Panskura,,22.7437,87.8364,1,bhogpur-east-midnapore
IN,India,India,721151,Ramtarak Hat,West Bengal,28,East Midnapore,345,Sahid Matangini,,22.7437,87.8364,1,ramtarak-hat
IN,India,India,721152,Panskura R.S,West Bengal,28,East Midnapore,345,Panskura-i,,22.7437,87.8364,1,panskura-r-s
IN,India,India,721152,Chakradhaban,West Bengal,28,East Midnapore,345,Panskura-i,,22.7437,87.8364,1,chakradhaban
IN,India,India,721152,Harijhama,West Bengal,28,East Midnapore,345,Panskura,,22.7437,87.8364,1,harijhama
IN,India,India,721152,Bijoyramchak,West Bengal,28,East Midnapore,345,Panskura,,22.7437,87.8364,1,bijoyramchak
IN,India,India,721152,Dumdun,West Bengal,28,East Midnapore,345,Panskura,,22.7437,87.8364,1,dumdun
IN,India,India,721152,Pratappur,West Bengal,28,East Midnapore,345,Panskura,,22.7437,87.8364,1,pratappur
IN,India,India,721152,Kalukhanra,West Bengal,28,East Midnapore,345,Panskura,,22.7437,87.8364,1,kalukhanra
IN,India,India,721152,Maguri Uttarsai,West Bengal,28,East Midnapore,345,Panskura,,22.7437,87.8364,1,maguri-uttarsai
IN,India,India,721152,Lakshyakuri,West Bengal,28,East Midnapore,345,Panskura,,22.7437,87.8364,1,lakshyakuri
IN,India,India,721152,Bara Gokul Nagar,West Bengal,28,East Midnapore,345,Panskura,,22.7437,87.8364,1,bara-gokul-nagar
IN,India,India,721152,Upalda,West Bengal,28,East Midnapore,345,Panskura,,22.7437,87.8364,1,upalda
IN,India,India,721152,Meghadangar,West Bengal,28,East Midnapore,345,Panskura,,22.7437,87.8364,1,meghadangar
IN,India,India,721152,Maguri Jagannathchak,West Bengal,28,East Midnapore,345,Panskura,,22.7437,87.8364,1,maguri-jagannathchak
IN,India,India,721153,Kultikri-ghatal,West Bengal,28,East Midnapore,345,Daspur,,22.7437,87.8364,1,kultikri-ghatal
IN,India,India,721154,Pulsita,West Bengal,28,East Midnapore,345,Panskura-ii,,22.7437,87.8364,1,pulsita
IN,India,India,721154,Deulia,West Bengal,28,East Midnapore,345,Panskura,,22.7437,87.8364,1,deulia
IN,India,India,721154,Chapda,West Bengal,28,East Midnapore,345,Panskura,,22.7437,87.8364,1,chapda
IN,India,India,721154,Sajinagechhia,West Bengal,28,East Midnapore,345,Panskura,,22.7437,87.8364,1,sajinagechhia
IN,India,India,721154,Payag,West Bengal,28,East Midnapore,345,Panskura-ii,,22.7437,87.8364,1,payag
IN,India,India,721154,Sitapur,West Bengal,28,East Midnapore,345,Panskura-ii,,22.7437,87.8364,1,sitapur
IN,India,India,721154,Narayanchak,West Bengal,28,East Midnapore,345,Panskura-ii,,22.7437,87.8364,1,narayanchak
IN,India,India,721158,Sulani,West Bengal,28,East Midnapore,345,Panskura-ii,,22.7437,87.8364,1,sulani
IN,India,India,721158,Baishnabchak,West Bengal,28,East Midnapore,345,Panskura-ii,,22.7437,87.8364,1,baishnabchak
IN,India,India,721167,Dalpara,West Bengal,28,East Midnapore,345,Panskura,,22.0208,87.7744,1,dalpara
IN,India,India,721171,Ktpp T.S,West Bengal,28,East Midnapore,345,Sahid Matangini,,22.0208,87.7744,1,ktpp-t-s
IN,India,India,721172,Demarihat,West Bengal,28,East Midnapore,345,Sahid Matangini,,22.0208,87.7744,1,demarihat
IN,India,India,721172,Nonakuribazar,West Bengal,28,East Midnapore,345,NA,,22.0208,87.7744,1,nonakuribazar
IN,India,India,721253,Ghoshkira,West Bengal,28,East Midnapore,345,Midnapore,,22.0208,87.7744,1,ghoshkira
IN,India,India,721401,Contai H.O,West Bengal,28,East Midnapore,345,Contai,,22.0208,87.7744,1,contai-h-o
IN,India,India,721402,Nayaput,West Bengal,28,East Midnapore,345,Nayaput,,22.0208,87.7744,1,nayaput
IN,India,India,721402,Mahisagote,West Bengal,28,East Midnapore,345,Mahisagote,,22.0208,87.7744,1,mahisagote
IN,India,India,721402,Pailachhanpur,West Bengal,28,East Midnapore,345,Pailachhanpur,,22.0208,87.7744,1,pailachhanpur
IN,India,India,721402,Contai Super Market,West Bengal,28,East Midnapore,345,Contai,,22.0208,87.7744,1,contai-super-market
IN,India,India,721402,Damodarpur- Contai,West Bengal,28,East Midnapore,345,Damodarpur,,22.0208,87.7744,1,damodarpur-contai
IN,India,India,721403,Srirampur- Contai,West Bengal,28,East Midnapore,345,Srirampur,,22.0208,87.7744,3,srirampur-contai
IN,India,India,721403,Contai Bazar,West Bengal,28,East Midnapore,345,Contai,,22.0208,87.7744,3,contai-bazar
IN,India,India,721403,Sabajput,West Bengal,28,East Midnapore,345,Sabajput,,22.0208,87.7744,3,sabajput
IN,India,India,721403,Baksispur,West Bengal,28,East Midnapore,345,Baksispur,,22.0208,87.7744,3,baksispur
IN,India,India,721403,Daudpur,West Bengal,28,East Midnapore,345,Daudpur,,22.0208,87.7744,4,daudpur
IN,India,India,721404,Dhangaon,West Bengal,28,East Midnapore,345,Dhangaon,,22.0208,87.7744,1,dhangaon
IN,India,India,721404,Namal,West Bengal,28,East Midnapore,345,Namal,,22.0208,87.7744,1,namal
IN,India,India,721404,Kantai,West Bengal,28,East Midnapore,345,Kantai,,22.0208,87.7744,1,kantai
IN,India,India,721404,Karkuli,West Bengal,28,East Midnapore,345,Contai,,22.0208,87.7744,1,karkuli
IN,India,India,721404,Raipur Paschimbarh,West Bengal,28,East Midnapore,345,R.p.barh,,22.0208,87.7744,1,raipur-paschimbarh
IN,India,India,721404,Tengunia,West Bengal,28,East Midnapore,345,Tengunia,,22.0208,87.7744,1,tengunia
IN,India,India,721405,Athilagori,West Bengal,28,East Midnapore,345,Contai,,22.0208,87.7744,1,athilagori
IN,India,India,721405,Fuleswar,West Bengal,28,East Midnapore,345,Fuleswar,,22.0208,87.7744,1,fuleswar
IN,India,India,721405,Durmuth,West Bengal,28,East Midnapore,345,Durmuth,,22.0208,87.7744,1,durmuth
IN,India,India,721405,Ajodhyapur,West Bengal,28,East Midnapore,345,Ajodhyapur,,22.0208,87.7744,1,ajodhyapur
IN,India,India,721405,Bahitrakunda,West Bengal,28,East Midnapore,345,Bahitrakunda,,22.0208,87.7744,1,bahitrakunda
IN,India,India,721406,Manoharchak,West Bengal,28,East Midnapore,345,Contai,,22.0208,87.7744,1,manoharchak
IN,India,India,721406,Darua,West Bengal,28,East Midnapore,345,Darua,,22.0208,87.7744,1,darua
IN,India,India,721420,Baita Bazar,West Bengal,28,East Midnapore,345,Baitabazar,,22.0208,87.7744,1,baita-bazar
IN,India,India,721420,Jerthan,West Bengal,28,East Midnapore,345,Jerthan,,22.0208,87.7744,1,jerthan
IN,India,India,721420,Alangiri,West Bengal,28,East Midnapore,345,Alangiri,,22.0208,87.7744,1,alangiri
IN,India,India,721422,Keutgeria,West Bengal,28,East Midnapore,345,Keutgeria,,22.0208,87.7744,3,keutgeria
IN,India,India,721422,Astichak,West Bengal,28,East Midnapore,345,Astichak,,22.0208,87.7744,3,astichak
IN,India,India,721422,Naskarpur,West Bengal,28,East Midnapore,345,Naskarpur,,22.0208,87.7744,4,naskarpur
IN,India,India,721422,Atbati,West Bengal,28,East Midnapore,345,Atbati,,22.0208,87.7744,3,atbati
IN,India,India,721422,Balageria,West Bengal,28,East Midnapore,345,Balageria,,22.0208,87.7744,3,balageria
IN,India,India,721422,Balighai,West Bengal,28,East Midnapore,345,Balighai,,22.0208,87.7744,3,balighai
IN,India,India,721422,Bathuary,West Bengal,28,East Midnapore,345,Bathuary,,22.0208,87.7744,3,bathuary
IN,India,India,721422,Bidurpur,West Bengal,28,East Midnapore,345,Bidurpur,,22.0208,87.7744,3,bidurpur
IN,India,India,721422,Hatbaincha,West Bengal,28,East Midnapore,345,Hatbaincha,,22.0208,87.7744,3,hatbaincha
IN,India,India,721422,Jamualachimpur,West Bengal,28,East Midnapore,345,Jamualachimpur,,22.0208,87.7744,3,jamualachimpur
IN,India,India,721422,Kajli,West Bengal,28,East Midnapore,345,Kajli,,22.0208,87.7744,3,kajli
IN,India,India,721422,Khejurda,West Bengal,28,East Midnapore,345,Khejurda,,22.0208,87.7744,3,khejurda
IN,India,India,721422,Pirijkhanbarh,West Bengal,28,East Midnapore,345,Pirijkhanbarh,,22.0208,87.7744,3,pirijkhanbarh
IN,India,India,721422,Urdhabpur,West Bengal,28,East Midnapore,345,Urdhabpur,,22.0208,87.7744,3,urdhabpur
IN,India,India,721422,Uttar-tajpur,West Bengal,28,East Midnapore,345,Uttar-tajpur,,22.0208,87.7744,3,uttar-tajpur
IN,India,India,721422,Bhatda,West Bengal,28,East Midnapore,345,Bhatda,,22.0208,87.7744,3,bhatda
IN,India,India,721423,Gopalchak,West Bengal,28,East Midnapore,345,Gopalchak,,21.7787,87.8341,4,gopalchak
IN,India,India,721423,Narandia,West Bengal,28,East Midnapore,345,Narandia,,22.0208,87.7744,3,narandia
IN,India,India,721423,Shyampur,West Bengal,28,East Midnapore,345,Shyampur,,22.0208,87.7744,3,shyampur
IN,India,India,721423,Karanji,West Bengal,28,East Midnapore,345,Karanji,,22.0208,87.7744,3,karanji
IN,India,India,721423,Deuli,West Bengal,28,East Midnapore,345,Deuli,,22.0208,87.7744,3,deuli
IN,India,India,721423,Satilapur,West Bengal,28,East Midnapore,345,Satilapur,,22.0208,87.7744,3,satilapur
IN,India,India,721423,Dakhin Badalpur,West Bengal,28,East Midnapore,345,Dakhinbadalpur,,22.0208,87.7744,3,dakhin-badalpur
IN,India,India,721423,Bodhra,West Bengal,28,East Midnapore,345,Bodhra,,22.0208,87.7744,3,bodhra
IN,India,India,721423,Narkuli,West Bengal,28,East Midnapore,345,Narkuli,,22.0208,87.7744,3,narkuli
IN,India,India,721423,Balisai,West Bengal,28,East Midnapore,345,Balisai,,21.6763,87.5995,4,balisai
IN,India,India,721425,Udbadal,West Bengal,28,East Midnapore,345,Udbadal,,22.0093,87.7037,4,udbadal
IN,India,India,721425,Mugberia,West Bengal,28,East Midnapore,345,Mugberia,,22.0093,87.7037,3,mugberia
IN,India,India,721425,Bhupatinagar,West Bengal,28,East Midnapore,345,Bhupatinagar,,22.0093,87.7037,3,bhupatinagar
IN,India,India,721425,Purbaradhapur,West Bengal,28,East Midnapore,345,Purbaradhapur,,22.0093,87.7037,3,purbaradhapur
IN,India,India,721427,Aurai,West Bengal,28,East Midnapore,345,Aurai,,22.0208,87.7744,1,aurai
IN,India,India,721427,Namaldiha,West Bengal,28,East Midnapore,345,Namaldiha,,22.0208,87.7744,1,namaldiha
IN,India,India,721427,Sarada,West Bengal,28,East Midnapore,345,Sarada,,22.0208,87.7744,1,sarada
IN,India,India,721427,Deulbarh,West Bengal,28,East Midnapore,345,Deulbarh,,22.0208,87.7744,1,deulbarh
IN,India,India,721427,Jamua Sankarpur,West Bengal,28,East Midnapore,345,Jamua Sankarpur,,22.0208,87.7744,1,jamua-sankarpur
IN,India,India,721427,Ghoraghata,West Bengal,28,East Midnapore,345,Ghoraghata,,22.0208,87.7744,1,ghoraghata
IN,India,India,721427,Kulanjara,West Bengal,28,East Midnapore,345,Kulanjara,,22.0208,87.7744,1,kulanjara
IN,India,India,721427,Amtalia,West Bengal,28,East Midnapore,345,Amtalia,,22.0208,87.7744,1,amtalia
IN,India,India,721427,Uttar Amtalia,West Bengal,28,East Midnapore,345,Uttar Amtalia,,22.0208,87.7744,1,uttar-amtalia
IN,India,India,721427,Bhawanichak,West Bengal,28,East Midnapore,345,Bhawanichak,,22.0208,87.7744,1,bhawanichak
IN,India,India,721428,Digha (East Midnapore),West Bengal,28,East Midnapore,345,Digha,,21.6278,87.5197,4,digha-east-midnapore
IN,India,India,721428,Paya-medinipur,West Bengal,28,East Midnapore,345,Paya-medinipur,,21.6278,87.5197,3,paya-medinipur
IN,India,India,721428,Saripur,West Bengal,28,East Midnapore,345,Saripur,,21.6278,87.5197,3,saripur
IN,India,India,721429,Egra Kasba,West Bengal,28,East Midnapore,345,Egra,,21.8995,87.5379,3,egra-kasba
IN,India,India,721429,Baranihary,West Bengal,28,East Midnapore,345,Baranihary,,21.8995,87.5379,3,baranihary
IN,India,India,721429,Barida Bazar,West Bengal,28,East Midnapore,345,Barida Bazar,,21.8995,87.5379,3,barida-bazar
IN,India,India,721429,Bartana,West Bengal,28,East Midnapore,345,Bartana,,21.8995,87.5379,3,bartana
IN,India,India,721429,Chhatri,West Bengal,28,East Midnapore,345,Chhatri,,21.8995,87.5379,3,chhatri
IN,India,India,721429,Erenda,West Bengal,28,East Midnapore,345,Erenda,,21.8995,87.5379,3,erenda
IN,India,India,721429,Kaithore,West Bengal,28,East Midnapore,345,Kaithore,,21.8995,87.5379,3,kaithore
IN,India,India,721429,Kharuigarh,West Bengal,28,East Midnapore,345,Kharuigarh,,21.8995,87.5379,3,kharuigarh
IN,India,India,721429,Khar,West Bengal,28,East Midnapore,345,Khar,,21.8995,87.5379,3,khar
IN,India,India,721429,Benachakri,West Bengal,28,East Midnapore,345,Benachakri,,21.8995,87.5379,3,benachakri
IN,India,India,721429,Rasan,West Bengal,28,East Midnapore,345,Rasan,,21.8995,87.5379,3,rasan
IN,India,India,721429,Susunia,West Bengal,28,East Midnapore,345,Susunia,,21.8995,87.5379,3,susunia
IN,India,India,721429,Egra,West Bengal,28,East Midnapore,345,Egra,,21.8995,87.5379,4,egra
IN,India,India,721430,Ajoya,West Bengal,28,East Midnapore,345,Ajoya,,22.0208,87.7744,1,ajoya
IN,India,India,721430,Haria,West Bengal,28,East Midnapore,345,Haria,,22.0208,87.7744,1,haria
IN,India,India,721430,Tikashi,West Bengal,28,East Midnapore,345,Tikashi,,22.0208,87.7744,1,tikashi
IN,India,India,721430,Krishnanagar Contai,West Bengal,28,East Midnapore,345,Krishnanagar Contai,,22.0208,87.7744,1,krishnanagar-contai
IN,India,India,721430,Subdi,West Bengal,28,East Midnapore,345,Subdi,,22.0208,87.7744,1,subdi
IN,India,India,721430,Thakurnagar,West Bengal,28,East Midnapore,345,Thakurnagar,,22.0208,87.7744,1,thakurnagar
IN,India,India,721430,Bansgora Bazar,West Bengal,28,East Midnapore,345,Bansgora Bazar,,22.0208,87.7744,1,bansgora-bazar
IN,India,India,721430,Chingurdania,West Bengal,28,East Midnapore,345,Chingurdania,,22.0208,87.7744,1,chingurdania
IN,India,India,721430,Dakshin Kalamdan,West Bengal,28,East Midnapore,345,D.kalamdan,,22.0208,87.7744,1,dakshin-kalamdan
IN,India,India,721430,Dekhali,West Bengal,28,East Midnapore,345,Dekhali,,22.0208,87.7744,1,dekhali
IN,India,India,721430,Jukhia Bazar,West Bengal,28,East Midnapore,345,Jukhia Bazar,,22.0208,87.7744,1,jukhia-bazar
IN,India,India,721430,Lakhi,West Bengal,28,East Midnapore,345,Lakhi,,22.0208,87.7744,1,lakhi
IN,India,India,721430,Barabari South,West Bengal,28,East Midnapore,345,Barabari South,,22.0208,87.7744,1,barabari-south
IN,India,India,721430,Mohati,West Bengal,28,East Midnapore,345,Mohati,,22.0208,87.7744,1,mohati
IN,India,India,721430,Uttar Kalamdan,West Bengal,28,East Midnapore,345,Uttar Kalamdan,,22.0208,87.7744,1,uttar-kalamdan
IN,India,India,721431,Kartickkhali,West Bengal,28,East Midnapore,345,Kartikkhali,,21.8532,87.9147,3,kartickkhali
IN,India,India,721431,Nijkasba,West Bengal,28,East Midnapore,345,Nijkasba,,21.8532,87.9147,3,nijkasba
IN,India,India,721431,Kasaria,West Bengal,28,East Midnapore,345,Kasaria,,21.8532,87.9147,3,kasaria
IN,India,India,721431,Keunchia,West Bengal,28,East Midnapore,345,Keunchia,,21.8532,87.9147,3,keunchia
IN,India,India,721431,Baratala,West Bengal,28,East Midnapore,345,Baratala,,21.8532,87.9147,3,baratala
IN,India,India,721431,Katka Debichak,West Bengal,28,East Midnapore,345,Katka Debichak,,21.8532,87.9147,3,katka-debichak
IN,India,India,721431,Satkhanda Sahebnagar,West Bengal,28,East Midnapore,345,Satkhanda Sahebnagar,,21.8532,87.9147,3,satkhanda-sahebnagar
IN,India,India,721431,Medakhali,West Bengal,28,East Midnapore,345,Medakhali,,21.8532,87.9147,3,medakhali
IN,India,India,721431,Khejuri,West Bengal,28,East Midnapore,345,Khejuri,,21.8532,87.9147,3,khejuri
IN,India,India,721431,Lakshmanchak,West Bengal,28,East Midnapore,345,Lakshmanchak,,21.8532,87.9147,3,lakshmanchak
IN,India,India,721431,Ramchak,West Bengal,28,East Midnapore,345,Ramchak,,21.8532,87.9147,3,ramchak
IN,India,India,721431,Boga,West Bengal,28,East Midnapore,345,Boga,,21.8532,87.9147,3,boga
IN,India,India,721431,Sillyaberia,West Bengal,28,East Midnapore,345,Sillyaberia,,21.8532,87.9147,3,sillyaberia
IN,India,India,721431,Pankhai,West Bengal,28,East Midnapore,345,Pankhai,,21.8532,87.9147,3,pankhai
IN,India,India,721431,Kunjapur,West Bengal,28,East Midnapore,345,Kunjapur,,21.8532,87.9147,3,kunjapur
IN,India,India,721431,Gopichak,West Bengal,28,East Midnapore,345,Gopichak,,21.8532,87.9147,3,gopichak
IN,India,India,721431,Janka,West Bengal,28,East Midnapore,345,Janka,,21.8532,87.9147,4,janka
IN,India,India,721432,Chauddachulli,West Bengal,28,East Midnapore,345,Chaudachulli,,22.0208,87.7744,1,chauddachulli
IN,India,India,721432,Baharganj,West Bengal,28,East Midnapore,345,Baharganj,,22.0208,87.7744,1,baharganj
IN,India,India,721432,Kalagachia (East Midnapore),West Bengal,28,East Midnapore,345,Kalagachia,,22.0208,87.7744,1,kalagachia-east-midnapore
IN,India,India,721432,Takapura,West Bengal,28,East Midnapore,345,Takapura,,22.0208,87.7744,1,takapura
IN,India,India,721432,Kamarda Bazar,West Bengal,28,East Midnapore,345,Kamarda Bazar,,22.0208,87.7744,1,kamarda-bazar
IN,India,India,721432,Jahanabad,West Bengal,28,East Midnapore,345,Jahanabad,,22.0208,87.7744,1,jahanabad
IN,India,India,721432,Haludbari,West Bengal,28,East Midnapore,345,Haludbari,,22.0208,87.7744,1,haludbari
IN,India,India,721432,Serkhanchak,West Bengal,28,East Midnapore,345,Serkhanchak,,22.0208,87.7744,1,serkhanchak
IN,India,India,721432,Deulpota Keshabchak,West Bengal,28,East Midnapore,345,Deulpota Keshabchak,,22.0208,87.7744,1,deulpota-keshabchak
IN,India,India,721433,Khalisabhanga,West Bengal,28,East Midnapore,345,Khalisabhanga,,22.0208,87.7744,1,khalisabhanga
IN,India,India,721433,Mandarpur,West Bengal,28,East Midnapore,345,Mandarpur,,22.0208,87.7744,1,mandarpur
IN,India,India,721433,Maitana,West Bengal,28,East Midnapore,345,Maitana,,22.0208,87.7744,1,maitana
IN,India,India,721433,Haipur,West Bengal,28,East Midnapore,345,Haipur,,22.0208,87.7744,1,haipur
IN,India,India,721433,Sisusadan,West Bengal,28,East Midnapore,345,Sisusadan,,22.0208,87.7744,1,sisusadan
IN,India,India,721433,Battala,West Bengal,28,East Midnapore,345,Battala,,22.0208,87.7744,1,battala
IN,India,India,721433,Tagaria,West Bengal,28,East Midnapore,345,Tagaria,,22.0208,87.7744,1,tagaria
IN,India,India,721433,Majna,West Bengal,28,East Midnapore,345,Majna,,22.0208,87.7744,1,majna
IN,India,India,721434,Dhankrabanka,West Bengal,28,East Midnapore,345,Dhankrabanka,,22.0208,87.7744,3,dhankrabanka
IN,India,India,721434,Taghari,West Bengal,28,East Midnapore,345,Tagharia,,22.0208,87.7744,3,taghari
IN,India,India,721434,Manglamaro,West Bengal,28,East Midnapore,345,Manglamaro,,22.0208,87.7744,3,manglamaro
IN,India,India,721434,Barmakhal,West Bengal,28,East Midnapore,345,Barmakhal,,22.0208,87.7744,3,barmakhal
IN,India,India,721434,Saridaspur,West Bengal,28,East Midnapore,345,Saridaspur,,22.0208,87.7744,3,saridaspur
IN,India,India,721434,Panchuria,West Bengal,28,East Midnapore,345,Panchuria,,22.0208,87.7744,4,panchuria
IN,India,India,721434,Maisali,West Bengal,28,East Midnapore,345,Maisali,,22.0208,87.7744,3,maisali
IN,India,India,721435,Chhoto Srikrishnapur,West Bengal,28,East Midnapore,345,Chhoto Srikrishnapur,,22.0208,87.7744,1,chhoto-srikrishnapur
IN,India,India,721435,Koria,West Bengal,28,East Midnapore,345,Koria,,22.0208,87.7744,1,koria
IN,India,India,721437,Tentulmuri,West Bengal,28,East Midnapore,345,NA,,22.0208,87.7744,3,tentulmuri
IN,India,India,721438,Panchetgarh,West Bengal,28,East Midnapore,345,Panchetgarh,,22.0208,87.7744,3,panchetgarh
IN,India,India,721438,Chandanpur,West Bengal,28,East Midnapore,345,Chandanpur,,22.0208,87.7744,4,chandanpur
IN,India,India,721438,Ghatua Purusottampur,West Bengal,28,East Midnapore,345,Ghatua Purusottampur,,22.0208,87.7744,3,ghatua-purusottampur
IN,India,India,721439,Amarpur,West Bengal,28,East Midnapore,345,Amarpur,,22.0208,87.7744,4,amarpur
IN,India,India,721439,Alamchak Belda,West Bengal,28,East Midnapore,345,Alamchak Belda,,22.0208,87.7744,3,alamchak-belda
IN,India,India,721439,Naipur,West Bengal,28,East Midnapore,345,Naipur,,22.0208,87.7744,3,naipur
IN,India,India,721439,Gokulpur,West Bengal,28,East Midnapore,345,Gokulpur,,22.0208,87.7744,4,gokulpur
IN,India,India,721439,Kanakpur,West Bengal,28,East Midnapore,345,Kanakpur,,22.0208,87.7744,4,kanakpur
IN,India,India,721439,Bulakipur,West Bengal,28,East Midnapore,345,Bulakipur,,22.0208,87.7744,3,bulakipur
IN,India,India,721439,Ayma Barbaria,West Bengal,28,East Midnapore,345,Ayma Barbaria,,22.0208,87.7744,3,ayma-barbaria
IN,India,India,721439,Argora,West Bengal,28,East Midnapore,345,Argora,,22.0208,87.7744,3,argora
IN,India,India,721439,Makrampur,West Bengal,28,East Midnapore,345,Makrampur,,22.0208,87.7744,4,makrampur
IN,India,India,721439,Patashpur,West Bengal,28,East Midnapore,345,Patashpur,,22.0208,87.7744,3,patashpur
IN,India,India,721439,Kekai,West Bengal,28,East Midnapore,345,Kekai,,22.0208,87.7744,3,kekai
IN,India,India,721439,Chandanpur,West Bengal,28,East Midnapore,345,Chandanpur,,22.0208,87.7744,4,chandanpur
IN,India,India,721439,Satbahini,West Bengal,28,East Midnapore,345,Satbahini,,22.0208,87.7744,3,satbahini
IN,India,India,721439,North Biswanathpur,West Bengal,28,East Midnapore,345,North Biswanathpur,,22.0208,87.7744,4,north-biswanathpur
IN,India,India,721440,Srirampur,West Bengal,28,East Midnapore,345,Srirampur,,22.0208,87.7744,4,srirampur
IN,India,India,721440,Pania,West Bengal,28,East Midnapore,345,Pania,,22.0015,87.6242,4,pania
IN,India,India,721440,Chakbhabani,West Bengal,28,East Midnapore,345,Chakbhabani,,22.475,87.8219,3,chakbhabani
IN,India,India,721440,Ballyagobindapur,West Bengal,28,East Midnapore,345,Ballyagobindapur,,22.475,87.8219,3,ballyagobindapur
IN,India,India,721440,Pratapdighi,West Bengal,28,East Midnapore,345,Pratapdighi,,22.475,87.8219,3,pratapdighi
IN,India,India,721441,Gobra,West Bengal,28,East Midnapore,345,Gobra,,22.0208,87.7744,4,gobra
IN,India,India,721441,Ramnagar (East Midnapore),West Bengal,28,East Midnapore,345,Ramnagar,,21.6748,87.5639,4,ramnagar-east-midnapore
IN,India,India,721441,Mandar,West Bengal,28,East Midnapore,345,Mandar,,22.0208,87.7744,3,mandar
IN,India,India,721441,Jhawgeria,West Bengal,28,East Midnapore,345,Jhawgeria,,22.0208,87.7744,3,jhawgeria
IN,India,India,721441,Hirapur,West Bengal,28,East Midnapore,345,Hirapur,,22.0208,87.7744,4,hirapur
IN,India,India,721441,Haldia Patna,West Bengal,28,East Midnapore,345,Haldia Patna,,22.0208,87.7744,3,haldia-patna
IN,India,India,721441,Alankarpur,West Bengal,28,East Midnapore,345,Alankarpur,,22.0208,87.7744,3,alankarpur
IN,India,India,721442,Baikunthapur,West Bengal,28,East Midnapore,345,Baikunthapur,,22.0208,87.7744,3,baikunthapur
IN,India,India,721442,Dariapur,West Bengal,28,East Midnapore,345,Dariapur,,21.7907,87.8635,4,dariapur
IN,India,India,721442,Dholmari,West Bengal,28,East Midnapore,345,Dholmari,,21.8265,87.8323,4,dholmari
IN,India,India,721442,Safiabad,West Bengal,28,East Midnapore,345,Safiabad,,21.8086,87.8479,3,safiabad
IN,India,India,721442,Benichak,West Bengal,28,East Midnapore,345,Benichak,,21.8086,87.8479,3,benichak
IN,India,India,721442,Bankiput,West Bengal,28,East Midnapore,345,Bankiput,,21.8086,87.8479,3,bankiput
IN,India,India,721442,Chapatala,West Bengal,28,East Midnapore,345,Chapatala,,21.8086,87.8479,3,chapatala
IN,India,India,721442,Basantia (East Midnapore),West Bengal,28,East Midnapore,345,Basantia,,21.8086,87.8479,3,basantia-east-midnapore
IN,India,India,721442,Uttarharaschak,West Bengal,28,East Midnapore,345,Uttarharaschak,,21.8086,87.8479,3,uttarharaschak
IN,India,India,721443,Uttar Asda,West Bengal,28,East Midnapore,345,Uttar Asda,,22.0208,87.7744,3,uttar-asda
IN,India,India,721443,Barabatia,West Bengal,28,East Midnapore,345,Barabatia,,22.0208,87.7744,3,barabatia
IN,India,India,721444,Kumirda,West Bengal,28,East Midnapore,345,Kumirda,,22.0208,87.7744,3,kumirda
IN,India,India,721444,Sarpai,West Bengal,28,East Midnapore,345,Sarpai,,22.0208,87.7744,3,sarpai
IN,India,India,721444,Paushi,West Bengal,28,East Midnapore,345,Paushi,,22.0208,87.7744,3,paushi
IN,India,India,721444,Panichiary,West Bengal,28,East Midnapore,345,Panichiary,,22.0208,87.7744,3,panichiary
IN,India,India,721444,Nachinda Bazar,West Bengal,28,East Midnapore,345,Nachinda,,22.0208,87.7744,3,nachinda-bazar
IN,India,India,721444,Kayemgeria,West Bengal,28,East Midnapore,345,Kayemgeria,,22.0208,87.7744,3,kayemgeria
IN,India,India,721444,Kanaidighi,West Bengal,28,East Midnapore,345,Kanaidighi,,22.0208,87.7744,3,kanaidighi
IN,India,India,721444,Ichhabari,West Bengal,28,East Midnapore,345,Ichabari,,22.0208,87.7744,3,ichhabari
IN,India,India,721444,Gangadharchak,West Bengal,28,East Midnapore,345,Gangadharchak,,22.0208,87.7744,3,gangadharchak
IN,India,India,721444,Dighadari,West Bengal,28,East Midnapore,345,Dighadari,,22.0208,87.7744,3,dighadari
IN,India,India,721444,Dakhin Sandalpur,West Bengal,28,East Midnapore,345,Dakhin Sandalpur,,22.0208,87.7744,3,dakhin-sandalpur
IN,India,India,721444,Basudebberia,West Bengal,28,East Midnapore,345,Basudebberia,,22.0208,87.7744,3,basudebberia
IN,India,India,721444,Analberia,West Bengal,28,East Midnapore,345,Analberia,,22.0208,87.7744,3,analberia
IN,India,India,721444,Dhanghara,West Bengal,28,East Midnapore,345,Dhanghara,,22.0208,87.7744,4,dhanghara
IN,India,India,721446,Damodarpur,West Bengal,28,East Midnapore,345,Damodarpur,,22.0208,87.7744,3,damodarpur
IN,India,India,721446,Bishnupur,West Bengal,28,East Midnapore,345,Bishnupur,,22.0208,87.7744,4,bishnupur
IN,India,India,721446,Sahara,West Bengal,28,East Midnapore,345,Sahara,,22.0208,87.7744,4,sahara
IN,India,India,721446,Aswathapur,West Bengal,28,East Midnapore,345,Aswathapur,,22.2088,88.0387,3,aswathapur
IN,India,India,721446,Kandagram,West Bengal,28,East Midnapore,345,Kandagram,,22.2088,88.0387,3,kandagram
IN,India,India,721446,Sadihat,West Bengal,28,East Midnapore,345,Sadihat,,22.2088,88.0387,3,sadihat
IN,India,India,721446,Jasteghori,West Bengal,28,East Midnapore,345,Jasteghori,,22.2088,88.0387,3,jasteghori
IN,India,India,721446,Chandanpurhat,West Bengal,28,East Midnapore,345,Chandanpurhat,,22.2088,88.0387,3,chandanpurhat
IN,India,India,721446,Sadikpur,West Bengal,28,East Midnapore,345,Sadikpur,,22.2088,88.0387,3,sadikpur
IN,India,India,721446,Ranisai,West Bengal,28,East Midnapore,345,Ranisai,,22.2088,88.0387,3,ranisai
IN,India,India,721446,Sagareswar,West Bengal,28,East Midnapore,345,Sagareswar,,22.2088,88.0387,3,sagareswar
IN,India,India,721446,Bolkhusda,West Bengal,28,East Midnapore,345,Bolkhusda,,22.2088,88.0387,3,bolkhusda
IN,India,India,721446,Mirgoda,West Bengal,28,East Midnapore,345,Mirgoda,,21.7213,87.4833,4,mirgoda
IN,India,India,721447,Kasbagola,West Bengal,28,East Midnapore,345,Kasbagola,,21.8104,87.448,4,kasbagola
IN,India,India,721447,Kalyanpur Tentulmuri,West Bengal,28,East Midnapore,345,Kalyanpur Tentulmuri,,21.8104,87.448,3,kalyanpur-tentulmuri
IN,India,India,721447,Panchrol,West Bengal,28,East Midnapore,345,Panchrol,,21.8104,87.448,3,panchrol
IN,India,India,721447,Telami,West Bengal,28,East Midnapore,345,Telami,,21.8104,87.448,3,telami
IN,India,India,721448,Kultikri Aranga,West Bengal,28,East Midnapore,345,Kultikri Aranga,,21.9958,87.8022,3,kultikri-aranga
IN,India,India,721448,Chatla,West Bengal,28,East Midnapore,345,Chatla,,21.9958,87.8022,3,chatla
IN,India,India,721448,Chirulia,West Bengal,28,East Midnapore,345,Chirulia,,21.9958,87.8022,3,chirulia
IN,India,India,721448,Chorpalia,West Bengal,28,East Midnapore,345,Chorpalia,,21.9958,87.8022,3,chorpalia
IN,India,India,721448,Dubda,West Bengal,28,East Midnapore,345,Dubda,,21.9958,87.8022,3,dubda
IN,India,India,721448,Juki,West Bengal,28,East Midnapore,345,Juki,,21.9958,87.8022,3,juki
IN,India,India,721448,Jumki,West Bengal,28,East Midnapore,345,Jumki,,21.9958,87.8022,3,jumki
IN,India,India,721448,Negua,West Bengal,28,East Midnapore,345,Negua,,21.9958,87.8022,3,negua
IN,India,India,721448,Khurutia,West Bengal,28,East Midnapore,345,Khurutia,,21.9958,87.8022,3,khurutia
IN,India,India,721448,Barada Bazar,West Bengal,28,East Midnapore,345,Barada Bazar,,21.9958,87.8022,3,barada-bazar
IN,India,India,721448,Garia,West Bengal,28,East Midnapore,345,Garia,,22.0208,87.7744,4,garia
IN,India,India,721448,Paniparul,West Bengal,28,East Midnapore,345,Paniparul,,21.7495,87.5362,4,paniparul
IN,India,India,721448,Shipur,West Bengal,28,East Midnapore,345,Shipur,,21.7746,87.4726,4,shipur
IN,India,India,721449,Karaldanimakbarh,West Bengal,28,East Midnapore,345,Karaldanimakbarh,,22.3233,87.804,1,karaldanimakbarh
IN,India,India,721449,Marisda,West Bengal,28,East Midnapore,345,Marisda,,22.3233,87.804,1,marisda
IN,India,India,721449,Banamalichatta,West Bengal,28,East Midnapore,345,Banamalichatta,,22.3233,87.804,1,banamalichatta
IN,India,India,721449,Daisai,West Bengal,28,East Midnapore,345,Daisai,,22.3233,87.804,1,daisai
IN,India,India,721450,Junput,West Bengal,28,East Midnapore,345,Junput,,22.3432,87.8407,1,junput
IN,India,India,721450,Paschim Bamunia,West Bengal,28,East Midnapore,345,Paschim Bamunia,,22.3432,87.8407,1,paschim-bamunia
IN,India,India,721450,Jhawa,West Bengal,28,East Midnapore,345,Jhawa,,22.3432,87.8407,1,jhawa
IN,India,India,721450,Dakshin Dauki,West Bengal,28,East Midnapore,345,Contai,,22.3432,87.8407,1,dakshin-dauki
IN,India,India,721450,Deshdattabarh,West Bengal,28,East Midnapore,345,Deshdattabarh,,22.3432,87.8407,1,deshdattabarh
IN,India,India,721450,Barabantalia,West Bengal,28,East Midnapore,345,Barabantalia,,22.3432,87.8407,1,barabantalia
IN,India,India,721452,Basudebpur,West Bengal,28,East Midnapore,345,Basudebpur,,21.8201,87.6292,4,basudebpur
IN,India,India,721452,Mahespur,West Bengal,28,East Midnapore,345,Mahespur,,22.0208,87.7744,4,mahespur
IN,India,India,721452,Biswanathpur,West Bengal,28,East Midnapore,345,Biswanathpur,,22.0208,87.7744,4,biswanathpur
IN,India,India,721452,Khagda,West Bengal,28,East Midnapore,345,Khagda,,22.0208,87.7744,3,khagda
IN,India,India,721452,Uttar Badalpur,West Bengal,28,East Midnapore,345,Uttar Badalpur,,22.0208,87.7744,3,uttar-badalpur
IN,India,India,721452,Paschim Manikpur,West Bengal,28,East Midnapore,345,Paschim Manikpur,,22.0208,87.7744,3,paschim-manikpur
IN,India,India,721452,Dhandalibarh,West Bengal,28,East Midnapore,345,Dhandalibarh,,22.0208,87.7744,3,dhandalibarh
IN,India,India,721452,Satmile,West Bengal,28,East Midnapore,345,Satmile,,22.0208,87.7744,3,satmile
IN,India,India,721452,Junboni,West Bengal,28,East Midnapore,345,Junboni,,22.0208,87.7744,3,junboni
IN,India,India,721452,Murisai,West Bengal,28,East Midnapore,345,Murisai,,22.0208,87.7744,3,murisai
IN,India,India,721452,Bhajachauli,West Bengal,28,East Midnapore,345,Bhajachauli,,22.0208,87.7744,3,bhajachauli
IN,India,India,721453,Purba Madhabpur,West Bengal,28,East Midnapore,345,Purba Madhabpur,,21.7344,87.5491,3,purba-madhabpur
IN,India,India,721453,Uttar Gobindapur,West Bengal,28,East Midnapore,345,Uttar Gobindapur,,21.7344,87.5491,3,uttar-gobindapur
IN,India,India,721453,Uttar Kanpur,West Bengal,28,East Midnapore,345,Uttar Kanpur,,21.7344,87.5491,3,uttar-kanpur
IN,India,India,721453,Manikabasan,West Bengal,28,East Midnapore,345,Manikabasan,,21.7344,87.5491,3,manikabasan
IN,India,India,721453,Depal,West Bengal,28,East Midnapore,345,Depal,,21.7344,87.5491,4,depal
IN,India,India,721453,Paldhui,West Bengal,28,East Midnapore,345,Paldhui,,21.7344,87.5491,3,paldhui
IN,India,India,721454,Alukaranbarh,West Bengal,28,East Midnapore,345,Alukaranbarh,,22.0603,87.6029,3,alukaranbarh
IN,India,India,721454,Barhat,West Bengal,28,East Midnapore,345,Barhat,,22.0603,87.6029,3,barhat
IN,India,India,721454,Selmabad,West Bengal,28,East Midnapore,345,Selmabad,,22.0603,87.6029,3,selmabad
IN,India,India,721454,Katranka,West Bengal,28,East Midnapore,345,Katranka,,22.0603,87.6029,3,katranka
IN,India,India,721454,Saulabheri,West Bengal,28,East Midnapore,345,Saulabheri,,22.0603,87.6029,3,saulabheri
IN,India,India,721454,Hatgopalpur,West Bengal,28,East Midnapore,345,Hatgopalpur,,22.0603,87.6029,3,hatgopalpur
IN,India,India,721454,Madanmohanpur,West Bengal,28,East Midnapore,345,Madanmohanpur,,22.0603,87.6029,3,madanmohanpur
IN,India,India,721454,Amarshi,West Bengal,28,East Midnapore,345,Amarshi,,22.0603,87.6029,4,amarshi
IN,India,India,721455,Chaulkhola,West Bengal,28,East Midnapore,345,Chaulkhola,,22.0208,87.7744,4,chaulkhola
IN,India,India,721455,Bhuniajibarh,West Bengal,28,East Midnapore,345,Bhuniajibarh,,22.0208,87.7744,3,bhuniajibarh
IN,India,India,721455,Dadanpatrabarh,West Bengal,28,East Midnapore,345,Dakshin Kalyanpur,,22.0208,87.7744,3,dadanpatrabarh
IN,India,India,721455,Silampur,West Bengal,28,East Midnapore,345,Chaulkhola,,22.0208,87.7744,3,silampur
IN,India,India,721455,Pichabani,West Bengal,28,East Midnapore,345,Pichabani,,22.0208,87.7744,3,pichabani
IN,India,India,721455,Kalindi,West Bengal,28,East Midnapore,345,Kalindi,,22.0208,87.7744,3,kalindi
IN,India,India,721455,Islampur,West Bengal,28,East Midnapore,345,Islampur,,22.0208,87.7744,3,islampur
IN,India,India,721455,Dakshin Kalyanpur,West Bengal,28,East Midnapore,345,Dakshin Kalynpur,,22.0208,87.7744,3,dakshin-kalyanpur
IN,India,India,721455,Kalindi Teghari,West Bengal,28,East Midnapore,345,Kalindi Teghari,,22.0208,87.7744,3,kalindi-teghari
IN,India,India,721456,Baraudaypur,West Bengal,28,East Midnapore,345,Baraudaypur,,21.9837,87.635,3,baraudaypur
IN,India,India,721456,Argoal,West Bengal,28,East Midnapore,345,Argoal,,21.9694,87.634,4,argoal
IN,India,India,721456,Jabda,West Bengal,28,East Midnapore,345,Jabda,,21.9837,87.635,3,jabda
IN,India,India,721456,Mathura,West Bengal,28,East Midnapore,345,Mathura,,21.9979,87.636,4,mathura
IN,India,India,721456,Kalsi,West Bengal,28,East Midnapore,345,Kalsi,,21.9837,87.635,3,kalsi
IN,India,India,721456,Itaberia,West Bengal,28,East Midnapore,345,Itaberia,,21.9837,87.635,3,itaberia
IN,India,India,721456,Brajaballavpur,West Bengal,28,East Midnapore,345,Brajaballavepur,,21.9837,87.635,3,brajaballavpur
IN,India,India,721456,Bamanbarh,West Bengal,28,East Midnapore,345,Bamanbarh,,21.9837,87.635,3,bamanbarh
IN,India,India,721456,Arjunnagar,West Bengal,28,East Midnapore,345,Arjunnagar,,21.9837,87.635,3,arjunnagar
IN,India,India,721456,Sukhakhola,West Bengal,28,East Midnapore,345,Sukhakhola,,21.9837,87.635,3,sukhakhola
IN,India,India,721456,Manikjore,West Bengal,28,East Midnapore,345,Manikjore,,21.9837,87.635,3,manikjore
IN,India,India,721456,Lalua,West Bengal,28,East Midnapore,345,Lalua,,21.9837,87.635,3,lalua
IN,India,India,721458,Bhimeswaribazar,West Bengal,28,East Midnapore,345,Bhimeswaribazar,,22.3432,87.8407,1,bhimeswaribazar
IN,India,India,721458,Noonhanda,West Bengal,28,East Midnapore,345,Noonhanda,,22.3432,87.8407,1,noonhanda
IN,India,India,721458,Dhankar,West Bengal,28,East Midnapore,345,Palpara,,22.3432,87.8407,1,dhankar
IN,India,India,721458,Bankibheri,West Bengal,28,East Midnapore,345,Bankibheri,,22.3432,87.8407,1,bankibheri
IN,India,India,721458,Bibhisanpur,West Bengal,28,East Midnapore,345,Bibhisanpur,,22.3432,87.8407,1,bibhisanpur
IN,India,India,721458,Panchahari,West Bengal,28,East Midnapore,345,Panchahari,,22.3432,87.8407,1,panchahari
IN,India,India,721458,Totanala,West Bengal,28,East Midnapore,345,Totanala,,22.3432,87.8407,1,totanala
IN,India,India,721458,Palpara (East Midnapore),West Bengal,28,East Midnapore,345,Palpara,,22.3432,87.8407,1,palpara-east-midnapore
IN,India,India,721458,Ururi,West Bengal,28,East Midnapore,345,Ururi,,22.3432,87.8407,1,ururi
IN,India,India,721463,Digha New Township,West Bengal,28,East Midnapore,345,Digha,,22.0208,87.7744,1,digha-new-township
IN,India,India,721601,Srikantapur,West Bengal,28,East Midnapore,345,Bhagwanpur,,22.0208,87.7744,4,srikantapur
IN,India,India,721601,Lalpur,West Bengal,28,East Midnapore,345,Bhagwanpur,,22.0208,87.7744,4,lalpur
IN,India,India,721601,Bhagwanpur (East Midnapore),West Bengal,28,East Midnapore,345,Bhagawanpur,,22.0208,87.7744,3,bhagwanpur-east-midnapore
IN,India,India,721601,Naba Anantapur,West Bengal,28,East Midnapore,345,Bhagwanpur,,22.0208,87.7744,3,naba-anantapur
IN,India,India,721601,Nabatajpur,West Bengal,28,East Midnapore,345,Bhagwanpur,,22.0208,87.7744,3,nabatajpur
IN,India,India,721601,Paikbheri,West Bengal,28,East Midnapore,345,Bhagwanpur,,22.0208,87.7744,3,paikbheri
IN,India,India,721601,Mahammadpur,West Bengal,28,East Midnapore,345,Bhagwanpur,,22.0208,87.7744,4,mahammadpur
IN,India,India,721601,Illaspur,West Bengal,28,East Midnapore,345,Bhagwanpur,,22.0208,87.7744,3,illaspur
IN,India,India,721602,Basudevpur,West Bengal,28,East Midnapore,345,Sutahata,,22.0758,88.1375,3,basudevpur
IN,India,India,721602,Durgachak Colony,West Bengal,28,East Midnapore,345,Haldia Municipality,,22.0758,88.1375,3,durgachak-colony
IN,India,India,721602,Khanjanchak,West Bengal,28,East Midnapore,345,Haldiamunicipality,,22.0758,88.1375,3,khanjanchak
IN,India,India,721602,Durgachak,West Bengal,28,East Midnapore,345,Haldia Municipality,,22.0758,88.1375,4,durgachak
IN,India,India,721603,Deulpota,West Bengal,28,East Midnapore,345,Mahisadal,,22.1393,88.0671,4,deulpota
IN,India,India,721603,Rajaniganj,West Bengal,28,East Midnapore,345,Mahisadal,,22.0208,87.7744,3,rajaniganj
IN,India,India,721603,Purbasrirampur,West Bengal,28,East Midnapore,345,Mahisadal,,22.0208,87.7744,3,purbasrirampur
IN,India,India,721603,Jagatpur,West Bengal,28,East Midnapore,345,Mahisadal,,22.0208,87.7744,4,jagatpur
IN,India,India,721603,Geonkhali,West Bengal,28,East Midnapore,345,Mahisadal,,22.2014,88.0494,4,geonkhali
IN,India,India,721603,Natshal,West Bengal,28,East Midnapore,345,Mahisadal,,22.2016,88.0368,4,natshal
IN,India,India,721604,Haldia,West Bengal,28,East Midnapore,345,Haldia Municipality,,22.0605,88.1097,4,haldia
IN,India,India,721606,Haldia O.R,West Bengal,28,East Midnapore,345,Haldia Municipality,,22.0208,87.7744,1,haldia-o-r
IN,India,India,721606,H.I.T,West Bengal,28,East Midnapore,345,Haldia Municipality,,22.0208,87.7744,1,h-i-t
IN,India,India,721607,Haldia Port,West Bengal,28,East Midnapore,345,Haldia Municipality,,22.0208,87.7744,1,haldia-port
IN,India,India,721607,Haldia T.S,West Bengal,28,East Midnapore,345,Haldia Municipality,,22.0208,87.7744,1,haldia-t-s
IN,India,India,721624,Rangibasan,West Bengal,28,East Midnapore,345,Mahisadal,,22.0208,87.7744,1,rangibasan
IN,India,India,721624,Etamogra,West Bengal,28,East Midnapore,345,Nandakumar,,22.0208,87.7744,1,etamogra
IN,India,India,721624,Keshabpurjalpai,West Bengal,28,East Midnapore,345,Mahisadal,,22.0208,87.7744,1,keshabpurjalpai
IN,India,India,721625,Hanubhunia,West Bengal,28,East Midnapore,345,Reapara,,22.0208,87.7744,1,hanubhunia
IN,India,India,721625,Hanschara,West Bengal,28,East Midnapore,345,Reapara,,22.0208,87.7744,1,hanschara
IN,India,India,721625,Nandapur,West Bengal,28,East Midnapore,345,Nandigram,,22.0208,87.7744,1,nandapur
IN,India,India,721625,Kulbari,West Bengal,28,East Midnapore,345,Reapara,,22.0208,87.7744,1,kulbari
IN,India,India,721625,Muradpur,West Bengal,28,East Midnapore,345,Nandigram,,22.0208,87.7744,1,muradpur
IN,India,India,721626,Charabarh,West Bengal,28,East Midnapore,345,Kajlagarh,,22.198,87.9301,3,charabarh
IN,India,India,721626,Barbaria,West Bengal,28,East Midnapore,345,Bhagawanpur-ii,,22.198,87.9301,3,barbaria
IN,India,India,721626,Ashutia,West Bengal,28,East Midnapore,345,Kajlagarh,,22.198,87.9301,3,ashutia
IN,India,India,721626,Baraibarh,West Bengal,28,East Midnapore,345,Kajlagarh,,22.198,87.9301,3,baraibarh
IN,India,India,721626,Uttarkotebarh,West Bengal,28,East Midnapore,345,Bhagawanpur,,22.198,87.9301,3,uttarkotebarh
IN,India,India,721626,Sukrullapur,West Bengal,28,East Midnapore,345,Kajlagarh,,22.198,87.9301,3,sukrullapur
IN,India,India,721626,Garbari,West Bengal,28,East Midnapore,345,Kajlagarh,,22.198,87.9301,3,garbari
IN,India,India,721626,Kajlagarh,West Bengal,28,East Midnapore,345,Kajlagarh,,22.0366,87.7955,4,kajlagarh
IN,India,India,721626,Bahadurpur,West Bengal,28,East Midnapore,345,Bhagawanpur-ii,,22.0208,87.7744,3,bahadurpur
IN,India,India,721626,Madhabpur,West Bengal,28,East Midnapore,345,Bhagawanpur-ii,,22.0208,87.7744,4,madhabpur
IN,India,India,721627,Gobindapur,West Bengal,28,East Midnapore,345,Sahidmatangini,,22.0208,87.7744,4,gobindapur
IN,India,India,721627,Radhaballavpur,West Bengal,28,East Midnapore,345,Tamluk-i,,22.0208,87.7744,3,radhaballavpur
IN,India,India,721627,Teghorijoteviram,West Bengal,28,East Midnapore,345,Tamluk,,22.0208,87.7744,3,teghorijoteviram
IN,India,India,721627,Kelomal,West Bengal,28,East Midnapore,345,Tamluk-i,,22.0208,87.7744,3,kelomal
IN,India,India,721627,Bahichard,West Bengal,28,East Midnapore,345,Tamkluk-i,,22.0208,87.7744,3,bahichard
IN,India,India,721628,Bamunia,West Bengal,28,East Midnapore,345,Mahisadal,,22.0208,87.7744,3,bamunia
IN,India,India,721628,Basulia,West Bengal,28,East Midnapore,345,Mahisadal,,22.0208,87.7744,3,basulia
IN,India,India,721628,Rambag,West Bengal,28,East Midnapore,345,Mahisadal,,22.0208,87.7744,3,rambag
IN,India,India,721628,Kapasaria,West Bengal,28,East Midnapore,345,Mahisadal,,22.0208,87.7744,3,kapasaria
IN,India,India,721628,Garhkamalpur,West Bengal,28,East Midnapore,345,Mahisadal,,22.0208,87.7744,3,garhkamalpur
IN,India,India,721628,Keshabpur,West Bengal,28,East Midnapore,345,Mahisadal,,22.0208,87.7744,4,keshabpur
IN,India,India,721628,Rajarampur,West Bengal,28,East Midnapore,345,Mahisadal,,22.0208,87.7744,4,rajarampur
IN,India,India,721628,Champi,West Bengal,28,East Midnapore,345,Mahisadal,,22.0208,87.7744,3,champi
IN,India,India,721628,Madhyahingli,West Bengal,28,East Midnapore,345,Mahisadal,,22.0208,87.7744,3,madhyahingli
IN,India,India,721628,Mahisadal,West Bengal,28,East Midnapore,345,Mahisadal,,22.0208,87.7744,3,mahisadal
IN,India,India,721628,Amritberia,West Bengal,28,East Midnapore,345,Mahisadal,,22.0208,87.7744,3,amritberia
IN,India,India,721628,Ghasipur,West Bengal,28,East Midnapore,345,Mahisadal,,22.0208,87.7744,3,ghasipur
IN,India,India,721628,Kanchanpur,West Bengal,28,East Midnapore,345,Mahisadal,,22.1454,87.9751,4,kanchanpur
IN,India,India,721628,Gopalpur,West Bengal,28,East Midnapore,345,Mahisadal,,22.1997,88.0081,4,gopalpur
IN,India,India,721629,Changra,West Bengal,28,East Midnapore,345,Moyna,,22.0208,87.7744,3,changra
IN,India,India,721629,Tilkhoja,West Bengal,28,East Midnapore,345,Moyna,,22.0208,87.7744,3,tilkhoja
IN,India,India,721629,Dakshinmoyna,West Bengal,28,East Midnapore,345,Moyna,,22.0208,87.7744,3,dakshinmoyna
IN,India,India,721629,Moynakalagachia,West Bengal,28,East Midnapore,345,Moiyna,,22.0208,87.7744,3,moynakalagachia
IN,India,India,721629,Purbadakshinmoyna,West Bengal,28,East Midnapore,345,Moyna,,22.0208,87.7744,3,purbadakshinmoyna
IN,India,India,721629,Srikantha,West Bengal,28,East Midnapore,345,Moyna,,22.0208,87.7744,3,srikantha
IN,India,India,721629,Moyna,West Bengal,28,East Midnapore,345,Moyna,,22.237,87.7829,4,moyna
IN,India,India,721631,Haripur,West Bengal,28,East Midnapore,345,Nandigram,,22.0208,87.7744,4,haripur
IN,India,India,721631,Durgapur,West Bengal,28,East Midnapore,345,Nandigram,,22.0208,87.7744,4,durgapur
IN,India,India,721631,Kendamari,West Bengal,28,East Midnapore,345,Nandigram-i,,22.0208,87.7744,3,kendamari
IN,India,India,721631,Amgachia,West Bengal,28,East Midnapore,345,Nandigram-i,,22.0208,87.7744,4,amgachia
IN,India,India,721631,Nandigram,West Bengal,28,East Midnapore,345,Nandigram,,22.0018,87.9594,4,nandigram
IN,India,India,721631,Rampur,West Bengal,28,East Midnapore,345,Nandigram,,22.0208,87.7744,4,rampur
IN,India,India,721631,Sarberia,West Bengal,28,East Midnapore,345,Nandigram,,22.0208,87.7744,3,sarberia
IN,India,India,721631,Daudpurnandi,West Bengal,28,East Midnapore,345,Nandigram,,22.0208,87.7744,3,daudpurnandi
IN,India,India,721631,Osmanchak,West Bengal,28,East Midnapore,345,Nandigram,,22.0208,87.7744,3,osmanchak
IN,India,India,721631,Parulbari,West Bengal,28,East Midnapore,345,Nandigram,,22.0208,87.7744,3,parulbari
IN,India,India,721631,Priyanagar,West Bengal,28,East Midnapore,345,Nandigram,,22.0208,87.7744,3,priyanagar
IN,India,India,721631,Rajaramchak,West Bengal,28,East Midnapore,345,Nandigram,,22.0208,87.7744,3,rajaramchak
IN,India,India,721631,Garhchakraberia,West Bengal,28,East Midnapore,345,Nandigram,,22.0208,87.7744,3,garhchakraberia
IN,India,India,721631,Samsabad,West Bengal,28,East Midnapore,345,Nandigram,,22.0208,87.7744,3,samsabad
IN,India,India,721631,Naynan,West Bengal,28,East Midnapore,345,Nandigram,,22.0208,87.7744,3,naynan
IN,India,India,721631,Nilpur,West Bengal,28,East Midnapore,345,Nandigram,,22.0208,87.7744,3,nilpur
IN,India,India,721632,Kalyanchak,West Bengal,28,East Midnapore,345,Nandakumar,,22.0208,87.7744,3,kalyanchak
IN,India,India,721632,Dayaldasi,West Bengal,28,East Midnapore,345,Nandakumar,,22.0208,87.7744,3,dayaldasi
IN,India,India,721632,Dakhinkasimnagar,West Bengal,28,East Midnapore,345,Nandakumar,,22.0208,87.7744,3,dakhinkasimnagar
IN,India,India,721632,Kumarara,West Bengal,28,East Midnapore,345,Nandakumar,,22.0208,87.7744,3,kumarara
IN,India,India,721632,Sitalpur,West Bengal,28,East Midnapore,345,Nandakumar,,22.0208,87.7744,4,sitalpur
IN,India,India,721632,Nandakumar,West Bengal,28,East Midnapore,345,Nandakumar,,22.1898,87.9187,4,nandakumar
IN,India,India,721632,Kalyanpur,West Bengal,28,East Midnapore,345,Nandakumar,,22.0208,87.7744,4,kalyanpur
IN,India,India,721633,Khagdabirgram,West Bengal,28,East Midnapore,345,Nandigram-iii,,22.0208,87.7744,3,khagdabirgram
IN,India,India,721633,Kandapasra,West Bengal,28,East Midnapore,345,Nandigram-iii,,22.0208,87.7744,3,kandapasra
IN,India,India,721633,Gurgram,West Bengal,28,East Midnapore,345,Bhagwarpur,,22.0208,87.7744,3,gurgram
IN,India,India,721633,Ektarpur,West Bengal,28,East Midnapore,345,Bhawanpur,,22.0208,87.7744,3,ektarpur
IN,India,India,721633,Gopinathpur,West Bengal,28,East Midnapore,345,Bhagawanpur,,22.0208,87.7744,4,gopinathpur
IN,India,India,721633,Brindabanpur,West Bengal,28,East Midnapore,345,Chandipur,,22.0208,87.7744,4,brindabanpur
IN,India,India,721633,Pairachali,West Bengal,28,East Midnapore,345,Bhagawanpur,,22.0208,87.7744,3,pairachali
IN,India,India,721633,Narghat,West Bengal,28,East Midnapore,345,Nandigram-iii,,22.0208,87.7744,3,narghat
IN,India,India,721633,Atattar,West Bengal,28,East Midnapore,345,Nandigram-iii,,22.0208,87.7744,3,atattar
IN,India,India,721633,Baroj,West Bengal,28,East Midnapore,345,Chandipur,,22.0208,87.7744,3,baroj
IN,India,India,721633,Chaknan,West Bengal,28,East Midnapore,345,Nandakumar,,22.0208,87.7744,3,chaknan
IN,India,India,721633,Majnaberia,West Bengal,28,East Midnapore,345,Bhagawanpur,,22.0208,87.7744,3,majnaberia
IN,India,India,721633,Kotebarh,West Bengal,28,East Midnapore,345,Kajlagarh,,22.0208,87.7744,3,kotebarh
IN,India,India,721633,Narghat Laban Satyagraha,West Bengal,28,East Midnapore,345,Nandakumar,,22.0208,87.7744,3,narghat-laban-satyagraha
IN,India,India,721634,Raghunathbari,West Bengal,28,East Midnapore,345,Panskura-ii,,22.3623,87.7811,4,raghunathbari
IN,India,India,721634,Dhuliapur,West Bengal,28,East Midnapore,345,Panskura,,22.3623,87.7811,3,dhuliapur
IN,India,India,721634,Kalagechhia Bara,West Bengal,28,East Midnapore,345,Panskura,,22.3623,87.7811,3,kalagechhia-bara
IN,India,India,721634,Purba Itara,West Bengal,28,East Midnapore,345,Panskura-ii,,22.3623,87.7811,3,purba-itara
IN,India,India,721634,Sundarnagar,West Bengal,28,East Midnapore,345,Panskura,,22.3623,87.7811,3,sundarnagar
IN,India,India,721634,Mahadole,West Bengal,28,East Midnapore,345,Panskura-i,,22.3623,87.7811,3,mahadole
IN,India,India,721634,Dabuapukur,West Bengal,28,East Midnapore,345,Panskura,,22.3623,87.7811,3,dabuapukur
IN,India,India,721635,Shibramnagar,West Bengal,28,East Midnapore,345,Sutahata,,22.1138,88.112,3,shibramnagar
IN,India,India,721635,Agadoro,West Bengal,28,East Midnapore,345,Sutahata,,22.1138,88.112,3,agadoro
IN,India,India,721635,Tajnagar,West Bengal,28,East Midnapore,345,Sutahata,,22.1138,88.112,3,tajnagar
IN,India,India,721635,Tabakhali,West Bengal,28,East Midnapore,345,Sutahata,,22.1138,88.112,3,tabakhali
IN,India,India,721635,Dorojoynagar,West Bengal,28,East Midnapore,345,Sutahata,,22.1138,88.112,3,dorojoynagar
IN,India,India,721635,Purbasrikrishnapur,West Bengal,28,East Midnapore,345,Haldia Municipality,,22.1138,88.112,3,purbasrikrishnapur
IN,India,India,721635,Bhuniaraychak,West Bengal,28,East Midnapore,345,Haldia Municipality,,22.1138,88.112,3,bhuniaraychak
IN,India,India,721635,Anantapur,West Bengal,28,East Midnapore,345,Sutahata,,22.1033,88.1143,4,anantapur
IN,India,India,721635,Dorokrishnanagar,West Bengal,28,East Midnapore,345,Sutahata,,22.1138,88.112,3,dorokrishnanagar
IN,India,India,721635,Sutahata,West Bengal,28,East Midnapore,345,Sutahata,,22.1242,88.1098,4,sutahata
IN,India,India,721636,Parbatipur,West Bengal,28,East Midnapore,345,Tamluk,,22.0208,87.7744,4,parbatipur
IN,India,India,721636,Padumbasan,West Bengal,28,East Midnapore,345,Tamluk,,22.0208,87.7744,3,padumbasan
IN,India,India,721636,Sankarara,West Bengal,28,East Midnapore,345,Tamluk,,22.0208,87.7744,3,sankarara
IN,India,India,721636,Salgechhia,West Bengal,28,East Midnapore,345,Tamluk,,22.0208,87.7744,3,salgechhia
IN,India,India,721636,Tamluk H.O,West Bengal,28,East Midnapore,345,Tamluk,,22.0208,87.7744,3,tamluk-h-o
IN,India,India,721636,Bargabhima,West Bengal,28,East Midnapore,345,Tamluk,,22.0208,87.7744,3,bargabhima
IN,India,India,721637,Biswas,West Bengal,28,East Midnapore,345,Tamluk-i,,22.0208,87.7744,1,biswas
IN,India,India,721637,Dhalhara,West Bengal,28,East Midnapore,345,Sahidmatangini,,22.0208,87.7744,1,dhalhara
IN,India,India,721637,Abasbari,West Bengal,28,East Midnapore,345,Tamluk-i,,22.0208,87.7744,1,abasbari
IN,India,India,721641,Jiakhali,West Bengal,28,East Midnapore,345,Panskura,,22.0208,87.7744,3,jiakhali
IN,India,India,721641,Jasora,West Bengal,28,East Midnapore,345,Panskura,,22.0208,87.7744,3,jasora
IN,India,India,721641,Jagannathpur,West Bengal,28,East Midnapore,345,Panskura,,22.0208,87.7744,4,jagannathpur
IN,India,India,721642,Mirzanagar,West Bengal,28,East Midnapore,345,Nandakumar,,22.0208,87.7744,4,mirzanagar
IN,India,India,721642,Paschimnaichanpur,West Bengal,28,East Midnapore,345,Moyna,,22.0208,87.7744,3,paschimnaichanpur
IN,India,India,721642,Gobradan,West Bengal,28,East Midnapore,345,Moyna,,22.0208,87.7744,3,gobradan
IN,India,India,721642,Kalikadari,West Bengal,28,East Midnapore,345,Moyna,,22.0208,87.7744,3,kalikadari
IN,India,India,721642,Asnan,West Bengal,28,East Midnapore,345,Moiyna,,22.0208,87.7744,3,asnan
IN,India,India,721642,Kishorechak,West Bengal,28,East Midnapore,345,Moyna,,22.0208,87.7744,3,kishorechak
IN,India,India,721642,Raichak,West Bengal,28,East Midnapore,345,Moyna,,22.0208,87.7744,3,raichak
IN,India,India,721642,Bakcha,West Bengal,28,East Midnapore,345,Moyna,,22.0208,87.7744,3,bakcha
IN,India,India,721642,Kiarana,West Bengal,28,East Midnapore,345,Moyna,,22.0208,87.7744,3,kiarana
IN,India,India,721642,Goramahal,West Bengal,28,East Midnapore,345,Moiyna,,22.0208,87.7744,3,goramahal
IN,India,India,721642,Arankiarana,West Bengal,28,East Midnapore,345,Arankiarana,,22.0208,87.7744,3,arankiarana
IN,India,India,721643,Dhanyaghar,West Bengal,28,East Midnapore,345,Nandakumar,,22.0208,87.7744,1,dhanyaghar
IN,India,India,721643,Khanchi,West Bengal,28,East Midnapore,345,Nandakumar,,22.0208,87.7744,1,khanchi
IN,India,India,721644,Donachak,West Bengal,28,East Midnapore,345,Moyna,,22.0208,87.7744,1,donachak
IN,India,India,721644,Paramanandapur,West Bengal,28,East Midnapore,345,Moyna,,22.0208,87.7744,1,paramanandapur
IN,India,India,721644,Ramchakmoyna,West Bengal,28,East Midnapore,345,Moyna,,22.0208,87.7744,1,ramchakmoyna
IN,India,India,721644,Changrachak,West Bengal,28,East Midnapore,345,Moyna,,22.0208,87.7744,1,changrachak
IN,India,India,721644,Dakshin Changrachak,West Bengal,28,East Midnapore,345,Moyna,,22.0208,87.7744,1,dakshin-changrachak
IN,India,India,721644,Gourangachak,West Bengal,28,East Midnapore,345,Moyna,,22.0208,87.7744,1,gourangachak
IN,India,India,721644,Sudampur,West Bengal,28,East Midnapore,345,Moyna,,22.0208,87.7744,1,sudampur
IN,India,India,721644,Jaigirchak,West Bengal,28,East Midnapore,345,Moyna,,22.0208,87.7744,1,jaigirchak
IN,India,India,721645,Barabari,West Bengal,28,East Midnapore,345,Sutahata,,22.0945,88.0488,4,barabari
IN,India,India,721645,Raghurampur,West Bengal,28,East Midnapore,345,Sutahata,,22.0838,88.0403,3,raghurampur
IN,India,India,721645,Barbasudevpur,West Bengal,28,East Midnapore,345,Haldia,,22.0838,88.0403,3,barbasudevpur
IN,India,India,721645,Chakdwipa,West Bengal,28,East Midnapore,345,Haldia,,22.0838,88.0403,3,chakdwipa
IN,India,India,721645,Barbajitpur,West Bengal,28,East Midnapore,345,Haldia,,22.0838,88.0403,3,barbajitpur
IN,India,India,721645,Chaitannyapur,West Bengal,28,East Midnapore,345,Sutahata,,22.0838,88.0403,3,chaitannyapur
IN,India,India,721645,Gobindapurbajitpur,West Bengal,28,East Midnapore,345,Sutahata,,22.0838,88.0403,3,gobindapurbajitpur
IN,India,India,721645,Balughata,West Bengal,28,East Midnapore,345,Haldia Municipality,,22.0731,88.0319,4,balughata
IN,India,India,721646,Gokulnagar,West Bengal,28,East Midnapore,345,Nandigram,,22.0208,87.7744,4,gokulnagar
IN,India,India,721646,Sonachura,West Bengal,28,East Midnapore,345,Nandigram,,22.0208,87.7744,3,sonachura
IN,India,India,721646,Saudkhali,West Bengal,28,East Midnapore,345,Nandigram,,22.0208,87.7744,3,saudkhali
IN,India,India,721646,Simulkundu,West Bengal,28,East Midnapore,345,Nandigram-ii,,22.0208,87.7744,3,simulkundu
IN,India,India,721646,Kiakhali,West Bengal,28,East Midnapore,345,Nandigram,,22.0208,87.7744,3,kiakhali
IN,India,India,721646,Tekhalibazar,West Bengal,28,East Midnapore,345,Nandigram,,22.0208,87.7744,3,tekhalibazar
IN,India,India,721646,Kalicharanpur,West Bengal,28,East Midnapore,345,Nandigram,,22.0208,87.7744,3,kalicharanpur
IN,India,India,721647,Ramchandrapur (East Midnapore),West Bengal,28,East Midnapore,345,Moyna,,22.0208,87.7744,1,ramchandrapur-east-midnapore
IN,India,India,721647,Purbachilka,West Bengal,28,East Midnapore,345,Moiyna,,22.0208,87.7744,1,purbachilka
IN,India,India,721647,Barakurmarchak,West Bengal,28,East Midnapore,345,Moyna,,22.0208,87.7744,1,barakurmarchak
IN,India,India,721647,Dobandi,West Bengal,28,East Midnapore,345,Panskura,,22.0208,87.7744,1,dobandi
IN,India,India,721647,Paschimchilka,West Bengal,28,East Midnapore,345,Moyna,,22.0208,87.7744,1,paschimchilka
IN,India,India,721648,Dakshinsrikrishnapur,West Bengal,28,East Midnapore,345,Nandakumar,,22.0208,87.7744,3,dakshinsrikrishnapur
IN,India,India,721648,Dakshin Narikelda,West Bengal,28,East Midnapore,345,Nandakumar,,22.0208,87.7744,3,dakshin-narikelda
IN,India,India,721648,Ganjanarayanpur,West Bengal,28,East Midnapore,345,Nandakumar,,22.0208,87.7744,3,ganjanarayanpur
IN,India,India,721648,Mayachar,West Bengal,28,East Midnapore,345,Mahisadal,,22.0208,87.7744,3,mayachar
IN,India,India,721648,Byabattarhat,West Bengal,28,East Midnapore,345,Nandakumar,,22.0208,87.7744,3,byabattarhat
IN,India,India,721648,Mirpur,West Bengal,28,East Midnapore,345,Mahisadal,,22.0208,87.7744,4,mirpur
IN,India,India,721648,Barakamarda,West Bengal,28,East Midnapore,345,Nandakumar,,22.0208,87.7744,3,barakamarda
IN,India,India,721648,Uttarsonamui,West Bengal,28,East Midnapore,345,Nandakumar,,22.0208,87.7744,3,uttarsonamui
IN,India,India,721649,Kurpai,West Bengal,28,East Midnapore,345,Tamluk-i,,22.0208,87.7744,3,kurpai
IN,India,India,721649,Uttar Sautanchak,West Bengal,28,East Midnapore,345,Nandakumar,,22.0208,87.7744,3,uttar-sautanchak
IN,India,India,721649,Bainchberia,West Bengal,28,East Midnapore,345,Tamluk-i,,22.0208,87.7744,3,bainchberia
IN,India,India,721649,Kulberia,West Bengal,28,East Midnapore,345,Tamluk,,22.0208,87.7744,3,kulberia
IN,India,India,721649,Nakibasan,West Bengal,28,East Midnapore,345,Tamluk-i,,22.0208,87.7744,3,nakibasan
IN,India,India,721649,Mirikpur,West Bengal,28,East Midnapore,345,Moyna,,22.0208,87.7744,3,mirikpur
IN,India,India,721649,Hijalberia,West Bengal,28,East Midnapore,345,Tamluk-i,,22.0208,87.7744,3,hijalberia
IN,India,India,721649,Kakgechia,West Bengal,28,East Midnapore,345,Tamluk-i,,22.0208,87.7744,3,kakgechia
IN,India,India,721649,Chakjiandighi,West Bengal,28,East Midnapore,345,Tamluk,,22.0208,87.7744,3,chakjiandighi
IN,India,India,721649,Simulia,West Bengal,28,East Midnapore,345,Tamluk,,22.0208,87.7744,4,simulia
IN,India,India,721650,Debipur,West Bengal,28,East Midnapore,345,Reapara,,22.0208,87.7744,4,debipur
IN,India,India,721650,Kamalpur,West Bengal,28,East Midnapore,345,Nandigram Ii,,22.0208,87.7744,4,kamalpur
IN,India,India,721650,Amdabad,West Bengal,28,East Midnapore,345,Nandigram-ii,,22.0208,87.7744,3,amdabad
IN,India,India,721650,Monoharpur,West Bengal,28,East Midnapore,345,Reapara,,22.1083,88.0789,4,monoharpur
IN,India,India,721650,Akandabari,West Bengal,28,East Midnapore,345,Reapara,,22.0208,87.7744,3,akandabari
IN,India,India,721650,Bheturia,West Bengal,28,East Midnapore,345,Reapara,,22.0208,87.7744,3,bheturia
IN,India,India,721650,Reapara,West Bengal,28,East Midnapore,345,Reapara,,22.0208,87.7744,3,reapara
IN,India,India,721650,Runkinipur,West Bengal,28,East Midnapore,345,Reapara,,22.0208,87.7744,3,runkinipur
IN,India,India,721650,Birulia,West Bengal,28,East Midnapore,345,Reapara,,22.0208,87.7744,3,birulia
IN,India,India,721650,Shibrampur,West Bengal,28,East Midnapore,345,Reapara,,22.0208,87.7744,3,shibrampur
IN,India,India,721650,Garh Krishna Nagar,West Bengal,28,East Midnapore,345,Reapara,,22.0208,87.7744,3,garh-krishna-nagar
IN,India,India,721650,Khodambari,West Bengal,28,East Midnapore,345,Reapara,,22.0208,87.7744,3,khodambari
IN,India,India,721650,Gholpukuria,West Bengal,28,East Midnapore,345,Reapara,,22.0208,87.7744,3,gholpukuria
IN,India,India,721651,Putputia,West Bengal,28,East Midnapore,345,Moyna,,22.0208,87.7744,1,putputia
IN,India,India,721651,Rajnagar Baharjola,West Bengal,28,East Midnapore,345,Moyna,,22.0208,87.7744,1,rajnagar-baharjola
IN,India,India,721651,Changrakalaganda,West Bengal,28,East Midnapore,345,Moyna,,22.0208,87.7744,1,changrakalaganda
IN,India,India,721651,Sulochanarambhadrapur,West Bengal,28,East Midnapore,345,Moyna,,22.0208,87.7744,1,sulochanarambhadrapur
IN,India,India,721651,Bargoda,West Bengal,28,East Midnapore,345,Moyna,,22.0208,87.7744,1,bargoda
IN,India,India,721651,Srirampur Mid,West Bengal,28,East Midnapore,345,Moyna,,22.0208,87.7744,1,srirampur-mid
IN,India,India,721652,Dakshindamodarpur,West Bengal,28,East Midnapore,345,Nandakumar,,22.1454,87.9751,3,dakshindamodarpur
IN,India,India,721652,Jalpai,West Bengal,28,East Midnapore,345,Nandakumar,,22.1454,87.9751,4,jalpai
IN,India,India,721652,Bargodagodar,West Bengal,28,East Midnapore,345,Nandakumar,,22.1454,87.9751,3,bargodagodar
IN,India,India,721652,Barabhuniakhali,West Bengal,28,East Midnapore,345,Nandakumar,,22.1454,87.9751,3,barabhuniakhali
IN,India,India,721652,Kumarchak,West Bengal,28,East Midnapore,345,Nandakumar,,22.1454,87.9751,3,kumarchak
IN,India,India,721652,Motilalchak,West Bengal,28,East Midnapore,345,Nandakumar,,22.1454,87.9751,3,motilalchak
IN,India,India,721653,Haridaspur,West Bengal,28,East Midnapore,345,Tamluk-i,,22.0208,87.7744,4,haridaspur
IN,India,India,721653,Salikagarchak,West Bengal,28,East Midnapore,345,Tamluk-i,,22.0208,87.7744,3,salikagarchak
IN,India,India,721653,Naikuri,West Bengal,28,East Midnapore,345,Tamluk,,22.0208,87.7744,3,naikuri
IN,India,India,721653,Chanserpur,West Bengal,28,East Midnapore,345,Tamluk,,22.0208,87.7744,3,chanserpur
IN,India,India,721654,Baruttarhingli,West Bengal,28,East Midnapore,345,Mahisadal,,22.1303,88.0483,3,baruttarhingli
IN,India,India,721654,Kalikakundu,West Bengal,28,East Midnapore,345,Mahisadal,,22.1303,88.0483,3,kalikakundu
IN,India,India,721654,Iswardahajalpai,West Bengal,28,East Midnapore,345,Haldia,,22.1303,88.0483,3,iswardahajalpai
IN,India,India,721654,Dwariberia,West Bengal,28,East Midnapore,345,Sutahata,,22.1303,88.0483,3,dwariberia
IN,India,India,721654,Dakshinchak,West Bengal,28,East Midnapore,345,Haldia,,22.1303,88.0483,3,dakshinchak
IN,India,India,721654,Basanchak,West Bengal,28,East Midnapore,345,Sutahata,,22.1303,88.0483,3,basanchak
IN,India,India,721654,Lakshya,West Bengal,28,East Midnapore,345,Mahisadal,,22.1303,88.0483,3,lakshya
IN,India,India,721654,Kumarpur,West Bengal,28,East Midnapore,345,Haldia,,22.1303,88.0483,3,kumarpur
IN,India,India,721654,Hadia,West Bengal,28,East Midnapore,345,Haldia,,22.1303,88.0483,4,hadia
IN,India,India,721655,Kismatbajkul,West Bengal,28,East Midnapore,345,Kajlagarh,,22.0208,87.7744,1,kismatbajkul
IN,India,India,721655,Madhusudanchak,West Bengal,28,East Midnapore,345,Kajlagarh,,22.0208,87.7744,1,madhusudanchak
IN,India,India,721655,Porachingra,West Bengal,28,East Midnapore,345,Kajlagarh,,22.0208,87.7744,1,porachingra
IN,India,India,721655,Narayandari,West Bengal,28,East Midnapore,345,Kajlagarh,,22.0208,87.7744,1,narayandari
IN,India,India,721655,Nazirbaza5r,West Bengal,28,East Midnapore,345,Kajlagarh,,22.0208,87.7744,1,nazirbaza5r
IN,India,India,721655,Tiorkhali,West Bengal,28,East Midnapore,345,Kajlagarh,,22.0208,87.7744,1,tiorkhali
IN,India,India,721656,Boyal,West Bengal,28,East Midnapore,345,Nandigram,,22.0208,87.7744,3,boyal
IN,India,India,721656,Manuchak,West Bengal,28,East Midnapore,345,Nandigram,,22.0208,87.7744,3,manuchak
IN,India,India,721656,Asadtala,West Bengal,28,East Midnapore,345,Nandigram,,22.0208,87.7744,3,asadtala
IN,India,India,721656,Bhekutia,West Bengal,28,East Midnapore,345,Nandigram-i,,22.0208,87.7744,3,bhekutia
IN,India,India,721656,Purbagopalchak,West Bengal,28,East Midnapore,345,Nandigram,,22.0208,87.7744,3,purbagopalchak
IN,India,India,721656,Terapakhia,West Bengal,28,East Midnapore,345,Nandigram,,22.0208,87.7744,3,terapakhia
IN,India,India,721656,Tajpur,West Bengal,28,East Midnapore,345,Nandigram,,22.0208,87.7744,4,tajpur
IN,India,India,721656,Amratala,West Bengal,28,East Midnapore,345,Nandigram,,22.0208,87.7744,4,amratala
IN,India,India,721656,Baraghuni,West Bengal,28,East Midnapore,345,Reapara,,22.0208,87.7744,3,baraghuni
IN,India,India,721657,Pitambarchak,West Bengal,28,East Midnapore,345,Haldia Municipality,,22.0208,87.7744,1,pitambarchak
IN,India,India,721657,Debhog,West Bengal,28,East Midnapore,345,Haldia,,22.0208,87.7744,1,debhog
IN,India,India,721657,Geondab,West Bengal,28,East Midnapore,345,Mahisadal,,22.0208,87.7744,1,geondab
IN,India,India,721657,Barghasipur,West Bengal,28,East Midnapore,345,Haldia Municipality,,22.0208,87.7744,1,barghasipur
IN,India,India,721657,Hatiberia,West Bengal,28,East Midnapore,345,Haldia Municipality,,22.0208,87.7744,1,hatiberia
IN,India,India,721658,Kukrahati,West Bengal,28,East Midnapore,345,Sutahata,,22.187,88.1068,4,kukrahati
IN,India,India,721658,Baroda,West Bengal,28,East Midnapore,345,Sutahata,,22.187,88.1068,3,baroda
IN,India,India,721658,Dhekua,West Bengal,28,East Midnapore,345,Sutahata,,22.187,88.1068,3,dhekua
IN,India,India,721658,Dorokashipur,West Bengal,28,East Midnapore,345,Sutahata,,22.187,88.1068,3,dorokashipur
IN,India,India,721658,Golapchak,West Bengal,28,East Midnapore,345,Sutahata,,22.187,88.1068,3,golapchak
IN,India,India,721659,Barsimulbari,West Bengal,28,East Midnapore,345,Kajlagarh,,22.0208,87.7744,3,barsimulbari
IN,India,India,721659,Sultanpurbazar,West Bengal,28,East Midnapore,345,Nandigram-iii,,22.0208,87.7744,3,sultanpurbazar
IN,India,India,721659,Paschimpatna,West Bengal,28,East Midnapore,345,Chandipur,,22.0208,87.7744,3,paschimpatna
IN,India,India,721659,Ashutiabarh,West Bengal,28,East Midnapore,345,Nandigram-iii,,22.0208,87.7744,3,ashutiabarh
IN,India,India,721659,Kakra,West Bengal,28,East Midnapore,345,Nandigram-iii,,22.0208,87.7744,3,kakra
IN,India,India,721659,Srikrishnapur,West Bengal,28,East Midnapore,345,Chandipur,,22.0208,87.7744,4,srikrishnapur
IN,India,India,721659,Iswarpur,West Bengal,28,East Midnapore,345,Chandipur,,22.0208,87.7744,3,iswarpur
IN,India,India,721659,Brajalalchak,West Bengal,28,East Midnapore,345,Chandipur,,22.0208,87.7744,3,brajalalchak
IN,India,India,721659,Mathchandipur,West Bengal,28,East Midnapore,345,Nandigram,,22.0208,87.7744,3,mathchandipur
IN,India,India,735204,Ethelbari Crossing,West Bengal,28,Alipurduar,664,Alipurduar,,26.7042,89.1455,3,ethelbari-crossing
IN,India,India,735204,Birpara Bazar,West Bengal,28,Alipurduar,664,Alipurduar,,26.7042,89.1455,3,birpara-bazar
IN,India,India,735204,Bundapani,West Bengal,28,Alipurduar,664,Alipurduar,,26.7042,89.1455,3,bundapani
IN,India,India,735204,Dimdima,West Bengal,28,Alipurduar,664,Alipurduar,,26.7042,89.1455,3,dimdima
IN,India,India,735204,Khagenhat,West Bengal,28,Alipurduar,664,Alipurduar,,26.7042,89.1455,3,khagenhat
IN,India,India,735204,Nangdala,West Bengal,28,Alipurduar,664,Alipurduar,,26.7042,89.1455,3,nangdala
IN,India,India,735204,Narsingpur,West Bengal,28,Alipurduar,664,Alipurduar,,26.7042,89.1455,3,narsingpur
IN,India,India,735204,Tasati,West Bengal,28,Alipurduar,664,Alipurduar,,26.7042,89.1455,3,tasati
IN,India,India,735204,Tukra Jateswar,West Bengal,28,Alipurduar,664,Alipurduar,,26.7042,89.1455,3,tukra-jateswar
IN,India,India,735204,Birpara,West Bengal,28,Alipurduar,664,Alipurduar,,26.7042,89.1455,4,birpara
IN,India,India,735208,Dalsingpara,West Bengal,28,Alipurduar,664,Hasimara,,26.7644,88.8616,1,dalsingpara
IN,India,India,735211,Falakata,West Bengal,28,Alipurduar,664,Alipurduar,,26.5196,89.2042,4,falakata
IN,India,India,735211,Dakhin Parangerpar,West Bengal,28,Alipurduar,664,Alipurduar,,26.4963,89.2102,3,dakhin-parangerpar
IN,India,India,735211,Satpukuria,West Bengal,28,Alipurduar,664,Alipurduar,,26.4963,89.2102,3,satpukuria
IN,India,India,735211,Talukertari,West Bengal,28,Alipurduar,664,Alipurduar,,26.4963,89.2102,3,talukertari
IN,India,India,735211,Raichenga,West Bengal,28,Alipurduar,664,Alipurduar,,26.4963,89.2102,3,raichenga
IN,India,India,735211,Parangerpar,West Bengal,28,Alipurduar,664,Alipurduar,,26.4963,89.2102,3,parangerpar
IN,India,India,735211,Jogendra Pur,West Bengal,28,Alipurduar,664,Alipurduar,,26.4963,89.2102,3,jogendra-pur
IN,India,India,735211,Dalimpur,West Bengal,28,Alipurduar,664,Alipurduar,,26.4963,89.2102,3,dalimpur
IN,India,India,735211,Chuakhola,West Bengal,28,Alipurduar,664,Alipurduar,,26.4963,89.2102,3,chuakhola
IN,India,India,735211,Bhutnirghat,West Bengal,28,Alipurduar,664,Alipurduar,,26.4963,89.2102,3,bhutnirghat
IN,India,India,735211,Beltali Bhndani,West Bengal,28,Alipurduar,664,Alipurduar,,26.4963,89.2102,3,beltali-bhndani
IN,India,India,735211,Baganbari,West Bengal,28,Alipurduar,664,Alipurduar,,26.4963,89.2102,3,baganbari
IN,India,India,735211,Mairadanga,West Bengal,28,Alipurduar,664,Alipurduar,,26.4963,89.2102,3,mairadanga
IN,India,India,735213,Rangoli Bazna,West Bengal,28,Alipurduar,664,Alipurduar,,26.5394,88.9784,1,rangoli-bazna
IN,India,India,735213,Madhya Rangoli Bazna,West Bengal,28,Alipurduar,664,Alipurduar,,26.5394,88.9784,1,madhya-rangoli-bazna
IN,India,India,735213,Deogaon,West Bengal,28,Alipurduar,664,Alipurduar,,26.5394,88.9784,1,deogaon
IN,India,India,735213,Gopalbagan,West Bengal,28,Alipurduar,664,Alipurduar,,26.5394,88.9784,1,gopalbagan
IN,India,India,735214,Dakshin Satali,West Bengal,28,Alipurduar,664,Hamiltonganj,,26.5394,88.9784,1,dakshin-satali
IN,India,India,735214,Hamiltonganj,West Bengal,28,Alipurduar,664,Hamiltonganj,,26.5394,88.9784,1,hamiltonganj
IN,India,India,735214,Dakshin Latabari,West Bengal,28,Alipurduar,664,Hamiltonganj,,26.5394,88.9784,1,dakshin-latabari
IN,India,India,735214,Uttar Mandalbari,West Bengal,28,Alipurduar,664,Hamiltonganj,,26.5394,88.9784,1,uttar-mandalbari
IN,India,India,735214,Paschim Satali,West Bengal,28,Alipurduar,664,Hamiltonganj,,26.5394,88.9784,1,paschim-satali
IN,India,India,735214,Purba Satali,West Bengal,28,Alipurduar,664,Hamiltonganj,,26.5394,88.9784,1,purba-satali
IN,India,India,735214,Satali Mandalpara,West Bengal,28,Alipurduar,664,Hamiltonganj,,26.5394,88.9784,1,satali-mandalpara
IN,India,India,735215,Madhubagan,West Bengal,28,Alipurduar,664,Hasimara,,26.7469,89.3538,3,madhubagan
IN,India,India,735215,Hasimara,West Bengal,28,Alipurduar,664,Hasimara,,26.7469,89.3538,4,hasimara
IN,India,India,735216,Promodnagar,West Bengal,28,Alipurduar,664,Alipurduar,,25.4514,87.8886,3,promodnagar
IN,India,India,735216,Jateswar,West Bengal,28,Alipurduar,664,Alipurduar,,25.4514,87.8886,3,jateswar
IN,India,India,735216,Nabanagar,West Bengal,28,Alipurduar,664,Alipurduar,,25.4514,87.8886,3,nabanagar
IN,India,India,735216,Alinagar,West Bengal,28,Alipurduar,664,Alipurduar,,25.4514,87.8886,4,alinagar
IN,India,India,735217,Chuapara,West Bengal,28,Alipurduar,664,Kalchini,,26.6889,89.4483,3,chuapara
IN,India,India,735217,Rajabhat Tea Estate,West Bengal,28,Alipurduar,664,Kalchini,,26.6889,89.4483,3,rajabhat-tea-estate
IN,India,India,735217,Gangutia T.G.,West Bengal,28,Alipurduar,664,Kalchini,,26.6889,89.4483,3,gangutia-t-g
IN,India,India,735217,Garopara,West Bengal,28,Alipurduar,664,Kalchini,,26.6889,89.4483,3,garopara
IN,India,India,735217,Nimti Domohini,West Bengal,28,Alipurduar,664,Kalchini,,26.6889,89.4483,3,nimti-domohini
IN,India,India,735217,Atiabari Bagan.,West Bengal,28,Alipurduar,664,Kalchini,,26.6889,89.4483,3,atiabari-bagan
IN,India,India,735217,Kalchini,West Bengal,28,Alipurduar,664,Kalchini,,26.6889,89.4483,4,kalchini
IN,India,India,735217,Chinchula,West Bengal,28,Alipurduar,664,Kalchini,,26.6889,89.4483,3,chinchula
IN,India,India,735220,Madarihat,West Bengal,28,Alipurduar,664,Alipurduar,,26.6952,89.2815,4,madarihat
IN,India,India,735220,Shibnathpur,West Bengal,28,Alipurduar,664,Alipurduar,,26.6952,89.2815,3,shibnathpur
IN,India,India,735220,Madhya Khyerbarii,West Bengal,28,Alipurduar,664,Alipurduar,,26.6952,89.2815,3,madhya-khyerbarii
IN,India,India,735220,Badaitari,West Bengal,28,Alipurduar,664,Alipurduar,,26.6952,89.2815,3,badaitari
IN,India,India,735220,Chotosalkumar,West Bengal,28,Alipurduar,664,Alipurduar,,26.6952,89.2815,3,chotosalkumar
IN,India,India,735220,Hantapara,West Bengal,28,Alipurduar,664,Alipurduar,,26.6952,89.2815,3,hantapara
IN,India,India,735220,Khowchandpara,West Bengal,28,Alipurduar,664,Alipurduar,,26.6952,89.2815,3,khowchandpara
IN,India,India,735220,Totopara,West Bengal,28,Alipurduar,664,Alipurduar,,26.6952,89.2815,3,totopara
IN,India,India,735220,Madhya Madarihat,West Bengal,28,Alipurduar,664,Alipurduar,,26.6952,89.2815,3,madhya-madarihat
IN,India,India,735226,Panabasti,West Bengal,28,Alipurduar,664,Panabasti,,26.8052,89.0414,1,panabasti
IN,India,India,735227,Baksaduar,West Bengal,28,Alipurduar,664,Rajabhatkhawa,,26.7024,89.6107,3,baksaduar
IN,India,India,735227,Rajabhatkhawa,West Bengal,28,Alipurduar,664,Rajabhatkhawa,,26.7024,89.6107,3,rajabhatkhawa
IN,India,India,735227,Jainti,West Bengal,28,Alipurduar,664,Alipurduar,,26.7024,89.6107,4,jainti
IN,India,India,735228,Muznai,West Bengal,28,Alipurduar,664,Alipurduar,,26.8052,89.0414,1,muznai
IN,India,India,735228,Lankaparahat,West Bengal,28,Alipurduar,664,Alipurduar,,26.8052,89.0414,1,lankaparahat
IN,India,India,735228,Garganda,West Bengal,28,Alipurduar,664,Alipurduar,,26.8052,89.0414,1,garganda
IN,India,India,735228,Makrapara,West Bengal,28,Alipurduar,664,Alipurduar,,26.8052,89.0414,1,makrapara
IN,India,India,735228,Ramjhora,West Bengal,28,Alipurduar,664,Alipurduar,,26.8052,89.0414,1,ramjhora
IN,India,India,736121,Birpara,West Bengal,28,Alipurduar,664,Alipurduar,,26.7042,89.1455,4,birpara
IN,India,India,736121,Alipurduar New Town,West Bengal,28,Alipurduar,664,Alipurduar,,26.7042,89.1455,3,alipurduar-new-town
IN,India,India,736121,Gopdashat,West Bengal,28,Alipurduar,664,Alipurduar,,26.7042,89.1455,3,gopdashat
IN,India,India,736121,Kumarijab,West Bengal,28,Alipurduar,664,Alipurduar,,26.7042,89.1455,3,kumarijab
IN,India,India,736121,Marichbari,West Bengal,28,Alipurduar,664,Alipurduar,,26.7042,89.1455,3,marichbari
IN,India,India,736121,Alipurduar MDG,West Bengal,28,Alipurduar,664,Alipurduar,,26.7042,89.1455,3,alipurduar-mdg
IN,India,India,736121,Bararangrash,West Bengal,28,Alipurduar,664,Alipurduar,,26.7042,89.1455,3,bararangrash
IN,India,India,736121,Bhatibari,West Bengal,28,Alipurduar,664,Alipurduar,,26.7042,89.1455,3,bhatibari
IN,India,India,736121,Boragari,West Bengal,28,Alipurduar,664,Alipurduar,,26.7042,89.1455,3,boragari
IN,India,India,736121,Chalnirpak,West Bengal,28,Alipurduar,664,Alipurduar,,26.7042,89.1455,3,chalnirpak
IN,India,India,736121,Chaperpar,West Bengal,28,Alipurduar,664,Alipurduar,,26.7042,89.1455,3,chaperpar
IN,India,India,736121,Dakshin Patkapara,West Bengal,28,Alipurduar,664,Alipurduar,,26.7042,89.1455,3,dakshin-patkapara
IN,India,India,736121,Gharghariahat,West Bengal,28,Alipurduar,664,Alipurduar,,26.7042,89.1455,3,gharghariahat
IN,India,India,736121,Hatidura,West Bengal,28,Alipurduar,664,Alipurduar,,26.7042,89.1455,3,hatidura
IN,India,India,736121,Khochabarihat,West Bengal,28,Alipurduar,664,Alipurduar,,26.7042,89.1455,3,khochabarihat
IN,India,India,736121,Kholta,West Bengal,28,Alipurduar,664,Alipurduar,,26.7042,89.1455,3,kholta
IN,India,India,736121,Panchkalguri,West Bengal,28,Alipurduar,664,Alipurduar,,26.7042,89.1455,3,panchkalguri
IN,India,India,736121,Paschim Khalisamari,West Bengal,28,Alipurduar,664,Alipurduar,,26.7042,89.1455,3,paschim-khalisamari
IN,India,India,736121,Paschim Shalbari,West Bengal,28,Alipurduar,664,Alipurduar,,26.7042,89.1455,3,paschim-shalbari
IN,India,India,736121,Soudpara,West Bengal,28,Alipurduar,664,Alipurduar,,26.7042,89.1455,3,soudpara
IN,India,India,736121,Tapshikhata,West Bengal,28,Alipurduar,664,Alipurduar,,26.7042,89.1455,3,tapshikhata
IN,India,India,736121,Uttar Patkapara,West Bengal,28,Alipurduar,664,Alipurduar,,26.7042,89.1455,3,uttar-patkapara
IN,India,India,736122,Ghagra,West Bengal,28,Alipurduar,664,Alipurduar,,26.7042,89.1455,1,ghagra
IN,India,India,736122,Alipurduar Court,West Bengal,28,Alipurduar,664,Alipurduar,,26.7042,89.1455,1,alipurduar-court
IN,India,India,736122,Banchukumari,West Bengal,28,Alipurduar,664,Alipurduar,,26.7042,89.1455,1,banchukumari
IN,India,India,736123,Bholardabri,West Bengal,28,Alipurduar,664,Alipurduar,,26.7042,89.1455,1,bholardabri
IN,India,India,736123,Damanpur,West Bengal,28,Alipurduar,664,Alipurduar,,26.7042,89.1455,1,damanpur
IN,India,India,736123,Majherdabri,West Bengal,28,Alipurduar,664,Alipurduar,,26.7042,89.1455,1,majherdabri
IN,India,India,736123,Alipurduar Junction,West Bengal,28,Alipurduar,664,Alipurduar,,26.7042,89.1455,1,alipurduar-junction
IN,India,India,736182,New Market Jaigaon,West Bengal,28,Alipurduar,664,Alipurduar,,26.8477,89.3756,3,new-market-jaigaon
IN,India,India,736182,Jaigaon,West Bengal,28,Alipurduar,664,Kalchini,,26.8477,89.3756,4,jaigaon
IN,India,India,736201,Hatipotha,West Bengal,28,Alipurduar,664,Alipurduar,,25.5088,88.582,1,hatipotha
IN,India,India,736201,Kartick Chowpathi,West Bengal,28,Alipurduar,664,Alipurduar,,25.5088,88.582,1,kartick-chowpathi
IN,India,India,736201,Kaijali Basti,West Bengal,28,Alipurduar,664,Alipurduar,,25.5088,88.582,1,kaijali-basti
IN,India,India,736201,Raidak,West Bengal,28,Alipurduar,664,Alipurduar,,25.5088,88.582,1,raidak
IN,India,India,736201,Chuniajhora,West Bengal,28,Alipurduar,664,Alipurduar,,25.5088,88.582,1,chuniajhora
IN,India,India,736202,Telipara,West Bengal,28,Alipurduar,664,Alipurduar,,26.4762,89.763,4,telipara
IN,India,India,736202,Uttar Nararthali,West Bengal,28,Alipurduar,664,Alipurduar,,26.4762,89.763,3,uttar-nararthali
IN,India,India,736202,Khoardanga,West Bengal,28,Alipurduar,664,Alipurduar,,26.4762,89.763,3,khoardanga
IN,India,India,736202,Brojerkuthi.,West Bengal,28,Alipurduar,664,Alipurduar,,26.4762,89.763,3,brojerkuthi
IN,India,India,736202,Kamakhyaguri,West Bengal,28,Alipurduar,664,Alipurduar,,26.4762,89.763,3,kamakhyaguri
IN,India,India,736202,Chikliguri,West Bengal,28,Alipurduar,664,Alipurduar,,26.4762,89.763,3,chikliguri
IN,India,India,736202,Dakhin Kamakhyaguri,West Bengal,28,Alipurduar,664,Alipurduar,,26.4762,89.763,3,dakhin-kamakhyaguri
IN,India,India,736202,Purba Khalishamari.,West Bengal,28,Alipurduar,664,Alipurduar,,26.4762,89.763,3,purba-khalishamari
IN,India,India,736202,Marakhata,West Bengal,28,Alipurduar,664,Alipurduar,,26.4762,89.763,3,marakhata
IN,India,India,736202,Dakshin Nararthali,West Bengal,28,Alipurduar,664,Alipurduar,,26.4762,89.763,3,dakshin-nararthali
IN,India,India,736202,Uttar Parokata,West Bengal,28,Alipurduar,664,Alipurduar,,26.4762,89.763,3,uttar-parokata
IN,India,India,736202,Lalchandpur,West Bengal,28,Alipurduar,664,Alipurduar,,26.4762,89.763,3,lalchandpur
IN,India,India,736203,Barodaldali,West Bengal,28,Alipurduar,664,Kumargramduar,,25.5088,88.582,1,barodaldali
IN,India,India,736203,Kumargramduar,West Bengal,28,Alipurduar,664,Kumargramduar,,25.5088,88.582,1,kumargramduar
IN,India,India,736203,Hemaguri,West Bengal,28,Alipurduar,664,Kumargramduar,,25.5088,88.582,1,hemaguri
IN,India,India,736203,Pukurgram,West Bengal,28,Alipurduar,664,Kumargramduar,,25.5088,88.582,1,pukurgram
IN,India,India,736204,Mathurabagan,West Bengal,28,Alipurduar,664,Alipurduar,,25.0549,87.767,3,mathurabagan
IN,India,India,736204,Sidhabari,West Bengal,28,Alipurduar,664,Alipurduar,,25.0549,87.767,3,sidhabari
IN,India,India,736204,Dakshin Chakoaksheti,West Bengal,28,Alipurduar,664,Alipurduar,,25.0549,87.767,3,dakshin-chakoaksheti
IN,India,India,736204,Dakshin Kamsinggram,West Bengal,28,Alipurduar,664,Alipurduar,,25.0549,87.767,3,dakshin-kamsinggram
IN,India,India,736204,Jaldapara,West Bengal,28,Alipurduar,664,Alipurduar,,25.0549,87.767,3,jaldapara
IN,India,India,736204,Jogendranagar,West Bengal,28,Alipurduar,664,Alipurduar,,25.0549,87.767,3,jogendranagar
IN,India,India,736204,Kalabaria,West Bengal,28,Alipurduar,664,Alipurduar,,25.0549,87.767,3,kalabaria
IN,India,India,736204,Salkumarhat,West Bengal,28,Alipurduar,664,Alipurduar,,25.0549,87.767,3,salkumarhat
IN,India,India,736204,Nathuatari,West Bengal,28,Alipurduar,664,Alipurduar,,25.0549,87.767,3,nathuatari
IN,India,India,736204,Silbarihat,West Bengal,28,Alipurduar,664,Alipurduar,,25.0549,87.767,3,silbarihat
IN,India,India,736204,Uttar Simlabari,West Bengal,28,Alipurduar,664,Alipurduar,,25.0549,87.767,3,uttar-simlabari
IN,India,India,736204,Sonapur,West Bengal,28,Alipurduar,664,Alipurduar,,25.9889,87.8419,4,sonapur
IN,India,India,736204,Kalipur,West Bengal,28,Alipurduar,664,Alipurduar,,24.1209,87.692,4,kalipur
IN,India,India,736205,New Lands,West Bengal,28,Alipurduar,664,Kumargramduar,,25.5088,88.582,1,new-lands
IN,India,India,736206,Dakshin Mahakalguri,West Bengal,28,Alipurduar,664,Alipurduar,,26.5148,89.6522,3,dakshin-mahakalguri
IN,India,India,736206,Chepani,West Bengal,28,Alipurduar,664,Alipurduar,,26.5148,89.6522,3,chepani
IN,India,India,736206,Turturi,West Bengal,28,Alipurduar,664,Alipurduar,,26.5148,89.6522,3,turturi
IN,India,India,736206,Bakla School Danga,West Bengal,28,Alipurduar,664,Alipurduar,,26.5148,89.6522,3,bakla-school-danga
IN,India,India,736206,Saontalpur,West Bengal,28,Alipurduar,664,Kumargramduar,,26.5148,89.6522,3,saontalpur
IN,India,India,736206,Kohinoor Tea Estate,West Bengal,28,Alipurduar,664,Alipurduar,,26.5148,89.6522,3,kohinoor-tea-estate
IN,India,India,736206,Kadampur,West Bengal,28,Alipurduar,664,Alipurduar,,26.5148,89.6522,3,kadampur
IN,India,India,736206,Panbari,West Bengal,28,Alipurduar,664,Alipurduar,,26.5148,89.6522,3,panbari
IN,India,India,736206,Paschim Chepani,West Bengal,28,Alipurduar,664,Alipurduar,,26.5148,89.6522,3,paschim-chepani
IN,India,India,736206,Damsibad,West Bengal,28,Alipurduar,664,Alipurduar,,26.5148,89.6522,3,damsibad
IN,India,India,736206,Taleswarguri.,West Bengal,28,Alipurduar,664,Alipurduar,,26.5148,89.6522,4,taleswarguri
IN,India,India,736207,Rampur,West Bengal,28,Alipurduar,664,Kumargramduar,,24.4433,87.961,4,rampur
IN,India,India,736207,Jorai,West Bengal,28,Alipurduar,664,Kumargramduar,,24.4433,87.961,3,jorai
IN,India,India,736207,Purba Shalbari,West Bengal,28,Alipurduar,664,Kumargramduar,,24.4433,87.961,3,purba-shalbari
IN,India,India,736207,Baruipara,West Bengal,28,Alipurduar,664,Kumargramduar,,24.4433,87.961,3,baruipara
IN,India,India,736207,Barobisha,West Bengal,28,Alipurduar,664,Alipurduar,,24.4433,87.961,3,barobisha
IN,India,India,736207,Radha Nagar,West Bengal,28,Alipurduar,664,Kumargramduar,,24.4433,87.961,3,radha-nagar
IN,India,India,736208,Dakshin Dhalkar,West Bengal,28,Alipurduar,664,Kumargramduar,,25.5088,88.582,1,dakshin-dhalkar
IN,India,India,736208,Bindibara,West Bengal,28,Alipurduar,664,Kumargramduar,,25.5088,88.582,1,bindibara
IN,India,India,736208,Jasodanga,West Bengal,28,Alipurduar,664,Kumargramduar,,25.5088,88.582,1,jasodanga
IN,India,India,736208,Bhelukdabri,West Bengal,28,Alipurduar,664,Kumargramduar,,25.5088,88.582,1,bhelukdabri
IN,India,India,736208,Majidkhana,West Bengal,28,Alipurduar,664,Kumargramduar,,25.5088,88.582,1,majidkhana
IN,India,India,736208,Salsalabari,West Bengal,28,Alipurduar,664,Alipurduar,,25.5088,88.582,1,salsalabari
IN,India,India,736208,Tatpara,West Bengal,28,Alipurduar,664,Kumargramduar,,25.5088,88.582,1,tatpara
IN,India,India,736208,Uttar Sibkhata.,West Bengal,28,Alipurduar,664,Kumargramduar,,25.5088,88.582,1,uttar-sibkhata
IN,India,India,734301,Sinji,West Bengal,28,Kalimpong,702,kalimpong,,27.0051,88.4985,4,sinji
IN,India,India,734301,Samthar,West Bengal,28,Kalimpong,702,Kalimpong,,26.9881,88.5197,4,samthar
IN,India,India,734301,Pudung,West Bengal,28,Kalimpong,702,Kalimpong,,27.0615,88.5207,4,pudung
IN,India,India,734301,7th Mile Kalimpong,West Bengal,28,Kalimpong,702,Kalimpong,,27.036,88.4878,3,7th-mile-kalimpong
IN,India,India,734301,Kalimpong Bazar,West Bengal,28,Kalimpong,702,Kalimpong,,27.0545,88.4246,4,kalimpong-bazar
IN,India,India,734301,Kalimpong,West Bengal,28,Kalimpong,702,Kalimpong,,27.0706,88.4753,4,kalimpong
IN,India,India,734301,Suruk,West Bengal,28,Kalimpong,702,Kalimpong,,27.036,88.4878,3,suruk
IN,India,India,734301,Bankim Park,West Bengal,28,Kalimpong,702,Kalimpong,,27.036,88.4878,3,bankim-park
IN,India,India,734301,Lolay,West Bengal,28,Kalimpong,702,Kalimpong,,27.036,88.4878,3,lolay
IN,India,India,734301,Bong Busty,West Bengal,28,Kalimpong,702,Kalimpong,,27.036,88.4878,3,bong-busty
IN,India,India,734301,Echhey,West Bengal,28,Kalimpong,702,Kalimpong,,27.036,88.4878,3,echhey
IN,India,India,734301,Seokbir,West Bengal,28,Kalimpong,702,Kalimpong,,27.036,88.4878,3,seokbir
IN,India,India,734301,Tashiding,West Bengal,28,Kalimpong,702,Kalimpong,,27.036,88.4878,3,tashiding
IN,India,India,734301,Yangmakum Pambu,West Bengal,28,Kalimpong,702,Kalimpong,,27.036,88.4878,3,yangmakum-pambu
IN,India,India,734301,Chibo Busty,West Bengal,28,Kalimpong,702,Kalimpong,,27.036,88.4878,3,chibo-busty
IN,India,India,734311,Kagay Bazar,West Bengal,28,Kalimpong,702,Kalimpong,,27.1539,88.6145,3,kagay-bazar
IN,India,India,734311,Pedong,West Bengal,28,Kalimpong,702,Kalimpong,,27.1539,88.6145,4,pedong
IN,India,India,734311,Sakyong,West Bengal,28,Kalimpong,702,Kalimpong,,27.1539,88.6145,3,sakyong
IN,India,India,734312,Tista Bridge,West Bengal,28,Kalimpong,702,Kalimpong,,27.0639,88.426,4,tista-bridge
IN,India,India,734314,Algarah,West Bengal,28,Kalimpong,702,Kalimpong,,27.086,88.6617,3,algarah
IN,India,India,734314,Santook Mirik,West Bengal,28,Kalimpong,702,Kalimpong,,27.086,88.6617,3,santook-mirik
IN,India,India,734314,Gitdubling,West Bengal,28,Kalimpong,702,Kalimpong,,27.086,88.6617,3,gitdubling
IN,India,India,734314,Chhumirchin Manchu,West Bengal,28,Kalimpong,702,Kalimpong,,27.086,88.6617,3,chhumirchin-manchu
IN,India,India,734314,Tendrabong,West Bengal,28,Kalimpong,702,Kalimpong,,27.086,88.6617,3,tendrabong
IN,India,India,734314,Pagag Gumpa,West Bengal,28,Kalimpong,702,Kalimpong,,27.086,88.6617,3,pagag-gumpa
IN,India,India,734314,Pabring Tar,West Bengal,28,Kalimpong,702,Kalimpong,,27.086,88.6617,3,pabring-tar
IN,India,India,734314,Nimbong,West Bengal,28,Kalimpong,702,Kalimpong,,27.086,88.6617,3,nimbong
IN,India,India,734314,Kafer,West Bengal,28,Kalimpong,702,Kalimpong,,27.086,88.6617,3,kafer
IN,India,India,734314,Lava,West Bengal,28,Kalimpong,702,Kalimpong,,27.086,88.6617,4,lava
IN,India,India,734315,Munsong,West Bengal,28,Kalimpong,702,Kalimpong,,27.0886,88.5287,1,munsong
IN,India,India,734315,Burmeck,West Bengal,28,Kalimpong,702,Kalimpong,,27.0886,88.5287,1,burmeck
IN,India,India,734316,Mahakaldara,West Bengal,28,Kalimpong,702,Kalimpong,,27.0886,88.5287,1,mahakaldara
IN,India,India,734316,Topkhana,West Bengal,28,Kalimpong,702,Kalimpong,,27.0886,88.5287,1,topkhana
IN,India,India,734316,Sindebong,West Bengal,28,Kalimpong,702,Kalimpong,,27.0886,88.5287,1,sindebong
IN,India,India,734316,Upper Dalapchand,West Bengal,28,Kalimpong,702,Kalimpong,,27.0886,88.5287,1,upper-dalapchand
IN,India,India,734316,Swansay,West Bengal,28,Kalimpong,702,Kalimpong - II,,27.0886,88.5287,1,swansay
IN,India,India,734316,Rousay Bazar,West Bengal,28,Kalimpong,702,Kalimpong,,27.0886,88.5287,1,rousay-bazar
IN,India,India,713201,Durgapur Rabindra Pally,West Bengal,28,Paschim Bardhaman,704,Durgapur,,24.2028,87.9815,1,durgapur-rabindra-pally
IN,India,India,713203,Bhiringi,West Bengal,28,Paschim Bardhaman,704,Durgapur Mc,,24.2028,87.9815,1,bhiringi
IN,India,India,713208,Durgapur ASP SB Bureau,West Bengal,28,Paschim Bardhaman,704,Durgapur Mc,,24.2028,87.9815,1,durgapur-asp-sb-bureau
IN,India,India,713208,Durgapur Alloy Steel Project,West Bengal,28,Paschim Bardhaman,704,Durgapur Municipal Corporation,,24.2028,87.9815,1,durgapur-alloy-steel-project
IN,India,India,713210,V.K.Nagar,West Bengal,28,Paschim Bardhaman,704,Durgapur Mc,,23.8798,87.5259,1,v-k-nagar
IN,India,India,713211,Durgapur Sagarbhanga Colony,West Bengal,28,Paschim Bardhaman,704,Durgapur Mc,,24.1082,87.9171,3,durgapur-sagarbhanga-colony
IN,India,India,713215,Durgapur Brick Field,West Bengal,28,Paschim Bardhaman,704,Durgapur Mc,,23.8798,87.5259,1,durgapur-brick-field
IN,India,India,713301,Asansol H.O,West Bengal,28,Paschim Bardhaman,704,Jamuria,,23.8561,87.4564,1,asansol-h-o
IN,India,India,713301,Hutton Road,West Bengal,28,Paschim Bardhaman,704,Asansol MC,,23.8561,87.4564,1,hutton-road
IN,India,India,713301,S.B.Gorai Road,West Bengal,28,Paschim Bardhaman,704,Asansol MC,,23.8561,87.4564,1,s-b-gorai-road
IN,India,India,713302,Dakhin Dhadka,West Bengal,28,Paschim Bardhaman,704,Barabani,,23.8561,87.4564,1,dakhin-dhadka
IN,India,India,713302,Railpar (Bardhaman),West Bengal,28,Paschim Bardhaman,704,Asansol MC,,23.8561,87.4564,1,railpar-bardhaman
IN,India,India,713302,Palashbagan,West Bengal,28,Paschim Bardhaman,704,Barabani,,23.8561,87.4564,1,palashbagan
IN,India,India,713302,Jhingri Mohallah,West Bengal,28,Paschim Bardhaman,704,Asansol MC,,23.8561,87.4564,1,jhingri-mohallah
IN,India,India,713303,Ushagram,West Bengal,28,Paschim Bardhaman,704,Asansol MC,,23.8561,87.4564,1,ushagram
IN,India,India,713303,B.B.College,West Bengal,28,Paschim Bardhaman,704,Barabani,,23.8561,87.4564,1,b-b-college
IN,India,India,713303,Mohishila Colony,West Bengal,28,Paschim Bardhaman,704,Asansol MC,,23.8561,87.4564,1,mohishila-colony
IN,India,India,713303,Rambandhutalaw,West Bengal,28,Paschim Bardhaman,704,Asansol MC,,23.8561,87.4564,1,rambandhutalaw
IN,India,India,713303,S.D.Hospita,West Bengal,28,Paschim Bardhaman,704,Asansol MC,,23.8561,87.4564,1,s-d-hospita
IN,India,India,713304,Asansol Court,West Bengal,28,Paschim Bardhaman,704,Barabani,,23.8561,87.4564,1,asansol-court
IN,India,India,713304,U C Danga,West Bengal,28,Paschim Bardhaman,704,Asansol MC,,23.8561,87.4564,1,u-c-danga
IN,India,India,713304,Kumarpur,West Bengal,28,Paschim Bardhaman,704,Asansol MC,,23.8561,87.4564,1,kumarpur
IN,India,India,713304,Hill View,West Bengal,28,Paschim Bardhaman,704,Asansol MC,,23.8561,87.4564,1,hill-view
IN,India,India,713305,Ramkrishna Mission,West Bengal,28,Paschim Bardhaman,704,Asansol MC,,23.8561,87.4564,1,ramkrishna-mission
IN,India,India,713315,Jamgram,West Bengal,28,Paschim Bardhaman,704,Baraboni,,23.8168,86.9792,3,jamgram
IN,India,India,713315,Kapista,West Bengal,28,Paschim Bardhaman,704,Baraboni,,23.8168,86.9792,3,kapista
IN,India,India,713315,Panuria,West Bengal,28,Paschim Bardhaman,704,Baraboni,,23.8168,86.9792,4,panuria
IN,India,India,713315,Roshna,West Bengal,28,Paschim Bardhaman,704,Baraboni,,23.8168,86.9792,3,roshna
IN,India,India,713324,Begunia Bazar,West Bengal,28,Paschim Bardhaman,704,Kulti,,24.4891,87.8306,3,begunia-bazar
IN,India,India,713324,Baltoria,West Bengal,28,Paschim Bardhaman,704,Kulti Mc,,24.4891,87.8306,3,baltoria
IN,India,India,713324,Barakar,West Bengal,28,Paschim Bardhaman,704,Barabani,,24.4891,87.8306,3,barakar
IN,India,India,713324,Ramnagar,West Bengal,28,Paschim Bardhaman,704,Barabani,,24.4891,87.8306,4,ramnagar
IN,India,India,713325,Santinagar (Bardhaman),West Bengal,28,Paschim Bardhaman,704,Barabani,,23.6483,87.2163,3,santinagar-bardhaman
IN,India,India,713325,Rahmatdanga,West Bengal,28,Paschim Bardhaman,704,Barabani,,23.6483,87.2163,3,rahmatdanga
IN,India,India,713325,Kalajhoria,West Bengal,28,Paschim Bardhaman,704,Barabani,,23.6483,87.2163,3,kalajhoria
IN,India,India,713325,Burnpur Mkt,West Bengal,28,Paschim Bardhaman,704,Barabani,,23.6483,87.2163,3,burnpur-mkt
IN,India,India,713325,Rambandh,West Bengal,28,Paschim Bardhaman,704,Barabani,,23.6483,87.2163,3,rambandh
IN,India,India,713325,Narsinghbandh,West Bengal,28,Paschim Bardhaman,704,Asansol Mc,,23.6483,87.2163,3,narsinghbandh
IN,India,India,713325,Santa,West Bengal,28,Paschim Bardhaman,704,Barabani,,23.6483,87.2163,3,santa
IN,India,India,713325,Burnpur,West Bengal,28,Paschim Bardhaman,704,Asansol MC,,23.6705,86.9465,4,burnpur
IN,India,India,713325,Hirapur,West Bengal,28,Paschim Bardhaman,704,Barabani,,23.6585,86.9355,4,hirapur
IN,India,India,713325,Dharampur,West Bengal,28,Paschim Bardhaman,704,Barabani,,24.1096,87.6599,4,dharampur
IN,India,India,713325,Radhanagar,West Bengal,28,Paschim Bardhaman,704,Barabani,,23.1546,87.3234,4,radhanagar
IN,India,India,713326,Chotodighari,West Bengal,28,Paschim Bardhaman,704,Asansol Mc,,23.5854,87.5061,1,chotodighari
IN,India,India,713330,Majhiara,West Bengal,28,Paschim Bardhaman,704,Jamuria,,23.7357,87.0523,3,majhiara
IN,India,India,713330,Shibpur,West Bengal,28,Paschim Bardhaman,704,Jamuria,,23.7283,87.0588,4,shibpur
IN,India,India,713330,Charanpur,West Bengal,28,Paschim Bardhaman,704,Jamuria,,23.743,87.0459,4,charanpur
IN,India,India,713331,Chittaranjan,West Bengal,28,Paschim Bardhaman,704,Salanpur,,23.8568,86.9032,4,chittaranjan
IN,India,India,713331,Amladahi,West Bengal,28,Paschim Bardhaman,704,Salanpur,,23.8568,86.9032,3,amladahi
IN,India,India,713331,Simjuri,West Bengal,28,Paschim Bardhaman,704,Barabani,,23.8568,86.9032,3,simjuri
IN,India,India,713332,Bogra,West Bengal,28,Paschim Bardhaman,704,Jamuria,,23.9614,87.1708,1,bogra
IN,India,India,713332,Devchandnagar,West Bengal,28,Paschim Bardhaman,704,Jamuria,,23.9614,87.1708,1,devchandnagar
IN,India,India,713333,Gangutia,West Bengal,28,Paschim Bardhaman,704,Kulti MC,,24.5231,87.369,3,gangutia
IN,India,India,713333,Sitalpur,West Bengal,28,Paschim Bardhaman,704,Kulti MC,,25.3555,87.9106,4,sitalpur
IN,India,India,713333,Disergarh,West Bengal,28,Paschim Bardhaman,704,Kulti Mc,,23.6906,86.8273,4,disergarh
IN,India,India,713334,Domahani Bazar,West Bengal,28,Paschim Bardhaman,704,Baraboni,,23.7834,87.0715,3,domahani-bazar
IN,India,India,713334,Bhanora,West Bengal,28,Paschim Bardhaman,704,Baraboni,,23.7834,87.0715,3,bhanora
IN,India,India,713334,Birkulti,West Bengal,28,Paschim Bardhaman,704,Baraboni,,23.7834,87.0715,3,birkulti
IN,India,India,713334,Baraboni,West Bengal,28,Paschim Bardhaman,704,Baraboni,,23.7834,87.0715,3,baraboni
IN,India,India,713334,Kelejora,West Bengal,28,Paschim Bardhaman,704,Baraboni,,23.7834,87.0715,3,kelejora
IN,India,India,713334,Churulia,West Bengal,28,Paschim Bardhaman,704,Jamuria,,23.7834,87.0715,4,churulia
IN,India,India,713335,Hindustan Cables,West Bengal,28,Paschim Bardhaman,704,Barabani,,23.9614,87.1708,1,hindustan-cables
IN,India,India,713335,Seakulberia,West Bengal,28,Paschim Bardhaman,704,Salanpur,,23.9614,87.1708,1,seakulberia
IN,India,India,713335,Basudevpur Jemari,West Bengal,28,Paschim Bardhaman,704,Baraboni,,23.9614,87.1708,1,basudevpur-jemari
IN,India,India,713335,Achra,West Bengal,28,Paschim Bardhaman,704,Baraboni,,23.9614,87.1708,1,achra
IN,India,India,713336,Taltore,West Bengal,28,Paschim Bardhaman,704,Jamuria,,23.9614,87.1708,1,taltore
IN,India,India,713336,Mondalpur,West Bengal,28,Paschim Bardhaman,704,Jamuria,,23.9614,87.1708,1,mondalpur
IN,India,India,713336,Jamuriahat,West Bengal,28,Paschim Bardhaman,704,Jamuriahat,,23.9614,87.1708,1,jamuriahat
IN,India,India,713339,Rotibati,West Bengal,28,Paschim Bardhaman,704,Asansol Mc,,23.7668,87.2745,3,rotibati
IN,India,India,713339,Chelod,West Bengal,28,Paschim Bardhaman,704,Raniganj Mc,,23.7668,87.2745,3,chelod
IN,India,India,713339,Mohishila,West Bengal,28,Paschim Bardhaman,704,Asansol Mc,,23.7668,87.2745,3,mohishila
IN,India,India,713339,Kalipahari,West Bengal,28,Paschim Bardhaman,704,Asansol Mc,,23.4302,86.8772,4,kalipahari
IN,India,India,713339,Damra,West Bengal,28,Paschim Bardhaman,704,Asansol Mc,,24.1034,87.6719,4,damra
IN,India,India,713340,Kalla Central Hospital,West Bengal,28,Paschim Bardhaman,704,Barabani,,23.65,87.0047,1,kalla-central-hospital
IN,India,India,713341,Kanyapur,West Bengal,28,Paschim Bardhaman,704,Asansol MC,,23.65,87.0047,1,kanyapur
IN,India,India,713341,Nuni,West Bengal,28,Paschim Bardhaman,704,Baraboni,,23.65,87.0047,1,nuni
IN,India,India,713343,Kendua,West Bengal,28,Paschim Bardhaman,704,Kulti MC,,23.877,87.2496,3,kendua
IN,India,India,713343,Lalbazar,West Bengal,28,Paschim Bardhaman,704,Kulti MC,,24.0224,87.6555,4,lalbazar
IN,India,India,713343,Kulti,West Bengal,28,Paschim Bardhaman,704,Kulti MC,,23.7317,86.8437,4,kulti
IN,India,India,713344,Nandi (Bardhaman),West Bengal,28,Paschim Bardhaman,704,Jamuria,,23.65,87.0047,1,nandi-bardhaman
IN,India,India,713357,Salanpur,West Bengal,28,Paschim Bardhaman,704,Salanpur,,23.767,86.8749,4,salanpur
IN,India,India,713359,Sitarampur,West Bengal,28,Paschim Bardhaman,704,Kulti MC,,23.7208,86.8853,4,sitarampur
IN,India,India,713359,Bejdih,West Bengal,28,Paschim Bardhaman,704,Kulti Mc,,25.1954,87.5673,3,bejdih
IN,India,India,713359,Aldihi,West Bengal,28,Paschim Bardhaman,704,Kulti Mc,,25.1954,87.5673,3,aldihi
IN,India,India,713359,Raghunathchak,West Bengal,28,Paschim Bardhaman,704,Baraboni,,25.1954,87.5673,3,raghunathchak
IN,India,India,713359,Samdi,West Bengal,28,Paschim Bardhaman,704,Salanpur,,25.1954,87.5673,3,samdi
IN,India,India,713359,Old Sitarampur,West Bengal,28,Paschim Bardhaman,704,Kulti Mc,,25.1954,87.5673,3,old-sitarampur
IN,India,India,713359,Baradhemo,West Bengal,28,Paschim Bardhaman,704,Barabani,,25.1954,87.5673,3,baradhemo
IN,India,India,713359,Ethora,West Bengal,28,Paschim Bardhaman,704,Kulti Mc,,25.1954,87.5673,3,ethora
IN,India,India,713359,Neamatpur,West Bengal,28,Paschim Bardhaman,704,Kulti Mc,,25.9348,87.8936,4,neamatpur
IN,India,India,713359,Lalganj,West Bengal,28,Paschim Bardhaman,704,Baraboni,,25.9307,87.9232,4,lalganj
IN,India,India,713360,Sunderchak,West Bengal,28,Paschim Bardhaman,704,Kulti MC,,23.54,87.8777,1,sunderchak
IN,India,India,713360,Chinakuri,West Bengal,28,Paschim Bardhaman,704,Kulti Mc,,23.54,87.8777,1,chinakuri
IN,India,India,713360,Asanboni,West Bengal,28,Paschim Bardhaman,704,Kulti Mc,,23.54,87.8777,1,asanboni
IN,India,India,713361,Suryanagar (Bardhaman),West Bengal,28,Paschim Bardhaman,704,Asansol MC,,23.54,87.8777,1,suryanagar-bardhaman
IN,India,India,713365,Chittaranjan TS,West Bengal,28,Paschim Bardhaman,704,Salanpur,,23.54,87.8777,1,chittaranjan-ts
IN,India,India,713369,Kalyaneshwari,West Bengal,28,Paschim Bardhaman,704,Barabani,,23.54,87.8777,1,kalyaneshwari
IN,India,India,713370,Nigha,West Bengal,28,Paschim Bardhaman,704,Barabani,,24.2636,87.867,1,nigha
IN,India,India,713371,Mithani,West Bengal,28,Paschim Bardhaman,704,Kulti MC,,24.2636,87.867,1,mithani
IN,India,India,713371,Patmohana,West Bengal,28,Paschim Bardhaman,704,Kulti MC,,24.2636,87.867,1,patmohana
IN,India,India,713371,Bidyanandapur,West Bengal,28,Paschim Bardhaman,704,Kulti MC,,24.2636,87.867,1,bidyanandapur
IN,India,India,713372,Radhanagar Rly Colony,West Bengal,28,Paschim Bardhaman,704,Kulti MC,,24.2636,87.867,1,radhanagar-rly-colony
IN,India,India,713373,Sripur,West Bengal,28,Paschim Bardhaman,704,Pandaveshwar,,24.2994,87.8981,4,sripur
IN,India,India,713373,Pariharpur,West Bengal,28,Paschim Bardhaman,704,Baraboni,,24.2278,87.8359,4,pariharpur
IN,India,India,713373,Nischinta,West Bengal,28,Paschim Bardhaman,704,Baraboni,,24.2636,87.867,3,nischinta
IN,India,India,713373,Sripur Bazar (Bardhaman),West Bengal,28,Paschim Bardhaman,704,Barabani,,24.2636,87.867,3,sripur-bazar-bardhaman
IN,India,India,713373,Kankhaya,West Bengal,28,Paschim Bardhaman,704,Jamuria,,24.2636,87.867,3,kankhaya
IN,India,India,713386,Rupnarayanpur Bazar,West Bengal,28,Paschim Bardhaman,704,NA,,23.8561,87.4564,1,rupnarayanpur-bazar
IN,India,India,721101,Dharma (West Midnapore),West Bengal,28,Medinipur,,Midnapore,,22.4617,87.1485,1,dharma-west-midnapore
IN,India,India,733101,Khadimpur,West Bengal,28,South Dinajpur,,Balurghat,,24.8616,87.887,1,khadimpur
IN,India,India,733101,Balurghat Market,West Bengal,28,South Dinajpur,,Balurghat,,24.8616,87.887,1,balurghat-market
IN,India,India,733101,Balurghat H.O,West Bengal,28,South Dinajpur,,Balurghat,,24.8616,87.887,1,balurghat-h-o
IN,India,India,733101,Chakbhabani,West Bengal,28,South Dinajpur,,Balurghat,,24.8616,87.887,1,chakbhabani
IN,India,India,733101,District School Board (South Dinajpur),West Bengal,28,South Dinajpur,,Balurghat,,24.8616,87.887,1,district-school-board-south-dinajpur
IN,India,India,733101,Narayanpur (South Dinajpur),West Bengal,28,South Dinajpur,,Balurghat,,24.8616,87.887,1,narayanpur-south-dinajpur
IN,India,India,733101,School Para,West Bengal,28,South Dinajpur,,Balurghat,,24.8616,87.887,1,school-para
IN,India,India,733102,Jalghar,West Bengal,28,South Dinajpur,,Balurghat,,24.7066,87.8967,3,jalghar
IN,India,India,733102,Kuaran,West Bengal,28,South Dinajpur,,Balurghat,,24.7066,87.8967,3,kuaran
IN,India,India,733102,Gofanagar,West Bengal,28,South Dinajpur,,Balurghat,,24.7066,87.8967,3,gofanagar
IN,India,India,733102,Bharila,West Bengal,28,South Dinajpur,,Balurghat,,24.7066,87.8967,3,bharila
IN,India,India,733102,Dakra,West Bengal,28,South Dinajpur,,Balurghat,,24.7066,87.8967,3,dakra
IN,India,India,733102,Rajua,West Bengal,28,South Dinajpur,,Balurghat,,24.7066,87.8967,3,rajua
IN,India,India,733102,Barakashipur,West Bengal,28,South Dinajpur,,Balurghat,,24.7066,87.8967,3,barakashipur
IN,India,India,733102,Khaspur,West Bengal,28,South Dinajpur,,Balurghat,,24.1811,87.9445,4,khaspur
IN,India,India,733102,Chakvrigu,West Bengal,28,South Dinajpur,,Balurghat,,24.7066,87.8967,3,chakvrigu
IN,India,India,733102,Bhatra,West Bengal,28,South Dinajpur,,Balurghat,,24.5164,87.8648,4,bhatra
IN,India,India,733102,Radhanagar,West Bengal,28,South Dinajpur,,Balurghat,,25.4223,87.8808,4,radhanagar
IN,India,India,733103,Dakshin Shibrampur,West Bengal,28,South Dinajpur,,Balurghat,,25.3266,87.858,3,dakshin-shibrampur
IN,India,India,733103,Bijoyshree,West Bengal,28,South Dinajpur,,Balurghat,,25.3266,87.858,3,bijoyshree
IN,India,India,733103,Birohini,West Bengal,28,South Dinajpur,,Balurghat,,25.3266,87.858,3,birohini
IN,India,India,733103,Nunail,West Bengal,28,South Dinajpur,,Balurghat,,25.3266,87.858,3,nunail
IN,India,India,733103,Bedoypur,West Bengal,28,South Dinajpur,,Balurghat,,25.3266,87.858,3,bedoypur
IN,India,India,733103,BaraRaghunathpur,West Bengal,28,South Dinajpur,,Balurghat,,25.3266,87.858,3,bararaghunathpur
IN,India,India,733103,Amritakhanda Hat,West Bengal,28,South Dinajpur,,Balurghat,,25.3266,87.858,3,amritakhanda-hat
IN,India,India,733103,Amrail,West Bengal,28,South Dinajpur,,Balurghat,,25.3266,87.858,3,amrail
IN,India,India,733103,Sarangram,West Bengal,28,South Dinajpur,,Balurghat,,25.3266,87.858,3,sarangram
IN,India,India,733103,Beltala Park,West Bengal,28,South Dinajpur,,Balurghat,,25.3266,87.858,3,beltala-park
IN,India,India,733103,Khidirpur,West Bengal,28,South Dinajpur,,Balurghat,,25.3266,87.858,4,khidirpur
IN,India,India,733121,Sudarshannagar,West Bengal,28,South Dinajpur,,Bansihari,,25.0576,88.1934,3,sudarshannagar
IN,India,India,733121,Kushkari,West Bengal,28,South Dinajpur,,Banshihari,,25.0576,88.1934,3,kushkari
IN,India,India,733121,Badalpur,West Bengal,28,South Dinajpur,,Banshihari,,25.0576,88.1934,3,badalpur
IN,India,India,733121,Buniadpur,West Bengal,28,South Dinajpur,,Banshihari,,25.0576,88.1934,3,buniadpur
IN,India,India,733121,Cheragipara,West Bengal,28,South Dinajpur,,Bansihari,,25.0576,88.1934,3,cheragipara
IN,India,India,733121,Joredighi,West Bengal,28,South Dinajpur,,Bansihari,,25.0576,88.1934,3,joredighi
IN,India,India,733121,Kalikamora,West Bengal,28,South Dinajpur,,Banshihari,,25.0576,88.1934,3,kalikamora
IN,India,India,733121,Karkha,West Bengal,28,South Dinajpur,,Banshihari,,25.0576,88.1934,3,karkha
IN,India,India,733121,Nilgambhir,West Bengal,28,South Dinajpur,,Bansihari,,25.0576,88.1934,3,nilgambhir
IN,India,India,733121,Sihole,West Bengal,28,South Dinajpur,,Banshihari,,25.0576,88.1934,3,sihole
IN,India,India,733121,Dikul,West Bengal,28,South Dinajpur,,Banshihari,,25.5027,88.4973,4,dikul
IN,India,India,733121,Biswanathpur,West Bengal,28,South Dinajpur,,Banshihari,,24.1414,87.9322,4,biswanathpur
IN,India,India,733121,Mahipal,West Bengal,28,South Dinajpur,,Kushmundi,,25.0576,88.1934,3,mahipal
IN,India,India,733121,Banshihari,West Bengal,28,South Dinajpur,,Banshihari,,25.0576,88.1934,3,banshihari
IN,India,India,733121,Karai,West Bengal,28,South Dinajpur,,Banshihari,,25.0576,88.1934,3,karai
IN,India,India,733124,Purba Mollapara,West Bengal,28,South Dinajpur,,Gangarampur,,24.8436,88.2647,3,purba-mollapara
IN,India,India,733124,Belbari,West Bengal,28,South Dinajpur,,Gangarampur,,26.233,87.9402,4,belbari
IN,India,India,733124,Jalalpur,West Bengal,28,South Dinajpur,,Gangarampur,,24.4794,87.9174,4,jalalpur
IN,India,India,733124,Sukdebpur,West Bengal,28,South Dinajpur,,Gangarampur,,25.4547,88.5088,4,sukdebpur
IN,India,India,733124,Ratanpur,West Bengal,28,South Dinajpur,,Gangarampur,,24.6679,87.9462,4,ratanpur
IN,India,India,733124,Laxmitola,West Bengal,28,South Dinajpur,,Gangarampur,,24.8436,88.2647,3,laxmitola
IN,India,India,733124,Jahangirpur,West Bengal,28,South Dinajpur,,Gangarampur,,24.8436,88.2647,3,jahangirpur
IN,India,India,733124,Rajibpur,West Bengal,28,South Dinajpur,,Gangarampur,,24.8436,88.2647,3,rajibpur
IN,India,India,733124,Kaldighi,West Bengal,28,South Dinajpur,,Gangarampur,,24.8436,88.2647,3,kaldighi
IN,India,India,733124,Narai,West Bengal,28,South Dinajpur,,Gangarampur,,24.8436,88.2647,3,narai
IN,India,India,733124,Kantabari,West Bengal,28,South Dinajpur,,Gangarampur,,24.8436,88.2647,3,kantabari
IN,India,India,733124,Sarbamangala,West Bengal,28,South Dinajpur,,Gangarampur,,24.8436,88.2647,3,sarbamangala
IN,India,India,733124,Nandanpur,West Bengal,28,South Dinajpur,,Gangarampur,,24.8436,88.2647,3,nandanpur
IN,India,India,733124,Chenchra,West Bengal,28,South Dinajpur,,Gangarampur,,24.8436,88.2647,3,chenchra
IN,India,India,733124,Raghabpur,West Bengal,28,South Dinajpur,,Gangarampur,,22.8251,88.7459,4,raghabpur
IN,India,India,733124,Champatali,West Bengal,28,South Dinajpur,,Gangarampur,,24.8436,88.2647,3,champatali
IN,India,India,733124,Gangarampur,West Bengal,28,South Dinajpur,,Gangarampur,,25.4014,88.5298,4,gangarampur
IN,India,India,733125,Harirampur,West Bengal,28,South Dinajpur,,Harirampur,,24.1684,87.9108,4,harirampur
IN,India,India,733125,Kanaipur,West Bengal,28,South Dinajpur,,Harirampur,,24.2287,87.8975,4,kanaipur
IN,India,India,733125,Pundari,West Bengal,28,South Dinajpur,,Harirampur,,24.1985,87.9041,3,pundari
IN,India,India,733125,Maliandighi,West Bengal,28,South Dinajpur,,Harirampur,,24.1985,87.9041,3,maliandighi
IN,India,India,733125,Bartakigram,West Bengal,28,South Dinajpur,,Harirampur,,24.1985,87.9041,3,bartakigram
IN,India,India,733125,Saiyadpur Nayapara,West Bengal,28,South Dinajpur,,Harirampur,,24.1985,87.9041,3,saiyadpur-nayapara
IN,India,India,733125,Daulatpur (South Dinajpur)B.O,West Bengal,28,South Dinajpur,,Banshihari,,24.1985,87.9041,3,daulatpur-south-dinajpur-b-o
IN,India,India,733125,Danagram,West Bengal,28,South Dinajpur,,Harirampur,,24.1985,87.9041,3,danagram
IN,India,India,733125,Singadaha,West Bengal,28,South Dinajpur,,Bansihari,,24.1985,87.9041,3,singadaha
IN,India,India,733125,Bagichapur,West Bengal,28,South Dinajpur,,Harirampur,,24.1985,87.9041,3,bagichapur
IN,India,India,733125,Bairhatta,West Bengal,28,South Dinajpur,,Harirampur,,24.1985,87.9041,3,bairhatta
IN,India,India,733126,Fatepur,West Bengal,28,South Dinajpur,,Hili,,24.5838,88.0444,1,fatepur
IN,India,India,733126,Trimohini,West Bengal,28,South Dinajpur,,Hilli,,24.5838,88.0444,1,trimohini
IN,India,India,733126,Hili,West Bengal,28,South Dinajpur,,Hili,,24.5838,88.0444,1,hili
IN,India,India,733126,Hili Aftair,West Bengal,28,South Dinajpur,,Hilli,,24.5838,88.0444,1,hili-aftair
IN,India,India,733127,Mahadebpur,West Bengal,28,South Dinajpur,,Tapan,,23.3942,85.9633,4,mahadebpur
IN,India,India,733127,Patkola,West Bengal,28,South Dinajpur,,Tapan,,24.2444,87.4177,3,patkola
IN,India,India,733127,Telighata,West Bengal,28,South Dinajpur,,Tapan,,24.2444,87.4177,3,telighata
IN,India,India,733127,Tilon,West Bengal,28,South Dinajpur,,Tapan,,24.2444,87.4177,3,tilon
IN,India,India,733127,Daralhat,West Bengal,28,South Dinajpur,,Tapan,,24.2444,87.4177,3,daralhat
IN,India,India,733127,Chakbaliram,West Bengal,28,South Dinajpur,,Tapan,,24.2444,87.4177,3,chakbaliram
IN,India,India,733127,Banial,West Bengal,28,South Dinajpur,,Tapan,,24.2444,87.4177,3,banial
IN,India,India,733127,Balapur,West Bengal,28,South Dinajpur,,Tapan,,24.2444,87.4177,3,balapur
IN,India,India,733127,Holidana,West Bengal,28,South Dinajpur,,Tapan,,24.2444,87.4177,3,holidana
IN,India,India,733127,Kamdebbati,West Bengal,28,South Dinajpur,,Tapan,,24.2444,87.4177,3,kamdebbati
IN,India,India,733127,Karaichenchra,West Bengal,28,South Dinajpur,,Tapan,,24.2444,87.4177,3,karaichenchra
IN,India,India,733127,Ajmatpur,West Bengal,28,South Dinajpur,,Tapan,,24.2444,87.4177,3,ajmatpur
IN,India,India,733127,Ramchandrapur,West Bengal,28,South Dinajpur,,Tapan,,24.0326,87.7189,4,ramchandrapur
IN,India,India,733127,Laskarhat,West Bengal,28,South Dinajpur,,Tapan,,24.2444,87.4177,3,laskarhat
IN,India,India,733127,Tapan,West Bengal,28,South Dinajpur,,Balurghat,,25.3065,88.5708,4,tapan
IN,India,India,733128,Baragarm,West Bengal,28,South Dinajpur,,Harirampur,,25.1858,88.0369,3,baragarm
IN,India,India,733128,Kalaibari,West Bengal,28,South Dinajpur,,Harirampur,,25.1858,88.0369,3,kalaibari
IN,India,India,733132,Parameshwarpur,West Bengal,28,South Dinajpur,,Kushmundi,,25.5259,88.3651,3,parameshwarpur
IN,India,India,733132,Basoil,West Bengal,28,South Dinajpur,,Kushmandi,,25.5259,88.3651,3,basoil
IN,India,India,733132,Uttar Karanji,West Bengal,28,South Dinajpur,,Kushmundi,,25.5259,88.3651,3,uttar-karanji
IN,India,India,733132,Berail,West Bengal,28,South Dinajpur,,Kushmandi,,25.5259,88.3651,3,berail
IN,India,India,733132,Chousa,West Bengal,28,South Dinajpur,,Kushmandi,,25.5259,88.3651,3,chousa
IN,India,India,733132,Dehaband,West Bengal,28,South Dinajpur,,Kushmandi,,25.5259,88.3651,3,dehaband
IN,India,India,733132,Sahapur Jharbari,West Bengal,28,South Dinajpur,,Kushmundi,,25.5259,88.3651,3,sahapur-jharbari
IN,India,India,733132,Manikore,West Bengal,28,South Dinajpur,,Kushmandi,,25.5259,88.3651,3,manikore
IN,India,India,733132,Sibkrishnapur,West Bengal,28,South Dinajpur,,Kushmundi,,25.5259,88.3651,3,sibkrishnapur
IN,India,India,733132,Uttar Para,West Bengal,28,South Dinajpur,,Kushmandi,,25.5259,88.3651,3,uttar-para
IN,India,India,733132,Arajipanishalahat,West Bengal,28,South Dinajpur,,Kushmandi,,25.5259,88.3651,3,arajipanishalahat
IN,India,India,733132,Sarala,West Bengal,28,South Dinajpur,,Kushmandi,,25.5259,88.3651,3,sarala
IN,India,India,733132,Nahit,West Bengal,28,South Dinajpur,,Kushmandi,,25.5259,88.3651,3,nahit
IN,India,India,733132,Kushmandi,West Bengal,28,South Dinajpur,,Kushmandi,,25.5259,88.3651,4,kushmandi
IN,India,India,733132,Usha Haranhat,West Bengal,28,South Dinajpur,,Kushmundi,,25.5259,88.3651,3,usha-haranhat
IN,India,India,733132,Aminpur,West Bengal,28,South Dinajpur,,Kushmandi,,25.5259,88.3651,3,aminpur
IN,India,India,733133,Patiram,West Bengal,28,South Dinajpur,,Balurghat,,25.33,88.7666,4,patiram
IN,India,India,733133,Batun,West Bengal,28,South Dinajpur,,Kumarganj,,24.7135,87.992,3,batun
IN,India,India,733133,Sayedpur,West Bengal,28,South Dinajpur,,Balurghat,,24.7135,87.992,3,sayedpur
IN,India,India,733133,Radhakrishnapur,West Bengal,28,South Dinajpur,,Kumarganj,,24.4081,87.6651,4,radhakrishnapur
IN,India,India,733133,Nazirpur,West Bengal,28,South Dinajpur,,Balurgthat,,25.4031,87.8175,4,nazirpur
IN,India,India,733133,Beltara,West Bengal,28,South Dinajpur,,Kumarganj,,24.7135,87.992,3,beltara
IN,India,India,733133,Khanpur,West Bengal,28,South Dinajpur,,Balurghat,,24.3931,87.8225,4,khanpur
IN,India,India,733133,Gobindapur,West Bengal,28,South Dinajpur,,Kumarganj,,24.0333,87.8884,4,gobindapur
IN,India,India,733140,Ramkrishnapur,West Bengal,28,South Dinajpur,,Kumarganj,,22.3294,88.3994,4,ramkrishnapur
IN,India,India,733140,Janchi,West Bengal,28,South Dinajpur,,Gangarampur,,22.2786,88.3207,3,janchi
IN,India,India,733140,Panchagram,West Bengal,28,South Dinajpur,,Kumargunj,,22.2277,88.2419,4,panchagram
IN,India,India,733140,Rampur (South Dinajpur),West Bengal,28,South Dinajpur,,Gangarampur,,22.2786,88.3207,3,rampur-south-dinajpur
IN,India,India,733140,Mahanaj,West Bengal,28,South Dinajpur,,Gangarampur,,22.2786,88.3207,3,mahanaj
IN,India,India,733140,Fulbari,West Bengal,28,South Dinajpur,,Gangarampur,,22.2786,88.3207,3,fulbari
IN,India,India,733140,Pransagar,West Bengal,28,South Dinajpur,,Gangarampur,,22.2786,88.3207,3,pransagar
IN,India,India,733140,Bandighi,West Bengal,28,South Dinajpur,,Gangarampur,,22.2786,88.3207,3,bandighi
IN,India,India,733140,Deor,West Bengal,28,South Dinajpur,,Kumargunj,,22.2786,88.3207,3,deor
IN,India,India,733141,Mahipur,West Bengal,28,South Dinajpur,,Kumarganj,,24.4388,88.3645,3,mahipur
IN,India,India,733141,Samjhia,West Bengal,28,South Dinajpur,,Kumarganj,,25.5178,88.762,4,samjhia
IN,India,India,733141,Narayanpur,West Bengal,28,South Dinajpur,,Kumarganj,,24.1098,87.8759,4,narayanpur
IN,India,India,733141,Bhagabatipur,West Bengal,28,South Dinajpur,,Kumarganj,,22.6942,88.1872,4,bhagabatipur
IN,India,India,733141,Kumarganj,West Bengal,28,South Dinajpur,,Kumarganj,,24.4388,88.3645,3,kumarganj
IN,India,India,733141,Safanagar,West Bengal,28,South Dinajpur,,Kumarganj,,24.4388,88.3645,3,safanagar
IN,India,India,733141,Kuraha,West Bengal,28,South Dinajpur,,Kumarganj,,24.4388,88.3645,3,kuraha
IN,India,India,733141,Chandganj,West Bengal,28,South Dinajpur,,Kumarganj,,24.4388,88.3645,3,chandganj
IN,India,India,733141,Churail Krishnapur,West Bengal,28,South Dinajpur,,Kumarganj,,24.4388,88.3645,3,churail-krishnapur
IN,India,India,733141,Jakhirpur,West Bengal,28,South Dinajpur,,Kumarganj,,24.4388,88.3645,3,jakhirpur
IN,India,India,733141,Gopalganj,West Bengal,28,South Dinajpur,,Kumarganj,,24.4388,88.3645,3,gopalganj
IN,India,India,733141,Panitara,West Bengal,28,South Dinajpur,,Kumarganj,,24.4388,88.3645,3,panitara
IN,India,India,733141,Ashokegram,West Bengal,28,South Dinajpur,,Gangarampur,,24.4388,88.3645,3,ashokegram
IN,India,India,733141,Dangarhat,West Bengal,28,South Dinajpur,,Kumarganj,,25.4519,88.7674,4,dangarhat
IN,India,India,733141,Debipur,West Bengal,28,South Dinajpur,,Kumarganj,,24.2503,88.6182,4,debipur
IN,India,India,733141,Angina,West Bengal,28,South Dinajpur,,Kumarganj,,24.4388,88.3645,3,angina
IN,India,India,733141,Bholanathpur,West Bengal,28,South Dinajpur,,Kumarganj,,24.6089,87.9762,4,bholanathpur
IN,India,India,733142,Joypur,West Bengal,28,South Dinajpur,,Gangarampur,,24.0732,88.221,1,joypur
IN,India,India,733142,Nayabazar (South Dinajpur),West Bengal,28,South Dinajpur,,Gangarampur,,24.0732,88.221,1,nayabazar-south-dinajpur
IN,India,India,733142,Bhikahar,West Bengal,28,South Dinajpur,,Gangarampur,,24.0732,88.221,1,bhikahar
IN,India,India,733142,Gurail,West Bengal,28,South Dinajpur,,Tapan,,24.0732,88.221,1,gurail
IN,India,India,733142,Manohali,West Bengal,28,South Dinajpur,,Tapan,,24.0732,88.221,1,manohali
IN,India,India,733142,Kardah,West Bengal,28,South Dinajpur,,Gangarampur,,24.0732,88.221,1,kardah
IN,India,India,733142,Basuria,West Bengal,28,South Dinajpur,,Tapan,,24.0732,88.221,1,basuria
IN,India,India,733145,Teor,West Bengal,28,South Dinajpur,,Balurghat,,24.0551,87.7262,3,teor
IN,India,India,733145,Jamalpur,West Bengal,28,South Dinajpur,,Hilli,,24.0551,87.7262,4,jamalpur
IN,India,India,733145,Kamarpara,West Bengal,28,South Dinajpur,,Balurghat,,24.0551,87.7262,3,kamarpara
IN,India,India,733145,Chingishpur,West Bengal,28,South Dinajpur,,Balurghat,,24.0551,87.7262,3,chingishpur
IN,India,India,733145,Gopalbati,West Bengal,28,South Dinajpur,,Balurghat,,24.0551,87.7262,3,gopalbati
IN,India,India,733145,Powrahar,West Bengal,28,South Dinajpur,,Hilli,,24.0551,87.7262,3,powrahar
IN,India,India,733145,Thakurpurahat,West Bengal,28,South Dinajpur,,Balurghat,,24.0551,87.7262,3,thakurpurahat
IN,India,India,733158,Atrai,West Bengal,28,South Dinajpur,,Balurghat,,24.8274,88.1336,1,atrai
IN,India,India,733158,Baul,West Bengal,28,South Dinajpur,,Balurghat,,24.8274,88.1336,1,baul
IN,India,India,733158,Bolla,West Bengal,28,South Dinajpur,,Balurghat,,24.8274,88.1336,1,bolla
