country_code,country_name,country_name_es,postal_code,place,admin1,admin1_code,admin2,admin2_code,admin3,admin3_code,latitude,longitude,accuracy,slug
JP,Japan,Japón,857-0000,Sasebo Shi,Nagasaki Ken,27,Sasebo Shi,1852895,,,33.1793,129.7158,,sasebo-shi
JP,Japan,Japón,857-0001,Eboshicho,Nagasaki Ken,27,Sasebo Shi,1852895,,,33.1797,129.7542,,eboshicho
JP,Japan,Japón,857-0011,Kasugacho,Nagasaki Ken,27,Sasebo Shi,1852895,,,33.1982,129.7227,,kasugacho
JP,Japan,Japón,857-0012,Sakuragicho,Nagasaki Ken,27,Sasebo Shi,1852895,,,33.1962,129.7319,,sakuragicho
JP,Japan,Japón,857-0013,Akagicho,Nagasaki Ken,27,Sasebo Shi,1852895,,,33.1948,129.7502,,akagicho
JP,Japan,Japón,857-0014,Tashirocho,Nagasaki Ken,27,Sasebo Shi,1852895,,,33.1887,129.7471,,tashirocho
JP,Japan,Japón,857-0015,Matsuyamacho,Nagasaki Ken,27,Sasebo Shi,1852895,,,33.1913,129.7241,,matsuyamacho
JP,Japan,Japón,857-0016,Tawaramachi,Nagasaki Ken,27,Sasebo Shi,1852895,,,33.1893,129.7189,,tawaramachi
JP,Japan,Japón,857-0017,Umedamachi,Nagasaki Ken,27,Sasebo Shi,1852895,,,33.1903,129.7153,,umedamachi
JP,Japan,Japón,857-0018,Yokocho,Nagasaki Ken,27,Sasebo Shi,1852895,,,33.1963,129.713,,yokocho
JP,Japan,Japón,857-0021,Orihashicho,Nagasaki Ken,27,Sasebo Shi,1852895,,,33.1882,129.7255,,orihashicho
JP,Japan,Japón,857-0022,Yamatecho,Nagasaki Ken,27,Sasebo Shi,1852895,,,33.1858,129.7317,,yamatecho
JP,Japan,Japón,857-0023,Nakiricho,Nagasaki Ken,27,Sasebo Shi,1852895,,,33.1806,129.727,,nakiricho
JP,Japan,Japón,857-0024,Hanazonocho,Nagasaki Ken,27,Sasebo Shi,1852895,,,33.1822,129.7233,,hanazonocho
JP,Japan,Japón,857-0025,Kumanocho,Nagasaki Ken,27,Sasebo Shi,1852895,,,33.1783,129.7214,,kumanocho
JP,Japan,Japón,857-0026,Miyajicho,Nagasaki Ken,27,Sasebo Shi,1852895,,,33.1753,129.7209,,miyajicho
JP,Japan,Japón,857-0027,Tanigocho,Nagasaki Ken,27,Sasebo Shi,1852895,,,33.1774,129.7184,,tanigocho
JP,Japan,Japón,857-0028,Hachimancho,Nagasaki Ken,27,Sasebo Shi,1852895,,,33.1818,129.7188,,hachimancho
JP,Japan,Japón,857-0031,Hotatecho,Nagasaki Ken,27,Sasebo Shi,1852895,,,33.1877,129.714,,hotatecho
JP,Japan,Japón,857-0032,Miyadamachi,Nagasaki Ken,27,Sasebo Shi,1852895,,,33.1847,129.7192,,miyadamachi
JP,Japan,Japón,857-0033,Shiroyamacho,Nagasaki Ken,27,Sasebo Shi,1852895,,,33.1834,129.7177,,shiroyamacho
JP,Japan,Japón,857-0034,Mantokucho,Nagasaki Ken,27,Sasebo Shi,1852895,,,33.1831,129.7155,,mantokucho
JP,Japan,Japón,857-0035,Fukudamachi,Nagasaki Ken,27,Sasebo Shi,1852895,,,33.1821,129.7101,,fukudamachi
JP,Japan,Japón,857-0036,Shimizucho,Nagasaki Ken,27,Sasebo Shi,1852895,,,33.1844,129.7065,,shimizucho
JP,Japan,Japón,857-0037,Ishizakacho,Nagasaki Ken,27,Sasebo Shi,1852895,,,33.1848,129.7118,,ishizakacho
JP,Japan,Japón,857-0038,Nakadoricho,Nagasaki Ken,27,Sasebo Shi,1852895,,,33.1911,129.7079,,nakadoricho
JP,Japan,Japón,857-0040,Hiramachi,Nagasaki Ken,27,Sasebo Shi,1852895,,,33.1787,129.7116,,hiramachi
JP,Japan,Japón,857-0041,Kobatacho,Nagasaki Ken,27,Sasebo Shi,1852895,,,33.1794,129.7136,,kobatacho
JP,Japan,Japón,857-0042,Takasagocho,Nagasaki Ken,27,Sasebo Shi,1852895,,,33.1788,129.7162,,takasagocho
JP,Japan,Japón,857-0043,Temmacho,Nagasaki Ken,27,Sasebo Shi,1852895,,,33.1776,129.7155,,temmacho
JP,Japan,Japón,857-0044,Aioicho,Nagasaki Ken,27,Sasebo Shi,1852895,,,33.1767,129.7161,,aioicho
JP,Japan,Japón,857-0045,Sonodamachi,Nagasaki Ken,27,Sasebo Shi,1852895,,,33.1761,129.7133,,sonodamachi
JP,Japan,Japón,857-0046,Nagaocho,Nagasaki Ken,27,Sasebo Shi,1852895,,,33.1752,129.7117,,nagaocho
JP,Japan,Japón,857-0047,Yatakecho,Nagasaki Ken,27,Sasebo Shi,1852895,,,33.176,129.7068,,yatakecho
JP,Japan,Japón,857-0048,Nishiokubocho,Nagasaki Ken,27,Sasebo Shi,1852895,,,33.1764,129.7109,,nishiokubocho
JP,Japan,Japón,857-0049,Higashiokubocho,Nagasaki Ken,27,Sasebo Shi,1852895,,,33.1782,129.7083,,higashiokubocho
JP,Japan,Japón,857-0051,Hamadamachi,Nagasaki Ken,27,Sasebo Shi,1852895,,,33.1756,129.717,,hamadamachi
JP,Japan,Japón,857-0052,Matsuracho,Nagasaki Ken,27,Sasebo Shi,1852895,,,33.1749,129.718,,matsuracho
JP,Japan,Japón,857-0053,Tokiwacho,Nagasaki Ken,27,Sasebo Shi,1852895,,,33.1742,129.7191,,tokiwacho
JP,Japan,Japón,857-0054,Sakaemachi,Nagasaki Ken,27,Sasebo Shi,1852895,,,33.1731,129.7195,,sakaemachi
JP,Japan,Japón,857-0055,Minatomachi,Nagasaki Ken,27,Sasebo Shi,1852895,,,33.1723,129.7184,,minatomachi
JP,Japan,Japón,857-0056,Hirasecho,Nagasaki Ken,27,Sasebo Shi,1852895,,,33.1677,129.7147,,hirasecho
JP,Japan,Japón,857-0057,Izumicho,Nagasaki Ken,27,Sasebo Shi,1852895,,,33.1747,129.713,,izumicho
JP,Japan,Japón,857-0058,Uwamachi,Nagasaki Ken,27,Sasebo Shi,1852895,,,33.175,129.7142,,uwamachi
JP,Japan,Japón,857-0059,Motomachi,Nagasaki Ken,27,Sasebo Shi,1852895,,,33.1751,129.7153,,motomachi
JP,Japan,Japón,857-0061,Imabukucho,Nagasaki Ken,27,Sasebo Shi,1852895,,,33.1714,129.7077,,imabukucho
JP,Japan,Japón,857-0062,Kompiracho,Nagasaki Ken,27,Sasebo Shi,1852895,,,33.1703,129.7057,,kompiracho
JP,Japan,Japón,857-0063,Tategamicho,Nagasaki Ken,27,Sasebo Shi,1852895,,,33.1633,129.7002,,tategamicho
JP,Japan,Japón,857-0064,Akasakicho,Nagasaki Ken,27,Sasebo Shi,1852895,,,33.1531,129.6993,,akasakicho
JP,Japan,Japón,857-0065,Onocho(1200-1499-Banchi),Nagasaki Ken,27,Sasebo Shi,1852895,,,33.169,129.7044,,onocho-1200-1499-banchi
JP,Japan,Japón,857-0066,Kojimacho,Nagasaki Ken,27,Sasebo Shi,1852895,,,33.1666,129.6984,,kojimacho
JP,Japan,Japón,857-0067,Kamishimacho,Nagasaki Ken,27,Sasebo Shi,1852895,,,33.1673,129.7045,,kamishimacho
JP,Japan,Japón,857-0068,Mifunecho,Nagasaki Ken,27,Sasebo Shi,1852895,,,33.1692,129.7035,,mifunecho
JP,Japan,Japón,857-0069,Udogoecho,Nagasaki Ken,27,Sasebo Shi,1852895,,,33.1743,129.7004,,udogoecho
JP,Japan,Japón,857-0101,Chikenjicho,Nagasaki Ken,27,Sasebo Shi,1852895,,,33.2305,129.7388,,chikenjicho
JP,Japan,Japón,857-0102,Matsusecho,Nagasaki Ken,27,Sasebo Shi,1852895,,,33.2157,129.7368,,matsusecho
JP,Japan,Japón,857-0103,Harubuncho,Nagasaki Ken,27,Sasebo Shi,1852895,,,33.2184,129.7259,,harubuncho
JP,Japan,Japón,857-0104,Kusunokicho,Nagasaki Ken,27,Sasebo Shi,1852895,,,33.2248,129.7188,,kusunokicho
JP,Japan,Japón,857-0105,Shiranitacho,Nagasaki Ken,27,Sasebo Shi,1852895,,,33.2305,129.7093,,shiranitacho
JP,Japan,Japón,857-0106,Komodacho,Nagasaki Ken,27,Sasebo Shi,1852895,,,33.2419,129.7225,,komodacho
JP,Japan,Japón,857-0111,Tsutsuicho,Nagasaki Ken,27,Sasebo Shi,1852895,,,33.2203,129.769,,tsutsuicho
JP,Japan,Japón,857-0112,Yunokicho,Nagasaki Ken,27,Sasebo Shi,1852895,,,33.2066,129.7719,,yunokicho
JP,Japan,Japón,857-0113,Shimodocho,Nagasaki Ken,27,Sasebo Shi,1852895,,,33.1899,129.771,,shimodocho
JP,Japan,Japón,857-0114,Kofunecho,Nagasaki Ken,27,Sasebo Shi,1852895,,,33.201,129.7556,,kofunecho
JP,Japan,Japón,857-0115,Yunokimotomachi,Nagasaki Ken,27,Sasebo Shi,1852895,,,33.2201,129.7535,,yunokimotomachi
JP,Japan,Japón,857-0121,Kugurugicho,Nagasaki Ken,27,Sasebo Shi,1852895,,,33.2164,129.7968,,kugurugicho
JP,Japan,Japón,857-0122,Satoyoshicho,Nagasaki Ken,27,Sasebo Shi,1852895,,,33.1923,129.8047,,satoyoshicho
JP,Japan,Japón,857-0123,Kawatanicho,Nagasaki Ken,27,Sasebo Shi,1852895,,,33.1928,129.7888,,kawatanicho
JP,Japan,Japón,857-0124,Togakuracho,Nagasaki Ken,27,Sasebo Shi,1852895,,,33.2079,129.7253,,togakuracho
JP,Japan,Japón,857-0125,Takahanacho,Nagasaki Ken,27,Sasebo Shi,1852895,,,33.2041,129.7896,,takahanacho
JP,Japan,Japón,857-0126,Kamiyunokicho,Nagasaki Ken,27,Sasebo Shi,1852895,,,33.218,129.7815,,kamiyunokicho
JP,Japan,Japón,857-0131,Onocho,Nagasaki Ken,27,Sasebo Shi,1852895,,,33.211,129.7341,,onocho
JP,Japan,Japón,857-0132,Matsubaracho,Nagasaki Ken,27,Sasebo Shi,1852895,,,33.2065,129.7427,,matsubaracho
JP,Japan,Japón,857-0133,Yaminecho,Nagasaki Ken,27,Sasebo Shi,1852895,,,33.2065,129.7482,,yaminecho
JP,Japan,Japón,857-0134,Setogoe,Nagasaki Ken,27,Sasebo Shi,1852895,,,33.2072,129.7296,,setogoe
JP,Japan,Japón,857-0135,Setogoecho,Nagasaki Ken,27,Sasebo Shi,1852895,,,33.2042,129.7161,,setogoecho
JP,Japan,Japón,857-0136,Tabarucho,Nagasaki Ken,27,Sasebo Shi,1852895,,,33.2088,129.7206,,tabarucho
JP,Japan,Japón,857-0141,Tomonnocho,Nagasaki Ken,27,Sasebo Shi,1852895,,,33.223,129.7096,,tomonnocho
JP,Japan,Japón,857-0142,Nonakacho,Nagasaki Ken,27,Sasebo Shi,1852895,,,33.2138,129.7095,,nonakacho
JP,Japan,Japón,857-0143,Yoshiokacho,Nagasaki Ken,27,Sasebo Shi,1852895,,,33.2057,129.7019,,yoshiokacho
JP,Japan,Japón,857-0144,Kaizecho,Nagasaki Ken,27,Sasebo Shi,1852895,,,33.2161,129.7001,,kaizecho
JP,Japan,Japón,857-0145,Makinojicho,Nagasaki Ken,27,Sasebo Shi,1852895,,,33.2268,129.6966,,makinojicho
JP,Japan,Japón,857-0146,Ogawachicho,Nagasaki Ken,27,Sasebo Shi,1852895,,,33.2351,129.7002,,ogawachicho
JP,Japan,Japón,857-0192,Setogoe,Nagasaki Ken,27,Sasebo Shi,1852895,,,33.2079,129.7253,,setogoe
JP,Japan,Japón,857-0401,Kosazacho Kuroishi,Nagasaki Ken,27,Sasebo Shi,1852895,,,33.1965,129.6275,,kosazacho-kuroishi
JP,Japan,Japón,857-0402,Kosazacho Kosaka,Nagasaki Ken,27,Sasebo Shi,1852895,,,33.1965,129.6275,,kosazacho-kosaka
JP,Japan,Japón,857-0403,Kosazacho Usunora,Nagasaki Ken,27,Sasebo Shi,1852895,,,33.1965,129.6275,,kosazacho-usunora
JP,Japan,Japón,857-0404,Kosazacho Tabaru,Nagasaki Ken,27,Sasebo Shi,1852895,,,33.1965,129.6275,,kosazacho-tabaru
JP,Japan,Japón,857-0405,Kosazacho Tsuzura,Nagasaki Ken,27,Sasebo Shi,1852895,,,33.1965,129.6275,,kosazacho-tsuzura
JP,Japan,Japón,857-0406,Kosazacho Hirabaru,Nagasaki Ken,27,Sasebo Shi,1852895,,,33.1965,129.6275,,kosazacho-hirabaru
JP,Japan,Japón,857-0411,Kosazacho Takenokoba,Nagasaki Ken,27,Sasebo Shi,1852895,,,33.1965,129.6275,,kosazacho-takenokoba
JP,Japan,Japón,857-0412,Kosazacho Nishikawauchi,Nagasaki Ken,27,Sasebo Shi,1852895,,,33.1965,129.6275,,kosazacho-nishikawauchi
JP,Japan,Japón,857-0413,Kosazacho Kusudomari,Nagasaki Ken,27,Sasebo Shi,1852895,,,33.1965,129.6275,,kosazacho-kusudomari
JP,Japan,Japón,857-0414,Kosazacho Yadake,Nagasaki Ken,27,Sasebo Shi,1852895,,,33.1965,129.6275,,kosazacho-yadake
JP,Japan,Japón,857-0431,Asagocho,Nagasaki Ken,27,Sasebo Shi,1852895,,,33.1965,129.6275,,asagocho
JP,Japan,Japón,857-0492,小佐々行政センター,Nagasaki Ken,27,Sasebo Shi,1852895,,,33.1965,129.6275,,
JP,Japan,Japón,857-0801,Gioncho,Nagasaki Ken,27,Sasebo Shi,1852895,,,33.1757,129.724,,gioncho
JP,Japan,Japón,857-0802,Kotencho,Nagasaki Ken,27,Sasebo Shi,1852895,,,33.1729,129.7268,,kotencho
JP,Japan,Japón,857-0803,Katsutomicho,Nagasaki Ken,27,Sasebo Shi,1852895,,,33.1742,129.7294,,katsutomicho
JP,Japan,Japón,857-0804,Matsukawacho,Nagasaki Ken,27,Sasebo Shi,1852895,,,33.1713,129.727,,matsukawacho
JP,Japan,Japón,857-0805,Kogetsucho,Nagasaki Ken,27,Sasebo Shi,1852895,,,33.1726,129.7241,,kogetsucho
JP,Japan,Japón,857-0806,Shimanosecho,Nagasaki Ken,27,Sasebo Shi,1852895,,,33.1724,129.7216,,shimanosecho
JP,Japan,Japón,857-0811,Takanashicho,Nagasaki Ken,27,Sasebo Shi,1852895,,,33.1806,129.7323,,takanashicho
JP,Japan,Japón,857-0812,Susamachi,Nagasaki Ken,27,Sasebo Shi,1852895,,,33.1788,129.7338,,susamachi
JP,Japan,Japón,857-0813,Kosasebocho,Nagasaki Ken,27,Sasebo Shi,1852895,,,33.1769,129.7394,,kosasebocho
JP,Japan,Japón,857-0821,Shirakicho,Nagasaki Ken,27,Sasebo Shi,1852895,,,33.1719,129.7351,,shirakicho
JP,Japan,Japón,857-0822,Yamazumicho,Nagasaki Ken,27,Sasebo Shi,1852895,,,33.1681,129.734,,yamazumicho
JP,Japan,Japón,857-0831,Sudaocho,Nagasaki Ken,27,Sasebo Shi,1852895,,,33.1663,129.7372,,sudaocho
JP,Japan,Japón,857-0832,Fujiwaracho,Nagasaki Ken,27,Sasebo Shi,1852895,,,33.1622,129.7399,,fujiwaracho
JP,Japan,Japón,857-0833,Wakabacho,Nagasaki Ken,27,Sasebo Shi,1852895,,,33.1616,129.7342,,wakabacho
JP,Japan,Japón,857-0834,Shiomicho,Nagasaki Ken,27,Sasebo Shi,1852895,,,33.1628,129.7301,,shiomicho
JP,Japan,Japón,857-0841,Omiyacho,Nagasaki Ken,27,Sasebo Shi,1852895,,,33.1573,129.7409,,omiyacho
JP,Japan,Japón,857-0842,Higashiyamacho,Nagasaki Ken,27,Sasebo Shi,1852895,,,33.1541,129.7397,,higashiyamacho
JP,Japan,Japón,857-0843,Daikokucho,Nagasaki Ken,27,Sasebo Shi,1852895,,,33.1519,129.735,,daikokucho
JP,Japan,Japón,857-0851,Inaricho,Nagasaki Ken,27,Sasebo Shi,1852895,,,33.1591,129.7362,,inaricho
JP,Japan,Japón,857-0852,Hizukushimachi,Nagasaki Ken,27,Sasebo Shi,1852895,,,33.1544,129.7291,,hizukushimachi
JP,Japan,Japón,857-0853,Maehatacho,Nagasaki Ken,27,Sasebo Shi,1852895,,,33.1444,129.727,,maehatacho
JP,Japan,Japón,857-0854,Fukuishicho,Nagasaki Ken,27,Sasebo Shi,1852895,,,33.1601,129.7304,,fukuishicho
JP,Japan,Japón,857-0855,Shimminatomachi,Nagasaki Ken,27,Sasebo Shi,1852895,,,33.1636,129.7219,,shimminatomachi
JP,Japan,Japón,857-0861,Minenosakacho,Nagasaki Ken,27,Sasebo Shi,1852895,,,33.1705,129.7297,,minenosakacho
JP,Japan,Japón,857-0862,Shirahaecho,Nagasaki Ken,27,Sasebo Shi,1852895,,,33.1661,129.7295,,shirahaecho
JP,Japan,Japón,857-0863,Miuracho,Nagasaki Ken,27,Sasebo Shi,1852895,,,33.1658,129.725,,miuracho
JP,Japan,Japón,857-0864,Tonocho,Nagasaki Ken,27,Sasebo Shi,1852895,,,33.1689,129.7254,,tonocho
JP,Japan,Japón,857-0871,Motoshimacho,Nagasaki Ken,27,Sasebo Shi,1852895,,,33.1707,129.7218,,motoshimacho
JP,Japan,Japón,857-0872,Kamikyomachi,Nagasaki Ken,27,Sasebo Shi,1852895,,,33.1699,129.7228,,kamikyomachi
JP,Japan,Japón,857-0873,Miyazakicho,Nagasaki Ken,27,Sasebo Shi,1852895,,,33.1714,129.7246,,miyazakicho
JP,Japan,Japón,857-0874,Kyonotsubocho,Nagasaki Ken,27,Sasebo Shi,1852895,,,33.1704,129.7247,,kyonotsubocho
JP,Japan,Japón,857-0875,Shimokyomachi,Nagasaki Ken,27,Sasebo Shi,1852895,,,33.1686,129.7232,,shimokyomachi
JP,Japan,Japón,857-0876,Shiohamacho,Nagasaki Ken,27,Sasebo Shi,1852895,,,33.1667,129.7216,,shiohamacho
JP,Japan,Japón,857-0877,Yorozucho,Nagasaki Ken,27,Sasebo Shi,1852895,,,33.165,129.7205,,yorozucho
JP,Japan,Japón,857-0878,Yamagatacho,Nagasaki Ken,27,Sasebo Shi,1852895,,,33.1677,129.7216,,yamagatacho
JP,Japan,Japón,857-0879,Shimanjicho,Nagasaki Ken,27,Sasebo Shi,1852895,,,33.1688,129.7202,,shimanjicho
JP,Japan,Japón,857-1151,Hiucho,Nagasaki Ken,27,Sasebo Shi,1852895,,,33.1633,129.7614,,hiucho
JP,Japan,Japón,857-1152,Kurokamicho,Nagasaki Ken,27,Sasebo Shi,1852895,,,33.1709,129.7816,,kurokamicho
JP,Japan,Japón,857-1153,Momijigaokamachi,Nagasaki Ken,27,Sasebo Shi,1852895,,,33.16,129.7782,,momijigaokamachi
JP,Japan,Japón,857-1161,Daitocho,Nagasaki Ken,27,Sasebo Shi,1852895,,,33.1503,129.7785,,daitocho
JP,Japan,Japón,857-1162,Oroshihommachi,Nagasaki Ken,27,Sasebo Shi,1852895,,,33.1508,129.7704,,oroshihommachi
JP,Japan,Japón,857-1163,Otakedaimachi,Nagasaki Ken,27,Sasebo Shi,1852895,,,33.1489,129.7623,,otakedaimachi
JP,Japan,Japón,857-1164,Shiratakecho,Nagasaki Ken,27,Sasebo Shi,1852895,,,33.1491,129.755,,shiratakecho
JP,Japan,Japón,857-1165,Yamatocho,Nagasaki Ken,27,Sasebo Shi,1852895,,,33.1592,129.7499,,yamatocho
JP,Japan,Japón,857-1166,Kikazecho,Nagasaki Ken,27,Sasebo Shi,1852895,,,33.169,129.7472,,kikazecho
JP,Japan,Japón,857-1171,Okishimmachi,Nagasaki Ken,27,Sasebo Shi,1852895,,,33.1474,129.7477,,okishimmachi
JP,Japan,Japón,857-1172,Higashihamacho,Nagasaki Ken,27,Sasebo Shi,1852895,,,33.1396,129.7436,,higashihamacho
JP,Japan,Japón,857-1173,Juroshimmachi,Nagasaki Ken,27,Sasebo Shi,1852895,,,33.1384,129.7411,,juroshimmachi
JP,Japan,Japón,857-1174,Tenjin,Nagasaki Ken,27,Sasebo Shi,1852895,,,33.1462,129.7392,,tenjin
JP,Japan,Japón,857-1175,Tenjincho,Nagasaki Ken,27,Sasebo Shi,1852895,,,33.1416,129.7298,,tenjincho
JP,Japan,Japón,857-1176,Sakibecho,Nagasaki Ken,27,Sasebo Shi,1852895,,,33.1314,129.7303,,sakibecho
JP,Japan,Japón,857-1192,Shiratakecho,Nagasaki Ken,27,Sasebo Shi,1852895,,,33.1514,129.7533,,shiratakecho
JP,Japan,Japón,857-1193,Okishimmachi,Nagasaki Ken,27,Sasebo Shi,1852895,,,33.1514,129.7533,,okishimmachi
JP,Japan,Japón,857-1194,Sakibecho,Nagasaki Ken,27,Sasebo Shi,1852895,,,33.1514,129.7533,,sakibecho
JP,Japan,Japón,857-1195,Yamatomachi,Nagasaki Ken,27,Sasebo Shi,1852895,,,33.1514,129.7533,,yamatomachi
JP,Japan,Japón,857-1197,Hiucho,Nagasaki Ken,27,Sasebo Shi,1852895,,,33.1514,129.7533,,hiucho
JP,Japan,Japón,857-1198,Daitocho,Nagasaki Ken,27,Sasebo Shi,1852895,,,33.1514,129.7533,,daitocho
JP,Japan,Japón,857-1231,Funakoshicho,Nagasaki Ken,27,Sasebo Shi,1852895,,,33.1471,129.6932,,funakoshicho
JP,Japan,Japón,857-1232,Shimofunakoshicho,Nagasaki Ken,27,Sasebo Shi,1852895,,,33.1332,129.6928,,shimofunakoshicho
JP,Japan,Japón,857-1233,Ionoracho,Nagasaki Ken,27,Sasebo Shi,1852895,,,33.1284,129.7011,,ionoracho
JP,Japan,Japón,857-1234,Nozakicho,Nagasaki Ken,27,Sasebo Shi,1852895,,,33.1207,129.6872,,nozakicho
JP,Japan,Japón,857-1235,Tawaragauracho,Nagasaki Ken,27,Sasebo Shi,1852895,,,33.1323,129.6936,,tawaragauracho
JP,Japan,Japón,857-3271,Kuroshimacho,Nagasaki Ken,27,Sasebo Shi,1852895,,,33.1415,129.5335,,kuroshimacho
JP,Japan,Japón,857-4811,Ukumachi Konora,Nagasaki Ken,27,Sasebo Shi,1852895,,,33.0602,129.0808,,ukumachi-konora
JP,Japan,Japón,857-4812,Ukumachi Obama,Nagasaki Ken,27,Sasebo Shi,1852895,,,33.0602,129.0808,,ukumachi-obama
JP,Japan,Japón,857-4813,Ukumachi Iira,Nagasaki Ken,27,Sasebo Shi,1852895,,,33.0602,129.0808,,ukumachi-iira
JP,Japan,Japón,857-4814,Ukumachi Motoiira,Nagasaki Ken,27,Sasebo Shi,1852895,,,33.0602,129.0808,,ukumachi-motoiira
JP,Japan,Japón,857-4815,Ukumachi Okubo,Nagasaki Ken,27,Sasebo Shi,1852895,,,33.0602,129.0808,,ukumachi-okubo
JP,Japan,Japón,857-4816,Ukumachi Terashima,Nagasaki Ken,27,Sasebo Shi,1852895,,,33.0602,129.0808,,ukumachi-terashima
JP,Japan,Japón,857-4901,Ukumachi Taira,Nagasaki Ken,27,Sasebo Shi,1852895,,,33.0602,129.0808,,ukumachi-taira
JP,Japan,Japón,857-4902,Ukumachi Nogata,Nagasaki Ken,27,Sasebo Shi,1852895,,,33.0602,129.0808,,ukumachi-nogata
JP,Japan,Japón,857-4903,Ukumachi Odae,Nagasaki Ken,27,Sasebo Shi,1852895,,,33.0602,129.0808,,ukumachi-odae
JP,Japan,Japón,857-4904,Ukumachi Koba,Nagasaki Ken,27,Sasebo Shi,1852895,,,33.0602,129.0808,,ukumachi-koba
JP,Japan,Japón,857-8501,Tategamicho,Nagasaki Ken,27,Sasebo Shi,1852895,,,33.1899,129.6896,,tategamicho
JP,Japan,Japón,857-8502,Kobatacho,Nagasaki Ken,27,Sasebo Shi,1852895,,,33.1899,129.6896,,kobatacho
JP,Japan,Japón,857-8503,Matsuramachi,Nagasaki Ken,27,Sasebo Shi,1852895,,,33.1899,129.6896,,matsuramachi
JP,Japan,Japón,857-8508,Yorozucho,Nagasaki Ken,27,Sasebo Shi,1852895,,,33.1899,129.6896,,yorozucho
JP,Japan,Japón,857-8510,Motoshimacho,Nagasaki Ken,27,Sasebo Shi,1852895,,,33.1899,129.6896,,motoshimacho
JP,Japan,Japón,857-8511,Hirasecho,Nagasaki Ken,27,Sasebo Shi,1852895,,,33.1899,129.6896,,hirasecho
JP,Japan,Japón,857-8533,Minatomachi,Nagasaki Ken,27,Sasebo Shi,1852895,,,33.1899,129.6896,,minatomachi
JP,Japan,Japón,857-8558,Fukuishicho,Nagasaki Ken,27,Sasebo Shi,1852895,,,33.1899,129.6896,,fukuishicho
JP,Japan,Japón,857-8566,Kamikyomachi,Nagasaki Ken,27,Sasebo Shi,1852895,,,33.1899,129.6896,,kamikyomachi
JP,Japan,Japón,857-8575,Shimanjicho,Nagasaki Ken,27,Sasebo Shi,1852895,,,33.1899,129.6896,,shimanjicho
JP,Japan,Japón,857-8577,Minatomachi,Nagasaki Ken,27,Sasebo Shi,1852895,,,33.1899,129.6896,,minatomachi
JP,Japan,Japón,857-8585,Hachimancho,Nagasaki Ken,27,Sasebo Shi,1852895,,,33.1899,129.6896,,hachimancho
JP,Japan,Japón,857-8588,Sakaemachi,Nagasaki Ken,27,Sasebo Shi,1852895,,,33.1899,129.6896,,sakaemachi
JP,Japan,Japón,857-8611,Kobatacho,Nagasaki Ken,27,Sasebo Shi,1852895,,,33.1899,129.6896,,kobatacho
JP,Japan,Japón,857-8666,Shimanosecho,Nagasaki Ken,27,Sasebo Shi,1852895,,,33.1899,129.6896,,shimanosecho
JP,Japan,Japón,857-8686,Tokiwacho,Nagasaki Ken,27,Sasebo Shi,1852895,,,33.1899,129.6896,,tokiwacho
JP,Japan,Japón,858-0901,Takenocho,Nagasaki Ken,27,Sasebo Shi,1852895,,,33.22,129.6837,,takenocho
JP,Japan,Japón,858-0902,Odoriishicho,Nagasaki Ken,27,Sasebo Shi,1852895,,,33.2221,129.6915,,odoriishicho
JP,Japan,Japón,858-0903,Kamimotoyamacho,Nagasaki Ken,27,Sasebo Shi,1852895,,,33.2123,129.6911,,kamimotoyamacho
JP,Japan,Japón,858-0904,Nakazatocho,Nagasaki Ken,27,Sasebo Shi,1852895,,,33.1964,129.6991,,nakazatocho
JP,Japan,Japón,858-0905,Shimomotoyamacho,Nagasaki Ken,27,Sasebo Shi,1852895,,,33.2095,129.6757,,shimomotoyamacho
JP,Japan,Japón,858-0906,Hachinokubocho,Nagasaki Ken,27,Sasebo Shi,1852895,,,33.2171,129.6757,,hachinokubocho
JP,Japan,Japón,858-0907,Tanagatacho,Nagasaki Ken,27,Sasebo Shi,1852895,,,33.2049,129.6606,,tanagatacho
JP,Japan,Japón,858-0908,Hikarimachi,Nagasaki Ken,27,Sasebo Shi,1852895,,,33.2007,129.647,,hikarimachi
JP,Japan,Japón,858-0911,Takebecho,Nagasaki Ken,27,Sasebo Shi,1852895,,,33.1972,129.6806,,takebecho
JP,Japan,Japón,858-0912,Hogauracho,Nagasaki Ken,27,Sasebo Shi,1852895,,,33.1945,129.6681,,hogauracho
JP,Japan,Japón,858-0913,Shindencho,Nagasaki Ken,27,Sasebo Shi,1852895,,,33.1912,129.6739,,shindencho
JP,Japan,Japón,858-0914,Kawashimocho,Nagasaki Ken,27,Sasebo Shi,1852895,,,33.1871,129.667,,kawashimocho
JP,Japan,Japón,858-0915,Kamiainoracho,Nagasaki Ken,27,Sasebo Shi,1852895,,,33.1933,129.6684,,kamiainoracho
JP,Japan,Japón,858-0916,Kinomiyacho,Nagasaki Ken,27,Sasebo Shi,1852895,,,33.1947,129.6672,,kinomiyacho
JP,Japan,Japón,858-0917,Atagocho,Nagasaki Ken,27,Sasebo Shi,1852895,,,33.1984,129.6699,,atagocho
JP,Japan,Japón,858-0918,Ainoracho,Nagasaki Ken,27,Sasebo Shi,1852895,,,33.1955,129.6602,,ainoracho
JP,Japan,Japón,858-0921,Nagasakacho,Nagasaki Ken,27,Sasebo Shi,1852895,,,33.1696,129.6909,,nagasakacho
JP,Japan,Japón,858-0922,Kashimaecho,Nagasaki Ken,27,Sasebo Shi,1852895,,,33.1608,129.6844,,kashimaecho
JP,Japan,Japón,858-0923,Hinocho,Nagasaki Ken,27,Sasebo Shi,1852895,,,33.169,129.6741,,hinocho
JP,Japan,Japón,858-0924,Seiwadaimachi,Nagasaki Ken,27,Sasebo Shi,1852895,,,33.1746,129.6796,,seiwadaimachi
JP,Japan,Japón,858-0925,Shiinokicho,Nagasaki Ken,27,Sasebo Shi,1852895,,,33.1777,129.672,,shiinokicho
JP,Japan,Japón,858-0926,Ogatacho,Nagasaki Ken,27,Sasebo Shi,1852895,,,33.1778,129.6564,,ogatacho
JP,Japan,Japón,858-0931,Takashimacho,Nagasaki Ken,27,Sasebo Shi,1852895,,,33.1777,129.5872,,takashimacho
JP,Japan,Japón,858-0965,Onocho(Sonota),Nagasaki Ken,27,Sasebo Shi,1852895,,,33.188,129.6715,,onocho-sonota
JP,Japan,Japón,858-8501,Hikarimachi,Nagasaki Ken,27,Sasebo Shi,1852895,,,33.1899,129.6896,,hikarimachi
JP,Japan,Japón,858-8555,Ogatacho,Nagasaki Ken,27,Sasebo Shi,1852895,,,33.1899,129.6896,,ogatacho
JP,Japan,Japón,858-8580,Kawashimocho,Nagasaki Ken,27,Sasebo Shi,1852895,,,33.1899,129.6896,,kawashimocho
JP,Japan,Japón,858-8585,Hikarimachi,Nagasaki Ken,27,Sasebo Shi,1852895,,,33.1899,129.6896,,hikarimachi
JP,Japan,Japón,858-8588,Hogauracho,Nagasaki Ken,27,Sasebo Shi,1852895,,,33.1899,129.6896,,hogauracho
JP,Japan,Japón,858-8589,Kashimaecho,Nagasaki Ken,27,Sasebo Shi,1852895,,,33.1899,129.6896,,kashimaecho
JP,Japan,Japón,859-3151,Mikawachihommachi,Nagasaki Ken,27,Sasebo Shi,1852895,,,33.1526,129.8283,,mikawachihommachi
JP,Japan,Japón,859-3152,Shingyoecho,Nagasaki Ken,27,Sasebo Shi,1852895,,,33.1505,129.8383,,shingyoecho
JP,Japan,Japón,859-3153,Mikawachishimmachi,Nagasaki Ken,27,Sasebo Shi,1852895,,,33.1402,129.8399,,mikawachishimmachi
JP,Japan,Japón,859-3154,Shiohitashicho,Nagasaki Ken,27,Sasebo Shi,1852895,,,33.144,129.8303,,shiohitashicho
JP,Japan,Japón,859-3155,Mikawachicho,Nagasaki Ken,27,Sasebo Shi,1852895,,,33.1319,129.8406,,mikawachicho
JP,Japan,Japón,859-3156,Shimonoharucho,Nagasaki Ken,27,Sasebo Shi,1852895,,,33.1323,129.824,,shimonoharucho
JP,Japan,Japón,859-3157,Kuwakobacho,Nagasaki Ken,27,Sasebo Shi,1852895,,,33.1548,129.8167,,kuwakobacho
JP,Japan,Japón,859-3158,Shingaecho,Nagasaki Ken,27,Sasebo Shi,1852895,,,33.1445,129.8244,,shingaecho
JP,Japan,Japón,859-3161,Kuchinocho,Nagasaki Ken,27,Sasebo Shi,1852895,,,33.1649,129.8254,,kuchinocho
JP,Japan,Japón,859-3162,Yoshifukucho,Nagasaki Ken,27,Sasebo Shi,1852895,,,33.1635,129.8372,,yoshifukucho
JP,Japan,Japón,859-3163,Yokotecho,Nagasaki Ken,27,Sasebo Shi,1852895,,,33.1742,129.8316,,yokotecho
JP,Japan,Japón,859-3164,Kokonnocho,Nagasaki Ken,27,Sasebo Shi,1852895,,,33.1797,129.8147,,kokonnocho
JP,Japan,Japón,859-3165,Enagacho,Nagasaki Ken,27,Sasebo Shi,1852895,,,33.1553,129.8504,,enagacho
JP,Japan,Japón,859-3166,Kiharacho,Nagasaki Ken,27,Sasebo Shi,1852895,,,33.1667,129.857,,kiharacho
JP,Japan,Japón,859-3201,Hiramatsucho,Nagasaki Ken,27,Sasebo Shi,1852895,,,33.1672,129.805,,hiramatsucho
JP,Japan,Japón,859-3202,Uwabarucho,Nagasaki Ken,27,Sasebo Shi,1852895,,,33.1524,129.8057,,uwabarucho
JP,Japan,Japón,859-3203,Jinnochicho,Nagasaki Ken,27,Sasebo Shi,1852895,,,33.1502,129.7921,,jinnochicho
JP,Japan,Japón,859-3204,Wakatakedaimachi,Nagasaki Ken,27,Sasebo Shi,1852895,,,33.1459,129.7876,,wakatakedaimachi
JP,Japan,Japón,859-3205,Tanoracho,Nagasaki Ken,27,Sasebo Shi,1852895,,,33.151,129.7869,,tanoracho
JP,Japan,Japón,859-3211,Sanaecho,Nagasaki Ken,27,Sasebo Shi,1852895,,,33.1469,129.8005,,sanaecho
JP,Japan,Japón,859-3212,Hanataka,Nagasaki Ken,27,Sasebo Shi,1852895,,,33.14,129.8099,,hanataka
JP,Japan,Japón,859-3213,Gonjojicho,Nagasaki Ken,27,Sasebo Shi,1852895,,,33.1347,129.8086,,gonjojicho
JP,Japan,Japón,859-3214,Gonjoji,Nagasaki Ken,27,Sasebo Shi,1852895,,,33.1325,129.801,,gonjoji
JP,Japan,Japón,859-3215,Haiki,Nagasaki Ken,27,Sasebo Shi,1852895,,,33.138,129.7967,,haiki
JP,Japan,Japón,859-3216,Katsumicho,Nagasaki Ken,27,Sasebo Shi,1852895,,,33.1409,129.7892,,katsumicho
JP,Japan,Japón,859-3221,Nakaharacho,Nagasaki Ken,27,Sasebo Shi,1852895,,,33.1316,129.812,,nakaharacho
JP,Japan,Japón,859-3222,Hirodacho,Nagasaki Ken,27,Sasebo Shi,1852895,,,33.1297,129.814,,hirodacho
JP,Japan,Japón,859-3223,Hirota,Nagasaki Ken,27,Sasebo Shi,1852895,,,33.1249,129.8013,,hirota
JP,Japan,Japón,859-3224,Shigeocho,Nagasaki Ken,27,Sasebo Shi,1852895,,,33.1169,129.8298,,shigeocho
JP,Japan,Japón,859-3225,Uragawachicho,Nagasaki Ken,27,Sasebo Shi,1852895,,,33.1149,129.8114,,uragawachicho
JP,Japan,Japón,859-3226,Sakiokacho,Nagasaki Ken,27,Sasebo Shi,1852895,,,33.1092,129.8007,,sakiokacho
JP,Japan,Japón,859-3231,Sedocho,Nagasaki Ken,27,Sasebo Shi,1852895,,,33.1031,129.8329,,sedocho
JP,Japan,Japón,859-3232,Hagisakacho,Nagasaki Ken,27,Sasebo Shi,1852895,,,33.0921,129.8321,,hagisakacho
JP,Japan,Japón,859-3233,Okuyamacho,Nagasaki Ken,27,Sasebo Shi,1852895,,,33.0832,129.8298,,okuyamacho
JP,Japan,Japón,859-3234,Nagahatacho,Nagasaki Ken,27,Sasebo Shi,1852895,,,33.0808,129.8135,,nagahatacho
JP,Japan,Japón,859-3235,Miyazucho,Nagasaki Ken,27,Sasebo Shi,1852895,,,33.0749,129.8105,,miyazucho
JP,Japan,Japón,859-3236,Haenosakicho,Nagasaki Ken,27,Sasebo Shi,1852895,,,33.0924,129.8035,,haenosakicho
JP,Japan,Japón,859-3237,Jomacho,Nagasaki Ken,27,Sasebo Shi,1852895,,,33.097,129.8151,,jomacho
JP,Japan,Japón,859-3241,Arifukucho,Nagasaki Ken,27,Sasebo Shi,1852895,,,33.1316,129.781,,arifukucho
JP,Japan,Japón,859-3242,Sashikatacho,Nagasaki Ken,27,Sasebo Shi,1852895,,,33.1069,129.7827,,sashikatacho
JP,Japan,Japón,859-3243,Hausutembosumachi,Nagasaki Ken,27,Sasebo Shi,1852895,,,33.0908,129.7905,,hausutembosumachi
JP,Japan,Japón,859-3244,Egamicho,Nagasaki Ken,27,Sasebo Shi,1852895,,,33.0996,129.7738,,egamicho
JP,Japan,Japón,859-3292,Hausutembosumachi,Nagasaki Ken,27,Sasebo Shi,1852895,,,33.1335,129.804,,hausutembosumachi
JP,Japan,Japón,859-3293,Hausutembosumachi,Nagasaki Ken,27,Sasebo Shi,1852895,,,33.1335,129.804,,hausutembosumachi
JP,Japan,Japón,859-3298,Hausutembosumachi,Nagasaki Ken,27,Sasebo Shi,1852895,,,33.1335,129.804,,hausutembosumachi
JP,Japan,Japón,859-3451,Hario Higashimachi,Nagasaki Ken,27,Sasebo Shi,1852895,,,33.0772,129.7601,,hario-higashimachi
JP,Japan,Japón,859-3452,Hario Nakamachi,Nagasaki Ken,27,Sasebo Shi,1852895,,,33.0791,129.753,,hario-nakamachi
JP,Japan,Japón,859-3453,Hario Nishimachi,Nagasaki Ken,27,Sasebo Shi,1852895,,,33.0904,129.7435,,hario-nishimachi
JP,Japan,Japón,859-3454,Hario Kitamachi,Nagasaki Ken,27,Sasebo Shi,1852895,,,33.1106,129.7571,,hario-kitamachi
JP,Japan,Japón,859-6101,Emukaecho Nagasaka,Nagasaki Ken,27,Sasebo Shi,1852895,,,33.1899,129.6896,,emukaecho-nagasaka
JP,Japan,Japón,859-6102,Emukaecho Kamigawachi,Nagasaki Ken,27,Sasebo Shi,1852895,,,33.1899,129.6896,,emukaecho-kamigawachi
JP,Japan,Japón,859-6103,Emukaecho Umetate,Nagasaki Ken,27,Sasebo Shi,1852895,,,33.1899,129.6896,,emukaecho-umetate
JP,Japan,Japón,859-6104,Emukaecho Suetachibana,Nagasaki Ken,27,Sasebo Shi,1852895,,,33.1899,129.6896,,emukaecho-suetachibana
JP,Japan,Japón,859-6105,Emukaecho Kajinomura,Nagasaki Ken,27,Sasebo Shi,1852895,,,33.1899,129.6896,,emukaecho-kajinomura
JP,Japan,Japón,859-6106,Emukaecho Kitada,Nagasaki Ken,27,Sasebo Shi,1852895,,,33.1899,129.6896,,emukaecho-kitada
JP,Japan,Japón,859-6111,Emukaecho Iirazaka,Nagasaki Ken,27,Sasebo Shi,1852895,,,33.1899,129.6896,,emukaecho-iirazaka
JP,Japan,Japón,859-6112,Emukaecho Nebiki,Nagasaki Ken,27,Sasebo Shi,1852895,,,33.1899,129.6896,,emukaecho-nebiki
JP,Japan,Japón,859-6113,Emukaecho Kurikoshi,Nagasaki Ken,27,Sasebo Shi,1852895,,,33.1899,129.6896,,emukaecho-kurikoshi
JP,Japan,Japón,859-6114,Emukaecho Ebirao,Nagasaki Ken,27,Sasebo Shi,1852895,,,33.1899,129.6896,,emukaecho-ebirao
JP,Japan,Japón,859-6115,Emukaecho Nakao,Nagasaki Ken,27,Sasebo Shi,1852895,,,33.1899,129.6896,,emukaecho-nakao
JP,Japan,Japón,859-6121,Emukaecho Okugawachi,Nagasaki Ken,27,Sasebo Shi,1852895,,,33.1899,129.6896,,emukaecho-okugawachi
JP,Japan,Japón,859-6122,Emukaecho Nanakai,Nagasaki Ken,27,Sasebo Shi,1852895,,,33.1899,129.6896,,emukaecho-nanakai
JP,Japan,Japón,859-6123,Emukaecho Kogawachi,Nagasaki Ken,27,Sasebo Shi,1852895,,,33.1899,129.6896,,emukaecho-kogawachi
JP,Japan,Japón,859-6124,Emukaecho Midarebashi,Nagasaki Ken,27,Sasebo Shi,1852895,,,33.1899,129.6896,,emukaecho-midarebashi
JP,Japan,Japón,859-6125,Emukaecho Miura,Nagasaki Ken,27,Sasebo Shi,1852895,,,33.1899,129.6896,,emukaecho-miura
JP,Japan,Japón,859-6126,Emukaecho Kitahira,Nagasaki Ken,27,Sasebo Shi,1852895,,,33.1899,129.6896,,emukaecho-kitahira
JP,Japan,Japón,859-6131,Emukaecho Akasaka,Nagasaki Ken,27,Sasebo Shi,1852895,,,33.1899,129.6896,,emukaecho-akasaka
JP,Japan,Japón,859-6132,Emukaecho Shitonoji,Nagasaki Ken,27,Sasebo Shi,1852895,,,33.1899,129.6896,,emukaecho-shitonoji
JP,Japan,Japón,859-6133,Emukaecho Inotsuki,Nagasaki Ken,27,Sasebo Shi,1852895,,,33.1899,129.6896,,emukaecho-inotsuki
JP,Japan,Japón,859-6134,Emukaecho Tanomoto,Nagasaki Ken,27,Sasebo Shi,1852895,,,33.1899,129.6896,,emukaecho-tanomoto
JP,Japan,Japón,859-6141,Shikamachicho Shinfukae,Nagasaki Ken,27,Sasebo Shi,1852895,,,33.1899,129.6896,,shikamachicho-shinfukae
JP,Japan,Japón,859-6142,Shikamachicho Fukae,Nagasaki Ken,27,Sasebo Shi,1852895,,,33.1899,129.6896,,shikamachicho-fukae
JP,Japan,Japón,859-6143,Shikamachicho Fukaegata,Nagasaki Ken,27,Sasebo Shi,1852895,,,33.1899,129.6896,,shikamachicho-fukaegata
JP,Japan,Japón,859-6144,Shikamachicho Shikamachi,Nagasaki Ken,27,Sasebo Shi,1852895,,,33.1899,129.6896,,shikamachicho-shikamachi
JP,Japan,Japón,859-6145,Shikamachicho Doinora,Nagasaki Ken,27,Sasebo Shi,1852895,,,33.1899,129.6896,,shikamachicho-doinora
JP,Japan,Japón,859-6201,Shikamachicho Oya,Nagasaki Ken,27,Sasebo Shi,1852895,,,33.1899,129.6896,,shikamachicho-oya
JP,Japan,Japón,859-6202,Shikamachicho Kamiutagaura,Nagasaki Ken,27,Sasebo Shi,1852895,,,33.1899,129.6896,,shikamachicho-kamiutagaura
JP,Japan,Japón,859-6203,Shikamachicho Kuchinosato,Nagasaki Ken,27,Sasebo Shi,1852895,,,33.1899,129.6896,,shikamachicho-kuchinosato
JP,Japan,Japón,859-6204,Shikamachicho Shimotagaura,Nagasaki Ken,27,Sasebo Shi,1852895,,,33.1899,129.6896,,shikamachicho-shimotagaura
JP,Japan,Japón,859-6205,Shikamachicho Nakano,Nagasaki Ken,27,Sasebo Shi,1852895,,,33.1899,129.6896,,shikamachicho-nakano
JP,Japan,Japón,859-6206,Shikamachicho Nagushi,Nagasaki Ken,27,Sasebo Shi,1852895,,,33.1899,129.6896,,shikamachicho-nagushi
JP,Japan,Japón,859-6207,Shikamachicho Funenomura,Nagasaki Ken,27,Sasebo Shi,1852895,,,33.1899,129.6896,,shikamachicho-funenomura
JP,Japan,Japón,859-6292,佐世保市役所　鹿町行政センター,Nagasaki Ken,27,Sasebo Shi,1852895,,,33.1899,129.6896,,
JP,Japan,Japón,859-6301,Yoshiicho Sono,Nagasaki Ken,27,Sasebo Shi,1852895,,,33.1899,129.6896,,yoshiicho-sono
JP,Japan,Japón,859-6302,Yoshiicho Fukui,Nagasaki Ken,27,Sasebo Shi,1852895,,,33.1899,129.6896,,yoshiicho-fukui
JP,Japan,Japón,859-6303,Yoshiicho Itabi,Nagasaki Ken,27,Sasebo Shi,1852895,,,33.1899,129.6896,,yoshiicho-itabi
JP,Japan,Japón,859-6304,Yoshiicho Kajikoba,Nagasaki Ken,27,Sasebo Shi,1852895,,,33.1899,129.6896,,yoshiicho-kajikoba
JP,Japan,Japón,859-6305,Yoshiicho Naoya,Nagasaki Ken,27,Sasebo Shi,1852895,,,33.1899,129.6896,,yoshiicho-naoya
JP,Japan,Japón,859-6311,Yoshiicho Hashikawachi,Nagasaki Ken,27,Sasebo Shi,1852895,,,33.1899,129.6896,,yoshiicho-hashikawachi
JP,Japan,Japón,859-6312,Yoshiicho Hashiguchi,Nagasaki Ken,27,Sasebo Shi,1852895,,,33.1899,129.6896,,yoshiicho-hashiguchi
JP,Japan,Japón,859-6313,Yoshiicho Kamiyoshida,Nagasaki Ken,27,Sasebo Shi,1852895,,,33.1899,129.6896,,yoshiicho-kamiyoshida
JP,Japan,Japón,859-6314,Yoshiicho Tabaru,Nagasaki Ken,27,Sasebo Shi,1852895,,,33.1899,129.6896,,yoshiicho-tabaru
JP,Japan,Japón,859-6315,Yoshiicho Shimobaru,Nagasaki Ken,27,Sasebo Shi,1852895,,,33.1899,129.6896,,yoshiicho-shimobaru
JP,Japan,Japón,859-6316,Yoshiicho Otsuishio,Nagasaki Ken,27,Sasebo Shi,1852895,,,33.1899,129.6896,,yoshiicho-otsuishio
JP,Japan,Japón,859-6317,Yoshiicho Takamine,Nagasaki Ken,27,Sasebo Shi,1852895,,,33.1899,129.6896,,yoshiicho-takamine
JP,Japan,Japón,859-6321,Yoshiicho Maedake,Nagasaki Ken,27,Sasebo Shi,1852895,,,33.1899,129.6896,,yoshiicho-maedake
JP,Japan,Japón,859-6322,Yoshiicho Odorize,Nagasaki Ken,27,Sasebo Shi,1852895,,,33.1899,129.6896,,yoshiicho-odorize
JP,Japan,Japón,859-6323,Yoshiicho Haruake,Nagasaki Ken,27,Sasebo Shi,1852895,,,33.1899,129.6896,,yoshiicho-haruake
JP,Japan,Japón,859-6324,Yoshiicho Yoshimoto,Nagasaki Ken,27,Sasebo Shi,1852895,,,33.1899,129.6896,,yoshiicho-yoshimoto
JP,Japan,Japón,859-6325,Yoshiicho Owatari,Nagasaki Ken,27,Sasebo Shi,1852895,,,33.1899,129.6896,,yoshiicho-owatari
JP,Japan,Japón,859-6326,Yoshiicho Tateishi,Nagasaki Ken,27,Sasebo Shi,1852895,,,33.1899,129.6896,,yoshiicho-tateishi
JP,Japan,Japón,859-6401,Sechibarucho Akakoba,Nagasaki Ken,27,Sasebo Shi,1852895,,,33.1899,129.6896,,sechibarucho-akakoba
JP,Japan,Japón,859-6402,Sechibarucho Iwayaguchi,Nagasaki Ken,27,Sasebo Shi,1852895,,,33.1899,129.6896,,sechibarucho-iwayaguchi
JP,Japan,Japón,859-6403,Sechibarucho Uenohara,Nagasaki Ken,27,Sasebo Shi,1852895,,,33.1899,129.6896,,sechibarucho-uenohara
JP,Japan,Japón,859-6404,Sechibarucho Ota,Nagasaki Ken,27,Sasebo Shi,1852895,,,33.1899,129.6896,,sechibarucho-ota
JP,Japan,Japón,859-6405,Sechibarucho Kaisaku,Nagasaki Ken,27,Sasebo Shi,1852895,,,33.1899,129.6896,,sechibarucho-kaisaku
JP,Japan,Japón,859-6406,Sechibarucho Kiurabaru,Nagasaki Ken,27,Sasebo Shi,1852895,,,33.1899,129.6896,,sechibarucho-kiurabaru
JP,Japan,Japón,859-6407,Sechibarucho Kitagawachi,Nagasaki Ken,27,Sasebo Shi,1852895,,,33.1899,129.6896,,sechibarucho-kitagawachi
JP,Japan,Japón,859-6408,Sechibarucho Kurimukae,Nagasaki Ken,27,Sasebo Shi,1852895,,,33.1899,129.6896,,sechibarucho-kurimukae
JP,Japan,Japón,859-6409,Sechibarucho Nakadori,Nagasaki Ken,27,Sasebo Shi,1852895,,,33.1899,129.6896,,sechibarucho-nakadori
JP,Japan,Japón,859-6411,Sechibarucho Nagatashiro,Nagasaki Ken,27,Sasebo Shi,1852895,,,33.1899,129.6896,,sechibarucho-nagatashiro
JP,Japan,Japón,859-6412,Sechibarucho Nishinotake,Nagasaki Ken,27,Sasebo Shi,1852895,,,33.1899,129.6896,,sechibarucho-nishinotake
JP,Japan,Japón,859-6413,Sechibarucho Yanaze,Nagasaki Ken,27,Sasebo Shi,1852895,,,33.1899,129.6896,,sechibarucho-yanaze
JP,Japan,Japón,859-6414,Sechibarucho Yabitsu,Nagasaki Ken,27,Sasebo Shi,1852895,,,33.1899,129.6896,,sechibarucho-yabitsu
JP,Japan,Japón,859-6415,Sechibarucho Yarimaki,Nagasaki Ken,27,Sasebo Shi,1852895,,,33.1899,129.6896,,sechibarucho-yarimaki
JP,Japan,Japón,859-6492,佐世保市役所　世知原行政センター,Nagasaki Ken,27,Sasebo Shi,1852895,,,33.1899,129.6896,,
JP,Japan,Japón,851-2100,Togitsu Cho,Nagasaki Ken,27,"Nishisonogi Gun ",1855163," Togitsu Cho",42308,32.8325,129.8429,,togitsu-cho
JP,Japan,Japón,851-2100,Nagayo Cho,Nagasaki Ken,27,"Nishisonogi Gun ",1855163," Nagayo Cho",42307,32.8325,129.8429,,nagayo-cho
JP,Japan,Japón,851-2101,Nishitogitsugo,Nagasaki Ken,27,"Nishisonogi Gun ",1855163," Togitsu Cho",42308,32.8468,129.8544,,nishitogitsugo
JP,Japan,Japón,851-2102,Hamadago,Nagasaki Ken,27,"Nishisonogi Gun ",1855163," Togitsu Cho",42308,32.8302,129.8588,,hamadago
JP,Japan,Japón,851-2103,Motomurago,Nagasaki Ken,27,"Nishisonogi Gun ",1855163," Togitsu Cho",42308,32.8195,129.8505,,motomurago
JP,Japan,Japón,851-2104,Nodago,Nagasaki Ken,27,"Nishisonogi Gun ",1855163," Togitsu Cho",42308,32.8231,129.8413,,nodago
JP,Japan,Japón,851-2105,Urago,Nagasaki Ken,27,"Nishisonogi Gun ",1855163," Togitsu Cho",42308,32.8305,129.8462,,urago
JP,Japan,Japón,851-2106,Sasokogo,Nagasaki Ken,27,"Nishisonogi Gun ",1855163," Togitsu Cho",42308,32.8258,129.829,,sasokogo
JP,Japan,Japón,851-2107,Kururigo,Nagasaki Ken,27,"Nishisonogi Gun ",1855163," Togitsu Cho",42308,32.8387,129.8361,,kururigo
JP,Japan,Japón,851-2108,Hinamigo,Nagasaki Ken,27,"Nishisonogi Gun ",1855163," Togitsu Cho",42308,32.8451,129.8269,,hinamigo
JP,Japan,Japón,851-2111,Shishigawago,Nagasaki Ken,27,"Nishisonogi Gun ",1855163," Togitsu Cho",42308,32.8551,129.8047,,shishigawago
JP,Japan,Japón,851-2121,Okago,Nagasaki Ken,27,"Nishisonogi Gun ",1855163," Nagayo Cho",42307,32.8589,129.8814,,okago
JP,Japan,Japón,851-2122,Hongawachigo,Nagasaki Ken,27,"Nishisonogi Gun ",1855163," Nagayo Cho",42307,32.837,129.8987,,hongawachigo
JP,Japan,Japón,851-2123,Hirakobago,Nagasaki Ken,27,"Nishisonogi Gun ",1855163," Nagayo Cho",42307,32.8225,129.9104,,hirakobago
JP,Japan,Japón,851-2124,Marutago,Nagasaki Ken,27,"Nishisonogi Gun ",1855163," Nagayo Cho",42307,32.8295,129.8856,,marutago
JP,Japan,Japón,851-2125,Minego,Nagasaki Ken,27,"Nishisonogi Gun ",1855163," Nagayo Cho",42307,32.8197,129.8906,,minego
JP,Japan,Japón,851-2126,Yoshimutago,Nagasaki Ken,27,"Nishisonogi Gun ",1855163," Nagayo Cho",42307,32.8132,129.886,,yoshimutago
JP,Japan,Japón,851-2127,Kodago,Nagasaki Ken,27,"Nishisonogi Gun ",1855163," Nagayo Cho",42307,32.8121,129.8584,,kodago
JP,Japan,Japón,851-2128,Urerigo,Nagasaki Ken,27,"Nishisonogi Gun ",1855163," Nagayo Cho",42307,32.8307,129.8723,,urerigo
JP,Japan,Japón,851-2129,Saitogo,Nagasaki Ken,27,"Nishisonogi Gun ",1855163," Nagayo Cho",42307,32.8461,129.8603,,saitogo
JP,Japan,Japón,851-2130,Manabino,Nagasaki Ken,27,"Nishisonogi Gun ",1855163," Nagayo Cho",42307,32.8325,129.8589,,manabino
JP,Japan,Japón,851-2131,Hokuyodai,Nagasaki Ken,27,"Nishisonogi Gun ",1855163," Nagayo Cho",42307,32.8325,129.8589,,hokuyodai
JP,Japan,Japón,851-2185,Urerigo,Nagasaki Ken,27,"Nishisonogi Gun ",1855163,Nagayo-chō,42307,32.8325,129.8589,,urerigo
JP,Japan,Japón,851-2195,Manabino,Nagasaki Ken,27,"Nishisonogi Gun ",1855163,Nagayo-chō,42307,32.8325,129.8589,,manabino
JP,Japan,Japón,851-2196,Motomurago,Nagasaki Ken,27,"Nishisonogi Gun ",1855163,Togitsu-chō,42308,32.8325,129.8589,,motomurago
JP,Japan,Japón,851-2197,Sasokogo,Nagasaki Ken,27,"Nishisonogi Gun ",1855163,Togitsu-chō,42308,32.8325,129.8589,,sasokogo
JP,Japan,Japón,851-2198,Urago,Nagasaki Ken,27,"Nishisonogi Gun ",1855163,Togitsu-chō,42308,32.8325,129.8589,,urago
JP,Japan,Japón,850-0000,Nagasaki Shi,Nagasaki Ken,27,Nagasaki Shi,1856152,,,32.7582,129.8844,,nagasaki-shi
JP,Japan,Japón,850-0001,Nishiyama,Nagasaki Ken,27,Nagasaki Shi,1856152,,,32.7628,129.8857,,nishiyama
JP,Japan,Japón,850-0002,Kobamachi,Nagasaki Ken,27,Nagasaki Shi,1856152,,,32.773,129.9038,,kobamachi
JP,Japan,Japón,850-0003,Katafuchi,Nagasaki Ken,27,Nagasaki Shi,1856152,,,32.76,129.8895,,katafuchi
JP,Japan,Japón,850-0004,Shimonishiyamamachi,Nagasaki Ken,27,Nagasaki Shi,1856152,,,32.7558,129.8855,,shimonishiyamamachi
JP,Japan,Japón,850-0005,Nishiyamahommachi,Nagasaki Ken,27,Nagasaki Shi,1856152,,,32.7578,129.883,,nishiyamahommachi
JP,Japan,Japón,850-0006,Kaminishiyamamachi,Nagasaki Ken,27,Nagasaki Shi,1856152,,,32.755,129.8838,,kaminishiyamamachi
JP,Japan,Japón,850-0007,Tateyama,Nagasaki Ken,27,Nagasaki Shi,1856152,,,32.7573,129.8787,,tateyama
JP,Japan,Japón,850-0011,Narutaki,Nagasaki Ken,27,Nagasaki Shi,1856152,,,32.7569,129.8943,,narutaki
JP,Japan,Japón,850-0012,Hongochi,Nagasaki Ken,27,Nagasaki Shi,1856152,,,32.7518,129.9078,,hongochi
JP,Japan,Japón,850-0013,Nakagawa,Nagasaki Ken,27,Nagasaki Shi,1856152,,,32.7519,129.8931,,nakagawa
JP,Japan,Japón,850-0014,Shinnakagawamachi,Nagasaki Ken,27,Nagasaki Shi,1856152,,,32.7513,129.8899,,shinnakagawamachi
JP,Japan,Japón,850-0015,Sakurababa,Nagasaki Ken,27,Nagasaki Shi,1856152,,,32.7531,129.8894,,sakurababa
JP,Japan,Japón,850-0016,Fufugawamachi,Nagasaki Ken,27,Nagasaki Shi,1856152,,,32.7548,129.8896,,fufugawamachi
JP,Japan,Japón,850-0017,Shindaikumachi,Nagasaki Ken,27,Nagasaki Shi,1856152,,,32.7528,129.8858,,shindaikumachi
JP,Japan,Japón,850-0018,Isemachi,Nagasaki Ken,27,Nagasaki Shi,1856152,,,32.7518,129.8855,,isemachi
JP,Japan,Japón,850-0021,Rokasumachi,Nagasaki Ken,27,Nagasaki Shi,1856152,,,32.7529,129.8817,,rokasumachi
JP,Japan,Japón,850-0022,Umamachi,Nagasaki Ken,27,Nagasaki Shi,1856152,,,32.7524,129.8825,,umamachi
JP,Japan,Japón,850-0023,Dekidaikumachi,Nagasaki Ken,27,Nagasaki Shi,1856152,,,32.7518,129.8831,,dekidaikumachi
JP,Japan,Japón,850-0024,Oidemachi,Nagasaki Ken,27,Nagasaki Shi,1856152,,,32.7511,129.8826,,oidemachi
JP,Japan,Japón,850-0025,Imahakatamachi,Nagasaki Ken,27,Nagasaki Shi,1856152,,,32.7506,129.8821,,imahakatamachi
JP,Japan,Japón,850-0026,Furumachi,Nagasaki Ken,27,Nagasaki Shi,1856152,,,32.7502,129.8816,,furumachi
JP,Japan,Japón,850-0027,Okeyamachi,Nagasaki Ken,27,Nagasaki Shi,1856152,,,32.7496,129.8812,,okeyamachi
JP,Japan,Japón,850-0028,Katsuyamamachi,Nagasaki Ken,27,Nagasaki Shi,1856152,,,32.7511,129.8799,,katsuyamamachi
JP,Japan,Japón,850-0029,Yaoyamachi,Nagasaki Ken,27,Nagasaki Shi,1856152,,,32.7517,129.8801,,yaoyamachi
JP,Japan,Japón,850-0031,Sakuramachi,Nagasaki Ken,27,Nagasaki Shi,1856152,,,32.75,129.8781,,sakuramachi
JP,Japan,Japón,850-0032,Kozemmachi,Nagasaki Ken,27,Nagasaki Shi,1856152,,,32.7488,129.8765,,kozemmachi
JP,Japan,Japón,850-0033,Manzaimachi,Nagasaki Ken,27,Nagasaki Shi,1856152,,,32.7466,129.8752,,manzaimachi
JP,Japan,Japón,850-0034,Kabashimamachi,Nagasaki Ken,27,Nagasaki Shi,1856152,,,32.7464,129.8731,,kabashimamachi
JP,Japan,Japón,850-0035,Motofunamachi,Nagasaki Ken,27,Nagasaki Shi,1856152,,,32.7472,129.87,,motofunamachi
JP,Japan,Japón,850-0036,Gotomachi,Nagasaki Ken,27,Nagasaki Shi,1856152,,,32.7488,129.8731,,gotomachi
JP,Japan,Japón,850-0037,Kanayamachi,Nagasaki Ken,27,Nagasaki Shi,1856152,,,32.7491,129.8746,,kanayamachi
JP,Japan,Japón,850-0041,Hamahira,Nagasaki Ken,27,Nagasaki Shi,1856152,,,32.7607,129.8731,,hamahira
JP,Japan,Japón,850-0042,Ofunaguramachi,Nagasaki Ken,27,Nagasaki Shi,1856152,,,32.7576,129.8715,,ofunaguramachi
JP,Japan,Japón,850-0043,Yachiyomachi,Nagasaki Ken,27,Nagasaki Shi,1856152,,,32.7556,129.8696,,yachiyomachi
JP,Japan,Japón,850-0044,Tenjimmachi,Nagasaki Ken,27,Nagasaki Shi,1856152,,,32.7593,129.8694,,tenjimmachi
JP,Japan,Japón,850-0045,Takaramachi,Nagasaki Ken,27,Nagasaki Shi,1856152,,,32.7589,129.8674,,takaramachi
JP,Japan,Japón,850-0046,Saiwaimachi,Nagasaki Ken,27,Nagasaki Shi,1856152,,,32.7581,129.8653,,saiwaimachi
JP,Japan,Japón,850-0047,Zenzamachi,Nagasaki Ken,27,Nagasaki Shi,1856152,,,32.7612,129.8681,,zenzamachi
JP,Japan,Japón,850-0048,Kamizenzamachi,Nagasaki Ken,27,Nagasaki Shi,1856152,,,32.7636,129.8695,,kamizenzamachi
JP,Japan,Japón,850-0051,Nishizakamachi,Nagasaki Ken,27,Nagasaki Shi,1856152,,,32.7558,129.8745,,nishizakamachi
JP,Japan,Japón,850-0052,Chikugomachi,Nagasaki Ken,27,Nagasaki Shi,1856152,,,32.7534,129.8745,,chikugomachi
JP,Japan,Japón,850-0053,Tamazonomachi,Nagasaki Ken,27,Nagasaki Shi,1856152,,,32.7527,129.8776,,tamazonomachi
JP,Japan,Japón,850-0054,Uwamachi,Nagasaki Ken,27,Nagasaki Shi,1856152,,,32.7516,129.8778,,uwamachi
JP,Japan,Japón,850-0055,Nakamachi,Nagasaki Ken,27,Nagasaki Shi,1856152,,,32.752,129.8744,,nakamachi
JP,Japan,Japón,850-0056,Ebisumachi,Nagasaki Ken,27,Nagasaki Shi,1856152,,,32.7505,129.8746,,ebisumachi
JP,Japan,Japón,850-0057,Daikokumachi,Nagasaki Ken,27,Nagasaki Shi,1856152,,,32.7521,129.8726,,daikokumachi
JP,Japan,Japón,850-0058,Onoemachi,Nagasaki Ken,27,Nagasaki Shi,1856152,,,32.7528,129.8687,,onoemachi
JP,Japan,Japón,850-0061,Mizunoramachi,Nagasaki Ken,27,Nagasaki Shi,1856152,,,32.7489,129.8539,,mizunoramachi
JP,Japan,Japón,850-0062,Otanimachi,Nagasaki Ken,27,Nagasaki Shi,1856152,,,32.7471,129.854,,otanimachi
JP,Japan,Japón,850-0063,Akunoramachi,Nagasaki Ken,27,Nagasaki Shi,1856152,,,32.7432,129.8569,,akunoramachi
JP,Japan,Japón,850-0064,Akizukimachi,Nagasaki Ken,27,Nagasaki Shi,1856152,,,32.7475,129.8491,,akizukimachi
JP,Japan,Japón,850-0065,Irifunemachi,Nagasaki Ken,27,Nagasaki Shi,1856152,,,32.7451,129.8456,,irifunemachi
JP,Japan,Japón,850-0066,Ohamamachi,Nagasaki Ken,27,Nagasaki Shi,1856152,,,32.7509,129.8391,,ohamamachi
JP,Japan,Japón,850-0067,Koramachi,Nagasaki Ken,27,Nagasaki Shi,1856152,,,32.7566,129.8295,,koramachi
JP,Japan,Japón,850-0068,Fukudahommachi,Nagasaki Ken,27,Nagasaki Shi,1856152,,,32.7532,129.8191,,fukudahommachi
JP,Japan,Japón,850-0071,Shiohamamachi,Nagasaki Ken,27,Nagasaki Shi,1856152,,,32.7409,129.8503,,shiohamamachi
JP,Japan,Japón,850-0072,Iwasedomachi,Nagasaki Ken,27,Nagasaki Shi,1856152,,,32.7378,129.8546,,iwasedomachi
JP,Japan,Japón,850-0073,Higashitategamimachi,Nagasaki Ken,27,Nagasaki Shi,1856152,,,32.7374,129.8499,,higashitategamimachi
JP,Japan,Japón,850-0074,Nishitategamimachi,Nagasaki Ken,27,Nagasaki Shi,1856152,,,32.7343,129.8509,,nishitategamimachi
JP,Japan,Japón,850-0075,Nishidomarimachi,Nagasaki Ken,27,Nagasaki Shi,1856152,,,32.7286,129.8487,,nishidomarimachi
JP,Japan,Japón,850-0076,Kibachimachi,Nagasaki Ken,27,Nagasaki Shi,1856152,,,32.7348,129.8477,,kibachimachi
JP,Japan,Japón,850-0077,Kosedomachi,Nagasaki Ken,27,Nagasaki Shi,1856152,,,32.7268,129.8346,,kosedomachi
JP,Japan,Japón,850-0078,Kaminoshimamachi,Nagasaki Ken,27,Nagasaki Shi,1856152,,,32.7348,129.8477,,kaminoshimamachi
JP,Japan,Japón,850-0079,Minatozaka,Nagasaki Ken,27,Nagasaki Shi,1856152,,,32.7318,129.8361,,minatozaka
JP,Japan,Japón,850-0801,Yahatamachi,Nagasaki Ken,27,Nagasaki Shi,1856152,,,32.7504,129.8842,,yahatamachi
JP,Japan,Japón,850-0802,Irabayashi,Nagasaki Ken,27,Nagasaki Shi,1856152,,,32.7484,129.8879,,irabayashi
JP,Japan,Japón,850-0803,Kazagashiramachi,Nagasaki Ken,27,Nagasaki Shi,1856152,,,32.7429,129.8887,,kazagashiramachi
JP,Japan,Japón,850-0804,Hikomimachi,Nagasaki Ken,27,Nagasaki Shi,1856152,,,32.7411,129.8919,,hikomimachi
JP,Japan,Japón,850-0811,Yanohira,Nagasaki Ken,27,Nagasaki Shi,1856152,,,32.7462,129.8929,,yanohira
JP,Japan,Japón,850-0812,Shirokimachi,Nagasaki Ken,27,Nagasaki Shi,1856152,,,32.7409,129.8987,,shirokimachi
JP,Japan,Japón,850-0813,Yatsuomachi,Nagasaki Ken,27,Nagasaki Shi,1856152,,,32.7358,129.8972,,yatsuomachi
JP,Japan,Japón,850-0821,Takahiramachi,Nagasaki Ken,27,Nagasaki Shi,1856152,,,32.7417,129.8857,,takahiramachi
JP,Japan,Japón,850-0822,Atago,Nagasaki Ken,27,Nagasaki Shi,1856152,,,32.7365,129.8904,,atago
JP,Japan,Japón,850-0823,Yayoimachi,Nagasaki Ken,27,Nagasaki Shi,1856152,,,32.7308,129.895,,yayoimachi
JP,Japan,Japón,850-0824,Sankeidaimachi,Nagasaki Ken,27,Nagasaki Shi,1856152,,,32.7265,129.8966,,sankeidaimachi
JP,Japan,Japón,850-0831,Kajiyamachi,Nagasaki Ken,27,Nagasaki Shi,1856152,,,32.743,129.8831,,kajiyamachi
JP,Japan,Japón,850-0832,Aburayamachi,Nagasaki Ken,27,Nagasaki Shi,1856152,,,32.7422,129.8819,,aburayamachi
JP,Japan,Japón,850-0833,Higashikoshimamachi,Nagasaki Ken,27,Nagasaki Shi,1856152,,,32.7396,129.8829,,higashikoshimamachi
JP,Japan,Japón,850-0834,Kamikoshima,Nagasaki Ken,27,Nagasaki Shi,1856152,,,32.7335,129.8859,,kamikoshima
JP,Japan,Japón,850-0835,Sakuragimachi,Nagasaki Ken,27,Nagasaki Shi,1856152,,,32.7295,129.8909,,sakuragimachi
JP,Japan,Japón,850-0836,Nakakoshima,Nagasaki Ken,27,Nagasaki Shi,1856152,,,32.737,129.8811,,nakakoshima
JP,Japan,Japón,850-0837,Nishikoshima,Nagasaki Ken,27,Nagasaki Shi,1856152,,,32.7373,129.8791,,nishikoshima
JP,Japan,Japón,850-0841,Dozamachi,Nagasaki Ken,27,Nagasaki Shi,1856152,,,32.743,129.8766,,dozamachi
JP,Japan,Japón,850-0842,Shinchimachi,Nagasaki Ken,27,Nagasaki Shi,1856152,,,32.7411,129.8746,,shinchimachi
JP,Japan,Japón,850-0843,Tokiwamachi,Nagasaki Ken,27,Nagasaki Shi,1856152,,,32.7397,129.8705,,tokiwamachi
JP,Japan,Japón,850-0851,Furukawamachi,Nagasaki Ken,27,Nagasaki Shi,1856152,,,32.7459,129.8817,,furukawamachi
JP,Japan,Japón,850-0852,Yorozuyamachi,Nagasaki Ken,27,Nagasaki Shi,1856152,,,32.7452,129.8791,,yorozuyamachi
JP,Japan,Japón,850-0853,Hamamachi,Nagasaki Ken,27,Nagasaki Shi,1856152,,,32.7443,129.8778,,hamamachi
JP,Japan,Japón,850-0854,Ginyamachi,Nagasaki Ken,27,Nagasaki Shi,1856152,,,32.7459,129.8808,,ginyamachi
JP,Japan,Japón,850-0855,Higashifurukawamachi,Nagasaki Ken,27,Nagasaki Shi,1856152,,,32.7457,129.8802,,higashifurukawamachi
JP,Japan,Japón,850-0861,Edomachi,Nagasaki Ken,27,Nagasaki Shi,1856152,,,32.7447,129.8736,,edomachi
JP,Japan,Japón,850-0862,Dejimamachi,Nagasaki Ken,27,Nagasaki Shi,1856152,,,32.743,129.8724,,dejimamachi
JP,Japan,Japón,850-0871,Kojiyamachi,Nagasaki Ken,27,Nagasaki Shi,1856152,,,32.7488,129.8833,,kojiyamachi
JP,Japan,Japón,850-0872,Teramachi,Nagasaki Ken,27,Nagasaki Shi,1856152,,,32.7473,129.8841,,teramachi
JP,Japan,Japón,850-0873,Suwamachi,Nagasaki Ken,27,Nagasaki Shi,1856152,,,32.7472,129.8815,,suwamachi
JP,Japan,Japón,850-0874,Uonomachi,Nagasaki Ken,27,Nagasaki Shi,1856152,,,32.7487,129.8799,,uonomachi
JP,Japan,Japón,850-0875,Sakaemachi,Nagasaki Ken,27,Nagasaki Shi,1856152,,,32.7476,129.8782,,sakaemachi
JP,Japan,Japón,850-0876,Nigiwaimachi,Nagasaki Ken,27,Nagasaki Shi,1856152,,,32.7466,129.8773,,nigiwaimachi
JP,Japan,Japón,850-0877,Tsukimachi,Nagasaki Ken,27,Nagasaki Shi,1856152,,,32.7452,129.8761,,tsukimachi
JP,Japan,Japón,850-0901,Motoshikkuimachi,Nagasaki Ken,27,Nagasaki Shi,1856152,,,32.7422,129.88,,motoshikkuimachi
JP,Japan,Japón,850-0902,Maruyamamachi,Nagasaki Ken,27,Nagasaki Shi,1856152,,,32.7412,129.8806,,maruyamamachi
JP,Japan,Japón,850-0903,Yoriaimachi,Nagasaki Ken,27,Nagasaki Shi,1856152,,,32.7399,129.8796,,yoriaimachi
JP,Japan,Japón,850-0904,Funadaikumachi,Nagasaki Ken,27,Nagasaki Shi,1856152,,,32.742,129.8788,,funadaikumachi
JP,Japan,Japón,850-0905,Kagomachi,Nagasaki Ken,27,Nagasaki Shi,1856152,,,32.7409,129.8765,,kagomachi
JP,Japan,Japón,850-0906,Kannaimachi,Nagasaki Ken,27,Nagasaki Shi,1856152,,,32.739,129.8771,,kannaimachi
JP,Japan,Japón,850-0907,Inadamachi,Nagasaki Ken,27,Nagasaki Shi,1856152,,,32.7369,129.8779,,inadamachi
JP,Japan,Japón,850-0908,Junimmachi,Nagasaki Ken,27,Nagasaki Shi,1856152,,,32.7388,129.8752,,junimmachi
JP,Japan,Japón,850-0909,Umegasakimachi,Nagasaki Ken,27,Nagasaki Shi,1856152,,,32.74,129.8742,,umegasakimachi
JP,Japan,Japón,850-0911,Higashiyamatemachi,Nagasaki Ken,27,Nagasaki Shi,1856152,,,32.7371,129.874,,higashiyamatemachi
JP,Japan,Japón,850-0912,Nakashimmachi,Nagasaki Ken,27,Nagasaki Shi,1856152,,,32.7358,129.877,,nakashimmachi
JP,Japan,Japón,850-0913,Motomachi,Nagasaki Ken,27,Nagasaki Shi,1856152,,,32.7337,129.8768,,motomachi
JP,Japan,Japón,850-0914,Hinodemachi,Nagasaki Ken,27,Nagasaki Shi,1856152,,,32.7317,129.8753,,hinodemachi
JP,Japan,Japón,850-0915,Higashiyamamachi,Nagasaki Ken,27,Nagasaki Shi,1856152,,,32.734,129.8748,,higashiyamamachi
JP,Japan,Japón,850-0916,Ourahigashimachi,Nagasaki Ken,27,Nagasaki Shi,1856152,,,32.7327,129.8734,,ourahigashimachi
JP,Japan,Japón,850-0917,Shitamachi,Nagasaki Ken,27,Nagasaki Shi,1856152,,,32.7343,129.8733,,shitamachi
JP,Japan,Japón,850-0918,Ouramachi,Nagasaki Ken,27,Nagasaki Shi,1856152,,,32.7366,129.8717,,ouramachi
JP,Japan,Japón,850-0921,Matsugaemachi,Nagasaki Ken,27,Nagasaki Shi,1856152,,,32.736,129.8682,,matsugaemachi
JP,Japan,Japón,850-0922,Aioimachi,Nagasaki Ken,27,Nagasaki Shi,1856152,,,32.7338,129.8718,,aioimachi
JP,Japan,Japón,850-0923,Uedamachi,Nagasaki Ken,27,Nagasaki Shi,1856152,,,32.7321,129.8717,,uedamachi
JP,Japan,Japón,850-0924,Izumo,Nagasaki Ken,27,Nagasaki Shi,1856152,,,32.728,129.8723,,izumo
JP,Japan,Japón,850-0931,Minamiyamatemachi,Nagasaki Ken,27,Nagasaki Shi,1856152,,,32.7332,129.8691,,minamiyamatemachi
JP,Japan,Japón,850-0932,Higashikotohira,Nagasaki Ken,27,Nagasaki Shi,1856152,,,32.7299,129.8666,,higashikotohira
JP,Japan,Japón,850-0933,Nishikotohiramachi,Nagasaki Ken,27,Nagasaki Shi,1856152,,,32.7284,129.8628,,nishikotohiramachi
JP,Japan,Japón,850-0934,Kosugemachi,Nagasaki Ken,27,Nagasaki Shi,1856152,,,32.7261,129.8645,,kosugemachi
JP,Japan,Japón,850-0935,Furukomachi,Nagasaki Ken,27,Nagasaki Shi,1856152,,,32.73,129.8631,,furukomachi
JP,Japan,Japón,850-0936,Naminohiramachi,Nagasaki Ken,27,Nagasaki Shi,1856152,,,32.732,129.865,,naminohiramachi
JP,Japan,Japón,850-0937,Kozonemachi,Nagasaki Ken,27,Nagasaki Shi,1856152,,,32.7341,129.8666,,kozonemachi
JP,Japan,Japón,850-0941,Takaoka,Nagasaki Ken,27,Nagasaki Shi,1856152,,,32.7326,129.8808,,takaoka
JP,Japan,Japón,850-0942,Minamimachi,Nagasaki Ken,27,Nagasaki Shi,1856152,,,32.7296,129.8828,,minamimachi
JP,Japan,Japón,850-0943,Minamigaokamachi,Nagasaki Ken,27,Nagasaki Shi,1856152,,,32.7278,129.8856,,minamigaokamachi
JP,Japan,Japón,850-0944,Hakkeimachi,Nagasaki Ken,27,Nagasaki Shi,1856152,,,32.7262,129.8838,,hakkeimachi
JP,Japan,Japón,850-0945,Hoshitori,Nagasaki Ken,27,Nagasaki Shi,1856152,,,32.7222,129.8819,,hoshitori
JP,Japan,Japón,850-0946,Kawakamimachi,Nagasaki Ken,27,Nagasaki Shi,1856152,,,32.7279,129.878,,kawakamimachi
JP,Japan,Japón,850-0947,Shiinokimachi,Nagasaki Ken,27,Nagasaki Shi,1856152,,,32.7287,129.8807,,shiinokimachi
JP,Japan,Japón,850-0951,Kokubumachi,Nagasaki Ken,27,Nagasaki Shi,1856152,,,32.726,129.8589,,kokubumachi
JP,Japan,Japón,850-0952,Tomachi,Nagasaki Ken,27,Nagasaki Shi,1856152,,,32.7204,129.8621,,tomachi
JP,Japan,Japón,850-0953,Kamitomachi,Nagasaki Ken,27,Nagasaki Shi,1856152,,,32.7235,129.8703,,kamitomachi
JP,Japan,Japón,850-0954,Shintomachi,Nagasaki Ken,27,Nagasaki Shi,1856152,,,32.7119,129.8649,,shintomachi
JP,Japan,Japón,850-0961,Kogakuramachi,Nagasaki Ken,27,Nagasaki Shi,1856152,,,32.7054,129.8595,,kogakuramachi
JP,Japan,Japón,850-0962,Shinkogakura,Nagasaki Ken,27,Nagasaki Shi,1856152,,,32.7082,129.8609,,shinkogakura
JP,Japan,Japón,850-0963,Daiyarando,Nagasaki Ken,27,Nagasaki Shi,1856152,,,32.7026,129.8581,,daiyarando
JP,Japan,Japón,850-0964,Oyamamachi,Nagasaki Ken,27,Nagasaki Shi,1856152,,,32.697,129.8751,,oyamamachi
JP,Japan,Japón,850-0971,Isomichimachi,Nagasaki Ken,27,Nagasaki Shi,1856152,,,32.698,129.8497,,isomichimachi
JP,Japan,Japón,850-0972,Furumichimachi,Nagasaki Ken,27,Nagasaki Shi,1856152,,,32.6971,129.858,,furumichimachi
JP,Japan,Japón,850-0973,Kanomachi,Nagasaki Ken,27,Nagasaki Shi,1856152,,,32.6865,129.867,,kanomachi
JP,Japan,Japón,850-0974,Kyotaromachi,Nagasaki Ken,27,Nagasaki Shi,1856152,,,32.692,129.854,,kyotaromachi
JP,Japan,Japón,850-0975,Sanwamachi,Nagasaki Ken,27,Nagasaki Shi,1856152,,,32.6935,129.8493,,sanwamachi
JP,Japan,Japón,850-0976,Keikubimachi,Nagasaki Ken,27,Nagasaki Shi,1856152,,,32.6925,129.8381,,keikubimachi
JP,Japan,Japón,850-0977,Doinokubimachi,Nagasaki Ken,27,Nagasaki Shi,1856152,,,32.6963,129.8368,,doinokubimachi
JP,Japan,Japón,850-0981,Kusazumimachi,Nagasaki Ken,27,Nagasaki Shi,1856152,,,32.6887,129.8489,,kusazumimachi
JP,Japan,Japón,850-0982,Yanagidamachi,Nagasaki Ken,27,Nagasaki Shi,1856152,,,32.6856,129.8463,,yanagidamachi
JP,Japan,Japón,850-0983,Komenoyamamachi,Nagasaki Ken,27,Nagasaki Shi,1856152,,,32.6903,129.8445,,komenoyamamachi
JP,Japan,Japón,850-0984,Tsurumidai,Nagasaki Ken,27,Nagasaki Shi,1856152,,,32.6892,129.8418,,tsurumidai
JP,Japan,Japón,850-0985,Hirasemachi,Nagasaki Ken,27,Nagasaki Shi,1856152,,,32.6889,129.8384,,hirasemachi
JP,Japan,Japón,850-0991,Sueishimachi,Nagasaki Ken,27,Nagasaki Shi,1856152,,,32.6834,129.8376,,sueishimachi
JP,Japan,Japón,850-0992,Egawamachi,Nagasaki Ken,27,Nagasaki Shi,1856152,,,32.6832,129.8432,,egawamachi
JP,Japan,Japón,850-0993,Hachirodakemachi,Nagasaki Ken,27,Nagasaki Shi,1856152,,,32.6785,129.8536,,hachirodakemachi
JP,Japan,Japón,850-0994,Saonoramachi,Nagasaki Ken,27,Nagasaki Shi,1856152,,,32.6745,129.8399,,saonoramachi
JP,Japan,Japón,850-0995,Hirayamamachi,Nagasaki Ken,27,Nagasaki Shi,1856152,,,32.6662,129.8419,,hirayamamachi
JP,Japan,Japón,850-0996,Hirayamadai,Nagasaki Ken,27,Nagasaki Shi,1856152,,,32.6632,129.8294,,hirayamadai
JP,Japan,Japón,850-8501,Shinchicho,Nagasaki Ken,27,Nagasaki Shi,1856152,,,32.7821,129.8272,,shinchicho
JP,Japan,Japón,850-8503,Manzaimachi,Nagasaki Ken,27,Nagasaki Shi,1856152,,,32.7821,129.8272,,manzaimachi
JP,Japan,Japón,850-8504,Dejimacho,Nagasaki Ken,27,Nagasaki Shi,1856152,,,32.7821,129.8272,,dejimacho
JP,Japan,Japón,850-8505,Hamacho,Nagasaki Ken,27,Nagasaki Shi,1856152,,,32.7821,129.8272,,hamacho
JP,Japan,Japón,850-8506,Katafuchi,Nagasaki Ken,27,Nagasaki Shi,1856152,,,32.7821,129.8272,,katafuchi
JP,Japan,Japón,850-8507,Manzaimachi,Nagasaki Ken,27,Nagasaki Shi,1856152,,,32.7821,129.8272,,manzaimachi
JP,Japan,Japón,850-8508,Oidecho,Nagasaki Ken,27,Nagasaki Shi,1856152,,,32.7821,129.8272,,oidecho
JP,Japan,Japón,850-8510,Hamacho,Nagasaki Ken,27,Nagasaki Shi,1856152,,,32.7821,129.8272,,hamacho
JP,Japan,Japón,850-8511,Sakaemachi,Nagasaki Ken,27,Nagasaki Shi,1856152,,,32.7821,129.8272,,sakaemachi
JP,Japan,Japón,850-8512,Yayoicho,Nagasaki Ken,27,Nagasaki Shi,1856152,,,32.7821,129.8272,,yayoicho
JP,Japan,Japón,850-8515,Higashiyamatecho,Nagasaki Ken,27,Nagasaki Shi,1856152,,,32.7821,129.8272,,higashiyamatecho
JP,Japan,Japón,850-8518,Manzaimachi,Nagasaki Ken,27,Nagasaki Shi,1856152,,,32.7821,129.8272,,manzaimachi
JP,Japan,Japón,850-8520,Manzaimachi,Nagasaki Ken,27,Nagasaki Shi,1856152,,,32.7821,129.8272,,manzaimachi
JP,Japan,Japón,850-8521,Manzaimachi,Nagasaki Ken,27,Nagasaki Shi,1856152,,,32.7821,129.8272,,manzaimachi
JP,Japan,Japón,850-8522,Furukawacho,Nagasaki Ken,27,Nagasaki Shi,1856152,,,32.7821,129.8272,,furukawacho
JP,Japan,Japón,850-8523,Sakuragicho,Nagasaki Ken,27,Nagasaki Shi,1856152,,,32.7821,129.8272,,sakuragicho
JP,Japan,Japón,850-8525,Dejimacho,Nagasaki Ken,27,Nagasaki Shi,1856152,,,32.7821,129.8272,,dejimacho
JP,Japan,Japón,850-8530,Hamacho,Nagasaki Ken,27,Nagasaki Shi,1856152,,,32.7821,129.8272,,hamacho
JP,Japan,Japón,850-8531,Gotomachi,Nagasaki Ken,27,Nagasaki Shi,1856152,,,32.7821,129.8272,,gotomachi
JP,Japan,Japón,850-8536,Daikokumachi,Nagasaki Ken,27,Nagasaki Shi,1856152,,,32.7821,129.8272,,daikokumachi
JP,Japan,Japón,850-8537,Daikokumachi,Nagasaki Ken,27,Nagasaki Shi,1856152,,,32.7821,129.8272,,daikokumachi
JP,Japan,Japón,850-8540,Tokiwacho,Nagasaki Ken,27,Nagasaki Shi,1856152,,,32.7821,129.8272,,tokiwacho
JP,Japan,Japón,850-8541,Sakuracho,Nagasaki Ken,27,Nagasaki Shi,1856152,,,32.7821,129.8272,,sakuracho
JP,Japan,Japón,850-8543,Kozemmachi,Nagasaki Ken,27,Nagasaki Shi,1856152,,,32.7821,129.8272,,kozemmachi
JP,Japan,Japón,850-8545,Dejimacho,Nagasaki Ken,27,Nagasaki Shi,1856152,,,32.7821,129.8272,,dejimacho
JP,Japan,Japón,850-8547,Sakuracho,Nagasaki Ken,27,Nagasaki Shi,1856152,,,32.7821,129.8272,,sakuracho
JP,Japan,Japón,850-8548,Manzaimachi,Nagasaki Ken,27,Nagasaki Shi,1856152,,,32.7821,129.8272,,manzaimachi
JP,Japan,Japón,850-8550,Sakaemachi,Nagasaki Ken,27,Nagasaki Shi,1856152,,,32.7821,129.8272,,sakaemachi
JP,Japan,Japón,850-8551,Kanayacho,Nagasaki Ken,27,Nagasaki Shi,1856152,,,32.7821,129.8272,,kanayacho
JP,Japan,Japón,850-8555,Shinchicho,Nagasaki Ken,27,Nagasaki Shi,1856152,,,32.7821,129.8272,,shinchicho
JP,Japan,Japón,850-8558,Gotomachi,Nagasaki Ken,27,Nagasaki Shi,1856152,,,32.7821,129.8272,,gotomachi
JP,Japan,Japón,850-8560,Manzaimachi,Nagasaki Ken,27,Nagasaki Shi,1856152,,,32.7821,129.8272,,manzaimachi
JP,Japan,Japón,850-8563,Sakuracho,Nagasaki Ken,27,Nagasaki Shi,1856152,,,32.7821,129.8272,,sakuracho
JP,Japan,Japón,850-8566,Ogamicho,Nagasaki Ken,27,Nagasaki Shi,1856152,,,32.7821,129.8272,,ogamicho
JP,Japan,Japón,850-8567,Hamacho,Nagasaki Ken,27,Nagasaki Shi,1856152,,,32.7821,129.8272,,hamacho
JP,Japan,Japón,850-8570,Ogamicho,Nagasaki Ken,27,Nagasaki Shi,1856152,,,32.7821,129.8272,,ogamicho
JP,Japan,Japón,850-8575,Uonomachi,Nagasaki Ken,27,Nagasaki Shi,1856152,,,32.7821,129.8272,,uonomachi
JP,Japan,Japón,850-8577,Shindaikucho,Nagasaki Ken,27,Nagasaki Shi,1856152,,,32.7821,129.8272,,shindaikucho
JP,Japan,Japón,850-8580,Hamacho,Nagasaki Ken,27,Nagasaki Shi,1856152,,,32.7821,129.8272,,hamacho
JP,Japan,Japón,850-8585,Nishizakacho,Nagasaki Ken,27,Nagasaki Shi,1856152,,,32.7821,129.8272,,nishizakacho
JP,Japan,Japón,850-8586,Higashiyamatecho,Nagasaki Ken,27,Nagasaki Shi,1856152,,,32.7821,129.8272,,higashiyamatecho
JP,Japan,Japón,850-8588,Nishizakacho,Nagasaki Ken,27,Nagasaki Shi,1856152,,,32.7821,129.8272,,nishizakacho
JP,Japan,Japón,850-8602,Motofunamachi,Nagasaki Ken,27,Nagasaki Shi,1856152,,,32.7821,129.8272,,motofunamachi
JP,Japan,Japón,850-8603,Nishizakacho,Nagasaki Ken,27,Nagasaki Shi,1856152,,,32.7821,129.8272,,nishizakacho
JP,Japan,Japón,850-8606,Nishizakacho,Nagasaki Ken,27,Nagasaki Shi,1856152,,,32.7821,129.8272,,nishizakacho
JP,Japan,Japón,850-8610,Akunoramachi,Nagasaki Ken,27,Nagasaki Shi,1856152,,,32.7821,129.8272,,akunoramachi
JP,Japan,Japón,850-8611,Dejimacho,Nagasaki Ken,27,Nagasaki Shi,1856152,,,32.7821,129.8272,,dejimacho
JP,Japan,Japón,850-8618,Dozamachi,Nagasaki Ken,27,Nagasaki Shi,1856152,,,32.7821,129.8272,,dozamachi
JP,Japan,Japón,850-8622,Motofunamachi,Nagasaki Ken,27,Nagasaki Shi,1856152,,,32.7821,129.8272,,motofunamachi
JP,Japan,Japón,850-8645,Rokasumachi,Nagasaki Ken,27,Nagasaki Shi,1856152,,,32.7821,129.8272,,rokasumachi
JP,Japan,Japón,850-8650,Uwamachi,Nagasaki Ken,27,Nagasaki Shi,1856152,,,32.7821,129.8272,,uwamachi
JP,Japan,Japón,850-8662,Manzaimachi,Nagasaki Ken,27,Nagasaki Shi,1856152,,,32.7821,129.8272,,manzaimachi
JP,Japan,Japón,850-8666,Sakaemachi,Nagasaki Ken,27,Nagasaki Shi,1856152,,,32.7821,129.8272,,sakaemachi
JP,Japan,Japón,850-8668,Ogamicho,Nagasaki Ken,27,Nagasaki Shi,1856152,,,32.7821,129.8272,,ogamicho
JP,Japan,Japón,850-8677,Akunoramachi,Nagasaki Ken,27,Nagasaki Shi,1856152,,,32.7821,129.8272,,akunoramachi
JP,Japan,Japón,850-8678,Matsugaemachi,Nagasaki Ken,27,Nagasaki Shi,1856152,,,32.7821,129.8272,,matsugaemachi
JP,Japan,Japón,850-8685,Sakuracho,Nagasaki Ken,27,Nagasaki Shi,1856152,,,32.7821,129.8272,,sakuracho
JP,Japan,Japón,850-8686,Gotomachi,Nagasaki Ken,27,Nagasaki Shi,1856152,,,32.7821,129.8272,,gotomachi
JP,Japan,Japón,850-8687,Nigiwaimachi,Nagasaki Ken,27,Nagasaki Shi,1856152,,,32.7821,129.8272,,nigiwaimachi
JP,Japan,Japón,850-8688,Kanayacho,Nagasaki Ken,27,Nagasaki Shi,1856152,,,32.7821,129.8272,,kanayacho
JP,Japan,Japón,851-0101,Kogamachi,Nagasaki Ken,27,Nagasaki Shi,1856152,,,32.8049,129.9572,,kogamachi
JP,Japan,Japón,851-0102,Tsutsujigaoka,Nagasaki Ken,27,Nagasaki Shi,1856152,,,32.8064,129.9612,,tsutsujigaoka
JP,Japan,Japón,851-0103,Nakazatomachi,Nagasaki Ken,27,Nagasaki Shi,1856152,,,32.8047,129.9671,,nakazatomachi
JP,Japan,Japón,851-0104,Funaishimachi,Nagasaki Ken,27,Nagasaki Shi,1856152,,,32.798,129.9792,,funaishimachi
JP,Japan,Japón,851-0111,Kamitoishimachi,Nagasaki Ken,27,Nagasaki Shi,1856152,,,32.7782,129.9731,,kamitoishimachi
JP,Japan,Japón,851-0112,Kawachimachi,Nagasaki Ken,27,Nagasaki Shi,1856152,,,32.7801,129.987,,kawachimachi
JP,Japan,Japón,851-0113,Toishimachi,Nagasaki Ken,27,Nagasaki Shi,1856152,,,32.7667,129.9786,,toishimachi
JP,Japan,Japón,851-0114,Makishimamachi,Nagasaki Ken,27,Nagasaki Shi,1856152,,,32.7545,129.9729,,makishimamachi
JP,Japan,Japón,851-0115,Kakido,Nagasaki Ken,27,Nagasaki Shi,1856152,,,32.7699,129.9603,,kakido
JP,Japan,Japón,851-0116,Higashimachi,Nagasaki Ken,27,Nagasaki Shi,1856152,,,32.7829,129.9595,,higashimachi
JP,Japan,Japón,851-0121,Shukumachi,Nagasaki Ken,27,Nagasaki Shi,1856152,,,32.7633,129.9348,,shukumachi
JP,Japan,Japón,851-0122,Sakai,Nagasaki Ken,27,Nagasaki Shi,1856152,,,32.7569,129.9397,,sakai
JP,Japan,Japón,851-0123,Abamachi,Nagasaki Ken,27,Nagasaki Shi,1856152,,,32.751,129.9433,,abamachi
JP,Japan,Japón,851-0124,Kasugamachi,Nagasaki Ken,27,Nagasaki Shi,1856152,,,32.7435,129.9513,,kasugamachi
JP,Japan,Japón,851-0125,Shiomimachi,Nagasaki Ken,27,Nagasaki Shi,1856152,,,32.7406,129.9427,,shiomimachi
JP,Japan,Japón,851-0126,Susukizukamachi,Nagasaki Ken,27,Nagasaki Shi,1856152,,,32.753,129.9277,,susukizukamachi
JP,Japan,Japón,851-0131,Matsubaramachi,Nagasaki Ken,27,Nagasaki Shi,1856152,,,32.8059,129.947,,matsubaramachi
JP,Japan,Japón,851-0132,Tsurunomachi,Nagasaki Ken,27,Nagasaki Shi,1856152,,,32.7936,129.9493,,tsurunomachi
JP,Japan,Japón,851-0133,Yagamimachi,Nagasaki Ken,27,Nagasaki Shi,1856152,,,32.7762,129.9514,,yagamimachi
JP,Japan,Japón,851-0134,Tanakamachi,Nagasaki Ken,27,Nagasaki Shi,1856152,,,32.7711,129.9319,,tanakamachi
JP,Japan,Japón,851-0135,Utsutsugawamachi,Nagasaki Ken,27,Nagasaki Shi,1856152,,,32.7922,129.9224,,utsutsugawamachi
JP,Japan,Japón,851-0136,Hiramamachi,Nagasaki Ken,27,Nagasaki Shi,1856152,,,32.797,129.9404,,hiramamachi
JP,Japan,Japón,851-0137,Takashirodai,Nagasaki Ken,27,Nagasaki Shi,1856152,,,32.7774,129.9455,,takashirodai
JP,Japan,Japón,851-0193,Abamachi,Nagasaki Ken,27,Nagasaki Shi,1856152,,,32.7802,129.9511,,abamachi
JP,Japan,Japón,851-0195,Tanakacho,Nagasaki Ken,27,Nagasaki Shi,1856152,,,32.7802,129.9511,,tanakacho
JP,Japan,Japón,851-0198,Nakazatomachi,Nagasaki Ken,27,Nagasaki Shi,1856152,,,32.7802,129.9511,,nakazatomachi
JP,Japan,Japón,851-0241,Mogimachi,Nagasaki Ken,27,Nagasaki Shi,1856152,,,32.7045,129.9008,,mogimachi
JP,Japan,Japón,851-0242,Kitauramachi,Nagasaki Ken,27,Nagasaki Shi,1856152,,,32.7182,129.9138,,kitauramachi
JP,Japan,Japón,851-0243,Miyazurimachi,Nagasaki Ken,27,Nagasaki Shi,1856152,,,32.6845,129.893,,miyazurimachi
JP,Japan,Japón,851-0244,Osakimachi,Nagasaki Ken,27,Nagasaki Shi,1856152,,,32.6726,129.8901,,osakimachi
JP,Japan,Japón,851-0245,Chijimachi,Nagasaki Ken,27,Nagasaki Shi,1856152,,,32.662,129.8715,,chijimachi
JP,Japan,Japón,851-0251,Tagami,Nagasaki Ken,27,Nagasaki Shi,1856152,,,32.7247,129.8898,,tagami
JP,Japan,Japón,851-0252,Tadewaramachi,Nagasaki Ken,27,Nagasaki Shi,1856152,,,32.7407,129.9111,,tadewaramachi
JP,Japan,Japón,851-0253,Hayasakamachi,Nagasaki Ken,27,Nagasaki Shi,1856152,,,32.7274,129.9064,,hayasakamachi
JP,Japan,Japón,851-0254,Ikanoramachi,Nagasaki Ken,27,Nagasaki Shi,1856152,,,32.7253,129.9292,,ikanoramachi
JP,Japan,Japón,851-0255,Otaomachi,Nagasaki Ken,27,Nagasaki Shi,1856152,,,32.7352,129.9367,,otaomachi
JP,Japan,Japón,851-0301,Fukahorimachi,Nagasaki Ken,27,Nagasaki Shi,1856152,,,32.6722,129.8228,,fukahorimachi
JP,Japan,Japón,851-0302,Ogomorimachi,Nagasaki Ken,27,Nagasaki Shi,1856152,,,32.6722,129.8228,,ogomorimachi
JP,Japan,Japón,851-0310,Koyagimachi,Nagasaki Ken,27,Nagasaki Shi,1856152,,,32.6931,129.8166,,koyagimachi
JP,Japan,Japón,851-0392,Fukaboricho,Nagasaki Ken,27,Nagasaki Shi,1856152,,,32.6792,129.8207,,fukaboricho
JP,Japan,Japón,851-0395,Koyagimachi,Nagasaki Ken,27,Nagasaki Shi,1856152,,,32.6792,129.8207,,koyagimachi
JP,Japan,Japón,851-0401,Kayakimachi,Nagasaki Ken,27,Nagasaki Shi,1856152,,,32.6468,129.8149,,kayakimachi
JP,Japan,Japón,851-0402,Harumidaimachi,Nagasaki Ken,27,Nagasaki Shi,1856152,,,32.6619,129.8209,,harumidaimachi
JP,Japan,Japón,851-0403,Nunomakimachi,Nagasaki Ken,27,Nagasaki Shi,1856152,,,32.6556,129.8381,,nunomakimachi
JP,Japan,Japón,851-0404,Todaomachi,Nagasaki Ken,27,Nagasaki Shi,1856152,,,32.6497,129.8563,,todaomachi
JP,Japan,Japón,851-0405,Tameshimachi,Nagasaki Ken,27,Nagasaki Shi,1856152,,,32.6449,129.84,,tameshimachi
JP,Japan,Japón,851-0406,Tsubakigaokamachi,Nagasaki Ken,27,Nagasaki Shi,1856152,,,32.6456,129.8287,,tsubakigaokamachi
JP,Japan,Japón,851-0407,Kawaramachi,Nagasaki Ken,27,Nagasaki Shi,1856152,,,32.6316,129.8229,,kawaramachi
JP,Japan,Japón,851-0408,Miyazakimachi,Nagasaki Ken,27,Nagasaki Shi,1856152,,,32.6183,129.8201,,miyazakimachi
JP,Japan,Japón,851-0492,Kayakimachi,Nagasaki Ken,27,Nagasaki Shi,1856152,,,32.6443,129.8302,,kayakimachi
JP,Japan,Japón,851-0493,Nunomakimachi,Nagasaki Ken,27,Nagasaki Shi,1856152,,,32.6443,129.8302,,nunomakimachi
JP,Japan,Japón,851-0494,Nunomakimachi,Nagasaki Ken,27,Nagasaki Shi,1856152,,,32.6443,129.8302,,nunomakimachi
JP,Japan,Japón,851-0497,Nunomakimachi,Nagasaki Ken,27,Nagasaki Shi,1856152,,,32.6443,129.8302,,nunomakimachi
JP,Japan,Japón,851-0498,Nunomakimachi,Nagasaki Ken,27,Nagasaki Shi,1856152,,,32.6443,129.8302,,nunomakimachi
JP,Japan,Japón,851-0501,Kurohamamachi,Nagasaki Ken,27,Nagasaki Shi,1856152,,,32.6312,129.8016,,kurohamamachi
JP,Japan,Japón,851-0502,Igayadomachi,Nagasaki Ken,27,Nagasaki Shi,1856152,,,32.6182,129.7991,,igayadomachi
JP,Japan,Japón,851-0503,Takahamamachi,Nagasaki Ken,27,Nagasaki Shi,1856152,,,32.6015,129.7861,,takahamamachi
JP,Japan,Japón,851-0504,Nangoshimachi,Nagasaki Ken,27,Nagasaki Shi,1856152,,,32.5935,129.7679,,nangoshimachi
JP,Japan,Japón,851-0505,Nomomachi,Nagasaki Ken,27,Nagasaki Shi,1856152,,,32.5821,129.7449,,nomomachi
JP,Japan,Japón,851-0506,Wakimisakimachi,Nagasaki Ken,27,Nagasaki Shi,1856152,,,32.5906,129.7913,,wakimisakimachi
JP,Japan,Japón,851-0507,Nomozakikabashimamachi,Nagasaki Ken,27,Nagasaki Shi,1856152,,,32.5609,129.7826,,nomozakikabashimamachi
JP,Japan,Japón,851-0592,Nomomachi,Nagasaki Ken,27,Nagasaki Shi,1856152,,,32.5969,129.7819,,nomomachi
JP,Japan,Japón,851-1121,Misakimachi,Nagasaki Ken,27,Nagasaki Shi,1856152,,,32.8038,129.7787,,misakimachi
JP,Japan,Japón,851-1122,Aigawamachi,Nagasaki Ken,27,Nagasaki Shi,1856152,,,32.8005,129.7887,,aigawamachi
JP,Japan,Japón,851-1123,Yotsuemachi,Nagasaki Ken,27,Nagasaki Shi,1856152,,,32.797,129.7905,,yotsuemachi
JP,Japan,Japón,851-1124,Makinomachi,Nagasaki Ken,27,Nagasaki Shi,1856152,,,32.7979,129.7992,,makinomachi
JP,Japan,Japón,851-1125,Sonodamachi,Nagasaki Ken,27,Nagasaki Shi,1856152,,,32.7971,129.8114,,sonodamachi
JP,Japan,Japón,851-1131,Kamiuramachi,Nagasaki Ken,27,Nagasaki Shi,1856152,,,32.7882,129.8179,,kamiuramachi
JP,Japan,Japón,851-1132,Koebaru,Nagasaki Ken,27,Nagasaki Shi,1856152,,,32.7812,129.8332,,koebaru
JP,Japan,Japón,851-1133,Koemachi,Nagasaki Ken,27,Nagasaki Shi,1856152,,,32.7653,129.8164,,koemachi
JP,Japan,Japón,851-1134,Kakidomarimachi,Nagasaki Ken,27,Nagasaki Shi,1856152,,,32.7731,129.807,,kakidomarimachi
JP,Japan,Japón,851-1135,Tegumamachi,Nagasaki Ken,27,Nagasaki Shi,1856152,,,32.7822,129.8023,,tegumamachi
JP,Japan,Japón,851-1136,Mukaemachi,Nagasaki Ken,27,Nagasaki Shi,1856152,,,32.7865,129.7972,,mukaemachi
JP,Japan,Japón,851-1137,Shikimimachi,Nagasaki Ken,27,Nagasaki Shi,1856152,,,32.7876,129.7908,,shikimimachi
JP,Japan,Japón,851-1201,Iojimamachi,Nagasaki Ken,27,Nagasaki Shi,1856152,,,32.7783,129.7989,,iojimamachi
JP,Japan,Japón,851-1315,Takashimamachi,Nagasaki Ken,27,Nagasaki Shi,1856152,,,32.6579,129.7529,,takashimamachi
JP,Japan,Japón,851-2201,Azemachi,Nagasaki Ken,27,Nagasaki Shi,1856152,,,32.819,129.7409,,azemachi
JP,Japan,Japón,851-2202,Kashiyamamachi,Nagasaki Ken,27,Nagasaki Shi,1856152,,,32.8128,129.7371,,kashiyamamachi
JP,Japan,Japón,851-2203,Miedamachi,Nagasaki Ken,27,Nagasaki Shi,1856152,,,32.8282,129.7345,,miedamachi
JP,Japan,Japón,851-2204,Miemachi,Nagasaki Ken,27,Nagasaki Shi,1856152,,,32.8311,129.7442,,miemachi
JP,Japan,Japón,851-2205,Matsuzakimachi,Nagasaki Ken,27,Nagasaki Shi,1856152,,,32.8535,129.7433,,matsuzakimachi
JP,Japan,Japón,851-2206,Sankyomachi,Nagasaki Ken,27,Nagasaki Shi,1856152,,,32.8344,129.7592,,sankyomachi
JP,Japan,Japón,851-2207,Sakuranosato,Nagasaki Ken,27,Nagasaki Shi,1856152,,,32.8319,129.7671,,sakuranosato
JP,Japan,Japón,851-2211,Kyodomari,Nagasaki Ken,27,Nagasaki Shi,1856152,,,32.8256,129.7719,,kyodomari
JP,Japan,Japón,851-2212,Azekarimachi,Nagasaki Ken,27,Nagasaki Shi,1856152,,,32.8311,129.7817,,azekarimachi
JP,Japan,Japón,851-2213,Tairamachi,Nagasaki Ken,27,Nagasaki Shi,1856152,,,32.8139,129.7791,,tairamachi
JP,Japan,Japón,851-2214,Narumimachi,Nagasaki Ken,27,Nagasaki Shi,1856152,,,32.8218,129.8155,,narumimachi
JP,Japan,Japón,851-2215,Narumidai,Nagasaki Ken,27,Nagasaki Shi,1856152,,,32.8213,129.8069,,narumidai
JP,Japan,Japón,851-2216,Hoyodai,Nagasaki Ken,27,Nagasaki Shi,1856152,,,32.8302,129.7928,,hoyodai
JP,Japan,Japón,851-2292,Kyodomari,Nagasaki Ken,27,Nagasaki Shi,1856152,,,32.8273,129.7847,,kyodomari
JP,Japan,Japón,851-2298,Kyodomari,Nagasaki Ken,27,Nagasaki Shi,1856152,,,32.8273,129.7847,,kyodomari
JP,Japan,Japón,851-2321,Akakubimachi,Nagasaki Ken,27,Nagasaki Shi,1856152,,,32.8513,129.6907,,akakubimachi
JP,Japan,Japón,851-2322,Nishishitsumachi,Nagasaki Ken,27,Nagasaki Shi,1856152,,,32.8519,129.6992,,nishishitsumachi
JP,Japan,Japón,851-2323,Shimmakinomachi,Nagasaki Ken,27,Nagasaki Shi,1856152,,,32.8599,129.7158,,shimmakinomachi
JP,Japan,Japón,851-2324,Kamikurosakimachi,Nagasaki Ken,27,Nagasaki Shi,1856152,,,32.8497,129.7246,,kamikurosakimachi
JP,Japan,Japón,851-2325,Nagatamachi,Nagasaki Ken,27,Nagasaki Shi,1856152,,,32.8355,129.7258,,nagatamachi
JP,Japan,Japón,851-2326,Shimokurosakimachi,Nagasaki Ken,27,Nagasaki Shi,1856152,,,32.8388,129.7116,,shimokurosakimachi
JP,Japan,Japón,851-2327,Higashishitsumachi,Nagasaki Ken,27,Nagasaki Shi,1856152,,,32.8404,129.7057,,higashishitsumachi
JP,Japan,Japón,851-2401,Konorakuchibukumachi,Nagasaki Ken,27,Nagasaki Shi,1856152,,,32.8955,129.6788,,konorakuchibukumachi
JP,Japan,Japón,851-2403,Konoraegawamachi,Nagasaki Ken,27,Nagasaki Shi,1856152,,,32.8812,129.6816,,konoraegawamachi
JP,Japan,Japón,851-2404,Konoramaruomachi,Nagasaki Ken,27,Nagasaki Shi,1856152,,,32.8834,129.6862,,konoramaruomachi
JP,Japan,Japón,851-2405,Konoramukaimachi,Nagasaki Ken,27,Nagasaki Shi,1856152,,,32.8722,129.7039,,konoramukaimachi
JP,Japan,Japón,851-2411,Konoraogiyamamachi,Nagasaki Ken,27,Nagasaki Shi,1856152,,,32.8917,129.728,,konoraogiyamamachi
JP,Japan,Japón,851-2413,Konoranatsuimachi,Nagasaki Ken,27,Nagasaki Shi,1856152,,,32.8734,129.6816,,konoranatsuimachi
JP,Japan,Japón,851-2421,Konorakitaonakaomachi,Nagasaki Ken,27,Nagasaki Shi,1856152,,,32.894,129.6983,,konorakitaonakaomachi
JP,Japan,Japón,851-2422,Konorakamionakaomachi,Nagasaki Ken,27,Nagasaki Shi,1856152,,,32.8931,129.7084,,konorakamionakaomachi
JP,Japan,Japón,851-2423,Konorashimoonakaomachi,Nagasaki Ken,27,Nagasaki Shi,1856152,,,32.8772,129.7254,,konorashimoonakaomachi
JP,Japan,Japón,851-2424,Konorakamidotokumachi,Nagasaki Ken,27,Nagasaki Shi,1856152,,,32.888,129.6825,,konorakamidotokumachi
JP,Japan,Japón,851-2425,Konorashimodotokumachi,Nagasaki Ken,27,Nagasaki Shi,1856152,,,32.8866,129.6755,,konorashimodotokumachi
JP,Japan,Japón,851-2426,Kamionomachi,Nagasaki Ken,27,Nagasaki Shi,1856152,,,32.8674,129.6831,,kamionomachi
JP,Japan,Japón,851-2427,Shimoonomachi,Nagasaki Ken,27,Nagasaki Shi,1856152,,,32.8609,129.69,,shimoonomachi
JP,Japan,Japón,851-2492,Konoranatsuimachi,Nagasaki Ken,27,Nagasaki Shi,1856152,,,32.8819,129.6941,,konoranatsuimachi
JP,Japan,Japón,851-3101,Nishiumimachi,Nagasaki Ken,27,Nagasaki Shi,1856152,,,32.8594,129.7748,,nishiumimachi
JP,Japan,Japón,851-3102,Kinkai Muramatsumachi,Nagasaki Ken,27,Nagasaki Shi,1856152,,,32.8594,129.7748,,kinkai-muramatsumachi
JP,Japan,Japón,851-3103,Kinkai Tonemachi,Nagasaki Ken,27,Nagasaki Shi,1856152,,,32.8594,129.7748,,kinkai-tonemachi
JP,Japan,Japón,851-3211,Kinkai Toneharamachi,Nagasaki Ken,27,Nagasaki Shi,1856152,,,32.9172,129.7641,,kinkai-toneharamachi
JP,Japan,Japón,851-3212,Nagauramachi,Nagasaki Ken,27,Nagasaki Shi,1856152,,,32.9172,129.7641,,nagauramachi
JP,Japan,Japón,851-3213,Kinkai Katagamimachi,Nagasaki Ken,27,Nagasaki Shi,1856152,,,32.9172,129.7641,,kinkai-katagamimachi
JP,Japan,Japón,851-3214,Kinkai Ohiramachi,Nagasaki Ken,27,Nagasaki Shi,1856152,,,32.9172,129.7641,,kinkai-ohiramachi
JP,Japan,Japón,851-3215,Kinkai Odomachi,Nagasaki Ken,27,Nagasaki Shi,1856152,,,32.9172,129.7641,,kinkai-odomachi
JP,Japan,Japón,851-3292,Nagauracho,Nagasaki Ken,27,Nagasaki Shi,1856152,,,32.9172,129.7641,,nagauracho
JP,Japan,Japón,852-8001,Hikarimachi,Nagasaki Ken,27,Nagasaki Shi,1856152,,,32.7552,129.864,,hikarimachi
JP,Japan,Japón,852-8002,Bentemmachi,Nagasaki Ken,27,Nagasaki Shi,1856152,,,32.7529,129.8641,,bentemmachi
JP,Japan,Japón,852-8003,Asahimachi,Nagasaki Ken,27,Nagasaki Shi,1856152,,,32.7506,129.8641,,asahimachi
JP,Japan,Japón,852-8004,Maruomachi,Nagasaki Ken,27,Nagasaki Shi,1856152,,,32.7478,129.8619,,maruomachi
JP,Japan,Japón,852-8005,Otorimachi,Nagasaki Ken,27,Nagasaki Shi,1856152,,,32.7485,129.8584,,otorimachi
JP,Japan,Japón,852-8006,Hiradogoyamachi,Nagasaki Ken,27,Nagasaki Shi,1856152,,,32.7512,129.8585,,hiradogoyamachi
JP,Japan,Japón,852-8007,Enoramachi,Nagasaki Ken,27,Nagasaki Shi,1856152,,,32.7517,129.856,,enoramachi
JP,Japan,Japón,852-8008,Akebonomachi,Nagasaki Ken,27,Nagasaki Shi,1856152,,,32.7537,129.8582,,akebonomachi
JP,Japan,Japón,852-8011,Inasamachi,Nagasaki Ken,27,Nagasaki Shi,1856152,,,32.7561,129.8553,,inasamachi
JP,Japan,Japón,852-8012,Fuchimachi,Nagasaki Ken,27,Nagasaki Shi,1856152,,,32.7594,129.8555,,fuchimachi
JP,Japan,Japón,852-8013,Yanagawamachi,Nagasaki Ken,27,Nagasaki Shi,1856152,,,32.7625,129.8588,,yanagawamachi
JP,Japan,Japón,852-8014,Takenokubomachi,Nagasaki Ken,27,Nagasaki Shi,1856152,,,32.766,129.8599,,takenokubomachi
JP,Japan,Japón,852-8015,Harukimachi,Nagasaki Ken,27,Nagasaki Shi,1856152,,,32.763,129.8528,,harukimachi
JP,Japan,Japón,852-8016,Hoeimachi,Nagasaki Ken,27,Nagasaki Shi,1856152,,,32.7697,129.86,,hoeimachi
JP,Japan,Japón,852-8017,Iwamimachi,Nagasaki Ken,27,Nagasaki Shi,1856152,,,32.7676,129.8536,,iwamimachi
JP,Japan,Japón,852-8021,Shiroyamamachi,Nagasaki Ken,27,Nagasaki Shi,1856152,,,32.7726,129.858,,shiroyamamachi
JP,Japan,Japón,852-8022,Fujimimachi,Nagasaki Ken,27,Nagasaki Shi,1856152,,,32.7722,129.8544,,fujimimachi
JP,Japan,Japón,852-8023,Wakakusamachi,Nagasaki Ken,27,Nagasaki Shi,1856152,,,32.7749,129.853,,wakakusamachi
JP,Japan,Japón,852-8024,Hanazonomachi,Nagasaki Ken,27,Nagasaki Shi,1856152,,,32.7715,129.8507,,hanazonomachi
JP,Japan,Japón,852-8025,Tateiwamachi,Nagasaki Ken,27,Nagasaki Shi,1856152,,,32.7649,129.846,,tateiwamachi
JP,Japan,Japón,852-8026,Kanahorimachi,Nagasaki Ken,27,Nagasaki Shi,1856152,,,32.7743,129.8443,,kanahorimachi
JP,Japan,Japón,852-8027,Shiroyamadai,Nagasaki Ken,27,Nagasaki Shi,1856152,,,32.7717,129.8412,,shiroyamadai
JP,Japan,Japón,852-8031,Miyoshimachi,Nagasaki Ken,27,Nagasaki Shi,1856152,,,32.7811,129.8604,,miyoshimachi
JP,Japan,Japón,852-8032,Erimachi,Nagasaki Ken,27,Nagasaki Shi,1856152,,,32.7808,129.8584,,erimachi
JP,Japan,Japón,852-8033,Midorigaokamachi,Nagasaki Ken,27,Nagasaki Shi,1856152,,,32.7827,129.8556,,midorigaokamachi
JP,Japan,Japón,852-8034,Joeimachi,Nagasaki Ken,27,Nagasaki Shi,1856152,,,32.7766,129.856,,joeimachi
JP,Japan,Japón,852-8035,Aburagimachi,Nagasaki Ken,27,Nagasaki Shi,1856152,,,32.7823,129.8478,,aburagimachi
JP,Japan,Japón,852-8036,Aoyamamachi,Nagasaki Ken,27,Nagasaki Shi,1856152,,,32.7765,129.8483,,aoyamamachi
JP,Japan,Japón,852-8041,Shimizumachi,Nagasaki Ken,27,Nagasaki Shi,1856152,,,32.7859,129.8592,,shimizumachi
JP,Japan,Japón,852-8042,Shiratorimachi,Nagasaki Ken,27,Nagasaki Shi,1856152,,,32.7861,129.8556,,shiratorimachi
JP,Japan,Japón,852-8043,Nishimachi,Nagasaki Ken,27,Nagasaki Shi,1856152,,,32.7858,129.8495,,nishimachi
JP,Japan,Japón,852-8044,Otonashimachi,Nagasaki Ken,27,Nagasaki Shi,1856152,,,32.7893,129.8583,,otonashimachi
JP,Japan,Japón,852-8045,Nishiki,Nagasaki Ken,27,Nagasaki Shi,1856152,,,32.7894,129.8532,,nishiki
JP,Japan,Japón,852-8046,Yanagidanimachi,Nagasaki Ken,27,Nagasaki Shi,1856152,,,32.7926,129.8551,,yanagidanimachi
JP,Japan,Japón,852-8047,Wakatakemachi,Nagasaki Ken,27,Nagasaki Shi,1856152,,,32.7937,129.8483,,wakatakemachi
JP,Japan,Japón,852-8051,Nishikitamachi,Nagasaki Ken,27,Nagasaki Shi,1856152,,,32.797,129.8507,,nishikitamachi
JP,Japan,Japón,852-8052,Iwayamachi,Nagasaki Ken,27,Nagasaki Shi,1856152,,,32.7974,129.8464,,iwayamachi
JP,Japan,Japón,852-8053,Hayama,Nagasaki Ken,27,Nagasaki Shi,1856152,,,32.8042,129.8467,,hayama
JP,Japan,Japón,852-8054,Eminentohayamamachi,Nagasaki Ken,27,Nagasaki Shi,1856152,,,32.8016,129.8442,,eminentohayamamachi
JP,Japan,Japón,852-8055,Nijigaokamachi,Nagasaki Ken,27,Nagasaki Shi,1856152,,,32.7979,129.8415,,nijigaokamachi
JP,Japan,Japón,852-8056,Omiyamachi,Nagasaki Ken,27,Nagasaki Shi,1856152,,,32.7979,129.8341,,omiyamachi
JP,Japan,Japón,852-8061,Nameshi,Nagasaki Ken,27,Nagasaki Shi,1856152,,,32.8074,129.8371,,nameshi
JP,Japan,Japón,852-8062,Ozonomachi,Nagasaki Ken,27,Nagasaki Shi,1856152,,,32.8042,129.8393,,ozonomachi
JP,Japan,Japón,852-8063,Hokueimachi,Nagasaki Ken,27,Nagasaki Shi,1856152,,,32.8003,129.828,,hokueimachi
JP,Japan,Japón,852-8064,Hokuyomachi,Nagasaki Ken,27,Nagasaki Shi,1856152,,,32.8111,129.8225,,hokuyomachi
JP,Japan,Japón,852-8065,Yoko,Nagasaki Ken,27,Nagasaki Shi,1856152,,,32.8142,129.8351,,yoko
JP,Japan,Japón,852-8101,Ebira,Nagasaki Ken,27,Nagasaki Shi,1856152,,,32.7726,129.8737,,ebira
JP,Japan,Japón,852-8102,Sakamoto,Nagasaki Ken,27,Nagasaki Shi,1856152,,,32.7681,129.8698,,sakamoto
JP,Japan,Japón,852-8103,Midorimachi,Nagasaki Ken,27,Nagasaki Shi,1856152,,,32.7631,129.8672,,midorimachi
JP,Japan,Japón,852-8104,Morimachi,Nagasaki Ken,27,Nagasaki Shi,1856152,,,32.7658,129.8625,,morimachi
JP,Japan,Japón,852-8105,Mezamemachi,Nagasaki Ken,27,Nagasaki Shi,1856152,,,32.7634,129.8656,,mezamemachi
JP,Japan,Japón,852-8106,Iwakawamachi,Nagasaki Ken,27,Nagasaki Shi,1856152,,,32.7666,129.8655,,iwakawamachi
JP,Japan,Japón,852-8107,Hamaguchimachi,Nagasaki Ken,27,Nagasaki Shi,1856152,,,32.7692,129.8654,,hamaguchimachi
JP,Japan,Japón,852-8108,Kawaguchimachi,Nagasaki Ken,27,Nagasaki Shi,1856152,,,32.768,129.8635,,kawaguchimachi
JP,Japan,Japón,852-8111,Takaomachi,Nagasaki Ken,27,Nagasaki Shi,1856152,,,32.7783,129.8747,,takaomachi
JP,Japan,Japón,852-8112,Motomachi,Nagasaki Ken,27,Nagasaki Shi,1856152,,,32.7756,129.871,,motomachi
JP,Japan,Japón,852-8113,Uenomachi,Nagasaki Ken,27,Nagasaki Shi,1856152,,,32.7788,129.8676,,uenomachi
JP,Japan,Japón,852-8114,Hashiguchimachi,Nagasaki Ken,27,Nagasaki Shi,1856152,,,32.7787,129.8648,,hashiguchimachi
JP,Japan,Japón,852-8115,Okamachi,Nagasaki Ken,27,Nagasaki Shi,1856152,,,32.7774,129.8629,,okamachi
JP,Japan,Japón,852-8116,Heiwamachi,Nagasaki Ken,27,Nagasaki Shi,1856152,,,32.7749,129.8656,,heiwamachi
JP,Japan,Japón,852-8117,Hiranomachi,Nagasaki Ken,27,Nagasaki Shi,1856152,,,32.7715,129.8651,,hiranomachi
JP,Japan,Japón,852-8118,Matsuyamamachi,Nagasaki Ken,27,Nagasaki Shi,1856152,,,32.7741,129.8618,,matsuyamamachi
JP,Japan,Japón,852-8121,Mikawamachi,Nagasaki Ken,27,Nagasaki Shi,1856152,,,32.7879,129.8954,,mikawamachi
JP,Japan,Japón,852-8122,Nishiyamadai,Nagasaki Ken,27,Nagasaki Shi,1856152,,,32.7821,129.8903,,nishiyamadai
JP,Japan,Japón,852-8123,Mihara,Nagasaki Ken,27,Nagasaki Shi,1856152,,,32.7827,129.8814,,mihara
JP,Japan,Japón,852-8124,Tsujimachi,Nagasaki Ken,27,Nagasaki Shi,1856152,,,32.7852,129.8767,,tsujimachi
JP,Japan,Japón,852-8125,Kominemachi,Nagasaki Ken,27,Nagasaki Shi,1856152,,,32.7817,129.8723,,kominemachi
JP,Japan,Japón,852-8126,Ishigamimachi,Nagasaki Ken,27,Nagasaki Shi,1856152,,,32.7859,129.8721,,ishigamimachi
JP,Japan,Japón,852-8127,Ote,Nagasaki Ken,27,Nagasaki Shi,1856152,,,32.79,129.8763,,ote
JP,Japan,Japón,852-8131,Bunkyomachi,Nagasaki Ken,27,Nagasaki Shi,1856152,,,32.7869,129.867,,bunkyomachi
JP,Japan,Japón,852-8132,Ogimachi,Nagasaki Ken,27,Nagasaki Shi,1856152,,,32.7842,129.8685,,ogimachi
JP,Japan,Japón,852-8133,Motoharamachi,Nagasaki Ken,27,Nagasaki Shi,1856152,,,32.7812,129.868,,motoharamachi
JP,Japan,Japón,852-8134,Obashimachi,Nagasaki Ken,27,Nagasaki Shi,1856152,,,32.7817,129.8626,,obashimachi
JP,Japan,Japón,852-8135,Chitosemachi,Nagasaki Ken,27,Nagasaki Shi,1856152,,,32.7898,129.8623,,chitosemachi
JP,Japan,Japón,852-8136,Ienomachi,Nagasaki Ken,27,Nagasaki Shi,1856152,,,32.7881,129.8625,,ienomachi
JP,Japan,Japón,852-8137,Wakabamachi,Nagasaki Ken,27,Nagasaki Shi,1856152,,,32.7878,129.8613,,wakabamachi
JP,Japan,Japón,852-8141,Azebetsutomachi,Nagasaki Ken,27,Nagasaki Shi,1856152,,,32.8126,129.9208,,azebetsutomachi
JP,Japan,Japón,852-8142,Mitsuyamamachi,Nagasaki Ken,27,Nagasaki Shi,1856152,,,32.8028,129.9073,,mitsuyamamachi
JP,Japan,Japón,852-8143,Kawahiramachi,Nagasaki Ken,27,Nagasaki Shi,1856152,,,32.8014,129.8902,,kawahiramachi
JP,Japan,Japón,852-8144,Menoto,Nagasaki Ken,27,Nagasaki Shi,1856152,,,32.8038,129.8788,,menoto
JP,Japan,Japón,852-8145,Showa,Nagasaki Ken,27,Nagasaki Shi,1856152,,,32.7921,129.8704,,showa
JP,Japan,Japón,852-8146,Keyakidaimachi,Nagasaki Ken,27,Nagasaki Shi,1856152,,,32.7967,129.8797,,keyakidaimachi
JP,Japan,Japón,852-8151,Izumi,Nagasaki Ken,27,Nagasaki Shi,1856152,,,32.7957,129.8636,,izumi
JP,Japan,Japón,852-8152,Sumiyoshidaimachi,Nagasaki Ken,27,Nagasaki Shi,1856152,,,32.7957,129.8591,,sumiyoshidaimachi
JP,Japan,Japón,852-8153,Hanaokamachi,Nagasaki Ken,27,Nagasaki Shi,1856152,,,32.7922,129.8639,,hanaokamachi
JP,Japan,Japón,852-8154,Sumiyoshimachi,Nagasaki Ken,27,Nagasaki Shi,1856152,,,32.793,129.8604,,sumiyoshimachi
JP,Japan,Japón,852-8155,Nakazonomachi,Nagasaki Ken,27,Nagasaki Shi,1856152,,,32.7922,129.8587,,nakazonomachi
JP,Japan,Japón,852-8156,Akasako,Nagasaki Ken,27,Nagasaki Shi,1856152,,,32.7984,129.8558,,akasako
JP,Japan,Japón,852-8157,Izumimachi,Nagasaki Ken,27,Nagasaki Shi,1856152,,,32.8044,129.8673,,izumimachi
JP,Japan,Japón,852-8501,Sakamoto,Nagasaki Ken,27,Nagasaki Shi,1856152,,,32.7811,129.8609,,sakamoto
JP,Japan,Japón,852-8507,Shiroyamacho,Nagasaki Ken,27,Nagasaki Shi,1856152,,,32.7811,129.8609,,shiroyamacho
JP,Japan,Japón,852-8508,Shiroyamacho,Nagasaki Ken,27,Nagasaki Shi,1856152,,,32.7811,129.8609,,shiroyamacho
JP,Japan,Japón,852-8509,Shiroyamacho,Nagasaki Ken,27,Nagasaki Shi,1856152,,,32.7811,129.8609,,shiroyamacho
JP,Japan,Japón,852-8510,Shiroyamacho,Nagasaki Ken,27,Nagasaki Shi,1856152,,,32.7811,129.8609,,shiroyamacho
JP,Japan,Japón,852-8511,Morimachi,Nagasaki Ken,27,Nagasaki Shi,1856152,,,32.7811,129.8609,,morimachi
JP,Japan,Japón,852-8515,Bunkyocho,Nagasaki Ken,27,Nagasaki Shi,1856152,,,32.7811,129.8609,,bunkyocho
JP,Japan,Japón,852-8520,Sakamoto,Nagasaki Ken,27,Nagasaki Shi,1856152,,,32.7811,129.8609,,sakamoto
JP,Japan,Japón,852-8521,Bunkyocho,Nagasaki Ken,27,Nagasaki Shi,1856152,,,32.7811,129.8609,,bunkyocho
JP,Japan,Japón,852-8522,Hoeimachi,Nagasaki Ken,27,Nagasaki Shi,1856152,,,32.7811,129.8609,,hoeimachi
JP,Japan,Japón,852-8523,Sakamoto,Nagasaki Ken,27,Nagasaki Shi,1856152,,,32.7811,129.8609,,sakamoto
JP,Japan,Japón,852-8527,Morimachi,Nagasaki Ken,27,Nagasaki Shi,1856152,,,32.7811,129.8609,,morimachi
JP,Japan,Japón,852-8528,Akasako,Nagasaki Ken,27,Nagasaki Shi,1856152,,,32.7811,129.8609,,akasako
JP,Japan,Japón,852-8532,Morimachi,Nagasaki Ken,27,Nagasaki Shi,1856152,,,32.7811,129.8609,,morimachi
JP,Japan,Japón,852-8542,Iwakawamachi,Nagasaki Ken,27,Nagasaki Shi,1856152,,,32.7811,129.8609,,iwakawamachi
JP,Japan,Japón,852-8544,Uenomachi,Nagasaki Ken,27,Nagasaki Shi,1856152,,,32.7811,129.8609,,uenomachi
JP,Japan,Japón,852-8555,Morimachi,Nagasaki Ken,27,Nagasaki Shi,1856152,,,32.7811,129.8609,,morimachi
JP,Japan,Japón,852-8558,Mitsuyamamachi,Nagasaki Ken,27,Nagasaki Shi,1856152,,,32.7811,129.8609,,mitsuyamamachi
JP,Japan,Japón,852-8566,Hoeimachi,Nagasaki Ken,27,Nagasaki Shi,1856152,,,32.7811,129.8609,,hoeimachi
JP,Japan,Japón,852-8577,Hayama,Nagasaki Ken,27,Nagasaki Shi,1856152,,,32.7811,129.8609,,hayama
JP,Japan,Japón,852-8588,Sakamoto,Nagasaki Ken,27,Nagasaki Shi,1856152,,,32.7811,129.8609,,sakamoto
JP,Japan,Japón,852-8601,Morimachi,Nagasaki Ken,27,Nagasaki Shi,1856152,,,32.7811,129.8609,,morimachi
JP,Japan,Japón,852-8794,Iwakawamachi,Nagasaki Ken,27,Nagasaki Shi,1856152,,,32.7811,129.8609,,iwakawamachi
JP,Japan,Japón,857-0071,Ikeshimamachi,Nagasaki Ken,27,Nagasaki Shi,1856152,,,32.8855,129.5996,,ikeshimamachi
JP,Japan,Japón,853-2301,Wakamatsugo,Nagasaki Ken,27,"Minamimatsura Gun ",1857159," Shinkamigoto Cho",42411,32.8749,129.017,4,wakamatsugo
JP,Japan,Japón,853-2302,Kirifurusatogo,Nagasaki Ken,27,"Minamimatsura Gun ",1857159," Shinkamigoto Cho",42411,32.8506,129.048,,kirifurusatogo
JP,Japan,Japón,853-2303,Shukunorago,Nagasaki Ken,27,"Minamimatsura Gun ",1857159," Shinkamigoto Cho",42411,32.8967,129.0507,,shukunorago
JP,Japan,Japón,853-2304,Arakawago,Nagasaki Ken,27,"Minamimatsura Gun ",1857159," Shinkamigoto Cho",42411,32.9171,129.0456,,arakawago
JP,Japan,Japón,853-2305,Nishikonorago,Nagasaki Ken,27,"Minamimatsura Gun ",1857159," Shinkamigoto Cho",42411,32.9127,129.0139,,nishikonorago
JP,Japan,Japón,853-2311,Sakakinorago,Nagasaki Ken,27,"Minamimatsura Gun ",1857159," Shinkamigoto Cho",42411,32.9126,128.9954,,sakakinorago
JP,Japan,Japón,853-2312,Hinoshimago,Nagasaki Ken,27,"Minamimatsura Gun ",1857159," Shinkamigoto Cho",42411,32.9237,128.9623,,hinoshimago
JP,Japan,Japón,853-2313,Arifukugo,Nagasaki Ken,27,"Minamimatsura Gun ",1857159," Shinkamigoto Cho",42411,32.9159,128.944,4,arifukugo
JP,Japan,Japón,853-2314,Ryoseurago,Nagasaki Ken,27,"Minamimatsura Gun ",1857159," Shinkamigoto Cho",42411,32.9093,128.9632,4,ryoseurago
JP,Japan,Japón,853-2315,Mabushigo,Nagasaki Ken,27,"Minamimatsura Gun ",1857159," Shinkamigoto Cho",42411,32.8814,128.9781,,mabushigo
JP,Japan,Japón,853-2392,Wakamatsugo,Nagasaki Ken,27,"Minamimatsura Gun ",1857159,Shinkamigotō Chō,42411,32.8995,129.0018,,wakamatsugo
JP,Japan,Japón,853-3101,Naraogo,Nagasaki Ken,27,"Minamimatsura Gun ",1857159," Shinkamigoto Cho",42411,32.8446,129.0567,,naraogo
JP,Japan,Japón,853-3102,Iwaseurago,Nagasaki Ken,27,"Minamimatsura Gun ",1857159," Shinkamigoto Cho",42411,32.8813,129.0763,,iwaseurago
JP,Japan,Japón,853-3321,Tainorago,Nagasaki Ken,27,"Minamimatsura Gun ",1857159," Shinkamigoto Cho",42411,32.9493,129.0951,,tainorago
JP,Japan,Japón,853-3322,Azetsugo,Nagasaki Ken,27,"Minamimatsura Gun ",1857159," Shinkamigoto Cho",42411,32.9554,129.1183,,azetsugo
JP,Japan,Japón,853-3323,Higashikonorago,Nagasaki Ken,27,"Minamimatsura Gun ",1857159," Shinkamigoto Cho",42411,32.9248,129.0757,,higashikonorago
JP,Japan,Japón,857-4101,Akaogo,Nagasaki Ken,27,"Minamimatsura Gun ",1857159," Shinkamigoto Cho",42411,32.9976,129.1569,,akaogo
JP,Japan,Japón,857-4102,Tomosumigo,Nagasaki Ken,27,"Minamimatsura Gun ",1857159," Shinkamigoto Cho",42411,33.0133,129.1851,,tomosumigo
JP,Japan,Japón,857-4103,Enohamago,Nagasaki Ken,27,"Minamimatsura Gun ",1857159," Shinkamigoto Cho",42411,32.9786,129.1678,,enohamago
JP,Japan,Japón,857-4211,Arikawago,Nagasaki Ken,27,"Minamimatsura Gun ",1857159," Shinkamigoto Cho",42411,32.9732,129.1273,,arikawago
JP,Japan,Japón,857-4212,Ogawarago,Nagasaki Ken,27,"Minamimatsura Gun ",1857159," Shinkamigoto Cho",42411,32.9921,129.1392,,ogawarago
JP,Japan,Japón,857-4213,Otago,Nagasaki Ken,27,"Minamimatsura Gun ",1857159," Shinkamigoto Cho",42411,32.9541,129.1408,,otago
JP,Japan,Japón,857-4214,Nanamego,Nagasaki Ken,27,"Minamimatsura Gun ",1857159," Shinkamigoto Cho",42411,32.9743,129.0907,,nanamego
JP,Japan,Japón,857-4400,Shinkamigoto Cho,Nagasaki Ken,27,"Minamimatsura Gun ",1857159," Shinkamigoto Cho",42411,33.0096,129.0639,,shinkamigoto-cho
JP,Japan,Japón,857-4401,Amiagego,Nagasaki Ken,27,"Minamimatsura Gun ",1857159," Shinkamigoto Cho",42411,33.0269,129.0554,,amiagego
JP,Japan,Japón,857-4402,Namago,Nagasaki Ken,27,"Minamimatsura Gun ",1857159," Shinkamigoto Cho",42411,33.0214,129.0826,,namago
JP,Japan,Japón,857-4404,Aokatago,Nagasaki Ken,27,"Minamimatsura Gun ",1857159," Shinkamigoto Cho",42411,32.9897,129.0684,,aokatago
JP,Japan,Japón,857-4405,Funasakigo,Nagasaki Ken,27,"Minamimatsura Gun ",1857159," Shinkamigoto Cho",42411,33.0005,129.0492,,funasakigo
JP,Japan,Japón,857-4411,Aikogo,Nagasaki Ken,27,"Minamimatsura Gun ",1857159," Shinkamigoto Cho",42411,32.9612,129.0746,,aikogo
JP,Japan,Japón,857-4412,Mikanorago,Nagasaki Ken,27,"Minamimatsura Gun ",1857159," Shinkamigoto Cho",42411,32.9564,129.0631,,mikanorago
JP,Japan,Japón,857-4413,Imazatogo,Nagasaki Ken,27,"Minamimatsura Gun ",1857159," Shinkamigoto Cho",42411,32.9531,129.0462,,imazatogo
JP,Japan,Japón,857-4414,Inosedogo,Nagasaki Ken,27,"Minamimatsura Gun ",1857159," Shinkamigoto Cho",42411,32.954,129.0087,,inosedogo
JP,Japan,Japón,857-4415,Tsuzukihamanorago,Nagasaki Ken,27,"Minamimatsura Gun ",1857159," Shinkamigoto Cho",42411,32.9641,129.0124,,tsuzukihamanorago
JP,Japan,Japón,857-4416,Michidoigo,Nagasaki Ken,27,"Minamimatsura Gun ",1857159," Shinkamigoto Cho",42411,32.9436,129.0251,,michidoigo
JP,Japan,Japón,857-4495,Aokatago,Nagasaki Ken,27,"Minamimatsura Gun ",1857159,Shinkamigotō Chō,42411,32.98,129.0499,,aokatago
JP,Japan,Japón,857-4511,Urakuwago,Nagasaki Ken,27,"Minamimatsura Gun ",1857159," Shinkamigoto Cho",42411,32.9895,129.0843,,urakuwago
JP,Japan,Japón,857-4512,Enokizugo,Nagasaki Ken,27,"Minamimatsura Gun ",1857159," Shinkamigoto Cho",42411,32.9996,129.088,,enokizugo
JP,Japan,Japón,857-4513,Maruogo,Nagasaki Ken,27,"Minamimatsura Gun ",1857159," Shinkamigoto Cho",42411,33.0085,129.0857,,maruogo
JP,Japan,Japón,857-4514,Nitakubigo,Nagasaki Ken,27,"Minamimatsura Gun ",1857159," Shinkamigoto Cho",42411,33.0223,129.0934,,nitakubigo
JP,Japan,Japón,857-4592,Enokizugo,Nagasaki Ken,27,"Minamimatsura Gun ",1857159,Shinkamigotō Chō,42411,33.0049,129.0878,,enokizugo
JP,Japan,Japón,857-4601,Kogushigo,Nagasaki Ken,27,"Minamimatsura Gun ",1857159," Shinkamigoto Cho",42411,33.0486,129.0969,4,kogushigo
JP,Japan,Japón,857-4602,Sonego,Nagasaki Ken,27,"Minamimatsura Gun ",1857159," Shinkamigoto Cho",42411,33.0721,129.0934,4,sonego
JP,Japan,Japón,857-4603,Tatekushigo,Nagasaki Ken,27,"Minamimatsura Gun ",1857159," Shinkamigoto Cho",42411,33.0914,129.1143,4,tatekushigo
JP,Japan,Japón,857-4604,Tsuwazakigo,Nagasaki Ken,27,"Minamimatsura Gun ",1857159," Shinkamigoto Cho",42411,33.1343,129.1055,4,tsuwazakigo
JP,Japan,Japón,848-0401,Fukushimacho Kinaisemen,Nagasaki Ken,27,Matsura Shi,1857466,,,33.2819,129.8758,,fukushimacho-kinaisemen
JP,Japan,Japón,848-0402,Fukushimacho Hashimen,Nagasaki Ken,27,Matsura Shi,1857466,,,33.2819,129.8758,,fukushimacho-hashimen
JP,Japan,Japón,848-0403,Fukushimacho Shiohamamen,Nagasaki Ken,27,Matsura Shi,1857466,,,33.2819,129.8758,,fukushimacho-shiohamamen
JP,Japan,Japón,848-0404,Fukushimacho Asagaimen,Nagasaki Ken,27,Matsura Shi,1857466,,,33.2819,129.8758,,fukushimacho-asagaimen
JP,Japan,Japón,848-0405,Fukushimacho Doyamen,Nagasaki Ken,27,Matsura Shi,1857466,,,33.2819,129.8758,,fukushimacho-doyamen
JP,Japan,Japón,848-0406,Fukushimacho Harumen,Nagasaki Ken,27,Matsura Shi,1857466,,,33.2819,129.8758,,fukushimacho-harumen
JP,Japan,Japón,848-0407,Fukushimacho Nabegushimen,Nagasaki Ken,27,Matsura Shi,1857466,,,33.2819,129.8758,,fukushimacho-nabegushimen
JP,Japan,Japón,848-0408,Fukushimacho Satomen,Nagasaki Ken,27,Matsura Shi,1857466,,,33.2819,129.8758,,fukushimacho-satomen
JP,Japan,Japón,848-0492,松浦市役所　福島支所,Nagasaki Ken,27,Matsura Shi,1857466,,,33.2819,129.8758,,
JP,Japan,Japón,859-4301,Takashimacho Aouramen,Nagasaki Ken,27,Matsura Shi,1857466,,,33.3533,129.735,,takashimacho-aouramen
JP,Japan,Japón,859-4302,Takashimacho Aomen,Nagasaki Ken,27,Matsura Shi,1857466,,,33.3533,129.735,,takashimacho-aomen
JP,Japan,Japón,859-4303,Takashimacho Kozakimen,Nagasaki Ken,27,Matsura Shi,1857466,,,33.3533,129.735,,takashimacho-kozakimen
JP,Japan,Japón,859-4304,Takashimacho Satomen,Nagasaki Ken,27,Matsura Shi,1857466,,,33.3533,129.735,,takashimacho-satomen
JP,Japan,Japón,859-4305,Takashimacho Nakadorimen,Nagasaki Ken,27,Matsura Shi,1857466,,,33.3533,129.735,,takashimacho-nakadorimen
JP,Japan,Japón,859-4306,Takashimacho Harumen,Nagasaki Ken,27,Matsura Shi,1857466,,,33.3533,129.735,,takashimacho-harumen
JP,Japan,Japón,859-4307,Takashimacho Sanrimen,Nagasaki Ken,27,Matsura Shi,1857466,,,33.3533,129.735,,takashimacho-sanrimen
JP,Japan,Japón,859-4308,Takashimacho Funatozumen,Nagasaki Ken,27,Matsura Shi,1857466,,,33.3533,129.735,,takashimacho-funatozumen
JP,Japan,Japón,859-4309,Takashimacho Kuroshimamen,Nagasaki Ken,27,Matsura Shi,1857466,,,33.3533,129.735,,takashimacho-kuroshimamen
JP,Japan,Japón,859-4500,Matsura Shi,Nagasaki Ken,27,Matsura Shi,1857466,,,33.3533,129.735,,matsura-shi
JP,Japan,Japón,859-4501,Shisachouramen,Nagasaki Ken,27,Matsura Shi,1857466,,,33.3533,129.735,,shisachouramen
JP,Japan,Japón,859-4502,Shisachosatomen,Nagasaki Ken,27,Matsura Shi,1857466,,,33.3533,129.735,,shisachosatomen
JP,Japan,Japón,859-4503,Shisachotakanomen,Nagasaki Ken,27,Matsura Shi,1857466,,,33.3533,129.735,,shisachotakanomen
JP,Japan,Japón,859-4504,Shisachokayanokimen,Nagasaki Ken,27,Matsura Shi,1857466,,,33.3533,129.735,,shisachokayanokimen
JP,Japan,Japón,859-4505,Shisachonishiyamamen,Nagasaki Ken,27,Matsura Shi,1857466,,,33.3533,129.735,,shisachonishiyamamen
JP,Japan,Japón,859-4506,Shisachoshirahamamen,Nagasaki Ken,27,Matsura Shi,1857466,,,33.3533,129.735,,shisachoshirahamamen
JP,Japan,Japón,859-4507,Shisachoshonomen,Nagasaki Ken,27,Matsura Shi,1857466,,,33.3533,129.735,,shisachoshonomen
JP,Japan,Japón,859-4511,Shisachoakagimen,Nagasaki Ken,27,Matsura Shi,1857466,,,33.3533,129.735,,shisachoakagimen
JP,Japan,Japón,859-4512,Shisachofuefukimen,Nagasaki Ken,27,Matsura Shi,1857466,,,33.3533,129.735,,shisachofuefukimen
JP,Japan,Japón,859-4513,Shisachotanohiramen,Nagasaki Ken,27,Matsura Shi,1857466,,,33.3533,129.735,,shisachotanohiramen
JP,Japan,Japón,859-4514,Shisachoyunokigawachimen,Nagasaki Ken,27,Matsura Shi,1857466,,,33.3533,129.735,,shisachoyunokigawachimen
JP,Japan,Japón,859-4515,Shisachohiekobamen,Nagasaki Ken,27,Matsura Shi,1857466,,,33.3533,129.735,,shisachohiekobamen
JP,Japan,Japón,859-4516,Shisachonaganomen,Nagasaki Ken,27,Matsura Shi,1857466,,,33.3533,129.735,,shisachonaganomen
JP,Japan,Japón,859-4517,Shisachoyokobetamen,Nagasaki Ken,27,Matsura Shi,1857466,,,33.3533,129.735,,shisachoyokobetamen
JP,Japan,Japón,859-4518,Shisachoikenarimen,Nagasaki Ken,27,Matsura Shi,1857466,,,33.3533,129.735,,shisachoikenarimen
JP,Japan,Japón,859-4521,Imafukuchokitamen,Nagasaki Ken,27,Matsura Shi,1857466,,,33.3533,129.735,,imafukuchokitamen
JP,Japan,Japón,859-4522,Imafukuchohigashimen,Nagasaki Ken,27,Matsura Shi,1857466,,,33.3533,129.735,,imafukuchohigashimen
JP,Japan,Japón,859-4523,Imafukuchonaberubaemen,Nagasaki Ken,27,Matsura Shi,1857466,,,33.3533,129.735,,imafukuchonaberubaemen
JP,Japan,Japón,859-4524,Imafukuchokobamen,Nagasaki Ken,27,Matsura Shi,1857466,,,33.3533,129.735,,imafukuchokobamen
JP,Japan,Japón,859-4525,Imafukuchoteragemen,Nagasaki Ken,27,Matsura Shi,1857466,,,33.3533,129.735,,imafukuchoteragemen
JP,Japan,Japón,859-4526,Imafukuchosakanomen,Nagasaki Ken,27,Matsura Shi,1857466,,,33.3533,129.735,,imafukuchosakanomen
JP,Japan,Japón,859-4527,Imafukuchohotokezakamen,Nagasaki Ken,27,Matsura Shi,1857466,,,33.3533,129.735,,imafukuchohotokezakamen
JP,Japan,Japón,859-4528,Imafukuchouramen,Nagasaki Ken,27,Matsura Shi,1857466,,,33.3533,129.735,,imafukuchouramen
JP,Japan,Japón,859-4529,Imafukuchotobishimamen,Nagasaki Ken,27,Matsura Shi,1857466,,,33.3533,129.735,,imafukuchotobishimamen
JP,Japan,Japón,859-4531,Tsukinokawachohiraomen,Nagasaki Ken,27,Matsura Shi,1857466,,,33.3533,129.735,,tsukinokawachohiraomen
JP,Japan,Japón,859-4532,Tsukinokawachonakamen,Nagasaki Ken,27,Matsura Shi,1857466,,,33.3533,129.735,,tsukinokawachonakamen
JP,Japan,Japón,859-4533,Tsukinokawachokamimen,Nagasaki Ken,27,Matsura Shi,1857466,,,33.3533,129.735,,tsukinokawachokamimen
JP,Japan,Japón,859-4534,Tsukinokawachoshiraimen,Nagasaki Ken,27,Matsura Shi,1857466,,,33.3533,129.735,,tsukinokawachoshiraimen
JP,Japan,Japón,859-4535,Tsukinokawachomatsuyamadamen,Nagasaki Ken,27,Matsura Shi,1857466,,,33.3533,129.735,,tsukinokawachomatsuyamadamen
JP,Japan,Japón,859-4536,Tsukinokawachoshimomen,Nagasaki Ken,27,Matsura Shi,1857466,,,33.3533,129.735,,tsukinokawachoshimomen
JP,Japan,Japón,859-4595,電源開発　株式会社　松浦火力発電所,Nagasaki Ken,27,Matsura Shi,1857466,,,33.3533,129.735,,
JP,Japan,Japón,859-4596,九州電力　株式会社　松浦発電所,Nagasaki Ken,27,Matsura Shi,1857466,,,33.3533,129.735,,
JP,Japan,Japón,859-4597,ながさき西海　農業協同組合　松浦営農経済センター,Nagasaki Ken,27,Matsura Shi,1857466,,,33.3533,129.735,,
JP,Japan,Japón,859-4598,松浦市役所,Nagasaki Ken,27,Matsura Shi,1857466,,,33.3533,129.735,,
JP,Japan,Japón,859-4741,Hoshikachokitakubomen,Nagasaki Ken,27,Matsura Shi,1857466,,,33.3533,129.735,,hoshikachokitakubomen
JP,Japan,Japón,859-4742,Hoshikachomutamen,Nagasaki Ken,27,Matsura Shi,1857466,,,33.3533,129.735,,hoshikachomutamen
JP,Japan,Japón,859-4743,Hoshikachoshimodamen,Nagasaki Ken,27,Matsura Shi,1857466,,,33.3533,129.735,,hoshikachoshimodamen
JP,Japan,Japón,859-4744,Hoshikachotakezakimen,Nagasaki Ken,27,Matsura Shi,1857466,,,33.3533,129.735,,hoshikachotakezakimen
JP,Japan,Japón,859-4745,Hoshikachoaoshimamen,Nagasaki Ken,27,Matsura Shi,1857466,,,33.3533,129.735,,hoshikachoaoshimamen
JP,Japan,Japón,859-4751,Mikuriyachoikedamen,Nagasaki Ken,27,Matsura Shi,1857466,,,33.3533,129.735,,mikuriyachoikedamen
JP,Japan,Japón,859-4752,Mikuriyachosatomen,Nagasaki Ken,27,Matsura Shi,1857466,,,33.3533,129.735,,mikuriyachosatomen
JP,Japan,Japón,859-4753,Mikuriyachonakanomen,Nagasaki Ken,27,Matsura Shi,1857466,,,33.3533,129.735,,mikuriyachonakanomen
JP,Japan,Japón,859-4754,Mikuriyachokitabiramen,Nagasaki Ken,27,Matsura Shi,1857466,,,33.3533,129.735,,mikuriyachokitabiramen
JP,Japan,Japón,859-4755,Mikuriyachoyokokubomen,Nagasaki Ken,27,Matsura Shi,1857466,,,33.3533,129.735,,mikuriyachoyokokubomen
JP,Japan,Japón,859-4756,Mikuriyachomaedamen,Nagasaki Ken,27,Matsura Shi,1857466,,,33.3533,129.735,,mikuriyachomaedamen
JP,Japan,Japón,859-4757,Mikuriyachotakanomen,Nagasaki Ken,27,Matsura Shi,1857466,,,33.3533,129.735,,mikuriyachotakanomen
JP,Japan,Japón,859-4758,Mikuriyachoosakimen,Nagasaki Ken,27,Matsura Shi,1857466,,,33.3533,129.735,,mikuriyachoosakimen
JP,Japan,Japón,859-4761,Mikuriyachoaisakamen,Nagasaki Ken,27,Matsura Shi,1857466,,,33.3533,129.735,,mikuriyachoaisakamen
JP,Japan,Japón,859-4761,Mikuriyachotabarumen,Nagasaki Ken,27,Matsura Shi,1857466,,,33.3533,129.735,,mikuriyachotabarumen
JP,Japan,Japón,859-4762,Mikuriyachokobunemen,Nagasaki Ken,27,Matsura Shi,1857466,,,33.3533,129.735,,mikuriyachokobunemen
JP,Japan,Japón,859-4763,Mikuriyachoyamanemen,Nagasaki Ken,27,Matsura Shi,1857466,,,33.3533,129.735,,mikuriyachoyamanemen
JP,Japan,Japón,859-4764,Mikuriyachokariharamen,Nagasaki Ken,27,Matsura Shi,1857466,,,33.3533,129.735,,mikuriyachokariharamen
JP,Japan,Japón,859-4765,Mikuriyachokomenoyamamen,Nagasaki Ken,27,Matsura Shi,1857466,,,33.3533,129.735,,mikuriyachokomenoyamamen
JP,Japan,Japón,859-4766,Mikuriyachofujumen,Nagasaki Ken,27,Matsura Shi,1857466,,,33.3533,129.735,,mikuriyachofujumen
JP,Japan,Japón,859-4767,Mikuriyachokawachimen,Nagasaki Ken,27,Matsura Shi,1857466,,,33.3533,129.735,,mikuriyachokawachimen
JP,Japan,Japón,859-4768,Mikuriyachonishidamen,Nagasaki Ken,27,Matsura Shi,1857466,,,33.3533,129.735,,mikuriyachonishidamen
JP,Japan,Japón,859-4769,Mikuriyachonishikobamen,Nagasaki Ken,27,Matsura Shi,1857466,,,33.3533,129.735,,mikuriyachonishikobamen
JP,Japan,Japón,859-4771,Mikuriyachoshimonoborikimen,Nagasaki Ken,27,Matsura Shi,1857466,,,33.3533,129.735,,mikuriyachoshimonoborikimen
JP,Japan,Japón,859-4772,Mikuriyachoteranomen,Nagasaki Ken,27,Matsura Shi,1857466,,,33.3533,129.735,,mikuriyachoteranomen
JP,Japan,Japón,859-4773,Mikuriyachokaminoborikimen,Nagasaki Ken,27,Matsura Shi,1857466,,,33.3533,129.735,,mikuriyachokaminoborikimen
JP,Japan,Japón,859-4774,Mikuriyachotachikimen,Nagasaki Ken,27,Matsura Shi,1857466,,,33.3533,129.735,,mikuriyachotachikimen
JP,Japan,Japón,859-4775,Mikuriyachokokkonomen,Nagasaki Ken,27,Matsura Shi,1857466,,,33.3533,129.735,,mikuriyachokokkonomen
JP,Japan,Japón,859-4776,Mikuriyachokobamen,Nagasaki Ken,27,Matsura Shi,1857466,,,33.3533,129.735,,mikuriyachokobamen
JP,Japan,Japón,859-4777,Mikuriyachoitabashimen,Nagasaki Ken,27,Matsura Shi,1857466,,,33.3533,129.735,,mikuriyachoitabashimen
JP,Japan,Japón,859-4778,Mikuriyachotashiromen,Nagasaki Ken,27,Matsura Shi,1857466,,,33.3533,129.735,,mikuriyachotashiromen
JP,Japan,Japón,857-0300,Saza Cho,Nagasaki Ken,27,"Kitamatsura Gun ",1859301," Saza Cho",42391,33.2445,129.6577,,saza-cho
JP,Japan,Japón,857-0311,Hontabarumen,Nagasaki Ken,27,"Kitamatsura Gun ",1859301," Saza Cho",42391,33.2402,129.6511,,hontabarumen
JP,Japan,Japón,857-0312,Ichibamen,Nagasaki Ken,27,"Kitamatsura Gun ",1859301," Saza Cho",42391,33.2336,129.6459,,ichibamen
JP,Japan,Japón,857-0313,Kamogawamen,Nagasaki Ken,27,"Kitamatsura Gun ",1859301," Saza Cho",42391,33.2548,129.6499,,kamogawamen
JP,Japan,Japón,857-0314,Furukawamen,Nagasaki Ken,27,"Kitamatsura Gun ",1859301," Saza Cho",42391,33.2447,129.6454,4,furukawamen
JP,Japan,Japón,857-0315,Shikatamen,Nagasaki Ken,27,"Kitamatsura Gun ",1859301," Saza Cho",42391,33.2448,129.632,4,shikatamen
JP,Japan,Japón,857-0321,Ichinosemen,Nagasaki Ken,27,"Kitamatsura Gun ",1859301," Saza Cho",42391,33.2621,129.6557,,ichinosemen
JP,Japan,Japón,857-0322,Matsusemen,Nagasaki Ken,27,"Kitamatsura Gun ",1859301," Saza Cho",42391,33.2668,129.667,4,matsusemen
JP,Japan,Japón,857-0323,Erimen,Nagasaki Ken,27,"Kitamatsura Gun ",1859301," Saza Cho",42391,33.2714,129.6511,4,erimen
JP,Japan,Japón,857-0324,Oshigemen,Nagasaki Ken,27,"Kitamatsura Gun ",1859301," Saza Cho",42391,33.2634,129.6382,4,oshigemen
JP,Japan,Japón,857-0331,Noyorimen,Nagasaki Ken,27,"Kitamatsura Gun ",1859301," Saza Cho",42391,33.2421,129.6609,,noyorimen
JP,Japan,Japón,857-0332,Kuribayashimen,Nagasaki Ken,27,"Kitamatsura Gun ",1859301," Saza Cho",42391,33.2452,129.66,,kuribayashimen
JP,Japan,Japón,857-0333,Nakagawaramen,Nagasaki Ken,27,"Kitamatsura Gun ",1859301," Saza Cho",42391,33.2494,129.6577,,nakagawaramen
JP,Japan,Japón,857-0334,Ishikobamen,Nagasaki Ken,27,"Kitamatsura Gun ",1859301," Saza Cho",42391,33.2497,129.6624,,ishikobamen
JP,Japan,Japón,857-0335,Kaizemen,Nagasaki Ken,27,"Kitamatsura Gun ",1859301," Saza Cho",42391,33.256,129.6738,,kaizemen
JP,Japan,Japón,857-0336,Kodamen,Nagasaki Ken,27,"Kitamatsura Gun ",1859301," Saza Cho",42391,33.257,129.667,4,kodamen
JP,Japan,Japón,857-0337,Yakuchimen,Nagasaki Ken,27,"Kitamatsura Gun ",1859301," Saza Cho",42391,33.2537,129.6826,,yakuchimen
JP,Japan,Japón,857-0338,Tsunoyamamen,Nagasaki Ken,27,"Kitamatsura Gun ",1859301," Saza Cho",42391,33.2468,129.667,,tsunoyamamen
JP,Japan,Japón,857-0341,Hasuwamen,Nagasaki Ken,27,"Kitamatsura Gun ",1859301," Saza Cho",42391,33.2346,129.6521,,hasuwamen
JP,Japan,Japón,857-0342,Hiranomen,Nagasaki Ken,27,"Kitamatsura Gun ",1859301," Saza Cho",42391,33.237,129.6622,4,hiranomen
JP,Japan,Japón,857-0343,Kobamen,Nagasaki Ken,27,"Kitamatsura Gun ",1859301," Saza Cho",42391,33.2348,129.6724,4,kobamen
JP,Japan,Japón,857-0344,Mukaekobamen,Nagasaki Ken,27,"Kitamatsura Gun ",1859301," Saza Cho",42391,33.2298,129.683,4,mukaekobamen
JP,Japan,Japón,857-0351,Susakimen,Nagasaki Ken,27,"Kitamatsura Gun ",1859301," Saza Cho",42391,33.2271,129.6489,,susakimen
JP,Japan,Japón,857-0352,Kuchiishimen,Nagasaki Ken,27,"Kitamatsura Gun ",1859301," Saza Cho",42391,33.2227,129.6634,4,kuchiishimen
JP,Japan,Japón,857-0353,Okitamen,Nagasaki Ken,27,"Kitamatsura Gun ",1859301," Saza Cho",42391,33.2288,129.642,,okitamen
JP,Japan,Japón,857-0361,Koramen,Nagasaki Ken,27,"Kitamatsura Gun ",1859301," Saza Cho",42391,33.2162,129.6499,4,koramen
JP,Japan,Japón,857-0392,Hontabarumen,Nagasaki Ken,27,"Kitamatsura Gun ",1859301,Saza-cho,42391,33.2445,129.6577,,hontabarumen
JP,Japan,Japón,857-4700,Ojika Cho,Nagasaki Ken,27,"Kitamatsura Gun ",1859301," Ojika Cho",42383,33.1945,129.0569,,ojika-cho
JP,Japan,Japón,857-4701,Fuefukigo,Nagasaki Ken,27,"Kitamatsura Gun ",1859301," Ojika Cho",42383,33.1923,129.0532,4,fuefukigo
JP,Japan,Japón,857-4702,Maegatago,Nagasaki Ken,27,"Kitamatsura Gun ",1859301," Ojika Cho",42383,33.2013,129.076,,maegatago
JP,Japan,Japón,857-4703,Nakamurago,Nagasaki Ken,27,"Kitamatsura Gun ",1859301," Ojika Cho",42383,33.2013,129.0644,,nakamurago
JP,Japan,Japón,857-4704,Yanagigo,Nagasaki Ken,27,"Kitamatsura Gun ",1859301," Ojika Cho",42383,33.21,129.0519,,yanagigo
JP,Japan,Japón,857-4705,Hamazugo,Nagasaki Ken,27,"Kitamatsura Gun ",1859301," Ojika Cho",42383,33.2025,129.0393,,hamazugo
JP,Japan,Japón,857-4706,Kuroshimago,Nagasaki Ken,27,"Kitamatsura Gun ",1859301," Ojika Cho",42383,33.1806,129.0584,,kuroshimago
JP,Japan,Japón,857-4707,Madarashimago,Nagasaki Ken,27,"Kitamatsura Gun ",1859301," Ojika Cho",42383,33.2064,129.0191,,madarashimago
JP,Japan,Japón,857-4708,Oshimago,Nagasaki Ken,27,"Kitamatsura Gun ",1859301," Ojika Cho",42383,33.1698,129.0223,,oshimago
JP,Japan,Japón,857-4709,Nozakigo,Nagasaki Ken,27,"Kitamatsura Gun ",1859301," Ojika Cho",42383,33.1866,129.1277,4,nozakigo
JP,Japan,Japón,857-4711,Noshimago,Nagasaki Ken,27,"Kitamatsura Gun ",1859301," Ojika Cho",42383,33.2226,129.0694,,noshimago
JP,Japan,Japón,857-4712,Mushimago,Nagasaki Ken,27,"Kitamatsura Gun ",1859301," Ojika Cho",42383,33.2238,129.1352,,mushimago
JP,Japan,Japón,811-5100,Iki Shi,Nagasaki Ken,27,Iki Shi,1861758,,,33.7855,129.7167,,iki-shi
JP,Japan,Japón,811-5101,Gonoracho Nagaminehommurafure,Nagasaki Ken,27,Iki Shi,1861758,,,33.7855,129.7167,,gonoracho-nagaminehommurafure
JP,Japan,Japón,811-5102,Gonoracho Nagaminehigashifure,Nagasaki Ken,27,Iki Shi,1861758,,,33.7855,129.7167,,gonoracho-nagaminehigashifure
JP,Japan,Japón,811-5103,Gonoracho Shindenfure,Nagasaki Ken,27,Iki Shi,1861758,,,33.7855,129.7167,,gonoracho-shindenfure
JP,Japan,Japón,811-5104,Gonoracho Satofure,Nagasaki Ken,27,Iki Shi,1861758,,,33.7855,129.7167,,gonoracho-satofure
JP,Japan,Japón,811-5105,Gonoracho Komakinishifure,Nagasaki Ken,27,Iki Shi,1861758,,,33.7855,129.7167,,gonoracho-komakinishifure
JP,Japan,Japón,811-5106,Gonoracho Komakihigashifure,Nagasaki Ken,27,Iki Shi,1861758,,,33.7855,129.7167,,gonoracho-komakihigashifure
JP,Japan,Japón,811-5107,Gonoracho Ariyasufure,Nagasaki Ken,27,Iki Shi,1861758,,,33.7855,129.7167,,gonoracho-ariyasufure
JP,Japan,Japón,811-5111,Gonoracho Hanseihommurafure,Nagasaki Ken,27,Iki Shi,1861758,,,33.7855,129.7167,,gonoracho-hanseihommurafure
JP,Japan,Japón,811-5112,Gonoracho Ourafure,Nagasaki Ken,27,Iki Shi,1861758,,,33.7855,129.7167,,gonoracho-ourafure
JP,Japan,Japón,811-5113,Gonoracho Ushikatafure,Nagasaki Ken,27,Iki Shi,1861758,,,33.7855,129.7167,,gonoracho-ushikatafure
JP,Japan,Japón,811-5114,Gonoracho Yanagidafure,Nagasaki Ken,27,Iki Shi,1861758,,,33.7855,129.7167,,gonoracho-yanagidafure
JP,Japan,Japón,811-5115,Gonoracho Kidafure,Nagasaki Ken,27,Iki Shi,1861758,,,33.7855,129.7167,,gonoracho-kidafure
JP,Japan,Japón,811-5116,Gonoracho Monobehommurafure,Nagasaki Ken,27,Iki Shi,1861758,,,33.7855,129.7167,,gonoracho-monobehommurafure
JP,Japan,Japón,811-5117,Gonoracho Tanakafure,Nagasaki Ken,27,Iki Shi,1861758,,,33.7855,129.7167,,gonoracho-tanakafure
JP,Japan,Japón,811-5121,Gonoracho Hirotofure,Nagasaki Ken,27,Iki Shi,1861758,,,33.7855,129.7167,,gonoracho-hirotofure
JP,Japan,Japón,811-5122,Gonoracho Taibarufure,Nagasaki Ken,27,Iki Shi,1861758,,,33.7855,129.7167,,gonoracho-taibarufure
JP,Japan,Japón,811-5123,Gonoracho Kugiyamafure,Nagasaki Ken,27,Iki Shi,1861758,,,33.7855,129.7167,,gonoracho-kugiyamafure
JP,Japan,Japón,811-5124,Gonoracho Shiharaminamifure,Nagasaki Ken,27,Iki Shi,1861758,,,33.7855,129.7167,,gonoracho-shiharaminamifure
JP,Japan,Japón,811-5125,Gonoracho Shiharanishifure,Nagasaki Ken,27,Iki Shi,1861758,,,33.7855,129.7167,,gonoracho-shiharanishifure
JP,Japan,Japón,811-5131,Gonoracho Nagatafure,Nagasaki Ken,27,Iki Shi,1861758,,,33.7855,129.7167,,gonoracho-nagatafure
JP,Japan,Japón,811-5132,Gonoracho Higashifure,Nagasaki Ken,27,Iki Shi,1861758,,,33.7855,129.7167,,gonoracho-higashifure
JP,Japan,Japón,811-5133,Gonoracho Hommurafure,Nagasaki Ken,27,Iki Shi,1861758,,,33.7855,129.7167,,gonoracho-hommurafure
JP,Japan,Japón,811-5134,Gonoracho Shofure,Nagasaki Ken,27,Iki Shi,1861758,,,33.7855,129.7167,,gonoracho-shofure
JP,Japan,Japón,811-5135,Gonoracho Gonora,Nagasaki Ken,27,Iki Shi,1861758,,,33.7855,129.7167,,gonoracho-gonora
JP,Japan,Japón,811-5136,Gonoracho Katabarufure,Nagasaki Ken,27,Iki Shi,1861758,,,33.7855,129.7167,,gonoracho-katabarufure
JP,Japan,Japón,811-5141,Gonoracho Wakamatsufure,Nagasaki Ken,27,Iki Shi,1861758,,,33.7855,129.7167,,gonoracho-wakamatsufure
JP,Japan,Japón,811-5142,Gonoracho Tsubofure,Nagasaki Ken,27,Iki Shi,1861758,,,33.7855,129.7167,,gonoracho-tsubofure
JP,Japan,Japón,811-5143,Gonoracho Hatsuyamanishifure,Nagasaki Ken,27,Iki Shi,1861758,,,33.7855,129.7167,,gonoracho-hatsuyamanishifure
JP,Japan,Japón,811-5144,Gonoracho Hatsuyamahigashifure,Nagasaki Ken,27,Iki Shi,1861758,,,33.7855,129.7167,,gonoracho-hatsuyamahigashifure
JP,Japan,Japón,811-5151,Gonoracho Wataraura,Nagasaki Ken,27,Iki Shi,1861758,,,33.7855,129.7167,,gonoracho-wataraura
JP,Japan,Japón,811-5152,Gonoracho Wataraminamifure,Nagasaki Ken,27,Iki Shi,1861758,,,33.7855,129.7167,,gonoracho-wataraminamifure
JP,Japan,Japón,811-5153,Gonoracho Wataranishifure,Nagasaki Ken,27,Iki Shi,1861758,,,33.7855,129.7167,,gonoracho-wataranishifure
JP,Japan,Japón,811-5154,Gonoracho Watarahigashifure,Nagasaki Ken,27,Iki Shi,1861758,,,33.7855,129.7167,,gonoracho-watarahigashifure
JP,Japan,Japón,811-5155,Gonoracho Mugiyafure,Nagasaki Ken,27,Iki Shi,1861758,,,33.7855,129.7167,,gonoracho-mugiyafure
JP,Japan,Japón,811-5161,Gonoracho Oshima,Nagasaki Ken,27,Iki Shi,1861758,,,33.7855,129.7167,,gonoracho-oshima
JP,Japan,Japón,811-5162,Gonoracho Nagashima,Nagasaki Ken,27,Iki Shi,1861758,,,33.7855,129.7167,,gonoracho-nagashima
JP,Japan,Japón,811-5163,Gonoracho Harushima,Nagasaki Ken,27,Iki Shi,1861758,,,33.7855,129.7167,,gonoracho-harushima
JP,Japan,Japón,811-5192,壱岐市役所,Nagasaki Ken,27,Iki Shi,1861758,,,33.7855,129.7167,,
JP,Japan,Japón,811-5201,Ishidacho Yamasakifure,Nagasaki Ken,27,Iki Shi,1861758,,,33.7855,129.7167,,ishidacho-yamasakifure
JP,Japan,Japón,811-5202,Ishidacho Tsutsukinakafure,Nagasaki Ken,27,Iki Shi,1861758,,,33.7855,129.7167,,ishidacho-tsutsukinakafure
JP,Japan,Japón,811-5203,Ishidacho Tsutsukihigashifure,Nagasaki Ken,27,Iki Shi,1861758,,,33.7855,129.7167,,ishidacho-tsutsukihigashifure
JP,Japan,Japón,811-5204,Ishidacho Tsutsukinishifure,Nagasaki Ken,27,Iki Shi,1861758,,,33.7855,129.7167,,ishidacho-tsutsukinishifure
JP,Japan,Japón,811-5211,Ishidacho Ishidahigashifure,Nagasaki Ken,27,Iki Shi,1861758,,,33.7855,129.7167,,ishidacho-ishidahigashifure
JP,Japan,Japón,811-5212,Ishidacho Hommurafure,Nagasaki Ken,27,Iki Shi,1861758,,,33.7855,129.7167,,ishidacho-hommurafure
JP,Japan,Japón,811-5213,Ishidacho Minamifure,Nagasaki Ken,27,Iki Shi,1861758,,,33.7855,129.7167,,ishidacho-minamifure
JP,Japan,Japón,811-5214,Ishidacho Indojiura,Nagasaki Ken,27,Iki Shi,1861758,,,33.7855,129.7167,,ishidacho-indojiura
JP,Japan,Japón,811-5215,Ishidacho Ishidanishifure,Nagasaki Ken,27,Iki Shi,1861758,,,33.7855,129.7167,,ishidacho-ishidanishifure
JP,Japan,Japón,811-5221,Ishidacho Ikedahigashifure,Nagasaki Ken,27,Iki Shi,1861758,,,33.7855,129.7167,,ishidacho-ikedahigashifure
JP,Japan,Japón,811-5222,Ishidacho Ikedanakafure,Nagasaki Ken,27,Iki Shi,1861758,,,33.7855,129.7167,,ishidacho-ikedanakafure
JP,Japan,Japón,811-5223,Ishidacho Kukifure,Nagasaki Ken,27,Iki Shi,1861758,,,33.7855,129.7167,,ishidacho-kukifure
JP,Japan,Japón,811-5224,Ishidacho Ikedanishifure,Nagasaki Ken,27,Iki Shi,1861758,,,33.7855,129.7167,,ishidacho-ikedanishifure
JP,Japan,Japón,811-5225,Ishidacho Yutakekofure,Nagasaki Ken,27,Iki Shi,1861758,,,33.7855,129.7167,,ishidacho-yutakekofure
JP,Japan,Japón,811-5226,Ishidacho Yutakeiteyoshifure,Nagasaki Ken,27,Iki Shi,1861758,,,33.7855,129.7167,,ishidacho-yutakeiteyoshifure
JP,Japan,Japón,811-5301,Ashibecho Ashibeura,Nagasaki Ken,27,Iki Shi,1861758,,,33.7855,129.7167,,ashibecho-ashibeura
JP,Japan,Japón,811-5311,Ashibecho Moroyoshihommurafure,Nagasaki Ken,27,Iki Shi,1861758,,,33.7855,129.7167,,ashibecho-moroyoshihommurafure
JP,Japan,Japón,811-5312,Ashibecho Moroyoshiminamifure,Nagasaki Ken,27,Iki Shi,1861758,,,33.7855,129.7167,,ashibecho-moroyoshiminamifure
JP,Japan,Japón,811-5313,Ashibecho Moroyoshinakafure,Nagasaki Ken,27,Iki Shi,1861758,,,33.7855,129.7167,,ashibecho-moroyoshinakafure
JP,Japan,Japón,811-5314,Ashibecho Moroyoshihigashifure,Nagasaki Ken,27,Iki Shi,1861758,,,33.7855,129.7167,,ashibecho-moroyoshihigashifure
JP,Japan,Japón,811-5315,Ashibecho Moroyoshifutamatafure,Nagasaki Ken,27,Iki Shi,1861758,,,33.7855,129.7167,,ashibecho-moroyoshifutamatafure
JP,Japan,Japón,811-5316,Ashibecho Moroyoshioishifure,Nagasaki Ken,27,Iki Shi,1861758,,,33.7855,129.7167,,ashibecho-moroyoshioishifure
JP,Japan,Japón,811-5321,Ashibecho Fukaesakaefure,Nagasaki Ken,27,Iki Shi,1861758,,,33.7855,129.7167,,ashibecho-fukaesakaefure
JP,Japan,Japón,811-5322,Ashibecho Fukaetsurukifure,Nagasaki Ken,27,Iki Shi,1861758,,,33.7855,129.7167,,ashibecho-fukaetsurukifure
JP,Japan,Japón,811-5323,Ashibecho Fukaehirafure,Nagasaki Ken,27,Iki Shi,1861758,,,33.7855,129.7167,,ashibecho-fukaehirafure
JP,Japan,Japón,811-5324,Ashibecho Fukaehigashifure,Nagasaki Ken,27,Iki Shi,1861758,,,33.7855,129.7167,,ashibecho-fukaehigashifure
JP,Japan,Japón,811-5325,Ashibecho Fukaeminamifure,Nagasaki Ken,27,Iki Shi,1861758,,,33.7855,129.7167,,ashibecho-fukaeminamifure
JP,Japan,Japón,811-5326,Ashibecho Fukaehommurafure,Nagasaki Ken,27,Iki Shi,1861758,,,33.7855,129.7167,,ashibecho-fukaehommurafure
JP,Japan,Japón,811-5461,Ashibecho Setora,Nagasaki Ken,27,Iki Shi,1861758,,,33.7855,129.7167,,ashibecho-setora
JP,Japan,Japón,811-5462,Ashibecho Hakozakitaisofure,Nagasaki Ken,27,Iki Shi,1861758,,,33.7855,129.7167,,ashibecho-hakozakitaisofure
JP,Japan,Japón,811-5463,Ashibecho Hakozakinakayamafure,Nagasaki Ken,27,Iki Shi,1861758,,,33.7855,129.7167,,ashibecho-hakozakinakayamafure
JP,Japan,Japón,811-5464,Ashibecho Hakozakitaniefure,Nagasaki Ken,27,Iki Shi,1861758,,,33.7855,129.7167,,ashibecho-hakozakitaniefure
JP,Japan,Japón,811-5465,Ashibecho Hakozakikuginofure,Nagasaki Ken,27,Iki Shi,1861758,,,33.7855,129.7167,,ashibecho-hakozakikuginofure
JP,Japan,Japón,811-5466,Ashibecho Hakozakihommurafure,Nagasaki Ken,27,Iki Shi,1861758,,,33.7855,129.7167,,ashibecho-hakozakihommurafure
JP,Japan,Japón,811-5467,Ashibecho Hakozakiesumifure,Nagasaki Ken,27,Iki Shi,1861758,,,33.7855,129.7167,,ashibecho-hakozakiesumifure
JP,Japan,Japón,811-5468,Ashibecho Hakozakimorotsufure,Nagasaki Ken,27,Iki Shi,1861758,,,33.7855,129.7167,,ashibecho-hakozakimorotsufure
JP,Japan,Japón,811-5501,Katsumotocho Katsumotora,Nagasaki Ken,27,Iki Shi,1861758,,,33.7855,129.7167,,katsumotocho-katsumotora
JP,Japan,Japón,811-5511,Katsumotocho Nakafure,Nagasaki Ken,27,Iki Shi,1861758,,,33.7855,129.7167,,katsumotocho-nakafure
JP,Japan,Japón,811-5512,Katsumotocho Higashifure,Nagasaki Ken,27,Iki Shi,1861758,,,33.7855,129.7167,,katsumotocho-higashifure
JP,Japan,Japón,811-5513,Katsumotocho Kitafure,Nagasaki Ken,27,Iki Shi,1861758,,,33.7855,129.7167,,katsumotocho-kitafure
JP,Japan,Japón,811-5521,Katsumotocho Saidofure,Nagasaki Ken,27,Iki Shi,1861758,,,33.7855,129.7167,,katsumotocho-saidofure
JP,Japan,Japón,811-5522,Katsumotocho Shinjohigashifure,Nagasaki Ken,27,Iki Shi,1861758,,,33.7855,129.7167,,katsumotocho-shinjohigashifure
JP,Japan,Japón,811-5523,Katsumotocho Katayamafure,Nagasaki Ken,27,Iki Shi,1861758,,,33.7855,129.7167,,katsumotocho-katayamafure
JP,Japan,Japón,811-5531,Katsumotocho Sakamotofure,Nagasaki Ken,27,Iki Shi,1861758,,,33.7855,129.7167,,katsumotocho-sakamotofure
JP,Japan,Japón,811-5532,Katsumotocho Okubofure,Nagasaki Ken,27,Iki Shi,1861758,,,33.7855,129.7167,,katsumotocho-okubofure
JP,Japan,Japón,811-5533,Katsumotocho Shinjonishifure,Nagasaki Ken,27,Iki Shi,1861758,,,33.7855,129.7167,,katsumotocho-shinjonishifure
JP,Japan,Japón,811-5541,Katsumotocho Hongunishifure,Nagasaki Ken,27,Iki Shi,1861758,,,33.7855,129.7167,,katsumotocho-hongunishifure
JP,Japan,Japón,811-5542,Katsumotocho Honguhigashifure,Nagasaki Ken,27,Iki Shi,1861758,,,33.7855,129.7167,,katsumotocho-honguhigashifure
JP,Japan,Japón,811-5543,Katsumotocho Uwabafure,Nagasaki Ken,27,Iki Shi,1861758,,,33.7855,129.7167,,katsumotocho-uwabafure
JP,Japan,Japón,811-5544,Katsumotocho Fukefure,Nagasaki Ken,27,Iki Shi,1861758,,,33.7855,129.7167,,katsumotocho-fukefure
JP,Japan,Japón,811-5545,Katsumotocho Honguminamifure,Nagasaki Ken,27,Iki Shi,1861758,,,33.7855,129.7167,,katsumotocho-honguminamifure
JP,Japan,Japón,811-5546,Katsumotocho Hongunakafure,Nagasaki Ken,27,Iki Shi,1861758,,,33.7855,129.7167,,katsumotocho-hongunakafure
JP,Japan,Japón,811-5551,Katsumotocho Yunomotora,Nagasaki Ken,27,Iki Shi,1861758,,,33.7855,129.7167,,katsumotocho-yunomotora
JP,Japan,Japón,811-5552,Katsumotocho Yurihatafure,Nagasaki Ken,27,Iki Shi,1861758,,,33.7855,129.7167,,katsumotocho-yurihatafure
JP,Japan,Japón,811-5553,Katsumotocho Tateishihigashifure,Nagasaki Ken,27,Iki Shi,1861758,,,33.7855,129.7167,,katsumotocho-tateishihigashifure
JP,Japan,Japón,811-5554,Katsumotocho Tateishinakafure,Nagasaki Ken,27,Iki Shi,1861758,,,33.7855,129.7167,,katsumotocho-tateishinakafure
JP,Japan,Japón,811-5555,Katsumotocho Tateishiminamifure,Nagasaki Ken,27,Iki Shi,1861758,,,33.7855,129.7167,,katsumotocho-tateishiminamifure
JP,Japan,Japón,811-5556,Katsumotocho Tateishinishifure,Nagasaki Ken,27,Iki Shi,1861758,,,33.7855,129.7167,,katsumotocho-tateishinishifure
JP,Japan,Japón,811-5731,Ashibecho Kokubutodafure,Nagasaki Ken,27,Iki Shi,1861758,,,33.7855,129.7167,,ashibecho-kokubutodafure
JP,Japan,Japón,811-5732,Ashibecho Kokubuhigashifure,Nagasaki Ken,27,Iki Shi,1861758,,,33.7855,129.7167,,ashibecho-kokubuhigashifure
JP,Japan,Japón,811-5733,Ashibecho Kokubukawamukaefure,Nagasaki Ken,27,Iki Shi,1861758,,,33.7855,129.7167,,ashibecho-kokubukawamukaefure
JP,Japan,Japón,811-5734,Ashibecho Kokubuhommurafure,Nagasaki Ken,27,Iki Shi,1861758,,,33.7855,129.7167,,ashibecho-kokubuhommurafure
JP,Japan,Japón,811-5741,Ashibecho Sumiyoshiyamanobufure,Nagasaki Ken,27,Iki Shi,1861758,,,33.7855,129.7167,,ashibecho-sumiyoshiyamanobufure
JP,Japan,Japón,811-5742,Ashibecho Sumiyoshihigashifure,Nagasaki Ken,27,Iki Shi,1861758,,,33.7855,129.7167,,ashibecho-sumiyoshihigashifure
JP,Japan,Japón,811-5743,Ashibecho Sumiyoshimaefure,Nagasaki Ken,27,Iki Shi,1861758,,,33.7855,129.7167,,ashibecho-sumiyoshimaefure
JP,Japan,Japón,811-5744,Ashibecho Sumiyoshiushirofure,Nagasaki Ken,27,Iki Shi,1861758,,,33.7855,129.7167,,ashibecho-sumiyoshiushirofure
JP,Japan,Japón,811-5751,Ashibecho Nakanogonakafure,Nagasaki Ken,27,Iki Shi,1861758,,,33.7855,129.7167,,ashibecho-nakanogonakafure
JP,Japan,Japón,811-5752,Ashibecho Nakanogohigashifure,Nagasaki Ken,27,Iki Shi,1861758,,,33.7855,129.7167,,ashibecho-nakanogohigashifure
JP,Japan,Japón,811-5753,Ashibecho Yutakehommurafure,Nagasaki Ken,27,Iki Shi,1861758,,,33.7855,129.7167,,ashibecho-yutakehommurafure
JP,Japan,Japón,811-5754,Ashibecho Yutakekonzakafure,Nagasaki Ken,27,Iki Shi,1861758,,,33.7855,129.7167,,ashibecho-yutakekonzakafure
JP,Japan,Japón,811-5755,Ashibecho Yutakekofure,Nagasaki Ken,27,Iki Shi,1861758,,,33.7855,129.7167,,ashibecho-yutakekofure
JP,Japan,Japón,811-5756,Ashibecho Nakanogohommurafure,Nagasaki Ken,27,Iki Shi,1861758,,,33.7855,129.7167,,ashibecho-nakanogohommurafure
JP,Japan,Japón,811-5757,Ashibecho Nakanogonishifure,Nagasaki Ken,27,Iki Shi,1861758,,,33.7855,129.7167,,ashibecho-nakanogonishifure
JP,Japan,Japón,859-3600,Kawatana Cho,Nagasaki Ken,27,"Higashisonogi Gun ",1862734," Kawatana Cho",42322,33.081,129.8816,,kawatana-cho
JP,Japan,Japón,859-3601,Inorigochigo,Nagasaki Ken,27,"Higashisonogi Gun ",1862734," Kawatana Cho",42322,33.1,129.8879,4,inorigochigo
JP,Japan,Japón,859-3602,Kobago,Nagasaki Ken,27,"Higashisonogi Gun ",1862734," Kawatana Cho",42322,33.0992,129.9127,4,kobago
JP,Japan,Japón,859-3603,Iwayago,Nagasaki Ken,27,"Higashisonogi Gun ",1862734," Kawatana Cho",42322,33.0838,129.9022,4,iwayago
JP,Japan,Japón,859-3604,Ishikigo,Nagasaki Ken,27,"Higashisonogi Gun ",1862734," Kawatana Cho",42322,33.0834,129.8763,4,ishikigo
JP,Japan,Japón,859-3605,Momozugo,Nagasaki Ken,27,"Higashisonogi Gun ",1862734," Kawatana Cho",42322,33.0715,129.8675,4,momozugo
JP,Japan,Japón,859-3606,Konegotogo,Nagasaki Ken,27,"Higashisonogi Gun ",1862734," Kawatana Cho",42322,33.0701,129.8764,,konegotogo
JP,Japan,Japón,859-3607,Shiroyamacho,Nagasaki Ken,27,"Higashisonogi Gun ",1862734," Kawatana Cho",42322,33.0701,129.8674,,shiroyamacho
JP,Japan,Japón,859-3608,Sakaemachi,Nagasaki Ken,27,"Higashisonogi Gun ",1862734," Kawatana Cho",42322,33.0698,129.8621,,sakaemachi
JP,Japan,Japón,859-3611,Nakayamago,Nagasaki Ken,27,"Higashisonogi Gun ",1862734," Kawatana Cho",42322,33.1018,129.8581,4,nakayamago
JP,Japan,Japón,859-3612,Gotandago,Nagasaki Ken,27,"Higashisonogi Gun ",1862734," Kawatana Cho",42322,33.0952,129.8684,,gotandago
JP,Japan,Japón,859-3613,Kamigumigo,Nagasaki Ken,27,"Higashisonogi Gun ",1862734," Kawatana Cho",42322,33.0897,129.8577,4,kamigumigo
JP,Japan,Japón,859-3614,Nakagumigo,Nagasaki Ken,27,"Higashisonogi Gun ",1862734," Kawatana Cho",42322,33.0811,129.8544,4,nakagumigo
JP,Japan,Japón,859-3615,Shimogumigo,Nagasaki Ken,27,"Higashisonogi Gun ",1862734," Kawatana Cho",42322,33.074,129.8509,4,shimogumigo
JP,Japan,Japón,859-3616,Shiroishigo,Nagasaki Ken,27,"Higashisonogi Gun ",1862734," Kawatana Cho",42322,33.0675,129.8452,4,shiroishigo
JP,Japan,Japón,859-3617,Mitsugoego,Nagasaki Ken,27,"Higashisonogi Gun ",1862734," Kawatana Cho",42322,33.0467,129.832,4,mitsugoego
JP,Japan,Japón,859-3618,Ogushigo,Nagasaki Ken,27,"Higashisonogi Gun ",1862734," Kawatana Cho",42322,33.057,129.8371,4,ogushigo
JP,Japan,Japón,859-3619,Shingaego,Nagasaki Ken,27,"Higashisonogi Gun ",1862734," Kawatana Cho",42322,33.0689,129.8175,4,shingaego
JP,Japan,Japón,859-3692,Nakagumigo,Nagasaki Ken,27,"Higashisonogi Gun ",1862734,Kawatana Chō,42322,33.0784,129.8642,,nakagumigo
JP,Japan,Japón,859-3700,Hasami Cho,Nagasaki Ken,27,"Higashisonogi Gun ",1862734," Hasami Cho",42323,33.1394,129.9285,,hasami-cho
JP,Japan,Japón,859-3701,Orishikisego,Nagasaki Ken,27,"Higashisonogi Gun ",1862734," Hasami Cho",42323,33.148,129.9006,4,orishikisego
JP,Japan,Japón,859-3702,Yumutago,Nagasaki Ken,27,"Higashisonogi Gun ",1862734," Hasami Cho",42323,33.1484,129.9157,4,yumutago
JP,Japan,Japón,859-3703,Nonokawago,Nagasaki Ken,27,"Higashisonogi Gun ",1862734," Hasami Cho",42323,33.155,129.9307,4,nonokawago
JP,Japan,Japón,859-3704,Kodarugo,Nagasaki Ken,27,"Higashisonogi Gun ",1862734," Hasami Cho",42323,33.1415,129.9379,4,kodarugo
JP,Japan,Japón,859-3705,Nagaogo,Nagasaki Ken,27,"Higashisonogi Gun ",1862734," Hasami Cho",42323,33.123,129.9487,4,nagaogo
JP,Japan,Japón,859-3706,Mitsumatago,Nagasaki Ken,27,"Higashisonogi Gun ",1862734," Hasami Cho",42323,33.1207,129.9375,4,mitsumatago
JP,Japan,Japón,859-3711,Isekigo,Nagasaki Ken,27,"Higashisonogi Gun ",1862734," Hasami Cho",42323,33.1324,129.9208,4,isekigo
JP,Japan,Japón,859-3712,Nakaogo,Nagasaki Ken,27,"Higashisonogi Gun ",1862734," Hasami Cho",42323,33.1179,129.9313,4,nakaogo
JP,Japan,Japón,859-3713,Onigigo,Nagasaki Ken,27,"Higashisonogi Gun ",1862734," Hasami Cho",42323,33.1144,129.922,4,onigigo
JP,Japan,Japón,859-3714,Kanayago,Nagasaki Ken,27,"Higashisonogi Gun ",1862734," Hasami Cho",42323,33.1233,129.9075,4,kanayago
JP,Japan,Japón,859-3715,Shukugo,Nagasaki Ken,27,"Higashisonogi Gun ",1862734," Hasami Cho",42323,33.1418,129.8902,4,shukugo
JP,Japan,Japón,859-3716,Tanokashirago,Nagasaki Ken,27,"Higashisonogi Gun ",1862734," Hasami Cho",42323,33.1259,129.8918,4,tanokashirago
JP,Japan,Japón,859-3721,Kawachigo,Nagasaki Ken,27,"Higashisonogi Gun ",1862734," Hasami Cho",42323,33.1163,129.8913,4,kawachigo
JP,Japan,Japón,859-3722,Takebetago,Nagasaki Ken,27,"Higashisonogi Gun ",1862734," Hasami Cho",42323,33.1104,129.8746,4,takebetago
JP,Japan,Japón,859-3723,Hiranogo,Nagasaki Ken,27,"Higashisonogi Gun ",1862734," Hasami Cho",42323,33.1271,129.869,,hiranogo
JP,Japan,Japón,859-3724,Shiorigo,Nagasaki Ken,27,"Higashisonogi Gun ",1862734," Hasami Cho",42323,33.1133,129.8559,4,shiorigo
JP,Japan,Japón,859-3725,Naganogo,Nagasaki Ken,27,"Higashisonogi Gun ",1862734," Hasami Cho",42323,33.1258,129.8593,4,naganogo
JP,Japan,Japón,859-3726,Hiekobago,Nagasaki Ken,27,"Higashisonogi Gun ",1862734," Hasami Cho",42323,33.1339,129.872,4,hiekobago
JP,Japan,Japón,859-3727,Sarayamago,Nagasaki Ken,27,"Higashisonogi Gun ",1862734," Hasami Cho",42323,33.1405,129.8568,4,sarayamago
JP,Japan,Japón,859-3728,Muragigo,Nagasaki Ken,27,"Higashisonogi Gun ",1862734," Hasami Cho",42323,33.1497,129.8728,4,muragigo
JP,Japan,Japón,859-3792,Yumutago,Nagasaki Ken,27,"Higashisonogi Gun ",1862734,Hasami Chō,42323,33.1309,129.9007,,yumutago
JP,Japan,Japón,859-3793,Orishikisego,Nagasaki Ken,27,"Higashisonogi Gun ",1862734,Hasami Chō,42323,33.1309,129.9007,,orishikisego
JP,Japan,Japón,859-3797,Naganogo,Nagasaki Ken,27,"Higashisonogi Gun ",1862734,Hasami Chō,42323,33.1309,129.9007,,naganogo
JP,Japan,Japón,859-3798,Orishikisego,Nagasaki Ken,27,"Higashisonogi Gun ",1862734,Hasami Chō,42323,33.1309,129.9007,,orishikisego
JP,Japan,Japón,859-3800,Higashisonogi Cho,Nagasaki Ken,27,"Higashisonogi Gun ",1862734," Higashisonogi Cho",42321,33.0521,129.9338,,higashisonogi-cho
JP,Japan,Japón,859-3801,Nakaogo,Nagasaki Ken,27,"Higashisonogi Gun ",1862734," Higashisonogi Cho",42321,33.0464,129.9765,4,nakaogo
JP,Japan,Japón,859-3802,Sakamotogo,Nagasaki Ken,27,"Higashisonogi Gun ",1862734," Higashisonogi Cho",42321,33.0626,129.9555,4,sakamotogo
JP,Japan,Japón,859-3803,Sugamutago,Nagasaki Ken,27,"Higashisonogi Gun ",1862734," Higashisonogi Cho",42321,33.0501,129.9488,,sugamutago
JP,Japan,Japón,859-3804,Hoonjigo,Nagasaki Ken,27,"Higashisonogi Gun ",1862734," Higashisonogi Cho",42321,33.0508,129.9341,4,hoonjigo
JP,Japan,Japón,859-3805,Kawachigo,Nagasaki Ken,27,"Higashisonogi Gun ",1862734," Higashisonogi Cho",42321,33.0705,129.9254,4,kawachigo
JP,Japan,Japón,859-3806,Minego,Nagasaki Ken,27,"Higashisonogi Gun ",1862734," Higashisonogi Cho",42321,33.0507,129.9224,4,minego
JP,Japan,Japón,859-3807,Sonogishukugo,Nagasaki Ken,27,"Higashisonogi Gun ",1862734," Higashisonogi Cho",42321,33.0349,129.9284,4,sonogishukugo
JP,Japan,Japón,859-3808,Kuramotogo,Nagasaki Ken,27,"Higashisonogi Gun ",1862734," Higashisonogi Cho",42321,33.0462,129.909,4,kuramotogo
JP,Japan,Japón,859-3809,Kuchikidago,Nagasaki Ken,27,"Higashisonogi Gun ",1862734," Higashisonogi Cho",42321,33.0566,129.9041,4,kuchikidago
JP,Japan,Japón,859-3811,Onegotogo,Nagasaki Ken,27,"Higashisonogi Gun ",1862734," Higashisonogi Cho",42321,33.0617,129.8927,4,onegotogo
JP,Japan,Japón,859-3812,Konegotogo,Nagasaki Ken,27,"Higashisonogi Gun ",1862734," Higashisonogi Cho",42321,33.0691,129.8837,4,konegotogo
JP,Japan,Japón,859-3921,Chiwatashukugo,Nagasaki Ken,27,"Higashisonogi Gun ",1862734," Higashisonogi Cho",42321,33.0315,129.9386,4,chiwatashukugo
JP,Japan,Japón,859-3922,Hachitandago,Nagasaki Ken,27,"Higashisonogi Gun ",1862734," Higashisonogi Cho",42321,33.0311,129.9581,4,hachitandago
JP,Japan,Japón,859-3923,Setogo,Nagasaki Ken,27,"Higashisonogi Gun ",1862734," Higashisonogi Cho",42321,33.0219,129.9463,4,setogo
JP,Japan,Japón,859-3924,Tanorago,Nagasaki Ken,27,"Higashisonogi Gun ",1862734," Higashisonogi Cho",42321,33.0353,129.985,,tanorago
JP,Japan,Japón,859-3925,Nakatakego,Nagasaki Ken,27,"Higashisonogi Gun ",1862734," Higashisonogi Cho",42321,33.0203,129.981,4,nakatakego
JP,Japan,Japón,859-3926,Kaburago,Nagasaki Ken,27,"Higashisonogi Gun ",1862734," Higashisonogi Cho",42321,33.0057,129.9853,4,kaburago
JP,Japan,Japón,859-3927,Dajigo,Nagasaki Ken,27,"Higashisonogi Gun ",1862734," Higashisonogi Cho",42321,33.0185,129.9605,4,dajigo
JP,Japan,Japón,859-3928,Hiranitago,Nagasaki Ken,27,"Higashisonogi Gun ",1862734," Higashisonogi Cho",42321,33.011,129.9605,,hiranitago
JP,Japan,Japón,859-3929,Satogo,Nagasaki Ken,27,"Higashisonogi Gun ",1862734," Higashisonogi Cho",42321,32.9987,129.9515,,satogo
JP,Japan,Japón,859-3931,Kobago,Nagasaki Ken,27,"Higashisonogi Gun ",1862734," Higashisonogi Cho",42321,33.0022,129.9653,4,kobago
JP,Japan,Japón,859-3932,Tomego,Nagasaki Ken,27,"Higashisonogi Gun ",1862734," Higashisonogi Cho",42321,33.0081,130.02,4,tomego
JP,Japan,Japón,859-3933,Hitotsuishigo,Nagasaki Ken,27,"Higashisonogi Gun ",1862734," Higashisonogi Cho",42321,33.0052,129.9926,,hitotsuishigo
JP,Japan,Japón,853-0000,Goto Shi,Nagasaki Ken,27,Goto Shi,7418804,,,32.6966,128.8416,,goto-shi
JP,Japan,Japón,853-0001,Sakaemachi,Nagasaki Ken,27,Goto Shi,7418804,,,32.6965,128.8458,,sakaemachi
JP,Japan,Japón,853-0002,Chuomachi,Nagasaki Ken,27,Goto Shi,7418804,,,32.6947,128.844,,chuomachi
JP,Japan,Japón,853-0003,Nishikimachi,Nagasaki Ken,27,Goto Shi,7418804,,,32.693,128.8424,,nishikimachi
JP,Japan,Japón,853-0004,Saiwaimachi,Nagasaki Ken,27,Goto Shi,7418804,,,32.6943,128.8403,,saiwaimachi
JP,Japan,Japón,853-0005,Suehiromachi,Nagasaki Ken,27,Goto Shi,7418804,,,32.6954,128.8426,,suehiromachi
JP,Japan,Japón,853-0006,Egawamachi,Nagasaki Ken,27,Goto Shi,7418804,,,32.6977,128.8443,,egawamachi
JP,Japan,Japón,853-0007,Fukuecho,Nagasaki Ken,27,Goto Shi,7418804,,,32.6986,128.8469,,fukuecho
JP,Japan,Japón,853-0011,Shimoozucho,Nagasaki Ken,27,Goto Shi,7418804,,,32.6774,128.8607,,shimoozucho
JP,Japan,Japón,853-0012,Nagatecho,Nagasaki Ken,27,Goto Shi,7418804,,,32.6733,128.8705,,nagatecho
JP,Japan,Japón,853-0013,Kamiozucho,Nagasaki Ken,27,Goto Shi,7418804,,,32.6731,128.8436,,kamiozucho
JP,Japan,Japón,853-0014,Mionocho,Nagasaki Ken,27,Goto Shi,7418804,,,32.6819,128.832,,mionocho
JP,Japan,Japón,853-0015,Higashihamamachi,Nagasaki Ken,27,Goto Shi,7418804,,,32.6935,128.8491,,higashihamamachi
JP,Japan,Japón,853-0016,Konyamachi,Nagasaki Ken,27,Goto Shi,7418804,,,32.6911,128.8476,,konyamachi
JP,Japan,Japón,853-0017,Bukeyashiki,Nagasaki Ken,27,Goto Shi,7418804,,,32.6909,128.8447,,bukeyashiki
JP,Japan,Japón,853-0018,Ikedamachi,Nagasaki Ken,27,Goto Shi,7418804,,,32.6934,128.8461,,ikedamachi
JP,Japan,Japón,853-0021,Shimosakiyamacho,Nagasaki Ken,27,Goto Shi,7418804,,,32.6628,128.873,,shimosakiyamacho
JP,Japan,Japón,853-0022,Mukaecho,Nagasaki Ken,27,Goto Shi,7418804,,,32.6481,128.8843,,mukaecho
JP,Japan,Japón,853-0023,Kamisakiyamacho,Nagasaki Ken,27,Goto Shi,7418804,,,32.6528,128.8618,,kamisakiyamacho
JP,Japan,Japón,853-0024,Nonokirecho,Nagasaki Ken,27,Goto Shi,7418804,,,32.6511,128.8343,,nonokirecho
JP,Japan,Japón,853-0025,Odomaricho,Nagasaki Ken,27,Goto Shi,7418804,,,32.6436,128.8241,,odomaricho
JP,Japan,Japón,853-0026,Hamacho,Nagasaki Ken,27,Goto Shi,7418804,,,32.6524,128.8123,,hamacho
JP,Japan,Japón,853-0027,Masudacho,Nagasaki Ken,27,Goto Shi,7418804,,,32.6677,128.779,,masudacho
JP,Japan,Japón,853-0031,Yoshikugicho,Nagasaki Ken,27,Goto Shi,7418804,,,32.6934,128.8226,,yoshikugicho
JP,Japan,Japón,853-0032,Oarecho,Nagasaki Ken,27,Goto Shi,7418804,,,32.7051,128.8253,,oarecho
JP,Japan,Japón,853-0033,Kobacho,Nagasaki Ken,27,Goto Shi,7418804,,,32.6917,128.8321,,kobacho
JP,Japan,Japón,853-0041,Komoribuchicho,Nagasaki Ken,27,Goto Shi,7418804,,,32.7065,128.8018,,komoribuchicho
JP,Japan,Japón,853-0042,Yoshidacho,Nagasaki Ken,27,Goto Shi,7418804,,,32.6886,128.785,,yoshidacho
JP,Japan,Japón,853-0043,Kodacho,Nagasaki Ken,27,Goto Shi,7418804,,,32.6764,128.7928,,kodacho
JP,Japan,Japón,853-0044,Tsutsumicho,Nagasaki Ken,27,Goto Shi,7418804,,,32.6709,128.8249,,tsutsumicho
JP,Japan,Japón,853-0051,Hirazocho,Nagasaki Ken,27,Goto Shi,7418804,,,32.7322,128.8363,,hirazocho
JP,Japan,Japón,853-0052,Matsuyamacho,Nagasaki Ken,27,Goto Shi,7418804,,,32.7052,128.8386,,matsuyamacho
JP,Japan,Japón,853-0053,Okuracho,Nagasaki Ken,27,Goto Shi,7418804,,,32.739,128.8133,,okuracho
JP,Japan,Japón,853-0054,Togicho,Nagasaki Ken,27,Goto Shi,7418804,,,32.7768,128.8018,,togicho
JP,Japan,Japón,853-0061,Oshimacho,Nagasaki Ken,27,Goto Shi,7418804,,,32.5664,128.8996,,oshimacho
JP,Japan,Japón,853-0062,Akashimacho,Nagasaki Ken,27,Goto Shi,7418804,,,32.5951,128.9207,,akashimacho
JP,Japan,Japón,853-0063,Shimminatomachi,Nagasaki Ken,27,Goto Shi,7418804,,,32.7012,128.8476,,shimminatomachi
JP,Japan,Japón,853-0064,Miono,Nagasaki Ken,27,Goto Shi,7418804,,,32.6913,128.8391,,miono
JP,Japan,Japón,853-0065,Sakanoe,Nagasaki Ken,27,Goto Shi,7418804,,,32.6893,128.8381,,sakanoe
JP,Japan,Japón,853-0066,Daienjicho,Nagasaki Ken,27,Goto Shi,7418804,,,32.688,128.8302,,daienjicho
JP,Japan,Japón,853-0201,Tomiemachi Tomie,Nagasaki Ken,27,Goto Shi,7418804,,,32.6834,128.839,,tomiemachi-tomie
JP,Japan,Japón,853-0202,Tomiemachi Matsuo,Nagasaki Ken,27,Goto Shi,7418804,,,32.6834,128.839,,tomiemachi-matsuo
JP,Japan,Japón,853-0203,Tomiemachi Tao,Nagasaki Ken,27,Goto Shi,7418804,,,32.6834,128.839,,tomiemachi-tao
JP,Japan,Japón,853-0204,Tomiemachi Shigejiki,Nagasaki Ken,27,Goto Shi,7418804,,,32.6834,128.839,,tomiemachi-shigejiki
JP,Japan,Japón,853-0205,Tomiemachi Karitate,Nagasaki Ken,27,Goto Shi,7418804,,,32.6834,128.839,,tomiemachi-karitate
JP,Japan,Japón,853-0206,Tomiemachi Yamate,Nagasaki Ken,27,Goto Shi,7418804,,,32.6834,128.839,,tomiemachi-yamate
JP,Japan,Japón,853-0207,Tomiemachi Nagamine,Nagasaki Ken,27,Goto Shi,7418804,,,32.6834,128.839,,tomiemachi-nagamine
JP,Japan,Japón,853-0208,Tomiemachi Kuroshima,Nagasaki Ken,27,Goto Shi,7418804,,,32.6834,128.839,,tomiemachi-kuroshima
JP,Japan,Japón,853-0211,Tomiemachi Kurose,Nagasaki Ken,27,Goto Shi,7418804,,,32.6834,128.839,,tomiemachi-kurose
JP,Japan,Japón,853-0212,Tomiemachi Yamashita,Nagasaki Ken,27,Goto Shi,7418804,,,32.6834,128.839,,tomiemachi-yamashita
JP,Japan,Japón,853-0213,Tomiemachi Take,Nagasaki Ken,27,Goto Shi,7418804,,,32.6834,128.839,,tomiemachi-take
JP,Japan,Japón,853-0214,Tomiemachi Tsuchitori,Nagasaki Ken,27,Goto Shi,7418804,,,32.6834,128.839,,tomiemachi-tsuchitori
JP,Japan,Japón,853-0215,Tomiemachi Shokunin,Nagasaki Ken,27,Goto Shi,7418804,,,32.6834,128.839,,tomiemachi-shokunin
JP,Japan,Japón,853-0311,Kishikumachi Nihongusu,Nagasaki Ken,27,Goto Shi,7418804,,,32.6834,128.839,,kishikumachi-nihongusu
JP,Japan,Japón,853-0312,Kishikumachi Nakadake,Nagasaki Ken,27,Goto Shi,7418804,,,32.6834,128.839,,kishikumachi-nakadake
JP,Japan,Japón,853-0313,Kishikumachi Matsuyama,Nagasaki Ken,27,Goto Shi,7418804,,,32.6834,128.839,,kishikumachi-matsuyama
JP,Japan,Japón,853-0411,Tamanoramachi Tamanora,Nagasaki Ken,27,Goto Shi,7418804,,,32.6834,128.839,,tamanoramachi-tamanora
JP,Japan,Japón,853-0412,Tamanoramachi Tachiya,Nagasaki Ken,27,Goto Shi,7418804,,,32.6834,128.839,,tamanoramachi-tachiya
JP,Japan,Japón,853-0413,Tamanoramachi Daiho,Nagasaki Ken,27,Goto Shi,7418804,,,32.6834,128.839,,tamanoramachi-daiho
JP,Japan,Japón,853-0501,Tamanoramachi Arakawa,Nagasaki Ken,27,Goto Shi,7418804,,,32.6834,128.839,,tamanoramachi-arakawa
JP,Japan,Japón,853-0502,Tamanoramachi Itsukuyama,Nagasaki Ken,27,Goto Shi,7418804,,,32.6834,128.839,,tamanoramachi-itsukuyama
JP,Japan,Japón,853-0503,Tamanoramachi Ogawa,Nagasaki Ken,27,Goto Shi,7418804,,,32.6834,128.839,,tamanoramachi-ogawa
JP,Japan,Japón,853-0504,Tamanoramachi Tanna,Nagasaki Ken,27,Goto Shi,7418804,,,32.6834,128.839,,tamanoramachi-tanna
JP,Japan,Japón,853-0505,Tamanoramachi Nakasu,Nagasaki Ken,27,Goto Shi,7418804,,,32.6834,128.839,,tamanoramachi-nakasu
JP,Japan,Japón,853-0506,Tamanoramachi Kaminohira,Nagasaki Ken,27,Goto Shi,7418804,,,32.6834,128.839,,tamanoramachi-kaminohira
JP,Japan,Japón,853-0507,Tamanoramachi Tontomari,Nagasaki Ken,27,Goto Shi,7418804,,,32.6834,128.839,,tamanoramachi-tontomari
JP,Japan,Japón,853-0508,Tamanoramachi Nunora,Nagasaki Ken,27,Goto Shi,7418804,,,32.6834,128.839,,tamanoramachi-nunora
JP,Japan,Japón,853-0601,Miirakumachi Hamanokuri,Nagasaki Ken,27,Goto Shi,7418804,,,32.6834,128.839,,miirakumachi-hamanokuri
JP,Japan,Japón,853-0602,Miirakumachi Okawa,Nagasaki Ken,27,Goto Shi,7418804,,,32.6834,128.839,,miirakumachi-okawa
JP,Japan,Japón,853-0603,Miirakumachi Kashiwa,Nagasaki Ken,27,Goto Shi,7418804,,,32.6834,128.839,,miirakumachi-kashiwa
JP,Japan,Japón,853-0604,Miirakumachi Kaitsu,Nagasaki Ken,27,Goto Shi,7418804,,,32.6834,128.839,,miirakumachi-kaitsu
JP,Japan,Japón,853-0605,Miirakumachi Hamasako,Nagasaki Ken,27,Goto Shi,7418804,,,32.6834,128.839,,miirakumachi-hamasako
JP,Japan,Japón,853-0606,Miirakumachi Ushinora,Nagasaki Ken,27,Goto Shi,7418804,,,32.6834,128.839,,miirakumachi-ushinora
JP,Japan,Japón,853-0607,Miirakumachi Take,Nagasaki Ken,27,Goto Shi,7418804,,,32.6834,128.839,,miirakumachi-take
JP,Japan,Japón,853-0608,Miirakumachi Hasama,Nagasaki Ken,27,Goto Shi,7418804,,,32.6834,128.839,,miirakumachi-hasama
JP,Japan,Japón,853-0609,Miirakumachi Fuchinomoto,Nagasaki Ken,27,Goto Shi,7418804,,,32.6834,128.839,,miirakumachi-fuchinomoto
JP,Japan,Japón,853-0611,Miirakumachi Saganoshima,Nagasaki Ken,27,Goto Shi,7418804,,,32.6834,128.839,,miirakumachi-saganoshima
JP,Japan,Japón,853-0612,Miirakumachi Takasaki,Nagasaki Ken,27,Goto Shi,7418804,,,32.6834,128.839,,miirakumachi-takasaki
JP,Japan,Japón,853-0613,Miirakumachi Shiomizu,Nagasaki Ken,27,Goto Shi,7418804,,,32.6834,128.839,,miirakumachi-shiomizu
JP,Japan,Japón,853-0692,五島市　三井楽支所,Nagasaki Ken,27,Goto Shi,7418804,,,32.6834,128.839,,
JP,Japan,Japón,853-0701,Kishikumachi Kishiku,Nagasaki Ken,27,Goto Shi,7418804,,,32.6834,128.839,,kishikumachi-kishiku
JP,Japan,Japón,853-0702,Kishikumachi Kawara,Nagasaki Ken,27,Goto Shi,7418804,,,32.6834,128.839,,kishikumachi-kawara
JP,Japan,Japón,853-0703,Kishikumachi Kusuhara,Nagasaki Ken,27,Goto Shi,7418804,,,32.6834,128.839,,kishikumachi-kusuhara
JP,Japan,Japón,853-0704,Kishikumachi Komu,Nagasaki Ken,27,Goto Shi,7418804,,,32.6834,128.839,,kishikumachi-komu
JP,Japan,Japón,853-0705,Kishikumachi Toginokubi,Nagasaki Ken,27,Goto Shi,7418804,,,32.6834,128.839,,kishikumachi-toginokubi
JP,Japan,Japón,853-0706,Kishikumachi Tosennora,Nagasaki Ken,27,Goto Shi,7418804,,,32.6834,128.839,,kishikumachi-tosennora
JP,Japan,Japón,853-2171,Hisakacho,Nagasaki Ken,27,Goto Shi,7418804,,,32.7865,128.8733,,hisakacho
JP,Japan,Japón,853-2172,Warabicho,Nagasaki Ken,27,Goto Shi,7418804,,,32.821,128.8847,,warabicho
JP,Japan,Japón,853-2173,Tanoracho,Nagasaki Ken,27,Goto Shi,7418804,,,32.7805,128.8488,,tanoracho
JP,Japan,Japón,853-2174,Inokicho,Nagasaki Ken,27,Goto Shi,7418804,,,32.8129,128.8518,,inokicho
JP,Japan,Japón,853-2201,Narumachi Ura,Nagasaki Ken,27,Goto Shi,7418804,,,32.8598,128.9678,,narumachi-ura
JP,Japan,Japón,853-2202,Narumachi Okushi,Nagasaki Ken,27,Goto Shi,7418804,,,32.8598,128.9678,,narumachi-okushi
JP,Japan,Japón,853-2203,Narumachi Tomari,Nagasaki Ken,27,Goto Shi,7418804,,,32.8598,128.9678,,narumachi-tomari
JP,Japan,Japón,853-2204,Narumachi Funamawari,Nagasaki Ken,27,Goto Shi,7418804,,,32.8598,128.9678,,narumachi-funamawari
JP,Japan,Japón,853-2292,五島市　奈留支所,Nagasaki Ken,27,Goto Shi,7418804,,,32.8598,128.9678,,
JP,Japan,Japón,853-2481,Ifukicho,Nagasaki Ken,27,Goto Shi,7418804,,,32.7512,128.9759,,ifukicho
JP,Japan,Japón,853-2482,Motogamacho,Nagasaki Ken,27,Goto Shi,7418804,,,32.7706,128.9988,,motogamacho
JP,Japan,Japón,853-8501,Fukuecho,Nagasaki Ken,27,Goto Shi,7418804,,,32.6989,128.7687,,fukuecho
JP,Japan,Japón,853-8502,Fukuecho,Nagasaki Ken,27,Goto Shi,7418804,,,32.6989,128.7687,,fukuecho
JP,Japan,Japón,853-8601,Fukuecho,Nagasaki Ken,27,Goto Shi,7418804,,,32.6989,128.7687,,fukuecho
JP,Japan,Japón,859-4801,Tabiracho Takezakimen,Nagasaki Ken,27,Hirado Shi,7418805,,,33.316,129.4869,,tabiracho-takezakimen
JP,Japan,Japón,859-4802,Tabiracho Fukuzakimen,Nagasaki Ken,27,Hirado Shi,7418805,,,33.316,129.4869,,tabiracho-fukuzakimen
JP,Japan,Japón,859-4803,Tabiracho Kozakimen,Nagasaki Ken,27,Hirado Shi,7418805,,,33.316,129.4869,,tabiracho-kozakimen
JP,Japan,Japón,859-4804,Tabiracho Kamigamemen,Nagasaki Ken,27,Hirado Shi,7418805,,,33.316,129.4869,,tabiracho-kamigamemen
JP,Japan,Japón,859-4805,Tabiracho Motoyamamen,Nagasaki Ken,27,Hirado Shi,7418805,,,33.316,129.4869,,tabiracho-motoyamamen
JP,Japan,Japón,859-4806,Tabiracho Shimogamemen,Nagasaki Ken,27,Hirado Shi,7418805,,,33.316,129.4869,,tabiracho-shimogamemen
JP,Japan,Japón,859-4807,Tabiracho Satomen,Nagasaki Ken,27,Hirado Shi,7418805,,,33.316,129.4869,,tabiracho-satomen
JP,Japan,Japón,859-4811,Tabiracho Furukajimen,Nagasaki Ken,27,Hirado Shi,7418805,,,33.316,129.4869,,tabiracho-furukajimen
JP,Japan,Japón,859-4812,Tabiracho Tashiromen,Nagasaki Ken,27,Hirado Shi,7418805,,,33.316,129.4869,,tabiracho-tashiromen
JP,Japan,Japón,859-4813,Tabiracho Fukatsukimen,Nagasaki Ken,27,Hirado Shi,7418805,,,33.316,129.4869,,tabiracho-fukatsukimen
JP,Japan,Japón,859-4814,Tabiracho Iyoshimen,Nagasaki Ken,27,Hirado Shi,7418805,,,33.316,129.4869,,tabiracho-iyoshimen
JP,Japan,Japón,859-4815,Tabiracho Shimoderamen,Nagasaki Ken,27,Hirado Shi,7418805,,,33.316,129.4869,,tabiracho-shimoderamen
JP,Japan,Japón,859-4821,Tabiracho Okubomen,Nagasaki Ken,27,Hirado Shi,7418805,,,33.316,129.4869,,tabiracho-okubomen
JP,Japan,Japón,859-4822,Tabiracho Issekimen,Nagasaki Ken,27,Hirado Shi,7418805,,,33.316,129.4869,,tabiracho-issekimen
JP,Japan,Japón,859-4823,Tabiracho Ogitamen,Nagasaki Ken,27,Hirado Shi,7418805,,,33.316,129.4869,,tabiracho-ogitamen
JP,Japan,Japón,859-4824,Tabiracho Kotedamen,Nagasaki Ken,27,Hirado Shi,7418805,,,33.316,129.4869,,tabiracho-kotedamen
JP,Japan,Japón,859-4825,Tabiracho Yamauchimen,Nagasaki Ken,27,Hirado Shi,7418805,,,33.316,129.4869,,tabiracho-yamauchimen
JP,Japan,Japón,859-4826,Tabiracho Nodamen,Nagasaki Ken,27,Hirado Shi,7418805,,,33.316,129.4869,,tabiracho-nodamen
JP,Japan,Japón,859-4827,Tabiracho Yokoshimamen,Nagasaki Ken,27,Hirado Shi,7418805,,,33.316,129.4869,,tabiracho-yokoshimamen
JP,Japan,Japón,859-4892,平戸市役所　田平支所,Nagasaki Ken,27,Hirado Shi,7418805,,,33.316,129.4869,,
JP,Japan,Japón,859-5100,Hirado Shi,Nagasaki Ken,27,Hirado Shi,7418805,,,33.3994,129.5453,,hirado-shi
JP,Japan,Japón,859-5101,Takushimacho,Nagasaki Ken,27,Hirado Shi,7418805,,,33.4392,129.5247,,takushimacho
JP,Japan,Japón,859-5102,Okubocho,Nagasaki Ken,27,Hirado Shi,7418805,,,33.3944,129.5455,,okubocho
JP,Japan,Japón,859-5103,Tasukecho,Nagasaki Ken,27,Hirado Shi,7418805,,,33.3919,129.5564,,tasukecho
JP,Japan,Japón,859-5104,Sakigatacho,Nagasaki Ken,27,Hirado Shi,7418805,,,33.372,129.5546,,sakigatacho
JP,Japan,Japón,859-5111,Uranocho,Nagasaki Ken,27,Hirado Shi,7418805,,,33.3718,129.5523,,uranocho
JP,Japan,Japón,859-5112,Miyanocho,Nagasaki Ken,27,Hirado Shi,7418805,,,33.3699,129.5525,,miyanocho
JP,Japan,Japón,859-5113,Kihikidacho,Nagasaki Ken,27,Hirado Shi,7418805,,,33.3672,129.552,,kihikidacho
JP,Japan,Japón,859-5114,Tsukijicho,Nagasaki Ken,27,Hirado Shi,7418805,,,33.367,129.5529,,tsukijicho
JP,Japan,Japón,859-5115,Shimmachi,Nagasaki Ken,27,Hirado Shi,7418805,,,33.366,129.554,,shimmachi
JP,Japan,Japón,859-5116,Shokunincho,Nagasaki Ken,27,Hirado Shi,7418805,,,33.3642,129.552,,shokunincho
JP,Japan,Japón,859-5117,Uonotanacho,Nagasaki Ken,27,Hirado Shi,7418805,,,33.366,129.5507,,uonotanacho
JP,Japan,Japón,859-5118,Koyamachi,Nagasaki Ken,27,Hirado Shi,7418805,,,33.3666,129.5505,,koyamachi
JP,Japan,Japón,859-5121,Iwanoecho,Nagasaki Ken,27,Hirado Shi,7418805,,,33.3615,129.558,,iwanoecho
JP,Japan,Japón,859-5122,Akenokawachicho,Nagasaki Ken,27,Hirado Shi,7418805,,,33.3516,129.5434,,akenokawachicho
JP,Japan,Japón,859-5123,Onocho,Nagasaki Ken,27,Hirado Shi,7418805,,,33.3432,129.5402,,onocho
JP,Japan,Japón,859-5131,Oyamacho,Nagasaki Ken,27,Hirado Shi,7418805,,,33.338,129.5346,,oyamacho
JP,Japan,Japón,859-5132,Kawachicho,Nagasaki Ken,27,Hirado Shi,7418805,,,33.3359,129.5241,,kawachicho
JP,Japan,Japón,859-5133,Nakanookubocho,Nagasaki Ken,27,Hirado Shi,7418805,,,33.335,129.5114,,nakanookubocho
JP,Japan,Japón,859-5134,Mizutaricho,Nagasaki Ken,27,Hirado Shi,7418805,,,33.3198,129.514,,mizutaricho
JP,Japan,Japón,859-5141,Yamanakacho,Nagasaki Ken,27,Hirado Shi,7418805,,,33.3309,129.486,,yamanakacho
JP,Japan,Japón,859-5142,Shushicho,Nagasaki Ken,27,Hirado Shi,7418805,,,33.3465,129.466,,shushicho
JP,Japan,Japón,859-5143,Bogatacho,Nagasaki Ken,27,Hirado Shi,7418805,,,33.3441,129.4922,,bogatacho
JP,Japan,Japón,859-5144,Shimonakanocho,Nagasaki Ken,27,Hirado Shi,7418805,,,33.3494,129.5046,,shimonakanocho
JP,Japan,Japón,859-5145,Furuecho,Nagasaki Ken,27,Hirado Shi,7418805,,,33.3659,129.5109,,furuecho
JP,Japan,Japón,859-5151,Kohikicho,Nagasaki Ken,27,Hirado Shi,7418805,,,33.3508,129.5265,,kohikicho
JP,Japan,Japón,859-5152,Kagamigawacho,Nagasaki Ken,27,Hirado Shi,7418805,,,33.3692,129.5396,,kagamigawacho
JP,Japan,Japón,859-5153,Toishigawacho,Nagasaki Ken,27,Hirado Shi,7418805,,,33.36,129.5428,,toishigawacho
JP,Japan,Japón,859-5192,Iwanoecho,Nagasaki Ken,27,Hirado Shi,7418805,,,33.3621,129.5335,,iwanoecho
JP,Japan,Japón,859-5361,Himosashicho,Nagasaki Ken,27,Hirado Shi,7418805,,,33.2892,129.4701,,himosashicho
JP,Japan,Japón,859-5362,Kigatsucho,Nagasaki Ken,27,Hirado Shi,7418805,,,33.2934,129.4819,,kigatsucho
JP,Japan,Japón,859-5363,Kusazumicho,Nagasaki Ken,27,Hirado Shi,7418805,,,33.2727,129.4563,,kusazumicho
JP,Japan,Japón,859-5364,Mukaehimosashicho,Nagasaki Ken,27,Hirado Shi,7418805,,,33.2945,129.4824,,mukaehimosashicho
JP,Japan,Japón,859-5365,Kobacho,Nagasaki Ken,27,Hirado Shi,7418805,,,33.2995,129.4947,,kobacho
JP,Japan,Japón,859-5366,Hokicho,Nagasaki Ken,27,Hirado Shi,7418805,,,33.3114,129.506,,hokicho
JP,Japan,Japón,859-5371,Shishicho,Nagasaki Ken,27,Hirado Shi,7418805,,,33.3119,129.4484,,shishicho
JP,Japan,Japón,859-5372,Takagoecho,Nagasaki Ken,27,Hirado Shi,7418805,,,33.3265,129.4513,,takagoecho
JP,Japan,Japón,859-5373,Kasugacho,Nagasaki Ken,27,Hirado Shi,7418805,,,33.3387,129.4507,,kasugacho
JP,Japan,Japón,859-5374,Fukagawacho,Nagasaki Ken,27,Hirado Shi,7418805,,,33.3136,129.4818,,fukagawacho
JP,Japan,Japón,859-5375,Hegonoharacho,Nagasaki Ken,27,Hirado Shi,7418805,,,33.3027,129.473,,hegonoharacho
JP,Japan,Japón,859-5376,Oishiwakicho,Nagasaki Ken,27,Hirado Shi,7418805,,,33.3072,129.4618,,oishiwakicho
JP,Japan,Japón,859-5381,Neshikocho,Nagasaki Ken,27,Hirado Shi,7418805,,,33.2912,129.4369,,neshikocho
JP,Japan,Japón,859-5382,Iiracho,Nagasaki Ken,27,Hirado Shi,7418805,,,33.2807,129.434,,iiracho
JP,Japan,Japón,859-5383,Okawaracho,Nagasaki Ken,27,Hirado Shi,7418805,,,33.2526,129.4774,,okawaracho
JP,Japan,Japón,859-5384,Akamatsucho,Nagasaki Ken,27,Hirado Shi,7418805,,,33.2669,129.4736,,akamatsucho
JP,Japan,Japón,859-5392,Kusazumicho,Nagasaki Ken,27,Hirado Shi,7418805,,,33.297,129.4675,,kusazumicho
JP,Japan,Japón,859-5393,Kusazumicho,Nagasaki Ken,27,Hirado Shi,7418805,,,33.297,129.4675,,kusazumicho
JP,Japan,Japón,859-5501,Tsutsumicho,Nagasaki Ken,27,Hirado Shi,7418805,,,33.2628,129.4159,,tsutsumicho
JP,Japan,Japón,859-5502,Itoyacho,Nagasaki Ken,27,Hirado Shi,7418805,,,33.2576,129.4311,,itoyacho
JP,Japan,Japón,859-5503,Kaminakatsuracho,Nagasaki Ken,27,Hirado Shi,7418805,,,33.2543,129.4528,,kaminakatsuracho
JP,Japan,Japón,859-5504,Shimonakatsuracho,Nagasaki Ken,27,Hirado Shi,7418805,,,33.2321,129.4398,,shimonakatsuracho
JP,Japan,Japón,859-5505,Shikisacho,Nagasaki Ken,27,Hirado Shi,7418805,,,33.2341,129.4559,,shikisacho
JP,Japan,Japón,859-5511,Shibunecho,Nagasaki Ken,27,Hirado Shi,7418805,,,33.2331,129.4246,,shibunecho
JP,Japan,Japón,859-5512,Tsuyoshicho,Nagasaki Ken,27,Hirado Shi,7418805,,,33.2201,129.4346,,tsuyoshicho
JP,Japan,Japón,859-5513,Tsujicho,Nagasaki Ken,27,Hirado Shi,7418805,,,33.2175,129.4223,,tsujicho
JP,Japan,Japón,859-5514,Budaijicho,Nagasaki Ken,27,Hirado Shi,7418805,,,33.2147,129.4116,,budaijicho
JP,Japan,Japón,859-5515,Ayukawacho,Nagasaki Ken,27,Hirado Shi,7418805,,,33.2228,129.4153,,ayukawacho
JP,Japan,Japón,859-5516,Osashicho,Nagasaki Ken,27,Hirado Shi,7418805,,,33.2328,129.409,,osashicho
JP,Japan,Japón,859-5521,Funagicho,Nagasaki Ken,27,Hirado Shi,7418805,,,33.228,129.4663,,funagicho
JP,Japan,Japón,859-5522,Konokawacho,Nagasaki Ken,27,Hirado Shi,7418805,,,33.217,129.4507,,konokawacho
JP,Japan,Japón,859-5523,Maetsuyoshicho,Nagasaki Ken,27,Hirado Shi,7418805,,,33.2121,129.4457,,maetsuyoshicho
JP,Japan,Japón,859-5524,Kamiagecho,Nagasaki Ken,27,Hirado Shi,7418805,,,33.2007,129.4402,,kamiagecho
JP,Japan,Japón,859-5525,Higashinakayamacho,Nagasaki Ken,27,Hirado Shi,7418805,,,33.2004,129.4278,,higashinakayamacho
JP,Japan,Japón,859-5526,Nishinakayamacho,Nagasaki Ken,27,Hirado Shi,7418805,,,33.206,129.418,,nishinakayamacho
JP,Japan,Japón,859-5527,Tashirocho,Nagasaki Ken,27,Hirado Shi,7418805,,,33.2126,129.4364,,tashirocho
JP,Japan,Japón,859-5531,Haifukucho,Nagasaki Ken,27,Hirado Shi,7418805,,,33.225,129.3943,,haifukucho
JP,Japan,Japón,859-5532,Oshijikicho,Nagasaki Ken,27,Hirado Shi,7418805,,,33.2071,129.3933,,oshijikicho
JP,Japan,Japón,859-5533,Shijikicho,Nagasaki Ken,27,Hirado Shi,7418805,,,33.2005,129.4077,,shijikicho
JP,Japan,Japón,859-5534,Odacho,Nagasaki Ken,27,Hirado Shi,7418805,,,33.1868,129.413,,odacho
JP,Japan,Japón,859-5535,Nokocho,Nagasaki Ken,27,Hirado Shi,7418805,,,33.1884,129.3624,,nokocho
JP,Japan,Japón,859-5701,Ikitsukicho Ichibu,Nagasaki Ken,27,Hirado Shi,7418805,,,33.2988,129.4808,,ikitsukicho-ichibu
JP,Japan,Japón,859-5702,Ikitsukicho Ichibura,Nagasaki Ken,27,Hirado Shi,7418805,,,33.2988,129.4808,,ikitsukicho-ichibura
JP,Japan,Japón,859-5703,Ikitsukicho Satomen,Nagasaki Ken,27,Hirado Shi,7418805,,,33.2988,129.4808,,ikitsukicho-satomen
JP,Japan,Japón,859-5704,Ikitsukicho Yamadamen,Nagasaki Ken,27,Hirado Shi,7418805,,,33.2988,129.4808,,ikitsukicho-yamadamen
JP,Japan,Japón,859-5705,Ikitsukicho Tachiura,Nagasaki Ken,27,Hirado Shi,7418805,,,33.2988,129.4808,,ikitsukicho-tachiura
JP,Japan,Japón,859-5706,Ikitsukicho Minamimen,Nagasaki Ken,27,Hirado Shi,7418805,,,33.2988,129.4808,,ikitsukicho-minamimen
JP,Japan,Japón,859-5707,Ikitsukicho Misaki,Nagasaki Ken,27,Hirado Shi,7418805,,,33.2988,129.4808,,ikitsukicho-misaki
JP,Japan,Japón,859-5801,Oshimamura Konora,Nagasaki Ken,27,Hirado Shi,7418805,,,33.2988,129.4808,,oshimamura-konora
JP,Japan,Japón,859-5802,Oshimamura Maebira,Nagasaki Ken,27,Hirado Shi,7418805,,,33.2988,129.4808,,oshimamura-maebira
JP,Japan,Japón,859-5803,Oshimamura Nishiudo,Nagasaki Ken,27,Hirado Shi,7418805,,,33.2988,129.4808,,oshimamura-nishiudo
JP,Japan,Japón,859-5804,Oshimamura Onezaka,Nagasaki Ken,27,Hirado Shi,7418805,,,33.2988,129.4808,,oshimamura-onezaka
JP,Japan,Japón,859-5805,Oshimamura Azuchikawachi,Nagasaki Ken,27,Hirado Shi,7418805,,,33.2988,129.4808,,oshimamura-azuchikawachi
JP,Japan,Japón,859-5806,Oshimamura Azuchitoda,Nagasaki Ken,27,Hirado Shi,7418805,,,33.2988,129.4808,,oshimamura-azuchitoda
JP,Japan,Japón,859-1501,Fukaecho Ko,Nagasaki Ken,27,Minamishimabara Shi,7418806,,,32.6756,130.2569,,fukaecho-ko
JP,Japan,Japón,859-1502,Fukaecho Otsu,Nagasaki Ken,27,Minamishimabara Shi,7418806,,,32.6756,130.2569,,fukaecho-otsu
JP,Japan,Japón,859-1503,Fukaecho Hei,Nagasaki Ken,27,Minamishimabara Shi,7418806,,,32.6756,130.2569,,fukaecho-hei
JP,Japan,Japón,859-1504,Fukaecho Tei,Nagasaki Ken,27,Minamishimabara Shi,7418806,,,32.6756,130.2569,,fukaecho-tei
JP,Japan,Japón,859-1505,Fukaecho Bo,Nagasaki Ken,27,Minamishimabara Shi,7418806,,,32.6756,130.2569,,fukaecho-bo
JP,Japan,Japón,859-1592,日本トータルテレマーケティング　株式会社,Nagasaki Ken,27,Minamishimabara Shi,7418806,,,32.6756,130.2569,,
JP,Japan,Japón,859-2111,Futsucho Ko,Nagasaki Ken,27,Minamishimabara Shi,7418806,,,32.6756,130.2569,,futsucho-ko
JP,Japan,Japón,859-2112,Futsucho Otsu,Nagasaki Ken,27,Minamishimabara Shi,7418806,,,32.6756,130.2569,,futsucho-otsu
JP,Japan,Japón,859-2113,Futsucho Hei,Nagasaki Ken,27,Minamishimabara Shi,7418806,,,32.6756,130.2569,,futsucho-hei
JP,Japan,Japón,859-2121,Ariecho Ishida,Nagasaki Ken,27,Minamishimabara Shi,7418806,,,32.6756,130.2569,,ariecho-ishida
JP,Japan,Japón,859-2122,Ariecho Ozono,Nagasaki Ken,27,Minamishimabara Shi,7418806,,,32.6756,130.2569,,ariecho-ozono
JP,Japan,Japón,859-2123,Ariecho Harao,Nagasaki Ken,27,Minamishimabara Shi,7418806,,,32.6756,130.2569,,ariecho-harao
JP,Japan,Japón,859-2201,Ariecho Kubo,Nagasaki Ken,27,Minamishimabara Shi,7418806,,,32.6756,130.2569,,ariecho-kubo
JP,Japan,Japón,859-2202,Ariecho Yamagawa,Nagasaki Ken,27,Minamishimabara Shi,7418806,,,32.6756,130.2569,,ariecho-yamagawa
JP,Japan,Japón,859-2203,Ariecho Onoe,Nagasaki Ken,27,Minamishimabara Shi,7418806,,,32.6756,130.2569,,ariecho-onoe
JP,Japan,Japón,859-2204,Ariecho Kamaga,Nagasaki Ken,27,Minamishimabara Shi,7418806,,,32.6756,130.2569,,ariecho-kamaga
JP,Japan,Japón,859-2205,Ariecho Kogawa,Nagasaki Ken,27,Minamishimabara Shi,7418806,,,32.6756,130.2569,,ariecho-kogawa
JP,Japan,Japón,859-2206,Ariecho Nakasukawa,Nagasaki Ken,27,Minamishimabara Shi,7418806,,,32.6756,130.2569,,ariecho-nakasukawa
JP,Japan,Japón,859-2211,Nishiariecho Satobo,Nagasaki Ken,27,Minamishimabara Shi,7418806,,,32.6756,130.2569,,nishiariecho-satobo
JP,Japan,Japón,859-2212,Nishiariecho Sukawa,Nagasaki Ken,27,Minamishimabara Shi,7418806,,,32.6756,130.2569,,nishiariecho-sukawa
JP,Japan,Japón,859-2213,Nishiariecho Midake,Nagasaki Ken,27,Minamishimabara Shi,7418806,,,32.6756,130.2569,,nishiariecho-midake
JP,Japan,Japón,859-2214,Nishiariecho Jionji,Nagasaki Ken,27,Minamishimabara Shi,7418806,,,32.6756,130.2569,,nishiariecho-jionji
JP,Japan,Japón,859-2215,Nishiariecho Nagano,Nagasaki Ken,27,Minamishimabara Shi,7418806,,,32.6756,130.2569,,nishiariecho-nagano
JP,Japan,Japón,859-2216,Nishiariecho Tatsuishi,Nagasaki Ken,27,Minamishimabara Shi,7418806,,,32.6756,130.2569,,nishiariecho-tatsuishi
JP,Japan,Japón,859-2301,Kitaarimacho Ko,Nagasaki Ken,27,Minamishimabara Shi,7418806,,,32.6756,130.2569,,kitaarimacho-ko
JP,Japan,Japón,859-2302,Kitaarimacho Otsu,Nagasaki Ken,27,Minamishimabara Shi,7418806,,,32.6756,130.2569,,kitaarimacho-otsu
JP,Japan,Japón,859-2303,Kitaarimacho Hei,Nagasaki Ken,27,Minamishimabara Shi,7418806,,,32.6756,130.2569,,kitaarimacho-hei
JP,Japan,Japón,859-2304,Kitaarimacho Tei,Nagasaki Ken,27,Minamishimabara Shi,7418806,,,32.6756,130.2569,,kitaarimacho-tei
JP,Japan,Japón,859-2305,Kitaarimacho Bo,Nagasaki Ken,27,Minamishimabara Shi,7418806,,,32.6756,130.2569,,kitaarimacho-bo
JP,Japan,Japón,859-2306,Kitaarimacho Ki,Nagasaki Ken,27,Minamishimabara Shi,7418806,,,32.6756,130.2569,,kitaarimacho-ki
JP,Japan,Japón,859-2316,Minamiarimacho Ki (Furuzonotorotsug,Nagasaki Ken,27,Minamishimabara Shi,7418806,,,32.6756,130.2569,,minamiarimacho-ki-furuzonotorotsug
JP,Japan,Japón,859-2411,Minamiarimacho Ko,Nagasaki Ken,27,Minamishimabara Shi,7418806,,,32.6756,130.2569,,minamiarimacho-ko
JP,Japan,Japón,859-2412,Minamiarimacho Otsu,Nagasaki Ken,27,Minamishimabara Shi,7418806,,,32.6756,130.2569,,minamiarimacho-otsu
JP,Japan,Japón,859-2413,Minamiarimacho Hei,Nagasaki Ken,27,Minamishimabara Shi,7418806,,,32.6756,130.2569,,minamiarimacho-hei
JP,Japan,Japón,859-2414,Minamiarimacho Tei,Nagasaki Ken,27,Minamishimabara Shi,7418806,,,32.6756,130.2569,,minamiarimacho-tei
JP,Japan,Japón,859-2415,Minamiarimacho Bo,Nagasaki Ken,27,Minamishimabara Shi,7418806,,,32.6756,130.2569,,minamiarimacho-bo
JP,Japan,Japón,859-2416,Minamiarimacho Ki(Sonota),Nagasaki Ken,27,Minamishimabara Shi,7418806,,,32.6756,130.2569,,minamiarimacho-ki-sonota
JP,Japan,Japón,859-2501,Kuchinotsucho Otsu,Nagasaki Ken,27,Minamishimabara Shi,7418806,,,32.6756,130.2569,,kuchinotsucho-otsu
JP,Japan,Japón,859-2502,Kuchinotsucho Ko,Nagasaki Ken,27,Minamishimabara Shi,7418806,,,32.6756,130.2569,,kuchinotsucho-ko
JP,Japan,Japón,859-2503,Kuchinotsucho Tei,Nagasaki Ken,27,Minamishimabara Shi,7418806,,,32.6756,130.2569,,kuchinotsucho-tei
JP,Japan,Japón,859-2504,Kuchinotsucho Hei,Nagasaki Ken,27,Minamishimabara Shi,7418806,,,32.6756,130.2569,,kuchinotsucho-hei
JP,Japan,Japón,859-2600,Minamishimabara Shi,Nagasaki Ken,27,Minamishimabara Shi,7418806,,,32.6756,130.2569,,minamishimabara-shi
JP,Japan,Japón,859-2601,Kazusacho Ki,Nagasaki Ken,27,Minamishimabara Shi,7418806,,,32.6756,130.2569,,kazusacho-ki
JP,Japan,Japón,859-2602,Kazusacho Bo,Nagasaki Ken,27,Minamishimabara Shi,7418806,,,32.6756,130.2569,,kazusacho-bo
JP,Japan,Japón,859-2603,Kazusacho Tei,Nagasaki Ken,27,Minamishimabara Shi,7418806,,,32.6756,130.2569,,kazusacho-tei
JP,Japan,Japón,859-2604,Kazusacho Hei,Nagasaki Ken,27,Minamishimabara Shi,7418806,,,32.6756,130.2569,,kazusacho-hei
JP,Japan,Japón,859-2605,Kazusacho Otsu,Nagasaki Ken,27,Minamishimabara Shi,7418806,,,32.6756,130.2569,,kazusacho-otsu
JP,Japan,Japón,859-2606,Kazusacho Ko,Nagasaki Ken,27,Minamishimabara Shi,7418806,,,32.6756,130.2569,,kazusacho-ko
JP,Japan,Japón,856-0000,Omura Shi,Nagasaki Ken,27,Omura Shi,7418807,,,32.9735,129.9602,,omura-shi
JP,Japan,Japón,856-0001,Mururomachi,Nagasaki Ken,27,Omura Shi,7418807,,,32.9869,129.9561,,mururomachi
JP,Japan,Japón,856-0002,Higashinodakemachi,Nagasaki Ken,27,Omura Shi,7418807,,,32.9836,129.9838,,higashinodakemachi
JP,Japan,Japón,856-0003,Nodakemachi,Nagasaki Ken,27,Omura Shi,7418807,,,32.9737,129.9679,,nodakemachi
JP,Japan,Japón,856-0004,Rifukujimachi,Nagasaki Ken,27,Omura Shi,7418807,,,32.9665,129.9686,,rifukujimachi
JP,Japan,Japón,856-0005,Mirokujimachi,Nagasaki Ken,27,Omura Shi,7418807,,,32.9649,129.9577,,mirokujimachi
JP,Japan,Japón,856-0006,Fukushigemachi,Nagasaki Ken,27,Omura Shi,7418807,,,32.9662,129.9511,,fukushigemachi
JP,Japan,Japón,856-0007,Kusabamachi,Nagasaki Ken,27,Omura Shi,7418807,,,32.9709,129.9519,,kusabamachi
JP,Japan,Japón,856-0008,Matsubara,Nagasaki Ken,27,Omura Shi,7418807,,,32.9735,129.9602,,matsubara
JP,Japan,Japón,856-0009,Matsubarahommachi,Nagasaki Ken,27,Omura Shi,7418807,,,32.9753,129.9446,,matsubarahommachi
JP,Japan,Japón,856-0011,Shigeidamachi,Nagasaki Ken,27,Omura Shi,7418807,,,32.98,130.0061,,shigeidamachi
JP,Japan,Japón,856-0012,Kurokimachi,Nagasaki Ken,27,Omura Shi,7418807,,,32.9785,130.0541,,kurokimachi
JP,Japan,Japón,856-0013,Nakadakemachi,Nagasaki Ken,27,Omura Shi,7418807,,,32.9597,130.0318,,nakadakemachi
JP,Japan,Japón,856-0014,Tajimomachi,Nagasaki Ken,27,Omura Shi,7418807,,,32.9559,130.0014,,tajimomachi
JP,Japan,Japón,856-0015,Miyadaimachi,Nagasaki Ken,27,Omura Shi,7418807,,,32.9592,129.9906,,miyadaimachi
JP,Japan,Japón,856-0016,Haramachi,Nagasaki Ken,27,Omura Shi,7418807,,,32.943,129.9773,,haramachi
JP,Japan,Japón,856-0017,Arasemachi,Nagasaki Ken,27,Omura Shi,7418807,,,32.9463,129.9657,,arasemachi
JP,Japan,Japón,856-0018,Imatomimachi,Nagasaki Ken,27,Omura Shi,7418807,,,32.9538,129.9571,,imatomimachi
JP,Japan,Japón,856-0019,Nodamachi,Nagasaki Ken,27,Omura Shi,7418807,,,32.9615,129.9725,,nodamachi
JP,Japan,Japón,856-0020,Oroguchihommachi,Nagasaki Ken,27,Omura Shi,7418807,,,32.941,129.9561,,oroguchihommachi
JP,Japan,Japón,856-0021,Onibashimachi,Nagasaki Ken,27,Omura Shi,7418807,,,32.9464,129.9553,,onibashimachi
JP,Japan,Japón,856-0022,Masuragaharamachi,Nagasaki Ken,27,Omura Shi,7418807,,,32.939,129.998,,masuragaharamachi
JP,Japan,Japón,856-0023,Kamisuwamachi,Nagasaki Ken,27,Omura Shi,7418807,,,32.9261,129.9758,,kamisuwamachi
JP,Japan,Japón,856-0024,Suwa,Nagasaki Ken,27,Omura Shi,7418807,,,32.9364,129.9677,,suwa
JP,Japan,Japón,856-0025,Oroguchimachi,Nagasaki Ken,27,Omura Shi,7418807,,,32.9386,129.9587,,oroguchimachi
JP,Japan,Japón,856-0026,Ikeda,Nagasaki Ken,27,Omura Shi,7418807,,,32.9364,129.9677,,ikeda
JP,Japan,Japón,856-0027,Uematsu,Nagasaki Ken,27,Omura Shi,7418807,,,32.9364,129.9677,,uematsu
JP,Japan,Japón,856-0028,Sakaguchimachi,Nagasaki Ken,27,Omura Shi,7418807,,,32.9366,129.964,,sakaguchimachi
JP,Japan,Japón,856-0029,Ikedashimmachi,Nagasaki Ken,27,Omura Shi,7418807,,,32.9274,129.9658,,ikedashimmachi
JP,Japan,Japón,856-0031,Sanjocho,Nagasaki Ken,27,Omura Shi,7418807,,,32.9171,129.9648,,sanjocho
JP,Japan,Japón,856-0032,Higashiomura,Nagasaki Ken,27,Omura Shi,7418807,,,32.9166,129.9718,,higashiomura
JP,Japan,Japón,856-0033,Arahiramachi,Nagasaki Ken,27,Omura Shi,7418807,,,32.9217,129.9829,,arahiramachi
JP,Japan,Japón,856-0034,Mizuhakarimachi,Nagasaki Ken,27,Omura Shi,7418807,,,32.9174,129.9745,,mizuhakarimachi
JP,Japan,Japón,856-0035,Takebemachi,Nagasaki Ken,27,Omura Shi,7418807,,,32.9103,129.965,,takebemachi
JP,Japan,Japón,856-0041,Tokusengawachimachi,Nagasaki Ken,27,Omura Shi,7418807,,,32.9148,129.98,,tokusengawachimachi
JP,Japan,Japón,856-0042,Hiramachi,Nagasaki Ken,27,Omura Shi,7418807,,,32.907,130.0103,,hiramachi
JP,Japan,Japón,856-0043,Ogawauchimachi,Nagasaki Ken,27,Omura Shi,7418807,,,32.9036,130.001,,ogawauchimachi
JP,Japan,Japón,856-0044,Iwamatsumachi,Nagasaki Ken,27,Omura Shi,7418807,,,32.9004,129.9906,,iwamatsumachi
JP,Japan,Japón,856-0045,Mukaikobamachi,Nagasaki Ken,27,Omura Shi,7418807,,,32.9048,129.9854,,mukaikobamachi
JP,Japan,Japón,856-0046,Koba,Nagasaki Ken,27,Omura Shi,7418807,,,32.9065,129.9872,,koba
JP,Japan,Japón,856-0047,Sudanokimachi,Nagasaki Ken,27,Omura Shi,7418807,,,32.9045,129.9704,,sudanokimachi
JP,Japan,Japón,856-0048,Akasakomachi,Nagasaki Ken,27,Omura Shi,7418807,,,32.9103,129.973,,akasakomachi
JP,Japan,Japón,856-0801,Sukomachi,Nagasaki Ken,27,Omura Shi,7418807,,,32.9681,129.9363,,sukomachi
JP,Japan,Japón,856-0802,Kaidomachi,Nagasaki Ken,27,Omura Shi,7418807,,,32.9632,129.9466,,kaidomachi
JP,Japan,Japón,856-0803,Takematsumachi,Nagasaki Ken,27,Omura Shi,7418807,,,32.9519,129.9489,,takematsumachi
JP,Japan,Japón,856-0804,Okawadamachi,Nagasaki Ken,27,Omura Shi,7418807,,,32.9439,129.9467,,okawadamachi
JP,Japan,Japón,856-0805,Takematsuhommachi,Nagasaki Ken,27,Omura Shi,7418807,,,32.9398,129.9486,,takematsuhommachi
JP,Japan,Japón,856-0806,Tominohara,Nagasaki Ken,27,Omura Shi,7418807,,,32.9545,129.9433,,tominohara
JP,Japan,Japón,856-0807,Miyashoji,Nagasaki Ken,27,Omura Shi,7418807,,,32.9545,129.9433,,miyashoji
JP,Japan,Japón,856-0808,Kuromarumachi,Nagasaki Ken,27,Omura Shi,7418807,,,32.9551,129.9358,,kuromarumachi
JP,Japan,Japón,856-0809,Okitamachi,Nagasaki Ken,27,Omura Shi,7418807,,,32.9594,129.9405,,okitamachi
JP,Japan,Japón,856-0811,Haraguchimachi,Nagasaki Ken,27,Omura Shi,7418807,,,32.936,129.9471,,haraguchimachi
JP,Japan,Japón,856-0812,Sakurababa,Nagasaki Ken,27,Omura Shi,7418807,,,32.9265,129.9381,,sakurababa
JP,Japan,Japón,856-0813,Nishiomurahommachi,Nagasaki Ken,27,Omura Shi,7418807,,,32.9269,129.9527,,nishiomurahommachi
JP,Japan,Japón,856-0814,Matsunami,Nagasaki Ken,27,Omura Shi,7418807,,,32.9265,129.9381,,matsunami
JP,Japan,Japón,856-0815,Morizonomachi,Nagasaki Ken,27,Omura Shi,7418807,,,32.9207,129.9402,,morizonomachi
JP,Japan,Japón,856-0816,Mishimamachi,Nagasaki Ken,27,Omura Shi,7418807,,,32.9164,129.9145,,mishimamachi
JP,Japan,Japón,856-0817,Kogashimamachi,Nagasaki Ken,27,Omura Shi,7418807,,,32.929,129.9413,,kogashimamachi
JP,Japan,Japón,856-0818,Imazumachi,Nagasaki Ken,27,Omura Shi,7418807,,,32.9299,129.933,,imazumachi
JP,Japan,Japón,856-0820,Kyowamachi,Nagasaki Ken,27,Omura Shi,7418807,,,32.9173,129.9464,,kyowamachi
JP,Japan,Japón,856-0821,Nishiinuibabamachi,Nagasaki Ken,27,Omura Shi,7418807,,,32.9257,129.9557,,nishiinuibabamachi
JP,Japan,Japón,856-0822,Furumachi,Nagasaki Ken,27,Omura Shi,7418807,,,32.9171,129.9549,,furumachi
JP,Japan,Japón,856-0823,Inuibabamachi,Nagasaki Ken,27,Omura Shi,7418807,,,32.9201,129.9605,,inuibabamachi
JP,Japan,Japón,856-0824,Mizutamachi,Nagasaki Ken,27,Omura Shi,7418807,,,32.9166,129.9571,,mizutamachi
JP,Japan,Japón,856-0825,Nishisanjocho,Nagasaki Ken,27,Omura Shi,7418807,,,32.9148,129.9603,,nishisanjocho
JP,Japan,Japón,856-0826,Higashisanjocho,Nagasaki Ken,27,Omura Shi,7418807,,,32.9111,129.9591,,higashisanjocho
JP,Japan,Japón,856-0827,Kakomachi,Nagasaki Ken,27,Omura Shi,7418807,,,32.9171,129.9549,,kakomachi
JP,Japan,Japón,856-0828,Kuidetsu,Nagasaki Ken,27,Omura Shi,7418807,,,32.9171,129.9549,,kuidetsu
JP,Japan,Japón,856-0829,Matsuyamamachi,Nagasaki Ken,27,Omura Shi,7418807,,,32.9139,129.9453,,matsuyamamachi
JP,Japan,Japón,856-0831,Higashihommachi,Nagasaki Ken,27,Omura Shi,7418807,,,32.9078,129.9611,,higashihommachi
JP,Japan,Japón,856-0832,Hommachi,Nagasaki Ken,27,Omura Shi,7418807,,,32.9068,129.9594,,hommachi
JP,Japan,Japón,856-0833,Katamachi,Nagasaki Ken,27,Omura Shi,7418807,,,32.9026,129.9601,,katamachi
JP,Japan,Japón,856-0834,Kushima,Nagasaki Ken,27,Omura Shi,7418807,,,32.9049,129.9585,,kushima
JP,Japan,Japón,856-0835,Kubara,Nagasaki Ken,27,Omura Shi,7418807,,,32.9049,129.9585,,kubara
JP,Japan,Japón,856-0836,Saiwaimachi,Nagasaki Ken,27,Omura Shi,7418807,,,32.9016,129.9545,,saiwaimachi
JP,Japan,Japón,856-0837,Nishihommachi,Nagasaki Ken,27,Omura Shi,7418807,,,32.9057,129.9572,,nishihommachi
JP,Japan,Japón,856-0841,Kagehiramachi,Nagasaki Ken,27,Omura Shi,7418807,,,32.8848,129.9781,,kagehiramachi
JP,Japan,Japón,856-0842,Nakazatomachi,Nagasaki Ken,27,Omura Shi,7418807,,,32.8836,130.0029,,nakazatomachi
JP,Japan,Japón,856-0843,Imamuramachi,Nagasaki Ken,27,Omura Shi,7418807,,,32.865,130.0046,,imamuramachi
JP,Japan,Japón,856-0844,Mizorokumachi,Nagasaki Ken,27,Omura Shi,7418807,,,32.8515,130.0038,,mizorokumachi
JP,Japan,Japón,856-0845,Ozatomachi,Nagasaki Ken,27,Omura Shi,7418807,,,32.8802,129.9927,,ozatomachi
JP,Japan,Japón,856-0846,Hidomarumachi,Nagasaki Ken,27,Omura Shi,7418807,,,32.8636,129.9899,,hidomarumachi
JP,Japan,Japón,856-0847,Seibumachi,Nagasaki Ken,27,Omura Shi,7418807,,,32.8747,129.9768,,seibumachi
JP,Japan,Japón,856-8516,Nishiinuibabamachi,Nagasaki Ken,27,Omura Shi,7418807,,,32.9398,129.993,,nishiinuibabamachi
JP,Japan,Japón,856-8555,Masuragaharamachi,Nagasaki Ken,27,Omura Shi,7418807,,,32.9398,129.993,,masuragaharamachi
JP,Japan,Japón,856-8560,Hommachi,Nagasaki Ken,27,Omura Shi,7418807,,,32.9398,129.993,,hommachi
JP,Japan,Japón,856-8561,Kogashimamachi,Nagasaki Ken,27,Omura Shi,7418807,,,32.9398,129.993,,kogashimamachi
JP,Japan,Japón,856-8562,Kubaru,Nagasaki Ken,27,Omura Shi,7418807,,,32.9398,129.993,,kubaru
JP,Japan,Japón,856-8568,Higashihoncho,Nagasaki Ken,27,Omura Shi,7418807,,,32.9398,129.993,,higashihoncho
JP,Japan,Japón,856-8577,Sakurababa,Nagasaki Ken,27,Omura Shi,7418807,,,32.9398,129.993,,sakurababa
JP,Japan,Japón,856-8585,Imazucho,Nagasaki Ken,27,Omura Shi,7418807,,,32.9398,129.993,,imazucho
JP,Japan,Japón,856-8601,Higashisanjocho,Nagasaki Ken,27,Omura Shi,7418807,,,32.9398,129.993,,higashisanjocho
JP,Japan,Japón,856-8609,Matsunami,Nagasaki Ken,27,Omura Shi,7418807,,,32.9398,129.993,,matsunami
JP,Japan,Japón,856-8670,Kuidetsu,Nagasaki Ken,27,Omura Shi,7418807,,,32.9398,129.993,,kuidetsu
JP,Japan,Japón,856-8686,Kujima,Nagasaki Ken,27,Omura Shi,7418807,,,32.9398,129.993,,kujima
JP,Japan,Japón,851-3301,Seihicho Miyaurago,Nagasaki Ken,27,Saikai Shi,7418808,,,32.8979,129.7677,,seihicho-miyaurago
JP,Japan,Japón,851-3302,Seihicho Nakayamago,Nagasaki Ken,27,Saikai Shi,7418808,,,32.8979,129.7677,,seihicho-nakayamago
JP,Japan,Japón,851-3303,Seihicho Kameurago,Nagasaki Ken,27,Saikai Shi,7418808,,,32.8979,129.7677,,seihicho-kameurago
JP,Japan,Japón,851-3304,Seihicho Kamidakego,Nagasaki Ken,27,Saikai Shi,7418808,,,32.8979,129.7677,,seihicho-kamidakego
JP,Japan,Japón,851-3305,Seihicho Jikibago,Nagasaki Ken,27,Saikai Shi,7418808,,,32.8979,129.7677,,seihicho-jikibago
JP,Japan,Japón,851-3306,Seihicho Torikago(Kawayama),Nagasaki Ken,27,Saikai Shi,7418808,,,32.8979,129.7677,,seihicho-torikago-kawayama
JP,Japan,Japón,851-3311,Seihicho Shimotakego,Nagasaki Ken,27,Saikai Shi,7418808,,,32.8979,129.7677,,seihicho-shimotakego
JP,Japan,Japón,851-3312,Seihicho Shirosakigo,Nagasaki Ken,27,Saikai Shi,7418808,,,32.8979,129.7677,,seihicho-shirosakigo
JP,Japan,Japón,851-3313,Seihicho Kazahayago,Nagasaki Ken,27,Saikai Shi,7418808,,,32.8979,129.7677,,seihicho-kazahayago
JP,Japan,Japón,851-3314,Seihicho Shiranitago,Nagasaki Ken,27,Saikai Shi,7418808,,,32.8979,129.7677,,seihicho-shiranitago
JP,Japan,Japón,851-3315,Seihicho Hirabarugo,Nagasaki Ken,27,Saikai Shi,7418808,,,32.8979,129.7677,,seihicho-hirabarugo
JP,Japan,Japón,851-3392,西海市役所　西彼総合支所,Nagasaki Ken,27,Saikai Shi,7418808,,,32.8979,129.7677,,
JP,Japan,Japón,851-3394,宗教法人　「生長の家」総本山,Nagasaki Ken,27,Saikai Shi,7418808,,,32.8979,129.7677,,
JP,Japan,Japón,851-3406,Seihicho Torikago(Sonota),Nagasaki Ken,27,Saikai Shi,7418808,,,32.8979,129.7677,,seihicho-torikago-sonota
JP,Japan,Japón,851-3421,Seihicho Inorago,Nagasaki Ken,27,Saikai Shi,7418808,,,32.8979,129.7677,,seihicho-inorago
JP,Japan,Japón,851-3422,Seihicho Komukaego,Nagasaki Ken,27,Saikai Shi,7418808,,,32.8979,129.7677,,seihicho-komukaego
JP,Japan,Japón,851-3423,Seihicho Yakiharago,Nagasaki Ken,27,Saikai Shi,7418808,,,32.8979,129.7677,,seihicho-yakiharago
JP,Japan,Japón,851-3424,Seihicho Okushigo,Nagasaki Ken,27,Saikai Shi,7418808,,,32.8979,129.7677,,seihicho-okushigo
JP,Japan,Japón,851-3425,Seihicho Hirayamago,Nagasaki Ken,27,Saikai Shi,7418808,,,32.8979,129.7677,,seihicho-hirayamago
JP,Japan,Japón,851-3500,Saikai Shi,Nagasaki Ken,27,Saikai Shi,7418808,,,32.8979,129.7677,,saikai-shi
JP,Japan,Japón,851-3501,Saikaicho Tannogo,Nagasaki Ken,27,Saikai Shi,7418808,,,32.8979,129.7677,,saikaicho-tannogo
JP,Japan,Japón,851-3502,Saikaicho Kawachigo,Nagasaki Ken,27,Saikai Shi,7418808,,,32.8979,129.7677,,saikaicho-kawachigo
JP,Japan,Japón,851-3503,Saikaicho Otaharago,Nagasaki Ken,27,Saikai Shi,7418808,,,32.8979,129.7677,,saikaicho-otaharago
JP,Japan,Japón,851-3504,Saikaicho Kobago,Nagasaki Ken,27,Saikai Shi,7418808,,,32.8979,129.7677,,saikaicho-kobago
JP,Japan,Japón,851-3505,Saikaicho Otawago,Nagasaki Ken,27,Saikai Shi,7418808,,,32.8979,129.7677,,saikaicho-otawago
JP,Japan,Japón,851-3506,Saikaicho Kurokuchigo,Nagasaki Ken,27,Saikai Shi,7418808,,,32.8979,129.7677,,saikaicho-kurokuchigo
JP,Japan,Japón,851-3507,Saikaicho Amakubogo,Nagasaki Ken,27,Saikai Shi,7418808,,,32.8979,129.7677,,saikaicho-amakubogo
JP,Japan,Japón,851-3508,Saikaicho Omodakago,Nagasaki Ken,27,Saikai Shi,7418808,,,32.8979,129.7677,,saikaicho-omodakago
JP,Japan,Japón,851-3509,Saikaicho Yokosego,Nagasaki Ken,27,Saikai Shi,7418808,,,32.8979,129.7677,,saikaicho-yokosego
JP,Japan,Japón,851-3511,Saikaicho Mizunorago,Nagasaki Ken,27,Saikai Shi,7418808,,,32.8979,129.7677,,saikaicho-mizunorago
JP,Japan,Japón,851-3592,西海市役所　西海総合支所,Nagasaki Ken,27,Saikai Shi,7418808,,,32.8979,129.7677,,
JP,Japan,Japón,857-2221,Saikaicho Nakauraminamigo,Nagasaki Ken,27,Saikai Shi,7418808,,,32.9926,129.682,,saikaicho-nakauraminamigo
JP,Japan,Japón,857-2222,Saikaicho Nakaurakitago,Nagasaki Ken,27,Saikai Shi,7418808,,,32.9926,129.682,,saikaicho-nakaurakitago
JP,Japan,Japón,857-2223,Saikaicho Nanatsugamago,Nagasaki Ken,27,Saikai Shi,7418808,,,32.9926,129.682,,saikaicho-nanatsugamago
JP,Japan,Japón,857-2301,Osetocho Setoitanorago,Nagasaki Ken,27,Saikai Shi,7418808,,,32.9926,129.682,,osetocho-setoitanorago
JP,Japan,Japón,857-2302,Osetocho Setokashinorago,Nagasaki Ken,27,Saikai Shi,7418808,,,32.9926,129.682,,osetocho-setokashinorago
JP,Japan,Japón,857-2303,Osetocho Setonishihamago,Nagasaki Ken,27,Saikai Shi,7418808,,,32.9926,129.682,,osetocho-setonishihamago
JP,Japan,Japón,857-2304,Osetocho Setoshitayamago,Nagasaki Ken,27,Saikai Shi,7418808,,,32.9926,129.682,,osetocho-setoshitayamago
JP,Japan,Japón,857-2305,Osetocho Setohadegawago,Nagasaki Ken,27,Saikai Shi,7418808,,,32.9926,129.682,,osetocho-setohadegawago
JP,Japan,Japón,857-2306,Osetocho Setohigashihamago,Nagasaki Ken,27,Saikai Shi,7418808,,,32.9926,129.682,,osetocho-setohigashihamago
JP,Japan,Japón,857-2307,Osetocho Setofukushimago,Nagasaki Ken,27,Saikai Shi,7418808,,,32.9926,129.682,,osetocho-setofukushimago
JP,Japan,Japón,857-2311,Osetocho Tairasotogo,Nagasaki Ken,27,Saikai Shi,7418808,,,32.9926,129.682,,osetocho-tairasotogo
JP,Japan,Japón,857-2312,Osetocho Tairauchigo,Nagasaki Ken,27,Saikai Shi,7418808,,,32.9926,129.682,,osetocho-tairauchigo
JP,Japan,Japón,857-2321,Osetocho Yukinorakobutsugo,Nagasaki Ken,27,Saikai Shi,7418808,,,32.9926,129.682,,osetocho-yukinorakobutsugo
JP,Japan,Japón,857-2322,Osetocho Yukinorakyuragigo,Nagasaki Ken,27,Saikai Shi,7418808,,,32.9926,129.682,,osetocho-yukinorakyuragigo
JP,Japan,Japón,857-2323,Osetocho Yukinoragotsugo,Nagasaki Ken,27,Saikai Shi,7418808,,,32.9926,129.682,,osetocho-yukinoragotsugo
JP,Japan,Japón,857-2324,Osetocho Yukinoraokurago,Nagasaki Ken,27,Saikai Shi,7418808,,,32.9926,129.682,,osetocho-yukinoraokurago
JP,Japan,Japón,857-2325,Osetocho Yukinorakomatsugo,Nagasaki Ken,27,Saikai Shi,7418808,,,32.9926,129.682,,osetocho-yukinorakomatsugo
JP,Japan,Japón,857-2326,Osetocho Yukinorashimogo,Nagasaki Ken,27,Saikai Shi,7418808,,,32.9926,129.682,,osetocho-yukinorashimogo
JP,Japan,Japón,857-2327,Osetocho Yukinorakamigo,Nagasaki Ken,27,Saikai Shi,7418808,,,32.9926,129.682,,osetocho-yukinorakamigo
JP,Japan,Japón,857-2328,Osetocho Yukinorashimonokamago,Nagasaki Ken,27,Saikai Shi,7418808,,,32.9926,129.682,,osetocho-yukinorashimonokamago
JP,Japan,Japón,857-2392,西海市役所,Nagasaki Ken,27,Saikai Shi,7418808,,,32.9926,129.682,,
JP,Japan,Japón,857-2401,Oshimachokurose,Nagasaki Ken,27,Saikai Shi,7418808,,,32.9926,129.682,,oshimachokurose
JP,Japan,Japón,857-2402,Oshimachouchiurachiku,Nagasaki Ken,27,Saikai Shi,7418808,,,32.9926,129.682,,oshimachouchiurachiku
JP,Japan,Japón,857-2403,Oshimachomagome,Nagasaki Ken,27,Saikai Shi,7418808,,,32.9926,129.682,,oshimachomagome
JP,Japan,Japón,857-2405,Oshimachochuochiku,Nagasaki Ken,27,Saikai Shi,7418808,,,32.9926,129.682,,oshimachochuochiku
JP,Japan,Japón,857-2411,Oshimachoterashima,Nagasaki Ken,27,Saikai Shi,7418808,,,32.9926,129.682,,oshimachoterashima
JP,Japan,Japón,857-2412,Oshimachomasago,Nagasaki Ken,27,Saikai Shi,7418808,,,32.9926,129.682,,oshimachomasago
JP,Japan,Japón,857-2413,Oshimachomaze,Nagasaki Ken,27,Saikai Shi,7418808,,,32.9926,129.682,,oshimachomaze
JP,Japan,Japón,857-2417,Oshimachoyurigaoka,Nagasaki Ken,27,Saikai Shi,7418808,,,32.9926,129.682,,oshimachoyurigaoka
JP,Japan,Japón,857-2418,Oshimachotokuman,Nagasaki Ken,27,Saikai Shi,7418808,,,32.9926,129.682,,oshimachotokuman
JP,Japan,Japón,857-2419,Oshimachohamaguri,Nagasaki Ken,27,Saikai Shi,7418808,,,32.9926,129.682,,oshimachohamaguri
JP,Japan,Japón,857-2421,Oshimachonakato,Nagasaki Ken,27,Saikai Shi,7418808,,,32.9926,129.682,,oshimachonakato
JP,Japan,Japón,857-2422,Oshimachoodao,Nagasaki Ken,27,Saikai Shi,7418808,,,32.9926,129.682,,oshimachoodao
JP,Japan,Japón,857-2423,Oshimachotono,Nagasaki Ken,27,Saikai Shi,7418808,,,32.9926,129.682,,oshimachotono
JP,Japan,Japón,857-2424,Oshimachoshioda,Nagasaki Ken,27,Saikai Shi,7418808,,,32.9926,129.682,,oshimachoshioda
JP,Japan,Japón,857-2425,Oshimachotanora,Nagasaki Ken,27,Saikai Shi,7418808,,,32.9926,129.682,,oshimachotanora
JP,Japan,Japón,857-2426,Oshimachoojima,Nagasaki Ken,27,Saikai Shi,7418808,,,32.9926,129.682,,oshimachoojima
JP,Japan,Japón,857-2427,Oshimacho Notsuginibanchigakurubaai,Nagasaki Ken,27,Saikai Shi,7418808,,,32.9926,129.682,,oshimacho-notsuginibanchigakurubaai
JP,Japan,Japón,857-2492,Oshimacho,Nagasaki Ken,27,Saikai Shi,7418808,,,32.9926,129.682,,oshimacho
JP,Japan,Japón,857-2494,Oshimacho,Nagasaki Ken,27,Saikai Shi,7418808,,,32.9926,129.682,,oshimacho
JP,Japan,Japón,857-2531,Osetocho Matsushimauchigo,Nagasaki Ken,27,Saikai Shi,7418808,,,32.9926,129.682,,osetocho-matsushimauchigo
JP,Japan,Japón,857-2532,Osetocho Matsushimasotogo,Nagasaki Ken,27,Saikai Shi,7418808,,,32.9926,129.682,,osetocho-matsushimasotogo
JP,Japan,Japón,857-3101,Sakitocho Kakinorago,Nagasaki Ken,27,Saikai Shi,7418808,,,33.1415,129.5335,,sakitocho-kakinorago
JP,Japan,Japón,857-3102,Sakitocho Hongo,Nagasaki Ken,27,Saikai Shi,7418808,,,33.1415,129.5335,,sakitocho-hongo
JP,Japan,Japón,857-3103,Sakitocho Enoshima,Nagasaki Ken,27,Saikai Shi,7418808,,,33.1415,129.5335,,sakitocho-enoshima
JP,Japan,Japón,857-3311,Sakitocho Hirashima,Nagasaki Ken,27,Saikai Shi,7418808,,,33.1415,129.5335,,sakitocho-hirashima
JP,Japan,Japón,855-0000,Shimabara Shi,Nagasaki Ken,27,Shimabara Shi,7418809,,,32.8207,130.3466,,shimabara-shi
JP,Japan,Japón,855-0001,Nakanomachi,Nagasaki Ken,27,Shimabara Shi,7418809,,,32.8248,130.3471,,nakanomachi
JP,Japan,Japón,855-0002,Araikirimachi,Nagasaki Ken,27,Shimabara Shi,7418809,,,32.8263,130.3517,,araikirimachi
JP,Japan,Japón,855-0003,Miemachi,Nagasaki Ken,27,Shimabara Shi,7418809,,,32.8211,130.3549,,miemachi
JP,Japan,Japón,855-0004,Kamenokomachi,Nagasaki Ken,27,Shimabara Shi,7418809,,,32.8206,130.3525,,kamenokomachi
JP,Japan,Japón,855-0005,Nakabaramachi,Nagasaki Ken,27,Shimabara Shi,7418809,,,32.8185,130.3496,,nakabaramachi
JP,Japan,Japón,855-0006,Jichumachi,Nagasaki Ken,27,Shimabara Shi,7418809,,,32.8196,130.3424,,jichumachi
JP,Japan,Japón,855-0007,Tsubukimachi,Nagasaki Ken,27,Shimabara Shi,7418809,,,32.8149,130.3405,,tsubukimachi
JP,Japan,Japón,855-0008,Haraguchimachi,Nagasaki Ken,27,Shimabara Shi,7418809,,,32.8198,130.3341,,haraguchimachi
JP,Japan,Japón,855-0011,Ochozumachi,Nagasaki Ken,27,Shimabara Shi,7418809,,,32.8172,130.3549,,ochozumachi
JP,Japan,Japón,855-0012,Otebaramachi,Nagasaki Ken,27,Shimabara Shi,7418809,,,32.8131,130.3582,,otebaramachi
JP,Japan,Japón,855-0013,Hiedamachi,Nagasaki Ken,27,Shimabara Shi,7418809,,,32.8102,130.3516,,hiedamachi
JP,Japan,Japón,855-0014,Shimomiyamachi,Nagasaki Ken,27,Shimabara Shi,7418809,,,32.8138,130.3487,,shimomiyamachi
JP,Japan,Japón,855-0015,Idehiramachi,Nagasaki Ken,27,Shimabara Shi,7418809,,,32.8081,130.3417,,idehiramachi
JP,Japan,Japón,855-0016,Yamaderamachi,Nagasaki Ken,27,Shimabara Shi,7418809,,,32.8059,130.3469,,yamaderamachi
JP,Japan,Japón,855-0017,Erimachi,Nagasaki Ken,27,Shimabara Shi,7418809,,,32.7988,130.3364,,erimachi
JP,Japan,Japón,855-0018,Nishimachi,Nagasaki Ken,27,Shimabara Shi,7418809,,,32.8044,130.3361,,nishimachi
JP,Japan,Japón,855-0021,Aburaborimachi,Nagasaki Ken,27,Shimabara Shi,7418809,,,32.8098,130.3214,,aburaborimachi
JP,Japan,Japón,855-0022,Naganukimachi,Nagasaki Ken,27,Shimabara Shi,7418809,,,32.8131,130.3295,,naganukimachi
JP,Japan,Japón,855-0023,Idenokawamachi,Nagasaki Ken,27,Shimabara Shi,7418809,,,32.8094,130.3379,,idenokawamachi
JP,Japan,Japón,855-0024,Hirokoyamachi,Nagasaki Ken,27,Shimabara Shi,7418809,,,32.8027,130.321,,hirokoyamachi
JP,Japan,Japón,855-0025,Tatenomachi,Nagasaki Ken,27,Shimabara Shi,7418809,,,32.7952,130.3248,,tatenomachi
JP,Japan,Japón,855-0026,Kureishibarumachi,Nagasaki Ken,27,Shimabara Shi,7418809,,,32.7957,130.3087,,kureishibarumachi
JP,Japan,Japón,855-0031,Maehamamachi,Nagasaki Ken,27,Shimabara Shi,7418809,,,32.8061,130.361,,maehamamachi
JP,Japan,Japón,855-0032,Kitamommachi,Nagasaki Ken,27,Shimabara Shi,7418809,,,32.8012,130.3625,,kitamommachi
JP,Japan,Japón,855-0033,Shimbabamachi,Nagasaki Ken,27,Shimabara Shi,7418809,,,32.7982,130.3671,,shimbabamachi
JP,Japan,Japón,855-0034,Tamachi,Nagasaki Ken,27,Shimabara Shi,7418809,,,32.7949,130.3688,,tamachi
JP,Japan,Japón,855-0035,Sakigakemachi,Nagasaki Ken,27,Shimabara Shi,7418809,,,32.7932,130.367,,sakigakemachi
JP,Japan,Japón,855-0036,Jonai,Nagasaki Ken,27,Shimabara Shi,7418809,,,32.7987,130.3653,,jonai
JP,Japan,Japón,855-0038,Shimabarashinotsuginibanchigakuruba,Nagasaki Ken,27,Shimabara Shi,7418809,,,32.7987,130.3653,,shimabarashinotsuginibanchigakuruba
JP,Japan,Japón,855-0041,Miyanomachi,Nagasaki Ken,27,Shimabara Shi,7418809,,,32.7927,130.37,,miyanomachi
JP,Japan,Japón,855-0042,Katamachi,Nagasaki Ken,27,Shimabara Shi,7418809,,,32.7902,130.3705,,katamachi
JP,Japan,Japón,855-0043,Shindemmachi,Nagasaki Ken,27,Shimabara Shi,7418809,,,32.7878,130.3773,,shindemmachi
JP,Japan,Japón,855-0044,Nakamachi,Nagasaki Ken,27,Shimabara Shi,7418809,,,32.7901,130.3696,,nakamachi
JP,Japan,Japón,855-0045,Uenomachi,Nagasaki Ken,27,Shimabara Shi,7418809,,,32.7895,130.3692,,uenomachi
JP,Japan,Japón,855-0046,Imagawamachi,Nagasaki Ken,27,Shimabara Shi,7418809,,,32.7873,130.3672,,imagawamachi
JP,Japan,Japón,855-0051,Sakuramommachi,Nagasaki Ken,27,Shimabara Shi,7418809,,,32.7956,130.3611,,sakuramommachi
JP,Japan,Japón,855-0052,Shitanocho,Nagasaki Ken,27,Shimabara Shi,7418809,,,32.7914,130.3632,,shitanocho
JP,Japan,Japón,855-0053,Joseinakanocho,Nagasaki Ken,27,Shimabara Shi,7418809,,,32.7915,130.3625,,joseinakanocho
JP,Japan,Japón,855-0054,Furucho,Nagasaki Ken,27,Shimabara Shi,7418809,,,32.7904,130.3622,,furucho
JP,Japan,Japón,855-0055,Shitajincho,Nagasaki Ken,27,Shimabara Shi,7418809,,,32.7901,130.3616,,shitajincho
JP,Japan,Japón,855-0056,Uranokawa,Nagasaki Ken,27,Shimabara Shi,7418809,,,32.787,130.3649,,uranokawa
JP,Japan,Japón,855-0057,Shindachi,Nagasaki Ken,27,Shimabara Shi,7418809,,,32.7878,130.3641,,shindachi
JP,Japan,Japón,855-0058,Kitabaramachi,Nagasaki Ken,27,Shimabara Shi,7418809,,,32.7873,130.3633,,kitabaramachi
JP,Japan,Japón,855-0059,Edocho,Nagasaki Ken,27,Shimabara Shi,7418809,,,32.7904,130.3642,,edocho
JP,Japan,Japón,855-0061,Nakaomachi,Nagasaki Ken,27,Shimabara Shi,7418809,,,32.804,130.3483,,nakaomachi
JP,Japan,Japón,855-0062,Hommachi,Nagasaki Ken,27,Shimabara Shi,7418809,,,32.8027,130.354,,hommachi
JP,Japan,Japón,855-0063,Haramachi,Nagasaki Ken,27,Shimabara Shi,7418809,,,32.7992,130.3522,,haramachi
JP,Japan,Japón,855-0064,Kashiwanomachi,Nagasaki Ken,27,Shimabara Shi,7418809,,,32.7963,130.3572,,kashiwanomachi
JP,Japan,Japón,855-0065,Minamikashiwanomachi,Nagasaki Ken,27,Shimabara Shi,7418809,,,32.795,130.3591,,minamikashiwanomachi
JP,Japan,Japón,855-0066,Kakinokimachi,Nagasaki Ken,27,Shimabara Shi,7418809,,,32.793,130.3568,,kakinokimachi
JP,Japan,Japón,855-0067,Uwajincho,Nagasaki Ken,27,Shimabara Shi,7418809,,,32.798,130.3541,,uwajincho
JP,Japan,Japón,855-0068,Sugiyamamachi,Nagasaki Ken,27,Shimabara Shi,7418809,,,32.7955,130.351,,sugiyamamachi
JP,Japan,Japón,855-0071,Utomachi,Nagasaki Ken,27,Shimabara Shi,7418809,,,32.7953,130.3386,,utomachi
JP,Japan,Japón,855-0072,Mutsugimachi,Nagasaki Ken,27,Shimabara Shi,7418809,,,32.7921,130.3454,,mutsugimachi
JP,Japan,Japón,855-0073,Honkojimachi,Nagasaki Ken,27,Shimabara Shi,7418809,,,32.7908,130.3528,,honkojimachi
JP,Japan,Japón,855-0074,Shiromimachi,Nagasaki Ken,27,Shimabara Shi,7418809,,,32.7893,130.3573,,shiromimachi
JP,Japan,Japón,855-0075,Shimorihashimachi,Nagasaki Ken,27,Shimabara Shi,7418809,,,32.7885,130.3471,,shimorihashimachi
JP,Japan,Japón,855-0076,Kamiorihashimachi,Nagasaki Ken,27,Shimabara Shi,7418809,,,32.7889,130.3369,,kamiorihashimachi
JP,Japan,Japón,855-0077,Minamisembongimachi,Nagasaki Ken,27,Shimabara Shi,7418809,,,32.7816,130.326,,minamisembongimachi
JP,Japan,Japón,855-0078,Kitasembongimachi,Nagasaki Ken,27,Shimabara Shi,7418809,,,32.787,130.3244,,kitasembongimachi
JP,Japan,Japón,855-0801,Takajima,Nagasaki Ken,27,Shimabara Shi,7418809,,,32.7842,130.3689,,takajima
JP,Japan,Japón,855-0802,Bentemmachi,Nagasaki Ken,27,Shimabara Shi,7418809,,,32.7842,130.3689,,bentemmachi
JP,Japan,Japón,855-0803,Shimmachi,Nagasaki Ken,27,Shimabara Shi,7418809,,,32.7842,130.3689,,shimmachi
JP,Japan,Japón,855-0804,Yorozumachi,Nagasaki Ken,27,Shimabara Shi,7418809,,,32.7866,130.3694,,yorozumachi
JP,Japan,Japón,855-0805,Horimachi,Nagasaki Ken,27,Shimabara Shi,7418809,,,32.785,130.3694,,horimachi
JP,Japan,Japón,855-0806,Nakahorimachi,Nagasaki Ken,27,Shimabara Shi,7418809,,,32.7821,130.3697,,nakahorimachi
JP,Japan,Japón,855-0807,Shirachimachi,Nagasaki Ken,27,Shimabara Shi,7418809,,,32.7812,130.3679,,shirachimachi
JP,Japan,Japón,855-0808,Kamimachi,Nagasaki Ken,27,Shimabara Shi,7418809,,,32.7843,130.3685,,kamimachi
JP,Japan,Japón,855-0809,Sakuramachi,Nagasaki Ken,27,Shimabara Shi,7418809,,,32.7862,130.3685,,sakuramachi
JP,Japan,Japón,855-0811,Shirachimomoyama,Nagasaki Ken,27,Shimabara Shi,7418809,,,32.777,130.375,,shirachimomoyama
JP,Japan,Japón,855-0812,Reinan,Nagasaki Ken,27,Shimabara Shi,7418809,,,32.777,130.375,,reinan
JP,Japan,Japón,855-0813,Arimafunatsumachi,Nagasaki Ken,27,Shimabara Shi,7418809,,,32.778,130.3755,,arimafunatsumachi
JP,Japan,Japón,855-0814,Tsumachi,Nagasaki Ken,27,Shimabara Shi,7418809,,,32.7765,130.3757,,tsumachi
JP,Japan,Japón,855-0815,Motofunatsumachi,Nagasaki Ken,27,Shimabara Shi,7418809,,,32.7764,130.3737,,motofunatsumachi
JP,Japan,Japón,855-0816,Ebisumachi,Nagasaki Ken,27,Shimabara Shi,7418809,,,32.777,130.375,,ebisumachi
JP,Japan,Japón,855-0817,Urata,Nagasaki Ken,27,Shimabara Shi,7418809,,,32.777,130.375,,urata
JP,Japan,Japón,855-0821,Minatoshinchimachi,Nagasaki Ken,27,Shimabara Shi,7418809,,,32.7737,130.3776,,minatoshinchimachi
JP,Japan,Japón,855-0822,Nakagumimachi,Nagasaki Ken,27,Shimabara Shi,7418809,,,32.7736,130.3738,,nakagumimachi
JP,Japan,Japón,855-0823,Minatomachi,Nagasaki Ken,27,Shimabara Shi,7418809,,,32.7707,130.3722,,minatomachi
JP,Japan,Japón,855-0824,Hakusammachi,Nagasaki Ken,27,Shimabara Shi,7418809,,,32.7728,130.3717,,hakusammachi
JP,Japan,Japón,855-0825,Hirobabamachi,Nagasaki Ken,27,Shimabara Shi,7418809,,,32.7746,130.3715,,hirobabamachi
JP,Japan,Japón,855-0831,Minatomichi,Nagasaki Ken,27,Shimabara Shi,7418809,,,32.7768,130.3702,,minatomichi
JP,Japan,Japón,855-0832,Sakauemachi,Nagasaki Ken,27,Shimabara Shi,7418809,,,32.7782,130.3707,,sakauemachi
JP,Japan,Japón,855-0833,Sakashitamachi,Nagasaki Ken,27,Shimabara Shi,7418809,,,32.7769,130.3712,,sakashitamachi
JP,Japan,Japón,855-0834,Yahatamachi,Nagasaki Ken,27,Shimabara Shi,7418809,,,32.7761,130.3713,,yahatamachi
JP,Japan,Japón,855-0835,Nishiyahatamachi,Nagasaki Ken,27,Shimabara Shi,7418809,,,32.7749,130.3693,,nishiyahatamachi
JP,Japan,Japón,855-0836,Konammachi,Nagasaki Ken,27,Shimabara Shi,7418809,,,32.7781,130.3686,,konammachi
JP,Japan,Japón,855-0841,Kueyamamachi,Nagasaki Ken,27,Shimabara Shi,7418809,,,32.777,130.3663,,kueyamamachi
JP,Japan,Japón,855-0842,Sakaemachi,Nagasaki Ken,27,Shimabara Shi,7418809,,,32.7737,130.3678,,sakaemachi
JP,Japan,Japón,855-0843,Shinyama,Nagasaki Ken,27,Shimabara Shi,7418809,,,32.7753,130.3671,,shinyama
JP,Japan,Japón,855-0851,Hagihara,Nagasaki Ken,27,Shimabara Shi,7418809,,,32.7847,130.3586,,hagihara
JP,Japan,Japón,855-0852,Teramachi,Nagasaki Ken,27,Shimabara Shi,7418809,,,32.7832,130.3663,,teramachi
JP,Japan,Japón,855-0853,Uenohara,Nagasaki Ken,27,Shimabara Shi,7418809,,,32.7847,130.3586,,uenohara
JP,Japan,Japón,855-0854,Hagigaoka,Nagasaki Ken,27,Shimabara Shi,7418809,,,32.7847,130.3586,,hagigaoka
JP,Japan,Japón,855-0855,Aobamachi,Nagasaki Ken,27,Shimabara Shi,7418809,,,32.7845,130.3553,,aobamachi
JP,Japan,Japón,855-0856,Koyamamachi,Nagasaki Ken,27,Shimabara Shi,7418809,,,32.7863,130.3542,,koyamamachi
JP,Japan,Japón,855-0861,Shimokawashirimachi,Nagasaki Ken,27,Shimabara Shi,7418809,,,32.7691,130.3691,,shimokawashirimachi
JP,Japan,Japón,855-0862,Shimminato,Nagasaki Ken,27,Shimabara Shi,7418809,,,32.763,130.3677,,shimminato
JP,Japan,Japón,855-0863,Shinwamachi,Nagasaki Ken,27,Shimabara Shi,7418809,,,32.7616,130.3672,,shinwamachi
JP,Japan,Japón,855-0864,Chichibugauramachi,Nagasaki Ken,27,Shimabara Shi,7418809,,,32.7586,130.3711,,chichibugauramachi
JP,Japan,Japón,855-0865,Funadomarimachi,Nagasaki Ken,27,Shimabara Shi,7418809,,,32.7547,130.3718,,funadomarimachi
JP,Japan,Japón,855-0866,Minamishimokawashirimachi,Nagasaki Ken,27,Shimabara Shi,7418809,,,32.7656,130.364,,minamishimokawashirimachi
JP,Japan,Japón,855-0867,Midorimachi,Nagasaki Ken,27,Shimabara Shi,7418809,,,32.7682,130.363,,midorimachi
JP,Japan,Japón,855-0871,Minamikueyamamachi,Nagasaki Ken,27,Shimabara Shi,7418809,,,32.755,130.3672,,minamikueyamamachi
JP,Japan,Japón,855-0872,Umezonomachi,Nagasaki Ken,27,Shimabara Shi,7418809,,,32.7536,130.3656,,umezonomachi
JP,Japan,Japón,855-0873,Kitaantokumachi,Nagasaki Ken,27,Shimabara Shi,7418809,,,32.7514,130.3648,,kitaantokumachi
JP,Japan,Japón,855-0874,Kamadamachi,Nagasaki Ken,27,Shimabara Shi,7418809,,,32.7479,130.3674,,kamadamachi
JP,Japan,Japón,855-0875,Nakaantokumachi,Nagasaki Ken,27,Shimabara Shi,7418809,,,32.7451,130.367,,nakaantokumachi
JP,Japan,Japón,855-0876,Minamiantokumachi,Nagasaki Ken,27,Shimabara Shi,7418809,,,32.7425,130.3687,,minamiantokumachi
JP,Japan,Japón,855-0877,Hamanomachi,Nagasaki Ken,27,Shimabara Shi,7418809,,,32.7394,130.3717,,hamanomachi
JP,Japan,Japón,855-0878,Ojimomachi,Nagasaki Ken,27,Shimabara Shi,7418809,,,32.7533,130.3609,,ojimomachi
JP,Japan,Japón,855-0879,Heiseimachi,Nagasaki Ken,27,Shimabara Shi,7418809,,,32.744,130.3753,,heiseimachi
JP,Japan,Japón,855-0881,Kadochimachi,Nagasaki Ken,27,Shimabara Shi,7418809,,,32.7483,130.3572,,kadochimachi
JP,Japan,Japón,855-0882,Fudanomotomachi,Nagasaki Ken,27,Shimabara Shi,7418809,,,32.7479,130.3549,,fudanomotomachi
JP,Japan,Japón,855-0883,Tenjimmotomachi,Nagasaki Ken,27,Shimabara Shi,7418809,,,32.7478,130.3521,,tenjimmotomachi
JP,Japan,Japón,855-0884,Nitamachi,Nagasaki Ken,27,Shimabara Shi,7418809,,,32.7557,130.3512,,nitamachi
JP,Japan,Japón,855-0885,Shiratanimachi,Nagasaki Ken,27,Shimabara Shi,7418809,,,32.7499,130.3468,,shiratanimachi
JP,Japan,Japón,855-0886,Kitakamikobamachi,Nagasaki Ken,27,Shimabara Shi,7418809,,,32.7542,130.3365,,kitakamikobamachi
JP,Japan,Japón,855-0887,Minamikamikobamachi,Nagasaki Ken,27,Shimabara Shi,7418809,,,32.7492,130.3342,,minamikamikobamachi
JP,Japan,Japón,855-8501,Jonai,Nagasaki Ken,27,Shimabara Shi,7418809,,,32.7943,130.3293,,jonai
JP,Japan,Japón,855-8550,Takashima,Nagasaki Ken,27,Shimabara Shi,7418809,,,32.7943,130.3293,,takashima
JP,Japan,Japón,855-8555,Uenomachi,Nagasaki Ken,27,Shimabara Shi,7418809,,,32.7943,130.3293,,uenomachi
JP,Japan,Japón,855-8686,Bentencho,Nagasaki Ken,27,Shimabara Shi,7418809,,,32.7943,130.3293,,bentencho
JP,Japan,Japón,859-1401,Ariakecho Yue Ko,Nagasaki Ken,27,Shimabara Shi,7418809,,,32.7943,130.3293,,ariakecho-yue-ko
JP,Japan,Japón,859-1402,Ariakecho Yue Otsu,Nagasaki Ken,27,Shimabara Shi,7418809,,,32.7943,130.3293,,ariakecho-yue-otsu
JP,Japan,Japón,859-1403,Ariakecho Yue Hei,Nagasaki Ken,27,Shimabara Shi,7418809,,,32.7943,130.3293,,ariakecho-yue-hei
JP,Japan,Japón,859-1404,Ariakecho Yue Tei,Nagasaki Ken,27,Shimabara Shi,7418809,,,32.7943,130.3293,,ariakecho-yue-tei
JP,Japan,Japón,859-1411,Ariakecho Omisaki Ko,Nagasaki Ken,27,Shimabara Shi,7418809,,,32.7943,130.3293,,ariakecho-omisaki-ko
JP,Japan,Japón,859-1412,Ariakecho Omisaki Otsu,Nagasaki Ken,27,Shimabara Shi,7418809,,,32.7943,130.3293,,ariakecho-omisaki-otsu
JP,Japan,Japón,859-1413,Ariakecho Omisaki Hei,Nagasaki Ken,27,Shimabara Shi,7418809,,,32.7943,130.3293,,ariakecho-omisaki-hei
JP,Japan,Japón,859-1414,Ariakecho Omisaki Tei,Nagasaki Ken,27,Shimabara Shi,7418809,,,32.7943,130.3293,,ariakecho-omisaki-tei
JP,Japan,Japón,859-1415,Ariakecho Omisaki Bo,Nagasaki Ken,27,Shimabara Shi,7418809,,,32.7943,130.3293,,ariakecho-omisaki-bo
JP,Japan,Japón,859-1492,島原市役所　有明支所,Nagasaki Ken,27,Shimabara Shi,7418809,,,32.7943,130.3293,,
JP,Japan,Japón,817-0000,Tsushima Shi,Nagasaki Ken,27,Tsushima Shi,7418810,,,34.4085,129.326,,tsushima-shi
JP,Japan,Japón,817-0001,Izuharamachi Kora,Nagasaki Ken,27,Tsushima Shi,7418810,,,34.4085,129.326,,izuharamachi-kora
JP,Japan,Japón,817-0002,Izuharamachi Magari,Nagasaki Ken,27,Tsushima Shi,7418810,,,34.4085,129.326,,izuharamachi-magari
JP,Japan,Japón,817-0003,Izuharamachi Namuro,Nagasaki Ken,27,Tsushima Shi,7418810,,,34.4085,129.326,,izuharamachi-namuro
JP,Japan,Japón,817-0005,Izuharamachi Sajikibara,Nagasaki Ken,27,Tsushima Shi,7418810,,,34.4085,129.326,,izuharamachi-sajikibara
JP,Japan,Japón,817-0006,Izuharamachi Kitazato,Nagasaki Ken,27,Tsushima Shi,7418810,,,34.4085,129.326,,izuharamachi-kitazato
JP,Japan,Japón,817-0011,Izuharamachi Miyadani,Nagasaki Ken,27,Tsushima Shi,7418810,,,34.4085,129.326,,izuharamachi-miyadani
JP,Japan,Japón,817-0012,Izuharamachi Hiyoshi,Nagasaki Ken,27,Tsushima Shi,7418810,,,34.4085,129.326,,izuharamachi-hiyoshi
JP,Japan,Japón,817-0013,Izuharamachi Nakamura,Nagasaki Ken,27,Tsushima Shi,7418810,,,34.4085,129.326,,izuharamachi-nakamura
JP,Japan,Japón,817-0014,Izuharamachi Tendoshige,Nagasaki Ken,27,Tsushima Shi,7418810,,,34.4085,129.326,,izuharamachi-tendoshige
JP,Japan,Japón,817-0015,Izuharamachi Nishizato,Nagasaki Ken,27,Tsushima Shi,7418810,,,34.4085,129.326,,izuharamachi-nishizato
JP,Japan,Japón,817-0016,Izuharamachi Higashizato,Nagasaki Ken,27,Tsushima Shi,7418810,,,34.4085,129.326,,izuharamachi-higashizato
JP,Japan,Japón,817-0021,Izuharamachi Imayashiki,Nagasaki Ken,27,Tsushima Shi,7418810,,,34.4085,129.326,,izuharamachi-imayashiki
JP,Japan,Japón,817-0022,Izuharamachi Kokubu,Nagasaki Ken,27,Tsushima Shi,7418810,,,34.4085,129.326,,izuharamachi-kokubu
JP,Japan,Japón,817-0023,Izuharamachi Tabuchi,Nagasaki Ken,27,Tsushima Shi,7418810,,,34.4085,129.326,,izuharamachi-tabuchi
JP,Japan,Japón,817-0024,Izuharamachi Otebashi,Nagasaki Ken,27,Tsushima Shi,7418810,,,34.4085,129.326,,izuharamachi-otebashi
JP,Japan,Japón,817-0031,Izuharamachi Kutamichi,Nagasaki Ken,27,Tsushima Shi,7418810,,,34.4085,129.326,,izuharamachi-kutamichi
JP,Japan,Japón,817-0032,Izuharamachi Kuta,Nagasaki Ken,27,Tsushima Shi,7418810,,,34.4085,129.326,,izuharamachi-kuta
JP,Japan,Japón,817-0033,Izuharamachi Ora,Nagasaki Ken,27,Tsushima Shi,7418810,,,34.4085,129.326,,izuharamachi-ora
JP,Japan,Japón,817-0034,Izuharamachi Agami,Nagasaki Ken,27,Tsushima Shi,7418810,,,34.4085,129.326,,izuharamachi-agami
JP,Japan,Japón,817-0035,Izuharamachi Kuwa,Nagasaki Ken,27,Tsushima Shi,7418810,,,34.4085,129.326,,izuharamachi-kuwa
JP,Japan,Japón,817-0151,Izuharamachi Yoranaiin,Nagasaki Ken,27,Tsushima Shi,7418810,,,34.4085,129.326,,izuharamachi-yoranaiin
JP,Japan,Japón,817-0152,Izuharamachi Tsutsunaiin,Nagasaki Ken,27,Tsushima Shi,7418810,,,34.4085,129.326,,izuharamachi-tsutsunaiin
JP,Japan,Japón,817-0153,Izuharamachi Azamo,Nagasaki Ken,27,Tsushima Shi,7418810,,,34.4085,129.326,,izuharamachi-azamo
JP,Japan,Japón,817-0154,Izuharamachi Tsutsu,Nagasaki Ken,27,Tsushima Shi,7418810,,,34.4085,129.326,,izuharamachi-tsutsu
JP,Japan,Japón,817-0155,Izuharamachi Tsutsuse,Nagasaki Ken,27,Tsushima Shi,7418810,,,34.4085,129.326,,izuharamachi-tsutsuse
JP,Japan,Japón,817-0156,Izuharamachi Sasuse,Nagasaki Ken,27,Tsushima Shi,7418810,,,34.4085,129.326,,izuharamachi-sasuse
JP,Japan,Japón,817-0157,Izuharamachi Uchiyama,Nagasaki Ken,27,Tsushima Shi,7418810,,,34.4085,129.326,,izuharamachi-uchiyama
JP,Japan,Japón,817-0241,Izuharamachi Are,Nagasaki Ken,27,Tsushima Shi,7418810,,,34.4085,129.326,,izuharamachi-are
JP,Japan,Japón,817-0242,Izuharamachi Shimobaru,Nagasaki Ken,27,Tsushima Shi,7418810,,,34.4085,129.326,,izuharamachi-shimobaru
JP,Japan,Japón,817-0243,Izuharamachi Kashine,Nagasaki Ken,27,Tsushima Shi,7418810,,,34.4085,129.326,,izuharamachi-kashine
JP,Japan,Japón,817-0244,Izuharamachi Kunehama,Nagasaki Ken,27,Tsushima Shi,7418810,,,34.4085,129.326,,izuharamachi-kunehama
JP,Japan,Japón,817-0245,Izuharamachi Kuneinaka,Nagasaki Ken,27,Tsushima Shi,7418810,,,34.4085,129.326,,izuharamachi-kuneinaka
JP,Japan,Japón,817-0246,Izuharamachi Kotsuki,Nagasaki Ken,27,Tsushima Shi,7418810,,,34.4085,129.326,,izuharamachi-kotsuki
JP,Japan,Japón,817-0247,Izuharamachi Shiine,Nagasaki Ken,27,Tsushima Shi,7418810,,,34.4085,129.326,,izuharamachi-shiine
JP,Japan,Japón,817-0248,Izuharamachi Komoda,Nagasaki Ken,27,Tsushima Shi,7418810,,,34.4085,129.326,,izuharamachi-komoda
JP,Japan,Japón,817-0321,Mitsushimamachi Sumo,Nagasaki Ken,27,Tsushima Shi,7418810,,,34.4085,129.326,,mitsushimamachi-sumo
JP,Japan,Japón,817-0322,Mitsushimamachi Kechi,Nagasaki Ken,27,Tsushima Shi,7418810,,,34.4085,129.326,,mitsushimamachi-kechi
JP,Japan,Japón,817-0323,Mitsushimamachi Ofunakoshi,Nagasaki Ken,27,Tsushima Shi,7418810,,,34.4085,129.326,,mitsushimamachi-ofunakoshi
JP,Japan,Japón,817-0324,Mitsushimamachi Kusubo,Nagasaki Ken,27,Tsushima Shi,7418810,,,34.4085,129.326,,mitsushimamachi-kusubo
JP,Japan,Japón,817-0325,Mitsushimamachi Okata,Nagasaki Ken,27,Tsushima Shi,7418810,,,34.4085,129.326,,mitsushimamachi-okata
JP,Japan,Japón,817-0326,Mitsushimamachi Neo,Nagasaki Ken,27,Tsushima Shi,7418810,,,34.4085,129.326,,mitsushimamachi-neo
JP,Japan,Japón,817-0431,Mitsushimamachi Osaki,Nagasaki Ken,27,Tsushima Shi,7418810,,,34.4085,129.326,,mitsushimamachi-osaki
JP,Japan,Japón,817-0432,Mitsushimamachi Imazato,Nagasaki Ken,27,Tsushima Shi,7418810,,,34.4085,129.326,,mitsushimamachi-imazato
JP,Japan,Japón,817-0433,Mitsushimamachi Kashi,Nagasaki Ken,27,Tsushima Shi,7418810,,,34.4085,129.326,,mitsushimamachi-kashi
JP,Japan,Japón,817-0434,Mitsushimamachi Fukuzaki,Nagasaki Ken,27,Tsushima Shi,7418810,,,34.4085,129.326,,mitsushimamachi-fukuzaki
JP,Japan,Japón,817-0435,Mitsushimamachi Mikata,Nagasaki Ken,27,Tsushima Shi,7418810,,,34.4085,129.326,,mitsushimamachi-mikata
JP,Japan,Japón,817-0511,Mitsushimamachi Takeshiki,Nagasaki Ken,27,Tsushima Shi,7418810,,,34.4085,129.326,,mitsushimamachi-takeshiki
JP,Japan,Japón,817-0512,Mitsushimamachi Kurose,Nagasaki Ken,27,Tsushima Shi,7418810,,,34.4085,129.326,,mitsushimamachi-kurose
JP,Japan,Japón,817-0513,Mitsushimamachi Hirugaura,Nagasaki Ken,27,Tsushima Shi,7418810,,,34.4085,129.326,,mitsushimamachi-hirugaura
JP,Japan,Japón,817-0514,Mitsushimamachi Shimayama,Nagasaki Ken,27,Tsushima Shi,7418810,,,34.4085,129.326,,mitsushimamachi-shimayama
JP,Japan,Japón,817-1101,Mitsushimamachi Kofunakoshi,Nagasaki Ken,27,Tsushima Shi,7418810,,,34.4085,129.326,,mitsushimamachi-kofunakoshi
JP,Japan,Japón,817-1102,Mitsushimamachi Yoshigaura,Nagasaki Ken,27,Tsushima Shi,7418810,,,34.4085,129.326,,mitsushimamachi-yoshigaura
JP,Japan,Japón,817-1103,Mitsushimamachi Gaya,Nagasaki Ken,27,Tsushima Shi,7418810,,,34.4085,129.326,,mitsushimamachi-gaya
JP,Japan,Japón,817-1104,Mitsushimamachi Nobu,Nagasaki Ken,27,Tsushima Shi,7418810,,,34.4085,129.326,,mitsushimamachi-nobu
JP,Japan,Japón,817-1105,Mitsushimamachi Oyama,Nagasaki Ken,27,Tsushima Shi,7418810,,,34.4085,129.326,,mitsushimamachi-oyama
JP,Japan,Japón,817-1106,Mitsushimamachi Inuboe,Nagasaki Ken,27,Tsushima Shi,7418810,,,34.4085,129.326,,mitsushimamachi-inuboe
JP,Japan,Japón,817-1107,Mitsushimamachi Kamoise,Nagasaki Ken,27,Tsushima Shi,7418810,,,34.4085,129.326,,mitsushimamachi-kamoise
JP,Japan,Japón,817-1201,Toyotamamachi Nii,Nagasaki Ken,27,Tsushima Shi,7418810,,,34.4085,129.326,,toyotamamachi-nii
JP,Japan,Japón,817-1202,Toyotamamachi Waita,Nagasaki Ken,27,Tsushima Shi,7418810,,,34.4085,129.326,,toyotamamachi-waita
JP,Japan,Japón,817-1212,Toyotamamachi So,Nagasaki Ken,27,Tsushima Shi,7418810,,,34.4085,129.326,,toyotamamachi-so
JP,Japan,Japón,817-1213,Toyotamamachi Chiromo,Nagasaki Ken,27,Tsushima Shi,7418810,,,34.4085,129.326,,toyotamamachi-chiromo
JP,Japan,Japón,817-1214,Toyotamamachi Yarikawa,Nagasaki Ken,27,Tsushima Shi,7418810,,,34.4085,129.326,,toyotamamachi-yarikawa
JP,Japan,Japón,817-1223,Toyotamamachi Yokora,Nagasaki Ken,27,Tsushima Shi,7418810,,,34.4085,129.326,,toyotamamachi-yokora
JP,Japan,Japón,817-1231,Toyotamamachi Itose,Nagasaki Ken,27,Tsushima Shi,7418810,,,34.4085,129.326,,toyotamamachi-itose
JP,Japan,Japón,817-1232,Toyotamamachi Saga,Nagasaki Ken,27,Tsushima Shi,7418810,,,34.4085,129.326,,toyotamamachi-saga
JP,Japan,Japón,817-1233,Toyotamamachi Kaifuna,Nagasaki Ken,27,Tsushima Shi,7418810,,,34.4085,129.326,,toyotamamachi-kaifuna
JP,Japan,Japón,817-1234,Toyotamamachi Sashika,Nagasaki Ken,27,Tsushima Shi,7418810,,,34.4085,129.326,,toyotamamachi-sashika
JP,Japan,Japón,817-1241,Toyotamamachi Kaiguchi,Nagasaki Ken,27,Tsushima Shi,7418810,,,34.4085,129.326,,toyotamamachi-kaiguchi
JP,Japan,Japón,817-1245,Toyotamamachi Karasu,Nagasaki Ken,27,Tsushima Shi,7418810,,,34.4085,129.326,,toyotamamachi-karasu
JP,Japan,Japón,817-1246,Toyotamamachi Mawari,Nagasaki Ken,27,Tsushima Shi,7418810,,,34.4085,129.326,,toyotamamachi-mawari
JP,Japan,Japón,817-1251,Toyotamamachi Ta,Nagasaki Ken,27,Tsushima Shi,7418810,,,34.4085,129.326,,toyotamamachi-ta
JP,Japan,Japón,817-1252,Toyotamamachi Otsuna,Nagasaki Ken,27,Tsushima Shi,7418810,,,34.4085,129.326,,toyotamamachi-otsuna
JP,Japan,Japón,817-1253,Toyotamamachi Umugi,Nagasaki Ken,27,Tsushima Shi,7418810,,,34.4085,129.326,,toyotamamachi-umugi
JP,Japan,Japón,817-1254,Toyotamamachi Saho,Nagasaki Ken,27,Tsushima Shi,7418810,,,34.4085,129.326,,toyotamamachi-saho
JP,Japan,Japón,817-1255,Toyotamamachi Shitanora,Nagasaki Ken,27,Tsushima Shi,7418810,,,34.4085,129.326,,toyotamamachi-shitanora
JP,Japan,Japón,817-1256,Toyotamamachi Kozuna,Nagasaki Ken,27,Tsushima Shi,7418810,,,34.4085,129.326,,toyotamamachi-kozuna
JP,Japan,Japón,817-1257,Toyotamamachi Mei,Nagasaki Ken,27,Tsushima Shi,7418810,,,34.4085,129.326,,toyotamamachi-mei
JP,Japan,Japón,817-1292,対馬市役所　豊玉支所,Nagasaki Ken,27,Tsushima Shi,7418810,,,34.4085,129.326,,
JP,Japan,Japón,817-1301,Minemachi Mine,Nagasaki Ken,27,Tsushima Shi,7418810,,,34.4085,129.326,,minemachi-mine
JP,Japan,Japón,817-1302,Minemachi Kario,Nagasaki Ken,27,Tsushima Shi,7418810,,,34.4085,129.326,,minemachi-kario
JP,Japan,Japón,817-1303,Minemachi Kisaka,Nagasaki Ken,27,Tsushima Shi,7418810,,,34.4085,129.326,,minemachi-kisaka
JP,Japan,Japón,817-1304,Minemachi Omi,Nagasaki Ken,27,Tsushima Shi,7418810,,,34.4085,129.326,,minemachi-omi
JP,Japan,Japón,817-1305,Minemachi Tsuyanagi,Nagasaki Ken,27,Tsushima Shi,7418810,,,34.4085,129.326,,minemachi-tsuyanagi
JP,Japan,Japón,817-1306,Minemachi Yoshida,Nagasaki Ken,27,Tsushima Shi,7418810,,,34.4085,129.326,,minemachi-yoshida
JP,Japan,Japón,817-1307,Minemachi Kasa,Nagasaki Ken,27,Tsushima Shi,7418810,,,34.4085,129.326,,minemachi-kasa
JP,Japan,Japón,817-1411,Minemachi Kushi,Nagasaki Ken,27,Tsushima Shi,7418810,,,34.4085,129.326,,minemachi-kushi
JP,Japan,Japón,817-1412,Minemachi Saka,Nagasaki Ken,27,Tsushima Shi,7418810,,,34.4085,129.326,,minemachi-saka
JP,Japan,Japón,817-1413,Minemachi Shitaka,Nagasaki Ken,27,Tsushima Shi,7418810,,,34.4085,129.326,,minemachi-shitaka
JP,Japan,Japón,817-1511,Kamiagatamachi Shishimi,Nagasaki Ken,27,Tsushima Shi,7418810,,,34.4085,129.326,,kamiagatamachi-shishimi
JP,Japan,Japón,817-1512,Kamiagatamachi Kubara,Nagasaki Ken,27,Tsushima Shi,7418810,,,34.4085,129.326,,kamiagatamachi-kubara
JP,Japan,Japón,817-1513,Kamiagatamachi Unatsura,Nagasaki Ken,27,Tsushima Shi,7418810,,,34.4085,129.326,,kamiagatamachi-unatsura
JP,Japan,Japón,817-1521,Kamiagatamachi Kaidokoro,Nagasaki Ken,27,Tsushima Shi,7418810,,,34.4085,129.326,,kamiagatamachi-kaidokoro
JP,Japan,Japón,817-1522,Kamiagatamachi Kashitaki,Nagasaki Ken,27,Tsushima Shi,7418810,,,34.4085,129.326,,kamiagatamachi-kashitaki
JP,Japan,Japón,817-1523,Kamiagatamachi Seta,Nagasaki Ken,27,Tsushima Shi,7418810,,,34.4085,129.326,,kamiagatamachi-seta
JP,Japan,Japón,817-1524,Kamiagatamachi Inugaura,Nagasaki Ken,27,Tsushima Shi,7418810,,,34.4085,129.326,,kamiagatamachi-inugaura
JP,Japan,Japón,817-1525,Kamiagatamachi Miso,Nagasaki Ken,27,Tsushima Shi,7418810,,,34.4085,129.326,,kamiagatamachi-miso
JP,Japan,Japón,817-1531,Kamiagatamachi Koshitaka,Nagasaki Ken,27,Tsushima Shi,7418810,,,34.4085,129.326,,kamiagatamachi-koshitaka
JP,Japan,Japón,817-1532,Kamiagatamachi Ina,Nagasaki Ken,27,Tsushima Shi,7418810,,,34.4085,129.326,,kamiagatamachi-ina
JP,Japan,Japón,817-1533,Kamiagatamachi Shitaru,Nagasaki Ken,27,Tsushima Shi,7418810,,,34.4085,129.326,,kamiagatamachi-shitaru
JP,Japan,Japón,817-1601,Kamiagatamachi Nishitsuya,Nagasaki Ken,27,Tsushima Shi,7418810,,,34.4085,129.326,,kamiagatamachi-nishitsuya
JP,Japan,Japón,817-1602,Kamiagatamachi Sasuna,Nagasaki Ken,27,Tsushima Shi,7418810,,,34.4085,129.326,,kamiagatamachi-sasuna
JP,Japan,Japón,817-1603,Kamiagatamachi Sago,Nagasaki Ken,27,Tsushima Shi,7418810,,,34.4085,129.326,,kamiagatamachi-sago
JP,Japan,Japón,817-1692,対馬市　上県支所,Nagasaki Ken,27,Tsushima Shi,7418810,,,34.4085,129.326,,
JP,Japan,Japón,817-1701,Kamitsushimamachi Hitakatsu,Nagasaki Ken,27,Tsushima Shi,7418810,,,34.4085,129.326,,kamitsushimamachi-hitakatsu
JP,Japan,Japón,817-1702,Kamitsushimamachi Furusato,Nagasaki Ken,27,Tsushima Shi,7418810,,,34.4085,129.326,,kamitsushimamachi-furusato
JP,Japan,Japón,817-1703,Kamitsushimamachi Nishidomari,Nagasaki Ken,27,Tsushima Shi,7418810,,,34.4085,129.326,,kamitsushimamachi-nishidomari
JP,Japan,Japón,817-1704,Kamitsushimamachi Ajiro,Nagasaki Ken,27,Tsushima Shi,7418810,,,34.4085,129.326,,kamitsushimamachi-ajiro
JP,Japan,Japón,817-1711,Kamitsushimamachi Tomigaura,Nagasaki Ken,27,Tsushima Shi,7418810,,,34.4085,129.326,,kamitsushimamachi-tomigaura
JP,Japan,Japón,817-1712,Kamitsushimamachi Tojushi,Nagasaki Ken,27,Tsushima Shi,7418810,,,34.4085,129.326,,kamitsushimamachi-tojushi
JP,Japan,Japón,817-1713,Kamitsushimamachi Hamagusu,Nagasaki Ken,27,Tsushima Shi,7418810,,,34.4085,129.326,,kamitsushimamachi-hamagusu
JP,Japan,Japón,817-1714,Kamitsushimamachi Kusu,Nagasaki Ken,27,Tsushima Shi,7418810,,,34.4085,129.326,,kamitsushimamachi-kusu
JP,Japan,Japón,817-1715,Kamitsushimamachi Omasu,Nagasaki Ken,27,Tsushima Shi,7418810,,,34.4085,129.326,,kamitsushimamachi-omasu
JP,Japan,Japón,817-1721,Kamitsushimamachi Kawachi,Nagasaki Ken,27,Tsushima Shi,7418810,,,34.4085,129.326,,kamitsushimamachi-kawachi
JP,Japan,Japón,817-1722,Kamitsushimamachi Oura,Nagasaki Ken,27,Tsushima Shi,7418810,,,34.4085,129.326,,kamitsushimamachi-oura
JP,Japan,Japón,817-1723,Kamitsushimamachi Waniura,Nagasaki Ken,27,Tsushima Shi,7418810,,,34.4085,129.326,,kamitsushimamachi-waniura
JP,Japan,Japón,817-1724,Kamitsushimamachi Toyo,Nagasaki Ken,27,Tsushima Shi,7418810,,,34.4085,129.326,,kamitsushimamachi-toyo
JP,Japan,Japón,817-1725,Kamitsushimamachi Izumi,Nagasaki Ken,27,Tsushima Shi,7418810,,,34.4085,129.326,,kamitsushimamachi-izumi
JP,Japan,Japón,817-1797,航空自衛隊　第１９警戒隊,Nagasaki Ken,27,Tsushima Shi,7418810,,,34.4085,129.326,,
JP,Japan,Japón,817-2241,Kamitsushimamachi Oshika,Nagasaki Ken,27,Tsushima Shi,7418810,,,34.4085,129.326,,kamitsushimamachi-oshika
JP,Japan,Japón,817-2242,Kamitsushimamachi Hitoe,Nagasaki Ken,27,Tsushima Shi,7418810,,,34.4085,129.326,,kamitsushimamachi-hitoe
JP,Japan,Japón,817-2243,Kamitsushimamachi Ashimi,Nagasaki Ken,27,Tsushima Shi,7418810,,,34.4085,129.326,,kamitsushimamachi-ashimi
JP,Japan,Japón,817-2331,Kamitsushimamachi Kin,Nagasaki Ken,27,Tsushima Shi,7418810,,,34.4085,129.326,,kamitsushimamachi-kin
JP,Japan,Japón,817-2332,Kamitsushimamachi Goneo,Nagasaki Ken,27,Tsushima Shi,7418810,,,34.4085,129.326,,kamitsushimamachi-goneo
JP,Japan,Japón,817-2333,Kamitsushimamachi Shushi,Nagasaki Ken,27,Tsushima Shi,7418810,,,34.4085,129.326,,kamitsushimamachi-shushi
JP,Japan,Japón,817-8510,対馬市役所,Nagasaki Ken,27,Tsushima Shi,7418810,,,34.4085,129.326,,
JP,Japan,Japón,817-8517,対馬いづはら病院,Nagasaki Ken,27,Tsushima Shi,7418810,,,34.4085,129.326,,
JP,Japan,Japón,817-8520,長崎県　対馬振興局,Nagasaki Ken,27,Tsushima Shi,7418810,,,34.4085,129.326,,
JP,Japan,Japón,854-0301,Ainomachi Ko,Nagasaki Ken,27,Unzen Shi,7418811,,,32.8432,130.049,,ainomachi-ko
JP,Japan,Japón,854-0302,Ainomachi Otsu,Nagasaki Ken,27,Unzen Shi,7418811,,,32.8432,130.049,,ainomachi-otsu
JP,Japan,Japón,854-0401,Chijiwacho Ko,Nagasaki Ken,27,Unzen Shi,7418811,,,32.8432,130.049,,chijiwacho-ko
JP,Japan,Japón,854-0402,Chijiwacho Otsu,Nagasaki Ken,27,Unzen Shi,7418811,,,32.8432,130.049,,chijiwacho-otsu
JP,Japan,Japón,854-0403,Chijiwacho Hei,Nagasaki Ken,27,Unzen Shi,7418811,,,32.8432,130.049,,chijiwacho-hei
JP,Japan,Japón,854-0404,Chijiwacho Tei,Nagasaki Ken,27,Unzen Shi,7418811,,,32.8432,130.049,,chijiwacho-tei
JP,Japan,Japón,854-0405,Chijiwacho Bo,Nagasaki Ken,27,Unzen Shi,7418811,,,32.8432,130.049,,chijiwacho-bo
JP,Japan,Japón,854-0406,Chijiwacho Ki,Nagasaki Ken,27,Unzen Shi,7418811,,,32.8432,130.049,,chijiwacho-ki
JP,Japan,Japón,854-0407,Chijiwacho Ko,Nagasaki Ken,27,Unzen Shi,7418811,,,32.8432,130.049,,chijiwacho-ko
JP,Japan,Japón,854-0492,雲仙市　千々石総合支所,Nagasaki Ken,27,Unzen Shi,7418811,,,32.8432,130.049,,
JP,Japan,Japón,854-0500,Unzen Shi,Nagasaki Ken,27,Unzen Shi,7418811,,,32.8432,130.049,,unzen-shi
JP,Japan,Japón,854-0501,Obamacho Okame,Nagasaki Ken,27,Unzen Shi,7418811,,,32.8432,130.049,,obamacho-okame
JP,Japan,Japón,854-0502,Obamacho Yamahata,Nagasaki Ken,27,Unzen Shi,7418811,,,32.8432,130.049,,obamacho-yamahata
JP,Japan,Japón,854-0503,Obamacho Tobiko,Nagasaki Ken,27,Unzen Shi,7418811,,,32.8432,130.049,,obamacho-tobiko
JP,Japan,Japón,854-0504,Obamacho Kanahama,Nagasaki Ken,27,Unzen Shi,7418811,,,32.8432,130.049,,obamacho-kanahama
JP,Japan,Japón,854-0505,Obamacho Koba,Nagasaki Ken,27,Unzen Shi,7418811,,,32.8432,130.049,,obamacho-koba
JP,Japan,Japón,854-0511,Obamacho Minamikisashi,Nagasaki Ken,27,Unzen Shi,7418811,,,32.8432,130.049,,obamacho-minamikisashi
JP,Japan,Japón,854-0512,Obamacho Kitakisashi,Nagasaki Ken,27,Unzen Shi,7418811,,,32.8432,130.049,,obamacho-kitakisashi
JP,Japan,Japón,854-0513,Obamacho Minamihommachi,Nagasaki Ken,27,Unzen Shi,7418811,,,32.8432,130.049,,obamacho-minamihommachi
JP,Japan,Japón,854-0514,Obamacho Kitahommachi,Nagasaki Ken,27,Unzen Shi,7418811,,,32.8432,130.049,,obamacho-kitahommachi
JP,Japan,Japón,854-0515,Obamacho Kitano,Nagasaki Ken,27,Unzen Shi,7418811,,,32.8432,130.049,,obamacho-kitano
JP,Japan,Japón,854-0516,Obamacho Tomitsu,Nagasaki Ken,27,Unzen Shi,7418811,,,32.8432,130.049,,obamacho-tomitsu
JP,Japan,Japón,854-0517,Obamacho Marina,Nagasaki Ken,27,Unzen Shi,7418811,,,32.8432,130.049,,obamacho-marina
JP,Japan,Japón,854-0592,雲仙市　小浜総合支所,Nagasaki Ken,27,Unzen Shi,7418811,,,32.8432,130.049,,
JP,Japan,Japón,854-0593,公立　新小浜病院,Nagasaki Ken,27,Unzen Shi,7418811,,,32.8432,130.049,,
JP,Japan,Japón,854-0595,長崎県立　小浜高等学校,Nagasaki Ken,27,Unzen Shi,7418811,,,32.8432,130.049,,
JP,Japan,Japón,854-0621,Obamacho Unzen,Nagasaki Ken,27,Unzen Shi,7418811,,,32.8432,130.049,,obamacho-unzen
JP,Japan,Japón,854-0692,株式会社　宮崎旅館,Nagasaki Ken,27,Unzen Shi,7418811,,,32.8432,130.049,,
JP,Japan,Japón,854-0696,有限会社　雲仙富貴屋,Nagasaki Ken,27,Unzen Shi,7418811,,,32.8432,130.049,,
JP,Japan,Japón,854-0697,有限会社　雲仙九州ホテル,Nagasaki Ken,27,Unzen Shi,7418811,,,32.8432,130.049,,
JP,Japan,Japón,854-0698,株式会社　東洋館,Nagasaki Ken,27,Unzen Shi,7418811,,,32.8432,130.049,,
JP,Japan,Japón,854-0701,Minamikushiyamacho Ko,Nagasaki Ken,27,Unzen Shi,7418811,,,32.8432,130.049,,minamikushiyamacho-ko
JP,Japan,Japón,854-0702,Minamikushiyamacho Otsu,Nagasaki Ken,27,Unzen Shi,7418811,,,32.8432,130.049,,minamikushiyamacho-otsu
JP,Japan,Japón,854-0703,Minamikushiyamacho Hei,Nagasaki Ken,27,Unzen Shi,7418811,,,32.8432,130.049,,minamikushiyamacho-hei
JP,Japan,Japón,859-1101,Azumacho Motomuramyo,Nagasaki Ken,27,Unzen Shi,7418811,,,32.7839,130.2283,,azumacho-motomuramyo
JP,Japan,Japón,859-1102,Azumacho Kobamyo,Nagasaki Ken,27,Unzen Shi,7418811,,,32.7839,130.2283,,azumacho-kobamyo
JP,Japan,Japón,859-1103,Azumacho Hiraemyo,Nagasaki Ken,27,Unzen Shi,7418811,,,32.7839,130.2283,,azumacho-hiraemyo
JP,Japan,Japón,859-1104,Azumacho Furushiromyo,Nagasaki Ken,27,Unzen Shi,7418811,,,32.7839,130.2283,,azumacho-furushiromyo
JP,Japan,Japón,859-1105,Azumacho Tanohiramyo,Nagasaki Ken,27,Unzen Shi,7418811,,,32.7839,130.2283,,azumacho-tanohiramyo
JP,Japan,Japón,859-1106,Azumacho Okobamyo,Nagasaki Ken,27,Unzen Shi,7418811,,,32.7839,130.2283,,azumacho-okobamyo
JP,Japan,Japón,859-1107,Azumacho Ushiguchimyo,Nagasaki Ken,27,Unzen Shi,7418811,,,32.7839,130.2283,,azumacho-ushiguchimyo
JP,Japan,Japón,859-1111,Azumacho Babamyo,Nagasaki Ken,27,Unzen Shi,7418811,,,32.7839,130.2283,,azumacho-babamyo
JP,Japan,Japón,859-1112,Azumacho Kuribayashimyo,Nagasaki Ken,27,Unzen Shi,7418811,,,32.7839,130.2283,,azumacho-kuribayashimyo
JP,Japan,Japón,859-1113,Azumacho Nunoemyo,Nagasaki Ken,27,Unzen Shi,7418811,,,32.7839,130.2283,,azumacho-nunoemyo
JP,Japan,Japón,859-1114,Azumacho Kawatokomyo,Nagasaki Ken,27,Unzen Shi,7418811,,,32.7839,130.2283,,azumacho-kawatokomyo
JP,Japan,Japón,859-1115,Azumacho Eichumyo,Nagasaki Ken,27,Unzen Shi,7418811,,,32.7839,130.2283,,azumacho-eichumyo
JP,Japan,Japón,859-1116,Azumacho Abomyo,Nagasaki Ken,27,Unzen Shi,7418811,,,32.7839,130.2283,,azumacho-abomyo
JP,Japan,Japón,859-1201,Mizuhocho Saigo Ko,Nagasaki Ken,27,Unzen Shi,7418811,,,32.7839,130.2283,,mizuhocho-saigo-ko
JP,Japan,Japón,859-1202,Mizuhocho Saigo Ko,Nagasaki Ken,27,Unzen Shi,7418811,,,32.7839,130.2283,,mizuhocho-saigo-ko
JP,Japan,Japón,859-1203,Mizuhocho Saigo Otsu,Nagasaki Ken,27,Unzen Shi,7418811,,,32.7839,130.2283,,mizuhocho-saigo-otsu
JP,Japan,Japón,859-1204,Mizuhocho Saigo Hei,Nagasaki Ken,27,Unzen Shi,7418811,,,32.7839,130.2283,,mizuhocho-saigo-hei
JP,Japan,Japón,859-1205,Mizuhocho Saigo Tei,Nagasaki Ken,27,Unzen Shi,7418811,,,32.7839,130.2283,,mizuhocho-saigo-tei
JP,Japan,Japón,859-1206,Mizuhocho Saigo Shin,Nagasaki Ken,27,Unzen Shi,7418811,,,32.7839,130.2283,,mizuhocho-saigo-shin
JP,Japan,Japón,859-1211,Mizuhocho Saigo Bo,Nagasaki Ken,27,Unzen Shi,7418811,,,32.7839,130.2283,,mizuhocho-saigo-bo
JP,Japan,Japón,859-1212,Mizuhocho Saigo Ki,Nagasaki Ken,27,Unzen Shi,7418811,,,32.7839,130.2283,,mizuhocho-saigo-ki
JP,Japan,Japón,859-1213,Mizuhocho Ifuku Ko,Nagasaki Ken,27,Unzen Shi,7418811,,,32.7839,130.2283,,mizuhocho-ifuku-ko
JP,Japan,Japón,859-1214,Mizuhocho Ifuku Otsu,Nagasaki Ken,27,Unzen Shi,7418811,,,32.7839,130.2283,,mizuhocho-ifuku-otsu
JP,Japan,Japón,859-1215,Mizuhocho Kobe Ko,Nagasaki Ken,27,Unzen Shi,7418811,,,32.7839,130.2283,,mizuhocho-kobe-ko
JP,Japan,Japón,859-1216,Mizuhocho Kobe Otsu,Nagasaki Ken,27,Unzen Shi,7418811,,,32.7839,130.2283,,mizuhocho-kobe-otsu
JP,Japan,Japón,859-1292,雲仙市　瑞穂総合支所,Nagasaki Ken,27,Unzen Shi,7418811,,,32.7839,130.2283,,
JP,Japan,Japón,859-1301,Kunimicho Kojiro Ko,Nagasaki Ken,27,Unzen Shi,7418811,,,32.7839,130.2283,,kunimicho-kojiro-ko
JP,Japan,Japón,859-1302,Kunimicho Kojiro Otsu,Nagasaki Ken,27,Unzen Shi,7418811,,,32.7839,130.2283,,kunimicho-kojiro-otsu
JP,Japan,Japón,859-1303,Kunimicho Kojiro Hei,Nagasaki Ken,27,Unzen Shi,7418811,,,32.7839,130.2283,,kunimicho-kojiro-hei
JP,Japan,Japón,859-1304,Kunimicho Kojiro Tei,Nagasaki Ken,27,Unzen Shi,7418811,,,32.7839,130.2283,,kunimicho-kojiro-tei
JP,Japan,Japón,859-1305,Kunimicho Kojiro Bo,Nagasaki Ken,27,Unzen Shi,7418811,,,32.7839,130.2283,,kunimicho-kojiro-bo
JP,Japan,Japón,859-1306,Kunimicho Kojiro Ki,Nagasaki Ken,27,Unzen Shi,7418811,,,32.7839,130.2283,,kunimicho-kojiro-ki
JP,Japan,Japón,859-1307,Kunimicho Kojiro Ko,Nagasaki Ken,27,Unzen Shi,7418811,,,32.7839,130.2283,,kunimicho-kojiro-ko
JP,Japan,Japón,859-1308,Kunimicho Kojiro Shin,Nagasaki Ken,27,Unzen Shi,7418811,,,32.7839,130.2283,,kunimicho-kojiro-shin
JP,Japan,Japón,859-1311,Kunimicho Hijikuro Ko,Nagasaki Ken,27,Unzen Shi,7418811,,,32.7839,130.2283,,kunimicho-hijikuro-ko
JP,Japan,Japón,859-1312,Kunimicho Hijikuro Otsu,Nagasaki Ken,27,Unzen Shi,7418811,,,32.7839,130.2283,,kunimicho-hijikuro-otsu
JP,Japan,Japón,859-1313,Kunimicho Hijikuro Hei,Nagasaki Ken,27,Unzen Shi,7418811,,,32.7839,130.2283,,kunimicho-hijikuro-hei
JP,Japan,Japón,859-1314,Kunimicho Hijikuro Tei,Nagasaki Ken,27,Unzen Shi,7418811,,,32.7839,130.2283,,kunimicho-hijikuro-tei
JP,Japan,Japón,859-1315,Kunimicho Hijikuro Bo,Nagasaki Ken,27,Unzen Shi,7418811,,,32.7839,130.2283,,kunimicho-hijikuro-bo
JP,Japan,Japón,859-1316,Kunimicho Hijikuro Ki,Nagasaki Ken,27,Unzen Shi,7418811,,,32.7839,130.2283,,kunimicho-hijikuro-ki
JP,Japan,Japón,859-1317,Kunimicho Hijikuro Ko,Nagasaki Ken,27,Unzen Shi,7418811,,,32.7839,130.2283,,kunimicho-hijikuro-ko
JP,Japan,Japón,859-1321,Kunimicho Taira Ko,Nagasaki Ken,27,Unzen Shi,7418811,,,32.7839,130.2283,,kunimicho-taira-ko
JP,Japan,Japón,859-1322,Kunimicho Taira Otsu,Nagasaki Ken,27,Unzen Shi,7418811,,,32.7839,130.2283,,kunimicho-taira-otsu
JP,Japan,Japón,859-1323,Kunimicho Taira Hei,Nagasaki Ken,27,Unzen Shi,7418811,,,32.7839,130.2283,,kunimicho-taira-hei
JP,Japan,Japón,859-1324,Kunimicho Taira Tei,Nagasaki Ken,27,Unzen Shi,7418811,,,32.7839,130.2283,,kunimicho-taira-tei
JP,Japan,Japón,859-1325,Kunimicho Taira Bo,Nagasaki Ken,27,Unzen Shi,7418811,,,32.7839,130.2283,,kunimicho-taira-bo
JP,Japan,Japón,859-1392,雲仙市　国見総合支所,Nagasaki Ken,27,Unzen Shi,7418811,,,32.7839,130.2283,,
JP,Japan,Japón,854-0000,Isahaya Shi,Nagasaki Ken,27,Isahaya Shi,8301120,,,32.853,130.0517,,isahaya-shi
JP,Japan,Japón,854-0001,Fukudamachi,Nagasaki Ken,27,Isahaya Shi,8301120,,,32.8755,130.0586,,fukudamachi
JP,Japan,Japón,854-0002,Hinodemachi,Nagasaki Ken,27,Isahaya Shi,8301120,,,32.8631,130.0499,,hinodemachi
JP,Japan,Japón,854-0003,Izumimachi,Nagasaki Ken,27,Isahaya Shi,8301120,,,32.8519,130.0533,,izumimachi
JP,Japan,Japón,854-0004,Kanayamachi,Nagasaki Ken,27,Isahaya Shi,8301120,,,32.8502,130.0513,,kanayamachi
JP,Japan,Japón,854-0005,Shiromimachi,Nagasaki Ken,27,Isahaya Shi,8301120,,,32.8529,130.0489,,shiromimachi
JP,Japan,Japón,854-0006,Temmammachi,Nagasaki Ken,27,Isahaya Shi,8301120,,,32.8554,130.0459,,temmammachi
JP,Japan,Japón,854-0007,Meshiromachi,Nagasaki Ken,27,Isahaya Shi,8301120,,,32.8881,130.0514,,meshiromachi
JP,Japan,Japón,854-0011,Hattemmachi,Nagasaki Ken,27,Isahaya Shi,8301120,,,32.8469,130.058,,hattemmachi
JP,Japan,Japón,854-0012,Hommachi,Nagasaki Ken,27,Isahaya Shi,8301120,,,32.8447,130.0549,,hommachi
JP,Japan,Japón,854-0013,Sakaemachi,Nagasaki Ken,27,Isahaya Shi,8301120,,,32.8421,130.0554,,sakaemachi
JP,Japan,Japón,854-0014,Higashikojimachi,Nagasaki Ken,27,Isahaya Shi,8301120,,,32.843,130.0526,,higashikojimachi
JP,Japan,Japón,854-0015,Nishikojimachi,Nagasaki Ken,27,Isahaya Shi,8301120,,,32.8406,130.0498,,nishikojimachi
JP,Japan,Japón,854-0016,Takashiromachi,Nagasaki Ken,27,Isahaya Shi,8301120,,,32.8449,130.048,,takashiromachi
JP,Japan,Japón,854-0021,Nakaokimachi,Nagasaki Ken,27,Isahaya Shi,8301120,,,32.8444,130.0689,,nakaokimachi
JP,Japan,Japón,854-0022,Saiwaimachi,Nagasaki Ken,27,Isahaya Shi,8301120,,,32.8388,130.0671,,saiwaimachi
JP,Japan,Japón,854-0023,Koseimachi,Nagasaki Ken,27,Isahaya Shi,8301120,,,32.8415,130.0581,,koseimachi
JP,Japan,Japón,854-0024,Kamimachi,Nagasaki Ken,27,Isahaya Shi,8301120,,,32.8412,130.0566,,kamimachi
JP,Japan,Japón,854-0025,Yasakamachi,Nagasaki Ken,27,Isahaya Shi,8301120,,,32.8432,130.0567,,yasakamachi
JP,Japan,Japón,854-0026,Higashihommachi,Nagasaki Ken,27,Isahaya Shi,8301120,,,32.8445,130.0575,,higashihommachi
JP,Japan,Japón,854-0027,Asahimachi,Nagasaki Ken,27,Isahaya Shi,8301120,,,32.8444,130.0599,,asahimachi
JP,Japan,Japón,854-0031,Onojimamachi,Nagasaki Ken,27,Isahaya Shi,8301120,,,32.8495,130.0973,,onojimamachi
JP,Japan,Japón,854-0032,Akasakimachi,Nagasaki Ken,27,Isahaya Shi,8301120,,,32.8345,130.1072,,akasakimachi
JP,Japan,Japón,854-0033,Kurosakimachi,Nagasaki Ken,27,Isahaya Shi,8301120,,,32.8287,130.0995,,kurosakimachi
JP,Japan,Japón,854-0034,Onomachi,Nagasaki Ken,27,Isahaya Shi,8301120,,,32.8315,130.0917,,onomachi
JP,Japan,Japón,854-0035,Munakatamachi,Nagasaki Ken,27,Isahaya Shi,8301120,,,32.8183,130.0937,,munakatamachi
JP,Japan,Japón,854-0036,Naganomachi,Nagasaki Ken,27,Isahaya Shi,8301120,,,32.8168,130.0849,,naganomachi
JP,Japan,Japón,854-0037,Kawachimachi,Nagasaki Ken,27,Isahaya Shi,8301120,,,32.8501,130.0814,,kawachimachi
JP,Japan,Japón,854-0038,Chuokantaku,Nagasaki Ken,27,Isahaya Shi,8301120,,,32.8587,130.1236,,chuokantaku
JP,Japan,Japón,854-0041,Funakoshimachi,Nagasaki Ken,27,Isahaya Shi,8301120,,,32.8374,130.064,,funakoshimachi
JP,Japan,Japón,854-0042,Uenomachi,Nagasaki Ken,27,Isahaya Shi,8301120,,,32.8389,130.056,,uenomachi
JP,Japan,Japón,854-0043,Tateishimachi,Nagasaki Ken,27,Isahaya Shi,8301120,,,32.836,130.0604,,tateishimachi
JP,Japan,Japón,854-0044,Nishigomachi,Nagasaki Ken,27,Isahaya Shi,8301120,,,32.8343,130.0573,,nishigomachi
JP,Japan,Japón,854-0045,Shimmichimachi,Nagasaki Ken,27,Isahaya Shi,8301120,,,32.8353,130.0503,,shimmichimachi
JP,Japan,Japón,854-0046,Haraguchimachi,Nagasaki Ken,27,Isahaya Shi,8301120,,,32.8378,130.0513,,haraguchimachi
JP,Japan,Japón,854-0047,Nonakamachi,Nagasaki Ken,27,Isahaya Shi,8301120,,,32.8368,130.0551,,nonakamachi
JP,Japan,Japón,854-0051,Washizakimachi,Nagasaki Ken,27,Isahaya Shi,8301120,,,32.8324,130.0666,,washizakimachi
JP,Japan,Japón,854-0052,Kawatokomachi,Nagasaki Ken,27,Isahaya Shi,8301120,,,32.8191,130.0738,,kawatokomachi
JP,Japan,Japón,854-0053,Ogawamachi,Nagasaki Ken,27,Isahaya Shi,8301120,,,32.8219,130.0589,,ogawamachi
JP,Japan,Japón,854-0054,Kogakuramachi,Nagasaki Ken,27,Isahaya Shi,8301120,,,32.8106,130.0579,,kogakuramachi
JP,Japan,Japón,854-0055,Kuremomachi,Nagasaki Ken,27,Isahaya Shi,8301120,,,32.8271,130.0444,,kuremomachi
JP,Japan,Japón,854-0056,Hajinomachi,Nagasaki Ken,27,Isahaya Shi,8301120,,,32.8112,130.0258,,hajinomachi
JP,Japan,Japón,854-0057,Hirayamamachi,Nagasaki Ken,27,Isahaya Shi,8301120,,,32.8223,130.036,,hirayamamachi
JP,Japan,Japón,854-0061,Uzumachi,Nagasaki Ken,27,Isahaya Shi,8301120,,,32.8411,130.042,,uzumachi
JP,Japan,Japón,854-0062,Obunakoshimachi,Nagasaki Ken,27,Isahaya Shi,8301120,,,32.8429,130.0323,,obunakoshimachi
JP,Japan,Japón,854-0063,Kaizumachi,Nagasaki Ken,27,Isahaya Shi,8301120,,,32.8317,130.0216,,kaizumachi
JP,Japan,Japón,854-0064,Wakabamachi,Nagasaki Ken,27,Isahaya Shi,8301120,,,32.8275,130.0057,,wakabamachi
JP,Japan,Japón,854-0065,Tsukubamachi,Nagasaki Ken,27,Isahaya Shi,8301120,,,32.8201,130.0103,,tsukubamachi
JP,Japan,Japón,854-0066,Kuyamamachi,Nagasaki Ken,27,Isahaya Shi,8301120,,,32.8216,129.9959,,kuyamamachi
JP,Japan,Japón,854-0067,Kuyamadai,Nagasaki Ken,27,Isahaya Shi,8301120,,,32.8261,129.9946,,kuyamadai
JP,Japan,Japón,854-0068,Aobadai,Nagasaki Ken,27,Isahaya Shi,8301120,,,32.8286,130.0044,,aobadai
JP,Japan,Japón,854-0069,Kaizugaoka,Nagasaki Ken,27,Isahaya Shi,8301120,,,32.8304,130.0072,,kaizugaoka
JP,Japan,Japón,854-0071,Eishohigashimachi,Nagasaki Ken,27,Isahaya Shi,8301120,,,32.853,130.0429,,eishohigashimachi
JP,Japan,Japón,854-0072,Eishomachi,Nagasaki Ken,27,Isahaya Shi,8301120,,,32.8511,130.0377,,eishomachi
JP,Japan,Japón,854-0073,Nakaomachi,Nagasaki Ken,27,Isahaya Shi,8301120,,,32.8492,130.0307,,nakaomachi
JP,Japan,Japón,854-0074,Yamakawamachi,Nagasaki Ken,27,Isahaya Shi,8301120,,,32.8482,130.0267,,yamakawamachi
JP,Japan,Japón,854-0075,Mawatarimachi,Nagasaki Ken,27,Isahaya Shi,8301120,,,32.8428,130.0253,,mawatarimachi
JP,Japan,Japón,854-0076,Dozakimachi,Nagasaki Ken,27,Isahaya Shi,8301120,,,32.845,130.0186,,dozakimachi
JP,Japan,Japón,854-0077,Shiraiwamachi,Nagasaki Ken,27,Isahaya Shi,8301120,,,32.8479,130.0217,,shiraiwamachi
JP,Japan,Japón,854-0081,Eidamachi,Nagasaki Ken,27,Isahaya Shi,8301120,,,32.8615,130.0366,,eidamachi
JP,Japan,Japón,854-0082,Nishieidamachi,Nagasaki Ken,27,Isahaya Shi,8301120,,,32.8615,130.0291,,nishieidamachi
JP,Japan,Japón,854-0083,Tsumizumachi,Nagasaki Ken,27,Isahaya Shi,8301120,,,32.848,130.0123,,tsumizumachi
JP,Japan,Japón,854-0084,Masakimachi,Nagasaki Ken,27,Isahaya Shi,8301120,,,32.8552,130.0281,,masakimachi
JP,Japan,Japón,854-0085,Warigoimachi,Nagasaki Ken,27,Isahaya Shi,8301120,,,32.868,130.0196,,warigoimachi
JP,Japan,Japón,854-0086,Horinochimachi,Nagasaki Ken,27,Isahaya Shi,8301120,,,32.8549,130.0217,,horinochimachi
JP,Japan,Japón,854-0087,Osakomachi,Nagasaki Ken,27,Isahaya Shi,8301120,,,32.8597,130.0263,,osakomachi
JP,Japan,Japón,854-0091,Tomigawamachi,Nagasaki Ken,27,Isahaya Shi,8301120,,,32.9293,130.0348,,tomigawamachi
JP,Japan,Japón,854-0092,Yunomachi,Nagasaki Ken,27,Isahaya Shi,8301120,,,32.9285,130.0503,,yunomachi
JP,Japan,Japón,854-0093,Motonomachi,Nagasaki Ken,27,Isahaya Shi,8301120,,,32.8988,130.035,,motonomachi
JP,Japan,Japón,854-0094,Hommyomachi,Nagasaki Ken,27,Isahaya Shi,8301120,,,32.8783,130.0338,,hommyomachi
JP,Japan,Japón,854-0095,Kamiowatanomachi,Nagasaki Ken,27,Isahaya Shi,8301120,,,32.9157,130.0216,,kamiowatanomachi
JP,Japan,Japón,854-0096,Shimoowatanomachi,Nagasaki Ken,27,Isahaya Shi,8301120,,,32.8849,130.0167,,shimoowatanomachi
JP,Japan,Japón,854-0121,Ukimachi,Nagasaki Ken,27,Isahaya Shi,8301120,,,32.7943,130.0801,,ukimachi
JP,Japan,Japón,854-0122,Tsurutamachi,Nagasaki Ken,27,Isahaya Shi,8301120,,,32.8016,130.0819,,tsurutamachi
JP,Japan,Japón,854-0123,Tenjimmachi,Nagasaki Ken,27,Isahaya Shi,8301120,,,32.7997,130.0602,,tenjimmachi
JP,Japan,Japón,854-0124,Nakadorimachi,Nagasaki Ken,27,Isahaya Shi,8301120,,,32.8001,130.0737,,nakadorimachi
JP,Japan,Japón,854-0125,Hayamimachi,Nagasaki Ken,27,Isahaya Shi,8301120,,,32.7879,130.0583,,hayamimachi
JP,Japan,Japón,854-0126,Matsuzatomachi,Nagasaki Ken,27,Isahaya Shi,8301120,,,32.7971,130.0935,,matsuzatomachi
JP,Japan,Japón,854-0201,Moriyamacho Shimoimuta,Nagasaki Ken,27,Isahaya Shi,8301120,,,32.8432,130.049,,moriyamacho-shimoimuta
JP,Japan,Japón,854-0202,Moriyamacho Keishino,Nagasaki Ken,27,Isahaya Shi,8301120,,,32.8432,130.049,,moriyamacho-keishino
JP,Japan,Japón,854-0203,Moriyamacho Hommura,Nagasaki Ken,27,Isahaya Shi,8301120,,,32.8432,130.049,,moriyamacho-hommura
JP,Japan,Japón,854-0204,Moriyamacho Tajiri,Nagasaki Ken,27,Isahaya Shi,8301120,,,32.8432,130.049,,moriyamacho-tajiri
JP,Japan,Japón,854-0205,Moriyamacho Sugitani,Nagasaki Ken,27,Isahaya Shi,8301120,,,32.8432,130.049,,moriyamacho-sugitani
JP,Japan,Japón,854-0206,Moriyamacho Karakokita,Nagasaki Ken,27,Isahaya Shi,8301120,,,32.8432,130.049,,moriyamacho-karakokita
JP,Japan,Japón,854-0207,Moriyamacho Karakohigashi,Nagasaki Ken,27,Isahaya Shi,8301120,,,32.8432,130.049,,moriyamacho-karakohigashi
JP,Japan,Japón,854-0208,Moriyamacho Karakonishi,Nagasaki Ken,27,Isahaya Shi,8301120,,,32.8432,130.049,,moriyamacho-karakonishi
JP,Japan,Japón,854-0209,Moriyamacho Kamiimuta,Nagasaki Ken,27,Isahaya Shi,8301120,,,32.8432,130.049,,moriyamacho-kamiimuta
JP,Japan,Japón,854-0292,諫早市役所　森山支所,Nagasaki Ken,27,Isahaya Shi,8301120,,,32.8432,130.049,,
JP,Japan,Japón,854-1101,Iimoricho Nonaka,Nagasaki Ken,27,Isahaya Shi,8301120,,,32.8691,130.0637,,iimoricho-nonaka
JP,Japan,Japón,854-1102,Iimoricho Yamaguchi,Nagasaki Ken,27,Isahaya Shi,8301120,,,32.8691,130.0637,,iimoricho-yamaguchi
JP,Japan,Japón,854-1103,Iimoricho Nakayama,Nagasaki Ken,27,Isahaya Shi,8301120,,,32.8691,130.0637,,iimoricho-nakayama
JP,Japan,Japón,854-1104,Iimoricho Uehara,Nagasaki Ken,27,Isahaya Shi,8301120,,,32.8691,130.0637,,iimoricho-uehara
JP,Japan,Japón,854-1105,Iimoricho Ushiroda,Nagasaki Ken,27,Isahaya Shi,8301120,,,32.8691,130.0637,,iimoricho-ushiroda
JP,Japan,Japón,854-1111,Iimoricho Hirakoba,Nagasaki Ken,27,Isahaya Shi,8301120,,,32.8691,130.0637,,iimoricho-hirakoba
JP,Japan,Japón,854-1112,Iimoricho Hiraki,Nagasaki Ken,27,Isahaya Shi,8301120,,,32.8691,130.0637,,iimoricho-hiraki
JP,Japan,Japón,854-1113,Iimoricho Shimogama,Nagasaki Ken,27,Isahaya Shi,8301120,,,32.8691,130.0637,,iimoricho-shimogama
JP,Japan,Japón,854-1114,Iimoricho Kubo,Nagasaki Ken,27,Isahaya Shi,8301120,,,32.8691,130.0637,,iimoricho-kubo
JP,Japan,Japón,854-1121,Iimoricho Koba,Nagasaki Ken,27,Isahaya Shi,8301120,,,32.8691,130.0637,,iimoricho-koba
JP,Japan,Japón,854-1122,Iimoricho Sada,Nagasaki Ken,27,Isahaya Shi,8301120,,,32.8691,130.0637,,iimoricho-sada
JP,Japan,Japón,854-1123,Iimoricho Sato,Nagasaki Ken,27,Isahaya Shi,8301120,,,32.8691,130.0637,,iimoricho-sato
JP,Japan,Japón,854-1124,Iimoricho Kawashimo,Nagasaki Ken,27,Isahaya Shi,8301120,,,32.8691,130.0637,,iimoricho-kawashimo
JP,Japan,Japón,854-1125,Iimoricho Ikeshimo,Nagasaki Ken,27,Isahaya Shi,8301120,,,32.8691,130.0637,,iimoricho-ikeshimo
JP,Japan,Japón,854-8501,Eishohigashimachi,Nagasaki Ken,27,Isahaya Shi,8301120,,,32.8691,130.0637,,eishohigashimachi
JP,Japan,Japón,854-8509,Izumicho,Nagasaki Ken,27,Isahaya Shi,8301120,,,32.8691,130.0637,,izumicho
JP,Japan,Japón,854-8540,Eidamachi,Nagasaki Ken,27,Isahaya Shi,8301120,,,32.8691,130.0637,,eidamachi
JP,Japan,Japón,854-8555,Tsukubamachi,Nagasaki Ken,27,Isahaya Shi,8301120,,,32.8691,130.0637,,tsukubamachi
JP,Japan,Japón,854-8601,Higashikojimachi,Nagasaki Ken,27,Isahaya Shi,8301120,,,32.8691,130.0637,,higashikojimachi
JP,Japan,Japón,854-8650,Ogawacho,Nagasaki Ken,27,Isahaya Shi,8301120,,,32.8691,130.0637,,ogawacho
JP,Japan,Japón,854-8666,Eishohigashimachi,Nagasaki Ken,27,Isahaya Shi,8301120,,,32.8691,130.0637,,eishohigashimachi
JP,Japan,Japón,859-0101,Takakicho Oto,Nagasaki Ken,27,Isahaya Shi,8301120,,,32.8859,130.0784,,takakicho-oto
JP,Japan,Japón,859-0102,Takakicho Oriyama,Nagasaki Ken,27,Isahaya Shi,8301120,,,32.8859,130.0784,,takakicho-oriyama
JP,Japan,Japón,859-0103,Takakicho Koba,Nagasaki Ken,27,Isahaya Shi,8301120,,,32.8859,130.0784,,takakicho-koba
JP,Japan,Japón,859-0104,Takakicho Tachiyama,Nagasaki Ken,27,Isahaya Shi,8301120,,,32.8859,130.0784,,takakicho-tachiyama
JP,Japan,Japón,859-0105,Takakicho Funatsu,Nagasaki Ken,27,Isahaya Shi,8301120,,,32.8859,130.0784,,takakicho-funatsu
JP,Japan,Japón,859-0106,Takakicho Fujito,Nagasaki Ken,27,Isahaya Shi,8301120,,,32.8859,130.0784,,takakicho-fujito
JP,Japan,Japón,859-0111,Takakicho Uwagumi,Nagasaki Ken,27,Isahaya Shi,8301120,,,32.8859,130.0784,,takakicho-uwagumi
JP,Japan,Japón,859-0112,Takakicho Kobunatsu,Nagasaki Ken,27,Isahaya Shi,8301120,,,32.8859,130.0784,,takakicho-kobunatsu
JP,Japan,Japón,859-0113,Takakicho Shitagumi,Nagasaki Ken,27,Isahaya Shi,8301120,,,32.8859,130.0784,,takakicho-shitagumi
JP,Japan,Japón,859-0114,Takakicho Nishihirabaru,Nagasaki Ken,27,Isahaya Shi,8301120,,,32.8859,130.0784,,takakicho-nishihirabaru
JP,Japan,Japón,859-0115,Takakicho Nishino,Nagasaki Ken,27,Isahaya Shi,8301120,,,32.8859,130.0784,,takakicho-nishino
JP,Japan,Japón,859-0116,Takakicho Hirata,Nagasaki Ken,27,Isahaya Shi,8301120,,,32.8859,130.0784,,takakicho-hirata
JP,Japan,Japón,859-0117,Takakicho Mine,Nagasaki Ken,27,Isahaya Shi,8301120,,,32.8859,130.0784,,takakicho-mine
JP,Japan,Japón,859-0121,Takakicho Izumi,Nagasaki Ken,27,Isahaya Shi,8301120,,,32.8859,130.0784,,takakicho-izumi
JP,Japan,Japón,859-0122,Takakicho Kurosaki,Nagasaki Ken,27,Isahaya Shi,8301120,,,32.8859,130.0784,,takakicho-kurosaki
JP,Japan,Japón,859-0123,Takakicho Komine,Nagasaki Ken,27,Isahaya Shi,8301120,,,32.8859,130.0784,,takakicho-komine
JP,Japan,Japón,859-0124,Takakicho Sato,Nagasaki Ken,27,Isahaya Shi,8301120,,,32.8859,130.0784,,takakicho-sato
JP,Japan,Japón,859-0125,Takakicho Zenjuji,Nagasaki Ken,27,Isahaya Shi,8301120,,,32.8859,130.0784,,takakicho-zenjuji
JP,Japan,Japón,859-0126,Takakicho Norigawa,Nagasaki Ken,27,Isahaya Shi,8301120,,,32.8859,130.0784,,takakicho-norigawa
JP,Japan,Japón,859-0127,Takakicho Machimyo,Nagasaki Ken,27,Isahaya Shi,8301120,,,32.8859,130.0784,,takakicho-machimyo
JP,Japan,Japón,859-0131,Takakicho Kozukura,Nagasaki Ken,27,Isahaya Shi,8301120,,,32.8859,130.0784,,takakicho-kozukura
JP,Japan,Japón,859-0132,Takakicho Sambuichi,Nagasaki Ken,27,Isahaya Shi,8301120,,,32.8859,130.0784,,takakicho-sambuichi
JP,Japan,Japón,859-0133,Takakicho Higashihirabaru,Nagasaki Ken,27,Isahaya Shi,8301120,,,32.8859,130.0784,,takakicho-higashihirabaru
JP,Japan,Japón,859-0141,Takakicho Kumizu,Nagasaki Ken,27,Isahaya Shi,8301120,,,32.8859,130.0784,,takakicho-kumizu
JP,Japan,Japón,859-0142,Takakicho Kuronita,Nagasaki Ken,27,Isahaya Shi,8301120,,,32.8859,130.0784,,takakicho-kuronita
JP,Japan,Japón,859-0143,Takakicho Sakamoto,Nagasaki Ken,27,Isahaya Shi,8301120,,,32.8859,130.0784,,takakicho-sakamoto
JP,Japan,Japón,859-0144,Takakicho Mizoguchi,Nagasaki Ken,27,Isahaya Shi,8301120,,,32.8859,130.0784,,takakicho-mizoguchi
JP,Japan,Japón,859-0145,Takakicho Yamamichi,Nagasaki Ken,27,Isahaya Shi,8301120,,,32.8859,130.0784,,takakicho-yamamichi
JP,Japan,Japón,859-0146,Takakicho Kanasaki,Nagasaki Ken,27,Isahaya Shi,8301120,,,32.8859,130.0784,,takakicho-kanasaki
JP,Japan,Japón,859-0147,Takakicho Mizunora,Nagasaki Ken,27,Isahaya Shi,8301120,,,32.8859,130.0784,,takakicho-mizunora
JP,Japan,Japón,859-0151,Konagaicho Uchikoshi,Nagasaki Ken,27,Isahaya Shi,8301120,,,32.8859,130.0784,,konagaicho-uchikoshi
JP,Japan,Japón,859-0152,Konagaicho Ogarami,Nagasaki Ken,27,Isahaya Shi,8301120,,,32.8859,130.0784,,konagaicho-ogarami
JP,Japan,Japón,859-0153,Konagaicho Omine,Nagasaki Ken,27,Isahaya Shi,8301120,,,32.8859,130.0784,,konagaicho-omine
JP,Japan,Japón,859-0154,Konagaicho Kochi,Nagasaki Ken,27,Isahaya Shi,8301120,,,32.8859,130.0784,,konagaicho-kochi
JP,Japan,Japón,859-0161,Konagaicho Koba,Nagasaki Ken,27,Isahaya Shi,8301120,,,32.8859,130.0784,,konagaicho-koba
JP,Japan,Japón,859-0162,Konagaicho Shintabaru,Nagasaki Ken,27,Isahaya Shi,8301120,,,32.8859,130.0784,,konagaicho-shintabaru
JP,Japan,Japón,859-0163,Konagaicho Tabaru,Nagasaki Ken,27,Isahaya Shi,8301120,,,32.8859,130.0784,,konagaicho-tabaru
JP,Japan,Japón,859-0164,Konagaicho Maki,Nagasaki Ken,27,Isahaya Shi,8301120,,,32.8859,130.0784,,konagaicho-maki
JP,Japan,Japón,859-0165,Konagaicho Ogawaharaura,Nagasaki Ken,27,Isahaya Shi,8301120,,,32.8859,130.0784,,konagaicho-ogawaharaura
JP,Japan,Japón,859-0166,Konagaicho Izaki,Nagasaki Ken,27,Isahaya Shi,8301120,,,32.8859,130.0784,,konagaicho-izaki
JP,Japan,Japón,859-0167,Konagaicho Todake,Nagasaki Ken,27,Isahaya Shi,8301120,,,32.8859,130.0784,,konagaicho-todake
JP,Japan,Japón,859-0171,Takakicho Oekantaku,Nagasaki Ken,27,Isahaya Shi,8301120,,,32.8859,130.0784,,takakicho-oekantaku
JP,Japan,Japón,859-0192,諫早市役所　高来支所,Nagasaki Ken,27,Isahaya Shi,8301120,,,32.8859,130.0784,,
JP,Japan,Japón,859-0193,社会福祉法人　聖家族会　みさかえの園,Nagasaki Ken,27,Isahaya Shi,8301120,,,32.8859,130.0784,,
JP,Japan,Japón,859-0301,Nagatamachi,Nagasaki Ken,27,Isahaya Shi,8301120,,,32.8773,130.0768,,nagatamachi
JP,Japan,Japón,859-0302,Shokyujimachi,Nagasaki Ken,27,Isahaya Shi,8301120,,,32.8822,130.0826,,shokyujimachi
JP,Japan,Japón,859-0303,Kotemmachi,Nagasaki Ken,27,Isahaya Shi,8301120,,,32.8826,130.0882,,kotemmachi
JP,Japan,Japón,859-0304,Shirahamamachi,Nagasaki Ken,27,Isahaya Shi,8301120,,,32.8801,130.0971,,shirahamamachi
JP,Japan,Japón,859-0305,Saruzakimachi,Nagasaki Ken,27,Isahaya Shi,8301120,,,32.8849,130.0993,,saruzakimachi
JP,Japan,Japón,859-0306,Shiraharamachi,Nagasaki Ken,27,Isahaya Shi,8301120,,,32.8948,130.0866,,shiraharamachi
JP,Japan,Japón,859-0307,Shirakiminemachi,Nagasaki Ken,27,Isahaya Shi,8301120,,,32.9234,130.0732,,shirakiminemachi
JP,Japan,Japón,859-0311,Azukisakimachi,Nagasaki Ken,27,Isahaya Shi,8301120,,,32.8577,130.0673,,azukisakimachi
JP,Japan,Japón,859-0312,Nishizatomachi,Nagasaki Ken,27,Isahaya Shi,8301120,,,32.8588,130.0746,,nishizatomachi
JP,Japan,Japón,859-0313,Nakadamachi,Nagasaki Ken,27,Isahaya Shi,8301120,,,32.8758,130.0679,,nakadamachi
JP,Japan,Japón,859-0314,Ochozumachi,Nagasaki Ken,27,Isahaya Shi,8301120,,,32.8919,130.0654,,ochozumachi
JP,Japan,Japón,859-0315,Obamachi,Nagasaki Ken,27,Isahaya Shi,8301120,,,32.9214,130.0617,,obamachi
JP,Japan,Japón,859-0401,Taramicho Keya,Nagasaki Ken,27,Isahaya Shi,8301120,,,32.8859,130.0784,,taramicho-keya
JP,Japan,Japón,859-0402,Taramicho Kakoi,Nagasaki Ken,27,Isahaya Shi,8301120,,,32.8859,130.0784,,taramicho-kakoi
JP,Japan,Japón,859-0403,Taramicho Ichinuno,Nagasaki Ken,27,Isahaya Shi,8301120,,,32.8859,130.0784,,taramicho-ichinuno
JP,Japan,Japón,859-0404,Taramicho Nishikawauchi,Nagasaki Ken,27,Isahaya Shi,8301120,,,32.8859,130.0784,,taramicho-nishikawauchi
JP,Japan,Japón,859-0405,Taramicho Nakazato,Nagasaki Ken,27,Isahaya Shi,8301120,,,32.8859,130.0784,,taramicho-nakazato
JP,Japan,Japón,859-0406,Taramicho Kidoko,Nagasaki Ken,27,Isahaya Shi,8301120,,,32.8859,130.0784,,taramicho-kidoko
JP,Japan,Japón,859-0407,Taramicho Shisaido,Nagasaki Ken,27,Isahaya Shi,8301120,,,32.8859,130.0784,,taramicho-shisaido
JP,Japan,Japón,859-0411,Taramicho Higashizono,Nagasaki Ken,27,Isahaya Shi,8301120,,,32.8859,130.0784,,taramicho-higashizono
JP,Japan,Japón,859-0412,Taramicho Nishizono,Nagasaki Ken,27,Isahaya Shi,8301120,,,32.8859,130.0784,,taramicho-nishizono
JP,Japan,Japón,859-0413,Taramicho Nozoe,Nagasaki Ken,27,Isahaya Shi,8301120,,,32.8859,130.0784,,taramicho-nozoe
JP,Japan,Japón,859-0414,Taramicho Motogama,Nagasaki Ken,27,Isahaya Shi,8301120,,,32.8859,130.0784,,taramicho-motogama
JP,Japan,Japón,859-0415,Taramicho Yamagawauchi,Nagasaki Ken,27,Isahaya Shi,8301120,,,32.8859,130.0784,,taramicho-yamagawauchi
JP,Japan,Japón,859-0416,Taramicho Nogawauchi,Nagasaki Ken,27,Isahaya Shi,8301120,,,32.8859,130.0784,,taramicho-nogawauchi
JP,Japan,Japón,859-0417,Taramicho Funatsu,Nagasaki Ken,27,Isahaya Shi,8301120,,,32.8859,130.0784,,taramicho-funatsu
JP,Japan,Japón,859-0418,Taramicho Sase,Nagasaki Ken,27,Isahaya Shi,8301120,,,32.8859,130.0784,,taramicho-sase
JP,Japan,Japón,859-0492,長崎県　学校生活協同組合,Nagasaki Ken,27,Isahaya Shi,8301120,,,32.8859,130.0784,,
JP,Japan,Japón,859-0495,諫早市役所　多良見支所,Nagasaki Ken,27,Isahaya Shi,8301120,,,32.8859,130.0784,,
JP,Japan,Japón,859-0497,日本赤十字社　長崎原爆　諫早病院,Nagasaki Ken,27,Isahaya Shi,8301120,,,32.8859,130.0784,,
JP,Japan,Japón,859-0498,加藤産業　株式会社　長崎支店,Nagasaki Ken,27,Isahaya Shi,8301120,,,32.8859,130.0784,,
