country_code,country_name,country_name_es,postal_code,place,admin1,admin1_code,admin2,admin2_code,admin3,admin3_code,latitude,longitude,accuracy,slug
JP,Japan,Japón,640-0000,Wakayama Shi,Wakayama Ken,43,Wakayama Shi,1848936,,,34.2007,135.2422,,wakayama-shi
JP,Japan,Japón,640-0101,Okawa,Wakayama Ken,43,Wakayama Shi,1848936,,,34.3021,135.0885,,okawa
JP,Japan,Japón,640-0102,Miyama,Wakayama Ken,43,Wakayama Shi,1848936,,,34.2905,135.0836,,miyama
JP,Japan,Japón,640-0103,Kada,Wakayama Ken,43,Wakayama Shi,1848936,,,34.2751,135.0812,,kada
JP,Japan,Japón,640-0111,Hino,Wakayama Ken,43,Wakayama Shi,1848936,,,34.2767,135.1043,,hino
JP,Japan,Japón,640-0112,Nishinosho,Wakayama Ken,43,Wakayama Shi,1848936,,,34.2624,135.1131,,nishinosho
JP,Japan,Japón,640-0113,Motowaki,Wakayama Ken,43,Wakayama Shi,1848936,,,34.2629,135.1018,,motowaki
JP,Japan,Japón,640-0114,Isonora,Wakayama Ken,43,Wakayama Shi,1848936,,,34.2689,135.0917,,isonora
JP,Japan,Japón,640-0115,Tsutsujigaoka,Wakayama Ken,43,Wakayama Shi,1848936,,,34.2677,135.1027,,tsutsujigaoka
JP,Japan,Japón,640-0301,Komakura,Wakayama Ken,43,Wakayama Shi,1848936,,,34.2114,135.2614,,komakura
JP,Japan,Japón,640-0302,Nagayama,Wakayama Ken,43,Wakayama Shi,1848936,,,34.2093,135.2711,,nagayama
JP,Japan,Japón,640-0303,Sandonaka,Wakayama Ken,43,Wakayama Shi,1848936,,,34.1989,135.2745,,sandonaka
JP,Japan,Japón,640-0304,Hirao,Wakayama Ken,43,Wakayama Shi,1848936,,,34.2152,135.2447,,hirao
JP,Japan,Japón,640-0305,Myooji,Wakayama Ken,43,Wakayama Shi,1848936,,,34.2209,135.2514,,myooji
JP,Japan,Japón,640-0306,Shionotani,Wakayama Ken,43,Wakayama Shi,1848936,,,34.217,135.2526,,shionotani
JP,Japan,Japón,640-0307,Yata,Wakayama Ken,43,Wakayama Shi,1848936,,,34.2201,135.2669,,yata
JP,Japan,Japón,640-0311,Kuroiwa,Wakayama Ken,43,Wakayama Shi,1848936,,,34.1821,135.2735,,kuroiwa
JP,Japan,Japón,640-0312,Kurodani,Wakayama Ken,43,Wakayama Shi,1848936,,,34.1819,135.2561,,kurodani
JP,Japan,Japón,640-0313,Sakaibara,Wakayama Ken,43,Wakayama Shi,1848936,,,34.1866,135.2446,,sakaibara
JP,Japan,Japón,640-0314,Zudaji,Wakayama Ken,43,Wakayama Shi,1848936,,,34.1896,135.249,,zudaji
JP,Japan,Japón,640-0315,Minamibata,Wakayama Ken,43,Wakayama Shi,1848936,,,34.1896,135.2592,,minamibata
JP,Japan,Japón,640-0316,Okawachi,Wakayama Ken,43,Wakayama Shi,1848936,,,34.1937,135.27,,okawachi
JP,Japan,Japón,640-0321,Yakushoji,Wakayama Ken,43,Wakayama Shi,1848936,,,34.1844,135.2354,,yakushoji
JP,Japan,Japón,640-0322,Niibe,Wakayama Ken,43,Wakayama Shi,1848936,,,34.1829,135.2284,,niibe
JP,Japan,Japón,640-0323,Kozeta,Wakayama Ken,43,Wakayama Shi,1848936,,,34.1802,135.2309,,kozeta
JP,Japan,Japón,640-0324,Motowatari,Wakayama Ken,43,Wakayama Shi,1848936,,,34.1788,135.2208,,motowatari
JP,Japan,Japón,640-0331,Yoshihara,Wakayama Ken,43,Wakayama Shi,1848936,,,34.1908,135.1994,,yoshihara
JP,Japan,Japón,640-0332,Fuyuno,Wakayama Ken,43,Wakayama Shi,1848936,,,34.1836,135.2106,,fuyuno
JP,Japan,Japón,640-0333,Hirohara,Wakayama Ken,43,Wakayama Shi,1848936,,,34.1882,135.2037,,hirohara
JP,Japan,Japón,640-0341,Sozaka,Wakayama Ken,43,Wakayama Shi,1848936,,,34.1959,135.2339,,sozaka
JP,Japan,Japón,640-0342,Matsubara,Wakayama Ken,43,Wakayama Shi,1848936,,,34.1898,135.2359,,matsubara
JP,Japan,Japón,640-0343,Ena,Wakayama Ken,43,Wakayama Shi,1848936,,,34.1882,135.2304,,ena
JP,Japan,Japón,640-0344,Asahi,Wakayama Ken,43,Wakayama Shi,1848936,,,34.1921,135.2188,,asahi
JP,Japan,Japón,640-0345,Kuwayama,Wakayama Ken,43,Wakayama Shi,1848936,,,34.1959,135.2219,,kuwayama
JP,Japan,Japón,640-0351,Kire,Wakayama Ken,43,Wakayama Shi,1848936,,,34.2092,135.237,,kire
JP,Japan,Japón,640-0352,Ido,Wakayama Ken,43,Wakayama Shi,1848936,,,34.1995,135.2286,,ido
JP,Japan,Japón,640-0353,Baba,Wakayama Ken,43,Wakayama Shi,1848936,,,34.1939,135.226,,baba
JP,Japan,Japón,640-0361,Idakiso,Wakayama Ken,43,Wakayama Shi,1848936,,,34.1978,135.2515,,idakiso
JP,Japan,Japón,640-0362,Okuzusa,Wakayama Ken,43,Wakayama Shi,1848936,,,34.194,135.2466,,okuzusa
JP,Japan,Japón,640-0363,Yoshizato,Wakayama Ken,43,Wakayama Shi,1848936,,,34.1947,135.2403,,yoshizato
JP,Japan,Japón,640-0364,Kuchizusa,Wakayama Ken,43,Wakayama Shi,1848936,,,34.2019,135.246,,kuchizusa
JP,Japan,Japón,640-8001,Kitashin Shichikencho,Wakayama Ken,43,Wakayama Shi,1848936,,,34.2397,135.1755,,kitashin-shichikencho
JP,Japan,Japón,640-8002,Kitashin,Wakayama Ken,43,Wakayama Shi,1848936,,,34.2397,135.1755,,kitashin
JP,Japan,Japón,640-8003,Kitashin Bakuromachi,Wakayama Ken,43,Wakayama Shi,1848936,,,34.2397,135.1755,,kitashin-bakuromachi
JP,Japan,Japón,640-8004,Higashihatagomachi,Wakayama Ken,43,Wakayama Shi,1848936,,,34.2379,135.176,,higashihatagomachi
JP,Japan,Japón,640-8005,Motoderamachi Minaminocho,Wakayama Ken,43,Wakayama Shi,1848936,,,34.2397,135.1755,,motoderamachi-minaminocho
JP,Japan,Japón,640-8006,Motoderamachi Higashinocho,Wakayama Ken,43,Wakayama Shi,1848936,,,34.2397,135.1755,,motoderamachi-higashinocho
JP,Japan,Japón,640-8007,Motoderamachi Nishinocho,Wakayama Ken,43,Wakayama Shi,1848936,,,34.2397,135.1755,,motoderamachi-nishinocho
JP,Japan,Japón,640-8008,Motoderamachi Kitanocho,Wakayama Ken,43,Wakayama Shi,1848936,,,34.2397,135.1755,,motoderamachi-kitanocho
JP,Japan,Japón,640-8009,Nabeyamachi,Wakayama Ken,43,Wakayama Shi,1848936,,,34.2415,135.175,,nabeyamachi
JP,Japan,Japón,640-8011,Kitashin Motokanayacho,Wakayama Ken,43,Wakayama Shi,1848936,,,34.2372,135.1731,,kitashin-motokanayacho
JP,Japan,Japón,640-8012,Kitashin Kanayacho,Wakayama Ken,43,Wakayama Shi,1848936,,,34.2372,135.1731,,kitashin-kanayacho
JP,Japan,Japón,640-8013,Higashichugemmachi,Wakayama Ken,43,Wakayama Shi,1848936,,,34.2372,135.1731,,higashichugemmachi
JP,Japan,Japón,640-8014,Nishichugemmachi,Wakayama Ken,43,Wakayama Shi,1848936,,,34.2372,135.1731,,nishichugemmachi
JP,Japan,Japón,640-8015,Kitashin Okeyamachi,Wakayama Ken,43,Wakayama Shi,1848936,,,34.2372,135.1731,,kitashin-okeyamachi
JP,Japan,Japón,640-8016,Kitashin Nakanocho,Wakayama Ken,43,Wakayama Shi,1848936,,,34.2372,135.1731,,kitashin-nakanocho
JP,Japan,Japón,640-8017,Kitashin Ebisunocho,Wakayama Ken,43,Wakayama Shi,1848936,,,34.2372,135.1731,,kitashin-ebisunocho
JP,Japan,Japón,640-8020,Kitaokeyamachi,Wakayama Ken,43,Wakayama Shi,1848936,,,34.2366,135.1752,,kitaokeyamachi
JP,Japan,Japón,640-8021,Nishihatagomachi,Wakayama Ken,43,Wakayama Shi,1848936,,,34.2378,135.1755,,nishihatagomachi
JP,Japan,Japón,640-8022,Sumiyoshimachi,Wakayama Ken,43,Wakayama Shi,1848936,,,34.237,135.1762,,sumiyoshimachi
JP,Japan,Japón,640-8023,Nakanotana Kitanocho,Wakayama Ken,43,Wakayama Shi,1848936,,,34.2357,135.1755,,nakanotana-kitanocho
JP,Japan,Japón,640-8024,Motoderamachi,Wakayama Ken,43,Wakayama Shi,1848936,,,34.2357,135.1755,,motoderamachi
JP,Japan,Japón,640-8025,Nakanotana Nakanocho,Wakayama Ken,43,Wakayama Shi,1848936,,,34.2357,135.1755,,nakanotana-nakanocho
JP,Japan,Japón,640-8026,Nakanotana Minaminocho,Wakayama Ken,43,Wakayama Shi,1848936,,,34.2357,135.1755,,nakanotana-minaminocho
JP,Japan,Japón,640-8027,Komeyamachi,Wakayama Ken,43,Wakayama Shi,1848936,,,34.2333,135.1755,,komeyamachi
JP,Japan,Japón,640-8028,Takumimachi,Wakayama Ken,43,Wakayama Shi,1848936,,,34.2344,135.1753,,takumimachi
JP,Japan,Japón,640-8029,Minamiokeyamachi,Wakayama Ken,43,Wakayama Shi,1848936,,,34.2353,135.1753,,minamiokeyamachi
JP,Japan,Japón,640-8031,Kitadaikumachi,Wakayama Ken,43,Wakayama Shi,1848936,,,34.2351,135.1736,,kitadaikumachi
JP,Japan,Japón,640-8032,Minamidaikumachi,Wakayama Ken,43,Wakayama Shi,1848936,,,34.2344,135.1736,,minamidaikumachi
JP,Japan,Japón,640-8033,Hommachi,Wakayama Ken,43,Wakayama Shi,1848936,,,34.2346,135.1732,,hommachi
JP,Japan,Japón,640-8034,Surugamachi,Wakayama Ken,43,Wakayama Shi,1848936,,,34.233,135.1733,,surugamachi
JP,Japan,Japón,640-8035,Yorozumachi,Wakayama Ken,43,Wakayama Shi,1848936,,,34.2338,135.173,,yorozumachi
JP,Japan,Japón,640-8036,Higashikajiyamachi,Wakayama Ken,43,Wakayama Shi,1848936,,,34.2346,135.1725,,higashikajiyamachi
JP,Japan,Japón,640-8037,Nishidaikumachi,Wakayama Ken,43,Wakayama Shi,1848936,,,34.2352,135.1728,,nishidaikumachi
JP,Japan,Japón,640-8038,Kitamachi,Wakayama Ken,43,Wakayama Shi,1848936,,,34.2361,135.1733,,kitamachi
JP,Japan,Japón,640-8039,Uji Fukuromachi,Wakayama Ken,43,Wakayama Shi,1848936,,,34.2346,135.1732,,uji-fukuromachi
JP,Japan,Japón,640-8041,Senkojimonzencho,Wakayama Ken,43,Wakayama Shi,1848936,,,34.2351,135.172,,senkojimonzencho
JP,Japan,Japón,640-8042,Nishinotana,Wakayama Ken,43,Wakayama Shi,1848936,,,34.2338,135.1721,,nishinotana
JP,Japan,Japón,640-8043,Fukumachi,Wakayama Ken,43,Wakayama Shi,1848936,,,34.233,135.1719,,fukumachi
JP,Japan,Japón,640-8044,Itayamachi,Wakayama Ken,43,Wakayama Shi,1848936,,,34.2338,135.1703,,itayamachi
JP,Japan,Japón,640-8045,Bokuhammachi,Wakayama Ken,43,Wakayama Shi,1848936,,,34.233,135.1704,,bokuhammachi
JP,Japan,Japón,640-8046,Nishikajiyamachi,Wakayama Ken,43,Wakayama Shi,1848936,,,34.2343,135.1709,,nishikajiyamachi
JP,Japan,Japón,640-8047,Saginomori Minaminocho,Wakayama Ken,43,Wakayama Shi,1848936,,,34.2338,135.1713,,saginomori-minaminocho
JP,Japan,Japón,640-8051,Saginomori Higashinocho,Wakayama Ken,43,Wakayama Shi,1848936,,,34.236,135.1705,,saginomori-higashinocho
JP,Japan,Japón,640-8052,Saginomori Domaecho,Wakayama Ken,43,Wakayama Shi,1848936,,,34.236,135.1705,,saginomori-domaecho
JP,Japan,Japón,640-8053,Saginomori,Wakayama Ken,43,Wakayama Shi,1848936,,,34.2361,135.1711,,saginomori
JP,Japan,Japón,640-8054,Saginomori Katamachi,Wakayama Ken,43,Wakayama Shi,1848936,,,34.236,135.1705,,saginomori-katamachi
JP,Japan,Japón,640-8055,Kukenocho,Wakayama Ken,43,Wakayama Shi,1848936,,,34.2359,135.1699,,kukenocho
JP,Japan,Japón,640-8056,Saginomori Nishinocho,Wakayama Ken,43,Wakayama Shi,1848936,,,34.236,135.1705,,saginomori-nishinocho
JP,Japan,Japón,640-8057,Saginomori Shimmichi,Wakayama Ken,43,Wakayama Shi,1848936,,,34.236,135.1705,,saginomori-shimmichi
JP,Japan,Japón,640-8058,Saginomori Nakanocho,Wakayama Ken,43,Wakayama Shi,1848936,,,34.236,135.1705,,saginomori-nakanocho
JP,Japan,Japón,640-8059,Saginomori Myojincho,Wakayama Ken,43,Wakayama Shi,1848936,,,34.236,135.1705,,saginomori-myojincho
JP,Japan,Japón,640-8060,Yosujime,Wakayama Ken,43,Wakayama Shi,1848936,,,34.2393,135.1707,,yosujime
JP,Japan,Japón,640-8061,Tatamiyamachi,Wakayama Ken,43,Wakayama Shi,1848936,,,34.2405,135.1736,,tatamiyamachi
JP,Japan,Japón,640-8062,Kitakuginukicho,Wakayama Ken,43,Wakayama Shi,1848936,,,34.2402,135.173,,kitakuginukicho
JP,Japan,Japón,640-8063,Nishikuginukicho,Wakayama Ken,43,Wakayama Shi,1848936,,,34.2388,135.1719,,nishikuginukicho
JP,Japan,Japón,640-8064,Higashikuginukicho,Wakayama Ken,43,Wakayama Shi,1848936,,,34.2388,135.1719,,higashikuginukicho
JP,Japan,Japón,640-8065,Yamabukicho,Wakayama Ken,43,Wakayama Shi,1848936,,,34.2373,135.1733,,yamabukicho
JP,Japan,Japón,640-8066,Higashinunoecho,Wakayama Ken,43,Wakayama Shi,1848936,,,34.2388,135.1719,,higashinunoecho
JP,Japan,Japón,640-8067,Hitosujime,Wakayama Ken,43,Wakayama Shi,1848936,,,34.2376,135.171,,hitosujime
JP,Japan,Japón,640-8068,Futasujime,Wakayama Ken,43,Wakayama Shi,1848936,,,34.238,135.1705,,futasujime
JP,Japan,Japón,640-8069,Misujime,Wakayama Ken,43,Wakayama Shi,1848936,,,34.2388,135.1707,,misujime
JP,Japan,Japón,640-8071,Uji Yabushita,Wakayama Ken,43,Wakayama Shi,1848936,,,34.2414,135.1731,,uji-yabushita
JP,Japan,Japón,640-8072,Uji Yaura,Wakayama Ken,43,Wakayama Shi,1848936,,,34.2414,135.1731,,uji-yaura
JP,Japan,Japón,640-8073,Kakezukuricho,Wakayama Ken,43,Wakayama Shi,1848936,,,34.2422,135.1773,,kakezukuricho
JP,Japan,Japón,640-8074,Shingyomachi,Wakayama Ken,43,Wakayama Shi,1848936,,,34.2419,135.1736,,shingyomachi
JP,Japan,Japón,640-8075,Genzobaba,Wakayama Ken,43,Wakayama Shi,1848936,,,34.2414,135.1731,,genzobaba
JP,Japan,Japón,640-8076,Itsusujime,Wakayama Ken,43,Wakayama Shi,1848936,,,34.2403,135.1706,,itsusujime
JP,Japan,Japón,640-8077,Musujime,Wakayama Ken,43,Wakayama Shi,1848936,,,34.2411,135.1707,,musujime
JP,Japan,Japón,640-8078,Uji Teppoba,Wakayama Ken,43,Wakayama Shi,1848936,,,34.2414,135.1731,,uji-teppoba
JP,Japan,Japón,640-8101,Shinsaikamachi,Wakayama Ken,43,Wakayama Shi,1848936,,,34.2342,135.1787,,shinsaikamachi
JP,Japan,Japón,640-8102,Minamisaikamachi,Wakayama Ken,43,Wakayama Shi,1848936,,,34.2324,135.1787,,minamisaikamachi
JP,Japan,Japón,640-8103,Kitakyukamachi,Wakayama Ken,43,Wakayama Shi,1848936,,,34.2315,135.1792,,kitakyukamachi
JP,Japan,Japón,640-8104,Minamikyukamachi,Wakayama Ken,43,Wakayama Shi,1848936,,,34.2307,135.1797,,minamikyukamachi
JP,Japan,Japón,640-8105,Mikimachi Minaminocho,Wakayama Ken,43,Wakayama Shi,1848936,,,34.2197,135.1718,,mikimachi-minaminocho
JP,Japan,Japón,640-8106,Mikimachi Nakanocho,Wakayama Ken,43,Wakayama Shi,1848936,,,34.2197,135.1718,,mikimachi-nakanocho
JP,Japan,Japón,640-8107,Mikimachi Horizume,Wakayama Ken,43,Wakayama Shi,1848936,,,34.2197,135.1718,,mikimachi-horizume
JP,Japan,Japón,640-8108,Saikamachi,Wakayama Ken,43,Wakayama Shi,1848936,,,34.2332,135.1773,,saikamachi
JP,Japan,Japón,640-8111,Shintori,Wakayama Ken,43,Wakayama Shi,1848936,,,34.2197,135.1718,,shintori
JP,Japan,Japón,640-8112,Minamizaimokucho,Wakayama Ken,43,Wakayama Shi,1848936,,,34.2197,135.1718,,minamizaimokucho
JP,Japan,Japón,640-8113,Hirose Toricho,Wakayama Ken,43,Wakayama Shi,1848936,,,34.2197,135.1718,,hirose-toricho
JP,Japan,Japón,640-8114,Sembacho,Wakayama Ken,43,Wakayama Shi,1848936,,,34.2278,135.1819,,sembacho
JP,Japan,Japón,640-8115,Higashikonyamachi,Wakayama Ken,43,Wakayama Shi,1848936,,,34.2281,135.1809,,higashikonyamachi
JP,Japan,Japón,640-8116,Nishikonyamachi,Wakayama Ken,43,Wakayama Shi,1848936,,,34.2197,135.1718,,nishikonyamachi
JP,Japan,Japón,640-8117,Minamisaikumachi,Wakayama Ken,43,Wakayama Shi,1848936,,,34.2269,135.1795,,minamisaikumachi
JP,Japan,Japón,640-8118,Kitasaikumachi,Wakayama Ken,43,Wakayama Shi,1848936,,,34.2281,135.1795,,kitasaikumachi
JP,Japan,Japón,640-8119,Wakamachi,Wakayama Ken,43,Wakayama Shi,1848936,,,34.2293,135.1796,,wakamachi
JP,Japan,Japón,640-8121,Saikamichi,Wakayama Ken,43,Wakayama Shi,1848936,,,34.2247,135.1809,,saikamichi
JP,Japan,Japón,640-8122,Shiomicho,Wakayama Ken,43,Wakayama Shi,1848936,,,34.2197,135.1718,,shiomicho
JP,Japan,Japón,640-8123,Misawacho,Wakayama Ken,43,Wakayama Shi,1848936,,,34.2197,135.1718,,misawacho
JP,Japan,Japón,640-8124,Omatsucho,Wakayama Ken,43,Wakayama Shi,1848936,,,34.2197,135.1718,,omatsucho
JP,Japan,Japón,640-8125,Shimazakicho,Wakayama Ken,43,Wakayama Shi,1848936,,,34.2197,135.1718,,shimazakicho
JP,Japan,Japón,640-8126,Minamikatahara,Wakayama Ken,43,Wakayama Shi,1848936,,,34.2197,135.1718,,minamikatahara
JP,Japan,Japón,640-8127,Motomachibugyocho,Wakayama Ken,43,Wakayama Shi,1848936,,,34.2197,135.1718,,motomachibugyocho
JP,Japan,Japón,640-8128,Hirose Nakanocho,Wakayama Ken,43,Wakayama Shi,1848936,,,34.2197,135.1718,,hirose-nakanocho
JP,Japan,Japón,640-8131,Bezaitencho,Wakayama Ken,43,Wakayama Shi,1848936,,,34.2246,135.177,,bezaitencho
JP,Japan,Japón,640-8132,Yamakagecho,Wakayama Ken,43,Wakayama Shi,1848936,,,34.2251,135.1763,,yamakagecho
JP,Japan,Japón,640-8133,Tanimachi,Wakayama Ken,43,Wakayama Shi,1848936,,,34.224,135.1774,,tanimachi
JP,Japan,Japón,640-8134,Ashibecho,Wakayama Ken,43,Wakayama Shi,1848936,,,34.2237,135.1755,,ashibecho
JP,Japan,Japón,640-8135,Takajomachi,Wakayama Ken,43,Wakayama Shi,1848936,,,34.2197,135.1718,,takajomachi
JP,Japan,Japón,640-8136,Horidome Higashi,Wakayama Ken,43,Wakayama Shi,1848936,,,34.2197,135.1718,,horidome-higashi
JP,Japan,Japón,640-8137,Fukiage,Wakayama Ken,43,Wakayama Shi,1848936,,,34.2197,135.1718,,fukiage
JP,Japan,Japón,640-8138,Yabunocho,Wakayama Ken,43,Wakayama Shi,1848936,,,34.2197,135.1718,,yabunocho
JP,Japan,Japón,640-8139,Kataokacho,Wakayama Ken,43,Wakayama Shi,1848936,,,34.2197,135.1718,,kataokacho
JP,Japan,Japón,640-8141,Gobancho,Wakayama Ken,43,Wakayama Shi,1848936,,,34.2292,135.1769,,gobancho
JP,Japan,Japón,640-8142,Sambancho,Wakayama Ken,43,Wakayama Shi,1848936,,,34.228,135.1771,,sambancho
JP,Japan,Japón,640-8143,Nibancho,Wakayama Ken,43,Wakayama Shi,1848936,,,34.2281,135.1759,,nibancho
JP,Japan,Japón,640-8144,Yombancho,Wakayama Ken,43,Wakayama Shi,1848936,,,34.2281,135.1779,,yombancho
JP,Japan,Japón,640-8145,Okayamacho,Wakayama Ken,43,Wakayama Shi,1848936,,,34.2256,135.1764,,okayamacho
JP,Japan,Japón,640-8146,Ichibancho,Wakayama Ken,43,Wakayama Shi,1848936,,,34.2278,135.1721,,ichibancho
JP,Japan,Japón,640-8150,Jusambancho,Wakayama Ken,43,Wakayama Shi,1848936,,,34.2319,135.1693,,jusambancho
JP,Japan,Japón,640-8151,Yakatamachi,Wakayama Ken,43,Wakayama Shi,1848936,,,34.2197,135.1718,,yakatamachi
JP,Japan,Japón,640-8152,Jubancho,Wakayama Ken,43,Wakayama Shi,1848936,,,34.231,135.1752,,jubancho
JP,Japan,Japón,640-8153,Mikimachi Daidokoromachi,Wakayama Ken,43,Wakayama Shi,1848936,,,34.2197,135.1718,,mikimachi-daidokoromachi
JP,Japan,Japón,640-8154,Rokubancho,Wakayama Ken,43,Wakayama Shi,1848936,,,34.23,135.1752,,rokubancho
JP,Japan,Japón,640-8155,Kyubancho,Wakayama Ken,43,Wakayama Shi,1848936,,,34.2313,135.1721,,kyubancho
JP,Japan,Japón,640-8156,Shichibancho,Wakayama Ken,43,Wakayama Shi,1848936,,,34.2304,135.172,,shichibancho
JP,Japan,Japón,640-8157,Hachibancho,Wakayama Ken,43,Wakayama Shi,1848936,,,34.2311,135.1691,,hachibancho
JP,Japan,Japón,640-8158,Junibancho,Wakayama Ken,43,Wakayama Shi,1848936,,,34.232,135.1721,,junibancho
JP,Japan,Japón,640-8159,Juichibancho,Wakayama Ken,43,Wakayama Shi,1848936,,,34.232,135.1751,,juichibancho
JP,Japan,Japón,640-8201,Ishibashicho,Wakayama Ken,43,Wakayama Shi,1848936,,,34.2383,135.1671,,ishibashicho
JP,Japan,Japón,640-8202,Byobucho,Wakayama Ken,43,Wakayama Shi,1848936,,,34.2362,135.1673,,byobucho
JP,Japan,Japón,640-8203,Higashikuramaecho,Wakayama Ken,43,Wakayama Shi,1848936,,,34.236,135.1663,,higashikuramaecho
JP,Japan,Japón,640-8204,Dempobashiminaminocho,Wakayama Ken,43,Wakayama Shi,1848936,,,34.2343,135.1643,,dempobashiminaminocho
JP,Japan,Japón,640-8205,Nishikuramaecho,Wakayama Ken,43,Wakayama Shi,1848936,,,34.2369,135.1646,,nishikuramaecho
JP,Japan,Japón,640-8206,Tokudagicho,Wakayama Ken,43,Wakayama Shi,1848936,,,34.2396,135.1656,,tokudagicho
JP,Japan,Japón,640-8211,Nishinunoecho,Wakayama Ken,43,Wakayama Shi,1848936,,,34.216,135.1644,,nishinunoecho
JP,Japan,Japón,640-8212,Suginobaba,Wakayama Ken,43,Wakayama Shi,1848936,,,34.216,135.1644,,suginobaba
JP,Japan,Japón,640-8213,Funadaikumachi,Wakayama Ken,43,Wakayama Shi,1848936,,,34.2345,135.169,,funadaikumachi
JP,Japan,Japón,640-8214,Yoriaimachi,Wakayama Ken,43,Wakayama Shi,1848936,,,34.233,135.1687,,yoriaimachi
JP,Japan,Japón,640-8215,Hashicho,Wakayama Ken,43,Wakayama Shi,1848936,,,34.234,135.1687,,hashicho
JP,Japan,Japón,640-8216,Motobakuromachi,Wakayama Ken,43,Wakayama Shi,1848936,,,34.2349,135.1691,,motobakuromachi
JP,Japan,Japón,640-8220,Genomachi,Wakayama Ken,43,Wakayama Shi,1848936,,,34.2303,135.163,,genomachi
JP,Japan,Japón,640-8221,Minatokonyamachi,Wakayama Ken,43,Wakayama Shi,1848936,,,34.216,135.1644,,minatokonyamachi
JP,Japan,Japón,640-8222,Minatohommachi,Wakayama Ken,43,Wakayama Shi,1848936,,,34.216,135.1644,,minatohommachi
JP,Japan,Japón,640-8223,Minatokitamachi,Wakayama Ken,43,Wakayama Shi,1848936,,,34.216,135.1644,,minatokitamachi
JP,Japan,Japón,640-8224,Onomachi,Wakayama Ken,43,Wakayama Shi,1848936,,,34.216,135.1644,,onomachi
JP,Japan,Japón,640-8225,Kubocho,Wakayama Ken,43,Wakayama Shi,1848936,,,34.216,135.1644,,kubocho
JP,Japan,Japón,640-8226,Kobitomachi,Wakayama Ken,43,Wakayama Shi,1848936,,,34.2307,135.1671,,kobitomachi
JP,Japan,Japón,640-8227,Nishimigiwacho,Wakayama Ken,43,Wakayama Shi,1848936,,,34.2296,135.1671,,nishimigiwacho
JP,Japan,Japón,640-8228,Kobitomachiminaminocho,Wakayama Ken,43,Wakayama Shi,1848936,,,34.2296,135.1661,,kobitomachiminaminocho
JP,Japan,Japón,640-8229,Dojomachi,Wakayama Ken,43,Wakayama Shi,1848936,,,34.2304,135.1649,,dojomachi
JP,Japan,Japón,640-8230,Onoshibacho,Wakayama Ken,43,Wakayama Shi,1848936,,,34.2295,135.1644,,onoshibacho
JP,Japan,Japón,640-8231,Kitamigiwacho,Wakayama Ken,43,Wakayama Shi,1848936,,,34.2295,135.1681,,kitamigiwacho
JP,Japan,Japón,640-8232,Minamimigiwacho,Wakayama Ken,43,Wakayama Shi,1848936,,,34.2288,135.1681,,minamimigiwacho
JP,Japan,Japón,640-8233,Kitasakanoecho,Wakayama Ken,43,Wakayama Shi,1848936,,,34.2287,135.1658,,kitasakanoecho
JP,Japan,Japón,640-8234,Nishisakanoecho,Wakayama Ken,43,Wakayama Shi,1848936,,,34.2278,135.1647,,nishisakanoecho
JP,Japan,Japón,640-8235,Higashinagamachi,Wakayama Ken,43,Wakayama Shi,1848936,,,34.216,135.1644,,higashinagamachi
JP,Japan,Japón,640-8236,Nanamagari,Wakayama Ken,43,Wakayama Shi,1848936,,,34.2279,135.1629,,nanamagari
JP,Japan,Japón,640-8237,Zaimokucho,Wakayama Ken,43,Wakayama Shi,1848936,,,34.2284,135.1607,,zaimokucho
JP,Japan,Japón,640-8238,Amiyamachi,Wakayama Ken,43,Wakayama Shi,1848936,,,34.2289,135.1613,,amiyamachi
JP,Japan,Japón,640-8239,Uwamachi,Wakayama Ken,43,Wakayama Shi,1848936,,,34.2297,135.1605,,uwamachi
JP,Japan,Japón,640-8241,Saikayamachihigashinocho,Wakayama Ken,43,Wakayama Shi,1848936,,,34.2269,135.169,,saikayamachihigashinocho
JP,Japan,Japón,640-8242,Uenomachi,Wakayama Ken,43,Wakayama Shi,1848936,,,34.216,135.1644,,uenomachi
JP,Japan,Japón,640-8243,Kachimachi,Wakayama Ken,43,Wakayama Shi,1848936,,,34.226,135.1663,,kachimachi
JP,Japan,Japón,640-8244,Kyuemoncho,Wakayama Ken,43,Wakayama Shi,1848936,,,34.2256,135.1657,,kyuemoncho
JP,Japan,Japón,640-8245,Aridayamachi Minaminocho,Wakayama Ken,43,Wakayama Shi,1848936,,,34.216,135.1644,,aridayamachi-minaminocho
JP,Japan,Japón,640-8246,Aridayamachi Nishinocho,Wakayama Ken,43,Wakayama Shi,1848936,,,34.216,135.1644,,aridayamachi-nishinocho
JP,Japan,Japón,640-8247,Higashisakanoecho,Wakayama Ken,43,Wakayama Shi,1848936,,,34.228,135.1662,,higashisakanoecho
JP,Japan,Japón,640-8248,Aridayamachi,Wakayama Ken,43,Wakayama Shi,1848936,,,34.2272,135.1666,,aridayamachi
JP,Japan,Japón,640-8249,Saikayamachi,Wakayama Ken,43,Wakayama Shi,1848936,,,34.2278,135.1677,,saikayamachi
JP,Japan,Japón,640-8251,Minamichugemmachi,Wakayama Ken,43,Wakayama Shi,1848936,,,34.225,135.1636,,minamichugemmachi
JP,Japan,Japón,640-8252,Kitatanabecho,Wakayama Ken,43,Wakayama Shi,1848936,,,34.2245,135.1635,,kitatanabecho
JP,Japan,Japón,640-8253,Kitaaioicho,Wakayama Ken,43,Wakayama Shi,1848936,,,34.2241,135.1651,,kitaaioicho
JP,Japan,Japón,640-8254,Minamitanabecho,Wakayama Ken,43,Wakayama Shi,1848936,,,34.2239,135.1636,,minamitanabecho
JP,Japan,Japón,640-8255,Funazucho,Wakayama Ken,43,Wakayama Shi,1848936,,,34.216,135.1644,,funazucho
JP,Japan,Japón,640-8256,Tosamachi,Wakayama Ken,43,Wakayama Shi,1848936,,,34.216,135.1644,,tosamachi
JP,Japan,Japón,640-8261,Masagocho,Wakayama Ken,43,Wakayama Shi,1848936,,,34.2174,135.1678,,masagocho
JP,Japan,Japón,640-8262,Minatotoricho Kita,Wakayama Ken,43,Wakayama Shi,1848936,,,34.2174,135.1678,,minatotoricho-kita
JP,Japan,Japón,640-8263,Chayanocho,Wakayama Ken,43,Wakayama Shi,1848936,,,34.2225,135.1676,,chayanocho
JP,Japan,Japón,640-8264,Minatokeyamachi,Wakayama Ken,43,Wakayama Shi,1848936,,,34.22,135.1678,,minatokeyamachi
JP,Japan,Japón,640-8265,Komatsubara,Wakayama Ken,43,Wakayama Shi,1848936,,,34.2174,135.1678,,komatsubara
JP,Japan,Japón,640-8266,Higashinagamachinakanocho,Wakayama Ken,43,Wakayama Shi,1848936,,,34.2201,135.167,,higashinagamachinakanocho
JP,Japan,Japón,640-8267,Shibanocho,Wakayama Ken,43,Wakayama Shi,1848936,,,34.2217,135.1681,,shibanocho
JP,Japan,Japón,640-8268,Hiromichi,Wakayama Ken,43,Wakayama Shi,1848936,,,34.2247,135.1667,,hiromichi
JP,Japan,Japón,640-8269,Komatsubaradori,Wakayama Ken,43,Wakayama Shi,1848936,,,34.2174,135.1678,,komatsubaradori
JP,Japan,Japón,640-8271,Ozakicho,Wakayama Ken,43,Wakayama Shi,1848936,,,34.2225,135.1658,,ozakicho
JP,Japan,Japón,640-8272,Sunayamaminami,Wakayama Ken,43,Wakayama Shi,1848936,,,34.2172,135.162,,sunayamaminami
JP,Japan,Japón,640-8273,Aoicho,Wakayama Ken,43,Wakayama Shi,1848936,,,34.2135,135.1631,,aoicho
JP,Japan,Japón,640-8274,Kinryujicho,Wakayama Ken,43,Wakayama Shi,1848936,,,34.2204,135.1649,,kinryujicho
JP,Japan,Japón,640-8275,Minamiaioicho,Wakayama Ken,43,Wakayama Shi,1848936,,,34.2229,135.1647,,minamiaioicho
JP,Japan,Japón,640-8276,Sakujicho,Wakayama Ken,43,Wakayama Shi,1848936,,,34.2227,135.1651,,sakujicho
JP,Japan,Japón,640-8281,Minatotoricho Minami,Wakayama Ken,43,Wakayama Shi,1848936,,,34.216,135.1644,,minatotoricho-minami
JP,Japan,Japón,640-8282,Deguchi Kogacho,Wakayama Ken,43,Wakayama Shi,1848936,,,34.216,135.1644,,deguchi-kogacho
JP,Japan,Japón,640-8283,Deguchi Nakanocho,Wakayama Ken,43,Wakayama Shi,1848936,,,34.216,135.1644,,deguchi-nakanocho
JP,Japan,Japón,640-8284,Deguchi Hashinocho,Wakayama Ken,43,Wakayama Shi,1848936,,,34.216,135.1644,,deguchi-hashinocho
JP,Japan,Japón,640-8285,Deguchi Shinhashinocho,Wakayama Ken,43,Wakayama Shi,1848936,,,34.216,135.1644,,deguchi-shinhashinocho
JP,Japan,Japón,640-8286,Minatogoten,Wakayama Ken,43,Wakayama Shi,1848936,,,34.216,135.1644,,minatogoten
JP,Japan,Japón,640-8287,Chikko,Wakayama Ken,43,Wakayama Shi,1848936,,,34.216,135.1644,,chikko
JP,Japan,Japón,640-8288,Kanomachi,Wakayama Ken,43,Wakayama Shi,1848936,,,34.2255,135.1597,,kanomachi
JP,Japan,Japón,640-8290,Nishinagamachi,Wakayama Ken,43,Wakayama Shi,1848936,,,34.216,135.1644,,nishinagamachi
JP,Japan,Japón,640-8291,Kitajingobeecho,Wakayama Ken,43,Wakayama Shi,1848936,,,34.2271,135.1633,,kitajingobeecho
JP,Japan,Japón,640-8292,Minamijingobeecho,Wakayama Ken,43,Wakayama Shi,1848936,,,34.2264,135.1634,,minamijingobeecho
JP,Japan,Japón,640-8293,Kagomachi,Wakayama Ken,43,Wakayama Shi,1848936,,,34.2259,135.1635,,kagomachi
JP,Japan,Japón,640-8294,Kitachugemmachi,Wakayama Ken,43,Wakayama Shi,1848936,,,34.2255,135.1635,,kitachugemmachi
JP,Japan,Japón,640-8295,Minamiushimachi,Wakayama Ken,43,Wakayama Shi,1848936,,,34.2263,135.1615,,minamiushimachi
JP,Japan,Japón,640-8296,Kitatosacho,Wakayama Ken,43,Wakayama Shi,1848936,,,34.2252,135.1613,,kitatosacho
JP,Japan,Japón,640-8297,Nishikawagishicho,Wakayama Ken,43,Wakayama Shi,1848936,,,34.227,135.1593,,nishikawagishicho
JP,Japan,Japón,640-8298,Uematsucho,Wakayama Ken,43,Wakayama Shi,1848936,,,34.2276,135.1611,,uematsucho
JP,Japan,Japón,640-8299,Kitaushimachi,Wakayama Ken,43,Wakayama Shi,1848936,,,34.227,135.1615,,kitaushimachi
JP,Japan,Japón,640-8301,Iwase,Wakayama Ken,43,Wakayama Shi,1848936,,,34.2352,135.2314,,iwase
JP,Japan,Japón,640-8302,Imbe,Wakayama Ken,43,Wakayama Shi,1848936,,,34.22,135.2149,,imbe
JP,Japan,Japón,640-8303,Narukami,Wakayama Ken,43,Wakayama Shi,1848936,,,34.2307,135.2131,,narukami
JP,Japan,Japón,640-8304,Matsushima,Wakayama Ken,43,Wakayama Shi,1848936,,,34.2472,135.2108,,matsushima
JP,Japan,Japón,640-8305,Kurusu,Wakayama Ken,43,Wakayama Shi,1848936,,,34.2389,135.2236,,kurusu
JP,Japan,Japón,640-8306,Dejima,Wakayama Ken,43,Wakayama Shi,1848936,,,34.2472,135.2217,,dejima
JP,Japan,Japón,640-8311,Terauchi,Wakayama Ken,43,Wakayama Shi,1848936,,,34.2175,135.2259,,terauchi
JP,Japan,Japón,640-8312,Moriotebo,Wakayama Ken,43,Wakayama Shi,1848936,,,34.2132,135.2305,,moriotebo
JP,Japan,Japón,640-8313,Nishi,Wakayama Ken,43,Wakayama Shi,1848936,,,34.2096,135.2157,,nishi
JP,Japan,Japón,640-8314,Kozaki,Wakayama Ken,43,Wakayama Shi,1848936,,,34.2122,135.2082,,kozaki
JP,Japan,Japón,640-8315,Tsuwada,Wakayama Ken,43,Wakayama Shi,1848936,,,34.2198,135.2049,,tsuwada
JP,Japan,Japón,640-8316,Arie,Wakayama Ken,43,Wakayama Shi,1848936,,,34.2221,135.1998,,arie
JP,Japan,Japón,640-8317,Kitadejima,Wakayama Ken,43,Wakayama Shi,1848936,,,34.2219,135.1944,,kitadejima
JP,Japan,Japón,640-8318,Minamidejima,Wakayama Ken,43,Wakayama Shi,1848936,,,34.2176,135.1927,,minamidejima
JP,Japan,Japón,640-8319,Tebira,Wakayama Ken,43,Wakayama Shi,1848936,,,34.2168,135.1862,,tebira
JP,Japan,Japón,640-8320,Tebiradejima,Wakayama Ken,43,Wakayama Shi,1848936,,,34.2264,135.1919,,tebiradejima
JP,Japan,Japón,640-8321,Demizu,Wakayama Ken,43,Wakayama Shi,1848936,,,34.237,135.2039,,demizu
JP,Japan,Japón,640-8322,Akizuki,Wakayama Ken,43,Wakayama Shi,1848936,,,34.2304,135.2037,,akizuki
JP,Japan,Japón,640-8323,Oda,Wakayama Ken,43,Wakayama Shi,1848936,,,34.2301,135.1995,,oda
JP,Japan,Japón,640-8324,Fukiyacho,Wakayama Ken,43,Wakayama Shi,1848936,,,34.2264,135.1919,,fukiyacho
JP,Japan,Japón,640-8325,Shinseicho,Wakayama Ken,43,Wakayama Shi,1848936,,,34.2224,135.1883,,shinseicho
JP,Japan,Japón,640-8326,Nintomecho,Wakayama Ken,43,Wakayama Shi,1848936,,,34.226,135.1853,,nintomecho
JP,Japan,Japón,640-8327,Hashimukaicho,Wakayama Ken,43,Wakayama Shi,1848936,,,34.2276,135.1847,,hashimukaicho
JP,Japan,Japón,640-8328,Kihirocho,Wakayama Ken,43,Wakayama Shi,1848936,,,34.2264,135.1919,,kihirocho
JP,Japan,Japón,640-8329,Tanakamachi,Wakayama Ken,43,Wakayama Shi,1848936,,,34.2264,135.1919,,tanakamachi
JP,Japan,Japón,640-8331,Misonocho,Wakayama Ken,43,Wakayama Shi,1848936,,,34.2252,135.1911,,misonocho
JP,Japan,Japón,640-8332,Kusuemonshoji,Wakayama Ken,43,Wakayama Shi,1848936,,,34.2303,135.1848,,kusuemonshoji
JP,Japan,Japón,640-8333,Kurashoji,Wakayama Ken,43,Wakayama Shi,1848936,,,34.2294,135.1849,,kurashoji
JP,Japan,Japón,640-8334,Chayamachi,Wakayama Ken,43,Wakayama Shi,1848936,,,34.2281,135.1839,,chayamachi
JP,Japan,Japón,640-8335,Esashimachi,Wakayama Ken,43,Wakayama Shi,1848936,,,34.2252,135.1911,,esashimachi
JP,Japan,Japón,640-8336,Yanagicho,Wakayama Ken,43,Wakayama Shi,1848936,,,34.23,135.1834,,yanagicho
JP,Japan,Japón,640-8337,Kegawayacho,Wakayama Ken,43,Wakayama Shi,1848936,,,34.2305,135.1825,,kegawayacho
JP,Japan,Japón,640-8341,Kuroda,Wakayama Ken,43,Wakayama Shi,1848936,,,34.2364,135.1953,,kuroda
JP,Japan,Japón,640-8342,Tomodacho,Wakayama Ken,43,Wakayama Shi,1848936,,,34.2332,135.1943,,tomodacho
JP,Japan,Japón,640-8343,Yoshida,Wakayama Ken,43,Wakayama Shi,1848936,,,34.2356,135.1885,,yoshida
JP,Japan,Japón,640-8344,Nojo,Wakayama Ken,43,Wakayama Shi,1848936,,,34.2392,135.192,,nojo
JP,Japan,Japón,640-8345,Shinzaike,Wakayama Ken,43,Wakayama Shi,1848936,,,34.2421,135.1987,,shinzaike
JP,Japan,Japón,640-8350,Kitanoshinchi Fundocho,Wakayama Ken,43,Wakayama Shi,1848936,,,34.2252,135.1911,,kitanoshinchi-fundocho
JP,Japan,Japón,640-8351,Arochi,Wakayama Ken,43,Wakayama Shi,1848936,,,34.2336,135.1841,,arochi
JP,Japan,Japón,640-8352,Kitanoshinchi Uratamachi,Wakayama Ken,43,Wakayama Shi,1848936,,,34.2252,135.1911,,kitanoshinchi-uratamachi
JP,Japan,Japón,640-8353,Kitanoshinchi Enokicho,Wakayama Ken,43,Wakayama Shi,1848936,,,34.2252,135.1911,,kitanoshinchi-enokicho
JP,Japan,Japón,640-8354,Kitanoshinchi Higashinocho,Wakayama Ken,43,Wakayama Shi,1848936,,,34.2252,135.1911,,kitanoshinchi-higashinocho
JP,Japan,Japón,640-8355,Kitanoshinchi,Wakayama Ken,43,Wakayama Shi,1848936,,,34.2252,135.1911,,kitanoshinchi
JP,Japan,Japón,640-8356,Kitanoshinchi Kamirokkencho,Wakayama Ken,43,Wakayama Shi,1848936,,,34.2252,135.1911,,kitanoshinchi-kamirokkencho
JP,Japan,Japón,640-8357,Kitanoshinchi Nakarokkencho,Wakayama Ken,43,Wakayama Shi,1848936,,,34.2252,135.1911,,kitanoshinchi-nakarokkencho
JP,Japan,Japón,640-8358,Kitanoshinchi Shimorokkencho,Wakayama Ken,43,Wakayama Shi,1848936,,,34.2252,135.1911,,kitanoshinchi-shimorokkencho
JP,Japan,Japón,640-8359,Kitanoshinchi Tamachi,Wakayama Ken,43,Wakayama Shi,1848936,,,34.2252,135.1911,,kitanoshinchi-tamachi
JP,Japan,Japón,640-8361,Okaempukuin Higashinocho,Wakayama Ken,43,Wakayama Shi,1848936,,,34.2252,135.1911,,okaempukuin-higashinocho
JP,Japan,Japón,640-8362,Okaoriyashoji,Wakayama Ken,43,Wakayama Shi,1848936,,,34.2335,135.1833,,okaoriyashoji
JP,Japan,Japón,640-8363,Okaminaminocho,Wakayama Ken,43,Wakayama Shi,1848936,,,34.232,135.1824,,okaminaminocho
JP,Japan,Japón,640-8364,Okaempukuin Nishinocho,Wakayama Ken,43,Wakayama Shi,1848936,,,34.2252,135.1911,,okaempukuin-nishinocho
JP,Japan,Japón,640-8365,Okakitanocho,Wakayama Ken,43,Wakayama Shi,1848936,,,34.2334,135.1828,,okakitanocho
JP,Japan,Japón,640-8371,Shinyaoyacho,Wakayama Ken,43,Wakayama Shi,1848936,,,34.2346,135.1802,,shinyaoyacho
JP,Japan,Japón,640-8372,Shindaikumachi,Wakayama Ken,43,Wakayama Shi,1848936,,,34.2333,135.1812,,shindaikumachi
JP,Japan,Japón,640-8373,Kobikicho,Wakayama Ken,43,Wakayama Shi,1848936,,,34.233,135.1807,,kobikicho
JP,Japan,Japón,640-8374,Sukiyacho,Wakayama Ken,43,Wakayama Shi,1848936,,,34.2322,135.1812,,sukiyacho
JP,Japan,Japón,640-8375,Bozucho,Wakayama Ken,43,Wakayama Shi,1848936,,,34.2324,135.1821,,bozucho
JP,Japan,Japón,640-8376,Shinnakadori,Wakayama Ken,43,Wakayama Shi,1848936,,,34.2252,135.1911,,shinnakadori
JP,Japan,Japón,640-8377,Shinsakaicho,Wakayama Ken,43,Wakayama Shi,1848936,,,34.2347,135.1797,,shinsakaicho
JP,Japan,Japón,640-8378,Suzumarucho,Wakayama Ken,43,Wakayama Shi,1848936,,,34.2358,135.1798,,suzumarucho
JP,Japan,Japón,640-8381,Hatayashiki Higashinocho,Wakayama Ken,43,Wakayama Shi,1848936,,,34.2252,135.1911,,hatayashiki-higashinocho
JP,Japan,Japón,640-8382,Hatayashiki Enokinocho,Wakayama Ken,43,Wakayama Shi,1848936,,,34.2252,135.1911,,hatayashiki-enokinocho
JP,Japan,Japón,640-8383,Hatayashiki Empukuinhigashinocho,Wakayama Ken,43,Wakayama Shi,1848936,,,34.2252,135.1911,,hatayashiki-empukuinhigashinocho
JP,Japan,Japón,640-8384,Hatayashiki Kuzuyacho,Wakayama Ken,43,Wakayama Shi,1848936,,,34.2252,135.1911,,hatayashiki-kuzuyacho
JP,Japan,Japón,640-8385,Hatayashiki Empukuinnishinocho,Wakayama Ken,43,Wakayama Shi,1848936,,,34.2252,135.1911,,hatayashiki-empukuinnishinocho
JP,Japan,Japón,640-8386,Hatayashiki Gangicho,Wakayama Ken,43,Wakayama Shi,1848936,,,34.2252,135.1911,,hatayashiki-gangicho
JP,Japan,Japón,640-8387,Hatayashiki Fukuromachi,Wakayama Ken,43,Wakayama Shi,1848936,,,34.2252,135.1911,,hatayashiki-fukuromachi
JP,Japan,Japón,640-8390,Arimoto,Wakayama Ken,43,Wakayama Shi,1848936,,,34.2499,135.1944,,arimoto
JP,Japan,Japón,640-8391,Kano,Wakayama Ken,43,Wakayama Shi,1848936,,,34.2455,135.2045,,kano
JP,Japan,Japón,640-8392,Nakanoshima,Wakayama Ken,43,Wakayama Shi,1848936,,,34.2419,135.1878,,nakanoshima
JP,Japan,Japón,640-8393,Hatayashiki Hashinocho,Wakayama Ken,43,Wakayama Shi,1848936,,,34.2252,135.1911,,hatayashiki-hashinocho
JP,Japan,Japón,640-8394,Hatayashiki Sentaibutsucho,Wakayama Ken,43,Wakayama Shi,1848936,,,34.2252,135.1911,,hatayashiki-sentaibutsucho
JP,Japan,Japón,640-8395,Hatayashiki Nakanocho,Wakayama Ken,43,Wakayama Shi,1848936,,,34.2252,135.1911,,hatayashiki-nakanocho
JP,Japan,Japón,640-8396,Hatayashiki Nishinocho,Wakayama Ken,43,Wakayama Shi,1848936,,,34.2252,135.1911,,hatayashiki-nishinocho
JP,Japan,Japón,640-8397,Hatayashiki Shimmichicho,Wakayama Ken,43,Wakayama Shi,1848936,,,34.2252,135.1911,,hatayashiki-shimmichicho
JP,Japan,Japón,640-8398,Hatayashiki Matsugaecho,Wakayama Ken,43,Wakayama Shi,1848936,,,34.2252,135.1911,,hatayashiki-matsugaecho
JP,Japan,Japón,640-8399,Hatayashiki Hyogonocho,Wakayama Ken,43,Wakayama Shi,1848936,,,34.2252,135.1911,,hatayashiki-hyogonocho
JP,Japan,Japón,640-8401,Fukushima,Wakayama Ken,43,Wakayama Shi,1848936,,,34.2479,135.1649,,fukushima
JP,Japan,Japón,640-8402,Nozaki,Wakayama Ken,43,Wakayama Shi,1848936,,,34.2443,135.1565,,nozaki
JP,Japan,Japón,640-8403,Kitajima,Wakayama Ken,43,Wakayama Shi,1848936,,,34.2408,135.1611,,kitajima
JP,Japan,Japón,640-8404,Minato,Wakayama Ken,43,Wakayama Shi,1848936,,,34.221,135.1443,,minato
JP,Japan,Japón,640-8411,Kandori,Wakayama Ken,43,Wakayama Shi,1848936,,,34.2514,135.1565,,kandori
JP,Japan,Japón,640-8412,Kitsunejima,Wakayama Ken,43,Wakayama Shi,1848936,,,34.2455,135.1508,,kitsunejima
JP,Japan,Japón,640-8413,Shimabashi Higashinocho,Wakayama Ken,43,Wakayama Shi,1848936,,,34.2325,135.1462,,shimabashi-higashinocho
JP,Japan,Japón,640-8414,Shimabashi Nishinocho,Wakayama Ken,43,Wakayama Shi,1848936,,,34.2325,135.1462,,shimabashi-nishinocho
JP,Japan,Japón,640-8415,Shimabashi Minaminocho,Wakayama Ken,43,Wakayama Shi,1848936,,,34.2325,135.1462,,shimabashi-minaminocho
JP,Japan,Japón,640-8416,Shimabashi Kitanocho,Wakayama Ken,43,Wakayama Shi,1848936,,,34.2325,135.1462,,shimabashi-kitanocho
JP,Japan,Japón,640-8421,Matsue,Wakayama Ken,43,Wakayama Shi,1848936,,,34.2412,135.1306,,matsue
JP,Japan,Japón,640-8422,Matsue Higashi,Wakayama Ken,43,Wakayama Shi,1848936,,,34.2325,135.1462,,matsue-higashi
JP,Japan,Japón,640-8423,Matsue Naka,Wakayama Ken,43,Wakayama Shi,1848936,,,34.2325,135.1462,,matsue-naka
JP,Japan,Japón,640-8424,Matsue Nishi,Wakayama Ken,43,Wakayama Shi,1848936,,,34.2325,135.1462,,matsue-nishi
JP,Japan,Japón,640-8425,Matsue Kita,Wakayama Ken,43,Wakayama Shi,1848936,,,34.2325,135.1462,,matsue-kita
JP,Japan,Japón,640-8431,Mukai,Wakayama Ken,43,Wakayama Shi,1848936,,,34.2567,135.145,,mukai
JP,Japan,Japón,640-8432,Donyu,Wakayama Ken,43,Wakayama Shi,1848936,,,34.2521,135.1423,,donyu
JP,Japan,Japón,640-8433,Nakano,Wakayama Ken,43,Wakayama Shi,1848936,,,34.2562,135.1405,,nakano
JP,Japan,Japón,640-8434,Enokihara,Wakayama Ken,43,Wakayama Shi,1848936,,,34.2556,135.1305,,enokihara
JP,Japan,Japón,640-8435,Koya,Wakayama Ken,43,Wakayama Shi,1848936,,,34.2485,135.1174,,koya
JP,Japan,Japón,640-8441,Sakaedani,Wakayama Ken,43,Wakayama Shi,1848936,,,34.2661,135.1564,,sakaedani
JP,Japan,Japón,640-8442,Hirai,Wakayama Ken,43,Wakayama Shi,1848936,,,34.2693,135.1679,,hirai
JP,Japan,Japón,640-8443,Nobutoki,Wakayama Ken,43,Wakayama Shi,1848936,,,34.2522,135.15,,nobutoki
JP,Japan,Japón,640-8444,Jiromaru,Wakayama Ken,43,Wakayama Shi,1848936,,,34.2556,135.1501,,jiromaru
JP,Japan,Japón,640-8451,Naka,Wakayama Ken,43,Wakayama Shi,1848936,,,34.2711,135.1485,,naka
JP,Japan,Japón,640-8452,Umehara,Wakayama Ken,43,Wakayama Shi,1848936,,,34.27,135.1398,,umehara
JP,Japan,Japón,640-8453,Kinomoto,Wakayama Ken,43,Wakayama Shi,1848936,,,34.2668,135.129,,kinomoto
JP,Japan,Japón,640-8461,Funadokoro,Wakayama Ken,43,Wakayama Shi,1848936,,,34.2525,135.1854,,funadokoro
JP,Japan,Japón,640-8462,Awa,Wakayama Ken,43,Wakayama Shi,1848936,,,34.2499,135.1758,,awa
JP,Japan,Japón,640-8463,Kusuminaka,Wakayama Ken,43,Wakayama Shi,1848936,,,34.2551,135.1763,,kusuminaka
JP,Japan,Japón,640-8464,Ichishoji,Wakayama Ken,43,Wakayama Shi,1848936,,,34.2557,135.1662,,ichishoji
JP,Japan,Japón,640-8471,Zemmyoji,Wakayama Ken,43,Wakayama Shi,1848936,,,34.2681,135.1827,,zemmyoji
JP,Japan,Japón,640-8472,Otani,Wakayama Ken,43,Wakayama Shi,1848936,,,34.2681,135.1754,,otani
JP,Japan,Japón,640-8481,Nogawa,Wakayama Ken,43,Wakayama Shi,1848936,,,34.2789,135.218,,nogawa
JP,Japan,Japón,640-8482,Musota,Wakayama Ken,43,Wakayama Shi,1848936,,,34.2704,135.2051,,musota
JP,Japan,Japón,640-8483,Sonobe,Wakayama Ken,43,Wakayama Shi,1848936,,,34.2709,135.1929,,sonobe
JP,Japan,Japón,640-8501,Misonocho,Wakayama Ken,43,Wakayama Shi,1848936,,,34.2314,135.1744,,misonocho
JP,Japan,Japón,640-8502,Motoderacho,Wakayama Ken,43,Wakayama Shi,1848936,,,34.2314,135.1744,,motoderacho
JP,Japan,Japón,640-8503,Jusambancho,Wakayama Ken,43,Wakayama Shi,1848936,,,34.2314,135.1744,,jusambancho
JP,Japan,Japón,640-8505,Furuya,Wakayama Ken,43,Wakayama Shi,1848936,,,34.2314,135.1744,,furuya
JP,Japan,Japón,640-8507,Kano,Wakayama Ken,43,Wakayama Shi,1848936,,,34.2314,135.1744,,kano
JP,Japan,Japón,640-8508,Hashicho,Wakayama Ken,43,Wakayama Shi,1848936,,,34.2314,135.1744,,hashicho
JP,Japan,Japón,640-8509,Hommachi,Wakayama Ken,43,Wakayama Shi,1848936,,,34.2314,135.1744,,hommachi
JP,Japan,Japón,640-8510,Sakaedani,Wakayama Ken,43,Wakayama Shi,1848936,,,34.2314,135.1744,,sakaedani
JP,Japan,Japón,640-8511,Shichibancho,Wakayama Ken,43,Wakayama Shi,1848936,,,34.2314,135.1744,,shichibancho
JP,Japan,Japón,640-8512,Minato,Wakayama Ken,43,Wakayama Shi,1848936,,,34.2314,135.1744,,minato
JP,Japan,Japón,640-8513,Sakaedani,Wakayama Ken,43,Wakayama Shi,1848936,,,34.2314,135.1744,,sakaedani
JP,Japan,Japón,640-8514,Komatsubaradori,Wakayama Ken,43,Wakayama Shi,1848936,,,34.2314,135.1744,,komatsubaradori
JP,Japan,Japón,640-8515,Matsushima,Wakayama Ken,43,Wakayama Shi,1848936,,,34.2314,135.1744,,matsushima
JP,Japan,Japón,640-8516,Rokubancho,Wakayama Ken,43,Wakayama Shi,1848936,,,34.2314,135.1744,,rokubancho
JP,Japan,Japón,640-8519,Ichibancho,Wakayama Ken,43,Wakayama Shi,1848936,,,34.2314,135.1744,,ichibancho
JP,Japan,Japón,640-8520,Nibancho,Wakayama Ken,43,Wakayama Shi,1848936,,,34.2314,135.1744,,nibancho
JP,Japan,Japón,640-8524,Nishi,Wakayama Ken,43,Wakayama Shi,1848936,,,34.2314,135.1744,,nishi
JP,Japan,Japón,640-8525,Tebira,Wakayama Ken,43,Wakayama Shi,1848936,,,34.2314,135.1744,,tebira
JP,Japan,Japón,640-8530,Fukiage,Wakayama Ken,43,Wakayama Shi,1848936,,,34.2314,135.1744,,fukiage
JP,Japan,Japón,640-8533,Sakaedani,Wakayama Ken,43,Wakayama Shi,1848936,,,34.2314,135.1744,,sakaedani
JP,Japan,Japón,640-8535,Nakano,Wakayama Ken,43,Wakayama Shi,1848936,,,34.2314,135.1744,,nakano
JP,Japan,Japón,640-8536,Nishimigiwacho,Wakayama Ken,43,Wakayama Shi,1848936,,,34.2314,135.1744,,nishimigiwacho
JP,Japan,Japón,640-8538,Higashisakanoecho,Wakayama Ken,43,Wakayama Shi,1848936,,,34.2314,135.1744,,higashisakanoecho
JP,Japan,Japón,640-8540,Hommachi,Wakayama Ken,43,Wakayama Shi,1848936,,,34.2314,135.1744,,hommachi
JP,Japan,Japón,640-8541,Ota,Wakayama Ken,43,Wakayama Shi,1848936,,,34.2314,135.1744,,ota
JP,Japan,Japón,640-8544,Arie,Wakayama Ken,43,Wakayama Shi,1848936,,,34.2314,135.1744,,arie
JP,Japan,Japón,640-8545,Tebira,Wakayama Ken,43,Wakayama Shi,1848936,,,34.2314,135.1744,,tebira
JP,Japan,Japón,640-8546,Tomodamachi,Wakayama Ken,43,Wakayama Shi,1848936,,,34.2314,135.1744,,tomodamachi
JP,Japan,Japón,640-8550,Umebara,Wakayama Ken,43,Wakayama Shi,1848936,,,34.2314,135.1744,,umebara
JP,Japan,Japón,640-8551,Komatsubaradori,Wakayama Ken,43,Wakayama Shi,1848936,,,34.2314,135.1744,,komatsubaradori
JP,Japan,Japón,640-8552,Nibancho,Wakayama Ken,43,Wakayama Shi,1848936,,,34.2314,135.1744,,nibancho
JP,Japan,Japón,640-8555,Minato,Wakayama Ken,43,Wakayama Shi,1848936,,,34.2314,135.1744,,minato
JP,Japan,Japón,640-8556,Fukiage,Wakayama Ken,43,Wakayama Shi,1848936,,,34.2314,135.1744,,fukiage
JP,Japan,Japón,640-8557,Onocho,Wakayama Ken,43,Wakayama Shi,1848936,,,34.2314,135.1744,,onocho
JP,Japan,Japón,640-8558,Komatsubaradori,Wakayama Ken,43,Wakayama Shi,1848936,,,34.2314,135.1744,,komatsubaradori
JP,Japan,Japón,640-8560,Higashikuramaecho,Wakayama Ken,43,Wakayama Shi,1848936,,,34.2314,135.1744,,higashikuramaecho
JP,Japan,Japón,640-8564,Minamiokeyamachi,Wakayama Ken,43,Wakayama Shi,1848936,,,34.2314,135.1744,,minamiokeyamachi
JP,Japan,Japón,640-8565,Motobakuromachi,Wakayama Ken,43,Wakayama Shi,1848936,,,34.2314,135.1744,,motobakuromachi
JP,Japan,Japón,640-8566,Nishimigiwacho,Wakayama Ken,43,Wakayama Shi,1848936,,,34.2314,135.1744,,nishimigiwacho
JP,Japan,Japón,640-8567,Nishimigiwacho,Wakayama Ken,43,Wakayama Shi,1848936,,,34.2314,135.1744,,nishimigiwacho
JP,Japan,Japón,640-8570,Minamichugemmachi,Wakayama Ken,43,Wakayama Shi,1848936,,,34.2314,135.1744,,minamichugemmachi
JP,Japan,Japón,640-8575,Hommachi,Wakayama Ken,43,Wakayama Shi,1848936,,,34.2314,135.1744,,hommachi
JP,Japan,Japón,640-8577,Minatohommachi,Wakayama Ken,43,Wakayama Shi,1848936,,,34.2314,135.1744,,minatohommachi
JP,Japan,Japón,640-8580,Minato,Wakayama Ken,43,Wakayama Shi,1848936,,,34.2314,135.1744,,minato
JP,Japan,Japón,640-8581,Kuroda,Wakayama Ken,43,Wakayama Shi,1848936,,,34.2314,135.1744,,kuroda
JP,Japan,Japón,640-8582,Kuroda,Wakayama Ken,43,Wakayama Shi,1848936,,,34.2314,135.1744,,kuroda
JP,Japan,Japón,640-8585,Komatsubaradori,Wakayama Ken,43,Wakayama Shi,1848936,,,34.2314,135.1744,,komatsubaradori
JP,Japan,Japón,640-8586,Nibancho,Wakayama Ken,43,Wakayama Shi,1848936,,,34.2314,135.1744,,nibancho
JP,Japan,Japón,640-8588,Komatsubaradori,Wakayama Ken,43,Wakayama Shi,1848936,,,34.2314,135.1744,,komatsubaradori
JP,Japan,Japón,640-8589,Saikayamachihigashinocho,Wakayama Ken,43,Wakayama Shi,1848936,,,34.2314,135.1744,,saikayamachihigashinocho
JP,Japan,Japón,640-8651,Hommachi,Wakayama Ken,43,Wakayama Shi,1848936,,,34.2314,135.1744,,hommachi
JP,Japan,Japón,640-8652,Misonocho,Wakayama Ken,43,Wakayama Shi,1848936,,,34.2314,135.1744,,misonocho
JP,Japan,Japón,640-8653,Hommachi,Wakayama Ken,43,Wakayama Shi,1848936,,,34.2314,135.1744,,hommachi
JP,Japan,Japón,640-8654,Jubancho,Wakayama Ken,43,Wakayama Shi,1848936,,,34.2314,135.1744,,jubancho
JP,Japan,Japón,640-8655,Hommachi,Wakayama Ken,43,Wakayama Shi,1848936,,,34.2314,135.1744,,hommachi
JP,Japan,Japón,640-8656,Hommachi,Wakayama Ken,43,Wakayama Shi,1848936,,,34.2314,135.1744,,hommachi
JP,Japan,Japón,640-8657,Rokubancho,Wakayama Ken,43,Wakayama Shi,1848936,,,34.2314,135.1744,,rokubancho
JP,Japan,Japón,640-8659,Shichibancho,Wakayama Ken,43,Wakayama Shi,1848936,,,34.2314,135.1744,,shichibancho
JP,Japan,Japón,640-8666,Hachibancho,Wakayama Ken,43,Wakayama Shi,1848936,,,34.2314,135.1744,,hachibancho
JP,Japan,Japón,640-8668,Nakanoshima,Wakayama Ken,43,Wakayama Shi,1848936,,,34.2314,135.1744,,nakanoshima
JP,Japan,Japón,640-8686,Tebira,Wakayama Ken,43,Wakayama Shi,1848936,,,34.2314,135.1744,,tebira
JP,Japan,Japón,640-8687,Jubancho,Wakayama Ken,43,Wakayama Shi,1848936,,,34.2314,135.1744,,jubancho
JP,Japan,Japón,640-8787,Misonocho,Wakayama Ken,43,Wakayama Shi,1848936,,,34.2314,135.1744,,misonocho
JP,Japan,Japón,641-0001,Kuinose,Wakayama Ken,43,Wakayama Shi,1848936,,,34.2084,135.1921,,kuinose
JP,Japan,Japón,641-0002,Shinnakajima,Wakayama Ken,43,Wakayama Shi,1848936,,,34.2162,135.1968,,shinnakajima
JP,Japan,Japón,641-0003,Sakada,Wakayama Ken,43,Wakayama Shi,1848936,,,34.2031,135.2023,,sakada
JP,Japan,Japón,641-0004,Wada,Wakayama Ken,43,Wakayama Shi,1848936,,,34.2027,135.2099,,wada
JP,Japan,Japón,641-0005,Tajiri,Wakayama Ken,43,Wakayama Shi,1848936,,,34.2037,135.1969,,tajiri
JP,Japan,Japón,641-0006,Nakajima,Wakayama Ken,43,Wakayama Shi,1848936,,,34.2084,135.187,,nakajima
JP,Japan,Japón,641-0007,Kozaika,Wakayama Ken,43,Wakayama Shi,1848936,,,34.2013,135.184,,kozaika
JP,Japan,Japón,641-0008,Kitanakajima,Wakayama Ken,43,Wakayama Shi,1848936,,,34.2123,135.1872,,kitanakajima
JP,Japan,Japón,641-0011,Mikazura,Wakayama Ken,43,Wakayama Shi,1848936,,,34.1931,135.1879,,mikazura
JP,Japan,Japón,641-0012,Kimiidera,Wakayama Ken,43,Wakayama Shi,1848936,,,34.1829,135.1885,,kimiidera
JP,Japan,Japón,641-0013,Uchihara,Wakayama Ken,43,Wakayama Shi,1848936,,,34.1769,135.1977,,uchihara
JP,Japan,Japón,641-0014,Kemi,Wakayama Ken,43,Wakayama Shi,1848936,,,34.1653,135.1871,,kemi
JP,Japan,Japón,641-0015,Nunohiki,Wakayama Ken,43,Wakayama Shi,1848936,,,34.1763,135.1834,,nunohiki
JP,Japan,Japón,641-0021,Wakaura Higashi,Wakayama Ken,43,Wakayama Shi,1848936,,,34.188,135.1602,,wakaura-higashi
JP,Japan,Japón,641-0022,Wakaura Minami,Wakayama Ken,43,Wakayama Shi,1848936,,,34.188,135.1602,,wakaura-minami
JP,Japan,Japón,641-0023,Shinwakaura,Wakayama Ken,43,Wakayama Shi,1848936,,,34.1876,135.1593,,shinwakaura
JP,Japan,Japón,641-0024,Wakaura Nishi,Wakayama Ken,43,Wakayama Shi,1848936,,,34.188,135.1602,,wakaura-nishi
JP,Japan,Japón,641-0025,Wakaura Naka,Wakayama Ken,43,Wakayama Shi,1848936,,,34.188,135.1602,,wakaura-naka
JP,Japan,Japón,641-0031,Nishikoniri,Wakayama Ken,43,Wakayama Shi,1848936,,,34.2065,135.1617,,nishikoniri
JP,Japan,Japón,641-0032,Higashikoniricho,Wakayama Ken,43,Wakayama Shi,1848936,,,34.2069,135.1649,,higashikoniricho
JP,Japan,Japón,641-0033,Matsugaoka,Wakayama Ken,43,Wakayama Shi,1848936,,,34.2047,135.1656,,matsugaoka
JP,Japan,Japón,641-0034,Niitakacho,Wakayama Ken,43,Wakayama Shi,1848936,,,34.2029,135.1678,,niitakacho
JP,Japan,Japón,641-0035,Sekido,Wakayama Ken,43,Wakayama Shi,1848936,,,34.1963,135.1641,,sekido
JP,Japan,Japón,641-0036,Nishihama,Wakayama Ken,43,Wakayama Shi,1848936,,,34.2006,135.1522,,nishihama
JP,Japan,Japón,641-0041,Horidome Minaminocho,Wakayama Ken,43,Wakayama Shi,1848936,,,34.2119,135.1713,,horidome-minaminocho
JP,Japan,Japón,641-0042,Shimborihigashi,Wakayama Ken,43,Wakayama Shi,1848936,,,34.2137,135.1746,,shimborihigashi
JP,Japan,Japón,641-0043,Uzu,Wakayama Ken,43,Wakayama Shi,1848936,,,34.2103,135.1757,,uzu
JP,Japan,Japón,641-0044,Imabuku,Wakayama Ken,43,Wakayama Shi,1848936,,,34.2116,135.1638,,imabuku
JP,Japan,Japón,641-0045,Horidome Nishi,Wakayama Ken,43,Wakayama Shi,1848936,,,34.2119,135.1713,,horidome-nishi
JP,Japan,Japón,641-0051,Nishitakamatsu,Wakayama Ken,43,Wakayama Shi,1848936,,,34.2073,135.1697,,nishitakamatsu
JP,Japan,Japón,641-0052,Higashitakamatsu,Wakayama Ken,43,Wakayama Shi,1848936,,,34.2067,135.1734,,higashitakamatsu
JP,Japan,Japón,641-0053,Uchikoshicho,Wakayama Ken,43,Wakayama Shi,1848936,,,34.2043,135.1768,,uchikoshicho
JP,Japan,Japón,641-0054,Shioya,Wakayama Ken,43,Wakayama Shi,1848936,,,34.2004,135.1778,,shioya
JP,Japan,Japón,641-0055,Wakagawacho,Wakayama Ken,43,Wakayama Shi,1848936,,,34.1943,135.1793,,wakagawacho
JP,Japan,Japón,641-0056,Akibacho,Wakayama Ken,43,Wakayama Shi,1848936,,,34.2005,135.1714,,akibacho
JP,Japan,Japón,641-0061,Tano,Wakayama Ken,43,Wakayama Shi,1848936,,,34.1858,135.1511,,tano
JP,Japan,Japón,641-0062,Saikazaki,Wakayama Ken,43,Wakayama Shi,1848936,,,34.1938,135.1442,,saikazaki
JP,Japan,Japón,641-8501,Nakajima,Wakayama Ken,43,Wakayama Shi,1848936,,,34.2425,135.196,,nakajima
JP,Japan,Japón,641-8508,Kemi,Wakayama Ken,43,Wakayama Shi,1848936,,,34.2425,135.196,,kemi
JP,Japan,Japón,641-8509,Kimiidera,Wakayama Ken,43,Wakayama Shi,1848936,,,34.2425,135.196,,kimiidera
JP,Japan,Japón,641-8510,Kimiidera,Wakayama Ken,43,Wakayama Shi,1848936,,,34.2425,135.196,,kimiidera
JP,Japan,Japón,641-8511,Sakata,Wakayama Ken,43,Wakayama Shi,1848936,,,34.2425,135.196,,sakata
JP,Japan,Japón,641-8770,Shioya,Wakayama Ken,43,Wakayama Shi,1848936,,,34.2425,135.196,,shioya
JP,Japan,Japón,649-6261,Ogura,Wakayama Ken,43,Wakayama Shi,1848936,,,34.2516,135.2917,,ogura
JP,Japan,Japón,649-6262,Kamimike,Wakayama Ken,43,Wakayama Shi,1848936,,,34.2441,135.3046,,kamimike
JP,Japan,Japón,649-6263,Shimomike,Wakayama Ken,43,Wakayama Shi,1848936,,,34.2399,135.2974,,shimomike
JP,Japan,Japón,649-6264,Shinjo,Wakayama Ken,43,Wakayama Shi,1848936,,,34.2397,135.2896,,shinjo
JP,Japan,Japón,649-6271,Mitsuya,Wakayama Ken,43,Wakayama Shi,1848936,,,34.2507,135.2787,,mitsuya
JP,Japan,Japón,649-6272,Ogaito,Wakayama Ken,43,Wakayama Shi,1848936,,,34.2473,135.2748,,ogaito
JP,Japan,Japón,649-6273,Higashitanaka,Wakayama Ken,43,Wakayama Shi,1848936,,,34.2359,135.2843,,higashitanaka
JP,Japan,Japón,649-6274,Kanaya,Wakayama Ken,43,Wakayama Shi,1848936,,,34.2308,135.2732,,kanaya
JP,Japan,Japón,649-6275,Hanzaki,Wakayama Ken,43,Wakayama Shi,1848936,,,34.2451,135.2711,,hanzaki
JP,Japan,Japón,649-6301,Takihata,Wakayama Ken,43,Wakayama Shi,1848936,,,34.3017,135.2634,,takihata
JP,Japan,Japón,649-6302,Yuyadani,Wakayama Ken,43,Wakayama Shi,1848936,,,34.283,135.2731,,yuyadani
JP,Japan,Japón,649-6303,Hiraoka,Wakayama Ken,43,Wakayama Shi,1848936,,,34.265,135.2736,,hiraoka
JP,Japan,Japón,649-6304,Nakasujihinobe,Wakayama Ken,43,Wakayama Shi,1848936,,,34.2691,135.2716,,nakasujihinobe
JP,Japan,Japón,649-6305,Tani,Wakayama Ken,43,Wakayama Shi,1848936,,,34.2781,135.2696,,tani
JP,Japan,Japón,649-6306,Kamikurodani,Wakayama Ken,43,Wakayama Shi,1848936,,,34.2823,135.2641,,kamikurodani
JP,Japan,Japón,649-6307,Kitabesshiyo,Wakayama Ken,43,Wakayama Shi,1848936,,,34.2827,135.2539,,kitabesshiyo
JP,Japan,Japón,649-6308,Ochiai,Wakayama Ken,43,Wakayama Shi,1848936,,,34.2998,135.2471,,ochiai
JP,Japan,Japón,649-6311,Sato,Wakayama Ken,43,Wakayama Shi,1848936,,,34.2658,135.2675,,sato
JP,Japan,Japón,649-6312,Kawanabe,Wakayama Ken,43,Wakayama Shi,1848936,,,34.2569,135.2662,,kawanabe
JP,Japan,Japón,649-6313,Kusumoto,Wakayama Ken,43,Wakayama Shi,1848936,,,34.2571,135.2572,,kusumoto
JP,Japan,Japón,649-6314,Shima,Wakayama Ken,43,Wakayama Shi,1848936,,,34.258,135.2518,,shima
JP,Japan,Japón,649-6315,Konami,Wakayama Ken,43,Wakayama Shi,1848936,,,34.266,135.2558,,konami
JP,Japan,Japón,649-6316,Ueno,Wakayama Ken,43,Wakayama Shi,1848936,,,34.2709,135.2545,,ueno
JP,Japan,Japón,649-6317,Yamaguchinishi,Wakayama Ken,43,Wakayama Shi,1848936,,,34.2688,135.2608,,yamaguchinishi
JP,Japan,Japón,649-6318,Fujita,Wakayama Ken,43,Wakayama Shi,1848936,,,34.2672,135.2643,,fujita
JP,Japan,Japón,649-6321,Hoshiya,Wakayama Ken,43,Wakayama Shi,1848936,,,34.2435,135.2598,,hoshiya
JP,Japan,Japón,649-6322,Wasasekido,Wakayama Ken,43,Wakayama Shi,1848936,,,34.2392,135.2575,,wasasekido
JP,Japan,Japón,649-6323,Inokuchi,Wakayama Ken,43,Wakayama Shi,1848936,,,34.2405,135.2491,,inokuchi
JP,Japan,Japón,649-6324,Negi,Wakayama Ken,43,Wakayama Shi,1848936,,,34.238,135.2487,,negi
JP,Japan,Japón,649-6325,Shimowasa,Wakayama Ken,43,Wakayama Shi,1848936,,,34.2286,135.2373,,shimowasa
JP,Japan,Japón,649-6326,Wasanaka,Wakayama Ken,43,Wakayama Shi,1848936,,,34.2382,135.2396,,wasanaka
JP,Japan,Japón,649-6331,Kitano,Wakayama Ken,43,Wakayama Shi,1848936,,,34.2747,135.2486,,kitano
JP,Japan,Japón,649-6332,Udamori,Wakayama Ken,43,Wakayama Shi,1848936,,,34.2611,135.2468,,udamori
JP,Japan,Japón,649-6333,Nango,Wakayama Ken,43,Wakayama Shi,1848936,,,34.2533,135.2465,,nango
JP,Japan,Japón,649-6334,Kita,Wakayama Ken,43,Wakayama Shi,1848936,,,34.2569,135.241,,kita
JP,Japan,Japón,649-6335,Nishitai,Wakayama Ken,43,Wakayama Shi,1848936,,,34.2565,135.236,,nishitai
JP,Japan,Japón,649-6336,Azushima,Wakayama Ken,43,Wakayama Shi,1848936,,,34.2529,135.2291,,azushima
JP,Japan,Japón,649-6337,Taya,Wakayama Ken,43,Wakayama Shi,1848936,,,34.2552,135.2242,,taya
JP,Japan,Japón,649-6338,Fuchu,Wakayama Ken,43,Wakayama Shi,1848936,,,34.2814,135.232,,fuchu
JP,Japan,Japón,649-6339,Hironishi,Wakayama Ken,43,Wakayama Shi,1848936,,,34.2775,135.2404,,hironishi
JP,Japan,Japón,645-0301,Ryujimmura Fukui,Wakayama Ken,43,Tanabe Shi,1850706,,,33.8062,135.3333,,ryujimmura-fukui
JP,Japan,Japón,645-0302,Ryujimmura Kainogawa,Wakayama Ken,43,Tanabe Shi,1850706,,,33.8062,135.3333,,ryujimmura-kainogawa
JP,Japan,Japón,645-0303,Ryujimmura Oie,Wakayama Ken,43,Tanabe Shi,1850706,,,33.8062,135.3333,,ryujimmura-oie
JP,Japan,Japón,645-0411,Ryujimmura Miyashiro,Wakayama Ken,43,Tanabe Shi,1850706,,,33.8062,135.3333,,ryujimmura-miyashiro
JP,Japan,Japón,645-0412,Ryujimmura Nyunogawa,Wakayama Ken,43,Tanabe Shi,1850706,,,33.8062,135.3333,,ryujimmura-nyunogawa
JP,Japan,Japón,645-0413,Ryujimmura Tonohara,Wakayama Ken,43,Tanabe Shi,1850706,,,33.8062,135.3333,,ryujimmura-tonohara
JP,Japan,Japón,645-0414,Ryujimmura Higashi,Wakayama Ken,43,Tanabe Shi,1850706,,,33.8062,135.3333,,ryujimmura-higashi
JP,Japan,Japón,645-0415,Ryujimmura Nishi,Wakayama Ken,43,Tanabe Shi,1850706,,,33.8062,135.3333,,ryujimmura-nishi
JP,Japan,Japón,645-0416,Ryujimmura Yasui,Wakayama Ken,43,Tanabe Shi,1850706,,,33.8062,135.3333,,ryujimmura-yasui
JP,Japan,Japón,645-0417,Ryujimmura Yanase,Wakayama Ken,43,Tanabe Shi,1850706,,,33.8062,135.3333,,ryujimmura-yanase
JP,Japan,Japón,645-0521,Ryujimmura Komatagawa,Wakayama Ken,43,Tanabe Shi,1850706,,,33.8062,135.3333,,ryujimmura-komatagawa
JP,Japan,Japón,645-0522,Ryujimmura Mitsumata,Wakayama Ken,43,Tanabe Shi,1850706,,,33.8062,135.3333,,ryujimmura-mitsumata
JP,Japan,Japón,645-0523,Ryujimmura Hiroihara,Wakayama Ken,43,Tanabe Shi,1850706,,,33.8062,135.3333,,ryujimmura-hiroihara
JP,Japan,Japón,645-0524,Ryujimmura Yunomata,Wakayama Ken,43,Tanabe Shi,1850706,,,33.8062,135.3333,,ryujimmura-yunomata
JP,Japan,Japón,645-0525,Ryujimmura Ryujin,Wakayama Ken,43,Tanabe Shi,1850706,,,33.8062,135.3333,,ryujimmura-ryujin
JP,Japan,Japón,646-0000,Tanabe Shi,Wakayama Ken,43,Tanabe Shi,1850706,,,33.7295,135.3811,,tanabe-shi
JP,Japan,Japón,646-0001,Kamiakizu,Wakayama Ken,43,Tanabe Shi,1850706,,,33.7694,135.4109,,kamiakizu
JP,Japan,Japón,646-0002,Kamimaro,Wakayama Ken,43,Tanabe Shi,1850706,,,33.7396,135.4165,,kamimaro
JP,Japan,Japón,646-0003,Nakamaro,Wakayama Ken,43,Tanabe Shi,1850706,,,33.7413,135.4073,,nakamaro
JP,Japan,Japón,646-0004,Shimomaro,Wakayama Ken,43,Tanabe Shi,1850706,,,33.7424,135.3936,,shimomaro
JP,Japan,Japón,646-0005,Akizucho,Wakayama Ken,43,Tanabe Shi,1850706,,,33.7513,135.394,,akizucho
JP,Japan,Japón,646-0011,Shinjocho,Wakayama Ken,43,Tanabe Shi,1850706,,,33.7098,135.4015,,shinjocho
JP,Japan,Japón,646-0012,Kashimadai,Wakayama Ken,43,Tanabe Shi,1850706,,,33.706,135.4037,,kashimadai
JP,Japan,Japón,646-0013,Minamishimman,Wakayama Ken,43,Tanabe Shi,1850706,,,33.7307,135.3968,,minamishimman
JP,Japan,Japón,646-0014,Shimman,Wakayama Ken,43,Tanabe Shi,1850706,,,33.7339,135.3975,,shimman
JP,Japan,Japón,646-0015,Takinaicho,Wakayama Ken,43,Tanabe Shi,1850706,,,33.6997,135.3999,,takinaicho
JP,Japan,Japón,646-0021,Akebono,Wakayama Ken,43,Tanabe Shi,1850706,,,33.7289,135.3945,,akebono
JP,Japan,Japón,646-0022,Higashiyama,Wakayama Ken,43,Tanabe Shi,1850706,,,33.7259,135.3925,,higashiyama
JP,Japan,Japón,646-0023,Mori,Wakayama Ken,43,Tanabe Shi,1850706,,,33.719,135.3896,,mori
JP,Japan,Japón,646-0024,Gakuen,Wakayama Ken,43,Tanabe Shi,1850706,,,33.7258,135.3911,,gakuen
JP,Japan,Japón,646-0025,Mikonohama,Wakayama Ken,43,Tanabe Shi,1850706,,,33.7239,135.3864,,mikonohama
JP,Japan,Japón,646-0026,Horaicho,Wakayama Ken,43,Tanabe Shi,1850706,,,33.7347,135.3877,,horaicho
JP,Japan,Japón,646-0027,Asahigaoka,Wakayama Ken,43,Tanabe Shi,1850706,,,33.7348,135.392,,asahigaoka
JP,Japan,Japón,646-0028,Takao,Wakayama Ken,43,Tanabe Shi,1850706,,,33.7371,135.3821,,takao
JP,Japan,Japón,646-0029,Toyo,Wakayama Ken,43,Tanabe Shi,1850706,,,33.7275,135.384,,toyo
JP,Japan,Japón,646-0031,Minato,Wakayama Ken,43,Tanabe Shi,1850706,,,33.732,135.384,,minato
JP,Japan,Japón,646-0032,Shimoyashikimachi,Wakayama Ken,43,Tanabe Shi,1850706,,,33.7298,135.3806,,shimoyashikimachi
JP,Japan,Japón,646-0033,Shinyashikimachi,Wakayama Ken,43,Tanabe Shi,1850706,,,33.7275,135.3796,,shinyashikimachi
JP,Japan,Japón,646-0034,Ogigahama,Wakayama Ken,43,Tanabe Shi,1850706,,,33.7259,135.3792,,ogigahama
JP,Japan,Japón,646-0035,Nakayashikimachi,Wakayama Ken,43,Tanabe Shi,1850706,,,33.7306,135.378,,nakayashikimachi
JP,Japan,Japón,646-0036,Kamiyashiki,Wakayama Ken,43,Tanabe Shi,1850706,,,33.7308,135.3748,,kamiyashiki
JP,Japan,Japón,646-0037,Isoma,Wakayama Ken,43,Tanabe Shi,1850706,,,33.7208,135.3817,,isoma
JP,Japan,Japón,646-0038,Suehirocho,Wakayama Ken,43,Tanabe Shi,1850706,,,33.7252,135.3807,,suehirocho
JP,Japan,Japón,646-0041,Kitashimmachi,Wakayama Ken,43,Tanabe Shi,1850706,,,33.734,135.3797,,kitashimmachi
JP,Japan,Japón,646-0042,Minamishimmachi,Wakayama Ken,43,Tanabe Shi,1850706,,,33.732,135.38,,minamishimmachi
JP,Japan,Japón,646-0043,Imafukumachi,Wakayama Ken,43,Tanabe Shi,1850706,,,33.7327,135.3787,,imafukumachi
JP,Japan,Japón,646-0044,Fukuromachi,Wakayama Ken,43,Tanabe Shi,1850706,,,33.7332,135.3778,,fukuromachi
JP,Japan,Japón,646-0045,Katamachi,Wakayama Ken,43,Tanabe Shi,1850706,,,33.7328,135.3724,,katamachi
JP,Japan,Japón,646-0046,Hommachi,Wakayama Ken,43,Tanabe Shi,1850706,,,33.7336,135.3752,,hommachi
JP,Japan,Japón,646-0047,Konyamachi,Wakayama Ken,43,Tanabe Shi,1850706,,,33.7348,135.3746,,konyamachi
JP,Japan,Japón,646-0048,Sakaemachi,Wakayama Ken,43,Tanabe Shi,1850706,,,33.734,135.3773,,sakaemachi
JP,Japan,Japón,646-0050,Tenjinzaki,Wakayama Ken,43,Tanabe Shi,1850706,,,33.731,135.3595,,tenjinzaki
JP,Japan,Japón,646-0051,Inaricho,Wakayama Ken,43,Tanabe Shi,1850706,,,33.7634,135.3807,,inaricho
JP,Japan,Japón,646-0052,Mutsumi,Wakayama Ken,43,Tanabe Shi,1850706,,,33.7426,135.3792,,mutsumi
JP,Japan,Japón,646-0053,Motomachi,Wakayama Ken,43,Tanabe Shi,1850706,,,33.748,135.3633,,motomachi
JP,Japan,Japón,646-0054,Egawa,Wakayama Ken,43,Tanabe Shi,1850706,,,33.7312,135.3699,,egawa
JP,Japan,Japón,646-0056,Hayacho,Wakayama Ken,43,Tanabe Shi,1850706,,,33.7557,135.3512,,hayacho
JP,Japan,Japón,646-0057,Nakahaya,Wakayama Ken,43,Tanabe Shi,1850706,,,33.786,135.3568,,nakahaya
JP,Japan,Japón,646-0058,Mera,Wakayama Ken,43,Tanabe Shi,1850706,,,33.7342,135.355,,mera
JP,Japan,Japón,646-0059,Furuo,Wakayama Ken,43,Tanabe Shi,1850706,,,33.7365,135.3725,,furuo
JP,Japan,Japón,646-0061,Uenoyama,Wakayama Ken,43,Tanabe Shi,1850706,,,33.7352,135.3659,,uenoyama
JP,Japan,Japón,646-0062,Meiyo,Wakayama Ken,43,Tanabe Shi,1850706,,,33.7412,135.3605,,meiyo
JP,Japan,Japón,646-0063,Hayamatsubara,Wakayama Ken,43,Tanabe Shi,1850706,,,33.7463,135.3548,,hayamatsubara
JP,Japan,Japón,646-0101,Kamihaya,Wakayama Ken,43,Tanabe Shi,1850706,,,33.8114,135.3835,,kamihaya
JP,Japan,Japón,646-0102,Akizugawa,Wakayama Ken,43,Tanabe Shi,1850706,,,33.8099,135.4283,,akizugawa
JP,Japan,Japón,646-0211,Fudono,Wakayama Ken,43,Tanabe Shi,1850706,,,33.8006,135.4599,,fudono
JP,Japan,Japón,646-0212,Ueno,Wakayama Ken,43,Tanabe Shi,1850706,,,33.7623,135.4619,,ueno
JP,Japan,Japón,646-0213,Nagano,Wakayama Ken,43,Tanabe Shi,1850706,,,33.7697,135.4449,,nagano
JP,Japan,Japón,646-0214,Kamimisu,Wakayama Ken,43,Tanabe Shi,1850706,,,33.7552,135.4429,,kamimisu
JP,Japan,Japón,646-0215,Nakamisu,Wakayama Ken,43,Tanabe Shi,1850706,,,33.7443,135.4353,,nakamisu
JP,Japan,Japón,646-0216,Shimomisu,Wakayama Ken,43,Tanabe Shi,1850706,,,33.736,135.4198,,shimomisu
JP,Japan,Japón,646-0217,Shiroyamadai,Wakayama Ken,43,Tanabe Shi,1850706,,,33.727,135.4271,,shiroyamadai
JP,Japan,Japón,646-0292,Shimomisu,Wakayama Ken,43,Tanabe Shi,1850706,,,33.7267,135.4275,,shimomisu
JP,Japan,Japón,646-1101,Ayukawa,Wakayama Ken,43,Tanabe Shi,1850706,,,33.7306,135.5166,,ayukawa
JP,Japan,Japón,646-1192,Ayukawa,Wakayama Ken,43,Tanabe Shi,1850706,,,33.7306,135.5166,,ayukawa
JP,Japan,Japón,646-1211,Wada,Wakayama Ken,43,Tanabe Shi,1850706,,,33.7824,135.6328,,wada
JP,Japan,Japón,646-1212,Shimogawakami,Wakayama Ken,43,Tanabe Shi,1850706,,,33.7545,135.6429,,shimogawakami
JP,Japan,Japón,646-1213,Shimogawashimo,Wakayama Ken,43,Tanabe Shi,1850706,,,33.747,135.5719,,shimogawashimo
JP,Japan,Japón,646-1214,Hirase,Wakayama Ken,43,Tanabe Shi,1850706,,,33.7738,135.5918,,hirase
JP,Japan,Japón,646-1321,Iya,Wakayama Ken,43,Tanabe Shi,1850706,,,33.713,135.619,,iya
JP,Japan,Japón,646-1322,Mengawa,Wakayama Ken,43,Tanabe Shi,1850706,,,33.6902,135.5967,,mengawa
JP,Japan,Japón,646-1323,Mukaiyama,Wakayama Ken,43,Tanabe Shi,1850706,,,33.704,135.5729,,mukaiyama
JP,Japan,Japón,646-1324,Takenotaira,Wakayama Ken,43,Tanabe Shi,1850706,,,33.6939,135.5594,,takenotaira
JP,Japan,Japón,646-1325,Kodani,Wakayama Ken,43,Tanabe Shi,1850706,,,33.6953,135.5385,,kodani
JP,Japan,Japón,646-1326,Fukatani,Wakayama Ken,43,Tanabe Shi,1850706,,,33.7124,135.5434,,fukatani
JP,Japan,Japón,646-1331,Komori,Wakayama Ken,43,Tanabe Shi,1850706,,,33.7086,135.6605,,komori
JP,Japan,Japón,646-1332,Gomi,Wakayama Ken,43,Tanabe Shi,1850706,,,33.6736,135.6345,,gomi
JP,Japan,Japón,646-1333,Higashifudono,Wakayama Ken,43,Tanabe Shi,1850706,,,33.6602,135.6194,,higashifudono
JP,Japan,Japón,646-1334,Kugawa,Wakayama Ken,43,Tanabe Shi,1850706,,,33.6607,135.5977,,kugawa
JP,Japan,Japón,646-1335,Kushi,Wakayama Ken,43,Tanabe Shi,1850706,,,33.6659,135.5875,,kushi
JP,Japan,Japón,646-1336,Taninokuchi,Wakayama Ken,43,Tanabe Shi,1850706,,,33.6704,135.5796,,taninokuchi
JP,Japan,Japón,646-1337,Shimotsuyu,Wakayama Ken,43,Tanabe Shi,1850706,,,33.6754,135.5657,,shimotsuyu
JP,Japan,Japón,646-1338,Gogawa,Wakayama Ken,43,Tanabe Shi,1850706,,,33.6891,135.5741,,gogawa
JP,Japan,Japón,646-1339,Nagase,Wakayama Ken,43,Tanabe Shi,1850706,,,33.6564,135.6083,,nagase
JP,Japan,Japón,646-1401,Nakahechicho Nonaka,Wakayama Ken,43,Tanabe Shi,1850706,,,33.7042,135.5871,,nakahechicho-nonaka
JP,Japan,Japón,646-1402,Nakahechicho Chikatsuyu,Wakayama Ken,43,Tanabe Shi,1850706,,,33.7042,135.5871,,nakahechicho-chikatsuyu
JP,Japan,Japón,646-1411,Nakahechicho Ouchigawa,Wakayama Ken,43,Tanabe Shi,1850706,,,33.7042,135.5871,,nakahechicho-ouchigawa
JP,Japan,Japón,646-1412,Nakahechicho Ishiburi,Wakayama Ken,43,Tanabe Shi,1850706,,,33.7042,135.5871,,nakahechicho-ishiburi
JP,Japan,Japón,646-1413,Nakahechicho Hokusogi,Wakayama Ken,43,Tanabe Shi,1850706,,,33.7042,135.5871,,nakahechicho-hokusogi
JP,Japan,Japón,646-1414,Nakahechicho Nishidani,Wakayama Ken,43,Tanabe Shi,1850706,,,33.7042,135.5871,,nakahechicho-nishidani
JP,Japan,Japón,646-1415,Nakahechicho Manago,Wakayama Ken,43,Tanabe Shi,1850706,,,33.7042,135.5871,,nakahechicho-manago
JP,Japan,Japón,646-1416,Nakahechicho Takahara,Wakayama Ken,43,Tanabe Shi,1850706,,,33.7042,135.5871,,nakahechicho-takahara
JP,Japan,Japón,646-1417,Nakahechicho Kawai,Wakayama Ken,43,Tanabe Shi,1850706,,,33.7042,135.5871,,nakahechicho-kawai
JP,Japan,Japón,646-1421,Nakahechicho Kurisugawa,Wakayama Ken,43,Tanabe Shi,1850706,,,33.7042,135.5871,,nakahechicho-kurisugawa
JP,Japan,Japón,646-1431,Nakahechicho Komatsubara,Wakayama Ken,43,Tanabe Shi,1850706,,,33.7042,135.5871,,nakahechicho-komatsubara
JP,Japan,Japón,646-1432,Nakahechicho Fukusada,Wakayama Ken,43,Tanabe Shi,1850706,,,33.7042,135.5871,,nakahechicho-fukusada
JP,Japan,Japón,646-1433,Nakahechicho Okawa,Wakayama Ken,43,Tanabe Shi,1850706,,,33.7042,135.5871,,nakahechicho-okawa
JP,Japan,Japón,646-1434,Nakahechicho Nurumigawa,Wakayama Ken,43,Tanabe Shi,1850706,,,33.7042,135.5871,,nakahechicho-nurumigawa
JP,Japan,Japón,646-1435,Nakahechicho Kokai,Wakayama Ken,43,Tanabe Shi,1850706,,,33.7042,135.5871,,nakahechicho-kokai
JP,Japan,Japón,646-1436,Nakahechicho Kumanogawa,Wakayama Ken,43,Tanabe Shi,1850706,,,33.7042,135.5871,,nakahechicho-kumanogawa
JP,Japan,Japón,646-1437,Nakahechicho Sawa,Wakayama Ken,43,Tanabe Shi,1850706,,,33.7042,135.5871,,nakahechicho-sawa
JP,Japan,Japón,646-1438,Nakahechicho Mizukami,Wakayama Ken,43,Tanabe Shi,1850706,,,33.7042,135.5871,,nakahechicho-mizukami
JP,Japan,Japón,646-1439,Nakahechicho Uchiigawa,Wakayama Ken,43,Tanabe Shi,1850706,,,33.7042,135.5871,,nakahechicho-uchiigawa
JP,Japan,Japón,646-1492,田辺市　中辺路行政局,Wakayama Ken,43,Tanabe Shi,1850706,,,33.7042,135.5871,,
JP,Japan,Japón,646-8501,Motomachi,Wakayama Ken,43,Tanabe Shi,1850706,,,33.8273,135.5779,,motomachi
JP,Japan,Japón,646-8511,Hayacho,Wakayama Ken,43,Tanabe Shi,1850706,,,33.8273,135.5779,,hayacho
JP,Japan,Japón,646-8544,Motomachi,Wakayama Ken,43,Tanabe Shi,1850706,,,33.8273,135.5779,,motomachi
JP,Japan,Japón,646-8545,Shinyashikicho,Wakayama Ken,43,Tanabe Shi,1850706,,,33.8273,135.5779,,shinyashikicho
JP,Japan,Japón,646-8550,Motomachi,Wakayama Ken,43,Tanabe Shi,1850706,,,33.8273,135.5779,,motomachi
JP,Japan,Japón,646-8558,Takinaicho,Wakayama Ken,43,Tanabe Shi,1850706,,,33.8273,135.5779,,takinaicho
JP,Japan,Japón,646-8580,Asahigaoka,Wakayama Ken,43,Tanabe Shi,1850706,,,33.8273,135.5779,,asahigaoka
JP,Japan,Japón,646-8585,Kamiyashikimachi,Wakayama Ken,43,Tanabe Shi,1850706,,,33.8273,135.5779,,kamiyashikimachi
JP,Japan,Japón,646-8588,Shinjocho,Wakayama Ken,43,Tanabe Shi,1850706,,,33.8273,135.5779,,shinjocho
JP,Japan,Japón,646-8660,Akizucho,Wakayama Ken,43,Tanabe Shi,1850706,,,33.8273,135.5779,,akizucho
JP,Japan,Japón,647-1701,Hongucho Kotsuga,Wakayama Ken,43,Tanabe Shi,1850706,,,33.7319,135.9135,,hongucho-kotsuga
JP,Japan,Japón,647-1702,Hongucho Otsuga,Wakayama Ken,43,Tanabe Shi,1850706,,,33.7319,135.9135,,hongucho-otsuga
JP,Japan,Japón,647-1703,Hongucho Ukegawa,Wakayama Ken,43,Tanabe Shi,1850706,,,33.7319,135.9135,,hongucho-ukegawa
JP,Japan,Japón,647-1704,Hongucho Mimiuchi,Wakayama Ken,43,Tanabe Shi,1850706,,,33.7319,135.9135,,hongucho-mimiuchi
JP,Japan,Japón,647-1705,Hongucho Takayama,Wakayama Ken,43,Tanabe Shi,1850706,,,33.7319,135.9135,,hongucho-takayama
JP,Japan,Japón,647-1711,Hongucho Minasegawa,Wakayama Ken,43,Tanabe Shi,1850706,,,33.7319,135.9135,,hongucho-minasegawa
JP,Japan,Japón,647-1712,Hongucho Tashiro,Wakayama Ken,43,Tanabe Shi,1850706,,,33.7319,135.9135,,hongucho-tashiro
JP,Japan,Japón,647-1713,Hongucho Minodani,Wakayama Ken,43,Tanabe Shi,1850706,,,33.7319,135.9135,,hongucho-minodani
JP,Japan,Japón,647-1714,Hongucho Shizukawa,Wakayama Ken,43,Tanabe Shi,1850706,,,33.7319,135.9135,,hongucho-shizukawa
JP,Japan,Japón,647-1715,Hongucho Higashiwada,Wakayama Ken,43,Tanabe Shi,1850706,,,33.7319,135.9135,,hongucho-higashiwada
JP,Japan,Japón,647-1716,Hongucho Kamiono,Wakayama Ken,43,Tanabe Shi,1850706,,,33.7319,135.9135,,hongucho-kamiono
JP,Japan,Japón,647-1717,Hongucho Kawayu,Wakayama Ken,43,Tanabe Shi,1850706,,,33.7319,135.9135,,hongucho-kawayu
JP,Japan,Japón,647-1721,Hongucho Hiba,Wakayama Ken,43,Tanabe Shi,1850706,,,33.7319,135.9135,,hongucho-hiba
JP,Japan,Japón,647-1722,Hongucho Kogomori,Wakayama Ken,43,Tanabe Shi,1850706,,,33.7319,135.9135,,hongucho-kogomori
JP,Japan,Japón,647-1723,Hongucho Minachi,Wakayama Ken,43,Tanabe Shi,1850706,,,33.7319,135.9135,,hongucho-minachi
JP,Japan,Japón,647-1724,Hongucho Nodake,Wakayama Ken,43,Tanabe Shi,1850706,,,33.7319,135.9135,,hongucho-nodake
JP,Japan,Japón,647-1725,Hongucho Oze,Wakayama Ken,43,Tanabe Shi,1850706,,,33.7319,135.9135,,hongucho-oze
JP,Japan,Japón,647-1726,Hongucho Buju,Wakayama Ken,43,Tanabe Shi,1850706,,,33.7319,135.9135,,hongucho-buju
JP,Japan,Japón,647-1731,Hongucho Hongu,Wakayama Ken,43,Tanabe Shi,1850706,,,33.7319,135.9135,,hongucho-hongu
JP,Japan,Japón,647-1732,Hongucho Yunomine,Wakayama Ken,43,Tanabe Shi,1850706,,,33.7319,135.9135,,hongucho-yunomine
JP,Japan,Japón,647-1733,Hongucho Wataze,Wakayama Ken,43,Tanabe Shi,1850706,,,33.7319,135.9135,,hongucho-wataze
JP,Japan,Japón,647-1734,Hongucho Shimoyukawa,Wakayama Ken,43,Tanabe Shi,1850706,,,33.7319,135.9135,,hongucho-shimoyukawa
JP,Japan,Japón,647-1735,Hongucho Magarikawa,Wakayama Ken,43,Tanabe Shi,1850706,,,33.7319,135.9135,,hongucho-magarikawa
JP,Japan,Japón,647-1736,Hongucho Kubono,Wakayama Ken,43,Tanabe Shi,1850706,,,33.7319,135.9135,,hongucho-kubono
JP,Japan,Japón,647-1741,Hongucho Oi,Wakayama Ken,43,Tanabe Shi,1850706,,,33.7319,135.9135,,hongucho-oi
JP,Japan,Japón,647-1742,Hongucho Ippommatsu,Wakayama Ken,43,Tanabe Shi,1850706,,,33.7319,135.9135,,hongucho-ippommatsu
JP,Japan,Japón,647-1743,Hongucho Fushiogami,Wakayama Ken,43,Tanabe Shi,1850706,,,33.7319,135.9135,,hongucho-fushiogami
JP,Japan,Japón,647-1744,Hongucho Mikoshi,Wakayama Ken,43,Tanabe Shi,1850706,,,33.7319,135.9135,,hongucho-mikoshi
JP,Japan,Japón,647-1751,Hongucho Kamikiribara,Wakayama Ken,43,Tanabe Shi,1850706,,,33.7319,135.9135,,hongucho-kamikiribara
JP,Japan,Japón,647-1752,Hongucho Kirihata,Wakayama Ken,43,Tanabe Shi,1850706,,,33.7319,135.9135,,hongucho-kirihata
JP,Japan,Japón,647-1753,Hongucho Tsuchigoya,Wakayama Ken,43,Tanabe Shi,1850706,,,33.7319,135.9135,,hongucho-tsuchigoya
JP,Japan,Japón,647-1792,田辺市　本宮行政局,Wakayama Ken,43,Tanabe Shi,1850706,,,33.7319,135.9135,,
JP,Japan,Japón,647-0000,Shingu Shi,Wakayama Ken,43,Shingu Shi,1852105,,,33.7334,135.98,,shingu-shi
JP,Japan,Japón,647-0001,Aisuji,Wakayama Ken,43,Shingu Shi,1852105,,,33.7334,135.98,,aisuji
JP,Japan,Japón,647-0002,Funamachi,Wakayama Ken,43,Shingu Shi,1852105,,,33.7334,135.98,,funamachi
JP,Japan,Japón,647-0003,Kamihommachi,Wakayama Ken,43,Shingu Shi,1852105,,,33.7334,135.98,,kamihommachi
JP,Japan,Japón,647-0004,Ohashidori,Wakayama Ken,43,Shingu Shi,1852105,,,33.7334,135.98,,ohashidori
JP,Japan,Japón,647-0005,Motokajicho,Wakayama Ken,43,Shingu Shi,1852105,,,33.7334,135.98,,motokajicho
JP,Japan,Japón,647-0006,Yakushimachi,Wakayama Ken,43,Shingu Shi,1852105,,,33.7295,135.9854,,yakushimachi
JP,Japan,Japón,647-0007,Bettoyashikicho,Wakayama Ken,43,Shingu Shi,1852105,,,33.7287,135.9855,,bettoyashikicho
JP,Japan,Japón,647-0008,Umamachi,Wakayama Ken,43,Shingu Shi,1852105,,,33.7334,135.98,,umamachi
JP,Japan,Japón,647-0010,Tankaku,Wakayama Ken,43,Shingu Shi,1852105,,,33.7257,135.99,,tankaku
JP,Japan,Japón,647-0011,Shimohommachi,Wakayama Ken,43,Shingu Shi,1852105,,,33.7257,135.99,,shimohommachi
JP,Japan,Japón,647-0012,Isadacho,Wakayama Ken,43,Shingu Shi,1852105,,,33.7257,135.99,,isadacho
JP,Japan,Japón,647-0013,Kasuga,Wakayama Ken,43,Shingu Shi,1852105,,,33.7256,135.9926,,kasuga
JP,Japan,Japón,647-0014,Ukijima,Wakayama Ken,43,Shingu Shi,1852105,,,33.7258,135.9906,,ukijima
JP,Japan,Japón,647-0015,Chiho,Wakayama Ken,43,Shingu Shi,1852105,,,33.7256,135.9869,,chiho
JP,Japan,Japón,647-0016,Taniojicho,Wakayama Ken,43,Shingu Shi,1852105,,,33.7276,135.9894,,taniojicho
JP,Japan,Japón,647-0017,Yokomachi,Wakayama Ken,43,Shingu Shi,1852105,,,33.7257,135.99,,yokomachi
JP,Japan,Japón,647-0018,Nakanocho,Wakayama Ken,43,Shingu Shi,1852105,,,33.7257,135.99,,nakanocho
JP,Japan,Japón,647-0019,Shimmachi,Wakayama Ken,43,Shingu Shi,1852105,,,33.7257,135.99,,shimmachi
JP,Japan,Japón,647-0020,Jofuku,Wakayama Ken,43,Shingu Shi,1852105,,,33.7256,135.9951,,jofuku
JP,Japan,Japón,647-0021,Ikeda,Wakayama Ken,43,Shingu Shi,1852105,,,33.728,135.9954,,ikeda
JP,Japan,Japón,647-0022,Asuka,Wakayama Ken,43,Shingu Shi,1852105,,,33.7274,135.9971,,asuka
JP,Japan,Japón,647-0023,Horai,Wakayama Ken,43,Shingu Shi,1852105,,,33.7251,135.9985,,horai
JP,Japan,Japón,647-0024,Kumanoji,Wakayama Ken,43,Shingu Shi,1852105,,,33.7231,136.0018,,kumanoji
JP,Japan,Japón,647-0025,Akebono,Wakayama Ken,43,Shingu Shi,1852105,,,33.7245,136.0065,,akebono
JP,Japan,Japón,647-0031,Tazuharacho,Wakayama Ken,43,Shingu Shi,1852105,,,33.7209,135.9994,,tazuharacho
JP,Japan,Japón,647-0032,Ojicho,Wakayama Ken,43,Shingu Shi,1852105,,,33.7185,136.0026,,ojicho
JP,Japan,Japón,647-0033,Shimizumoto,Wakayama Ken,43,Shingu Shi,1852105,,,33.7182,135.9977,,shimizumoto
JP,Japan,Japón,647-0034,Maruyama,Wakayama Ken,43,Shingu Shi,1852105,,,33.7228,135.9966,,maruyama
JP,Japan,Japón,647-0041,Noda,Wakayama Ken,43,Shingu Shi,1852105,,,33.723,135.9931,,noda
JP,Japan,Japón,647-0042,Shimoda,Wakayama Ken,43,Shingu Shi,1852105,,,33.7179,135.9935,,shimoda
JP,Japan,Japón,647-0043,Midorigaoka,Wakayama Ken,43,Shingu Shi,1852105,,,33.72,135.9911,,midorigaoka
JP,Japan,Japón,647-0044,Kamikura,Wakayama Ken,43,Shingu Shi,1852105,,,33.7222,135.9863,,kamikura
JP,Japan,Japón,647-0045,Inosawa,Wakayama Ken,43,Shingu Shi,1852105,,,33.7233,135.9904,,inosawa
JP,Japan,Japón,647-0051,Iwatate,Wakayama Ken,43,Shingu Shi,1852105,,,33.7205,135.9818,,iwatate
JP,Japan,Japón,647-0052,Hashimoto,Wakayama Ken,43,Shingu Shi,1852105,,,33.7159,135.9879,,hashimoto
JP,Japan,Japón,647-0053,Goshin,Wakayama Ken,43,Shingu Shi,1852105,,,33.7184,135.9839,,goshin
JP,Japan,Japón,647-0054,Minamihizue,Wakayama Ken,43,Shingu Shi,1852105,,,33.7183,135.9621,,minamihizue
JP,Japan,Japón,647-0061,Miwasaki,Wakayama Ken,43,Shingu Shi,1852105,,,33.6978,135.9845,,miwasaki
JP,Japan,Japón,647-0071,Sano,Wakayama Ken,43,Shingu Shi,1852105,,,33.6971,135.9568,,sano
JP,Japan,Japón,647-0072,Hachibuse,Wakayama Ken,43,Shingu Shi,1852105,,,33.6842,135.9627,,hachibuse
JP,Japan,Japón,647-0073,Kinokawa,Wakayama Ken,43,Shingu Shi,1852105,,,33.6866,135.9462,,kinokawa
JP,Japan,Japón,647-0081,Shingu,Wakayama Ken,43,Shingu Shi,1852105,,,33.7162,135.9819,,shingu
JP,Japan,Japón,647-1101,Takata,Wakayama Ken,43,Shingu Shi,1852105,,,33.7301,135.8947,,takata
JP,Japan,Japón,647-1102,Oga,Wakayama Ken,43,Shingu Shi,1852105,,,33.7338,135.9324,,oga
JP,Japan,Japón,647-1103,Minamihizue(Tsuchinoko),Wakayama Ken,43,Shingu Shi,1852105,,,33.7319,135.9135,,minamihizue-tsuchinoko
JP,Japan,Japón,647-1201,Kumanogawacho Kaminagai,Wakayama Ken,43,Shingu Shi,1852105,,,33.7319,135.9135,,kumanogawacho-kaminagai
JP,Japan,Japón,647-1202,Kumanogawacho Higashi,Wakayama Ken,43,Shingu Shi,1852105,,,33.7319,135.9135,,kumanogawacho-higashi
JP,Japan,Japón,647-1203,Kumanogawacho Oyama,Wakayama Ken,43,Shingu Shi,1852105,,,33.7319,135.9135,,kumanogawacho-oyama
JP,Japan,Japón,647-1204,Kumanogawacho Kamazuka,Wakayama Ken,43,Shingu Shi,1852105,,,33.7319,135.9135,,kumanogawacho-kamazuka
JP,Japan,Japón,647-1205,Kumanogawacho Takimoto,Wakayama Ken,43,Shingu Shi,1852105,,,33.7319,135.9135,,kumanogawacho-takimoto
JP,Japan,Japón,647-1206,Kumanogawacho Nishi,Wakayama Ken,43,Shingu Shi,1852105,,,33.7319,135.9135,,kumanogawacho-nishi
JP,Japan,Japón,647-1207,Kumanogawacho Unehata,Wakayama Ken,43,Shingu Shi,1852105,,,33.7319,135.9135,,kumanogawacho-unehata
JP,Japan,Japón,647-1211,Kumanogawacho Hitari,Wakayama Ken,43,Shingu Shi,1852105,,,33.7319,135.9135,,kumanogawacho-hitari
JP,Japan,Japón,647-1212,Kumanogawacho Tanago,Wakayama Ken,43,Shingu Shi,1852105,,,33.7319,135.9135,,kumanogawacho-tanago
JP,Japan,Japón,647-1213,Kumanogawacho Nokiyamamoto,Wakayama Ken,43,Shingu Shi,1852105,,,33.7319,135.9135,,kumanogawacho-nokiyamamoto
JP,Japan,Japón,647-1214,Kumanogawacho Akagi,Wakayama Ken,43,Shingu Shi,1852105,,,33.7319,135.9135,,kumanogawacho-akagi
JP,Japan,Japón,647-1215,Kumanogawacho Mukunoi,Wakayama Ken,43,Shingu Shi,1852105,,,33.7319,135.9135,,kumanogawacho-mukunoi
JP,Japan,Japón,647-1216,Kumanogawacho Aisu,Wakayama Ken,43,Shingu Shi,1852105,,,33.7319,135.9135,,kumanogawacho-aisu
JP,Japan,Japón,647-1221,Kumanogawacho Nishishikiya,Wakayama Ken,43,Shingu Shi,1852105,,,33.7319,135.9135,,kumanogawacho-nishishikiya
JP,Japan,Japón,647-1222,Kumanogawacho Higashishikiya,Wakayama Ken,43,Shingu Shi,1852105,,,33.7319,135.9135,,kumanogawacho-higashishikiya
JP,Japan,Japón,647-1223,Kumanogawacho Sasabi,Wakayama Ken,43,Shingu Shi,1852105,,,33.7319,135.9135,,kumanogawacho-sasabi
JP,Japan,Japón,647-1231,Kumanogawacho Tamakiguchi,Wakayama Ken,43,Shingu Shi,1852105,,,33.7319,135.9135,,kumanogawacho-tamakiguchi
JP,Japan,Japón,647-1232,Kumanogawacho Shimazu,Wakayama Ken,43,Shingu Shi,1852105,,,33.7319,135.9135,,kumanogawacho-shimazu
JP,Japan,Japón,647-1233,Kumanogawacho Kuju,Wakayama Ken,43,Shingu Shi,1852105,,,33.7319,135.9135,,kumanogawacho-kuju
JP,Japan,Japón,647-1234,Kumanogawacho Shitaki,Wakayama Ken,43,Shingu Shi,1852105,,,33.7319,135.9135,,kumanogawacho-shitaki
JP,Japan,Japón,647-1235,Kumanogawacho Miyai,Wakayama Ken,43,Shingu Shi,1852105,,,33.7319,135.9135,,kumanogawacho-miyai
JP,Japan,Japón,647-1294,新宮市役所　熊野川行政局,Wakayama Ken,43,Shingu Shi,1852105,,,33.7319,135.9135,,
JP,Japan,Japón,647-8551,Midorigaoka,Wakayama Ken,43,Shingu Shi,1852105,,,33.7666,135.8586,,midorigaoka
JP,Japan,Japón,647-8555,Kasuga,Wakayama Ken,43,Shingu Shi,1852105,,,33.7666,135.8586,,kasuga
JP,Japan,Japón,646-0301,Ichikano,Wakayama Ken,43,"Nishimuro Gun ",1855225," Shirahama Cho",30401,33.6657,135.5396,4,ichikano
JP,Japan,Japón,646-0302,Kozuyu,Wakayama Ken,43,"Nishimuro Gun ",1855225," Shirahama Cho",30401,33.654,135.5698,,kozuyu
JP,Japan,Japón,646-0303,Ose,Wakayama Ken,43,"Nishimuro Gun ",1855225," Shirahama Cho",30401,33.6459,135.583,,ose
JP,Japan,Japón,646-0304,Takegaito,Wakayama Ken,43,"Nishimuro Gun ",1855225," Shirahama Cho",30401,33.6383,135.6168,,takegaito
JP,Japan,Japón,646-0305,Kitadani,Wakayama Ken,43,"Nishimuro Gun ",1855225," Shirahama Cho",30401,33.64,135.5577,,kitadani
JP,Japan,Japón,646-0311,Obusa,Wakayama Ken,43,"Nishimuro Gun ",1855225," Shirahama Cho",30401,33.6691,135.521,,obusa
JP,Japan,Japón,646-0312,O,Wakayama Ken,43,"Nishimuro Gun ",1855225," Shirahama Cho",30401,33.6482,135.5082,,o
JP,Japan,Japón,646-0313,Tamade,Wakayama Ken,43,"Nishimuro Gun ",1855225," Shirahama Cho",30401,33.679,135.5159,,tamade
JP,Japan,Japón,646-0314,Satodani,Wakayama Ken,43,"Nishimuro Gun ",1855225," Shirahama Cho",30401,33.6848,135.5298,,satodani
JP,Japan,Japón,649-2100,Kamitonda Cho,Wakayama Ken,43,"Nishimuro Gun ",1855225," Kamitonda Cho",30404,33.699,135.4051,,kamitonda-cho
JP,Japan,Japón,649-2101,Oka,Wakayama Ken,43,"Nishimuro Gun ",1855225," Kamitonda Cho",30404,33.7395,135.455,,oka
JP,Japan,Japón,649-2102,Iwada,Wakayama Ken,43,"Nishimuro Gun ",1855225," Kamitonda Cho",30404,33.711,135.4387,4,iwada
JP,Japan,Japón,649-2103,Ikuma,Wakayama Ken,43,"Nishimuro Gun ",1855225," Kamitonda Cho",30404,33.686,135.4591,,ikuma
JP,Japan,Japón,649-2104,Iwasaki,Wakayama Ken,43,"Nishimuro Gun ",1855225," Kamitonda Cho",30404,33.6859,135.4081,,iwasaki
JP,Japan,Japón,649-2105,Asso,Wakayama Ken,43,"Nishimuro Gun ",1855225," Kamitonda Cho",30404,33.7055,135.416,4,asso
JP,Japan,Japón,649-2106,Nankinodai,Wakayama Ken,43,"Nishimuro Gun ",1855225," Kamitonda Cho",30404,33.6996,135.4048,,nankinodai
JP,Japan,Japón,649-2107,Ichinose,Wakayama Ken,43,"Nishimuro Gun ",1855225," Kamitonda Cho",30404,33.7266,135.4672,,ichinose
JP,Japan,Japón,649-2108,Shimoayukawa,Wakayama Ken,43,"Nishimuro Gun ",1855225," Kamitonda Cho",30404,33.722,135.4783,,shimoayukawa
JP,Japan,Japón,649-2192,Asso,Wakayama Ken,43,"Nishimuro Gun ",1855225,Kamitonda-chō,30404,33.699,135.4051,,asso
JP,Japan,Japón,649-2193,Iwada,Wakayama Ken,43,"Nishimuro Gun ",1855225,Kamitonda-chō,30404,33.699,135.4051,,iwada
JP,Japan,Japón,649-2195,Asso,Wakayama Ken,43,"Nishimuro Gun ",1855225,Kamitonda-chō,30404,33.699,135.4051,,asso
JP,Japan,Japón,649-2198,Iwada,Wakayama Ken,43,"Nishimuro Gun ",1855225,Kamitonda-chō,30404,33.699,135.4051,,iwada
JP,Japan,Japón,649-2200,Shirahama Cho,Wakayama Ken,43,"Nishimuro Gun ",1855225," Shirahama Cho",30401,33.6767,135.3822,,shirahama-cho
JP,Japan,Japón,649-2201,Katata,Wakayama Ken,43,"Nishimuro Gun ",1855225," Shirahama Cho",30401,33.6767,135.3822,,katata
JP,Japan,Japón,649-2211,Shirahamachonotsuginibanchigakuruba,Wakayama Ken,43,"Nishimuro Gun ",1855225," Shirahama Cho",30401,33.6767,135.3822,,shirahamachonotsuginibanchigakuruba
JP,Japan,Japón,649-2321,Horo,Wakayama Ken,43,"Nishimuro Gun ",1855225," Shirahama Cho",30401,33.679,135.4225,,horo
JP,Japan,Japón,649-2322,Uchinokawa,Wakayama Ken,43,"Nishimuro Gun ",1855225," Shirahama Cho",30401,33.6725,135.4147,,uchinokawa
JP,Japan,Japón,649-2323,Shagawa,Wakayama Ken,43,"Nishimuro Gun ",1855225," Shirahama Cho",30401,33.6608,135.434,,shagawa
JP,Japan,Japón,649-2324,Tsuzurafuchi,Wakayama Ken,43,"Nishimuro Gun ",1855225," Shirahama Cho",30401,33.6438,135.4366,,tsuzurafuchi
JP,Japan,Japón,649-2325,Tonda,Wakayama Ken,43,"Nishimuro Gun ",1855225," Shirahama Cho",30401,33.6333,135.4063,4,tonda
JP,Japan,Japón,649-2326,Tsubaki,Wakayama Ken,43,"Nishimuro Gun ",1855225," Shirahama Cho",30401,33.6118,135.4076,4,tsubaki
JP,Japan,Japón,649-2331,Taira,Wakayama Ken,43,"Nishimuro Gun ",1855225," Shirahama Cho",30401,33.6714,135.4001,,taira
JP,Japan,Japón,649-2332,Sakae,Wakayama Ken,43,"Nishimuro Gun ",1855225," Shirahama Cho",30401,33.6535,135.3955,4,sakae
JP,Japan,Japón,649-2333,Naka,Wakayama Ken,43,"Nishimuro Gun ",1855225," Shirahama Cho",30401,33.6475,135.3893,,naka
JP,Japan,Japón,649-2334,Saino,Wakayama Ken,43,"Nishimuro Gun ",1855225," Shirahama Cho",30401,33.6598,135.382,,saino
JP,Japan,Japón,649-2511,Hiki,Wakayama Ken,43,"Nishimuro Gun ",1855225," Shirahama Cho",30401,33.5758,135.4344,4,hiki
JP,Japan,Japón,649-2521,Ofuru,Wakayama Ken,43,"Nishimuro Gun ",1855225," Shirahama Cho",30401,33.5763,135.4558,,ofuru
JP,Japan,Japón,649-2522,Yata,Wakayama Ken,43,"Nishimuro Gun ",1855225," Shirahama Cho",30401,33.588,135.462,,yata
JP,Japan,Japón,649-2523,Tanoi,Wakayama Ken,43,"Nishimuro Gun ",1855225," Shirahama Cho",30401,33.603,135.4349,,tanoi
JP,Japan,Japón,649-2524,Atagi,Wakayama Ken,43,"Nishimuro Gun ",1855225," Shirahama Cho",30401,33.5797,135.4734,,atagi
JP,Japan,Japón,649-2525,Shiono,Wakayama Ken,43,"Nishimuro Gun ",1855225," Shirahama Cho",30401,33.5595,135.4651,,shiono
JP,Japan,Japón,649-2531,Kuchigatani,Wakayama Ken,43,"Nishimuro Gun ",1855225," Shirahama Cho",30401,33.6039,135.4658,,kuchigatani
JP,Japan,Japón,649-2532,Ago,Wakayama Ken,43,"Nishimuro Gun ",1855225," Shirahama Cho",30401,33.6099,135.4805,4,ago
JP,Japan,Japón,649-2533,Nakajima,Wakayama Ken,43,"Nishimuro Gun ",1855225," Shirahama Cho",30401,33.6228,135.4861,,nakajima
JP,Japan,Japón,649-2534,Terayama,Wakayama Ken,43,"Nishimuro Gun ",1855225," Shirahama Cho",30401,33.6177,135.473,,terayama
JP,Japan,Japón,649-2535,Mukaidaira,Wakayama Ken,43,"Nishimuro Gun ",1855225," Shirahama Cho",30401,33.6272,135.4675,,mukaidaira
JP,Japan,Japón,649-2536,Hisagi,Wakayama Ken,43,"Nishimuro Gun ",1855225," Shirahama Cho",30401,33.6489,135.4665,,hisagi
JP,Japan,Japón,649-2537,Utsugi,Wakayama Ken,43,"Nishimuro Gun ",1855225," Shirahama Cho",30401,33.6567,135.4933,,utsugi
JP,Japan,Japón,649-2538,Kogawa,Wakayama Ken,43,"Nishimuro Gun ",1855225," Shirahama Cho",30401,33.6291,135.5032,,kogawa
JP,Japan,Japón,649-2539,Jo,Wakayama Ken,43,"Nishimuro Gun ",1855225," Shirahama Cho",30401,33.6224,135.5183,,jo
JP,Japan,Japón,649-2600,Susami Cho,Wakayama Ken,43,"Nishimuro Gun ",1855225," Susami Cho",30406,33.6019,135.56,,susami-cho
JP,Japan,Japón,649-2601,Kotsuki,Wakayama Ken,43,"Nishimuro Gun ",1855225," Susami Cho",30406,33.6154,135.5563,,kotsuki
JP,Japan,Japón,649-2602,Otsuki,Wakayama Ken,43,"Nishimuro Gun ",1855225," Susami Cho",30406,33.6074,135.571,,otsuki
JP,Japan,Japón,649-2603,Okauchi,Wakayama Ken,43,"Nishimuro Gun ",1855225," Susami Cho",30406,33.5638,135.5813,,okauchi
JP,Japan,Japón,649-2604,Yanokuchi,Wakayama Ken,43,"Nishimuro Gun ",1855225," Susami Cho",30406,33.6209,135.5315,4,yanokuchi
JP,Japan,Japón,649-2611,Wabukagawa,Wakayama Ken,43,"Nishimuro Gun ",1855225," Susami Cho",30406,33.536,135.5485,,wabukagawa
JP,Japan,Japón,649-2612,Kuchiwabuka,Wakayama Ken,43,"Nishimuro Gun ",1855225," Susami Cho",30406,33.5317,135.5215,,kuchiwabuka
JP,Japan,Japón,649-2621,Susami,Wakayama Ken,43,"Nishimuro Gun ",1855225," Susami Cho",30406,33.5663,135.5239,4,susami
JP,Japan,Japón,649-2631,Taimagawa,Wakayama Ken,43,"Nishimuro Gun ",1855225," Susami Cho",30406,33.5942,135.5038,,taimagawa
JP,Japan,Japón,649-3141,Mirozu,Wakayama Ken,43,"Nishimuro Gun ",1855225," Susami Cho",30406,33.5224,135.5635,4,mirozu
JP,Japan,Japón,649-3142,Esumi,Wakayama Ken,43,"Nishimuro Gun ",1855225," Susami Cho",30406,33.5209,135.6016,4,esumi
JP,Japan,Japón,649-3143,Satono,Wakayama Ken,43,"Nishimuro Gun ",1855225," Susami Cho",30406,33.5166,135.6251,,satono
JP,Japan,Japón,649-3151,Ogama,Wakayama Ken,43,"Nishimuro Gun ",1855225," Susami Cho",30406,33.5488,135.6178,,ogama
JP,Japan,Japón,649-3152,Tsuzura,Wakayama Ken,43,"Nishimuro Gun ",1855225," Susami Cho",30406,33.5602,135.599,,tsuzura
JP,Japan,Japón,649-3153,Otani,Wakayama Ken,43,"Nishimuro Gun ",1855225," Susami Cho",30406,33.5744,135.6168,,otani
JP,Japan,Japón,649-3161,Samotonaka,Wakayama Ken,43,"Nishimuro Gun ",1855225," Susami Cho",30406,33.5933,135.6158,,samotonaka
JP,Japan,Japón,649-3162,Samotoigawa,Wakayama Ken,43,"Nishimuro Gun ",1855225," Susami Cho",30406,33.5822,135.6044,,samotoigawa
JP,Japan,Japón,649-3163,Samotonishikurigaito,Wakayama Ken,43,"Nishimuro Gun ",1855225," Susami Cho",30406,33.6058,135.5926,,samotonishikurigaito
JP,Japan,Japón,649-3164,Samotohigashikurigaito,Wakayama Ken,43,"Nishimuro Gun ",1855225," Susami Cho",30406,33.5914,135.6018,,samotohigashikurigaito
JP,Japan,Japón,649-3165,Samotonakano,Wakayama Ken,43,"Nishimuro Gun ",1855225," Susami Cho",30406,33.6058,135.6153,,samotonakano
JP,Japan,Japón,649-3166,Samotonishinokawa,Wakayama Ken,43,"Nishimuro Gun ",1855225," Susami Cho",30406,33.6088,135.6336,,samotonishinokawa
JP,Japan,Japón,649-3167,Samotohirano,Wakayama Ken,43,"Nishimuro Gun ",1855225," Susami Cho",30406,33.5993,135.633,,samotohirano
JP,Japan,Japón,649-3168,Samotonekura,Wakayama Ken,43,"Nishimuro Gun ",1855225," Susami Cho",30406,33.5935,135.6402,,samotonekura
JP,Japan,Japón,649-3169,Samotofukatani,Wakayama Ken,43,"Nishimuro Gun ",1855225," Susami Cho",30406,33.5953,135.6549,,samotofukatani
JP,Japan,Japón,640-1100,Kimino Cho,Wakayama Ken,43,"Kaiso Gun ",1860774," Kimino Cho",30304,34.1728,135.3268,,kimino-cho
JP,Japan,Japón,640-1101,Nagatani,Wakayama Ken,43,"Kaiso Gun ",1860774," Kimino Cho",30304,34.1845,135.326,4,nagatani
JP,Japan,Japón,640-1102,Shibame,Wakayama Ken,43,"Kaiso Gun ",1860774," Kimino Cho",30304,34.1731,135.329,4,shibame
JP,Japan,Japón,640-1103,Yoshino,Wakayama Ken,43,"Kaiso Gun ",1860774," Kimino Cho",30304,34.1609,135.3255,4,yoshino
JP,Japan,Japón,640-1111,Fukui,Wakayama Ken,43,"Kaiso Gun ",1860774," Kimino Cho",30304,34.1457,135.3264,4,fukui
JP,Japan,Japón,640-1112,Sakamoto,Wakayama Ken,43,"Kaiso Gun ",1860774," Kimino Cho",30304,34.1252,135.3406,4,sakamoto
JP,Japan,Japón,640-1113,Umemoto,Wakayama Ken,43,"Kaiso Gun ",1860774," Kimino Cho",30304,34.1192,135.3335,4,umemoto
JP,Japan,Japón,640-1114,Nakada,Wakayama Ken,43,"Kaiso Gun ",1860774," Kimino Cho",30304,34.1186,135.3189,4,nakada
JP,Japan,Japón,640-1115,Okusasa,Wakayama Ken,43,"Kaiso Gun ",1860774," Kimino Cho",30304,34.1287,135.3132,4,okusasa
JP,Japan,Japón,640-1121,Shimosasa,Wakayama Ken,43,"Kaiso Gun ",1860774," Kimino Cho",30304,34.1499,135.3132,4,shimosasa
JP,Japan,Japón,640-1131,Todoroki,Wakayama Ken,43,"Kaiso Gun ",1860774," Kimino Cho",30304,34.1644,135.31,4,todoroki
JP,Japan,Japón,640-1141,Shobata,Wakayama Ken,43,"Kaiso Gun ",1860774," Kimino Cho",30304,34.1698,135.3018,,shobata
JP,Japan,Japón,640-1192,Todoroki,Wakayama Ken,43,"Kaiso Gun ",1860774,Kimino Chō,30304,34.1476,135.3012,,todoroki
JP,Japan,Japón,640-1201,Kitano,Wakayama Ken,43,"Kaiso Gun ",1860774," Kimino Cho",30304,34.1698,135.4058,,kitano
JP,Japan,Japón,640-1202,Uitani,Wakayama Ken,43,"Kaiso Gun ",1860774," Kimino Cho",30304,34.1619,135.4032,,uitani
JP,Japan,Japón,640-1203,Hananohara,Wakayama Ken,43,"Kaiso Gun ",1860774," Kimino Cho",30304,34.1752,135.3989,4,hananohara
JP,Japan,Japón,640-1204,Minotsuro,Wakayama Ken,43,"Kaiso Gun ",1860774," Kimino Cho",30304,34.1715,135.3859,4,minotsuro
JP,Japan,Japón,640-1205,Makunimiya,Wakayama Ken,43,"Kaiso Gun ",1860774," Kimino Cho",30304,34.1731,135.3794,4,makunimiya
JP,Japan,Japón,640-1206,Minogaito,Wakayama Ken,43,"Kaiso Gun ",1860774," Kimino Cho",30304,34.1739,135.374,,minogaito
JP,Japan,Japón,640-1207,Iseki,Wakayama Ken,43,"Kaiso Gun ",1860774," Kimino Cho",30304,34.1725,135.3665,4,iseki
JP,Japan,Japón,640-1211,Katsurase,Wakayama Ken,43,"Kaiso Gun ",1860774," Kimino Cho",30304,34.1292,135.3977,,katsurase
JP,Japan,Japón,640-1212,Takahata,Wakayama Ken,43,"Kaiso Gun ",1860774," Kimino Cho",30304,34.1388,135.3986,4,takahata
JP,Japan,Japón,640-1213,Akagi,Wakayama Ken,43,"Kaiso Gun ",1860774," Kimino Cho",30304,34.1316,135.3869,,akagi
JP,Japan,Japón,640-1214,Myozoe,Wakayama Ken,43,"Kaiso Gun ",1860774," Kimino Cho",30304,34.1518,135.3979,,myozoe
JP,Japan,Japón,640-1215,Kamataki,Wakayama Ken,43,"Kaiso Gun ",1860774," Kimino Cho",30304,34.1392,135.3823,4,kamataki
JP,Japan,Japón,640-1221,Miogawa,Wakayama Ken,43,"Kaiso Gun ",1860774," Kimino Cho",30304,34.1336,135.3734,,miogawa
JP,Japan,Japón,640-1222,Osumi,Wakayama Ken,43,"Kaiso Gun ",1860774," Kimino Cho",30304,34.147,135.3701,4,osumi
JP,Japan,Japón,640-1223,Tsugawa,Wakayama Ken,43,"Kaiso Gun ",1860774," Kimino Cho",30304,34.1552,135.3765,4,tsugawa
JP,Japan,Japón,640-1231,Agei,Wakayama Ken,43,"Kaiso Gun ",1860774," Kimino Cho",30304,34.1237,135.3678,,agei
JP,Japan,Japón,640-1232,Miroku,Wakayama Ken,43,"Kaiso Gun ",1860774," Kimino Cho",30304,34.1252,135.355,4,miroku
JP,Japan,Japón,640-1233,Minamibata,Wakayama Ken,43,"Kaiso Gun ",1860774," Kimino Cho",30304,34.1321,135.3474,,minamibata
JP,Japan,Japón,640-1234,Yasui,Wakayama Ken,43,"Kaiso Gun ",1860774," Kimino Cho",30304,34.1437,135.3405,4,yasui
JP,Japan,Japón,640-1235,Nonaka,Wakayama Ken,43,"Kaiso Gun ",1860774," Kimino Cho",30304,34.143,135.3494,,nonaka
JP,Japan,Japón,640-1241,Nagatani,Wakayama Ken,43,"Kaiso Gun ",1860774," Kimino Cho",30304,34.1554,135.3568,,nagatani
JP,Japan,Japón,640-1242,Hinoshita,Wakayama Ken,43,"Kaiso Gun ",1860774," Kimino Cho",30304,34.1402,135.3589,,hinoshita
JP,Japan,Japón,640-1243,Konoichiba,Wakayama Ken,43,"Kaiso Gun ",1860774," Kimino Cho",30304,34.1458,135.353,4,konoichiba
JP,Japan,Japón,640-1244,Fukuda,Wakayama Ken,43,"Kaiso Gun ",1860774," Kimino Cho",30304,34.1544,135.3426,4,fukuda
JP,Japan,Japón,640-1251,Kunigihara,Wakayama Ken,43,"Kaiso Gun ",1860774," Kimino Cho",30304,34.1864,135.345,,kunigihara
JP,Japan,Japón,640-1252,Nishino,Wakayama Ken,43,"Kaiso Gun ",1860774," Kimino Cho",30304,34.1759,135.3502,4,nishino
JP,Japan,Japón,640-1253,Higashino,Wakayama Ken,43,"Kaiso Gun ",1860774," Kimino Cho",30304,34.1745,135.3601,,higashino
JP,Japan,Japón,640-1254,Matsuse,Wakayama Ken,43,"Kaiso Gun ",1860774," Kimino Cho",30304,34.1619,135.3401,,matsuse
JP,Japan,Japón,640-1255,Kamataki,Wakayama Ken,43,"Kaiso Gun ",1860774," Kimino Cho",30304,34.1688,135.3392,4,kamataki
JP,Japan,Japón,640-1351,Kachiya,Wakayama Ken,43,"Kaiso Gun ",1860774," Kimino Cho",30304,34.1726,135.4368,4,kachiya
JP,Japan,Japón,640-1352,Tani,Wakayama Ken,43,"Kaiso Gun ",1860774," Kimino Cho",30304,34.1553,135.4265,,tani
JP,Japan,Japón,640-1353,Emmyoji,Wakayama Ken,43,"Kaiso Gun ",1860774," Kimino Cho",30304,34.1674,135.4187,4,emmyoji
JP,Japan,Japón,640-1354,Yogo,Wakayama Ken,43,"Kaiso Gun ",1860774," Kimino Cho",30304,34.1794,135.414,4,yogo
JP,Japan,Japón,640-1361,Naka,Wakayama Ken,43,"Kaiso Gun ",1860774," Kimino Cho",30304,34.1355,135.4242,4,naka
JP,Japan,Japón,640-1362,Takinogawa,Wakayama Ken,43,"Kaiso Gun ",1860774," Kimino Cho",30304,34.1262,135.4325,4,takinogawa
JP,Japan,Japón,640-1363,Ta,Wakayama Ken,43,"Kaiso Gun ",1860774," Kimino Cho",30304,34.1382,135.4183,4,ta
JP,Japan,Japón,640-1364,Sugezawa,Wakayama Ken,43,"Kaiso Gun ",1860774," Kimino Cho",30304,34.138,135.4128,,sugezawa
JP,Japan,Japón,640-1365,Imanishi,Wakayama Ken,43,"Kaiso Gun ",1860774," Kimino Cho",30304,34.1281,135.4094,4,imanishi
JP,Japan,Japón,640-1366,Matsugamine,Wakayama Ken,43,"Kaiso Gun ",1860774," Kimino Cho",30304,34.1332,135.4194,,matsugamine
JP,Japan,Japón,640-1471,Hasemiya,Wakayama Ken,43,"Kaiso Gun ",1860774," Kimino Cho",30304,34.1777,135.4902,4,hasemiya
JP,Japan,Japón,640-1472,Kebarakami,Wakayama Ken,43,"Kaiso Gun ",1860774," Kimino Cho",30304,34.1713,135.4665,4,kebarakami
JP,Japan,Japón,640-1473,Kebaramiya,Wakayama Ken,43,"Kaiso Gun ",1860774," Kimino Cho",30304,34.1634,135.4549,4,kebaramiya
JP,Japan,Japón,640-1474,Kebaranaka,Wakayama Ken,43,"Kaiso Gun ",1860774," Kimino Cho",30304,34.1494,135.4658,4,kebaranaka
JP,Japan,Japón,640-1475,Konishi,Wakayama Ken,43,"Kaiso Gun ",1860774," Kimino Cho",30304,34.1496,135.4467,4,konishi
JP,Japan,Japón,640-1476,Kebarashimo,Wakayama Ken,43,"Kaiso Gun ",1860774," Kimino Cho",30304,34.1381,135.4451,4,kebarashimo
JP,Japan,Japón,640-0441,Nanayama,Wakayama Ken,43,Kainan Shi,1860782,,,34.1913,135.3094,,nanayama
JP,Japan,Japón,640-0442,Harano,Wakayama Ken,43,Kainan Shi,1860782,,,34.1819,135.2996,,harano
JP,Japan,Japón,640-0443,Shimotsuno,Wakayama Ken,43,Kainan Shi,1860782,,,34.1745,135.2943,,shimotsuno
JP,Japan,Japón,640-0451,Takazu,Wakayama Ken,43,Kainan Shi,1860782,,,34.1973,135.2923,,takazu
JP,Japan,Japón,640-0452,Moko,Wakayama Ken,43,Kainan Shi,1860782,,,34.1867,135.2879,,moko
JP,Japan,Japón,640-0453,Nojiri,Wakayama Ken,43,Kainan Shi,1860782,,,34.1753,135.2856,,nojiri
JP,Japan,Japón,640-0454,Betsuin,Wakayama Ken,43,Kainan Shi,1860782,,,34.1713,135.2768,,betsuin
JP,Japan,Japón,640-1161,Nokami Shin,Wakayama Ken,43,Kainan Shi,1860782,,,34.1368,135.2785,,nokami-shin
JP,Japan,Japón,640-1162,Kamidani,Wakayama Ken,43,Kainan Shi,1860782,,,34.1318,135.2842,,kamidani
JP,Japan,Japón,640-1163,Akanuma,Wakayama Ken,43,Kainan Shi,1860782,,,34.1248,135.2821,,akanuma
JP,Japan,Japón,640-1164,Ebitani,Wakayama Ken,43,Kainan Shi,1860782,,,34.1263,135.2706,,ebitani
JP,Japan,Japón,640-1165,Hiyamizu,Wakayama Ken,43,Kainan Shi,1860782,,,34.1377,135.2763,,hiyamizu
JP,Japan,Japón,640-1166,Tsugedani,Wakayama Ken,43,Kainan Shi,1860782,,,34.1475,135.2741,,tsugedani
JP,Japan,Japón,640-1167,Kuhonji,Wakayama Ken,43,Kainan Shi,1860782,,,34.1528,135.2838,,kuhonji
JP,Japan,Japón,640-1171,Nokami Naka,Wakayama Ken,43,Kainan Shi,1860782,,,34.1545,135.283,,nokami-naka
JP,Japan,Japón,640-1172,Mizonokuchi,Wakayama Ken,43,Kainan Shi,1860782,,,34.1599,135.2901,,mizonokuchi
JP,Japan,Japón,640-1173,Mukunoki,Wakayama Ken,43,Kainan Shi,1860782,,,34.1412,135.2914,,mukunoki
JP,Japan,Japón,640-1174,Kizu,Wakayama Ken,43,Kainan Shi,1860782,,,34.1516,135.2777,,kizu
JP,Japan,Japón,640-1175,Okinono,Wakayama Ken,43,Kainan Shi,1860782,,,34.1652,135.273,,okinono
JP,Japan,Japón,640-1196,Mukunoki,Wakayama Ken,43,Kainan Shi,1860782,,,34.1476,135.3012,,mukunoki
JP,Japan,Japón,642-0000,Kainan Shi,Wakayama Ken,43,Kainan Shi,1860782,,,34.1577,135.2082,,kainan-shi
JP,Japan,Japón,642-0001,Funo,Wakayama Ken,43,Kainan Shi,1860782,,,34.1569,135.1975,,funo
JP,Japan,Japón,642-0002,Hikata,Wakayama Ken,43,Kainan Shi,1860782,,,34.1585,135.2188,,hikata
JP,Japan,Japón,642-0003,Yamasakicho,Wakayama Ken,43,Kainan Shi,1860782,,,34.1577,135.2082,,yamasakicho
JP,Japan,Japón,642-0004,Babacho,Wakayama Ken,43,Kainan Shi,1860782,,,34.1577,135.2082,,babacho
JP,Japan,Japón,642-0011,Kuroe,Wakayama Ken,43,Kainan Shi,1860782,,,34.1672,135.2065,,kuroe
JP,Japan,Japón,642-0012,Okada,Wakayama Ken,43,Kainan Shi,1860782,,,34.1702,135.2182,,okada
JP,Japan,Japón,642-0013,Ota,Wakayama Ken,43,Kainan Shi,1860782,,,34.1787,135.239,,ota
JP,Japan,Japón,642-0014,Onoda,Wakayama Ken,43,Kainan Shi,1860782,,,34.1694,135.258,,onoda
JP,Japan,Japón,642-0015,Asso,Wakayama Ken,43,Kainan Shi,1860782,,,34.1689,135.2363,,asso
JP,Japan,Japón,642-0016,Kitaakasaka,Wakayama Ken,43,Kainan Shi,1860782,,,34.1637,135.2391,,kitaakasaka
JP,Japan,Japón,642-0017,Minamiakasaka,Wakayama Ken,43,Kainan Shi,1860782,,,34.159,135.2391,,minamiakasaka
JP,Japan,Japón,642-0018,Shikonehigashi,Wakayama Ken,43,Kainan Shi,1860782,,,34.1682,135.2338,,shikonehigashi
JP,Japan,Japón,642-0019,Shikonenishi,Wakayama Ken,43,Kainan Shi,1860782,,,34.1682,135.2338,,shikonenishi
JP,Japan,Japón,642-0021,Ida,Wakayama Ken,43,Kainan Shi,1860782,,,34.1602,135.2245,,ida
JP,Japan,Japón,642-0022,Ononaka,Wakayama Ken,43,Kainan Shi,1860782,,,34.1497,135.2241,,ononaka
JP,Japan,Japón,642-0023,Shikone,Wakayama Ken,43,Kainan Shi,1860782,,,34.1472,135.2525,,shikone
JP,Japan,Japón,642-0024,Sakai,Wakayama Ken,43,Kainan Shi,1860782,,,34.1579,135.2625,,sakai
JP,Japan,Japón,642-0025,Higashibata,Wakayama Ken,43,Kainan Shi,1860782,,,34.1327,135.2637,,higashibata
JP,Japan,Japón,642-0026,Besshiyo,Wakayama Ken,43,Kainan Shi,1860782,,,34.1355,135.2483,,besshiyo
JP,Japan,Japón,642-0027,Gumizawa,Wakayama Ken,43,Kainan Shi,1860782,,,34.1275,135.248,,gumizawa
JP,Japan,Japón,642-0028,Hatagawa,Wakayama Ken,43,Kainan Shi,1860782,,,34.1444,135.236,,hatagawa
JP,Japan,Japón,642-0029,Yamada,Wakayama Ken,43,Kainan Shi,1860782,,,34.1414,135.2344,,yamada
JP,Japan,Japón,642-0031,Tsukiji,Wakayama Ken,43,Kainan Shi,1860782,,,34.1525,135.2083,,tsukiji
JP,Japan,Japón,642-0032,Nataka,Wakayama Ken,43,Kainan Shi,1860782,,,34.1528,135.2152,,nataka
JP,Japan,Japón,642-0033,Torii,Wakayama Ken,43,Kainan Shi,1860782,,,34.1444,135.2203,,torii
JP,Japan,Japón,642-0034,Fujishiro,Wakayama Ken,43,Kainan Shi,1860782,,,34.1431,135.2101,,fujishiro
JP,Japan,Japón,642-0035,Shimizu,Wakayama Ken,43,Kainan Shi,1860782,,,34.1398,135.1912,,shimizu
JP,Japan,Japón,642-8501,Minamiakasaka,Wakayama Ken,43,Kainan Shi,1860782,,,34.1418,135.224,,minamiakasaka
JP,Japan,Japón,649-0101,Shimotsucho Shimotsu,Wakayama Ken,43,Kainan Shi,1860782,,,34.0808,135.1339,,shimotsucho-shimotsu
JP,Japan,Japón,649-0111,Shimotsucho Kata,Wakayama Ken,43,Kainan Shi,1860782,,,34.0808,135.1339,,shimotsucho-kata
JP,Japan,Japón,649-0112,Shimotsucho Osaki,Wakayama Ken,43,Kainan Shi,1860782,,,34.0808,135.1339,,shimotsucho-osaki
JP,Japan,Japón,649-0121,Shimotsucho Maruda,Wakayama Ken,43,Kainan Shi,1860782,,,34.0808,135.1339,,shimotsucho-maruda
JP,Japan,Japón,649-0122,Shimotsucho Kuroda,Wakayama Ken,43,Kainan Shi,1860782,,,34.0808,135.1339,,shimotsucho-kuroda
JP,Japan,Japón,649-0123,Shimotsucho Yoro,Wakayama Ken,43,Kainan Shi,1860782,,,34.0808,135.1339,,shimotsucho-yoro
JP,Japan,Japón,649-0131,Shimotsucho Shiotsu,Wakayama Ken,43,Kainan Shi,1860782,,,34.0808,135.1339,,shimotsucho-shiotsu
JP,Japan,Japón,649-0132,Shimotsucho Umeda,Wakayama Ken,43,Kainan Shi,1860782,,,34.0808,135.1339,,shimotsucho-umeda
JP,Japan,Japón,649-0133,Shimotsucho Shimo,Wakayama Ken,43,Kainan Shi,1860782,,,34.0808,135.1339,,shimotsucho-shimo
JP,Japan,Japón,649-0141,Shimotsucho Kominami,Wakayama Ken,43,Kainan Shi,1860782,,,34.0808,135.1339,,shimotsucho-kominami
JP,Japan,Japón,649-0142,Shimotsucho Naka,Wakayama Ken,43,Kainan Shi,1860782,,,34.0808,135.1339,,shimotsucho-naka
JP,Japan,Japón,649-0143,Shimotsucho Komatsubara,Wakayama Ken,43,Kainan Shi,1860782,,,34.0808,135.1339,,shimotsucho-komatsubara
JP,Japan,Japón,649-0144,Shimotsucho Kitsumoto,Wakayama Ken,43,Kainan Shi,1860782,,,34.0808,135.1339,,shimotsucho-kitsumoto
JP,Japan,Japón,649-0145,Shimotsucho Ichitsubo,Wakayama Ken,43,Kainan Shi,1860782,,,34.0808,135.1339,,shimotsucho-ichitsubo
JP,Japan,Japón,649-0146,Shimotsucho Kutsukake,Wakayama Ken,43,Kainan Shi,1860782,,,34.0808,135.1339,,shimotsucho-kutsukake
JP,Japan,Japón,649-0147,Shimotsucho Aoshi,Wakayama Ken,43,Kainan Shi,1860782,,,34.0808,135.1339,,shimotsucho-aoshi
JP,Japan,Japón,649-0151,Shimotsucho Soneda,Wakayama Ken,43,Kainan Shi,1860782,,,34.0808,135.1339,,shimotsucho-soneda
JP,Japan,Japón,649-0152,Shimotsucho Hikio,Wakayama Ken,43,Kainan Shi,1860782,,,34.0808,135.1339,,shimotsucho-hikio
JP,Japan,Japón,649-0153,Shimotsucho Oki,Wakayama Ken,43,Kainan Shi,1860782,,,34.0808,135.1339,,shimotsucho-oki
JP,Japan,Japón,649-0154,Shimotsucho Kasabata,Wakayama Ken,43,Kainan Shi,1860782,,,34.0808,135.1339,,shimotsucho-kasabata
JP,Japan,Japón,649-0155,Shimotsucho Okubo,Wakayama Ken,43,Kainan Shi,1860782,,,34.0808,135.1339,,shimotsucho-okubo
JP,Japan,Japón,649-0156,Shimotsucho Momogaito,Wakayama Ken,43,Kainan Shi,1860782,,,34.0808,135.1339,,shimotsucho-momogaito
JP,Japan,Japón,649-0161,Shimotsucho Kobata,Wakayama Ken,43,Kainan Shi,1860782,,,34.0808,135.1339,,shimotsucho-kobata
JP,Japan,Japón,649-0162,Shimotsucho Obara,Wakayama Ken,43,Kainan Shi,1860782,,,34.0808,135.1339,,shimotsucho-obara
JP,Japan,Japón,649-0163,Shimotsucho Karegawa,Wakayama Ken,43,Kainan Shi,1860782,,,34.0808,135.1339,,shimotsucho-karegawa
JP,Japan,Japón,649-0164,Shimotsucho Kami,Wakayama Ken,43,Kainan Shi,1860782,,,34.0808,135.1339,,shimotsucho-kami
JP,Japan,Japón,649-0192,海南市　下津行政局,Wakayama Ken,43,Kainan Shi,1860782,,,34.0808,135.1339,,
JP,Japan,Japón,640-1481,Shinjo,Wakayama Ken,43,"Ito Gun ",1861287," Katsuragi Cho",30341,34.1583,135.4615,4,shinjo
JP,Japan,Japón,643-0611,Hanazono Yanase,Wakayama Ken,43,"Ito Gun ",1861287," Katsuragi Cho",30341,34.2354,135.5037,,hanazono-yanase
JP,Japan,Japón,643-0612,Hanazono Kitadera,Wakayama Ken,43,"Ito Gun ",1861287," Katsuragi Cho",30341,34.2354,135.5037,,hanazono-kitadera
JP,Japan,Japón,643-0613,Hanazono Ikenokubo,Wakayama Ken,43,"Ito Gun ",1861287," Katsuragi Cho",30341,34.2354,135.5037,,hanazono-ikenokubo
JP,Japan,Japón,643-0614,Hanazono Atarashi,Wakayama Ken,43,"Ito Gun ",1861287," Katsuragi Cho",30341,34.2354,135.5037,,hanazono-atarashi
JP,Japan,Japón,648-0100,Kudoyama Cho,Wakayama Ken,43,"Ito Gun ",1861287," Kudoyama Cho",30343,34.3248,135.6135,,kudoyama-cho
JP,Japan,Japón,648-0101,Kudoyama,Wakayama Ken,43,"Ito Gun ",1861287," Kudoyama Cho",30343,34.3248,135.6135,4,kudoyama
JP,Japan,Japón,648-0111,Kane,Wakayama Ken,43,"Ito Gun ",1861287," Kudoyama Cho",30343,34.3248,135.6135,4,kane
JP,Japan,Japón,648-0121,Nyukawa,Wakayama Ken,43,"Ito Gun ",1861287," Kudoyama Cho",30343,34.3248,135.6135,4,nyukawa
JP,Japan,Japón,648-0131,Ichitaira,Wakayama Ken,43,"Ito Gun ",1861287," Kudoyama Cho",30343,34.3248,135.6135,,ichitaira
JP,Japan,Japón,648-0132,Kitamata,Wakayama Ken,43,"Ito Gun ",1861287," Kudoyama Cho",30343,34.3248,135.6135,4,kitamata
JP,Japan,Japón,648-0133,Higashigo,Wakayama Ken,43,"Ito Gun ",1861287," Kudoyama Cho",30343,34.3248,135.6135,4,higashigo
JP,Japan,Japón,648-0141,Shiide,Wakayama Ken,43,"Ito Gun ",1861287," Kudoyama Cho",30343,34.3248,135.6135,4,shiide
JP,Japan,Japón,648-0142,Kasagi,Wakayama Ken,43,"Ito Gun ",1861287," Kudoyama Cho",30343,34.3248,135.6135,4,kasagi
JP,Japan,Japón,648-0143,Kamikosawa,Wakayama Ken,43,"Ito Gun ",1861287," Kudoyama Cho",30343,34.3248,135.6135,4,kamikosawa
JP,Japan,Japón,648-0144,Nakakosawa,Wakayama Ken,43,"Ito Gun ",1861287," Kudoyama Cho",30343,34.3248,135.6135,4,nakakosawa
JP,Japan,Japón,648-0145,Shimokosawa,Wakayama Ken,43,"Ito Gun ",1861287," Kudoyama Cho",30343,34.3248,135.6135,4,shimokosawa
JP,Japan,Japón,648-0151,Jisonin,Wakayama Ken,43,"Ito Gun ",1861287," Kudoyama Cho",30343,34.3248,135.6135,,jisonin
JP,Japan,Japón,648-0161,Nyugo,Wakayama Ken,43,"Ito Gun ",1861287," Kudoyama Cho",30343,34.3248,135.6135,,nyugo
JP,Japan,Japón,648-0171,Nishigo(Sonota),Wakayama Ken,43,"Ito Gun ",1861287," Koya Cho",30344,34.3248,135.6135,,nishigo-sonota
JP,Japan,Japón,648-0198,九度山町役場,Wakayama Ken,43,"Ito Gun ",1861287,Kudoyama Chō,30343,34.3248,135.6135,,
JP,Japan,Japón,648-0200,Koya Cho,Wakayama Ken,43,"Ito Gun ",1861287," Koya Cho",30344,34.3248,135.6135,,koya-cho
JP,Japan,Japón,648-0201,Hanazono Kuki,Wakayama Ken,43,"Ito Gun ",1861287," Katsuragi Cho",30341,34.3248,135.6135,,hanazono-kuki
JP,Japan,Japón,648-0202,Hanazono Nakaminami,Wakayama Ken,43,"Ito Gun ",1861287," Katsuragi Cho",30341,34.3248,135.6135,,hanazono-nakaminami
JP,Japan,Japón,648-0211,Koyasan,Wakayama Ken,43,"Ito Gun ",1861287," Koya Cho",30344,34.3248,135.6135,4,koyasan
JP,Japan,Japón,648-0221,Nishigamine,Wakayama Ken,43,"Ito Gun ",1861287," Koya Cho",30344,34.3248,135.6135,,nishigamine
JP,Japan,Japón,648-0222,Minami,Wakayama Ken,43,"Ito Gun ",1861287," Koya Cho",30344,34.3248,135.6135,4,minami
JP,Japan,Japón,648-0223,Hayashi,Wakayama Ken,43,"Ito Gun ",1861287," Koya Cho",30344,34.3248,135.6135,4,hayashi
JP,Japan,Japón,648-0224,Hirahara,Wakayama Ken,43,"Ito Gun ",1861287," Koya Cho",30344,34.3248,135.6135,4,hirahara
JP,Japan,Japón,648-0225,Tsuegayabu,Wakayama Ken,43,"Ito Gun ",1861287," Koya Cho",30344,34.3248,135.6135,,tsuegayabu
JP,Japan,Japón,648-0226,Higashimata,Wakayama Ken,43,"Ito Gun ",1861287," Koya Cho",30344,34.3248,135.6135,4,higashimata
JP,Japan,Japón,648-0227,Kashihara,Wakayama Ken,43,"Ito Gun ",1861287," Koya Cho",30344,34.3248,135.6135,4,kashihara
JP,Japan,Japón,648-0231,Otaki,Wakayama Ken,43,"Ito Gun ",1861287," Koya Cho",30344,34.3248,135.6135,4,otaki
JP,Japan,Japón,648-0241,Ainora,Wakayama Ken,43,"Ito Gun ",1861287," Koya Cho",30344,34.3248,135.6135,4,ainora
JP,Japan,Japón,648-0251,Yukawa,Wakayama Ken,43,"Ito Gun ",1861287," Koya Cho",30344,34.3248,135.6135,4,yukawa
JP,Japan,Japón,648-0261,Nishigo(Kamiya),Wakayama Ken,43,"Ito Gun ",1861287," Koya Cho",30344,34.3248,135.6135,,nishigo-kamiya
JP,Japan,Japón,648-0262,Hosokawa,Wakayama Ken,43,"Ito Gun ",1861287," Koya Cho",30344,34.3248,135.6135,4,hosokawa
JP,Japan,Japón,648-0263,Hanasaka,Wakayama Ken,43,"Ito Gun ",1861287," Koya Cho",30344,34.3248,135.6135,4,hanasaka
JP,Japan,Japón,648-0280,学校法人　高野山学園　高野山大学,Wakayama Ken,43,"Ito Gun ",1861287,Kōya Chō,30344,34.3248,135.6135,,
JP,Japan,Japón,648-0281,高野町役場,Wakayama Ken,43,"Ito Gun ",1861287,Kōya Chō,30344,34.3248,135.6135,,
JP,Japan,Japón,648-0282,宗教法人　宿坊大円院,Wakayama Ken,43,"Ito Gun ",1861287,Kōya Chō,30344,34.3248,135.6135,,
JP,Japan,Japón,648-0283,持明院,Wakayama Ken,43,"Ito Gun ",1861287,Kōya Chō,30344,34.3248,135.6135,,
JP,Japan,Japón,648-0284,高野山不動院,Wakayama Ken,43,"Ito Gun ",1861287,Kōya Chō,30344,34.3248,135.6135,,
JP,Japan,Japón,648-0285,高野山苅萱堂　密厳院,Wakayama Ken,43,"Ito Gun ",1861287,Kōya Chō,30344,34.3248,135.6135,,
JP,Japan,Japón,648-0286,竜泉院,Wakayama Ken,43,"Ito Gun ",1861287,Kōya Chō,30344,34.3248,135.6135,,
JP,Japan,Japón,648-0287,西南院,Wakayama Ken,43,"Ito Gun ",1861287,Kōya Chō,30344,34.3248,135.6135,,
JP,Japan,Japón,648-0288,高野山高等学校,Wakayama Ken,43,"Ito Gun ",1861287,Kōya Chō,30344,34.3248,135.6135,,
JP,Japan,Japón,648-0289,西禅院,Wakayama Ken,43,"Ito Gun ",1861287,Kōya Chō,30344,34.3248,135.6135,,
JP,Japan,Japón,648-0292,正智院,Wakayama Ken,43,"Ito Gun ",1861287,Kōya Chō,30344,34.3248,135.6135,,
JP,Japan,Japón,648-0293,普賢院,Wakayama Ken,43,"Ito Gun ",1861287,Kōya Chō,30344,34.3248,135.6135,,
JP,Japan,Japón,648-0294,総本山金剛峯寺,Wakayama Ken,43,"Ito Gun ",1861287,Kōya Chō,30344,34.3248,135.6135,,
JP,Japan,Japón,648-0295,大師陀羅尼製薬,Wakayama Ken,43,"Ito Gun ",1861287,Kōya Chō,30344,34.3248,135.6135,,
JP,Japan,Japón,648-0296,総持院,Wakayama Ken,43,"Ito Gun ",1861287,Kōya Chō,30344,34.3248,135.6135,,
JP,Japan,Japón,648-0297,遍照尊院,Wakayama Ken,43,"Ito Gun ",1861287,Kōya Chō,30344,34.3248,135.6135,,
JP,Japan,Japón,648-0298,宝善院,Wakayama Ken,43,"Ito Gun ",1861287,Kōya Chō,30344,34.3248,135.6135,,
JP,Japan,Japón,648-0401,Nishifuki,Wakayama Ken,43,"Ito Gun ",1861287," Koya Cho",30344,34.3248,135.6135,,nishifuki
JP,Japan,Japón,648-0402,Higashifuki,Wakayama Ken,43,"Ito Gun ",1861287," Koya Cho",30344,34.3248,135.6135,4,higashifuki
JP,Japan,Japón,648-0403,Kamitsutsuga,Wakayama Ken,43,"Ito Gun ",1861287," Koya Cho",30344,34.3248,135.6135,4,kamitsutsuga
JP,Japan,Japón,648-0404,Nakatsutsuga,Wakayama Ken,43,"Ito Gun ",1861287," Koya Cho",30344,34.3248,135.6135,4,nakatsutsuga
JP,Japan,Japón,648-0405,Shimotsutsuga,Wakayama Ken,43,"Ito Gun ",1861287," Koya Cho",30344,34.3248,135.6135,4,shimotsutsuga
JP,Japan,Japón,649-7100,Katsuragi Cho,Wakayama Ken,43,"Ito Gun ",1861287," Katsuragi Cho",30341,34.2354,135.5037,,katsuragi-cho
JP,Japan,Japón,649-7101,Higashitani,Wakayama Ken,43,"Ito Gun ",1861287," Katsuragi Cho",30341,34.3381,135.4874,4,higashitani
JP,Japan,Japón,649-7102,Taki,Wakayama Ken,43,"Ito Gun ",1861287," Katsuragi Cho",30341,34.3273,135.4942,4,taki
JP,Japan,Japón,649-7103,Hirokuchi,Wakayama Ken,43,"Ito Gun ",1861287," Katsuragi Cho",30341,34.2354,135.5037,,hirokuchi
JP,Japan,Japón,649-7104,Taira,Wakayama Ken,43,"Ito Gun ",1861287," Katsuragi Cho",30341,34.2354,135.5037,,taira
JP,Japan,Japón,649-7111,Ohata,Wakayama Ken,43,"Ito Gun ",1861287," Katsuragi Cho",30341,34.3427,135.5236,4,ohata
JP,Japan,Japón,649-7112,Nakaiburi,Wakayama Ken,43,"Ito Gun ",1861287," Katsuragi Cho",30341,34.3034,135.5332,4,nakaiburi
JP,Japan,Japón,649-7113,Myoji,Wakayama Ken,43,"Ito Gun ",1861287," Katsuragi Cho",30341,34.2981,135.5252,4,myoji
JP,Japan,Japón,649-7114,Nishiiburi,Wakayama Ken,43,"Ito Gun ",1861287," Katsuragi Cho",30341,34.2354,135.5037,,nishiiburi
JP,Japan,Japón,649-7115,Mijikano,Wakayama Ken,43,"Ito Gun ",1861287," Katsuragi Cho",30341,34.3313,135.5117,4,mijikano
JP,Japan,Japón,649-7121,Chonomachi,Wakayama Ken,43,"Ito Gun ",1861287," Katsuragi Cho",30341,34.2354,135.5037,,chonomachi
JP,Japan,Japón,649-7122,Shinden,Wakayama Ken,43,"Ito Gun ",1861287," Katsuragi Cho",30341,34.2963,135.5128,4,shinden
JP,Japan,Japón,649-7123,Kashiwagi,Wakayama Ken,43,"Ito Gun ",1861287," Katsuragi Cho",30341,34.2354,135.5037,,kashiwagi
JP,Japan,Japón,649-7131,Yamasaki,Wakayama Ken,43,"Ito Gun ",1861287," Katsuragi Cho",30341,34.2354,135.5037,,yamasaki
JP,Japan,Japón,649-7132,Kyoraji,Wakayama Ken,43,"Ito Gun ",1861287," Katsuragi Cho",30341,34.2815,135.5238,4,kyoraji
JP,Japan,Japón,649-7133,Mitani,Wakayama Ken,43,"Ito Gun ",1861287," Katsuragi Cho",30341,34.2895,135.5217,4,mitani
JP,Japan,Japón,649-7134,Miyamoto,Wakayama Ken,43,"Ito Gun ",1861287," Katsuragi Cho",30341,34.2703,135.4998,4,miyamoto
JP,Japan,Japón,649-7135,Hiranta,Wakayama Ken,43,"Ito Gun ",1861287," Katsuragi Cho",30341,34.2784,135.4937,4,hiranta
JP,Japan,Japón,649-7136,Terao,Wakayama Ken,43,"Ito Gun ",1861287," Katsuragi Cho",30341,34.2841,135.4955,4,terao
JP,Japan,Japón,649-7137,Anii,Wakayama Ken,43,"Ito Gun ",1861287," Katsuragi Cho",30341,34.2354,135.5037,,anii
JP,Japan,Japón,649-7141,Kamiamano,Wakayama Ken,43,"Ito Gun ",1861287," Katsuragi Cho",30341,34.2354,135.5037,,kamiamano
JP,Japan,Japón,649-7142,Shimoamano,Wakayama Ken,43,"Ito Gun ",1861287," Katsuragi Cho",30341,34.2552,135.5112,4,shimoamano
JP,Japan,Japón,649-7143,Koda,Wakayama Ken,43,"Ito Gun ",1861287," Katsuragi Cho",30341,34.2354,135.5037,,koda
JP,Japan,Japón,649-7144,Shiga,Wakayama Ken,43,"Ito Gun ",1861287," Katsuragi Cho",30341,34.2239,135.5041,4,shiga
JP,Japan,Japón,649-7145,Hidaka,Wakayama Ken,43,"Ito Gun ",1861287," Katsuragi Cho",30341,34.2354,135.5037,,hidaka
JP,Japan,Japón,649-7146,Hoshiyama,Wakayama Ken,43,"Ito Gun ",1861287," Katsuragi Cho",30341,34.2569,135.493,4,hoshiyama
JP,Japan,Japón,649-7151,Higashishibuta,Wakayama Ken,43,"Ito Gun ",1861287," Katsuragi Cho",30341,34.2792,135.4859,4,higashishibuta
JP,Japan,Japón,649-7152,Hoshikawa,Wakayama Ken,43,"Ito Gun ",1861287," Katsuragi Cho",30341,34.267,135.4834,4,hoshikawa
JP,Japan,Japón,649-7153,Gose,Wakayama Ken,43,"Ito Gun ",1861287," Katsuragi Cho",30341,34.2354,135.5037,,gose
JP,Japan,Japón,649-7154,Nishishibuta,Wakayama Ken,43,"Ito Gun ",1861287," Katsuragi Cho",30341,34.2761,135.4672,4,nishishibuta
JP,Japan,Japón,649-7155,Shima,Wakayama Ken,43,"Ito Gun ",1861287," Katsuragi Cho",30341,34.2354,135.5037,,shima
JP,Japan,Japón,649-7161,Kasedahigashi,Wakayama Ken,43,"Ito Gun ",1861287," Katsuragi Cho",30341,34.2895,135.4787,4,kasedahigashi
JP,Japan,Japón,649-7162,Kasedanaka,Wakayama Ken,43,"Ito Gun ",1861287," Katsuragi Cho",30341,34.2894,135.4716,4,kasedanaka
JP,Japan,Japón,649-7163,Hagihara,Wakayama Ken,43,"Ito Gun ",1861287," Katsuragi Cho",30341,34.2354,135.5037,,hagihara
JP,Japan,Japón,649-7164,Kubo,Wakayama Ken,43,"Ito Gun ",1861287," Katsuragi Cho",30341,34.2354,135.5037,,kubo
JP,Japan,Japón,649-7165,Senoyama,Wakayama Ken,43,"Ito Gun ",1861287," Katsuragi Cho",30341,34.2354,135.5037,,senoyama
JP,Japan,Japón,649-7166,Takada,Wakayama Ken,43,"Ito Gun ",1861287," Katsuragi Cho",30341,34.2354,135.5037,,takada
JP,Japan,Japón,649-7167,Utsuri,Wakayama Ken,43,"Ito Gun ",1861287," Katsuragi Cho",30341,34.2354,135.5037,,utsuri
JP,Japan,Japón,649-7171,Oyabu,Wakayama Ken,43,"Ito Gun ",1861287," Katsuragi Cho",30341,34.2354,135.5037,,oyabu
JP,Japan,Japón,649-7172,Ebisu,Wakayama Ken,43,"Ito Gun ",1861287," Katsuragi Cho",30341,34.2354,135.5037,,ebisu
JP,Japan,Japón,649-7173,Otani,Wakayama Ken,43,"Ito Gun ",1861287," Katsuragi Cho",30341,34.2972,135.4929,4,otani
JP,Japan,Japón,649-7174,Saya,Wakayama Ken,43,"Ito Gun ",1861287," Katsuragi Cho",30341,34.2354,135.5037,,saya
JP,Japan,Japón,649-7175,Hirora,Wakayama Ken,43,"Ito Gun ",1861287," Katsuragi Cho",30341,34.2354,135.5037,,hirora
JP,Japan,Japón,649-7192,かつらぎ町役場,Wakayama Ken,43,"Ito Gun ",1861287,Katsuragi Chō,30341,34.2354,135.5037,,
JP,Japan,Japón,649-7194,築野食品工業　株式会社,Wakayama Ken,43,"Ito Gun ",1861287,Katsuragi Chō,30341,34.2354,135.5037,,
JP,Japan,Japón,649-7195,溝端紙工印刷　株式会社,Wakayama Ken,43,"Ito Gun ",1861287,Katsuragi Chō,30341,34.2354,135.5037,,
JP,Japan,Japón,647-1600,Kitayama Mura,Wakayama Ken,43,"Higashimuro Gun ",1862767," Kitayama Mura",30427,33.7319,135.9135,,kitayama-mura
JP,Japan,Japón,647-1601,Nanairo,Wakayama Ken,43,"Higashimuro Gun ",1862767," Kitayama Mura",30427,33.7319,135.9135,,nanairo
JP,Japan,Japón,647-1602,Takehara,Wakayama Ken,43,"Higashimuro Gun ",1862767," Kitayama Mura",30427,33.7319,135.9135,,takehara
JP,Japan,Japón,647-1603,Onuma,Wakayama Ken,43,"Higashimuro Gun ",1862767," Kitayama Mura",30427,33.7319,135.9135,,onuma
JP,Japan,Japón,647-1604,Shimoi,Wakayama Ken,43,"Higashimuro Gun ",1862767," Kitayama Mura",30427,33.7319,135.9135,,shimoi
JP,Japan,Japón,647-1605,Komatsu,Wakayama Ken,43,"Higashimuro Gun ",1862767," Kitayama Mura",30427,33.7319,135.9135,,komatsu
JP,Japan,Japón,649-3500,Kushimoto Cho,Wakayama Ken,43,"Higashimuro Gun ",1862767," Kushimoto Cho",30428,33.4555,135.7759,,kushimoto-cho
JP,Japan,Japón,649-3501,Itsumo,Wakayama Ken,43,"Higashimuro Gun ",1862767," Kushimoto Cho",30428,33.4491,135.7866,,itsumo
JP,Japan,Japón,649-3502,Shionomisaki,Wakayama Ken,43,"Higashimuro Gun ",1862767," Kushimoto Cho",30428,33.447,135.7611,,shionomisaki
JP,Japan,Japón,649-3503,Kushimoto,Wakayama Ken,43,"Higashimuro Gun ",1862767," Kushimoto Cho",30428,33.4704,135.78,,kushimoto
JP,Japan,Japón,649-3510,Sangodai,Wakayama Ken,43,"Higashimuro Gun ",1862767," Kushimoto Cho",30428,33.483,135.7839,,sangodai
JP,Japan,Japón,649-3511,Kujinokawa,Wakayama Ken,43,"Higashimuro Gun ",1862767," Kushimoto Cho",30428,33.493,135.7849,,kujinokawa
JP,Japan,Japón,649-3512,Nishiki,Wakayama Ken,43,"Higashimuro Gun ",1862767," Kushimoto Cho",30428,33.4981,135.7694,,nishiki
JP,Japan,Japón,649-3513,Takatomi,Wakayama Ken,43,"Higashimuro Gun ",1862767," Kushimoto Cho",30428,33.5016,135.7542,,takatomi
JP,Japan,Japón,649-3514,Arida,Wakayama Ken,43,"Higashimuro Gun ",1862767," Kushimoto Cho",30428,33.4843,135.7304,4,arida
JP,Japan,Japón,649-3515,Tanami,Wakayama Ken,43,"Higashimuro Gun ",1862767," Kushimoto Cho",30428,33.4868,135.7178,4,tanami
JP,Japan,Japón,649-3516,Tanamikami,Wakayama Ken,43,"Higashimuro Gun ",1862767," Kushimoto Cho",30428,33.5102,135.7205,,tanamikami
JP,Japan,Japón,649-3517,Habu,Wakayama Ken,43,"Higashimuro Gun ",1862767," Kushimoto Cho",30428,33.5167,135.7373,,habu
JP,Japan,Japón,649-3518,Aridakami,Wakayama Ken,43,"Higashimuro Gun ",1862767," Kushimoto Cho",30428,33.4981,135.7359,,aridakami
JP,Japan,Japón,649-3521,Eda,Wakayama Ken,43,"Higashimuro Gun ",1862767," Kushimoto Cho",30428,33.5027,135.6992,,eda
JP,Japan,Japón,649-3522,Tako,Wakayama Ken,43,"Higashimuro Gun ",1862767," Kushimoto Cho",30428,33.5047,135.6854,,tako
JP,Japan,Japón,649-3523,Wabuka,Wakayama Ken,43,"Higashimuro Gun ",1862767," Kushimoto Cho",30428,33.5096,135.6593,4,wabuka
JP,Japan,Japón,649-3524,Satogawa,Wakayama Ken,43,"Higashimuro Gun ",1862767," Kushimoto Cho",30428,33.5478,135.6504,,satogawa
JP,Japan,Japón,649-3592,Kushimoto,Wakayama Ken,43,"Higashimuro Gun ",1862767,Kushimoto-chō,30428,33.4917,135.7372,,kushimoto
JP,Japan,Japón,649-3631,Kashino,Wakayama Ken,43,"Higashimuro Gun ",1862767," Kushimoto Cho",30428,33.4668,135.8458,4,kashino
JP,Japan,Japón,649-3632,Sue,Wakayama Ken,43,"Higashimuro Gun ",1862767," Kushimoto Cho",30428,33.4648,135.8253,4,sue
JP,Japan,Japón,649-3633,Oshima,Wakayama Ken,43,"Higashimuro Gun ",1862767," Kushimoto Cho",30428,33.4716,135.8067,,oshima
JP,Japan,Japón,649-4100,Kozagawa Cho,Wakayama Ken,43,"Higashimuro Gun ",1862767," Kozagawa Cho",30424,33.5591,135.8117,,kozagawa-cho
JP,Japan,Japón,649-4101,Kashiyama,Wakayama Ken,43,"Higashimuro Gun ",1862767," Kozagawa Cho",30424,33.6096,135.8061,4,kashiyama
JP,Japan,Japón,649-4102,Kusu,Wakayama Ken,43,"Higashimuro Gun ",1862767," Kozagawa Cho",30424,33.5798,135.8199,,kusu
JP,Japan,Japón,649-4103,Ikenoyama,Wakayama Ken,43,"Higashimuro Gun ",1862767," Kozagawa Cho",30424,33.5535,135.8181,,ikenoyama
JP,Japan,Japón,649-4104,Takaike,Wakayama Ken,43,"Higashimuro Gun ",1862767," Kozagawa Cho",30424,33.5299,135.8205,4,takaike
JP,Japan,Japón,649-4105,Utsugi,Wakayama Ken,43,"Higashimuro Gun ",1862767," Kozagawa Cho",30424,33.5413,135.8102,,utsugi
JP,Japan,Japón,649-4106,Tsukinose,Wakayama Ken,43,"Higashimuro Gun ",1862767," Kozagawa Cho",30424,33.5405,135.7954,,tsukinose
JP,Japan,Japón,649-4111,Kamitawara,Wakayama Ken,43,"Higashimuro Gun ",1862767," Kushimoto Cho",30428,33.5697,135.8694,,kamitawara
JP,Japan,Japón,649-4112,Tawara,Wakayama Ken,43,"Higashimuro Gun ",1862767," Kushimoto Cho",30428,33.5404,135.8731,,tawara
JP,Japan,Japón,649-4113,Tsuga,Wakayama Ken,43,"Higashimuro Gun ",1862767," Kushimoto Cho",30428,33.5358,135.8411,,tsuga
JP,Japan,Japón,649-4114,Uenoyama,Wakayama Ken,43,"Higashimuro Gun ",1862767," Kushimoto Cho",30428,33.5188,135.8331,,uenoyama
JP,Japan,Japón,649-4115,Koza,Wakayama Ken,43,"Higashimuro Gun ",1862767," Kushimoto Cho",30428,33.5159,135.8296,4,koza
JP,Japan,Japón,649-4116,Nakaminato,Wakayama Ken,43,"Higashimuro Gun ",1862767," Kushimoto Cho",30428,33.5278,135.8293,,nakaminato
JP,Japan,Japón,649-4117,Sabe,Wakayama Ken,43,"Higashimuro Gun ",1862767," Kushimoto Cho",30428,33.5587,135.845,,sabe
JP,Japan,Japón,649-4121,Furuta,Wakayama Ken,43,"Higashimuro Gun ",1862767," Kushimoto Cho",30428,33.5301,135.8074,,furuta
JP,Japan,Japón,649-4122,Nishimukai,Wakayama Ken,43,"Higashimuro Gun ",1862767," Kushimoto Cho",30428,33.514,135.8216,4,nishimukai
JP,Japan,Japón,649-4123,Konogawa,Wakayama Ken,43,"Higashimuro Gun ",1862767," Kushimoto Cho",30428,33.52,135.8067,,konogawa
JP,Japan,Japón,649-4124,Ikushi,Wakayama Ken,43,"Higashimuro Gun ",1862767," Kushimoto Cho",30428,33.5143,135.7966,,ikushi
JP,Japan,Japón,649-4125,Hime,Wakayama Ken,43,"Higashimuro Gun ",1862767," Kushimoto Cho",30428,33.4983,135.7944,,hime
JP,Japan,Japón,649-4126,Himegawa,Wakayama Ken,43,"Higashimuro Gun ",1862767," Kushimoto Cho",30428,33.514,135.7817,,himegawa
JP,Japan,Japón,649-4192,Nishimukai,Wakayama Ken,43,"Higashimuro Gun ",1862767,Kushimoto-chō,30428,33.5386,135.8205,,nishimukai
JP,Japan,Japón,649-4211,Komorigawa,Wakayama Ken,43,"Higashimuro Gun ",1862767," Kozagawa Cho",30424,33.6698,135.7706,,komorigawa
JP,Japan,Japón,649-4212,Tagawa,Wakayama Ken,43,"Higashimuro Gun ",1862767," Kozagawa Cho",30424,33.635,135.7797,,tagawa
JP,Japan,Japón,649-4213,Nishiakagi,Wakayama Ken,43,"Higashimuro Gun ",1862767," Kozagawa Cho",30424,33.6207,135.7837,,nishiakagi
JP,Japan,Japón,649-4214,Uzutsui,Wakayama Ken,43,"Higashimuro Gun ",1862767," Kozagawa Cho",30424,33.6286,135.754,,uzutsui
JP,Japan,Japón,649-4215,Oguwa,Wakayama Ken,43,"Higashimuro Gun ",1862767," Kozagawa Cho",30424,33.61,135.7354,,oguwa
JP,Japan,Japón,649-4216,Kogawa,Wakayama Ken,43,"Higashimuro Gun ",1862767," Kozagawa Cho",30424,33.6011,135.7715,,kogawa
JP,Japan,Japón,649-4217,Yamate,Wakayama Ken,43,"Higashimuro Gun ",1862767," Kozagawa Cho",30424,33.5826,135.7494,,yamate
JP,Japan,Japón,649-4221,Nakazaki,Wakayama Ken,43,"Higashimuro Gun ",1862767," Kozagawa Cho",30424,33.5697,135.7648,,nakazaki
JP,Japan,Japón,649-4222,Nukumi,Wakayama Ken,43,"Higashimuro Gun ",1862767," Kozagawa Cho",30424,33.5648,135.7891,,nukumi
JP,Japan,Japón,649-4223,Kawaguchi,Wakayama Ken,43,"Higashimuro Gun ",1862767," Kozagawa Cho",30424,33.5441,135.7784,,kawaguchi
JP,Japan,Japón,649-4224,Takase,Wakayama Ken,43,"Higashimuro Gun ",1862767," Kozagawa Cho",30424,33.5311,135.7803,,takase
JP,Japan,Japón,649-4225,Uruno,Wakayama Ken,43,"Higashimuro Gun ",1862767," Kozagawa Cho",30424,33.531,135.7644,,uruno
JP,Japan,Japón,649-4226,Myojin,Wakayama Ken,43,"Higashimuro Gun ",1862767," Kozagawa Cho",30424,33.5454,135.7618,,myojin
JP,Japan,Japón,649-4227,Oyanagi,Wakayama Ken,43,"Higashimuro Gun ",1862767," Kozagawa Cho",30424,33.5326,135.7515,,oyanagi
JP,Japan,Japón,649-4231,Tsurugawa,Wakayama Ken,43,"Higashimuro Gun ",1862767," Kozagawa Cho",30424,33.528,135.7431,,tsurugawa
JP,Japan,Japón,649-4232,Ichiburi,Wakayama Ken,43,"Higashimuro Gun ",1862767," Kozagawa Cho",30424,33.5454,135.7462,,ichiburi
JP,Japan,Japón,649-4233,Tachiai,Wakayama Ken,43,"Higashimuro Gun ",1862767," Kozagawa Cho",30424,33.5368,135.7303,,tachiai
JP,Japan,Japón,649-4234,Mine,Wakayama Ken,43,"Higashimuro Gun ",1862767," Kozagawa Cho",30424,33.5454,135.736,,mine
JP,Japan,Japón,649-4235,Aise,Wakayama Ken,43,"Higashimuro Gun ",1862767," Kozagawa Cho",30424,33.5533,135.7261,,aise
JP,Japan,Japón,649-4236,Tachiaigawa,Wakayama Ken,43,"Higashimuro Gun ",1862767," Kozagawa Cho",30424,33.5635,135.7345,,tachiaigawa
JP,Japan,Japón,649-4441,Soinogawa,Wakayama Ken,43,"Higashimuro Gun ",1862767," Kozagawa Cho",30424,33.623,135.6637,,soinogawa
JP,Japan,Japón,649-4442,Sada,Wakayama Ken,43,"Higashimuro Gun ",1862767," Kozagawa Cho",30424,33.6012,135.7054,4,sada
JP,Japan,Japón,649-4443,Manago,Wakayama Ken,43,"Higashimuro Gun ",1862767," Kozagawa Cho",30424,33.5807,135.6934,,manago
JP,Japan,Japón,649-4444,Nagaoi,Wakayama Ken,43,"Higashimuro Gun ",1862767," Kozagawa Cho",30424,33.585,135.6752,,nagaoi
JP,Japan,Japón,649-4451,Okawa,Wakayama Ken,43,"Higashimuro Gun ",1862767," Kozagawa Cho",30424,33.5784,135.7035,,okawa
JP,Japan,Japón,649-4452,Kurozu,Wakayama Ken,43,"Higashimuro Gun ",1862767," Kozagawa Cho",30424,33.5474,135.7018,,kurozu
JP,Japan,Japón,649-4453,Utsuo,Wakayama Ken,43,"Higashimuro Gun ",1862767," Kozagawa Cho",30424,33.5632,135.7125,,utsuo
JP,Japan,Japón,649-4454,Nabera,Wakayama Ken,43,"Higashimuro Gun ",1862767," Kozagawa Cho",30424,33.5304,135.688,,nabera
JP,Japan,Japón,649-4455,Mitogawa,Wakayama Ken,43,"Higashimuro Gun ",1862767," Kozagawa Cho",30424,33.5586,135.6721,4,mitogawa
JP,Japan,Japón,649-4561,Nishikawa,Wakayama Ken,43,"Higashimuro Gun ",1862767," Kozagawa Cho",30424,33.6382,135.7065,,nishikawa
JP,Japan,Japón,649-4562,Shimotsuyu,Wakayama Ken,43,"Higashimuro Gun ",1862767," Kozagawa Cho",30424,33.6236,135.7156,,shimotsuyu
JP,Japan,Japón,649-4563,Hirai,Wakayama Ken,43,"Higashimuro Gun ",1862767," Kozagawa Cho",30424,33.6654,135.6751,,hirai
JP,Japan,Japón,649-4564,Matsune,Wakayama Ken,43,"Higashimuro Gun ",1862767," Kozagawa Cho",30424,33.6872,135.7321,4,matsune
JP,Japan,Japón,649-4565,Narukawa,Wakayama Ken,43,"Higashimuro Gun ",1862767," Kozagawa Cho",30424,33.6479,135.7312,,narukawa
JP,Japan,Japón,649-5100,Taiji Cho,Wakayama Ken,43,"Higashimuro Gun ",1862767," Taiji Cho",30422,33.5941,135.9407,,taiji-cho
JP,Japan,Japón,649-5131,Nishinakanokawa,Wakayama Ken,43,"Higashimuro Gun ",1862767," Nachikatsura Cho",30421,33.6429,135.8765,,nishinakanokawa
JP,Japan,Japón,649-5132,Nakanokawa,Wakayama Ken,43,"Higashimuro Gun ",1862767," Nachikatsura Cho",30421,33.6429,135.8765,,nakanokawa
JP,Japan,Japón,649-5133,Ijishi,Wakayama Ken,43,"Higashimuro Gun ",1862767," Nachikatsura Cho",30421,33.6429,135.8765,,ijishi
JP,Japan,Japón,649-5134,Minamioi,Wakayama Ken,43,"Higashimuro Gun ",1862767," Nachikatsura Cho",30421,33.6429,135.8765,,minamioi
JP,Japan,Japón,649-5135,Kodoi,Wakayama Ken,43,"Higashimuro Gun ",1862767," Nachikatsura Cho",30421,33.6429,135.8765,,kodoi
JP,Japan,Japón,649-5136,Nagai,Wakayama Ken,43,"Higashimuro Gun ",1862767," Nachikatsura Cho",30421,33.6429,135.8765,,nagai
JP,Japan,Japón,649-5137,Kodakumi,Wakayama Ken,43,"Higashimuro Gun ",1862767," Nachikatsura Cho",30421,33.6429,135.8765,,kodakumi
JP,Japan,Japón,649-5141,Ichiya(Sonota),Wakayama Ken,43,"Higashimuro Gun ",1862767," Nachikatsura Cho",30421,33.6429,135.8765,,ichiya-sonota
JP,Japan,Japón,649-5142,Shimosato,Wakayama Ken,43,"Higashimuro Gun ",1862767," Nachikatsura Cho",30421,33.5838,135.9197,4,shimosato
JP,Japan,Japón,649-5143,Yatagano,Wakayama Ken,43,"Higashimuro Gun ",1862767," Nachikatsura Cho",30421,33.6429,135.8765,,yatagano
JP,Japan,Japón,649-5144,Konoshiro,Wakayama Ken,43,"Higashimuro Gun ",1862767," Nachikatsura Cho",30421,33.6429,135.8765,,konoshiro
JP,Japan,Japón,649-5145,Uragami,Wakayama Ken,43,"Higashimuro Gun ",1862767," Nachikatsura Cho",30421,33.5594,135.894,4,uragami
JP,Japan,Japón,649-5146,Nakasato,Wakayama Ken,43,"Higashimuro Gun ",1862767," Nachikatsura Cho",30421,33.6429,135.8765,,nakasato
JP,Japan,Japón,649-5147,Sho,Wakayama Ken,43,"Higashimuro Gun ",1862767," Nachikatsura Cho",30421,33.6429,135.8765,,sho
JP,Japan,Japón,649-5148,Shimowada,Wakayama Ken,43,"Higashimuro Gun ",1862767," Nachikatsura Cho",30421,33.6429,135.8765,,shimowada
JP,Japan,Japón,649-5171,Taiji(Sonota),Wakayama Ken,43,"Higashimuro Gun ",1862767," Taiji Cho",30422,33.5941,135.9407,,taiji-sonota
JP,Japan,Japón,649-5172,Moriura,Wakayama Ken,43,"Higashimuro Gun ",1862767," Taiji Cho",30422,33.5941,135.9407,,moriura
JP,Japan,Japón,649-5300,Nachikatsura Cho,Wakayama Ken,43,"Higashimuro Gun ",1862767," Nachikatsura Cho",30421,33.6429,135.8765,,nachikatsura-cho
JP,Japan,Japón,649-5301,Nachisan,Wakayama Ken,43,"Higashimuro Gun ",1862767," Nachikatsura Cho",30421,33.6429,135.8765,,nachisan
JP,Japan,Japón,649-5302,Ichinono,Wakayama Ken,43,"Higashimuro Gun ",1862767," Nachikatsura Cho",30421,33.6429,135.8765,,ichinono
JP,Japan,Japón,649-5303,Iseki,Wakayama Ken,43,"Higashimuro Gun ",1862767," Nachikatsura Cho",30421,33.6429,135.8765,,iseki
JP,Japan,Japón,649-5304,Kawaseki,Wakayama Ken,43,"Higashimuro Gun ",1862767," Nachikatsura Cho",30421,33.6429,135.8765,,kawaseki
JP,Japan,Japón,649-5311,Kozuke,Wakayama Ken,43,"Higashimuro Gun ",1862767," Nachikatsura Cho",30421,33.6429,135.8765,,kozuke
JP,Japan,Japón,649-5312,Ugui,Wakayama Ken,43,"Higashimuro Gun ",1862767," Nachikatsura Cho",30421,33.6571,135.9697,4,ugui
JP,Japan,Japón,649-5313,Kujinokawa,Wakayama Ken,43,"Higashimuro Gun ",1862767," Nachikatsura Cho",30421,33.6429,135.8765,,kujinokawa
JP,Japan,Japón,649-5314,Hamanomiya,Wakayama Ken,43,"Higashimuro Gun ",1862767," Nachikatsura Cho",30421,33.6429,135.8765,,hamanomiya
JP,Japan,Japón,649-5331,Temma,Wakayama Ken,43,"Higashimuro Gun ",1862767," Nachikatsura Cho",30421,33.6333,135.9333,4,temma
JP,Japan,Japón,649-5332,Asahi,Wakayama Ken,43,"Higashimuro Gun ",1862767," Nachikatsura Cho",30421,33.6429,135.8765,,asahi
JP,Japan,Japón,649-5333,Kitahama,Wakayama Ken,43,"Higashimuro Gun ",1862767," Nachikatsura Cho",30421,33.6429,135.8765,,kitahama
JP,Japan,Japón,649-5334,Katsura,Wakayama Ken,43,"Higashimuro Gun ",1862767," Nachikatsura Cho",30421,33.6429,135.8765,,katsura
JP,Japan,Japón,649-5335,Tsukiji,Wakayama Ken,43,"Higashimuro Gun ",1862767," Nachikatsura Cho",30421,33.6429,135.8765,,tsukiji
JP,Japan,Japón,649-5336,Yukawa,Wakayama Ken,43,"Higashimuro Gun ",1862767," Nachikatsura Cho",30421,33.6104,135.9261,4,yukawa
JP,Japan,Japón,649-5337,Hashinokawa,Wakayama Ken,43,"Higashimuro Gun ",1862767," Nachikatsura Cho",30421,33.6429,135.8765,,hashinokawa
JP,Japan,Japón,649-5338,Niko,Wakayama Ken,43,"Higashimuro Gun ",1862767," Nachikatsura Cho",30421,33.6429,135.8765,,niko
JP,Japan,Japón,649-5339,Ichiya(Oura.1054-9),Wakayama Ken,43,"Higashimuro Gun ",1862767," Nachikatsura Cho",30421,33.6429,135.8765,,ichiya-oura-1054-9
JP,Japan,Japón,649-5371,Taiji(3772-3904-Banchi),Wakayama Ken,43,"Higashimuro Gun ",1862767," Taiji Cho",30422,33.5941,135.9407,,taiji-3772-3904-banchi
JP,Japan,Japón,649-5451,Kuchiirokawa,Wakayama Ken,43,"Higashimuro Gun ",1862767," Nachikatsura Cho",30421,33.6429,135.8765,,kuchiirokawa
JP,Japan,Japón,649-5452,Kosaka,Wakayama Ken,43,"Higashimuro Gun ",1862767," Nachikatsura Cho",30421,33.6429,135.8765,,kosaka
JP,Japan,Japón,649-5453,Minamihirano,Wakayama Ken,43,"Higashimuro Gun ",1862767," Nachikatsura Cho",30421,33.6429,135.8765,,minamihirano
JP,Japan,Japón,649-5454,Kumasegawa,Wakayama Ken,43,"Higashimuro Gun ",1862767," Nachikatsura Cho",30421,33.6429,135.8765,,kumasegawa
JP,Japan,Japón,649-5461,Ono,Wakayama Ken,43,"Higashimuro Gun ",1862767," Nachikatsura Cho",30421,33.6429,135.8765,,ono
JP,Japan,Japón,649-5462,Tagaito,Wakayama Ken,43,"Higashimuro Gun ",1862767," Nachikatsura Cho",30421,33.6429,135.8765,,tagaito
JP,Japan,Japón,649-5463,Takano,Wakayama Ken,43,"Higashimuro Gun ",1862767," Nachikatsura Cho",30421,33.6333,135.8167,4,takano
JP,Japan,Japón,649-5464,Hitahashira,Wakayama Ken,43,"Higashimuro Gun ",1862767," Nachikatsura Cho",30421,33.6429,135.8765,,hitahashira
JP,Japan,Japón,649-5465,Sakaashi,Wakayama Ken,43,"Higashimuro Gun ",1862767," Nachikatsura Cho",30421,33.6429,135.8765,,sakaashi
JP,Japan,Japón,649-5466,Kashiwara,Wakayama Ken,43,"Higashimuro Gun ",1862767," Nachikatsura Cho",30421,33.6429,135.8765,,kashiwara
JP,Japan,Japón,644-0000,Mihama Cho,Wakayama Ken,43,"Hidaka Gun ",1862875," Mihama Cho",30381,33.8878,135.1578,,mihama-cho
JP,Japan,Japón,644-0041,Tai,Wakayama Ken,43,"Hidaka Gun ",1862875," Mihama Cho",30381,33.8967,135.1623,,tai
JP,Japan,Japón,644-0042,Hamanose,Wakayama Ken,43,"Hidaka Gun ",1862875," Mihama Cho",30381,33.8967,135.1623,4,hamanose
JP,Japan,Japón,644-0043,Yoshihara,Wakayama Ken,43,"Hidaka Gun ",1862875," Mihama Cho",30381,33.8967,135.1623,,yoshihara
JP,Japan,Japón,644-0044,Wada,Wakayama Ken,43,"Hidaka Gun ",1862875," Mihama Cho",30381,33.8967,135.1623,4,wada
JP,Japan,Japón,644-0045,Mio,Wakayama Ken,43,"Hidaka Gun ",1862875," Mihama Cho",30381,33.8967,135.1623,4,mio
JP,Japan,Japón,644-0201,Kawamata,Wakayama Ken,43,"Hidaka Gun ",1862875," Inami Cho",30390,33.8967,135.1623,,kawamata
JP,Japan,Japón,644-0202,Kabora,Wakayama Ken,43,"Hidaka Gun ",1862875," Inami Cho",30390,33.8967,135.1623,4,kabora
JP,Japan,Japón,644-0211,Takakushi,Wakayama Ken,43,"Hidaka Gun ",1862875," Inami Cho",30390,33.8967,135.1623,,takakushi
JP,Japan,Japón,644-0212,Tanokaito,Wakayama Ken,43,"Hidaka Gun ",1862875," Inami Cho",30390,33.8967,135.1623,,tanokaito
JP,Japan,Japón,644-0213,Nishikonogawa,Wakayama Ken,43,"Hidaka Gun ",1862875," Inami Cho",30390,33.8967,135.1623,,nishikonogawa
JP,Japan,Japón,644-0214,Kobara,Wakayama Ken,43,"Hidaka Gun ",1862875," Inami Cho",30390,33.8967,135.1623,4,kobara
JP,Japan,Japón,644-0215,Kaizegawa,Wakayama Ken,43,"Hidaka Gun ",1862875," Inami Cho",30390,33.8967,135.1623,,kaizegawa
JP,Japan,Japón,644-0216,Sakinohara,Wakayama Ken,43,"Hidaka Gun ",1862875," Inami Cho",30390,33.8967,135.1623,,sakinohara
JP,Japan,Japón,644-0217,Nyu,Wakayama Ken,43,"Hidaka Gun ",1862875," Inami Cho",30390,33.8967,135.1623,,nyu
JP,Japan,Japón,644-0218,Matsubara,Wakayama Ken,43,"Hidaka Gun ",1862875," Inami Cho",30390,33.8967,135.1623,,matsubara
JP,Japan,Japón,644-1101,Tonogawa,Wakayama Ken,43,"Hidaka Gun ",1862875," Hidakagawa Cho",30392,33.9597,135.3585,,tonogawa
JP,Japan,Japón,644-1111,Funatsu,Wakayama Ken,43,"Hidaka Gun ",1862875," Hidakagawa Cho",30392,33.95,135.2667,4,funatsu
JP,Japan,Japón,644-1121,Nishihara,Wakayama Ken,43,"Hidaka Gun ",1862875," Hidakagawa Cho",30392,33.9597,135.3585,,nishihara
JP,Japan,Japón,644-1122,Takatsuo,Wakayama Ken,43,"Hidaka Gun ",1862875," Hidakagawa Cho",30392,33.9597,135.3585,,takatsuo
JP,Japan,Japón,644-1123,Takatsuogawa,Wakayama Ken,43,"Hidaka Gun ",1862875," Hidakagawa Cho",30392,33.9597,135.3585,,takatsuogawa
JP,Japan,Japón,644-1131,Misoigawa,Wakayama Ken,43,"Hidaka Gun ",1862875," Hidakagawa Cho",30392,33.9597,135.3585,,misoigawa
JP,Japan,Japón,644-1132,Aneko,Wakayama Ken,43,"Hidaka Gun ",1862875," Hidakagawa Cho",30392,33.9597,135.3585,,aneko
JP,Japan,Japón,644-1133,Harabiura,Wakayama Ken,43,"Hidaka Gun ",1862875," Hidakagawa Cho",30392,33.9597,135.3585,,harabiura
JP,Japan,Japón,644-1134,Misogi,Wakayama Ken,43,"Hidaka Gun ",1862875," Hidakagawa Cho",30392,33.9597,135.3585,,misogi
JP,Japan,Japón,644-1141,Kamitahara,Wakayama Ken,43,"Hidaka Gun ",1862875," Hidakagawa Cho",30392,33.9597,135.3585,,kamitahara
JP,Japan,Japón,644-1142,Shimotahara,Wakayama Ken,43,"Hidaka Gun ",1862875," Hidakagawa Cho",30392,33.9597,135.3585,,shimotahara
JP,Japan,Japón,644-1143,Kokamoto,Wakayama Ken,43,"Hidaka Gun ",1862875," Hidakagawa Cho",30392,33.9597,135.3585,,kokamoto
JP,Japan,Japón,644-1151,Tajiri,Wakayama Ken,43,"Hidaka Gun ",1862875," Hidakagawa Cho",30392,33.9597,135.3585,,tajiri
JP,Japan,Japón,644-1152,Miza,Wakayama Ken,43,"Hidaka Gun ",1862875," Hidakagawa Cho",30392,33.9167,135.3167,4,miza
JP,Japan,Japón,644-1161,Sakanogawa,Wakayama Ken,43,"Hidaka Gun ",1862875," Hidakagawa Cho",30392,33.9597,135.3585,,sakanogawa
JP,Japan,Japón,644-1162,Oiboshi,Wakayama Ken,43,"Hidaka Gun ",1862875," Hidakagawa Cho",30392,33.9597,135.3585,,oiboshi
JP,Japan,Japón,644-1163,Omata,Wakayama Ken,43,"Hidaka Gun ",1862875," Hidakagawa Cho",30392,33.9597,135.3585,,omata
JP,Japan,Japón,644-1164,Sai,Wakayama Ken,43,"Hidaka Gun ",1862875," Hidakagawa Cho",30392,33.9597,135.3585,,sai
JP,Japan,Japón,644-1201,Kawaharago,Wakayama Ken,43,"Hidaka Gun ",1862875," Hidakagawa Cho",30392,33.9597,135.3585,,kawaharago
JP,Japan,Japón,644-1211,Iyadani,Wakayama Ken,43,"Hidaka Gun ",1862875," Hidakagawa Cho",30392,33.9597,135.3585,,iyadani
JP,Japan,Japón,644-1212,Kaize,Wakayama Ken,43,"Hidaka Gun ",1862875," Hidakagawa Cho",30392,33.9597,135.3585,,kaize
JP,Japan,Japón,644-1213,Ataigawa,Wakayama Ken,43,"Hidaka Gun ",1862875," Hidakagawa Cho",30392,33.9597,135.3585,,ataigawa
JP,Japan,Japón,644-1214,Kamiubuyugawa,Wakayama Ken,43,"Hidaka Gun ",1862875," Hidakagawa Cho",30392,34.0052,135.4193,4,kamiubuyugawa
JP,Japan,Japón,644-1221,Sogawa,Wakayama Ken,43,"Hidaka Gun ",1862875," Hidakagawa Cho",30392,33.9597,135.3585,,sogawa
JP,Japan,Japón,644-1222,Kushimoto,Wakayama Ken,43,"Hidaka Gun ",1862875," Hidakagawa Cho",30392,33.9597,135.3585,,kushimoto
JP,Japan,Japón,644-1231,Ubuyugawa,Wakayama Ken,43,"Hidaka Gun ",1862875," Hidakagawa Cho",30392,33.9597,135.3585,,ubuyugawa
JP,Japan,Japón,644-1241,Takigashira,Wakayama Ken,43,"Hidaka Gun ",1862875," Hidakagawa Cho",30392,33.9597,135.3585,,takigashira
JP,Japan,Japón,644-1242,Kumanogawa,Wakayama Ken,43,"Hidaka Gun ",1862875," Hidakagawa Cho",30392,33.9597,135.3585,,kumanogawa
JP,Japan,Japón,644-1243,Asama,Wakayama Ken,43,"Hidaka Gun ",1862875," Hidakagawa Cho",30392,33.9597,135.3585,,asama
JP,Japan,Japón,644-1244,Kamikoshikata,Wakayama Ken,43,"Hidaka Gun ",1862875," Hidakagawa Cho",30392,33.9597,135.3585,,kamikoshikata
JP,Japan,Japón,644-1292,日高川町役場　美山支所,Wakayama Ken,43,"Hidaka Gun ",1862875,Hidakagawa-chō,30392,33.9597,135.3585,,
JP,Japan,Japón,645-0000,Minabe Cho,Wakayama Ken,43,"Hidaka Gun ",1862875," Minabe Cho",30391,33.7655,135.3265,,minabe-cho
JP,Japan,Japón,645-0001,Higashiyoshida,Wakayama Ken,43,"Hidaka Gun ",1862875," Minabe Cho",30391,33.7755,135.3266,,higashiyoshida
JP,Japan,Japón,645-0002,Shiba,Wakayama Ken,43,"Hidaka Gun ",1862875," Minabe Cho",30391,33.7682,135.3287,,shiba
JP,Japan,Japón,645-0003,Sakai,Wakayama Ken,43,"Hidaka Gun ",1862875," Minabe Cho",30391,33.7517,135.3334,,sakai
JP,Japan,Japón,645-0004,Haneta,Wakayama Ken,43,"Hidaka Gun ",1862875," Minabe Cho",30391,33.7593,135.3309,4,haneta
JP,Japan,Japón,645-0005,Minamido,Wakayama Ken,43,"Hidaka Gun ",1862875," Minabe Cho",30391,33.7683,135.3189,,minamido
JP,Japan,Japón,645-0006,Kitado,Wakayama Ken,43,"Hidaka Gun ",1862875," Minabe Cho",30391,33.77,135.3204,,kitado
JP,Japan,Japón,645-0011,Kisato,Wakayama Ken,43,"Hidaka Gun ",1862875," Minabe Cho",30391,33.7759,135.3199,,kisato
JP,Japan,Japón,645-0012,Yamauchi,Wakayama Ken,43,"Hidaka Gun ",1862875," Minabe Cho",30391,33.7754,135.3014,,yamauchi
JP,Japan,Japón,645-0013,Higashiiwashiro,Wakayama Ken,43,"Hidaka Gun ",1862875," Minabe Cho",30391,33.7978,135.2925,,higashiiwashiro
JP,Japan,Japón,645-0014,Nishiiwashiro,Wakayama Ken,43,"Hidaka Gun ",1862875," Minabe Cho",30391,33.7993,135.2717,,nishiiwashiro
JP,Japan,Japón,645-0021,Higashihonjo,Wakayama Ken,43,"Hidaka Gun ",1862875," Minabe Cho",30391,33.8116,135.3453,,higashihonjo
JP,Japan,Japón,645-0022,Oshine,Wakayama Ken,43,"Hidaka Gun ",1862875," Minabe Cho",30391,33.7945,135.3447,,oshine
JP,Japan,Japón,645-0023,Kumaoka,Wakayama Ken,43,"Hidaka Gun ",1862875," Minabe Cho",30391,33.7786,135.3388,,kumaoka
JP,Japan,Japón,645-0024,Tokuzo,Wakayama Ken,43,"Hidaka Gun ",1862875," Minabe Cho",30391,33.7823,135.3225,,tokuzo
JP,Japan,Japón,645-0025,Suji,Wakayama Ken,43,"Hidaka Gun ",1862875," Minabe Cho",30391,33.7878,135.3132,,suji
JP,Japan,Japón,645-0026,Taniguchi,Wakayama Ken,43,"Hidaka Gun ",1862875," Minabe Cho",30391,33.7891,135.3299,,taniguchi
JP,Japan,Japón,645-0027,Nishihonjo,Wakayama Ken,43,"Hidaka Gun ",1862875," Minabe Cho",30391,33.8144,135.3175,,nishihonjo
JP,Japan,Japón,645-0028,Kumasegawa,Wakayama Ken,43,"Hidaka Gun ",1862875," Minabe Cho",30391,33.8507,135.3175,,kumasegawa
JP,Japan,Japón,645-0201,Kiyokawa,Wakayama Ken,43,"Hidaka Gun ",1862875," Minabe Cho",30391,33.8607,135.4155,,kiyokawa
JP,Japan,Japón,645-0202,Higashikonogawa,Wakayama Ken,43,"Hidaka Gun ",1862875," Minabe Cho",30391,33.8643,135.3808,,higashikonogawa
JP,Japan,Japón,645-0203,Shimanose,Wakayama Ken,43,"Hidaka Gun ",1862875," Minabe Cho",30391,33.8513,135.3674,,shimanose
JP,Japan,Japón,645-0204,Hirono,Wakayama Ken,43,"Hidaka Gun ",1862875," Minabe Cho",30391,33.8397,135.3574,,hirono
JP,Japan,Japón,645-0205,Taki,Wakayama Ken,43,"Hidaka Gun ",1862875," Minabe Cho",30391,33.8458,135.3393,,taki
JP,Japan,Japón,645-0206,Doi,Wakayama Ken,43,"Hidaka Gun ",1862875," Minabe Cho",30391,33.8538,135.3492,,doi
JP,Japan,Japón,645-0207,Takano,Wakayama Ken,43,"Hidaka Gun ",1862875," Minabe Cho",30391,33.864,135.3337,,takano
JP,Japan,Japón,645-0208,Ichiigawa,Wakayama Ken,43,"Hidaka Gun ",1862875," Minabe Cho",30391,33.8708,135.3554,,ichiigawa
JP,Japan,Japón,645-0551,Sogawa(Ogawa),Wakayama Ken,43,"Hidaka Gun ",1862875," Hidakagawa Cho",30392,33.8062,135.3333,,sogawa-ogawa
JP,Japan,Japón,645-8501,Yamauchi,Wakayama Ken,43,"Hidaka Gun ",1862875,Minabe-chō,30391,33.8295,135.3499,,yamauchi
JP,Japan,Japón,645-8511,Kisato,Wakayama Ken,43,"Hidaka Gun ",1862875,Minabe-chō,30391,33.8295,135.3499,,kisato
JP,Japan,Japón,649-1100,Yura Cho,Wakayama Ken,43,"Hidaka Gun ",1862875," Yura Cho",30383,33.9772,135.1222,,yura-cho
JP,Japan,Japón,649-1101,Hata,Wakayama Ken,43,"Hidaka Gun ",1862875," Yura Cho",30383,33.9772,135.1222,,hata
JP,Japan,Japón,649-1102,Naka,Wakayama Ken,43,"Hidaka Gun ",1862875," Yura Cho",30383,33.9772,135.1222,,naka
JP,Japan,Japón,649-1103,Monzen,Wakayama Ken,43,"Hidaka Gun ",1862875," Yura Cho",30383,33.9772,135.1222,,monzen
JP,Japan,Japón,649-1104,Enokoma,Wakayama Ken,43,"Hidaka Gun ",1862875," Yura Cho",30383,33.9772,135.1222,,enokoma
JP,Japan,Japón,649-1111,Sato,Wakayama Ken,43,"Hidaka Gun ",1862875," Yura Cho",30383,33.9551,135.1146,4,sato
JP,Japan,Japón,649-1112,Ajiro,Wakayama Ken,43,"Hidaka Gun ",1862875," Yura Cho",30383,33.9772,135.1222,,ajiro
JP,Japan,Japón,649-1113,Ato,Wakayama Ken,43,"Hidaka Gun ",1862875," Yura Cho",30383,33.9772,135.1222,,ato
JP,Japan,Japón,649-1121,Fukei,Wakayama Ken,43,"Hidaka Gun ",1862875," Yura Cho",30383,33.9772,135.1222,,fukei
JP,Japan,Japón,649-1122,Kamiya,Wakayama Ken,43,"Hidaka Gun ",1862875," Yura Cho",30383,33.9772,135.1222,,kamiya
JP,Japan,Japón,649-1123,Obiki,Wakayama Ken,43,"Hidaka Gun ",1862875," Yura Cho",30383,33.9772,135.1222,,obiki
JP,Japan,Japón,649-1131,Kobiki,Wakayama Ken,43,"Hidaka Gun ",1862875," Yura Cho",30383,33.9772,135.1222,,kobiki
JP,Japan,Japón,649-1132,Ena,Wakayama Ken,43,"Hidaka Gun ",1862875," Yura Cho",30383,33.9878,135.1089,4,ena
JP,Japan,Japón,649-1133,Miogawa,Wakayama Ken,43,"Hidaka Gun ",1862875," Yura Cho",30383,33.9772,135.1222,,miogawa
JP,Japan,Japón,649-1134,Totsui,Wakayama Ken,43,"Hidaka Gun ",1862875," Yura Cho",30383,33.9772,135.1222,,totsui
JP,Japan,Japón,649-1200,Hidaka Cho,Wakayama Ken,43,"Hidaka Gun ",1862875," Hidaka Cho",30382,33.9328,135.1219,,hidaka-cho
JP,Japan,Japón,649-1201,Haradani,Wakayama Ken,43,"Hidaka Gun ",1862875," Hidaka Cho",30382,33.9667,135.15,4,haradani
JP,Japan,Japón,649-1202,Hagiwara,Wakayama Ken,43,"Hidaka Gun ",1862875," Hidaka Cho",30382,33.9328,135.1219,,hagiwara
JP,Japan,Japón,649-1203,Ikeda,Wakayama Ken,43,"Hidaka Gun ",1862875," Hidaka Cho",30382,33.9328,135.1219,,ikeda
JP,Japan,Japón,649-1211,Ibaraki,Wakayama Ken,43,"Hidaka Gun ",1862875," Hidaka Cho",30382,33.9328,135.1219,,ibaraki
JP,Japan,Japón,649-1212,Onaka,Wakayama Ken,43,"Hidaka Gun ",1862875," Hidaka Cho",30382,33.9328,135.1219,,onaka
JP,Japan,Japón,649-1213,Taie,Wakayama Ken,43,"Hidaka Gun ",1862875," Hidaka Cho",30382,33.9328,135.1219,,taie
JP,Japan,Japón,649-1221,Shiga,Wakayama Ken,43,"Hidaka Gun ",1862875," Hidaka Cho",30382,33.9328,135.1219,,shiga
JP,Japan,Japón,649-1222,Oike,Wakayama Ken,43,"Hidaka Gun ",1862875," Hidaka Cho",30382,33.9328,135.1219,,oike
JP,Japan,Japón,649-1223,Ora,Wakayama Ken,43,"Hidaka Gun ",1862875," Hidaka Cho",30382,33.9328,135.1219,,ora
JP,Japan,Japón,649-1224,Tsukuno,Wakayama Ken,43,"Hidaka Gun ",1862875," Hidaka Cho",30382,33.9328,135.1219,,tsukuno
JP,Japan,Japón,649-1225,Katakui,Wakayama Ken,43,"Hidaka Gun ",1862875," Hidaka Cho",30382,33.9328,135.1219,,katakui
JP,Japan,Japón,649-1231,Osaka,Wakayama Ken,43,"Hidaka Gun ",1862875," Hidaka Cho",30382,33.9328,135.1219,,osaka
JP,Japan,Japón,649-1232,Ao,Wakayama Ken,43,"Hidaka Gun ",1862875," Hidaka Cho",30382,33.9328,135.1219,,ao
JP,Japan,Japón,649-1233,Ubuyu,Wakayama Ken,43,"Hidaka Gun ",1862875," Hidaka Cho",30382,33.9328,135.1219,,ubuyu
JP,Japan,Japón,649-1234,Hii,Wakayama Ken,43,"Hidaka Gun ",1862875," Hidaka Cho",30382,33.9205,135.0821,4,hii
JP,Japan,Japón,649-1300,Hidakagawa Cho,Wakayama Ken,43,"Hidaka Gun ",1862875," Hidakagawa Cho",30392,33.9597,135.3585,,hidakagawa-cho
JP,Japan,Japón,649-1311,Hyugawa,Wakayama Ken,43,"Hidaka Gun ",1862875," Hidakagawa Cho",30392,33.9597,135.3585,,hyugawa
JP,Japan,Japón,649-1312,Miyose,Wakayama Ken,43,"Hidaka Gun ",1862875," Hidakagawa Cho",30392,33.9597,135.3585,,miyose
JP,Japan,Japón,649-1313,Itogo,Wakayama Ken,43,"Hidaka Gun ",1862875," Hidakagawa Cho",30392,33.9597,135.3585,,itogo
JP,Japan,Japón,649-1314,Haikuzu,Wakayama Ken,43,"Hidaka Gun ",1862875," Hidakagawa Cho",30392,33.9597,135.3585,,haikuzu
JP,Japan,Japón,649-1315,Gengo,Wakayama Ken,43,"Hidaka Gun ",1862875," Hidakagawa Cho",30392,33.9597,135.3585,,gengo
JP,Japan,Japón,649-1316,Hebio,Wakayama Ken,43,"Hidaka Gun ",1862875," Hidakagawa Cho",30392,33.9597,135.3585,,hebio
JP,Japan,Japón,649-1321,Nyuno,Wakayama Ken,43,"Hidaka Gun ",1862875," Hidakagawa Cho",30392,33.9597,135.3585,,nyuno
JP,Japan,Japón,649-1322,Wakano,Wakayama Ken,43,"Hidaka Gun ",1862875," Hidakagawa Cho",30392,33.9597,135.3585,,wakano
JP,Japan,Japón,649-1323,Koguma,Wakayama Ken,43,"Hidaka Gun ",1862875," Hidakagawa Cho",30392,33.9597,135.3585,,koguma
JP,Japan,Japón,649-1324,Habu,Wakayama Ken,43,"Hidaka Gun ",1862875," Hidakagawa Cho",30392,33.9597,135.3585,,habu
JP,Japan,Japón,649-1325,Nakatsukawa,Wakayama Ken,43,"Hidaka Gun ",1862875," Hidakagawa Cho",30392,33.9597,135.3585,,nakatsukawa
JP,Japan,Japón,649-1331,Kanemaki,Wakayama Ken,43,"Hidaka Gun ",1862875," Hidakagawa Cho",30392,33.9597,135.3585,,kanemaki
JP,Japan,Japón,649-1332,Senzugawa,Wakayama Ken,43,"Hidaka Gun ",1862875," Hidakagawa Cho",30392,33.9597,135.3585,,senzugawa
JP,Japan,Japón,649-1441,Sanya,Wakayama Ken,43,"Hidaka Gun ",1862875," Hidakagawa Cho",30392,33.9597,135.3585,,sanya
JP,Japan,Japón,649-1442,Ekawa,Wakayama Ken,43,"Hidaka Gun ",1862875," Hidakagawa Cho",30392,33.9597,135.3585,,ekawa
JP,Japan,Japón,649-1443,Wasa,Wakayama Ken,43,"Hidaka Gun ",1862875," Hidakagawa Cho",30392,33.8963,135.2076,4,wasa
JP,Japan,Japón,649-1444,Matsuse,Wakayama Ken,43,"Hidaka Gun ",1862875," Hidakagawa Cho",30392,33.9597,135.3585,,matsuse
JP,Japan,Japón,649-1500,Inami Cho,Wakayama Ken,43,"Hidaka Gun ",1862875," Inami Cho",30390,33.8563,135.2788,,inami-cho
JP,Japan,Japón,649-1521,Misato,Wakayama Ken,43,"Hidaka Gun ",1862875," Inami Cho",30390,33.8563,135.2788,,misato
JP,Japan,Japón,649-1522,Furui,Wakayama Ken,43,"Hidaka Gun ",1862875," Inami Cho",30390,33.8563,135.2788,,furui
JP,Japan,Japón,649-1523,Hokusogawa,Wakayama Ken,43,"Hidaka Gun ",1862875," Inami Cho",30390,33.8563,135.2788,,hokusogawa
JP,Japan,Japón,649-1524,Haroku,Wakayama Ken,43,"Hidaka Gun ",1862875," Inami Cho",30390,33.8563,135.2788,,haroku
JP,Japan,Japón,649-1525,Furuya,Wakayama Ken,43,"Hidaka Gun ",1862875," Inami Cho",30390,33.8563,135.2788,,furuya
JP,Japan,Japón,649-1526,Miyanomae,Wakayama Ken,43,"Hidaka Gun ",1862875," Inami Cho",30390,33.8563,135.2788,,miyanomae
JP,Japan,Japón,649-1527,Shimada,Wakayama Ken,43,"Hidaka Gun ",1862875," Inami Cho",30390,33.8563,135.2788,,shimada
JP,Japan,Japón,649-1528,Nishinoji,Wakayama Ken,43,"Hidaka Gun ",1862875," Inami Cho",30390,33.8563,135.2788,,nishinoji
JP,Japan,Japón,649-1531,Tateishi,Wakayama Ken,43,"Hidaka Gun ",1862875," Inami Cho",30390,33.8563,135.2788,,tateishi
JP,Japan,Japón,649-1532,Inambara,Wakayama Ken,43,"Hidaka Gun ",1862875," Inami Cho",30390,33.8563,135.2788,,inambara
JP,Japan,Japón,649-1533,Yamaguchi,Wakayama Ken,43,"Hidaka Gun ",1862875," Inami Cho",30390,33.8167,135.2333,4,yamaguchi
JP,Japan,Japón,649-1534,Inami,Wakayama Ken,43,"Hidaka Gun ",1862875," Inami Cho",30390,33.8091,135.2205,4,inami
JP,Japan,Japón,649-1535,Tsui,Wakayama Ken,43,"Hidaka Gun ",1862875," Inami Cho",30390,33.8563,135.2788,,tsui
JP,Japan,Japón,649-1536,Minamidani,Wakayama Ken,43,"Hidaka Gun ",1862875," Inami Cho",30390,33.8563,135.2788,,minamidani
JP,Japan,Japón,649-1537,Myojingawa,Wakayama Ken,43,"Hidaka Gun ",1862875," Inami Cho",30390,33.8563,135.2788,,myojingawa
JP,Japan,Japón,648-0000,Hashimoto Shi,Wakayama Ken,43,Hashimoto Shi,1863079,,,34.3249,135.6112,,hashimoto-shi
JP,Japan,Japón,648-0001,Sugio,Wakayama Ken,43,Hashimoto Shi,1863079,,,34.3719,135.6415,,sugio
JP,Japan,Japón,648-0002,Sudacho Hirano,Wakayama Ken,43,Hashimoto Shi,1863079,,,34.3249,135.6112,,sudacho-hirano
JP,Japan,Japón,648-0003,Sudacho Yamauchi,Wakayama Ken,43,Hashimoto Shi,1863079,,,34.3249,135.6112,,sudacho-yamauchi
JP,Japan,Japón,648-0004,Sudacho Shimokusa,Wakayama Ken,43,Hashimoto Shi,1863079,,,34.3249,135.6112,,sudacho-shimokusa
JP,Japan,Japón,648-0005,Ominedai,Wakayama Ken,43,Hashimoto Shi,1863079,,,34.3249,135.6112,,ominedai
JP,Japan,Japón,648-0006,Sakaihara,Wakayama Ken,43,Hashimoto Shi,1863079,,,34.3681,135.6316,,sakaihara
JP,Japan,Japón,648-0007,Kinohikaridai,Wakayama Ken,43,Hashimoto Shi,1863079,,,34.3249,135.6112,,kinohikaridai
JP,Japan,Japón,648-0011,Sudacho Matsuchi,Wakayama Ken,43,Hashimoto Shi,1863079,,,34.3249,135.6112,,sudacho-matsuchi
JP,Japan,Japón,648-0012,Sudacho Imo,Wakayama Ken,43,Hashimoto Shi,1863079,,,34.3249,135.6112,,sudacho-imo
JP,Japan,Japón,648-0013,Sudacho Chuge,Wakayama Ken,43,Hashimoto Shi,1863079,,,34.3249,135.6112,,sudacho-chuge
JP,Japan,Japón,648-0014,Sudacho Kamihyogo,Wakayama Ken,43,Hashimoto Shi,1863079,,,34.3249,135.6112,,sudacho-kamihyogo
JP,Japan,Japón,648-0015,Sudacho Koze,Wakayama Ken,43,Hashimoto Shi,1863079,,,34.3249,135.6112,,sudacho-koze
JP,Japan,Japón,648-0016,Sudacho Shimohyogo,Wakayama Ken,43,Hashimoto Shi,1863079,,,34.3249,135.6112,,sudacho-shimohyogo
JP,Japan,Japón,648-0017,Sudacho Nakajima,Wakayama Ken,43,Hashimoto Shi,1863079,,,34.3249,135.6112,,sudacho-nakajima
JP,Japan,Japón,648-0018,Sudacho Tarui,Wakayama Ken,43,Hashimoto Shi,1863079,,,34.3249,135.6112,,sudacho-tarui
JP,Japan,Japón,648-0019,Ayanodai,Wakayama Ken,43,Hashimoto Shi,1863079,,,34.3249,135.6112,,ayanodai
JP,Japan,Japón,648-0021,Koino,Wakayama Ken,43,Hashimoto Shi,1863079,,,34.318,135.6609,,koino
JP,Japan,Japón,648-0022,Akatsuka,Wakayama Ken,43,Hashimoto Shi,1863079,,,34.3112,135.6505,,akatsuka
JP,Japan,Japón,648-0023,Nakado,Wakayama Ken,43,Hashimoto Shi,1863079,,,34.3084,135.6429,,nakado
JP,Japan,Japón,648-0024,Ueda,Wakayama Ken,43,Hashimoto Shi,1863079,,,34.301,135.635,,ueda
JP,Japan,Japón,648-0025,Mukasoi,Wakayama Ken,43,Hashimoto Shi,1863079,,,34.3113,135.6189,,mukasoi
JP,Japan,Japón,648-0031,Tadano,Wakayama Ken,43,Hashimoto Shi,1863079,,,34.3004,135.6642,,tadano
JP,Japan,Japón,648-0032,Taniobuka,Wakayama Ken,43,Hashimoto Shi,1863079,,,34.2817,135.6677,,taniobuka
JP,Japan,Japón,648-0033,Kitayadori,Wakayama Ken,43,Hashimoto Shi,1863079,,,34.2571,135.6625,,kitayadori
JP,Japan,Japón,648-0034,Minamiyadori,Wakayama Ken,43,Hashimoto Shi,1863079,,,34.2558,135.6434,,minamiyadori
JP,Japan,Japón,648-0035,Hikotani,Wakayama Ken,43,Hashimoto Shi,1863079,,,34.2804,135.6472,,hikotani
JP,Japan,Japón,648-0036,Yokoza,Wakayama Ken,43,Hashimoto Shi,1863079,,,34.297,135.6251,,yokoza
JP,Japan,Japón,648-0037,Kashikodo,Wakayama Ken,43,Hashimoto Shi,1863079,,,34.3077,135.6143,,kashikodo
JP,Japan,Japón,648-0038,Sugo,Wakayama Ken,43,Hashimoto Shi,1863079,,,34.2972,135.6535,,sugo
JP,Japan,Japón,648-0041,Shimizu,Wakayama Ken,43,Hashimoto Shi,1863079,,,34.3014,135.6091,,shimizu
JP,Japan,Japón,648-0042,Nishihata,Wakayama Ken,43,Hashimoto Shi,1863079,,,34.292,135.6197,,nishihata
JP,Japan,Japón,648-0043,Kamuro,Wakayama Ken,43,Hashimoto Shi,1863079,,,34.2903,135.5824,,kamuro
JP,Japan,Japón,648-0044,Minamibaba,Wakayama Ken,43,Hashimoto Shi,1863079,,,34.2965,135.5944,,minamibaba
JP,Japan,Japón,648-0051,Hosokawa,Wakayama Ken,43,Hashimoto Shi,1863079,,,34.3587,135.6207,,hosokawa
JP,Japan,Japón,648-0052,Kimi,Wakayama Ken,43,Hashimoto Shi,1863079,,,34.3414,135.6165,,kimi
JP,Japan,Japón,648-0053,Shirasagidai,Wakayama Ken,43,Hashimoto Shi,1863079,,,34.3385,135.6122,,shirasagidai
JP,Japan,Japón,648-0054,Shiroyamadai,Wakayama Ken,43,Hashimoto Shi,1863079,,,34.3249,135.6112,,shiroyamadai
JP,Japan,Japón,648-0061,Kitababa,Wakayama Ken,43,Hashimoto Shi,1863079,,,34.3285,135.6136,,kitababa
JP,Japan,Japón,648-0062,Tsuma,Wakayama Ken,43,Hashimoto Shi,1863079,,,34.3258,135.6224,,tsuma
JP,Japan,Japón,648-0063,Harada,Wakayama Ken,43,Hashimoto Shi,1863079,,,34.3312,135.6197,,harada
JP,Japan,Japón,648-0064,Hashimoto,Wakayama Ken,43,Hashimoto Shi,1863079,,,34.3216,135.6158,,hashimoto
JP,Japan,Japón,648-0065,Kosada,Wakayama Ken,43,Hashimoto Shi,1863079,,,34.3224,135.6122,,kosada
JP,Japan,Japón,648-0066,Gomo,Wakayama Ken,43,Hashimoto Shi,1863079,,,34.3363,135.6094,,gomo
JP,Japan,Japón,648-0071,Oharata,Wakayama Ken,43,Hashimoto Shi,1863079,,,34.3289,135.6057,,oharata
JP,Japan,Japón,648-0072,Toge,Wakayama Ken,43,Hashimoto Shi,1863079,,,34.323,135.6036,,toge
JP,Japan,Japón,648-0073,Ichiwaki,Wakayama Ken,43,Hashimoto Shi,1863079,,,34.3244,135.5989,,ichiwaki
JP,Japan,Japón,648-0074,No,Wakayama Ken,43,Hashimoto Shi,1863079,,,34.3228,135.5927,,no
JP,Japan,Japón,648-0075,Satsukidai,Wakayama Ken,43,Hashimoto Shi,1863079,,,34.3149,135.6041,,satsukidai
JP,Japan,Japón,648-0081,Yamada,Wakayama Ken,43,Hashimoto Shi,1863079,,,34.3507,135.5748,,yamada
JP,Japan,Japón,648-0082,Shobutani,Wakayama Ken,43,Hashimoto Shi,1863079,,,34.3457,135.5879,,shobutani
JP,Japan,Japón,648-0083,Deto,Wakayama Ken,43,Hashimoto Shi,1863079,,,34.3295,135.5832,,deto
JP,Japan,Japón,648-0084,Kasebara,Wakayama Ken,43,Hashimoto Shi,1863079,,,34.3209,135.5859,,kasebara
JP,Japan,Japón,648-0085,Kishikami,Wakayama Ken,43,Hashimoto Shi,1863079,,,34.3102,135.5861,,kishikami
JP,Japan,Japón,648-0086,Konono,Wakayama Ken,43,Hashimoto Shi,1863079,,,34.3129,135.5817,,konono
JP,Japan,Japón,648-0087,Yoshihara,Wakayama Ken,43,Hashimoto Shi,1863079,,,34.3392,135.5639,,yoshihara
JP,Japan,Japón,648-0088,Miyukidai,Wakayama Ken,43,Hashimoto Shi,1863079,,,34.3405,135.5868,,miyukidai
JP,Japan,Japón,648-0091,Hashiramoto,Wakayama Ken,43,Hashimoto Shi,1863079,,,34.3726,135.6141,,hashiramoto
JP,Japan,Japón,648-0092,Kimigaoka,Wakayama Ken,43,Hashimoto Shi,1863079,,,34.3647,135.6101,,kimigaoka
JP,Japan,Japón,648-0093,Kegano,Wakayama Ken,43,Hashimoto Shi,1863079,,,34.3562,135.611,,kegano
JP,Japan,Japón,648-0094,Mitsuishidai,Wakayama Ken,43,Hashimoto Shi,1863079,,,34.3647,135.6101,,mitsuishidai
JP,Japan,Japón,648-0095,Hashitani,Wakayama Ken,43,Hashimoto Shi,1863079,,,34.352,135.6052,,hashitani
JP,Japan,Japón,648-0096,Miyukitsuji,Wakayama Ken,43,Hashimoto Shi,1863079,,,34.3389,135.6033,,miyukitsuji
JP,Japan,Japón,648-0097,Kakinokizaka,Wakayama Ken,43,Hashimoto Shi,1863079,,,34.3398,135.5946,,kakinokizaka
JP,Japan,Japón,648-0098,Yagurawaki,Wakayama Ken,43,Hashimoto Shi,1863079,,,34.3691,135.5887,,yagurawaki
JP,Japan,Japón,648-0099,Koyodai,Wakayama Ken,43,Hashimoto Shi,1863079,,,34.3647,135.6101,,koyodai
JP,Japan,Japón,648-8541,Ichiwaki,Wakayama Ken,43,Hashimoto Shi,1863079,,,34.3242,135.6105,,ichiwaki
JP,Japan,Japón,648-8585,Toge,Wakayama Ken,43,Hashimoto Shi,1863079,,,34.3242,135.6105,,toge
JP,Japan,Japón,649-7201,Koyaguchicho Ogo,Wakayama Ken,43,Hashimoto Shi,1863079,,,34.3242,135.6105,,koyaguchicho-ogo
JP,Japan,Japón,649-7202,Koyaguchicho Fushihara,Wakayama Ken,43,Hashimoto Shi,1863079,,,34.3242,135.6105,,koyaguchicho-fushihara
JP,Japan,Japón,649-7203,Koyaguchicho Nagoso,Wakayama Ken,43,Hashimoto Shi,1863079,,,34.3242,135.6105,,koyaguchicho-nagoso
JP,Japan,Japón,649-7204,Koyaguchicho Oda,Wakayama Ken,43,Hashimoto Shi,1863079,,,34.3242,135.6105,,koyaguchicho-oda
JP,Japan,Japón,649-7205,Koyaguchicho Nagura,Wakayama Ken,43,Hashimoto Shi,1863079,,,34.3242,135.6105,,koyaguchicho-nagura
JP,Japan,Japón,649-7206,Koyaguchicho Mukojima,Wakayama Ken,43,Hashimoto Shi,1863079,,,34.3242,135.6105,,koyaguchicho-mukojima
JP,Japan,Japón,649-7207,Koyaguchicho Ono,Wakayama Ken,43,Hashimoto Shi,1863079,,,34.3242,135.6105,,koyaguchicho-ono
JP,Japan,Japón,649-7211,Koyaguchicho Shimonaka,Wakayama Ken,43,Hashimoto Shi,1863079,,,34.3242,135.6105,,koyaguchicho-shimonaka
JP,Japan,Japón,649-7212,Koyaguchicho Kaminaka,Wakayama Ken,43,Hashimoto Shi,1863079,,,34.3242,135.6105,,koyaguchicho-kaminaka
JP,Japan,Japón,649-7213,Koyaguchicho Sagatani,Wakayama Ken,43,Hashimoto Shi,1863079,,,34.3242,135.6105,,koyaguchicho-sagatani
JP,Japan,Japón,649-7214,Koyaguchicho Takeo,Wakayama Ken,43,Hashimoto Shi,1863079,,,34.3242,135.6105,,koyaguchicho-takeo
JP,Japan,Japón,649-7215,Koyaguchicho Kuju,Wakayama Ken,43,Hashimoto Shi,1863079,,,34.3242,135.6105,,koyaguchicho-kuju
JP,Japan,Japón,649-7216,Koyaguchicho Tahara,Wakayama Ken,43,Hashimoto Shi,1863079,,,34.3242,135.6105,,koyaguchicho-tahara
JP,Japan,Japón,649-0300,Arida Shi,Wakayama Ken,43,Arida Shi,1865121,,,34.0874,135.1322,,arida-shi
JP,Japan,Japón,649-0301,Shimonakashima,Wakayama Ken,43,Arida Shi,1865121,,,34.0866,135.1558,,shimonakashima
JP,Japan,Japón,649-0302,Yamadahara,Wakayama Ken,43,Arida Shi,1865121,,,34.0876,135.1454,,yamadahara
JP,Japan,Japón,649-0303,Shindo,Wakayama Ken,43,Arida Shi,1865121,,,34.0875,135.1342,,shindo
JP,Japan,Japón,649-0304,Minoshima,Wakayama Ken,43,Arida Shi,1865121,,,34.0866,135.12,,minoshima
JP,Japan,Japón,649-0305,Minatomachi,Wakayama Ken,43,Arida Shi,1865121,,,34.0887,135.1055,,minatomachi
JP,Japan,Japón,649-0306,Hatsushimacho Hama,Wakayama Ken,43,Arida Shi,1865121,,,34.0874,135.1322,,hatsushimacho-hama
JP,Japan,Japón,649-0307,Hatsushimacho Sato,Wakayama Ken,43,Arida Shi,1865121,,,34.0874,135.1322,,hatsushimacho-sato
JP,Japan,Japón,649-0311,Tsujido,Wakayama Ken,43,Arida Shi,1865121,,,34.0763,135.1477,,tsujido
JP,Japan,Japón,649-0312,Hoshio,Wakayama Ken,43,Arida Shi,1865121,,,34.073,135.1592,,hoshio
JP,Japan,Japón,649-0313,Chida,Wakayama Ken,43,Arida Shi,1865121,,,34.0654,135.1476,,chida
JP,Japan,Japón,649-0314,No,Wakayama Ken,43,Arida Shi,1865121,,,34.073,135.1361,,no
JP,Japan,Japón,649-0315,Yamachi,Wakayama Ken,43,Arida Shi,1865121,,,34.0723,135.129,,yamachi
JP,Japan,Japón,649-0316,Miyazakicho,Wakayama Ken,43,Arida Shi,1865121,,,34.0752,135.1059,,miyazakicho
JP,Japan,Japón,649-0317,Koemi,Wakayama Ken,43,Arida Shi,1865121,,,34.0781,135.1257,,koemi
JP,Japan,Japón,649-0421,Itogacho Nakaban,Wakayama Ken,43,Arida Shi,1865121,,,34.0808,135.1339,,itogacho-nakaban
JP,Japan,Japón,649-0422,Itogacho Nishi,Wakayama Ken,43,Arida Shi,1865121,,,34.0808,135.1339,,itogacho-nishi
JP,Japan,Japón,649-0431,Miyaharacho Hata,Wakayama Ken,43,Arida Shi,1865121,,,34.0808,135.1339,,miyaharacho-hata
JP,Japan,Japón,649-0432,Miyaharacho Higashi,Wakayama Ken,43,Arida Shi,1865121,,,34.0808,135.1339,,miyaharacho-higashi
JP,Japan,Japón,649-0433,Miyaharacho Sugai,Wakayama Ken,43,Arida Shi,1865121,,,34.0808,135.1339,,miyaharacho-sugai
JP,Japan,Japón,649-0434,Miyaharacho Shimmachi,Wakayama Ken,43,Arida Shi,1865121,,,34.0808,135.1339,,miyaharacho-shimmachi
JP,Japan,Japón,649-0435,Miyaharacho Takigahara,Wakayama Ken,43,Arida Shi,1865121,,,34.0808,135.1339,,miyaharacho-takigahara
JP,Japan,Japón,649-0436,Miyaharacho Do,Wakayama Ken,43,Arida Shi,1865121,,,34.0808,135.1339,,miyaharacho-do
JP,Japan,Japón,649-0437,Miyaharacho Taki,Wakayama Ken,43,Arida Shi,1865121,,,34.0808,135.1339,,miyaharacho-taki
JP,Japan,Japón,643-0000,Yuasa Cho,Wakayama Ken,43,"Arida Gun ",1865123," Yuasa Cho",30361,34.033,135.1922,,yuasa-cho
JP,Japan,Japón,643-0000,Hirogawa Cho,Wakayama Ken,43,"Arida Gun ",1865123," Hirogawa Cho",30362,33.9935,135.2077,,hirogawa-cho
JP,Japan,Japón,643-0000,Aridagawa Cho,Wakayama Ken,43,"Arida Gun ",1865123," Aridagawa Cho",30366,34.0719,135.3664,,aridagawa-cho
JP,Japan,Japón,643-0001,Yamada,Wakayama Ken,43,"Arida Gun ",1865123," Yuasa Cho",30361,34.0297,135.2082,4,yamada
JP,Japan,Japón,643-0002,Aoki,Wakayama Ken,43,"Arida Gun ",1865123," Yuasa Cho",30361,34.0312,135.1907,4,aoki
JP,Japan,Japón,643-0003,Besshiyo,Wakayama Ken,43,"Arida Gun ",1865123," Yuasa Cho",30361,34.033,135.1922,,besshiyo
JP,Japan,Japón,643-0004,Yuasa,Wakayama Ken,43,"Arida Gun ",1865123," Yuasa Cho",30361,34.0369,135.1804,4,yuasa
JP,Japan,Japón,643-0005,Suhara,Wakayama Ken,43,"Arida Gun ",1865123," Yuasa Cho",30361,34.033,135.1922,,suhara
JP,Japan,Japón,643-0006,Ta,Wakayama Ken,43,"Arida Gun ",1865123," Yuasa Cho",30361,34.0517,135.1587,4,ta
JP,Japan,Japón,643-0007,Yoshikawa,Wakayama Ken,43,"Arida Gun ",1865123," Yuasa Cho",30361,34.0505,135.1848,4,yoshikawa
JP,Japan,Japón,643-0021,Shimotsuno,Wakayama Ken,43,"Arida Gun ",1865123," Aridagawa Cho",30366,34.063,135.2161,4,shimotsuno
JP,Japan,Japón,643-0022,Oki,Wakayama Ken,43,"Arida Gun ",1865123," Aridagawa Cho",30366,34.0507,135.2138,4,oki
JP,Japan,Japón,643-0023,Kumai,Wakayama Ken,43,"Arida Gun ",1865123," Aridagawa Cho",30366,34.0719,135.3664,,kumai
JP,Japan,Japón,643-0024,Mizushiri,Wakayama Ken,43,"Arida Gun ",1865123," Aridagawa Cho",30366,34.0519,135.199,4,mizushiri
JP,Japan,Japón,643-0025,Habu,Wakayama Ken,43,"Arida Gun ",1865123," Aridagawa Cho",30366,34.0719,135.3664,,habu
JP,Japan,Japón,643-0026,Ueno,Wakayama Ken,43,"Arida Gun ",1865123," Aridagawa Cho",30366,34.0719,135.3664,,ueno
JP,Japan,Japón,643-0031,Noda,Wakayama Ken,43,"Arida Gun ",1865123," Aridagawa Cho",30366,34.0719,135.3664,,noda
JP,Japan,Japón,643-0032,Temma,Wakayama Ken,43,"Arida Gun ",1865123," Aridagawa Cho",30366,34.0719,135.3664,,temma
JP,Japan,Japón,643-0033,Myoji,Wakayama Ken,43,"Arida Gun ",1865123," Aridagawa Cho",30366,34.061,135.195,4,myoji
JP,Japan,Japón,643-0034,Oshima,Wakayama Ken,43,"Arida Gun ",1865123," Aridagawa Cho",30366,34.0719,135.3664,,oshima
JP,Japan,Japón,643-0051,Shimotsugi,Wakayama Ken,43,"Arida Gun ",1865123," Hirogawa Cho",30362,33.9935,135.2077,,shimotsugi
JP,Japan,Japón,643-0052,Kamitsugi,Wakayama Ken,43,"Arida Gun ",1865123," Hirogawa Cho",30362,33.9935,135.2077,,kamitsugi
JP,Japan,Japón,643-0053,Gonose,Wakayama Ken,43,"Arida Gun ",1865123," Hirogawa Cho",30362,33.9935,135.2077,,gonose
JP,Japan,Japón,643-0054,Maeda,Wakayama Ken,43,"Arida Gun ",1865123," Hirogawa Cho",30362,33.9935,135.2077,,maeda
JP,Japan,Japón,643-0055,Iseki,Wakayama Ken,43,"Arida Gun ",1865123," Hirogawa Cho",30362,34.0039,135.1923,4,iseki
JP,Japan,Japón,643-0061,Yanase,Wakayama Ken,43,"Arida Gun ",1865123," Hirogawa Cho",30362,34.0186,135.19,4,yanase
JP,Japan,Japón,643-0062,Tono,Wakayama Ken,43,"Arida Gun ",1865123," Hirogawa Cho",30362,33.9935,135.2077,,tono
JP,Japan,Japón,643-0063,Minamikanaya,Wakayama Ken,43,"Arida Gun ",1865123," Hirogawa Cho",30362,34.0121,135.1802,4,minamikanaya
JP,Japan,Japón,643-0064,Kaminakano,Wakayama Ken,43,"Arida Gun ",1865123," Hirogawa Cho",30362,33.9935,135.2077,,kaminakano
JP,Japan,Japón,643-0065,Higashinaka,Wakayama Ken,43,"Arida Gun ",1865123," Hirogawa Cho",30362,34.0194,135.1845,4,higashinaka
JP,Japan,Japón,643-0066,Nashima,Wakayama Ken,43,"Arida Gun ",1865123," Hirogawa Cho",30362,33.9935,135.2077,,nashima
JP,Japan,Japón,643-0071,Hiro,Wakayama Ken,43,"Arida Gun ",1865123," Hirogawa Cho",30362,33.9935,135.2077,,hiro
JP,Japan,Japón,643-0072,Yamamoto,Wakayama Ken,43,"Arida Gun ",1865123," Hirogawa Cho",30362,34.0149,135.1703,4,yamamoto
JP,Japan,Japón,643-0073,Karo,Wakayama Ken,43,"Arida Gun ",1865123," Hirogawa Cho",30362,34.0048,135.1498,4,karo
JP,Japan,Japón,643-0074,Nishihiro,Wakayama Ken,43,"Arida Gun ",1865123," Hirogawa Cho",30362,34.0098,135.1527,4,nishihiro
JP,Japan,Japón,643-0075,Wada,Wakayama Ken,43,"Arida Gun ",1865123," Hirogawa Cho",30362,33.9935,135.2077,,wada
JP,Japan,Japón,643-0121,Hikogase,Wakayama Ken,43,"Arida Gun ",1865123," Aridagawa Cho",30366,34.0719,135.3664,,hikogase
JP,Japan,Japón,643-0122,Sei,Wakayama Ken,43,"Arida Gun ",1865123," Aridagawa Cho",30366,34.1131,135.2895,4,sei
JP,Japan,Japón,643-0123,Naka,Wakayama Ken,43,"Arida Gun ",1865123," Aridagawa Cho",30366,34.1043,135.2925,4,naka
JP,Japan,Japón,643-0124,Nakamine,Wakayama Ken,43,"Arida Gun ",1865123," Aridagawa Cho",30366,34.0979,135.2961,4,nakamine
JP,Japan,Japón,643-0125,Nutada,Wakayama Ken,43,"Arida Gun ",1865123," Aridagawa Cho",30366,34.0719,135.3664,,nutada
JP,Japan,Japón,643-0126,Hondo,Wakayama Ken,43,"Arida Gun ",1865123," Aridagawa Cho",30366,34.0908,135.2917,4,hondo
JP,Japan,Japón,643-0127,Arihara,Wakayama Ken,43,"Arida Gun ",1865123," Aridagawa Cho",30366,34.0719,135.3664,,arihara
JP,Japan,Japón,643-0128,Nishigamine,Wakayama Ken,43,"Arida Gun ",1865123," Aridagawa Cho",30366,34.0719,135.3664,,nishigamine
JP,Japan,Japón,643-0129,Azeta,Wakayama Ken,43,"Arida Gun ",1865123," Aridagawa Cho",30366,34.0719,135.3664,,azeta
JP,Japan,Japón,643-0131,Oishi,Wakayama Ken,43,"Arida Gun ",1865123," Aridagawa Cho",30366,34.0719,135.3664,,oishi
JP,Japan,Japón,643-0132,Ohara,Wakayama Ken,43,"Arida Gun ",1865123," Aridagawa Cho",30366,34.0847,135.3307,4,ohara
JP,Japan,Japón,643-0133,Onoe,Wakayama Ken,43,"Arida Gun ",1865123," Aridagawa Cho",30366,34.0831,135.3177,4,onoe
JP,Japan,Japón,643-0134,Osono,Wakayama Ken,43,"Arida Gun ",1865123," Aridagawa Cho",30366,34.0803,135.3107,4,osono
JP,Japan,Japón,643-0135,Onishi,Wakayama Ken,43,"Arida Gun ",1865123," Aridagawa Cho",30366,34.0719,135.3664,,onishi
JP,Japan,Japón,643-0136,Aota,Wakayama Ken,43,"Arida Gun ",1865123," Aridagawa Cho",30366,34.0784,135.282,4,aota
JP,Japan,Japón,643-0137,Nobusaka,Wakayama Ken,43,"Arida Gun ",1865123," Aridagawa Cho",30366,34.0719,135.3664,,nobusaka
JP,Japan,Japón,643-0141,Buyo,Wakayama Ken,43,"Arida Gun ",1865123," Aridagawa Cho",30366,34.0717,135.2848,4,buyo
JP,Japan,Japón,643-0142,Ogawa,Wakayama Ken,43,"Arida Gun ",1865123," Aridagawa Cho",30366,34.0731,135.2704,4,ogawa
JP,Japan,Japón,643-0143,Nakano,Wakayama Ken,43,"Arida Gun ",1865123," Aridagawa Cho",30366,34.0719,135.3664,,nakano
JP,Japan,Japón,643-0144,Ichiba,Wakayama Ken,43,"Arida Gun ",1865123," Aridagawa Cho",30366,34.0669,135.2505,4,ichiba
JP,Japan,Japón,643-0151,Hasegawa,Wakayama Ken,43,"Arida Gun ",1865123," Aridagawa Cho",30366,34.0719,135.3664,,hasegawa
JP,Japan,Japón,643-0152,Kanaya,Wakayama Ken,43,"Arida Gun ",1865123," Aridagawa Cho",30366,34.0622,135.2533,4,kanaya
JP,Japan,Japón,643-0153,Nakaibara,Wakayama Ken,43,"Arida Gun ",1865123," Aridagawa Cho",30366,34.0719,135.3664,,nakaibara
JP,Japan,Japón,643-0161,Kangiji,Wakayama Ken,43,"Arida Gun ",1865123," Aridagawa Cho",30366,34.0491,135.2622,4,kangiji
JP,Japan,Japón,643-0162,Matsubara,Wakayama Ken,43,"Arida Gun ",1865123," Aridagawa Cho",30366,34.0453,135.2857,4,matsubara
JP,Japan,Japón,643-0163,Surigawa,Wakayama Ken,43,"Arida Gun ",1865123," Aridagawa Cho",30366,34.0719,135.3664,,surigawa
JP,Japan,Japón,643-0164,Uigoke,Wakayama Ken,43,"Arida Gun ",1865123," Aridagawa Cho",30366,34.0169,135.3347,4,uigoke
JP,Japan,Japón,643-0165,Itogawa,Wakayama Ken,43,"Arida Gun ",1865123," Aridagawa Cho",30366,34.0262,135.2528,4,itogawa
JP,Japan,Japón,643-0166,Yoshihara,Wakayama Ken,43,"Arida Gun ",1865123," Aridagawa Cho",30366,34.0461,135.2548,4,yoshihara
JP,Japan,Japón,643-0171,Kamimutsugawa,Wakayama Ken,43,"Arida Gun ",1865123," Aridagawa Cho",30366,34.1048,135.2533,4,kamimutsugawa
JP,Japan,Japón,643-0172,Kuromatsu,Wakayama Ken,43,"Arida Gun ",1865123," Aridagawa Cho",30366,34.094,135.2605,4,kuromatsu
JP,Japan,Japón,643-0173,Shimomutsugawa,Wakayama Ken,43,"Arida Gun ",1865123," Aridagawa Cho",30366,34.0719,135.3664,,shimomutsugawa
JP,Japan,Japón,643-0174,Itono,Wakayama Ken,43,"Arida Gun ",1865123," Aridagawa Cho",30366,34.0719,135.3664,,itono
JP,Japan,Japón,643-0175,Niu,Wakayama Ken,43,"Arida Gun ",1865123," Aridagawa Cho",30366,34.0743,135.2369,4,niu
JP,Japan,Japón,643-0176,Kamanaka,Wakayama Ken,43,"Arida Gun ",1865123," Aridagawa Cho",30366,34.0948,135.2461,4,kamanaka
JP,Japan,Japón,643-0311,Tani,Wakayama Ken,43,"Arida Gun ",1865123," Aridagawa Cho",30366,34.0719,135.3664,,tani
JP,Japan,Japón,643-0312,Iwanogawa,Wakayama Ken,43,"Arida Gun ",1865123," Aridagawa Cho",30366,34.0514,135.3255,4,iwanogawa
JP,Japan,Japón,643-0313,Kawaguchi,Wakayama Ken,43,"Arida Gun ",1865123," Aridagawa Cho",30366,34.0481,135.3134,4,kawaguchi
JP,Japan,Japón,643-0314,Tateishi,Wakayama Ken,43,"Arida Gun ",1865123," Aridagawa Cho",30366,34.0708,135.315,4,tateishi
JP,Japan,Japón,643-0361,Misegawa,Wakayama Ken,43,"Arida Gun ",1865123," Aridagawa Cho",30366,34.0701,135.3955,4,misegawa
JP,Japan,Japón,643-0362,Kitanokawa,Wakayama Ken,43,"Arida Gun ",1865123," Aridagawa Cho",30366,34.0554,135.3976,4,kitanokawa
JP,Japan,Japón,643-0363,Nisawa,Wakayama Ken,43,"Arida Gun ",1865123," Aridagawa Cho",30366,34.0719,135.3664,,nisawa
JP,Japan,Japón,643-0364,Kawai,Wakayama Ken,43,"Arida Gun ",1865123," Aridagawa Cho",30366,34.0719,135.3664,,kawai
JP,Japan,Japón,643-0365,Nakahara,Wakayama Ken,43,"Arida Gun ",1865123," Aridagawa Cho",30366,34.0498,135.3756,4,nakahara
JP,Japan,Japón,643-0366,Ao,Wakayama Ken,43,"Arida Gun ",1865123," Aridagawa Cho",30366,34.0515,135.3469,4,ao
JP,Japan,Japón,643-0511,Mita,Wakayama Ken,43,"Arida Gun ",1865123," Aridagawa Cho",30366,34.0885,135.4089,4,mita
JP,Japan,Japón,643-0512,Miyagawa,Wakayama Ken,43,"Arida Gun ",1865123," Aridagawa Cho",30366,34.1029,135.4332,4,miyagawa
JP,Japan,Japón,643-0513,Ozo,Wakayama Ken,43,"Arida Gun ",1865123," Aridagawa Cho",30366,34.1157,135.4468,4,ozo
JP,Japan,Japón,643-0514,Kunohara,Wakayama Ken,43,"Arida Gun ",1865123," Aridagawa Cho",30366,34.0719,135.3664,,kunohara
JP,Japan,Japón,643-0515,Murogawa,Wakayama Ken,43,"Arida Gun ",1865123," Aridagawa Cho",30366,34.0719,135.3664,,murogawa
JP,Japan,Japón,643-0521,Shimizu,Wakayama Ken,43,"Arida Gun ",1865123," Aridagawa Cho",30366,34.0823,135.432,4,shimizu
JP,Japan,Japón,643-0522,Shimoyukawa,Wakayama Ken,43,"Arida Gun ",1865123," Aridagawa Cho",30366,34.064,135.45,4,shimoyukawa
JP,Japan,Japón,643-0531,Kusumoto,Wakayama Ken,43,"Arida Gun ",1865123," Aridagawa Cho",30366,34.1021,135.3558,4,kusumoto
JP,Japan,Japón,643-0532,Numa,Wakayama Ken,43,"Arida Gun ",1865123," Aridagawa Cho",30366,34.0999,135.3802,4,numa
JP,Japan,Japón,643-0533,Toi,Wakayama Ken,43,"Arida Gun ",1865123," Aridagawa Cho",30366,34.1074,135.3988,4,toi
JP,Japan,Japón,643-0541,Higashiodani,Wakayama Ken,43,"Arida Gun ",1865123," Aridagawa Cho",30366,34.073,135.3485,4,higashiodani
JP,Japan,Japón,643-0542,Futagawa,Wakayama Ken,43,"Arida Gun ",1865123," Aridagawa Cho",30366,34.0719,135.3664,,futagawa
JP,Japan,Japón,643-0543,Himonogawa,Wakayama Ken,43,"Arida Gun ",1865123," Aridagawa Cho",30366,34.0719,135.3664,,himonogawa
JP,Japan,Japón,643-0544,Sakaigawa,Wakayama Ken,43,"Arida Gun ",1865123," Aridagawa Cho",30366,34.0719,135.3664,,sakaigawa
JP,Japan,Japón,643-0551,Kamiyukawa,Wakayama Ken,43,"Arida Gun ",1865123," Aridagawa Cho",30366,34.0635,135.4957,4,kamiyukawa
JP,Japan,Japón,643-0601,Oshite,Wakayama Ken,43,"Arida Gun ",1865123," Aridagawa Cho",30366,34.1309,135.5065,4,oshite
JP,Japan,Japón,643-0602,Suginohara,Wakayama Ken,43,"Arida Gun ",1865123," Aridagawa Cho",30366,34.118,135.504,4,suginohara
JP,Japan,Japón,643-0603,Itao,Wakayama Ken,43,"Arida Gun ",1865123," Aridagawa Cho",30366,34.1278,135.4949,4,itao
JP,Japan,Japón,643-0604,Idani,Wakayama Ken,43,"Arida Gun ",1865123," Aridagawa Cho",30366,34.1133,135.48,4,idani
JP,Japan,Japón,643-0605,Numatani,Wakayama Ken,43,"Arida Gun ",1865123," Aridagawa Cho",30366,34.0719,135.3664,,numatani
JP,Japan,Japón,643-0801,Tokuda,Wakayama Ken,43,"Arida Gun ",1865123," Aridagawa Cho",30366,34.0629,135.2484,4,tokuda
JP,Japan,Japón,643-0802,Yoshimi,Wakayama Ken,43,"Arida Gun ",1865123," Aridagawa Cho",30366,34.0453,135.232,4,yoshimi
JP,Japan,Japón,643-0803,Higashinyunozu,Wakayama Ken,43,"Arida Gun ",1865123," Aridagawa Cho",30366,34.0719,135.3664,,higashinyunozu
JP,Japan,Japón,643-0811,Sho,Wakayama Ken,43,"Arida Gun ",1865123," Aridagawa Cho",30366,34.0719,135.3664,,sho
JP,Japan,Japón,643-0812,Kaigura,Wakayama Ken,43,"Arida Gun ",1865123," Aridagawa Cho",30366,34.0692,135.2287,4,kaigura
JP,Japan,Japón,643-0813,Nishinyunozu,Wakayama Ken,43,"Arida Gun ",1865123," Aridagawa Cho",30366,34.0719,135.3664,,nishinyunozu
JP,Japan,Japón,643-0841,Nagatani,Wakayama Ken,43,"Arida Gun ",1865123," Aridagawa Cho",30366,34.0719,135.3664,,nagatani
JP,Japan,Japón,643-0842,Funasaka,Wakayama Ken,43,"Arida Gun ",1865123," Aridagawa Cho",30366,34.0719,135.3664,,funasaka
JP,Japan,Japón,643-0843,Kashiko,Wakayama Ken,43,"Arida Gun ",1865123," Aridagawa Cho",30366,34.0813,135.2155,4,kashiko
JP,Japan,Japón,643-0844,Inokuchi,Wakayama Ken,43,"Arida Gun ",1865123," Aridagawa Cho",30366,34.0787,135.2085,4,inokuchi
JP,Japan,Japón,643-0845,Otani,Wakayama Ken,43,"Arida Gun ",1865123," Aridagawa Cho",30366,34.0719,135.3664,,otani
JP,Japan,Japón,643-0846,Taguchi,Wakayama Ken,43,"Arida Gun ",1865123," Aridagawa Cho",30366,34.0791,135.1976,4,taguchi
JP,Japan,Japón,643-0847,Okahata,Wakayama Ken,43,"Arida Gun ",1865123," Aridagawa Cho",30366,34.0719,135.3664,,okahata
JP,Japan,Japón,643-0848,Tazumi,Wakayama Ken,43,"Arida Gun ",1865123," Aridagawa Cho",30366,34.0719,135.3664,,tazumi
JP,Japan,Japón,643-0851,Ide,Wakayama Ken,43,"Arida Gun ",1865123," Aridagawa Cho",30366,34.0719,135.3664,,ide
JP,Japan,Japón,643-0852,Onaka,Wakayama Ken,43,"Arida Gun ",1865123," Aridagawa Cho",30366,34.0719,135.3664,,onaka
JP,Japan,Japón,643-0853,Sumi,Wakayama Ken,43,"Arida Gun ",1865123," Aridagawa Cho",30366,34.0719,135.3664,,sumi
JP,Japan,Japón,643-0854,Nagata,Wakayama Ken,43,"Arida Gun ",1865123," Aridagawa Cho",30366,34.0719,135.3664,,nagata
JP,Japan,Japón,643-0855,Kaminakashima,Wakayama Ken,43,"Arida Gun ",1865123," Aridagawa Cho",30366,34.0719,135.3664,,kaminakashima
JP,Japan,Japón,643-8501,海南高原被害者の会,Wakayama Ken,43,"Arida Gun ",1865123,Aridagawa Chō,30366,34.0719,135.3664,,
JP,Japan,Japón,644-0000,Gobo Shi,Wakayama Ken,43,Gobo Shi,7411112,,,33.8878,135.1578,,gobo-shi
JP,Japan,Japón,644-0001,Gobo,Wakayama Ken,43,Gobo Shi,7411112,,,33.8885,135.1577,,gobo
JP,Japan,Japón,644-0002,Sono,Wakayama Ken,43,Gobo Shi,7411112,,,33.89,135.1532,,sono
JP,Japan,Japón,644-0003,Shima,Wakayama Ken,43,Gobo Shi,7411112,,,33.8928,135.1639,,shima
JP,Japan,Japón,644-0004,Naya,Wakayama Ken,43,Gobo Shi,7411112,,,33.8799,135.1563,,naya
JP,Japan,Japón,644-0005,Nayacho,Wakayama Ken,43,Gobo Shi,7411112,,,33.8878,135.1578,,nayacho
JP,Japan,Japón,644-0011,Yukawacho Takara,Wakayama Ken,43,Gobo Shi,7411112,,,33.9178,135.1497,,yukawacho-takara
JP,Japan,Japón,644-0012,Yukawacho Komatsubara,Wakayama Ken,43,Gobo Shi,7411112,,,33.9178,135.1497,,yukawacho-komatsubara
JP,Japan,Japón,644-0013,Yukawacho Maruyama,Wakayama Ken,43,Gobo Shi,7411112,,,33.9178,135.1497,,yukawacho-maruyama
JP,Japan,Japón,644-0014,Yukawacho Tomiyasu,Wakayama Ken,43,Gobo Shi,7411112,,,33.9178,135.1497,,yukawacho-tomiyasu
JP,Japan,Japón,644-0015,Ibaraki,Wakayama Ken,43,Gobo Shi,7411112,,,33.9178,135.1497,,ibaraki
JP,Japan,Japón,644-0021,Nadacho Kusui,Wakayama Ken,43,Gobo Shi,7411112,,,33.8967,135.1623,,nadacho-kusui
JP,Japan,Japón,644-0022,Nadacho Ueno,Wakayama Ken,43,Gobo Shi,7411112,,,33.8967,135.1623,,nadacho-ueno
JP,Japan,Japón,644-0023,Nadacho Noshima,Wakayama Ken,43,Gobo Shi,7411112,,,33.8967,135.1623,,nadacho-noshima
JP,Japan,Japón,644-0024,Shioyacho Minamishioya,Wakayama Ken,43,Gobo Shi,7411112,,,33.8967,135.1623,,shioyacho-minamishioya
JP,Japan,Japón,644-0025,Shioyacho Kitashioya,Wakayama Ken,43,Gobo Shi,7411112,,,33.8967,135.1623,,shioyacho-kitashioya
JP,Japan,Japón,644-0031,Noguchi,Wakayama Ken,43,Gobo Shi,7411112,,,33.8989,135.1837,,noguchi
JP,Japan,Japón,644-0032,Iwauchi,Wakayama Ken,43,Gobo Shi,7411112,,,33.8877,135.17,,iwauchi
JP,Japan,Japón,644-0033,Iya,Wakayama Ken,43,Gobo Shi,7411112,,,33.8862,135.1861,,iya
JP,Japan,Japón,644-0034,Myojingawa,Wakayama Ken,43,Gobo Shi,7411112,,,33.8706,135.2038,,myojingawa
JP,Japan,Japón,644-8655,Sono,Wakayama Ken,43,Gobo Shi,7411112,,,33.8804,135.1761,,sono
JP,Japan,Japón,644-8686,Sono,Wakayama Ken,43,Gobo Shi,7411112,,,33.8804,135.1761,,sono
JP,Japan,Japón,649-1341,Fujitacho Fujii,Wakayama Ken,43,Gobo Shi,7411112,,,33.8804,135.1761,,fujitacho-fujii
JP,Japan,Japón,649-1342,Fujitacho Yoshida,Wakayama Ken,43,Gobo Shi,7411112,,,33.8804,135.1761,,fujitacho-yoshida
JP,Japan,Japón,649-6200,Iwade Shi,Wakayama Ken,43,Iwade Shi,7411113,,,34.2814,135.3124,,iwade-shi
JP,Japan,Japón,649-6201,Oshigawa,Wakayama Ken,43,Iwade Shi,7411113,,,34.3073,135.3186,,oshigawa
JP,Japan,Japón,649-6202,Negoro,Wakayama Ken,43,Iwade Shi,7411113,,,34.2899,135.3178,,negoro
JP,Japan,Japón,649-6203,Sakuradai,Wakayama Ken,43,Iwade Shi,7411113,,,34.2814,135.3171,,sakuradai
JP,Japan,Japón,649-6204,Imanaka,Wakayama Ken,43,Iwade Shi,7411113,,,34.2726,135.3136,,imanaka
JP,Japan,Japón,649-6205,Mori,Wakayama Ken,43,Iwade Shi,7411113,,,34.2715,135.3092,,mori
JP,Japan,Japón,649-6206,Horiguchi,Wakayama Ken,43,Iwade Shi,7411113,,,34.2718,135.3058,,horiguchi
JP,Japan,Japón,649-6207,Amagatsuji,Wakayama Ken,43,Iwade Shi,7411113,,,34.2756,135.3047,,amagatsuji
JP,Japan,Japón,649-6208,Imahata,Wakayama Ken,43,Iwade Shi,7411113,,,34.2814,135.3124,,imahata
JP,Japan,Japón,649-6211,Higashisakamoto,Wakayama Ken,43,Iwade Shi,7411113,,,34.2792,135.3299,,higashisakamoto
JP,Japan,Japón,649-6212,Shindenhiroshiba,Wakayama Ken,43,Iwade Shi,7411113,,,34.2733,135.3302,,shindenhiroshiba
JP,Japan,Japón,649-6213,Nishikokubu,Wakayama Ken,43,Iwade Shi,7411113,,,34.2669,135.333,,nishikokubu
JP,Japan,Japón,649-6214,Mizusu,Wakayama Ken,43,Iwade Shi,7411113,,,34.2683,135.3229,,mizusu
JP,Japan,Japón,649-6215,Nakabusa,Wakayama Ken,43,Iwade Shi,7411113,,,34.2638,135.3165,,nakabusa
JP,Japan,Japón,649-6216,Nojono,Wakayama Ken,43,Iwade Shi,7411113,,,34.2742,135.3198,,nojono
JP,Japan,Japón,649-6217,Yamada,Wakayama Ken,43,Iwade Shi,7411113,,,34.2795,135.32,,yamada
JP,Japan,Japón,649-6218,Minamioike,Wakayama Ken,43,Iwade Shi,7411113,,,34.2721,135.3261,,minamioike
JP,Japan,Japón,649-6219,Kitaoike,Wakayama Ken,43,Iwade Shi,7411113,,,34.2795,135.3251,,kitaoike
JP,Japan,Japón,649-6221,Mizokawa,Wakayama Ken,43,Iwade Shi,7411113,,,34.2597,135.3252,,mizokawa
JP,Japan,Japón,649-6222,Okada,Wakayama Ken,43,Iwade Shi,7411113,,,34.2553,135.3308,,okada
JP,Japan,Japón,649-6223,Takatsuka,Wakayama Ken,43,Iwade Shi,7411113,,,34.2564,135.3227,,takatsuka
JP,Japan,Japón,649-6224,Yamasaki,Wakayama Ken,43,Iwade Shi,7411113,,,34.2439,135.3182,,yamasaki
JP,Japan,Japón,649-6225,Funato,Wakayama Ken,43,Iwade Shi,7411113,,,34.2484,135.3122,,funato
JP,Japan,Japón,649-6226,Miya,Wakayama Ken,43,Iwade Shi,7411113,,,34.2558,135.3155,,miya
JP,Japan,Japón,649-6227,Shimizu,Wakayama Ken,43,Iwade Shi,7411113,,,34.2547,135.3181,,shimizu
JP,Japan,Japón,649-6228,Omachi,Wakayama Ken,43,Iwade Shi,7411113,,,34.26,135.3203,,omachi
JP,Japan,Japón,649-6231,Kawashiri,Wakayama Ken,43,Iwade Shi,7411113,,,34.2684,135.3128,,kawashiri
JP,Japan,Japón,649-6232,Ibaramoto,Wakayama Ken,43,Iwade Shi,7411113,,,34.264,135.308,,ibaramoto
JP,Japan,Japón,649-6233,Bizen,Wakayama Ken,43,Iwade Shi,7411113,,,34.2599,135.3112,,bizen
JP,Japan,Japón,649-6234,Takase,Wakayama Ken,43,Iwade Shi,7411113,,,34.2573,135.3137,,takase
JP,Japan,Japón,649-6235,Nishino,Wakayama Ken,43,Iwade Shi,7411113,,,34.2573,135.3077,,nishino
JP,Japan,Japón,649-6236,Soya,Wakayama Ken,43,Iwade Shi,7411113,,,34.2686,135.3021,,soya
JP,Japan,Japón,649-6241,Habu,Wakayama Ken,43,Iwade Shi,7411113,,,34.2731,135.3003,,habu
JP,Japan,Japón,649-6242,Akagaito,Wakayama Ken,43,Iwade Shi,7411113,,,34.2698,135.2971,,akagaito
JP,Japan,Japón,649-6243,Kanaya,Wakayama Ken,43,Iwade Shi,7411113,,,34.2645,135.2986,,kanaya
JP,Japan,Japón,649-6244,Hatake,Wakayama Ken,43,Iwade Shi,7411113,,,34.2608,135.3016,,hatake
JP,Japan,Japón,649-6245,Nakajima,Wakayama Ken,43,Iwade Shi,7411113,,,34.2594,135.287,,nakajima
JP,Japan,Japón,649-6246,Yoshida,Wakayama Ken,43,Iwade Shi,7411113,,,34.2647,135.2792,,yoshida
JP,Japan,Japón,649-6248,Yukubo,Wakayama Ken,43,Iwade Shi,7411113,,,34.2687,135.2882,,yukubo
JP,Japan,Japón,649-6248,Nakakuro,Wakayama Ken,43,Iwade Shi,7411113,,,34.2687,135.2882,,nakakuro
JP,Japan,Japón,649-6251,Sakaidani,Wakayama Ken,43,Iwade Shi,7411113,,,34.305,135.2786,,sakaidani
JP,Japan,Japón,649-6252,Anjo,Wakayama Ken,43,Iwade Shi,7411113,,,34.2857,135.2984,,anjo
JP,Japan,Japón,649-6253,Kisendai,Wakayama Ken,43,Iwade Shi,7411113,,,34.2837,135.2914,,kisendai
JP,Japan,Japón,649-6254,Hara,Wakayama Ken,43,Iwade Shi,7411113,,,34.2796,135.2902,,hara
JP,Japan,Japón,649-6255,Nishianjo,Wakayama Ken,43,Iwade Shi,7411113,,,34.2784,135.2915,,nishianjo
JP,Japan,Japón,649-6256,Kanaike,Wakayama Ken,43,Iwade Shi,7411113,,,34.2739,135.2921,,kanaike
JP,Japan,Japón,649-6257,Aidani,Wakayama Ken,43,Iwade Shi,7411113,,,34.2834,135.2858,,aidani
JP,Japan,Japón,649-6258,Yama,Wakayama Ken,43,Iwade Shi,7411113,,,34.282,135.2788,,yama
JP,Japan,Japón,649-6292,Nishino,Wakayama Ken,43,Iwade Shi,7411113,,,34.2664,135.3047,,nishino
JP,Japan,Japón,640-0401,Kishigawacho Marusu,Wakayama Ken,43,Kinokawa Shi,7411114,,,34.1826,135.2923,,kishigawacho-marusu
JP,Japan,Japón,640-0402,Kishigawacho Kitayama,Wakayama Ken,43,Kinokawa Shi,7411114,,,34.1826,135.2923,,kishigawacho-kitayama
JP,Japan,Japón,640-0403,Kishigawacho Amatera,Wakayama Ken,43,Kinokawa Shi,7411114,,,34.1826,135.2923,,kishigawacho-amatera
JP,Japan,Japón,640-0404,Kishigawacho Torii,Wakayama Ken,43,Kinokawa Shi,7411114,,,34.1826,135.2923,,kishigawacho-torii
JP,Japan,Japón,640-0405,Kishigawacho Kishimiya,Wakayama Ken,43,Kinokawa Shi,7411114,,,34.1826,135.2923,,kishigawacho-kishimiya
JP,Japan,Japón,640-0406,Kishigawacho Nishiyama,Wakayama Ken,43,Kinokawa Shi,7411114,,,34.1826,135.2923,,kishigawacho-nishiyama
JP,Japan,Japón,640-0411,Kishigawacho Maeda,Wakayama Ken,43,Kinokawa Shi,7411114,,,34.1826,135.2923,,kishigawacho-maeda
JP,Japan,Japón,640-0412,Kishigawacho Uenoyama,Wakayama Ken,43,Kinokawa Shi,7411114,,,34.1826,135.2923,,kishigawacho-uenoyama
JP,Japan,Japón,640-0413,Kishigawacho Kodo,Wakayama Ken,43,Kinokawa Shi,7411114,,,34.1826,135.2923,,kishigawacho-kodo
JP,Japan,Japón,640-0414,Kishigawacho Kunishi,Wakayama Ken,43,Kinokawa Shi,7411114,,,34.1826,135.2923,,kishigawacho-kunishi
JP,Japan,Japón,640-0415,Kishigawacho Nagahara,Wakayama Ken,43,Kinokawa Shi,7411114,,,34.1826,135.2923,,kishigawacho-nagahara
JP,Japan,Japón,640-0416,Kishigawacho Nagayama,Wakayama Ken,43,Kinokawa Shi,7411114,,,34.1826,135.2923,,kishigawacho-nagayama
JP,Japan,Japón,640-0421,Kishigawacho Kita,Wakayama Ken,43,Kinokawa Shi,7411114,,,34.1826,135.2923,,kishigawacho-kita
JP,Japan,Japón,640-0422,Kishigawacho Kishiono,Wakayama Ken,43,Kinokawa Shi,7411114,,,34.1826,135.2923,,kishigawacho-kishiono
JP,Japan,Japón,640-0423,Kishigawacho Takao,Wakayama Ken,43,Kinokawa Shi,7411114,,,34.1826,135.2923,,kishigawacho-takao
JP,Japan,Japón,640-0424,Kishigawacho Inokuchi,Wakayama Ken,43,Kinokawa Shi,7411114,,,34.1826,135.2923,,kishigawacho-inokuchi
JP,Japan,Japón,640-0492,紀の川市　貴志川支所,Wakayama Ken,43,Kinokawa Shi,7411114,,,34.1826,135.2923,,
JP,Japan,Japón,640-1331,Momoyamacho Mine,Wakayama Ken,43,Kinokawa Shi,7411114,,,34.1474,135.4213,,momoyamacho-mine
JP,Japan,Japón,640-1332,Momoyamacho Nakahata,Wakayama Ken,43,Kinokawa Shi,7411114,,,34.1474,135.4213,,momoyamacho-nakahata
JP,Japan,Japón,640-1333,Momoyamacho Kaito,Wakayama Ken,43,Kinokawa Shi,7411114,,,34.1474,135.4213,,momoyamacho-kaito
JP,Japan,Japón,649-6101,Momoyamacho Zenda,Wakayama Ken,43,Kinokawa Shi,7411114,,,34.2324,135.374,,momoyamacho-zenda
JP,Japan,Japón,649-6102,Momoyamacho Kurokawa,Wakayama Ken,43,Kinokawa Shi,7411114,,,34.2324,135.374,,momoyamacho-kurokawa
JP,Japan,Japón,649-6103,Momoyamacho Notahara,Wakayama Ken,43,Kinokawa Shi,7411114,,,34.2324,135.374,,momoyamacho-notahara
JP,Japan,Japón,649-6104,Momoyamacho Wakidani,Wakayama Ken,43,Kinokawa Shi,7411114,,,34.2324,135.374,,momoyamacho-wakidani
JP,Japan,Japón,649-6105,Momoyamacho Obara,Wakayama Ken,43,Kinokawa Shi,7411114,,,34.2324,135.374,,momoyamacho-obara
JP,Japan,Japón,649-6111,Momoyamacho Mogami,Wakayama Ken,43,Kinokawa Shi,7411114,,,34.2324,135.374,,momoyamacho-mogami
JP,Japan,Japón,649-6112,Momoyamacho Tsukatsuki,Wakayama Ken,43,Kinokawa Shi,7411114,,,34.2324,135.374,,momoyamacho-tsukatsuki
JP,Japan,Japón,649-6121,Momoyamacho Danshinden,Wakayama Ken,43,Kinokawa Shi,7411114,,,34.2324,135.374,,momoyamacho-danshinden
JP,Japan,Japón,649-6122,Momoyamacho Moto,Wakayama Ken,43,Kinokawa Shi,7411114,,,34.2324,135.374,,momoyamacho-moto
JP,Japan,Japón,649-6123,Momoyamacho Koda,Wakayama Ken,43,Kinokawa Shi,7411114,,,34.2324,135.374,,momoyamacho-koda
JP,Japan,Japón,649-6124,Momoyamacho Ichiba,Wakayama Ken,43,Kinokawa Shi,7411114,,,34.2324,135.374,,momoyamacho-ichiba
JP,Japan,Japón,649-6125,Momoyamacho Dan,Wakayama Ken,43,Kinokawa Shi,7411114,,,34.2324,135.374,,momoyamacho-dan
JP,Japan,Japón,649-6161,Takano,Wakayama Ken,43,Kinokawa Shi,7411114,,,34.2324,135.374,,takano
JP,Japan,Japón,649-6162,Takebusa(451-Banchiijo),Wakayama Ken,43,Kinokawa Shi,7411114,,,34.2324,135.374,,takebusa-451-banchiijo
JP,Japan,Japón,649-6192,紀の川市　桃山支所,Wakayama Ken,43,Kinokawa Shi,7411114,,,34.2324,135.374,,
JP,Japan,Japón,649-6400,Kinokawa Shi,Wakayama Ken,43,Kinokawa Shi,7411114,,,34.2797,135.3717,,kinokawa-shi
JP,Japan,Japón,649-6401,Shigeki,Wakayama Ken,43,Kinokawa Shi,7411114,,,34.2947,135.3751,,shigeki
JP,Japan,Japón,649-6402,Kitaseida,Wakayama Ken,43,Kinokawa Shi,7411114,,,34.2888,135.3778,,kitaseida
JP,Japan,Japón,649-6403,Minamiseida,Wakayama Ken,43,Kinokawa Shi,7411114,,,34.2762,135.3738,,minamiseida
JP,Japan,Japón,649-6404,Akao,Wakayama Ken,43,Kinokawa Shi,7411114,,,34.2721,135.3779,,akao
JP,Japan,Japón,649-6405,Higashioi,Wakayama Ken,43,Kinokawa Shi,7411114,,,34.2704,135.3682,,higashioi
JP,Japan,Japón,649-6406,Kitaoi,Wakayama Ken,43,Kinokawa Shi,7411114,,,34.2741,135.3624,,kitaoi
JP,Japan,Japón,649-6407,Ikedashin,Wakayama Ken,43,Kinokawa Shi,7411114,,,34.2819,135.367,,ikedashin
JP,Japan,Japón,649-6411,Hirono,Wakayama Ken,43,Kinokawa Shi,7411114,,,34.2677,135.3771,,hirono
JP,Japan,Japón,649-6412,Kurotsuchi,Wakayama Ken,43,Kinokawa Shi,7411114,,,34.2327,135.4102,,kurotsuchi
JP,Japan,Japón,649-6413,Takebusa(450-Banchiika),Wakayama Ken,43,Kinokawa Shi,7411114,,,34.2588,135.3737,,takebusa-450-banchiika
JP,Japan,Japón,649-6414,Uchita,Wakayama Ken,43,Kinokawa Shi,7411114,,,34.2619,135.3705,,uchita
JP,Japan,Japón,649-6415,Kubo,Wakayama Ken,43,Kinokawa Shi,7411114,,,34.2542,135.3699,,kubo
JP,Japan,Japón,649-6416,Ueno,Wakayama Ken,43,Kinokawa Shi,7411114,,,34.2599,135.3615,,ueno
JP,Japan,Japón,649-6417,Nishioi,Wakayama Ken,43,Kinokawa Shi,7411114,,,34.2682,135.36,,nishioi
JP,Japan,Japón,649-6418,Kurubeki,Wakayama Ken,43,Kinokawa Shi,7411114,,,34.2672,135.3667,,kurubeki
JP,Japan,Japón,649-6421,Tanakababa,Wakayama Ken,43,Kinokawa Shi,7411114,,,34.2675,135.3546,,tanakababa
JP,Japan,Japón,649-6422,Keya,Wakayama Ken,43,Kinokawa Shi,7411114,,,34.2604,135.3555,,keya
JP,Japan,Japón,649-6423,Ozaki,Wakayama Ken,43,Kinokawa Shi,7411114,,,34.263,135.3511,,ozaki
JP,Japan,Japón,649-6424,Hatanoe,Wakayama Ken,43,Kinokawa Shi,7411114,,,34.2626,135.3478,,hatanoe
JP,Japan,Japón,649-6425,Nakaisaka,Wakayama Ken,43,Kinokawa Shi,7411114,,,34.2589,135.3436,,nakaisaka
JP,Japan,Japón,649-6426,Shimoisaka,Wakayama Ken,43,Kinokawa Shi,7411114,,,34.2563,135.3404,,shimoisaka
JP,Japan,Japón,649-6427,Nishiisaka,Wakayama Ken,43,Kinokawa Shi,7411114,,,34.2593,135.3375,,nishiisaka
JP,Japan,Japón,649-6428,Higashikokubu,Wakayama Ken,43,Kinokawa Shi,7411114,,,34.2671,135.3434,,higashikokubu
JP,Japan,Japón,649-6431,Minaminaka,Wakayama Ken,43,Kinokawa Shi,7411114,,,34.2789,135.3583,,minaminaka
JP,Japan,Japón,649-6432,Furuwada,Wakayama Ken,43,Kinokawa Shi,7411114,,,34.2727,135.3503,,furuwada
JP,Japan,Japón,649-6433,Nishimitani,Wakayama Ken,43,Kinokawa Shi,7411114,,,34.2865,135.3375,,nishimitani
JP,Japan,Japón,649-6434,Nakamitani,Wakayama Ken,43,Kinokawa Shi,7411114,,,34.2878,135.3412,,nakamitani
JP,Japan,Japón,649-6435,Higashimitani,Wakayama Ken,43,Kinokawa Shi,7411114,,,34.2883,135.3454,,higashimitani
JP,Japan,Japón,649-6441,Higashiyamada,Wakayama Ken,43,Kinokawa Shi,7411114,,,34.2995,135.3689,,higashiyamada
JP,Japan,Japón,649-6442,Jinryo,Wakayama Ken,43,Kinokawa Shi,7411114,,,34.2861,135.3647,,jinryo
JP,Japan,Japón,649-6443,Kitanaka,Wakayama Ken,43,Kinokawa Shi,7411114,,,34.2861,135.361,,kitanaka
JP,Japan,Japón,649-6444,Noborio,Wakayama Ken,43,Kinokawa Shi,7411114,,,34.2912,135.3581,,noborio
JP,Japan,Japón,649-6445,Toyoda,Wakayama Ken,43,Kinokawa Shi,7411114,,,34.2817,135.3536,,toyoda
JP,Japan,Japón,649-6446,Biwadani,Wakayama Ken,43,Kinokawa Shi,7411114,,,34.2906,135.351,,biwadani
JP,Japan,Japón,649-6447,Nishiyamada,Wakayama Ken,43,Kinokawa Shi,7411114,,,34.2997,135.358,,nishiyamada
JP,Japan,Japón,649-6451,Jinzu,Wakayama Ken,43,Kinokawa Shi,7411114,,,34.3201,135.3799,,jinzu
JP,Japan,Japón,649-6452,Nakahata,Wakayama Ken,43,Kinokawa Shi,7411114,,,34.3195,135.3587,,nakahata
JP,Japan,Japón,649-6492,Nishioi,Wakayama Ken,43,Kinokawa Shi,7411114,,,34.2761,135.3612,,nishioi
JP,Japan,Japón,649-6493,Nishimitani,Wakayama Ken,43,Kinokawa Shi,7411114,,,34.2761,135.3612,,nishimitani
JP,Japan,Japón,649-6494,Uwano,Wakayama Ken,43,Kinokawa Shi,7411114,,,34.2761,135.3612,,uwano
JP,Japan,Japón,649-6501,Kitashino,Wakayama Ken,43,Kinokawa Shi,7411114,,,34.2986,135.3893,,kitashino
JP,Japan,Japón,649-6502,Kitanagata,Wakayama Ken,43,Kinokawa Shi,7411114,,,34.2865,135.3903,,kitanagata
JP,Japan,Japón,649-6503,Nagatanaka,Wakayama Ken,43,Kinokawa Shi,7411114,,,34.2785,135.39,,nagatanaka
JP,Japan,Japón,649-6504,Minamishino,Wakayama Ken,43,Kinokawa Shi,7411114,,,34.2778,135.3828,,minamishino
JP,Japan,Japón,649-6511,Inokake,Wakayama Ken,43,Kinokawa Shi,7411114,,,34.2818,135.3972,,inokake
JP,Japan,Japón,649-6512,Toge,Wakayama Ken,43,Kinokawa Shi,7411114,,,34.2875,135.4041,,toge
JP,Japan,Japón,649-6513,Nakatsugawa,Wakayama Ken,43,Kinokawa Shi,7411114,,,34.3165,135.4138,,nakatsugawa
JP,Japan,Japón,649-6514,Fujii,Wakayama Ken,43,Kinokawa Shi,7411114,,,34.2907,135.3973,,fujii
JP,Japan,Japón,649-6521,Umayado,Wakayama Ken,43,Kinokawa Shi,7411114,,,34.2844,135.4317,,umayado
JP,Japan,Japón,649-6522,Kaminyuya,Wakayama Ken,43,Kinokawa Shi,7411114,,,34.2984,135.4229,,kaminyuya
JP,Japan,Japón,649-6523,Shimonyuya,Wakayama Ken,43,Kinokawa Shi,7411114,,,34.2825,135.4244,,shimonyuya
JP,Japan,Japón,649-6524,Nishikawahara,Wakayama Ken,43,Kinokawa Shi,7411114,,,34.3087,135.4249,,nishikawahara
JP,Japan,Japón,649-6525,Nogami,Wakayama Ken,43,Kinokawa Shi,7411114,,,34.2944,135.4289,,nogami
JP,Japan,Japón,649-6526,Higashikawahara,Wakayama Ken,43,Kinokawa Shi,7411114,,,34.3077,135.4343,,higashikawahara
JP,Japan,Japón,649-6531,Kokawa,Wakayama Ken,43,Kinokawa Shi,7411114,,,34.2833,135.4108,,kokawa
JP,Japan,Japón,649-6532,Nakayama,Wakayama Ken,43,Kinokawa Shi,7411114,,,34.2768,135.3979,,nakayama
JP,Japan,Japón,649-6541,Ida,Wakayama Ken,43,Kinokawa Shi,7411114,,,34.2683,135.4161,,ida
JP,Japan,Japón,649-6542,Higashino,Wakayama Ken,43,Kinokawa Shi,7411114,,,34.2707,135.4194,,higashino
JP,Japan,Japón,649-6551,Kodai,Wakayama Ken,43,Kinokawa Shi,7411114,,,34.2648,135.3835,,kodai
JP,Japan,Japón,649-6552,Shima,Wakayama Ken,43,Kinokawa Shi,7411114,,,34.2629,135.3915,,shima
JP,Japan,Japón,649-6553,Fukeda,Wakayama Ken,43,Kinokawa Shi,7411114,,,34.2704,135.3944,,fukeda
JP,Japan,Japón,649-6554,Besshiyo,Wakayama Ken,43,Kinokawa Shi,7411114,,,34.2704,135.3899,,besshiyo
JP,Japan,Japón,649-6555,Matsui,Wakayama Ken,43,Kinokawa Shi,7411114,,,34.2645,135.3972,,matsui
JP,Japan,Japón,649-6561,Arami,Wakayama Ken,43,Kinokawa Shi,7411114,,,34.2518,135.4204,,arami
JP,Japan,Japón,649-6562,Ochikata,Wakayama Ken,43,Kinokawa Shi,7411114,,,34.2503,135.3853,,ochikata
JP,Japan,Japón,649-6563,Kazashi,Wakayama Ken,43,Kinokawa Shi,7411114,,,34.2562,135.392,,kazashi
JP,Japan,Japón,649-6564,Kasukami,Wakayama Ken,43,Kinokawa Shi,7411114,,,34.2444,135.3991,,kasukami
JP,Japan,Japón,649-6565,Suibara,Wakayama Ken,43,Kinokawa Shi,7411114,,,34.251,135.4028,,suibara
JP,Japan,Japón,649-6571,Kamitomobuchi,Wakayama Ken,43,Kinokawa Shi,7411114,,,34.2316,135.4749,,kamitomobuchi
JP,Japan,Japón,649-6572,Shimotomobuchi,Wakayama Ken,43,Kinokawa Shi,7411114,,,34.2187,135.4316,,shimotomobuchi
JP,Japan,Japón,649-6573,Nakatomobuchi,Wakayama Ken,43,Kinokawa Shi,7411114,,,34.2223,135.4522,,nakatomobuchi
JP,Japan,Japón,649-6592,Kokawa,Wakayama Ken,43,Kinokawa Shi,7411114,,,34.2727,135.4094,,kokawa
JP,Japan,Japón,649-6593,Kokawa,Wakayama Ken,43,Kinokawa Shi,7411114,,,34.2727,135.4094,,kokawa
JP,Japan,Japón,649-6595,Kokawa,Wakayama Ken,43,Kinokawa Shi,7411114,,,34.2727,135.4094,,kokawa
JP,Japan,Japón,649-6601,Natekami,Wakayama Ken,43,Kinokawa Shi,7411114,,,34.3122,135.4594,,natekami
JP,Japan,Japón,649-6602,Hirano,Wakayama Ken,43,Kinokawa Shi,7411114,,,34.3137,135.4505,,hirano
JP,Japan,Japón,649-6603,Nateshimo,Wakayama Ken,43,Kinokawa Shi,7411114,,,34.2942,135.4477,,nateshimo
JP,Japan,Japón,649-6604,Nishinoyama,Wakayama Ken,43,Kinokawa Shi,7411114,,,34.2833,135.4431,,nishinoyama
JP,Japan,Japón,649-6605,Ekawanaka,Wakayama Ken,43,Kinokawa Shi,7411114,,,34.2903,135.4415,,ekawanaka
JP,Japan,Japón,649-6606,Kirihata,Wakayama Ken,43,Kinokawa Shi,7411114,,,34.3192,135.4394,,kirihata
JP,Japan,Japón,649-6611,Anabushi,Wakayama Ken,43,Kinokawa Shi,7411114,,,34.2767,135.4453,,anabushi
JP,Japan,Japón,649-6612,Kitawaki,Wakayama Ken,43,Kinokawa Shi,7411114,,,34.2716,135.4494,,kitawaki
JP,Japan,Japón,649-6613,Yokodani,Wakayama Ken,43,Kinokawa Shi,7411114,,,34.2638,135.4532,,yokodani
JP,Japan,Japón,649-6614,Akanta,Wakayama Ken,43,Kinokawa Shi,7411114,,,34.2562,135.4584,,akanta
JP,Japan,Japón,649-6615,Ozunaka,Wakayama Ken,43,Kinokawa Shi,7411114,,,34.2556,135.4457,,ozunaka
JP,Japan,Japón,649-6616,Nishiwaki,Wakayama Ken,43,Kinokawa Shi,7411114,,,34.2595,135.4351,,nishiwaki
JP,Japan,Japón,649-6621,Natenishino,Wakayama Ken,43,Kinokawa Shi,7411114,,,34.2691,135.4377,,natenishino
JP,Japan,Japón,649-6622,Shireda,Wakayama Ken,43,Kinokawa Shi,7411114,,,34.2676,135.4307,,shireda
JP,Japan,Japón,649-6623,Fujisaki,Wakayama Ken,43,Kinokawa Shi,7411114,,,34.268,135.4251,,fujisaki
JP,Japan,Japón,649-6624,Oji,Wakayama Ken,43,Kinokawa Shi,7411114,,,34.2729,135.4259,,oji
JP,Japan,Japón,649-6631,Nateichiba,Wakayama Ken,43,Kinokawa Shi,7411114,,,34.2763,135.4355,,nateichiba
JP,Japan,Japón,649-6692,Nateichiba,Wakayama Ken,43,Kinokawa Shi,7411114,,,34.2794,135.4426,,nateichiba
