country_code,country_name,country_name_es,postal_code,place,admin1,admin1_code,admin2,admin2_code,admin3,admin3_code,latitude,longitude,accuracy,slug
MX,Mexico,México,81200,Primer Cuadro (Centro),Sinaloa,25,Ahome,001,Los Mochis,01,25.8047,-109.0053,1,primer-cuadro-centro
MX,Mexico,México,81210,Miguel Hidalgo,Sinaloa,25,Ahome,001,Los Mochis,01,25.8229,-108.9716,4,miguel-hidalgo
MX,Mexico,México,81215,Las Fuentes 2000,Sinaloa,25,Ahome,001,Los Mochis,01,25.8092,-108.9758,3,las-fuentes-2000
MX,Mexico,México,81215,ISSSTESIN,Sinaloa,25,Ahome,001,Los Mochis,01,25.8092,-108.9758,4,issstesin
MX,Mexico,México,81216,Gaviotas,Sinaloa,25,Ahome,001,Los Mochis,01,25.7932,-109.0028,3,gaviotas
MX,Mexico,México,81216,Benito Juárez,Sinaloa,25,Ahome,001,Los Mochis,01,25.7737,-109.0331,4,benito-juarez
MX,Mexico,México,81216,Las Malvinas,Sinaloa,25,Ahome,001,Los Mochis,01,25.7932,-109.0028,3,las-malvinas
MX,Mexico,México,81216,Bugambilias,Sinaloa,25,Ahome,001,Los Mochis,01,25.8127,-108.9725,4,bugambilias
MX,Mexico,México,81216,Reyes Guerrero,Sinaloa,25,Ahome,001,Los Mochis,01,25.7932,-109.0028,3,reyes-guerrero
MX,Mexico,México,81217,Narciso Mendoza,Sinaloa,25,Ahome,001,Los Mochis,01,25.8145,-108.969,4,narciso-mendoza
MX,Mexico,México,81218,Prof. Conrado Espinoza,Sinaloa,25,Ahome,001,Los Mochis,01,25.8066,-108.9844,1,prof-conrado-espinoza
MX,Mexico,México,81220,Jiquilpan,Sinaloa,25,Ahome,001,Los Mochis,01,25.8011,-108.9906,3,jiquilpan
MX,Mexico,México,81220,Sector Fátima,Sinaloa,25,Ahome,001,Los Mochis,01,25.8011,-108.9906,3,sector-fatima
MX,Mexico,México,81220,Jordan,Sinaloa,25,Ahome,001,Los Mochis,01,25.8011,-108.9906,4,jordan
MX,Mexico,México,81223,Las Fuentes,Sinaloa,25,Ahome,001,Los Mochis,01,25.8095,-108.9791,4,las-fuentes
MX,Mexico,México,81223,Deportivo y Rincón,Sinaloa,25,Ahome,001,Los Mochis,01,25.8095,-108.9791,3,deportivo-y-rincon
MX,Mexico,México,81224,Juan Cota,Sinaloa,25,Ahome,001,Los Mochis,01,25.8015,-108.9838,4,juan-cota
MX,Mexico,México,81225,Sanchez Ruiz,Sinaloa,25,Ahome,001,Los Mochis,01,25.8137,-108.9867,1,sanchez-ruiz
MX,Mexico,México,81225,Ávila Corona,Sinaloa,25,Ahome,001,Los Mochis,01,25.8137,-108.9867,1,avila-corona
MX,Mexico,México,81226,Jardines de Fátima,Sinaloa,25,Ahome,001,Los Mochis,01,25.8137,-108.9867,1,jardines-de-fatima
MX,Mexico,México,81227,Fovissste,Sinaloa,25,Ahome,001,Los Mochis,01,25.8137,-108.9867,1,fovissste
MX,Mexico,México,81228,Macapule Infonavit,Sinaloa,25,Ahome,001,Los Mochis,01,25.8127,-108.9887,4,macapule-infonavit
MX,Mexico,México,81228,Residencial Campestre,Sinaloa,25,Ahome,001,Los Mochis,01,25.8145,-108.9922,4,residencial-campestre
MX,Mexico,México,81228,Privada Palladio,Sinaloa,25,Ahome,001,Los Mochis,01,25.8174,-108.986,3,privada-palladio
MX,Mexico,México,81228,Bosques Del Country,Sinaloa,25,Ahome,001,Los Mochis,01,25.8154,-108.9859,4,bosques-del-country
MX,Mexico,México,81228,Privada Toscana,Sinaloa,25,Ahome,001,Los Mochis,01,25.8174,-108.986,3,privada-toscana
MX,Mexico,México,81228,Daniel Biul Ruelas,Sinaloa,25,Ahome,001,Los Mochis,01,25.826,-108.9777,4,daniel-biul-ruelas
MX,Mexico,México,81228,Viñedos Residencial,Sinaloa,25,Ahome,001,Los Mochis,01,25.8185,-108.9854,4,vinedos-residencial
MX,Mexico,México,81229,Fuentes Del Bosque,Sinaloa,25,Ahome,001,Los Mochis,01,25.8207,-108.9889,4,fuentes-del-bosque
MX,Mexico,México,81229,Residencial Diamante,Sinaloa,25,Ahome,001,Los Mochis,01,25.819,-108.988,4,residencial-diamante
MX,Mexico,México,81229,Palos Verdes Infonavit,Sinaloa,25,Ahome,001,Los Mochis,01,25.8115,-108.9931,4,palos-verdes-infonavit
MX,Mexico,México,81229,Diamantes 2a Sección,Sinaloa,25,Ahome,001,Los Mochis,01,25.8171,-108.99,3,diamantes-2a-seccion
MX,Mexico,México,81229,Jiquilpan,Sinaloa,25,Ahome,001,Los Mochis,01,25.8171,-108.99,3,jiquilpan
MX,Mexico,México,81229,Tepeka,Sinaloa,25,Ahome,001,Los Mochis,01,25.8171,-108.99,3,tepeka
MX,Mexico,México,81230,Libertad,Sinaloa,25,Ahome,001,Los Mochis,01,25.7959,-109.0168,3,libertad
MX,Mexico,México,81230,Ruben Jaramillo,Sinaloa,25,Ahome,001,Los Mochis,01,25.7959,-109.0168,4,ruben-jaramillo
MX,Mexico,México,81230,Jardín,Sinaloa,25,Ahome,001,Los Mochis,01,25.7959,-109.0168,3,jardin
MX,Mexico,México,81233,FOVISSSTE 3,Sinaloa,25,Ahome,001,Los Mochis,01,25.8043,-109.024,3,fovissste-3
MX,Mexico,México,81233,Flor de las Arboledas,Sinaloa,25,Ahome,001,Los Mochis,01,25.8043,-109.024,3,flor-de-las-arboledas
MX,Mexico,México,81233,Valle Cañaveral,Sinaloa,25,Ahome,001,Los Mochis,01,25.8043,-109.024,3,valle-canaveral
MX,Mexico,México,81233,Nuevo Horizonte,Sinaloa,25,Ahome,001,Los Mochis,01,25.8043,-109.024,3,nuevo-horizonte
MX,Mexico,México,81233,Residencial Palmira,Sinaloa,25,Ahome,001,Los Mochis,01,25.8043,-109.024,3,residencial-palmira
MX,Mexico,México,81233,Providencia,Sinaloa,25,Ahome,001,Los Mochis,01,25.8957,-109.1333,3,providencia
MX,Mexico,México,81233,Los Sabinos,Sinaloa,25,Ahome,001,Los Mochis,01,25.8957,-109.1333,3,los-sabinos
MX,Mexico,México,81233,Luis Donaldo Colosio,Sinaloa,25,Ahome,001,Los Mochis,01,25.8957,-109.1333,3,luis-donaldo-colosio
MX,Mexico,México,81233,México,Sinaloa,25,Ahome,001,Los Mochis,01,25.8043,-109.024,4,mexico
MX,Mexico,México,81234,Del Real,Sinaloa,25,Ahome,001,Los Mochis,01,25.8957,-109.1333,3,del-real
MX,Mexico,México,81234,Santa Fe,Sinaloa,25,Ahome,001,Los Mochis,01,25.8957,-109.1333,3,santa-fe
MX,Mexico,México,81234,Valle Bonito,Sinaloa,25,Ahome,001,Los Mochis,01,25.8073,-109.015,3,valle-bonito
MX,Mexico,México,81234,Bosques del Pedregal,Sinaloa,25,Ahome,001,Los Mochis,01,25.8073,-109.015,3,bosques-del-pedregal
MX,Mexico,México,81234,Carolina Residencial,Sinaloa,25,Ahome,001,Los Mochis,01,25.8073,-109.015,3,carolina-residencial
MX,Mexico,México,81234,75 (Heriberto Valdez Romero),Sinaloa,25,Ahome,001,Los Mochis,01,25.8073,-109.015,3,75-heriberto-valdez-romero
MX,Mexico,México,81234,El Chamizal,Sinaloa,25,Ahome,001,Los Mochis,01,25.8073,-109.015,4,el-chamizal
MX,Mexico,México,81235,San Francisco,Sinaloa,25,Ahome,001,Los Mochis,01,25.8023,-109.0124,4,san-francisco
MX,Mexico,México,81236,Alfonso G Calderón,Sinaloa,25,Ahome,001,Los Mochis,01,26.0653,-109.0197,4,alfonso-g-calderon
MX,Mexico,México,81236,10 de Mayo,Sinaloa,25,Ahome,001,Los Mochis,01,26.0653,-109.0197,3,10-de-mayo
MX,Mexico,México,81237,Estrella,Sinaloa,25,Ahome,001,Los Mochis,01,25.8482,-109.0155,1,estrella
MX,Mexico,México,81238,28 de Junio,Sinaloa,25,Ahome,001,Los Mochis,01,25.814,-109.0049,3,28-de-junio
MX,Mexico,México,81238,Adolfo Lopez Mateos,Sinaloa,25,Ahome,001,Los Mochis,01,25.814,-109.0049,4,adolfo-lopez-mateos
MX,Mexico,México,81240,Zaky Muez,Sinaloa,25,Ahome,001,Los Mochis,01,25.7513,-108.9144,3,zaky-muez
MX,Mexico,México,81240,Dolores Castro,Sinaloa,25,Ahome,001,Los Mochis,01,25.7513,-108.9144,3,dolores-castro
MX,Mexico,México,81240,Jordan Jiquilpan,Sinaloa,25,Ahome,001,Los Mochis,01,25.7513,-108.9144,3,jordan-jiquilpan
MX,Mexico,México,81240,Ibarra,Sinaloa,25,Ahome,001,Los Mochis,01,25.6833,-109.0167,4,ibarra
MX,Mexico,México,81240,Mayra H Pamplona,Sinaloa,25,Ahome,001,Los Mochis,01,25.7513,-108.9144,3,mayra-h-pamplona
MX,Mexico,México,81240,Scally,Sinaloa,25,Ahome,001,Los Mochis,01,25.8009,-108.9973,4,scally
MX,Mexico,México,81240,Alfredo Salazar,Sinaloa,25,Ahome,001,Los Mochis,01,25.7513,-108.9144,3,alfredo-salazar
MX,Mexico,México,81240,Alma Guadalupe Estrada,Sinaloa,25,Ahome,001,Los Mochis,01,25.7513,-108.9144,3,alma-guadalupe-estrada
MX,Mexico,México,81240,Popular Blanca Gastelum,Sinaloa,25,Ahome,001,Los Mochis,01,25.7513,-108.9144,3,popular-blanca-gastelum
MX,Mexico,México,81240,Valentín Gutiérrez,Sinaloa,25,Ahome,001,Los Mochis,01,25.7513,-108.9144,3,valentin-gutierrez
MX,Mexico,México,81240,Julia Viuda de Ríos,Sinaloa,25,Ahome,001,Los Mochis,01,25.7513,-108.9144,3,julia-viuda-de-rios
MX,Mexico,México,81240,Ernesto Hays Borbo,Sinaloa,25,Ahome,001,Los Mochis,01,25.7513,-108.9144,3,ernesto-hays-borbo
MX,Mexico,México,81240,Las Torres,Sinaloa,25,Ahome,001,Los Mochis,01,25.8957,-109.1333,4,las-torres
MX,Mexico,México,81240,Mario Avilez,Sinaloa,25,Ahome,001,Los Mochis,01,25.7513,-108.9144,3,mario-avilez
MX,Mexico,México,81240,Germán Arroyo,Sinaloa,25,Ahome,001,Los Mochis,01,25.7513,-108.9144,3,german-arroyo
MX,Mexico,México,81240,Toledo Ceballos,Sinaloa,25,Ahome,001,Los Mochis,01,25.8057,-108.9956,4,toledo-ceballos
MX,Mexico,México,81245,Gastelum,Sinaloa,25,Ahome,001,Los Mochis,01,25.9453,-109.1756,4,gastelum
MX,Mexico,México,81245,Jardines Del Sol,Sinaloa,25,Ahome,001,Los Mochis,01,25.8622,-109.0959,3,jardines-del-sol
MX,Mexico,México,81245,Jordan Madero,Sinaloa,25,Ahome,001,Los Mochis,01,25.8038,-108.9924,4,jordan-madero
MX,Mexico,México,81245,Jardines Del Valle,Sinaloa,25,Ahome,001,Los Mochis,01,25.8622,-109.0959,3,jardines-del-valle
MX,Mexico,México,81245,Grijalva,Sinaloa,25,Ahome,001,Los Mochis,01,25.8375,-109.1199,4,grijalva
MX,Mexico,México,81245,Deportivo Country Club,Sinaloa,25,Ahome,001,Los Mochis,01,25.8622,-109.0959,3,deportivo-country-club
MX,Mexico,México,81245,Ofelia Duarte,Sinaloa,25,Ahome,001,Los Mochis,01,25.8622,-109.0959,3,ofelia-duarte
MX,Mexico,México,81247,Los Pinos,Sinaloa,25,Ahome,001,Los Mochis,01,25.8957,-109.1333,1,los-pinos
MX,Mexico,México,81247,Los Sauces,Sinaloa,25,Ahome,001,Los Mochis,01,25.8957,-109.1333,1,los-sauces
MX,Mexico,México,81247,Bachomo Infonavit,Sinaloa,25,Ahome,001,Los Mochis,01,25.827,-109.0174,1,bachomo-infonavit
MX,Mexico,México,81247,Islas Residenciales,Sinaloa,25,Ahome,001,Los Mochis,01,25.827,-109.0174,1,islas-residenciales
MX,Mexico,México,81248,Monferrat,Sinaloa,25,Ahome,001,Los Mochis,01,25.8951,-109.058,3,monferrat
MX,Mexico,México,81248,Álamo,Sinaloa,25,Ahome,001,Los Mochis,01,25.9093,-109.0829,4,alamo
MX,Mexico,México,81248,Primavera,Sinaloa,25,Ahome,001,Los Mochis,01,25.9528,-109.0947,4,primavera
MX,Mexico,México,81248,Álamos I,Sinaloa,25,Ahome,001,Los Mochis,01,25.8951,-109.058,3,alamos-i
MX,Mexico,México,81248,Álamos II,Sinaloa,25,Ahome,001,Los Mochis,01,25.8951,-109.058,3,alamos-ii
MX,Mexico,México,81248,Bosque del Real,Sinaloa,25,Ahome,001,Los Mochis,01,25.8951,-109.058,3,bosque-del-real
MX,Mexico,México,81248,Cuauhtémoc,Sinaloa,25,Ahome,001,Los Mochis,01,25.8951,-109.058,3,cuauhtemoc
MX,Mexico,México,81248,Real del Country,Sinaloa,25,Ahome,001,Los Mochis,01,25.8951,-109.058,3,real-del-country
MX,Mexico,México,81248,U.A.S. Álamos,Sinaloa,25,Ahome,001,Los Mochis,01,25.8951,-109.058,3,u-a-s-alamos
MX,Mexico,México,81248,Residencial del Country,Sinaloa,25,Ahome,001,Los Mochis,01,25.8951,-109.058,3,residencial-del-country
MX,Mexico,México,81248,Monico Soto,Sinaloa,25,Ahome,001,Los Mochis,01,25.8951,-109.058,3,monico-soto
MX,Mexico,México,81248,Jardines del Country,Sinaloa,25,Ahome,001,Los Mochis,01,25.8951,-109.058,3,jardines-del-country
MX,Mexico,México,81248,Álamos,Sinaloa,25,Ahome,001,Los Mochis,01,25.8957,-109.1333,3,alamos
MX,Mexico,México,81248,Del Carmen,Sinaloa,25,Ahome,001,Los Mochis,01,25.8957,-109.1333,3,del-carmen
MX,Mexico,México,81248,Los Olivos,Sinaloa,25,Ahome,001,Los Mochis,01,25.8957,-109.1333,3,los-olivos
MX,Mexico,México,81248,Jardines del Bosque,Sinaloa,25,Ahome,001,Los Mochis,01,25.8234,-108.9964,4,jardines-del-bosque
MX,Mexico,México,81249,Teresita,Sinaloa,25,Ahome,001,Los Mochis,01,25.8272,-109.2183,4,teresita
MX,Mexico,México,81249,Las Palmas,Sinaloa,25,Ahome,001,Los Mochis,01,25.8352,-108.8901,4,las-palmas
MX,Mexico,México,81249,Menonitas,Sinaloa,25,Ahome,001,Los Mochis,01,25.8248,-109.0358,3,menonitas
MX,Mexico,México,81249,Progresivo San Rafael,Sinaloa,25,Ahome,001,Los Mochis,01,25.8248,-109.0358,3,progresivo-san-rafael
MX,Mexico,México,81249,INFONAVIT Mochicahui II,Sinaloa,25,Ahome,001,Los Mochis,01,25.8248,-109.0358,3,infonavit-mochicahui-ii
MX,Mexico,México,81249,Lastras Altamirano,Sinaloa,25,Ahome,001,Los Mochis,01,25.8248,-109.0358,3,lastras-altamirano
MX,Mexico,México,81249,Villas del Sol,Sinaloa,25,Ahome,001,Los Mochis,01,25.8248,-109.0358,3,villas-del-sol
MX,Mexico,México,81249,Residencial Del Valle,Sinaloa,25,Ahome,001,Los Mochis,01,25.8118,-108.9989,4,residencial-del-valle
MX,Mexico,México,81249,Jardines de Zacatecas,Sinaloa,25,Ahome,001,Los Mochis,01,25.8248,-109.0358,3,jardines-de-zacatecas
MX,Mexico,México,81250,La Cuchilla,Sinaloa,25,Ahome,001,Los Mochis,01,25.8957,-109.1333,1,la-cuchilla
MX,Mexico,México,81254,Los Mochis,Sinaloa,25,Ahome,001,Los Mochis,01,25.793,-108.9981,4,los-mochis
MX,Mexico,México,81254,La Memoria,Sinaloa,25,Ahome,001,Los Mochis,01,25.793,-108.9981,3,la-memoria
MX,Mexico,México,81254,Monte Carlo,Sinaloa,25,Ahome,001,Los Mochis,01,25.793,-108.9981,3,monte-carlo
MX,Mexico,México,81254,Mallorca,Sinaloa,25,Ahome,001,Los Mochis,01,25.793,-108.9981,3,mallorca
MX,Mexico,México,81254,Centro Plaza Mochis,Sinaloa,25,Ahome,001,Los Mochis,01,25.793,-108.9981,3,centro-plaza-mochis
MX,Mexico,México,81254,Versalles Residencial,Sinaloa,25,Ahome,001,Los Mochis,01,25.793,-108.9981,3,versalles-residencial
MX,Mexico,México,81254,Loma Dorada,Sinaloa,25,Ahome,001,Los Mochis,01,25.793,-108.9981,3,loma-dorada
MX,Mexico,México,81255,Zona Industrial,Sinaloa,25,Ahome,001,Los Mochis,01,25.7849,-108.8868,4,zona-industrial
MX,Mexico,México,81256,ing. Heriberto Valdez Romero,Sinaloa,25,Ahome,001,Los Mochis,01,25.7226,-108.9713,3,ing-heriberto-valdez-romero
MX,Mexico,México,81256,Jiquilpan 2,Sinaloa,25,Ahome,001,Los Mochis,01,25.7226,-108.9713,3,jiquilpan-2
MX,Mexico,México,81256,FOVISSSTE Tabachines IV,Sinaloa,25,Ahome,001,Los Mochis,01,25.7226,-108.9713,3,fovissste-tabachines-iv
MX,Mexico,México,81256,Lázaro Cárdenas,Sinaloa,25,Ahome,001,Los Mochis,01,25.5985,-108.9667,4,lazaro-cardenas
MX,Mexico,México,81256,Villa Huites,Sinaloa,25,Ahome,001,Los Mochis,01,25.7861,-108.9728,4,villa-huites
MX,Mexico,México,81256,Central de Abastos,Sinaloa,25,Ahome,001,Los Mochis,01,25.7226,-108.9713,3,central-de-abastos
MX,Mexico,México,81256,Parque Industrial Ecológico,Sinaloa,25,Ahome,001,Los Mochis,01,25.7226,-108.9713,3,parque-industrial-ecologico
MX,Mexico,México,81256,INFONAVIT Mochicahui,Sinaloa,25,Ahome,001,Los Mochis,01,25.7832,-108.9744,4,infonavit-mochicahui
MX,Mexico,México,81256,Bellavista,Sinaloa,25,Ahome,001,Los Mochis,01,25.8957,-109.1333,3,bellavista
MX,Mexico,México,81257,Tabachines,Sinaloa,25,Ahome,001,Los Mochis,01,25.7845,-108.978,4,tabachines
MX,Mexico,México,81257,Villa Owen,Sinaloa,25,Ahome,001,Los Mochis,01,25.7803,-108.9739,4,villa-owen
MX,Mexico,México,81257,Roberto Perez Jacobo,Sinaloa,25,Ahome,001,Los Mochis,01,25.7904,-108.9739,4,roberto-perez-jacobo
MX,Mexico,México,81259,Del Parque,Sinaloa,25,Ahome,001,Los Mochis,01,25.7626,-108.9656,1,del-parque
MX,Mexico,México,81260,Las Mañanitas,Sinaloa,25,Ahome,001,Los Mochis,01,25.7144,-109.0308,4,las-mananitas
MX,Mexico,México,81260,Hacienda Santa Clara,Sinaloa,25,Ahome,001,Los Mochis,01,25.7415,-109.0007,3,hacienda-santa-clara
MX,Mexico,México,81260,Alejandro Peña,Sinaloa,25,Ahome,001,Los Mochis,01,25.7686,-108.9705,4,alejandro-pena
MX,Mexico,México,81260,Valle Verde,Sinaloa,25,Ahome,001,Los Mochis,01,25.8957,-109.1333,3,valle-verde
MX,Mexico,México,81260,Realito,Sinaloa,25,Ahome,001,Los Mochis,01,25.8957,-109.1333,3,realito
MX,Mexico,México,81260,La Esperanza,Sinaloa,25,Ahome,001,Los Mochis,01,25.8957,-109.1333,3,la-esperanza
MX,Mexico,México,81260,Rosendo G Castro,Sinaloa,25,Ahome,001,Los Mochis,01,25.7415,-109.0007,3,rosendo-g-castro
MX,Mexico,México,81263,Residencial Aurora,Sinaloa,25,Ahome,001,Los Mochis,01,25.8126,-108.9744,3,residencial-aurora
MX,Mexico,México,81263,Santa Lourdes,Sinaloa,25,Ahome,001,Los Mochis,01,25.8957,-109.1333,3,santa-lourdes
MX,Mexico,México,81263,Santa Rosa,Sinaloa,25,Ahome,001,Los Mochis,01,25.8673,-108.903,4,santa-rosa
MX,Mexico,México,81263,Las Glorias,Sinaloa,25,Ahome,001,Los Mochis,01,25.7941,-109.047,4,las-glorias
MX,Mexico,México,81263,Prados del Valle,Sinaloa,25,Ahome,001,Los Mochis,01,25.7763,-108.9733,4,prados-del-valle
MX,Mexico,México,81265,Residencial Ahome 2000,Sinaloa,25,Ahome,001,Los Mochis,01,25.7841,-108.9849,1,residencial-ahome-2000
MX,Mexico,México,81265,Ferrocarril,Sinaloa,25,Ahome,001,Los Mochis,01,25.7841,-108.9849,1,ferrocarril
MX,Mexico,México,81270,Margarita,Sinaloa,25,Ahome,001,Los Mochis,01,25.7785,-109.0055,4,margarita
MX,Mexico,México,81270,Campanario,Sinaloa,25,Ahome,001,Los Mochis,01,25.7484,-109.0197,3,campanario
MX,Mexico,México,81270,Gabriel Leyva,Sinaloa,25,Ahome,001,Los Mochis,01,25.7755,-109.0044,4,gabriel-leyva
MX,Mexico,México,81270,Las Huertas,Sinaloa,25,Ahome,001,Los Mochis,01,25.6912,-109.0492,4,las-huertas
MX,Mexico,México,81270,Los Naranjos,Sinaloa,25,Ahome,001,Los Mochis,01,25.8957,-109.1333,3,los-naranjos
MX,Mexico,México,81270,San Fernando,Sinaloa,25,Ahome,001,Los Mochis,01,25.8957,-109.1333,3,san-fernando
MX,Mexico,México,81270,Las Huertas II,Sinaloa,25,Ahome,001,Los Mochis,01,25.7484,-109.0197,3,las-huertas-ii
MX,Mexico,México,81270,Jardines de Guadalupe,Sinaloa,25,Ahome,001,Los Mochis,01,25.7484,-109.0197,3,jardines-de-guadalupe
MX,Mexico,México,81270,Las Quintas,Sinaloa,25,Ahome,001,Los Mochis,01,25.7484,-109.0197,3,las-quintas
MX,Mexico,México,81270,Conquistadores,Sinaloa,25,Ahome,001,Los Mochis,01,25.7484,-109.0197,3,conquistadores
MX,Mexico,México,81270,Villas Monterrey,Sinaloa,25,Ahome,001,Los Mochis,01,25.7484,-109.0197,3,villas-monterrey
MX,Mexico,México,81270,Residencial Platino,Sinaloa,25,Ahome,001,Los Mochis,01,25.7484,-109.0197,3,residencial-platino
MX,Mexico,México,81270,Villa de Cortes,Sinaloa,25,Ahome,001,Los Mochis,01,25.7484,-109.0197,3,villa-de-cortes
MX,Mexico,México,81270,Salvador Esquer Apodaca,Sinaloa,25,Ahome,001,Los Mochis,01,25.7484,-109.0197,3,salvador-esquer-apodaca
MX,Mexico,México,81270,Terranova,Sinaloa,25,Ahome,001,Los Mochis,01,25.7484,-109.0197,3,terranova
MX,Mexico,México,81270,Paseo de las Aves,Sinaloa,25,Ahome,001,Los Mochis,01,25.7484,-109.0197,3,paseo-de-las-aves
MX,Mexico,México,81271,12 de Octubre,Sinaloa,25,Ahome,001,Los Mochis,01,25.8376,-109.1568,3,12-de-octubre
MX,Mexico,México,81271,Santa Cecilia,Sinaloa,25,Ahome,001,Los Mochis,01,25.8957,-109.1333,3,santa-cecilia
MX,Mexico,México,81271,Real del Valle,Sinaloa,25,Ahome,001,Los Mochis,01,25.8376,-109.1568,3,real-del-valle
MX,Mexico,México,81271,Las Villas Residencial,Sinaloa,25,Ahome,001,Los Mochis,01,25.8376,-109.1568,3,las-villas-residencial
MX,Mexico,México,81271,Villa de Cortez,Sinaloa,25,Ahome,001,Los Mochis,01,25.8376,-109.1568,3,villa-de-cortez
MX,Mexico,México,81271,Tulipanes,Sinaloa,25,Ahome,001,Los Mochis,01,25.8376,-109.1568,3,tulipanes
MX,Mexico,México,81271,Sierra Bonita,Sinaloa,25,Ahome,001,Los Mochis,01,25.8376,-109.1568,3,sierra-bonita
MX,Mexico,México,81271,Residencial Paseo Alameda,Sinaloa,25,Ahome,001,Los Mochis,01,25.8376,-109.1568,3,residencial-paseo-alameda
MX,Mexico,México,81271,Portal de Hierro,Sinaloa,25,Ahome,001,Los Mochis,01,25.8376,-109.1568,3,portal-de-hierro
MX,Mexico,México,81271,Zafiro,Sinaloa,25,Ahome,001,Los Mochis,01,25.8376,-109.1568,3,zafiro
MX,Mexico,México,81271,Paseo Alameda,Sinaloa,25,Ahome,001,Los Mochis,01,25.8376,-109.1568,3,paseo-alameda
MX,Mexico,México,81271,Álamos Country,Sinaloa,25,Ahome,001,Los Mochis,01,25.8376,-109.1568,3,alamos-country
MX,Mexico,México,81271,Quinta Real,Sinaloa,25,Ahome,001,Los Mochis,01,25.8376,-109.1568,3,quinta-real
MX,Mexico,México,81271,Santa Teresa,Sinaloa,25,Ahome,001,Los Mochis,01,25.8957,-109.1333,3,santa-teresa
MX,Mexico,México,81271,San Fernando,Sinaloa,25,Ahome,001,Los Mochis,01,25.8957,-109.1333,3,san-fernando
MX,Mexico,México,81271,Azucena,Sinaloa,25,Ahome,001,Los Mochis,01,25.8376,-109.1568,3,azucena
MX,Mexico,México,81271,Santa Bárbara,Sinaloa,25,Ahome,001,Los Mochis,01,25.8376,-109.1568,4,santa-barbara
MX,Mexico,México,81277,Haciendas Country,Sinaloa,25,Ahome,001,Los Mochis,01,25.8331,-109.0447,1,haciendas-country
MX,Mexico,México,81277,Hacienda Arroyo Pioneros,Sinaloa,25,Ahome,001,Los Mochis,01,25.8331,-109.0447,1,hacienda-arroyo-pioneros
MX,Mexico,México,81277,Hacienda del Arroyo,Sinaloa,25,Ahome,001,Los Mochis,01,25.8331,-109.0447,1,hacienda-del-arroyo
MX,Mexico,México,81277,Palmera Residencial,Sinaloa,25,Ahome,001,Los Mochis,01,25.8331,-109.0447,1,palmera-residencial
MX,Mexico,México,81277,Las Delicias,Sinaloa,25,Ahome,001,Los Mochis,01,25.8957,-109.1333,1,las-delicias
MX,Mexico,México,81277,Las Haciendas,Sinaloa,25,Ahome,001,Los Mochis,01,25.8331,-109.0447,1,las-haciendas
MX,Mexico,México,81278,Santa María,Sinaloa,25,Ahome,001,Los Mochis,01,25.8957,-109.1333,3,santa-maria
MX,Mexico,México,81278,El Dorado,Sinaloa,25,Ahome,001,Los Mochis,01,25.8957,-109.1333,3,el-dorado
MX,Mexico,México,81278,Cedros,Sinaloa,25,Ahome,001,Los Mochis,01,25.8957,-109.1333,3,cedros
MX,Mexico,México,81278,Santa Alicia,Sinaloa,25,Ahome,001,Los Mochis,01,25.8957,-109.1333,3,santa-alicia
MX,Mexico,México,81278,Santa Catalina,Sinaloa,25,Ahome,001,Los Mochis,01,25.883,-109.0372,3,santa-catalina
MX,Mexico,México,81278,Colon,Sinaloa,25,Ahome,001,Los Mochis,01,25.883,-109.0372,3,colon
MX,Mexico,México,81278,Los Virreyes,Sinaloa,25,Ahome,001,Los Mochis,01,25.883,-109.0372,3,los-virreyes
MX,Mexico,México,81278,Valle del Rey,Sinaloa,25,Ahome,001,Los Mochis,01,25.883,-109.0372,3,valle-del-rey
MX,Mexico,México,81278,Valle de la Rosa,Sinaloa,25,Ahome,001,Los Mochis,01,25.883,-109.0372,3,valle-de-la-rosa
MX,Mexico,México,81278,Urbi Villa del Rey,Sinaloa,25,Ahome,001,Los Mochis,01,25.883,-109.0372,3,urbi-villa-del-rey
MX,Mexico,México,81278,La Esmeralda,Sinaloa,25,Ahome,001,Los Mochis,01,25.8964,-109.1403,4,la-esmeralda
MX,Mexico,México,81278,San José,Sinaloa,25,Ahome,001,Los Mochis,01,25.7998,-109.0424,4,san-jose
MX,Mexico,México,81278,Francisco Villa,Sinaloa,25,Ahome,001,Los Mochis,01,25.789,-109.0161,4,francisco-villa
MX,Mexico,México,81278,Owen,Sinaloa,25,Ahome,001,Los Mochis,01,25.7803,-108.9739,4,owen
MX,Mexico,México,81278,San Isidro,Sinaloa,25,Ahome,001,Los Mochis,01,26.1496,-109.0136,4,san-isidro
MX,Mexico,México,81278,Alcázar del Country,Sinaloa,25,Ahome,001,Los Mochis,01,25.883,-109.0372,3,alcazar-del-country
MX,Mexico,México,81280,Anáhuac,Sinaloa,25,Ahome,001,Los Mochis,01,25.7743,-108.9938,4,anahuac
MX,Mexico,México,81280,Obrera,Sinaloa,25,Ahome,001,Los Mochis,01,25.8217,-109.0567,3,obrera
MX,Mexico,México,81280,Sinaloa,Sinaloa,25,Ahome,001,Los Mochis,01,25.8217,-109.0567,3,sinaloa
MX,Mexico,México,81280,Vivienda Popular,Sinaloa,25,Ahome,001,Los Mochis,01,25.8217,-109.0567,3,vivienda-popular
MX,Mexico,México,81280,Insurgentes Obrera,Sinaloa,25,Ahome,001,Los Mochis,01,25.8217,-109.0567,3,insurgentes-obrera
MX,Mexico,México,81280,Independencia,Sinaloa,25,Ahome,001,Los Mochis,01,25.9092,-109.1846,4,independencia
MX,Mexico,México,81280,Bienestar,Sinaloa,25,Ahome,001,Los Mochis,01,25.7814,-108.9918,4,bienestar
MX,Mexico,México,81285,La Florida,Sinaloa,25,Ahome,001,Los Mochis,01,25.9326,-109.1894,4,la-florida
MX,Mexico,México,81285,Prados del Sur,Sinaloa,25,Ahome,001,Los Mochis,01,25.7666,-108.9777,4,prados-del-sur
MX,Mexico,México,81285,Antonio Toledo Corro,Sinaloa,25,Ahome,001,Los Mochis,01,25.8957,-109.1333,3,antonio-toledo-corro
MX,Mexico,México,81285,La Joya,Sinaloa,25,Ahome,001,Los Mochis,01,25.8957,-109.1333,3,la-joya
MX,Mexico,México,81285,Las Isabeles,Sinaloa,25,Ahome,001,Los Mochis,01,25.8957,-109.1333,3,las-isabeles
MX,Mexico,México,81285,Tulipanes,Sinaloa,25,Ahome,001,Los Mochis,01,25.8099,-109.0332,3,tulipanes
MX,Mexico,México,81285,STASE IV,Sinaloa,25,Ahome,001,Los Mochis,01,25.8099,-109.0332,3,stase-iv
MX,Mexico,México,81285,Universitario,Sinaloa,25,Ahome,001,Los Mochis,01,25.8099,-109.0332,3,universitario
MX,Mexico,México,81285,Francisco Labastida Ochoa,Sinaloa,25,Ahome,001,Los Mochis,01,25.7691,-108.9806,4,francisco-labastida-ochoa
MX,Mexico,México,81285,Raul Romanillo,Sinaloa,25,Ahome,001,Los Mochis,01,25.7713,-108.9849,4,raul-romanillo
MX,Mexico,México,81285,Residencial Mar de Cortés,Sinaloa,25,Ahome,001,Los Mochis,01,25.8099,-109.0332,3,residencial-mar-de-cortes
MX,Mexico,México,81285,STASE Los Álamos,Sinaloa,25,Ahome,001,Los Mochis,01,25.8099,-109.0332,3,stase-los-alamos
MX,Mexico,México,81289,La Herradura,Sinaloa,25,Ahome,001,Los Mochis,01,25.8957,-109.1333,3,la-herradura
MX,Mexico,México,81289,Parque Sinaloa,Sinaloa,25,Ahome,001,Los Mochis,01,25.7948,-108.9787,4,parque-sinaloa
MX,Mexico,México,81289,Americana,Sinaloa,25,Ahome,001,Los Mochis,01,25.7948,-108.9787,3,americana
MX,Mexico,México,81290,Ampliación Burócrata,Sinaloa,25,Ahome,001,Los Mochis,01,25.7576,-109.0009,3,ampliacion-burocrata
MX,Mexico,México,81290,Lopez Portillo,Sinaloa,25,Ahome,001,Los Mochis,01,25.8957,-109.1333,3,lopez-portillo
MX,Mexico,México,81290,Morelos,Sinaloa,25,Ahome,001,Los Mochis,01,25.7561,-109.0021,4,morelos
MX,Mexico,México,81290,Burócrata,Sinaloa,25,Ahome,001,Los Mochis,01,25.7591,-108.9996,4,burocrata
MX,Mexico,México,81293,Villa de Santiago,Sinaloa,25,Ahome,001,Los Mochis,01,25.7654,-108.9999,3,villa-de-santiago
MX,Mexico,México,81293,Las Misiones,Sinaloa,25,Ahome,001,Los Mochis,01,25.7654,-108.9999,3,las-misiones
MX,Mexico,México,81293,Pradera de Villa,Sinaloa,25,Ahome,001,Los Mochis,01,25.7654,-108.9999,3,pradera-de-villa
MX,Mexico,México,81293,Montebello,Sinaloa,25,Ahome,001,Los Mochis,01,25.7654,-108.9999,3,montebello
MX,Mexico,México,81293,Mediterráneo,Sinaloa,25,Ahome,001,Los Mochis,01,25.7654,-108.9999,3,mediterraneo
MX,Mexico,México,81293,Privanzas,Sinaloa,25,Ahome,001,Los Mochis,01,25.7654,-108.9999,3,privanzas
MX,Mexico,México,81293,Villa Centenario,Sinaloa,25,Ahome,001,Los Mochis,01,25.7654,-108.9999,3,villa-centenario
MX,Mexico,México,81293,Las Nubes,Sinaloa,25,Ahome,001,Los Mochis,01,25.7654,-108.9999,3,las-nubes
MX,Mexico,México,81293,Jardines de Villa,Sinaloa,25,Ahome,001,Los Mochis,01,25.7654,-108.9999,3,jardines-de-villa
MX,Mexico,México,81293,Real de Villa,Sinaloa,25,Ahome,001,Los Mochis,01,25.7654,-108.9999,4,real-de-villa
MX,Mexico,México,81294,Catarinas,Sinaloa,25,Ahome,001,Los Mochis,01,25.7512,-108.9985,4,catarinas
MX,Mexico,México,81294,Jardines de Morelos,Sinaloa,25,Ahome,001,Los Mochis,01,25.752,-108.999,3,jardines-de-morelos
MX,Mexico,México,81294,Ampliación Nuevo Siglo,Sinaloa,25,Ahome,001,Los Mochis,01,25.752,-108.999,3,ampliacion-nuevo-siglo
MX,Mexico,México,81294,Almendras,Sinaloa,25,Ahome,001,Los Mochis,01,25.7601,-108.9954,4,almendras
MX,Mexico,México,81294,La Cantera,Sinaloa,25,Ahome,001,Los Mochis,01,25.8957,-109.1333,3,la-cantera
MX,Mexico,México,81294,Las Flores,Sinaloa,25,Ahome,001,Los Mochis,01,25.8957,-109.1333,3,las-flores
MX,Mexico,México,81294,Nueva Revolución,Sinaloa,25,Ahome,001,Los Mochis,01,25.7583,-108.9959,4,nueva-revolucion
MX,Mexico,México,81294,Jardines de Primavera,Sinaloa,25,Ahome,001,Los Mochis,01,25.752,-108.999,3,jardines-de-primavera
MX,Mexico,México,81294,Camelias,Sinaloa,25,Ahome,001,Los Mochis,01,25.752,-108.999,3,camelias
MX,Mexico,México,81294,Prados III,Sinaloa,25,Ahome,001,Los Mochis,01,25.752,-108.999,3,prados-iii
MX,Mexico,México,81294,Primavera CTELL 11,Sinaloa,25,Ahome,001,Los Mochis,01,25.752,-108.999,3,primavera-ctell-11
MX,Mexico,México,81294,Siglo XXI,Sinaloa,25,Ahome,001,Los Mochis,01,25.752,-108.999,3,siglo-xxi
MX,Mexico,México,81294,Las Cerezas,Sinaloa,25,Ahome,001,Los Mochis,01,25.752,-108.999,3,las-cerezas
MX,Mexico,México,81294,Lázaro Cárdenas Del Rio,Sinaloa,25,Ahome,001,Los Mochis,01,25.752,-108.999,3,lazaro-cardenas-del-rio
MX,Mexico,México,81294,Los Laureles,Sinaloa,25,Ahome,001,Los Mochis,01,25.8957,-109.1333,3,los-laureles
MX,Mexico,México,81294,Niños Héroes,Sinaloa,25,Ahome,001,Los Mochis,01,25.7294,-109.0183,4,ninos-heroes
MX,Mexico,México,81294,Prado Bonito,Sinaloa,25,Ahome,001,Los Mochis,01,25.7618,-108.9916,4,prado-bonito
MX,Mexico,México,81294,Nuevo Siglo,Sinaloa,25,Ahome,001,Los Mochis,01,25.751,-108.9945,4,nuevo-siglo
MX,Mexico,México,81295,Las Praderas,Sinaloa,25,Ahome,001,Los Mochis,01,25.7605,-108.9878,4,las-praderas
MX,Mexico,México,81295,Los Portales,Sinaloa,25,Ahome,001,Los Mochis,01,25.7597,-108.9813,4,los-portales
MX,Mexico,México,81295,San Francisco,Sinaloa,25,Ahome,001,Los Mochis,01,25.8023,-109.0124,4,san-francisco
MX,Mexico,México,81295,Santa Luz,Sinaloa,25,Ahome,001,Los Mochis,01,25.7742,-108.9939,3,santa-luz
MX,Mexico,México,81295,Las Cañas,Sinaloa,25,Ahome,001,Los Mochis,01,25.8957,-109.1333,3,las-canas
MX,Mexico,México,81295,Los Girasoles,Sinaloa,25,Ahome,001,Los Mochis,01,25.8957,-109.1333,3,los-girasoles
MX,Mexico,México,81295,Los Ángeles,Sinaloa,25,Ahome,001,Los Mochis,01,25.8957,-109.1333,3,los-angeles
MX,Mexico,México,81295,Morelos CTM 2,Sinaloa,25,Ahome,001,Los Mochis,01,25.7742,-108.9939,3,morelos-ctm-2
MX,Mexico,México,81295,Morelos CTM,Sinaloa,25,Ahome,001,Los Mochis,01,25.7742,-108.9939,3,morelos-ctm
MX,Mexico,México,81300,Huatabampito,Sinaloa,25,Ahome,001,,,25.9578,-109.2127,4,huatabampito
MX,Mexico,México,81300,Mayocoba,Sinaloa,25,Ahome,001,,,25.9382,-109.2213,4,mayocoba
MX,Mexico,México,81300,Tabelojeca,Sinaloa,25,Ahome,001,,,26.0712,-109.1418,4,tabelojeca
MX,Mexico,México,81300,Campo Gastelum,Sinaloa,25,Ahome,001,,,25.9453,-109.1756,4,campo-gastelum
MX,Mexico,México,81300,Tozalibampo,Sinaloa,25,Ahome,001,,,25.9781,-109.1879,3,tozalibampo
MX,Mexico,México,81303,Agua Nueva,Sinaloa,25,Ahome,001,,,25.8848,-109.0941,4,agua-nueva
MX,Mexico,México,81304,San Miguel Zapotitlan,Sinaloa,25,Ahome,001,,,25.9483,-109.0474,4,san-miguel-zapotitlan
MX,Mexico,México,81304,Sector Juricahui,Sinaloa,25,Ahome,001,,,25.9274,-109.0356,3,sector-juricahui
MX,Mexico,México,81304,Paroscahui,Sinaloa,25,Ahome,001,,,25.9274,-109.0356,3,paroscahui
MX,Mexico,México,81304,Club de Leones,Sinaloa,25,Ahome,001,,,25.9274,-109.0356,3,club-de-leones
MX,Mexico,México,81304,Bajada de San Miguel,Sinaloa,25,Ahome,001,,,25.9444,-109.0114,4,bajada-de-san-miguel
MX,Mexico,México,81304,Choacahui,Sinaloa,25,Ahome,001,,,25.9598,-109.0304,4,choacahui
MX,Mexico,México,81304,Vallejo (Porvenir Vallejo),Sinaloa,25,Ahome,001,,,25.8828,-109.0736,4,vallejo-porvenir-vallejo
MX,Mexico,México,81304,Nuevo San Miguel,Sinaloa,25,Ahome,001,,,25.9631,-109.054,4,nuevo-san-miguel
MX,Mexico,México,81304,Bacaporobampo,Sinaloa,25,Ahome,001,,,25.9081,-109.0164,4,bacaporobampo
MX,Mexico,México,81304,Las Calaveras,Sinaloa,25,Ahome,001,,,25.8856,-109.0158,4,las-calaveras
MX,Mexico,México,81305,Gabriel Leyva Solano,Sinaloa,25,Ahome,001,,,25.8831,-109.0092,4,gabriel-leyva-solano
MX,Mexico,México,81305,Los Goros,Sinaloa,25,Ahome,001,,,25.8752,-109.0437,4,los-goros
MX,Mexico,México,81305,Flor Azul,Sinaloa,25,Ahome,001,,,25.8699,-109.0084,4,flor-azul
MX,Mexico,México,81306,Bagojo del Río (Bombas Aguilas),Sinaloa,25,Ahome,001,,,25.9411,-109.1007,3,bagojo-del-rio-bombas-aguilas
MX,Mexico,México,81306,El Porvenir,Sinaloa,25,Ahome,001,,,25.9324,-109.0975,4,el-porvenir
MX,Mexico,México,81306,Cachoana,Sinaloa,25,Ahome,001,,,25.9497,-109.1039,4,cachoana
MX,Mexico,México,81306,Goros 2,Sinaloa,25,Ahome,001,,,25.9411,-109.1007,3,goros-2
MX,Mexico,México,81307,Macapule,Sinaloa,25,Ahome,001,,,25.8861,-109.1482,4,macapule
MX,Mexico,México,81307,Águila Azteca,Sinaloa,25,Ahome,001,,,25.9157,-109.1639,4,aguila-azteca
MX,Mexico,México,81307,Zapotillo 1,Sinaloa,25,Ahome,001,,,25.9009,-109.156,3,zapotillo-1
MX,Mexico,México,81308,Bolsa de Tosalibampo 1,Sinaloa,25,Ahome,001,,,25.9264,-109.0879,1,bolsa-de-tosalibampo-1
MX,Mexico,México,81310,Cuchilla de Cachoana,Sinaloa,25,Ahome,001,,,25.8776,-109.1106,4,cuchilla-de-cachoana
MX,Mexico,México,81310,Emiliano Zapata,Sinaloa,25,Ahome,001,,,25.8746,-109.1171,4,emiliano-zapata
MX,Mexico,México,81310,Bagojo Colectivo,Sinaloa,25,Ahome,001,,,25.8742,-109.1178,4,bagojo-colectivo
MX,Mexico,México,81311,Los Suárez,Sinaloa,25,Ahome,001,,,25.9521,-109.1902,4,los-suarez
MX,Mexico,México,81311,El Guayabo,Sinaloa,25,Ahome,001,,,25.9413,-109.1388,4,el-guayabo
MX,Mexico,México,81311,ing. Heriberto Valdez Romero,Sinaloa,25,Ahome,001,,,25.9467,-109.1645,3,ing-heriberto-valdez-romero
MX,Mexico,México,81312,Cohuibampo,Sinaloa,25,Ahome,001,,,25.9409,-109.1588,4,cohuibampo
MX,Mexico,México,81315,Ahome Centro,Sinaloa,25,Ahome,001,Ahome,09,25.8842,-109.1172,1,ahome-centro
MX,Mexico,México,81316,San Antonio,Sinaloa,25,Ahome,001,Ahome,09,25.9419,-109.1192,4,san-antonio
MX,Mexico,México,81316,Inzunza,Sinaloa,25,Ahome,001,Ahome,09,25.8578,-109.0761,3,inzunza
MX,Mexico,México,81316,Las Bombitas,Sinaloa,25,Ahome,001,Ahome,09,25.8578,-109.0761,3,las-bombitas
MX,Mexico,México,81316,Guadalupe,Sinaloa,25,Ahome,001,Ahome,09,25.8578,-109.0761,3,guadalupe
MX,Mexico,México,81316,Benito Juárez,Sinaloa,25,Ahome,001,Ahome,09,25.7737,-109.0331,4,benito-juarez
MX,Mexico,México,81316,Melchor Ocampo,Sinaloa,25,Ahome,001,Ahome,09,25.8957,-109.1333,3,melchor-ocampo
MX,Mexico,México,81317,Morelos,Sinaloa,25,Ahome,001,Ahome,09,25.7561,-109.0021,4,morelos
MX,Mexico,México,81318,Ahome Independencia,Sinaloa,25,Ahome,001,Ahome,09,25.9092,-109.1846,4,ahome-independencia
MX,Mexico,México,81318,Hidráulica,Sinaloa,25,Ahome,001,Ahome,09,25.9092,-109.1846,3,hidraulica
MX,Mexico,México,81318,Individual Ahome,Sinaloa,25,Ahome,001,Ahome,09,25.9092,-109.1846,3,individual-ahome
MX,Mexico,México,81318,Ahome Independiente,Sinaloa,25,Ahome,001,Ahome,09,25.9092,-109.1846,3,ahome-independiente
MX,Mexico,México,81320,Antonio Toledo Corro,Sinaloa,25,Ahome,001,,,25.8957,-109.1333,1,antonio-toledo-corro
MX,Mexico,México,81324,La Despensa,Sinaloa,25,Ahome,001,,,25.9914,-109.2727,4,la-despensa
MX,Mexico,México,81325,El Refugio,Sinaloa,25,Ahome,001,,,25.9962,-109.2999,4,el-refugio
MX,Mexico,México,81326,San Pablo,Sinaloa,25,Ahome,001,,,26.0503,-109.2772,4,san-pablo
MX,Mexico,México,81326,Huacaporito,Sinaloa,25,Ahome,001,,,26.0606,-109.2465,4,huacaporito
MX,Mexico,México,81330,Magisterial,Sinaloa,25,Ahome,001,Higuera de Zaragoza,10,25.8111,-108.9752,4,magisterial
MX,Mexico,México,81330,San Isidro (san Francisco de Hullaya),Sinaloa,25,Ahome,001,Higuera de Zaragoza,10,25.9166,-109.1947,3,san-isidro-san-francisco-de-hullaya
MX,Mexico,México,81330,Buenavista,Sinaloa,25,Ahome,001,Higuera de Zaragoza,10,25.8957,-109.1333,3,buenavista
MX,Mexico,México,81330,Francisco Ceballos,Sinaloa,25,Ahome,001,Higuera de Zaragoza,10,25.9166,-109.1947,3,francisco-ceballos
MX,Mexico,México,81330,Nueva,Sinaloa,25,Ahome,001,Higuera de Zaragoza,10,25.9166,-109.1947,3,nueva
MX,Mexico,México,81330,Hidráulica,Sinaloa,25,Ahome,001,Higuera de Zaragoza,10,25.9166,-109.1947,3,hidraulica
MX,Mexico,México,81330,Higueras de Zaragoza Centro,Sinaloa,25,Ahome,001,Higuera de Zaragoza,10,25.9166,-109.1947,3,higueras-de-zaragoza-centro
MX,Mexico,México,81330,San Lorenzo Nuevo,Sinaloa,25,Ahome,001,Higuera de Zaragoza,10,25.9706,-109.3108,4,san-lorenzo-nuevo
MX,Mexico,México,81330,Ejidal,Sinaloa,25,Ahome,001,Higuera de Zaragoza,10,25.968,-109.298,4,ejidal
MX,Mexico,México,81334,Jitzamuri,Sinaloa,25,Ahome,001,,,26.2151,-109.2633,4,jitzamuri
MX,Mexico,México,81334,Las Lajitas,Sinaloa,25,Ahome,001,,,26.0975,-109.3748,4,las-lajitas
MX,Mexico,México,81334,Bolsa de Tozalibampo Dos,Sinaloa,25,Ahome,001,,,26.1563,-109.3191,3,bolsa-de-tozalibampo-dos
MX,Mexico,México,81335,San Lorenzo Viejo,Sinaloa,25,Ahome,001,,,25.9565,-109.3022,4,san-lorenzo-viejo
MX,Mexico,México,81335,Los Algodones,Sinaloa,25,Ahome,001,,,25.9716,-109.2826,4,los-algodones
MX,Mexico,México,81336,San José de Ahome,Sinaloa,25,Ahome,001,,,25.9938,-109.2671,1,san-jose-de-ahome
MX,Mexico,México,81337,El Aguajito,Sinaloa,25,Ahome,001,,,25.9596,-109.3297,4,el-aguajito
MX,Mexico,México,81340,Poblado 5,Sinaloa,25,Ahome,001,,,26.1547,-109.055,3,poblado-5
MX,Mexico,México,81340,Chihuahuita,Sinaloa,25,Ahome,001,,,26.1547,-109.055,4,chihuahuita
MX,Mexico,México,81340,Poblado 6 (Los Natoches),Sinaloa,25,Ahome,001,,,26.1547,-109.055,3,poblado-6-los-natoches
MX,Mexico,México,81341,Gral. Guillermo Chavez Talamantes,Sinaloa,25,Ahome,001,,,25.7422,-109.0098,3,gral-guillermo-chavez-talamantes
MX,Mexico,México,81341,Mártires de Sinaloa,Sinaloa,25,Ahome,001,,,25.7422,-109.0098,3,martires-de-sinaloa
MX,Mexico,México,81341,Niños Héroes de Chapultepec,Sinaloa,25,Ahome,001,,,25.7422,-109.0098,4,ninos-heroes-de-chapultepec
MX,Mexico,México,81343,Revolución Mexicana,Sinaloa,25,Ahome,001,,,26.3107,-108.9441,4,revolucion-mexicana
MX,Mexico,México,81343,Venustiano Carranza,Sinaloa,25,Ahome,001,,,26.2992,-109.0308,4,venustiano-carranza
MX,Mexico,México,81343,Gustavo Diaz Ordaz,Sinaloa,25,Ahome,001,,,26.2692,-109.0372,4,gustavo-diaz-ordaz
MX,Mexico,México,81345,Emigdio Ruiz,Sinaloa,25,Ahome,001,,,26.375,-109.01,4,emigdio-ruiz
MX,Mexico,México,81346,Alfonso G. Calderón (Poblado Siete),Sinaloa,25,Ahome,001,,,26.0653,-109.0197,4,alfonso-g-calderon-poblado-siete
MX,Mexico,México,81349,Bacorehuis,Sinaloa,25,Ahome,001,,,26.3175,-109.0851,4,bacorehuis
MX,Mexico,México,81349,Sinaloa de Leyva,Sinaloa,25,Ahome,001,,,26.3175,-109.0851,3,sinaloa-de-leyva
MX,Mexico,México,81349,Dolores Hidalgo,Sinaloa,25,Ahome,001,,,26.3175,-109.0851,3,dolores-hidalgo
MX,Mexico,México,81350,Las Grullas Margen Derecho,Sinaloa,25,Ahome,001,,,25.819,-109.3227,3,las-grullas-margen-derecho
MX,Mexico,México,81350,El Alhuate,Sinaloa,25,Ahome,001,,,25.8797,-109.3303,4,el-alhuate
MX,Mexico,México,81350,El Colorado,Sinaloa,25,Ahome,001,,,25.7583,-109.3151,4,el-colorado
MX,Mexico,México,81350,Las Grullas Margen Izquierdo,Sinaloa,25,Ahome,001,,,25.819,-109.3227,3,las-grullas-margen-izquierdo
MX,Mexico,México,81351,La Florida,Sinaloa,25,Ahome,001,,,25.9326,-109.1894,4,la-florida
MX,Mexico,México,81351,El Bule,Sinaloa,25,Ahome,001,,,25.8837,-109.2909,4,el-bule
MX,Mexico,México,81360,Felipe Angeles,Sinaloa,25,Ahome,001,,,25.8676,-109.0408,4,felipe-angeles
MX,Mexico,México,81360,Cereso Nuevo,Sinaloa,25,Ahome,001,,,25.8914,-109.0422,4,cereso-nuevo
MX,Mexico,México,81360,18 de Marzo,Sinaloa,25,Ahome,001,,,25.879,-108.9948,3,18-de-marzo
MX,Mexico,México,81360,Cerrillos (campo 35),Sinaloa,25,Ahome,001,,,25.8781,-108.9014,4,cerrillos-campo-35
MX,Mexico,México,81361,Campo La Arrocera,Sinaloa,25,Ahome,001,,,25.845,-108.9183,4,campo-la-arrocera
MX,Mexico,México,81361,Compuertas O 21 de Septiembre,Sinaloa,25,Ahome,001,,,25.845,-108.9183,3,compuertas-o-21-de-septiembre
MX,Mexico,México,81361,Rosendo G Castro,Sinaloa,25,Ahome,001,,,25.845,-108.9183,3,rosendo-g-castro
MX,Mexico,México,81361,5 de Mayo,Sinaloa,25,Ahome,001,,,25.845,-108.9183,3,5-de-mayo
MX,Mexico,México,81363,20 de Noviembre Nuevo,Sinaloa,25,Ahome,001,,,25.793,-108.9981,3,20-de-noviembre-nuevo
MX,Mexico,México,81363,20 de Noviembre Viejo,Sinaloa,25,Ahome,001,,,25.793,-108.9981,3,20-de-noviembre-viejo
MX,Mexico,México,81363,Los Mochis,Sinaloa,25,Ahome,001,,,25.793,-108.9981,4,los-mochis
MX,Mexico,México,81364,Ricardo Flores Magón,Sinaloa,25,Ahome,001,,,25.7406,-108.9958,4,ricardo-flores-magon
MX,Mexico,México,81367,Louisiana,Sinaloa,25,Ahome,001,,,25.8051,-109.0386,4,louisiana
MX,Mexico,México,81367,Santa Bárbara (Cabaihunaca),Sinaloa,25,Ahome,001,,,25.7888,-109.0503,3,santa-barbara-cabaihunaca
MX,Mexico,México,81367,Albergue Louisiana,Sinaloa,25,Ahome,001,,,25.7888,-109.0503,3,albergue-louisiana
MX,Mexico,México,81367,Plan de San Luis,Sinaloa,25,Ahome,001,,,25.7725,-109.0619,4,plan-de-san-luis
MX,Mexico,México,81369,Los Mochis (Los Mochis),Sinaloa,25,Ahome,001,,,25.8242,-108.9996,1,los-mochis-los-mochis
MX,Mexico,México,81370,Topolobampo,Sinaloa,25,Ahome,001,Topolobampo,23,25.6008,-109.0523,4,topolobampo
MX,Mexico,México,81370,Topolobampo Centro,Sinaloa,25,Ahome,001,Topolobampo,23,25.6008,-109.0523,3,topolobampo-centro
MX,Mexico,México,81372,Plaza,Sinaloa,25,Ahome,001,Topolobampo,23,25.7091,-109.0564,1,plaza
MX,Mexico,México,81372,Pestalozzi,Sinaloa,25,Ahome,001,Topolobampo,23,25.7091,-109.0564,1,pestalozzi
MX,Mexico,México,81372,El Pedregal,Sinaloa,25,Ahome,001,Topolobampo,23,25.8957,-109.1333,1,el-pedregal
MX,Mexico,México,81372,Capilla San José,Sinaloa,25,Ahome,001,Topolobampo,23,25.7091,-109.0564,1,capilla-san-jose
MX,Mexico,México,81372,San José 2,Sinaloa,25,Ahome,001,Topolobampo,23,25.7091,-109.0564,1,san-jose-2
MX,Mexico,México,81372,San José 1,Sinaloa,25,Ahome,001,Topolobampo,23,25.7091,-109.0564,1,san-jose-1
MX,Mexico,México,81372,Aduana,Sinaloa,25,Ahome,001,Topolobampo,23,25.7091,-109.0564,1,aduana
MX,Mexico,México,81372,Sindicatura,Sinaloa,25,Ahome,001,Topolobampo,23,25.7091,-109.0564,1,sindicatura
MX,Mexico,México,81372,Varadero 1,Sinaloa,25,Ahome,001,Topolobampo,23,25.7091,-109.0564,1,varadero-1
MX,Mexico,México,81372,Varadero 2,Sinaloa,25,Ahome,001,Topolobampo,23,25.7091,-109.0564,1,varadero-2
MX,Mexico,México,81372,Estación 1,Sinaloa,25,Ahome,001,Topolobampo,23,25.7091,-109.0564,1,estacion-1
MX,Mexico,México,81372,Kilómetro 23,Sinaloa,25,Ahome,001,Topolobampo,23,25.7091,-109.0564,1,kilometro-23
MX,Mexico,México,81373,Pérgola 1,Sinaloa,25,Ahome,001,Topolobampo,23,25.7091,-109.0564,1,pergola-1
MX,Mexico,México,81373,Iglesia de Guadalupe,Sinaloa,25,Ahome,001,Topolobampo,23,25.7091,-109.0564,1,iglesia-de-guadalupe
MX,Mexico,México,81373,Secretaria de Marina Bajos,Sinaloa,25,Ahome,001,Topolobampo,23,25.7091,-109.0564,1,secretaria-de-marina-bajos
MX,Mexico,México,81373,Secretaria de Marina,Sinaloa,25,Ahome,001,Topolobampo,23,25.7091,-109.0564,1,secretaria-de-marina
MX,Mexico,México,81373,Mendez,Sinaloa,25,Ahome,001,Topolobampo,23,25.7091,-109.0564,1,mendez
MX,Mexico,México,81373,Pérgola 2,Sinaloa,25,Ahome,001,Topolobampo,23,25.7091,-109.0564,1,pergola-2
MX,Mexico,México,81373,Pesquera,Sinaloa,25,Ahome,001,Topolobampo,23,25.7091,-109.0564,1,pesquera
MX,Mexico,México,81373,Providencia,Sinaloa,25,Ahome,001,Topolobampo,23,25.8957,-109.1333,1,providencia
MX,Mexico,México,81373,Sindicato,Sinaloa,25,Ahome,001,Topolobampo,23,25.7091,-109.0564,1,sindicato
MX,Mexico,México,81373,Seguro Social,Sinaloa,25,Ahome,001,Topolobampo,23,25.7091,-109.0564,1,seguro-social
MX,Mexico,México,81373,Los Conchos,Sinaloa,25,Ahome,001,Topolobampo,23,25.7091,-109.0564,1,los-conchos
MX,Mexico,México,81373,Barrio Estándar,Sinaloa,25,Ahome,001,Topolobampo,23,25.7091,-109.0564,1,barrio-estandar
MX,Mexico,México,81373,Banamex,Sinaloa,25,Ahome,001,Topolobampo,23,25.7091,-109.0564,1,banamex
MX,Mexico,México,81373,Telmex,Sinaloa,25,Ahome,001,Topolobampo,23,25.7091,-109.0564,1,telmex
MX,Mexico,México,81374,CET Mar,Sinaloa,25,Ahome,001,Topolobampo,23,25.7091,-109.0564,1,cet-mar
MX,Mexico,México,81374,La Guasima,Sinaloa,25,Ahome,001,Topolobampo,23,25.8957,-109.1333,1,la-guasima
MX,Mexico,México,81375,24 de Febrero,Sinaloa,25,Ahome,001,Topolobampo,23,25.8957,-109.1333,1,24-de-febrero
MX,Mexico,México,81375,Estación 2,Sinaloa,25,Ahome,001,Topolobampo,23,25.7091,-109.0564,1,estacion-2
MX,Mexico,México,81375,Cartolandia,Sinaloa,25,Ahome,001,Topolobampo,23,25.7091,-109.0564,1,cartolandia
MX,Mexico,México,81375,INFONAVIT La Curva,Sinaloa,25,Ahome,001,Topolobampo,23,25.7091,-109.0564,1,infonavit-la-curva
MX,Mexico,México,81376,Ohuira,Sinaloa,25,Ahome,001,,,25.7091,-109.0564,1,ohuira
MX,Mexico,México,81377,Paredones,Sinaloa,25,Ahome,001,,,25.7091,-109.0564,1,paredones
MX,Mexico,México,81378,Bachomobampo 2,Sinaloa,25,Ahome,001,,,25.7091,-109.0564,1,bachomobampo-2
MX,Mexico,México,81378,Bachomobampo 1,Sinaloa,25,Ahome,001,,,25.7091,-109.0564,1,bachomobampo-1
MX,Mexico,México,81379,Plan de Ayala (Campo Cinco),Sinaloa,25,Ahome,001,,,25.7691,-109.0412,4,plan-de-ayala-campo-cinco
MX,Mexico,México,81379,9 de Diciembre,Sinaloa,25,Ahome,001,,,25.7452,-109.0577,3,9-de-diciembre
MX,Mexico,México,81379,Benito Juárez,Sinaloa,25,Ahome,001,,,25.7737,-109.0331,4,benito-juarez
MX,Mexico,México,81379,Plan de Guadalupe,Sinaloa,25,Ahome,001,,,25.6927,-109.0988,4,plan-de-guadalupe
MX,Mexico,México,81383,Los Batequis,Sinaloa,25,Ahome,001,,,25.8166,-108.7805,4,los-batequis
MX,Mexico,México,81384,Primero de Mayo,Sinaloa,25,Ahome,001,,,25.7394,-108.9349,4,primero-de-mayo
MX,Mexico,México,81386,El Estero,Sinaloa,25,Ahome,001,,,25.773,-108.8416,4,el-estero
MX,Mexico,México,81390,Lázaro Cárdenas (Muellecito),Sinaloa,25,Ahome,001,,,25.5979,-108.9015,1,lazaro-cardenas-muellecito
MX,Mexico,México,81393,Carrizo Grande,Sinaloa,25,Ahome,001,,,25.5979,-108.9015,4,carrizo-grande
MX,Mexico,México,81600,Angostura Centro,Sinaloa,25,Angostura,002,Angostura,15,25.2692,-108.134,1,angostura-centro
MX,Mexico,México,81605,Los Álamos,Sinaloa,25,Angostura,002,Angostura,15,25.1461,-108.1414,1,los-alamos
MX,Mexico,México,81605,Fovissste,Sinaloa,25,Angostura,002,Angostura,15,25.2692,-108.134,1,fovissste
MX,Mexico,México,81607,Labastida Ochoa,Sinaloa,25,Angostura,002,Angostura,15,25.2692,-108.134,1,labastida-ochoa
MX,Mexico,México,81610,Batamotos,Sinaloa,25,Angostura,002,,,25.3889,-108.0575,4,batamotos
MX,Mexico,México,81610,Alhuey,Sinaloa,25,Angostura,002,,,25.3781,-108.1303,4,alhuey
MX,Mexico,México,81610,Capomos,Sinaloa,25,Angostura,002,,,25.4104,-108.1282,4,capomos
MX,Mexico,México,81620,San Antonio,Sinaloa,25,Angostura,002,,,25.341,-108.2468,4,san-antonio
MX,Mexico,México,81620,El Ébano,Sinaloa,25,Angostura,002,,,25.324,-108.1837,4,el-ebano
MX,Mexico,México,81621,La Primavera,Sinaloa,25,Angostura,002,,,25.3786,-108.1828,4,la-primavera
MX,Mexico,México,81622,La Palma,Sinaloa,25,Angostura,002,,,25.3829,-108.1591,4,la-palma
MX,Mexico,México,81623,San Isidro,Sinaloa,25,Angostura,002,,,25.4287,-108.116,4,san-isidro
MX,Mexico,México,81624,El Llano,Sinaloa,25,Angostura,002,,,25.3295,-108.2684,4,el-llano
MX,Mexico,México,81624,San Luciano,Sinaloa,25,Angostura,002,,,25.3258,-108.2121,4,san-luciano
MX,Mexico,México,81625,La Esperanza,Sinaloa,25,Angostura,002,,,25.3487,-108.1868,4,la-esperanza
MX,Mexico,México,81625,Las Tunas,Sinaloa,25,Angostura,002,,,25.3586,-108.1684,4,las-tunas
MX,Mexico,México,81630,Acatita,Sinaloa,25,Angostura,002,,,25.35,-108.05,4,acatita
MX,Mexico,México,81632,La Unión,Sinaloa,25,Angostura,002,,,25.3355,-108.1812,4,la-union
MX,Mexico,México,81632,El Ranchito,Sinaloa,25,Angostura,002,,,25.3124,-108.1586,4,el-ranchito
MX,Mexico,México,81635,La Ilama,Sinaloa,25,Angostura,002,,,25.2642,-108.1818,4,la-ilama
MX,Mexico,México,81635,18 de Diciembre,Sinaloa,25,Angostura,002,,,25.2917,-108.1447,4,18-de-diciembre
MX,Mexico,México,81635,La Providencia,Sinaloa,25,Angostura,002,,,25.2604,-108.1954,4,la-providencia
MX,Mexico,México,81639,Bruno Beltran Garcia,Sinaloa,25,Angostura,002,,,25.2356,-108.1231,4,bruno-beltran-garcia
MX,Mexico,México,81640,Gustavo Diaz Ordaz,Sinaloa,25,Angostura,002,,,25.2669,-108.0949,4,gustavo-diaz-ordaz
MX,Mexico,México,81642,Campo General,Sinaloa,25,Angostura,002,,,25.2867,-108.0639,4,campo-general
MX,Mexico,México,81649,Agustina Ramirez,Sinaloa,25,Angostura,002,,,25.2768,-108.0794,1,agustina-ramirez
MX,Mexico,México,81650,Valentín Gómez Farias,Sinaloa,25,Angostura,002,,,25.1753,-108.1642,4,valentin-gomez-farias
MX,Mexico,México,81652,Playa Colorada,Sinaloa,25,Angostura,002,,,25.2898,-108.3246,4,playa-colorada
MX,Mexico,México,81653,Batury,Sinaloa,25,Angostura,002,,,25.2724,-108.2422,4,batury
MX,Mexico,México,81654,La Rosita,Sinaloa,25,Angostura,002,,,25.2806,-108.2199,4,la-rosita
MX,Mexico,México,81655,Protomartir de Sinaloa,Sinaloa,25,Angostura,002,,,25.2156,-108.1111,4,protomartir-de-sinaloa
MX,Mexico,México,81660,Agrícola México (Palmitas),Sinaloa,25,Angostura,002,,,25.1097,-107.9447,4,agricola-mexico-palmitas
MX,Mexico,México,81661,Rafael Buelna,Sinaloa,25,Angostura,002,,,25.1851,-108.0754,4,rafael-buelna
MX,Mexico,México,81661,Dámaso Cárdenas,Sinaloa,25,Angostura,002,,,25.1981,-108.0919,4,damaso-cardenas
MX,Mexico,México,81664,Independencia,Sinaloa,25,Angostura,002,,,25.173,-108.1094,4,independencia
MX,Mexico,México,81666,Costa Azul,Sinaloa,25,Angostura,002,,,25.1018,-108.1373,4,costa-azul
MX,Mexico,México,81670,Ignacio Allende,Sinaloa,25,Angostura,002,,,25.167,-108.0573,4,ignacio-allende
MX,Mexico,México,81670,Leopoldo Sanchez Celis,Sinaloa,25,Angostura,002,,,25.167,-108.0573,3,leopoldo-sanchez-celis
MX,Mexico,México,81675,Sinaloa,Sinaloa,25,Angostura,002,,,25.1174,-108.005,4,sinaloa
MX,Mexico,México,81680,La Reforma,Sinaloa,25,Angostura,002,,,25.0816,-108.0567,4,la-reforma
MX,Mexico,México,81690,Independencia (Chinitos),Sinaloa,25,Angostura,002,,,25.057,-107.9152,4,independencia-chinitos
MX,Mexico,México,81690,Arboladas,Sinaloa,25,Angostura,002,,,25.057,-107.9152,3,arboladas
MX,Mexico,México,80500,Colinas del Camichín,Sinaloa,25,Badiraguato,003,,,25.3652,-107.5508,3,colinas-del-camichin
MX,Mexico,México,80500,Badiraguato,Sinaloa,25,Badiraguato,003,,,25.3652,-107.5508,4,badiraguato
MX,Mexico,México,80503,Chaparahueto,Sinaloa,25,Badiraguato,003,,,25.3365,-107.5624,4,chaparahueto
MX,Mexico,México,80504,La Acendrada (La Cendrada),Sinaloa,25,Badiraguato,003,,,25.3194,-107.5787,3,la-acendrada-la-cendrada
MX,Mexico,México,80504,El Guamúchil del Barranco,Sinaloa,25,Badiraguato,003,,,25.3194,-107.5787,4,el-guamuchil-del-barranco
MX,Mexico,México,80505,La Amapa,Sinaloa,25,Badiraguato,003,,,25.2929,-107.232,4,la-amapa
MX,Mexico,México,80505,Viejo de los Serrano,Sinaloa,25,Badiraguato,003,,,25.2929,-107.232,3,viejo-de-los-serrano
MX,Mexico,México,80520,Babunica,Sinaloa,25,Badiraguato,003,,,25.5484,-107.2972,4,babunica
MX,Mexico,México,80520,El Sauce,Sinaloa,25,Badiraguato,003,,,25.5526,-107.3264,4,el-sauce
MX,Mexico,México,80520,La Noria,Sinaloa,25,Badiraguato,003,,,25.5513,-107.32,4,la-noria
MX,Mexico,México,80524,San José del Taste,Sinaloa,25,Badiraguato,003,,,25.5929,-107.1935,4,san-jose-del-taste
MX,Mexico,México,80524,El Potrero de los Páez,Sinaloa,25,Badiraguato,003,,,25.5793,-107.231,4,el-potrero-de-los-paez
MX,Mexico,México,80524,El Real,Sinaloa,25,Badiraguato,003,,,25.5674,-107.2189,4,el-real
MX,Mexico,México,80524,Las Juntas,Sinaloa,25,Badiraguato,003,,,25.5525,-107.2453,4,las-juntas
MX,Mexico,México,80526,Caiquiva,Sinaloa,25,Badiraguato,003,,,25.4785,-107.2726,4,caiquiva
MX,Mexico,México,80526,Santa María,Sinaloa,25,Badiraguato,003,,,25.4184,-107.3084,4,santa-maria
MX,Mexico,México,80526,Maturipa,Sinaloa,25,Badiraguato,003,,,25.4543,-107.2975,4,maturipa
MX,Mexico,México,80526,Las Limas,Sinaloa,25,Badiraguato,003,,,25.4246,-107.306,4,las-limas
MX,Mexico,México,80527,Bamopa,Sinaloa,25,Badiraguato,003,,,25.5148,-107.2936,4,bamopa
MX,Mexico,México,80530,Santa Rosa,Sinaloa,25,Badiraguato,003,,,25.4644,-107.5811,4,santa-rosa
MX,Mexico,México,80530,La Dispencilla,Sinaloa,25,Badiraguato,003,,,25.4502,-107.5715,4,la-dispencilla
MX,Mexico,México,80530,Sitio de Abajo,Sinaloa,25,Badiraguato,003,,,25.4669,-107.6239,4,sitio-de-abajo
MX,Mexico,México,80530,Potrerillo,Sinaloa,25,Badiraguato,003,,,25.435,-107.5697,4,potrerillo
MX,Mexico,México,80530,El Álamo,Sinaloa,25,Badiraguato,003,,,25.4581,-107.5917,4,el-alamo
MX,Mexico,México,80530,El Guasimal,Sinaloa,25,Badiraguato,003,,,25.4885,-107.5715,4,el-guasimal
MX,Mexico,México,80533,Ojo de Agua,Sinaloa,25,Badiraguato,003,,,25.4981,-107.445,4,ojo-de-agua
MX,Mexico,México,80533,Las Palmas,Sinaloa,25,Badiraguato,003,,,25.55,-107.5,4,las-palmas
MX,Mexico,México,80533,La Cieneguilla,Sinaloa,25,Badiraguato,003,,,25.5909,-107.3959,3,la-cieneguilla
MX,Mexico,México,80533,El Barril,Sinaloa,25,Badiraguato,003,,,25.4324,-107.5385,4,el-barril
MX,Mexico,México,80534,El Aguaje,Sinaloa,25,Badiraguato,003,,,25.5058,-107.4403,4,el-aguaje
MX,Mexico,México,80534,San Nicolás del Sitio (Sitio de Arriba),Sinaloa,25,Badiraguato,003,,,25.5174,-107.5316,3,san-nicolas-del-sitio-sitio-de-arriba
MX,Mexico,México,80534,El Huejote,Sinaloa,25,Badiraguato,003,,,25.529,-107.623,4,el-huejote
MX,Mexico,México,80535,Sitio de en Medio,Sinaloa,25,Badiraguato,003,,,25.4555,-107.5122,1,sitio-de-en-medio
MX,Mexico,México,80536,Baymusari,Sinaloa,25,Badiraguato,003,,,25.4499,-107.3715,4,baymusari
MX,Mexico,México,80536,El Platanar,Sinaloa,25,Badiraguato,003,,,25.4253,-107.4109,4,el-platanar
MX,Mexico,México,80536,La Tasajera,Sinaloa,25,Badiraguato,003,,,25.412,-107.4324,4,la-tasajera
MX,Mexico,México,80536,Los Zapotes de Arriba,Sinaloa,25,Badiraguato,003,,,25.4378,-107.4218,4,los-zapotes-de-arriba
MX,Mexico,México,80536,La Juanilla,Sinaloa,25,Badiraguato,003,,,25.458,-107.4108,4,la-juanilla
MX,Mexico,México,80536,Los Zapotes de Abajo,Sinaloa,25,Badiraguato,003,,,25.4391,-107.4086,3,los-zapotes-de-abajo
MX,Mexico,México,80536,Los Alcajeces,Sinaloa,25,Badiraguato,003,,,25.4051,-107.4389,4,los-alcajeces
MX,Mexico,México,80536,Potrero de los Medina,Sinaloa,25,Badiraguato,003,,,25.4854,-107.3736,4,potrero-de-los-medina
MX,Mexico,México,80537,San José de la Puerta,Sinaloa,25,Badiraguato,003,,,25.4169,-107.6568,4,san-jose-de-la-puerta
MX,Mexico,México,80537,El Aguaje,Sinaloa,25,Badiraguato,003,,,25.5058,-107.4403,4,el-aguaje
MX,Mexico,México,80537,Cinco de Mayo (Tepalcates),Sinaloa,25,Badiraguato,003,,,25.4144,-107.6476,4,cinco-de-mayo-tepalcates
MX,Mexico,México,80537,Boca de Arroyo,Sinaloa,25,Badiraguato,003,,,25.4036,-107.5579,4,boca-de-arroyo
MX,Mexico,México,80537,San Antonio de la Palma,Sinaloa,25,Badiraguato,003,,,25.3839,-107.563,4,san-antonio-de-la-palma
MX,Mexico,México,80540,El Tecuán,Sinaloa,25,Badiraguato,003,,,25.3547,-107.2171,4,el-tecuan
MX,Mexico,México,80540,Las Higueras del Tecuán,Sinaloa,25,Badiraguato,003,,,25.3703,-107.2503,4,las-higueras-del-tecuan
MX,Mexico,México,80543,Dos Arroyos,Sinaloa,25,Badiraguato,003,,,25.4006,-107.3022,4,dos-arroyos
MX,Mexico,México,80543,Palo Verde,Sinaloa,25,Badiraguato,003,,,25.4039,-107.2845,4,palo-verde
MX,Mexico,México,80543,El Aguaje de los Monzón,Sinaloa,25,Badiraguato,003,,,25.4063,-107.2676,4,el-aguaje-de-los-monzon
MX,Mexico,México,80544,El Zapotillo,Sinaloa,25,Badiraguato,003,,,25.3203,-107.344,4,el-zapotillo
MX,Mexico,México,80544,Morirato,Sinaloa,25,Badiraguato,003,,,25.3292,-107.3342,4,morirato
MX,Mexico,México,80544,Chinacates,Sinaloa,25,Badiraguato,003,,,25.329,-107.3261,4,chinacates
MX,Mexico,México,80544,Boca de Arroyo,Sinaloa,25,Badiraguato,003,,,25.3262,-107.3138,4,boca-de-arroyo
MX,Mexico,México,80545,El Tule,Sinaloa,25,Badiraguato,003,,,25.3654,-107.277,4,el-tule
MX,Mexico,México,80545,Potrero de los Vega,Sinaloa,25,Badiraguato,003,,,25.351,-107.2977,4,potrero-de-los-vega
MX,Mexico,México,80545,El Zapote de los Monzón,Sinaloa,25,Badiraguato,003,,,25.3678,-107.2781,4,el-zapote-de-los-monzon
MX,Mexico,México,80545,Aguaje Grande,Sinaloa,25,Badiraguato,003,,,25.3701,-107.3052,4,aguaje-grande
MX,Mexico,México,80550,Higueras de Álvarez Borboa (Higuera de los Monzón),Sinaloa,25,Badiraguato,003,,,25.3075,-107.675,4,higueras-de-alvarez-borboa-higuera-de-los-monzon
MX,Mexico,México,80553,Las Aguamas,Sinaloa,25,Badiraguato,003,,,25.2448,-107.6542,4,las-aguamas
MX,Mexico,México,80553,La Majada de Arriba,Sinaloa,25,Badiraguato,003,,,25.2191,-107.6363,4,la-majada-de-arriba
MX,Mexico,México,80553,Los Mapaches,Sinaloa,25,Badiraguato,003,,,25.2217,-107.6543,4,los-mapaches
MX,Mexico,México,80554,Alcoyonqui,Sinaloa,25,Badiraguato,003,,,25.3366,-107.6851,4,alcoyonqui
MX,Mexico,México,80554,Llano de los Rochín,Sinaloa,25,Badiraguato,003,,,25.3229,-107.6807,4,llano-de-los-rochin
MX,Mexico,México,80554,La Higuerita,Sinaloa,25,Badiraguato,003,,,25.3585,-107.7269,4,la-higuerita
MX,Mexico,México,80554,Los Chinos,Sinaloa,25,Badiraguato,003,,,25.3447,-107.7361,4,los-chinos
MX,Mexico,México,80555,El Divisadero,Sinaloa,25,Badiraguato,003,,,25.2965,-107.7126,4,el-divisadero
MX,Mexico,México,80555,Jurisdicción de Arriba,Sinaloa,25,Badiraguato,003,,,25.5909,-107.3959,4,jurisdiccion-de-arriba
MX,Mexico,México,80556,Cerro de los Guerrero,Sinaloa,25,Badiraguato,003,,,25.3701,-107.6617,4,cerro-de-los-guerrero
MX,Mexico,México,80556,Rincón de los Monzón,Sinaloa,25,Badiraguato,003,,,25.3205,-107.6525,4,rincon-de-los-monzon
MX,Mexico,México,80556,Batequitas,Sinaloa,25,Badiraguato,003,,,25.3453,-107.6571,3,batequitas
MX,Mexico,México,80557,El Hormiguero,Sinaloa,25,Badiraguato,003,,,25.5909,-107.3959,1,el-hormiguero
MX,Mexico,México,80557,La Apoma,Sinaloa,25,Badiraguato,003,,,25.3008,-107.6827,1,la-apoma
MX,Mexico,México,80560,Nocoriba,Sinaloa,25,Badiraguato,003,,,25.4048,-107.3837,4,nocoriba
MX,Mexico,México,80560,El Zapote,Sinaloa,25,Badiraguato,003,,,25.4176,-107.3611,4,el-zapote
MX,Mexico,México,80560,Otatillos,Sinaloa,25,Badiraguato,003,,,25.389,-107.3376,4,otatillos
MX,Mexico,México,80560,El Pueblito,Sinaloa,25,Badiraguato,003,,,25.3657,-107.3993,4,el-pueblito
MX,Mexico,México,80560,La Mezcla,Sinaloa,25,Badiraguato,003,,,25.3399,-107.3852,4,la-mezcla
MX,Mexico,México,80560,La Vainilla,Sinaloa,25,Badiraguato,003,,,25.357,-107.3936,4,la-vainilla
MX,Mexico,México,80560,Las Higueritas,Sinaloa,25,Badiraguato,003,,,25.3443,-107.3736,4,las-higueritas
MX,Mexico,México,80563,El Mezcalito,Sinaloa,25,Badiraguato,003,,,25.2681,-107.3404,4,el-mezcalito
MX,Mexico,México,80563,La Higuerita,Sinaloa,25,Badiraguato,003,,,25.3276,-107.2851,4,la-higuerita
MX,Mexico,México,80563,Guaténipa,Sinaloa,25,Badiraguato,003,,,25.2986,-107.2228,4,guatenipa
MX,Mexico,México,80563,Los Negritos,Sinaloa,25,Badiraguato,003,,,25.3113,-107.282,4,los-negritos
MX,Mexico,México,80563,La Presita,Sinaloa,25,Badiraguato,003,,,25.305,-107.3374,4,la-presita
MX,Mexico,México,80563,Rincón de los López,Sinaloa,25,Badiraguato,003,,,25.2928,-107.3531,4,rincon-de-los-lopez
MX,Mexico,México,80563,La Tarahumara,Sinaloa,25,Badiraguato,003,,,25.3386,-107.256,4,la-tarahumara
MX,Mexico,México,80564,La Guásima de los Guerrero,Sinaloa,25,Badiraguato,003,,,25.3,-107.4376,4,la-guasima-de-los-guerrero
MX,Mexico,México,80564,El Paso de San Nicolás,Sinaloa,25,Badiraguato,003,,,25.2896,-107.3994,4,el-paso-de-san-nicolas
MX,Mexico,México,80564,Cariatapa,Sinaloa,25,Badiraguato,003,,,25.3057,-107.3691,4,cariatapa
MX,Mexico,México,80564,La Presa de Moributo,Sinaloa,25,Badiraguato,003,,,25.2984,-107.402,3,la-presa-de-moributo
MX,Mexico,México,80565,El Portezuelo,Sinaloa,25,Badiraguato,003,,,25.3131,-107.495,3,el-portezuelo
MX,Mexico,México,80565,Batopito,Sinaloa,25,Badiraguato,003,,,25.304,-107.5378,4,batopito
MX,Mexico,México,80565,Palmar de los Ríos,Sinaloa,25,Badiraguato,003,,,25.3222,-107.4522,4,palmar-de-los-rios
MX,Mexico,México,80565,San Antonio de los Ortiz (El Riyito),Sinaloa,25,Badiraguato,003,,,25.3131,-107.495,3,san-antonio-de-los-ortiz-el-riyito
MX,Mexico,México,80566,La Otra Banda de Badiraguato,Sinaloa,25,Badiraguato,003,,,25.3264,-107.3674,1,la-otra-banda-de-badiraguato
MX,Mexico,México,80567,Ciénega de los Lara,Sinaloa,25,Badiraguato,003,,,25.2452,-107.4402,4,cienega-de-los-lara
MX,Mexico,México,80570,Zoquitita,Sinaloa,25,Badiraguato,003,,,25.2985,-107.2449,4,zoquitita
MX,Mexico,México,80570,La Amapa,Sinaloa,25,Badiraguato,003,,,25.2929,-107.232,4,la-amapa
MX,Mexico,México,80570,Cortijos de Guatenipa (Los Cortijos),Sinaloa,25,Badiraguato,003,,,25.2986,-107.2228,4,cortijos-de-guatenipa-los-cortijos
MX,Mexico,México,80573,La Quebrada de Cuén,Sinaloa,25,Badiraguato,003,,,25.2937,-107.202,4,la-quebrada-de-cuen
MX,Mexico,México,80573,El Naranjo,Sinaloa,25,Badiraguato,003,,,25.2778,-107.1875,4,el-naranjo
MX,Mexico,México,80573,Tareapa,Sinaloa,25,Badiraguato,003,,,25.2705,-107.1743,4,tareapa
MX,Mexico,México,80574,El Mautal,Sinaloa,25,Badiraguato,003,,,25.184,-107.2615,4,el-mautal
MX,Mexico,México,80574,Los Brasiles,Sinaloa,25,Badiraguato,003,,,25.1958,-107.2935,4,los-brasiles
MX,Mexico,México,80574,El Sauce,Sinaloa,25,Badiraguato,003,,,25.2859,-107.2914,4,el-sauce
MX,Mexico,México,80574,La Coronilla,Sinaloa,25,Badiraguato,003,,,25.1663,-107.271,4,la-coronilla
MX,Mexico,México,80574,El Cielo,Sinaloa,25,Badiraguato,003,,,25.2015,-107.2644,4,el-cielo
MX,Mexico,México,80575,El Zapote,Sinaloa,25,Badiraguato,003,,,25.4176,-107.3611,4,el-zapote
MX,Mexico,México,80575,Lo de Tomás,Sinaloa,25,Badiraguato,003,,,25.2333,-107.3011,4,lo-de-tomas
MX,Mexico,México,80576,El Potrerillo,Sinaloa,25,Badiraguato,003,,,25.2287,-107.3332,4,el-potrerillo
MX,Mexico,México,80576,Los Ayales,Sinaloa,25,Badiraguato,003,,,25.257,-107.3284,4,los-ayales
MX,Mexico,México,80577,Atorivito,Sinaloa,25,Badiraguato,003,,,25.2359,-107.3609,4,atorivito
MX,Mexico,México,80577,Potrerito,Sinaloa,25,Badiraguato,003,,,25.2446,-107.3662,4,potrerito
MX,Mexico,México,80580,El Mezquite,Sinaloa,25,Badiraguato,003,,,25.2308,-107.6189,4,el-mezquite
MX,Mexico,México,80580,Rancho Viejo de los Velázquez,Sinaloa,25,Badiraguato,003,,,25.2347,-107.6017,4,rancho-viejo-de-los-velazquez
MX,Mexico,México,80583,Camotete [Campo Camotete],Sinaloa,25,Badiraguato,003,,,25.2653,-107.5853,4,camotete-campo-camotete
MX,Mexico,México,80583,Las Olorosas,Sinaloa,25,Badiraguato,003,,,25.278,-107.5362,4,las-olorosas
MX,Mexico,México,80583,Huicharabito,Sinaloa,25,Badiraguato,003,,,25.2783,-107.6319,4,huicharabito
MX,Mexico,México,80583,Saca de Agua,Sinaloa,25,Badiraguato,003,,,25.2701,-107.5739,3,saca-de-agua
MX,Mexico,México,80583,El Rincón de los Montes,Sinaloa,25,Badiraguato,003,,,25.2589,-107.5422,4,el-rincon-de-los-montes
MX,Mexico,México,80584,Las Canoas,Sinaloa,25,Badiraguato,003,,,25.1489,-107.4686,4,las-canoas
MX,Mexico,México,80584,Agua Amarilla,Sinaloa,25,Badiraguato,003,,,25.1426,-107.469,4,agua-amarilla
MX,Mexico,México,80585,Paso del Huejote,Sinaloa,25,Badiraguato,003,,,25.2193,-107.4809,4,paso-del-huejote
MX,Mexico,México,80585,Higueras de Bayaca (Bayaca),Sinaloa,25,Badiraguato,003,,,25.1796,-107.4622,4,higueras-de-bayaca-bayaca
MX,Mexico,México,80585,El Brasil,Sinaloa,25,Badiraguato,003,,,25.1929,-107.456,4,el-brasil
MX,Mexico,México,80585,El Huejotillo,Sinaloa,25,Badiraguato,003,,,25.1829,-107.4882,4,el-huejotillo
MX,Mexico,México,80586,El Potrero del Varejonal,Sinaloa,25,Badiraguato,003,,,25.1013,-107.4082,4,el-potrero-del-varejonal
MX,Mexico,México,80586,El Varejonal,Sinaloa,25,Badiraguato,003,,,25.1013,-107.4082,3,el-varejonal
MX,Mexico,México,80600,El Ranchito,Sinaloa,25,Badiraguato,003,,,25.9019,-107.5256,4,el-ranchito
MX,Mexico,México,80600,Plan Grande,Sinaloa,25,Badiraguato,003,,,25.8328,-107.5047,4,plan-grande
MX,Mexico,México,80600,Surutato,Sinaloa,25,Badiraguato,003,,,25.8062,-107.5606,4,surutato
MX,Mexico,México,80603,Copalitos,Sinaloa,25,Badiraguato,003,,,25.8136,-107.39,4,copalitos
MX,Mexico,México,80603,La Colonia,Sinaloa,25,Badiraguato,003,,,25.8467,-107.3804,4,la-colonia
MX,Mexico,México,80603,El Sauce,Sinaloa,25,Badiraguato,003,,,25.8113,-107.3735,4,el-sauce
MX,Mexico,México,80604,Llano Grande,Sinaloa,25,Badiraguato,003,,,25.7833,-107.3333,4,llano-grande
MX,Mexico,México,80604,La Sábila,Sinaloa,25,Badiraguato,003,,,25.8469,-107.4312,4,la-sabila
MX,Mexico,México,80604,La Cañita,Sinaloa,25,Badiraguato,003,,,25.8395,-107.4173,4,la-canita
MX,Mexico,México,80604,El Molino,Sinaloa,25,Badiraguato,003,,,25.8498,-107.4458,4,el-molino
MX,Mexico,México,80604,Los Sonocores,Sinaloa,25,Badiraguato,003,,,25.8548,-107.46,4,los-sonocores
MX,Mexico,México,80604,Los Inditos,Sinaloa,25,Badiraguato,003,,,25.8381,-107.4156,4,los-inditos
MX,Mexico,México,80606,La Boca,Sinaloa,25,Badiraguato,003,,,25.7527,-107.3229,4,la-boca
MX,Mexico,México,80606,Los Mimbre,Sinaloa,25,Badiraguato,003,,,25.7877,-107.3026,4,los-mimbre
MX,Mexico,México,80606,Soyatita,Sinaloa,25,Badiraguato,003,,,25.7409,-107.3073,4,soyatita
MX,Mexico,México,80606,Lo de Gabriel,Sinaloa,25,Badiraguato,003,,,25.7847,-107.3528,4,lo-de-gabriel
MX,Mexico,México,80606,San José del Llano,Sinaloa,25,Badiraguato,003,,,25.7872,-107.3365,4,san-jose-del-llano
MX,Mexico,México,80606,Las Calabazas,Sinaloa,25,Badiraguato,003,,,25.7923,-107.3137,4,las-calabazas
MX,Mexico,México,80607,El Naranjo de los Salomones,Sinaloa,25,Badiraguato,003,,,25.7519,-107.3654,4,el-naranjo-de-los-salomones
MX,Mexico,México,80607,Los Pacheco,Sinaloa,25,Badiraguato,003,,,25.7464,-107.3953,4,los-pacheco
MX,Mexico,México,80610,El Molino,Sinaloa,25,Badiraguato,003,,,25.9836,-107.3533,4,el-molino
MX,Mexico,México,80610,El Picacho,Sinaloa,25,Badiraguato,003,,,25.9646,-107.3882,4,el-picacho
MX,Mexico,México,80610,El Saucito,Sinaloa,25,Badiraguato,003,,,25.9384,-107.3535,4,el-saucito
MX,Mexico,México,80610,Las Higueras,Sinaloa,25,Badiraguato,003,,,25.9567,-107.3524,4,las-higueras
MX,Mexico,México,80610,Casas Viejas,Sinaloa,25,Badiraguato,003,,,25.9848,-107.3702,4,casas-viejas
MX,Mexico,México,80610,Potrerillos,Sinaloa,25,Badiraguato,003,,,25.9432,-107.3396,4,potrerillos
MX,Mexico,México,80610,San Javier de Arriba,Sinaloa,25,Badiraguato,003,,,25.9637,-107.3451,4,san-javier-de-arriba
MX,Mexico,México,80610,Palmarito de San Javier,Sinaloa,25,Badiraguato,003,,,25.9502,-107.3699,4,palmarito-de-san-javier
MX,Mexico,México,80610,Los Mirasoles,Sinaloa,25,Badiraguato,003,,,25.9921,-107.3724,4,los-mirasoles
MX,Mexico,México,80610,Huanacaxtle,Sinaloa,25,Badiraguato,003,,,25.9374,-107.3632,4,huanacaxtle
MX,Mexico,México,80610,San Javier de Abajo,Sinaloa,25,Badiraguato,003,,,25.9636,-107.3706,4,san-javier-de-abajo
MX,Mexico,México,80610,Terreros de San Javier,Sinaloa,25,Badiraguato,003,,,25.9617,-107.3617,3,terreros-de-san-javier
MX,Mexico,México,80613,Los Laureles,Sinaloa,25,Badiraguato,003,,,25.9588,-107.2963,4,los-laureles
MX,Mexico,México,80613,Alisitos,Sinaloa,25,Badiraguato,003,,,25.9482,-107.294,4,alisitos
MX,Mexico,México,80613,Milpitas,Sinaloa,25,Badiraguato,003,,,25.9667,-107.2947,4,milpitas
MX,Mexico,México,80613,Carricitos,Sinaloa,25,Badiraguato,003,,,25.9546,-107.305,4,carricitos
MX,Mexico,México,80613,El Frijolar,Sinaloa,25,Badiraguato,003,,,25.9633,-107.2858,4,el-frijolar
MX,Mexico,México,80614,La Higuerita,Sinaloa,25,Badiraguato,003,,,25.8766,-107.303,4,la-higuerita
MX,Mexico,México,80614,El Playón,Sinaloa,25,Badiraguato,003,,,25.8752,-107.2818,4,el-playon
MX,Mexico,México,80614,La Cieneguita,Sinaloa,25,Badiraguato,003,,,25.9121,-107.3576,4,la-cieneguita
MX,Mexico,México,80614,Los Gavilanes,Sinaloa,25,Badiraguato,003,,,25.8454,-107.2883,4,los-gavilanes
MX,Mexico,México,80614,Palos Dulces,Sinaloa,25,Badiraguato,003,,,25.8875,-107.3222,4,palos-dulces
MX,Mexico,México,80614,Los Coyotes,Sinaloa,25,Badiraguato,003,,,25.8588,-107.3306,4,los-coyotes
MX,Mexico,México,80614,El Pueblito,Sinaloa,25,Badiraguato,003,,,25.8519,-107.3254,4,el-pueblito
MX,Mexico,México,80614,El Tastecito,Sinaloa,25,Badiraguato,003,,,25.9833,-107.3833,4,el-tastecito
MX,Mexico,México,80614,Sierrita de Potrerillos,Sinaloa,25,Badiraguato,003,,,25.9259,-107.2951,4,sierrita-de-potrerillos
MX,Mexico,México,80614,Los Zapotes,Sinaloa,25,Badiraguato,003,,,25.8544,-107.3228,4,los-zapotes
MX,Mexico,México,80614,El Naranjo,Sinaloa,25,Badiraguato,003,,,25.9182,-107.2981,4,el-naranjo
MX,Mexico,México,80614,El Mezcal,Sinaloa,25,Badiraguato,003,,,25.8896,-107.2943,4,el-mezcal
MX,Mexico,México,80614,Las Paredes,Sinaloa,25,Badiraguato,003,,,25.8562,-107.3159,4,las-paredes
MX,Mexico,México,80614,La Caña,Sinaloa,25,Badiraguato,003,,,25.9245,-107.2964,4,la-cana
MX,Mexico,México,80615,La Comisión,Sinaloa,25,Badiraguato,003,,,25.8939,-107.4048,4,la-comision
MX,Mexico,México,80615,Santo Tomás de Arriba,Sinaloa,25,Badiraguato,003,,,25.9609,-107.466,4,santo-tomas-de-arriba
MX,Mexico,México,80615,Tecuxiapa,Sinaloa,25,Badiraguato,003,,,25.8704,-107.3849,4,tecuxiapa
MX,Mexico,México,80615,Los Zapotillos,Sinaloa,25,Badiraguato,003,,,25.9515,-107.4559,4,los-zapotillos
MX,Mexico,México,80615,Mesa de Bernal,Sinaloa,25,Badiraguato,003,,,25.9483,-107.4516,4,mesa-de-bernal
MX,Mexico,México,80620,Potrero de la Vainilla,Sinaloa,25,Badiraguato,003,,,25.7307,-107.147,4,potrero-de-la-vainilla
MX,Mexico,México,80623,Sabanillas,Sinaloa,25,Badiraguato,003,,,25.6909,-107.0885,4,sabanillas
MX,Mexico,México,80623,Alisitos,Sinaloa,25,Badiraguato,003,,,25.6786,-107.1152,4,alisitos
MX,Mexico,México,80623,Los Echaderos,Sinaloa,25,Badiraguato,003,,,25.6836,-107.086,4,los-echaderos
MX,Mexico,México,80625,El Carricito,Sinaloa,25,Badiraguato,003,,,25.5939,-107.1335,4,el-carricito
MX,Mexico,México,80625,La Soledad,Sinaloa,25,Badiraguato,003,,,25.6184,-107.468,4,la-soledad
MX,Mexico,México,80627,La Palma,Sinaloa,25,Badiraguato,003,,,25.7056,-107.1544,4,la-palma
MX,Mexico,México,80627,Pie de la Cuesta,Sinaloa,25,Badiraguato,003,,,25.6741,-107.1899,4,pie-de-la-cuesta
MX,Mexico,México,80627,San José del Barranco,Sinaloa,25,Badiraguato,003,,,25.6814,-107.1458,4,san-jose-del-barranco
MX,Mexico,México,80627,La Tuna,Sinaloa,25,Badiraguato,003,,,25.6989,-107.1486,4,la-tuna
MX,Mexico,México,80627,El Nogalito,Sinaloa,25,Badiraguato,003,,,25.7122,-107.1244,4,el-nogalito
MX,Mexico,México,80630,Santo Tomás de Abajo,Sinaloa,25,Badiraguato,003,,,25.9663,-107.4699,4,santo-tomas-de-abajo
MX,Mexico,México,80630,El Salto,Sinaloa,25,Badiraguato,003,,,25.9904,-107.4086,4,el-salto
MX,Mexico,México,80630,Los Cacahuates,Sinaloa,25,Badiraguato,003,,,26.0096,-107.3898,4,los-cacahuates
MX,Mexico,México,80630,Rancho Viejo,Sinaloa,25,Badiraguato,003,,,25.9858,-107.3989,4,rancho-viejo
MX,Mexico,México,80630,El Pelón,Sinaloa,25,Badiraguato,003,,,25.9992,-107.3986,4,el-pelon
MX,Mexico,México,80633,El Trigo,Sinaloa,25,Badiraguato,003,,,26.0821,-107.4125,4,el-trigo
MX,Mexico,México,80633,Las Hiedritas (Terremoto),Sinaloa,25,Badiraguato,003,,,26.0355,-107.4231,4,las-hiedritas-terremoto
MX,Mexico,México,80633,Los Pinos,Sinaloa,25,Badiraguato,003,,,26.0736,-107.4207,4,los-pinos
MX,Mexico,México,80633,Ladrillera,Sinaloa,25,Badiraguato,003,,,26.076,-107.4223,4,ladrillera
MX,Mexico,México,80633,Los Coquitos,Sinaloa,25,Badiraguato,003,,,26.0646,-107.4112,4,los-coquitos
MX,Mexico,México,80633,Las Vainillas,Sinaloa,25,Badiraguato,003,,,26.0455,-107.4149,4,las-vainillas
MX,Mexico,México,80633,El Laurel,Sinaloa,25,Badiraguato,003,,,26.0739,-107.4334,4,el-laurel
MX,Mexico,México,80633,El Tepehuán,Sinaloa,25,Badiraguato,003,,,26.0617,-107.4584,4,el-tepehuan
MX,Mexico,México,80633,Rancho Blanco,Sinaloa,25,Badiraguato,003,,,26.0491,-107.4568,4,rancho-blanco
MX,Mexico,México,80634,Santa Bárbara de la Caña,Sinaloa,25,Badiraguato,003,,,26.0823,-107.4777,4,santa-barbara-de-la-cana
MX,Mexico,México,80634,Las Burras,Sinaloa,25,Badiraguato,003,,,26.0639,-107.528,4,las-burras
MX,Mexico,México,80634,Portezuelo,Sinaloa,25,Badiraguato,003,,,26.1152,-107.5043,4,portezuelo
MX,Mexico,México,80634,El Cedro,Sinaloa,25,Badiraguato,003,,,26.0789,-107.5185,4,el-cedro
MX,Mexico,México,80634,Válgame Dios,Sinaloa,25,Badiraguato,003,,,26.1202,-107.4785,4,valgame-dios
MX,Mexico,México,80634,Cerco Quemado,Sinaloa,25,Badiraguato,003,,,26.107,-107.5016,4,cerco-quemado
MX,Mexico,México,80634,Los Bajillos,Sinaloa,25,Badiraguato,003,,,26.1102,-107.4942,4,los-bajillos
MX,Mexico,México,80634,La Caña de Abajo,Sinaloa,25,Badiraguato,003,,,26.0779,-107.4809,4,la-cana-de-abajo
MX,Mexico,México,80634,El Terrero,Sinaloa,25,Badiraguato,003,,,26.1105,-107.5105,4,el-terrero
MX,Mexico,México,80634,El Infiernito,Sinaloa,25,Badiraguato,003,,,26.0697,-107.5169,4,el-infiernito
MX,Mexico,México,80635,Carboneras,Sinaloa,25,Badiraguato,003,,,26.0869,-107.3838,4,carboneras
MX,Mexico,México,80635,Chivas,Sinaloa,25,Badiraguato,003,,,26.1026,-107.4086,4,chivas
MX,Mexico,México,80635,Salomón,Sinaloa,25,Badiraguato,003,,,26.1074,-107.4384,4,salomon
MX,Mexico,México,80635,Pericos,Sinaloa,25,Badiraguato,003,,,26.1116,-107.4092,4,pericos
MX,Mexico,México,80635,El Aguaje del Charo,Sinaloa,25,Badiraguato,003,,,26.1132,-107.4253,4,el-aguaje-del-charo
MX,Mexico,México,80635,Saca de Agua,Sinaloa,25,Badiraguato,003,,,26.1202,-107.4305,4,saca-de-agua
MX,Mexico,México,80635,Vinaterías,Sinaloa,25,Badiraguato,003,,,25.5909,-107.3959,3,vinaterias
MX,Mexico,México,80635,El Seno,Sinaloa,25,Badiraguato,003,,,26.1315,-107.4349,4,el-seno
MX,Mexico,México,80635,La Mesa,Sinaloa,25,Badiraguato,003,,,26.1256,-107.4063,4,la-mesa
MX,Mexico,México,80636,Agujas,Sinaloa,25,Badiraguato,003,,,26.0498,-107.3255,4,agujas
MX,Mexico,México,80636,Los Amoles,Sinaloa,25,Badiraguato,003,,,26.0757,-107.3502,4,los-amoles
MX,Mexico,México,80636,La Calera,Sinaloa,25,Badiraguato,003,,,26.0461,-107.3239,4,la-calera
MX,Mexico,México,80636,Palmarito,Sinaloa,25,Badiraguato,003,,,26.0426,-107.3572,4,palmarito
MX,Mexico,México,80636,El Jacal,Sinaloa,25,Badiraguato,003,,,26.037,-107.3195,4,el-jacal
MX,Mexico,México,80636,El Muertecito,Sinaloa,25,Badiraguato,003,,,26.0465,-107.3254,4,el-muertecito
MX,Mexico,México,80636,El Potrero de Bejarano,Sinaloa,25,Badiraguato,003,,,26.0444,-107.3404,4,el-potrero-de-bejarano
MX,Mexico,México,80636,Rancho de Luna,Sinaloa,25,Badiraguato,003,,,26.073,-107.3543,4,rancho-de-luna
MX,Mexico,México,80636,El Molino (Molino de los Pérez),Sinaloa,25,Badiraguato,003,,,26.0389,-107.3462,4,el-molino-molino-de-los-perez
MX,Mexico,México,80636,Jerónimo,Sinaloa,25,Badiraguato,003,,,26.0851,-107.3559,4,jeronimo
MX,Mexico,México,80636,La Ensenada,Sinaloa,25,Badiraguato,003,,,26.0344,-107.3582,4,la-ensenada
MX,Mexico,México,80636,La Ciénega,Sinaloa,25,Badiraguato,003,,,26.0567,-107.3583,4,la-cienega
MX,Mexico,México,80639,Calabazas,Sinaloa,25,Badiraguato,003,,,25.9997,-107.3621,4,calabazas
MX,Mexico,México,80639,Terreros Bayos,Sinaloa,25,Badiraguato,003,,,25.9973,-107.2881,4,terreros-bayos
MX,Mexico,México,80639,El Gato,Sinaloa,25,Badiraguato,003,,,26.0009,-107.349,4,el-gato
MX,Mexico,México,80639,El Pinito,Sinaloa,25,Badiraguato,003,,,26.0141,-107.3126,4,el-pinito
MX,Mexico,México,80639,El Saucito (El Saucito de Lugo),Sinaloa,25,Badiraguato,003,,,26.0169,-107.3004,4,el-saucito-el-saucito-de-lugo
MX,Mexico,México,80639,Los Alisitos,Sinaloa,25,Badiraguato,003,,,26.0046,-107.3004,4,los-alisitos
MX,Mexico,México,80639,Mesa Colorada,Sinaloa,25,Badiraguato,003,,,26.0098,-107.3417,4,mesa-colorada
MX,Mexico,México,80639,El Guayabo de Abajo,Sinaloa,25,Badiraguato,003,,,25.9965,-107.3749,4,el-guayabo-de-abajo
MX,Mexico,México,80639,El Guayabo de Arriba,Sinaloa,25,Badiraguato,003,,,26.006,-107.3294,3,el-guayabo-de-arriba
MX,Mexico,México,80639,Los Cocos,Sinaloa,25,Badiraguato,003,,,26.0158,-107.3246,4,los-cocos
MX,Mexico,México,80639,Piedra Bola,Sinaloa,25,Badiraguato,003,,,26.0045,-107.3405,4,piedra-bola
MX,Mexico,México,80640,El Triguito,Sinaloa,25,Badiraguato,003,,,25.8706,-107.5923,4,el-triguito
MX,Mexico,México,80640,Las Cuevitas,Sinaloa,25,Badiraguato,003,,,25.8775,-107.5867,4,las-cuevitas
MX,Mexico,México,80643,Alisos (Alisitos),Sinaloa,25,Badiraguato,003,,,25.9304,-107.5354,4,alisos-alisitos
MX,Mexico,México,80644,Santa Rita de Abajo,Sinaloa,25,Badiraguato,003,,,25.9288,-107.5022,4,santa-rita-de-abajo
MX,Mexico,México,80644,Las Pozas,Sinaloa,25,Badiraguato,003,,,25.9003,-107.5246,4,las-pozas
MX,Mexico,México,80644,El Ojito,Sinaloa,25,Badiraguato,003,,,25.9039,-107.5325,4,el-ojito
MX,Mexico,México,80644,El Garbancito,Sinaloa,25,Badiraguato,003,,,25.916,-107.5233,4,el-garbancito
MX,Mexico,México,80644,El Ranchito,Sinaloa,25,Badiraguato,003,,,25.9019,-107.5256,4,el-ranchito
MX,Mexico,México,80645,El Pinal,Sinaloa,25,Badiraguato,003,,,25.8995,-107.4983,4,el-pinal
MX,Mexico,México,80645,Los Lobitos,Sinaloa,25,Badiraguato,003,,,25.8838,-107.4961,4,los-lobitos
MX,Mexico,México,80645,Santa Rita de Arriba,Sinaloa,25,Badiraguato,003,,,25.9068,-107.5135,4,santa-rita-de-arriba
MX,Mexico,México,80645,La Palma,Sinaloa,25,Badiraguato,003,,,25.9119,-107.5095,4,la-palma
MX,Mexico,México,80646,El Palmar de Santa Rita,Sinaloa,25,Badiraguato,003,,,25.8703,-107.5007,4,el-palmar-de-santa-rita
MX,Mexico,México,80646,La Mesa del Fierro,Sinaloa,25,Badiraguato,003,,,25.8562,-107.5528,4,la-mesa-del-fierro
MX,Mexico,México,80646,La Hacienda,Sinaloa,25,Badiraguato,003,,,25.8752,-107.4948,4,la-hacienda
MX,Mexico,México,80670,El Mezquite,Sinaloa,25,Badiraguato,003,,,25.2308,-107.6189,4,el-mezquite
MX,Mexico,México,80670,El Vallecito,Sinaloa,25,Badiraguato,003,,,25.6701,-107.3468,4,el-vallecito
MX,Mexico,México,80670,Arroyo de los Payán,Sinaloa,25,Badiraguato,003,,,25.6962,-107.3849,4,arroyo-de-los-payan
MX,Mexico,México,80670,El Epazote,Sinaloa,25,Badiraguato,003,,,25.6504,-107.3772,4,el-epazote
MX,Mexico,México,80670,El Terrero,Sinaloa,25,Badiraguato,003,,,25.6475,-107.2961,4,el-terrero
MX,Mexico,México,80670,La Pitahayita,Sinaloa,25,Badiraguato,003,,,25.6892,-107.3739,4,la-pitahayita
MX,Mexico,México,80670,La Catalina,Sinaloa,25,Badiraguato,003,,,25.6344,-107.325,4,la-catalina
MX,Mexico,México,80670,Jajalpa,Sinaloa,25,Badiraguato,003,,,25.6414,-107.3375,4,jajalpa
MX,Mexico,México,80670,Tameapa,Sinaloa,25,Badiraguato,003,,,25.6385,-107.3754,4,tameapa
MX,Mexico,México,80670,El Zapotillo,Sinaloa,25,Badiraguato,003,,,25.6422,-107.3389,4,el-zapotillo
MX,Mexico,México,80670,El Reparo,Sinaloa,25,Badiraguato,003,,,25.6407,-107.3323,4,el-reparo
MX,Mexico,México,80670,El Saucito,Sinaloa,25,Badiraguato,003,,,25.6729,-107.3825,4,el-saucito
MX,Mexico,México,80670,La Cofradía,Sinaloa,25,Badiraguato,003,,,25.6792,-107.3578,4,la-cofradia
MX,Mexico,México,80673,Alisitos,Sinaloa,25,Badiraguato,003,,,25.6649,-107.4979,4,alisitos
MX,Mexico,México,80673,Tegoripa,Sinaloa,25,Badiraguato,003,,,25.651,-107.5008,4,tegoripa
MX,Mexico,México,80673,El Sapo,Sinaloa,25,Badiraguato,003,,,25.6669,-107.4818,4,el-sapo
MX,Mexico,México,80673,Batacomito,Sinaloa,25,Badiraguato,003,,,25.6222,-107.5298,4,batacomito
MX,Mexico,México,80673,El Potrero de los Pérez,Sinaloa,25,Badiraguato,003,,,25.6872,-107.4848,4,el-potrero-de-los-perez
MX,Mexico,México,80674,El Terrero,Sinaloa,25,Badiraguato,003,,,25.6475,-107.2961,4,el-terrero
MX,Mexico,México,80675,La Soledad,Sinaloa,25,Badiraguato,003,,,25.6184,-107.468,4,la-soledad
MX,Mexico,México,80675,El Aguaje,Sinaloa,25,Badiraguato,003,,,25.6218,-107.4636,4,el-aguaje
MX,Mexico,México,80675,Tepaca,Sinaloa,25,Badiraguato,003,,,25.5769,-107.4637,4,tepaca
MX,Mexico,México,80675,Los Nogales,Sinaloa,25,Badiraguato,003,,,25.6079,-107.4088,4,los-nogales
MX,Mexico,México,80677,La Haciendita,Sinaloa,25,Badiraguato,003,,,25.5668,-107.3644,4,la-haciendita
MX,Mexico,México,80677,El Realito,Sinaloa,25,Badiraguato,003,,,25.5674,-107.4047,4,el-realito
MX,Mexico,México,80677,La Vainilla,Sinaloa,25,Badiraguato,003,,,25.6695,-107.4889,4,la-vainilla
MX,Mexico,México,80677,El Arroyo de la Vainilla,Sinaloa,25,Badiraguato,003,,,25.577,-107.398,3,el-arroyo-de-la-vainilla
MX,Mexico,México,80677,El Potrerito,Sinaloa,25,Badiraguato,003,,,25.545,-107.3651,4,el-potrerito
MX,Mexico,México,80677,Santiago de los Caballeros (Santiago),Sinaloa,25,Badiraguato,003,,,25.5581,-107.3783,4,santiago-de-los-caballeros-santiago
MX,Mexico,México,80677,Guanajuato,Sinaloa,25,Badiraguato,003,,,25.5597,-107.3671,4,guanajuato
MX,Mexico,México,80677,Alisos,Sinaloa,25,Badiraguato,003,,,25.5727,-107.4172,4,alisos
MX,Mexico,México,80678,Santa Cruz,Sinaloa,25,Badiraguato,003,,,25.5408,-107.5695,4,santa-cruz
MX,Mexico,México,80678,La Ladrillera,Sinaloa,25,Badiraguato,003,,,25.5729,-107.5453,4,la-ladrillera
MX,Mexico,México,80678,Los Tepehuajes,Sinaloa,25,Badiraguato,003,,,25.5569,-107.5574,3,los-tepehuajes
MX,Mexico,México,80679,Los Veneros,Sinaloa,25,Badiraguato,003,,,25.5089,-107.4779,4,los-veneros
MX,Mexico,México,80679,Los Naranjos,Sinaloa,25,Badiraguato,003,,,25.5195,-107.4651,4,los-naranjos
MX,Mexico,México,80679,El Pueblito,Sinaloa,25,Badiraguato,003,,,25.5164,-107.4684,4,el-pueblito
MX,Mexico,México,80679,Los Rebajes,Sinaloa,25,Badiraguato,003,,,25.5286,-107.4946,4,los-rebajes
MX,Mexico,México,80679,La Lapara,Sinaloa,25,Badiraguato,003,,,25.5056,-107.4848,4,la-lapara
MX,Mexico,México,80680,Huixiopa,Sinaloa,25,Badiraguato,003,,,25.7559,-107.1906,4,huixiopa
MX,Mexico,México,80680,Bacacoragua,Sinaloa,25,Badiraguato,003,,,25.7242,-107.2521,4,bacacoragua
MX,Mexico,México,80680,Las Paredes,Sinaloa,25,Badiraguato,003,,,25.7493,-107.2242,4,las-paredes
MX,Mexico,México,80683,Potrero de Victoria,Sinaloa,25,Badiraguato,003,,,25.8025,-107.2485,4,potrero-de-victoria
MX,Mexico,México,80683,El Aguaje,Sinaloa,25,Badiraguato,003,,,25.8115,-107.2029,4,el-aguaje
MX,Mexico,México,80683,Yesqueros,Sinaloa,25,Badiraguato,003,,,25.809,-107.168,4,yesqueros
MX,Mexico,México,80683,La Huerta,Sinaloa,25,Badiraguato,003,,,25.8103,-107.2175,4,la-huerta
MX,Mexico,México,80683,Revolcadero,Sinaloa,25,Badiraguato,003,,,25.8105,-107.203,4,revolcadero
MX,Mexico,México,80683,El Mentidero,Sinaloa,25,Badiraguato,003,,,25.8096,-107.2057,4,el-mentidero
MX,Mexico,México,80684,Limón de los Aguirre,Sinaloa,25,Badiraguato,003,,,25.8319,-107.2346,4,limon-de-los-aguirre
MX,Mexico,México,80684,La Lechuguilla,Sinaloa,25,Badiraguato,003,,,25.8368,-107.1892,4,la-lechuguilla
MX,Mexico,México,80685,La Vainilla,Sinaloa,25,Badiraguato,003,,,25.6695,-107.4889,4,la-vainilla
MX,Mexico,México,80685,Las Güejas,Sinaloa,25,Badiraguato,003,,,25.7678,-107.1676,4,las-guejas
MX,Mexico,México,80685,El Aguaje,Sinaloa,25,Badiraguato,003,,,25.8115,-107.2029,4,el-aguaje
MX,Mexico,México,80685,Los Cuates,Sinaloa,25,Badiraguato,003,,,25.7834,-107.1394,4,los-cuates
MX,Mexico,México,80685,El Chorro,Sinaloa,25,Badiraguato,003,,,25.7719,-107.1624,4,el-chorro
MX,Mexico,México,80685,Arroyo Seco,Sinaloa,25,Badiraguato,003,,,25.725,-107.1647,4,arroyo-seco
MX,Mexico,México,80686,Los Terreros,Sinaloa,25,Badiraguato,003,,,25.7832,-107.219,4,los-terreros
MX,Mexico,México,80686,Los Sauces,Sinaloa,25,Badiraguato,003,,,25.785,-107.1966,4,los-sauces
MX,Mexico,México,80687,Milpas Viejas,Sinaloa,25,Badiraguato,003,,,25.7786,-107.238,4,milpas-viejas
MX,Mexico,México,80687,Persogaderos,Sinaloa,25,Badiraguato,003,,,25.7809,-107.2428,4,persogaderos
MX,Mexico,México,82600,20 de Enero,Sinaloa,25,Concordia,004,,,23.2869,-106.0639,3,20-de-enero
MX,Mexico,México,82600,Emiliano Zapata,Sinaloa,25,Concordia,004,,,23.4141,-105.9918,3,emiliano-zapata
MX,Mexico,México,82600,Los Ranchitos,Sinaloa,25,Concordia,004,,,23.4141,-105.9918,3,los-ranchitos
MX,Mexico,México,82600,Invies Colinas,Sinaloa,25,Concordia,004,,,23.2869,-106.0639,3,invies-colinas
MX,Mexico,México,82600,Jardines de La Loma,Sinaloa,25,Concordia,004,,,23.2869,-106.0639,3,jardines-de-la-loma
MX,Mexico,México,82600,Estadio,Sinaloa,25,Concordia,004,,,23.2869,-106.0639,3,estadio
MX,Mexico,México,82600,Concordia,Sinaloa,25,Concordia,004,,,23.2869,-106.0639,4,concordia
MX,Mexico,México,82600,Villa de Guadalupe,Sinaloa,25,Concordia,004,,,23.4141,-105.9918,3,villa-de-guadalupe
MX,Mexico,México,82600,INFONAVIT Loma Linda,Sinaloa,25,Concordia,004,,,23.4141,-105.9918,3,infonavit-loma-linda
MX,Mexico,México,82600,La Maravilla,Sinaloa,25,Concordia,004,,,23.4141,-105.9918,3,la-maravilla
MX,Mexico,México,82600,La Cañada,Sinaloa,25,Concordia,004,,,23.4141,-105.9918,3,la-canada
MX,Mexico,México,82600,Magisterial,Sinaloa,25,Concordia,004,,,23.4141,-105.9918,3,magisterial
MX,Mexico,México,82600,San Sebastián,Sinaloa,25,Concordia,004,,,23.4141,-105.9918,3,san-sebastian
MX,Mexico,México,82603,Los Zacatitos,Sinaloa,25,Concordia,004,,,23.2917,-106.0732,4,los-zacatitos
MX,Mexico,México,82604,Zavala,Sinaloa,25,Concordia,004,,,23.3513,-106.1149,4,zavala
MX,Mexico,México,82605,La Embocada,Sinaloa,25,Concordia,004,,,23.25,-106.1458,4,la-embocada
MX,Mexico,México,82607,Las Porras,Sinaloa,25,Concordia,004,,,23.2745,-106.0537,4,las-porras
MX,Mexico,México,82608,El Cardón,Sinaloa,25,Concordia,004,,,23.2122,-106.1715,4,el-cardon
MX,Mexico,México,82608,San Gabriel,Sinaloa,25,Concordia,004,,,23.213,-106.1632,4,san-gabriel
MX,Mexico,México,82610,La Cieneguilla,Sinaloa,25,Concordia,004,,,23.5408,-106.055,4,la-cieneguilla
MX,Mexico,México,82610,El Naranjo,Sinaloa,25,Concordia,004,,,23.5753,-106.0725,4,el-naranjo
MX,Mexico,México,82610,Los Laureles,Sinaloa,25,Concordia,004,,,23.5863,-106.0464,4,los-laureles
MX,Mexico,México,82610,El Tiro,Sinaloa,25,Concordia,004,,,23.5636,-106.04,4,el-tiro
MX,Mexico,México,82613,El Pueblito,Sinaloa,25,Concordia,004,,,23.7179,-106.0034,4,el-pueblito
MX,Mexico,México,82613,Agua Caliente del Favor,Sinaloa,25,Concordia,004,,,23.7585,-105.9431,4,agua-caliente-del-favor
MX,Mexico,México,82613,El Sesteadero,Sinaloa,25,Concordia,004,,,23.7097,-105.948,4,el-sesteadero
MX,Mexico,México,82613,San José del Favor,Sinaloa,25,Concordia,004,,,23.4141,-105.9918,4,san-jose-del-favor
MX,Mexico,México,82614,El Palo Parado,Sinaloa,25,Concordia,004,,,23.7012,-105.9357,4,el-palo-parado
MX,Mexico,México,82614,Santa Bárbara,Sinaloa,25,Concordia,004,,,23.6953,-105.9305,4,santa-barbara
MX,Mexico,México,82614,Cerro Pelón,Sinaloa,25,Concordia,004,,,23.6828,-105.9324,4,cerro-pelon
MX,Mexico,México,82616,Zaragoza,Sinaloa,25,Concordia,004,,,23.5543,-105.9957,4,zaragoza
MX,Mexico,México,82616,El Llano,Sinaloa,25,Concordia,004,,,23.5912,-105.9891,4,el-llano
MX,Mexico,México,82616,Las Guacamayas,Sinaloa,25,Concordia,004,,,23.5889,-105.9202,4,las-guacamayas
MX,Mexico,México,82616,Los Vasitos,Sinaloa,25,Concordia,004,,,23.5996,-105.9772,4,los-vasitos
MX,Mexico,México,82617,Agua Caliente del Zapote,Sinaloa,25,Concordia,004,,,23.6019,-106.0822,4,agua-caliente-del-zapote
MX,Mexico,México,82620,Agua Caliente de Gárate (Agua Caliente),Sinaloa,25,Concordia,004,,,23.16,-106.1171,1,agua-caliente-de-garate-agua-caliente
MX,Mexico,México,82625,El Huajote,Sinaloa,25,Concordia,004,,,23.1289,-106.0589,4,el-huajote
MX,Mexico,México,82628,Ejido Caleritas,Sinaloa,25,Concordia,004,,,23.1911,-106.1753,4,ejido-caleritas
MX,Mexico,México,82630,El Palmito,Sinaloa,25,Concordia,004,,,23.5624,-105.8377,4,el-palmito
MX,Mexico,México,82635,Loberas,Sinaloa,25,Concordia,004,,,23.4958,-105.8398,4,loberas
MX,Mexico,México,82635,La Laguna,Sinaloa,25,Concordia,004,,,23.5086,-105.8343,4,la-laguna
MX,Mexico,México,82635,Loberas [Microondas],Sinaloa,25,Concordia,004,,,23.5022,-105.837,3,loberas-microondas
MX,Mexico,México,82636,El Carrizo,Sinaloa,25,Concordia,004,,,23.5262,-105.8389,4,el-carrizo
MX,Mexico,México,82637,El Puente,Sinaloa,25,Concordia,004,,,23.57,-105.8495,4,el-puente
MX,Mexico,México,82640,La Concepción (La Barrigona),Sinaloa,25,Concordia,004,,,23.3945,-106.1689,4,la-concepcion-la-barrigona
MX,Mexico,México,82642,Agua Caliente de Jacobo,Sinaloa,25,Concordia,004,,,23.4508,-106.1284,4,agua-caliente-de-jacobo
MX,Mexico,México,82642,San Juan de Jacobo,Sinaloa,25,Concordia,004,,,23.4562,-106.1455,4,san-juan-de-jacobo
MX,Mexico,México,82643,Palmillas,Sinaloa,25,Concordia,004,,,23.3182,-106.1354,4,palmillas
MX,Mexico,México,82643,Casas Viejas,Sinaloa,25,Concordia,004,,,23.5083,-106.195,4,casas-viejas
MX,Mexico,México,82643,Los Huanacaxtles,Sinaloa,25,Concordia,004,,,23.54,-106.1425,4,los-huanacaxtles
MX,Mexico,México,82643,Las Iguanas,Sinaloa,25,Concordia,004,,,23.5368,-106.1821,4,las-iguanas
MX,Mexico,México,82644,Tepuxta,Sinaloa,25,Concordia,004,,,23.4137,-106.1993,4,tepuxta
MX,Mexico,México,82644,Los Cerritos,Sinaloa,25,Concordia,004,,,23.4261,-106.21,4,los-cerritos
MX,Mexico,México,82646,Malpica,Sinaloa,25,Concordia,004,,,23.2531,-106.1302,4,malpica
MX,Mexico,México,82647,Los Corrales,Sinaloa,25,Concordia,004,,,23.3258,-106.1667,4,los-corrales
MX,Mexico,México,82647,El Zapote,Sinaloa,25,Concordia,004,,,23.3473,-106.1828,4,el-zapote
MX,Mexico,México,82648,El Verde,Sinaloa,25,Concordia,004,,,23.3646,-106.1351,4,el-verde
MX,Mexico,México,82650,El Naranjito,Sinaloa,25,Concordia,004,,,23.3925,-105.9198,4,el-naranjito
MX,Mexico,México,82650,Copalita,Sinaloa,25,Concordia,004,,,23.3956,-105.9378,4,copalita
MX,Mexico,México,82650,Copala,Sinaloa,25,Concordia,004,,,23.3952,-105.9337,4,copala
MX,Mexico,México,82653,Santa Rosa,Sinaloa,25,Concordia,004,,,23.424,-105.9201,4,santa-rosa
MX,Mexico,México,82653,La Válvula,Sinaloa,25,Concordia,004,,,23.4415,-105.9105,4,la-valvula
MX,Mexico,México,82653,Joachinque,Sinaloa,25,Concordia,004,,,23.4324,-105.9511,4,joachinque
MX,Mexico,México,82653,Palos Blancos,Sinaloa,25,Concordia,004,,,23.4141,-105.9918,3,palos-blancos
MX,Mexico,México,82653,Charcas,Sinaloa,25,Concordia,004,,,23.4178,-105.907,4,charcas
MX,Mexico,México,82653,Las Juntas,Sinaloa,25,Concordia,004,,,23.4271,-105.9231,4,las-juntas
MX,Mexico,México,82653,El Saucillo,Sinaloa,25,Concordia,004,,,23.446,-105.9086,4,el-saucillo
MX,Mexico,México,82653,Pánuco,Sinaloa,25,Concordia,004,,,23.4235,-105.9034,4,panuco
MX,Mexico,México,82655,La Venada,Sinaloa,25,Concordia,004,,,23.4988,-105.867,4,la-venada
MX,Mexico,México,82656,Platanar de los Ontiveros,Sinaloa,25,Concordia,004,,,23.521,-105.9914,4,platanar-de-los-ontiveros
MX,Mexico,México,82656,Los Naranjos,Sinaloa,25,Concordia,004,,,23.4543,-106.0539,4,los-naranjos
MX,Mexico,México,82656,Santa Catarina,Sinaloa,25,Concordia,004,,,23.4106,-106.0813,4,santa-catarina
MX,Mexico,México,82658,La Guásima,Sinaloa,25,Concordia,004,,,23.3324,-105.9722,4,la-guasima
MX,Mexico,México,82658,Chupaderos,Sinaloa,25,Concordia,004,,,23.3658,-105.9542,4,chupaderos
MX,Mexico,México,82658,Piedra Blanca,Sinaloa,25,Concordia,004,,,23.3483,-105.9717,4,piedra-blanca
MX,Mexico,México,82658,Magistral,Sinaloa,25,Concordia,004,,,23.3437,-105.9793,4,magistral
MX,Mexico,México,82658,Los Chinitos,Sinaloa,25,Concordia,004,,,23.3297,-105.9758,4,los-chinitos
MX,Mexico,México,82658,La Pitarrilla,Sinaloa,25,Concordia,004,,,23.3872,-105.9661,4,la-pitarrilla
MX,Mexico,México,82660,El Picacho,Sinaloa,25,Concordia,004,,,23.4282,-105.8438,4,el-picacho
MX,Mexico,México,82660,Santa Lucía,Sinaloa,25,Concordia,004,,,23.4375,-105.8528,4,santa-lucia
MX,Mexico,México,82660,La Capilla del Taxte,Sinaloa,25,Concordia,004,,,23.4233,-105.8631,4,la-capilla-del-taxte
MX,Mexico,México,82663,Potrerillos,Sinaloa,25,Concordia,004,,,23.4533,-105.8281,4,potrerillos
MX,Mexico,México,82663,Santa Rita,Sinaloa,25,Concordia,004,,,23.4584,-105.8343,4,santa-rita
MX,Mexico,México,82663,El Batel,Sinaloa,25,Concordia,004,,,23.4695,-105.8345,4,el-batel
MX,Mexico,México,82663,Corte Alto,Sinaloa,25,Concordia,004,,,23.4563,-105.8433,4,corte-alto
MX,Mexico,México,82663,Trópico de Cáncer,Sinaloa,25,Concordia,004,,,23.4635,-105.8366,4,tropico-de-cancer
MX,Mexico,México,82663,La Cañita,Sinaloa,25,Concordia,004,,,23.4561,-105.8338,4,la-canita
MX,Mexico,México,82663,Chirimoyos,Sinaloa,25,Concordia,004,,,23.4595,-105.8351,3,chirimoyos
MX,Mexico,México,82666,El Encinal,Sinaloa,25,Concordia,004,,,23.4093,-105.8648,4,el-encinal
MX,Mexico,México,82666,La Mesa,Sinaloa,25,Concordia,004,,,23.4086,-105.872,4,la-mesa
MX,Mexico,México,82666,El Coco,Sinaloa,25,Concordia,004,,,23.4018,-105.8831,4,el-coco
MX,Mexico,México,82666,La Mesa del Carrizal,Sinaloa,25,Concordia,004,,,23.4037,-105.8705,4,la-mesa-del-carrizal
MX,Mexico,México,82666,La Guayanera,Sinaloa,25,Concordia,004,,,23.4077,-105.8916,4,la-guayanera
MX,Mexico,México,82667,La Petaca,Sinaloa,25,Concordia,004,,,23.4265,-105.8034,4,la-petaca
MX,Mexico,México,82670,Cuatantal,Sinaloa,25,Concordia,004,,,23.3769,-105.7878,4,cuatantal
MX,Mexico,México,82675,Habal de Copala,Sinaloa,25,Concordia,004,,,23.3736,-105.9143,4,habal-de-copala
MX,Mexico,México,82677,El Purgatorio,Sinaloa,25,Concordia,004,,,23.4065,-105.7853,4,el-purgatorio
MX,Mexico,México,82680,Mesillas,Sinaloa,25,Concordia,004,,,23.2465,-106.0478,4,mesillas
MX,Mexico,México,82684,Los Ciruelos,Sinaloa,25,Concordia,004,,,23.2658,-105.9561,4,los-ciruelos
MX,Mexico,México,82685,San Lorenzo,Sinaloa,25,Concordia,004,,,23.227,-105.9542,4,san-lorenzo
MX,Mexico,México,82686,La Ciénega,Sinaloa,25,Concordia,004,,,23.4796,-105.8194,4,la-cienega
MX,Mexico,México,82686,La Pastoría,Sinaloa,25,Concordia,004,,,23.1515,-105.9256,4,la-pastoria
MX,Mexico,México,80700,Cosala Centro,Sinaloa,25,Cosalá,005,Cosalá,21,24.4658,-106.7877,1,cosala-centro
MX,Mexico,México,80702,Sánchez Celis,Sinaloa,25,Cosalá,005,Cosalá,21,24.4814,-106.7994,1,sanchez-celis
MX,Mexico,México,80702,Capellanes,Sinaloa,25,Cosalá,005,Cosalá,21,24.4658,-106.7877,1,capellanes
MX,Mexico,México,80702,Las Quintas,Sinaloa,25,Cosalá,005,Cosalá,21,24.4658,-106.7877,1,las-quintas
MX,Mexico,México,80704,Las Lomitas,Sinaloa,25,Cosalá,005,Cosalá,21,24.4814,-106.7994,1,las-lomitas
MX,Mexico,México,80704,Los Arroyos,Sinaloa,25,Cosalá,005,Cosalá,21,24.4658,-106.7877,1,los-arroyos
MX,Mexico,México,80705,Bajío,Sinaloa,25,Cosalá,005,Cosalá,21,24.4814,-106.7994,1,bajio
MX,Mexico,México,80706,El Rastro,Sinaloa,25,Cosalá,005,Cosalá,21,24.4814,-106.7994,1,el-rastro
MX,Mexico,México,80706,Canela,Sinaloa,25,Cosalá,005,Cosalá,21,24.4814,-106.7994,1,canela
MX,Mexico,México,80706,Sierra Mojada,Sinaloa,25,Cosalá,005,Cosalá,21,24.4658,-106.7877,1,sierra-mojada
MX,Mexico,México,80707,Luis Donaldo Colosio,Sinaloa,25,Cosalá,005,Cosalá,21,24.4814,-106.7994,1,luis-donaldo-colosio
MX,Mexico,México,80707,VIVAH,Sinaloa,25,Cosalá,005,Cosalá,21,24.4658,-106.7877,1,vivah
MX,Mexico,México,80708,El Llano de La Carrera,Sinaloa,25,Cosalá,005,Cosalá,21,24.4658,-106.7877,1,el-llano-de-la-carrera
MX,Mexico,México,80720,La Ilama,Sinaloa,25,Cosalá,005,,,24.6156,-106.8192,4,la-ilama
MX,Mexico,México,80720,Los Llanos de Refugio,Sinaloa,25,Cosalá,005,,,24.6264,-106.8311,4,los-llanos-de-refugio
MX,Mexico,México,80720,El Guamúchil,Sinaloa,25,Cosalá,005,,,24.6473,-106.8263,4,el-guamuchil
MX,Mexico,México,80723,El Veinticuatro,Sinaloa,25,Cosalá,005,,,24.657,-106.9039,4,el-veinticuatro
MX,Mexico,México,80723,El Reparo,Sinaloa,25,Cosalá,005,,,24.6528,-106.8936,4,el-reparo
MX,Mexico,México,80723,La Vuelta del Cerro,Sinaloa,25,Cosalá,005,,,24.6544,-106.8581,4,la-vuelta-del-cerro
MX,Mexico,México,80724,Las Amargosas,Sinaloa,25,Cosalá,005,,,24.6716,-106.9067,4,las-amargosas
MX,Mexico,México,80724,Tachichilte,Sinaloa,25,Cosalá,005,,,24.6734,-106.8656,4,tachichilte
MX,Mexico,México,80724,El Sauce,Sinaloa,25,Cosalá,005,,,24.6853,-106.8962,4,el-sauce
MX,Mexico,México,80725,Bacata,Sinaloa,25,Cosalá,005,,,24.7343,-106.9037,4,bacata
MX,Mexico,México,80726,Los Cedritos,Sinaloa,25,Cosalá,005,,,24.7175,-106.9367,4,los-cedritos
MX,Mexico,México,80730,Las Milpas del Carrizo,Sinaloa,25,Cosalá,005,,,24.6499,-106.9789,4,las-milpas-del-carrizo
MX,Mexico,México,80730,El Tecomate,Sinaloa,25,Cosalá,005,,,24.6657,-106.9955,4,el-tecomate
MX,Mexico,México,80733,Los Mimbres,Sinaloa,25,Cosalá,005,,,24.6365,-106.953,4,los-mimbres
MX,Mexico,México,80733,Los Mimbritos,Sinaloa,25,Cosalá,005,,,24.6396,-106.957,4,los-mimbritos
MX,Mexico,México,80734,Santa Ana,Sinaloa,25,Cosalá,005,,,24.6118,-106.9354,4,santa-ana
MX,Mexico,México,80734,El Zapote,Sinaloa,25,Cosalá,005,,,24.6413,-107.0107,4,el-zapote
MX,Mexico,México,80734,El Palmarito,Sinaloa,25,Cosalá,005,,,24.6015,-106.9288,4,el-palmarito
MX,Mexico,México,80735,Pueblo de Alayá,Sinaloa,25,Cosalá,005,,,24.5208,-106.8808,4,pueblo-de-alaya
MX,Mexico,México,80736,El Ranchito,Sinaloa,25,Cosalá,005,,,24.5283,-106.7925,4,el-ranchito
MX,Mexico,México,80737,Los Algodones,Sinaloa,25,Cosalá,005,,,24.5624,-106.8086,4,los-algodones
MX,Mexico,México,80737,El Vertedor,Sinaloa,25,Cosalá,005,,,24.5715,-106.8141,4,el-vertedor
MX,Mexico,México,80737,Higueras de Jacopa,Sinaloa,25,Cosalá,005,,,24.5572,-106.7853,4,higueras-de-jacopa
MX,Mexico,México,80738,Santa Anita,Sinaloa,25,Cosalá,005,,,24.6233,-106.8831,4,santa-anita
MX,Mexico,México,80740,La Culacha,Sinaloa,25,Cosalá,005,,,24.7284,-106.8278,4,la-culacha
MX,Mexico,México,80743,El Cajón de las Minas,Sinaloa,25,Cosalá,005,,,24.7098,-106.8691,4,el-cajon-de-las-minas
MX,Mexico,México,80743,La Rastra,Sinaloa,25,Cosalá,005,,,24.7106,-106.8351,4,la-rastra
MX,Mexico,México,80743,Mezcaltitán,Sinaloa,25,Cosalá,005,,,24.6812,-106.8145,4,mezcaltitan
MX,Mexico,México,80744,Pueblo Nuevo,Sinaloa,25,Cosalá,005,,,24.658,-106.7053,4,pueblo-nuevo
MX,Mexico,México,80750,El Rincón de la Lagunita,Sinaloa,25,Cosalá,005,,,24.4649,-106.8462,4,el-rincon-de-la-lagunita
MX,Mexico,México,80750,Agua Caliente,Sinaloa,25,Cosalá,005,,,24.4912,-106.8731,4,agua-caliente
MX,Mexico,México,80750,Chiricahueto,Sinaloa,25,Cosalá,005,,,24.4511,-106.8575,4,chiricahueto
MX,Mexico,México,80753,Higueras de Campaña,Sinaloa,25,Cosalá,005,,,24.4224,-106.8603,4,higueras-de-campana
MX,Mexico,México,80754,Palmar de los Ceballos,Sinaloa,25,Cosalá,005,,,24.3815,-106.8981,4,palmar-de-los-ceballos
MX,Mexico,México,80754,Palmillas,Sinaloa,25,Cosalá,005,,,24.3749,-106.8659,4,palmillas
MX,Mexico,México,80755,La Ciruelita,Sinaloa,25,Cosalá,005,,,24.4183,-106.8353,4,la-ciruelita
MX,Mexico,México,80756,El Bichi,Sinaloa,25,Cosalá,005,,,24.4552,-106.91,4,el-bichi
MX,Mexico,México,80756,El Cerro de los Barraza,Sinaloa,25,Cosalá,005,,,24.4732,-106.9034,4,el-cerro-de-los-barraza
MX,Mexico,México,80757,Lo de Garza,Sinaloa,25,Cosalá,005,,,24.4751,-106.7966,4,lo-de-garza
MX,Mexico,México,80758,El Realito,Sinaloa,25,Cosalá,005,,,24.44,-106.7661,4,el-realito
MX,Mexico,México,80758,Los Vasitos,Sinaloa,25,Cosalá,005,,,24.4602,-106.753,4,los-vasitos
MX,Mexico,México,80758,Los Carricitos,Sinaloa,25,Cosalá,005,,,24.4703,-106.771,4,los-carricitos
MX,Mexico,México,80760,El Carrizal,Sinaloa,25,Cosalá,005,,,24.4814,-106.7994,1,el-carrizal
MX,Mexico,México,80763,Las Truchas,Sinaloa,25,Cosalá,005,,,24.5342,-106.7336,4,las-truchas
MX,Mexico,México,80764,Los Tigres,Sinaloa,25,Cosalá,005,,,24.5163,-106.6347,4,los-tigres
MX,Mexico,México,80764,San José de las Bocas,Sinaloa,25,Cosalá,005,,,24.5139,-106.6794,4,san-jose-de-las-bocas
MX,Mexico,México,80764,Pozo Zarco,Sinaloa,25,Cosalá,005,,,24.5131,-106.6372,4,pozo-zarco
MX,Mexico,México,80764,La Ciénega,Sinaloa,25,Cosalá,005,,,24.4814,-106.7994,3,la-cienega
MX,Mexico,México,80770,Las Habas,Sinaloa,25,Cosalá,005,,,24.4011,-106.9639,4,las-habas
MX,Mexico,México,80770,Santa Cruz de Alaya,Sinaloa,25,Cosalá,005,,,24.4846,-106.9561,4,santa-cruz-de-alaya
MX,Mexico,México,80770,La Huerta,Sinaloa,25,Cosalá,005,,,24.4642,-106.9894,4,la-huerta
MX,Mexico,México,80770,Chapala,Sinaloa,25,Cosalá,005,,,24.4457,-106.9706,4,chapala
MX,Mexico,México,80770,Ibonía,Sinaloa,25,Cosalá,005,,,24.4643,-106.9449,4,ibonia
MX,Mexico,México,80773,El Vaso,Sinaloa,25,Cosalá,005,,,24.4415,-107.0101,4,el-vaso
MX,Mexico,México,80773,Picacho,Sinaloa,25,Cosalá,005,,,24.25,-106.7333,4,picacho
MX,Mexico,México,80773,San Miguel de las Mesas,Sinaloa,25,Cosalá,005,,,24.4325,-107.0292,4,san-miguel-de-las-mesas
MX,Mexico,México,80774,Palo Dulce,Sinaloa,25,Cosalá,005,,,24.3203,-106.8812,4,palo-dulce
MX,Mexico,México,80774,Los Mimbres de Quiroz,Sinaloa,25,Cosalá,005,,,24.294,-106.8261,4,los-mimbres-de-quiroz
MX,Mexico,México,80775,La Cañita,Sinaloa,25,Cosalá,005,,,24.3439,-106.8281,4,la-canita
MX,Mexico,México,80775,Los Aguajitos,Sinaloa,25,Cosalá,005,,,24.3581,-106.8171,4,los-aguajitos
MX,Mexico,México,80775,Buenavista,Sinaloa,25,Cosalá,005,,,24.3471,-106.8285,4,buenavista
MX,Mexico,México,80775,El Cajón de Cachahua,Sinaloa,25,Cosalá,005,,,24.3497,-106.829,3,el-cajon-de-cachahua
MX,Mexico,México,80775,Los Salates,Sinaloa,25,Cosalá,005,,,24.3494,-106.8135,4,los-salates
MX,Mexico,México,80775,El Sabino,Sinaloa,25,Cosalá,005,,,24.3841,-106.8225,4,el-sabino
MX,Mexico,México,80775,Las Cupías de Cachahua,Sinaloa,25,Cosalá,005,,,24.3321,-106.8264,4,las-cupias-de-cachahua
MX,Mexico,México,80775,La Cuchilla (Cachahua),Sinaloa,25,Cosalá,005,,,24.3333,-106.8667,4,la-cuchilla-cachahua
MX,Mexico,México,80776,El Rodeo,Sinaloa,25,Cosalá,005,,,24.3792,-106.7056,4,el-rodeo
MX,Mexico,México,80776,El Potrero,Sinaloa,25,Cosalá,005,,,24.4067,-106.7209,4,el-potrero
MX,Mexico,México,80776,Vado Hondo,Sinaloa,25,Cosalá,005,,,24.3965,-106.763,4,vado-hondo
MX,Mexico,México,80776,Calafato,Sinaloa,25,Cosalá,005,,,24.3691,-106.7637,4,calafato
MX,Mexico,México,80777,Palo Verde,Sinaloa,25,Cosalá,005,,,24.3657,-106.6781,4,palo-verde
MX,Mexico,México,80777,La Palma,Sinaloa,25,Cosalá,005,,,24.4667,-106.7667,4,la-palma
MX,Mexico,México,80777,El Jagüey,Sinaloa,25,Cosalá,005,,,24.3523,-106.6432,4,el-jaguey
MX,Mexico,México,80777,La Chuchupira,Sinaloa,25,Cosalá,005,,,24.3811,-106.6662,4,la-chuchupira
MX,Mexico,México,80777,El Huizachal,Sinaloa,25,Cosalá,005,,,24.34,-106.6603,4,el-huizachal
MX,Mexico,México,80778,Las Mimbres (Las Mimbres del Padre),Sinaloa,25,Cosalá,005,,,24.2926,-106.7599,4,las-mimbres-las-mimbres-del-padre
MX,Mexico,México,80778,El Papachal,Sinaloa,25,Cosalá,005,,,24.4814,-106.7994,3,el-papachal
MX,Mexico,México,80778,Ipucha,Sinaloa,25,Cosalá,005,,,24.3347,-106.7526,4,ipucha
MX,Mexico,México,80778,Comoa,Sinaloa,25,Cosalá,005,,,24.3152,-106.7098,4,comoa
MX,Mexico,México,80780,La Seca (Nuestra Señora),Sinaloa,25,Cosalá,005,,,24.3996,-106.6125,4,la-seca-nuestra-senora
MX,Mexico,México,80780,Los Braceros,Sinaloa,25,Cosalá,005,,,24.4136,-106.6427,4,los-braceros
MX,Mexico,México,80783,Las Higueras de Padilla,Sinaloa,25,Cosalá,005,,,24.4355,-106.6551,1,las-higueras-de-padilla
MX,Mexico,México,80783,Las Higueras de Urrea,Sinaloa,25,Cosalá,005,,,24.4355,-106.6551,1,las-higueras-de-urrea
MX,Mexico,México,80784,Los Molinos,Sinaloa,25,Cosalá,005,,,24.4814,-106.7994,3,los-molinos
MX,Mexico,México,80784,Cholula,Sinaloa,25,Cosalá,005,,,24.4359,-106.7016,4,cholula
MX,Mexico,México,80784,El Portezuelo,Sinaloa,25,Cosalá,005,,,24.4533,-106.7058,4,el-portezuelo
MX,Mexico,México,80785,Higuera Larga,Sinaloa,25,Cosalá,005,,,24.475,-106.6167,4,higuera-larga
MX,Mexico,México,80786,Los Bulitos,Sinaloa,25,Cosalá,005,,,24.4486,-106.6502,4,los-bulitos
MX,Mexico,México,80786,La Estancia,Sinaloa,25,Cosalá,005,,,24.4196,-106.6658,4,la-estancia
MX,Mexico,México,80786,Santa Cruz,Sinaloa,25,Cosalá,005,,,24.4387,-106.6454,4,santa-cruz
MX,Mexico,México,80790,El Camichín,Sinaloa,25,Cosalá,005,,,24.26,-106.5168,4,el-camichin
MX,Mexico,México,80790,Guadalupe de los Reyes,Sinaloa,25,Cosalá,005,,,24.2778,-106.5064,4,guadalupe-de-los-reyes
MX,Mexico,México,80793,El Capule,Sinaloa,25,Cosalá,005,,,24.2375,-106.5789,4,el-capule
MX,Mexico,México,80793,Agua Caliente de los Urrea,Sinaloa,25,Cosalá,005,,,24.2235,-106.6123,4,agua-caliente-de-los-urrea
MX,Mexico,México,80793,Potrerillo de los Torres,Sinaloa,25,Cosalá,005,,,24.2624,-106.572,4,potrerillo-de-los-torres
MX,Mexico,México,80794,El Saucito,Sinaloa,25,Cosalá,005,,,24.2821,-106.5604,4,el-saucito
MX,Mexico,México,80794,El Tule,Sinaloa,25,Cosalá,005,,,24.2934,-106.5261,4,el-tule
MX,Mexico,México,80794,El Pino,Sinaloa,25,Cosalá,005,,,24.2869,-106.5168,4,el-pino
MX,Mexico,México,80795,El Sauz,Sinaloa,25,Cosalá,005,,,24.3409,-106.5927,4,el-sauz
MX,Mexico,México,80797,Llano Grande,Sinaloa,25,Cosalá,005,,,24.3171,-106.6274,4,llano-grande
MX,Mexico,México,80797,Las Habitas,Sinaloa,25,Cosalá,005,,,24.3354,-106.6446,4,las-habitas
MX,Mexico,México,80797,La Tasajera,Sinaloa,25,Cosalá,005,,,24.3114,-106.6017,4,la-tasajera
MX,Mexico,México,80000,Centro Sinaloa,Sinaloa,25,Culiacán,006,Culiacán Rosales,02,24.61,-107.3892,4,centro-sinaloa
MX,Mexico,México,80000,Centro,Sinaloa,25,Culiacán,006,Culiacán Rosales,02,24.61,-107.3892,4,centro
MX,Mexico,México,80007,Universidad Autónoma de Sinaloa,Sinaloa,25,Culiacán,006,Culiacán Rosales,02,24.6515,-107.2667,1,universidad-autonoma-de-sinaloa
MX,Mexico,México,80010,6 de Enero,Sinaloa,25,Culiacán,006,Culiacán Rosales,02,24.5758,-107.4722,3,6-de-enero
MX,Mexico,México,80010,Arboledas,Sinaloa,25,Culiacán,006,Culiacán Rosales,02,24.5758,-107.4722,3,arboledas
MX,Mexico,México,80010,Villa Universidad,Sinaloa,25,Culiacán,006,Culiacán Rosales,02,24.5758,-107.4722,3,villa-universidad
MX,Mexico,México,80010,Vicente Lombardo Toledano,Sinaloa,25,Culiacán,006,Culiacán Rosales,02,24.5758,-107.4722,4,vicente-lombardo-toledano
MX,Mexico,México,80010,Ignacio Allende,Sinaloa,25,Culiacán,006,Culiacán Rosales,02,24.6515,-107.2667,3,ignacio-allende
MX,Mexico,México,80010,Fresnos,Sinaloa,25,Culiacán,006,Culiacán Rosales,02,24.6515,-107.2667,3,fresnos
MX,Mexico,México,80013,Obrero Campesino,Sinaloa,25,Culiacán,006,Culiacán Rosales,02,24.7263,-107.3262,1,obrero-campesino
MX,Mexico,México,80013,Universitaria,Sinaloa,25,Culiacán,006,Culiacán Rosales,02,24.7263,-107.3262,1,universitaria
MX,Mexico,México,80013,Ciudad Universitaria,Sinaloa,25,Culiacán,006,Culiacán Rosales,02,24.7263,-107.3262,1,ciudad-universitaria
MX,Mexico,México,80014,Floresta,Sinaloa,25,Culiacán,006,Culiacán Rosales,02,24.3073,-107.1177,3,floresta
MX,Mexico,México,80014,Rosario Uzarraga,Sinaloa,25,Culiacán,006,Culiacán Rosales,02,24.3073,-107.1177,3,rosario-uzarraga
MX,Mexico,México,80014,Zona Dorada,Sinaloa,25,Culiacán,006,Culiacán Rosales,02,24.3073,-107.1177,3,zona-dorada
MX,Mexico,México,80014,Lomas de Tamazula,Sinaloa,25,Culiacán,006,Culiacán Rosales,02,24.3073,-107.1177,3,lomas-de-tamazula
MX,Mexico,México,80014,Agrarista Mexicana,Sinaloa,25,Culiacán,006,Culiacán Rosales,02,24.3073,-107.1177,3,agrarista-mexicana
MX,Mexico,México,80014,Nueva Galaxia,Sinaloa,25,Culiacán,006,Culiacán Rosales,02,24.3073,-107.1177,3,nueva-galaxia
MX,Mexico,México,80014,Zona Dorada II,Sinaloa,25,Culiacán,006,Culiacán Rosales,02,24.3073,-107.1177,3,zona-dorada-ii
MX,Mexico,México,80014,Las Glorias,Sinaloa,25,Culiacán,006,Culiacán Rosales,02,24.6515,-107.2667,3,las-glorias
MX,Mexico,México,80014,Buena Vista,Sinaloa,25,Culiacán,006,Culiacán Rosales,02,24.6515,-107.2667,3,buena-vista
MX,Mexico,México,80014,Amorada,Sinaloa,25,Culiacán,006,Culiacán Rosales,02,24.3073,-107.1177,3,amorada
MX,Mexico,México,80014,Valle del Agua,Sinaloa,25,Culiacán,006,Culiacán Rosales,02,24.3073,-107.1177,3,valle-del-agua
MX,Mexico,México,80014,Maralago,Sinaloa,25,Culiacán,006,Culiacán Rosales,02,24.3073,-107.1177,3,maralago
MX,Mexico,México,80014,Los Angeles,Sinaloa,25,Culiacán,006,Culiacán Rosales,02,24.3073,-107.1177,4,los-angeles
MX,Mexico,México,80015,Lomas Del Magisterio,Sinaloa,25,Culiacán,006,Culiacán Rosales,02,24.5767,-107.4769,3,lomas-del-magisterio
MX,Mexico,México,80015,Lomas de San Jerónimo,Sinaloa,25,Culiacán,006,Culiacán Rosales,02,24.5767,-107.4769,3,lomas-de-san-jeronimo
MX,Mexico,México,80015,Solidaridad,Sinaloa,25,Culiacán,006,Culiacán Rosales,02,24.5767,-107.4769,4,solidaridad
MX,Mexico,México,80015,Ruben Jaramillo,Sinaloa,25,Culiacán,006,Culiacán Rosales,02,24.6515,-107.2667,3,ruben-jaramillo
MX,Mexico,México,80015,Grecia,Sinaloa,25,Culiacán,006,Culiacán Rosales,02,24.5767,-107.4769,3,grecia
MX,Mexico,México,80015,Villa Del Sol,Sinaloa,25,Culiacán,006,Culiacán Rosales,02,24.5767,-107.4769,3,villa-del-sol
MX,Mexico,México,80015,Residencial Hacienda,Sinaloa,25,Culiacán,006,Culiacán Rosales,02,24.5767,-107.4769,3,residencial-hacienda
MX,Mexico,México,80015,Campestre,Sinaloa,25,Culiacán,006,Culiacán Rosales,02,24.5767,-107.4769,3,campestre
MX,Mexico,México,80016,Juan de Dios Bátiz,Sinaloa,25,Culiacán,006,Culiacán Rosales,02,24.7263,-107.3262,1,juan-de-dios-batiz
MX,Mexico,México,80016,Interlomas,Sinaloa,25,Culiacán,006,Culiacán Rosales,02,24.7263,-107.3262,1,interlomas
MX,Mexico,México,80016,Lomas del Sol,Sinaloa,25,Culiacán,006,Culiacán Rosales,02,24.7263,-107.3262,1,lomas-del-sol
MX,Mexico,México,80016,Lomas del Sol Duplex,Sinaloa,25,Culiacán,006,Culiacán Rosales,02,24.7263,-107.3262,1,lomas-del-sol-duplex
MX,Mexico,México,80016,Buena Vista,Sinaloa,25,Culiacán,006,Culiacán Rosales,02,24.6515,-107.2667,1,buena-vista
MX,Mexico,México,80016,Las Américas,Sinaloa,25,Culiacán,006,Culiacán Rosales,02,24.6515,-107.2667,1,las-americas
MX,Mexico,México,80016,Lomas Del Pedregal,Sinaloa,25,Culiacán,006,Culiacán Rosales,02,24.6515,-107.2667,1,lomas-del-pedregal
MX,Mexico,México,80016,16 de Septiembre,Sinaloa,25,Culiacán,006,Culiacán Rosales,02,24.6515,-107.2667,1,16-de-septiembre
MX,Mexico,México,80017,Montesierra,Sinaloa,25,Culiacán,006,Culiacán Rosales,02,24.7263,-107.3262,1,montesierra
MX,Mexico,México,80017,El Mirador,Sinaloa,25,Culiacán,006,Culiacán Rosales,02,24.6515,-107.2667,1,el-mirador
MX,Mexico,México,80017,Jesús Valdez Aldana,Sinaloa,25,Culiacán,006,Culiacán Rosales,02,24.7263,-107.3262,1,jesus-valdez-aldana
MX,Mexico,México,80018,Los Alamitos,Sinaloa,25,Culiacán,006,Culiacán Rosales,02,24.7804,-107.1217,4,los-alamitos
MX,Mexico,México,80018,Espacios Marsella,Sinaloa,25,Culiacán,006,Culiacán Rosales,02,24.814,-107.2586,3,espacios-marsella
MX,Mexico,México,80018,Lirios del Río,Sinaloa,25,Culiacán,006,Culiacán Rosales,02,24.814,-107.2586,3,lirios-del-rio
MX,Mexico,México,80018,Bosques Del Álamo,Sinaloa,25,Culiacán,006,Culiacán Rosales,02,24.814,-107.2586,3,bosques-del-alamo
MX,Mexico,México,80018,Las Cucas,Sinaloa,25,Culiacán,006,Culiacán Rosales,02,24.8475,-107.3956,4,las-cucas
MX,Mexico,México,80019,Loma de Rodriguera,Sinaloa,25,Culiacán,006,Culiacán Rosales,02,24.8716,-107.39,4,loma-de-rodriguera
MX,Mexico,México,80019,Rotarismo,Sinaloa,25,Culiacán,006,Culiacán Rosales,02,24.8623,-107.3378,3,rotarismo
MX,Mexico,México,80019,Jardines de La Sierra,Sinaloa,25,Culiacán,006,Culiacán Rosales,02,24.8623,-107.3378,3,jardines-de-la-sierra
MX,Mexico,México,80019,Hacienda Alameda,Sinaloa,25,Culiacán,006,Culiacán Rosales,02,24.8623,-107.3378,3,hacienda-alameda
MX,Mexico,México,80019,Los Mezcales,Sinaloa,25,Culiacán,006,Culiacán Rosales,02,24.8565,-107.3933,4,los-mezcales
MX,Mexico,México,80019,Hacienda Los Huertos,Sinaloa,25,Culiacán,006,Culiacán Rosales,02,24.8623,-107.3378,3,hacienda-los-huertos
MX,Mexico,México,80019,Hacienda los Huertos Sección Bosques de la Colina,Sinaloa,25,Culiacán,006,Culiacán Rosales,02,24.8623,-107.3378,3,hacienda-los-huertos-seccion-bosques-de-la-colina
MX,Mexico,México,80019,Hacienda Arboledas,Sinaloa,25,Culiacán,006,Culiacán Rosales,02,24.8623,-107.3378,3,hacienda-arboledas
MX,Mexico,México,80019,San Fermín,Sinaloa,25,Culiacán,006,Culiacán Rosales,02,24.6515,-107.2667,3,san-fermin
MX,Mexico,México,80019,Los Ciruelos,Sinaloa,25,Culiacán,006,Culiacán Rosales,02,24.7957,-107.0561,4,los-ciruelos
MX,Mexico,México,80019,Alameda,Sinaloa,25,Culiacán,006,Culiacán Rosales,02,24.8623,-107.3378,3,alameda
MX,Mexico,México,80019,Los Huertos,Sinaloa,25,Culiacán,006,Culiacán Rosales,02,24.8623,-107.3378,3,los-huertos
MX,Mexico,México,80019,Paseo Alameda,Sinaloa,25,Culiacán,006,Culiacán Rosales,02,24.8623,-107.3378,3,paseo-alameda
MX,Mexico,México,80019,Girasoles,Sinaloa,25,Culiacán,006,Culiacán Rosales,02,24.9253,-107.5119,4,girasoles
MX,Mexico,México,80020,STASE III,Sinaloa,25,Culiacán,006,Culiacán Rosales,02,24.6823,-107.2749,1,stase-iii
MX,Mexico,México,80020,Humaya,Sinaloa,25,Culiacán,006,Culiacán Rosales,02,24.6823,-107.2749,1,humaya
MX,Mexico,México,80020,FOVISSSTE Diamante,Sinaloa,25,Culiacán,006,Culiacán Rosales,02,24.6823,-107.2749,1,fovissste-diamante
MX,Mexico,México,80020,INFONAVIT Humaya,Sinaloa,25,Culiacán,006,Culiacán Rosales,02,24.6823,-107.2749,1,infonavit-humaya
MX,Mexico,México,80020,Bonanza,Sinaloa,25,Culiacán,006,Culiacán Rosales,02,24.6515,-107.2667,1,bonanza
MX,Mexico,México,80020,Privada La Rivera,Sinaloa,25,Culiacán,006,Culiacán Rosales,02,24.6823,-107.2749,1,privada-la-rivera
MX,Mexico,México,80020,Pueblo Bonito,Sinaloa,25,Culiacán,006,Culiacán Rosales,02,24.6823,-107.2749,1,pueblo-bonito
MX,Mexico,México,80020,Desarrollo Urbano 3 Ríos,Sinaloa,25,Culiacán,006,Culiacán Rosales,02,24.6823,-107.2749,1,desarrollo-urbano-3-rios
MX,Mexico,México,80020,STASE,Sinaloa,25,Culiacán,006,Culiacán Rosales,02,24.6515,-107.2667,1,stase
MX,Mexico,México,80024,Oficinas Corporativas Ley S.A.,Sinaloa,25,Culiacán,006,Culiacán Rosales,02,24.6823,-107.2749,1,oficinas-corporativas-ley-s-a
MX,Mexico,México,80025,Los Olivos,Sinaloa,25,Culiacán,006,Culiacán Rosales,02,24.6515,-107.2667,1,los-olivos
MX,Mexico,México,80025,Alegranza,Sinaloa,25,Culiacán,006,Culiacán Rosales,02,24.6823,-107.2749,1,alegranza
MX,Mexico,México,80025,Colinas de la Rivera Segunda Sección,Sinaloa,25,Culiacán,006,Culiacán Rosales,02,24.6823,-107.2749,1,colinas-de-la-rivera-segunda-seccion
MX,Mexico,México,80025,Jardines Del Pedregal,Sinaloa,25,Culiacán,006,Culiacán Rosales,02,24.6823,-107.2749,1,jardines-del-pedregal
MX,Mexico,México,80025,Villa del Pedregal,Sinaloa,25,Culiacán,006,Culiacán Rosales,02,24.6823,-107.2749,1,villa-del-pedregal
MX,Mexico,México,80025,Colinas de La Rivera,Sinaloa,25,Culiacán,006,Culiacán Rosales,02,24.6823,-107.2749,1,colinas-de-la-rivera
MX,Mexico,México,80025,Brisas de Humaya,Sinaloa,25,Culiacán,006,Culiacán Rosales,02,24.6823,-107.2749,1,brisas-de-humaya
MX,Mexico,México,80025,Villas del Humaya,Sinaloa,25,Culiacán,006,Culiacán Rosales,02,24.6823,-107.2749,1,villas-del-humaya
MX,Mexico,México,80025,Nueva Vizcaya,Sinaloa,25,Culiacán,006,Culiacán Rosales,02,24.6823,-107.2749,1,nueva-vizcaya
MX,Mexico,México,80025,La Ribera Residencial,Sinaloa,25,Culiacán,006,Culiacán Rosales,02,24.6823,-107.2749,1,la-ribera-residencial
MX,Mexico,México,80025,Jardines del Rey,Sinaloa,25,Culiacán,006,Culiacán Rosales,02,24.6823,-107.2749,1,jardines-del-rey
MX,Mexico,México,80025,Riberas del Humaya,Sinaloa,25,Culiacán,006,Culiacán Rosales,02,24.6823,-107.2749,1,riberas-del-humaya
MX,Mexico,México,80025,STASE II,Sinaloa,25,Culiacán,006,Culiacán Rosales,02,24.6823,-107.2749,1,stase-ii
MX,Mexico,México,80025,Las Canarias,Sinaloa,25,Culiacán,006,Culiacán Rosales,02,24.6823,-107.2749,1,las-canarias
MX,Mexico,México,80025,Humaya del Super,Sinaloa,25,Culiacán,006,Culiacán Rosales,02,24.6823,-107.2749,1,humaya-del-super
MX,Mexico,México,80025,Bosques del Humaya,Sinaloa,25,Culiacán,006,Culiacán Rosales,02,24.6823,-107.2749,1,bosques-del-humaya
MX,Mexico,México,80026,ISSSTESIN,Sinaloa,25,Culiacán,006,Culiacán Rosales,02,24.6515,-107.2667,1,issstesin
MX,Mexico,México,80027,Campestre Los Laureles,Sinaloa,25,Culiacán,006,Culiacán Rosales,02,24.6306,-107.2541,3,campestre-los-laureles
MX,Mexico,México,80027,Altamira,Sinaloa,25,Culiacán,006,Culiacán Rosales,02,24.6306,-107.2541,4,altamira
MX,Mexico,México,80027,Los Almendros,Sinaloa,25,Culiacán,006,Culiacán Rosales,02,24.6306,-107.2541,3,los-almendros
MX,Mexico,México,80027,3 Ríos,Sinaloa,25,Culiacán,006,Culiacán Rosales,02,24.6306,-107.2541,3,3-rios
MX,Mexico,México,80027,Cuauhtémoc,Sinaloa,25,Culiacán,006,Culiacán Rosales,02,24.6306,-107.2541,3,cuauhtemoc
MX,Mexico,México,80028,Agustina Ramirez,Sinaloa,25,Culiacán,006,Culiacán Rosales,02,24.7474,-107.2898,3,agustina-ramirez
MX,Mexico,México,80028,Privada La Rinconada,Sinaloa,25,Culiacán,006,Culiacán Rosales,02,24.7474,-107.2898,3,privada-la-rinconada
MX,Mexico,México,80028,Campestre Tres Ríos,Sinaloa,25,Culiacán,006,Culiacán Rosales,02,24.7474,-107.2898,3,campestre-tres-rios
MX,Mexico,México,80028,Villas de Culiacán,Sinaloa,25,Culiacán,006,Culiacán Rosales,02,24.7474,-107.2898,3,villas-de-culiacan
MX,Mexico,México,80028,Balcones Del Humaya,Sinaloa,25,Culiacán,006,Culiacán Rosales,02,24.7474,-107.2898,3,balcones-del-humaya
MX,Mexico,México,80028,Tulipanes,Sinaloa,25,Culiacán,006,Culiacán Rosales,02,24.7474,-107.2898,3,tulipanes
MX,Mexico,México,80028,Colinas Del Humaya II,Sinaloa,25,Culiacán,006,Culiacán Rosales,02,24.7474,-107.2898,3,colinas-del-humaya-ii
MX,Mexico,México,80028,La Cascada,Sinaloa,25,Culiacán,006,Culiacán Rosales,02,24.6515,-107.2667,3,la-cascada
MX,Mexico,México,80028,Campestre San Jorge,Sinaloa,25,Culiacán,006,Culiacán Rosales,02,24.7474,-107.2898,3,campestre-san-jorge
MX,Mexico,México,80028,Villa Fontana,Sinaloa,25,Culiacán,006,Culiacán Rosales,02,24.7474,-107.2898,3,villa-fontana
MX,Mexico,México,80028,Lomas Verdes,Sinaloa,25,Culiacán,006,Culiacán Rosales,02,24.7474,-107.2898,3,lomas-verdes
MX,Mexico,México,80028,Portafe,Sinaloa,25,Culiacán,006,Culiacán Rosales,02,24.7474,-107.2898,3,portafe
MX,Mexico,México,80028,Rincón Real,Sinaloa,25,Culiacán,006,Culiacán Rosales,02,24.7474,-107.2898,3,rincon-real
MX,Mexico,México,80028,Portanova,Sinaloa,25,Culiacán,006,Culiacán Rosales,02,24.7474,-107.2898,3,portanova
MX,Mexico,México,80028,Los Sauces,Sinaloa,25,Culiacán,006,Culiacán Rosales,02,24.9149,-107.5694,4,los-sauces
MX,Mexico,México,80028,Santa Elena,Sinaloa,25,Culiacán,006,Culiacán Rosales,02,24.5376,-107.2796,4,santa-elena
MX,Mexico,México,80028,La Puerta,Sinaloa,25,Culiacán,006,Culiacán Rosales,02,24.7898,-107.0203,4,la-puerta
MX,Mexico,México,80029,Heraclio Bernal,Sinaloa,25,Culiacán,006,Culiacán Rosales,02,24.2315,-107.2637,4,heraclio-bernal
MX,Mexico,México,80029,Santa Fe,Sinaloa,25,Culiacán,006,Culiacán Rosales,02,25.0616,-107.1804,4,santa-fe
MX,Mexico,México,80029,Cimas del Humaya,Sinaloa,25,Culiacán,006,Culiacán Rosales,02,24.6464,-107.2689,3,cimas-del-humaya
MX,Mexico,México,80029,Bosque Encinos,Sinaloa,25,Culiacán,006,Culiacán Rosales,02,24.6464,-107.2689,3,bosque-encinos
MX,Mexico,México,80029,Cumbre Real,Sinaloa,25,Culiacán,006,Culiacán Rosales,02,24.6464,-107.2689,3,cumbre-real
MX,Mexico,México,80029,Santa Rosa,Sinaloa,25,Culiacán,006,Culiacán Rosales,02,24.4296,-107.203,4,santa-rosa
MX,Mexico,México,80029,Los Cerritos,Sinaloa,25,Culiacán,006,Culiacán Rosales,02,24.863,-107.4287,4,los-cerritos
MX,Mexico,México,80029,FOVISSSTE Humaya,Sinaloa,25,Culiacán,006,Culiacán Rosales,02,24.6464,-107.2689,3,fovissste-humaya
MX,Mexico,México,80029,10 de Abril,Sinaloa,25,Culiacán,006,Culiacán Rosales,02,24.6464,-107.2689,3,10-de-abril
MX,Mexico,México,80029,Colinas Del Humaya,Sinaloa,25,Culiacán,006,Culiacán Rosales,02,24.6464,-107.2689,3,colinas-del-humaya
MX,Mexico,México,80029,Real de Santa Fe,Sinaloa,25,Culiacán,006,Culiacán Rosales,02,24.6464,-107.2689,3,real-de-santa-fe
MX,Mexico,México,80029,Santa Fe Real,Sinaloa,25,Culiacán,006,Culiacán Rosales,02,24.6464,-107.2689,3,santa-fe-real
MX,Mexico,México,80029,Sección Cumbres,Sinaloa,25,Culiacán,006,Culiacán Rosales,02,24.6464,-107.2689,3,seccion-cumbres
MX,Mexico,México,80029,Jardines de Santa Fe,Sinaloa,25,Culiacán,006,Culiacán Rosales,02,24.6464,-107.2689,3,jardines-de-santa-fe
MX,Mexico,México,80029,Fincas del Humaya,Sinaloa,25,Culiacán,006,Culiacán Rosales,02,24.6464,-107.2689,3,fincas-del-humaya
MX,Mexico,México,80029,Lomas Del Humaya,Sinaloa,25,Culiacán,006,Culiacán Rosales,02,24.6464,-107.2689,3,lomas-del-humaya
MX,Mexico,México,80029,Pedregal del Humaya,Sinaloa,25,Culiacán,006,Culiacán Rosales,02,24.6464,-107.2689,3,pedregal-del-humaya
MX,Mexico,México,80030,Burócrata,Sinaloa,25,Culiacán,006,Culiacán Rosales,02,24.6515,-107.2667,3,burocrata
MX,Mexico,México,80030,Gabriel Leyva,Sinaloa,25,Culiacán,006,Culiacán Rosales,02,24.6515,-107.2667,3,gabriel-leyva
MX,Mexico,México,80030,Los Olivos,Sinaloa,25,Culiacán,006,Culiacán Rosales,02,24.6515,-107.2667,3,los-olivos
MX,Mexico,México,80030,Parque Alameda,Sinaloa,25,Culiacán,006,Culiacán Rosales,02,24.8367,-107.388,3,parque-alameda
MX,Mexico,México,80030,Privada La Joya,Sinaloa,25,Culiacán,006,Culiacán Rosales,02,24.8367,-107.388,3,privada-la-joya
MX,Mexico,México,80030,Portales Del Rio,Sinaloa,25,Culiacán,006,Culiacán Rosales,02,24.8367,-107.388,3,portales-del-rio
MX,Mexico,México,80030,Riverside,Sinaloa,25,Culiacán,006,Culiacán Rosales,02,24.8367,-107.388,3,riverside
MX,Mexico,México,80030,Tierra Blanca,Sinaloa,25,Culiacán,006,Culiacán Rosales,02,24.8367,-107.388,4,tierra-blanca
MX,Mexico,México,80034,Rincón Alameda,Sinaloa,25,Culiacán,006,Culiacán Rosales,02,24.8367,-107.388,1,rincon-alameda
MX,Mexico,México,80034,Comunicadores,Sinaloa,25,Culiacán,006,Culiacán Rosales,02,24.8367,-107.388,1,comunicadores
MX,Mexico,México,80034,Los Cisnes,Sinaloa,25,Culiacán,006,Culiacán Rosales,02,24.8367,-107.388,1,los-cisnes
MX,Mexico,México,80040,Chapultepec,Sinaloa,25,Culiacán,006,Culiacán Rosales,02,24.3682,-107.3707,3,chapultepec
MX,Mexico,México,80040,Santa Margarita,Sinaloa,25,Culiacán,006,Culiacán Rosales,02,24.3682,-107.3707,3,santa-margarita
MX,Mexico,México,80040,Privada Del Real,Sinaloa,25,Culiacán,006,Culiacán Rosales,02,24.3682,-107.3707,3,privada-del-real
MX,Mexico,México,80040,Santa Teresa,Sinaloa,25,Culiacán,006,Culiacán Rosales,02,24.3682,-107.3707,4,santa-teresa
MX,Mexico,México,80040,Chapultepec Del Rio,Sinaloa,25,Culiacán,006,Culiacán Rosales,02,24.3682,-107.3707,3,chapultepec-del-rio
MX,Mexico,México,80040,Real de Chapultepec,Sinaloa,25,Culiacán,006,Culiacán Rosales,02,24.3682,-107.3707,3,real-de-chapultepec
MX,Mexico,México,80040,Riberas de Tamazula,Sinaloa,25,Culiacán,006,Culiacán Rosales,02,24.3682,-107.3707,3,riberas-de-tamazula
MX,Mexico,México,80040,FOVISSSTE Abelardo de La Torre,Sinaloa,25,Culiacán,006,Culiacán Rosales,02,24.3682,-107.3707,3,fovissste-abelardo-de-la-torre
MX,Mexico,México,80040,Paseo Del Rio,Sinaloa,25,Culiacán,006,Culiacán Rosales,02,24.3682,-107.3707,3,paseo-del-rio
MX,Mexico,México,80040,La Lima,Sinaloa,25,Culiacán,006,Culiacán Rosales,02,24.3682,-107.3707,3,la-lima
MX,Mexico,México,80050,Avellaneda,Sinaloa,25,Culiacán,006,Culiacán Rosales,02,24.8637,-107.4752,1,avellaneda
MX,Mexico,México,80050,Enrique Félix Castro,Sinaloa,25,Culiacán,006,Culiacán Rosales,02,24.8637,-107.4752,1,enrique-felix-castro
MX,Mexico,México,80050,Culiacán Tres Ríos,Sinaloa,25,Culiacán,006,Culiacán Rosales,02,24.8637,-107.4752,1,culiacan-tres-rios
MX,Mexico,México,80050,Bosques Del Rio,Sinaloa,25,Culiacán,006,Culiacán Rosales,02,24.8637,-107.4752,1,bosques-del-rio
MX,Mexico,México,80050,Valle Del Rio,Sinaloa,25,Culiacán,006,Culiacán Rosales,02,24.8637,-107.4752,1,valle-del-rio
MX,Mexico,México,80050,Mallorca Residencial,Sinaloa,25,Culiacán,006,Culiacán Rosales,02,24.8637,-107.4752,1,mallorca-residencial
MX,Mexico,México,80050,Country del Río I,Sinaloa,25,Culiacán,006,Culiacán Rosales,02,24.8637,-107.4752,1,country-del-rio-i
MX,Mexico,México,80050,Country del Río II,Sinaloa,25,Culiacán,006,Culiacán Rosales,02,24.8637,-107.4752,1,country-del-rio-ii
MX,Mexico,México,80050,Country del Río III,Sinaloa,25,Culiacán,006,Culiacán Rosales,02,24.8637,-107.4752,1,country-del-rio-iii
MX,Mexico,México,80050,Country del Río IV,Sinaloa,25,Culiacán,006,Culiacán Rosales,02,24.8637,-107.4752,1,country-del-rio-iv
MX,Mexico,México,80050,Valle Alto,Sinaloa,25,Culiacán,006,Culiacán Rosales,02,24.8637,-107.4752,1,valle-alto
MX,Mexico,México,80050,Hermanos Flores Magón,Sinaloa,25,Culiacán,006,Culiacán Rosales,02,24.8637,-107.4752,1,hermanos-flores-magon
MX,Mexico,México,80050,Villas Del Rio,Sinaloa,25,Culiacán,006,Culiacán Rosales,02,24.8637,-107.4752,1,villas-del-rio
MX,Mexico,México,80050,Jardines del Río,Sinaloa,25,Culiacán,006,Culiacán Rosales,02,24.8637,-107.4752,1,jardines-del-rio
MX,Mexico,México,80050,Juntas de Humaya,Sinaloa,25,Culiacán,006,Culiacán Rosales,02,24.8637,-107.4752,1,juntas-de-humaya
MX,Mexico,México,80050,Villas Del Rio Elite,Sinaloa,25,Culiacán,006,Culiacán Rosales,02,24.8637,-107.4752,1,villas-del-rio-elite
MX,Mexico,México,80050,Prados de Occidente,Sinaloa,25,Culiacán,006,Culiacán Rosales,02,24.8637,-107.4752,1,prados-de-occidente
MX,Mexico,México,80050,Stanza Toscana,Sinaloa,25,Culiacán,006,Culiacán Rosales,02,24.8637,-107.4752,1,stanza-toscana
MX,Mexico,México,80050,La Rioja,Sinaloa,25,Culiacán,006,Culiacán Rosales,02,24.8637,-107.4752,1,la-rioja
MX,Mexico,México,80054,Parque Industrial CANACINTRA I,Sinaloa,25,Culiacán,006,Culiacán Rosales,02,24.8637,-107.4752,3,parque-industrial-canacintra-i
MX,Mexico,México,80054,Pradera Dorada 3a Etapa,Sinaloa,25,Culiacán,006,Culiacán Rosales,02,24.8637,-107.4752,3,pradera-dorada-3a-etapa
MX,Mexico,México,80054,Del Humaya,Sinaloa,25,Culiacán,006,Culiacán Rosales,02,24.8637,-107.4752,4,del-humaya
MX,Mexico,México,80054,Montecarlo Residencial,Sinaloa,25,Culiacán,006,Culiacán Rosales,02,24.8637,-107.4752,3,montecarlo-residencial
MX,Mexico,México,80054,Misiones,Sinaloa,25,Culiacán,006,Culiacán Rosales,02,24.8637,-107.4752,3,misiones
MX,Mexico,México,80054,4 de Marzo,Sinaloa,25,Culiacán,006,Culiacán Rosales,02,24.8637,-107.4752,3,4-de-marzo
MX,Mexico,México,80054,Horizontes,Sinaloa,25,Culiacán,006,Culiacán Rosales,02,24.8637,-107.4752,3,horizontes
MX,Mexico,México,80055,Universidad 94 II,Sinaloa,25,Culiacán,006,Culiacán Rosales,02,24.8637,-107.4752,1,universidad-94-ii
MX,Mexico,México,80058,Universidad 94,Sinaloa,25,Culiacán,006,Culiacán Rosales,02,24.8637,-107.4752,1,universidad-94
MX,Mexico,México,80058,Santa Aynes,Sinaloa,25,Culiacán,006,Culiacán Rosales,02,24.8637,-107.4752,1,santa-aynes
MX,Mexico,México,80058,Acueducto,Sinaloa,25,Culiacán,006,Culiacán Rosales,02,24.8637,-107.4752,1,acueducto
MX,Mexico,México,80058,Villas Victoria,Sinaloa,25,Culiacán,006,Culiacán Rosales,02,24.8637,-107.4752,1,villas-victoria
MX,Mexico,México,80058,Altos Bacurimi,Sinaloa,25,Culiacán,006,Culiacán Rosales,02,24.8637,-107.4752,1,altos-bacurimi
MX,Mexico,México,80058,Rancho Contento,Sinaloa,25,Culiacán,006,Culiacán Rosales,02,24.8637,-107.4752,1,rancho-contento
MX,Mexico,México,80058,Bonaterra,Sinaloa,25,Culiacán,006,Culiacán Rosales,02,24.8637,-107.4752,1,bonaterra
MX,Mexico,México,80058,Azaleas Residencial,Sinaloa,25,Culiacán,006,Culiacán Rosales,02,24.8637,-107.4752,1,azaleas-residencial
MX,Mexico,México,80058,San Florencio,Sinaloa,25,Culiacán,006,Culiacán Rosales,02,24.8637,-107.4752,1,san-florencio
MX,Mexico,México,80058,INFONAVIT FTS,Sinaloa,25,Culiacán,006,Culiacán Rosales,02,24.8637,-107.4752,1,infonavit-fts
MX,Mexico,México,80058,INFONAVIT Solidaridad,Sinaloa,25,Culiacán,006,Culiacán Rosales,02,24.8637,-107.4752,1,infonavit-solidaridad
MX,Mexico,México,80058,Valle Dorado,Sinaloa,25,Culiacán,006,Culiacán Rosales,02,24.8637,-107.4752,1,valle-dorado
MX,Mexico,México,80058,Villas San Antonio,Sinaloa,25,Culiacán,006,Culiacán Rosales,02,24.8637,-107.4752,1,villas-san-antonio
MX,Mexico,México,80058,Valencia,Sinaloa,25,Culiacán,006,Culiacán Rosales,02,24.8637,-107.4752,1,valencia
MX,Mexico,México,80058,Urbivilla del Prado,Sinaloa,25,Culiacán,006,Culiacán Rosales,02,24.8637,-107.4752,1,urbivilla-del-prado
MX,Mexico,México,80058,Rincón Del Humaya,Sinaloa,25,Culiacán,006,Culiacán Rosales,02,24.8637,-107.4752,1,rincon-del-humaya
MX,Mexico,México,80058,Villas Santa Anita,Sinaloa,25,Culiacán,006,Culiacán Rosales,02,24.8637,-107.4752,1,villas-santa-anita
MX,Mexico,México,80058,Villa del Cedro,Sinaloa,25,Culiacán,006,Culiacán Rosales,02,24.8637,-107.4752,1,villa-del-cedro
MX,Mexico,México,80058,Pedregal de San Angel,Sinaloa,25,Culiacán,006,Culiacán Rosales,02,24.8637,-107.4752,1,pedregal-de-san-angel
MX,Mexico,México,80058,Portalegre,Sinaloa,25,Culiacán,006,Culiacán Rosales,02,24.8637,-107.4752,1,portalegre
MX,Mexico,México,80058,Acueducto III,Sinaloa,25,Culiacán,006,Culiacán Rosales,02,24.8637,-107.4752,1,acueducto-iii
MX,Mexico,México,80058,Pradera Dorada,Sinaloa,25,Culiacán,006,Culiacán Rosales,02,24.8637,-107.4752,1,pradera-dorada
MX,Mexico,México,80058,Prados de La Conquista,Sinaloa,25,Culiacán,006,Culiacán Rosales,02,24.8637,-107.4752,1,prados-de-la-conquista
MX,Mexico,México,80058,9 de Marzo,Sinaloa,25,Culiacán,006,Culiacán Rosales,02,24.8637,-107.4752,1,9-de-marzo
MX,Mexico,México,80058,Diamante,Sinaloa,25,Culiacán,006,Culiacán Rosales,02,24.6515,-107.2667,1,diamante
MX,Mexico,México,80058,La Conquista,Sinaloa,25,Culiacán,006,Culiacán Rosales,02,24.8637,-107.4752,1,la-conquista
MX,Mexico,México,80058,Praderas Del Rey,Sinaloa,25,Culiacán,006,Culiacán Rosales,02,24.8637,-107.4752,1,praderas-del-rey
MX,Mexico,México,80058,Rincón Colonial,Sinaloa,25,Culiacán,006,Culiacán Rosales,02,24.8637,-107.4752,1,rincon-colonial
MX,Mexico,México,80058,Pradera Dorada II,Sinaloa,25,Culiacán,006,Culiacán Rosales,02,24.8637,-107.4752,1,pradera-dorada-ii
MX,Mexico,México,80059,CANACO,Sinaloa,25,Culiacán,006,Culiacán Rosales,02,24.8637,-107.4752,1,canaco
MX,Mexico,México,80059,Praderas del Humaya,Sinaloa,25,Culiacán,006,Culiacán Rosales,02,24.8637,-107.4752,1,praderas-del-humaya
MX,Mexico,México,80059,Espacios Barcelona,Sinaloa,25,Culiacán,006,Culiacán Rosales,02,24.8637,-107.4752,1,espacios-barcelona
MX,Mexico,México,80060,Periodista,Sinaloa,25,Culiacán,006,Culiacán Rosales,02,24.77,-107.6311,3,periodista
MX,Mexico,México,80060,Aurora,Sinaloa,25,Culiacán,006,Culiacán Rosales,02,24.77,-107.6311,3,aurora
MX,Mexico,México,80060,Las Quintas,Sinaloa,25,Culiacán,006,Culiacán Rosales,02,24.77,-107.6311,3,las-quintas
MX,Mexico,México,80060,La Campiña,Sinaloa,25,Culiacán,006,Culiacán Rosales,02,24.6515,-107.2667,4,la-campina
MX,Mexico,México,80063,Quinta Americana,Sinaloa,25,Culiacán,006,Culiacán Rosales,02,24.5776,-107.2844,3,quinta-americana
MX,Mexico,México,80063,Viñedos,Sinaloa,25,Culiacán,006,Culiacán Rosales,02,24.6515,-107.2667,3,vinedos
MX,Mexico,México,80063,Los Pinos,Sinaloa,25,Culiacán,006,Culiacán Rosales,02,24.6515,-107.2667,3,los-pinos
MX,Mexico,México,80063,Amapas,Sinaloa,25,Culiacán,006,Culiacán Rosales,02,24.5776,-107.2844,4,amapas
MX,Mexico,México,80064,Verona,Sinaloa,25,Culiacán,006,Culiacán Rosales,02,24.6738,-107.4577,1,verona
MX,Mexico,México,80064,Haciendas del Río,Sinaloa,25,Culiacán,006,Culiacán Rosales,02,24.6738,-107.4577,1,haciendas-del-rio
MX,Mexico,México,80064,Limita de Hitaje,Sinaloa,25,Culiacán,006,Culiacán Rosales,02,24.6738,-107.4577,1,limita-de-hitaje
MX,Mexico,México,80065,Músala Isla Bonita,Sinaloa,25,Culiacán,006,Culiacán Rosales,02,24.6738,-107.4577,1,musala-isla-bonita
MX,Mexico,México,80065,Banus,Sinaloa,25,Culiacán,006,Culiacán Rosales,02,24.6738,-107.4577,1,banus
MX,Mexico,México,80065,Banus 360,Sinaloa,25,Culiacán,006,Culiacán Rosales,02,24.6738,-107.4577,1,banus-360
MX,Mexico,México,80070,Vicente Guerrero,Sinaloa,25,Culiacán,006,Culiacán Rosales,02,24.6515,-107.2667,1,vicente-guerrero
MX,Mexico,México,80080,Genaro Estrada,Sinaloa,25,Culiacán,006,Culiacán Rosales,02,24.6515,-107.2667,3,genaro-estrada
MX,Mexico,México,80080,El Barrio,Sinaloa,25,Culiacán,006,Culiacán Rosales,02,24.8074,-107.3213,4,el-barrio
MX,Mexico,México,80080,INFONAVIT El Barrio,Sinaloa,25,Culiacán,006,Culiacán Rosales,02,24.8074,-107.3213,3,infonavit-el-barrio
MX,Mexico,México,80088,Villa Satélite,Sinaloa,25,Culiacán,006,Culiacán Rosales,02,24.6515,-107.2667,1,villa-satelite
MX,Mexico,México,80090,Miguel Hidalgo,Sinaloa,25,Culiacán,006,Culiacán Rosales,02,24.6515,-107.2667,1,miguel-hidalgo
MX,Mexico,México,80090,Las Vegas,Sinaloa,25,Culiacán,006,Culiacán Rosales,02,24.6515,-107.2667,1,las-vegas
MX,Mexico,México,80093,Novena Zona Militar,Sinaloa,25,Culiacán,006,Culiacán Rosales,02,24.6976,-107.3353,1,novena-zona-militar
MX,Mexico,México,80100,Las Moras,Sinaloa,25,Culiacán,006,Culiacán Rosales,02,24.6515,-107.2667,3,las-moras
MX,Mexico,México,80100,Portales Del Country,Sinaloa,25,Culiacán,006,Culiacán Rosales,02,24.588,-107.2954,3,portales-del-country
MX,Mexico,México,80100,La Paloma,Sinaloa,25,Culiacán,006,Culiacán Rosales,02,24.6515,-107.2667,3,la-paloma
MX,Mexico,México,80100,Los Patios 1,Sinaloa,25,Culiacán,006,Culiacán Rosales,02,24.588,-107.2954,3,los-patios-1
MX,Mexico,México,80100,San Ángel,Sinaloa,25,Culiacán,006,Culiacán Rosales,02,24.6515,-107.2667,3,san-angel
MX,Mexico,México,80100,Privanzas,Sinaloa,25,Culiacán,006,Culiacán Rosales,02,24.588,-107.2954,3,privanzas
MX,Mexico,México,80100,Country Álamos,Sinaloa,25,Culiacán,006,Culiacán Rosales,02,24.588,-107.2954,3,country-alamos
MX,Mexico,México,80100,Condesa,Sinaloa,25,Culiacán,006,Culiacán Rosales,02,24.588,-107.2954,3,condesa
MX,Mexico,México,80100,Puerta de Hierro,Sinaloa,25,Culiacán,006,Culiacán Rosales,02,24.588,-107.2954,3,puerta-de-hierro
MX,Mexico,México,80100,Real del Álamo,Sinaloa,25,Culiacán,006,Culiacán Rosales,02,24.588,-107.2954,3,real-del-alamo
MX,Mexico,México,80100,Residencial San José,Sinaloa,25,Culiacán,006,Culiacán Rosales,02,24.588,-107.2954,3,residencial-san-jose
MX,Mexico,México,80100,Los Patios 2,Sinaloa,25,Culiacán,006,Culiacán Rosales,02,24.588,-107.2954,3,los-patios-2
MX,Mexico,México,80100,Magnolias Residencial,Sinaloa,25,Culiacán,006,Culiacán Rosales,02,24.588,-107.2954,3,magnolias-residencial
MX,Mexico,México,80100,Misión del Álamo,Sinaloa,25,Culiacán,006,Culiacán Rosales,02,24.588,-107.2954,3,mision-del-alamo
MX,Mexico,México,80100,Los Álamos,Sinaloa,25,Culiacán,006,Culiacán Rosales,02,24.8596,-107.2527,4,los-alamos
MX,Mexico,México,80100,Santa Inés,Sinaloa,25,Culiacán,006,Culiacán Rosales,02,24.3164,-107.3382,4,santa-ines
MX,Mexico,México,80100,Las Dunas,Sinaloa,25,Culiacán,006,Culiacán Rosales,02,24.588,-107.2954,3,las-dunas
MX,Mexico,México,80101,Centro Sct Sinaloa,Sinaloa,25,Culiacán,006,Culiacán Rosales,02,24.5373,-107.2464,1,centro-sct-sinaloa
MX,Mexico,México,80102,Secretaria de Agricultura Ganadería y Desarrollo Rural,Sinaloa,25,Culiacán,006,Culiacán Rosales,02,24.5373,-107.2464,1,secretaria-de-agricultura-ganaderia-y-desarrollo-rural
MX,Mexico,México,80103,Unidad de Servicios Educativos A Descentralizar,Sinaloa,25,Culiacán,006,Culiacán Rosales,02,24.5373,-107.2464,1,unidad-de-servicios-educativos-a-descentralizar
MX,Mexico,México,80104,Real Del Country,Sinaloa,25,Culiacán,006,Culiacán Rosales,02,24.4703,-107.2151,3,real-del-country
MX,Mexico,México,80104,Palermo,Sinaloa,25,Culiacán,006,Culiacán Rosales,02,24.4703,-107.2151,3,palermo
MX,Mexico,México,80104,Tabachines,Sinaloa,25,Culiacán,006,Culiacán Rosales,02,24.5956,-107.3348,4,tabachines
MX,Mexico,México,80104,Las Flores,Sinaloa,25,Culiacán,006,Culiacán Rosales,02,24.3451,-107.0955,4,las-flores
MX,Mexico,México,80105,Recursos Hidráulicos,Sinaloa,25,Culiacán,006,Culiacán Rosales,02,24.7623,-107.3616,3,recursos-hidraulicos
MX,Mexico,México,80105,Vallado Viejo,Sinaloa,25,Culiacán,006,Culiacán Rosales,02,24.7623,-107.3616,4,vallado-viejo
MX,Mexico,México,80106,Central Internacional Milenium,Sinaloa,25,Culiacán,006,Culiacán Rosales,02,24.5373,-107.2464,1,central-internacional-milenium
MX,Mexico,México,80106,La Cantera,Sinaloa,25,Culiacán,006,Culiacán Rosales,02,24.6515,-107.2667,1,la-cantera
MX,Mexico,México,80107,Country Courts,Sinaloa,25,Culiacán,006,Culiacán Rosales,02,24.3451,-107.0955,3,country-courts
MX,Mexico,México,80107,Country Tres Ríos,Sinaloa,25,Culiacán,006,Culiacán Rosales,02,24.3451,-107.0955,3,country-tres-rios
MX,Mexico,México,80107,Las Flores,Sinaloa,25,Culiacán,006,Culiacán Rosales,02,24.3451,-107.0955,4,las-flores
MX,Mexico,México,80109,Unidad de Servicios Estatales,Sinaloa,25,Culiacán,006,Culiacán Rosales,02,24.5373,-107.2464,1,unidad-de-servicios-estatales
MX,Mexico,México,80110,El Vallado,Sinaloa,25,Culiacán,006,Culiacán Rosales,02,24.6515,-107.2667,3,el-vallado
MX,Mexico,México,80110,Lomas del Boulevard,Sinaloa,25,Culiacán,006,Culiacán Rosales,02,24.2796,-107.2266,3,lomas-del-boulevard
MX,Mexico,México,80110,Francisco Villa,Sinaloa,25,Culiacán,006,Culiacán Rosales,02,24.2796,-107.2266,4,francisco-villa
MX,Mexico,México,80120,Popular,Sinaloa,25,Culiacán,006,Culiacán Rosales,02,24.6091,-107.3506,1,popular
MX,Mexico,México,80120,Industrial Bravo,Sinaloa,25,Culiacán,006,Culiacán Rosales,02,24.6091,-107.3506,1,industrial-bravo
MX,Mexico,México,80128,Los Pinos,Sinaloa,25,Culiacán,006,Culiacán Rosales,02,24.6515,-107.2667,1,los-pinos
MX,Mexico,México,80129,Palacio de Gobierno Del Estado de Sinaloa,Sinaloa,25,Culiacán,006,Culiacán Rosales,02,24.6091,-107.3506,1,palacio-de-gobierno-del-estado-de-sinaloa
MX,Mexico,México,80130,Bachigualato,Sinaloa,25,Culiacán,006,Culiacán Rosales,02,24.7134,-107.4694,4,bachigualato
MX,Mexico,México,80130,Aeropuerto,Sinaloa,25,Culiacán,006,Culiacán Rosales,02,24.7134,-107.4694,3,aeropuerto
MX,Mexico,México,80130,Altos de Bachigualato,Sinaloa,25,Culiacán,006,Culiacán Rosales,02,24.7134,-107.4694,3,altos-de-bachigualato
MX,Mexico,México,80130,Villa Andalucía,Sinaloa,25,Culiacán,006,Culiacán Rosales,02,24.7134,-107.4694,3,villa-andalucia
MX,Mexico,México,80130,Los Helechos,Sinaloa,25,Culiacán,006,Culiacán Rosales,02,24.7134,-107.4694,3,los-helechos
MX,Mexico,México,80135,Nuevo Bachigualato,Sinaloa,25,Culiacán,006,Culiacán Rosales,02,24.7571,-107.0525,3,nuevo-bachigualato
MX,Mexico,México,80135,Santa Rocio,Sinaloa,25,Culiacán,006,Culiacán Rosales,02,24.7571,-107.0525,3,santa-rocio
MX,Mexico,México,80135,Hacienda San Juan,Sinaloa,25,Culiacán,006,Culiacán Rosales,02,24.7571,-107.0525,3,hacienda-san-juan
MX,Mexico,México,80135,San Javier,Sinaloa,25,Culiacán,006,Culiacán Rosales,02,24.7571,-107.0525,4,san-javier
MX,Mexico,México,80135,Villas del Campo,Sinaloa,25,Culiacán,006,Culiacán Rosales,02,24.7571,-107.0525,3,villas-del-campo
MX,Mexico,México,80139,Culiacán (Culiacán),Sinaloa,25,Culiacán,006,Culiacán Rosales,02,24.7353,-107.2609,1,culiacan-culiacan
MX,Mexico,México,80140,San Luis Residencial II,Sinaloa,25,Culiacán,006,Culiacán Rosales,02,24.548,-107.4004,3,san-luis-residencial-ii
MX,Mexico,México,80140,Las Mañanitas,Sinaloa,25,Culiacán,006,Culiacán Rosales,02,24.6515,-107.2667,3,las-mananitas
MX,Mexico,México,80140,Bachigualato,Sinaloa,25,Culiacán,006,Culiacán Rosales,02,24.7134,-107.4694,4,bachigualato
MX,Mexico,México,80140,Danubio,Sinaloa,25,Culiacán,006,Culiacán Rosales,02,24.548,-107.4004,3,danubio
MX,Mexico,México,80140,San Luis Residencial,Sinaloa,25,Culiacán,006,Culiacán Rosales,02,24.548,-107.4004,3,san-luis-residencial
MX,Mexico,México,80140,Real San Ángel,Sinaloa,25,Culiacán,006,Culiacán Rosales,02,24.548,-107.4004,3,real-san-angel
MX,Mexico,México,80140,Paseos del Valle,Sinaloa,25,Culiacán,006,Culiacán Rosales,02,24.548,-107.4004,3,paseos-del-valle
MX,Mexico,México,80140,Paraíso,Sinaloa,25,Culiacán,006,Culiacán Rosales,02,24.548,-107.4004,3,paraiso
MX,Mexico,México,80140,Las Alondras,Sinaloa,25,Culiacán,006,Culiacán Rosales,02,24.548,-107.4004,3,las-alondras
MX,Mexico,México,80140,Valle Bonito,Sinaloa,25,Culiacán,006,Culiacán Rosales,02,24.548,-107.4004,3,valle-bonito
MX,Mexico,México,80140,Campo Bello,Sinaloa,25,Culiacán,006,Culiacán Rosales,02,24.548,-107.4004,3,campo-bello
MX,Mexico,México,80140,Villas Del Manantial,Sinaloa,25,Culiacán,006,Culiacán Rosales,02,24.548,-107.4004,3,villas-del-manantial
MX,Mexico,México,80140,Villas de Cortés,Sinaloa,25,Culiacán,006,Culiacán Rosales,02,24.548,-107.4004,3,villas-de-cortes
MX,Mexico,México,80140,Las Terrazas,Sinaloa,25,Culiacán,006,Culiacán Rosales,02,24.548,-107.4004,3,las-terrazas
MX,Mexico,México,80140,San Diego,Sinaloa,25,Culiacán,006,Culiacán Rosales,02,24.3825,-107.3313,4,san-diego
MX,Mexico,México,80143,Privada La Estancia V,Sinaloa,25,Culiacán,006,Culiacán Rosales,02,24.7307,-107.3232,3,privada-la-estancia-v
MX,Mexico,México,80143,Privada La Estancia II,Sinaloa,25,Culiacán,006,Culiacán Rosales,02,24.7307,-107.3232,3,privada-la-estancia-ii
MX,Mexico,México,80143,Privada La Estancia III,Sinaloa,25,Culiacán,006,Culiacán Rosales,02,24.7307,-107.3232,3,privada-la-estancia-iii
MX,Mexico,México,80143,San Fernando,Sinaloa,25,Culiacán,006,Culiacán Rosales,02,24.5457,-107.1919,4,san-fernando
MX,Mexico,México,80143,Santa Bárbara,Sinaloa,25,Culiacán,006,Culiacán Rosales,02,24.9158,-107.4544,4,santa-barbara
MX,Mexico,México,80143,Terranova,Sinaloa,25,Culiacán,006,Culiacán Rosales,02,24.7307,-107.3232,3,terranova
MX,Mexico,México,80143,Privada La Estancia VII,Sinaloa,25,Culiacán,006,Culiacán Rosales,02,24.7307,-107.3232,3,privada-la-estancia-vii
MX,Mexico,México,80143,Real San Sebastián,Sinaloa,25,Culiacán,006,Culiacán Rosales,02,24.7307,-107.3232,3,real-san-sebastian
MX,Mexico,México,80143,Privada La Estancia VIII,Sinaloa,25,Culiacán,006,Culiacán Rosales,02,24.7307,-107.3232,3,privada-la-estancia-viii
MX,Mexico,México,80143,Valles Del Sol,Sinaloa,25,Culiacán,006,Culiacán Rosales,02,24.7307,-107.3232,3,valles-del-sol
MX,Mexico,México,80143,Privada la Estancia,Sinaloa,25,Culiacán,006,Culiacán Rosales,02,24.7307,-107.3232,3,privada-la-estancia
MX,Mexico,México,80144,Torres Aeropuerto,Sinaloa,25,Culiacán,006,Culiacán Rosales,02,24.6394,-107.3618,1,torres-aeropuerto
MX,Mexico,México,80144,Joyas del Valle,Sinaloa,25,Culiacán,006,Culiacán Rosales,02,24.6394,-107.3618,1,joyas-del-valle
MX,Mexico,México,80145,Privada Real del Valle,Sinaloa,25,Culiacán,006,Culiacán Rosales,02,24.6394,-107.3618,1,privada-real-del-valle
MX,Mexico,México,80145,Residencial Santa Sofía,Sinaloa,25,Culiacán,006,Culiacán Rosales,02,24.6394,-107.3618,1,residencial-santa-sofia
MX,Mexico,México,80145,Hacienda de La Mora,Sinaloa,25,Culiacán,006,Culiacán Rosales,02,24.6394,-107.3618,1,hacienda-de-la-mora
MX,Mexico,México,80145,Torre Dorada,Sinaloa,25,Culiacán,006,Culiacán Rosales,02,24.6394,-107.3618,1,torre-dorada
MX,Mexico,México,80145,Valles Españoles,Sinaloa,25,Culiacán,006,Culiacán Rosales,02,24.6394,-107.3618,1,valles-espanoles
MX,Mexico,México,80145,Versalles,Sinaloa,25,Culiacán,006,Culiacán Rosales,02,24.6394,-107.3618,1,versalles
MX,Mexico,México,80145,Bugambilias,Sinaloa,25,Culiacán,006,Culiacán Rosales,02,24.6515,-107.2667,1,bugambilias
MX,Mexico,México,80145,Parque Industrial Orión,Sinaloa,25,Culiacán,006,Culiacán Rosales,02,24.6394,-107.3618,1,parque-industrial-orion
MX,Mexico,México,80150,Palma Dorada,Sinaloa,25,Culiacán,006,Culiacán Rosales,02,24.3743,-107.2415,3,palma-dorada
MX,Mexico,México,80150,Palmillas Residencial,Sinaloa,25,Culiacán,006,Culiacán Rosales,02,24.3743,-107.2415,3,palmillas-residencial
MX,Mexico,México,80150,Parque Industrial CANACINTRA II,Sinaloa,25,Culiacán,006,Culiacán Rosales,02,24.3743,-107.2415,3,parque-industrial-canacintra-ii
MX,Mexico,México,80150,Rincón Las Palmas,Sinaloa,25,Culiacán,006,Culiacán Rosales,02,24.3743,-107.2415,3,rincon-las-palmas
MX,Mexico,México,80150,Rincón San Rafael,Sinaloa,25,Culiacán,006,Culiacán Rosales,02,24.3743,-107.2415,3,rincon-san-rafael
MX,Mexico,México,80150,San Rafael,Sinaloa,25,Culiacán,006,Culiacán Rosales,02,24.3743,-107.2415,4,san-rafael
MX,Mexico,México,80155,Rincón del Valle,Sinaloa,25,Culiacán,006,Culiacán Rosales,02,24.3574,-107.3064,1,rincon-del-valle
MX,Mexico,México,80155,Hacienda Molino de Flores,Sinaloa,25,Culiacán,006,Culiacán Rosales,02,24.3574,-107.3064,1,hacienda-molino-de-flores
MX,Mexico,México,80155,Fuentes Del Valle,Sinaloa,25,Culiacán,006,Culiacán Rosales,02,24.6515,-107.2667,1,fuentes-del-valle
MX,Mexico,México,80159,INFONAVIT Las Flores,Sinaloa,25,Culiacán,006,Culiacán Rosales,02,24.3406,-107.3714,3,infonavit-las-flores
MX,Mexico,México,80159,Villa Serena,Sinaloa,25,Culiacán,006,Culiacán Rosales,02,24.3406,-107.3714,3,villa-serena
MX,Mexico,México,80159,Villa Contenta,Sinaloa,25,Culiacán,006,Culiacán Rosales,02,24.3406,-107.3714,3,villa-contenta
MX,Mexico,México,80159,Las Palmas,Sinaloa,25,Culiacán,006,Culiacán Rosales,02,24.3406,-107.3714,4,las-palmas
MX,Mexico,México,80160,Industrial El Palmito,Sinaloa,25,Culiacán,006,Culiacán Rosales,02,24.7472,-107.6956,3,industrial-el-palmito
MX,Mexico,México,80160,Salvador Alvarado,Sinaloa,25,Culiacán,006,Culiacán Rosales,02,24.6515,-107.2667,4,salvador-alvarado
MX,Mexico,México,80170,Virreyes SC,Sinaloa,25,Culiacán,006,Culiacán Rosales,02,25.0445,-107.2249,3,virreyes-sc
MX,Mexico,México,80170,Morelos,Sinaloa,25,Culiacán,006,Culiacán Rosales,02,24.6515,-107.2667,3,morelos
MX,Mexico,México,80170,ISSSTE Insurgentes,Sinaloa,25,Culiacán,006,Culiacán Rosales,02,25.0445,-107.2249,3,issste-insurgentes
MX,Mexico,México,80170,Nuevo Culiacán,Sinaloa,25,Culiacán,006,Culiacán Rosales,02,25.0445,-107.2249,4,nuevo-culiacan
MX,Mexico,México,80176,Balcones de San Miguel,Sinaloa,25,Culiacán,006,Culiacán Rosales,02,24.6109,-107.3405,1,balcones-de-san-miguel
MX,Mexico,México,80176,Colinas Del Parque,Sinaloa,25,Culiacán,006,Culiacán Rosales,02,24.6109,-107.3405,1,colinas-del-parque
MX,Mexico,México,80177,La Cúspide,Sinaloa,25,Culiacán,006,Culiacán Rosales,02,24.6109,-107.3405,1,la-cuspide
MX,Mexico,México,80177,Loma Linda,Sinaloa,25,Culiacán,006,Culiacán Rosales,02,24.6515,-107.2667,1,loma-linda
MX,Mexico,México,80177,Privada Del Rey,Sinaloa,25,Culiacán,006,Culiacán Rosales,02,24.6109,-107.3405,1,privada-del-rey
MX,Mexico,México,80177,Misión San Fernando,Sinaloa,25,Culiacán,006,Culiacán Rosales,02,24.6109,-107.3405,1,mision-san-fernando
MX,Mexico,México,80177,Colina del Rey,Sinaloa,25,Culiacán,006,Culiacán Rosales,02,24.6109,-107.3405,1,colina-del-rey
MX,Mexico,México,80177,Alteza,Sinaloa,25,Culiacán,006,Culiacán Rosales,02,24.6109,-107.3405,1,alteza
MX,Mexico,México,80178,San Carlos,Sinaloa,25,Culiacán,006,Culiacán Rosales,02,24.3667,-107.4,4,san-carlos
MX,Mexico,México,80178,Victoria,Sinaloa,25,Culiacán,006,Culiacán Rosales,02,24.2993,-107.2706,4,victoria
MX,Mexico,México,80178,Cañadas,Sinaloa,25,Culiacán,006,Culiacán Rosales,02,24.7333,-107.4667,4,canadas
MX,Mexico,México,80178,Las Palomas,Sinaloa,25,Culiacán,006,Culiacán Rosales,02,24.6515,-107.2667,3,las-palomas
MX,Mexico,México,80179,La Ventana,Sinaloa,25,Culiacán,006,Culiacán Rosales,02,24.6515,-107.2667,1,la-ventana
MX,Mexico,México,80179,Lomas del Bosque,Sinaloa,25,Culiacán,006,Culiacán Rosales,02,24.6109,-107.3405,1,lomas-del-bosque
MX,Mexico,México,80179,INFONAVIT Cañadas,Sinaloa,25,Culiacán,006,Culiacán Rosales,02,24.6109,-107.3405,1,infonavit-canadas
MX,Mexico,México,80180,Parque Industrial Nueva Estación,Sinaloa,25,Culiacán,006,Culiacán Rosales,02,24.7001,-107.4546,3,parque-industrial-nueva-estacion
MX,Mexico,México,80180,Libertad,Sinaloa,25,Culiacán,006,Culiacán Rosales,02,24.7001,-107.4546,3,libertad
MX,Mexico,México,80180,Santa Clara,Sinaloa,25,Culiacán,006,Culiacán Rosales,02,24.2706,-107.3009,4,santa-clara
MX,Mexico,México,80180,Los Portales,Sinaloa,25,Culiacán,006,Culiacán Rosales,02,24.6515,-107.2667,3,los-portales
MX,Mexico,México,80180,Gustavo Díaz Ordaz,Sinaloa,25,Culiacán,006,Culiacán Rosales,02,24.6515,-107.2667,3,gustavo-diaz-ordaz
MX,Mexico,México,80180,PEMEX,Sinaloa,25,Culiacán,006,Culiacán Rosales,02,24.6515,-107.2667,3,pemex
MX,Mexico,México,80180,Paseo de los Arcos,Sinaloa,25,Culiacán,006,Culiacán Rosales,02,24.7001,-107.4546,3,paseo-de-los-arcos
MX,Mexico,México,80180,Loma Bonita,Sinaloa,25,Culiacán,006,Culiacán Rosales,02,24.9043,-107.5509,4,loma-bonita
MX,Mexico,México,80180,Los Girasoles,Sinaloa,25,Culiacán,006,Culiacán Rosales,02,24.9253,-107.5119,4,los-girasoles
MX,Mexico,México,80184,San Sebastián,Sinaloa,25,Culiacán,006,Culiacán Rosales,02,24.8154,-107.4531,4,san-sebastian
MX,Mexico,México,80184,Casas Lindas,Sinaloa,25,Culiacán,006,Culiacán Rosales,02,24.6563,-107.2931,3,casas-lindas
MX,Mexico,México,80184,INFONAVIT Barrancos III,Sinaloa,25,Culiacán,006,Culiacán Rosales,02,24.6563,-107.2931,3,infonavit-barrancos-iii
MX,Mexico,México,80184,Centenario,Sinaloa,25,Culiacán,006,Culiacán Rosales,02,24.6563,-107.2931,3,centenario
MX,Mexico,México,80184,Del Camino,Sinaloa,25,Culiacán,006,Culiacán Rosales,02,24.6563,-107.2931,3,del-camino
MX,Mexico,México,80184,Balcones Del Valle,Sinaloa,25,Culiacán,006,Culiacán Rosales,02,24.6563,-107.2931,3,balcones-del-valle
MX,Mexico,México,80184,Villa del Roble,Sinaloa,25,Culiacán,006,Culiacán Rosales,02,24.6563,-107.2931,3,villa-del-roble
MX,Mexico,México,80184,Villa Dorada,Sinaloa,25,Culiacán,006,Culiacán Rosales,02,24.6563,-107.2931,3,villa-dorada
MX,Mexico,México,80184,Santa Susana,Sinaloa,25,Culiacán,006,Culiacán Rosales,02,24.6563,-107.2931,3,santa-susana
MX,Mexico,México,80184,INFONAVIT Barrancos II,Sinaloa,25,Culiacán,006,Culiacán Rosales,02,24.6563,-107.2931,3,infonavit-barrancos-ii
MX,Mexico,México,80184,INFONAVIT Barrancos IV,Sinaloa,25,Culiacán,006,Culiacán Rosales,02,24.6563,-107.2931,3,infonavit-barrancos-iv
MX,Mexico,México,80184,Vinoramas,Sinaloa,25,Culiacán,006,Culiacán Rosales,02,24.7472,-107.0798,4,vinoramas
MX,Mexico,México,80184,San Cipriano,Sinaloa,25,Culiacán,006,Culiacán Rosales,02,24.6515,-107.2667,4,san-cipriano
MX,Mexico,México,80184,Villa Verde,Sinaloa,25,Culiacán,006,Culiacán Rosales,02,24.6058,-107.1147,4,villa-verde
MX,Mexico,México,80184,Casa Blanca,Sinaloa,25,Culiacán,006,Culiacán Rosales,02,24.2661,-107.1,4,casa-blanca
MX,Mexico,México,80184,San Agustin,Sinaloa,25,Culiacán,006,Culiacán Rosales,02,24.6515,-107.2667,3,san-agustin
MX,Mexico,México,80189,El Olivar,Sinaloa,25,Culiacán,006,Culiacán Rosales,02,24.6727,-107.3536,1,el-olivar
MX,Mexico,México,80189,Azucena,Sinaloa,25,Culiacán,006,Culiacán Rosales,02,24.6727,-107.3536,1,azucena
MX,Mexico,México,80189,Miravalle,Sinaloa,25,Culiacán,006,Culiacán Rosales,02,24.6515,-107.2667,1,miravalle
MX,Mexico,México,80189,Villa Colonial,Sinaloa,25,Culiacán,006,Culiacán Rosales,02,24.6727,-107.3536,1,villa-colonial
MX,Mexico,México,80189,Jardines Del Valle,Sinaloa,25,Culiacán,006,Culiacán Rosales,02,24.6727,-107.3536,1,jardines-del-valle
MX,Mexico,México,80189,Rincón de Santa Rosa,Sinaloa,25,Culiacán,006,Culiacán Rosales,02,24.6727,-107.3536,1,rincon-de-santa-rosa
MX,Mexico,México,80189,INFONAVIT Barrancos,Sinaloa,25,Culiacán,006,Culiacán Rosales,02,24.6727,-107.3536,1,infonavit-barrancos
MX,Mexico,México,80190,Josefa Ortiz de Dominguez,Sinaloa,25,Culiacán,006,Culiacán Rosales,02,24.9182,-107.6436,3,josefa-ortiz-de-dominguez
MX,Mexico,México,80190,Aquiles Serdán,Sinaloa,25,Culiacán,006,Culiacán Rosales,02,24.9182,-107.6436,3,aquiles-serdan
MX,Mexico,México,80190,Independencia,Sinaloa,25,Culiacán,006,Culiacán Rosales,02,24.6515,-107.2667,3,independencia
MX,Mexico,México,80190,Adolfo Lopez Mateos,Sinaloa,25,Culiacán,006,Culiacán Rosales,02,24.9182,-107.6436,4,adolfo-lopez-mateos
MX,Mexico,México,80190,Adolfo Ruiz Cortinez,Sinaloa,25,Culiacán,006,Culiacán Rosales,02,24.6515,-107.2667,3,adolfo-ruiz-cortinez
MX,Mexico,México,80194,Ferrocarrilera,Sinaloa,25,Culiacán,006,Culiacán Rosales,02,24.6515,-107.2667,3,ferrocarrilera
MX,Mexico,México,80194,Colinas del Sol,Sinaloa,25,Culiacán,006,Culiacán Rosales,02,24.6672,-107.4458,3,colinas-del-sol
MX,Mexico,México,80194,Real Del Parque,Sinaloa,25,Culiacán,006,Culiacán Rosales,02,24.6672,-107.4458,3,real-del-parque
MX,Mexico,México,80194,Finisterra,Sinaloa,25,Culiacán,006,Culiacán Rosales,02,24.6672,-107.4458,3,finisterra
MX,Mexico,México,80194,Paseo Azteca,Sinaloa,25,Culiacán,006,Culiacán Rosales,02,24.6672,-107.4458,3,paseo-azteca
MX,Mexico,México,80194,Plutarco Elias Calles,Sinaloa,25,Culiacán,006,Culiacán Rosales,02,24.6672,-107.4458,3,plutarco-elias-calles
MX,Mexico,México,80194,Prados Residencial,Sinaloa,25,Culiacán,006,Culiacán Rosales,02,24.6672,-107.4458,3,prados-residencial
MX,Mexico,México,80194,Urbi Villa del Sol,Sinaloa,25,Culiacán,006,Culiacán Rosales,02,24.6672,-107.4458,3,urbi-villa-del-sol
MX,Mexico,México,80194,Valle de Amapa,Sinaloa,25,Culiacán,006,Culiacán Rosales,02,24.6672,-107.4458,3,valle-de-amapa
MX,Mexico,México,80194,Capistrano Residencial,Sinaloa,25,Culiacán,006,Culiacán Rosales,02,24.6672,-107.4458,3,capistrano-residencial
MX,Mexico,México,80194,Domingo Rubí,Sinaloa,25,Culiacán,006,Culiacán Rosales,02,24.6672,-107.4458,3,domingo-rubi
MX,Mexico,México,80194,Lomas Paraíso,Sinaloa,25,Culiacán,006,Culiacán Rosales,02,24.6672,-107.4458,3,lomas-paraiso
MX,Mexico,México,80194,Antonio Nakayama,Sinaloa,25,Culiacán,006,Culiacán Rosales,02,24.6672,-107.4458,3,antonio-nakayama
MX,Mexico,México,80194,Chulavista,Sinaloa,25,Culiacán,006,Culiacán Rosales,02,24.6672,-107.4458,4,chulavista
MX,Mexico,México,80197,Progreso,Sinaloa,25,Culiacán,006,Culiacán Rosales,02,24.6031,-107.5042,4,progreso
MX,Mexico,México,80197,Lomas de San Isidro Sección Cumbres del Sur,Sinaloa,25,Culiacán,006,Culiacán Rosales,02,24.6031,-107.5042,3,lomas-de-san-isidro-seccion-cumbres-del-sur
MX,Mexico,México,80197,Perisur,Sinaloa,25,Culiacán,006,Culiacán Rosales,02,24.6031,-107.5042,3,perisur
MX,Mexico,México,80197,Rincón Del Parque,Sinaloa,25,Culiacán,006,Culiacán Rosales,02,24.6031,-107.5042,3,rincon-del-parque
MX,Mexico,México,80197,Ibérica,Sinaloa,25,Culiacán,006,Culiacán Rosales,02,24.6031,-107.5042,3,iberica
MX,Mexico,México,80197,Esthela Ortiz de Toledo,Sinaloa,25,Culiacán,006,Culiacán Rosales,02,24.6031,-107.5042,3,esthela-ortiz-de-toledo
MX,Mexico,México,80197,Esmeralda Life,Sinaloa,25,Culiacán,006,Culiacán Rosales,02,24.6031,-107.5042,3,esmeralda-life
MX,Mexico,México,80197,Hacienda Del Valle,Sinaloa,25,Culiacán,006,Culiacán Rosales,02,24.6031,-107.5042,3,hacienda-del-valle
MX,Mexico,México,80197,Prados Del Sol,Sinaloa,25,Culiacán,006,Culiacán Rosales,02,24.6031,-107.5042,3,prados-del-sol
MX,Mexico,México,80197,Valle Real,Sinaloa,25,Culiacán,006,Culiacán Rosales,02,24.6031,-107.5042,3,valle-real
MX,Mexico,México,80197,Lomas de San Isidro,Sinaloa,25,Culiacán,006,Culiacán Rosales,02,24.6031,-107.5042,3,lomas-de-san-isidro
MX,Mexico,México,80197,Valle de Encino,Sinaloa,25,Culiacán,006,Culiacán Rosales,02,24.6031,-107.5042,3,valle-de-encino
MX,Mexico,México,80197,Colinas del Bosque,Sinaloa,25,Culiacán,006,Culiacán Rosales,02,24.6031,-107.5042,3,colinas-del-bosque
MX,Mexico,México,80197,Felipe Ángeles,Sinaloa,25,Culiacán,006,Culiacán Rosales,02,24.6515,-107.2667,3,felipe-angeles
MX,Mexico,México,80199,Buenos Aires,Sinaloa,25,Culiacán,006,Culiacán Rosales,02,24.8683,-107.5859,4,buenos-aires
MX,Mexico,México,80199,Real de Minas,Sinaloa,25,Culiacán,006,Culiacán Rosales,02,24.6515,-107.2667,3,real-de-minas
MX,Mexico,México,80199,Diana Laura Riojas de Colosio,Sinaloa,25,Culiacán,006,Culiacán Rosales,02,24.5668,-107.3843,3,diana-laura-riojas-de-colosio
MX,Mexico,México,80199,Campos Elíseos,Sinaloa,25,Culiacán,006,Culiacán Rosales,02,24.5668,-107.3843,3,campos-eliseos
MX,Mexico,México,80199,Francisco I. Madero,Sinaloa,25,Culiacán,006,Culiacán Rosales,02,24.5668,-107.3843,3,francisco-i-madero
MX,Mexico,México,80199,Isla del Oeste,Sinaloa,25,Culiacán,006,Culiacán Rosales,02,24.5668,-107.3843,3,isla-del-oeste
MX,Mexico,México,80199,Villa Bonita,Sinaloa,25,Culiacán,006,Culiacán Rosales,02,24.5668,-107.3843,3,villa-bonita
MX,Mexico,México,80199,Renato Vega Alvarado,Sinaloa,25,Culiacán,006,Culiacán Rosales,02,24.5668,-107.3843,3,renato-vega-alvarado
MX,Mexico,México,80199,22 de Diciembre,Sinaloa,25,Culiacán,006,Culiacán Rosales,02,24.5668,-107.3843,3,22-de-diciembre
MX,Mexico,México,80199,Barrio de San Anselmo,Sinaloa,25,Culiacán,006,Culiacán Rosales,02,24.5668,-107.3843,3,barrio-de-san-anselmo
MX,Mexico,México,80199,Barrio San Francisco,Sinaloa,25,Culiacán,006,Culiacán Rosales,02,24.5668,-107.3843,3,barrio-san-francisco
MX,Mexico,México,80199,Barrio San José,Sinaloa,25,Culiacán,006,Culiacán Rosales,02,24.5668,-107.3843,3,barrio-san-jose
MX,Mexico,México,80199,Barrio San Agustín,Sinaloa,25,Culiacán,006,Culiacán Rosales,02,24.5668,-107.3843,3,barrio-san-agustin
MX,Mexico,México,80199,Amado Nervo,Sinaloa,25,Culiacán,006,Culiacán Rosales,02,24.5668,-107.3843,3,amado-nervo
MX,Mexico,México,80199,Barrio de San Luis,Sinaloa,25,Culiacán,006,Culiacán Rosales,02,24.5668,-107.3843,3,barrio-de-san-luis
MX,Mexico,México,80199,Francisco Labastida Ochoa,Sinaloa,25,Culiacán,006,Culiacán Rosales,02,24.3352,-107.1091,4,francisco-labastida-ochoa
MX,Mexico,México,80199,La Primavera,Sinaloa,25,Culiacán,006,Culiacán Rosales,02,24.4969,-107.4578,4,la-primavera
MX,Mexico,México,80199,Francisco Alarcon Fregoso,Sinaloa,25,Culiacán,006,Culiacán Rosales,02,24.5668,-107.3843,3,francisco-alarcon-fregoso
MX,Mexico,México,80200,Miguel Alemán,Sinaloa,25,Culiacán,006,Culiacán Rosales,02,24.6515,-107.2667,1,miguel-aleman
MX,Mexico,México,80200,Jorge Almada,Sinaloa,25,Culiacán,006,Culiacán Rosales,02,24.5584,-107.3564,1,jorge-almada
MX,Mexico,México,80210,Benito Juárez,Sinaloa,25,Culiacán,006,Culiacán Rosales,02,24.6515,-107.2667,1,benito-juarez
MX,Mexico,México,80220,Guadalupe,Sinaloa,25,Culiacán,006,Culiacán Rosales,02,24.3396,-107.3721,4,guadalupe
MX,Mexico,México,80225,Instituto Tecnológico Regional de Culiacán,Sinaloa,25,Culiacán,006,Culiacán Rosales,02,24.3396,-107.3721,1,instituto-tecnologico-regional-de-culiacan
MX,Mexico,México,80226,IMSS,Sinaloa,25,Culiacán,006,Culiacán Rosales,02,24.3396,-107.3721,1,imss
MX,Mexico,México,80227,Montebello,Sinaloa,25,Culiacán,006,Culiacán Rosales,02,24.3396,-107.3721,1,montebello
MX,Mexico,México,80228,Colinas de San Miguel,Sinaloa,25,Culiacán,006,Culiacán Rosales,02,24.3396,-107.3721,1,colinas-de-san-miguel
MX,Mexico,México,80230,Antonio Rosales,Sinaloa,25,Culiacán,006,Culiacán Rosales,02,24.5584,-107.3564,1,antonio-rosales
MX,Mexico,México,80230,Melchor Ocampo,Sinaloa,25,Culiacán,006,Culiacán Rosales,02,24.6515,-107.2667,1,melchor-ocampo
MX,Mexico,México,80230,5 de Mayo,Sinaloa,25,Culiacán,006,Culiacán Rosales,02,24.5584,-107.3564,1,5-de-mayo
MX,Mexico,México,80240,Guadalupe Victoria,Sinaloa,25,Culiacán,006,Culiacán Rosales,02,24.2993,-107.2706,4,guadalupe-victoria
MX,Mexico,México,80240,San Juan,Sinaloa,25,Culiacán,006,Culiacán Rosales,02,24.7628,-107.3598,4,san-juan
MX,Mexico,México,80246,Vista Hermosa,Sinaloa,25,Culiacán,006,Culiacán Rosales,02,24.9667,-107.3333,4,vista-hermosa
MX,Mexico,México,80246,Las Coloradas,Sinaloa,25,Culiacán,006,Culiacán Rosales,02,24.6515,-107.2667,3,las-coloradas
MX,Mexico,México,80246,San Benito,Sinaloa,25,Culiacán,006,Culiacán Rosales,02,24.6515,-107.2667,3,san-benito
MX,Mexico,México,80246,Laureles Pinos,Sinaloa,25,Culiacán,006,Culiacán Rosales,02,24.7251,-107.3186,3,laureles-pinos
MX,Mexico,México,80246,Banjercito,Sinaloa,25,Culiacán,006,Culiacán Rosales,02,24.7251,-107.3186,3,banjercito
MX,Mexico,México,80246,Laureles,Sinaloa,25,Culiacán,006,Culiacán Rosales,02,24.7251,-107.3186,3,laureles
MX,Mexico,México,80246,Florida,Sinaloa,25,Culiacán,006,Culiacán Rosales,02,24.4836,-107.3039,4,florida
MX,Mexico,México,80247,San Valentino,Sinaloa,25,Culiacán,006,Culiacán Rosales,02,24.5333,-107.4425,3,san-valentino
MX,Mexico,México,80247,5 de Febrero,Sinaloa,25,Culiacán,006,Culiacán Rosales,02,24.6515,-107.2667,3,5-de-febrero
MX,Mexico,México,80247,Florenza,Sinaloa,25,Culiacán,006,Culiacán Rosales,02,24.5333,-107.4425,3,florenza
MX,Mexico,México,80247,7 Gotas,Sinaloa,25,Culiacán,006,Culiacán Rosales,02,24.5333,-107.4425,3,7-gotas
MX,Mexico,México,80247,Portareal,Sinaloa,25,Culiacán,006,Culiacán Rosales,02,24.5333,-107.4425,3,portareal
MX,Mexico,México,80247,Stanza Torralba,Sinaloa,25,Culiacán,006,Culiacán Rosales,02,24.5333,-107.4425,3,stanza-torralba
MX,Mexico,México,80247,Villa Del Real,Sinaloa,25,Culiacán,006,Culiacán Rosales,02,24.5333,-107.4425,3,villa-del-real
MX,Mexico,México,80247,Camino Real,Sinaloa,25,Culiacán,006,Culiacán Rosales,02,24.5333,-107.4425,4,camino-real
MX,Mexico,México,80248,Revolución,Sinaloa,25,Culiacán,006,Culiacán Rosales,02,24.6515,-107.2667,3,revolucion
MX,Mexico,México,80248,Servidor Publico Municipal,Sinaloa,25,Culiacán,006,Culiacán Rosales,02,24.275,-107.1386,3,servidor-publico-municipal
MX,Mexico,México,80248,Rincón Feliz,Sinaloa,25,Culiacán,006,Culiacán Rosales,02,24.275,-107.1386,3,rincon-feliz
MX,Mexico,México,80248,La Esperanza,Sinaloa,25,Culiacán,006,Culiacán Rosales,02,24.275,-107.1386,4,la-esperanza
MX,Mexico,México,80249,La Amistad,Sinaloa,25,Culiacán,006,Culiacán Rosales,02,24.5535,-107.3081,1,la-amistad
MX,Mexico,México,80249,Constitución CROC,Sinaloa,25,Culiacán,006,Culiacán Rosales,02,24.5535,-107.3081,1,constitucion-croc
MX,Mexico,México,80249,Ampliación El Barrio,Sinaloa,25,Culiacán,006,Culiacán Rosales,02,24.5535,-107.3081,1,ampliacion-el-barrio
MX,Mexico,México,80249,El Pipila,Sinaloa,25,Culiacán,006,Culiacán Rosales,02,24.5535,-107.3081,1,el-pipila
MX,Mexico,México,80249,Campesina El Barrio,Sinaloa,25,Culiacán,006,Culiacán Rosales,02,24.5535,-107.3081,1,campesina-el-barrio
MX,Mexico,México,80250,Lomas de Guadalupe,Sinaloa,25,Culiacán,006,Culiacán Rosales,02,24.5584,-107.3564,1,lomas-de-guadalupe
MX,Mexico,México,80260,Sinaloa,Sinaloa,25,Culiacán,006,Culiacán Rosales,02,24.5584,-107.3564,1,sinaloa
MX,Mexico,México,80260,Emiliano Zapata,Sinaloa,25,Culiacán,006,Culiacán Rosales,02,24.6515,-107.2667,1,emiliano-zapata
MX,Mexico,México,80260,Rafael Buelna,Sinaloa,25,Culiacán,006,Culiacán Rosales,02,24.6515,-107.2667,1,rafael-buelna
MX,Mexico,México,80270,10 de Mayo,Sinaloa,25,Culiacán,006,Culiacán Rosales,02,24.5584,-107.3564,1,10-de-mayo
MX,Mexico,México,80270,Margarita,Sinaloa,25,Culiacán,006,Culiacán Rosales,02,24.6515,-107.2667,1,margarita
MX,Mexico,México,80279,República Mexicana,Sinaloa,25,Culiacán,006,Culiacán Rosales,02,24.5584,-107.3564,1,republica-mexicana
MX,Mexico,México,80280,Estrella Nueva Galicia,Sinaloa,25,Culiacán,006,Culiacán Rosales,02,24.4819,-107.44,3,estrella-nueva-galicia
MX,Mexico,México,80280,21 de Marzo,Sinaloa,25,Culiacán,006,Culiacán Rosales,02,24.4819,-107.44,3,21-de-marzo
MX,Mexico,México,80280,La Cascada,Sinaloa,25,Culiacán,006,Culiacán Rosales,02,24.6515,-107.2667,3,la-cascada
MX,Mexico,México,80280,Renato Vega Amador,Sinaloa,25,Culiacán,006,Culiacán Rosales,02,24.4819,-107.44,3,renato-vega-amador
MX,Mexico,México,80280,Mezquitillo,Sinaloa,25,Culiacán,006,Culiacán Rosales,02,24.4819,-107.44,4,mezquitillo
MX,Mexico,México,80290,Providencia,Sinaloa,25,Culiacán,006,Culiacán Rosales,02,24.9833,-107.5167,4,providencia
MX,Mexico,México,80290,Lázaro Cárdenas,Sinaloa,25,Culiacán,006,Culiacán Rosales,02,24.6515,-107.2667,3,lazaro-cardenas
MX,Mexico,México,80290,Las Huertas,Sinaloa,25,Culiacán,006,Culiacán Rosales,02,24.6515,-107.2667,3,las-huertas
MX,Mexico,México,80290,Simon Bolívar,Sinaloa,25,Culiacán,006,Culiacán Rosales,02,24.6515,-107.2667,3,simon-bolivar
MX,Mexico,México,80295,Nueva Galicia,Sinaloa,25,Culiacán,006,Culiacán Rosales,02,24.7101,-107.5458,3,nueva-galicia
MX,Mexico,México,80295,Alturas del Sur,Sinaloa,25,Culiacán,006,Culiacán Rosales,02,24.7101,-107.5458,3,alturas-del-sur
MX,Mexico,México,80295,Las Ilusiones,Sinaloa,25,Culiacán,006,Culiacán Rosales,02,24.6515,-107.2667,4,las-ilusiones
MX,Mexico,México,80295,Miguel de La Madrid,Sinaloa,25,Culiacán,006,Culiacán Rosales,02,24.7101,-107.5458,3,miguel-de-la-madrid
MX,Mexico,México,80296,La Costera,Sinaloa,25,Culiacán,006,Culiacán Rosales,02,24.6167,-107.3717,3,la-costera
MX,Mexico,México,80296,12 de Diciembre,Sinaloa,25,Culiacán,006,Culiacán Rosales,02,24.6167,-107.3717,3,12-de-diciembre
MX,Mexico,México,80296,8 de Febrero,Sinaloa,25,Culiacán,006,Culiacán Rosales,02,24.6167,-107.3717,3,8-de-febrero
MX,Mexico,México,80296,Prados Del Sur,Sinaloa,25,Culiacán,006,Culiacán Rosales,02,24.6515,-107.2667,3,prados-del-sur
MX,Mexico,México,80296,Antonio Toledo Corro,Sinaloa,25,Culiacán,006,Culiacán Rosales,02,24.6167,-107.3717,4,antonio-toledo-corro
MX,Mexico,México,80297,CNOP,Sinaloa,25,Culiacán,006,Culiacán Rosales,02,24.2479,-107.1813,3,cnop
MX,Mexico,México,80297,Nuevo México,Sinaloa,25,Culiacán,006,Culiacán Rosales,02,24.2479,-107.1813,4,nuevo-mexico
MX,Mexico,México,80298,Huizaches,Sinaloa,25,Culiacán,006,Culiacán Rosales,02,24.6395,-107.4039,1,huizaches
MX,Mexico,México,80299,Mercado de Abastos,Sinaloa,25,Culiacán,006,Culiacán Rosales,02,24.6395,-107.4039,1,mercado-de-abastos
MX,Mexico,México,80300,Campo Esperanza,Sinaloa,25,Culiacán,006,,,24.5356,-107.4842,4,campo-esperanza
MX,Mexico,México,80300,Rosales,Sinaloa,25,Culiacán,006,,,24.7292,-107.4649,3,rosales
MX,Mexico,México,80300,Costa del Sol,Sinaloa,25,Culiacán,006,,,24.7292,-107.4649,3,costa-del-sol
MX,Mexico,México,80300,Jesús Manuel Camez Valdez,Sinaloa,25,Culiacán,006,,,24.7292,-107.4649,3,jesus-manuel-camez-valdez
MX,Mexico,México,80300,Campo La Flor,Sinaloa,25,Culiacán,006,,,24.6515,-107.2667,3,campo-la-flor
MX,Mexico,México,80300,Insurgentes,Sinaloa,25,Culiacán,006,,,24.6515,-107.2667,3,insurgentes
MX,Mexico,México,80300,Campo El Huarache,Sinaloa,25,Culiacán,006,,,24.66,-107.4775,4,campo-el-huarache
MX,Mexico,México,80300,Campo El Cardenal I,Sinaloa,25,Culiacán,006,,,24.7542,-107.4783,4,campo-el-cardenal-i
MX,Mexico,México,80300,Empaque La Pequeña Joya,Sinaloa,25,Culiacán,006,,,24.7292,-107.4649,3,empaque-la-pequena-joya
MX,Mexico,México,80300,El Carrizalejo,Sinaloa,25,Culiacán,006,,,24.7292,-107.4649,3,el-carrizalejo
MX,Mexico,México,80300,Los Huizaches,Sinaloa,25,Culiacán,006,,,24.7292,-107.4649,3,los-huizaches
MX,Mexico,México,80300,Unión Antorchista,Sinaloa,25,Culiacán,006,,,24.7292,-107.4649,3,union-antorchista
MX,Mexico,México,80300,Laberinto,Sinaloa,25,Culiacán,006,,,24.7292,-107.4649,3,laberinto
MX,Mexico,México,80300,Loma de los Huizaches,Sinaloa,25,Culiacán,006,,,24.7372,-107.3683,4,loma-de-los-huizaches
MX,Mexico,México,80300,La Primavera,Sinaloa,25,Culiacán,006,,,24.7963,-107.4688,4,la-primavera
MX,Mexico,México,80300,Campo La Baqueta,Sinaloa,25,Culiacán,006,,,24.6581,-107.4753,4,campo-la-baqueta
MX,Mexico,México,80300,Campo El Chorizo,Sinaloa,25,Culiacán,006,,,24.5858,-107.5147,4,campo-el-chorizo
MX,Mexico,México,80300,Culiacancito,Sinaloa,25,Culiacán,006,,,24.8254,-107.5345,4,culiacancito
MX,Mexico,México,80300,El Quemadito,Sinaloa,25,Culiacán,006,,,24.6976,-107.4146,4,el-quemadito
MX,Mexico,México,80300,El Ranchito,Sinaloa,25,Culiacán,006,,,24.8169,-107.4545,4,el-ranchito
MX,Mexico,México,80300,El Pinole,Sinaloa,25,Culiacán,006,,,24.8299,-107.5628,4,el-pinole
MX,Mexico,México,80300,El Diez,Sinaloa,25,Culiacán,006,,,24.7239,-107.4519,4,el-diez
MX,Mexico,México,80300,El Trébol,Sinaloa,25,Culiacán,006,,,24.9736,-107.3621,4,el-trebol
MX,Mexico,México,80300,Campo El Amapán,Sinaloa,25,Culiacán,006,,,24.6942,-107.4617,4,campo-el-amapan
MX,Mexico,México,80300,Campo Patricia,Sinaloa,25,Culiacán,006,,,24.6619,-107.4995,4,campo-patricia
MX,Mexico,México,80300,Argentina Dos,Sinaloa,25,Culiacán,006,,,24.7172,-107.4294,4,argentina-dos
MX,Mexico,México,80301,Bacurimi,Sinaloa,25,Culiacán,006,,,24.8119,-107.4524,4,bacurimi
MX,Mexico,México,80301,Huertos del Pedregal,Sinaloa,25,Culiacán,006,,,24.8182,-107.4771,4,huertos-del-pedregal
MX,Mexico,México,80301,Campo Morelia,Sinaloa,25,Culiacán,006,,,24.6515,-107.2667,3,campo-morelia
MX,Mexico,México,80301,La Presita,Sinaloa,25,Culiacán,006,,,24.8463,-107.4457,4,la-presita
MX,Mexico,México,80301,Bellavista,Sinaloa,25,Culiacán,006,,,24.8137,-107.4619,4,bellavista
MX,Mexico,México,80302,La Higuera,Sinaloa,25,Culiacán,006,,,24.9365,-107.45,4,la-higuera
MX,Mexico,México,80302,La Campana,Sinaloa,25,Culiacán,006,,,24.9643,-107.5584,4,la-campana
MX,Mexico,México,80303,Estación Vitaruto,Sinaloa,25,Culiacán,006,,,24.9049,-107.6674,4,estacion-vitaruto
MX,Mexico,México,80303,Campo San Emilio,Sinaloa,25,Culiacán,006,,,24.8956,-107.6575,4,campo-san-emilio
MX,Mexico,México,80303,Adolfo Lopez Mateos,Sinaloa,25,Culiacán,006,,,24.9182,-107.6436,4,adolfo-lopez-mateos
MX,Mexico,México,80304,La Higuerita,Sinaloa,25,Culiacán,006,,,24.8215,-107.4989,4,la-higuerita
MX,Mexico,México,80304,Acapulco,Sinaloa,25,Culiacán,006,,,24.9547,-107.6236,4,acapulco
MX,Mexico,México,80304,Paredones,Sinaloa,25,Culiacán,006,,,24.9838,-107.4839,4,paredones
MX,Mexico,México,80305,La Palmita,Sinaloa,25,Culiacán,006,,,24.7786,-107.4278,4,la-palmita
MX,Mexico,México,80305,El Sifón,Sinaloa,25,Culiacán,006,,,24.9336,-107.428,4,el-sifon
MX,Mexico,México,80305,El Limón de los Ramos,Sinaloa,25,Culiacán,006,,,24.9132,-107.5206,4,el-limon-de-los-ramos
MX,Mexico,México,80305,Palos Blancos,Sinaloa,25,Culiacán,006,,,24.9255,-107.389,4,palos-blancos
MX,Mexico,México,80306,Gobierno 2,Sinaloa,25,Culiacán,006,,,24.7796,-107.4601,1,gobierno-2
MX,Mexico,México,80308,Aguaruto Centro,Sinaloa,25,Culiacán,006,Aguaruto,20,24.5891,-107.2919,3,aguaruto-centro
MX,Mexico,México,80308,Nueva,Sinaloa,25,Culiacán,006,Aguaruto,20,24.75,-107.2333,4,nueva
MX,Mexico,México,80308,Luis Donaldo Colosio,Sinaloa,25,Culiacán,006,Aguaruto,20,24.6515,-107.2667,3,luis-donaldo-colosio
MX,Mexico,México,80308,Miguel Hidalgo,Sinaloa,25,Culiacán,006,Aguaruto,20,24.6515,-107.2667,3,miguel-hidalgo
MX,Mexico,México,80308,Villegas,Sinaloa,25,Culiacán,006,Aguaruto,20,24.6515,-107.2667,3,villegas
MX,Mexico,México,80308,20 de Noviembre,Sinaloa,25,Culiacán,006,Aguaruto,20,24.6515,-107.2667,3,20-de-noviembre
MX,Mexico,México,80308,Presidentes de México,Sinaloa,25,Culiacán,006,Aguaruto,20,24.6515,-107.2667,3,presidentes-de-mexico
MX,Mexico,México,80308,La Ceiba,Sinaloa,25,Culiacán,006,Aguaruto,20,25.0958,-107.2114,4,la-ceiba
MX,Mexico,México,80308,Jardines de San Bartolome,Sinaloa,25,Culiacán,006,Aguaruto,20,24.5891,-107.2919,3,jardines-de-san-bartolome
MX,Mexico,México,80308,Demetrio Vallejo,Sinaloa,25,Culiacán,006,Aguaruto,20,24.5891,-107.2919,3,demetrio-vallejo
MX,Mexico,México,80308,Campo Batán,Sinaloa,25,Culiacán,006,Aguaruto,20,24.5891,-107.2919,3,campo-batan
MX,Mexico,México,80308,Casco Viejo,Sinaloa,25,Culiacán,006,Aguaruto,20,24.5891,-107.2919,3,casco-viejo
MX,Mexico,México,80308,Agustina Ramirez,Sinaloa,25,Culiacán,006,Aguaruto,20,24.5891,-107.2919,3,agustina-ramirez
MX,Mexico,México,80308,Aguaruto Viejo,Sinaloa,25,Culiacán,006,Aguaruto,20,24.5891,-107.2919,3,aguaruto-viejo
MX,Mexico,México,80308,Las Palmas,Sinaloa,25,Culiacán,006,Aguaruto,20,24.3406,-107.3714,4,las-palmas
MX,Mexico,México,80308,Rosita,Sinaloa,25,Culiacán,006,Aguaruto,20,24.3801,-107.3691,4,rosita
MX,Mexico,México,80308,La Compuerta,Sinaloa,25,Culiacán,006,Aguaruto,20,24.3905,-107.2817,4,la-compuerta
MX,Mexico,México,80308,Las Amapas,Sinaloa,25,Culiacán,006,Aguaruto,20,24.5776,-107.2844,4,las-amapas
MX,Mexico,México,80309,San Juan,Sinaloa,25,Culiacán,006,,,24.7731,-107.4865,4,san-juan
MX,Mexico,México,80309,San Antonio,Sinaloa,25,Culiacán,006,,,24.8838,-107.5099,4,san-antonio
MX,Mexico,México,80309,Campo San Javier,Sinaloa,25,Culiacán,006,,,24.8825,-107.4928,4,campo-san-javier
MX,Mexico,México,80309,Carrretera Navolato Km. 6 Al 13,Sinaloa,25,Culiacán,006,,,24.8465,-107.4964,3,carrretera-navolato-km-6-al-13
MX,Mexico,México,80310,Jesús María,Sinaloa,25,Culiacán,006,,,25.089,-107.4522,4,jesus-maria
MX,Mexico,México,80311,Bagrecitos,Sinaloa,25,Culiacán,006,,,25.0864,-107.2155,4,bagrecitos
MX,Mexico,México,80313,La Anona,Sinaloa,25,Culiacán,006,,,25.0649,-107.4875,4,la-anona
MX,Mexico,México,80314,Zalate de Los Ibarra,Sinaloa,25,Culiacán,006,,,25.19,-107.35,4,zalate-de-los-ibarra
MX,Mexico,México,80315,Paso del Norte,Sinaloa,25,Culiacán,006,,,25.0119,-107.3335,4,paso-del-norte
MX,Mexico,México,80316,San Rafael,Sinaloa,25,Culiacán,006,,,24.9757,-107.4091,4,san-rafael
MX,Mexico,México,80316,Tecolotes,Sinaloa,25,Culiacán,006,,,24.6515,-107.2667,3,tecolotes
MX,Mexico,México,80317,Tachinolpa,Sinaloa,25,Culiacán,006,,,24.9846,-107.1967,4,tachinolpa
MX,Mexico,México,80317,Tepuchito,Sinaloa,25,Culiacán,006,,,24.9538,-107.3411,4,tepuchito
MX,Mexico,México,80318,Agua Blanca,Sinaloa,25,Culiacán,006,,,24.8963,-107.3235,4,agua-blanca
MX,Mexico,México,80318,Tepuche,Sinaloa,25,Culiacán,006,,,24.8963,-107.3235,3,tepuche
MX,Mexico,México,80319,Agua Caliente de los Monzon,Sinaloa,25,Culiacán,006,,,24.9336,-107.3855,4,agua-caliente-de-los-monzon
MX,Mexico,México,80380,Sanalona,Sinaloa,25,Culiacán,006,,,24.8022,-107.14,4,sanalona
MX,Mexico,México,80383,Puerto Rico (El Reparito),Sinaloa,25,Culiacán,006,,,24.8692,-107.1378,4,puerto-rico-el-reparito
MX,Mexico,México,80383,Tomo,Sinaloa,25,Culiacán,006,,,24.9685,-107.1761,4,tomo
MX,Mexico,México,80383,El Espinal,Sinaloa,25,Culiacán,006,,,24.9023,-107.161,4,el-espinal
MX,Mexico,México,80383,Los Brasiles,Sinaloa,25,Culiacán,006,,,24.8772,-107.1029,4,los-brasiles
MX,Mexico,México,80384,El Pozo,Sinaloa,25,Culiacán,006,,,24.9112,-107.2545,4,el-pozo
MX,Mexico,México,80384,Portezuelo,Sinaloa,25,Culiacán,006,,,24.8219,-107.2578,4,portezuelo
MX,Mexico,México,80384,El Rincón,Sinaloa,25,Culiacán,006,,,24.8833,-107.2333,4,el-rincon
MX,Mexico,México,80384,Los Naranjos,Sinaloa,25,Culiacán,006,,,24.7711,-107.1149,4,los-naranjos
MX,Mexico,México,80384,Imala,Sinaloa,25,Culiacán,006,,,24.8579,-107.2152,4,imala
MX,Mexico,México,80385,La Noria,Sinaloa,25,Culiacán,006,,,24.8051,-107.2633,4,la-noria
MX,Mexico,México,80385,El Limón de Tellaeche,Sinaloa,25,Culiacán,006,,,24.7287,-107.0795,4,el-limon-de-tellaeche
MX,Mexico,México,80385,La Esmeralda,Sinaloa,25,Culiacán,006,,,24.8836,-107.1663,4,la-esmeralda
MX,Mexico,México,80385,Carboneras,Sinaloa,25,Culiacán,006,,,24.7757,-107.2461,4,carboneras
MX,Mexico,México,80386,Las Milpas 2,Sinaloa,25,Culiacán,006,,,24.8782,-106.9813,3,las-milpas-2
MX,Mexico,México,80386,El Ciruelar,Sinaloa,25,Culiacán,006,,,24.8801,-106.987,4,el-ciruelar
MX,Mexico,México,80386,Los Mayos,Sinaloa,25,Culiacán,006,,,24.8763,-106.9755,4,los-mayos
MX,Mexico,México,80387,Las Vinoramas,Sinaloa,25,Culiacán,006,,,24.7472,-107.0798,4,las-vinoramas
MX,Mexico,México,80390,Baila,Sinaloa,25,Culiacán,006,,,24.1831,-106.9739,4,baila
MX,Mexico,México,80390,El Tule,Sinaloa,25,Culiacán,006,,,24.6719,-107.266,4,el-tule
MX,Mexico,México,80390,Laguna Colorada,Sinaloa,25,Culiacán,006,,,24.6812,-107.3097,4,laguna-colorada
MX,Mexico,México,80391,Alcoyonqui,Sinaloa,25,Culiacán,006,,,24.7481,-107.2073,4,alcoyonqui
MX,Mexico,México,80393,Abuya y Ceuta 2,Sinaloa,25,Culiacán,006,,,24.6467,-107.2675,1,abuya-y-ceuta-2
MX,Mexico,México,80394,El Álamo,Sinaloa,25,Culiacán,006,,,24.8015,-107.1698,4,el-alamo
MX,Mexico,México,80394,El Salate,Sinaloa,25,Culiacán,006,,,24.6861,-107.2444,4,el-salate
MX,Mexico,México,80394,La Mora,Sinaloa,25,Culiacán,006,,,24.6708,-107.2251,4,la-mora
MX,Mexico,México,80394,La Guamuchilera,Sinaloa,25,Culiacán,006,,,24.6515,-107.2667,3,la-guamuchilera
MX,Mexico,México,80396,San Román,Sinaloa,25,Culiacán,006,,,24.7022,-107.3325,4,san-roman
MX,Mexico,México,80396,Campo 10,Sinaloa,25,Culiacán,006,,,24.7022,-107.3325,3,campo-10
MX,Mexico,México,80397,Las Flechas,Sinaloa,25,Culiacán,006,,,24.6848,-107.0977,4,las-flechas
MX,Mexico,México,80398,El Gato,Sinaloa,25,Culiacán,006,,,24.6655,-107.4245,4,el-gato
MX,Mexico,México,80398,San Rafael de Costa Rica,Sinaloa,25,Culiacán,006,,,24.6444,-107.4129,3,san-rafael-de-costa-rica
MX,Mexico,México,80398,Canán,Sinaloa,25,Culiacán,006,,,24.6444,-107.4129,3,canan
MX,Mexico,México,80398,Campo El Sol (Campo Pegaso),Sinaloa,25,Culiacán,006,,,24.6275,-107.4339,4,campo-el-sol-campo-pegaso
MX,Mexico,México,80398,NCPE El 30,Sinaloa,25,Culiacán,006,,,24.6444,-107.4129,3,ncpe-el-30
MX,Mexico,México,80398,Las Bateas,Sinaloa,25,Culiacán,006,,,24.6729,-107.3925,4,las-bateas
MX,Mexico,México,80398,Campo Nuevo México,Sinaloa,25,Culiacán,006,,,24.6117,-107.4006,4,campo-nuevo-mexico
MX,Mexico,México,80399,Las Huertas,Sinaloa,25,Culiacán,006,,,24.6515,-107.2667,1,las-huertas
MX,Mexico,México,80399,Tecomate 1,Sinaloa,25,Culiacán,006,,,24.6467,-107.2675,1,tecomate-1
MX,Mexico,México,80400,Quilá Centro,Sinaloa,25,Culiacán,006,Quila,08,24.6559,-107.2211,1,quila-centro
MX,Mexico,México,80400,Ampliación Unión (Nueva),Sinaloa,25,Culiacán,006,Quila,08,24.6559,-107.2211,1,ampliacion-union-nueva
MX,Mexico,México,80402,Santa María,Sinaloa,25,Culiacán,006,Quila,08,24.1595,-107.0814,4,santa-maria
MX,Mexico,México,80402,Alto de Quilá (San Francisco),Sinaloa,25,Culiacán,006,Quila,08,24.1595,-107.0814,3,alto-de-quila-san-francisco
MX,Mexico,México,80403,Unión,Sinaloa,25,Culiacán,006,Quila,08,24.8766,-107.3685,4,union
MX,Mexico,México,80405,Ejidal,Sinaloa,25,Culiacán,006,Quila,08,24.61,-107.3892,4,ejidal
MX,Mexico,México,80408,La Candelaria,Sinaloa,25,Culiacán,006,Quila,08,24.8167,-107.1333,3,la-candelaria
MX,Mexico,México,80408,Bellavista,Sinaloa,25,Culiacán,006,Quila,08,24.8667,-107.2167,4,bellavista
MX,Mexico,México,80408,Cedros,Sinaloa,25,Culiacán,006,Quila,08,24.7667,-107.05,4,cedros
MX,Mexico,México,80409,Emiliano Zapata,Sinaloa,25,Culiacán,006,Quila,08,24.6515,-107.2667,1,emiliano-zapata
MX,Mexico,México,80409,Aviación,Sinaloa,25,Culiacán,006,Quila,08,24.6559,-107.2211,1,aviacion
MX,Mexico,México,80410,Las Tapias,Sinaloa,25,Culiacán,006,,,24.65,-107.1558,4,las-tapias
MX,Mexico,México,80410,El Carrizal,Sinaloa,25,Culiacán,006,,,24.6082,-107.2496,4,el-carrizal
MX,Mexico,México,80410,El Carrizal Dos,Sinaloa,25,Culiacán,006,,,24.6287,-107.2833,4,el-carrizal-dos
MX,Mexico,México,80411,El Porvenir,Sinaloa,25,Culiacán,006,,,24.6295,-107.2094,4,el-porvenir
MX,Mexico,México,80411,Lo de Bartolo,Sinaloa,25,Culiacán,006,,,24.6942,-107.1732,4,lo-de-bartolo
MX,Mexico,México,80411,Las Tranquitas,Sinaloa,25,Culiacán,006,,,24.6511,-107.2038,4,las-tranquitas
MX,Mexico,México,80415,Campo Laguna,Sinaloa,25,Culiacán,006,,,24.5714,-107.4161,4,campo-laguna
MX,Mexico,México,80415,La Palma,Sinaloa,25,Culiacán,006,,,24.5819,-107.2125,4,la-palma
MX,Mexico,México,80415,Campo La Laguna,Sinaloa,25,Culiacán,006,,,24.5767,-107.3143,3,campo-la-laguna
MX,Mexico,México,80416,La Pitahayita,Sinaloa,25,Culiacán,006,,,24.5741,-107.131,4,la-pitahayita
MX,Mexico,México,80417,Las Milpas 1,Sinaloa,25,Culiacán,006,,,24.5726,-107.2385,1,las-milpas-1
MX,Mexico,México,80419,Tierra y Libertad Dos,Sinaloa,25,Culiacán,006,,,24.495,-107.3131,4,tierra-y-libertad-dos
MX,Mexico,México,80419,Comanito,Sinaloa,25,Culiacán,006,,,24.5107,-107.2627,4,comanito
MX,Mexico,México,80419,La Reforma,Sinaloa,25,Culiacán,006,,,24.5365,-107.2743,4,la-reforma
MX,Mexico,México,80419,Tierra y Libertad 1,Sinaloa,25,Culiacán,006,,,24.4999,-107.2571,3,tierra-y-libertad-1
MX,Mexico,México,80419,Libertad (Piramo),Sinaloa,25,Culiacán,006,,,24.4742,-107.2164,4,libertad-piramo
MX,Mexico,México,80419,Tierra y Libertad,Sinaloa,25,Culiacán,006,,,24.4635,-107.2205,4,tierra-y-libertad
MX,Mexico,México,80419,Valle Escondido,Sinaloa,25,Culiacán,006,,,24.5197,-107.2556,4,valle-escondido
MX,Mexico,México,80420,Veracruz,Sinaloa,25,Culiacán,006,,,24.4618,-107.2858,1,veracruz
MX,Mexico,México,80430,Veracruz,Sinaloa,25,Culiacán,006,,,24.574,-107.4289,3,veracruz
MX,Mexico,México,80430,Loma Linda,Sinaloa,25,Culiacán,006,,,24.6515,-107.2667,3,loma-linda
MX,Mexico,México,80430,Ingenio,Sinaloa,25,Culiacán,006,,,24.6515,-107.2667,4,ingenio
MX,Mexico,México,80430,Los Becos (Duranguito),Sinaloa,25,Culiacán,006,,,24.6463,-107.2807,4,los-becos-duranguito
MX,Mexico,México,80430,Campo el Seis,Sinaloa,25,Culiacán,006,,,24.5447,-107.4533,4,campo-el-seis
MX,Mexico,México,80430,Los Chinitos,Sinaloa,25,Culiacán,006,,,24.6515,-107.2667,3,los-chinitos
MX,Mexico,México,80430,San Ángel,Sinaloa,25,Culiacán,006,,,24.6515,-107.2667,3,san-angel
MX,Mexico,México,80430,Revolución,Sinaloa,25,Culiacán,006,,,24.6515,-107.2667,3,revolucion
MX,Mexico,México,80430,Magisterial,Sinaloa,25,Culiacán,006,,,24.6515,-107.2667,3,magisterial
MX,Mexico,México,80430,General Zapata,Sinaloa,25,Culiacán,006,,,24.6515,-107.2667,3,general-zapata
MX,Mexico,México,80430,Las Carpas,Sinaloa,25,Culiacán,006,,,24.6515,-107.2667,3,las-carpas
MX,Mexico,México,80430,Benito Juárez Norte,Sinaloa,25,Culiacán,006,,,24.574,-107.4289,3,benito-juarez-norte
MX,Mexico,México,80430,Independencia,Sinaloa,25,Culiacán,006,,,24.6515,-107.2667,3,independencia
MX,Mexico,México,80430,Centro,Sinaloa,25,Culiacán,006,,,24.61,-107.3892,4,centro
MX,Mexico,México,80430,Villa Rica,Sinaloa,25,Culiacán,006,,,24.574,-107.4289,3,villa-rica
MX,Mexico,México,80430,Nuevas Cañitas,Sinaloa,25,Culiacán,006,,,24.574,-107.4289,3,nuevas-canitas
MX,Mexico,México,80430,Francisco Villa,Sinaloa,25,Culiacán,006,,,24.2796,-107.2266,4,francisco-villa
MX,Mexico,México,80430,Campo Santa Lucía,Sinaloa,25,Culiacán,006,,,24.5447,-107.4058,4,campo-santa-lucia
MX,Mexico,México,80430,El Alhuate,Sinaloa,25,Culiacán,006,,,24.5256,-107.3316,4,el-alhuate
MX,Mexico,México,80430,18 de Marzo,Sinaloa,25,Culiacán,006,,,24.574,-107.4289,3,18-de-marzo
MX,Mexico,México,80430,El Real,Sinaloa,25,Culiacán,006,,,24.6515,-107.2667,3,el-real
MX,Mexico,México,80430,Prados del Sol,Sinaloa,25,Culiacán,006,,,24.574,-107.4289,3,prados-del-sol
MX,Mexico,México,80430,Juan de Dios Bátiz,Sinaloa,25,Culiacán,006,,,24.574,-107.4289,3,juan-de-dios-batiz
MX,Mexico,México,80430,INFONAVIT Prados del Sol,Sinaloa,25,Culiacán,006,,,24.574,-107.4289,3,infonavit-prados-del-sol
MX,Mexico,México,80430,INFONAVIT Alondras,Sinaloa,25,Culiacán,006,,,24.574,-107.4289,3,infonavit-alondras
MX,Mexico,México,80430,Constituyentes,Sinaloa,25,Culiacán,006,,,24.6515,-107.2667,4,constituyentes
MX,Mexico,México,80430,Benito Juárez Sur,Sinaloa,25,Culiacán,006,,,24.574,-107.4289,3,benito-juarez-sur
MX,Mexico,México,80430,Barrio Estación,Sinaloa,25,Culiacán,006,,,24.574,-107.4289,3,barrio-estacion
MX,Mexico,México,80430,Renato Vega Amador,Sinaloa,25,Culiacán,006,,,24.574,-107.4289,3,renato-vega-amador
MX,Mexico,México,80430,Campo Arbaco,Sinaloa,25,Culiacán,006,,,24.5711,-107.4042,4,campo-arbaco
MX,Mexico,México,80430,Sinaloa,Sinaloa,25,Culiacán,006,,,24.574,-107.4289,3,sinaloa
MX,Mexico,México,80430,S.T.A.S.A.C.,Sinaloa,25,Culiacán,006,,,24.574,-107.4289,3,s-t-a-s-a-c
MX,Mexico,México,80430,INFONAVIT 88,Sinaloa,25,Culiacán,006,,,24.574,-107.4289,3,infonavit-88
MX,Mexico,México,80430,Popular,Sinaloa,25,Culiacán,006,,,24.574,-107.4289,3,popular
MX,Mexico,México,80430,Cañitas,Sinaloa,25,Culiacán,006,,,24.574,-107.4289,3,canitas
MX,Mexico,México,80430,Los Becos,Sinaloa,25,Culiacán,006,,,24.6463,-107.2807,4,los-becos
MX,Mexico,México,80430,Solidaridad Campesina,Sinaloa,25,Culiacán,006,,,24.5767,-107.4769,4,solidaridad-campesina
MX,Mexico,México,80430,Solidaridad,Sinaloa,25,Culiacán,006,,,24.5767,-107.4769,4,solidaridad
MX,Mexico,México,80430,Las Piedritas,Sinaloa,25,Culiacán,006,,,24.4127,-107.3663,4,las-piedritas
MX,Mexico,México,80430,Arkadia Uno (El Siete),Sinaloa,25,Culiacán,006,,,24.5178,-107.4644,4,arkadia-uno-el-siete
MX,Mexico,México,80430,Campo San Marcos,Sinaloa,25,Culiacán,006,,,24.5622,-107.4044,4,campo-san-marcos
MX,Mexico,México,80430,Mezquitillo,Sinaloa,25,Culiacán,006,,,24.4819,-107.44,4,mezquitillo
MX,Mexico,México,80430,Miguel Valdez Quintero (El Corazón),Sinaloa,25,Culiacán,006,,,24.4942,-107.3178,4,miguel-valdez-quintero-el-corazon
MX,Mexico,México,80430,Ignacio Zaragoza,Sinaloa,25,Culiacán,006,,,24.6515,-107.2667,3,ignacio-zaragoza
MX,Mexico,México,80433,Nuevo,Sinaloa,25,Culiacán,006,,,24.5553,-107.4302,1,nuevo
MX,Mexico,México,80434,Campo El Toro,Sinaloa,25,Culiacán,006,,,24.5274,-107.4436,4,campo-el-toro
MX,Mexico,México,80434,Campo Paredes,Sinaloa,25,Culiacán,006,,,24.5266,-107.4426,3,campo-paredes
MX,Mexico,México,80434,Empaque del Valle,Sinaloa,25,Culiacán,006,,,24.5172,-107.4419,4,empaque-del-valle
MX,Mexico,México,80434,Campo El Conejo (Campo Esperazna),Sinaloa,25,Culiacán,006,,,24.5266,-107.4426,3,campo-el-conejo-campo-esperazna
MX,Mexico,México,80434,Campo Nota,Sinaloa,25,Culiacán,006,,,24.5266,-107.4426,3,campo-nota
MX,Mexico,México,80434,Campo 5 y Medio,Sinaloa,25,Culiacán,006,,,24.5266,-107.4426,3,campo-5-y-medio
MX,Mexico,México,80434,Santa Lourdes,Sinaloa,25,Culiacán,006,,,24.5447,-107.4556,4,santa-lourdes
MX,Mexico,México,80434,Las Isabeles,Sinaloa,25,Culiacán,006,,,24.5266,-107.4257,4,las-isabeles
MX,Mexico,México,80434,Campo Cuarenta y Cuatro,Sinaloa,25,Culiacán,006,,,24.5269,-107.4647,4,campo-cuarenta-y-cuatro
MX,Mexico,México,80434,Campo Isabelitas,Sinaloa,25,Culiacán,006,,,24.5164,-107.4238,4,campo-isabelitas
MX,Mexico,México,80435,Campo Gobierno II,Sinaloa,25,Culiacán,006,,,24.5553,-107.4302,1,campo-gobierno-ii
MX,Mexico,México,80439,Mezquitillo (La Curva),Sinaloa,25,Culiacán,006,,,24.4747,-107.3862,4,mezquitillo-la-curva
MX,Mexico,México,80439,Campo Eureka,Sinaloa,25,Culiacán,006,,,24.4915,-107.4226,4,campo-eureka
MX,Mexico,México,80439,Mezquitillo 2,Sinaloa,25,Culiacán,006,,,24.4831,-107.4044,3,mezquitillo-2
MX,Mexico,México,80439,Campo Mezquitillo 2,Sinaloa,25,Culiacán,006,,,24.4831,-107.4044,3,campo-mezquitillo-2
MX,Mexico,México,80440,El Salado,Sinaloa,25,Culiacán,006,,,24.5078,-107.1587,4,el-salado
MX,Mexico,México,80441,Monte Verde de Villa,Sinaloa,25,Culiacán,006,,,24.6058,-107.1147,4,monte-verde-de-villa
MX,Mexico,México,80441,El Vizcaíno,Sinaloa,25,Culiacán,006,,,24.6002,-107.0609,4,el-vizcaino
MX,Mexico,México,80442,La Estancia de los Burgos,Sinaloa,25,Culiacán,006,,,24.5522,-107.0969,4,la-estancia-de-los-burgos
MX,Mexico,México,80443,Los Vasitos,Sinaloa,25,Culiacán,006,,,24.6317,-107.0775,4,los-vasitos
MX,Mexico,México,80443,El Vichi de Abajo,Sinaloa,25,Culiacán,006,,,24.6317,-107.0775,3,el-vichi-de-abajo
MX,Mexico,México,80444,El Realito,Sinaloa,25,Culiacán,006,,,24.5146,-107.0342,4,el-realito
MX,Mexico,México,80447,San Lorenzo Nuevo,Sinaloa,25,Culiacán,006,,,24.6515,-107.2667,1,san-lorenzo-nuevo
MX,Mexico,México,80449,La Bebelama San Lorenzo,Sinaloa,25,Culiacán,006,,,24.4445,-107.0745,4,la-bebelama-san-lorenzo
MX,Mexico,México,80450,La Cuchilla,Sinaloa,25,Culiacán,006,,,24.6512,-107.5,4,la-cuchilla
MX,Mexico,México,80450,San Manuel,Sinaloa,25,Culiacán,006,,,24.3569,-107.381,4,san-manuel
MX,Mexico,México,80450,El Robalar,Sinaloa,25,Culiacán,006,,,24.3667,-107.5306,4,el-robalar
MX,Mexico,México,80450,San Joaquín,Sinaloa,25,Culiacán,006,,,24.3628,-107.3512,4,san-joaquin
MX,Mexico,México,80450,Las Piedritas,Sinaloa,25,Culiacán,006,,,24.4127,-107.3663,4,las-piedritas
MX,Mexico,México,80450,Centro,Sinaloa,25,Culiacán,006,,,24.61,-107.3892,4,centro
MX,Mexico,México,80450,Benito Juárez,Sinaloa,25,Culiacán,006,,,24.6515,-107.2667,3,benito-juarez
MX,Mexico,México,80450,Los Payes,Sinaloa,25,Culiacán,006,,,24.4718,-107.4325,3,los-payes
MX,Mexico,México,80450,San Diego,Sinaloa,25,Culiacán,006,,,24.3825,-107.3313,4,san-diego
MX,Mexico,México,80450,La Aviación,Sinaloa,25,Culiacán,006,,,24.6515,-107.2667,4,la-aviacion
MX,Mexico,México,80450,Ruben Jaramillo,Sinaloa,25,Culiacán,006,,,24.6515,-107.2667,3,ruben-jaramillo
MX,Mexico,México,80450,El Higueral,Sinaloa,25,Culiacán,006,,,24.3104,-107.348,4,el-higueral
MX,Mexico,México,80450,Navito,Sinaloa,25,Culiacán,006,,,24.3428,-107.3411,4,navito
MX,Mexico,México,80450,Adolfo Ruiz Cortines,Sinaloa,25,Culiacán,006,,,24.6515,-107.2667,3,adolfo-ruiz-cortines
MX,Mexico,México,80450,Alejandro Redo,Sinaloa,25,Culiacán,006,,,24.4718,-107.4325,3,alejandro-redo
MX,Mexico,México,80450,Santo Niño,Sinaloa,25,Culiacán,006,,,24.3894,-107.3686,4,santo-nino
MX,Mexico,México,80450,Campo San Martín,Sinaloa,25,Culiacán,006,,,24.3943,-107.3687,4,campo-san-martin
MX,Mexico,México,80450,Quinto Patio,Sinaloa,25,Culiacán,006,,,24.6515,-107.2667,3,quinto-patio
MX,Mexico,México,80450,Campo Champo,Sinaloa,25,Culiacán,006,,,24.4718,-107.4325,3,campo-champo
MX,Mexico,México,80450,Renato Vega Amador,Sinaloa,25,Culiacán,006,,,24.4718,-107.4325,3,renato-vega-amador
MX,Mexico,México,80450,Los Cuartos,Sinaloa,25,Culiacán,006,,,24.4718,-107.4325,3,los-cuartos
MX,Mexico,México,80450,Huerta de Redo 1,Sinaloa,25,Culiacán,006,,,24.4718,-107.4325,3,huerta-de-redo-1
MX,Mexico,México,80450,Huerta de Redo 2,Sinaloa,25,Culiacán,006,,,24.4718,-107.4325,3,huerta-de-redo-2
MX,Mexico,México,80450,Villa Eldorado,Sinaloa,25,Culiacán,006,,,24.4718,-107.4325,3,villa-eldorado
MX,Mexico,México,80450,Fidel Velázquez,Sinaloa,25,Culiacán,006,,,24.4718,-107.4325,3,fidel-velazquez
MX,Mexico,México,80450,INFONAVIT San Diego,Sinaloa,25,Culiacán,006,,,24.4718,-107.4325,3,infonavit-san-diego
MX,Mexico,México,80450,INFONAVIT San Diego 2,Sinaloa,25,Culiacán,006,,,24.4718,-107.4325,3,infonavit-san-diego-2
MX,Mexico,México,80450,Jardines del Sol,Sinaloa,25,Culiacán,006,,,24.4718,-107.4325,3,jardines-del-sol
MX,Mexico,México,80450,Bicentenario,Sinaloa,25,Culiacán,006,,,24.4718,-107.4325,3,bicentenario
MX,Mexico,México,80450,5° Álvarez,Sinaloa,25,Culiacán,006,,,24.4718,-107.4325,3,5-alvarez
MX,Mexico,México,80450,Ampliación Navito,Sinaloa,25,Culiacán,006,,,24.4718,-107.4325,3,ampliacion-navito
MX,Mexico,México,80450,Aviación,Sinaloa,25,Culiacán,006,,,24.4718,-107.4325,3,aviacion
MX,Mexico,México,80450,Bombas de Redo,Sinaloa,25,Culiacán,006,,,24.4718,-107.4325,3,bombas-de-redo
MX,Mexico,México,80450,Eldorado Viejo,Sinaloa,25,Culiacán,006,,,24.4718,-107.4325,3,eldorado-viejo
MX,Mexico,México,80450,El Saucito Nuevo,Sinaloa,25,Culiacán,006,,,24.4718,-107.4325,3,el-saucito-nuevo
MX,Mexico,México,80450,Las Arenitas,Sinaloa,25,Culiacán,006,,,24.3725,-107.5361,4,las-arenitas
MX,Mexico,México,80450,La Arboleda,Sinaloa,25,Culiacán,006,,,24.9123,-107.5545,4,la-arboleda
MX,Mexico,México,80450,Lienzo Charro,Sinaloa,25,Culiacán,006,,,24.4718,-107.4325,3,lienzo-charro
MX,Mexico,México,80450,La Huertita,Sinaloa,25,Culiacán,006,,,24.4718,-107.4325,3,la-huertita
MX,Mexico,México,80450,Mariano Escobedo,Sinaloa,25,Culiacán,006,,,24.4718,-107.4325,3,mariano-escobedo
MX,Mexico,México,80450,Nuevo Higueral,Sinaloa,25,Culiacán,006,,,24.4718,-107.4325,3,nuevo-higueral
MX,Mexico,México,80450,El Chorrito,Sinaloa,25,Culiacán,006,,,24.6515,-107.2667,3,el-chorrito
MX,Mexico,México,80450,Rastro Viejo,Sinaloa,25,Culiacán,006,,,24.4718,-107.4325,3,rastro-viejo
MX,Mexico,México,80451,La Chilla,Sinaloa,25,Culiacán,006,,,24.4069,-107.1149,4,la-chilla
MX,Mexico,México,80452,Mezquitillo Nuevo,Sinaloa,25,Culiacán,006,,,24.4393,-107.3893,1,mezquitillo-nuevo
MX,Mexico,México,80453,Las Tres Gotas de Agua,Sinaloa,25,Culiacán,006,,,24.4214,-107.3286,4,las-tres-gotas-de-agua
MX,Mexico,México,80453,El Manguito,Sinaloa,25,Culiacán,006,,,24.4196,-107.3154,4,el-manguito
MX,Mexico,México,80453,Rebeca II (Metesaca),Sinaloa,25,Culiacán,006,,,24.4205,-107.322,3,rebeca-ii-metesaca
MX,Mexico,México,80453,Leopoldo Sanchez Celis,Sinaloa,25,Culiacán,006,,,24.4205,-107.322,3,leopoldo-sanchez-celis
MX,Mexico,México,80454,La Flor (Metesaca),Sinaloa,25,Culiacán,006,,,24.4147,-107.3701,3,la-flor-metesaca
MX,Mexico,México,80454,Santa Rita (Tableta),Sinaloa,25,Culiacán,006,,,24.4029,-107.3673,4,santa-rita-tableta
MX,Mexico,México,80454,La Flor,Sinaloa,25,Culiacán,006,,,24.4266,-107.3728,4,la-flor
MX,Mexico,México,80455,Guadalupe Victoria,Sinaloa,25,Culiacán,006,,,24.2993,-107.2706,4,guadalupe-victoria
MX,Mexico,México,80455,Navito,Sinaloa,25,Culiacán,006,,,24.3428,-107.3411,4,navito
MX,Mexico,México,80457,El Rosarito,Sinaloa,25,Culiacán,006,,,24.3411,-107.3989,4,el-rosarito
MX,Mexico,México,80460,El Camalote,Sinaloa,25,Culiacán,006,,,24.3785,-107.301,4,el-camalote
MX,Mexico,México,80460,Nicolás Bravo,Sinaloa,25,Culiacán,006,,,24.1746,-107.1539,4,nicolas-bravo
MX,Mexico,México,80460,El Huinacaxtle,Sinaloa,25,Culiacán,006,,,24.3836,-107.2922,4,el-huinacaxtle
MX,Mexico,México,80460,Laguna de Canachi,Sinaloa,25,Culiacán,006,,,24.2944,-107.2181,3,laguna-de-canachi
MX,Mexico,México,80460,Portacaeli,Sinaloa,25,Culiacán,006,,,24.2944,-107.2181,3,portacaeli
MX,Mexico,México,80460,Las Güeras,Sinaloa,25,Culiacán,006,,,24.2008,-107.1718,4,las-gueras
MX,Mexico,México,80460,El Melón (San Alejandro),Sinaloa,25,Culiacán,006,,,24.3738,-107.2656,4,el-melon-san-alejandro
MX,Mexico,México,80460,Jacola,Sinaloa,25,Culiacán,006,,,24.2549,-107.1242,4,jacola
MX,Mexico,México,80463,Loma y Tecomate,Sinaloa,25,Culiacán,006,,,24.2903,-107.296,3,loma-y-tecomate
MX,Mexico,México,80463,Heraclio Bernal,Sinaloa,25,Culiacán,006,,,24.2315,-107.2637,4,heraclio-bernal
MX,Mexico,México,80463,La Cruz Del Dorado,Sinaloa,25,Culiacán,006,,,24.3491,-107.3284,4,la-cruz-del-dorado
MX,Mexico,México,80464,La Constancia,Sinaloa,25,Culiacán,006,,,24.2236,-107.1861,4,la-constancia
MX,Mexico,México,80465,La Arrocera,Sinaloa,25,Culiacán,006,,,24.4639,-107.3842,4,la-arrocera
MX,Mexico,México,80466,Rebeca,Sinaloa,25,Culiacán,006,,,24.445,-107.3762,4,rebeca
MX,Mexico,México,80467,Soyatita (Cruz Segunda),Sinaloa,25,Culiacán,006,,,24.2842,-107.3531,3,soyatita-cruz-segunda
MX,Mexico,México,80467,El Conchal,Sinaloa,25,Culiacán,006,,,24.2421,-107.3293,4,el-conchal
MX,Mexico,México,80467,Soyatita,Sinaloa,25,Culiacán,006,,,24.2616,-107.3182,4,soyatita
MX,Mexico,México,80467,El Cuervo,Sinaloa,25,Culiacán,006,,,24.3489,-107.4117,4,el-cuervo
MX,Mexico,México,80468,Península de Villamoros,Sinaloa,25,Culiacán,006,,,24.1667,-107.2228,4,peninsula-de-villamoros
MX,Mexico,México,80470,Estancia de los Garcia,Sinaloa,25,Culiacán,006,,,24.3894,-107.0189,4,estancia-de-los-garcia
MX,Mexico,México,80470,Walamito,Sinaloa,25,Culiacán,006,,,24.3761,-107.0373,4,walamito
MX,Mexico,México,80470,Tacuichamona,Sinaloa,25,Culiacán,006,,,24.3614,-107.0764,4,tacuichamona
MX,Mexico,México,80475,Tabala,Sinaloa,25,Culiacán,006,,,24.4425,-107.0958,4,tabala
MX,Mexico,México,80475,San Lorenzo,Sinaloa,25,Culiacán,006,,,24.4343,-107.124,4,san-lorenzo
MX,Mexico,México,80480,Quila,Sinaloa,25,Culiacán,006,,,24.4236,-107.2219,4,quila
MX,Mexico,México,80480,La Loma,Sinaloa,25,Culiacán,006,,,24.3806,-107.2265,4,la-loma
MX,Mexico,México,80480,Oso Nuevo,Sinaloa,25,Culiacán,006,,,24.4048,-107.1893,4,oso-nuevo
MX,Mexico,México,80481,Las Flores,Sinaloa,25,Culiacán,006,,,24.3451,-107.0955,4,las-flores
MX,Mexico,México,80483,Oso Viejo,Sinaloa,25,Culiacán,006,,,24.3994,-107.1714,4,oso-viejo
MX,Mexico,México,80484,Pueblos Unidos,Sinaloa,25,Culiacán,006,,,24.2925,-107.1514,4,pueblos-unidos
MX,Mexico,México,80485,Emiliano Zapata O Estación Obispo,Sinaloa,25,Culiacán,006,,,24.3581,-107.161,1,emiliano-zapata-o-estacion-obispo
MX,Mexico,México,80489,Higueras de Abuya,Sinaloa,25,Culiacán,006,,,24.2606,-107.0709,4,higueras-de-abuya
MX,Mexico,México,80490,Francisco Villa,Sinaloa,25,Culiacán,006,,,24.2796,-107.2266,4,francisco-villa
MX,Mexico,México,80490,El Sinaloense,Sinaloa,25,Culiacán,006,,,24.2803,-107.2527,4,el-sinaloense
MX,Mexico,México,80490,Emancipación,Sinaloa,25,Culiacán,006,,,24.2703,-107.205,4,emancipacion
MX,Mexico,México,80491,San Isidro,Sinaloa,25,Culiacán,006,,,24.2596,-107.1486,4,san-isidro
MX,Mexico,México,80491,El Retiro,Sinaloa,25,Culiacán,006,,,24.6515,-107.2667,3,el-retiro
MX,Mexico,México,80491,Santa Refugio,Sinaloa,25,Culiacán,006,,,24.2578,-107.1253,4,santa-refugio
MX,Mexico,México,80491,Campo Obispo,Sinaloa,25,Culiacán,006,,,24.2909,-107.1378,3,campo-obispo
MX,Mexico,México,80491,Obispo,Sinaloa,25,Culiacán,006,,,24.3077,-107.1018,4,obispo
MX,Mexico,México,80491,Nuevo Rosarito,Sinaloa,25,Culiacán,006,,,24.3386,-107.1753,4,nuevo-rosarito
MX,Mexico,México,80492,Villa Adolfo Lopez Mateos,Sinaloa,25,Culiacán,006,,,24.8855,-107.6422,4,villa-adolfo-lopez-mateos
MX,Mexico,México,80492,El Tamarindo,Sinaloa,25,Culiacán,006,,,24.6567,-107.1748,4,el-tamarindo
MX,Mexico,México,80492,26 de Abril,Sinaloa,25,Culiacán,006,,,24.7711,-107.4085,3,26-de-abril
MX,Mexico,México,80493,La Guasima,Sinaloa,25,Culiacán,006,,,24.2921,-107.1219,4,la-guasima
MX,Mexico,México,80496,Abuya,Sinaloa,25,Culiacán,006,,,24.251,-107.0141,4,abuya
MX,Mexico,México,80496,Chiqueritos,Sinaloa,25,Culiacán,006,,,24.1797,-107.0389,4,chiqueritos
MX,Mexico,México,80498,Cospita,Sinaloa,25,Culiacán,006,,,24.1046,-107.1296,4,cospita
MX,Mexico,México,81700,Choix Centro,Sinaloa,25,Choix,007,Choix,11,26.7077,-108.324,4,choix-centro
MX,Mexico,México,81703,Huites,Sinaloa,25,Choix,007,Choix,11,26.893,-108.3636,4,huites
MX,Mexico,México,81703,Francisco I. Madero,Sinaloa,25,Choix,007,Choix,11,26.893,-108.3636,3,francisco-i-madero
MX,Mexico,México,81703,El Guajito,Sinaloa,25,Choix,007,Choix,11,26.893,-108.3636,3,el-guajito
MX,Mexico,México,81703,Francisco R. Serrano,Sinaloa,25,Choix,007,Choix,11,26.6802,-108.277,3,francisco-r-serrano
MX,Mexico,México,81705,La Higuera,Sinaloa,25,Choix,007,Choix,11,26.6802,-108.277,1,la-higuera
MX,Mexico,México,81706,Las Conchas,Sinaloa,25,Choix,007,Choix,11,26.6802,-108.277,1,las-conchas
MX,Mexico,México,81707,Ayuntamiento,Sinaloa,25,Choix,007,Choix,11,26.7034,-108.3332,4,ayuntamiento
MX,Mexico,México,81707,Benito Juárez,Sinaloa,25,Choix,007,Choix,11,26.7113,-108.3294,4,benito-juarez
MX,Mexico,México,81708,Reforma,Sinaloa,25,Choix,007,Choix,11,26.7138,-108.3315,4,reforma
MX,Mexico,México,81708,Nuevo Huites,Sinaloa,25,Choix,007,Choix,11,26.7083,-108.3312,4,nuevo-huites
MX,Mexico,México,81709,Ejidal,Sinaloa,25,Choix,007,Choix,11,26.6802,-108.277,3,ejidal
MX,Mexico,México,81709,Reforma,Sinaloa,25,Choix,007,Choix,11,26.7138,-108.3315,4,reforma
MX,Mexico,México,81710,Ranchito de Islas,Sinaloa,25,Choix,007,,,26.7489,-108.3111,4,ranchito-de-islas
MX,Mexico,México,81710,El Vado (El Cerrito),Sinaloa,25,Choix,007,,,26.735,-108.3131,4,el-vado-el-cerrito
MX,Mexico,México,81712,Poblado Nuevo,Sinaloa,25,Choix,007,,,26.7965,-108.2584,4,poblado-nuevo
MX,Mexico,México,81712,La Salvia,Sinaloa,25,Choix,007,,,26.8705,-108.2078,4,la-salvia
MX,Mexico,México,81712,Los Barbechitos,Sinaloa,25,Choix,007,,,26.8623,-108.2267,4,los-barbechitos
MX,Mexico,México,81712,El Nacimiento,Sinaloa,25,Choix,007,,,26.8398,-108.2552,4,el-nacimiento
MX,Mexico,México,81712,Las Taunitas,Sinaloa,25,Choix,007,,,26.8916,-108.2491,4,las-taunitas
MX,Mexico,México,81712,El Mezquite Caído,Sinaloa,25,Choix,007,,,26.6802,-108.277,3,el-mezquite-caido
MX,Mexico,México,81712,Tasajeras,Sinaloa,25,Choix,007,,,26.7797,-108.2717,4,tasajeras
MX,Mexico,México,81712,La Igualamita,Sinaloa,25,Choix,007,,,26.8547,-108.2168,4,la-igualamita
MX,Mexico,México,81712,La Calera,Sinaloa,25,Choix,007,,,26.8382,-108.2288,4,la-calera
MX,Mexico,México,81713,Nuevo Techobampo,Sinaloa,25,Choix,007,,,26.8731,-108.3022,4,nuevo-techobampo
MX,Mexico,México,81713,El Reparo,Sinaloa,25,Choix,007,,,26.806,-108.3767,4,el-reparo
MX,Mexico,México,81713,Los Chinos,Sinaloa,25,Choix,007,,,26.8545,-108.3229,4,los-chinos
MX,Mexico,México,81713,Las Colmenas,Sinaloa,25,Choix,007,,,26.7799,-108.3484,4,las-colmenas
MX,Mexico,México,81713,El Cedrito,Sinaloa,25,Choix,007,,,26.8489,-108.3159,4,el-cedrito
MX,Mexico,México,81715,Bajosori,Sinaloa,25,Choix,007,,,26.6871,-108.3942,4,bajosori
MX,Mexico,México,81715,El Guayabito,Sinaloa,25,Choix,007,,,26.71,-108.4033,4,el-guayabito
MX,Mexico,México,81716,Las Urracas,Sinaloa,25,Choix,007,,,26.7499,-108.4187,4,las-urracas
MX,Mexico,México,81716,Tabucahui,Sinaloa,25,Choix,007,,,26.7258,-108.4155,4,tabucahui
MX,Mexico,México,81716,Rancho Nuevo,Sinaloa,25,Choix,007,,,26.7032,-108.4481,4,rancho-nuevo
MX,Mexico,México,81716,San José de los Portillo,Sinaloa,25,Choix,007,,,26.7269,-108.4006,4,san-jose-de-los-portillo
MX,Mexico,México,81716,Estación Loreto,Sinaloa,25,Choix,007,,,26.7289,-108.4247,3,estacion-loreto
MX,Mexico,México,81716,Loreto,Sinaloa,25,Choix,007,,,26.7386,-108.4406,4,loreto
MX,Mexico,México,81717,Toipaqui,Sinaloa,25,Choix,007,,,26.7593,-108.4129,3,toipaqui
MX,Mexico,México,81717,El Rancho,Sinaloa,25,Choix,007,,,26.7716,-108.4374,4,el-rancho
MX,Mexico,México,81717,Las Rastras,Sinaloa,25,Choix,007,,,26.7347,-108.3542,4,las-rastras
MX,Mexico,México,81717,Loretillo,Sinaloa,25,Choix,007,,,26.7657,-108.4389,4,loretillo
MX,Mexico,México,81717,El Altillo,Sinaloa,25,Choix,007,,,26.7651,-108.4212,4,el-altillo
MX,Mexico,México,81718,Los Arenales,Sinaloa,25,Choix,007,,,26.8088,-108.5024,4,los-arenales
MX,Mexico,México,81718,El Veranito,Sinaloa,25,Choix,007,,,26.8643,-108.4177,4,el-veranito
MX,Mexico,México,81718,El Embarcadero,Sinaloa,25,Choix,007,,,26.8044,-108.4513,4,el-embarcadero
MX,Mexico,México,81718,El Zataque,Sinaloa,25,Choix,007,,,26.8751,-108.5015,4,el-zataque
MX,Mexico,México,81718,Los Chinitos,Sinaloa,25,Choix,007,,,26.7951,-108.4956,4,los-chinitos
MX,Mexico,México,81718,Agua Caliente de Baca,Sinaloa,25,Choix,007,,,26.8065,-108.4269,4,agua-caliente-de-baca
MX,Mexico,México,81718,Baca,Sinaloa,25,Choix,007,,,26.7973,-108.4489,4,baca
MX,Mexico,México,81718,Conicari,Sinaloa,25,Choix,007,,,26.8289,-108.4516,4,conicari
MX,Mexico,México,81718,El Aguaje,Sinaloa,25,Choix,007,,,26.8453,-108.4579,4,el-aguaje
MX,Mexico,México,81718,Subilimayo,Sinaloa,25,Choix,007,,,26.8264,-108.4637,3,subilimayo
MX,Mexico,México,81718,La Tuna,Sinaloa,25,Choix,007,,,26.8632,-108.4828,4,la-tuna
MX,Mexico,México,81718,La Estancia,Sinaloa,25,Choix,007,,,26.7877,-108.4746,4,la-estancia
MX,Mexico,México,81718,El Garabato,Sinaloa,25,Choix,007,,,26.8405,-108.4533,4,el-garabato
MX,Mexico,México,81719,San Antonio,Sinaloa,25,Choix,007,,,27.0073,-108.4302,4,san-antonio
MX,Mexico,México,81719,El Cajoncito (La Cieneguita),Sinaloa,25,Choix,007,,,26.8868,-108.4382,4,el-cajoncito-la-cieneguita
MX,Mexico,México,81719,Las Cruces,Sinaloa,25,Choix,007,,,26.8864,-108.39,4,las-cruces
MX,Mexico,México,81719,El Descanso,Sinaloa,25,Choix,007,,,26.9299,-108.3902,4,el-descanso
MX,Mexico,México,81719,Los Pozos,Sinaloa,25,Choix,007,,,26.6802,-108.277,3,los-pozos
MX,Mexico,México,81720,Los Cedros,Sinaloa,25,Choix,007,,,26.6558,-108.163,4,los-cedros
MX,Mexico,México,81724,Último Vado,Sinaloa,25,Choix,007,,,26.6873,-108.1473,4,ultimo-vado
MX,Mexico,México,81724,Las Higueras,Sinaloa,25,Choix,007,,,26.7308,-108.1068,4,las-higueras
MX,Mexico,México,81724,El Muerto,Sinaloa,25,Choix,007,,,26.6683,-108.1427,4,el-muerto
MX,Mexico,México,81724,Las Presitas,Sinaloa,25,Choix,007,,,26.6705,-108.1427,4,las-presitas
MX,Mexico,México,81724,La Nopalera,Sinaloa,25,Choix,007,,,26.7152,-108.1157,4,la-nopalera
MX,Mexico,México,81724,Tezcalama (Tezcalama de Tararán),Sinaloa,25,Choix,007,,,26.6944,-108.131,3,tezcalama-tezcalama-de-tararan
MX,Mexico,México,81725,Los Alisos,Sinaloa,25,Choix,007,,,26.725,-108.0297,4,los-alisos
MX,Mexico,México,81725,Tararancito,Sinaloa,25,Choix,007,,,26.7169,-108.0591,4,tararancito
MX,Mexico,México,81725,Los Cocos,Sinaloa,25,Choix,007,,,26.7455,-108.0288,4,los-cocos
MX,Mexico,México,81725,El Carricito,Sinaloa,25,Choix,007,,,26.7112,-108.03,4,el-carricito
MX,Mexico,México,81725,El Tule,Sinaloa,25,Choix,007,,,26.7258,-108.0561,4,el-tule
MX,Mexico,México,81727,El Bainoral,Sinaloa,25,Choix,007,,,26.7076,-108.1672,4,el-bainoral
MX,Mexico,México,81727,El Trigo,Sinaloa,25,Choix,007,,,26.7279,-108.2021,4,el-trigo
MX,Mexico,México,81727,Huillachapa (Buenavista),Sinaloa,25,Choix,007,,,26.7086,-108.1986,4,huillachapa-buenavista
MX,Mexico,México,81727,Las Canoas (Huillachapa),Sinaloa,25,Choix,007,,,26.7019,-108.1793,4,las-canoas-huillachapa
MX,Mexico,México,81730,La Cieneguita de Núñez,Sinaloa,25,Choix,007,,,26.8291,-108.1699,4,la-cieneguita-de-nunez
MX,Mexico,México,81733,El Oro,Sinaloa,25,Choix,007,,,26.6802,-108.277,3,el-oro
MX,Mexico,México,81733,La Culebra,Sinaloa,25,Choix,007,,,26.8223,-108.1135,4,la-culebra
MX,Mexico,México,81734,Corral Quemado,Sinaloa,25,Choix,007,,,26.629,-108.132,4,corral-quemado
MX,Mexico,México,81734,La Ladrillera de Madriles,Sinaloa,25,Choix,007,,,26.7728,-108.1081,3,la-ladrillera-de-madriles
MX,Mexico,México,81734,El Difunto,Sinaloa,25,Choix,007,,,26.782,-108.125,4,el-difunto
MX,Mexico,México,81734,El Real Blanco,Sinaloa,25,Choix,007,,,26.7778,-108.0775,4,el-real-blanco
MX,Mexico,México,81734,Madriles,Sinaloa,25,Choix,007,,,26.7613,-108.1128,4,madriles
MX,Mexico,México,81734,Puerto la Judía,Sinaloa,25,Choix,007,,,26.7829,-108.1031,4,puerto-la-judia
MX,Mexico,México,81734,Mina Fría,Sinaloa,25,Choix,007,,,26.7702,-108.0457,4,mina-fria
MX,Mexico,México,81734,Las Juntas,Sinaloa,25,Choix,007,,,26.8088,-108.1324,4,las-juntas
MX,Mexico,México,81734,El Saucito,Sinaloa,25,Choix,007,,,26.8147,-108.1193,4,el-saucito
MX,Mexico,México,81734,El Palmar,Sinaloa,25,Choix,007,,,26.7997,-108.089,4,el-palmar
MX,Mexico,México,81734,El Saucillo,Sinaloa,25,Choix,007,,,26.8016,-108.1439,4,el-saucillo
MX,Mexico,México,81735,Cieneguita,Sinaloa,25,Choix,007,,,26.6457,-108.113,4,cieneguita
MX,Mexico,México,81735,El Sauz,Sinaloa,25,Choix,007,,,26.7425,-108.0981,4,el-sauz
MX,Mexico,México,81735,El Tacuache,Sinaloa,25,Choix,007,,,26.7463,-108.0876,4,el-tacuache
MX,Mexico,México,81736,Coscomate,Sinaloa,25,Choix,007,,,26.7226,-108.1454,4,coscomate
MX,Mexico,México,81736,José Lucas,Sinaloa,25,Choix,007,,,26.7381,-108.1701,4,jose-lucas
MX,Mexico,México,81736,Zapote de Madriles,Sinaloa,25,Choix,007,,,26.7669,-108.1452,4,zapote-de-madriles
MX,Mexico,México,81736,El Orito,Sinaloa,25,Choix,007,,,26.7342,-108.1816,4,el-orito
MX,Mexico,México,81737,El Guamúchil (Guamúchil de los Valdez),Sinaloa,25,Choix,007,,,26.7624,-108.2233,3,el-guamuchil-guamuchil-de-los-valdez
MX,Mexico,México,81737,Cajón de Cancio,Sinaloa,25,Choix,007,,,26.7758,-108.2275,4,cajon-de-cancio
MX,Mexico,México,81737,Potrero de Cancio,Sinaloa,25,Choix,007,,,26.7491,-108.2191,4,potrero-de-cancio
MX,Mexico,México,81738,El Babu,Sinaloa,25,Choix,007,,,26.6659,-108.3418,4,el-babu
MX,Mexico,México,81738,El Mochiqui,Sinaloa,25,Choix,007,,,26.6721,-108.3134,3,el-mochiqui
MX,Mexico,México,81738,La Molienda,Sinaloa,25,Choix,007,,,26.7008,-108.3068,4,la-molienda
MX,Mexico,México,81738,Los Mimbres,Sinaloa,25,Choix,007,,,26.6588,-108.3018,4,los-mimbres
MX,Mexico,México,81738,El Saquillo,Sinaloa,25,Choix,007,,,26.6467,-108.3058,4,el-saquillo
MX,Mexico,México,81738,El Mochiquito,Sinaloa,25,Choix,007,,,26.709,-108.3506,4,el-mochiquito
MX,Mexico,México,81738,La Sauceda,Sinaloa,25,Choix,007,,,26.6705,-108.3388,4,la-sauceda
MX,Mexico,México,81738,Las Pilas,Sinaloa,25,Choix,007,,,26.6527,-108.2485,4,las-pilas
MX,Mexico,México,81740,Los Mautos,Sinaloa,25,Choix,007,,,26.7319,-108.5042,4,los-mautos
MX,Mexico,México,81740,El Sauz de Baca,Sinaloa,25,Choix,007,,,26.7508,-108.4853,3,el-sauz-de-baca
MX,Mexico,México,81740,Techobampo de los Cota,Sinaloa,25,Choix,007,,,26.7697,-108.4664,4,techobampo-de-los-cota
MX,Mexico,México,81740,Agua Zarca,Sinaloa,25,Choix,007,,,26.6802,-108.277,3,agua-zarca
MX,Mexico,México,81743,San Javier,Sinaloa,25,Choix,007,,,26.6728,-108.459,4,san-javier
MX,Mexico,México,81743,Techobampo de los Montes,Sinaloa,25,Choix,007,,,26.6775,-108.4744,4,techobampo-de-los-montes
MX,Mexico,México,81743,La Piedra Bola,Sinaloa,25,Choix,007,,,26.6555,-108.4932,4,la-piedra-bola
MX,Mexico,México,81743,Los Cauques,Sinaloa,25,Choix,007,,,26.671,-108.4827,4,los-cauques
MX,Mexico,México,81743,Agua Nueva,Sinaloa,25,Choix,007,,,26.6819,-108.4892,4,agua-nueva
MX,Mexico,México,81743,San Isidro,Sinaloa,25,Choix,007,,,26.6619,-108.478,4,san-isidro
MX,Mexico,México,81745,La Ciénega,Sinaloa,25,Choix,007,,,26.6307,-108.4537,4,la-cienega
MX,Mexico,México,81746,Buyubampo,Sinaloa,25,Choix,007,,,26.6914,-108.5096,1,buyubampo
MX,Mexico,México,81746,La Viuda,Sinaloa,25,Choix,007,,,26.6802,-108.277,1,la-viuda
MX,Mexico,México,81746,El Ranchito de Buyubampo,Sinaloa,25,Choix,007,,,26.6914,-108.5096,1,el-ranchito-de-buyubampo
MX,Mexico,México,81749,Tres Hermanos,Sinaloa,25,Choix,007,,,26.7096,-108.6027,4,tres-hermanos
MX,Mexico,México,81749,El Pajarito,Sinaloa,25,Choix,007,,,26.6784,-108.5491,4,el-pajarito
MX,Mexico,México,81749,Los Batequis,Sinaloa,25,Choix,007,,,26.7102,-108.5944,4,los-batequis
MX,Mexico,México,81749,Los Picachos,Sinaloa,25,Choix,007,,,26.7366,-108.5783,4,los-picachos
MX,Mexico,México,81749,El Tepeguaje (Caballihuaza),Sinaloa,25,Choix,007,,,26.7087,-108.5811,3,el-tepeguaje-caballihuaza
MX,Mexico,México,81750,El Guayabo de San Pantaleón,Sinaloa,25,Choix,007,,,26.6424,-108.1034,3,el-guayabo-de-san-pantaleon
MX,Mexico,México,81750,Las Juntas,Sinaloa,25,Choix,007,,,26.6309,-108.1069,4,las-juntas
MX,Mexico,México,81750,San Pantaleón,Sinaloa,25,Choix,007,,,26.648,-108.0837,4,san-pantaleon
MX,Mexico,México,81750,La Guayepa,Sinaloa,25,Choix,007,,,26.6447,-108.1163,4,la-guayepa
MX,Mexico,México,81750,San Antonio,Sinaloa,25,Choix,007,,,26.6361,-108.0872,4,san-antonio
MX,Mexico,México,81750,El Saucillo,Sinaloa,25,Choix,007,,,26.6523,-108.1231,4,el-saucillo
MX,Mexico,México,81753,Rancho Viejo,Sinaloa,25,Choix,007,,,26.6826,-108.2859,4,rancho-viejo
MX,Mexico,México,81753,El Sabino Gordo,Sinaloa,25,Choix,007,,,26.6772,-108.1046,4,el-sabino-gordo
MX,Mexico,México,81753,Potrerillo,Sinaloa,25,Choix,007,,,26.6823,-108.0796,4,potrerillo
MX,Mexico,México,81753,Moliendita,Sinaloa,25,Choix,007,,,26.6728,-108.0312,4,moliendita
MX,Mexico,México,81753,Los Mirasoles,Sinaloa,25,Choix,007,,,26.6894,-108.0202,4,los-mirasoles
MX,Mexico,México,81753,El Chapote,Sinaloa,25,Choix,007,,,26.6827,-108.0209,4,el-chapote
MX,Mexico,México,81753,El Hornito,Sinaloa,25,Choix,007,,,26.6645,-108.0444,4,el-hornito
MX,Mexico,México,81753,El Sauz de San Isidro,Sinaloa,25,Choix,007,,,26.6813,-108.021,4,el-sauz-de-san-isidro
MX,Mexico,México,81753,San Isidro,Sinaloa,25,Choix,007,,,26.6619,-108.478,4,san-isidro
MX,Mexico,México,81754,Santa Rosa,Sinaloa,25,Choix,007,,,26.6177,-108.0851,4,santa-rosa
MX,Mexico,México,81754,Horconcitos,Sinaloa,25,Choix,007,,,26.6295,-108.0647,4,horconcitos
MX,Mexico,México,81754,Los Llanitos,Sinaloa,25,Choix,007,,,26.6105,-108.0813,4,los-llanitos
MX,Mexico,México,81754,El Palmarito,Sinaloa,25,Choix,007,,,26.615,-108.0731,4,el-palmarito
MX,Mexico,México,81755,San Pedro,Sinaloa,25,Choix,007,,,26.609,-108.1079,3,san-pedro
MX,Mexico,México,81755,San José de los Llanos (Los Llanos),Sinaloa,25,Choix,007,,,26.5972,-108.09,4,san-jose-de-los-llanos-los-llanos
MX,Mexico,México,81755,Santana,Sinaloa,25,Choix,007,,,26.6183,-108.1299,4,santana
MX,Mexico,México,81755,El Potrerito,Sinaloa,25,Choix,007,,,26.6115,-108.1039,4,el-potrerito
MX,Mexico,México,81756,Sauz de Baymena (El Sauz),Sinaloa,25,Choix,007,,,26.5942,-108.2747,4,sauz-de-baymena-el-sauz
MX,Mexico,México,81756,El Zapote de Baymena,Sinaloa,25,Choix,007,,,26.5564,-108.2736,4,el-zapote-de-baymena
MX,Mexico,México,81756,La Estancia de Baymena,Sinaloa,25,Choix,007,,,26.5739,-108.2656,4,la-estancia-de-baymena
MX,Mexico,México,81756,Rincón Grande de Baymena,Sinaloa,25,Choix,007,,,26.5486,-108.2814,4,rincon-grande-de-baymena
MX,Mexico,México,81757,Mesa de los Torres,Sinaloa,25,Choix,007,,,26.6189,-108.2944,4,mesa-de-los-torres
MX,Mexico,México,81757,Nacapule,Sinaloa,25,Choix,007,,,26.6349,-108.3263,4,nacapule
MX,Mexico,México,81757,Guadalupe,Sinaloa,25,Choix,007,,,26.6211,-108.3194,4,guadalupe
MX,Mexico,México,81760,Venicia,Sinaloa,25,Choix,007,,,26.5742,-108.3544,4,venicia
MX,Mexico,México,81760,Baymena,Sinaloa,25,Choix,007,,,26.5672,-108.3624,3,baymena
MX,Mexico,México,81760,Agua Caliente Grande (De Gastélum),Sinaloa,25,Choix,007,,,26.5376,-108.3481,4,agua-caliente-grande-de-gastelum
MX,Mexico,México,81760,Santa Ana,Sinaloa,25,Choix,007,,,26.5898,-108.3847,4,santa-ana
MX,Mexico,México,81760,El Aguajito de Bajahui,Sinaloa,25,Choix,007,,,26.5672,-108.3624,3,el-aguajito-de-bajahui
MX,Mexico,México,81763,Las Guayabas,Sinaloa,25,Choix,007,,,26.5119,-108.3053,4,las-guayabas
MX,Mexico,México,81763,Baymena,Sinaloa,25,Choix,007,,,26.5166,-108.3065,3,baymena
MX,Mexico,México,81763,La Igualama,Sinaloa,25,Choix,007,,,26.5213,-108.3077,4,la-igualama
MX,Mexico,México,81764,El Frijol,Sinaloa,25,Choix,007,,,26.411,-108.2918,4,el-frijol
MX,Mexico,México,81764,El Cojinillo,Sinaloa,25,Choix,007,,,26.4349,-108.2061,4,el-cojinillo
MX,Mexico,México,81764,San José de los Pericos,Sinaloa,25,Choix,007,,,26.3918,-108.2759,4,san-jose-de-los-pericos
MX,Mexico,México,81764,Chavira,Sinaloa,25,Choix,007,,,26.442,-108.1847,4,chavira
MX,Mexico,México,81764,Chicuras,Sinaloa,25,Choix,007,,,26.4641,-108.1929,4,chicuras
MX,Mexico,México,81764,El Chapote,Sinaloa,25,Choix,007,,,26.4603,-108.2186,4,el-chapote
MX,Mexico,México,81764,La Rondana,Sinaloa,25,Choix,007,,,26.4227,-108.3038,4,la-rondana
MX,Mexico,México,81764,San José de Choix (Las Lajitas),Sinaloa,25,Choix,007,,,26.3907,-108.2905,4,san-jose-de-choix-las-lajitas
MX,Mexico,México,81764,Casa Vieja,Sinaloa,25,Choix,007,,,26.4077,-108.1827,4,casa-vieja
MX,Mexico,México,81764,Los Chinos,Sinaloa,25,Choix,007,,,26.4191,-108.2419,4,los-chinos
MX,Mexico,México,81764,La Mesa del Oro,Sinaloa,25,Choix,007,,,26.4432,-108.1948,4,la-mesa-del-oro
MX,Mexico,México,81764,El Carrizo de los Torres,Sinaloa,25,Choix,007,,,26.438,-108.1384,4,el-carrizo-de-los-torres
MX,Mexico,México,81764,Agua Calientilla,Sinaloa,25,Choix,007,,,26.4419,-108.2008,4,agua-calientilla
MX,Mexico,México,81764,Yecorato,Sinaloa,25,Choix,007,,,26.4297,-108.2183,4,yecorato
MX,Mexico,México,81764,Vinaterías,Sinaloa,25,Choix,007,,,26.4725,-108.1757,4,vinaterias
MX,Mexico,México,81764,Los Pericos,Sinaloa,25,Choix,007,,,26.3918,-108.2759,4,los-pericos
MX,Mexico,México,81765,Los Cedros,Sinaloa,25,Choix,007,,,26.6558,-108.163,4,los-cedros
MX,Mexico,México,81765,El Cajón de los Félix,Sinaloa,25,Choix,007,,,26.5219,-108.4197,4,el-cajon-de-los-felix
MX,Mexico,México,81765,Rincón de Agua Caliente Grande,Sinaloa,25,Choix,007,,,26.5192,-108.3792,4,rincon-de-agua-caliente-grande
MX,Mexico,México,81765,Antonio Rosales (El Disparate),Sinaloa,25,Choix,007,,,26.5644,-108.4123,4,antonio-rosales-el-disparate
MX,Mexico,México,81765,El Colexio,Sinaloa,25,Choix,007,,,26.5518,-108.4405,4,el-colexio
MX,Mexico,México,81766,El Terrero,Sinaloa,25,Choix,007,,,26.4892,-108.1334,4,el-terrero
MX,Mexico,México,81766,Los Chapotes,Sinaloa,25,Choix,007,,,26.3596,-108.1728,4,los-chapotes
MX,Mexico,México,81766,El Realito de los Espinoza,Sinaloa,25,Choix,007,,,26.328,-108.0778,4,el-realito-de-los-espinoza
MX,Mexico,México,81766,Ranchito de Cabrera,Sinaloa,25,Choix,007,,,26.3672,-108.1643,4,ranchito-de-cabrera
MX,Mexico,México,81766,Las Lajas,Sinaloa,25,Choix,007,,,26.3637,-108.1569,4,las-lajas
MX,Mexico,México,81766,Cañada el Rengo,Sinaloa,25,Choix,007,,,26.3269,-108.122,4,canada-el-rengo
MX,Mexico,México,81766,La Vinata,Sinaloa,25,Choix,007,,,26.3403,-108.1602,4,la-vinata
MX,Mexico,México,81766,Potrero de los Fierro,Sinaloa,25,Choix,007,,,26.3393,-108.1011,4,potrero-de-los-fierro
MX,Mexico,México,81766,El Platanito,Sinaloa,25,Choix,007,,,26.3531,-108.1302,4,el-platanito
MX,Mexico,México,81770,Los Laureles,Sinaloa,25,Choix,007,,,26.4864,-108.0745,4,los-laureles
MX,Mexico,México,81770,Casas Viejas,Sinaloa,25,Choix,007,,,26.4886,-108.1056,4,casas-viejas
MX,Mexico,México,81770,Bacayopa,Sinaloa,25,Choix,007,,,26.4674,-108.1069,4,bacayopa
MX,Mexico,México,81770,Pie de la Cuesta (Los Laureles),Sinaloa,25,Choix,007,,,26.4811,-108.1102,4,pie-de-la-cuesta-los-laureles
MX,Mexico,México,81770,Las Mercedes,Sinaloa,25,Choix,007,,,26.4607,-108.1103,4,las-mercedes
MX,Mexico,México,81770,El Llano,Sinaloa,25,Choix,007,,,26.4547,-108.1027,4,el-llano
MX,Mexico,México,81770,La Cuevita,Sinaloa,25,Choix,007,,,26.4661,-108.1138,4,la-cuevita
MX,Mexico,México,81770,El Cajón,Sinaloa,25,Choix,007,,,26.4691,-108.1032,4,el-cajon
MX,Mexico,México,81770,El Pinito (La Cañada de León),Sinaloa,25,Choix,007,,,26.4916,-108.0843,4,el-pinito-la-canada-de-leon
MX,Mexico,México,81773,Sacochi (Haracoche),Sinaloa,25,Choix,007,,,26.5724,-108.1807,4,sacochi-haracoche
MX,Mexico,México,81773,El Sabino,Sinaloa,25,Choix,007,,,26.5417,-108.1363,4,el-sabino
MX,Mexico,México,81773,Las Ranas,Sinaloa,25,Choix,007,,,26.5616,-108.1963,4,las-ranas
MX,Mexico,México,81773,El Taparullo,Sinaloa,25,Choix,007,,,26.5502,-108.1412,4,el-taparullo
MX,Mexico,México,81774,El Píchol,Sinaloa,25,Choix,007,,,26.507,-108.0656,4,el-pichol
MX,Mexico,México,81774,Norogachic,Sinaloa,25,Choix,007,,,26.5368,-108.0161,4,norogachic
MX,Mexico,México,81774,Barranco de los Ruelas,Sinaloa,25,Choix,007,,,26.5376,-108.0617,4,barranco-de-los-ruelas
MX,Mexico,México,81774,La Sauceda,Sinaloa,25,Choix,007,,,26.4993,-108.0698,4,la-sauceda
MX,Mexico,México,81774,Sonogoris,Sinaloa,25,Choix,007,,,26.5014,-108.0763,4,sonogoris
MX,Mexico,México,81775,El Ranchito,Sinaloa,25,Choix,007,,,26.452,-108.0719,4,el-ranchito
MX,Mexico,México,81775,Puerto la Joya,Sinaloa,25,Choix,007,,,26.4578,-108.0314,4,puerto-la-joya
MX,Mexico,México,81775,La Chirimoya,Sinaloa,25,Choix,007,,,26.4711,-108.0399,4,la-chirimoya
MX,Mexico,México,81775,El Reparo,Sinaloa,25,Choix,007,,,26.4751,-108.0482,4,el-reparo
MX,Mexico,México,81775,La Cumbre,Sinaloa,25,Choix,007,,,26.4566,-108.0407,4,la-cumbre
MX,Mexico,México,81775,La Sidra,Sinaloa,25,Choix,007,,,26.4784,-108.0335,4,la-sidra
MX,Mexico,México,81776,Puerto del Reparo,Sinaloa,25,Choix,007,,,26.4613,-108.065,4,puerto-del-reparo
MX,Mexico,México,81776,Los Parajes,Sinaloa,25,Choix,007,,,26.4524,-108.0587,4,los-parajes
MX,Mexico,México,81776,San Simón,Sinaloa,25,Choix,007,,,26.4505,-108.0818,4,san-simon
MX,Mexico,México,81776,El Limón,Sinaloa,25,Choix,007,,,26.4452,-108.093,4,el-limon
MX,Mexico,México,81776,El Carrizo de los Sarmiento,Sinaloa,25,Choix,007,,,26.4078,-108.0713,4,el-carrizo-de-los-sarmiento
MX,Mexico,México,81776,Potrero de los Ceceña,Sinaloa,25,Choix,007,,,26.4455,-108.0634,4,potrero-de-los-cecena
MX,Mexico,México,81777,El Realito,Sinaloa,25,Choix,007,,,26.5013,-108.1954,4,el-realito
MX,Mexico,México,81777,Las Arenas,Sinaloa,25,Choix,007,,,26.5246,-108.1876,4,las-arenas
MX,Mexico,México,81777,La Noria de Minitas,Sinaloa,25,Choix,007,,,26.4953,-108.1738,4,la-noria-de-minitas
MX,Mexico,México,81777,El Ancón,Sinaloa,25,Choix,007,,,26.4975,-108.1977,4,el-ancon
MX,Mexico,México,81777,El Terrero,Sinaloa,25,Choix,007,,,26.4892,-108.1334,4,el-terrero
MX,Mexico,México,81777,Las Algarrobas,Sinaloa,25,Choix,007,,,26.4889,-108.18,4,las-algarrobas
MX,Mexico,México,81777,Batayaqui,Sinaloa,25,Choix,007,,,26.4993,-108.1969,4,batayaqui
MX,Mexico,México,81777,Cadena,Sinaloa,25,Choix,007,,,26.4849,-108.1668,4,cadena
MX,Mexico,México,81780,Macoribo,Sinaloa,25,Choix,007,,,26.99,-108.2039,4,macoribo
MX,Mexico,México,81783,Los Molinos,Sinaloa,25,Choix,007,,,26.978,-108.275,4,los-molinos
MX,Mexico,México,81783,Huepaco,Sinaloa,25,Choix,007,,,26.9679,-108.273,4,huepaco
MX,Mexico,México,81784,Las Juntas de Osornio,Sinaloa,25,Choix,007,,,26.923,-108.3127,3,las-juntas-de-osornio
MX,Mexico,México,81784,Tacopaco,Sinaloa,25,Choix,007,,,26.923,-108.3127,4,tacopaco
MX,Mexico,México,82700,La Cruz Centro,Sinaloa,25,Elota,008,La Cruz,17,23.9749,-106.814,1,la-cruz-centro
MX,Mexico,México,82702,Arroyitos,Sinaloa,25,Elota,008,La Cruz,17,23.8668,-106.8482,4,arroyitos
MX,Mexico,México,82703,Los Claveles,Sinaloa,25,Elota,008,La Cruz,17,23.9749,-106.814,1,los-claveles
MX,Mexico,México,82703,Nuevo Amanecer,Sinaloa,25,Elota,008,La Cruz,17,23.9749,-106.814,1,nuevo-amanecer
MX,Mexico,México,82703,Colinas Del Rio,Sinaloa,25,Elota,008,La Cruz,17,23.9749,-106.814,1,colinas-del-rio
MX,Mexico,México,82703,Santa Cruz,Sinaloa,25,Elota,008,La Cruz,17,24.0432,-106.8424,1,santa-cruz
MX,Mexico,México,82703,Las Brisas,Sinaloa,25,Elota,008,La Cruz,17,24.0432,-106.8424,1,las-brisas
MX,Mexico,México,82703,Macías,Sinaloa,25,Elota,008,La Cruz,17,23.9749,-106.814,1,macias
MX,Mexico,México,82703,Los Árboles,Sinaloa,25,Elota,008,La Cruz,17,23.9749,-106.814,1,los-arboles
MX,Mexico,México,82704,Pedregal,Sinaloa,25,Elota,008,La Cruz,17,24.083,-106.7797,3,pedregal
MX,Mexico,México,82704,Loma Linda,Sinaloa,25,Elota,008,La Cruz,17,24.083,-106.7797,4,loma-linda
MX,Mexico,México,82705,Ejidal,Sinaloa,25,Elota,008,La Cruz,17,24.0432,-106.8424,1,ejidal
MX,Mexico,México,82706,Margarita,Sinaloa,25,Elota,008,La Cruz,17,24.0432,-106.8424,1,margarita
MX,Mexico,México,82706,Palos Blancos,Sinaloa,25,Elota,008,La Cruz,17,24.0432,-106.8424,1,palos-blancos
MX,Mexico,México,82706,Victor Manuel Quintero,Sinaloa,25,Elota,008,La Cruz,17,23.9749,-106.814,1,victor-manuel-quintero
MX,Mexico,México,82707,Miramar,Sinaloa,25,Elota,008,La Cruz,17,24.0432,-106.8424,1,miramar
MX,Mexico,México,82708,Guadalupe Victoria,Sinaloa,25,Elota,008,La Cruz,17,24.0432,-106.8424,1,guadalupe-victoria
MX,Mexico,México,82708,Montebello,Sinaloa,25,Elota,008,La Cruz,17,23.9749,-106.814,1,montebello
MX,Mexico,México,82708,Vicente Escobar,Sinaloa,25,Elota,008,La Cruz,17,23.9749,-106.814,1,vicente-escobar
MX,Mexico,México,82710,Ibonia,Sinaloa,25,Elota,008,,,24.2578,-106.7585,4,ibonia
MX,Mexico,México,82713,El Sabinal,Sinaloa,25,Elota,008,,,24.2357,-106.7464,4,el-sabinal
MX,Mexico,México,82720,Zoquititan,Sinaloa,25,Elota,008,,,24.1903,-106.6945,4,zoquititan
MX,Mexico,México,82721,Conitaca,Sinaloa,25,Elota,008,,,24.1776,-106.7326,4,conitaca
MX,Mexico,México,82721,Salto Chico,Sinaloa,25,Elota,008,,,24.1365,-106.7304,4,salto-chico
MX,Mexico,México,82723,Chirimole,Sinaloa,25,Elota,008,,,24.2052,-106.6455,4,chirimole
MX,Mexico,México,82724,Japuino,Sinaloa,25,Elota,008,,,24.114,-106.7585,4,japuino
MX,Mexico,México,82725,Nuevo Salto Grande,Sinaloa,25,Elota,008,,,24.0934,-106.7672,4,nuevo-salto-grande
MX,Mexico,México,82728,Elota,Sinaloa,25,Elota,008,,,23.9696,-106.711,4,elota
MX,Mexico,México,82730,El Espinal,Sinaloa,25,Elota,008,,,24.1215,-106.8926,4,el-espinal
MX,Mexico,México,82730,San José de Conitaca (Nuevo Conitaca),Sinaloa,25,Elota,008,,,24.1208,-106.8828,4,san-jose-de-conitaca-nuevo-conitaca
MX,Mexico,México,82739,El Aguaje,Sinaloa,25,Elota,008,,,24.0989,-106.836,4,el-aguaje
MX,Mexico,México,82740,Potrerillos Del Norte,Sinaloa,25,Elota,008,,,24.0915,-106.925,1,potrerillos-del-norte
MX,Mexico,México,82741,Alta Rosa (Pípila II),Sinaloa,25,Elota,008,,,24.1542,-106.9994,4,alta-rosa-pipila-ii
MX,Mexico,México,82743,Vida Campesina,Sinaloa,25,Elota,008,,,24.1275,-106.9263,4,vida-campesina
MX,Mexico,México,82745,Higuera de Culiacancito,Sinaloa,25,Elota,008,,,24.0993,-106.9239,4,higuera-de-culiacancito
MX,Mexico,México,82747,El Carrizo,Sinaloa,25,Elota,008,,,24.0142,-106.852,4,el-carrizo
MX,Mexico,México,82747,Emiliano Zapata,Sinaloa,25,Elota,008,,,24.0627,-106.9232,4,emiliano-zapata
MX,Mexico,México,82757,Las Tinas,Sinaloa,25,Elota,008,,,24.1439,-106.9172,4,las-tinas
MX,Mexico,México,82758,Casas Viejas,Sinaloa,25,Elota,008,,,24.0381,-106.8096,4,casas-viejas
MX,Mexico,México,82758,El Bolillo,Sinaloa,25,Elota,008,,,24.0193,-106.8201,4,el-bolillo
MX,Mexico,México,82760,Agua Nueva,Sinaloa,25,Elota,008,,,24.0886,-106.8228,4,agua-nueva
MX,Mexico,México,82763,Ensenada,Sinaloa,25,Elota,008,,,24.0594,-106.7003,4,ensenada
MX,Mexico,México,82764,Casas Grandes,Sinaloa,25,Elota,008,,,24.0742,-106.7846,4,casas-grandes
MX,Mexico,México,82766,Pueblo Nuevo,Sinaloa,25,Elota,008,,,23.9911,-106.9564,4,pueblo-nuevo
MX,Mexico,México,82770,Tanques,Sinaloa,25,Elota,008,,,24.0635,-107.0136,4,tanques
MX,Mexico,México,82773,Campo Cachanilla,Sinaloa,25,Elota,008,,,24.005,-106.9922,4,campo-cachanilla
MX,Mexico,México,82773,Culiacán (Culiacancito),Sinaloa,25,Elota,008,,,24.0031,-107.0294,4,culiacan-culiacancito
MX,Mexico,México,82773,Boscoso,Sinaloa,25,Elota,008,,,24.0286,-106.9896,4,boscoso
MX,Mexico,México,82775,Campo Santa Lucía II,Sinaloa,25,Elota,008,,,24.0177,-106.9775,1,campo-santa-lucia-ii
MX,Mexico,México,82775,Campo San Juan,Sinaloa,25,Elota,008,,,24.0432,-106.8424,1,campo-san-juan
MX,Mexico,México,82776,Campo Cinco (La Retama),Sinaloa,25,Elota,008,,,23.9906,-106.8986,4,campo-cinco-la-retama
MX,Mexico,México,82777,Los Caimanes,Sinaloa,25,Elota,008,,,24.0158,-106.9414,4,los-caimanes
MX,Mexico,México,82777,Campo Caimanes II,Sinaloa,25,Elota,008,,,24.0158,-106.9414,3,campo-caimanes-ii
MX,Mexico,México,82777,Caimanes II,Sinaloa,25,Elota,008,,,24.0158,-106.9414,3,caimanes-ii
MX,Mexico,México,82780,Celestino Gazca Villaseñor,Sinaloa,25,Elota,008,,,23.8192,-106.88,4,celestino-gazca-villasenor
MX,Mexico,México,82786,Campo Los Naranjos,Sinaloa,25,Elota,008,,,23.8859,-106.8896,1,campo-los-naranjos
MX,Mexico,México,82786,Campo Bellavista,Sinaloa,25,Elota,008,,,24.0432,-106.8424,1,campo-bellavista
MX,Mexico,México,82787,Ceuta,Sinaloa,25,Elota,008,,,23.9004,-106.9285,4,ceuta
MX,Mexico,México,82787,Empaque Tarriba,Sinaloa,25,Elota,008,,,23.9003,-106.9311,4,empaque-tarriba
MX,Mexico,México,82788,El Roble,Sinaloa,25,Elota,008,,,23.9238,-106.8187,4,el-roble
MX,Mexico,México,82790,Tayoltita,Sinaloa,25,Elota,008,,,23.8619,-106.865,4,tayoltita
MX,Mexico,México,82790,Saladito,Sinaloa,25,Elota,008,,,23.8699,-106.8478,4,saladito
MX,Mexico,México,82790,Píder (Los Arroyitos),Sinaloa,25,Elota,008,,,23.8659,-106.8564,3,pider-los-arroyitos
MX,Mexico,México,82790,Campo Tayoltita,Sinaloa,25,Elota,008,,,23.8659,-106.8564,3,campo-tayoltita
MX,Mexico,México,82790,Campo Tayoltita II,Sinaloa,25,Elota,008,,,23.8659,-106.8564,3,campo-tayoltita-ii
MX,Mexico,México,82791,Loma Del Tecuyo,Sinaloa,25,Elota,008,,,23.8667,-106.8294,1,loma-del-tecuyo
MX,Mexico,México,82792,Tecuyo,Sinaloa,25,Elota,008,,,23.912,-106.7271,4,tecuyo
MX,Mexico,México,82793,El Salado,Sinaloa,25,Elota,008,,,23.8993,-106.8369,4,el-salado
MX,Mexico,México,82797,Rosendo Nieblas,Sinaloa,25,Elota,008,,,23.7903,-106.87,4,rosendo-nieblas
MX,Mexico,México,82400,FOVISSSTE Buenos Aires,Sinaloa,25,Escuinapa,009,Escuinapa de Hidalgo,03,22.7395,-105.7263,1,fovissste-buenos-aires
MX,Mexico,México,82400,Escuinapa Centro,Sinaloa,25,Escuinapa,009,Escuinapa de Hidalgo,03,22.7395,-105.7263,1,escuinapa-centro
MX,Mexico,México,82410,INFONAVIT El Arroyo,Sinaloa,25,Escuinapa,009,Escuinapa de Hidalgo,03,22.7395,-105.7263,1,infonavit-el-arroyo
MX,Mexico,México,82410,Pueblo Nuevo,Sinaloa,25,Escuinapa,009,Escuinapa de Hidalgo,03,22.7241,-105.6859,1,pueblo-nuevo
MX,Mexico,México,82419,Loma Linda INFONAVIT Norte,Sinaloa,25,Escuinapa,009,Escuinapa de Hidalgo,03,22.7395,-105.7263,1,loma-linda-infonavit-norte
MX,Mexico,México,82420,INFONAVIT Arroyo Seco,Sinaloa,25,Escuinapa,009,Escuinapa de Hidalgo,03,22.8453,-105.7751,3,infonavit-arroyo-seco
MX,Mexico,México,82420,Azteca,Sinaloa,25,Escuinapa,009,Escuinapa de Hidalgo,03,22.8453,-105.7751,4,azteca
MX,Mexico,México,82420,Francisco I. Madero,Sinaloa,25,Escuinapa,009,Escuinapa de Hidalgo,03,22.7241,-105.6859,3,francisco-i-madero
MX,Mexico,México,82430,Insurgentes,Sinaloa,25,Escuinapa,009,Escuinapa de Hidalgo,03,22.7241,-105.6859,1,insurgentes
MX,Mexico,México,82430,El Roblito,Sinaloa,25,Escuinapa,009,Escuinapa de Hidalgo,03,22.7241,-105.6859,1,el-roblito
MX,Mexico,México,82440,10 de Mayo,Sinaloa,25,Escuinapa,009,Escuinapa de Hidalgo,03,22.7395,-105.7263,1,10-de-mayo
MX,Mexico,México,82457,Solidaridad,Sinaloa,25,Escuinapa,009,Escuinapa de Hidalgo,03,22.7241,-105.6859,3,solidaridad
MX,Mexico,México,82457,Emiliano Zapata,Sinaloa,25,Escuinapa,009,Escuinapa de Hidalgo,03,22.7241,-105.6859,3,emiliano-zapata
MX,Mexico,México,82457,Dámaso Murua,Sinaloa,25,Escuinapa,009,Escuinapa de Hidalgo,03,22.8264,-105.7826,4,damaso-murua
MX,Mexico,México,82457,El Paraíso,Sinaloa,25,Escuinapa,009,Escuinapa de Hidalgo,03,22.6828,-105.8182,4,el-paraiso
MX,Mexico,México,82457,INFONAVIT Las Flores,Sinaloa,25,Escuinapa,009,Escuinapa de Hidalgo,03,22.7546,-105.8004,3,infonavit-las-flores
MX,Mexico,México,82457,13 de Septiembre,Sinaloa,25,Escuinapa,009,Escuinapa de Hidalgo,03,22.7546,-105.8004,3,13-de-septiembre
MX,Mexico,México,82457,FOVISSSTE Paraíso,Sinaloa,25,Escuinapa,009,Escuinapa de Hidalgo,03,22.7546,-105.8004,3,fovissste-paraiso
MX,Mexico,México,82457,INFONAVIT Del Valle,Sinaloa,25,Escuinapa,009,Escuinapa de Hidalgo,03,22.7546,-105.8004,3,infonavit-del-valle
MX,Mexico,México,82458,Las Huertas INFONAVIT,Sinaloa,25,Escuinapa,009,Escuinapa de Hidalgo,03,22.8287,-105.7898,3,las-huertas-infonavit
MX,Mexico,México,82458,Las Huertas II INFONAVIT,Sinaloa,25,Escuinapa,009,Escuinapa de Hidalgo,03,22.8287,-105.7898,3,las-huertas-ii-infonavit
MX,Mexico,México,82458,Villa Galaxia,Sinaloa,25,Escuinapa,009,Escuinapa de Hidalgo,03,22.8287,-105.7898,4,villa-galaxia
MX,Mexico,México,82459,Antonio Toledo Corro,Sinaloa,25,Escuinapa,009,Escuinapa de Hidalgo,03,22.7241,-105.6859,1,antonio-toledo-corro
MX,Mexico,México,82459,Lázaro Cárdenas,Sinaloa,25,Escuinapa,009,Escuinapa de Hidalgo,03,22.7241,-105.6859,1,lazaro-cardenas
MX,Mexico,México,82459,INFONAVIT del Mar,Sinaloa,25,Escuinapa,009,Escuinapa de Hidalgo,03,22.7793,-105.7969,1,infonavit-del-mar
MX,Mexico,México,82460,Gabriel Leyva,Sinaloa,25,Escuinapa,009,Escuinapa de Hidalgo,03,22.5142,-105.4658,4,gabriel-leyva
MX,Mexico,México,82460,INFONAVIT Los Mangos,Sinaloa,25,Escuinapa,009,Escuinapa de Hidalgo,03,22.5142,-105.4658,3,infonavit-los-mangos
MX,Mexico,México,82460,Juvencio Aragón,Sinaloa,25,Escuinapa,009,Escuinapa de Hidalgo,03,22.5142,-105.4658,3,juvencio-aragon
MX,Mexico,México,82470,Benito Juárez,Sinaloa,25,Escuinapa,009,Escuinapa de Hidalgo,03,22.7241,-105.6859,1,benito-juarez
MX,Mexico,México,82478,Santa Lucía,Sinaloa,25,Escuinapa,009,Escuinapa de Hidalgo,03,22.7241,-105.6859,1,santa-lucia
MX,Mexico,México,82478,Ampliación Benito Juárez,Sinaloa,25,Escuinapa,009,Escuinapa de Hidalgo,03,22.7395,-105.7263,1,ampliacion-benito-juarez
MX,Mexico,México,82500,Rincón del Verde,Sinaloa,25,Escuinapa,009,,,22.8983,-105.8089,4,rincon-del-verde
MX,Mexico,México,82505,El Capomo,Sinaloa,25,Escuinapa,009,,,22.7241,-105.6859,4,el-capomo
MX,Mexico,México,82513,El Camarón,Sinaloa,25,Escuinapa,009,,,22.872,-105.6813,4,el-camaron
MX,Mexico,México,82517,Pilas de Estancia,Sinaloa,25,Escuinapa,009,,,22.9095,-105.5978,4,pilas-de-estancia
MX,Mexico,México,82530,José María Morelos y Pavón,Sinaloa,25,Escuinapa,009,,,22.7333,-105.8333,4,jose-maria-morelos-y-pavon
MX,Mexico,México,82530,Isla del Bosque,Sinaloa,25,Escuinapa,009,,,22.7331,-105.8456,4,isla-del-bosque
MX,Mexico,México,82532,Celaya,Sinaloa,25,Escuinapa,009,,,22.7642,-105.8581,4,celaya
MX,Mexico,México,82532,Revolución,Sinaloa,25,Escuinapa,009,,,22.7795,-105.8588,4,revolucion
MX,Mexico,México,82532,La Estacada,Sinaloa,25,Escuinapa,009,,,22.7799,-105.8541,4,la-estacada
MX,Mexico,México,82534,La Villita de la Estación,Sinaloa,25,Escuinapa,009,,,22.8152,-105.7785,4,la-villita-de-la-estacion
MX,Mexico,México,82540,Tecualilla,Sinaloa,25,Escuinapa,009,,,22.7667,-105.6717,4,tecualilla
MX,Mexico,México,82545,San Miguel de la Atarjea,Sinaloa,25,Escuinapa,009,,,22.7876,-105.6929,4,san-miguel-de-la-atarjea
MX,Mexico,México,82550,La Campana Número Dos (El Pochote),Sinaloa,25,Escuinapa,009,,,22.7197,-105.5978,4,la-campana-numero-dos-el-pochote
MX,Mexico,México,82550,Ejido de la Campana Número Uno,Sinaloa,25,Escuinapa,009,,,22.7217,-105.6076,3,ejido-de-la-campana-numero-uno
MX,Mexico,México,82550,El Trébol,Sinaloa,25,Escuinapa,009,,,22.7236,-105.6175,4,el-trebol
MX,Mexico,México,82553,El Tule (La Cobacha),Sinaloa,25,Escuinapa,009,,,22.7417,-105.5877,1,el-tule-la-cobacha
MX,Mexico,México,82554,La Ciénega,Sinaloa,25,Escuinapa,009,,,22.7817,-105.5478,4,la-cienega
MX,Mexico,México,82560,Teacapan,Sinaloa,25,Escuinapa,009,,,22.5396,-105.7362,4,teacapan
MX,Mexico,México,82563,El Camichín [Sitio de Pesca],Sinaloa,25,Escuinapa,009,,,22.5716,-105.7026,4,el-camichin-sitio-de-pesca
MX,Mexico,México,82563,Cristo Rey,Sinaloa,25,Escuinapa,009,,,22.5817,-105.7244,4,cristo-rey
MX,Mexico,México,82564,Palmito del Verde,Sinaloa,25,Escuinapa,009,,,22.6586,-105.7711,4,palmito-del-verde
MX,Mexico,México,82580,Ojo de Agua de Palmillas,Sinaloa,25,Escuinapa,009,,,22.6197,-105.6039,4,ojo-de-agua-de-palmillas
MX,Mexico,México,82585,Viveros de Palmillas,Sinaloa,25,Escuinapa,009,,,22.6197,-105.6039,1,viveros-de-palmillas
MX,Mexico,México,82590,La Concha (La Concepción),Sinaloa,25,Escuinapa,009,,,22.5325,-105.4525,4,la-concha-la-concepcion
MX,Mexico,México,82590,La Loma (Gabriel Leyva Solano),Sinaloa,25,Escuinapa,009,,,22.5142,-105.4658,4,la-loma-gabriel-leyva-solano
MX,Mexico,México,82591,Copales,Sinaloa,25,Escuinapa,009,,,22.5333,-105.5167,4,copales
MX,Mexico,México,82592,La Ceiba,Sinaloa,25,Escuinapa,009,,,22.5761,-105.4414,4,la-ceiba
MX,Mexico,México,82592,Las Pilas,Sinaloa,25,Escuinapa,009,,,22.5969,-105.4575,4,las-pilas
MX,Mexico,México,82592,Agua Caliente,Sinaloa,25,Escuinapa,009,,,22.6352,-105.4763,4,agua-caliente
MX,Mexico,México,82592,El Trébol 2,Sinaloa,25,Escuinapa,009,,,22.6027,-105.4584,3,el-trebol-2
MX,Mexico,México,81800,San Blas Centro,Sinaloa,25,El Fuerte,010,San Blas,16,26.1889,-108.769,1,san-blas-centro
MX,Mexico,México,81802,Kansas,Sinaloa,25,El Fuerte,010,San Blas,16,26.1889,-108.769,1,kansas
MX,Mexico,México,81802,San Blas Viejo,Sinaloa,25,El Fuerte,010,San Blas,16,26.1889,-108.769,1,san-blas-viejo
MX,Mexico,México,81802,Libertad,Sinaloa,25,El Fuerte,010,San Blas,16,26.1889,-108.769,1,libertad
MX,Mexico,México,81802,Ejidal,Sinaloa,25,El Fuerte,010,San Blas,16,26.2553,-108.679,1,ejidal
MX,Mexico,México,81803,Sección 29,Sinaloa,25,El Fuerte,010,San Blas,16,26.0705,-108.8191,3,seccion-29
MX,Mexico,México,81803,Nuevo,Sinaloa,25,El Fuerte,010,San Blas,16,26.0705,-108.8191,3,nuevo
MX,Mexico,México,81803,La Sección,Sinaloa,25,El Fuerte,010,San Blas,16,26.0705,-108.8191,3,la-seccion
MX,Mexico,México,81803,Lázaro Cárdenas,Sinaloa,25,El Fuerte,010,San Blas,16,26.0492,-108.7986,4,lazaro-cardenas
MX,Mexico,México,81803,Sección 23,Sinaloa,25,El Fuerte,010,San Blas,16,26.0705,-108.8191,3,seccion-23
MX,Mexico,México,81803,La Candelaria,Sinaloa,25,El Fuerte,010,San Blas,16,26.0705,-108.8191,3,la-candelaria
MX,Mexico,México,81803,Cananea,Sinaloa,25,El Fuerte,010,San Blas,16,26.0833,-108.75,4,cananea
MX,Mexico,México,81803,Las Flores,Sinaloa,25,El Fuerte,010,San Blas,16,26.0791,-108.9088,4,las-flores
MX,Mexico,México,81803,La Loma,Sinaloa,25,El Fuerte,010,San Blas,16,26.2553,-108.679,3,la-loma
MX,Mexico,México,81804,8 de Octubre,Sinaloa,25,El Fuerte,010,San Blas,16,26.1889,-108.769,1,8-de-octubre
MX,Mexico,México,81805,Las Estacas,Sinaloa,25,El Fuerte,010,,,26.2643,-108.763,4,las-estacas
MX,Mexico,México,81805,Las Chunas,Sinaloa,25,El Fuerte,010,,,26.2006,-108.7365,4,las-chunas
MX,Mexico,México,81805,El Naranjo,Sinaloa,25,El Fuerte,010,,,26.2619,-108.7919,4,el-naranjo
MX,Mexico,México,81805,Ranchito de Bateve,Sinaloa,25,El Fuerte,010,,,26.2478,-108.7704,3,ranchito-de-bateve
MX,Mexico,México,81805,El Vateve,Sinaloa,25,El Fuerte,010,,,26.2478,-108.7704,3,el-vateve
MX,Mexico,México,81805,Buenos Aires,Sinaloa,25,El Fuerte,010,,,26.2146,-108.7642,4,buenos-aires
MX,Mexico,México,81805,Santa Lucía,Sinaloa,25,El Fuerte,010,,,26.2821,-108.7685,4,santa-lucia
MX,Mexico,México,81805,La Carrera,Sinaloa,25,El Fuerte,010,,,26.2208,-108.7842,4,la-carrera
MX,Mexico,México,81805,Tesila,Sinaloa,25,El Fuerte,010,,,26.29,-108.7847,4,tesila
MX,Mexico,México,81806,El Aliso,Sinaloa,25,El Fuerte,010,,,26.1931,-108.7544,4,el-aliso
MX,Mexico,México,81806,Sibajahui,Sinaloa,25,El Fuerte,010,,,26.149,-108.7369,4,sibajahui
MX,Mexico,México,81806,Buenavista,Sinaloa,25,El Fuerte,010,,,26.1004,-108.7742,4,buenavista
MX,Mexico,México,81806,Vega,Sinaloa,25,El Fuerte,010,,,26.1667,-108.7167,4,vega
MX,Mexico,México,81806,La Capilla,Sinaloa,25,El Fuerte,010,,,26.2039,-108.7661,4,la-capilla
MX,Mexico,México,81806,Buenavista de Mochicahui,Sinaloa,25,El Fuerte,010,,,26.1626,-108.7497,3,buenavista-de-mochicahui
MX,Mexico,México,81807,Santa María,Sinaloa,25,El Fuerte,010,,,26.2642,-108.7047,4,santa-maria
MX,Mexico,México,81810,Bacausa de Abajo,Sinaloa,25,El Fuerte,010,,,26.4956,-108.4558,4,bacausa-de-abajo
MX,Mexico,México,81810,Hornillos,Sinaloa,25,El Fuerte,010,,,26.4732,-108.5079,4,hornillos
MX,Mexico,México,81810,Crucero de Hornillos,Sinaloa,25,El Fuerte,010,,,26.4814,-108.5014,4,crucero-de-hornillos
MX,Mexico,México,81810,San Pedro,Sinaloa,25,El Fuerte,010,,,26.5229,-108.4729,4,san-pedro
MX,Mexico,México,81810,Los Capomos,Sinaloa,25,El Fuerte,010,,,26.4242,-108.5163,4,los-capomos
MX,Mexico,México,81811,El Tepeguaje,Sinaloa,25,El Fuerte,010,,,26.5935,-108.4272,4,el-tepeguaje
MX,Mexico,México,81811,Agua Caliente,Sinaloa,25,El Fuerte,010,,,26.1744,-108.4949,4,agua-caliente
MX,Mexico,México,81812,Rincón de Alisos,Sinaloa,25,El Fuerte,010,,,26.4522,-108.4823,1,rincon-de-alisos
MX,Mexico,México,81812,La Laguna 1,Sinaloa,25,El Fuerte,010,,,26.4522,-108.4823,1,la-laguna-1
MX,Mexico,México,81815,La Gavilana,Sinaloa,25,El Fuerte,010,,,26.4522,-108.4823,1,la-gavilana
MX,Mexico,México,81820,La Bolsa,Sinaloa,25,El Fuerte,010,,,26.2553,-108.679,3,la-bolsa
MX,Mexico,México,81820,Fovissste,Sinaloa,25,El Fuerte,010,,,26.3515,-108.697,3,fovissste
MX,Mexico,México,81820,Obrera,Sinaloa,25,El Fuerte,010,,,26.3515,-108.697,3,obrera
MX,Mexico,México,81820,Hospital,Sinaloa,25,El Fuerte,010,,,26.3515,-108.697,3,hospital
MX,Mexico,México,81820,Cereso El Fuerte,Sinaloa,25,El Fuerte,010,,,26.3515,-108.697,3,cereso-el-fuerte
MX,Mexico,México,81820,El Diquito,Sinaloa,25,El Fuerte,010,,,26.3515,-108.697,3,el-diquito
MX,Mexico,México,81820,H. Ayuntamiento,Sinaloa,25,El Fuerte,010,,,26.3515,-108.697,3,h-ayuntamiento
MX,Mexico,México,81820,Infonavit,Sinaloa,25,El Fuerte,010,,,26.3515,-108.697,3,infonavit
MX,Mexico,México,81820,La Tenería,Sinaloa,25,El Fuerte,010,,,26.3515,-108.697,3,la-teneria
MX,Mexico,México,81820,Leopoldo Sanchez Celis,Sinaloa,25,El Fuerte,010,,,26.3515,-108.697,3,leopoldo-sanchez-celis
MX,Mexico,México,81820,Los Ayalos,Sinaloa,25,El Fuerte,010,,,26.3515,-108.697,3,los-ayalos
MX,Mexico,México,81820,Villa de Montesclaros,Sinaloa,25,El Fuerte,010,,,26.3515,-108.697,3,villa-de-montesclaros
MX,Mexico,México,81820,Pablo Macias,Sinaloa,25,El Fuerte,010,,,26.3515,-108.697,3,pablo-macias
MX,Mexico,México,81820,El Dique,Sinaloa,25,El Fuerte,010,,,26.1867,-108.9168,4,el-dique
MX,Mexico,México,81820,Quince,Sinaloa,25,El Fuerte,010,,,26.3614,-108.6152,4,quince
MX,Mexico,México,81820,Tehueco,Sinaloa,25,El Fuerte,010,,,26.2958,-108.7451,4,tehueco
MX,Mexico,México,81820,El Rastro,Sinaloa,25,El Fuerte,010,,,26.2553,-108.679,3,el-rastro
MX,Mexico,México,81820,Solidaridad,Sinaloa,25,El Fuerte,010,,,26.2553,-108.679,3,solidaridad
MX,Mexico,México,81820,Pablo Macias Valenzuela,Sinaloa,25,El Fuerte,010,,,26.3515,-108.697,3,pablo-macias-valenzuela
MX,Mexico,México,81820,Llano de los Soto,Sinaloa,25,El Fuerte,010,,,26.3586,-108.694,4,llano-de-los-soto
MX,Mexico,México,81820,La Bomba,Sinaloa,25,El Fuerte,010,,,26.3833,-108.7,4,la-bomba
MX,Mexico,México,81820,Baroten,Sinaloa,25,El Fuerte,010,,,26.4012,-108.6544,4,baroten
MX,Mexico,México,81820,Palma Sola,Sinaloa,25,El Fuerte,010,,,26.408,-108.6325,4,palma-sola
MX,Mexico,México,81820,El Fuerte,Sinaloa,25,El Fuerte,010,,,26.4169,-108.6183,4,el-fuerte
MX,Mexico,México,81820,Campamento CNA,Sinaloa,25,El Fuerte,010,,,26.3515,-108.697,3,campamento-cna
MX,Mexico,México,81825,El Fuerte,Sinaloa,25,El Fuerte,010,,,26.4169,-108.6183,4,el-fuerte
MX,Mexico,México,81827,Vivajaqui,Sinaloa,25,El Fuerte,010,,,26.3543,-108.6725,4,vivajaqui
MX,Mexico,México,81828,Los Terreros,Sinaloa,25,El Fuerte,010,,,26.3505,-108.7136,4,los-terreros
MX,Mexico,México,81828,El Vado,Sinaloa,25,El Fuerte,010,,,26.4012,-108.6629,4,el-vado
MX,Mexico,México,81828,Bajada de Monte,Sinaloa,25,El Fuerte,010,,,26.3369,-108.7,4,bajada-de-monte
MX,Mexico,México,81830,Tetaroba,Sinaloa,25,El Fuerte,010,,,26.3858,-108.4844,4,tetaroba
MX,Mexico,México,81833,Loma,Sinaloa,25,El Fuerte,010,,,26.3427,-108.7043,1,loma
MX,Mexico,México,81834,Barrio Nuevo,Sinaloa,25,El Fuerte,010,,,26.2997,-108.9242,3,barrio-nuevo
MX,Mexico,México,81834,Lázaro Cárdenas,Sinaloa,25,El Fuerte,010,,,26.2997,-108.9242,4,lazaro-cardenas
MX,Mexico,México,81834,Sección No 29,Sinaloa,25,El Fuerte,010,,,26.2997,-108.9242,3,seccion-no-29
MX,Mexico,México,81834,Sección No 23,Sinaloa,25,El Fuerte,010,,,26.2997,-108.9242,3,seccion-no-23
MX,Mexico,México,81835,Barrio de las Flores,Sinaloa,25,El Fuerte,010,,,26.3427,-108.7043,1,barrio-de-las-flores
MX,Mexico,México,81835,Barrio La Sección,Sinaloa,25,El Fuerte,010,,,26.3427,-108.7043,1,barrio-la-seccion
MX,Mexico,México,81840,Chinobampo,Sinaloa,25,El Fuerte,010,,,26.39,-108.3644,4,chinobampo
MX,Mexico,México,81843,El Realito 1,Sinaloa,25,El Fuerte,010,,,26.3876,-108.397,1,el-realito-1
MX,Mexico,México,81844,Chino de los Vázquez,Sinaloa,25,El Fuerte,010,,,26.449,-108.3834,3,chino-de-los-vazquez
MX,Mexico,México,81844,Chino de los Gámez,Sinaloa,25,El Fuerte,010,,,26.4414,-108.3814,4,chino-de-los-gamez
MX,Mexico,México,81844,Los Amoles,Sinaloa,25,El Fuerte,010,,,26.4566,-108.3854,4,los-amoles
MX,Mexico,México,81845,San Lázaro,Sinaloa,25,El Fuerte,010,,,26.3754,-108.4063,4,san-lazaro
MX,Mexico,México,81846,La Junta,Sinaloa,25,El Fuerte,010,,,26.3796,-108.4591,4,la-junta
MX,Mexico,México,81847,Bacapaco,Sinaloa,25,El Fuerte,010,,,26.2824,-108.3854,4,bacapaco
MX,Mexico,México,81850,Boca de Arroyo,Sinaloa,25,El Fuerte,010,,,26.3171,-108.754,4,boca-de-arroyo
MX,Mexico,México,81850,Borabampo,Sinaloa,25,El Fuerte,010,,,26.3266,-108.7516,4,borabampo
MX,Mexico,México,81850,La Misión Nueva,Sinaloa,25,El Fuerte,010,,,26.321,-108.7592,3,la-mision-nueva
MX,Mexico,México,81850,Cuesta Alta,Sinaloa,25,El Fuerte,010,,,26.3275,-108.7517,4,cuesta-alta
MX,Mexico,México,81850,La Misión Vieja,Sinaloa,25,El Fuerte,010,,,26.3126,-108.7797,4,la-mision-vieja
MX,Mexico,México,81854,Zozorique,Sinaloa,25,El Fuerte,010,,,26.3465,-108.7395,4,zozorique
MX,Mexico,México,81855,Presa de los Valdez,Sinaloa,25,El Fuerte,010,,,26.5134,-108.7811,4,presa-de-los-valdez
MX,Mexico,México,81856,Palo Verde,Sinaloa,25,El Fuerte,010,,,26.3133,-108.9308,4,palo-verde
MX,Mexico,México,81856,Tepic,Sinaloa,25,El Fuerte,010,,,26.2531,-108.9355,4,tepic
MX,Mexico,México,81860,Canutillo,Sinaloa,25,El Fuerte,010,,,26.3738,-108.6252,4,canutillo
MX,Mexico,México,81864,Lo de Vega,Sinaloa,25,El Fuerte,010,,,26.206,-108.5797,4,lo-de-vega
MX,Mexico,México,81864,Los Ojitos,Sinaloa,25,El Fuerte,010,,,26.1715,-108.5633,4,los-ojitos
MX,Mexico,México,81870,Jahuara Primero,Sinaloa,25,El Fuerte,010,,,26.002,-108.9114,4,jahuara-primero
MX,Mexico,México,81871,Agua Nueva 2,Sinaloa,25,El Fuerte,010,,,26.0142,-108.8439,1,agua-nueva-2
MX,Mexico,México,81872,La Pitaya,Sinaloa,25,El Fuerte,010,,,25.9882,-108.8712,3,la-pitaya
MX,Mexico,México,81872,La Bacilia,Sinaloa,25,El Fuerte,010,,,25.9882,-108.8712,3,la-bacilia
MX,Mexico,México,81872,El Chorizo,Sinaloa,25,El Fuerte,010,,,26.2553,-108.679,4,el-chorizo
MX,Mexico,México,81872,Lázaro Cárdenas,Sinaloa,25,El Fuerte,010,,,26.0492,-108.7986,4,lazaro-cardenas
MX,Mexico,México,81872,El Nopal,Sinaloa,25,El Fuerte,010,,,25.9882,-108.8712,3,el-nopal
MX,Mexico,México,81872,La Calaca,Sinaloa,25,El Fuerte,010,,,25.9882,-108.8712,3,la-calaca
MX,Mexico,México,81872,El Poblado,Sinaloa,25,El Fuerte,010,,,26.2553,-108.679,3,el-poblado
MX,Mexico,México,81872,La Palma,Sinaloa,25,El Fuerte,010,,,26.0333,-108.8599,4,la-palma
MX,Mexico,México,81872,Camajoa,Sinaloa,25,El Fuerte,010,,,25.9881,-108.8561,4,camajoa
MX,Mexico,México,81872,Charay,Sinaloa,25,El Fuerte,010,,,26.0214,-108.8309,4,charay
MX,Mexico,México,81873,Jahuara 2,Sinaloa,25,El Fuerte,010,,,26.0142,-108.8439,1,jahuara-2
MX,Mexico,México,81874,Campo Seco (3 de Mayo),Sinaloa,25,El Fuerte,010,,,26.0142,-108.8439,1,campo-seco-3-de-mayo
MX,Mexico,México,81875,3 Garantías,Sinaloa,25,El Fuerte,010,,,26.0142,-108.8439,1,3-garantias
MX,Mexico,México,81877,La Guásima,Sinaloa,25,El Fuerte,010,,,26.0312,-108.7157,4,la-guasima
MX,Mexico,México,81877,El Sufragio,Sinaloa,25,El Fuerte,010,,,26.0582,-108.7851,4,el-sufragio
MX,Mexico,México,81877,Macoyahui,Sinaloa,25,El Fuerte,010,,,26.0582,-108.7851,4,macoyahui
MX,Mexico,México,81878,16 de Septiembre,Sinaloa,25,El Fuerte,010,,,26.0514,-108.8856,4,16-de-septiembre
MX,Mexico,México,81880,Huepaco,Sinaloa,25,El Fuerte,010,,,25.9842,-108.8606,4,huepaco
MX,Mexico,México,81887,La Genoveva,Sinaloa,25,El Fuerte,010,,,25.8631,-108.9128,4,la-genoveva
MX,Mexico,México,81888,Kilómetro Diecinueve,Sinaloa,25,El Fuerte,010,,,25.9282,-108.847,4,kilometro-diecinueve
MX,Mexico,México,81888,4 Milpas,Sinaloa,25,El Fuerte,010,,,25.9282,-108.847,3,4-milpas
MX,Mexico,México,81889,Agua de las Arenas,Sinaloa,25,El Fuerte,010,,,25.8616,-108.7114,4,agua-de-las-arenas
MX,Mexico,México,81890,Mochicahui,Sinaloa,25,El Fuerte,010,,,25.951,-108.9299,4,mochicahui
MX,Mexico,México,81890,2 de Abril,Sinaloa,25,El Fuerte,010,,,25.951,-108.9299,3,2-de-abril
MX,Mexico,México,81891,Los Tastes,Sinaloa,25,El Fuerte,010,,,26.2553,-108.679,3,los-tastes
MX,Mexico,México,81891,Antonio Rosales,Sinaloa,25,El Fuerte,010,,,25.9023,-108.9442,4,antonio-rosales
MX,Mexico,México,81892,Kilómetro 26,Sinaloa,25,El Fuerte,010,,,25.8842,-108.7978,4,kilometro-26
MX,Mexico,México,81892,Higueras de los Natoches,Sinaloa,25,El Fuerte,010,,,25.9565,-108.9774,4,higueras-de-los-natoches
MX,Mexico,México,81893,Constancia,Sinaloa,25,El Fuerte,010,,,25.9622,-108.8994,4,constancia
MX,Mexico,México,81893,Pochotal,Sinaloa,25,El Fuerte,010,,,25.9954,-108.8435,4,pochotal
MX,Mexico,México,81893,El Carricito,Sinaloa,25,El Fuerte,010,,,26.5163,-108.4923,4,el-carricito
MX,Mexico,México,81893,Benito Juárez,Sinaloa,25,El Fuerte,010,,,25.9738,-108.8732,4,benito-juarez
MX,Mexico,México,81895,El Ranchito 2,Sinaloa,25,El Fuerte,010,,,26.0177,-108.8447,1,el-ranchito-2
MX,Mexico,México,81895,El Ranchito 1,Sinaloa,25,El Fuerte,010,,,26.0177,-108.8447,1,el-ranchito-1
MX,Mexico,México,81000,Centro,Sinaloa,25,Guasave,011,Guasave,04,25.5345,-108.5584,1,centro
MX,Mexico,México,81010,Ocoro,Sinaloa,25,Guasave,011,Guasave,04,25.5981,-108.4494,4,ocoro
MX,Mexico,México,81014,2 de Octubre,Sinaloa,25,Guasave,011,Guasave,04,25.5968,-108.4566,1,2-de-octubre
MX,Mexico,México,81014,Fresno,Sinaloa,25,Guasave,011,Guasave,04,25.5968,-108.4566,1,fresno
MX,Mexico,México,81015,Once Ríos,Sinaloa,25,Guasave,011,Guasave,04,25.5345,-108.5584,3,once-rios
MX,Mexico,México,81015,La Florida,Sinaloa,25,Guasave,011,Guasave,04,25.5956,-108.4637,4,la-florida
MX,Mexico,México,81016,Revolución Mexicana,Sinaloa,25,Guasave,011,Guasave,04,25.5345,-108.5584,1,revolucion-mexicana
MX,Mexico,México,81017,La Piedrera,Sinaloa,25,Guasave,011,Guasave,04,25.5345,-108.5584,1,la-piedrera
MX,Mexico,México,81018,Independencia,Sinaloa,25,Guasave,011,Guasave,04,25.5345,-108.5584,1,independencia
MX,Mexico,México,81020,Ejidal,Sinaloa,25,Guasave,011,Guasave,04,25.5714,-108.4797,4,ejidal
MX,Mexico,México,81028,Josefa Ortiz de Domínguez,Sinaloa,25,Guasave,011,Guasave,04,25.5104,-108.4348,3,josefa-ortiz-de-dominguez
MX,Mexico,México,81028,San Juan,Sinaloa,25,Guasave,011,Guasave,04,25.5699,-108.6567,4,san-juan
MX,Mexico,México,81028,Ayuntamiento 92,Sinaloa,25,Guasave,011,Guasave,04,25.5104,-108.4348,3,ayuntamiento-92
MX,Mexico,México,81028,San José,Sinaloa,25,Guasave,011,Guasave,04,25.35,-108.45,4,san-jose
MX,Mexico,México,81028,San Francisco,Sinaloa,25,Guasave,011,Guasave,04,25.6115,-108.1976,4,san-francisco
MX,Mexico,México,81028,Valle Bonito,Sinaloa,25,Guasave,011,Guasave,04,25.5104,-108.4348,3,valle-bonito
MX,Mexico,México,81029,Eduardo Labastida,Sinaloa,25,Guasave,011,Guasave,04,25.7651,-108.9861,3,eduardo-labastida
MX,Mexico,México,81029,Sinaloa,Sinaloa,25,Guasave,011,Guasave,04,25.7651,-108.9861,3,sinaloa
MX,Mexico,México,81029,STASE,Sinaloa,25,Guasave,011,Guasave,04,25.5345,-108.5584,4,stase
MX,Mexico,México,81029,Los Sauces,Sinaloa,25,Guasave,011,Guasave,04,25.5345,-108.5584,3,los-sauces
MX,Mexico,México,81029,México,Sinaloa,25,Guasave,011,Guasave,04,25.7651,-108.9861,3,mexico
MX,Mexico,México,81030,Sector DIF,Sinaloa,25,Guasave,011,Guasave,04,25.5936,-108.6104,1,sector-dif
MX,Mexico,México,81030,Sector La Ermita,Sinaloa,25,Guasave,011,Guasave,04,25.5936,-108.6104,1,sector-la-ermita
MX,Mexico,México,81040,Del Bosque,Sinaloa,25,Guasave,011,Guasave,04,25.5845,-108.5821,1,del-bosque
MX,Mexico,México,81040,Ángel Flores,Sinaloa,25,Guasave,011,Guasave,04,25.5845,-108.5821,1,angel-flores
MX,Mexico,México,81042,San Carlos,Sinaloa,25,Guasave,011,Guasave,04,25.5455,-108.5686,4,san-carlos
MX,Mexico,México,81043,San Fernando,Sinaloa,25,Guasave,011,Guasave,04,25.4776,-108.3181,4,san-fernando
MX,Mexico,México,81043,Valle del Sol,Sinaloa,25,Guasave,011,Guasave,04,25.5345,-108.5584,3,valle-del-sol
MX,Mexico,México,81043,Electricistas,Sinaloa,25,Guasave,011,Guasave,04,25.4776,-108.3181,3,electricistas
MX,Mexico,México,81045,Santa María,Sinaloa,25,Guasave,011,Guasave,04,25.5527,-108.3677,4,santa-maria
MX,Mexico,México,81045,Margaritas,Sinaloa,25,Guasave,011,Guasave,04,25.7454,-108.707,4,margaritas
MX,Mexico,México,81045,Petatlán,Sinaloa,25,Guasave,011,Guasave,04,25.5614,-108.4943,4,petatlan
MX,Mexico,México,81048,Santa Fe,Sinaloa,25,Guasave,011,Guasave,04,25.7666,-108.8876,3,santa-fe
MX,Mexico,México,81048,Delicias,Sinaloa,25,Guasave,011,Guasave,04,25.5345,-108.5584,3,delicias
MX,Mexico,México,81048,Las Garzas,Sinaloa,25,Guasave,011,Guasave,04,25.5345,-108.5584,3,las-garzas
MX,Mexico,México,81048,Lomas del Mar,Sinaloa,25,Guasave,011,Guasave,04,25.5345,-108.5584,3,lomas-del-mar
MX,Mexico,México,81048,Unión de Colonos,Sinaloa,25,Guasave,011,Guasave,04,25.7666,-108.8876,3,union-de-colonos
MX,Mexico,México,81048,Jardines del Sol,Sinaloa,25,Guasave,011,Guasave,04,25.7666,-108.8876,3,jardines-del-sol
MX,Mexico,México,81048,U.N.E.,Sinaloa,25,Guasave,011,Guasave,04,25.7666,-108.8876,3,u-n-e
MX,Mexico,México,81048,Las Palmas,Sinaloa,25,Guasave,011,Guasave,04,25.7188,-108.783,4,las-palmas
MX,Mexico,México,81048,Residencial Campestre,Sinaloa,25,Guasave,011,Guasave,04,25.5345,-108.5584,4,residencial-campestre
MX,Mexico,México,81049,Constelación,Sinaloa,25,Guasave,011,Guasave,04,25.4222,-108.504,3,constelacion
MX,Mexico,México,81049,Las Glorias,Sinaloa,25,Guasave,011,Guasave,04,25.293,-108.5144,4,las-glorias
MX,Mexico,México,81049,Bugambilias,Sinaloa,25,Guasave,011,Guasave,04,25.5345,-108.5584,3,bugambilias
MX,Mexico,México,81049,Doctores,Sinaloa,25,Guasave,011,Guasave,04,25.4222,-108.504,3,doctores
MX,Mexico,México,81049,Santa Clara,Sinaloa,25,Guasave,011,Guasave,04,25.5345,-108.5584,3,santa-clara
MX,Mexico,México,81049,San Joachin,Sinaloa,25,Guasave,011,Guasave,04,25.5513,-108.4936,4,san-joachin
MX,Mexico,México,81050,Sector Rivera,Sinaloa,25,Guasave,011,Guasave,04,25.5936,-108.6104,1,sector-rivera
MX,Mexico,México,81060,Magisterial,Sinaloa,25,Guasave,011,Guasave,04,25.5345,-108.5584,4,magisterial
MX,Mexico,México,81065,Tecomate,Sinaloa,25,Guasave,011,Guasave,04,25.6472,-108.6492,3,tecomate
MX,Mexico,México,81065,Ampliación 24 de Febrero,Sinaloa,25,Guasave,011,Guasave,04,25.6472,-108.6492,3,ampliacion-24-de-febrero
MX,Mexico,México,81065,Universitaria,Sinaloa,25,Guasave,011,Guasave,04,25.6472,-108.6492,3,universitaria
MX,Mexico,México,81065,24 de Febrero,Sinaloa,25,Guasave,011,Guasave,04,25.6472,-108.6492,4,24-de-febrero
MX,Mexico,México,81066,18 de Marzo,Sinaloa,25,Guasave,011,Guasave,04,25.7292,-108.8122,1,18-de-marzo
MX,Mexico,México,81075,Las Huertas,Sinaloa,25,Guasave,011,Guasave,04,25.5345,-108.5584,4,las-huertas
MX,Mexico,México,81075,Privada Popular,Sinaloa,25,Guasave,011,Guasave,04,25.6912,-109.0492,3,privada-popular
MX,Mexico,México,81077,Makarenko,Sinaloa,25,Guasave,011,Guasave,04,25.6912,-109.0492,1,makarenko
MX,Mexico,México,81090,El Chaleco,Sinaloa,25,Guasave,011,Guasave,04,25.3997,-108.6114,3,el-chaleco
MX,Mexico,México,81090,Tierra y Libertad,Sinaloa,25,Guasave,011,Guasave,04,25.3997,-108.6114,4,tierra-y-libertad
MX,Mexico,México,81095,Renato Vega Amador,Sinaloa,25,Guasave,011,Guasave,04,25.3997,-108.6114,1,renato-vega-amador
MX,Mexico,México,81095,Jardines del Valle,Sinaloa,25,Guasave,011,Guasave,04,25.3997,-108.6114,1,jardines-del-valle
MX,Mexico,México,81095,17 de Mayo,Sinaloa,25,Guasave,011,Guasave,04,25.3997,-108.6114,1,17-de-mayo
MX,Mexico,México,81100,San Sebastián,Sinaloa,25,Guasave,011,,,25.5498,-108.4553,1,san-sebastian
MX,Mexico,México,81100,San Sebastián 2,Sinaloa,25,Guasave,011,,,25.5498,-108.4553,1,san-sebastian-2
MX,Mexico,México,81101,Caimanero,Sinaloa,25,Guasave,011,,,25.6056,-108.4425,4,caimanero
MX,Mexico,México,81101,Utatave (Mautillos),Sinaloa,25,Guasave,011,,,25.614,-108.5491,4,utatave-mautillos
MX,Mexico,México,81101,San josé de Guayparime,Sinaloa,25,Guasave,011,,,25.5522,-108.4698,3,san-jose-de-guayparime
MX,Mexico,México,81101,Guasavito,Sinaloa,25,Guasave,011,,,25.553,-108.435,4,guasavito
MX,Mexico,México,81101,La Uva,Sinaloa,25,Guasave,011,,,25.4956,-108.3766,4,la-uva
MX,Mexico,México,81101,Ranchito de Castro,Sinaloa,25,Guasave,011,,,25.5869,-108.4177,4,ranchito-de-castro
MX,Mexico,México,81101,La Entrada,Sinaloa,25,Guasave,011,,,25.5522,-108.4698,3,la-entrada
MX,Mexico,México,81101,5 de Mayo (Agua Blanca),Sinaloa,25,Guasave,011,,,25.5522,-108.4698,3,5-de-mayo-agua-blanca
MX,Mexico,México,81101,Cofradia,Sinaloa,25,Guasave,011,,,25.4872,-108.4476,4,cofradia
MX,Mexico,México,81101,La Sabanilla (Campo Preciado),Sinaloa,25,Guasave,011,,,25.5569,-108.5106,4,la-sabanilla-campo-preciado
MX,Mexico,México,81101,El Chino de los Lopez,Sinaloa,25,Guasave,011,,,25.5007,-108.4273,4,el-chino-de-los-lopez
MX,Mexico,México,81101,Los Angeles,Sinaloa,25,Guasave,011,,,25.6029,-108.4809,4,los-angeles
MX,Mexico,México,81101,San Joachin,Sinaloa,25,Guasave,011,,,25.5513,-108.4936,4,san-joachin
MX,Mexico,México,81101,El Dorado,Sinaloa,25,Guasave,011,,,25.4962,-108.5141,4,el-dorado
MX,Mexico,México,81101,Emilio Portes Gil (Agua Blanca),Sinaloa,25,Guasave,011,,,25.5761,-108.5425,4,emilio-portes-gil-agua-blanca
MX,Mexico,México,81102,Gambino,Sinaloa,25,Guasave,011,,,25.6517,-108.3868,4,gambino
MX,Mexico,México,81103,Las Juntitas,Sinaloa,25,Guasave,011,,,25.6175,-108.4638,4,las-juntitas
MX,Mexico,México,81103,El Cuitabón,Sinaloa,25,Guasave,011,,,25.6194,-108.4339,4,el-cuitabon
MX,Mexico,México,81103,Plan del Río,Sinaloa,25,Guasave,011,,,25.595,-108.425,4,plan-del-rio
MX,Mexico,México,81103,Ladrilleras de Ocoro,Sinaloa,25,Guasave,011,,,25.5981,-108.4494,4,ladrilleras-de-ocoro
MX,Mexico,México,81104,La Escalera,Sinaloa,25,Guasave,011,,,25.633,-108.472,4,la-escalera
MX,Mexico,México,81104,Ranchito de Inzunza,Sinaloa,25,Guasave,011,,,25.6439,-108.4678,4,ranchito-de-inzunza
MX,Mexico,México,81105,Las Playas,Sinaloa,25,Guasave,011,,,25.3956,-108.4228,4,las-playas
MX,Mexico,México,81106,Las Crucecitas,Sinaloa,25,Guasave,011,,,25.5808,-108.4381,4,las-crucecitas
MX,Mexico,México,81106,Callejones de Guasavito,Sinaloa,25,Guasave,011,,,25.5566,-108.439,3,callejones-de-guasavito
MX,Mexico,México,81106,San Pedro Paredes,Sinaloa,25,Guasave,011,,,25.5325,-108.4399,4,san-pedro-paredes
MX,Mexico,México,81107,La Guamuchilera,Sinaloa,25,Guasave,011,,,25.4919,-108.4705,4,la-guamuchilera
MX,Mexico,México,81107,Las Pitahayitas,Sinaloa,25,Guasave,011,,,25.4678,-108.4252,4,las-pitahayitas
MX,Mexico,México,81107,San Gabriel,Sinaloa,25,Guasave,011,,,25.5297,-108.4753,4,san-gabriel
MX,Mexico,México,81107,Chorohui,Sinaloa,25,Guasave,011,,,25.5166,-108.4618,4,chorohui
MX,Mexico,México,81107,San Pedro Guasave (El Ranchito),Sinaloa,25,Guasave,011,,,25.4927,-108.4525,3,san-pedro-guasave-el-ranchito
MX,Mexico,México,81107,Cuesta de Arriba,Sinaloa,25,Guasave,011,,,25.4661,-108.4456,4,cuesta-de-arriba
MX,Mexico,México,81107,Jesús María,Sinaloa,25,Guasave,011,,,25.518,-108.4485,4,jesus-maria
MX,Mexico,México,81107,La Cuestona (la Cuesta),Sinaloa,25,Guasave,011,,,25.4592,-108.4406,4,la-cuestona-la-cuesta
MX,Mexico,México,81110,Gral. Juan José Ríos,Sinaloa,25,Guasave,011,,,25.6787,-108.8139,1,gral-juan-jose-rios
MX,Mexico,México,81113,Héroes Mexicanos,Sinaloa,25,Guasave,011,,,25.7675,-108.7506,4,heroes-mexicanos
MX,Mexico,México,81113,Treinta y Ocho (Treinta y Ochito),Sinaloa,25,Guasave,011,,,25.7675,-108.7506,3,treinta-y-ocho-treinta-y-ochito
MX,Mexico,México,81117,Miguel Alemán,Sinaloa,25,Guasave,011,,,25.6154,-108.8043,4,miguel-aleman
MX,Mexico,México,81118,Cerro Cabezón,Sinaloa,25,Guasave,011,,,25.5345,-108.5584,4,cerro-cabezon
MX,Mexico,México,81119,Bachoco,Sinaloa,25,Guasave,011,,,25.6969,-108.8144,4,bachoco
MX,Mexico,México,81120,Campo La Once,Sinaloa,25,Guasave,011,,,25.6478,-108.6234,4,campo-la-once
MX,Mexico,México,81120,El Progreso,Sinaloa,25,Guasave,011,,,25.431,-108.5919,4,el-progreso
MX,Mexico,México,81121,Rancho California,Sinaloa,25,Guasave,011,,,25.5345,-108.5584,3,rancho-california
MX,Mexico,México,81121,Campestre Valle,Sinaloa,25,Guasave,011,,,25.7092,-108.7274,4,campestre-valle
MX,Mexico,México,81121,Adolfo Ruiz Cortinez,Sinaloa,25,Guasave,011,,,25.75,-108.75,4,adolfo-ruiz-cortinez
MX,Mexico,México,81121,Adolfo Ruiz Cortinez Dos,Sinaloa,25,Guasave,011,,,25.7183,-108.7213,3,adolfo-ruiz-cortinez-dos
MX,Mexico,México,81121,El Campesino,Sinaloa,25,Guasave,011,,,25.6958,-108.6864,4,el-campesino
MX,Mexico,México,81122,San Francisco,Sinaloa,25,Guasave,011,,,25.6115,-108.1976,4,san-francisco
MX,Mexico,México,81122,Ampliación Leyva Solano,Sinaloa,25,Guasave,011,,,25.6365,-108.4173,3,ampliacion-leyva-solano
MX,Mexico,México,81122,Figueroa,Sinaloa,25,Guasave,011,,,25.6365,-108.4173,3,figueroa
MX,Mexico,México,81122,Gabriel Leyva Solano,Sinaloa,25,Guasave,011,,,25.6616,-108.637,4,gabriel-leyva-solano
MX,Mexico,México,81123,El Huitussi y Anexos (El Huitussito),Sinaloa,25,Guasave,011,,,25.6439,-108.6919,4,el-huitussi-y-anexos-el-huitussito
MX,Mexico,México,81123,Huitusi,Sinaloa,25,Guasave,011,,,25.5097,-108.7787,4,huitusi
MX,Mexico,México,81124,Corerepe,Sinaloa,25,Guasave,011,,,25.6279,-108.7149,4,corerepe
MX,Mexico,México,81124,El Gallo,Sinaloa,25,Guasave,011,,,25.6147,-108.7157,4,el-gallo
MX,Mexico,México,81124,Hidalgo,Sinaloa,25,Guasave,011,,,25.6213,-108.7153,3,hidalgo
MX,Mexico,México,81127,El Tajito,Sinaloa,25,Guasave,011,,,25.7193,-108.7384,4,el-tajito
MX,Mexico,México,81127,Gallo de los Limones,Sinaloa,25,Guasave,011,,,25.7193,-108.7384,3,gallo-de-los-limones
MX,Mexico,México,81127,Lic. Benito Juárez,Sinaloa,25,Guasave,011,,,25.7193,-108.7384,3,lic-benito-juarez
MX,Mexico,México,81128,Las Parritas,Sinaloa,25,Guasave,011,,,25.625,-108.6383,3,las-parritas
MX,Mexico,México,81128,Campo Figueroa,Sinaloa,25,Guasave,011,,,25.625,-108.6383,4,campo-figueroa
MX,Mexico,México,81130,Leon Fonseca,Sinaloa,25,Guasave,011,,,25.7306,-108.3457,4,leon-fonseca
MX,Mexico,México,81130,El Zopilote,Sinaloa,25,Guasave,011,,,25.7488,-108.3491,4,el-zopilote
MX,Mexico,México,81131,La Trinidad,Sinaloa,25,Guasave,011,,,25.7337,-108.4841,4,la-trinidad
MX,Mexico,México,81131,La Noria,Sinaloa,25,Guasave,011,,,25.7091,-108.4918,4,la-noria
MX,Mexico,México,81132,Las Juntas de Chamicari,Sinaloa,25,Guasave,011,,,25.6827,-108.4234,4,las-juntas-de-chamicari
MX,Mexico,México,81132,Portugués de Gálvez,Sinaloa,25,Guasave,011,,,25.7278,-108.3957,4,portugues-de-galvez
MX,Mexico,México,81133,Las Moras,Sinaloa,25,Guasave,011,,,25.6574,-108.4581,4,las-moras
MX,Mexico,México,81133,Las Quemazones,Sinaloa,25,Guasave,011,,,25.6858,-108.4524,4,las-quemazones
MX,Mexico,México,81133,Los Hornos,Sinaloa,25,Guasave,011,,,25.6833,-108.4833,4,los-hornos
MX,Mexico,México,81136,Abelardo L Rodríguez,Sinaloa,25,Guasave,011,,,25.7233,-108.5264,4,abelardo-l-rodriguez
MX,Mexico,México,81140,6 de Mayo,Sinaloa,25,Guasave,011,,,25.6981,-108.3119,4,6-de-mayo
MX,Mexico,México,81140,Bamoa,Sinaloa,25,Guasave,011,,,25.7052,-108.3461,4,bamoa
MX,Mexico,México,81140,Horacio Gracía Arrayales,Sinaloa,25,Guasave,011,,,25.7074,-108.3259,3,horacio-gracia-arrayales
MX,Mexico,México,81140,Ranchito de Zavala,Sinaloa,25,Guasave,011,,,25.7188,-108.3197,4,ranchito-de-zavala
MX,Mexico,México,81141,Bamoa,Sinaloa,25,Guasave,011,,,25.7052,-108.3461,4,bamoa
MX,Mexico,México,81142,Carboneras,Sinaloa,25,Guasave,011,,,25.7114,-108.3731,4,carboneras
MX,Mexico,México,81142,Sabino,Sinaloa,25,Guasave,011,,,25.6833,-108.3935,4,sabino
MX,Mexico,México,81143,Orba,Sinaloa,25,Guasave,011,,,25.6894,-108.3628,4,orba
MX,Mexico,México,81143,Cruz Blanca,Sinaloa,25,Guasave,011,,,25.6746,-108.3709,4,cruz-blanca
MX,Mexico,México,81144,Nio,Sinaloa,25,Guasave,011,,,25.6246,-108.4003,4,nio
MX,Mexico,México,81144,Norotillo,Sinaloa,25,Guasave,011,,,25.6193,-108.4081,3,norotillo
MX,Mexico,México,81144,Pueblo Viejo,Sinaloa,25,Guasave,011,,,25.6141,-108.4158,4,pueblo-viejo
MX,Mexico,México,81148,Palos Blancos,Sinaloa,25,Guasave,011,,,25.5486,-108.3318,4,palos-blancos
MX,Mexico,México,81148,Terahuito,Sinaloa,25,Guasave,011,,,25.5511,-108.3206,4,terahuito
MX,Mexico,México,81148,El Platanito,Sinaloa,25,Guasave,011,,,25.5506,-108.3144,4,el-platanito
MX,Mexico,México,81149,El Burrión,Sinaloa,25,Guasave,011,,,25.5388,-108.4129,4,el-burrion
MX,Mexico,México,81160,Campo Maeva,Sinaloa,25,Guasave,011,,,25.5136,-108.5056,4,campo-maeva
MX,Mexico,México,81160,El Marcol,Sinaloa,25,Guasave,011,,,25.5183,-108.5031,3,el-marcol
MX,Mexico,México,81160,Cubilete 1,Sinaloa,25,Guasave,011,,,25.5183,-108.5031,3,cubilete-1
MX,Mexico,México,81160,Campo Crucero (campo Diaz),Sinaloa,25,Guasave,011,,,25.5231,-108.5006,4,campo-crucero-campo-diaz
MX,Mexico,México,81161,Buenavista,Sinaloa,25,Guasave,011,,,25.4742,-108.5587,4,buenavista
MX,Mexico,México,81162,San Antonio,Sinaloa,25,Guasave,011,,,25.5442,-108.5535,4,san-antonio
MX,Mexico,México,81162,El Porvenir,Sinaloa,25,Guasave,011,,,25.5666,-108.5632,4,el-porvenir
MX,Mexico,México,81162,La Chuparrosa,Sinaloa,25,Guasave,011,,,25.5392,-108.5447,4,la-chuparrosa
MX,Mexico,México,81162,Campo Filipinas,Sinaloa,25,Guasave,011,,,25.55,-108.5538,3,campo-filipinas
MX,Mexico,México,81163,Cubilete 2,Sinaloa,25,Guasave,011,,,25.4258,-108.6298,3,cubilete-2
MX,Mexico,México,81163,El Tortugo,Sinaloa,25,Guasave,011,,,25.4084,-108.6493,4,el-tortugo
MX,Mexico,México,81163,Maximiliano R. López,Sinaloa,25,Guasave,011,,,25.4422,-108.6097,4,maximiliano-r-lopez
MX,Mexico,México,81163,El Sacrificio,Sinaloa,25,Guasave,011,,,25.4267,-108.6304,4,el-sacrificio
MX,Mexico,México,81164,Roberto Barrios,Sinaloa,25,Guasave,011,,,25.5274,-108.6158,4,roberto-barrios
MX,Mexico,México,81165,Flor de Mayo,Sinaloa,25,Guasave,011,,,25.5331,-108.6608,4,flor-de-mayo
MX,Mexico,México,81166,El Coloradito,Sinaloa,25,Guasave,011,,,25.5047,-108.7163,4,el-coloradito
MX,Mexico,México,81167,El Caracol,Sinaloa,25,Guasave,011,,,25.4922,-108.7466,4,el-caracol
MX,Mexico,México,81170,Amole,Sinaloa,25,Guasave,011,,,25.3833,-108.4333,4,amole
MX,Mexico,México,81170,Tamazula,Sinaloa,25,Guasave,011,,,25.4464,-108.4553,4,tamazula
MX,Mexico,México,81170,Callejón de Tamazula,Sinaloa,25,Guasave,011,,,25.4396,-108.4626,3,callejon-de-tamazula
MX,Mexico,México,81170,Cubiri (Cubiri del Amole),Sinaloa,25,Guasave,011,,,25.4396,-108.4626,3,cubiri-cubiri-del-amole
MX,Mexico,México,81170,Buen Retiro (El Retiro),Sinaloa,25,Guasave,011,,,25.4619,-108.4783,4,buen-retiro-el-retiro
MX,Mexico,México,81170,Bebelama,Sinaloa,25,Guasave,011,,,25.4667,-108.4833,4,bebelama
MX,Mexico,México,81175,Las Cañadas 1,Sinaloa,25,Guasave,011,,,25.4391,-108.4527,1,las-canadas-1
MX,Mexico,México,81176,Las Culebras,Sinaloa,25,Guasave,011,,,25.3939,-108.5476,4,las-culebras
MX,Mexico,México,81176,Las Flores,Sinaloa,25,Guasave,011,,,25.6333,-108.4167,4,las-flores
MX,Mexico,México,81177,Las Higueras (Las Flores),Sinaloa,25,Guasave,011,,,25.3683,-108.4539,4,las-higueras-las-flores
MX,Mexico,México,81178,San Pascual,Sinaloa,25,Guasave,011,,,25.4273,-108.3772,4,san-pascual
MX,Mexico,México,81178,Casa Blanca,Sinaloa,25,Guasave,011,,,25.4304,-108.4231,4,casa-blanca
MX,Mexico,México,81178,Palos Verdes,Sinaloa,25,Guasave,011,,,25.3794,-108.4583,4,palos-verdes
MX,Mexico,México,81180,Palmarito de los Angulo,Sinaloa,25,Guasave,011,,,25.5381,-108.2483,4,palmarito-de-los-angulo
MX,Mexico,México,81180,Pichihuila,Sinaloa,25,Guasave,011,,,25.75,-108.3333,4,pichihuila
MX,Mexico,México,81180,San Rafael,Sinaloa,25,Guasave,011,,,25.4939,-108.3053,4,san-rafael
MX,Mexico,México,81180,Los Capomos,Sinaloa,25,Guasave,011,,,25.6007,-108.2233,4,los-capomos
MX,Mexico,México,81180,El Serranito,Sinaloa,25,Guasave,011,,,25.558,-108.2314,4,el-serranito
MX,Mexico,México,81180,El Pochote (Potrerillos),Sinaloa,25,Guasave,011,,,25.4722,-108.3015,4,el-pochote-potrerillos
MX,Mexico,México,81181,Francisco R Serrano,Sinaloa,25,Guasave,011,,,25.535,-108.2169,4,francisco-r-serrano
MX,Mexico,México,81182,Las Américas,Sinaloa,25,Guasave,011,,,25.5866,-108.3103,4,las-americas
MX,Mexico,México,81183,Choipa,Sinaloa,25,Guasave,011,,,25.6263,-108.3125,4,choipa
MX,Mexico,México,81183,Choipa Dos,Sinaloa,25,Guasave,011,,,25.6373,-108.2977,4,choipa-dos
MX,Mexico,México,81183,Herculano de la Rocha,Sinaloa,25,Guasave,011,,,25.627,-108.3093,4,herculano-de-la-rocha
MX,Mexico,México,81186,Las Brisas (Emiliano Zapata),Sinaloa,25,Guasave,011,,,25.4902,-108.2459,4,las-brisas-emiliano-zapata
MX,Mexico,México,81189,Javier Rojo Gómez,Sinaloa,25,Guasave,011,,,25.4947,-108.3775,4,javier-rojo-gomez
MX,Mexico,México,81189,Vicente Guerrero,Sinaloa,25,Guasave,011,,,25.4817,-108.3697,4,vicente-guerrero
MX,Mexico,México,81189,El Pitahayal,Sinaloa,25,Guasave,011,,,25.5345,-108.5584,3,el-pitahayal
MX,Mexico,México,81190,La Brecha,Sinaloa,25,Guasave,011,,,25.3708,-108.4192,4,la-brecha
MX,Mexico,México,81190,San José de La Brecha,Sinaloa,25,Guasave,011,,,25.3418,-108.4391,4,san-jose-de-la-brecha
MX,Mexico,México,81197,Boca Del Rio,Sinaloa,25,Guasave,011,,,25.2869,-108.4968,4,boca-del-rio
MX,Mexico,México,82000,Centro,Sinaloa,25,Mazatlán,012,Mazatlán,05,23.4684,-106.306,1,centro
MX,Mexico,México,82000,Los Pinos,Sinaloa,25,Mazatlán,012,Mazatlán,05,23.4684,-106.306,1,los-pinos
MX,Mexico,México,82000,Balcones de Loma Linda,Sinaloa,25,Mazatlán,012,Mazatlán,05,23.2261,-106.3951,1,balcones-de-loma-linda
MX,Mexico,México,82007,Loma Linda,Sinaloa,25,Mazatlán,012,Mazatlán,05,23.4684,-106.306,1,loma-linda
MX,Mexico,México,82008,Miguel Hidalgo,Sinaloa,25,Mazatlán,012,Mazatlán,05,23.4684,-106.306,1,miguel-hidalgo
MX,Mexico,México,82010,Lomas del Mar,Sinaloa,25,Mazatlán,012,Mazatlán,05,23.4684,-106.306,4,lomas-del-mar
MX,Mexico,México,82010,Estero,Sinaloa,25,Mazatlán,012,Mazatlán,05,23.4684,-106.306,3,estero
MX,Mexico,México,82010,Campo Bello,Sinaloa,25,Mazatlán,012,Mazatlán,05,23.4879,-106.6216,3,campo-bello
MX,Mexico,México,82010,Juan Carrasco,Sinaloa,25,Mazatlán,012,Mazatlán,05,23.4879,-106.6216,3,juan-carrasco
MX,Mexico,México,82010,Libertad,Sinaloa,25,Mazatlán,012,Mazatlán,05,23.4879,-106.6216,3,libertad
MX,Mexico,México,82010,Palmeiras Club Residencial,Sinaloa,25,Mazatlán,012,Mazatlán,05,23.4879,-106.6216,3,palmeiras-club-residencial
MX,Mexico,México,82010,Palos Prietos,Sinaloa,25,Mazatlán,012,Mazatlán,05,23.4684,-106.306,3,palos-prietos
MX,Mexico,México,82010,Independencia,Sinaloa,25,Mazatlán,012,Mazatlán,05,23.4684,-106.306,3,independencia
MX,Mexico,México,82013,Ferrocarrilera,Sinaloa,25,Mazatlán,012,Mazatlán,05,23.4684,-106.306,1,ferrocarrilera
MX,Mexico,México,82014,San Angel,Sinaloa,25,Mazatlán,012,Mazatlán,05,23.4684,-106.306,1,san-angel
MX,Mexico,México,82015,Trópico de Cáncer,Sinaloa,25,Mazatlán,012,Mazatlán,05,23.4684,-106.306,1,tropico-de-cancer
MX,Mexico,México,82016,Brisas del Mar,Sinaloa,25,Mazatlán,012,Mazatlán,05,23.4879,-106.6216,1,brisas-del-mar
MX,Mexico,México,82017,Telleria,Sinaloa,25,Mazatlán,012,Mazatlán,05,23.4879,-106.6216,1,telleria
MX,Mexico,México,82018,Insurgentes,Sinaloa,25,Mazatlán,012,Mazatlán,05,23.4684,-106.306,1,insurgentes
MX,Mexico,México,82019,Tierra y Libertad,Sinaloa,25,Mazatlán,012,Mazatlán,05,23.4684,-106.306,1,tierra-y-libertad
MX,Mexico,México,82020,12 de Mayo,Sinaloa,25,Mazatlán,012,Mazatlán,05,23.2196,-106.4049,3,12-de-mayo
MX,Mexico,México,82020,Klein,Sinaloa,25,Mazatlán,012,Mazatlán,05,23.2196,-106.4049,4,klein
MX,Mexico,México,82020,Bahías,Sinaloa,25,Mazatlán,012,Mazatlán,05,23.2196,-106.4049,3,bahias
MX,Mexico,México,82020,Nueva Creación,Sinaloa,25,Mazatlán,012,Mazatlán,05,23.2196,-106.4049,3,nueva-creacion
MX,Mexico,México,82028,Casas Económicas,Sinaloa,25,Mazatlán,012,Mazatlán,05,23.2196,-106.4049,1,casas-economicas
MX,Mexico,México,82030,Reforma,Sinaloa,25,Mazatlán,012,Mazatlán,05,23.4684,-106.306,1,reforma
MX,Mexico,México,82030,Montuosa,Sinaloa,25,Mazatlán,012,Mazatlán,05,23.2261,-106.3951,1,montuosa
MX,Mexico,México,82035,Sanchez Taboada,Sinaloa,25,Mazatlán,012,Mazatlán,05,23.4684,-106.306,1,sanchez-taboada
MX,Mexico,México,82037,Francisco Solís,Sinaloa,25,Mazatlán,012,Mazatlán,05,23.2261,-106.3951,1,francisco-solis
MX,Mexico,México,82038,Obrera,Sinaloa,25,Mazatlán,012,Mazatlán,05,23.2261,-106.3951,1,obrera
MX,Mexico,México,82040,Playas del Sur,Sinaloa,25,Mazatlán,012,Mazatlán,05,23.1931,-106.4053,1,playas-del-sur
MX,Mexico,México,82040,Cerro del Vigía,Sinaloa,25,Mazatlán,012,Mazatlán,05,23.1931,-106.4053,1,cerro-del-vigia
MX,Mexico,México,82040,Lázaro Cárdenas,Sinaloa,25,Mazatlán,012,Mazatlán,05,23.4684,-106.306,1,lazaro-cardenas
MX,Mexico,México,82040,Gabriel Leyva,Sinaloa,25,Mazatlán,012,Mazatlán,05,23.4684,-106.306,1,gabriel-leyva
MX,Mexico,México,82040,Villas Playa Sur,Sinaloa,25,Mazatlán,012,Mazatlán,05,23.1931,-106.4053,1,villas-playa-sur
MX,Mexico,México,82043,Anabella de Gavica,Sinaloa,25,Mazatlán,012,Mazatlán,05,23.1931,-106.4053,3,anabella-de-gavica
MX,Mexico,México,82043,Ecológica,Sinaloa,25,Mazatlán,012,Mazatlán,05,23.1931,-106.4053,3,ecologica
MX,Mexico,México,82043,Vicente Guerrero,Sinaloa,25,Mazatlán,012,Mazatlán,05,23.4684,-106.306,3,vicente-guerrero
MX,Mexico,México,82043,Isla de La Piedra,Sinaloa,25,Mazatlán,012,Mazatlán,05,23.1931,-106.4053,4,isla-de-la-piedra
MX,Mexico,México,82047,Octava Zona Naval (Puerto Mazatlán),Sinaloa,25,Mazatlán,012,Mazatlán,05,23.1931,-106.4053,1,octava-zona-naval-puerto-mazatlan
MX,Mexico,México,82048,Cerro de La Cruz,Sinaloa,25,Mazatlán,012,Mazatlán,05,23.1931,-106.4053,1,cerro-de-la-cruz
MX,Mexico,México,82050,Las Malvinas,Sinaloa,25,Mazatlán,012,Mazatlán,05,23.2261,-106.3951,1,las-malvinas
MX,Mexico,México,82050,Alfredo V. Bonfil,Sinaloa,25,Mazatlán,012,Mazatlán,05,23.2261,-106.3951,1,alfredo-v-bonfil
MX,Mexico,México,82059,Casa Redonda,Sinaloa,25,Mazatlán,012,Mazatlán,05,23.4684,-106.306,1,casa-redonda
MX,Mexico,México,82060,José María Pino Suárez,Sinaloa,25,Mazatlán,012,Mazatlán,05,23.2261,-106.3951,1,jose-maria-pino-suarez
MX,Mexico,México,82060,Francisco I Madero,Sinaloa,25,Mazatlán,012,Mazatlán,05,23.2261,-106.3951,1,francisco-i-madero
MX,Mexico,México,82070,Ejido Rincón de Urías,Sinaloa,25,Mazatlán,012,Mazatlán,05,23.2261,-106.3951,1,ejido-rincon-de-urias
MX,Mexico,México,82080,Gral. Rafael Buelna,Sinaloa,25,Mazatlán,012,Mazatlán,05,22.9,-106.0917,1,gral-rafael-buelna
MX,Mexico,México,82080,5ta Chapalita,Sinaloa,25,Mazatlán,012,Mazatlán,05,22.9,-106.0917,1,5ta-chapalita
MX,Mexico,México,82089,23 de Noviembre,Sinaloa,25,Mazatlán,012,Mazatlán,05,22.9,-106.0917,3,23-de-noviembre
MX,Mexico,México,82089,Miramar,Sinaloa,25,Mazatlán,012,Mazatlán,05,23.4684,-106.306,3,miramar
MX,Mexico,México,82089,Tres Palmas,Sinaloa,25,Mazatlán,012,Mazatlán,05,23.4684,-106.306,4,tres-palmas
MX,Mexico,México,82089,La Sirena,Sinaloa,25,Mazatlán,012,Mazatlán,05,23.4684,-106.306,3,la-sirena
MX,Mexico,México,82090,Felipe Angeles,Sinaloa,25,Mazatlán,012,Mazatlán,05,23.4684,-106.306,3,felipe-angeles
MX,Mexico,México,82090,2da. Ampliación Valle de Urias,Sinaloa,25,Mazatlán,012,Mazatlán,05,23.2779,-106.4236,3,2da-ampliacion-valle-de-urias
MX,Mexico,México,82090,Valle de Urias,Sinaloa,25,Mazatlán,012,Mazatlán,05,23.2779,-106.4236,3,valle-de-urias
MX,Mexico,México,82090,Ana Paula,Sinaloa,25,Mazatlán,012,Mazatlán,05,23.2779,-106.4236,3,ana-paula
MX,Mexico,México,82090,Urbivilla del Real,Sinaloa,25,Mazatlán,012,Mazatlán,05,23.2779,-106.4236,3,urbivilla-del-real
MX,Mexico,México,82090,2a Ampliación Felipe Angeles,Sinaloa,25,Mazatlán,012,Mazatlán,05,23.2779,-106.4236,3,2a-ampliacion-felipe-angeles
MX,Mexico,México,82090,Hacienda de Urias,Sinaloa,25,Mazatlán,012,Mazatlán,05,23.2779,-106.4236,3,hacienda-de-urias
MX,Mexico,México,82090,Felipe,Sinaloa,25,Mazatlán,012,Mazatlán,05,23.2779,-106.4236,3,felipe
MX,Mexico,México,82090,María del Mar,Sinaloa,25,Mazatlán,012,Mazatlán,05,23.2779,-106.4236,3,maria-del-mar
MX,Mexico,México,82090,Santa Teresa,Sinaloa,25,Mazatlán,012,Mazatlán,05,23.3316,-106.4696,4,santa-teresa
MX,Mexico,México,82090,Diaz Ordaz,Sinaloa,25,Mazatlán,012,Mazatlán,05,23.2241,-106.3777,4,diaz-ordaz
MX,Mexico,México,82099,Urias,Sinaloa,25,Mazatlán,012,Mazatlán,05,23.2779,-106.4236,1,urias
MX,Mexico,México,82099,Ampliación de Urías III,Sinaloa,25,Mazatlán,012,Mazatlán,05,23.2779,-106.4236,1,ampliacion-de-urias-iii
MX,Mexico,México,82099,María Elena,Sinaloa,25,Mazatlán,012,Mazatlán,05,23.2779,-106.4236,1,maria-elena
MX,Mexico,México,82099,Ampliación de Urías II,Sinaloa,25,Mazatlán,012,Mazatlán,05,23.2779,-106.4236,1,ampliacion-de-urias-ii
MX,Mexico,México,82099,Ampliación de Urías I,Sinaloa,25,Mazatlán,012,Mazatlán,05,23.2779,-106.4236,1,ampliacion-de-urias-i
MX,Mexico,México,82099,Ladrillera,Sinaloa,25,Mazatlán,012,Mazatlán,05,23.4684,-106.306,1,ladrillera
MX,Mexico,México,82100,Las Varas,Sinaloa,25,Mazatlán,012,Mazatlán,05,23.4684,-106.306,1,las-varas
MX,Mexico,México,82100,Sábalo Country Club,Sinaloa,25,Mazatlán,012,Mazatlán,05,23.1931,-106.4053,1,sabalo-country-club
MX,Mexico,México,82102,Marina El Cid,Sinaloa,25,Mazatlán,012,Mazatlán,05,23.1931,-106.4053,1,marina-el-cid
MX,Mexico,México,82103,Puerta al Mar,Sinaloa,25,Mazatlán,012,Mazatlán,05,23.1931,-106.4053,3,puerta-al-mar
MX,Mexico,México,82103,El Encanto,Sinaloa,25,Mazatlán,012,Mazatlán,05,23.4684,-106.306,3,el-encanto
MX,Mexico,México,82103,El Secreto,Sinaloa,25,Mazatlán,012,Mazatlán,05,23.1931,-106.4053,3,el-secreto
MX,Mexico,México,82103,Raíces,Sinaloa,25,Mazatlán,012,Mazatlán,05,23.1931,-106.4053,3,raices
MX,Mexico,México,82103,Punta Diamante,Sinaloa,25,Mazatlán,012,Mazatlán,05,23.1931,-106.4053,3,punta-diamante
MX,Mexico,México,82103,Marina Mazatlán,Sinaloa,25,Mazatlán,012,Mazatlán,05,23.1931,-106.4053,3,marina-mazatlan
MX,Mexico,México,82103,Palmas del Sol,Sinaloa,25,Mazatlán,012,Mazatlán,05,23.1931,-106.4053,3,palmas-del-sol
MX,Mexico,México,82103,Marina Real,Sinaloa,25,Mazatlán,012,Mazatlán,05,23.1931,-106.4053,3,marina-real
MX,Mexico,México,82103,Isla Mazatlán,Sinaloa,25,Mazatlán,012,Mazatlán,05,23.1931,-106.4053,4,isla-mazatlan
MX,Mexico,México,82110,El Cid,Sinaloa,25,Mazatlán,012,Mazatlán,05,23.2554,-106.4508,4,el-cid
MX,Mexico,México,82110,Las Gaviotas,Sinaloa,25,Mazatlán,012,Mazatlán,05,23.4684,-106.306,3,las-gaviotas
MX,Mexico,México,82110,Lomas de Mazatlán,Sinaloa,25,Mazatlán,012,Mazatlán,05,23.2537,-106.4518,3,lomas-de-mazatlan
MX,Mexico,México,82110,5a. Gaviotas,Sinaloa,25,Mazatlán,012,Mazatlán,05,23.2537,-106.4518,3,5a-gaviotas
MX,Mexico,México,82110,El Dorado,Sinaloa,25,Mazatlán,012,Mazatlán,05,23.2519,-106.4528,4,el-dorado
MX,Mexico,México,82110,Puerta Dorada,Sinaloa,25,Mazatlán,012,Mazatlán,05,23.2537,-106.4518,3,puerta-dorada
MX,Mexico,México,82110,Zona Dorada,Sinaloa,25,Mazatlán,012,Mazatlán,05,23.2537,-106.4518,3,zona-dorada
MX,Mexico,México,82110,Ex Laguna Las Gaviotas,Sinaloa,25,Mazatlán,012,Mazatlán,05,23.2537,-106.4518,3,ex-laguna-las-gaviotas
MX,Mexico,México,82112,Cerritos al Mar,Sinaloa,25,Mazatlán,012,Mazatlán,05,23.2537,-106.4518,1,cerritos-al-mar
MX,Mexico,México,82112,Cerritos Resort,Sinaloa,25,Mazatlán,012,Mazatlán,05,23.2537,-106.4518,1,cerritos-resort
MX,Mexico,México,82112,Playa Linda,Sinaloa,25,Mazatlán,012,Mazatlán,05,23.2537,-106.4518,1,playa-linda
MX,Mexico,México,82112,Villas de Rueda,Sinaloa,25,Mazatlán,012,Mazatlán,05,23.2537,-106.4518,1,villas-de-rueda
MX,Mexico,México,82112,Villa Tranquila,Sinaloa,25,Mazatlán,012,Mazatlán,05,23.2537,-106.4518,1,villa-tranquila
MX,Mexico,México,82112,Villa Marina,Sinaloa,25,Mazatlán,012,Mazatlán,05,23.2537,-106.4518,1,villa-marina
MX,Mexico,México,82112,Azul Pacific,Sinaloa,25,Mazatlán,012,Mazatlán,05,23.2537,-106.4518,1,azul-pacific
MX,Mexico,México,82112,Villa del Mar,Sinaloa,25,Mazatlán,012,Mazatlán,05,23.2537,-106.4518,1,villa-del-mar
MX,Mexico,México,82112,Real del Mar,Sinaloa,25,Mazatlán,012,Mazatlán,05,23.2537,-106.4518,1,real-del-mar
MX,Mexico,México,82112,Royal Country,Sinaloa,25,Mazatlán,012,Mazatlán,05,23.2537,-106.4518,1,royal-country
MX,Mexico,México,82112,Las Palmas,Sinaloa,25,Mazatlán,012,Mazatlán,05,23.4684,-106.306,1,las-palmas
MX,Mexico,México,82112,Quintas del Mar,Sinaloa,25,Mazatlán,012,Mazatlán,05,23.2537,-106.4518,1,quintas-del-mar
MX,Mexico,México,82112,El Palmar,Sinaloa,25,Mazatlán,012,Mazatlán,05,23.4684,-106.306,1,el-palmar
MX,Mexico,México,82112,Marina Kelly,Sinaloa,25,Mazatlán,012,Mazatlán,05,23.2537,-106.4518,1,marina-kelly
MX,Mexico,México,82112,Marina Garden,Sinaloa,25,Mazatlán,012,Mazatlán,05,23.2537,-106.4518,1,marina-garden
MX,Mexico,México,82113,Club Real,Sinaloa,25,Mazatlán,012,Mazatlán,05,23.2537,-106.4518,1,club-real
MX,Mexico,México,82113,Mediterráneo Club Residencial,Sinaloa,25,Mazatlán,012,Mazatlán,05,23.2537,-106.4518,1,mediterraneo-club-residencial
MX,Mexico,México,82118,Rincón Colonial,Sinaloa,25,Mazatlán,012,Mazatlán,05,23.2537,-106.4518,1,rincon-colonial
MX,Mexico,México,82120,Olimpo Infonavit,Sinaloa,25,Mazatlán,012,Mazatlán,05,23.2534,-106.4291,3,olimpo-infonavit
MX,Mexico,México,82120,Plaza Reforma,Sinaloa,25,Mazatlán,012,Mazatlán,05,23.2534,-106.4291,3,plaza-reforma
MX,Mexico,México,82120,Periodista,Sinaloa,25,Mazatlán,012,Mazatlán,05,23.2534,-106.4291,3,periodista
MX,Mexico,México,82120,Zafiro,Sinaloa,25,Mazatlán,012,Mazatlán,05,23.2534,-106.4291,3,zafiro
MX,Mexico,México,82120,Hacienda del Mar,Sinaloa,25,Mazatlán,012,Mazatlán,05,23.2534,-106.4291,3,hacienda-del-mar
MX,Mexico,México,82120,Sanchez Celis,Sinaloa,25,Mazatlán,012,Mazatlán,05,23.4684,-106.306,3,sanchez-celis
MX,Mexico,México,82120,El Toro,Sinaloa,25,Mazatlán,012,Mazatlán,05,23.4684,-106.306,3,el-toro
MX,Mexico,México,82120,Pueblo Nuevo,Sinaloa,25,Mazatlán,012,Mazatlán,05,23.2534,-106.4291,4,pueblo-nuevo
MX,Mexico,México,82120,Azalea,Sinaloa,25,Mazatlán,012,Mazatlán,05,23.2534,-106.4291,3,azalea
MX,Mexico,México,82120,El Toreo,Sinaloa,25,Mazatlán,012,Mazatlán,05,23.2534,-106.4291,3,el-toreo
MX,Mexico,México,82120,Residencial Rinconada,Sinaloa,25,Mazatlán,012,Mazatlán,05,23.2534,-106.4291,3,residencial-rinconada
MX,Mexico,México,82120,Jardines del Toreo,Sinaloa,25,Mazatlán,012,Mazatlán,05,23.2534,-106.4291,3,jardines-del-toreo
MX,Mexico,México,82123,Alameda,Sinaloa,25,Mazatlán,012,Mazatlán,05,23.2201,-106.3179,1,alameda
MX,Mexico,México,82124,Paseo Alameda,Sinaloa,25,Mazatlán,012,Mazatlán,05,23.2727,-106.3246,3,paseo-alameda
MX,Mexico,México,82124,Chulavista,Sinaloa,25,Mazatlán,012,Mazatlán,05,23.4684,-106.306,3,chulavista
MX,Mexico,México,82124,Terranova Plus,Sinaloa,25,Mazatlán,012,Mazatlán,05,23.2727,-106.3246,3,terranova-plus
MX,Mexico,México,82124,Paseo de Las Torres,Sinaloa,25,Mazatlán,012,Mazatlán,05,23.2727,-106.3246,3,paseo-de-las-torres
MX,Mexico,México,82124,Paseo Los Olivos,Sinaloa,25,Mazatlán,012,Mazatlán,05,23.2727,-106.3246,3,paseo-los-olivos
MX,Mexico,México,82124,Predio Rancho Las Habas,Sinaloa,25,Mazatlán,012,Mazatlán,05,23.2727,-106.3246,3,predio-rancho-las-habas
MX,Mexico,México,82124,Puesta del Sol,Sinaloa,25,Mazatlán,012,Mazatlán,05,23.2727,-106.3246,3,puesta-del-sol
MX,Mexico,México,82124,Real del Valle,Sinaloa,25,Mazatlán,012,Mazatlán,05,23.2727,-106.3246,3,real-del-valle
MX,Mexico,México,82124,Real Pacífico,Sinaloa,25,Mazatlán,012,Mazatlán,05,23.2727,-106.3246,3,real-pacifico
MX,Mexico,México,82124,Paseo Alameda Dos,Sinaloa,25,Mazatlán,012,Mazatlán,05,23.2727,-106.3246,3,paseo-alameda-dos
MX,Mexico,México,82124,Rincón de las Palmas,Sinaloa,25,Mazatlán,012,Mazatlán,05,23.2727,-106.3246,3,rincon-de-las-palmas
MX,Mexico,México,82124,La Joya,Sinaloa,25,Mazatlán,012,Mazatlán,05,23.2727,-106.3246,4,la-joya
MX,Mexico,México,82124,Prados del Sol,Sinaloa,25,Mazatlán,012,Mazatlán,05,23.2727,-106.3246,3,prados-del-sol
MX,Mexico,México,82124,Terranova,Sinaloa,25,Mazatlán,012,Mazatlán,05,23.2727,-106.3246,3,terranova
MX,Mexico,México,82125,Rincón de Las Plazas,Sinaloa,25,Mazatlán,012,Mazatlán,05,23.2299,-106.2098,3,rincon-de-las-plazas
MX,Mexico,México,82125,Quinta Real,Sinaloa,25,Mazatlán,012,Mazatlán,05,23.2299,-106.2098,3,quinta-real
MX,Mexico,México,82125,San Carlos,Sinaloa,25,Mazatlán,012,Mazatlán,05,23.4684,-106.306,3,san-carlos
MX,Mexico,México,82125,Paraíso,Sinaloa,25,Mazatlán,012,Mazatlán,05,23.2299,-106.2098,4,paraiso
MX,Mexico,México,82126,Hacienda Las Cruces,Sinaloa,25,Mazatlán,012,Mazatlán,05,23.2201,-106.3179,1,hacienda-las-cruces
MX,Mexico,México,82127,Dorados de Villa,Sinaloa,25,Mazatlán,012,Mazatlán,05,23.0591,-106.2145,3,dorados-de-villa
MX,Mexico,México,82127,Francisco Villa,Sinaloa,25,Mazatlán,012,Mazatlán,05,23.4684,-106.306,4,francisco-villa
MX,Mexico,México,82127,Libertad de Expresión,Sinaloa,25,Mazatlán,012,Mazatlán,05,23.0591,-106.2145,3,libertad-de-expresion
MX,Mexico,México,82127,Ejidal Francisco Villa,Sinaloa,25,Mazatlán,012,Mazatlán,05,23.0591,-106.2145,3,ejidal-francisco-villa
MX,Mexico,México,82128,Los Mangos I,Sinaloa,25,Mazatlán,012,Mazatlán,05,23.2201,-106.3179,1,los-mangos-i
MX,Mexico,México,82128,Hacienda Los Mangos,Sinaloa,25,Mazatlán,012,Mazatlán,05,23.2201,-106.3179,1,hacienda-los-mangos
MX,Mexico,México,82128,Privanza,Sinaloa,25,Mazatlán,012,Mazatlán,05,23.2201,-106.3179,1,privanza
MX,Mexico,México,82128,INFONAVIT Playas,Sinaloa,25,Mazatlán,012,Mazatlán,05,23.2201,-106.3179,1,infonavit-playas
MX,Mexico,México,82128,Los Mangos II,Sinaloa,25,Mazatlán,012,Mazatlán,05,23.2201,-106.3179,1,los-mangos-ii
MX,Mexico,México,82129,El Venadillo,Sinaloa,25,Mazatlán,012,Mazatlán,05,23.2856,-106.4116,4,el-venadillo
MX,Mexico,México,82129,Monte Calvario,Sinaloa,25,Mazatlán,012,Mazatlán,05,23.4684,-106.306,3,monte-calvario
MX,Mexico,México,82129,Huerta Grande,Sinaloa,25,Mazatlán,012,Mazatlán,05,23.2856,-106.4116,3,huerta-grande
MX,Mexico,México,82129,Hacienda del Seminario,Sinaloa,25,Mazatlán,012,Mazatlán,05,23.2856,-106.4116,3,hacienda-del-seminario
MX,Mexico,México,82130,Mar de Cortes,Sinaloa,25,Mazatlán,012,Mazatlán,05,23.3345,-106.3243,1,mar-de-cortes
MX,Mexico,México,82132,Ampliación Francisco Alarcón (Venadillo II),Sinaloa,25,Mazatlán,012,Mazatlán,05,23.1935,-106.2841,3,ampliacion-francisco-alarcon-venadillo-ii
MX,Mexico,México,82132,Los Caracoles,Sinaloa,25,Mazatlán,012,Mazatlán,05,23.1935,-106.2841,3,los-caracoles
MX,Mexico,México,82132,Valle Dorado,Sinaloa,25,Mazatlán,012,Mazatlán,05,23.1935,-106.2841,3,valle-dorado
MX,Mexico,México,82132,Francisco Alarcón Infonavit,Sinaloa,25,Mazatlán,012,Mazatlán,05,23.1935,-106.2841,3,francisco-alarcon-infonavit
MX,Mexico,México,82132,Tortugas I,Sinaloa,25,Mazatlán,012,Mazatlán,05,23.1935,-106.2841,3,tortugas-i
MX,Mexico,México,82132,Arboledas I,Sinaloa,25,Mazatlán,012,Mazatlán,05,23.1935,-106.2841,3,arboledas-i
MX,Mexico,México,82132,Torremolinos,Sinaloa,25,Mazatlán,012,Mazatlán,05,23.1935,-106.2841,3,torremolinos
MX,Mexico,México,82132,Portomolino,Sinaloa,25,Mazatlán,012,Mazatlán,05,23.1935,-106.2841,3,portomolino
MX,Mexico,México,82132,Santa Rita,Sinaloa,25,Mazatlán,012,Mazatlán,05,23.1935,-106.2841,4,santa-rita
MX,Mexico,México,82132,Delfines,Sinaloa,25,Mazatlán,012,Mazatlán,05,23.1935,-106.2841,3,delfines
MX,Mexico,México,82132,Jardines del Bosque,Sinaloa,25,Mazatlán,012,Mazatlán,05,23.4684,-106.306,3,jardines-del-bosque
MX,Mexico,México,82132,Arboledas II,Sinaloa,25,Mazatlán,012,Mazatlán,05,23.1935,-106.2841,3,arboledas-ii
MX,Mexico,México,82133,Las Misiones,Sinaloa,25,Mazatlán,012,Mazatlán,05,23.2556,-106.407,3,las-misiones
MX,Mexico,México,82133,Brisas del Valle II,Sinaloa,25,Mazatlán,012,Mazatlán,05,23.2556,-106.407,3,brisas-del-valle-ii
MX,Mexico,México,82133,Valle Dorado II,Sinaloa,25,Mazatlán,012,Mazatlán,05,23.2556,-106.407,3,valle-dorado-ii
MX,Mexico,México,82133,Misiones 2000,Sinaloa,25,Mazatlán,012,Mazatlán,05,23.2556,-106.407,3,misiones-2000
MX,Mexico,México,82133,Las Brisas,Sinaloa,25,Mazatlán,012,Mazatlán,05,23.4684,-106.306,3,las-brisas
MX,Mexico,México,82133,Del Valle,Sinaloa,25,Mazatlán,012,Mazatlán,05,23.2556,-106.407,4,del-valle
MX,Mexico,México,82134,Felicidad,Sinaloa,25,Mazatlán,012,Mazatlán,05,23.4078,-106.3163,3,felicidad
MX,Mexico,México,82134,La Riviera,Sinaloa,25,Mazatlán,012,Mazatlán,05,23.4078,-106.3163,3,la-riviera
MX,Mexico,México,82134,Villa Carey,Sinaloa,25,Mazatlán,012,Mazatlán,05,23.4078,-106.3163,3,villa-carey
MX,Mexico,México,82134,Los Robles,Sinaloa,25,Mazatlán,012,Mazatlán,05,23.4078,-106.3163,3,los-robles
MX,Mexico,México,82134,Huerta Paraíso,Sinaloa,25,Mazatlán,012,Mazatlán,05,23.4078,-106.3163,3,huerta-paraiso
MX,Mexico,México,82134,Romanita de La Peña,Sinaloa,25,Mazatlán,012,Mazatlán,05,23.4078,-106.3163,3,romanita-de-la-pena
MX,Mexico,México,82134,San Marcos,Sinaloa,25,Mazatlán,012,Mazatlán,05,23.5387,-106.2266,4,san-marcos
MX,Mexico,México,82134,San Antonio,Sinaloa,25,Mazatlán,012,Mazatlán,05,23.2833,-106.3735,4,san-antonio
MX,Mexico,México,82134,Luis Donaldo Colosio,Sinaloa,25,Mazatlán,012,Mazatlán,05,23.4684,-106.306,3,luis-donaldo-colosio
MX,Mexico,México,82134,Renato Vega,Sinaloa,25,Mazatlán,012,Mazatlán,05,23.4684,-106.306,3,renato-vega
MX,Mexico,México,82134,Prado Bonito,Sinaloa,25,Mazatlán,012,Mazatlán,05,23.4684,-106.306,3,prado-bonito
MX,Mexico,México,82134,Nuevo Milenio,Sinaloa,25,Mazatlán,012,Mazatlán,05,23.4684,-106.306,3,nuevo-milenio
MX,Mexico,México,82134,San Francisco,Sinaloa,25,Mazatlán,012,Mazatlán,05,23.4684,-106.306,3,san-francisco
MX,Mexico,México,82134,Monte Verde,Sinaloa,25,Mazatlán,012,Mazatlán,05,23.4684,-106.306,3,monte-verde
MX,Mexico,México,82134,Jardines del Valle,Sinaloa,25,Mazatlán,012,Mazatlán,05,23.4078,-106.3163,3,jardines-del-valle
MX,Mexico,México,82134,Lucio Valverde,Sinaloa,25,Mazatlán,012,Mazatlán,05,23.4078,-106.3163,3,lucio-valverde
MX,Mexico,México,82134,Valle Del Ejido,Sinaloa,25,Mazatlán,012,Mazatlán,05,23.4078,-106.3163,3,valle-del-ejido
MX,Mexico,México,82134,Salinas de Gortari,Sinaloa,25,Mazatlán,012,Mazatlán,05,23.4078,-106.3163,3,salinas-de-gortari
MX,Mexico,México,82134,Mundialista,Sinaloa,25,Mazatlán,012,Mazatlán,05,23.4078,-106.3163,3,mundialista
MX,Mexico,México,82134,Puerta del Sol,Sinaloa,25,Mazatlán,012,Mazatlán,05,23.4078,-106.3163,3,puerta-del-sol
MX,Mexico,México,82134,Residencial San Marcos,Sinaloa,25,Mazatlán,012,Mazatlán,05,23.4078,-106.3163,3,residencial-san-marcos
MX,Mexico,México,82134,Sinaloa,Sinaloa,25,Mazatlán,012,Mazatlán,05,23.4078,-106.3163,3,sinaloa
MX,Mexico,México,82134,Hogar Pescador,Sinaloa,25,Mazatlán,012,Mazatlán,05,23.4078,-106.3163,3,hogar-pescador
MX,Mexico,México,82134,Ampliación Valle del Ejido,Sinaloa,25,Mazatlán,012,Mazatlán,05,23.4078,-106.3163,3,ampliacion-valle-del-ejido
MX,Mexico,México,82134,Arboledas III,Sinaloa,25,Mazatlán,012,Mazatlán,05,23.4078,-106.3163,3,arboledas-iii
MX,Mexico,México,82134,El Conchi II,Sinaloa,25,Mazatlán,012,Mazatlán,05,23.4078,-106.3163,3,el-conchi-ii
MX,Mexico,México,82134,Jardines de la Riviera,Sinaloa,25,Mazatlán,012,Mazatlán,05,23.4078,-106.3163,3,jardines-de-la-riviera
MX,Mexico,México,82134,Jardines Residencial,Sinaloa,25,Mazatlán,012,Mazatlán,05,23.4078,-106.3163,3,jardines-residencial
MX,Mexico,México,82134,Jesús Osuna,Sinaloa,25,Mazatlán,012,Mazatlán,05,23.4078,-106.3163,3,jesus-osuna
MX,Mexico,México,82134,Santa Rosa,Sinaloa,25,Mazatlán,012,Mazatlán,05,23.4013,-106.3489,4,santa-rosa
MX,Mexico,México,82136,Villa Tutuli II,Sinaloa,25,Mazatlán,012,Mazatlán,05,23.269,-106.394,3,villa-tutuli-ii
MX,Mexico,México,82136,Colinas del Real,Sinaloa,25,Mazatlán,012,Mazatlán,05,23.269,-106.394,3,colinas-del-real
MX,Mexico,México,82136,Bosques del Arroyo,Sinaloa,25,Mazatlán,012,Mazatlán,05,23.269,-106.394,3,bosques-del-arroyo
MX,Mexico,México,82136,Petróleos,Sinaloa,25,Mazatlán,012,Mazatlán,05,23.269,-106.394,3,petroleos
MX,Mexico,México,82136,María Antonieta,Sinaloa,25,Mazatlán,012,Mazatlán,05,23.269,-106.394,3,maria-antonieta
MX,Mexico,México,82136,José Gordillo Pinto,Sinaloa,25,Mazatlán,012,Mazatlán,05,23.269,-106.394,3,jose-gordillo-pinto
MX,Mexico,México,82136,Valle Bonito,Sinaloa,25,Mazatlán,012,Mazatlán,05,23.269,-106.394,3,valle-bonito
MX,Mexico,México,82136,Buenos Aires,Sinaloa,25,Mazatlán,012,Mazatlán,05,23.2665,-106.3935,4,buenos-aires
MX,Mexico,México,82136,Santa Laura,Sinaloa,25,Mazatlán,012,Mazatlán,05,23.269,-106.394,3,santa-laura
MX,Mexico,México,82136,Villa Tutuli,Sinaloa,25,Mazatlán,012,Mazatlán,05,23.269,-106.394,3,villa-tutuli
MX,Mexico,México,82136,Torremolinos Costa Azul,Sinaloa,25,Mazatlán,012,Mazatlán,05,23.269,-106.394,3,torremolinos-costa-azul
MX,Mexico,México,82136,La Campiña,Sinaloa,25,Mazatlán,012,Mazatlán,05,23.4684,-106.306,3,la-campina
MX,Mexico,México,82136,Jaripillo,Sinaloa,25,Mazatlán,012,Mazatlán,05,23.2714,-106.3946,4,jaripillo
MX,Mexico,México,82137,Huertos Familiares,Sinaloa,25,Mazatlán,012,Mazatlán,05,23.3345,-106.3243,1,huertos-familiares
MX,Mexico,México,82138,FOVISSSTE Playa Azul,Sinaloa,25,Mazatlán,012,Mazatlán,05,23.3345,-106.3243,1,fovissste-playa-azul
MX,Mexico,México,82139,Villa de las Flores,Sinaloa,25,Mazatlán,012,Mazatlán,05,23.3674,-106.2847,3,villa-de-las-flores
MX,Mexico,México,82139,Villa Florida,Sinaloa,25,Mazatlán,012,Mazatlán,05,23.3674,-106.2847,3,villa-florida
MX,Mexico,México,82139,El Conchi Infonavit,Sinaloa,25,Mazatlán,012,Mazatlán,05,23.3674,-106.2847,3,el-conchi-infonavit
MX,Mexico,México,82139,Costa Dorada,Sinaloa,25,Mazatlán,012,Mazatlán,05,23.3674,-106.2847,3,costa-dorada
MX,Mexico,México,82139,Santa Sofía,Sinaloa,25,Mazatlán,012,Mazatlán,05,23.3674,-106.2847,3,santa-sofia
MX,Mexico,México,82139,Francisco Labastida Ochoa,Sinaloa,25,Mazatlán,012,Mazatlán,05,23.4684,-106.306,3,francisco-labastida-ochoa
MX,Mexico,México,82139,El Conchi,Sinaloa,25,Mazatlán,012,Mazatlán,05,23.2654,-106.3775,4,el-conchi
MX,Mexico,México,82139,Las Mañanitas,Sinaloa,25,Mazatlán,012,Mazatlán,05,23.26,-106.2511,4,las-mananitas
MX,Mexico,México,82139,Los Laureles,Sinaloa,25,Mazatlán,012,Mazatlán,05,23.4684,-106.306,4,los-laureles
MX,Mexico,México,82139,San Joaquín,Sinaloa,25,Mazatlán,012,Mazatlán,05,23.3577,-106.4638,4,san-joaquin
MX,Mexico,México,82139,Bugambilias,Sinaloa,25,Mazatlán,012,Mazatlán,05,23.4684,-106.306,3,bugambilias
MX,Mexico,México,82139,Los Conchis Sección Arrecifes,Sinaloa,25,Mazatlán,012,Mazatlán,05,23.3674,-106.2847,3,los-conchis-seccion-arrecifes
MX,Mexico,México,82139,Villa Verde,Sinaloa,25,Mazatlán,012,Mazatlán,05,23.3674,-106.2847,3,villa-verde
MX,Mexico,México,82139,Pradera Dorada I,Sinaloa,25,Mazatlán,012,Mazatlán,05,23.3674,-106.2847,3,pradera-dorada-i
MX,Mexico,México,82139,Lomas de San Jorge,Sinaloa,25,Mazatlán,012,Mazatlán,05,23.3674,-106.2847,3,lomas-de-san-jorge
MX,Mexico,México,82139,Nuevo Cajeme,Sinaloa,25,Mazatlán,012,Mazatlán,05,23.3674,-106.2847,3,nuevo-cajeme
MX,Mexico,México,82139,Pradera Dorada V,Sinaloa,25,Mazatlán,012,Mazatlán,05,23.3674,-106.2847,3,pradera-dorada-v
MX,Mexico,México,82139,Ampliación Villa Verde,Sinaloa,25,Mazatlán,012,Mazatlán,05,23.3674,-106.2847,3,ampliacion-villa-verde
MX,Mexico,México,82139,Pradera Dorada IV,Sinaloa,25,Mazatlán,012,Mazatlán,05,23.3674,-106.2847,3,pradera-dorada-iv
MX,Mexico,México,82139,Pradera Dorada III,Sinaloa,25,Mazatlán,012,Mazatlán,05,23.3674,-106.2847,3,pradera-dorada-iii
MX,Mexico,México,82139,Viva Progreso,Sinaloa,25,Mazatlán,012,Mazatlán,05,23.3674,-106.2847,3,viva-progreso
MX,Mexico,México,82139,Pradera Dorada II,Sinaloa,25,Mazatlán,012,Mazatlán,05,23.3674,-106.2847,3,pradera-dorada-ii
MX,Mexico,México,82139,Vista del Mar,Sinaloa,25,Mazatlán,012,Mazatlán,05,23.3674,-106.2847,3,vista-del-mar
MX,Mexico,México,82139,Jesús Kumate,Sinaloa,25,Mazatlán,012,Mazatlán,05,23.3674,-106.2847,3,jesus-kumate
MX,Mexico,México,82139,Arboledas INVIES,Sinaloa,25,Mazatlán,012,Mazatlán,05,23.3674,-106.2847,3,arboledas-invies
MX,Mexico,México,82140,Estadio,Sinaloa,25,Mazatlán,012,Mazatlán,05,23.2616,-106.3588,1,estadio
MX,Mexico,México,82140,López Mateos,Sinaloa,25,Mazatlán,012,Mazatlán,05,23.4684,-106.306,1,lopez-mateos
MX,Mexico,México,82140,Lomas del Valle,Sinaloa,25,Mazatlán,012,Mazatlán,05,23.2616,-106.3588,1,lomas-del-valle
MX,Mexico,México,82143,Casa Blanca,Sinaloa,25,Mazatlán,012,Mazatlán,05,23.4684,-106.306,1,casa-blanca
MX,Mexico,México,82144,Girasoles,Sinaloa,25,Mazatlán,012,Mazatlán,05,23.2616,-106.3588,1,girasoles
MX,Mexico,México,82146,Sembradores de La Amistad,Sinaloa,25,Mazatlán,012,Mazatlán,05,23.2616,-106.3588,1,sembradores-de-la-amistad
MX,Mexico,México,82146,Antiguo Aeropuerto,Sinaloa,25,Mazatlán,012,Mazatlán,05,23.2616,-106.3588,1,antiguo-aeropuerto
MX,Mexico,México,82147,María Fernanda,Sinaloa,25,Mazatlán,012,Mazatlán,05,23.2616,-106.3588,1,maria-fernanda
MX,Mexico,México,82148,Playas del Sol,Sinaloa,25,Mazatlán,012,Mazatlán,05,23.2616,-106.3588,1,playas-del-sol
MX,Mexico,México,82149,Flamingos,Sinaloa,25,Mazatlán,012,Mazatlán,05,23.2616,-106.3588,1,flamingos
MX,Mexico,México,82150,Villa de Jacaro,Sinaloa,25,Mazatlán,012,Mazatlán,05,23.2188,-106.3769,3,villa-de-jacaro
MX,Mexico,México,82150,Villa Galaxia,Sinaloa,25,Mazatlán,012,Mazatlán,05,23.4684,-106.306,3,villa-galaxia
MX,Mexico,México,82150,Villa Satélite,Sinaloa,25,Mazatlán,012,Mazatlán,05,23.2422,-106.4147,4,villa-satelite
MX,Mexico,México,82150,El Castillo,Sinaloa,25,Mazatlán,012,Mazatlán,05,23.1954,-106.3391,4,el-castillo
MX,Mexico,México,82150,20 de Noviembre,Sinaloa,25,Mazatlán,012,Mazatlán,05,23.4684,-106.306,3,20-de-noviembre
MX,Mexico,México,82150,Los Ángeles (Santa Fe),Sinaloa,25,Mazatlán,012,Mazatlán,05,23.2188,-106.3769,3,los-angeles-santa-fe
MX,Mexico,México,82150,Olímpica,Sinaloa,25,Mazatlán,012,Mazatlán,05,23.2188,-106.3769,3,olimpica
MX,Mexico,México,82153,Antonio Toledo Corro,Sinaloa,25,Mazatlán,012,Mazatlán,05,23.4684,-106.306,1,antonio-toledo-corro
MX,Mexico,México,82153,Jabalines Infonavit,Sinaloa,25,Mazatlán,012,Mazatlán,05,23.2303,-106.373,1,jabalines-infonavit
MX,Mexico,México,82154,Lomas del Bosque,Sinaloa,25,Mazatlán,012,Mazatlán,05,23.2354,-106.3546,3,lomas-del-bosque
MX,Mexico,México,82154,Issstesin,Sinaloa,25,Mazatlán,012,Mazatlán,05,23.4684,-106.306,3,issstesin
MX,Mexico,México,82154,San Nicolás,Sinaloa,25,Mazatlán,012,Mazatlán,05,23.4684,-106.306,3,san-nicolas
MX,Mexico,México,82154,Las Torres,Sinaloa,25,Mazatlán,012,Mazatlán,05,23.4684,-106.306,3,las-torres
MX,Mexico,México,82154,Los Portales,Sinaloa,25,Mazatlán,012,Mazatlán,05,23.4684,-106.306,3,los-portales
MX,Mexico,México,82154,FOVISSSTE Jabalíes,Sinaloa,25,Mazatlán,012,Mazatlán,05,23.2577,-106.4169,4,fovissste-jabalies
MX,Mexico,México,82154,Corredor de Abasto,Sinaloa,25,Mazatlán,012,Mazatlán,05,23.2354,-106.3546,3,corredor-de-abasto
MX,Mexico,México,82154,Los Venados,Sinaloa,25,Mazatlán,012,Mazatlán,05,23.2607,-106.4141,4,los-venados
MX,Mexico,México,82154,Los Olivos,Sinaloa,25,Mazatlán,012,Mazatlán,05,23.1879,-106.2329,4,los-olivos
MX,Mexico,México,82155,Ruben Jaramillo,Sinaloa,25,Mazatlán,012,Mazatlán,05,23.4684,-106.306,1,ruben-jaramillo
MX,Mexico,México,82156,Villas del Estero,Sinaloa,25,Mazatlán,012,Mazatlán,05,23.2303,-106.373,1,villas-del-estero
MX,Mexico,México,82157,Santa Virginia,Sinaloa,25,Mazatlán,012,Mazatlán,05,23.2377,-106.4205,4,santa-virginia
MX,Mexico,México,82157,Residencial Flamingos,Sinaloa,25,Mazatlán,012,Mazatlán,05,23.2377,-106.4205,3,residencial-flamingos
MX,Mexico,México,82157,La Cima Residencial,Sinaloa,25,Mazatlán,012,Mazatlán,05,23.2377,-106.4205,3,la-cima-residencial
MX,Mexico,México,82157,Plazas San Ignacio,Sinaloa,25,Mazatlán,012,Mazatlán,05,23.2377,-106.4205,3,plazas-san-ignacio
MX,Mexico,México,82157,Costa Brava III,Sinaloa,25,Mazatlán,012,Mazatlán,05,23.2377,-106.4205,3,costa-brava-iii
MX,Mexico,México,82157,Villa Bonita,Sinaloa,25,Mazatlán,012,Mazatlán,05,23.2377,-106.4205,3,villa-bonita
MX,Mexico,México,82157,Jacarandas,Sinaloa,25,Mazatlán,012,Mazatlán,05,23.2377,-106.4205,3,jacarandas
MX,Mexico,México,82157,Isla Residencial,Sinaloa,25,Mazatlán,012,Mazatlán,05,23.2377,-106.4205,3,isla-residencial
MX,Mexico,México,82157,Gilberto Lopez,Sinaloa,25,Mazatlán,012,Mazatlán,05,23.2377,-106.4205,3,gilberto-lopez
MX,Mexico,México,82157,Bahía de Mazatlán FOVISSSTE,Sinaloa,25,Mazatlán,012,Mazatlán,05,23.2377,-106.4205,3,bahia-de-mazatlan-fovissste
MX,Mexico,México,82157,Costa Brava,Sinaloa,25,Mazatlán,012,Mazatlán,05,23.2377,-106.4205,3,costa-brava
MX,Mexico,México,82158,Ampl. Lico Velarde,Sinaloa,25,Mazatlán,012,Mazatlán,05,23.2303,-106.373,1,ampl-lico-velarde
MX,Mexico,México,82158,Federico Velarde,Sinaloa,25,Mazatlán,012,Mazatlán,05,23.2303,-106.373,1,federico-velarde
MX,Mexico,México,82159,Esperanza Fovissste,Sinaloa,25,Mazatlán,012,Mazatlán,05,23.2303,-106.373,1,esperanza-fovissste
MX,Mexico,México,82159,Melina,Sinaloa,25,Mazatlán,012,Mazatlán,05,23.2303,-106.373,1,melina
MX,Mexico,México,82159,Universidad 94,Sinaloa,25,Mazatlán,012,Mazatlán,05,23.2303,-106.373,1,universidad-94
MX,Mexico,México,82159,Los Sauces,Sinaloa,25,Mazatlán,012,Mazatlán,05,23.4684,-106.306,1,los-sauces
MX,Mexico,México,82160,Luis Echeverría Alvarez,Sinaloa,25,Mazatlán,012,Mazatlán,05,23.4684,-106.306,1,luis-echeverria-alvarez
MX,Mexico,México,82163,Fuentes del Valle,Sinaloa,25,Mazatlán,012,Mazatlán,05,23.2556,-106.407,4,fuentes-del-valle
MX,Mexico,México,82163,Burócrata,Sinaloa,25,Mazatlán,012,Mazatlán,05,23.2518,-106.4107,4,burocrata
MX,Mexico,México,82163,Las Olas,Sinaloa,25,Mazatlán,012,Mazatlán,05,23.4684,-106.306,3,las-olas
MX,Mexico,México,82164,Esmeralda,Sinaloa,25,Mazatlán,012,Mazatlán,05,23.255,-106.4115,1,esmeralda
MX,Mexico,México,82164,Villa Residencial del Rey,Sinaloa,25,Mazatlán,012,Mazatlán,05,23.255,-106.4115,1,villa-residencial-del-rey
MX,Mexico,México,82164,Salvador Allende,Sinaloa,25,Mazatlán,012,Mazatlán,05,23.255,-106.4115,1,salvador-allende
MX,Mexico,México,82165,Jabalíes,Sinaloa,25,Mazatlán,012,Mazatlán,05,23.2577,-106.4169,4,jabalies
MX,Mexico,México,82170,Constitución,Sinaloa,25,Mazatlán,012,Mazatlán,05,23.2363,-106.4062,4,constitucion
MX,Mexico,México,82170,Morelos,Sinaloa,25,Mazatlán,012,Mazatlán,05,23.2404,-106.4058,4,morelos
MX,Mexico,México,82170,Ramon F Iturbide,Sinaloa,25,Mazatlán,012,Mazatlán,05,23.2384,-106.406,3,ramon-f-iturbide
MX,Mexico,México,82180,Lomas de Juárez,Sinaloa,25,Mazatlán,012,Mazatlán,05,23.3065,-106.4402,3,lomas-de-juarez
MX,Mexico,México,82180,Jesús Garcia,Sinaloa,25,Mazatlán,012,Mazatlán,05,23.3065,-106.4402,3,jesus-garcia
MX,Mexico,México,82180,Venustiano Carranza,Sinaloa,25,Mazatlán,012,Mazatlán,05,23.4684,-106.306,3,venustiano-carranza
MX,Mexico,México,82180,Benito Juárez,Sinaloa,25,Mazatlán,012,Mazatlán,05,23.4684,-106.306,3,benito-juarez
MX,Mexico,México,82180,Esperanza,Sinaloa,25,Mazatlán,012,Mazatlán,05,23.233,-106.3973,4,esperanza
MX,Mexico,México,82180,Santa Elena,Sinaloa,25,Mazatlán,012,Mazatlán,05,23.3799,-106.4831,4,santa-elena
MX,Mexico,México,82183,Obrera Industrial,Sinaloa,25,Mazatlán,012,Mazatlán,05,23.2801,-106.4239,1,obrera-industrial
MX,Mexico,México,82185,Loma Atravesada,Sinaloa,25,Mazatlán,012,Mazatlán,05,23.2801,-106.4239,1,loma-atravesada
MX,Mexico,México,82186,Azteca,Sinaloa,25,Mazatlán,012,Mazatlán,05,23.2241,-106.3987,4,azteca
MX,Mexico,México,82186,Santa Cecilia,Sinaloa,25,Mazatlán,012,Mazatlán,05,23.4684,-106.306,3,santa-cecilia
MX,Mexico,México,82187,San Rafael,Sinaloa,25,Mazatlán,012,Mazatlán,05,23.2833,-106.4167,4,san-rafael
MX,Mexico,México,82187,Del Bosque,Sinaloa,25,Mazatlán,012,Mazatlán,05,23.2833,-106.4167,3,del-bosque
MX,Mexico,México,82188,Anáhuac,Sinaloa,25,Mazatlán,012,Mazatlán,05,23.4684,-106.306,1,anahuac
MX,Mexico,México,82190,Flores Magón,Sinaloa,25,Mazatlán,012,Mazatlán,05,23.4684,-106.306,1,flores-magon
MX,Mexico,México,82190,Emiliano Zapata,Sinaloa,25,Mazatlán,012,Mazatlán,05,23.4684,-106.306,1,emiliano-zapata
MX,Mexico,México,82190,El Campestre,Sinaloa,25,Mazatlán,012,Mazatlán,05,22.9314,-106.1103,1,el-campestre
MX,Mexico,México,82190,Niños Héroes,Sinaloa,25,Mazatlán,012,Mazatlán,05,23.4684,-106.306,1,ninos-heroes
MX,Mexico,México,82190,Mazatlan I,Sinaloa,25,Mazatlán,012,Mazatlán,05,22.9314,-106.1103,1,mazatlan-i
MX,Mexico,México,82190,Ampliación Esperanza,Sinaloa,25,Mazatlán,012,Mazatlán,05,22.9314,-106.1103,1,ampliacion-esperanza
MX,Mexico,México,82195,Lomas de Cristo Rey,Sinaloa,25,Mazatlán,012,Mazatlán,05,22.9314,-106.1103,1,lomas-de-cristo-rey
MX,Mexico,México,82195,Universo,Sinaloa,25,Mazatlán,012,Mazatlán,05,22.9314,-106.1103,1,universo
MX,Mexico,México,82195,Lomas Del Porvenir,Sinaloa,25,Mazatlán,012,Mazatlán,05,22.9314,-106.1103,1,lomas-del-porvenir
MX,Mexico,México,82195,Mazatlán III,Sinaloa,25,Mazatlán,012,Mazatlán,05,22.9314,-106.1103,1,mazatlan-iii
MX,Mexico,México,82195,Mazatlan II,Sinaloa,25,Mazatlán,012,Mazatlán,05,22.9314,-106.1103,1,mazatlan-ii
MX,Mexico,México,82195,Hacienda Victoria,Sinaloa,25,Mazatlán,012,Mazatlán,05,22.9314,-106.1103,1,hacienda-victoria
MX,Mexico,México,82195,La Alborada,Sinaloa,25,Mazatlán,012,Mazatlán,05,22.9314,-106.1103,1,la-alborada
MX,Mexico,México,82195,Rincón de Mazatlán,Sinaloa,25,Mazatlán,012,Mazatlán,05,22.9314,-106.1103,1,rincon-de-mazatlan
MX,Mexico,México,82195,El Pescador,Sinaloa,25,Mazatlán,012,Mazatlán,05,22.9314,-106.1103,1,el-pescador
MX,Mexico,México,82196,Petrolero,Sinaloa,25,Mazatlán,012,Mazatlán,05,23.4684,-106.306,1,petrolero
MX,Mexico,México,82196,Mirasol,Sinaloa,25,Mazatlán,012,Mazatlán,05,22.9314,-106.1103,1,mirasol
MX,Mexico,México,82197,Primavera,Sinaloa,25,Mazatlán,012,Mazatlán,05,22.9314,-106.1103,1,primavera
MX,Mexico,México,82198,Rinconada Del Valle,Sinaloa,25,Mazatlán,012,Mazatlán,05,22.9314,-106.1103,1,rinconada-del-valle
MX,Mexico,México,82198,Ejidal,Sinaloa,25,Mazatlán,012,Mazatlán,05,23.4684,-106.306,1,ejidal
MX,Mexico,México,82198,La Foresta,Sinaloa,25,Mazatlán,012,Mazatlán,05,22.9314,-106.1103,1,la-foresta
MX,Mexico,México,82198,Villas Del Sol,Sinaloa,25,Mazatlán,012,Mazatlán,05,22.9314,-106.1103,1,villas-del-sol
MX,Mexico,México,82198,Ampl. Lomas del Ébano,Sinaloa,25,Mazatlán,012,Mazatlán,05,22.9314,-106.1103,1,ampl-lomas-del-ebano
MX,Mexico,México,82198,Simon Jimenez Cárdenas,Sinaloa,25,Mazatlán,012,Mazatlán,05,22.9314,-106.1103,1,simon-jimenez-cardenas
MX,Mexico,México,82198,Valles del Sol,Sinaloa,25,Mazatlán,012,Mazatlán,05,22.9314,-106.1103,1,valles-del-sol
MX,Mexico,México,82198,Doña Chonita,Sinaloa,25,Mazatlán,012,Mazatlán,05,22.9314,-106.1103,1,dona-chonita
MX,Mexico,México,82198,San Fernando,Sinaloa,25,Mazatlán,012,Mazatlán,05,23.4684,-106.306,1,san-fernando
MX,Mexico,México,82198,Loma Bonita,Sinaloa,25,Mazatlán,012,Mazatlán,05,23.4684,-106.306,1,loma-bonita
MX,Mexico,México,82198,Lomas Del Ébano,Sinaloa,25,Mazatlán,012,Mazatlán,05,22.9314,-106.1103,1,lomas-del-ebano
MX,Mexico,México,82198,Ex Hacienda del Conchi,Sinaloa,25,Mazatlán,012,Mazatlán,05,22.9314,-106.1103,1,ex-hacienda-del-conchi
MX,Mexico,México,82198,Hacienda del Valle,Sinaloa,25,Mazatlán,012,Mazatlán,05,22.9314,-106.1103,1,hacienda-del-valle
MX,Mexico,México,82199,Los Tabachines,Sinaloa,25,Mazatlán,012,Mazatlán,05,23.4684,-106.306,4,los-tabachines
MX,Mexico,México,82199,Praderas del Sol,Sinaloa,25,Mazatlán,012,Mazatlán,05,22.9314,-106.1103,3,praderas-del-sol
MX,Mexico,México,82199,Genaro Estrada Calderón,Sinaloa,25,Mazatlán,012,Mazatlán,05,22.9314,-106.1103,3,genaro-estrada-calderon
MX,Mexico,México,82199,Los Magueyes,Sinaloa,25,Mazatlán,012,Mazatlán,05,22.9314,-106.1103,3,los-magueyes
MX,Mexico,México,82200,Lomas de Monterrey,Sinaloa,25,Mazatlán,012,,,23.2547,-106.2567,4,lomas-de-monterrey
MX,Mexico,México,82200,San Francisquito,Sinaloa,25,Mazatlán,012,,,23.2428,-106.2533,4,san-francisquito
MX,Mexico,México,82203,El Vainillo,Sinaloa,25,Mazatlán,012,,,23.2061,-106.2611,4,el-vainillo
MX,Mexico,México,82204,Parque Industrial Mazatlán,Sinaloa,25,Mazatlán,012,,,23.1896,-106.2599,3,parque-industrial-mazatlan
MX,Mexico,México,82204,La Urraca Nueva,Sinaloa,25,Mazatlán,012,,,23.1896,-106.2599,4,la-urraca-nueva
MX,Mexico,México,82206,Pedro Rodríguez,Sinaloa,25,Mazatlán,012,,,23.1401,-106.245,3,pedro-rodriguez
MX,Mexico,México,82206,El Walamo,Sinaloa,25,Mazatlán,012,,,23.1401,-106.245,4,el-walamo
MX,Mexico,México,82207,El Habalito del Tubo,Sinaloa,25,Mazatlán,012,,,23.2256,-106.2997,4,el-habalito-del-tubo
MX,Mexico,México,82210,Villa Unión Centro,Sinaloa,25,Mazatlán,012,Villa Unión,12,23.1398,-106.1372,1,villa-union-centro
MX,Mexico,México,82213,El Tronconal,Sinaloa,25,Mazatlán,012,Villa Unión,12,23.4684,-106.306,4,el-tronconal
MX,Mexico,México,82214,Lomas de Villa Unión,Sinaloa,25,Mazatlán,012,Villa Unión,12,23.1957,-106.2105,4,lomas-de-villa-union
MX,Mexico,México,82214,Agustina Ramirez,Sinaloa,25,Mazatlán,012,Villa Unión,12,23.1957,-106.2105,3,agustina-ramirez
MX,Mexico,México,82214,Fidel Velázquez,Sinaloa,25,Mazatlán,012,Villa Unión,12,23.1957,-106.2105,3,fidel-velazquez
MX,Mexico,México,82214,Alfonso G Calderón,Sinaloa,25,Mazatlán,012,Villa Unión,12,23.1957,-106.2105,3,alfonso-g-calderon
MX,Mexico,México,82214,7 de Abril,Sinaloa,25,Mazatlán,012,Villa Unión,12,23.1957,-106.2105,3,7-de-abril
MX,Mexico,México,82214,Buenavista,Sinaloa,25,Mazatlán,012,Villa Unión,12,23.4684,-106.306,3,buenavista
MX,Mexico,México,82214,Flor de Mayo,Sinaloa,25,Mazatlán,012,Villa Unión,12,23.4684,-106.306,3,flor-de-mayo
MX,Mexico,México,82215,Lienzo Charro,Sinaloa,25,Mazatlán,012,Villa Unión,12,23.1398,-106.1372,1,lienzo-charro
MX,Mexico,México,82215,José Lopez Portillo,Sinaloa,25,Mazatlán,012,Villa Unión,12,23.1398,-106.1372,1,jose-lopez-portillo
MX,Mexico,México,82215,Ángela Peralta,Sinaloa,25,Mazatlán,012,Villa Unión,12,23.1398,-106.1372,1,angela-peralta
MX,Mexico,México,82215,Antonio Toledo Corro,Sinaloa,25,Mazatlán,012,Villa Unión,12,23.4684,-106.306,1,antonio-toledo-corro
MX,Mexico,México,82215,Renato Vega,Sinaloa,25,Mazatlán,012,Villa Unión,12,23.4684,-106.306,1,renato-vega
MX,Mexico,México,82216,11 Ríos,Sinaloa,25,Mazatlán,012,Villa Unión,12,23.1398,-106.1372,1,11-rios
MX,Mexico,México,82216,Los Sauces,Sinaloa,25,Mazatlán,012,Villa Unión,12,23.4684,-106.306,1,los-sauces
MX,Mexico,México,82216,Ejidal,Sinaloa,25,Mazatlán,012,Villa Unión,12,23.4684,-106.306,1,ejidal
MX,Mexico,México,82217,Margarita Maza de Juárez,Sinaloa,25,Mazatlán,012,Villa Unión,12,23.1398,-106.1372,1,margarita-maza-de-juarez
MX,Mexico,México,82217,Raul Osuna Burgueño,Sinaloa,25,Mazatlán,012,Villa Unión,12,23.1398,-106.1372,1,raul-osuna-burgueno
MX,Mexico,México,82217,Julio Arroyo,Sinaloa,25,Mazatlán,012,Villa Unión,12,23.1398,-106.1372,1,julio-arroyo
MX,Mexico,México,82217,Sixto Osuna,Sinaloa,25,Mazatlán,012,Villa Unión,12,23.1398,-106.1372,1,sixto-osuna
MX,Mexico,México,82233,Loma Alta de los Zataráin,Sinaloa,25,Mazatlán,012,,,23.3986,-106.2537,4,loma-alta-de-los-zatarain
MX,Mexico,México,82233,El Recodo,Sinaloa,25,Mazatlán,012,,,23.4064,-106.2128,4,el-recodo
MX,Mexico,México,82236,Siqueiros,Sinaloa,25,Mazatlán,012,,,23.3992,-106.2835,1,siqueiros
MX,Mexico,México,82238,El Salto,Sinaloa,25,Mazatlán,012,,,23.3736,-106.322,4,el-salto
MX,Mexico,México,82238,El Espinal,Sinaloa,25,Mazatlán,012,,,23.4183,-106.3456,4,el-espinal
MX,Mexico,México,82240,Los Llanitos,Sinaloa,25,Mazatlán,012,,,23.5106,-106.5903,4,los-llanitos
MX,Mexico,México,82245,El Roble,Sinaloa,25,Mazatlán,012,,,23.2456,-106.2058,4,el-roble
MX,Mexico,México,82246,El Guayabo,Sinaloa,25,Mazatlán,012,,,23.3895,-106.3398,4,el-guayabo
MX,Mexico,México,82247,Escamillas,Sinaloa,25,Mazatlán,012,,,23.2722,-106.2467,4,escamillas
MX,Mexico,México,82248,El Tecomate de Siqueros,Sinaloa,25,Mazatlán,012,,,23.3068,-106.2546,4,el-tecomate-de-siqueros
MX,Mexico,México,82248,El Bajio,Sinaloa,25,Mazatlán,012,,,23.307,-106.2186,4,el-bajio
MX,Mexico,México,82249,Cofradia de Leyva Solano,Sinaloa,25,Mazatlán,012,,,23.3281,-106.2556,4,cofradia-de-leyva-solano
MX,Mexico,México,82266,Barron,Sinaloa,25,Mazatlán,012,,,23.1232,-106.2765,4,barron
MX,Mexico,México,82267,El Castillo,Sinaloa,25,Mazatlán,012,,,23.1954,-106.3391,4,el-castillo
MX,Mexico,México,82267,Isla de La Piedra,Sinaloa,25,Mazatlán,012,,,23.1931,-106.4053,4,isla-de-la-piedra
MX,Mexico,México,82267,Cereso Mazatlán,Sinaloa,25,Mazatlán,012,,,23.1942,-106.3722,3,cereso-mazatlan
MX,Mexico,México,82269,Mazatlán (Gral. Rafael Buelna),Sinaloa,25,Mazatlán,012,,,23.1706,-106.3403,1,mazatlan-gral-rafael-buelna
MX,Mexico,México,82270,El Habal,Sinaloa,25,Mazatlán,012,,,23.3501,-106.4183,4,el-habal
MX,Mexico,México,82273,Puerta de Canoas,Sinaloa,25,Mazatlán,012,,,23.3602,-106.3826,4,puerta-de-canoas
MX,Mexico,México,82273,El Chilillo,Sinaloa,25,Mazatlán,012,,,23.3187,-106.3868,4,el-chilillo
MX,Mexico,México,82274,San Antonio,Sinaloa,25,Mazatlán,012,,,23.2833,-106.3735,4,san-antonio
MX,Mexico,México,82275,Pozole,Sinaloa,25,Mazatlán,012,,,23.3407,-106.4021,1,pozole
MX,Mexico,México,82277,Potrero de Carrasco,Sinaloa,25,Mazatlán,012,,,23.391,-106.449,4,potrero-de-carrasco
MX,Mexico,México,82300,Amapas,Sinaloa,25,Mazatlán,012,,,23.5811,-106.1547,3,amapas
MX,Mexico,México,82300,Los Copales,Sinaloa,25,Mazatlán,012,,,23.5811,-106.1547,4,los-copales
MX,Mexico,México,82304,El Guamúchil,Sinaloa,25,Mazatlán,012,,,23.4684,-106.306,3,el-guamuchil
MX,Mexico,México,82304,El Tecomate de la Noria,Sinaloa,25,Mazatlán,012,,,23.6674,-106.0384,4,el-tecomate-de-la-noria
MX,Mexico,México,82313,Juantillos,Sinaloa,25,Mazatlán,012,,,23.5524,-106.2394,4,juantillos
MX,Mexico,México,82313,Puerta de San Marcos,Sinaloa,25,Mazatlán,012,,,23.5089,-106.201,4,puerta-de-san-marcos
MX,Mexico,México,82313,San Marcos,Sinaloa,25,Mazatlán,012,,,23.5387,-106.2266,4,san-marcos
MX,Mexico,México,82314,Nuevo Placer,Sinaloa,25,Mazatlán,012,,,23.5333,-106.2223,1,nuevo-placer
MX,Mexico,México,82320,Chicura de la Noria,Sinaloa,25,Mazatlán,012,,,23.5231,-106.4111,4,chicura-de-la-noria
MX,Mexico,México,82329,La Noria,Sinaloa,25,Mazatlán,012,,,23.5231,-106.4111,1,la-noria
MX,Mexico,México,82330,Los Zapotes,Sinaloa,25,Mazatlán,012,,,23.4531,-106.4645,4,los-zapotes
MX,Mexico,México,82330,San Pablo,Sinaloa,25,Mazatlán,012,,,23.4427,-106.4217,4,san-pablo
MX,Mexico,México,82334,La Palma Sola,Sinaloa,25,Mazatlán,012,,,23.4277,-106.424,1,la-palma-sola
MX,Mexico,México,82335,Los Limones,Sinaloa,25,Mazatlán,012,,,23.3872,-106.3859,4,los-limones
MX,Mexico,México,82350,Puente Del Quelite,Sinaloa,25,Mazatlán,012,,,23.5245,-106.4996,4,puente-del-quelite
MX,Mexico,México,82350,El Quelite,Sinaloa,25,Mazatlán,012,,,23.559,-106.4674,4,el-quelite
MX,Mexico,México,82360,El Quemado,Sinaloa,25,Mazatlán,012,,,23.5344,-106.4806,4,el-quemado
MX,Mexico,México,82369,La Zábila,Sinaloa,25,Mazatlán,012,,,23.602,-106.4431,4,la-zabila
MX,Mexico,México,82370,El Recreo,Sinaloa,25,Mazatlán,012,,,23.446,-106.5328,4,el-recreo
MX,Mexico,México,82370,Camacho,Sinaloa,25,Mazatlán,012,,,23.4792,-106.521,4,camacho
MX,Mexico,México,82384,Mármol,Sinaloa,25,Mazatlán,012,,,23.4844,-106.602,4,marmol
MX,Mexico,México,80800,Mocorito Centro,Sinaloa,25,Mocorito,013,Mocorito,14,25.3908,-107.9195,1,mocorito-centro
MX,Mexico,México,80803,Candilejas,Sinaloa,25,Mocorito,013,Mocorito,14,25.3908,-107.9195,1,candilejas
MX,Mexico,México,80803,Bugambilias,Sinaloa,25,Mocorito,013,Mocorito,14,25.3599,-107.7796,1,bugambilias
MX,Mexico,México,80804,Las Delicias,Sinaloa,25,Mocorito,013,Mocorito,14,25.3599,-107.7796,1,las-delicias
MX,Mexico,México,80804,Mercadito,Sinaloa,25,Mocorito,013,Mocorito,14,25.3908,-107.9195,1,mercadito
MX,Mexico,México,80805,Las Casitas Nuevas,Sinaloa,25,Mocorito,013,Mocorito,14,25.4757,-107.9123,4,las-casitas-nuevas
MX,Mexico,México,80805,Fovissste,Sinaloa,25,Mocorito,013,Mocorito,14,25.5778,-107.9761,3,fovissste
MX,Mexico,México,80805,Las Playitas,Sinaloa,25,Mocorito,013,Mocorito,14,25.3599,-107.7796,4,las-playitas
MX,Mexico,México,80805,La Brecha,Sinaloa,25,Mocorito,013,Mocorito,14,25.3599,-107.7796,3,la-brecha
MX,Mexico,México,80806,Infonavit,Sinaloa,25,Mocorito,013,Mocorito,14,25.3908,-107.9195,1,infonavit
MX,Mexico,México,80806,Las Palmas,Sinaloa,25,Mocorito,013,Mocorito,14,25.3599,-107.7796,1,las-palmas
MX,Mexico,México,80807,Aviación,Sinaloa,25,Mocorito,013,Mocorito,14,25.0167,-107.8062,3,aviacion
MX,Mexico,México,80807,Tabachines,Sinaloa,25,Mocorito,013,Mocorito,14,25.3599,-107.7796,3,tabachines
MX,Mexico,México,80807,La Loma,Sinaloa,25,Mocorito,013,Mocorito,14,25.0167,-107.8062,4,la-loma
MX,Mexico,México,80808,Alameda,Sinaloa,25,Mocorito,013,Mocorito,14,25.3908,-107.9195,1,alameda
MX,Mexico,México,80810,Constancio Rodríguez (La Otra Banda),Sinaloa,25,Mocorito,013,,,25.4931,-107.9156,4,constancio-rodriguez-la-otra-banda
MX,Mexico,México,80830,Rancho Viejo,Sinaloa,25,Mocorito,013,,,25.5391,-108.007,4,rancho-viejo
MX,Mexico,México,80830,Alhueycito,Sinaloa,25,Mocorito,013,,,25.5775,-108.0114,4,alhueycito
MX,Mexico,México,80830,Palmarito Mineral,Sinaloa,25,Mocorito,013,,,25.5622,-107.9622,4,palmarito-mineral
MX,Mexico,México,80830,Las Milpas de los González,Sinaloa,25,Mocorito,013,,,25.5656,-107.9254,4,las-milpas-de-los-gonzalez
MX,Mexico,México,80830,Los Pérez,Sinaloa,25,Mocorito,013,,,25.5452,-108.0054,4,los-perez
MX,Mexico,México,80830,Cerro Agudo,Sinaloa,25,Mocorito,013,,,25.598,-107.9631,4,cerro-agudo
MX,Mexico,México,80833,El Salto,Sinaloa,25,Mocorito,013,,,25.5115,-107.8444,4,el-salto
MX,Mexico,México,80833,El Reparo de los Galindo,Sinaloa,25,Mocorito,013,,,25.5313,-107.8402,4,el-reparo-de-los-galindo
MX,Mexico,México,80833,El Valle de Leyva Solano (El Valle),Sinaloa,25,Mocorito,013,,,25.5456,-107.8529,3,el-valle-de-leyva-solano-el-valle
MX,Mexico,México,80833,Mautillos,Sinaloa,25,Mocorito,013,,,25.5271,-107.8146,4,mautillos
MX,Mexico,México,80833,Lo de Gabriel,Sinaloa,25,Mocorito,013,,,25.6023,-107.8431,4,lo-de-gabriel
MX,Mexico,México,80833,Las Tahonas,Sinaloa,25,Mocorito,013,,,25.5479,-107.8749,4,las-tahonas
MX,Mexico,México,80833,La Palma,Sinaloa,25,Mocorito,013,,,25.6276,-107.9492,4,la-palma
MX,Mexico,México,80833,La Campanilla,Sinaloa,25,Mocorito,013,,,25.4713,-107.804,4,la-campanilla
MX,Mexico,México,80834,Las Juntas,Sinaloa,25,Mocorito,013,,,25.4948,-107.9217,4,las-juntas
MX,Mexico,México,80834,Lomas Blancas,Sinaloa,25,Mocorito,013,,,25.4972,-107.9308,4,lomas-blancas
MX,Mexico,México,80834,El Chinal,Sinaloa,25,Mocorito,013,,,25.5093,-107.9162,4,el-chinal
MX,Mexico,México,80834,La Ladrillera,Sinaloa,25,Mocorito,013,,,25.4858,-107.9353,4,la-ladrillera
MX,Mexico,México,80834,Ranchito de los Gaxiola,Sinaloa,25,Mocorito,013,,,25.4961,-107.9414,4,ranchito-de-los-gaxiola
MX,Mexico,México,80834,La Primavera,Sinaloa,25,Mocorito,013,,,25.4824,-107.9361,4,la-primavera
MX,Mexico,México,80836,La Cañada,Sinaloa,25,Mocorito,013,,,25.5294,-108.0137,4,la-canada
MX,Mexico,México,80836,Los Pocitos,Sinaloa,25,Mocorito,013,,,25.5367,-108.0024,4,los-pocitos
MX,Mexico,México,80840,Palo de Asta,Sinaloa,25,Mocorito,013,,,25.6375,-107.9938,4,palo-de-asta
MX,Mexico,México,80840,Higuera de los Vega,Sinaloa,25,Mocorito,013,,,25.655,-107.9578,4,higuera-de-los-vega
MX,Mexico,México,80840,Mazate de los López,Sinaloa,25,Mocorito,013,,,25.6296,-108.0171,4,mazate-de-los-lopez
MX,Mexico,México,80840,Mazate de los Sánchez,Sinaloa,25,Mocorito,013,,,25.647,-108.0249,4,mazate-de-los-sanchez
MX,Mexico,México,80840,El Becal,Sinaloa,25,Mocorito,013,,,25.6242,-107.9711,4,el-becal
MX,Mexico,México,80845,El Tule de Arriba,Sinaloa,25,Mocorito,013,,,25.6739,-107.8868,3,el-tule-de-arriba
MX,Mexico,México,80845,El Gallo,Sinaloa,25,Mocorito,013,,,25.6739,-107.8868,4,el-gallo
MX,Mexico,México,80846,El Sauce de los Gámez,Sinaloa,25,Mocorito,013,,,25.7168,-107.7275,3,el-sauce-de-los-gamez
MX,Mexico,México,80846,Tabalopa,Sinaloa,25,Mocorito,013,,,25.7063,-107.757,4,tabalopa
MX,Mexico,México,80846,Milpas Viejas,Sinaloa,25,Mocorito,013,,,25.7509,-107.7348,4,milpas-viejas
MX,Mexico,México,80846,Boca de Guamúchil,Sinaloa,25,Mocorito,013,,,25.7456,-107.726,4,boca-de-guamuchil
MX,Mexico,México,80846,La Laguna,Sinaloa,25,Mocorito,013,,,25.5975,-107.6904,4,la-laguna
MX,Mexico,México,80846,Los Vasitos,Sinaloa,25,Mocorito,013,,,25.7252,-107.6951,4,los-vasitos
MX,Mexico,México,80846,La Joya de los López,Sinaloa,25,Mocorito,013,,,25.7453,-107.6994,4,la-joya-de-los-lopez
MX,Mexico,México,80846,Los Charcos,Sinaloa,25,Mocorito,013,,,25.7451,-107.7493,4,los-charcos
MX,Mexico,México,80846,Corral Quemado,Sinaloa,25,Mocorito,013,,,25.7182,-107.7677,4,corral-quemado
MX,Mexico,México,80850,Los Medina,Sinaloa,25,Mocorito,013,,,25.6113,-107.9137,4,los-medina
MX,Mexico,México,80850,El Tule,Sinaloa,25,Mocorito,013,,,25.6391,-107.8826,4,el-tule
MX,Mexico,México,80850,El Mezquite,Sinaloa,25,Mocorito,013,,,25.6118,-107.8724,4,el-mezquite
MX,Mexico,México,80850,El Magistral,Sinaloa,25,Mocorito,013,,,25.6255,-107.8267,4,el-magistral
MX,Mexico,México,80853,San Miguel,Sinaloa,25,Mocorito,013,,,25.4314,-107.9416,4,san-miguel
MX,Mexico,México,80853,La Loma,Sinaloa,25,Mocorito,013,,,25.6845,-107.829,4,la-loma
MX,Mexico,México,80853,Cahuinahuatillo,Sinaloa,25,Mocorito,013,,,25.6998,-107.8336,4,cahuinahuatillo
MX,Mexico,México,80853,Lagunillas,Sinaloa,25,Mocorito,013,,,25.7047,-107.7804,4,lagunillas
MX,Mexico,México,80853,El Manchón,Sinaloa,25,Mocorito,013,,,25.7065,-107.8385,4,el-manchon
MX,Mexico,México,80853,El Encinal,Sinaloa,25,Mocorito,013,,,25.6669,-107.7221,4,el-encinal
MX,Mexico,México,80853,El Pueblito,Sinaloa,25,Mocorito,013,,,25.682,-107.8151,4,el-pueblito
MX,Mexico,México,80853,El Taray,Sinaloa,25,Mocorito,013,,,25.6938,-107.7876,4,el-taray
MX,Mexico,México,80853,Rincón de los Santos,Sinaloa,25,Mocorito,013,,,25.6266,-107.8026,4,rincon-de-los-santos
MX,Mexico,México,80853,El Potrero Grande,Sinaloa,25,Mocorito,013,,,25.7237,-107.7903,4,el-potrero-grande
MX,Mexico,México,80853,Los Llanos,Sinaloa,25,Mocorito,013,,,25.6667,-107.75,4,los-llanos
MX,Mexico,México,80853,El Potrero de las Perdices,Sinaloa,25,Mocorito,013,,,25.6338,-107.8391,4,el-potrero-de-las-perdices
MX,Mexico,México,80853,Canutillos,Sinaloa,25,Mocorito,013,,,25.675,-107.7478,4,canutillos
MX,Mexico,México,80853,Cahuinahuato,Sinaloa,25,Mocorito,013,,,25.6783,-107.8193,4,cahuinahuato
MX,Mexico,México,80853,Bacamopa,Sinaloa,25,Mocorito,013,,,25.6379,-107.7755,4,bacamopa
MX,Mexico,México,80853,La Higuerita,Sinaloa,25,Mocorito,013,,,25.6434,-107.6824,4,la-higuerita
MX,Mexico,México,80853,El Nacimiento,Sinaloa,25,Mocorito,013,,,25.6642,-107.8082,4,el-nacimiento
MX,Mexico,México,80853,La Virgen,Sinaloa,25,Mocorito,013,,,25.7179,-107.8447,4,la-virgen
MX,Mexico,México,80854,La Pionilla,Sinaloa,25,Mocorito,013,,,25.7035,-107.699,4,la-pionilla
MX,Mexico,México,80854,Santa Rosalía,Sinaloa,25,Mocorito,013,,,25.6794,-107.7102,4,santa-rosalia
MX,Mexico,México,80854,La Bebelama,Sinaloa,25,Mocorito,013,,,25.7072,-107.6832,4,la-bebelama
MX,Mexico,México,80855,Terrero de los Pacheco,Sinaloa,25,Mocorito,013,,,25.6792,-107.6506,3,terrero-de-los-pacheco
MX,Mexico,México,80855,Las Quebradas,Sinaloa,25,Mocorito,013,,,25.703,-107.6639,4,las-quebradas
MX,Mexico,México,80855,El Salto,Sinaloa,25,Mocorito,013,,,25.6972,-107.6593,4,el-salto
MX,Mexico,México,80855,Palo Verde,Sinaloa,25,Mocorito,013,,,25.6375,-107.6287,4,palo-verde
MX,Mexico,México,80855,Palos Colorados,Sinaloa,25,Mocorito,013,,,25.3599,-107.7796,3,palos-colorados
MX,Mexico,México,80856,La Laguna de los Bojórquez,Sinaloa,25,Mocorito,013,,,25.5958,-107.6972,3,la-laguna-de-los-bojorquez
MX,Mexico,México,80856,El Recodo,Sinaloa,25,Mocorito,013,,,25.5819,-107.6487,4,el-recodo
MX,Mexico,México,80856,Ojo de Agua,Sinaloa,25,Mocorito,013,,,25.5861,-107.711,4,ojo-de-agua
MX,Mexico,México,80856,El Aguaje,Sinaloa,25,Mocorito,013,,,25.549,-107.6397,4,el-aguaje
MX,Mexico,México,80856,Los Letreros,Sinaloa,25,Mocorito,013,,,25.6806,-107.6831,4,los-letreros
MX,Mexico,México,80856,La Higuera Caída,Sinaloa,25,Mocorito,013,,,25.6033,-107.6614,4,la-higuera-caida
MX,Mexico,México,80856,El Lancón Número Dos,Sinaloa,25,Mocorito,013,,,25.6051,-107.6961,4,el-lancon-numero-dos
MX,Mexico,México,80856,La Cascada,Sinaloa,25,Mocorito,013,,,25.639,-107.7166,4,la-cascada
MX,Mexico,México,80856,La Tasajera,Sinaloa,25,Mocorito,013,,,25.6236,-107.674,4,la-tasajera
MX,Mexico,México,80856,Palmarito de la Sierra,Sinaloa,25,Mocorito,013,,,25.5989,-107.7458,4,palmarito-de-la-sierra
MX,Mexico,México,80856,Palmarito de la Sierra (Casas de Abajo),Sinaloa,25,Mocorito,013,,,25.5865,-107.7409,4,palmarito-de-la-sierra-casas-de-abajo
MX,Mexico,México,80856,Guamúchiles Altos,Sinaloa,25,Mocorito,013,,,25.5603,-107.7416,4,guamuchiles-altos
MX,Mexico,México,80856,La Cueva,Sinaloa,25,Mocorito,013,,,25.5951,-107.7157,4,la-cueva
MX,Mexico,México,80856,Potrero de los Gastélum,Sinaloa,25,Mocorito,013,,,25.574,-107.6791,4,potrero-de-los-gastelum
MX,Mexico,México,80856,El Sabinito,Sinaloa,25,Mocorito,013,,,25.5609,-107.6421,4,el-sabinito
MX,Mexico,México,80856,Loma Redonda,Sinaloa,25,Mocorito,013,,,25.5719,-107.7639,4,loma-redonda
MX,Mexico,México,80856,Las Milpas de los Valenzuela,Sinaloa,25,Mocorito,013,,,25.5616,-107.6805,4,las-milpas-de-los-valenzuela
MX,Mexico,México,80856,Rancho Viejo,Sinaloa,25,Mocorito,013,,,25.6502,-107.7127,4,rancho-viejo
MX,Mexico,México,80857,San Benito,Sinaloa,25,Mocorito,013,,,25.5438,-107.7643,4,san-benito
MX,Mexico,México,80857,Palmarito,Sinaloa,25,Mocorito,013,,,25.5989,-107.7458,4,palmarito
MX,Mexico,México,80870,El Guasimal,Sinaloa,25,Mocorito,013,,,25.3599,-107.7796,3,el-guasimal
MX,Mexico,México,80870,Bequillos,Sinaloa,25,Mocorito,013,,,25.4428,-107.7925,4,bequillos
MX,Mexico,México,80873,El Limón,Sinaloa,25,Mocorito,013,,,25.4202,-107.7799,4,el-limon
MX,Mexico,México,80873,El Zapote de los Moya,Sinaloa,25,Mocorito,013,,,25.3989,-107.7651,4,el-zapote-de-los-moya
MX,Mexico,México,80875,Lo de Félix,Sinaloa,25,Mocorito,013,,,25.5522,-107.7126,4,lo-de-felix
MX,Mexico,México,80875,Bebelama,Sinaloa,25,Mocorito,013,,,25.5187,-107.7385,4,bebelama
MX,Mexico,México,80875,La Huerta,Sinaloa,25,Mocorito,013,,,25.5095,-107.7631,4,la-huerta
MX,Mexico,México,80875,Los Chinos,Sinaloa,25,Mocorito,013,,,25.3599,-107.7796,3,los-chinos
MX,Mexico,México,80875,El Sabino Gordo,Sinaloa,25,Mocorito,013,,,25.5567,-107.7067,4,el-sabino-gordo
MX,Mexico,México,80876,Pochotillos,Sinaloa,25,Mocorito,013,,,25.3714,-107.7217,4,pochotillos
MX,Mexico,México,80876,Palma de los Rocha,Sinaloa,25,Mocorito,013,,,25.3744,-107.7332,4,palma-de-los-rocha
MX,Mexico,México,80876,La Palma Envuelta,Sinaloa,25,Mocorito,013,,,25.4631,-107.7124,3,la-palma-envuelta
MX,Mexico,México,80876,Bequillitos,Sinaloa,25,Mocorito,013,,,25.4631,-107.7124,3,bequillitos
MX,Mexico,México,80876,La Higuerita,Sinaloa,25,Mocorito,013,,,25.6434,-107.6824,4,la-higuerita
MX,Mexico,México,80877,Portezuelo de Arriba,Sinaloa,25,Mocorito,013,,,25.3599,-107.7796,3,portezuelo-de-arriba
MX,Mexico,México,80877,Portezuelo de Abajo,Sinaloa,25,Mocorito,013,,,25.3599,-107.7796,3,portezuelo-de-abajo
MX,Mexico,México,80877,Aguaje de Rosa Morada,Sinaloa,25,Mocorito,013,,,25.3948,-107.6939,4,aguaje-de-rosa-morada
MX,Mexico,México,80880,La Nanche,Sinaloa,25,Mocorito,013,,,25.3713,-107.8182,4,la-nanche
MX,Mexico,México,80880,La Tasajera,Sinaloa,25,Mocorito,013,,,25.3877,-107.7801,4,la-tasajera
MX,Mexico,México,80880,La Estancia,Sinaloa,25,Mocorito,013,,,25.3686,-107.8481,4,la-estancia
MX,Mexico,México,80880,El Limoncito,Sinaloa,25,Mocorito,013,,,25.3905,-107.7871,4,el-limoncito
MX,Mexico,México,80880,Potrero de los Guerrero,Sinaloa,25,Mocorito,013,,,25.3791,-107.8472,4,potrero-de-los-guerrero
MX,Mexico,México,80880,El Carrizal,Sinaloa,25,Mocorito,013,,,25.3879,-107.7934,4,el-carrizal
MX,Mexico,México,80880,El Aguaje,Sinaloa,25,Mocorito,013,,,25.3945,-107.6928,4,el-aguaje
MX,Mexico,México,80880,Rosa Morada,Sinaloa,25,Mocorito,013,,,25.3676,-107.838,4,rosa-morada
MX,Mexico,México,80880,La Calera de los Moya,Sinaloa,25,Mocorito,013,,,25.3809,-107.8006,3,la-calera-de-los-moya
MX,Mexico,México,80883,Puerta de los Rocha,Sinaloa,25,Mocorito,013,,,25.391,-107.734,4,puerta-de-los-rocha
MX,Mexico,México,80883,El Guayabito,Sinaloa,25,Mocorito,013,,,25.3654,-107.7575,4,el-guayabito
MX,Mexico,México,80884,Batamotita,Sinaloa,25,Mocorito,013,,,25.3018,-107.8481,4,batamotita
MX,Mexico,México,80884,La Noria de Abajo,Sinaloa,25,Mocorito,013,,,25.3186,-107.7983,3,la-noria-de-abajo
MX,Mexico,México,80884,La Noria de Arriba,Sinaloa,25,Mocorito,013,,,25.3186,-107.7983,3,la-noria-de-arriba
MX,Mexico,México,80884,El Sauce de Arriba,Sinaloa,25,Mocorito,013,,,25.3475,-107.7721,4,el-sauce-de-arriba
MX,Mexico,México,80884,La Cañada,Sinaloa,25,Mocorito,013,,,25.3034,-107.7632,4,la-canada
MX,Mexico,México,80884,El Número Tres,Sinaloa,25,Mocorito,013,,,25.3376,-107.7836,4,el-numero-tres
MX,Mexico,México,80884,El Malinal,Sinaloa,25,Mocorito,013,,,25.2898,-107.8233,4,el-malinal
MX,Mexico,México,80884,La Reforma,Sinaloa,25,Mocorito,013,,,25.3314,-107.7993,4,la-reforma
MX,Mexico,México,80885,Los Mezcales,Sinaloa,25,Mocorito,013,,,25.2294,-107.7298,4,los-mezcales
MX,Mexico,México,80885,Jurisdicción de Abajo,Sinaloa,25,Mocorito,013,,,25.2643,-107.7327,4,jurisdiccion-de-abajo
MX,Mexico,México,80886,Bacamacari,Sinaloa,25,Mocorito,013,,,25.2271,-107.7956,4,bacamacari
MX,Mexico,México,80887,El Aguajito de León,Sinaloa,25,Mocorito,013,,,25.2667,-107.7597,4,el-aguajito-de-leon
MX,Mexico,México,80887,Potrerillos Aguajito de León,Sinaloa,25,Mocorito,013,,,25.2665,-107.7823,4,potrerillos-aguajito-de-leon
MX,Mexico,México,80888,Mezquite Gordo,Sinaloa,25,Mocorito,013,,,25.2513,-107.8558,4,mezquite-gordo
MX,Mexico,México,80890,El Palmar de los Leal,Sinaloa,25,Mocorito,013,,,25.4305,-107.9149,1,el-palmar-de-los-leal
MX,Mexico,México,80893,Boca de Arroyo,Sinaloa,25,Mocorito,013,,,25.4637,-107.9717,4,boca-de-arroyo
MX,Mexico,México,80893,La Misión,Sinaloa,25,Mocorito,013,,,25.4764,-107.9478,4,la-mision
MX,Mexico,México,80893,La Loma (El Altón),Sinaloa,25,Mocorito,013,,,25.4603,-107.9775,4,la-loma-el-alton
MX,Mexico,México,80894,El Pochote,Sinaloa,25,Mocorito,013,,,25.4722,-107.9639,4,el-pochote
MX,Mexico,México,80895,Los Ángeles,Sinaloa,25,Mocorito,013,,,25.422,-107.9267,4,los-angeles
MX,Mexico,México,80895,San Juan,Sinaloa,25,Mocorito,013,,,25.485,-107.8437,4,san-juan
MX,Mexico,México,80895,Mecatita de Arriba,Sinaloa,25,Mocorito,013,,,25.438,-107.9393,4,mecatita-de-arriba
MX,Mexico,México,80895,Mecatita de Abajo,Sinaloa,25,Mocorito,013,,,25.4515,-107.8911,3,mecatita-de-abajo
MX,Mexico,México,80895,La Cofradía de Soto,Sinaloa,25,Mocorito,013,,,25.4515,-107.8911,3,la-cofradia-de-soto
MX,Mexico,México,80895,Tecomate,Sinaloa,25,Mocorito,013,,,25.4609,-107.8547,4,tecomate
MX,Mexico,México,80896,Tepantita,Sinaloa,25,Mocorito,013,,,25.4088,-107.9069,4,tepantita
MX,Mexico,México,80896,Monte Verde,Sinaloa,25,Mocorito,013,,,25.3821,-107.9496,4,monte-verde
MX,Mexico,México,80896,El Progreso (El Jalón),Sinaloa,25,Mocorito,013,,,25.3954,-107.9283,3,el-progreso-el-jalon
MX,Mexico,México,80897,Potrerillos,Sinaloa,25,Mocorito,013,,,25.2665,-107.7823,4,potrerillos
MX,Mexico,México,80920,El Platanar,Sinaloa,25,Mocorito,013,,,25.1682,-107.6841,4,el-platanar
MX,Mexico,México,80920,La Nanchita,Sinaloa,25,Mocorito,013,,,25.1166,-107.6824,4,la-nanchita
MX,Mexico,México,80923,El Tancote,Sinaloa,25,Mocorito,013,,,25.1581,-107.7362,4,el-tancote
MX,Mexico,México,80925,El Guadare,Sinaloa,25,Mocorito,013,,,25.1914,-107.795,4,el-guadare
MX,Mexico,México,80926,El Chino,Sinaloa,25,Mocorito,013,,,25.1382,-107.7021,4,el-chino
MX,Mexico,México,80926,El Guamúchil,Sinaloa,25,Mocorito,013,,,25.2492,-107.7092,4,el-guamuchil
MX,Mexico,México,80926,El Zapote de los Cázares,Sinaloa,25,Mocorito,013,,,25.195,-107.7422,4,el-zapote-de-los-cazares
MX,Mexico,México,80927,Majada de Abajo,Sinaloa,25,Mocorito,013,,,25.1956,-107.6495,4,majada-de-abajo
MX,Mexico,México,80927,Piedras Blancas,Sinaloa,25,Mocorito,013,,,25.1944,-107.6092,4,piedras-blancas
MX,Mexico,México,80928,Sasalpa,Sinaloa,25,Mocorito,013,,,25.1608,-107.6214,4,sasalpa
MX,Mexico,México,80928,Chicorato,Sinaloa,25,Mocorito,013,,,25.1699,-107.6127,4,chicorato
MX,Mexico,México,80930,Juan Escutia,Sinaloa,25,Mocorito,013,,,25.0692,-107.67,4,juan-escutia
MX,Mexico,México,80930,Bachoco Pollo,Sinaloa,25,Mocorito,013,,,25.1053,-107.6704,3,bachoco-pollo
MX,Mexico,México,80930,Perico Petrolero,Sinaloa,25,Mocorito,013,,,25.0866,-107.6822,4,perico-petrolero
MX,Mexico,México,80930,Santiago de Comanito (Comanito),Sinaloa,25,Mocorito,013,,,25.1602,-107.6589,4,santiago-de-comanito-comanito
MX,Mexico,México,80935,La Calera de Capirato,Sinaloa,25,Mocorito,013,,,25.1254,-107.5447,3,la-calera-de-capirato
MX,Mexico,México,80935,El Barrial de Capirato,Sinaloa,25,Mocorito,013,,,25.1254,-107.5447,3,el-barrial-de-capirato
MX,Mexico,México,80935,La Cofradía de Capirato,Sinaloa,25,Mocorito,013,,,25.12,-107.5465,4,la-cofradia-de-capirato
MX,Mexico,México,80935,Las Aguamitas,Sinaloa,25,Mocorito,013,,,25.1041,-107.5335,4,las-aguamitas
MX,Mexico,México,80935,El Salto (De Capirato),Sinaloa,25,Mocorito,013,,,25.1522,-107.5541,4,el-salto-de-capirato
MX,Mexico,México,80936,El Carrizo,Sinaloa,25,Mocorito,013,,,25.0994,-107.648,4,el-carrizo
MX,Mexico,México,80936,Tepuche,Sinaloa,25,Mocorito,013,,,25.0945,-107.6208,4,tepuche
MX,Mexico,México,80936,La Morita,Sinaloa,25,Mocorito,013,,,25.1332,-107.6229,4,la-morita
MX,Mexico,México,80936,Aguapepe de los Gallardo,Sinaloa,25,Mocorito,013,,,25.0737,-107.6344,4,aguapepe-de-los-gallardo
MX,Mexico,México,80936,La Vainilla,Sinaloa,25,Mocorito,013,,,25.113,-107.6191,4,la-vainilla
MX,Mexico,México,80936,Capirato,Sinaloa,25,Mocorito,013,,,25.1483,-107.5927,4,capirato
MX,Mexico,México,80940,Juan Escutia,Sinaloa,25,Mocorito,013,,,25.0692,-107.67,4,juan-escutia
MX,Mexico,México,80940,Guamuchilera Segunda,Sinaloa,25,Mocorito,013,,,25.0243,-107.6499,3,guamuchilera-segunda
MX,Mexico,México,80940,El Zapote de los Gastélum,Sinaloa,25,Mocorito,013,,,25.0243,-107.6499,3,el-zapote-de-los-gastelum
MX,Mexico,México,80940,El Aguaje de Pericos,Sinaloa,25,Mocorito,013,,,24.9794,-107.6297,4,el-aguaje-de-pericos
MX,Mexico,México,80950,Guadalupe,Sinaloa,25,Mocorito,013,,,25.0282,-107.8818,4,guadalupe
MX,Mexico,México,80950,Pericos,Sinaloa,25,Mocorito,013,,,25.0809,-107.6997,4,pericos
MX,Mexico,México,80950,Fonhapo,Sinaloa,25,Mocorito,013,,,25.0419,-107.7959,3,fonhapo
MX,Mexico,México,80950,Salinas de Gortari,Sinaloa,25,Mocorito,013,,,25.0419,-107.7959,3,salinas-de-gortari
MX,Mexico,México,80950,Del Parque,Sinaloa,25,Mocorito,013,,,25.0419,-107.7959,3,del-parque
MX,Mexico,México,80950,Ampliación Salinas de Gortari,Sinaloa,25,Mocorito,013,,,25.0419,-107.7959,3,ampliacion-salinas-de-gortari
MX,Mexico,México,80950,La Loma,Sinaloa,25,Mocorito,013,,,25.0167,-107.8062,4,la-loma
MX,Mexico,México,80953,La Pipima,Sinaloa,25,Mocorito,013,,,25.0643,-107.6753,4,la-pipima
MX,Mexico,México,80953,El Nazario [SPR],Sinaloa,25,Mocorito,013,,,25.06,-107.6628,4,el-nazario-spr
MX,Mexico,México,80953,San Francisco (El Crucero),Sinaloa,25,Mocorito,013,,,25.0903,-107.6853,4,san-francisco-el-crucero
MX,Mexico,México,80953,Albergue Calomato,Sinaloa,25,Mocorito,013,,,25.0478,-107.6553,4,albergue-calomato
MX,Mexico,México,80953,Calomato (Calomatillo),Sinaloa,25,Mocorito,013,,,25.0547,-107.6558,4,calomato-calomatillo
MX,Mexico,México,80953,El Rosario (Chayo),Sinaloa,25,Mocorito,013,,,25.0756,-107.6772,4,el-rosario-chayo
MX,Mexico,México,80954,El Rodeo,Sinaloa,25,Mocorito,013,,,25.0025,-107.7188,4,el-rodeo
MX,Mexico,México,80954,Los Altos de Jalisco,Sinaloa,25,Mocorito,013,,,25.0017,-107.7142,4,los-altos-de-jalisco
MX,Mexico,México,80954,Dique Mariquita,Sinaloa,25,Mocorito,013,,,25.0067,-107.6331,4,dique-mariquita
MX,Mexico,México,80954,Calomato,Sinaloa,25,Mocorito,013,,,25.0071,-107.655,4,calomato
MX,Mexico,México,80955,El Capule,Sinaloa,25,Mocorito,013,,,25.0472,-107.7722,4,el-capule
MX,Mexico,México,80955,Agua Salada,Sinaloa,25,Mocorito,013,,,25.0269,-107.6193,4,agua-salada
MX,Mexico,México,80956,Guamuchilera,Sinaloa,25,Mocorito,013,,,24.9414,-107.733,4,guamuchilera
MX,Mexico,México,80956,El Bueycito,Sinaloa,25,Mocorito,013,,,24.9815,-107.7092,4,el-bueycito
MX,Mexico,México,80957,Estación Retes,Sinaloa,25,Mocorito,013,,,25.0312,-107.7679,4,estacion-retes
MX,Mexico,México,80957,La Loma,Sinaloa,25,Mocorito,013,,,25.0167,-107.8062,4,la-loma
MX,Mexico,México,80957,Caimanero,Sinaloa,25,Mocorito,013,,,24.9543,-107.7491,4,caimanero
MX,Mexico,México,80957,Recoveco,Sinaloa,25,Mocorito,013,,,24.9936,-107.728,4,recoveco
MX,Mexico,México,80960,Potrero de los Sánchez (Estación Techa),Sinaloa,25,Mocorito,013,,,25.11,-107.9011,4,potrero-de-los-sanchez-estacion-techa
MX,Mexico,México,80963,Rancho Viejo,Sinaloa,25,Mocorito,013,,,25.1213,-107.7574,4,rancho-viejo
MX,Mexico,México,80963,Campo Mazao,Sinaloa,25,Mocorito,013,,,25.1008,-107.7661,4,campo-mazao
MX,Mexico,México,80964,Zapotillo,Sinaloa,25,Mocorito,013,,,25.0899,-107.8397,4,zapotillo
MX,Mexico,México,80965,Melchor Ocampo,Sinaloa,25,Mocorito,013,,,25.047,-107.8946,4,melchor-ocampo
MX,Mexico,México,80965,San Jorge,Sinaloa,25,Mocorito,013,,,25.0472,-107.8817,4,san-jorge
MX,Mexico,México,80966,Tierritas Blancas,Sinaloa,25,Mocorito,013,,,25.0621,-107.8007,4,tierritas-blancas
MX,Mexico,México,80967,Tobora,Sinaloa,25,Mocorito,013,,,25.2022,-107.8662,4,tobora
MX,Mexico,México,82800,Anonal,Sinaloa,25,Rosario,014,El rosario,18,22.9875,-105.8525,4,anonal
MX,Mexico,México,82800,El Rosario Centro,Sinaloa,25,Rosario,014,El rosario,18,23.0632,-105.9628,4,el-rosario-centro
MX,Mexico,México,82802,Rosendo G. Castro INFONAVIT,Sinaloa,25,Rosario,014,El rosario,18,22.9983,-105.8589,3,rosendo-g-castro-infonavit
MX,Mexico,México,82802,Panteón,Sinaloa,25,Rosario,014,El rosario,18,22.9983,-105.8589,3,panteon
MX,Mexico,México,82802,Lopez Portillo,Sinaloa,25,Rosario,014,El rosario,18,22.9983,-105.8589,4,lopez-portillo
MX,Mexico,México,82803,Luis Donaldo Colosio,Sinaloa,25,Rosario,014,El rosario,18,22.9996,-105.8579,4,luis-donaldo-colosio
MX,Mexico,México,82803,Genaro Estrada,Sinaloa,25,Rosario,014,El rosario,18,23.0562,-105.8054,3,genaro-estrada
MX,Mexico,México,82803,Infonavit Lola Beltran,Sinaloa,25,Rosario,014,El rosario,18,22.9996,-105.8579,3,infonavit-lola-beltran
MX,Mexico,México,82803,Rosarito INFONAVIT,Sinaloa,25,Rosario,014,El rosario,18,22.9996,-105.8579,3,rosarito-infonavit
MX,Mexico,México,82803,Ampliación Luis Donaldo Colosio,Sinaloa,25,Rosario,014,El rosario,18,22.9996,-105.8579,3,ampliacion-luis-donaldo-colosio
MX,Mexico,México,82804,Ruben Jaramillo,Sinaloa,25,Rosario,014,El rosario,18,23.0562,-105.8054,1,ruben-jaramillo
MX,Mexico,México,82804,La Cruz,Sinaloa,25,Rosario,014,El rosario,18,23.0562,-105.8054,1,la-cruz
MX,Mexico,México,82805,Pablo de Villavicencio,Sinaloa,25,Rosario,014,El rosario,18,22.9842,-105.8586,4,pablo-de-villavicencio
MX,Mexico,México,82805,La Joya,Sinaloa,25,Rosario,014,El rosario,18,22.9657,-105.9236,4,la-joya
MX,Mexico,México,82805,El Tierral,Sinaloa,25,Rosario,014,El rosario,18,22.9749,-105.8911,3,el-tierral
MX,Mexico,México,82806,Pedro Ibarra,Sinaloa,25,Rosario,014,El rosario,18,22.986,-105.8629,3,pedro-ibarra
MX,Mexico,México,82806,Potreritos,Sinaloa,25,Rosario,014,El rosario,18,22.986,-105.8629,4,potreritos
MX,Mexico,México,82806,Vicente Guerrero,Sinaloa,25,Rosario,014,El rosario,18,23.0562,-105.8054,3,vicente-guerrero
MX,Mexico,México,82807,Alfonso G Calderón,Sinaloa,25,Rosario,014,El rosario,18,22.9889,-105.8646,3,alfonso-g-calderon
MX,Mexico,México,82807,Infonavit Real de Minas,Sinaloa,25,Rosario,014,El rosario,18,22.9889,-105.8646,3,infonavit-real-de-minas
MX,Mexico,México,82807,Ampliación Juan S. Millán,Sinaloa,25,Rosario,014,El rosario,18,22.9889,-105.8646,3,ampliacion-juan-s-millan
MX,Mexico,México,82807,Invasión los Bagres,Sinaloa,25,Rosario,014,El rosario,18,22.9889,-105.8646,3,invasion-los-bagres
MX,Mexico,México,82807,Juan S Millán,Sinaloa,25,Rosario,014,El rosario,18,22.9894,-105.8645,4,juan-s-millan
MX,Mexico,México,82807,María Luisa Lizarraga Saucedo,Sinaloa,25,Rosario,014,El rosario,18,22.9853,-105.8678,4,maria-luisa-lizarraga-saucedo
MX,Mexico,México,82807,Bonifacio Rojas,Sinaloa,25,Rosario,014,El rosario,18,22.9921,-105.8615,4,bonifacio-rojas
MX,Mexico,México,82808,Minas Del Tajo,Sinaloa,25,Rosario,014,El rosario,18,22.9905,-105.867,4,minas-del-tajo
MX,Mexico,México,82808,Marcelo Loya,Sinaloa,25,Rosario,014,El rosario,18,23.0562,-105.8054,3,marcelo-loya
MX,Mexico,México,82808,Valle Nuevo,Sinaloa,25,Rosario,014,El rosario,18,22.9963,-105.8683,4,valle-nuevo
MX,Mexico,México,82808,Presidentes,Sinaloa,25,Rosario,014,El rosario,18,22.999,-105.8632,4,presidentes
MX,Mexico,México,82809,Villas Del Mineral,Sinaloa,25,Rosario,014,El rosario,18,22.9952,-105.8746,1,villas-del-mineral
MX,Mexico,México,82810,Chele,Sinaloa,25,Rosario,014,,,23.2047,-105.8934,4,chele
MX,Mexico,México,82817,Los Arrayanes,Sinaloa,25,Rosario,014,,,23.0562,-105.8054,1,los-arrayanes
MX,Mexico,México,82820,Los Pozos,Sinaloa,25,Rosario,014,,,23.0094,-106.1525,4,los-pozos
MX,Mexico,México,82820,Teodoro Beltran,Sinaloa,25,Rosario,014,,,23.0102,-106.1533,4,teodoro-beltran
MX,Mexico,México,82821,Palmito de La Virgen,Sinaloa,25,Rosario,014,,,23.0102,-106.1104,1,palmito-de-la-virgen
MX,Mexico,México,82823,Gregorio Vázquez Moreno,Sinaloa,25,Rosario,014,,,23.0102,-106.1104,1,gregorio-vazquez-moreno
MX,Mexico,México,82824,La Guasima,Sinaloa,25,Rosario,014,,,22.9402,-106.1178,4,la-guasima
MX,Mexico,México,82826,Matadero,Sinaloa,25,Rosario,014,,,22.9967,-106.0483,4,matadero
MX,Mexico,México,82827,El Zopilote,Sinaloa,25,Rosario,014,,,23.0946,-106.08,4,el-zopilote
MX,Mexico,México,82830,El Tamarindo,Sinaloa,25,Rosario,014,,,23.0336,-105.7967,4,el-tamarindo
MX,Mexico,México,82830,Hacienda El Tamarindo,Sinaloa,25,Rosario,014,,,23.0336,-105.7967,4,hacienda-el-tamarindo
MX,Mexico,México,82830,Francisco Quintero,Sinaloa,25,Rosario,014,,,23.0415,-105.8115,3,francisco-quintero
MX,Mexico,México,82830,El Nuevo Tonalá,Sinaloa,25,Rosario,014,,,23.0297,-105.7992,4,el-nuevo-tonala
MX,Mexico,México,82830,Copales,Sinaloa,25,Rosario,014,,,23.0429,-105.8229,4,copales
MX,Mexico,México,82830,Cacalotan,Sinaloa,25,Rosario,014,,,23.0678,-105.8419,4,cacalotan
MX,Mexico,México,82832,Nieblas,Sinaloa,25,Rosario,014,,,22.9308,-105.9248,4,nieblas
MX,Mexico,México,82832,Cruz de Pedregoza,Sinaloa,25,Rosario,014,,,22.9556,-105.9358,4,cruz-de-pedregoza
MX,Mexico,México,82832,Laguna de Beltranes,Sinaloa,25,Rosario,014,,,22.9503,-105.9166,4,laguna-de-beltranes
MX,Mexico,México,82833,Tablón Numero 1 (las Cruces Cuatas),Sinaloa,25,Rosario,014,,,23.0611,-105.9728,3,tablon-numero-1-las-cruces-cuatas
MX,Mexico,México,82833,Las Higueras,Sinaloa,25,Rosario,014,,,23.0533,-105.9558,4,las-higueras
MX,Mexico,México,82833,Ojo de Agua Osuna,Sinaloa,25,Rosario,014,,,23.0283,-105.9644,4,ojo-de-agua-osuna
MX,Mexico,México,82833,Rincón de Higueras,Sinaloa,25,Rosario,014,,,23.0539,-105.9333,4,rincon-de-higueras
MX,Mexico,México,82833,El Portezuelo,Sinaloa,25,Rosario,014,,,23.059,-105.9783,4,el-portezuelo
MX,Mexico,México,82833,Tablón Dos,Sinaloa,25,Rosario,014,,,23.1108,-106.0319,4,tablon-dos
MX,Mexico,México,82835,Ojitos,Sinaloa,25,Rosario,014,,,22.9669,-105.9108,4,ojitos
MX,Mexico,México,82839,Ojo de Agua de Osuna,Sinaloa,25,Rosario,014,,,23.0283,-105.9644,4,ojo-de-agua-de-osuna
MX,Mexico,México,82839,Potrerillos,Sinaloa,25,Rosario,014,,,23.0279,-105.9449,4,potrerillos
MX,Mexico,México,82850,La Tebaira,Sinaloa,25,Rosario,014,,,23.0033,-105.8878,1,la-tebaira
MX,Mexico,México,82860,La Rastra,Sinaloa,25,Rosario,014,,,23.0699,-105.5181,4,la-rastra
MX,Mexico,México,82860,Plomosas,Sinaloa,25,Rosario,014,,,23.0717,-105.4684,4,plomosas
MX,Mexico,México,82870,Chametla,Sinaloa,25,Rosario,014,,,22.8775,-105.9575,4,chametla
MX,Mexico,México,82871,El Chupadero,Sinaloa,25,Rosario,014,,,22.9072,-105.9122,4,el-chupadero
MX,Mexico,México,82871,Apoderado,Sinaloa,25,Rosario,014,,,22.9087,-105.9246,4,apoderado
MX,Mexico,México,82871,El Pozole,Sinaloa,25,Rosario,014,,,22.9147,-105.9133,4,el-pozole
MX,Mexico,México,82872,Agua Verde,Sinaloa,25,Rosario,014,,,22.8926,-105.9736,4,agua-verde
MX,Mexico,México,82872,Puyequi,Sinaloa,25,Rosario,014,,,23,-105.9333,4,puyequi
MX,Mexico,México,82872,Ampliación Benito Juárez,Sinaloa,25,Rosario,014,,,22.9463,-105.9534,3,ampliacion-benito-juarez
MX,Mexico,México,82872,Unión del Pueblo,Sinaloa,25,Rosario,014,,,22.9463,-105.9534,3,union-del-pueblo
MX,Mexico,México,82872,Cajón Ojo de Agua Número 2,Sinaloa,25,Rosario,014,,,22.9463,-105.9534,3,cajon-ojo-de-agua-numero-2
MX,Mexico,México,82874,Ponce,Sinaloa,25,Rosario,014,,,22.9377,-105.821,4,ponce
MX,Mexico,México,82875,Chilillos,Sinaloa,25,Rosario,014,,,22.9969,-105.8414,4,chilillos
MX,Mexico,México,82876,Cajón Verde,Sinaloa,25,Rosario,014,,,22.9247,-105.8422,4,cajon-verde
MX,Mexico,México,82880,Las Habitas,Sinaloa,25,Rosario,014,,,23.0233,-105.7608,4,las-habitas
MX,Mexico,México,82880,Matatan,Sinaloa,25,Rosario,014,,,23.0328,-105.7283,4,matatan
MX,Mexico,México,82884,Tablón Viejo,Sinaloa,25,Rosario,014,,,23.0985,-106.0097,4,tablon-viejo
MX,Mexico,México,82885,Corral de Piedra,Sinaloa,25,Rosario,014,,,22.9481,-105.5937,4,corral-de-piedra
MX,Mexico,México,82887,Agua Caliente de los Panales,Sinaloa,25,Rosario,014,,,22.9996,-105.7461,4,agua-caliente-de-los-panales
MX,Mexico,México,81400,Zona Centro,Sinaloa,25,Salvador Alvarado,015,Guamúchil,06,25.4659,-108.1109,1,zona-centro
MX,Mexico,México,81401,Empleados de FFCC Nacionales de México Secc 26,Sinaloa,25,Salvador Alvarado,015,Guamúchil,06,25.4659,-108.1109,1,empleados-de-ffcc-nacionales-de-mexico-secc-26
MX,Mexico,México,81410,Lomas del Valle,Sinaloa,25,Salvador Alvarado,015,Guamúchil,06,25.5423,-108.0435,3,lomas-del-valle
MX,Mexico,México,81410,Santa Rosa,Sinaloa,25,Salvador Alvarado,015,Guamúchil,06,25.5423,-108.0435,4,santa-rosa
MX,Mexico,México,81413,CANACO,Sinaloa,25,Salvador Alvarado,015,Guamúchil,06,25.4757,-108.021,3,canaco
MX,Mexico,México,81413,Los Mautos,Sinaloa,25,Salvador Alvarado,015,Guamúchil,06,25.4757,-108.021,4,los-mautos
MX,Mexico,México,81414,Privada San Felipe,Sinaloa,25,Salvador Alvarado,015,Guamúchil,06,25.509,-108.0323,1,privada-san-felipe
MX,Mexico,México,81420,San Miguel,Sinaloa,25,Salvador Alvarado,015,Guamúchil,06,25.3709,-108.2342,4,san-miguel
MX,Mexico,México,81426,5 de Febrero,Sinaloa,25,Salvador Alvarado,015,Guamúchil,06,25.4185,-108.0762,1,5-de-febrero
MX,Mexico,México,81426,Los Ángeles,Sinaloa,25,Salvador Alvarado,015,Guamúchil,06,25.4185,-108.0762,1,los-angeles
MX,Mexico,México,81427,Buenos Aires,Sinaloa,25,Salvador Alvarado,015,Guamúchil,06,25.4185,-108.0762,1,buenos-aires
MX,Mexico,México,81427,Los Laureles,Sinaloa,25,Salvador Alvarado,015,Guamúchil,06,25.4185,-108.0762,1,los-laureles
MX,Mexico,México,81427,Villahermosa,Sinaloa,25,Salvador Alvarado,015,Guamúchil,06,25.3709,-108.2342,1,villahermosa
MX,Mexico,México,81427,La Cuesta de Higuera,Sinaloa,25,Salvador Alvarado,015,Guamúchil,06,25.3709,-108.2342,1,la-cuesta-de-higuera
MX,Mexico,México,81429,10 de Mayo,Sinaloa,25,Salvador Alvarado,015,Guamúchil,06,25.3709,-108.2342,1,10-de-mayo
MX,Mexico,México,81430,Agustina Ramírez,Sinaloa,25,Salvador Alvarado,015,Guamúchil,06,25.4659,-108.1109,1,agustina-ramirez
MX,Mexico,México,81430,El Pedregal,Sinaloa,25,Salvador Alvarado,015,Guamúchil,06,25.4185,-108.0762,1,el-pedregal
MX,Mexico,México,81430,Niños Héroes,Sinaloa,25,Salvador Alvarado,015,Guamúchil,06,25.4185,-108.0762,1,ninos-heroes
MX,Mexico,México,81440,Viva Bien,Sinaloa,25,Salvador Alvarado,015,Guamúchil,06,25.464,-108.0701,3,viva-bien
MX,Mexico,México,81440,Militar,Sinaloa,25,Salvador Alvarado,015,Guamúchil,06,25.464,-108.0701,4,militar
MX,Mexico,México,81440,15 de Julio,Sinaloa,25,Salvador Alvarado,015,Guamúchil,06,25.464,-108.0701,3,15-de-julio
MX,Mexico,México,81440,12 de Enero,Sinaloa,25,Salvador Alvarado,015,Guamúchil,06,25.464,-108.0701,3,12-de-enero
MX,Mexico,México,81448,Colinas de San Ambrosio,Sinaloa,25,Salvador Alvarado,015,Guamúchil,06,25.464,-108.0701,1,colinas-de-san-ambrosio
MX,Mexico,México,81448,Profesionistas,Sinaloa,25,Salvador Alvarado,015,Guamúchil,06,25.464,-108.0701,1,profesionistas
MX,Mexico,México,81448,Lomas de las Torres,Sinaloa,25,Salvador Alvarado,015,Guamúchil,06,25.464,-108.0701,1,lomas-de-las-torres
MX,Mexico,México,81448,Fernando Irizar López,Sinaloa,25,Salvador Alvarado,015,Guamúchil,06,25.464,-108.0701,1,fernando-irizar-lopez
MX,Mexico,México,81448,Conjunto Habitacional,Sinaloa,25,Salvador Alvarado,015,Guamúchil,06,25.464,-108.0701,1,conjunto-habitacional
MX,Mexico,México,81448,Emiliano Zapata,Sinaloa,25,Salvador Alvarado,015,Guamúchil,06,25.4185,-108.0762,1,emiliano-zapata
MX,Mexico,México,81450,Benito Juárez,Sinaloa,25,Salvador Alvarado,015,Guamúchil,06,25.4807,-108.1623,4,benito-juarez
MX,Mexico,México,81460,Del Evora,Sinaloa,25,Salvador Alvarado,015,Guamúchil,06,25.4574,-108.0712,4,del-evora
MX,Mexico,México,81460,Chutamonas,Sinaloa,25,Salvador Alvarado,015,Guamúchil,06,25.456,-108.0738,3,chutamonas
MX,Mexico,México,81460,Morelos,Sinaloa,25,Salvador Alvarado,015,Guamúchil,06,25.4547,-108.0763,4,morelos
MX,Mexico,México,81460,Bebelamas INFONAVIT,Sinaloa,25,Salvador Alvarado,015,Guamúchil,06,25.456,-108.0738,3,bebelamas-infonavit
MX,Mexico,México,81469,Los Parques,Sinaloa,25,Salvador Alvarado,015,Guamúchil,06,25.456,-108.0738,1,los-parques
MX,Mexico,México,81470,Magisterio,Sinaloa,25,Salvador Alvarado,015,Guamúchil,06,25.4736,-108.1493,1,magisterio
MX,Mexico,México,81470,La Gloria,Sinaloa,25,Salvador Alvarado,015,Guamúchil,06,25.4185,-108.0762,1,la-gloria
MX,Mexico,México,81470,Insurgentes,Sinaloa,25,Salvador Alvarado,015,Guamúchil,06,25.4185,-108.0762,1,insurgentes
MX,Mexico,México,81470,FOVISSSTE,Sinaloa,25,Salvador Alvarado,015,Guamúchil,06,25.4736,-108.1493,1,fovissste
MX,Mexico,México,81474,Jobori,Sinaloa,25,Salvador Alvarado,015,Guamúchil,06,25.4883,-108.1975,3,jobori
MX,Mexico,México,81474,San Miguel,Sinaloa,25,Salvador Alvarado,015,Guamúchil,06,25.3709,-108.2342,4,san-miguel
MX,Mexico,México,81474,Las Palmas,Sinaloa,25,Salvador Alvarado,015,Guamúchil,06,25.6057,-108.1608,4,las-palmas
MX,Mexico,México,81475,Évora 2000,Sinaloa,25,Salvador Alvarado,015,Guamúchil,06,25.4736,-108.1493,1,evora-2000
MX,Mexico,México,81475,Maquío Clouthier,Sinaloa,25,Salvador Alvarado,015,Guamúchil,06,25.4736,-108.1493,1,maquio-clouthier
MX,Mexico,México,81475,Las Praderas,Sinaloa,25,Salvador Alvarado,015,Guamúchil,06,25.4185,-108.0762,1,las-praderas
MX,Mexico,México,81475,Solidaridad,Sinaloa,25,Salvador Alvarado,015,Guamúchil,06,25.4185,-108.0762,1,solidaridad
MX,Mexico,México,81475,Pedro Infante,Sinaloa,25,Salvador Alvarado,015,Guamúchil,06,25.4736,-108.1493,1,pedro-infante
MX,Mexico,México,81475,Valle Bonito,Sinaloa,25,Salvador Alvarado,015,Guamúchil,06,25.4736,-108.1493,1,valle-bonito
MX,Mexico,México,81475,10 de Abril,Sinaloa,25,Salvador Alvarado,015,Guamúchil,06,25.4736,-108.1493,1,10-de-abril
MX,Mexico,México,81476,Renato Vega,Sinaloa,25,Salvador Alvarado,015,Guamúchil,06,25.4185,-108.0762,1,renato-vega
MX,Mexico,México,81476,1 de Mayo,Sinaloa,25,Salvador Alvarado,015,Guamúchil,06,25.4736,-108.1493,1,1-de-mayo
MX,Mexico,México,81476,Prado Bonito,Sinaloa,25,Salvador Alvarado,015,Guamúchil,06,25.4185,-108.0762,1,prado-bonito
MX,Mexico,México,81477,Tultita,Sinaloa,25,Salvador Alvarado,015,Guamúchil,06,25.4442,-108.053,4,tultita
MX,Mexico,México,81478,Unidad Nacional,Sinaloa,25,Salvador Alvarado,015,Guamúchil,06,25.4736,-108.1493,1,unidad-nacional
MX,Mexico,México,81478,Las Fincas de Tultita,Sinaloa,25,Salvador Alvarado,015,Guamúchil,06,25.4736,-108.1493,1,las-fincas-de-tultita
MX,Mexico,México,81478,Linda Vista,Sinaloa,25,Salvador Alvarado,015,Guamúchil,06,25.4736,-108.1493,1,linda-vista
MX,Mexico,México,81479,Santa Sofía Residencial,Sinaloa,25,Salvador Alvarado,015,Guamúchil,06,25.4736,-108.1493,1,santa-sofia-residencial
MX,Mexico,México,81479,Las Fuentes,Sinaloa,25,Salvador Alvarado,015,Guamúchil,06,25.4185,-108.0762,1,las-fuentes
MX,Mexico,México,81479,San Cristóbal,Sinaloa,25,Salvador Alvarado,015,Guamúchil,06,25.4736,-108.1493,1,san-cristobal
MX,Mexico,México,81479,Lomas del Sol,Sinaloa,25,Salvador Alvarado,015,Guamúchil,06,25.4736,-108.1493,1,lomas-del-sol
MX,Mexico,México,81479,Victoria,Sinaloa,25,Salvador Alvarado,015,Guamúchil,06,25.4185,-108.0762,1,victoria
MX,Mexico,México,81479,Loma Linda,Sinaloa,25,Salvador Alvarado,015,Guamúchil,06,25.4185,-108.0762,1,loma-linda
MX,Mexico,México,81479,Nuestra Señora de Guadalupe,Sinaloa,25,Salvador Alvarado,015,Guamúchil,06,25.4736,-108.1493,1,nuestra-senora-de-guadalupe
MX,Mexico,México,81479,Santa María,Sinaloa,25,Salvador Alvarado,015,Guamúchil,06,25.4185,-108.0762,1,santa-maria
MX,Mexico,México,81479,Residencial del Valle,Sinaloa,25,Salvador Alvarado,015,Guamúchil,06,25.4185,-108.0762,1,residencial-del-valle
MX,Mexico,México,81480,Amapas INFONAVIT,Sinaloa,25,Salvador Alvarado,015,Guamúchil,06,25.459,-108.0931,3,amapas-infonavit
MX,Mexico,México,81480,Los Álamos,Sinaloa,25,Salvador Alvarado,015,Guamúchil,06,25.4185,-108.0762,3,los-alamos
MX,Mexico,México,81480,San Pedro,Sinaloa,25,Salvador Alvarado,015,Guamúchil,06,25.459,-108.0931,4,san-pedro
MX,Mexico,México,81489,Zona Industrial,Sinaloa,25,Salvador Alvarado,015,Guamúchil,06,25.4185,-108.0762,1,zona-industrial
MX,Mexico,México,81490,Haciendas,Sinaloa,25,Salvador Alvarado,015,Guamúchil,06,25.4659,-108.1109,1,haciendas
MX,Mexico,México,81490,Loma Verde,Sinaloa,25,Salvador Alvarado,015,Guamúchil,06,25.4185,-108.0762,1,loma-verde
MX,Mexico,México,81490,INFONAVIT Las Higueras,Sinaloa,25,Salvador Alvarado,015,Guamúchil,06,25.4659,-108.1109,1,infonavit-las-higueras
MX,Mexico,México,81490,Loma Dorada,Sinaloa,25,Salvador Alvarado,015,Guamúchil,06,25.4659,-108.1109,1,loma-dorada
MX,Mexico,México,81490,Cuauhtémoc,Sinaloa,25,Salvador Alvarado,015,Guamúchil,06,25.4659,-108.1109,1,cuauhtemoc
MX,Mexico,México,81490,Bugambilias,Sinaloa,25,Salvador Alvarado,015,Guamúchil,06,25.4185,-108.0762,1,bugambilias
MX,Mexico,México,81490,Las Garzas,Sinaloa,25,Salvador Alvarado,015,Guamúchil,06,25.4185,-108.0762,1,las-garzas
MX,Mexico,México,81490,Las Flores,Sinaloa,25,Salvador Alvarado,015,Guamúchil,06,25.4185,-108.0762,1,las-flores
MX,Mexico,México,81493,Lomas de los Achiris,Sinaloa,25,Salvador Alvarado,015,Guamúchil,06,25.4659,-108.1109,1,lomas-de-los-achiris
MX,Mexico,México,81498,Amapas,Sinaloa,25,Salvador Alvarado,015,Guamúchil,06,25.4659,-108.1109,1,amapas
MX,Mexico,México,81499,Empleados de FFCC Nacionales de México Secc 27,Sinaloa,25,Salvador Alvarado,015,Guamúchil,06,25.4659,-108.1109,1,empleados-de-ffcc-nacionales-de-mexico-secc-27
MX,Mexico,México,81500,La Víbora,Sinaloa,25,Salvador Alvarado,015,,,25.4452,-108.1159,4,la-vibora
MX,Mexico,México,81500,El Salitre,Sinaloa,25,Salvador Alvarado,015,,,25.4367,-108.1319,4,el-salitre
MX,Mexico,México,81500,Campo San Felipe,Sinaloa,25,Salvador Alvarado,015,,,25.4652,-108.1021,4,campo-san-felipe
MX,Mexico,México,81500,Campo Rochín,Sinaloa,25,Salvador Alvarado,015,,,25.4658,-108.1032,4,campo-rochin
MX,Mexico,México,81500,Gabriel Leyva Velázquez (La Escalera),Sinaloa,25,Salvador Alvarado,015,,,25.4486,-108.1967,4,gabriel-leyva-velazquez-la-escalera
MX,Mexico,México,81504,Lucio Blanco,Sinaloa,25,Salvador Alvarado,015,,,25.4444,-108.2408,4,lucio-blanco
MX,Mexico,México,81504,Rodolfo Sánchez Taboada (Las Lagunitas),Sinaloa,25,Salvador Alvarado,015,,,25.4356,-108.2721,4,rodolfo-sanchez-taboada-las-lagunitas
MX,Mexico,México,81504,Campo Pénjamo,Sinaloa,25,Salvador Alvarado,015,,,25.4272,-108.2336,4,campo-penjamo
MX,Mexico,México,81504,Cruz Blanca,Sinaloa,25,Salvador Alvarado,015,,,25.4503,-108.2739,4,cruz-blanca
MX,Mexico,México,81504,Emilio Álvarez Ibarra (Las Golondrinas),Sinaloa,25,Salvador Alvarado,015,,,25.4481,-108.2581,4,emilio-alvarez-ibarra-las-golondrinas
MX,Mexico,México,81510,Los Chinos,Sinaloa,25,Salvador Alvarado,015,,,25.4667,-108.2333,4,los-chinos
MX,Mexico,México,81510,27 de Noviembre,Sinaloa,25,Salvador Alvarado,015,,,25.4667,-108.2333,3,27-de-noviembre
MX,Mexico,México,81513,20 de Noviembre,Sinaloa,25,Salvador Alvarado,015,,,25.6017,-108.1719,4,20-de-noviembre
MX,Mexico,México,81513,Tres Palmas,Sinaloa,25,Salvador Alvarado,015,,,25.4185,-108.0762,3,tres-palmas
MX,Mexico,México,81513,Las Cabezas,Sinaloa,25,Salvador Alvarado,015,,,25.6042,-108.1228,4,las-cabezas
MX,Mexico,México,81520,Villa Benito Juárez,Sinaloa,25,Salvador Alvarado,015,,,25.4807,-108.1623,4,villa-benito-juarez
MX,Mexico,México,81523,Yacochito,Sinaloa,25,Salvador Alvarado,015,,,25.5481,-108.1074,4,yacochito
MX,Mexico,México,81523,El Mauto,Sinaloa,25,Salvador Alvarado,015,,,25.5481,-108.1074,3,el-mauto
MX,Mexico,México,81524,15 de Septiembre,Sinaloa,25,Salvador Alvarado,015,,,25.5872,-108.1131,3,15-de-septiembre
MX,Mexico,México,81524,San Martín,Sinaloa,25,Salvador Alvarado,015,,,25.5872,-108.1131,4,san-martin
MX,Mexico,México,81525,Ciénega de Casal,Sinaloa,25,Salvador Alvarado,015,,,25.5842,-108.0563,4,cienega-de-casal
MX,Mexico,México,81525,El Guayacán,Sinaloa,25,Salvador Alvarado,015,,,25.5689,-108.0825,4,el-guayacan
MX,Mexico,México,81526,Las Peñitas,Sinaloa,25,Salvador Alvarado,015,,,25.4853,-108.074,4,las-penitas
MX,Mexico,México,81530,El Taballal,Sinaloa,25,Salvador Alvarado,015,,,25.4116,-108.0429,4,el-taballal
MX,Mexico,México,81530,Álamo de los Montoya,Sinaloa,25,Salvador Alvarado,015,,,25.3811,-108.0264,4,alamo-de-los-montoya
MX,Mexico,México,81530,El Alto,Sinaloa,25,Salvador Alvarado,015,,,25.4034,-108.0398,4,el-alto
MX,Mexico,México,81533,El Descanso,Sinaloa,25,Salvador Alvarado,015,,,25.4603,-108.0252,4,el-descanso
MX,Mexico,México,81535,Carricitos,Sinaloa,25,Salvador Alvarado,015,,,25.34,-107.9872,4,carricitos
MX,Mexico,México,81535,Buenavista,Sinaloa,25,Salvador Alvarado,015,,,25.3089,-107.9106,4,buenavista
MX,Mexico,México,81535,Gustavo Díaz Ordaz,Sinaloa,25,Salvador Alvarado,015,,,25.4185,-108.0762,4,gustavo-diaz-ordaz
MX,Mexico,México,81535,Caitime,Sinaloa,25,Salvador Alvarado,015,,,25.3353,-107.9533,4,caitime
MX,Mexico,México,81535,Toro Manchado,Sinaloa,25,Salvador Alvarado,015,,,25.3372,-108.0103,4,toro-manchado
MX,Mexico,México,81540,Cerro Bola,Sinaloa,25,Salvador Alvarado,015,,,25.2382,-108.0238,4,cerro-bola
MX,Mexico,México,81540,Cacalotita,Sinaloa,25,Salvador Alvarado,015,,,25.2347,-107.9584,4,cacalotita
MX,Mexico,México,81540,El Batallón de los Montoya,Sinaloa,25,Salvador Alvarado,015,,,25.2356,-107.9781,4,el-batallon-de-los-montoya
MX,Mexico,México,81543,El Gato de los Gallardo,Sinaloa,25,Salvador Alvarado,015,,,25.2778,-107.9731,4,el-gato-de-los-gallardo
MX,Mexico,México,81543,La Tasajera,Sinaloa,25,Salvador Alvarado,015,,,25.4185,-108.0762,3,la-tasajera
MX,Mexico,México,81544,Terrero de los Guerrero,Sinaloa,25,Salvador Alvarado,015,,,25.2376,-107.9004,4,terrero-de-los-guerrero
MX,Mexico,México,81545,Laguna de Palos Blancos,Sinaloa,25,Salvador Alvarado,015,,,25.1819,-107.9579,4,laguna-de-palos-blancos
MX,Mexico,México,82902,Ajoya,Sinaloa,25,San Ignacio,016,,,24.0774,-106.3692,4,ajoya
MX,Mexico,México,82904,Las Lajas,Sinaloa,25,San Ignacio,016,,,23.9465,-106.3919,4,las-lajas
MX,Mexico,México,82909,San Juan,Sinaloa,25,San Ignacio,016,,,23.8789,-106.3239,4,san-juan
MX,Mexico,México,82910,San Ignacio Centro,Sinaloa,25,San Ignacio,016,San Ignacio,22,23.9314,-106.4317,1,san-ignacio-centro
MX,Mexico,México,82912,Feliciano Roque,Sinaloa,25,San Ignacio,016,San Ignacio,22,23.9314,-106.4317,1,feliciano-roque
MX,Mexico,México,82912,Heraclio Bernal,Sinaloa,25,San Ignacio,016,San Ignacio,22,23.9544,-106.3702,1,heraclio-bernal
MX,Mexico,México,82913,Azucena Del Rio,Sinaloa,25,San Ignacio,016,San Ignacio,22,23.9314,-106.4317,1,azucena-del-rio
MX,Mexico,México,82913,El Pueblito,Sinaloa,25,San Ignacio,016,San Ignacio,22,23.9544,-106.3702,1,el-pueblito
MX,Mexico,México,82916,Renato Vega,Sinaloa,25,San Ignacio,016,San Ignacio,22,23.9314,-106.4317,4,renato-vega
MX,Mexico,México,82917,La Vega,Sinaloa,25,San Ignacio,016,San Ignacio,22,23.9314,-106.4317,4,la-vega
MX,Mexico,México,82918,Labastida Ochoa,Sinaloa,25,San Ignacio,016,San Ignacio,22,23.9314,-106.4317,1,labastida-ochoa
MX,Mexico,México,82921,El Chilar,Sinaloa,25,San Ignacio,016,,,24.1928,-106.3332,4,el-chilar
MX,Mexico,México,82930,La Caña,Sinaloa,25,San Ignacio,016,,,23.9399,-106.1548,4,la-cana
MX,Mexico,México,82940,Ixpalino,Sinaloa,25,San Ignacio,016,,,23.923,-106.6218,4,ixpalino
MX,Mexico,México,82945,La Quebrada de los Sandoval,Sinaloa,25,San Ignacio,016,,,23.9405,-106.5961,4,la-quebrada-de-los-sandoval
MX,Mexico,México,82950,Contraestaca,Sinaloa,25,San Ignacio,016,,,24.1031,-105.9922,4,contraestaca
MX,Mexico,México,82960,Piaxtla de Arriba,Sinaloa,25,San Ignacio,016,,,23.8523,-106.6359,4,piaxtla-de-arriba
MX,Mexico,México,82960,Crucero de Piaxtla (La Cacharola),Sinaloa,25,San Ignacio,016,,,23.8566,-106.6395,3,crucero-de-piaxtla-la-cacharola
MX,Mexico,México,82960,El Cajón de Piaxtla,Sinaloa,25,San Ignacio,016,,,23.885,-106.6234,4,el-cajon-de-piaxtla
MX,Mexico,México,82960,Piaxtla de Abajo,Sinaloa,25,San Ignacio,016,,,23.8325,-106.6592,4,piaxtla-de-abajo
MX,Mexico,México,82961,Camino Real de Piaxtla,Sinaloa,25,San Ignacio,016,,,23.8787,-106.6454,4,camino-real-de-piaxtla
MX,Mexico,México,82966,Duranguito de Dimas,Sinaloa,25,San Ignacio,016,,,23.7333,-106.7167,4,duranguito-de-dimas
MX,Mexico,México,82968,Barras de Piaxtla,Sinaloa,25,San Ignacio,016,,,23.8177,-106.6771,1,barras-de-piaxtla
MX,Mexico,México,82969,Dimas,Sinaloa,25,San Ignacio,016,,,23.7242,-106.7821,4,dimas
MX,Mexico,México,82970,La Labor,Sinaloa,25,San Ignacio,016,,,23.8448,-106.4239,4,la-labor
MX,Mexico,México,82971,San Javier,Sinaloa,25,San Ignacio,016,,,23.9193,-106.5088,4,san-javier
MX,Mexico,México,82972,Cabazan,Sinaloa,25,San Ignacio,016,,,23.8909,-106.4927,4,cabazan
MX,Mexico,México,82973,El Tule,Sinaloa,25,San Ignacio,016,,,23.8156,-106.4236,4,el-tule
MX,Mexico,México,82990,Coyotitan,Sinaloa,25,San Ignacio,016,,,23.7942,-106.6008,4,coyotitan
MX,Mexico,México,82990,Lo de Ponce,Sinaloa,25,San Ignacio,016,,,23.7673,-106.5127,4,lo-de-ponce
MX,Mexico,México,82993,Palmarito de los Ramírez,Sinaloa,25,San Ignacio,016,,,23.7696,-106.4743,4,palmarito-de-los-ramirez
MX,Mexico,México,82996,Lomas del Mar de Piaxtla,Sinaloa,25,San Ignacio,016,,,23.4879,-106.6216,4,lomas-del-mar-de-piaxtla
MX,Mexico,México,81900,Cubiri de la Máquina,Sinaloa,25,Sinaloa,017,,,25.8161,-108.2844,4,cubiri-de-la-maquina
MX,Mexico,México,81900,Cubiri de Portelas,Sinaloa,25,Sinaloa,017,,,25.7868,-108.2597,4,cubiri-de-portelas
MX,Mexico,México,81900,Cubiri de la Capilla,Sinaloa,25,Sinaloa,017,,,25.7858,-108.3019,4,cubiri-de-la-capilla
MX,Mexico,México,81900,Cubiri de La Cuesta,Sinaloa,25,Sinaloa,017,,,25.7533,-108.2831,4,cubiri-de-la-cuesta
MX,Mexico,México,81900,Cubiri de La Loma,Sinaloa,25,Sinaloa,017,,,25.7621,-108.2729,4,cubiri-de-la-loma
MX,Mexico,México,81900,Baburia,Sinaloa,25,Sinaloa,017,,,25.8429,-108.2028,4,baburia
MX,Mexico,México,81902,El Caimán,Sinaloa,25,Sinaloa,017,,,25.8721,-108.3199,4,el-caiman
MX,Mexico,México,81903,Los Melones,Sinaloa,25,Sinaloa,017,,,25.8486,-108.1277,4,los-melones
MX,Mexico,México,81903,El Pueblito (El Realito),Sinaloa,25,Sinaloa,017,,,25.8389,-108.1417,4,el-pueblito-el-realito
MX,Mexico,México,81903,Las Playas,Sinaloa,25,Sinaloa,017,,,25.8256,-108.1653,4,las-playas
MX,Mexico,México,81903,Opochi,Sinaloa,25,Sinaloa,017,,,25.8174,-108.2026,4,opochi
MX,Mexico,México,81903,Maquipo,Sinaloa,25,Sinaloa,017,,,25.6831,-108.2944,4,maquipo
MX,Mexico,México,81904,La Loma de Lugo,Sinaloa,25,Sinaloa,017,,,25.7403,-108.2956,4,la-loma-de-lugo
MX,Mexico,México,81904,Cabrera de Limones,Sinaloa,25,Sinaloa,017,,,25.764,-108.3345,4,cabrera-de-limones
MX,Mexico,México,81906,Maripa,Sinaloa,25,Sinaloa,017,,,25.8637,-108.1574,4,maripa
MX,Mexico,México,81906,Agua Blanca,Sinaloa,25,Sinaloa,017,,,25.8763,-108.1162,4,agua-blanca
MX,Mexico,México,81906,Buenavista,Sinaloa,25,Sinaloa,017,,,25.8626,-108.12,4,buenavista
MX,Mexico,México,81907,Porohui,Sinaloa,25,Sinaloa,017,,,25.8689,-107.9902,4,porohui
MX,Mexico,México,81910,Sinaloa de Leyva Centro,Sinaloa,25,Sinaloa,017,Sinaloa de Leyva,13,25.7939,-108.3489,1,sinaloa-de-leyva-centro
MX,Mexico,México,81910,El Rastro,Sinaloa,25,Sinaloa,017,Sinaloa de Leyva,13,25.9687,-108.1103,1,el-rastro
MX,Mexico,México,81912,Lomas de San Phelipe,Sinaloa,25,Sinaloa,017,Sinaloa de Leyva,13,25.6782,-108.2321,3,lomas-de-san-phelipe
MX,Mexico,México,81912,El Kalzetin,Sinaloa,25,Sinaloa,017,Sinaloa de Leyva,13,25.6782,-108.2321,3,el-kalzetin
MX,Mexico,México,81912,Guadalupana,Sinaloa,25,Sinaloa,017,Sinaloa de Leyva,13,25.6782,-108.2321,3,guadalupana
MX,Mexico,México,81912,Los Doctores,Sinaloa,25,Sinaloa,017,Sinaloa de Leyva,13,25.6782,-108.2321,3,los-doctores
MX,Mexico,México,81912,Tierra Blanca,Sinaloa,25,Sinaloa,017,Sinaloa de Leyva,13,25.7302,-108.1518,4,tierra-blanca
MX,Mexico,México,81912,Choipa,Sinaloa,25,Sinaloa,017,Sinaloa de Leyva,13,25.9687,-108.1103,4,choipa
MX,Mexico,México,81913,La Choya,Sinaloa,25,Sinaloa,017,Sinaloa de Leyva,13,26.0254,-108.5824,4,la-choya
MX,Mexico,México,81915,La Torre,Sinaloa,25,Sinaloa,017,Sinaloa de Leyva,13,25.7939,-108.3489,1,la-torre
MX,Mexico,México,81916,Ejidal,Sinaloa,25,Sinaloa,017,Sinaloa de Leyva,13,25.9687,-108.1103,1,ejidal
MX,Mexico,México,81916,Bellavista,Sinaloa,25,Sinaloa,017,Sinaloa de Leyva,13,25.9687,-108.1103,1,bellavista
MX,Mexico,México,81916,San Jerónimo,Sinaloa,25,Sinaloa,017,Sinaloa de Leyva,13,25.7939,-108.3489,1,san-jeronimo
MX,Mexico,México,81920,Santa Magdalena,Sinaloa,25,Sinaloa,017,,,26.0648,-108.0344,4,santa-magdalena
MX,Mexico,México,81920,Agua Caliente de Cebada,Sinaloa,25,Sinaloa,017,,,26.0754,-108.1505,4,agua-caliente-de-cebada
MX,Mexico,México,81930,Sierrita de Los Germán,Sinaloa,25,Sinaloa,017,,,26.0133,-107.6875,4,sierrita-de-los-german
MX,Mexico,México,81933,Ocurague,Sinaloa,25,Sinaloa,017,,,25.9335,-107.6505,4,ocurague
MX,Mexico,México,81935,San José de Los Hornos,Sinaloa,25,Sinaloa,017,,,25.8667,-107.6667,4,san-jose-de-los-hornos
MX,Mexico,México,81940,El Platanito,Sinaloa,25,Sinaloa,017,,,26.1824,-108.2974,4,el-platanito
MX,Mexico,México,81943,El Cochi,Sinaloa,25,Sinaloa,017,,,26.2336,-108.2137,4,el-cochi
MX,Mexico,México,81943,Santa Lucía,Sinaloa,25,Sinaloa,017,,,26.2457,-108.1725,4,santa-lucia
MX,Mexico,México,81943,Las Bayas,Sinaloa,25,Sinaloa,017,,,26.2249,-108.2237,4,las-bayas
MX,Mexico,México,81945,Mazocari,Sinaloa,25,Sinaloa,017,,,26.0834,-108.1964,4,mazocari
MX,Mexico,México,81946,Las Tatemas,Sinaloa,25,Sinaloa,017,,,26.0008,-108.1944,4,las-tatemas
MX,Mexico,México,81946,Portugués de Norzagaray,Sinaloa,25,Sinaloa,017,,,25.9978,-108.2544,4,portugues-de-norzagaray
MX,Mexico,México,81947,El Veranito,Sinaloa,25,Sinaloa,017,,,25.9613,-108.2289,4,el-veranito
MX,Mexico,México,81950,Los Mezquites,Sinaloa,25,Sinaloa,017,,,25.9497,-108.0169,4,los-mezquites
MX,Mexico,México,81950,El Zapote,Sinaloa,25,Sinaloa,017,,,25.8792,-108.0358,4,el-zapote
MX,Mexico,México,81950,Buchinari,Sinaloa,25,Sinaloa,017,,,25.9177,-108.0589,4,buchinari
MX,Mexico,México,81950,Sarabia,Sinaloa,25,Sinaloa,017,,,25.8701,-108.0893,4,sarabia
MX,Mexico,México,81960,Genaro Estrada,Sinaloa,25,Sinaloa,017,,,25.9361,-108.3964,4,genaro-estrada
MX,Mexico,México,81960,La Playita de Casillas,Sinaloa,25,Sinaloa,017,,,25.9361,-108.3964,3,la-playita-de-casillas
MX,Mexico,México,81960,Santiago de Ocoroni,Sinaloa,25,Sinaloa,017,,,25.9361,-108.3964,3,santiago-de-ocoroni
MX,Mexico,México,81963,El Gatal de Ocoroni,Sinaloa,25,Sinaloa,017,,,25.9686,-108.3853,4,el-gatal-de-ocoroni
MX,Mexico,México,81963,San José de Alvarado (San José Nuevo),Sinaloa,25,Sinaloa,017,,,25.9775,-108.3811,4,san-jose-de-alvarado-san-jose-nuevo
MX,Mexico,México,81964,San Miguel de los Orrantía,Sinaloa,25,Sinaloa,017,,,26,-108.3429,4,san-miguel-de-los-orrantia
MX,Mexico,México,81970,San José del Álamo,Sinaloa,25,Sinaloa,017,,,25.7519,-107.8622,4,san-jose-del-alamo
MX,Mexico,México,81970,Las Huacapas,Sinaloa,25,Sinaloa,017,,,25.8517,-107.9649,3,las-huacapas
MX,Mexico,México,81970,Mapiri,Sinaloa,25,Sinaloa,017,,,25.7324,-107.9479,4,mapiri
MX,Mexico,México,81970,El Ranchito de los López,Sinaloa,25,Sinaloa,017,,,26.2101,-108.1221,4,el-ranchito-de-los-lopez
MX,Mexico,México,81970,Palmar de Sepúlveda,Sinaloa,25,Sinaloa,017,,,25.7122,-107.9274,4,palmar-de-sepulveda
MX,Mexico,México,81971,Los Troncones,Sinaloa,25,Sinaloa,017,,,25.7625,-107.9066,4,los-troncones
MX,Mexico,México,81973,Chacoapana,Sinaloa,25,Sinaloa,017,,,25.8701,-107.809,4,chacoapana
MX,Mexico,México,81973,Bacubirito,Sinaloa,25,Sinaloa,017,,,25.8094,-107.915,4,bacubirito
MX,Mexico,México,81973,Bacurato,Sinaloa,25,Sinaloa,017,,,25.8461,-107.906,4,bacurato
MX,Mexico,México,81975,El Corral de Piedra,Sinaloa,25,Sinaloa,017,,,25.8246,-107.7429,4,el-corral-de-piedra
MX,Mexico,México,81975,Los Quintero,Sinaloa,25,Sinaloa,017,,,25.8346,-107.7666,4,los-quintero
MX,Mexico,México,81976,San José de Gracia,Sinaloa,25,Sinaloa,017,,,26.1333,-107.9667,4,san-jose-de-gracia
MX,Mexico,México,81976,Llanos de Peraza,Sinaloa,25,Sinaloa,017,,,26.1149,-107.8786,4,llanos-de-peraza
MX,Mexico,México,81977,San José de las Delicias,Sinaloa,25,Sinaloa,017,,,25.8061,-107.7848,4,san-jose-de-las-delicias
MX,Mexico,México,81977,El Peñón,Sinaloa,25,Sinaloa,017,,,25.7536,-107.7648,4,el-penon
MX,Mexico,México,81977,Las Tinas,Sinaloa,25,Sinaloa,017,,,25.761,-107.7908,4,las-tinas
MX,Mexico,México,81977,El Terrero de Durán,Sinaloa,25,Sinaloa,017,,,25.7838,-107.7905,4,el-terrero-de-duran
MX,Mexico,México,81977,Coronado,Sinaloa,25,Sinaloa,017,,,25.8107,-107.8323,4,coronado
MX,Mexico,México,81977,Carrizalejo,Sinaloa,25,Sinaloa,017,,,25.7688,-107.7793,4,carrizalejo
MX,Mexico,México,81977,Hacienda de los Ceballos,Sinaloa,25,Sinaloa,017,,,25.7525,-107.8166,4,hacienda-de-los-ceballos
MX,Mexico,México,81977,El Rincón,Sinaloa,25,Sinaloa,017,,,25.7649,-107.7651,4,el-rincon
MX,Mexico,México,81977,Ventura de los Bojórquez,Sinaloa,25,Sinaloa,017,,,25.7785,-107.8158,4,ventura-de-los-bojorquez
MX,Mexico,México,81980,Naranjo Centro,Sinaloa,25,Sinaloa,017,Estación Naranjo,19,25.7668,-108.5366,1,naranjo-centro
MX,Mexico,México,81980,Alfredo V Bonfil,Sinaloa,25,Sinaloa,017,Estación Naranjo,19,25.7668,-108.5366,1,alfredo-v-bonfil
MX,Mexico,México,81983,Las Viejas,Sinaloa,25,Sinaloa,017,Estación Naranjo,19,25.7668,-108.5366,1,las-viejas
MX,Mexico,México,81983,Nuevo San Fermín,Sinaloa,25,Sinaloa,017,Estación Naranjo,19,25.7668,-108.5366,1,nuevo-san-fermin
MX,Mexico,México,81985,Ruiz Cortinez 1,Sinaloa,25,Sinaloa,017,,,25.8114,-108.6303,3,ruiz-cortinez-1
MX,Mexico,México,81985,Santa Teresita,Sinaloa,25,Sinaloa,017,,,25.7697,-108.6605,4,santa-teresita
MX,Mexico,México,81985,La Guamuchilera,Sinaloa,25,Sinaloa,017,,,25.8239,-108.6481,4,la-guamuchilera
MX,Mexico,México,81985,Gabriel Leyva Velázquez,Sinaloa,25,Sinaloa,017,,,25.7911,-108.5633,4,gabriel-leyva-velazquez
MX,Mexico,México,81985,Ruiz Cortines 3,Sinaloa,25,Sinaloa,017,,,25.8114,-108.6303,3,ruiz-cortines-3
MX,Mexico,México,81985,Alfonso G Calderón Velarde,Sinaloa,25,Sinaloa,017,,,25.8114,-108.6303,3,alfonso-g-calderon-velarde
MX,Mexico,México,81985,Ceferino Paredes,Sinaloa,25,Sinaloa,017,,,25.8114,-108.6303,3,ceferino-paredes
MX,Mexico,México,81985,Tobobampo,Sinaloa,25,Sinaloa,017,,,25.816,-108.6503,4,tobobampo
MX,Mexico,México,81985,Concentración 5 de Febrero,Sinaloa,25,Sinaloa,017,,,25.8564,-108.6294,4,concentracion-5-de-febrero
MX,Mexico,México,81986,El Palotal,Sinaloa,25,Sinaloa,017,,,25.7693,-108.4809,4,el-palotal
MX,Mexico,México,81986,Naranjo Segundo,Sinaloa,25,Sinaloa,017,,,25.7952,-108.4975,4,naranjo-segundo
MX,Mexico,México,81986,El Campito (campo Zamora),Sinaloa,25,Sinaloa,017,,,25.8075,-108.4381,4,el-campito-campo-zamora
MX,Mexico,México,81986,Playa Segunda,Sinaloa,25,Sinaloa,017,,,25.8087,-108.4299,4,playa-segunda
MX,Mexico,México,81988,San Sebastían Lázaro Cárdenas,Sinaloa,25,Sinaloa,017,,,25.7102,-108.6123,4,san-sebastian-lazaro-cardenas
MX,Mexico,México,81988,Batamote,Sinaloa,25,Sinaloa,017,,,25.7073,-108.6117,4,batamote
MX,Mexico,México,81988,La Presita,Sinaloa,25,Sinaloa,017,,,25.7073,-108.5852,4,la-presita
MX,Mexico,México,81989,Capomas,Sinaloa,25,Sinaloa,017,,,25.6058,-108.1687,4,capomas
MX,Mexico,México,81990,La Tranquilidad,Sinaloa,25,Sinaloa,017,,,25.7188,-108.141,4,la-tranquilidad
MX,Mexico,México,81990,Seis de Enero,Sinaloa,25,Sinaloa,017,,,25.6847,-108.1219,4,seis-de-enero
MX,Mexico,México,81990,Tabalopa,Sinaloa,25,Sinaloa,017,,,25.7256,-108.1361,4,tabalopa
MX,Mexico,México,81990,San Joaquín,Sinaloa,25,Sinaloa,017,,,25.6673,-108.021,4,san-joaquin
MX,Mexico,México,81990,El Mezquite,Sinaloa,25,Sinaloa,017,,,25.7064,-108.1096,4,el-mezquite
MX,Mexico,México,81990,Agua Escondida,Sinaloa,25,Sinaloa,017,,,25.696,-108.0609,4,agua-escondida
MX,Mexico,México,81991,Llano Grande,Sinaloa,25,Sinaloa,017,,,25.7519,-108.0864,4,llano-grande
MX,Mexico,México,81991,Nacaveba,Sinaloa,25,Sinaloa,017,,,25.7616,-108.0438,4,nacaveba
MX,Mexico,México,81993,El Camichín,Sinaloa,25,Sinaloa,017,,,25.8025,-108.0411,4,el-camichin
MX,Mexico,México,81993,Palo Hediondo,Sinaloa,25,Sinaloa,017,,,25.8378,-108.0779,4,palo-hediondo
MX,Mexico,México,81993,El Noroto,Sinaloa,25,Sinaloa,017,,,25.8202,-108.0595,3,el-noroto
MX,Mexico,México,81995,Tezcalama (Tescalama de Arriba),Sinaloa,25,Sinaloa,017,,,25.7183,-107.9992,4,tezcalama-tescalama-de-arriba
MX,Mexico,México,81996,San Pedro,Sinaloa,25,Sinaloa,017,,,25.7278,-108.0806,1,san-pedro
MX,Mexico,México,81997,El Coyote,Sinaloa,25,Sinaloa,017,,,25.6628,-108.1284,4,el-coyote
MX,Mexico,México,80320,Navolato Centro,Sinaloa,25,Navolato,018,Navolato,07,24.6792,-107.6032,1,navolato-centro
MX,Mexico,México,80322,Los Pinos,Sinaloa,25,Navolato,018,Navolato,07,24.7233,-107.7646,1,los-pinos
MX,Mexico,México,80322,Antonio Yamaguchi González,Sinaloa,25,Navolato,018,Navolato,07,24.6792,-107.6032,1,antonio-yamaguchi-gonzalez
MX,Mexico,México,80322,Manuel Ávila Camacho (Obrera),Sinaloa,25,Navolato,018,Navolato,07,24.6792,-107.6032,1,manuel-avila-camacho-obrera
MX,Mexico,México,80322,Los Alcanfores,Sinaloa,25,Navolato,018,Navolato,07,24.6792,-107.6032,1,los-alcanfores
MX,Mexico,México,80322,Secciones Hermanas CTM,Sinaloa,25,Navolato,018,Navolato,07,24.6792,-107.6032,1,secciones-hermanas-ctm
MX,Mexico,México,80322,Nayarit,Sinaloa,25,Navolato,018,Navolato,07,24.6792,-107.6032,1,nayarit
MX,Mexico,México,80322,Rincón de Navolato,Sinaloa,25,Navolato,018,Navolato,07,24.6792,-107.6032,1,rincon-de-navolato
MX,Mexico,México,80322,Pueblo Nuevo No. 1,Sinaloa,25,Navolato,018,Navolato,07,24.6792,-107.6032,1,pueblo-nuevo-no-1
MX,Mexico,México,80322,Pradera Dorada,Sinaloa,25,Navolato,018,Navolato,07,24.6792,-107.6032,1,pradera-dorada
MX,Mexico,México,80322,José María Martínez CTM INFONAVIT,Sinaloa,25,Navolato,018,Navolato,07,24.6792,-107.6032,1,jose-maria-martinez-ctm-infonavit
MX,Mexico,México,80323,Chula Vista,Sinaloa,25,Navolato,018,Navolato,07,24.7233,-107.7646,4,chula-vista
MX,Mexico,México,80323,La Arrocera,Sinaloa,25,Navolato,018,Navolato,07,24.7233,-107.7646,3,la-arrocera
MX,Mexico,México,80324,Solidaridad,Sinaloa,25,Navolato,018,Navolato,07,24.7233,-107.7646,3,solidaridad
MX,Mexico,México,80324,5 de Febrero,Sinaloa,25,Navolato,018,Navolato,07,24.7233,-107.7646,3,5-de-febrero
MX,Mexico,México,80324,Primavera II,Sinaloa,25,Navolato,018,Navolato,07,24.7481,-107.6968,3,primavera-ii
MX,Mexico,México,80324,Pueblo Nuevo No. 2 (Los Cochambres),Sinaloa,25,Navolato,018,Navolato,07,24.7481,-107.6968,3,pueblo-nuevo-no-2-los-cochambres
MX,Mexico,México,80324,Las Vegas,Sinaloa,25,Navolato,018,Navolato,07,24.7233,-107.7646,3,las-vegas
MX,Mexico,México,80324,Belén Torres,Sinaloa,25,Navolato,018,Navolato,07,24.7481,-107.6968,3,belen-torres
MX,Mexico,México,80324,La Villita,Sinaloa,25,Navolato,018,Navolato,07,24.7481,-107.6968,3,la-villita
MX,Mexico,México,80324,Prodensa,Sinaloa,25,Navolato,018,Navolato,07,24.7481,-107.6968,3,prodensa
MX,Mexico,México,80324,Primavera I,Sinaloa,25,Navolato,018,Navolato,07,24.7481,-107.6968,3,primavera-i
MX,Mexico,México,80324,Renato Vega Alvarado,Sinaloa,25,Navolato,018,Navolato,07,24.7481,-107.6968,3,renato-vega-alvarado
MX,Mexico,México,80324,Jardín,Sinaloa,25,Navolato,018,Navolato,07,24.7481,-107.6968,3,jardin
MX,Mexico,México,80324,Amalia Plata,Sinaloa,25,Navolato,018,Navolato,07,24.7491,-107.6981,4,amalia-plata
MX,Mexico,México,80324,Salvador Alvarado,Sinaloa,25,Navolato,018,Navolato,07,24.7472,-107.6956,4,salvador-alvarado
MX,Mexico,México,80327,La Tenería,Sinaloa,25,Navolato,018,Navolato,07,24.7183,-107.6241,3,la-teneria
MX,Mexico,México,80327,Valle Verde,Sinaloa,25,Navolato,018,Navolato,07,24.7233,-107.7646,3,valle-verde
MX,Mexico,México,80327,Los Aguilares,Sinaloa,25,Navolato,018,Navolato,07,24.7183,-107.6241,3,los-aguilares
MX,Mexico,México,80327,Alfonso G. Calderón,Sinaloa,25,Navolato,018,Navolato,07,24.7183,-107.6241,3,alfonso-g-calderon
MX,Mexico,México,80327,Los Ángeles,Sinaloa,25,Navolato,018,Navolato,07,24.5537,-107.554,4,los-angeles
MX,Mexico,México,80327,Embotelladoras,Sinaloa,25,Navolato,018,Navolato,07,24.7183,-107.6241,3,embotelladoras
MX,Mexico,México,80327,Coca Cola INFONAVIT,Sinaloa,25,Navolato,018,Navolato,07,24.7183,-107.6241,3,coca-cola-infonavit
MX,Mexico,México,80327,Albañiles,Sinaloa,25,Navolato,018,Navolato,07,24.7183,-107.6241,3,albaniles
MX,Mexico,México,80327,Popular,Sinaloa,25,Navolato,018,Navolato,07,24.7183,-107.6241,3,popular
MX,Mexico,México,80327,El Batey,Sinaloa,25,Navolato,018,Navolato,07,24.7183,-107.6241,3,el-batey
MX,Mexico,México,80327,Antonio Bonifant,Sinaloa,25,Navolato,018,Navolato,07,24.7183,-107.6241,3,antonio-bonifant
MX,Mexico,México,80327,Residencial Santa María,Sinaloa,25,Navolato,018,Navolato,07,24.7183,-107.6241,3,residencial-santa-maria
MX,Mexico,México,80327,ISSSTESIN Esperanza,Sinaloa,25,Navolato,018,Navolato,07,24.7183,-107.6241,3,issstesin-esperanza
MX,Mexico,México,80327,Heriberto Zazueta,Sinaloa,25,Navolato,018,Navolato,07,24.7183,-107.6241,3,heriberto-zazueta
MX,Mexico,México,80327,Ejidal (Los Mangos),Sinaloa,25,Navolato,018,Navolato,07,24.7183,-107.6241,3,ejidal-los-mangos
MX,Mexico,México,80327,Calderón,Sinaloa,25,Navolato,018,Navolato,07,24.8828,-107.6943,4,calderon
MX,Mexico,México,80330,Ciudad de los Niños,Sinaloa,25,Navolato,018,,,24.7218,-107.6506,4,ciudad-de-los-ninos
MX,Mexico,México,80330,Casa Blanca,Sinaloa,25,Navolato,018,,,24.6992,-107.4794,4,casa-blanca
MX,Mexico,México,80330,Bachimeto,Sinaloa,25,Navolato,018,,,24.7417,-107.7439,4,bachimeto
MX,Mexico,México,80330,Bachoco,Sinaloa,25,Navolato,018,,,24.7944,-107.8032,4,bachoco
MX,Mexico,México,80330,Campo 5 Hermanos,Sinaloa,25,Navolato,018,,,24.8117,-107.8621,4,campo-5-hermanos
MX,Mexico,México,80330,Monte Largo,Sinaloa,25,Navolato,018,,,24.9355,-107.8644,4,monte-largo
MX,Mexico,México,80330,Ensenada,Sinaloa,25,Navolato,018,,,24.9927,-107.8724,4,ensenada
MX,Mexico,México,80330,El Bledal,Sinaloa,25,Navolato,018,,,24.7233,-107.7646,3,el-bledal
MX,Mexico,México,80330,El Patagón,Sinaloa,25,Navolato,018,,,24.8139,-107.7537,3,el-patagon
MX,Mexico,México,80331,Las Trancas,Sinaloa,25,Navolato,018,,,24.7147,-107.7428,4,las-trancas
MX,Mexico,México,80331,Baricueto 2,Sinaloa,25,Navolato,018,,,24.7147,-107.7428,3,baricueto-2
MX,Mexico,México,80331,La Vuelta Del Cerro,Sinaloa,25,Navolato,018,,,24.7233,-107.7646,3,la-vuelta-del-cerro
MX,Mexico,México,80332,Juan Aldama,Sinaloa,25,Navolato,018,,,24.9395,-107.8203,4,juan-aldama
MX,Mexico,México,80332,Los Pochotes,Sinaloa,25,Navolato,018,,,24.676,-107.7944,4,los-pochotes
MX,Mexico,México,80332,5 de Mayo (Col. El Debate),Sinaloa,25,Navolato,018,,,24.8078,-107.8073,3,5-de-mayo-col-el-debate
MX,Mexico,México,80333,Constituyentes de Sinaloa,Sinaloa,25,Navolato,018,,,25.0205,-107.8843,4,constituyentes-de-sinaloa
MX,Mexico,México,80334,El Bolsón,Sinaloa,25,Navolato,018,,,24.7584,-107.7353,4,el-bolson
MX,Mexico,México,80334,Lo de Reyes,Sinaloa,25,Navolato,018,,,24.7595,-107.7716,4,lo-de-reyes
MX,Mexico,México,80335,El Portugués,Sinaloa,25,Navolato,018,,,24.7515,-107.8279,4,el-portugues
MX,Mexico,México,80335,Limoncito,Sinaloa,25,Navolato,018,,,24.775,-107.7228,4,limoncito
MX,Mexico,México,80336,La Aviación,Sinaloa,25,Navolato,018,,,24.7401,-107.6883,4,la-aviacion
MX,Mexico,México,80336,Toboloto,Sinaloa,25,Navolato,018,,,24.7513,-107.724,4,toboloto
MX,Mexico,México,80336,Campillo Veronica,Sinaloa,25,Navolato,018,,,24.7464,-107.6878,4,campillo-veronica
MX,Mexico,México,80336,La Vuelta,Sinaloa,25,Navolato,018,,,24.715,-107.7064,4,la-vuelta
MX,Mexico,México,80336,Otameto,Sinaloa,25,Navolato,018,,,24.7289,-107.7403,4,otameto
MX,Mexico,México,80336,La Higuerita,Sinaloa,25,Navolato,018,,,24.7219,-107.7564,4,la-higuerita
MX,Mexico,México,80336,Monte Calvario,Sinaloa,25,Navolato,018,,,24.7494,-107.7392,4,monte-calvario
MX,Mexico,México,80337,La Pipima,Sinaloa,25,Navolato,018,,,24.6975,-107.6894,4,la-pipima
MX,Mexico,México,80337,Villamoros,Sinaloa,25,Navolato,018,,,24.6654,-107.6715,4,villamoros
MX,Mexico,México,80338,Iraguato,Sinaloa,25,Navolato,018,,,24.6253,-107.6654,4,iraguato
MX,Mexico,México,80338,Primavera,Sinaloa,25,Navolato,018,,,24.6781,-107.8422,3,primavera
MX,Mexico,México,80338,Lic Alfredo Valdez Montoya,Sinaloa,25,Navolato,018,,,24.6781,-107.8422,3,lic-alfredo-valdez-montoya
MX,Mexico,México,80338,El Tetuan Nuevo,Sinaloa,25,Navolato,018,,,24.6247,-107.9083,4,el-tetuan-nuevo
MX,Mexico,México,80338,El Vergel,Sinaloa,25,Navolato,018,,,24.7167,-107.7989,4,el-vergel
MX,Mexico,México,80338,La Bandera,Sinaloa,25,Navolato,018,,,24.7019,-107.8631,4,la-bandera
MX,Mexico,México,80338,Dautillos,Sinaloa,25,Navolato,018,,,24.7217,-107.9753,4,dautillos
MX,Mexico,México,80339,El Potrero,Sinaloa,25,Navolato,018,,,24.69,-107.7092,4,el-potrero
MX,Mexico,México,80339,Potrero de Sataya,Sinaloa,25,Navolato,018,,,24.69,-107.7092,4,potrero-de-sataya
MX,Mexico,México,80339,Rosa Morada,Sinaloa,25,Navolato,018,,,24.6725,-107.6909,4,rosa-morada
MX,Mexico,México,80345,Los Angeles,Sinaloa,25,Navolato,018,,,24.7978,-107.6467,4,los-angeles
MX,Mexico,México,80347,San Blas,Sinaloa,25,Navolato,018,,,24.8723,-107.655,4,san-blas
MX,Mexico,México,80347,La Paloma,Sinaloa,25,Navolato,018,,,24.8317,-107.6874,4,la-paloma
MX,Mexico,México,80347,Santa Fe,Sinaloa,25,Navolato,018,,,24.8439,-107.6537,4,santa-fe
MX,Mexico,México,80348,Cañada de Guamuchilito,Sinaloa,25,Navolato,018,,,24.8386,-107.7214,4,canada-de-guamuchilito
MX,Mexico,México,80348,La Florida,Sinaloa,25,Navolato,018,,,24.8262,-107.6855,4,la-florida
MX,Mexico,México,80348,Caimancito,Sinaloa,25,Navolato,018,,,24.8298,-107.68,3,caimancito
MX,Mexico,México,80348,Campo Berlín ( Berlín),Sinaloa,25,Navolato,018,,,24.8244,-107.6331,4,campo-berlin-berlin
MX,Mexico,México,80349,La Palma de Villa Angel Flores,Sinaloa,25,Navolato,018,,,24.8194,-107.6567,4,la-palma-de-villa-angel-flores
MX,Mexico,México,80349,Vicente Guerrero,Sinaloa,25,Navolato,018,,,24.7233,-107.7646,3,vicente-guerrero
MX,Mexico,México,80349,Juan S. Millán,Sinaloa,25,Navolato,018,,,24.7233,-107.7646,3,juan-s-millan
MX,Mexico,México,80349,Las Palmas,Sinaloa,25,Navolato,018,,,24.7233,-107.7646,3,las-palmas
MX,Mexico,México,80349,Nicolás Bravo,Sinaloa,25,Navolato,018,,,24.7233,-107.7646,3,nicolas-bravo
MX,Mexico,México,80349,Luis Donaldo Colosio,Sinaloa,25,Navolato,018,,,24.7233,-107.7646,3,luis-donaldo-colosio
MX,Mexico,México,80349,Benito Juárez,Sinaloa,25,Navolato,018,,,24.6567,-107.545,4,benito-juarez
MX,Mexico,México,80349,22 de Junio,Sinaloa,25,Navolato,018,,,24.738,-107.6009,3,22-de-junio
MX,Mexico,México,80349,Fidel Gutiérrez,Sinaloa,25,Navolato,018,,,24.738,-107.6009,3,fidel-gutierrez
MX,Mexico,México,80349,Zona Centro Villa Ángel Flores (La Palma),Sinaloa,25,Navolato,018,,,24.738,-107.6009,3,zona-centro-villa-angel-flores-la-palma
MX,Mexico,México,80349,Linda Vista,Sinaloa,25,Navolato,018,,,24.738,-107.6009,3,linda-vista
MX,Mexico,México,80349,Del Parque,Sinaloa,25,Navolato,018,,,24.738,-107.6009,3,del-parque
MX,Mexico,México,80349,Manuel de Jesús Clouthier del Rincón,Sinaloa,25,Navolato,018,,,24.738,-107.6009,3,manuel-de-jesus-clouthier-del-rincon
MX,Mexico,México,80349,Matzumoto,Sinaloa,25,Navolato,018,,,24.738,-107.6009,3,matzumoto
MX,Mexico,México,80349,Campo El 17,Sinaloa,25,Navolato,018,,,24.738,-107.6009,3,campo-el-17
MX,Mexico,México,80349,Fidel Velázquez,Sinaloa,25,Navolato,018,,,24.738,-107.6009,3,fidel-velazquez
MX,Mexico,México,80360,El Castillo,Sinaloa,25,Navolato,018,,,24.4984,-107.7193,4,el-castillo
MX,Mexico,México,80363,Altata,Sinaloa,25,Navolato,018,,,24.634,-107.931,4,altata
MX,Mexico,México,80365,El Realito,Sinaloa,25,Navolato,018,,,24.633,-107.666,4,el-realito
MX,Mexico,México,80365,Aguapepito,Sinaloa,25,Navolato,018,,,24.5945,-107.675,4,aguapepito
MX,Mexico,México,80365,Laco,Sinaloa,25,Navolato,018,,,24.5579,-107.7043,4,laco
MX,Mexico,México,80365,El Pintor,Sinaloa,25,Navolato,018,,,24.5998,-107.8045,4,el-pintor
MX,Mexico,México,80365,Las Aguamitas,Sinaloa,25,Navolato,018,,,24.6983,-107.5094,4,las-aguamitas
MX,Mexico,México,80366,Los Molinos,Sinaloa,25,Navolato,018,,,24.7233,-107.7646,1,los-molinos
MX,Mexico,México,80367,Campo San José,Sinaloa,25,Navolato,018,,,24.6725,-107.4886,4,campo-san-jose
MX,Mexico,México,80367,Santa Alicia,Sinaloa,25,Navolato,018,,,24.6119,-107.5142,4,santa-alicia
MX,Mexico,México,80367,Campo Tres Naciones,Sinaloa,25,Navolato,018,,,24.6244,-107.5125,4,campo-tres-naciones
MX,Mexico,México,80367,Penjamito,Sinaloa,25,Navolato,018,,,24.5628,-107.5339,4,penjamito
MX,Mexico,México,80367,Campo Santa Cecilia,Sinaloa,25,Navolato,018,,,24.6317,-107.5583,4,campo-santa-cecilia
MX,Mexico,México,80367,Pénjamo,Sinaloa,25,Navolato,018,,,24.5618,-107.5438,4,penjamo
MX,Mexico,México,80367,Alonso,Sinaloa,25,Navolato,018,,,24.6077,-107.5631,4,alonso
MX,Mexico,México,80367,Campo Victoria,Sinaloa,25,Navolato,018,,,24.7233,-107.7646,3,campo-victoria
MX,Mexico,México,80367,Campo Alvarez,Sinaloa,25,Navolato,018,,,24.6044,-107.5387,3,campo-alvarez
MX,Mexico,México,80367,Campo El Trinquete,Sinaloa,25,Navolato,018,,,24.6044,-107.5387,3,campo-el-trinquete
MX,Mexico,México,80367,Campo La Mula,Sinaloa,25,Navolato,018,,,24.6044,-107.5387,3,campo-la-mula
MX,Mexico,México,80367,El Cafetal,Sinaloa,25,Navolato,018,,,24.5992,-107.5144,4,el-cafetal
MX,Mexico,México,80367,Las Puentes,Sinaloa,25,Navolato,018,,,24.5323,-107.5404,4,las-puentes
MX,Mexico,México,80367,El Gran Chaparral,Sinaloa,25,Navolato,018,,,24.6078,-107.5836,4,el-gran-chaparral
MX,Mexico,México,80367,Campo Clouthier,Sinaloa,25,Navolato,018,,,24.6077,-107.539,4,campo-clouthier
MX,Mexico,México,80367,San Raúl,Sinaloa,25,Navolato,018,,,24.6299,-107.5438,4,san-raul
MX,Mexico,México,80367,Campo San Luis,Sinaloa,25,Navolato,018,,,24.6075,-107.5675,4,campo-san-luis
MX,Mexico,México,80368,El Contrabando (Campo Pesquero),Sinaloa,25,Navolato,018,,,24.6037,-107.6006,1,el-contrabando-campo-pesquero
MX,Mexico,México,80370,Plan de Ayala (el Zanjon),Sinaloa,25,Navolato,018,,,24.6439,-107.6575,4,plan-de-ayala-el-zanjon
MX,Mexico,México,80370,Sataya,Sinaloa,25,Navolato,018,,,24.6277,-107.6563,4,sataya
MX,Mexico,México,80370,Manuel Avila Camacho,Sinaloa,25,Navolato,018,,,24.6358,-107.6569,3,manuel-avila-camacho
MX,Mexico,México,80371,La Michoacana,Sinaloa,25,Navolato,018,,,24.6993,-107.5782,3,la-michoacana
MX,Mexico,México,80371,La Curva 1,Sinaloa,25,Navolato,018,,,24.6993,-107.5782,3,la-curva-1
MX,Mexico,México,80371,Luis G Vélez,Sinaloa,25,Navolato,018,,,24.6993,-107.5782,3,luis-g-velez
MX,Mexico,México,80371,Campo Campaña,Sinaloa,25,Navolato,018,,,24.6631,-107.5706,4,campo-campana
MX,Mexico,México,80371,Lo de Sauceda,Sinaloa,25,Navolato,018,,,24.7993,-107.6171,4,lo-de-sauceda
MX,Mexico,México,80371,Villa Morelos,Sinaloa,25,Navolato,018,,,24.6784,-107.5778,4,villa-morelos
MX,Mexico,México,80371,Lo de Jesús,Sinaloa,25,Navolato,018,,,24.68,-107.5456,4,lo-de-jesus
MX,Mexico,México,80371,Campo San Isidro,Sinaloa,25,Navolato,018,,,24.6759,-107.5799,4,campo-san-isidro
MX,Mexico,México,80372,La Sinaloa,Sinaloa,25,Navolato,018,,,24.7665,-107.6236,4,la-sinaloa
MX,Mexico,México,80372,Convención de Aguascalientes,Sinaloa,25,Navolato,018,,,24.7583,-107.6328,4,convencion-de-aguascalientes
MX,Mexico,México,80372,Cofradia de los Rocha,Sinaloa,25,Navolato,018,,,24.7681,-107.6481,4,cofradia-de-los-rocha
MX,Mexico,México,80372,El Melón,Sinaloa,25,Navolato,018,,,24.752,-107.6234,4,el-melon
MX,Mexico,México,80373,Cofradia de La Loma,Sinaloa,25,Navolato,018,,,24.7772,-107.6812,4,cofradia-de-la-loma
MX,Mexico,México,80373,Campo Ochiqui,Sinaloa,25,Navolato,018,,,24.7904,-107.6816,4,campo-ochiqui
MX,Mexico,México,80373,Rio Viejo,Sinaloa,25,Navolato,018,,,24.7794,-107.6783,4,rio-viejo
MX,Mexico,México,80373,Lo de Verdugo,Sinaloa,25,Navolato,018,,,24.7962,-107.6532,4,lo-de-verdugo
MX,Mexico,México,80373,Los Arredondos,Sinaloa,25,Navolato,018,,,24.7837,-107.5909,4,los-arredondos
MX,Mexico,México,80374,Bariometo,Sinaloa,25,Navolato,018,,,24.767,-107.6625,4,bariometo
MX,Mexico,México,80374,Cofradia de San Pedro,Sinaloa,25,Navolato,018,,,24.7975,-107.6026,4,cofradia-de-san-pedro
MX,Mexico,México,80374,Yebavito,Sinaloa,25,Navolato,018,,,24.7779,-107.607,3,yebavito
MX,Mexico,México,80374,Las Bebelamas de San Pedro,Sinaloa,25,Navolato,018,,,24.7779,-107.607,3,las-bebelamas-de-san-pedro
MX,Mexico,México,80374,Laguna de San Pedro,Sinaloa,25,Navolato,018,,,24.7714,-107.5928,4,laguna-de-san-pedro
MX,Mexico,México,80374,El Batallón,Sinaloa,25,Navolato,018,,,24.8068,-107.6273,4,el-batallon
MX,Mexico,México,80374,Balbuena,Sinaloa,25,Navolato,018,,,24.7469,-107.5497,4,balbuena
MX,Mexico,México,80374,San Pedro,Sinaloa,25,Navolato,018,,,24.7779,-107.607,3,san-pedro
MX,Mexico,México,80376,San Pedro,Sinaloa,25,Navolato,018,,,24.7304,-107.6123,1,san-pedro
MX,Mexico,México,80377,Bachigualatito,Sinaloa,25,Navolato,018,,,24.7134,-107.4694,4,bachigualatito
MX,Mexico,México,80377,Bachigualatillo,Sinaloa,25,Navolato,018,,,24.7142,-107.7117,4,bachigualatillo
MX,Mexico,México,80378,La Primavera,Sinaloa,25,Navolato,018,Lic. Benito Juárez (Campo Gobierno),24,24.8887,-107.7211,4,la-primavera
MX,Mexico,México,80378,Las Granjas,Sinaloa,25,Navolato,018,Lic. Benito Juárez (Campo Gobierno),24,24.7233,-107.7646,3,las-granjas
MX,Mexico,México,80378,Las Cupias,Sinaloa,25,Navolato,018,Lic. Benito Juárez (Campo Gobierno),24,24.7233,-107.7646,3,las-cupias
MX,Mexico,México,80378,Ampliación Praderas del Sol,Sinaloa,25,Navolato,018,Lic. Benito Juárez (Campo Gobierno),24,24.6788,-107.5821,3,ampliacion-praderas-del-sol
MX,Mexico,México,80378,José Vasconcelos,Sinaloa,25,Navolato,018,Lic. Benito Juárez (Campo Gobierno),24,24.6788,-107.5821,3,jose-vasconcelos
MX,Mexico,México,80378,José López Portillo,Sinaloa,25,Navolato,018,Lic. Benito Juárez (Campo Gobierno),24,24.6788,-107.5821,3,jose-lopez-portillo
MX,Mexico,México,80378,INFONAVIT ABC,Sinaloa,25,Navolato,018,Lic. Benito Juárez (Campo Gobierno),24,24.6788,-107.5821,3,infonavit-abc
MX,Mexico,México,80378,Manuel Gómez Morin,Sinaloa,25,Navolato,018,Lic. Benito Juárez (Campo Gobierno),24,24.6788,-107.5821,3,manuel-gomez-morin
MX,Mexico,México,80378,Margarita Maza de Juárez,Sinaloa,25,Navolato,018,Lic. Benito Juárez (Campo Gobierno),24,24.6788,-107.5821,3,margarita-maza-de-juarez
MX,Mexico,México,80378,Perfecto Arredondo,Sinaloa,25,Navolato,018,Lic. Benito Juárez (Campo Gobierno),24,24.6788,-107.5821,3,perfecto-arredondo
MX,Mexico,México,80378,Popular,Sinaloa,25,Navolato,018,Lic. Benito Juárez (Campo Gobierno),24,24.6788,-107.5821,3,popular
MX,Mexico,México,80378,Praderas del Sol,Sinaloa,25,Navolato,018,Lic. Benito Juárez (Campo Gobierno),24,24.6788,-107.5821,3,praderas-del-sol
MX,Mexico,México,80378,Guadalupe,Sinaloa,25,Navolato,018,Lic. Benito Juárez (Campo Gobierno),24,24.5325,-107.5406,4,guadalupe
MX,Mexico,México,80378,Liberación 89,Sinaloa,25,Navolato,018,Lic. Benito Juárez (Campo Gobierno),24,24.6788,-107.5821,3,liberacion-89
MX,Mexico,México,80378,Víctor Godoy,Sinaloa,25,Navolato,018,Lic. Benito Juárez (Campo Gobierno),24,24.6788,-107.5821,3,victor-godoy
MX,Mexico,México,80378,Tierra y Libertad (Las Cañitas),Sinaloa,25,Navolato,018,Lic. Benito Juárez (Campo Gobierno),24,24.6788,-107.5821,3,tierra-y-libertad-las-canitas
MX,Mexico,México,80378,4 de Marzo,Sinaloa,25,Navolato,018,Lic. Benito Juárez (Campo Gobierno),24,24.6788,-107.5821,3,4-de-marzo
MX,Mexico,México,80378,Villa Bonita,Sinaloa,25,Navolato,018,Lic. Benito Juárez (Campo Gobierno),24,24.6788,-107.5821,3,villa-bonita
MX,Mexico,México,80378,Luis Donaldo Colosio,Sinaloa,25,Navolato,018,Lic. Benito Juárez (Campo Gobierno),24,24.7233,-107.7646,3,luis-donaldo-colosio
MX,Mexico,México,80378,Santa Natalia,Sinaloa,25,Navolato,018,Lic. Benito Juárez (Campo Gobierno),24,24.6571,-107.5526,4,santa-natalia
MX,Mexico,México,80378,El Tapacal,Sinaloa,25,Navolato,018,Lic. Benito Juárez (Campo Gobierno),24,24.6542,-107.5435,4,el-tapacal
MX,Mexico,México,80378,Las Amapas,Sinaloa,25,Navolato,018,Lic. Benito Juárez (Campo Gobierno),24,24.6615,-107.5528,4,las-amapas
