country_code,country_name,country_name_es,postal_code,place,admin1,admin1_code,admin2,admin2_code,admin3,admin3_code,latitude,longitude,accuracy,slug
PT,Portugal,Portugal,9580-000,Vila do Porto,Azores,23,Vila do Porto,4101,Vila Do Porto,410105,36.9461,-25.1469,4,vila-do-porto
PT,Portugal,Portugal,9580-011,Almagreira,Azores,23,Vila do Porto,4101,Almagreira Vpt,,36.9667,-25.1167,4,almagreira
PT,Portugal,Portugal,9580-012,Bom Despacho,Azores,23,Vila do Porto,4101,Almagreira Vpt,,36.9583,-25.125,1,bom-despacho
PT,Portugal,Portugal,9580-013,Brasil,Azores,23,Vila do Porto,4101,Almagreira Vpt,,36.95,-25.1333,4,brasil
PT,Portugal,Portugal,9580-014,Brejo de Baixo,Azores,23,Vila do Porto,4101,Almagreira Vpt,,36.9583,-25.125,1,brejo-de-baixo
PT,Portugal,Portugal,9580-015,Brejo de Cima,Azores,23,Vila do Porto,4101,Almagreira Vpt,,36.9583,-25.125,1,brejo-de-cima
PT,Portugal,Portugal,9580-016,Brejo do Meio,Azores,23,Vila do Porto,4101,Almagreira Vpt,,36.9583,-25.125,1,brejo-do-meio
PT,Portugal,Portugal,9580-017,Carreira,Azores,23,Vila do Porto,4101,Almagreira Vpt,,36.9583,-25.125,1,carreira
PT,Portugal,Portugal,9580-018,Courelas,Azores,23,Vila do Porto,4101,Almagreira Vpt,,36.9583,-25.125,1,courelas
PT,Portugal,Portugal,9580-019,Covas,Azores,23,Vila do Porto,4101,Almagreira Vpt,,36.9583,-25.125,1,covas
PT,Portugal,Portugal,9580-020,Falcão,Azores,23,Vila do Porto,4101,Almagreira Vpt,,36.95,-25.1,1,falcao
PT,Portugal,Portugal,9580-021,Farropo,Azores,23,Vila do Porto,4101,Almagreira Vpt,,36.95,-25.1,4,farropo
PT,Portugal,Portugal,9580-022,Fonte do Mourato,Azores,23,Vila do Porto,4101,Almagreira Vpt,,36.95,-25.1,1,fonte-do-mourato
PT,Portugal,Portugal,9580-023,Fonte João Luís,Azores,23,Vila do Porto,4101,Almagreira Vpt,,36.95,-25.1,1,fonte-joao-luis
PT,Portugal,Portugal,9580-024,Fonte Nova,Azores,23,Vila do Porto,4101,Almagreira Vpt,,36.95,-25.1,1,fonte-nova
PT,Portugal,Portugal,9580-025,Graça,Azores,23,Vila do Porto,4101,Almagreira Vpt,,36.95,-25.1,1,graca
PT,Portugal,Portugal,9580-026,Mirante,Azores,23,Vila do Porto,4101,Almagreira Vpt,,36.95,-25.1,1,mirante
PT,Portugal,Portugal,9580-027,Moinhos da Rocha,Azores,23,Vila do Porto,4101,Almagreira Vpt,,36.95,-25.1,1,moinhos-da-rocha
PT,Portugal,Portugal,9580-028,Outeiro,Azores,23,Vila do Porto,4101,Almagreira Vpt,,36.95,-25.1,1,outeiro
PT,Portugal,Portugal,9580-029,Pico Romeiro,Azores,23,Vila do Porto,4101,Almagreira Vpt,,36.95,-25.1,1,pico-romeiro
PT,Portugal,Portugal,9580-030,Praia,Azores,23,Vila do Porto,4101,Almagreira Vpt,,36.9532,-25.1242,1,praia
PT,Portugal,Portugal,9580-031,São José,Azores,23,Vila do Porto,4101,Almagreira Vpt,,36.9532,-25.1242,1,sao-jose
PT,Portugal,Portugal,9580-101,Arrebentão,Azores,23,Vila do Porto,4101,Santa Bárbara Vpt,,36.9875,-25.0833,1,arrebentao
PT,Portugal,Portugal,9580-102,Barreiro,Azores,23,Vila do Porto,4101,Santa Bárbara Vpt,,36.9875,-25.0833,1,barreiro
PT,Portugal,Portugal,9580-103,Boavista,Azores,23,Vila do Porto,4101,Santa Bárbara Vpt,,36.9875,-25.0833,1,boavista
PT,Portugal,Portugal,9580-104,Feteiras de Santa Barbara,Azores,23,Vila do Porto,4101,Santa Bárbara Vpt,,36.9875,-25.0833,1,feteiras-de-santa-barbara
PT,Portugal,Portugal,9580-105,Forno,Azores,23,Vila do Porto,4101,Santa Bárbara Vpt,,36.9667,-25.0667,4,forno
PT,Portugal,Portugal,9580-106,Lagoínhas,Azores,23,Vila do Porto,4101,Santa Bárbara Vpt,,37,-25.1,4,lagoinhas
PT,Portugal,Portugal,9580-107,Lagos,Azores,23,Vila do Porto,4101,Santa Bárbara Vpt,,36.9833,-25.0833,4,lagos
PT,Portugal,Portugal,9580-108,Norte,Azores,23,Vila do Porto,4101,Santa Bárbara Vpt,,37,-25.0833,4,norte
PT,Portugal,Portugal,9580-109,Outeiro,Azores,23,Vila do Porto,4101,Santa Bárbara Vpt,,36.9875,-25.0833,1,outeiro
PT,Portugal,Portugal,9580-110,Pico do Penedo,Azores,23,Vila do Porto,4101,Santa Bárbara Vpt,,36.9667,-25.0833,4,pico-do-penedo
PT,Portugal,Portugal,9580-111,Pocilgas,Azores,23,Vila do Porto,4101,Santa Bárbara Vpt,,36.9833,-25.0833,4,pocilgas
PT,Portugal,Portugal,9580-112,Poço Grande,Azores,23,Vila do Porto,4101,Santa Bárbara Vpt,,36.9833,-25.0833,4,poco-grande
PT,Portugal,Portugal,9580-113,Ribeira do Amaro,Azores,23,Vila do Porto,4101,Santa Bárbara Vpt,,36.9792,-25.0792,1,ribeira-do-amaro
PT,Portugal,Portugal,9580-114,São Lourenço,Azores,23,Vila do Porto,4101,Santa Bárbara Vpt,,36.9833,-25.0667,4,sao-lourenco
PT,Portugal,Portugal,9580-115,Termo da Igreja,Azores,23,Vila do Porto,4101,Santa Bárbara Vpt,,36.9792,-25.0792,1,termo-da-igreja
PT,Portugal,Portugal,9580-116,Tronqueira,Azores,23,Vila do Porto,4101,Santa Bárbara Vpt,,36.9792,-25.0792,1,tronqueira
PT,Portugal,Portugal,9580-201,Além,Azores,23,Vila do Porto,4101,Santo Espírito,410103,36.9521,-25.0486,1,alem
PT,Portugal,Portugal,9580-202,Almagrinha,Azores,23,Vila do Porto,4101,Santo Espírito,410103,36.95,-25.0667,4,almagrinha
PT,Portugal,Portugal,9580-203,Almas,Azores,23,Vila do Porto,4101,Santo Espírito,410103,36.9521,-25.0486,1,almas
PT,Portugal,Portugal,9580-204,Azenha,Azores,23,Vila do Porto,4101,Santo Espírito,410103,36.9611,-25.0611,1,azenha
PT,Portugal,Portugal,9580-205,Azenha de Baixo,Azores,23,Vila do Porto,4101,Santo Espírito,410103,36.9667,-25.05,4,azenha-de-baixo
PT,Portugal,Portugal,9580-206,Azenha de Cima,Azores,23,Vila do Porto,4101,Santo Espírito,410103,36.9667,-25.0667,4,azenha-de-cima
PT,Portugal,Portugal,9580-207,Boavista,Azores,23,Vila do Porto,4101,Santo Espírito,410103,36.9521,-25.0486,1,boavista
PT,Portugal,Portugal,9580-208,Boquete,Azores,23,Vila do Porto,4101,Santo Espírito,410103,36.9611,-25.0611,1,boquete
PT,Portugal,Portugal,9580-209,Calheta de Baixo,Azores,23,Vila do Porto,4101,Santo Espírito,410103,36.9611,-25.0611,1,calheta-de-baixo
PT,Portugal,Portugal,9580-210,Calheta de Cima,Azores,23,Vila do Porto,4101,Santo Espírito,410103,36.9611,-25.0611,1,calheta-de-cima
PT,Portugal,Portugal,9580-211,Cardal,Azores,23,Vila do Porto,4101,Santo Espírito,410103,36.9611,-25.0611,1,cardal
PT,Portugal,Portugal,9580-212,Castelhana,Azores,23,Vila do Porto,4101,Santo Espírito,410103,36.9611,-25.0611,1,castelhana
PT,Portugal,Portugal,9580-213,Cruz,Azores,23,Vila do Porto,4101,Santo Espírito,410103,36.9667,-25.0667,4,cruz
PT,Portugal,Portugal,9580-214,Cruz de São Mor,Azores,23,Vila do Porto,4101,Santo Espírito,410103,36.9667,-25.0667,4,cruz-de-sao-mor
PT,Portugal,Portugal,9580-215,Farol,Azores,23,Vila do Porto,4101,Santo Espírito,410103,36.9611,-25.0611,1,farol
PT,Portugal,Portugal,9580-216,Feteirinha,Azores,23,Vila do Porto,4101,Santo Espírito,410103,36.95,-25.05,4,feteirinha
PT,Portugal,Portugal,9580-217,Fonte do Jordão de Baixo,Azores,23,Vila do Porto,4101,Santo Espírito,410103,36.9611,-25.0611,1,fonte-do-jordao-de-baixo
PT,Portugal,Portugal,9580-218,Fonte do Jordão de Cima,Azores,23,Vila do Porto,4101,Santo Espírito,410103,36.9611,-25.0611,1,fonte-do-jordao-de-cima
PT,Portugal,Portugal,9580-219,Fontinhas,Azores,23,Vila do Porto,4101,Santo Espírito,410103,36.9521,-25.0486,1,fontinhas
PT,Portugal,Portugal,9580-220,Glória,Azores,23,Vila do Porto,4101,Santo Espírito,410103,36.9333,-25.0667,4,gloria
PT,Portugal,Portugal,9580-221,Igreja,Azores,23,Vila do Porto,4101,Santo Espírito,410103,36.9452,-25.0571,1,igreja
PT,Portugal,Portugal,9580-222,Lagoa,Azores,23,Vila do Porto,4101,Santo Espírito,410103,36.9333,-25.0667,4,lagoa
PT,Portugal,Portugal,9580-223,Lapa,Azores,23,Vila do Porto,4101,Santo Espírito,410103,36.9452,-25.0571,1,lapa
PT,Portugal,Portugal,9580-224,Lapa de Baixo,Azores,23,Vila do Porto,4101,Santo Espírito,410103,36.95,-25.0333,4,lapa-de-baixo
PT,Portugal,Portugal,9580-225,Lapa de Cima,Azores,23,Vila do Porto,4101,Santo Espírito,410103,36.95,-25.0333,4,lapa-de-cima
PT,Portugal,Portugal,9580-226,Lombas,Azores,23,Vila do Porto,4101,Santo Espírito,410103,36.9667,-25.05,4,lombas
PT,Portugal,Portugal,9580-227,Loural,Azores,23,Vila do Porto,4101,Santo Espírito,410103,36.95,-25.0667,4,loural
PT,Portugal,Portugal,9580-228,Maia,Azores,23,Vila do Porto,4101,Santo Espírito,410103,36.9521,-25.0486,1,maia
PT,Portugal,Portugal,9580-229,Malbusca,Azores,23,Vila do Porto,4101,Santo Espírito,410103,36.9521,-25.0486,4,malbusca
PT,Portugal,Portugal,9580-230,Malbusca de Baixo,Azores,23,Vila do Porto,4101,Santo Espírito,410103,36.9333,-25.0667,1,malbusca-de-baixo
PT,Portugal,Portugal,9580-231,Malbusca de Cima,Azores,23,Vila do Porto,4101,Santo Espírito,410103,36.9333,-25.0667,1,malbusca-de-cima
PT,Portugal,Portugal,9580-232,Moio,Azores,23,Vila do Porto,4101,Santo Espírito,410103,36.9521,-25.0486,1,moio
PT,Portugal,Portugal,9580-233,Outeiro de Malbusca,Azores,23,Vila do Porto,4101,Santo Espírito,410103,36.9333,-25.0667,1,outeiro-de-malbusca
PT,Portugal,Portugal,9580-234,Panasco,Azores,23,Vila do Porto,4101,Santo Espírito,410103,36.9333,-25.0667,4,panasco
PT,Portugal,Portugal,9580-235,Pico das Almas,Azores,23,Vila do Porto,4101,Santo Espírito,410103,36.9333,-25.0667,1,pico-das-almas
PT,Portugal,Portugal,9580-236,Salto,Azores,23,Vila do Porto,4101,Santo Espírito,410103,36.9333,-25.0667,1,salto
PT,Portugal,Portugal,9580-237,Santo António,Azores,23,Vila do Porto,4101,Santo Espírito,410103,36.9521,-25.0486,1,santo-antonio
PT,Portugal,Portugal,9580-238,Termo da Igreja,Azores,23,Vila do Porto,4101,Santo Espírito,410103,36.9333,-25.0667,1,termo-da-igreja
PT,Portugal,Portugal,9580-239,Terra do Raposo,Azores,23,Vila do Porto,4101,Santo Espírito,410103,36.9333,-25.0667,1,terra-do-raposo
PT,Portugal,Portugal,9580-240,Vela,Azores,23,Vila do Porto,4101,Santo Espírito,410103,36.9512,-25.0595,1,vela
PT,Portugal,Portugal,9580-301,Água D'Alto,Azores,23,Vila do Porto,4101,São Pedro,410104,36.9916,-25.1171,1,agua-d-alto
PT,Portugal,Portugal,9580-302,Alto do Nascente,Azores,23,Vila do Porto,4101,São Pedro,410104,36.9833,-25.1167,1,alto-do-nascente
PT,Portugal,Portugal,9580-303,Alto do Poente,Azores,23,Vila do Porto,4101,São Pedro,410104,36.9833,-25.1167,1,alto-do-poente
PT,Portugal,Portugal,9580-304,Atafona,Azores,23,Vila do Porto,4101,São Pedro,410104,36.9833,-25.1167,1,atafona
PT,Portugal,Portugal,9580-305,Banda D'Além,Azores,23,Vila do Porto,4101,São Pedro,410104,36.9833,-25.1167,1,banda-d-alem
PT,Portugal,Portugal,9580-306,Canaviais,Azores,23,Vila do Porto,4101,São Pedro,410104,36.9833,-25.1167,1,canaviais
PT,Portugal,Portugal,9580-307,Castelhana,Azores,23,Vila do Porto,4101,São Pedro,410104,36.9833,-25.1167,1,castelhana
PT,Portugal,Portugal,9580-308,Chã de João Tomé,Azores,23,Vila do Porto,4101,São Pedro,410104,36.9833,-25.1167,4,cha-de-joao-tome
PT,Portugal,Portugal,9580-309,Covões,Azores,23,Vila do Porto,4101,São Pedro,410104,36.9916,-25.1171,1,covoes
PT,Portugal,Portugal,9580-310,Cruz Teixeira,Azores,23,Vila do Porto,4101,São Pedro,410104,36.9833,-25.1333,1,cruz-teixeira
PT,Portugal,Portugal,9580-311,Faneca,Azores,23,Vila do Porto,4101,São Pedro,410104,36.9833,-25.1333,4,faneca
PT,Portugal,Portugal,9580-312,Feteiras de Baixo,Azores,23,Vila do Porto,4101,São Pedro,410104,36.9833,-25.1333,1,feteiras-de-baixo
PT,Portugal,Portugal,9580-313,Feteiras de Cima,Azores,23,Vila do Porto,4101,São Pedro,410104,36.9833,-25.1333,1,feteiras-de-cima
PT,Portugal,Portugal,9580-314,Golfeira,Azores,23,Vila do Porto,4101,São Pedro,410104,36.9833,-25.1333,1,golfeira
PT,Portugal,Portugal,9580-315,Jogo,Azores,23,Vila do Porto,4101,São Pedro,410104,36.9833,-25.1333,1,jogo
PT,Portugal,Portugal,9580-316,Milagres,Azores,23,Vila do Porto,4101,São Pedro,410104,36.9916,-25.1171,1,milagres
PT,Portugal,Portugal,9580-317,Monteiro,Azores,23,Vila do Porto,4101,São Pedro,410104,36.9833,-25.1333,1,monteiro
PT,Portugal,Portugal,9580-318,Outeiro,Azores,23,Vila do Porto,4101,São Pedro,410104,36.9916,-25.1171,1,outeiro
PT,Portugal,Portugal,9580-319,Outeiro da Ribeira do Engenho,Azores,23,Vila do Porto,4101,São Pedro,410104,36.9833,-25.1333,1,outeiro-da-ribeira-do-engenho
PT,Portugal,Portugal,9580-320,Paúl,Azores,23,Vila do Porto,4101,São Pedro,410104,36.975,-25.1417,1,paul
PT,Portugal,Portugal,9580-321,Paúl de Baixo,Azores,23,Vila do Porto,4101,São Pedro,410104,36.9916,-25.1171,4,paul-de-baixo
PT,Portugal,Portugal,9580-322,Paúl de Cima,Azores,23,Vila do Porto,4101,São Pedro,410104,36.9916,-25.1171,4,paul-de-cima
PT,Portugal,Portugal,9580-323,Pilar,Azores,23,Vila do Porto,4101,São Pedro,410104,36.9916,-25.1171,1,pilar
PT,Portugal,Portugal,9580-324,Piquinhos,Azores,23,Vila do Porto,4101,São Pedro,410104,36.975,-25.1417,1,piquinhos
PT,Portugal,Portugal,9580-325,Pontes,Azores,23,Vila do Porto,4101,São Pedro,410104,36.975,-25.1417,1,pontes
PT,Portugal,Portugal,9580-326,Ribeira do Engenho,Azores,23,Vila do Porto,4101,São Pedro,410104,36.975,-25.1417,1,ribeira-do-engenho
PT,Portugal,Portugal,9580-327,Roças,Azores,23,Vila do Porto,4101,São Pedro,410104,36.975,-25.1417,1,rocas
PT,Portugal,Portugal,9580-328,Rosa Alta,Azores,23,Vila do Porto,4101,São Pedro,410104,36.975,-25.1417,1,rosa-alta
PT,Portugal,Portugal,9580-329,Rosa Baixa,Azores,23,Vila do Porto,4101,São Pedro,410104,36.975,-25.1417,1,rosa-baixa
PT,Portugal,Portugal,9580-330,São José,Azores,23,Vila do Porto,4101,São Pedro,410104,36.9792,-25.1333,1,sao-jose
PT,Portugal,Portugal,9580-331,Saúde,Azores,23,Vila do Porto,4101,São Pedro,410104,36.9916,-25.1171,1,saude
PT,Portugal,Portugal,9580-332,Termo da Igreja,Azores,23,Vila do Porto,4101,São Pedro,410104,36.9792,-25.1333,1,termo-da-igreja
PT,Portugal,Portugal,9580-333,Trevina,Azores,23,Vila do Porto,4101,São Pedro,410104,36.9792,-25.1333,1,trevina
PT,Portugal,Portugal,9580-401,Aeroporto,Azores,23,Vila do Porto,4101,Vila Do Porto,410105,36.9461,-25.1469,1,aeroporto
PT,Portugal,Portugal,9580-402,Aeroporto,Azores,23,Vila do Porto,4101,Vila Do Porto,410105,36.9461,-25.1469,1,aeroporto
PT,Portugal,Portugal,9580-403,Aeroporto,Azores,23,Vila do Porto,4101,Vila Do Porto,410105,36.9461,-25.1469,1,aeroporto
PT,Portugal,Portugal,9580-404,Aeroporto,Azores,23,Vila do Porto,4101,Vila Do Porto,410105,36.9461,-25.1469,1,aeroporto
PT,Portugal,Portugal,9580-405,Aeroporto,Azores,23,Vila do Porto,4101,Vila Do Porto,410105,36.9461,-25.1469,1,aeroporto
PT,Portugal,Portugal,9580-406,Aeroporto,Azores,23,Vila do Porto,4101,Vila Do Porto,410105,36.9461,-25.1469,1,aeroporto
PT,Portugal,Portugal,9580-407,Aeroporto,Azores,23,Vila do Porto,4101,Vila Do Porto,410105,36.9461,-25.1469,1,aeroporto
PT,Portugal,Portugal,9580-408,Aeroporto,Azores,23,Vila do Porto,4101,Vila Do Porto,410105,36.9461,-25.1469,1,aeroporto
PT,Portugal,Portugal,9580-409,Aeroporto,Azores,23,Vila do Porto,4101,Vila Do Porto,410105,36.9461,-25.1469,1,aeroporto
PT,Portugal,Portugal,9580-410,Aeroporto,Azores,23,Vila do Porto,4101,Vila Do Porto,410105,36.9461,-25.1469,1,aeroporto
PT,Portugal,Portugal,9580-411,Aeroporto,Azores,23,Vila do Porto,4101,Vila Do Porto,410105,36.9461,-25.1469,1,aeroporto
PT,Portugal,Portugal,9580-412,Aeroporto,Azores,23,Vila do Porto,4101,Vila Do Porto,410105,36.9461,-25.1469,1,aeroporto
PT,Portugal,Portugal,9580-413,Aeroporto,Azores,23,Vila do Porto,4101,Vila Do Porto,410105,36.9461,-25.1469,1,aeroporto
PT,Portugal,Portugal,9580-414,Aeroporto,Azores,23,Vila do Porto,4101,Vila Do Porto,410105,36.9461,-25.1469,1,aeroporto
PT,Portugal,Portugal,9580-415,Aeroporto,Azores,23,Vila do Porto,4101,Vila Do Porto,410105,36.9461,-25.1469,1,aeroporto
PT,Portugal,Portugal,9580-416,Aeroporto,Azores,23,Vila do Porto,4101,Vila Do Porto,410105,36.9461,-25.1469,1,aeroporto
PT,Portugal,Portugal,9580-417,Aeroporto,Azores,23,Vila do Porto,4101,Vila Do Porto,410105,36.9461,-25.1469,1,aeroporto
PT,Portugal,Portugal,9580-418,Aeroporto,Azores,23,Vila do Porto,4101,Vila Do Porto,410105,36.9461,-25.1469,1,aeroporto
PT,Portugal,Portugal,9580-419,Aeroporto,Azores,23,Vila do Porto,4101,Vila Do Porto,410105,36.9461,-25.1469,1,aeroporto
PT,Portugal,Portugal,9580-420,Aeroporto,Azores,23,Vila do Porto,4101,Vila Do Porto,410105,36.9461,-25.1469,1,aeroporto
PT,Portugal,Portugal,9580-421,Aeroporto,Azores,23,Vila do Porto,4101,Vila Do Porto,410105,36.9461,-25.1469,1,aeroporto
PT,Portugal,Portugal,9580-422,Aeroporto,Azores,23,Vila do Porto,4101,Vila Do Porto,410105,36.9461,-25.1469,1,aeroporto
PT,Portugal,Portugal,9580-423,Aeroporto,Azores,23,Vila do Porto,4101,Vila Do Porto,410105,36.9461,-25.1469,1,aeroporto
PT,Portugal,Portugal,9580-424,Aeroporto,Azores,23,Vila do Porto,4101,Vila Do Porto,410105,36.9461,-25.1469,1,aeroporto
PT,Portugal,Portugal,9580-425,Aeroporto,Azores,23,Vila do Porto,4101,Vila Do Porto,410105,36.9461,-25.1469,1,aeroporto
PT,Portugal,Portugal,9580-426,Aeroporto,Azores,23,Vila do Porto,4101,Vila Do Porto,410105,36.9461,-25.1469,1,aeroporto
PT,Portugal,Portugal,9580-427,Aeroporto,Azores,23,Vila do Porto,4101,Vila Do Porto,410105,36.9461,-25.1469,1,aeroporto
PT,Portugal,Portugal,9580-428,Aeroporto,Azores,23,Vila do Porto,4101,Vila Do Porto,410105,36.9461,-25.1469,1,aeroporto
PT,Portugal,Portugal,9580-429,Aeroporto,Azores,23,Vila do Porto,4101,Vila Do Porto,410105,36.9461,-25.1469,1,aeroporto
PT,Portugal,Portugal,9580-430,Aeroporto,Azores,23,Vila do Porto,4101,Vila Do Porto,410105,36.9461,-25.1469,1,aeroporto
PT,Portugal,Portugal,9580-431,Aeroporto,Azores,23,Vila do Porto,4101,Vila Do Porto,410105,36.9461,-25.1469,1,aeroporto
PT,Portugal,Portugal,9580-432,Aeroporto,Azores,23,Vila do Porto,4101,Vila Do Porto,410105,36.9461,-25.1469,1,aeroporto
PT,Portugal,Portugal,9580-433,Aeroporto,Azores,23,Vila do Porto,4101,Vila Do Porto,410105,36.9461,-25.1469,1,aeroporto
PT,Portugal,Portugal,9580-434,Aeroporto,Azores,23,Vila do Porto,4101,Vila Do Porto,410105,36.9461,-25.1469,1,aeroporto
PT,Portugal,Portugal,9580-470,Vila do Porto,Azores,23,Vila do Porto,4101,Vila Do Porto,410105,36.9461,-25.1469,4,vila-do-porto
PT,Portugal,Portugal,9580-472,Vila do Porto,Azores,23,Vila do Porto,4101,Vila Do Porto,410105,36.9461,-25.1469,4,vila-do-porto
PT,Portugal,Portugal,9580-473,Vila do Porto,Azores,23,Vila do Porto,4101,Vila Do Porto,410105,36.9461,-25.1469,4,vila-do-porto
PT,Portugal,Portugal,9580-476,Vila do Porto,Azores,23,Vila do Porto,4101,Vila Do Porto,410105,36.9461,-25.1469,4,vila-do-porto
PT,Portugal,Portugal,9580-477,Vila do Porto,Azores,23,Vila do Porto,4101,Vila Do Porto,410105,36.9461,-25.1469,4,vila-do-porto
PT,Portugal,Portugal,9580-478,Vila do Porto,Azores,23,Vila do Porto,4101,Vila Do Porto,410105,36.9461,-25.1469,4,vila-do-porto
PT,Portugal,Portugal,9580-479,Vila do Porto,Azores,23,Vila do Porto,4101,Vila Do Porto,410105,36.9461,-25.1469,4,vila-do-porto
PT,Portugal,Portugal,9580-480,Vila do Porto,Azores,23,Vila do Porto,4101,Vila Do Porto,410105,36.9461,-25.1469,4,vila-do-porto
PT,Portugal,Portugal,9580-483,Vila do Porto,Azores,23,Vila do Porto,4101,Vila Do Porto,410105,36.9461,-25.1469,4,vila-do-porto
PT,Portugal,Portugal,9580-485,Vila do Porto,Azores,23,Vila do Porto,4101,Vila Do Porto,410105,36.9461,-25.1469,4,vila-do-porto
PT,Portugal,Portugal,9580-486,Vila do Porto,Azores,23,Vila do Porto,4101,Vila Do Porto,410105,36.9461,-25.1469,4,vila-do-porto
PT,Portugal,Portugal,9580-487,Vila do Porto,Azores,23,Vila do Porto,4101,Vila Do Porto,410105,36.9461,-25.1469,4,vila-do-porto
PT,Portugal,Portugal,9580-488,Vila do Porto,Azores,23,Vila do Porto,4101,Vila Do Porto,410105,36.9461,-25.1469,4,vila-do-porto
PT,Portugal,Portugal,9580-492,Vila do Porto,Azores,23,Vila do Porto,4101,Vila Do Porto,410105,36.9461,-25.1469,4,vila-do-porto
PT,Portugal,Portugal,9580-501,Vila do Porto,Azores,23,Vila do Porto,4101,Vila Do Porto,410105,36.9461,-25.1469,4,vila-do-porto
PT,Portugal,Portugal,9580-502,Vila do Porto,Azores,23,Vila do Porto,4101,Vila Do Porto,410105,36.9461,-25.1469,4,vila-do-porto
PT,Portugal,Portugal,9580-505,Vila do Porto,Azores,23,Vila do Porto,4101,Vila Do Porto,410105,36.9461,-25.1469,4,vila-do-porto
PT,Portugal,Portugal,9580-506,Vila do Porto,Azores,23,Vila do Porto,4101,Vila Do Porto,410105,36.9461,-25.1469,4,vila-do-porto
PT,Portugal,Portugal,9580-507,Vila do Porto,Azores,23,Vila do Porto,4101,Vila Do Porto,410105,36.9461,-25.1469,4,vila-do-porto
PT,Portugal,Portugal,9580-508,Vila do Porto,Azores,23,Vila do Porto,4101,Vila Do Porto,410105,36.9461,-25.1469,4,vila-do-porto
PT,Portugal,Portugal,9580-510,Vila do Porto,Azores,23,Vila do Porto,4101,Vila Do Porto,410105,36.9461,-25.1469,4,vila-do-porto
PT,Portugal,Portugal,9580-512,Vila do Porto,Azores,23,Vila do Porto,4101,Vila Do Porto,410105,36.9461,-25.1469,4,vila-do-porto
PT,Portugal,Portugal,9580-513,Vila do Porto,Azores,23,Vila do Porto,4101,Vila Do Porto,410105,36.9461,-25.1469,4,vila-do-porto
PT,Portugal,Portugal,9580-514,Vila do Porto,Azores,23,Vila do Porto,4101,Vila Do Porto,410105,36.9461,-25.1469,4,vila-do-porto
PT,Portugal,Portugal,9580-515,Vila do Porto,Azores,23,Vila do Porto,4101,Vila Do Porto,410105,36.9461,-25.1469,4,vila-do-porto
PT,Portugal,Portugal,9580-516,Vila do Porto,Azores,23,Vila do Porto,4101,Vila Do Porto,410105,36.9461,-25.1469,4,vila-do-porto
PT,Portugal,Portugal,9580-517,Vila do Porto,Azores,23,Vila do Porto,4101,Vila Do Porto,410105,36.9461,-25.1469,4,vila-do-porto
PT,Portugal,Portugal,9580-518,Vila do Porto,Azores,23,Vila do Porto,4101,Vila Do Porto,410105,36.9461,-25.1469,4,vila-do-porto
PT,Portugal,Portugal,9580-519,Vila do Porto,Azores,23,Vila do Porto,4101,Vila Do Porto,410105,36.9461,-25.1469,4,vila-do-porto
PT,Portugal,Portugal,9580-521,Vila do Porto,Azores,23,Vila do Porto,4101,Vila Do Porto,410105,36.9461,-25.1469,4,vila-do-porto
PT,Portugal,Portugal,9580-522,Vila do Porto,Azores,23,Vila do Porto,4101,Vila Do Porto,410105,36.9461,-25.1469,4,vila-do-porto
PT,Portugal,Portugal,9580-523,Vila do Porto,Azores,23,Vila do Porto,4101,Vila Do Porto,410105,36.9461,-25.1469,4,vila-do-porto
PT,Portugal,Portugal,9580-524,Vila do Porto,Azores,23,Vila do Porto,4101,Vila Do Porto,410105,36.9461,-25.1469,4,vila-do-porto
PT,Portugal,Portugal,9580-526,Vila do Porto,Azores,23,Vila do Porto,4101,Vila Do Porto,410105,36.9461,-25.1469,4,vila-do-porto
PT,Portugal,Portugal,9580-527,Vila do Porto,Azores,23,Vila do Porto,4101,Vila Do Porto,410105,36.9461,-25.1469,4,vila-do-porto
PT,Portugal,Portugal,9580-528,Vila do Porto,Azores,23,Vila do Porto,4101,Vila Do Porto,410105,36.9461,-25.1469,4,vila-do-porto
PT,Portugal,Portugal,9580-529,Vila do Porto,Azores,23,Vila do Porto,4101,Vila Do Porto,410105,36.9461,-25.1469,4,vila-do-porto
PT,Portugal,Portugal,9580-530,Vila do Porto,Azores,23,Vila do Porto,4101,Vila Do Porto,410105,36.9461,-25.1469,4,vila-do-porto
PT,Portugal,Portugal,9580-531,Vila do Porto,Azores,23,Vila do Porto,4101,Vila Do Porto,410105,36.9461,-25.1469,4,vila-do-porto
PT,Portugal,Portugal,9580-532,Vila do Porto,Azores,23,Vila do Porto,4101,Vila Do Porto,410105,36.9461,-25.1469,4,vila-do-porto
PT,Portugal,Portugal,9580-533,Vila do Porto,Azores,23,Vila do Porto,4101,Vila Do Porto,410105,36.9461,-25.1469,4,vila-do-porto
PT,Portugal,Portugal,9580-535,Vila do Porto,Azores,23,Vila do Porto,4101,Vila Do Porto,410105,36.9461,-25.1469,4,vila-do-porto
PT,Portugal,Portugal,9580-537,Vila do Porto,Azores,23,Vila do Porto,4101,Vila Do Porto,410105,36.9461,-25.1469,4,vila-do-porto
PT,Portugal,Portugal,9580-539,Vila do Porto,Azores,23,Vila do Porto,4101,Vila Do Porto,410105,36.9461,-25.1469,4,vila-do-porto
PT,Portugal,Portugal,9580-540,Aeroporto,Azores,23,Vila do Porto,4101,Vila Do Porto,410105,36.9461,-25.1469,1,aeroporto
PT,Portugal,Portugal,9580-541,Vila do Porto,Azores,23,Vila do Porto,4101,Vila Do Porto,410105,36.9461,-25.1469,4,vila-do-porto
PT,Portugal,Portugal,9580-998,Aeroporto,Azores,23,Vila do Porto,4101,Vila Do Porto,410105,36.9461,-25.1469,1,aeroporto
PT,Portugal,Portugal,9580-999,Vila do Porto,Azores,23,Vila do Porto,4101,Vila Do Porto,410105,36.9461,-25.1469,4,vila-do-porto
PT,Portugal,Portugal,9560-010,Lagoa,Azores,23,Lagoa,4201,Lagoa (São Miguel),,37.7317,-25.5371,1,lagoa
PT,Portugal,Portugal,9560-011,Lagoa,Azores,23,Lagoa,4201,Lagoa (São Miguel),,37.7317,-25.5371,1,lagoa
PT,Portugal,Portugal,9560-012,Lagoa,Azores,23,Lagoa,4201,Lagoa (São Miguel),,37.7317,-25.5371,1,lagoa
PT,Portugal,Portugal,9560-013,Lagoa,Azores,23,Lagoa,4201,Lagoa (São Miguel),,37.7317,-25.5371,1,lagoa
PT,Portugal,Portugal,9560-014,Lagoa,Azores,23,Lagoa,4201,Lagoa (São Miguel),,37.7317,-25.5371,1,lagoa
PT,Portugal,Portugal,9560-015,Lagoa,Azores,23,Lagoa,4201,Lagoa (São Miguel),,37.7317,-25.5371,1,lagoa
PT,Portugal,Portugal,9560-016,Lagoa,Azores,23,Lagoa,4201,Lagoa (São Miguel),,37.7317,-25.5371,1,lagoa
PT,Portugal,Portugal,9560-017,Lagoa,Azores,23,Lagoa,4201,Lagoa (São Miguel),,37.7317,-25.5371,1,lagoa
PT,Portugal,Portugal,9560-018,Lagoa,Azores,23,Lagoa,4201,Lagoa (São Miguel),,37.7317,-25.5371,1,lagoa
PT,Portugal,Portugal,9560-019,Lagoa,Azores,23,Lagoa,4201,Lagoa (São Miguel),,37.7317,-25.5371,1,lagoa
PT,Portugal,Portugal,9560-020,Lagoa,Azores,23,Lagoa,4201,Lagoa (São Miguel),,37.7317,-25.5371,1,lagoa
PT,Portugal,Portugal,9560-021,Lagoa,Azores,23,Lagoa,4201,Lagoa (São Miguel),,37.7317,-25.5371,1,lagoa
PT,Portugal,Portugal,9560-022,Lagoa,Azores,23,Lagoa,4201,Lagoa (São Miguel),,37.7317,-25.5371,1,lagoa
PT,Portugal,Portugal,9560-024,Lagoa,Azores,23,Lagoa,4201,Lagoa (São Miguel),,37.7317,-25.5371,1,lagoa
PT,Portugal,Portugal,9560-026,Lagoa,Azores,23,Lagoa,4201,Lagoa (São Miguel),,37.7317,-25.5371,1,lagoa
PT,Portugal,Portugal,9560-027,Lagoa,Azores,23,Lagoa,4201,Lagoa (São Miguel),,37.7317,-25.5371,1,lagoa
PT,Portugal,Portugal,9560-029,Lagoa,Azores,23,Lagoa,4201,Lagoa (São Miguel),,37.7317,-25.5371,1,lagoa
PT,Portugal,Portugal,9560-031,Lagoa,Azores,23,Lagoa,4201,Lagoa (São Miguel),,37.7317,-25.5371,1,lagoa
PT,Portugal,Portugal,9560-032,Lagoa,Azores,23,Lagoa,4201,Lagoa (São Miguel),,37.7317,-25.5371,1,lagoa
PT,Portugal,Portugal,9560-035,Lagoa,Azores,23,Lagoa,4201,Lagoa (São Miguel),,37.7317,-25.5371,1,lagoa
PT,Portugal,Portugal,9560-036,Lagoa,Azores,23,Lagoa,4201,Lagoa (São Miguel),,37.7317,-25.5371,1,lagoa
PT,Portugal,Portugal,9560-037,Lagoa,Azores,23,Lagoa,4201,Lagoa (São Miguel),,37.7317,-25.5371,1,lagoa
PT,Portugal,Portugal,9560-038,Lagoa,Azores,23,Lagoa,4201,Lagoa (São Miguel),,37.7317,-25.5371,1,lagoa
PT,Portugal,Portugal,9560-039,Lagoa,Azores,23,Lagoa,4201,Lagoa (São Miguel),,37.7317,-25.5371,1,lagoa
PT,Portugal,Portugal,9560-040,Lagoa,Azores,23,Lagoa,4201,Lagoa (São Miguel),,37.7317,-25.5371,1,lagoa
PT,Portugal,Portugal,9560-041,Lagoa,Azores,23,Lagoa,4201,Lagoa (São Miguel),,37.7317,-25.5371,1,lagoa
PT,Portugal,Portugal,9560-042,Lagoa,Azores,23,Lagoa,4201,Lagoa (São Miguel),,37.7317,-25.5371,1,lagoa
PT,Portugal,Portugal,9560-043,Lagoa,Azores,23,Lagoa,4201,Lagoa (São Miguel),,37.7317,-25.5371,1,lagoa
PT,Portugal,Portugal,9560-044,Lagoa,Azores,23,Lagoa,4201,Lagoa (São Miguel),,37.7317,-25.5371,1,lagoa
PT,Portugal,Portugal,9560-045,Lagoa,Azores,23,Lagoa,4201,Lagoa (São Miguel),,37.7317,-25.5371,1,lagoa
PT,Portugal,Portugal,9560-046,Lagoa,Azores,23,Lagoa,4201,Lagoa (São Miguel),,37.7317,-25.5371,1,lagoa
PT,Portugal,Portugal,9560-047,Lagoa,Azores,23,Lagoa,4201,Lagoa (São Miguel),,37.7317,-25.5371,1,lagoa
PT,Portugal,Portugal,9560-048,Lagoa,Azores,23,Lagoa,4201,Lagoa (São Miguel),,37.7317,-25.5371,1,lagoa
PT,Portugal,Portugal,9560-049,Lagoa,Azores,23,Lagoa,4201,Lagoa (São Miguel),,37.7317,-25.5371,1,lagoa
PT,Portugal,Portugal,9560-050,Lagoa,Azores,23,Lagoa,4201,Lagoa (São Miguel),,37.7317,-25.5371,1,lagoa
PT,Portugal,Portugal,9560-051,Lagoa,Azores,23,Lagoa,4201,Lagoa (São Miguel),,37.7317,-25.5371,1,lagoa
PT,Portugal,Portugal,9560-052,Lagoa,Azores,23,Lagoa,4201,Lagoa (São Miguel),,37.7317,-25.5371,1,lagoa
PT,Portugal,Portugal,9560-053,Lagoa,Azores,23,Lagoa,4201,Lagoa (São Miguel),,37.7317,-25.5371,1,lagoa
PT,Portugal,Portugal,9560-054,Lagoa,Azores,23,Lagoa,4201,Lagoa (São Miguel),,37.7317,-25.5371,1,lagoa
PT,Portugal,Portugal,9560-055,Lagoa,Azores,23,Lagoa,4201,Lagoa (São Miguel),,37.7317,-25.5371,1,lagoa
PT,Portugal,Portugal,9560-056,Lagoa,Azores,23,Lagoa,4201,Lagoa (São Miguel),,37.7317,-25.5371,1,lagoa
PT,Portugal,Portugal,9560-057,Lagoa,Azores,23,Lagoa,4201,Lagoa (São Miguel),,37.7317,-25.5371,1,lagoa
PT,Portugal,Portugal,9560-058,Lagoa,Azores,23,Lagoa,4201,Lagoa (São Miguel),,37.7317,-25.5371,1,lagoa
PT,Portugal,Portugal,9560-059,Lagoa,Azores,23,Lagoa,4201,Lagoa (São Miguel),,37.7317,-25.5371,1,lagoa
PT,Portugal,Portugal,9560-060,Lagoa,Azores,23,Lagoa,4201,Lagoa (São Miguel),,37.7317,-25.5371,1,lagoa
PT,Portugal,Portugal,9560-061,Lagoa,Azores,23,Lagoa,4201,Lagoa (São Miguel),,37.7317,-25.5371,1,lagoa
PT,Portugal,Portugal,9560-062,Lagoa,Azores,23,Lagoa,4201,Lagoa (São Miguel),,37.7317,-25.5371,1,lagoa
PT,Portugal,Portugal,9560-063,Lagoa,Azores,23,Lagoa,4201,Lagoa (São Miguel),,37.7317,-25.5371,1,lagoa
PT,Portugal,Portugal,9560-064,Lagoa,Azores,23,Lagoa,4201,Lagoa (São Miguel),,37.7317,-25.5371,1,lagoa
PT,Portugal,Portugal,9560-065,Lagoa,Azores,23,Lagoa,4201,Lagoa (São Miguel),,37.7317,-25.5371,1,lagoa
PT,Portugal,Portugal,9560-067,Lagoa,Azores,23,Lagoa,4201,Lagoa (São Miguel),,37.7317,-25.5371,1,lagoa
PT,Portugal,Portugal,9560-068,Lagoa,Azores,23,Lagoa,4201,Lagoa (São Miguel),,37.7317,-25.5371,1,lagoa
PT,Portugal,Portugal,9560-069,Lagoa,Azores,23,Lagoa,4201,Lagoa (São Miguel),,37.7317,-25.5371,1,lagoa
PT,Portugal,Portugal,9560-070,Lagoa,Azores,23,Lagoa,4201,Lagoa (São Miguel),,37.7317,-25.5371,1,lagoa
PT,Portugal,Portugal,9560-071,Lagoa,Azores,23,Lagoa,4201,Lagoa (São Miguel),,37.7317,-25.5371,1,lagoa
PT,Portugal,Portugal,9560-073,Lagoa,Azores,23,Lagoa,4201,Lagoa (São Miguel),,37.7317,-25.5371,1,lagoa
PT,Portugal,Portugal,9560-074,Lagoa,Azores,23,Lagoa,4201,Lagoa (São Miguel),,37.7317,-25.5371,1,lagoa
PT,Portugal,Portugal,9560-075,Lagoa,Azores,23,Lagoa,4201,Lagoa (São Miguel),,37.7317,-25.5371,1,lagoa
PT,Portugal,Portugal,9560-077,Lagoa,Azores,23,Lagoa,4201,Lagoa (São Miguel),,37.7317,-25.5371,1,lagoa
PT,Portugal,Portugal,9560-078,Lagoa,Azores,23,Lagoa,4201,Lagoa (São Miguel),,37.7317,-25.5371,1,lagoa
PT,Portugal,Portugal,9560-079,Lagoa,Azores,23,Lagoa,4201,Lagoa (São Miguel),,37.7317,-25.5371,1,lagoa
PT,Portugal,Portugal,9560-080,Lagoa,Azores,23,Lagoa,4201,Lagoa (São Miguel),,37.7317,-25.5371,1,lagoa
PT,Portugal,Portugal,9560-081,Lagoa,Azores,23,Lagoa,4201,Lagoa (São Miguel),,37.7317,-25.5371,1,lagoa
PT,Portugal,Portugal,9560-082,Lagoa,Azores,23,Lagoa,4201,Lagoa (São Miguel),,37.7317,-25.5371,1,lagoa
PT,Portugal,Portugal,9560-083,Lagoa,Azores,23,Lagoa,4201,Lagoa (São Miguel),,37.7317,-25.5371,1,lagoa
PT,Portugal,Portugal,9560-084,Lagoa,Azores,23,Lagoa,4201,Lagoa (São Miguel),,37.7317,-25.5371,1,lagoa
PT,Portugal,Portugal,9560-085,Lagoa,Azores,23,Lagoa,4201,Lagoa (São Miguel),,37.7317,-25.5371,1,lagoa
PT,Portugal,Portugal,9560-086,Lagoa,Azores,23,Lagoa,4201,Lagoa (São Miguel),,37.7317,-25.5371,1,lagoa
PT,Portugal,Portugal,9560-087,Lagoa,Azores,23,Lagoa,4201,Lagoa (São Miguel),,37.7317,-25.5371,1,lagoa
PT,Portugal,Portugal,9560-088,Lagoa,Azores,23,Lagoa,4201,Lagoa (São Miguel),,37.7317,-25.5371,1,lagoa
PT,Portugal,Portugal,9560-089,Lagoa,Azores,23,Lagoa,4201,Lagoa (São Miguel),,37.7317,-25.5371,1,lagoa
PT,Portugal,Portugal,9560-090,Lagoa,Azores,23,Lagoa,4201,Lagoa (São Miguel),,37.7317,-25.5371,1,lagoa
PT,Portugal,Portugal,9560-091,Lagoa,Azores,23,Lagoa,4201,Lagoa (São Miguel),,37.7317,-25.5371,1,lagoa
PT,Portugal,Portugal,9560-093,Lagoa,Azores,23,Lagoa,4201,Lagoa (São Miguel),,37.7317,-25.5371,1,lagoa
PT,Portugal,Portugal,9560-094,Lagoa,Azores,23,Lagoa,4201,Lagoa (São Miguel),,37.7317,-25.5371,1,lagoa
PT,Portugal,Portugal,9560-095,Lagoa,Azores,23,Lagoa,4201,Lagoa (São Miguel),,37.7317,-25.5371,1,lagoa
PT,Portugal,Portugal,9560-096,Lagoa,Azores,23,Lagoa,4201,Lagoa (São Miguel),,37.7317,-25.5371,1,lagoa
PT,Portugal,Portugal,9560-097,Lagoa,Azores,23,Lagoa,4201,Lagoa (São Miguel),,37.7317,-25.5371,1,lagoa
PT,Portugal,Portugal,9560-098,Lagoa,Azores,23,Lagoa,4201,Lagoa (São Miguel),,37.7317,-25.5371,1,lagoa
PT,Portugal,Portugal,9560-099,Lagoa,Azores,23,Lagoa,4201,Lagoa (São Miguel),,37.7317,-25.5371,1,lagoa
PT,Portugal,Portugal,9560-100,Lagoa,Azores,23,Lagoa,4201,Lagoa (São Miguel),,37.7333,-25.5833,1,lagoa
PT,Portugal,Portugal,9560-101,Lagoa,Azores,23,Lagoa,4201,Lagoa (São Miguel),,37.7333,-25.5833,1,lagoa
PT,Portugal,Portugal,9560-102,Lagoa,Azores,23,Lagoa,4201,Lagoa (São Miguel),,37.7333,-25.5833,1,lagoa
PT,Portugal,Portugal,9560-103,Lagoa,Azores,23,Lagoa,4201,Lagoa (São Miguel),,37.7333,-25.5833,1,lagoa
PT,Portugal,Portugal,9560-104,Lagoa,Azores,23,Lagoa,4201,Lagoa (São Miguel),,37.7333,-25.5833,1,lagoa
PT,Portugal,Portugal,9560-105,Lagoa,Azores,23,Lagoa,4201,Lagoa (São Miguel),,37.7333,-25.5833,1,lagoa
PT,Portugal,Portugal,9560-106,Lagoa,Azores,23,Lagoa,4201,Lagoa (São Miguel),,37.7333,-25.5833,1,lagoa
PT,Portugal,Portugal,9560-107,Lagoa,Azores,23,Lagoa,4201,Lagoa (São Miguel),,37.7333,-25.5833,1,lagoa
PT,Portugal,Portugal,9560-108,Lagoa,Azores,23,Lagoa,4201,Lagoa (São Miguel),,37.7333,-25.5833,1,lagoa
PT,Portugal,Portugal,9560-109,Lagoa,Azores,23,Lagoa,4201,Lagoa (São Miguel),,37.7333,-25.5833,1,lagoa
PT,Portugal,Portugal,9560-110,Lagoa,Azores,23,Lagoa,4201,Lagoa (São Miguel),,37.7333,-25.5833,1,lagoa
PT,Portugal,Portugal,9560-111,Lagoa,Azores,23,Lagoa,4201,Lagoa (São Miguel),,37.7333,-25.5833,1,lagoa
PT,Portugal,Portugal,9560-112,Lagoa,Azores,23,Lagoa,4201,Lagoa (São Miguel),,37.7333,-25.5833,1,lagoa
PT,Portugal,Portugal,9560-114,Lagoa,Azores,23,Lagoa,4201,Lagoa (São Miguel),,37.7333,-25.5833,1,lagoa
PT,Portugal,Portugal,9560-115,Lagoa,Azores,23,Lagoa,4201,Lagoa (São Miguel),,37.7333,-25.5833,1,lagoa
PT,Portugal,Portugal,9560-116,Lagoa,Azores,23,Lagoa,4201,Lagoa (São Miguel),,37.7333,-25.5833,1,lagoa
PT,Portugal,Portugal,9560-117,Lagoa,Azores,23,Lagoa,4201,Lagoa (São Miguel),,37.7333,-25.5833,1,lagoa
PT,Portugal,Portugal,9560-118,Lagoa,Azores,23,Lagoa,4201,Lagoa (São Miguel),,37.7333,-25.5833,1,lagoa
PT,Portugal,Portugal,9560-119,Lagoa,Azores,23,Lagoa,4201,Lagoa (São Miguel),,37.7333,-25.5833,1,lagoa
PT,Portugal,Portugal,9560-120,Lagoa,Azores,23,Lagoa,4201,Lagoa (São Miguel),,37.7333,-25.5833,1,lagoa
PT,Portugal,Portugal,9560-121,Lagoa,Azores,23,Lagoa,4201,Lagoa (São Miguel),,37.7333,-25.5833,1,lagoa
PT,Portugal,Portugal,9560-122,Lagoa,Azores,23,Lagoa,4201,Lagoa (São Miguel),,37.7333,-25.5833,1,lagoa
PT,Portugal,Portugal,9560-123,Lagoa,Azores,23,Lagoa,4201,Lagoa (São Miguel),,37.7333,-25.5833,1,lagoa
PT,Portugal,Portugal,9560-124,Lagoa,Azores,23,Lagoa,4201,Lagoa (São Miguel),,37.7333,-25.5833,1,lagoa
PT,Portugal,Portugal,9560-125,Lagoa,Azores,23,Lagoa,4201,Lagoa (São Miguel),,37.7333,-25.5833,1,lagoa
PT,Portugal,Portugal,9560-127,Lagoa,Azores,23,Lagoa,4201,Lagoa (São Miguel),,37.7333,-25.5833,1,lagoa
PT,Portugal,Portugal,9560-128,Lagoa,Azores,23,Lagoa,4201,Lagoa (São Miguel),,37.7333,-25.5833,1,lagoa
PT,Portugal,Portugal,9560-129,Lagoa,Azores,23,Lagoa,4201,Lagoa (São Miguel),,37.7333,-25.5833,1,lagoa
PT,Portugal,Portugal,9560-130,Lagoa,Azores,23,Lagoa,4201,Lagoa (São Miguel),,37.7333,-25.5833,1,lagoa
PT,Portugal,Portugal,9560-131,Lagoa,Azores,23,Lagoa,4201,Lagoa (São Miguel),,37.7333,-25.5833,1,lagoa
PT,Portugal,Portugal,9560-132,Lagoa,Azores,23,Lagoa,4201,Lagoa (São Miguel),,37.7333,-25.5833,1,lagoa
PT,Portugal,Portugal,9560-134,Lagoa,Azores,23,Lagoa,4201,Lagoa (São Miguel),,37.7333,-25.5833,1,lagoa
PT,Portugal,Portugal,9560-135,Lagoa,Azores,23,Lagoa,4201,Lagoa (São Miguel),,37.7333,-25.5833,1,lagoa
PT,Portugal,Portugal,9560-136,Lagoa,Azores,23,Lagoa,4201,Lagoa (São Miguel),,37.7333,-25.5833,1,lagoa
PT,Portugal,Portugal,9560-138,Lagoa,Azores,23,Lagoa,4201,Lagoa (São Miguel),,37.7333,-25.5833,1,lagoa
PT,Portugal,Portugal,9560-139,Lagoa,Azores,23,Lagoa,4201,Lagoa (São Miguel),,37.7333,-25.5833,1,lagoa
PT,Portugal,Portugal,9560-140,Lagoa,Azores,23,Lagoa,4201,Lagoa (São Miguel),,37.7333,-25.5833,1,lagoa
PT,Portugal,Portugal,9560-141,Lagoa,Azores,23,Lagoa,4201,Lagoa (São Miguel),,37.7333,-25.5833,3,lagoa
PT,Portugal,Portugal,9560-141,Atalhada,Azores,23,Lagoa,4201,Lagoa (São Miguel),,37.7333,-25.5833,4,atalhada
PT,Portugal,Portugal,9560-142,Lagoa,Azores,23,Lagoa,4201,Lagoa (São Miguel),,37.7333,-25.5833,1,lagoa
PT,Portugal,Portugal,9560-143,Lagoa,Azores,23,Lagoa,4201,Lagoa (São Miguel),,37.7333,-25.5833,1,lagoa
PT,Portugal,Portugal,9560-144,Lagoa,Azores,23,Lagoa,4201,Lagoa (São Miguel),,37.7333,-25.5833,1,lagoa
PT,Portugal,Portugal,9560-145,Lagoa,Azores,23,Lagoa,4201,Lagoa (São Miguel),,37.7333,-25.5833,1,lagoa
PT,Portugal,Portugal,9560-146,Lagoa,Azores,23,Lagoa,4201,Lagoa (São Miguel),,37.7333,-25.5833,1,lagoa
PT,Portugal,Portugal,9560-147,Lagoa,Azores,23,Lagoa,4201,Lagoa (São Miguel),,37.7333,-25.5833,1,lagoa
PT,Portugal,Portugal,9560-148,Lagoa,Azores,23,Lagoa,4201,Lagoa (São Miguel),,37.7333,-25.5833,1,lagoa
PT,Portugal,Portugal,9560-149,Lagoa,Azores,23,Lagoa,4201,Lagoa (São Miguel),,37.7333,-25.5833,1,lagoa
PT,Portugal,Portugal,9560-201,Água de Pau,Azores,23,Lagoa,4201,Água De Pau,420101,37.7167,-25.5167,4,agua-de-pau
PT,Portugal,Portugal,9560-202,Água de Pau,Azores,23,Lagoa,4201,Água De Pau,420101,37.7167,-25.5167,4,agua-de-pau
PT,Portugal,Portugal,9560-203,Água de Pau,Azores,23,Lagoa,4201,Água De Pau,420101,37.7167,-25.5167,4,agua-de-pau
PT,Portugal,Portugal,9560-204,Água de Pau,Azores,23,Lagoa,4201,Água De Pau,420101,37.7167,-25.5167,4,agua-de-pau
PT,Portugal,Portugal,9560-205,Água de Pau,Azores,23,Lagoa,4201,Água De Pau,420101,37.7167,-25.5167,4,agua-de-pau
PT,Portugal,Portugal,9560-206,Água de Pau,Azores,23,Lagoa,4201,Água De Pau,420101,37.7167,-25.5167,4,agua-de-pau
PT,Portugal,Portugal,9560-208,Água de Pau,Azores,23,Lagoa,4201,Água De Pau,420101,37.7167,-25.5167,4,agua-de-pau
PT,Portugal,Portugal,9560-209,Água de Pau,Azores,23,Lagoa,4201,Água De Pau,420101,37.7167,-25.5167,4,agua-de-pau
PT,Portugal,Portugal,9560-210,Água de Pau,Azores,23,Lagoa,4201,Água De Pau,420101,37.7167,-25.5167,4,agua-de-pau
PT,Portugal,Portugal,9560-211,Água de Pau,Azores,23,Lagoa,4201,Água De Pau,420101,37.7167,-25.5167,4,agua-de-pau
PT,Portugal,Portugal,9560-212,Água de Pau,Azores,23,Lagoa,4201,Água De Pau,420101,37.7167,-25.5167,4,agua-de-pau
PT,Portugal,Portugal,9560-213,Água de Pau,Azores,23,Lagoa,4201,Água De Pau,420101,37.7167,-25.5167,4,agua-de-pau
PT,Portugal,Portugal,9560-214,Água de Pau,Azores,23,Lagoa,4201,Água De Pau,420101,37.7167,-25.5167,4,agua-de-pau
PT,Portugal,Portugal,9560-215,Água de Pau,Azores,23,Lagoa,4201,Água De Pau,420101,37.7167,-25.5167,4,agua-de-pau
PT,Portugal,Portugal,9560-216,Água de Pau,Azores,23,Lagoa,4201,Água De Pau,420101,37.7167,-25.5167,4,agua-de-pau
PT,Portugal,Portugal,9560-217,Água de Pau,Azores,23,Lagoa,4201,Água De Pau,420101,37.7167,-25.5167,4,agua-de-pau
PT,Portugal,Portugal,9560-218,Água de Pau,Azores,23,Lagoa,4201,Água De Pau,420101,37.7167,-25.5167,4,agua-de-pau
PT,Portugal,Portugal,9560-219,Água de Pau,Azores,23,Lagoa,4201,Água De Pau,420101,37.7167,-25.5167,4,agua-de-pau
PT,Portugal,Portugal,9560-220,Água de Pau,Azores,23,Lagoa,4201,Água De Pau,420101,37.7167,-25.5167,4,agua-de-pau
PT,Portugal,Portugal,9560-221,Água de Pau,Azores,23,Lagoa,4201,Água De Pau,420101,37.7167,-25.5167,4,agua-de-pau
PT,Portugal,Portugal,9560-222,Água de Pau,Azores,23,Lagoa,4201,Água De Pau,420101,37.7167,-25.5167,4,agua-de-pau
PT,Portugal,Portugal,9560-223,Água de Pau,Azores,23,Lagoa,4201,Água De Pau,420101,37.7167,-25.5167,4,agua-de-pau
PT,Portugal,Portugal,9560-224,Água de Pau,Azores,23,Lagoa,4201,Água De Pau,420101,37.7167,-25.5167,4,agua-de-pau
PT,Portugal,Portugal,9560-225,Água de Pau,Azores,23,Lagoa,4201,Água De Pau,420101,37.7167,-25.5167,4,agua-de-pau
PT,Portugal,Portugal,9560-226,Água de Pau,Azores,23,Lagoa,4201,Água De Pau,420101,37.7167,-25.5167,4,agua-de-pau
PT,Portugal,Portugal,9560-227,Água de Pau,Azores,23,Lagoa,4201,Água De Pau,420101,37.7167,-25.5167,4,agua-de-pau
PT,Portugal,Portugal,9560-228,Água de Pau,Azores,23,Lagoa,4201,Água De Pau,420101,37.7167,-25.5167,4,agua-de-pau
PT,Portugal,Portugal,9560-229,Água de Pau,Azores,23,Lagoa,4201,Água De Pau,420101,37.7167,-25.5167,4,agua-de-pau
PT,Portugal,Portugal,9560-230,Água de Pau,Azores,23,Lagoa,4201,Água De Pau,420101,37.7167,-25.5167,4,agua-de-pau
PT,Portugal,Portugal,9560-231,Água de Pau,Azores,23,Lagoa,4201,Água De Pau,420101,37.7167,-25.5167,4,agua-de-pau
PT,Portugal,Portugal,9560-232,Água de Pau,Azores,23,Lagoa,4201,Água De Pau,420101,37.7167,-25.5167,4,agua-de-pau
PT,Portugal,Portugal,9560-233,Água de Pau,Azores,23,Lagoa,4201,Água De Pau,420101,37.7167,-25.5167,4,agua-de-pau
PT,Portugal,Portugal,9560-234,Água de Pau,Azores,23,Lagoa,4201,Água De Pau,420101,37.7167,-25.5167,4,agua-de-pau
PT,Portugal,Portugal,9560-235,Água de Pau,Azores,23,Lagoa,4201,Água De Pau,420101,37.7167,-25.5167,4,agua-de-pau
PT,Portugal,Portugal,9560-236,Água de Pau,Azores,23,Lagoa,4201,Água De Pau,420101,37.7167,-25.5167,4,agua-de-pau
PT,Portugal,Portugal,9560-237,Água de Pau,Azores,23,Lagoa,4201,Água De Pau,420101,37.7167,-25.5167,4,agua-de-pau
PT,Portugal,Portugal,9560-238,Água de Pau,Azores,23,Lagoa,4201,Água De Pau,420101,37.7167,-25.5167,4,agua-de-pau
PT,Portugal,Portugal,9560-239,Água de Pau,Azores,23,Lagoa,4201,Água De Pau,420101,37.7167,-25.5167,4,agua-de-pau
PT,Portugal,Portugal,9560-240,Água de Pau,Azores,23,Lagoa,4201,Água De Pau,420101,37.7167,-25.5167,4,agua-de-pau
PT,Portugal,Portugal,9560-241,Água de Pau,Azores,23,Lagoa,4201,Água De Pau,420101,37.7167,-25.5167,4,agua-de-pau
PT,Portugal,Portugal,9560-242,Água de Pau,Azores,23,Lagoa,4201,Água De Pau,420101,37.7167,-25.5167,4,agua-de-pau
PT,Portugal,Portugal,9560-243,Água de Pau,Azores,23,Lagoa,4201,Água De Pau,420101,37.7167,-25.5167,4,agua-de-pau
PT,Portugal,Portugal,9560-244,Água de Pau,Azores,23,Lagoa,4201,Água De Pau,420101,37.7167,-25.5167,4,agua-de-pau
PT,Portugal,Portugal,9560-246,Água de Pau,Azores,23,Lagoa,4201,Água De Pau,420101,37.7167,-25.5167,4,agua-de-pau
PT,Portugal,Portugal,9560-270,Água de Pau,Azores,23,Lagoa,4201,Água De Pau,420101,37.7167,-25.5167,4,agua-de-pau
PT,Portugal,Portugal,9560-280,Água de Pau,Azores,23,Lagoa,4201,Água De Pau,420101,37.7167,-25.5167,4,agua-de-pau
PT,Portugal,Portugal,9560-281,Água de Pau,Azores,23,Lagoa,4201,Água De Pau,420101,37.7167,-25.5167,4,agua-de-pau
PT,Portugal,Portugal,9560-290,Lagoa,Azores,23,Lagoa,4201,Lagoa (São Miguel),,37.7167,-25.5167,1,lagoa
PT,Portugal,Portugal,9560-301,Cabouco,Azores,23,Lagoa,4201,Cabouco,420102,37.7667,-25.5667,4,cabouco
PT,Portugal,Portugal,9560-302,Cabouco,Azores,23,Lagoa,4201,Cabouco,420102,37.7667,-25.5667,4,cabouco
PT,Portugal,Portugal,9560-303,Cabouco,Azores,23,Lagoa,4201,Cabouco,420102,37.7667,-25.5667,4,cabouco
PT,Portugal,Portugal,9560-304,Cabouco,Azores,23,Lagoa,4201,Cabouco,420102,37.7667,-25.5667,4,cabouco
PT,Portugal,Portugal,9560-305,Cabouco,Azores,23,Lagoa,4201,Cabouco,420102,37.7667,-25.5667,4,cabouco
PT,Portugal,Portugal,9560-306,Cabouco,Azores,23,Lagoa,4201,Cabouco,420102,37.7667,-25.5667,4,cabouco
PT,Portugal,Portugal,9560-307,Cabouco,Azores,23,Lagoa,4201,Cabouco,420102,37.7667,-25.5667,4,cabouco
PT,Portugal,Portugal,9560-308,Cabouco,Azores,23,Lagoa,4201,Cabouco,420102,37.7667,-25.5667,4,cabouco
PT,Portugal,Portugal,9560-309,Cabouco,Azores,23,Lagoa,4201,Cabouco,420102,37.7667,-25.5667,4,cabouco
PT,Portugal,Portugal,9560-311,Cabouco,Azores,23,Lagoa,4201,Cabouco,420102,37.7667,-25.5667,4,cabouco
PT,Portugal,Portugal,9560-312,Cabouco,Azores,23,Lagoa,4201,Cabouco,420102,37.7667,-25.5667,4,cabouco
PT,Portugal,Portugal,9560-313,Cabouco,Azores,23,Lagoa,4201,Cabouco,420102,37.7667,-25.5667,4,cabouco
PT,Portugal,Portugal,9560-314,Cabouco,Azores,23,Lagoa,4201,Cabouco,420102,37.7667,-25.5667,4,cabouco
PT,Portugal,Portugal,9560-340,Lagoa,Azores,23,Lagoa,4201,Lagoa (São Miguel),,37.7667,-25.5667,1,lagoa
PT,Portugal,Portugal,9560-350,Cabouco,Azores,23,Lagoa,4201,Cabouco,420102,37.7667,-25.5667,4,cabouco
PT,Portugal,Portugal,9560-360,Cabouco,Azores,23,Lagoa,4201,Cabouco,420102,37.7667,-25.5667,4,cabouco
PT,Portugal,Portugal,9560-400,Lagoa,Azores,23,Lagoa,4201,Lagoa (São Miguel),,37.7333,-25.5833,1,lagoa
PT,Portugal,Portugal,9560-401,Atalhada,Azores,23,Lagoa,4201,Lagoa (São Miguel),,37.7333,-25.5833,4,atalhada
PT,Portugal,Portugal,9560-402,Atalhada,Azores,23,Lagoa,4201,Lagoa (São Miguel),,37.7333,-25.5833,4,atalhada
PT,Portugal,Portugal,9560-403,Atalhada,Azores,23,Lagoa,4201,Lagoa (São Miguel),,37.7333,-25.5833,4,atalhada
PT,Portugal,Portugal,9560-404,Atalhada,Azores,23,Lagoa,4201,Lagoa (São Miguel),,37.7333,-25.5833,4,atalhada
PT,Portugal,Portugal,9560-405,Atalhada,Azores,23,Lagoa,4201,Lagoa (São Miguel),,37.7333,-25.5833,4,atalhada
PT,Portugal,Portugal,9560-406,Atalhada,Azores,23,Lagoa,4201,Lagoa (São Miguel),,37.7333,-25.5833,4,atalhada
PT,Portugal,Portugal,9560-406,Lagoa,Azores,23,Lagoa,4201,Lagoa (São Miguel),,37.7333,-25.5833,3,lagoa
PT,Portugal,Portugal,9560-407,Atalhada,Azores,23,Lagoa,4201,Lagoa (São Miguel),,37.7333,-25.5833,4,atalhada
PT,Portugal,Portugal,9560-408,Atalhada,Azores,23,Lagoa,4201,Lagoa (São Miguel),,37.7333,-25.5833,4,atalhada
PT,Portugal,Portugal,9560-409,Atalhada,Azores,23,Lagoa,4201,Lagoa (São Miguel),,37.7333,-25.5833,4,atalhada
PT,Portugal,Portugal,9560-410,Atalhada,Azores,23,Lagoa,4201,Lagoa (São Miguel),,37.7333,-25.5833,4,atalhada
PT,Portugal,Portugal,9560-411,Atalhada,Azores,23,Lagoa,4201,Lagoa (São Miguel),,37.7333,-25.5833,4,atalhada
PT,Portugal,Portugal,9560-412,Atalhada,Azores,23,Lagoa,4201,Lagoa (São Miguel),,37.7333,-25.5833,4,atalhada
PT,Portugal,Portugal,9560-413,Atalhada,Azores,23,Lagoa,4201,Lagoa (São Miguel),,37.7333,-25.5833,4,atalhada
PT,Portugal,Portugal,9560-414,Atalhada,Azores,23,Lagoa,4201,Lagoa (São Miguel),,37.7333,-25.5833,4,atalhada
PT,Portugal,Portugal,9560-415,Atalhada,Azores,23,Lagoa,4201,Lagoa (São Miguel),,37.7333,-25.5833,4,atalhada
PT,Portugal,Portugal,9560-416,Atalhada,Azores,23,Lagoa,4201,Lagoa (São Miguel),,37.7333,-25.5833,4,atalhada
PT,Portugal,Portugal,9560-417,Atalhada,Azores,23,Lagoa,4201,Lagoa (São Miguel),,37.7333,-25.5833,4,atalhada
PT,Portugal,Portugal,9560-418,Atalhada,Azores,23,Lagoa,4201,Lagoa (São Miguel),,37.7333,-25.5833,4,atalhada
PT,Portugal,Portugal,9560-419,Atalhada,Azores,23,Lagoa,4201,Lagoa (São Miguel),,37.7333,-25.5833,4,atalhada
PT,Portugal,Portugal,9560-420,Lagoa,Azores,23,Lagoa,4201,Lagoa (São Miguel),,37.7333,-25.5833,3,lagoa
PT,Portugal,Portugal,9560-420,Atalhada,Azores,23,Lagoa,4201,Lagoa (São Miguel),,37.7333,-25.5833,4,atalhada
PT,Portugal,Portugal,9560-421,Lagoa,Azores,23,Lagoa,4201,Lagoa (São Miguel),,37.7333,-25.5833,1,lagoa
PT,Portugal,Portugal,9560-450,Lagoa,Azores,23,Lagoa,4201,Lagoa (São Miguel),,37.7333,-25.5833,3,lagoa
PT,Portugal,Portugal,9560-450,Atalhada,Azores,23,Lagoa,4201,Lagoa (São Miguel),,37.7333,-25.5833,4,atalhada
PT,Portugal,Portugal,9560-501,Remédios,Azores,23,Lagoa,4201,Lagoa (São Miguel),,37.75,-25.5333,4,remedios
PT,Portugal,Portugal,9560-502,Lagoa,Azores,23,Lagoa,4201,Lagoa (São Miguel),,37.75,-25.5333,1,lagoa
PT,Portugal,Portugal,9560-503,Lagoa,Azores,23,Lagoa,4201,Lagoa (São Miguel),,37.75,-25.5333,1,lagoa
PT,Portugal,Portugal,9560-550,Ribeira Chã,Azores,23,Lagoa,4201,Ribeira Chã,420105,37.7167,-25.4833,4,ribeira-cha
PT,Portugal,Portugal,9560-551,Ribeira Chã,Azores,23,Lagoa,4201,Ribeira Chã,420105,37.7167,-25.4833,4,ribeira-cha
PT,Portugal,Portugal,9560-552,Ribeira Chã,Azores,23,Lagoa,4201,Ribeira Chã,420105,37.7167,-25.4833,4,ribeira-cha
PT,Portugal,Portugal,9560-998,Água de Pau,Azores,23,Lagoa,4201,Água De Pau,420101,37.7167,-25.5167,4,agua-de-pau
PT,Portugal,Portugal,9560-999,Lagoa,Azores,23,Lagoa,4201,Lagoa (São Miguel),,37.7167,-25.5167,1,lagoa
PT,Portugal,Portugal,9630-011,Achada,Azores,23,Nordeste,4202,Achada,420201,37.85,-25.2667,4,achada
PT,Portugal,Portugal,9630-012,Achada,Azores,23,Nordeste,4202,Achada,420201,37.85,-25.2667,4,achada
PT,Portugal,Portugal,9630-013,Achada,Azores,23,Nordeste,4202,Achada,420201,37.85,-25.2667,4,achada
PT,Portugal,Portugal,9630-014,Achada,Azores,23,Nordeste,4202,Achada,420201,37.85,-25.2667,4,achada
PT,Portugal,Portugal,9630-015,Achada,Azores,23,Nordeste,4202,Achada,420201,37.85,-25.2667,4,achada
PT,Portugal,Portugal,9630-016,Achada,Azores,23,Nordeste,4202,Achada,420201,37.85,-25.2667,4,achada
PT,Portugal,Portugal,9630-017,Achada,Azores,23,Nordeste,4202,Achada,420201,37.85,-25.2667,4,achada
PT,Portugal,Portugal,9630-018,Achada,Azores,23,Nordeste,4202,Achada,420201,37.85,-25.2667,4,achada
PT,Portugal,Portugal,9630-019,Achada,Azores,23,Nordeste,4202,Achada,420201,37.85,-25.2667,4,achada
PT,Portugal,Portugal,9630-020,Achada,Azores,23,Nordeste,4202,Achada,420201,37.85,-25.2667,4,achada
PT,Portugal,Portugal,9630-021,Achada,Azores,23,Nordeste,4202,Achada,420201,37.85,-25.2667,4,achada
PT,Portugal,Portugal,9630-022,Achada,Azores,23,Nordeste,4202,Achada,420201,37.85,-25.2667,4,achada
PT,Portugal,Portugal,9630-023,Achada,Azores,23,Nordeste,4202,Achada,420201,37.85,-25.2667,4,achada
PT,Portugal,Portugal,9630-024,Achada,Azores,23,Nordeste,4202,Achada,420201,37.85,-25.2667,4,achada
PT,Portugal,Portugal,9630-041,Achadinha,Azores,23,Nordeste,4202,Achadinha,420202,37.85,-25.2833,4,achadinha
PT,Portugal,Portugal,9630-042,Achadinha,Azores,23,Nordeste,4202,Achadinha,420202,37.85,-25.2833,4,achadinha
PT,Portugal,Portugal,9630-043,Achadinha,Azores,23,Nordeste,4202,Achadinha,420202,37.85,-25.2833,4,achadinha
PT,Portugal,Portugal,9630-044,Achadinha,Azores,23,Nordeste,4202,Achadinha,420202,37.85,-25.2833,4,achadinha
PT,Portugal,Portugal,9630-045,Achadinha,Azores,23,Nordeste,4202,Achadinha,420202,37.85,-25.2833,4,achadinha
PT,Portugal,Portugal,9630-046,Achadinha,Azores,23,Nordeste,4202,Achadinha,420202,37.85,-25.2833,4,achadinha
PT,Portugal,Portugal,9630-047,Achadinha,Azores,23,Nordeste,4202,Achadinha,420202,37.85,-25.2833,4,achadinha
PT,Portugal,Portugal,9630-048,Achadinha,Azores,23,Nordeste,4202,Achadinha,420202,37.85,-25.2833,4,achadinha
PT,Portugal,Portugal,9630-049,Achadinha,Azores,23,Nordeste,4202,Achadinha,420202,37.85,-25.2833,4,achadinha
PT,Portugal,Portugal,9630-050,Achadinha,Azores,23,Nordeste,4202,Achadinha,420202,37.85,-25.2833,4,achadinha
PT,Portugal,Portugal,9630-051,Achadinha,Azores,23,Nordeste,4202,Achadinha,420202,37.85,-25.2833,4,achadinha
PT,Portugal,Portugal,9630-070,São Pedro,Azores,23,Nordeste,4202,São Pedro Nordestinho,,37.85,-25.2741,1,sao-pedro
PT,Portugal,Portugal,9630-081,Lomba da Cruz,Azores,23,Nordeste,4202,Lomba Da Fazenda,420203,37.8257,-25.178,1,lomba-da-cruz
PT,Portugal,Portugal,9630-082,Lomba da Cruz,Azores,23,Nordeste,4202,Lomba Da Fazenda,420203,37.8257,-25.178,1,lomba-da-cruz
PT,Portugal,Portugal,9630-083,Lomba da Cruz,Azores,23,Nordeste,4202,Lomba Da Fazenda,420203,37.8257,-25.178,1,lomba-da-cruz
PT,Portugal,Portugal,9630-084,Lomba da Cruz,Azores,23,Nordeste,4202,Lomba Da Fazenda,420203,37.8257,-25.178,1,lomba-da-cruz
PT,Portugal,Portugal,9630-085,Lomba da Cruz,Azores,23,Nordeste,4202,Lomba Da Fazenda,420203,37.8257,-25.178,1,lomba-da-cruz
PT,Portugal,Portugal,9630-086,Lomba da Cruz,Azores,23,Nordeste,4202,Lomba Da Fazenda,420203,37.8257,-25.178,1,lomba-da-cruz
PT,Portugal,Portugal,9630-087,Lomba da Cruz,Azores,23,Nordeste,4202,Lomba Da Fazenda,420203,37.8257,-25.178,1,lomba-da-cruz
PT,Portugal,Portugal,9630-088,Lomba da Cruz,Azores,23,Nordeste,4202,Lomba Da Fazenda,420203,37.8257,-25.178,1,lomba-da-cruz
PT,Portugal,Portugal,9630-089,Lomba da Cruz,Azores,23,Nordeste,4202,Lomba Da Fazenda,420203,37.8257,-25.178,1,lomba-da-cruz
PT,Portugal,Portugal,9630-090,Lomba da Cruz,Azores,23,Nordeste,4202,Lomba Da Fazenda,420203,37.8257,-25.178,1,lomba-da-cruz
PT,Portugal,Portugal,9630-091,Lomba da Cruz,Azores,23,Nordeste,4202,Lomba Da Fazenda,420203,37.8257,-25.178,1,lomba-da-cruz
PT,Portugal,Portugal,9630-100,Lomba da Fazenda,Azores,23,Nordeste,4202,Lomba Da Fazenda,420203,37.8231,-25.1616,1,lomba-da-fazenda
PT,Portugal,Portugal,9630-101,Lomba da Fazenda,Azores,23,Nordeste,4202,Lomba Da Fazenda,420203,37.8231,-25.1616,1,lomba-da-fazenda
PT,Portugal,Portugal,9630-102,Lomba da Fazenda,Azores,23,Nordeste,4202,Lomba Da Fazenda,420203,37.8231,-25.1616,1,lomba-da-fazenda
PT,Portugal,Portugal,9630-103,Lomba da Fazenda,Azores,23,Nordeste,4202,Lomba Da Fazenda,420203,37.8231,-25.1616,1,lomba-da-fazenda
PT,Portugal,Portugal,9630-104,Lomba da Fazenda,Azores,23,Nordeste,4202,Lomba Da Fazenda,420203,37.8231,-25.1616,1,lomba-da-fazenda
PT,Portugal,Portugal,9630-105,Lomba da Fazenda,Azores,23,Nordeste,4202,Lomba Da Fazenda,420203,37.8231,-25.1616,1,lomba-da-fazenda
PT,Portugal,Portugal,9630-106,Lomba da Fazenda,Azores,23,Nordeste,4202,Lomba Da Fazenda,420203,37.8231,-25.1616,1,lomba-da-fazenda
PT,Portugal,Portugal,9630-107,Lomba da Fazenda,Azores,23,Nordeste,4202,Lomba Da Fazenda,420203,37.8231,-25.1616,1,lomba-da-fazenda
PT,Portugal,Portugal,9630-108,Lomba da Fazenda,Azores,23,Nordeste,4202,Lomba Da Fazenda,420203,37.8231,-25.1616,1,lomba-da-fazenda
PT,Portugal,Portugal,9630-109,Lomba da Fazenda,Azores,23,Nordeste,4202,Lomba Da Fazenda,420203,37.8231,-25.1616,1,lomba-da-fazenda
PT,Portugal,Portugal,9630-110,Lomba da Fazenda,Azores,23,Nordeste,4202,Lomba Da Fazenda,420203,37.8231,-25.1616,1,lomba-da-fazenda
PT,Portugal,Portugal,9630-111,Lomba da Fazenda,Azores,23,Nordeste,4202,Lomba Da Fazenda,420203,37.8231,-25.1616,1,lomba-da-fazenda
PT,Portugal,Portugal,9630-112,Lomba da Fazenda,Azores,23,Nordeste,4202,Lomba Da Fazenda,420203,37.8231,-25.1616,1,lomba-da-fazenda
PT,Portugal,Portugal,9630-113,Lomba da Fazenda,Azores,23,Nordeste,4202,Lomba Da Fazenda,420203,37.8231,-25.1616,1,lomba-da-fazenda
PT,Portugal,Portugal,9630-114,Lomba da Fazenda,Azores,23,Nordeste,4202,Lomba Da Fazenda,420203,37.8231,-25.1616,1,lomba-da-fazenda
PT,Portugal,Portugal,9630-115,Lomba da Fazenda,Azores,23,Nordeste,4202,Lomba Da Fazenda,420203,37.8231,-25.1616,1,lomba-da-fazenda
PT,Portugal,Portugal,9630-116,Lomba da Fazenda,Azores,23,Nordeste,4202,Lomba Da Fazenda,420203,37.8231,-25.1616,1,lomba-da-fazenda
PT,Portugal,Portugal,9630-117,Lomba da Fazenda,Azores,23,Nordeste,4202,Lomba Da Fazenda,420203,37.8231,-25.1616,1,lomba-da-fazenda
PT,Portugal,Portugal,9630-118,Lomba da Fazenda,Azores,23,Nordeste,4202,Lomba Da Fazenda,420203,37.8231,-25.1616,1,lomba-da-fazenda
PT,Portugal,Portugal,9630-119,Lomba da Fazenda,Azores,23,Nordeste,4202,Lomba Da Fazenda,420203,37.8231,-25.1616,1,lomba-da-fazenda
PT,Portugal,Portugal,9630-120,Lomba da Fazenda,Azores,23,Nordeste,4202,Lomba Da Fazenda,420203,37.8231,-25.1616,1,lomba-da-fazenda
PT,Portugal,Portugal,9630-121,Lomba da Fazenda,Azores,23,Nordeste,4202,Lomba Da Fazenda,420203,37.8231,-25.1616,1,lomba-da-fazenda
PT,Portugal,Portugal,9630-122,Lomba da Fazenda,Azores,23,Nordeste,4202,Lomba Da Fazenda,420203,37.8231,-25.1616,1,lomba-da-fazenda
PT,Portugal,Portugal,9630-123,Lomba da Fazenda,Azores,23,Nordeste,4202,Lomba Da Fazenda,420203,37.8231,-25.1616,1,lomba-da-fazenda
PT,Portugal,Portugal,9630-124,Lomba da Fazenda,Azores,23,Nordeste,4202,Lomba Da Fazenda,420203,37.8231,-25.1616,1,lomba-da-fazenda
PT,Portugal,Portugal,9630-125,Lomba da Fazenda,Azores,23,Nordeste,4202,Lomba Da Fazenda,420203,37.8231,-25.1616,1,lomba-da-fazenda
PT,Portugal,Portugal,9630-126,Lomba da Fazenda,Azores,23,Nordeste,4202,Lomba Da Fazenda,420203,37.8231,-25.1616,1,lomba-da-fazenda
PT,Portugal,Portugal,9630-127,Lomba da Fazenda,Azores,23,Nordeste,4202,Lomba Da Fazenda,420203,37.8231,-25.1616,1,lomba-da-fazenda
PT,Portugal,Portugal,9630-128,Lomba da Fazenda,Azores,23,Nordeste,4202,Lomba Da Fazenda,420203,37.8231,-25.1616,1,lomba-da-fazenda
PT,Portugal,Portugal,9630-129,Lomba da Fazenda,Azores,23,Nordeste,4202,Lomba Da Fazenda,420203,37.8231,-25.1616,1,lomba-da-fazenda
PT,Portugal,Portugal,9630-141,Nordeste,Azores,23,Nordeste,4202,Nordeste,420204,37.8026,-25.1617,4,nordeste
PT,Portugal,Portugal,9630-142,Nordeste,Azores,23,Nordeste,4202,Nordeste,420204,37.8026,-25.1617,4,nordeste
PT,Portugal,Portugal,9630-143,Nordeste,Azores,23,Nordeste,4202,Nordeste,420204,37.8026,-25.1617,4,nordeste
PT,Portugal,Portugal,9630-144,Nordeste,Azores,23,Nordeste,4202,Nordeste,420204,37.8026,-25.1617,4,nordeste
PT,Portugal,Portugal,9630-145,Nordeste,Azores,23,Nordeste,4202,Nordeste,420204,37.8026,-25.1617,4,nordeste
PT,Portugal,Portugal,9630-147,Nordeste,Azores,23,Nordeste,4202,Nordeste,420204,37.8026,-25.1617,4,nordeste
PT,Portugal,Portugal,9630-149,Nordeste,Azores,23,Nordeste,4202,Nordeste,420204,37.8026,-25.1617,4,nordeste
PT,Portugal,Portugal,9630-150,Nordeste,Azores,23,Nordeste,4202,Nordeste,420204,37.8026,-25.1617,4,nordeste
PT,Portugal,Portugal,9630-151,Nordeste,Azores,23,Nordeste,4202,Nordeste,420204,37.8026,-25.1617,4,nordeste
PT,Portugal,Portugal,9630-152,Nordeste,Azores,23,Nordeste,4202,Nordeste,420204,37.8026,-25.1617,4,nordeste
PT,Portugal,Portugal,9630-153,Nordeste,Azores,23,Nordeste,4202,Nordeste,420204,37.8026,-25.1617,4,nordeste
PT,Portugal,Portugal,9630-154,Nordeste,Azores,23,Nordeste,4202,Nordeste,420204,37.8026,-25.1617,4,nordeste
PT,Portugal,Portugal,9630-155,Nordeste,Azores,23,Nordeste,4202,Nordeste,420204,37.8026,-25.1617,4,nordeste
PT,Portugal,Portugal,9630-156,Nordeste,Azores,23,Nordeste,4202,Nordeste,420204,37.8026,-25.1617,4,nordeste
PT,Portugal,Portugal,9630-157,Nordeste,Azores,23,Nordeste,4202,Nordeste,420204,37.8026,-25.1617,4,nordeste
PT,Portugal,Portugal,9630-158,Nordeste,Azores,23,Nordeste,4202,Nordeste,420204,37.8026,-25.1617,4,nordeste
PT,Portugal,Portugal,9630-159,Pedreira,Azores,23,Nordeste,4202,Nordeste,420204,37.8,-25.15,4,pedreira
PT,Portugal,Portugal,9630-160,Nordeste,Azores,23,Nordeste,4202,Nordeste,420204,37.8026,-25.1617,4,nordeste
PT,Portugal,Portugal,9630-161,Nordeste,Azores,23,Nordeste,4202,Nordeste,420204,37.8026,-25.1617,4,nordeste
PT,Portugal,Portugal,9630-162,Nordeste,Azores,23,Nordeste,4202,Nordeste,420204,37.8026,-25.1617,4,nordeste
PT,Portugal,Portugal,9630-163,Nordeste,Azores,23,Nordeste,4202,Nordeste,420204,37.8026,-25.1617,4,nordeste
PT,Portugal,Portugal,9630-164,Nordeste,Azores,23,Nordeste,4202,Nordeste,420204,37.8026,-25.1617,4,nordeste
PT,Portugal,Portugal,9630-165,Nordeste,Azores,23,Nordeste,4202,Nordeste,420204,37.8026,-25.1617,4,nordeste
PT,Portugal,Portugal,9630-166,Nordeste,Azores,23,Nordeste,4202,Nordeste,420204,37.8026,-25.1617,4,nordeste
PT,Portugal,Portugal,9630-167,Nordeste,Azores,23,Nordeste,4202,Nordeste,420204,37.8026,-25.1617,4,nordeste
PT,Portugal,Portugal,9630-168,Nordeste,Azores,23,Nordeste,4202,Nordeste,420204,37.8026,-25.1617,4,nordeste
PT,Portugal,Portugal,9630-169,Nordeste,Azores,23,Nordeste,4202,Nordeste,420204,37.8026,-25.1617,4,nordeste
PT,Portugal,Portugal,9630-170,Nordeste,Azores,23,Nordeste,4202,Nordeste,420204,37.8026,-25.1617,4,nordeste
PT,Portugal,Portugal,9630-171,Nordeste,Azores,23,Nordeste,4202,Nordeste,420204,37.8026,-25.1617,4,nordeste
PT,Portugal,Portugal,9630-172,Nordeste,Azores,23,Nordeste,4202,Nordeste,420204,37.8026,-25.1617,4,nordeste
PT,Portugal,Portugal,9630-173,Nordeste,Azores,23,Nordeste,4202,Nordeste,420204,37.8026,-25.1617,4,nordeste
PT,Portugal,Portugal,9630-174,Nordeste,Azores,23,Nordeste,4202,Nordeste,420204,37.8026,-25.1617,4,nordeste
PT,Portugal,Portugal,9630-175,Nordeste,Azores,23,Nordeste,4202,Nordeste,420204,37.8026,-25.1617,4,nordeste
PT,Portugal,Portugal,9630-176,Nordeste,Azores,23,Nordeste,4202,Nordeste,420204,37.8026,-25.1617,4,nordeste
PT,Portugal,Portugal,9630-178,Nordeste,Azores,23,Nordeste,4202,Nordeste,420204,37.8026,-25.1617,4,nordeste
PT,Portugal,Portugal,9630-179,Nordeste,Azores,23,Nordeste,4202,Nordeste,420204,37.8026,-25.1617,4,nordeste
PT,Portugal,Portugal,9630-180,Nordeste,Azores,23,Nordeste,4202,Nordeste,420204,37.8026,-25.1617,4,nordeste
PT,Portugal,Portugal,9630-181,Nordeste,Azores,23,Nordeste,4202,Nordeste,420204,37.8026,-25.1617,4,nordeste
PT,Portugal,Portugal,9630-182,Nordeste,Azores,23,Nordeste,4202,Nordeste,420204,37.8026,-25.1617,4,nordeste
PT,Portugal,Portugal,9630-183,Nordeste,Azores,23,Nordeste,4202,Nordeste,420204,37.8026,-25.1617,4,nordeste
PT,Portugal,Portugal,9630-184,Nordeste,Azores,23,Nordeste,4202,Nordeste,420204,37.8026,-25.1617,4,nordeste
PT,Portugal,Portugal,9630-185,Pedreira,Azores,23,Nordeste,4202,Nordeste,420204,37.8,-25.15,4,pedreira
PT,Portugal,Portugal,9630-186,Pedreira,Azores,23,Nordeste,4202,Nordeste,420204,37.8,-25.15,4,pedreira
PT,Portugal,Portugal,9630-187,Pedreira,Azores,23,Nordeste,4202,Nordeste,420204,37.8,-25.15,4,pedreira
PT,Portugal,Portugal,9630-188,Pedreira,Azores,23,Nordeste,4202,Nordeste,420204,37.8,-25.15,4,pedreira
PT,Portugal,Portugal,9630-189,Pedreira,Azores,23,Nordeste,4202,Nordeste,420204,37.8,-25.15,4,pedreira
PT,Portugal,Portugal,9630-190,Pedreira,Azores,23,Nordeste,4202,Nordeste,420204,37.8,-25.15,4,pedreira
PT,Portugal,Portugal,9630-191,Pedreira,Azores,23,Nordeste,4202,Nordeste,420204,37.8,-25.15,4,pedreira
PT,Portugal,Portugal,9630-192,Pedreira,Azores,23,Nordeste,4202,Nordeste,420204,37.8,-25.15,4,pedreira
PT,Portugal,Portugal,9630-193,Pedreira,Azores,23,Nordeste,4202,Nordeste,420204,37.8,-25.15,4,pedreira
PT,Portugal,Portugal,9630-194,Pedreira,Azores,23,Nordeste,4202,Nordeste,420204,37.8,-25.15,4,pedreira
PT,Portugal,Portugal,9630-195,Pedreira,Azores,23,Nordeste,4202,Nordeste,420204,37.8,-25.15,4,pedreira
PT,Portugal,Portugal,9630-196,Pedreira,Azores,23,Nordeste,4202,Nordeste,420204,37.8,-25.15,4,pedreira
PT,Portugal,Portugal,9630-197,Pedreira,Azores,23,Nordeste,4202,Nordeste,420204,37.8,-25.15,4,pedreira
PT,Portugal,Portugal,9630-198,Pedreira,Azores,23,Nordeste,4202,Nordeste,420204,37.8,-25.15,4,pedreira
PT,Portugal,Portugal,9630-199,Pedreira,Azores,23,Nordeste,4202,Nordeste,420204,37.8,-25.15,4,pedreira
PT,Portugal,Portugal,9630-200,Pedreira,Azores,23,Nordeste,4202,Nordeste,420204,37.8,-25.15,4,pedreira
PT,Portugal,Portugal,9630-202,Nordeste,Azores,23,Nordeste,4202,Nordeste,420204,37.8026,-25.1617,4,nordeste
PT,Portugal,Portugal,9630-220,Algarvia,Azores,23,Nordeste,4202,Algarvia,420208,37.85,-25.2333,4,algarvia
PT,Portugal,Portugal,9630-221,Algarvia,Azores,23,Nordeste,4202,Algarvia,420208,37.85,-25.2333,4,algarvia
PT,Portugal,Portugal,9630-222,Algarvia,Azores,23,Nordeste,4202,Algarvia,420208,37.85,-25.2333,4,algarvia
PT,Portugal,Portugal,9630-223,Algarvia,Azores,23,Nordeste,4202,Algarvia,420208,37.85,-25.2333,4,algarvia
PT,Portugal,Portugal,9630-224,Algarvia,Azores,23,Nordeste,4202,Algarvia,420208,37.85,-25.2333,4,algarvia
PT,Portugal,Portugal,9630-225,Algarvia,Azores,23,Nordeste,4202,Algarvia,420208,37.85,-25.2333,4,algarvia
PT,Portugal,Portugal,9630-226,Algarvia,Azores,23,Nordeste,4202,Algarvia,420208,37.85,-25.2333,4,algarvia
PT,Portugal,Portugal,9630-227,Algarvia,Azores,23,Nordeste,4202,Algarvia,420208,37.85,-25.2333,4,algarvia
PT,Portugal,Portugal,9630-228,Algarvia,Azores,23,Nordeste,4202,Algarvia,420208,37.85,-25.2333,4,algarvia
PT,Portugal,Portugal,9630-229,Algarvia,Azores,23,Nordeste,4202,Algarvia,420208,37.85,-25.2333,4,algarvia
PT,Portugal,Portugal,9630-230,Santo António,Azores,23,Nordeste,4202,Santo António Nordestinho,,37.8474,-25.2599,1,santo-antonio
PT,Portugal,Portugal,9630-231,Santo António,Azores,23,Nordeste,4202,Santo António Nordestinho,,37.8474,-25.2599,1,santo-antonio
PT,Portugal,Portugal,9630-232,Santo António,Azores,23,Nordeste,4202,Santo António Nordestinho,,37.8474,-25.2599,1,santo-antonio
PT,Portugal,Portugal,9630-233,Santo António,Azores,23,Nordeste,4202,Santo António Nordestinho,,37.8474,-25.2599,1,santo-antonio
PT,Portugal,Portugal,9630-234,Santo António,Azores,23,Nordeste,4202,Santo António Nordestinho,,37.8474,-25.2599,1,santo-antonio
PT,Portugal,Portugal,9630-235,Santo António,Azores,23,Nordeste,4202,Santo António Nordestinho,,37.8474,-25.2599,1,santo-antonio
PT,Portugal,Portugal,9630-236,Santo António,Azores,23,Nordeste,4202,Santo António Nordestinho,,37.8474,-25.2599,1,santo-antonio
PT,Portugal,Portugal,9630-237,Santo António,Azores,23,Nordeste,4202,Santo António Nordestinho,,37.8474,-25.2599,1,santo-antonio
PT,Portugal,Portugal,9630-239,Santo António,Azores,23,Nordeste,4202,Santo António Nordestinho,,37.8474,-25.2599,1,santo-antonio
PT,Portugal,Portugal,9630-240,Santo António,Azores,23,Nordeste,4202,Santo António Nordestinho,,37.8474,-25.2599,1,santo-antonio
PT,Portugal,Portugal,9630-241,Santo António,Azores,23,Nordeste,4202,Santo António Nordestinho,,37.8474,-25.2599,1,santo-antonio
PT,Portugal,Portugal,9630-242,Santo António,Azores,23,Nordeste,4202,Santo António Nordestinho,,37.8474,-25.2599,1,santo-antonio
PT,Portugal,Portugal,9630-243,Santo António,Azores,23,Nordeste,4202,Santo António Nordestinho,,37.8474,-25.2599,1,santo-antonio
PT,Portugal,Portugal,9630-244,Santo António,Azores,23,Nordeste,4202,Santo António Nordestinho,,37.8474,-25.2599,1,santo-antonio
PT,Portugal,Portugal,9630-246,São Pedro,Azores,23,Nordeste,4202,São Pedro Nordestinho,,37.8474,-25.2599,1,sao-pedro
PT,Portugal,Portugal,9630-247,São Pedro,Azores,23,Nordeste,4202,São Pedro Nordestinho,,37.8474,-25.2599,1,sao-pedro
PT,Portugal,Portugal,9630-248,São Pedro,Azores,23,Nordeste,4202,São Pedro Nordestinho,,37.8474,-25.2599,1,sao-pedro
PT,Portugal,Portugal,9630-249,São Pedro,Azores,23,Nordeste,4202,São Pedro Nordestinho,,37.8474,-25.2599,1,sao-pedro
PT,Portugal,Portugal,9630-250,São Pedro,Azores,23,Nordeste,4202,São Pedro Nordestinho,,37.8474,-25.2599,1,sao-pedro
PT,Portugal,Portugal,9630-251,São Pedro,Azores,23,Nordeste,4202,São Pedro Nordestinho,,37.8474,-25.2599,1,sao-pedro
PT,Portugal,Portugal,9630-252,São Pedro,Azores,23,Nordeste,4202,São Pedro Nordestinho,,37.8474,-25.2599,1,sao-pedro
PT,Portugal,Portugal,9630-253,São Pedro,Azores,23,Nordeste,4202,São Pedro Nordestinho,,37.8474,-25.2599,1,sao-pedro
PT,Portugal,Portugal,9630-255,São Pedro,Azores,23,Nordeste,4202,São Pedro Nordestinho,,37.8474,-25.2599,1,sao-pedro
PT,Portugal,Portugal,9630-256,São Pedro,Azores,23,Nordeste,4202,São Pedro Nordestinho,,37.8474,-25.2599,1,sao-pedro
PT,Portugal,Portugal,9630-270,Salga,Azores,23,Nordeste,4202,Salga,420206,37.85,-25.3,4,salga
PT,Portugal,Portugal,9630-271,Salga,Azores,23,Nordeste,4202,Salga,420206,37.85,-25.3,4,salga
PT,Portugal,Portugal,9630-272,Salga,Azores,23,Nordeste,4202,Salga,420206,37.85,-25.3,4,salga
PT,Portugal,Portugal,9630-273,Salga,Azores,23,Nordeste,4202,Salga,420206,37.85,-25.3,4,salga
PT,Portugal,Portugal,9630-274,Salga,Azores,23,Nordeste,4202,Salga,420206,37.85,-25.3,4,salga
PT,Portugal,Portugal,9630-275,Salga,Azores,23,Nordeste,4202,Salga,420206,37.85,-25.3,4,salga
PT,Portugal,Portugal,9630-276,Salga,Azores,23,Nordeste,4202,Salga,420206,37.85,-25.3,4,salga
PT,Portugal,Portugal,9630-277,Salga,Azores,23,Nordeste,4202,Salga,420206,37.85,-25.3,4,salga
PT,Portugal,Portugal,9630-278,Salga,Azores,23,Nordeste,4202,Salga,420206,37.85,-25.3,4,salga
PT,Portugal,Portugal,9630-279,Salga,Azores,23,Nordeste,4202,Salga,420206,37.85,-25.3,4,salga
PT,Portugal,Portugal,9630-281,Salga,Azores,23,Nordeste,4202,Salga,420206,37.85,-25.3,4,salga
PT,Portugal,Portugal,9630-282,Salga,Azores,23,Nordeste,4202,Salga,420206,37.85,-25.3,4,salga
PT,Portugal,Portugal,9630-283,Salga,Azores,23,Nordeste,4202,Salga,420206,37.85,-25.3,4,salga
PT,Portugal,Portugal,9630-284,Salga,Azores,23,Nordeste,4202,Salga,420206,37.85,-25.3,4,salga
PT,Portugal,Portugal,9630-301,Feteira Grande,Azores,23,Nordeste,4202,Santana Nrd,,37.85,-25.25,4,feteira-grande
PT,Portugal,Portugal,9630-302,Feteira Grande,Azores,23,Nordeste,4202,Santana Nrd,,37.85,-25.25,4,feteira-grande
PT,Portugal,Portugal,9630-303,Feteira Grande,Azores,23,Nordeste,4202,Santana Nrd,,37.85,-25.25,4,feteira-grande
PT,Portugal,Portugal,9630-304,Feteira Grande,Azores,23,Nordeste,4202,Santana Nrd,,37.85,-25.25,4,feteira-grande
PT,Portugal,Portugal,9630-306,Feteira Grande,Azores,23,Nordeste,4202,Santana Nrd,,37.85,-25.25,4,feteira-grande
PT,Portugal,Portugal,9630-307,Feteira Pequena,Azores,23,Nordeste,4202,Santana Nrd,,37.85,-25.2667,4,feteira-pequena
PT,Portugal,Portugal,9630-308,Feteira Pequena,Azores,23,Nordeste,4202,Santana Nrd,,37.85,-25.2667,4,feteira-pequena
PT,Portugal,Portugal,9630-309,Feteira Pequena,Azores,23,Nordeste,4202,Santana Nrd,,37.85,-25.2667,4,feteira-pequena
PT,Portugal,Portugal,9630-310,Feteira Pequena,Azores,23,Nordeste,4202,Santana Nrd,,37.85,-25.2667,4,feteira-pequena
PT,Portugal,Portugal,9630-311,Feteira Pequena,Azores,23,Nordeste,4202,Santana Nrd,,37.85,-25.2667,4,feteira-pequena
PT,Portugal,Portugal,9630-312,Feteira Pequena,Azores,23,Nordeste,4202,Santana Nrd,,37.85,-25.2667,4,feteira-pequena
PT,Portugal,Portugal,9630-313,Feteira Pequena,Azores,23,Nordeste,4202,Santana Nrd,,37.85,-25.2667,4,feteira-pequena
PT,Portugal,Portugal,9630-314,Feteira Pequena,Azores,23,Nordeste,4202,Santana Nrd,,37.85,-25.2667,4,feteira-pequena
PT,Portugal,Portugal,9630-999,Nordeste,Azores,23,Nordeste,4202,Nordeste,420204,37.8026,-25.1617,4,nordeste
PT,Portugal,Portugal,9500-000,Ponta Delgada,Azores,23,Ponta Delgada,4203,Ponta Delgada,,37.7462,-25.6669,4,ponta-delgada
PT,Portugal,Portugal,9500-010,Ponta Delgada,Azores,23,Ponta Delgada,4203,Ponta Delgada,,37.7462,-25.6669,4,ponta-delgada
PT,Portugal,Portugal,9500-011,Ponta Delgada,Azores,23,Ponta Delgada,4203,Ponta Delgada,,37.7462,-25.6669,4,ponta-delgada
PT,Portugal,Portugal,9500-012,Ponta Delgada,Azores,23,Ponta Delgada,4203,Ponta Delgada,,37.7462,-25.6669,4,ponta-delgada
PT,Portugal,Portugal,9500-013,Ponta Delgada,Azores,23,Ponta Delgada,4203,Ponta Delgada,,37.7462,-25.6669,4,ponta-delgada
PT,Portugal,Portugal,9500-014,Ponta Delgada,Azores,23,Ponta Delgada,4203,Ponta Delgada,,37.7462,-25.6669,4,ponta-delgada
PT,Portugal,Portugal,9500-015,Ponta Delgada,Azores,23,Ponta Delgada,4203,Ponta Delgada,,37.7462,-25.6669,4,ponta-delgada
PT,Portugal,Portugal,9500-016,Ponta Delgada,Azores,23,Ponta Delgada,4203,Ponta Delgada,,37.7462,-25.6669,4,ponta-delgada
PT,Portugal,Portugal,9500-017,Ponta Delgada,Azores,23,Ponta Delgada,4203,Ponta Delgada,,37.7462,-25.6669,4,ponta-delgada
PT,Portugal,Portugal,9500-018,Ponta Delgada,Azores,23,Ponta Delgada,4203,Ponta Delgada,,37.7462,-25.6669,4,ponta-delgada
PT,Portugal,Portugal,9500-019,Ponta Delgada,Azores,23,Ponta Delgada,4203,Ponta Delgada,,37.7462,-25.6669,4,ponta-delgada
PT,Portugal,Portugal,9500-020,Ponta Delgada,Azores,23,Ponta Delgada,4203,Ponta Delgada,,37.7462,-25.6669,4,ponta-delgada
PT,Portugal,Portugal,9500-021,Ponta Delgada,Azores,23,Ponta Delgada,4203,Ponta Delgada,,37.7462,-25.6669,4,ponta-delgada
PT,Portugal,Portugal,9500-022,Ponta Delgada,Azores,23,Ponta Delgada,4203,Ponta Delgada,,37.7462,-25.6669,4,ponta-delgada
PT,Portugal,Portugal,9500-023,Ponta Delgada,Azores,23,Ponta Delgada,4203,Ponta Delgada,,37.7462,-25.6669,4,ponta-delgada
PT,Portugal,Portugal,9500-025,Ponta Delgada,Azores,23,Ponta Delgada,4203,Ponta Delgada,,37.7462,-25.6669,4,ponta-delgada
PT,Portugal,Portugal,9500-026,Ponta Delgada,Azores,23,Ponta Delgada,4203,Ponta Delgada,,37.7462,-25.6669,4,ponta-delgada
PT,Portugal,Portugal,9500-026,Fajã de Cima,Azores,23,Ponta Delgada,4203,Ponta Delgada,,37.7667,-25.6667,4,faja-de-cima
PT,Portugal,Portugal,9500-027,Ponta Delgada,Azores,23,Ponta Delgada,4203,Ponta Delgada,,37.7462,-25.6669,4,ponta-delgada
PT,Portugal,Portugal,9500-028,Ponta Delgada,Azores,23,Ponta Delgada,4203,Ponta Delgada,,37.7462,-25.6669,4,ponta-delgada
PT,Portugal,Portugal,9500-029,Ponta Delgada,Azores,23,Ponta Delgada,4203,Ponta Delgada,,37.7462,-25.6669,4,ponta-delgada
PT,Portugal,Portugal,9500-030,Ponta Delgada,Azores,23,Ponta Delgada,4203,Ponta Delgada,,37.7462,-25.6669,4,ponta-delgada
PT,Portugal,Portugal,9500-031,Ponta Delgada,Azores,23,Ponta Delgada,4203,Ponta Delgada,,37.7462,-25.6669,4,ponta-delgada
PT,Portugal,Portugal,9500-032,Ponta Delgada,Azores,23,Ponta Delgada,4203,Ponta Delgada,,37.7462,-25.6669,4,ponta-delgada
PT,Portugal,Portugal,9500-033,Ponta Delgada,Azores,23,Ponta Delgada,4203,Ponta Delgada,,37.7462,-25.6669,4,ponta-delgada
PT,Portugal,Portugal,9500-034,Ponta Delgada,Azores,23,Ponta Delgada,4203,Ponta Delgada,,37.7462,-25.6669,4,ponta-delgada
PT,Portugal,Portugal,9500-035,Ponta Delgada,Azores,23,Ponta Delgada,4203,Ponta Delgada,,37.7462,-25.6669,4,ponta-delgada
PT,Portugal,Portugal,9500-036,Ponta Delgada,Azores,23,Ponta Delgada,4203,Ponta Delgada,,37.7462,-25.6669,4,ponta-delgada
PT,Portugal,Portugal,9500-037,Ponta Delgada,Azores,23,Ponta Delgada,4203,Ponta Delgada,,37.7462,-25.6669,4,ponta-delgada
PT,Portugal,Portugal,9500-038,Ponta Delgada,Azores,23,Ponta Delgada,4203,Ponta Delgada,,37.7462,-25.6669,4,ponta-delgada
PT,Portugal,Portugal,9500-039,Ponta Delgada,Azores,23,Ponta Delgada,4203,Ponta Delgada,,37.7462,-25.6669,4,ponta-delgada
PT,Portugal,Portugal,9500-040,Ponta Delgada,Azores,23,Ponta Delgada,4203,Ponta Delgada,,37.7462,-25.6669,4,ponta-delgada
PT,Portugal,Portugal,9500-041,Ponta Delgada,Azores,23,Ponta Delgada,4203,Ponta Delgada,,37.7462,-25.6669,4,ponta-delgada
PT,Portugal,Portugal,9500-042,Ponta Delgada,Azores,23,Ponta Delgada,4203,Ponta Delgada,,37.7462,-25.6669,4,ponta-delgada
PT,Portugal,Portugal,9500-043,Ponta Delgada,Azores,23,Ponta Delgada,4203,Ponta Delgada,,37.7462,-25.6669,4,ponta-delgada
PT,Portugal,Portugal,9500-044,Ponta Delgada,Azores,23,Ponta Delgada,4203,Ponta Delgada,,37.7462,-25.6669,4,ponta-delgada
PT,Portugal,Portugal,9500-045,Ponta Delgada,Azores,23,Ponta Delgada,4203,Ponta Delgada,,37.7462,-25.6669,4,ponta-delgada
PT,Portugal,Portugal,9500-046,Ponta Delgada,Azores,23,Ponta Delgada,4203,Ponta Delgada,,37.7462,-25.6669,4,ponta-delgada
PT,Portugal,Portugal,9500-047,Ponta Delgada,Azores,23,Ponta Delgada,4203,Ponta Delgada,,37.7462,-25.6669,4,ponta-delgada
PT,Portugal,Portugal,9500-048,Ponta Delgada,Azores,23,Ponta Delgada,4203,Ponta Delgada,,37.7462,-25.6669,4,ponta-delgada
PT,Portugal,Portugal,9500-049,Ponta Delgada,Azores,23,Ponta Delgada,4203,Ponta Delgada,,37.7462,-25.6669,4,ponta-delgada
PT,Portugal,Portugal,9500-050,Ponta Delgada,Azores,23,Ponta Delgada,4203,Ponta Delgada,,37.7462,-25.6669,4,ponta-delgada
PT,Portugal,Portugal,9500-051,Ponta Delgada,Azores,23,Ponta Delgada,4203,Ponta Delgada,,37.7462,-25.6669,4,ponta-delgada
PT,Portugal,Portugal,9500-052,Ponta Delgada,Azores,23,Ponta Delgada,4203,Ponta Delgada,,37.7462,-25.6669,4,ponta-delgada
PT,Portugal,Portugal,9500-053,Ponta Delgada,Azores,23,Ponta Delgada,4203,Ponta Delgada,,37.7462,-25.6669,4,ponta-delgada
PT,Portugal,Portugal,9500-054,Ponta Delgada,Azores,23,Ponta Delgada,4203,Ponta Delgada,,37.7462,-25.6669,4,ponta-delgada
PT,Portugal,Portugal,9500-055,Ponta Delgada,Azores,23,Ponta Delgada,4203,Ponta Delgada,,37.7462,-25.6669,4,ponta-delgada
PT,Portugal,Portugal,9500-056,Ponta Delgada,Azores,23,Ponta Delgada,4203,Ponta Delgada,,37.7462,-25.6669,4,ponta-delgada
PT,Portugal,Portugal,9500-057,Ponta Delgada,Azores,23,Ponta Delgada,4203,Ponta Delgada,,37.7462,-25.6669,4,ponta-delgada
PT,Portugal,Portugal,9500-058,Ponta Delgada,Azores,23,Ponta Delgada,4203,Ponta Delgada,,37.7462,-25.6669,4,ponta-delgada
PT,Portugal,Portugal,9500-059,Ponta Delgada,Azores,23,Ponta Delgada,4203,Ponta Delgada,,37.7462,-25.6669,4,ponta-delgada
PT,Portugal,Portugal,9500-060,Ponta Delgada,Azores,23,Ponta Delgada,4203,Ponta Delgada,,37.7462,-25.6669,4,ponta-delgada
PT,Portugal,Portugal,9500-061,Ponta Delgada,Azores,23,Ponta Delgada,4203,Ponta Delgada,,37.7462,-25.6669,4,ponta-delgada
PT,Portugal,Portugal,9500-062,Ponta Delgada,Azores,23,Ponta Delgada,4203,Ponta Delgada,,37.7462,-25.6669,4,ponta-delgada
PT,Portugal,Portugal,9500-063,Ponta Delgada,Azores,23,Ponta Delgada,4203,Ponta Delgada,,37.7462,-25.6669,4,ponta-delgada
PT,Portugal,Portugal,9500-064,Ponta Delgada,Azores,23,Ponta Delgada,4203,Ponta Delgada,,37.7462,-25.6669,4,ponta-delgada
PT,Portugal,Portugal,9500-065,Ponta Delgada,Azores,23,Ponta Delgada,4203,Ponta Delgada,,37.7462,-25.6669,4,ponta-delgada
PT,Portugal,Portugal,9500-066,Ponta Delgada,Azores,23,Ponta Delgada,4203,Ponta Delgada,,37.7462,-25.6669,4,ponta-delgada
PT,Portugal,Portugal,9500-067,Ponta Delgada,Azores,23,Ponta Delgada,4203,Ponta Delgada,,37.7462,-25.6669,4,ponta-delgada
PT,Portugal,Portugal,9500-068,Ponta Delgada,Azores,23,Ponta Delgada,4203,Ponta Delgada,,37.7462,-25.6669,4,ponta-delgada
PT,Portugal,Portugal,9500-069,Ponta Delgada,Azores,23,Ponta Delgada,4203,Ponta Delgada,,37.7462,-25.6669,4,ponta-delgada
PT,Portugal,Portugal,9500-070,Ponta Delgada,Azores,23,Ponta Delgada,4203,Ponta Delgada,,37.7462,-25.6669,4,ponta-delgada
PT,Portugal,Portugal,9500-071,Ponta Delgada,Azores,23,Ponta Delgada,4203,Ponta Delgada,,37.7462,-25.6669,4,ponta-delgada
PT,Portugal,Portugal,9500-072,Ponta Delgada,Azores,23,Ponta Delgada,4203,Ponta Delgada,,37.7462,-25.6669,4,ponta-delgada
PT,Portugal,Portugal,9500-073,Ponta Delgada,Azores,23,Ponta Delgada,4203,Ponta Delgada,,37.7462,-25.6669,4,ponta-delgada
PT,Portugal,Portugal,9500-074,Ponta Delgada,Azores,23,Ponta Delgada,4203,Ponta Delgada,,37.7462,-25.6669,4,ponta-delgada
PT,Portugal,Portugal,9500-075,Ponta Delgada,Azores,23,Ponta Delgada,4203,Ponta Delgada,,37.7462,-25.6669,4,ponta-delgada
PT,Portugal,Portugal,9500-076,Ponta Delgada,Azores,23,Ponta Delgada,4203,Ponta Delgada,,37.7462,-25.6669,4,ponta-delgada
PT,Portugal,Portugal,9500-077,Ponta Delgada,Azores,23,Ponta Delgada,4203,Ponta Delgada,,37.7462,-25.6669,4,ponta-delgada
PT,Portugal,Portugal,9500-078,Ponta Delgada,Azores,23,Ponta Delgada,4203,Ponta Delgada,,37.7462,-25.6669,4,ponta-delgada
PT,Portugal,Portugal,9500-079,Ponta Delgada,Azores,23,Ponta Delgada,4203,Ponta Delgada,,37.7462,-25.6669,4,ponta-delgada
PT,Portugal,Portugal,9500-080,Ponta Delgada,Azores,23,Ponta Delgada,4203,Ponta Delgada,,37.7462,-25.6669,4,ponta-delgada
PT,Portugal,Portugal,9500-081,Ponta Delgada,Azores,23,Ponta Delgada,4203,Ponta Delgada,,37.7462,-25.6669,4,ponta-delgada
PT,Portugal,Portugal,9500-082,Ponta Delgada,Azores,23,Ponta Delgada,4203,Ponta Delgada,,37.7462,-25.6669,4,ponta-delgada
PT,Portugal,Portugal,9500-082,Fajã de Cima,Azores,23,Ponta Delgada,4203,Ponta Delgada,,37.7667,-25.6667,4,faja-de-cima
PT,Portugal,Portugal,9500-083,Ponta Delgada,Azores,23,Ponta Delgada,4203,Ponta Delgada,,37.7462,-25.6669,4,ponta-delgada
PT,Portugal,Portugal,9500-084,Ponta Delgada,Azores,23,Ponta Delgada,4203,Ponta Delgada,,37.7462,-25.6669,4,ponta-delgada
PT,Portugal,Portugal,9500-085,Ponta Delgada,Azores,23,Ponta Delgada,4203,Ponta Delgada,,37.7462,-25.6669,4,ponta-delgada
PT,Portugal,Portugal,9500-086,Ponta Delgada,Azores,23,Ponta Delgada,4203,Ponta Delgada,,37.7462,-25.6669,4,ponta-delgada
PT,Portugal,Portugal,9500-087,Ponta Delgada,Azores,23,Ponta Delgada,4203,Ponta Delgada,,37.7462,-25.6669,4,ponta-delgada
PT,Portugal,Portugal,9500-088,Ponta Delgada,Azores,23,Ponta Delgada,4203,Ponta Delgada,,37.7462,-25.6669,4,ponta-delgada
PT,Portugal,Portugal,9500-089,Ponta Delgada,Azores,23,Ponta Delgada,4203,Ponta Delgada,,37.7462,-25.6669,4,ponta-delgada
PT,Portugal,Portugal,9500-090,Ponta Delgada,Azores,23,Ponta Delgada,4203,Ponta Delgada,,37.7462,-25.6669,4,ponta-delgada
PT,Portugal,Portugal,9500-091,Ponta Delgada,Azores,23,Ponta Delgada,4203,Ponta Delgada,,37.7462,-25.6669,4,ponta-delgada
PT,Portugal,Portugal,9500-092,Ponta Delgada,Azores,23,Ponta Delgada,4203,Ponta Delgada,,37.7462,-25.6669,4,ponta-delgada
PT,Portugal,Portugal,9500-093,Ponta Delgada,Azores,23,Ponta Delgada,4203,Ponta Delgada,,37.7462,-25.6669,4,ponta-delgada
PT,Portugal,Portugal,9500-094,Ponta Delgada,Azores,23,Ponta Delgada,4203,Ponta Delgada,,37.7462,-25.6669,4,ponta-delgada
PT,Portugal,Portugal,9500-095,Ponta Delgada,Azores,23,Ponta Delgada,4203,Ponta Delgada,,37.7462,-25.6669,4,ponta-delgada
PT,Portugal,Portugal,9500-096,Ponta Delgada,Azores,23,Ponta Delgada,4203,Ponta Delgada,,37.7462,-25.6669,4,ponta-delgada
PT,Portugal,Portugal,9500-097,Ponta Delgada,Azores,23,Ponta Delgada,4203,Ponta Delgada,,37.7462,-25.6669,4,ponta-delgada
PT,Portugal,Portugal,9500-098,Ponta Delgada,Azores,23,Ponta Delgada,4203,Ponta Delgada,,37.7462,-25.6669,4,ponta-delgada
PT,Portugal,Portugal,9500-099,Ponta Delgada,Azores,23,Ponta Delgada,4203,Ponta Delgada,,37.7462,-25.6669,4,ponta-delgada
PT,Portugal,Portugal,9500-100,Ponta Delgada,Azores,23,Ponta Delgada,4203,Ponta Delgada,,37.7462,-25.6669,4,ponta-delgada
PT,Portugal,Portugal,9500-101,Ponta Delgada,Azores,23,Ponta Delgada,4203,Ponta Delgada,,37.7462,-25.6669,4,ponta-delgada
PT,Portugal,Portugal,9500-102,Ponta Delgada,Azores,23,Ponta Delgada,4203,Ponta Delgada,,37.7462,-25.6669,4,ponta-delgada
PT,Portugal,Portugal,9500-103,Ponta Delgada,Azores,23,Ponta Delgada,4203,Ponta Delgada,,37.7462,-25.6669,4,ponta-delgada
PT,Portugal,Portugal,9500-104,Ponta Delgada,Azores,23,Ponta Delgada,4203,Ponta Delgada,,37.7462,-25.6669,4,ponta-delgada
PT,Portugal,Portugal,9500-105,Ponta Delgada,Azores,23,Ponta Delgada,4203,Ponta Delgada,,37.7462,-25.6669,4,ponta-delgada
PT,Portugal,Portugal,9500-106,Ponta Delgada,Azores,23,Ponta Delgada,4203,Ponta Delgada,,37.7462,-25.6669,4,ponta-delgada
PT,Portugal,Portugal,9500-107,Ponta Delgada,Azores,23,Ponta Delgada,4203,Ponta Delgada,,37.7462,-25.6669,4,ponta-delgada
PT,Portugal,Portugal,9500-108,Ponta Delgada,Azores,23,Ponta Delgada,4203,Ponta Delgada,,37.7462,-25.6669,4,ponta-delgada
PT,Portugal,Portugal,9500-109,Ponta Delgada,Azores,23,Ponta Delgada,4203,Ponta Delgada,,37.7462,-25.6669,4,ponta-delgada
PT,Portugal,Portugal,9500-110,Ponta Delgada,Azores,23,Ponta Delgada,4203,Ponta Delgada,,37.7462,-25.6669,4,ponta-delgada
PT,Portugal,Portugal,9500-111,Ponta Delgada,Azores,23,Ponta Delgada,4203,Ponta Delgada,,37.7462,-25.6669,4,ponta-delgada
PT,Portugal,Portugal,9500-112,Ponta Delgada,Azores,23,Ponta Delgada,4203,Ponta Delgada,,37.7462,-25.6669,4,ponta-delgada
PT,Portugal,Portugal,9500-113,Ponta Delgada,Azores,23,Ponta Delgada,4203,Ponta Delgada,,37.7462,-25.6669,4,ponta-delgada
PT,Portugal,Portugal,9500-114,Ponta Delgada,Azores,23,Ponta Delgada,4203,Ponta Delgada,,37.7462,-25.6669,4,ponta-delgada
PT,Portugal,Portugal,9500-115,Ponta Delgada,Azores,23,Ponta Delgada,4203,Ponta Delgada,,37.7462,-25.6669,4,ponta-delgada
PT,Portugal,Portugal,9500-116,Ponta Delgada,Azores,23,Ponta Delgada,4203,Ponta Delgada,,37.7462,-25.6669,4,ponta-delgada
PT,Portugal,Portugal,9500-117,Ponta Delgada,Azores,23,Ponta Delgada,4203,Ponta Delgada,,37.7462,-25.6669,4,ponta-delgada
PT,Portugal,Portugal,9500-119,Ponta Delgada,Azores,23,Ponta Delgada,4203,Ponta Delgada,,37.7462,-25.6669,4,ponta-delgada
PT,Portugal,Portugal,9500-150,Ponta Delgada,Azores,23,Ponta Delgada,4203,Ponta Delgada,,37.7462,-25.6669,4,ponta-delgada
PT,Portugal,Portugal,9500-151,Ponta Delgada,Azores,23,Ponta Delgada,4203,Ponta Delgada,,37.7462,-25.6669,4,ponta-delgada
PT,Portugal,Portugal,9500-152,Ponta Delgada,Azores,23,Ponta Delgada,4203,Ponta Delgada,,37.7462,-25.6669,4,ponta-delgada
PT,Portugal,Portugal,9500-153,Ponta Delgada,Azores,23,Ponta Delgada,4203,Ponta Delgada,,37.7462,-25.6669,4,ponta-delgada
PT,Portugal,Portugal,9500-154,Ponta Delgada,Azores,23,Ponta Delgada,4203,Ponta Delgada,,37.7462,-25.6669,4,ponta-delgada
PT,Portugal,Portugal,9500-157,Ponta Delgada,Azores,23,Ponta Delgada,4203,Ponta Delgada,,37.7462,-25.6669,4,ponta-delgada
PT,Portugal,Portugal,9500-158,Ponta Delgada,Azores,23,Ponta Delgada,4203,Ponta Delgada,,37.7462,-25.6669,4,ponta-delgada
PT,Portugal,Portugal,9500-159,Ponta Delgada,Azores,23,Ponta Delgada,4203,Ponta Delgada,,37.7462,-25.6669,4,ponta-delgada
PT,Portugal,Portugal,9500-160,Ponta Delgada,Azores,23,Ponta Delgada,4203,Ponta Delgada,,37.7462,-25.6669,4,ponta-delgada
PT,Portugal,Portugal,9500-161,Ponta Delgada,Azores,23,Ponta Delgada,4203,Ponta Delgada,,37.7462,-25.6669,4,ponta-delgada
PT,Portugal,Portugal,9500-162,Ponta Delgada,Azores,23,Ponta Delgada,4203,Ponta Delgada,,37.7462,-25.6669,4,ponta-delgada
PT,Portugal,Portugal,9500-165,Ponta Delgada,Azores,23,Ponta Delgada,4203,Ponta Delgada,,37.7462,-25.6669,4,ponta-delgada
PT,Portugal,Portugal,9500-166,Ponta Delgada,Azores,23,Ponta Delgada,4203,Ponta Delgada,,37.7462,-25.6669,4,ponta-delgada
PT,Portugal,Portugal,9500-167,Ponta Delgada,Azores,23,Ponta Delgada,4203,Ponta Delgada,,37.7462,-25.6669,4,ponta-delgada
PT,Portugal,Portugal,9500-167,Arrifes,Azores,23,Ponta Delgada,4203,Ponta Delgada,,37.7667,-25.7,4,arrifes
PT,Portugal,Portugal,9500-168,Ponta Delgada,Azores,23,Ponta Delgada,4203,Ponta Delgada,,37.7462,-25.6669,4,ponta-delgada
PT,Portugal,Portugal,9500-169,Ponta Delgada,Azores,23,Ponta Delgada,4203,Ponta Delgada,,37.7462,-25.6669,4,ponta-delgada
PT,Portugal,Portugal,9500-170,Ponta Delgada,Azores,23,Ponta Delgada,4203,Ponta Delgada,,37.7462,-25.6669,4,ponta-delgada
PT,Portugal,Portugal,9500-171,Ponta Delgada,Azores,23,Ponta Delgada,4203,Ponta Delgada,,37.7462,-25.6669,4,ponta-delgada
PT,Portugal,Portugal,9500-172,Ponta Delgada,Azores,23,Ponta Delgada,4203,Ponta Delgada,,37.7462,-25.6669,4,ponta-delgada
PT,Portugal,Portugal,9500-173,Ponta Delgada,Azores,23,Ponta Delgada,4203,Ponta Delgada,,37.7462,-25.6669,4,ponta-delgada
PT,Portugal,Portugal,9500-174,Ponta Delgada,Azores,23,Ponta Delgada,4203,Ponta Delgada,,37.7462,-25.6669,4,ponta-delgada
PT,Portugal,Portugal,9500-175,Ponta Delgada,Azores,23,Ponta Delgada,4203,Ponta Delgada,,37.7462,-25.6669,4,ponta-delgada
PT,Portugal,Portugal,9500-176,Ponta Delgada,Azores,23,Ponta Delgada,4203,Ponta Delgada,,37.7462,-25.6669,4,ponta-delgada
PT,Portugal,Portugal,9500-177,Ponta Delgada,Azores,23,Ponta Delgada,4203,Ponta Delgada,,37.7462,-25.6669,4,ponta-delgada
PT,Portugal,Portugal,9500-178,Ponta Delgada,Azores,23,Ponta Delgada,4203,Ponta Delgada,,37.7462,-25.6669,4,ponta-delgada
PT,Portugal,Portugal,9500-179,Ponta Delgada,Azores,23,Ponta Delgada,4203,Ponta Delgada,,37.7462,-25.6669,4,ponta-delgada
PT,Portugal,Portugal,9500-180,Ponta Delgada,Azores,23,Ponta Delgada,4203,Ponta Delgada,,37.7462,-25.6669,4,ponta-delgada
PT,Portugal,Portugal,9500-181,Ponta Delgada,Azores,23,Ponta Delgada,4203,Ponta Delgada,,37.7462,-25.6669,4,ponta-delgada
PT,Portugal,Portugal,9500-182,Ponta Delgada,Azores,23,Ponta Delgada,4203,Ponta Delgada,,37.7462,-25.6669,4,ponta-delgada
PT,Portugal,Portugal,9500-183,Ponta Delgada,Azores,23,Ponta Delgada,4203,Ponta Delgada,,37.7462,-25.6669,4,ponta-delgada
PT,Portugal,Portugal,9500-184,Ponta Delgada,Azores,23,Ponta Delgada,4203,Ponta Delgada,,37.7462,-25.6669,4,ponta-delgada
PT,Portugal,Portugal,9500-185,Ponta Delgada,Azores,23,Ponta Delgada,4203,Ponta Delgada,,37.7462,-25.6669,4,ponta-delgada
PT,Portugal,Portugal,9500-186,Ponta Delgada,Azores,23,Ponta Delgada,4203,Ponta Delgada,,37.7462,-25.6669,4,ponta-delgada
PT,Portugal,Portugal,9500-187,Ponta Delgada,Azores,23,Ponta Delgada,4203,Ponta Delgada,,37.7462,-25.6669,4,ponta-delgada
PT,Portugal,Portugal,9500-188,Ponta Delgada,Azores,23,Ponta Delgada,4203,Ponta Delgada,,37.7462,-25.6669,4,ponta-delgada
PT,Portugal,Portugal,9500-189,Ponta Delgada,Azores,23,Ponta Delgada,4203,Ponta Delgada,,37.7462,-25.6669,4,ponta-delgada
PT,Portugal,Portugal,9500-190,Ponta Delgada,Azores,23,Ponta Delgada,4203,Ponta Delgada,,37.7462,-25.6669,4,ponta-delgada
PT,Portugal,Portugal,9500-191,Ponta Delgada,Azores,23,Ponta Delgada,4203,Ponta Delgada,,37.7462,-25.6669,4,ponta-delgada
PT,Portugal,Portugal,9500-192,Ponta Delgada,Azores,23,Ponta Delgada,4203,Ponta Delgada,,37.7462,-25.6669,4,ponta-delgada
PT,Portugal,Portugal,9500-193,Ponta Delgada,Azores,23,Ponta Delgada,4203,Ponta Delgada,,37.7462,-25.6669,4,ponta-delgada
PT,Portugal,Portugal,9500-195,Ponta Delgada,Azores,23,Ponta Delgada,4203,Ponta Delgada,,37.7462,-25.6669,4,ponta-delgada
PT,Portugal,Portugal,9500-196,Ponta Delgada,Azores,23,Ponta Delgada,4203,Ponta Delgada,,37.7462,-25.6669,4,ponta-delgada
PT,Portugal,Portugal,9500-197,Ponta Delgada,Azores,23,Ponta Delgada,4203,Ponta Delgada,,37.7462,-25.6669,4,ponta-delgada
PT,Portugal,Portugal,9500-198,Ponta Delgada,Azores,23,Ponta Delgada,4203,Ponta Delgada,,37.7462,-25.6669,4,ponta-delgada
PT,Portugal,Portugal,9500-199,Ponta Delgada,Azores,23,Ponta Delgada,4203,Ponta Delgada,,37.7462,-25.6669,4,ponta-delgada
PT,Portugal,Portugal,9500-202,Ponta Delgada,Azores,23,Ponta Delgada,4203,Ponta Delgada,,37.7462,-25.6669,4,ponta-delgada
PT,Portugal,Portugal,9500-203,Ponta Delgada,Azores,23,Ponta Delgada,4203,Ponta Delgada,,37.7462,-25.6669,4,ponta-delgada
PT,Portugal,Portugal,9500-204,Ponta Delgada,Azores,23,Ponta Delgada,4203,Ponta Delgada,,37.7462,-25.6669,4,ponta-delgada
PT,Portugal,Portugal,9500-205,Ponta Delgada,Azores,23,Ponta Delgada,4203,Ponta Delgada,,37.7462,-25.6669,4,ponta-delgada
PT,Portugal,Portugal,9500-206,Ponta Delgada,Azores,23,Ponta Delgada,4203,Ponta Delgada,,37.7462,-25.6669,4,ponta-delgada
PT,Portugal,Portugal,9500-207,Ponta Delgada,Azores,23,Ponta Delgada,4203,Ponta Delgada,,37.7462,-25.6669,4,ponta-delgada
PT,Portugal,Portugal,9500-208,Ponta Delgada,Azores,23,Ponta Delgada,4203,Ponta Delgada,,37.7462,-25.6669,4,ponta-delgada
PT,Portugal,Portugal,9500-209,Ponta Delgada,Azores,23,Ponta Delgada,4203,Ponta Delgada,,37.7462,-25.6669,4,ponta-delgada
PT,Portugal,Portugal,9500-211,Ponta Delgada,Azores,23,Ponta Delgada,4203,Ponta Delgada,,37.7462,-25.6669,4,ponta-delgada
PT,Portugal,Portugal,9500-212,Ponta Delgada,Azores,23,Ponta Delgada,4203,Ponta Delgada,,37.7462,-25.6669,4,ponta-delgada
PT,Portugal,Portugal,9500-213,Ponta Delgada,Azores,23,Ponta Delgada,4203,Ponta Delgada,,37.7462,-25.6669,4,ponta-delgada
PT,Portugal,Portugal,9500-216,Ponta Delgada,Azores,23,Ponta Delgada,4203,Ponta Delgada,,37.7462,-25.6669,4,ponta-delgada
PT,Portugal,Portugal,9500-217,Ponta Delgada,Azores,23,Ponta Delgada,4203,Ponta Delgada,,37.7462,-25.6669,4,ponta-delgada
PT,Portugal,Portugal,9500-221,Ponta Delgada,Azores,23,Ponta Delgada,4203,Ponta Delgada,,37.7462,-25.6669,4,ponta-delgada
PT,Portugal,Portugal,9500-222,Ponta Delgada,Azores,23,Ponta Delgada,4203,Ponta Delgada,,37.7462,-25.6669,4,ponta-delgada
PT,Portugal,Portugal,9500-223,Ponta Delgada,Azores,23,Ponta Delgada,4203,Ponta Delgada,,37.7462,-25.6669,4,ponta-delgada
PT,Portugal,Portugal,9500-224,Ponta Delgada,Azores,23,Ponta Delgada,4203,Ponta Delgada,,37.7462,-25.6669,4,ponta-delgada
PT,Portugal,Portugal,9500-225,Ponta Delgada,Azores,23,Ponta Delgada,4203,Ponta Delgada,,37.7462,-25.6669,4,ponta-delgada
PT,Portugal,Portugal,9500-226,Ponta Delgada,Azores,23,Ponta Delgada,4203,Ponta Delgada,,37.7462,-25.6669,4,ponta-delgada
PT,Portugal,Portugal,9500-229,Ponta Delgada,Azores,23,Ponta Delgada,4203,Ponta Delgada,,37.7462,-25.6669,4,ponta-delgada
PT,Portugal,Portugal,9500-230,Ponta Delgada,Azores,23,Ponta Delgada,4203,Ponta Delgada,,37.7462,-25.6669,4,ponta-delgada
PT,Portugal,Portugal,9500-231,Ponta Delgada,Azores,23,Ponta Delgada,4203,Ponta Delgada,,37.7462,-25.6669,4,ponta-delgada
PT,Portugal,Portugal,9500-233,Ponta Delgada,Azores,23,Ponta Delgada,4203,Ponta Delgada,,37.7462,-25.6669,4,ponta-delgada
PT,Portugal,Portugal,9500-234,Ponta Delgada,Azores,23,Ponta Delgada,4203,Ponta Delgada,,37.7462,-25.6669,4,ponta-delgada
PT,Portugal,Portugal,9500-236,Ponta Delgada,Azores,23,Ponta Delgada,4203,Ponta Delgada,,37.7462,-25.6669,4,ponta-delgada
PT,Portugal,Portugal,9500-237,Ponta Delgada,Azores,23,Ponta Delgada,4203,Ponta Delgada,,37.7462,-25.6669,4,ponta-delgada
PT,Portugal,Portugal,9500-238,Ponta Delgada,Azores,23,Ponta Delgada,4203,Ponta Delgada,,37.7462,-25.6669,4,ponta-delgada
PT,Portugal,Portugal,9500-239,Ponta Delgada,Azores,23,Ponta Delgada,4203,Ponta Delgada,,37.7462,-25.6669,4,ponta-delgada
PT,Portugal,Portugal,9500-240,Ponta Delgada,Azores,23,Ponta Delgada,4203,Ponta Delgada,,37.7462,-25.6669,4,ponta-delgada
PT,Portugal,Portugal,9500-241,Ponta Delgada,Azores,23,Ponta Delgada,4203,Ponta Delgada,,37.7462,-25.6669,4,ponta-delgada
PT,Portugal,Portugal,9500-242,Ponta Delgada,Azores,23,Ponta Delgada,4203,Ponta Delgada,,37.7462,-25.6669,4,ponta-delgada
PT,Portugal,Portugal,9500-243,Ponta Delgada,Azores,23,Ponta Delgada,4203,Ponta Delgada,,37.7462,-25.6669,4,ponta-delgada
PT,Portugal,Portugal,9500-244,Ponta Delgada,Azores,23,Ponta Delgada,4203,Ponta Delgada,,37.7462,-25.6669,4,ponta-delgada
PT,Portugal,Portugal,9500-245,Ponta Delgada,Azores,23,Ponta Delgada,4203,Ponta Delgada,,37.7462,-25.6669,4,ponta-delgada
PT,Portugal,Portugal,9500-246,Ponta Delgada,Azores,23,Ponta Delgada,4203,Ponta Delgada,,37.7462,-25.6669,4,ponta-delgada
PT,Portugal,Portugal,9500-247,Ponta Delgada,Azores,23,Ponta Delgada,4203,Ponta Delgada,,37.7462,-25.6669,4,ponta-delgada
PT,Portugal,Portugal,9500-248,Ponta Delgada,Azores,23,Ponta Delgada,4203,Ponta Delgada,,37.7462,-25.6669,4,ponta-delgada
PT,Portugal,Portugal,9500-249,Ponta Delgada,Azores,23,Ponta Delgada,4203,Ponta Delgada,,37.7462,-25.6669,4,ponta-delgada
PT,Portugal,Portugal,9500-250,Ponta Delgada,Azores,23,Ponta Delgada,4203,Ponta Delgada,,37.7462,-25.6669,4,ponta-delgada
PT,Portugal,Portugal,9500-251,Ponta Delgada,Azores,23,Ponta Delgada,4203,Ponta Delgada,,37.7462,-25.6669,4,ponta-delgada
PT,Portugal,Portugal,9500-252,Ponta Delgada,Azores,23,Ponta Delgada,4203,Ponta Delgada,,37.7462,-25.6669,4,ponta-delgada
PT,Portugal,Portugal,9500-253,Ponta Delgada,Azores,23,Ponta Delgada,4203,Ponta Delgada,,37.7462,-25.6669,4,ponta-delgada
PT,Portugal,Portugal,9500-291,Ponta Delgada,Azores,23,Ponta Delgada,4203,Ponta Delgada,,37.7462,-25.6669,4,ponta-delgada
PT,Portugal,Portugal,9500-292,Ponta Delgada,Azores,23,Ponta Delgada,4203,Ponta Delgada,,37.7462,-25.6669,4,ponta-delgada
PT,Portugal,Portugal,9500-293,Ponta Delgada,Azores,23,Ponta Delgada,4203,Ponta Delgada,,37.7462,-25.6669,4,ponta-delgada
PT,Portugal,Portugal,9500-294,Ponta Delgada,Azores,23,Ponta Delgada,4203,Ponta Delgada,,37.7462,-25.6669,4,ponta-delgada
PT,Portugal,Portugal,9500-296,Ponta Delgada,Azores,23,Ponta Delgada,4203,Ponta Delgada,,37.7462,-25.6669,4,ponta-delgada
PT,Portugal,Portugal,9500-297,Ponta Delgada,Azores,23,Ponta Delgada,4203,Ponta Delgada,,37.7462,-25.6669,4,ponta-delgada
PT,Portugal,Portugal,9500-298,Ponta Delgada,Azores,23,Ponta Delgada,4203,Ponta Delgada,,37.7462,-25.6669,4,ponta-delgada
PT,Portugal,Portugal,9500-299,Ponta Delgada,Azores,23,Ponta Delgada,4203,Ponta Delgada,,37.7462,-25.6669,4,ponta-delgada
PT,Portugal,Portugal,9500-300,Ponta Delgada,Azores,23,Ponta Delgada,4203,Ponta Delgada,,37.7462,-25.6669,4,ponta-delgada
PT,Portugal,Portugal,9500-301,Ponta Delgada,Azores,23,Ponta Delgada,4203,Ponta Delgada,,37.7462,-25.6669,4,ponta-delgada
PT,Portugal,Portugal,9500-302,Ponta Delgada,Azores,23,Ponta Delgada,4203,Ponta Delgada,,37.7462,-25.6669,4,ponta-delgada
PT,Portugal,Portugal,9500-303,Ponta Delgada,Azores,23,Ponta Delgada,4203,Ponta Delgada,,37.7462,-25.6669,4,ponta-delgada
PT,Portugal,Portugal,9500-304,Ponta Delgada,Azores,23,Ponta Delgada,4203,Ponta Delgada,,37.7462,-25.6669,4,ponta-delgada
PT,Portugal,Portugal,9500-305,Ponta Delgada,Azores,23,Ponta Delgada,4203,Ponta Delgada,,37.7462,-25.6669,4,ponta-delgada
PT,Portugal,Portugal,9500-306,Ponta Delgada,Azores,23,Ponta Delgada,4203,Ponta Delgada,,37.7462,-25.6669,4,ponta-delgada
PT,Portugal,Portugal,9500-307,Ponta Delgada,Azores,23,Ponta Delgada,4203,Ponta Delgada,,37.7462,-25.6669,4,ponta-delgada
PT,Portugal,Portugal,9500-308,Ponta Delgada,Azores,23,Ponta Delgada,4203,Ponta Delgada,,37.7462,-25.6669,4,ponta-delgada
PT,Portugal,Portugal,9500-309,Ponta Delgada,Azores,23,Ponta Delgada,4203,Ponta Delgada,,37.7462,-25.6669,4,ponta-delgada
PT,Portugal,Portugal,9500-310,Ponta Delgada,Azores,23,Ponta Delgada,4203,Ponta Delgada,,37.7462,-25.6669,4,ponta-delgada
PT,Portugal,Portugal,9500-311,Ponta Delgada,Azores,23,Ponta Delgada,4203,Ponta Delgada,,37.7462,-25.6669,4,ponta-delgada
PT,Portugal,Portugal,9500-312,Ponta Delgada,Azores,23,Ponta Delgada,4203,Ponta Delgada,,37.7462,-25.6669,4,ponta-delgada
PT,Portugal,Portugal,9500-313,Ponta Delgada,Azores,23,Ponta Delgada,4203,Ponta Delgada,,37.7462,-25.6669,4,ponta-delgada
PT,Portugal,Portugal,9500-314,Ponta Delgada,Azores,23,Ponta Delgada,4203,Ponta Delgada,,37.7462,-25.6669,4,ponta-delgada
PT,Portugal,Portugal,9500-315,Ponta Delgada,Azores,23,Ponta Delgada,4203,Ponta Delgada,,37.7462,-25.6669,4,ponta-delgada
PT,Portugal,Portugal,9500-316,Ponta Delgada,Azores,23,Ponta Delgada,4203,Ponta Delgada,,37.7462,-25.6669,4,ponta-delgada
PT,Portugal,Portugal,9500-317,Ponta Delgada,Azores,23,Ponta Delgada,4203,Ponta Delgada,,37.7462,-25.6669,4,ponta-delgada
PT,Portugal,Portugal,9500-318,Ponta Delgada,Azores,23,Ponta Delgada,4203,Ponta Delgada,,37.7462,-25.6669,4,ponta-delgada
PT,Portugal,Portugal,9500-319,Ponta Delgada,Azores,23,Ponta Delgada,4203,Ponta Delgada,,37.7462,-25.6669,4,ponta-delgada
PT,Portugal,Portugal,9500-320,Ponta Delgada,Azores,23,Ponta Delgada,4203,Ponta Delgada,,37.7462,-25.6669,4,ponta-delgada
PT,Portugal,Portugal,9500-321,Ponta Delgada,Azores,23,Ponta Delgada,4203,Ponta Delgada,,37.7462,-25.6669,4,ponta-delgada
PT,Portugal,Portugal,9500-322,Ponta Delgada,Azores,23,Ponta Delgada,4203,Ponta Delgada,,37.7462,-25.6669,4,ponta-delgada
PT,Portugal,Portugal,9500-323,Ponta Delgada,Azores,23,Ponta Delgada,4203,Ponta Delgada,,37.7462,-25.6669,4,ponta-delgada
PT,Portugal,Portugal,9500-324,Ponta Delgada,Azores,23,Ponta Delgada,4203,Ponta Delgada,,37.7462,-25.6669,4,ponta-delgada
PT,Portugal,Portugal,9500-325,Ponta Delgada,Azores,23,Ponta Delgada,4203,Ponta Delgada,,37.7462,-25.6669,4,ponta-delgada
PT,Portugal,Portugal,9500-326,Ponta Delgada,Azores,23,Ponta Delgada,4203,Ponta Delgada,,37.7462,-25.6669,4,ponta-delgada
PT,Portugal,Portugal,9500-327,Ponta Delgada,Azores,23,Ponta Delgada,4203,Ponta Delgada,,37.7462,-25.6669,4,ponta-delgada
PT,Portugal,Portugal,9500-328,Ponta Delgada,Azores,23,Ponta Delgada,4203,Ponta Delgada,,37.7462,-25.6669,4,ponta-delgada
PT,Portugal,Portugal,9500-329,Ponta Delgada,Azores,23,Ponta Delgada,4203,Ponta Delgada,,37.7462,-25.6669,4,ponta-delgada
PT,Portugal,Portugal,9500-330,Ponta Delgada,Azores,23,Ponta Delgada,4203,Ponta Delgada,,37.7462,-25.6669,4,ponta-delgada
PT,Portugal,Portugal,9500-331,Ponta Delgada,Azores,23,Ponta Delgada,4203,Ponta Delgada,,37.7462,-25.6669,4,ponta-delgada
PT,Portugal,Portugal,9500-332,Ponta Delgada,Azores,23,Ponta Delgada,4203,Ponta Delgada,,37.7462,-25.6669,4,ponta-delgada
PT,Portugal,Portugal,9500-333,Ponta Delgada,Azores,23,Ponta Delgada,4203,Ponta Delgada,,37.7462,-25.6669,4,ponta-delgada
PT,Portugal,Portugal,9500-334,Ponta Delgada,Azores,23,Ponta Delgada,4203,Ponta Delgada,,37.7462,-25.6669,4,ponta-delgada
PT,Portugal,Portugal,9500-335,Ponta Delgada,Azores,23,Ponta Delgada,4203,Ponta Delgada,,37.7462,-25.6669,4,ponta-delgada
PT,Portugal,Portugal,9500-336,Ponta Delgada,Azores,23,Ponta Delgada,4203,Ponta Delgada,,37.7462,-25.6669,4,ponta-delgada
PT,Portugal,Portugal,9500-337,Ponta Delgada,Azores,23,Ponta Delgada,4203,Ponta Delgada,,37.7462,-25.6669,4,ponta-delgada
PT,Portugal,Portugal,9500-338,Ponta Delgada,Azores,23,Ponta Delgada,4203,Ponta Delgada,,37.7462,-25.6669,4,ponta-delgada
PT,Portugal,Portugal,9500-339,Ponta Delgada,Azores,23,Ponta Delgada,4203,Ponta Delgada,,37.7462,-25.6669,4,ponta-delgada
PT,Portugal,Portugal,9500-340,Ponta Delgada,Azores,23,Ponta Delgada,4203,Ponta Delgada,,37.7462,-25.6669,4,ponta-delgada
PT,Portugal,Portugal,9500-341,Ponta Delgada,Azores,23,Ponta Delgada,4203,Ponta Delgada,,37.7462,-25.6669,4,ponta-delgada
PT,Portugal,Portugal,9500-342,Ponta Delgada,Azores,23,Ponta Delgada,4203,Ponta Delgada,,37.7462,-25.6669,4,ponta-delgada
PT,Portugal,Portugal,9500-343,Ponta Delgada,Azores,23,Ponta Delgada,4203,Ponta Delgada,,37.7462,-25.6669,4,ponta-delgada
PT,Portugal,Portugal,9500-343,Arrifes,Azores,23,Ponta Delgada,4203,Ponta Delgada,,37.7667,-25.7,4,arrifes
PT,Portugal,Portugal,9500-344,Ponta Delgada,Azores,23,Ponta Delgada,4203,Ponta Delgada,,37.7462,-25.6669,4,ponta-delgada
PT,Portugal,Portugal,9500-345,Ponta Delgada,Azores,23,Ponta Delgada,4203,Ponta Delgada,,37.7462,-25.6669,4,ponta-delgada
PT,Portugal,Portugal,9500-346,Ponta Delgada,Azores,23,Ponta Delgada,4203,Ponta Delgada,,37.7462,-25.6669,4,ponta-delgada
PT,Portugal,Portugal,9500-347,Ponta Delgada,Azores,23,Ponta Delgada,4203,Ponta Delgada,,37.7462,-25.6669,4,ponta-delgada
PT,Portugal,Portugal,9500-348,Ponta Delgada,Azores,23,Ponta Delgada,4203,Ponta Delgada,,37.7462,-25.6669,4,ponta-delgada
PT,Portugal,Portugal,9500-349,Ponta Delgada,Azores,23,Ponta Delgada,4203,Ponta Delgada,,37.7462,-25.6669,4,ponta-delgada
PT,Portugal,Portugal,9500-350,Ponta Delgada,Azores,23,Ponta Delgada,4203,Ponta Delgada,,37.7462,-25.6669,4,ponta-delgada
PT,Portugal,Portugal,9500-353,Ponta Delgada,Azores,23,Ponta Delgada,4203,Ponta Delgada,,37.7462,-25.6669,4,ponta-delgada
PT,Portugal,Portugal,9500-354,Ponta Delgada,Azores,23,Ponta Delgada,4203,Ponta Delgada,,37.7462,-25.6669,4,ponta-delgada
PT,Portugal,Portugal,9500-355,Ponta Delgada,Azores,23,Ponta Delgada,4203,Ponta Delgada,,37.7462,-25.6669,4,ponta-delgada
PT,Portugal,Portugal,9500-356,Arrifes,Azores,23,Ponta Delgada,4203,Ponta Delgada,,37.7667,-25.7,4,arrifes
PT,Portugal,Portugal,9500-357,Arrifes,Azores,23,Ponta Delgada,4203,Ponta Delgada,,37.7667,-25.7,4,arrifes
PT,Portugal,Portugal,9500-361,Ponta Delgada,Azores,23,Ponta Delgada,4203,Ponta Delgada,,37.7462,-25.6669,4,ponta-delgada
PT,Portugal,Portugal,9500-361,Arrifes,Azores,23,Ponta Delgada,4203,Ponta Delgada,,37.7667,-25.7,4,arrifes
PT,Portugal,Portugal,9500-362,Arrifes,Azores,23,Ponta Delgada,4203,Ponta Delgada,,37.7667,-25.7,4,arrifes
PT,Portugal,Portugal,9500-363,Arrifes,Azores,23,Ponta Delgada,4203,Ponta Delgada,,37.7667,-25.7,4,arrifes
PT,Portugal,Portugal,9500-364,Arrifes,Azores,23,Ponta Delgada,4203,Ponta Delgada,,37.7667,-25.7,4,arrifes
PT,Portugal,Portugal,9500-365,Arrifes,Azores,23,Ponta Delgada,4203,Ponta Delgada,,37.7667,-25.7,4,arrifes
PT,Portugal,Portugal,9500-366,Arrifes,Azores,23,Ponta Delgada,4203,Ponta Delgada,,37.7667,-25.7,4,arrifes
PT,Portugal,Portugal,9500-367,Arrifes,Azores,23,Ponta Delgada,4203,Ponta Delgada,,37.7667,-25.7,4,arrifes
PT,Portugal,Portugal,9500-368,Arrifes,Azores,23,Ponta Delgada,4203,Ponta Delgada,,37.7667,-25.7,4,arrifes
PT,Portugal,Portugal,9500-369,Arrifes,Azores,23,Ponta Delgada,4203,Ponta Delgada,,37.7667,-25.7,4,arrifes
PT,Portugal,Portugal,9500-370,Arrifes,Azores,23,Ponta Delgada,4203,Ponta Delgada,,37.7667,-25.7,4,arrifes
PT,Portugal,Portugal,9500-371,Arrifes,Azores,23,Ponta Delgada,4203,Ponta Delgada,,37.7667,-25.7,4,arrifes
PT,Portugal,Portugal,9500-372,Arrifes,Azores,23,Ponta Delgada,4203,Ponta Delgada,,37.7667,-25.7,4,arrifes
PT,Portugal,Portugal,9500-373,Arrifes,Azores,23,Ponta Delgada,4203,Ponta Delgada,,37.7667,-25.7,4,arrifes
PT,Portugal,Portugal,9500-374,Arrifes,Azores,23,Ponta Delgada,4203,Ponta Delgada,,37.7667,-25.7,4,arrifes
PT,Portugal,Portugal,9500-375,Arrifes,Azores,23,Ponta Delgada,4203,Ponta Delgada,,37.7667,-25.7,4,arrifes
PT,Portugal,Portugal,9500-376,Arrifes,Azores,23,Ponta Delgada,4203,Ponta Delgada,,37.7667,-25.7,4,arrifes
PT,Portugal,Portugal,9500-377,Arrifes,Azores,23,Ponta Delgada,4203,Ponta Delgada,,37.7667,-25.7,4,arrifes
PT,Portugal,Portugal,9500-378,Arrifes,Azores,23,Ponta Delgada,4203,Ponta Delgada,,37.7667,-25.7,4,arrifes
PT,Portugal,Portugal,9500-379,Arrifes,Azores,23,Ponta Delgada,4203,Ponta Delgada,,37.7667,-25.7,4,arrifes
PT,Portugal,Portugal,9500-380,Arrifes,Azores,23,Ponta Delgada,4203,Ponta Delgada,,37.7667,-25.7,4,arrifes
PT,Portugal,Portugal,9500-381,Arrifes,Azores,23,Ponta Delgada,4203,Ponta Delgada,,37.7667,-25.7,4,arrifes
PT,Portugal,Portugal,9500-382,Arrifes,Azores,23,Ponta Delgada,4203,Ponta Delgada,,37.7667,-25.7,4,arrifes
PT,Portugal,Portugal,9500-383,Arrifes,Azores,23,Ponta Delgada,4203,Ponta Delgada,,37.7667,-25.7,4,arrifes
PT,Portugal,Portugal,9500-383,Covoada,Azores,23,Ponta Delgada,4203,Ponta Delgada,,37.7667,-25.7,3,covoada
PT,Portugal,Portugal,9500-384,Covoada,Azores,23,Ponta Delgada,4203,Ponta Delgada,,37.7667,-25.7,1,covoada
PT,Portugal,Portugal,9500-401,Covoada,Azores,23,Ponta Delgada,4203,Ponta Delgada,,37.75,-25.6495,1,covoada
PT,Portugal,Portugal,9500-404,Covoada,Azores,23,Ponta Delgada,4203,Ponta Delgada,,37.75,-25.6495,1,covoada
PT,Portugal,Portugal,9500-405,Covoada,Azores,23,Ponta Delgada,4203,Ponta Delgada,,37.75,-25.6495,1,covoada
PT,Portugal,Portugal,9500-406,Covoada,Azores,23,Ponta Delgada,4203,Ponta Delgada,,37.75,-25.6495,1,covoada
PT,Portugal,Portugal,9500-431,Fajã de Baixo,Azores,23,Ponta Delgada,4203,Ponta Delgada,,37.75,-25.65,4,faja-de-baixo
PT,Portugal,Portugal,9500-432,Fajã de Baixo,Azores,23,Ponta Delgada,4203,Ponta Delgada,,37.75,-25.65,4,faja-de-baixo
PT,Portugal,Portugal,9500-433,Fajã de Baixo,Azores,23,Ponta Delgada,4203,Ponta Delgada,,37.75,-25.65,4,faja-de-baixo
PT,Portugal,Portugal,9500-435,Ponta Delgada,Azores,23,Ponta Delgada,4203,Ponta Delgada,,37.7462,-25.6669,4,ponta-delgada
PT,Portugal,Portugal,9500-435,Fajã de Baixo,Azores,23,Ponta Delgada,4203,Ponta Delgada,,37.75,-25.65,4,faja-de-baixo
PT,Portugal,Portugal,9500-436,Fajã de Baixo,Azores,23,Ponta Delgada,4203,Ponta Delgada,,37.75,-25.65,4,faja-de-baixo
PT,Portugal,Portugal,9500-437,Ponta Delgada,Azores,23,Ponta Delgada,4203,Ponta Delgada,,37.7462,-25.6669,4,ponta-delgada
PT,Portugal,Portugal,9500-438,Ponta Delgada,Azores,23,Ponta Delgada,4203,Ponta Delgada,,37.7462,-25.6669,4,ponta-delgada
PT,Portugal,Portugal,9500-439,Ponta Delgada,Azores,23,Ponta Delgada,4203,Ponta Delgada,,37.7462,-25.6669,4,ponta-delgada
PT,Portugal,Portugal,9500-441,Fajã de Baixo,Azores,23,Ponta Delgada,4203,Ponta Delgada,,37.75,-25.65,4,faja-de-baixo
PT,Portugal,Portugal,9500-442,Fajã de Baixo,Azores,23,Ponta Delgada,4203,Ponta Delgada,,37.75,-25.65,4,faja-de-baixo
PT,Portugal,Portugal,9500-443,Fajã de Baixo,Azores,23,Ponta Delgada,4203,Ponta Delgada,,37.75,-25.65,4,faja-de-baixo
PT,Portugal,Portugal,9500-445,Fajã de Baixo,Azores,23,Ponta Delgada,4203,Ponta Delgada,,37.75,-25.65,4,faja-de-baixo
PT,Portugal,Portugal,9500-446,Fajã de Baixo,Azores,23,Ponta Delgada,4203,Ponta Delgada,,37.75,-25.65,4,faja-de-baixo
PT,Portugal,Portugal,9500-447,Fajã de Baixo,Azores,23,Ponta Delgada,4203,Ponta Delgada,,37.75,-25.65,4,faja-de-baixo
PT,Portugal,Portugal,9500-448,Fajã de Baixo,Azores,23,Ponta Delgada,4203,Ponta Delgada,,37.75,-25.65,4,faja-de-baixo
PT,Portugal,Portugal,9500-449,Fajã de Baixo,Azores,23,Ponta Delgada,4203,Ponta Delgada,,37.75,-25.65,4,faja-de-baixo
PT,Portugal,Portugal,9500-450,Fajã de Baixo,Azores,23,Ponta Delgada,4203,Ponta Delgada,,37.75,-25.65,4,faja-de-baixo
PT,Portugal,Portugal,9500-450,São Roque,Azores,23,Ponta Delgada,4203,Ponta Delgada,,37.75,-25.6333,4,sao-roque
PT,Portugal,Portugal,9500-451,Fajã de Baixo,Azores,23,Ponta Delgada,4203,Ponta Delgada,,37.75,-25.65,4,faja-de-baixo
PT,Portugal,Portugal,9500-452,Fajã de Baixo,Azores,23,Ponta Delgada,4203,Ponta Delgada,,37.75,-25.65,4,faja-de-baixo
PT,Portugal,Portugal,9500-453,Fajã de Baixo,Azores,23,Ponta Delgada,4203,Ponta Delgada,,37.75,-25.65,4,faja-de-baixo
PT,Portugal,Portugal,9500-454,São Roque,Azores,23,Ponta Delgada,4203,Ponta Delgada,,37.75,-25.6333,4,sao-roque
PT,Portugal,Portugal,9500-454,Fajã de Baixo,Azores,23,Ponta Delgada,4203,Ponta Delgada,,37.75,-25.65,4,faja-de-baixo
PT,Portugal,Portugal,9500-455,São Roque,Azores,23,Ponta Delgada,4203,Ponta Delgada,,37.75,-25.6333,4,sao-roque
PT,Portugal,Portugal,9500-455,Fajã de Baixo,Azores,23,Ponta Delgada,4203,Ponta Delgada,,37.75,-25.65,4,faja-de-baixo
PT,Portugal,Portugal,9500-456,Fajã de Baixo,Azores,23,Ponta Delgada,4203,Ponta Delgada,,37.75,-25.65,4,faja-de-baixo
PT,Portugal,Portugal,9500-457,Fajã de Baixo,Azores,23,Ponta Delgada,4203,Ponta Delgada,,37.75,-25.65,4,faja-de-baixo
PT,Portugal,Portugal,9500-458,Fajã de Baixo,Azores,23,Ponta Delgada,4203,Ponta Delgada,,37.75,-25.65,4,faja-de-baixo
PT,Portugal,Portugal,9500-459,Fajã de Baixo,Azores,23,Ponta Delgada,4203,Ponta Delgada,,37.75,-25.65,4,faja-de-baixo
PT,Portugal,Portugal,9500-460,Fajã de Baixo,Azores,23,Ponta Delgada,4203,Ponta Delgada,,37.75,-25.65,4,faja-de-baixo
PT,Portugal,Portugal,9500-460,Fajã de Cima,Azores,23,Ponta Delgada,4203,Ponta Delgada,,37.7667,-25.6667,4,faja-de-cima
PT,Portugal,Portugal,9500-461,Fajã de Baixo,Azores,23,Ponta Delgada,4203,Ponta Delgada,,37.75,-25.65,4,faja-de-baixo
PT,Portugal,Portugal,9500-461,São Roque,Azores,23,Ponta Delgada,4203,Ponta Delgada,,37.75,-25.6333,4,sao-roque
PT,Portugal,Portugal,9500-462,Fajã de Baixo,Azores,23,Ponta Delgada,4203,Ponta Delgada,,37.75,-25.65,4,faja-de-baixo
PT,Portugal,Portugal,9500-463,Fajã de Baixo,Azores,23,Ponta Delgada,4203,Ponta Delgada,,37.75,-25.65,4,faja-de-baixo
PT,Portugal,Portugal,9500-464,Fajã de Baixo,Azores,23,Ponta Delgada,4203,Ponta Delgada,,37.75,-25.65,4,faja-de-baixo
PT,Portugal,Portugal,9500-465,Fajã de Baixo,Azores,23,Ponta Delgada,4203,Ponta Delgada,,37.75,-25.65,4,faja-de-baixo
PT,Portugal,Portugal,9500-466,Fajã de Baixo,Azores,23,Ponta Delgada,4203,Ponta Delgada,,37.75,-25.65,4,faja-de-baixo
PT,Portugal,Portugal,9500-501,Fajã de Cima,Azores,23,Ponta Delgada,4203,Ponta Delgada,,37.7667,-25.6667,4,faja-de-cima
PT,Portugal,Portugal,9500-503,Fajã de Cima,Azores,23,Ponta Delgada,4203,Ponta Delgada,,37.7667,-25.6667,4,faja-de-cima
PT,Portugal,Portugal,9500-504,Fajã de Cima,Azores,23,Ponta Delgada,4203,Ponta Delgada,,37.7667,-25.6667,4,faja-de-cima
PT,Portugal,Portugal,9500-505,Fajã de Cima,Azores,23,Ponta Delgada,4203,Ponta Delgada,,37.7667,-25.6667,4,faja-de-cima
PT,Portugal,Portugal,9500-506,Fajã de Cima,Azores,23,Ponta Delgada,4203,Ponta Delgada,,37.7667,-25.6667,4,faja-de-cima
PT,Portugal,Portugal,9500-508,Ponta Delgada,Azores,23,Ponta Delgada,4203,Ponta Delgada,,37.7462,-25.6669,4,ponta-delgada
PT,Portugal,Portugal,9500-508,Fajã de Cima,Azores,23,Ponta Delgada,4203,Ponta Delgada,,37.7667,-25.6667,4,faja-de-cima
PT,Portugal,Portugal,9500-509,Fajã de Cima,Azores,23,Ponta Delgada,4203,Ponta Delgada,,37.7667,-25.6667,4,faja-de-cima
PT,Portugal,Portugal,9500-510,Fajã de Cima,Azores,23,Ponta Delgada,4203,Ponta Delgada,,37.7667,-25.6667,4,faja-de-cima
PT,Portugal,Portugal,9500-510,Fajã de Baixo,Azores,23,Ponta Delgada,4203,Ponta Delgada,,37.75,-25.65,4,faja-de-baixo
PT,Portugal,Portugal,9500-511,Fajã de Cima,Azores,23,Ponta Delgada,4203,Ponta Delgada,,37.7667,-25.6667,4,faja-de-cima
PT,Portugal,Portugal,9500-512,Fajã de Cima,Azores,23,Ponta Delgada,4203,Ponta Delgada,,37.7667,-25.6667,4,faja-de-cima
PT,Portugal,Portugal,9500-513,Fajã de Cima,Azores,23,Ponta Delgada,4203,Ponta Delgada,,37.7667,-25.6667,4,faja-de-cima
PT,Portugal,Portugal,9500-513,Fajã de Baixo,Azores,23,Ponta Delgada,4203,Ponta Delgada,,37.75,-25.65,4,faja-de-baixo
PT,Portugal,Portugal,9500-515,Fajã de Baixo,Azores,23,Ponta Delgada,4203,Ponta Delgada,,37.75,-25.65,4,faja-de-baixo
PT,Portugal,Portugal,9500-516,Fajã de Baixo,Azores,23,Ponta Delgada,4203,Ponta Delgada,,37.75,-25.65,4,faja-de-baixo
PT,Portugal,Portugal,9500-516,Fajã de Cima,Azores,23,Ponta Delgada,4203,Ponta Delgada,,37.7667,-25.6667,4,faja-de-cima
PT,Portugal,Portugal,9500-517,Fajã de Cima,Azores,23,Ponta Delgada,4203,Ponta Delgada,,37.7667,-25.6667,4,faja-de-cima
PT,Portugal,Portugal,9500-518,Fajã de Cima,Azores,23,Ponta Delgada,4203,Ponta Delgada,,37.7667,-25.6667,4,faja-de-cima
PT,Portugal,Portugal,9500-552,Feteiras,Azores,23,Ponta Delgada,4203,Ponta Delgada,,37.8,-25.7833,4,feteiras
PT,Portugal,Portugal,9500-553,Feteiras,Azores,23,Ponta Delgada,4203,Ponta Delgada,,37.8,-25.7833,4,feteiras
PT,Portugal,Portugal,9500-554,Feteiras,Azores,23,Ponta Delgada,4203,Ponta Delgada,,37.8,-25.7833,4,feteiras
PT,Portugal,Portugal,9500-555,Feteiras,Azores,23,Ponta Delgada,4203,Ponta Delgada,,37.8,-25.7833,4,feteiras
PT,Portugal,Portugal,9500-556,Feteiras,Azores,23,Ponta Delgada,4203,Ponta Delgada,,37.8,-25.7833,4,feteiras
PT,Portugal,Portugal,9500-557,Feteiras,Azores,23,Ponta Delgada,4203,Ponta Delgada,,37.8,-25.7833,4,feteiras
PT,Portugal,Portugal,9500-558,Feteiras,Azores,23,Ponta Delgada,4203,Ponta Delgada,,37.8,-25.7833,4,feteiras
PT,Portugal,Portugal,9500-559,Feteiras,Azores,23,Ponta Delgada,4203,Ponta Delgada,,37.8,-25.7833,4,feteiras
PT,Portugal,Portugal,9500-601,São Roque,Azores,23,Ponta Delgada,4203,Ponta Delgada,,37.75,-25.6333,4,sao-roque
PT,Portugal,Portugal,9500-601,Livramento,Azores,23,Ponta Delgada,4203,Ponta Delgada,,37.75,-25.6167,4,livramento
PT,Portugal,Portugal,9500-602,Livramento,Azores,23,Ponta Delgada,4203,Ponta Delgada,,37.75,-25.6167,4,livramento
PT,Portugal,Portugal,9500-603,Livramento,Azores,23,Ponta Delgada,4203,Ponta Delgada,,37.75,-25.6167,4,livramento
PT,Portugal,Portugal,9500-604,Livramento,Azores,23,Ponta Delgada,4203,Ponta Delgada,,37.75,-25.6167,4,livramento
PT,Portugal,Portugal,9500-605,Livramento,Azores,23,Ponta Delgada,4203,Ponta Delgada,,37.75,-25.6167,4,livramento
PT,Portugal,Portugal,9500-606,Livramento,Azores,23,Ponta Delgada,4203,Ponta Delgada,,37.75,-25.6167,4,livramento
PT,Portugal,Portugal,9500-608,Livramento,Azores,23,Ponta Delgada,4203,Ponta Delgada,,37.75,-25.6167,4,livramento
PT,Portugal,Portugal,9500-609,Livramento,Azores,23,Ponta Delgada,4203,Ponta Delgada,,37.75,-25.6167,4,livramento
PT,Portugal,Portugal,9500-609,São Roque,Azores,23,Ponta Delgada,4203,Ponta Delgada,,37.75,-25.6333,4,sao-roque
PT,Portugal,Portugal,9500-611,Livramento,Azores,23,Ponta Delgada,4203,Ponta Delgada,,37.75,-25.6167,4,livramento
PT,Portugal,Portugal,9500-612,Livramento,Azores,23,Ponta Delgada,4203,Ponta Delgada,,37.75,-25.6167,4,livramento
PT,Portugal,Portugal,9500-612,São Roque,Azores,23,Ponta Delgada,4203,Ponta Delgada,,37.75,-25.6333,4,sao-roque
PT,Portugal,Portugal,9500-613,Livramento,Azores,23,Ponta Delgada,4203,Ponta Delgada,,37.75,-25.6167,4,livramento
PT,Portugal,Portugal,9500-614,Livramento,Azores,23,Ponta Delgada,4203,Ponta Delgada,,37.75,-25.6167,4,livramento
PT,Portugal,Portugal,9500-615,São Roque,Azores,23,Ponta Delgada,4203,Ponta Delgada,,37.75,-25.6333,4,sao-roque
PT,Portugal,Portugal,9500-615,Livramento,Azores,23,Ponta Delgada,4203,Ponta Delgada,,37.75,-25.6167,4,livramento
PT,Portugal,Portugal,9500-616,Livramento,Azores,23,Ponta Delgada,4203,Ponta Delgada,,37.75,-25.6167,4,livramento
PT,Portugal,Portugal,9500-617,Livramento,Azores,23,Ponta Delgada,4203,Ponta Delgada,,37.75,-25.6167,4,livramento
PT,Portugal,Portugal,9500-618,Livramento,Azores,23,Ponta Delgada,4203,Ponta Delgada,,37.75,-25.6167,4,livramento
PT,Portugal,Portugal,9500-619,Livramento,Azores,23,Ponta Delgada,4203,Ponta Delgada,,37.75,-25.6167,4,livramento
PT,Portugal,Portugal,9500-619,São Roque,Azores,23,Ponta Delgada,4203,Ponta Delgada,,37.75,-25.6333,4,sao-roque
PT,Portugal,Portugal,9500-651,Relva,Azores,23,Ponta Delgada,4203,Ponta Delgada,,37.75,-25.7167,4,relva
PT,Portugal,Portugal,9500-652,Relva,Azores,23,Ponta Delgada,4203,Ponta Delgada,,37.75,-25.7167,4,relva
PT,Portugal,Portugal,9500-653,Relva,Azores,23,Ponta Delgada,4203,Ponta Delgada,,37.75,-25.7167,4,relva
PT,Portugal,Portugal,9500-655,Relva,Azores,23,Ponta Delgada,4203,Ponta Delgada,,37.75,-25.7167,4,relva
PT,Portugal,Portugal,9500-656,Relva,Azores,23,Ponta Delgada,4203,Ponta Delgada,,37.75,-25.7167,4,relva
PT,Portugal,Portugal,9500-657,Relva,Azores,23,Ponta Delgada,4203,Ponta Delgada,,37.75,-25.7167,4,relva
PT,Portugal,Portugal,9500-659,Relva,Azores,23,Ponta Delgada,4203,Ponta Delgada,,37.75,-25.7167,4,relva
PT,Portugal,Portugal,9500-660,Relva,Azores,23,Ponta Delgada,4203,Ponta Delgada,,37.75,-25.7167,4,relva
PT,Portugal,Portugal,9500-661,Relva,Azores,23,Ponta Delgada,4203,Ponta Delgada,,37.75,-25.7167,4,relva
PT,Portugal,Portugal,9500-662,Relva,Azores,23,Ponta Delgada,4203,Ponta Delgada,,37.75,-25.7167,4,relva
PT,Portugal,Portugal,9500-663,Relva,Azores,23,Ponta Delgada,4203,Ponta Delgada,,37.75,-25.7167,4,relva
PT,Portugal,Portugal,9500-664,Relva,Azores,23,Ponta Delgada,4203,Ponta Delgada,,37.75,-25.7167,4,relva
PT,Portugal,Portugal,9500-665,Ponta Delgada,Azores,23,Ponta Delgada,4203,Ponta Delgada,,37.7462,-25.6669,4,ponta-delgada
PT,Portugal,Portugal,9500-666,Relva,Azores,23,Ponta Delgada,4203,Ponta Delgada,,37.75,-25.7167,4,relva
PT,Portugal,Portugal,9500-667,Relva,Azores,23,Ponta Delgada,4203,Ponta Delgada,,37.75,-25.7167,4,relva
PT,Portugal,Portugal,9500-669,Relva,Azores,23,Ponta Delgada,4203,Ponta Delgada,,37.75,-25.7167,4,relva
PT,Portugal,Portugal,9500-670,Relva,Azores,23,Ponta Delgada,4203,Ponta Delgada,,37.75,-25.7167,4,relva
PT,Portugal,Portugal,9500-671,Relva,Azores,23,Ponta Delgada,4203,Ponta Delgada,,37.75,-25.7167,4,relva
PT,Portugal,Portugal,9500-672,Relva,Azores,23,Ponta Delgada,4203,Ponta Delgada,,37.75,-25.7167,4,relva
PT,Portugal,Portugal,9500-673,Relva,Azores,23,Ponta Delgada,4203,Ponta Delgada,,37.75,-25.7167,4,relva
PT,Portugal,Portugal,9500-674,Relva,Azores,23,Ponta Delgada,4203,Ponta Delgada,,37.75,-25.7167,4,relva
PT,Portugal,Portugal,9500-675,Relva,Azores,23,Ponta Delgada,4203,Ponta Delgada,,37.75,-25.7167,4,relva
PT,Portugal,Portugal,9500-676,Relva,Azores,23,Ponta Delgada,4203,Ponta Delgada,,37.75,-25.7167,4,relva
PT,Portugal,Portugal,9500-680,Relva,Azores,23,Ponta Delgada,4203,Ponta Delgada,,37.75,-25.7167,4,relva
PT,Portugal,Portugal,9500-681,Relva,Azores,23,Ponta Delgada,4203,Ponta Delgada,,37.75,-25.7167,4,relva
PT,Portugal,Portugal,9500-682,Relva,Azores,23,Ponta Delgada,4203,Ponta Delgada,,37.75,-25.7167,4,relva
PT,Portugal,Portugal,9500-700,Ponta Delgada,Azores,23,Ponta Delgada,4203,Ponta Delgada,,37.7462,-25.6669,4,ponta-delgada
PT,Portugal,Portugal,9500-701,Fajã de Baixo,Azores,23,Ponta Delgada,4203,Ponta Delgada,,37.75,-25.65,4,faja-de-baixo
PT,Portugal,Portugal,9500-701,São Roque,Azores,23,Ponta Delgada,4203,Ponta Delgada,,37.75,-25.6333,4,sao-roque
PT,Portugal,Portugal,9500-702,São Roque,Azores,23,Ponta Delgada,4203,Ponta Delgada,,37.75,-25.6333,4,sao-roque
PT,Portugal,Portugal,9500-702,Ponta Delgada,Azores,23,Ponta Delgada,4203,Ponta Delgada,,37.7462,-25.6669,4,ponta-delgada
PT,Portugal,Portugal,9500-702,Livramento,Azores,23,Ponta Delgada,4203,Ponta Delgada,,37.75,-25.6167,4,livramento
PT,Portugal,Portugal,9500-702,Fajã de Baixo,Azores,23,Ponta Delgada,4203,Ponta Delgada,,37.75,-25.65,4,faja-de-baixo
PT,Portugal,Portugal,9500-703,São Roque,Azores,23,Ponta Delgada,4203,Ponta Delgada,,37.75,-25.6333,4,sao-roque
PT,Portugal,Portugal,9500-704,São Roque,Azores,23,Ponta Delgada,4203,Ponta Delgada,,37.75,-25.6333,4,sao-roque
PT,Portugal,Portugal,9500-705,São Roque,Azores,23,Ponta Delgada,4203,Ponta Delgada,,37.75,-25.6333,4,sao-roque
PT,Portugal,Portugal,9500-706,São Roque,Azores,23,Ponta Delgada,4203,Ponta Delgada,,37.75,-25.6333,4,sao-roque
PT,Portugal,Portugal,9500-706,Ponta Delgada,Azores,23,Ponta Delgada,4203,Ponta Delgada,,37.7462,-25.6669,4,ponta-delgada
PT,Portugal,Portugal,9500-707,São Roque,Azores,23,Ponta Delgada,4203,Ponta Delgada,,37.75,-25.6333,4,sao-roque
PT,Portugal,Portugal,9500-708,São Roque,Azores,23,Ponta Delgada,4203,Ponta Delgada,,37.75,-25.6333,4,sao-roque
PT,Portugal,Portugal,9500-709,São Roque,Azores,23,Ponta Delgada,4203,Ponta Delgada,,37.75,-25.6333,4,sao-roque
PT,Portugal,Portugal,9500-711,São Roque,Azores,23,Ponta Delgada,4203,Ponta Delgada,,37.75,-25.6333,4,sao-roque
PT,Portugal,Portugal,9500-711,Livramento,Azores,23,Ponta Delgada,4203,Ponta Delgada,,37.75,-25.6167,4,livramento
PT,Portugal,Portugal,9500-712,São Roque,Azores,23,Ponta Delgada,4203,Ponta Delgada,,37.75,-25.6333,4,sao-roque
PT,Portugal,Portugal,9500-713,São Roque,Azores,23,Ponta Delgada,4203,Ponta Delgada,,37.75,-25.6333,4,sao-roque
PT,Portugal,Portugal,9500-714,São Roque,Azores,23,Ponta Delgada,4203,Ponta Delgada,,37.75,-25.6333,4,sao-roque
PT,Portugal,Portugal,9500-715,São Roque,Azores,23,Ponta Delgada,4203,Ponta Delgada,,37.75,-25.6333,4,sao-roque
PT,Portugal,Portugal,9500-716,São Roque,Azores,23,Ponta Delgada,4203,Ponta Delgada,,37.75,-25.6333,4,sao-roque
PT,Portugal,Portugal,9500-717,São Roque,Azores,23,Ponta Delgada,4203,Ponta Delgada,,37.75,-25.6333,4,sao-roque
PT,Portugal,Portugal,9500-719,São Roque,Azores,23,Ponta Delgada,4203,Ponta Delgada,,37.75,-25.6333,4,sao-roque
PT,Portugal,Portugal,9500-720,São Roque,Azores,23,Ponta Delgada,4203,Ponta Delgada,,37.75,-25.6333,4,sao-roque
PT,Portugal,Portugal,9500-725,Livramento,Azores,23,Ponta Delgada,4203,Ponta Delgada,,37.75,-25.6167,4,livramento
PT,Portugal,Portugal,9500-726,Ponta Delgada,Azores,23,Ponta Delgada,4203,Ponta Delgada,,37.7462,-25.6669,4,ponta-delgada
PT,Portugal,Portugal,9500-727,Ponta Delgada,Azores,23,Ponta Delgada,4203,Ponta Delgada,,37.7462,-25.6669,4,ponta-delgada
PT,Portugal,Portugal,9500-728,Ponta Delgada,Azores,23,Ponta Delgada,4203,Ponta Delgada,,37.7462,-25.6669,4,ponta-delgada
PT,Portugal,Portugal,9500-729,Ponta Delgada,Azores,23,Ponta Delgada,4203,Ponta Delgada,,37.7462,-25.6669,4,ponta-delgada
PT,Portugal,Portugal,9500-730,Fajã de Cima,Azores,23,Ponta Delgada,4203,Ponta Delgada,,37.7667,-25.6667,4,faja-de-cima
PT,Portugal,Portugal,9500-731,Ponta Delgada,Azores,23,Ponta Delgada,4203,Ponta Delgada,,37.7462,-25.6669,4,ponta-delgada
PT,Portugal,Portugal,9500-732,Ponta Delgada,Azores,23,Ponta Delgada,4203,Ponta Delgada,,37.7462,-25.6669,4,ponta-delgada
PT,Portugal,Portugal,9500-733,Ponta Delgada,Azores,23,Ponta Delgada,4203,Ponta Delgada,,37.7462,-25.6669,4,ponta-delgada
PT,Portugal,Portugal,9500-734,Fajã de Baixo,Azores,23,Ponta Delgada,4203,Ponta Delgada,,37.75,-25.65,4,faja-de-baixo
PT,Portugal,Portugal,9500-735,Livramento,Azores,23,Ponta Delgada,4203,Ponta Delgada,,37.75,-25.6167,4,livramento
PT,Portugal,Portugal,9500-736,Ponta Delgada,Azores,23,Ponta Delgada,4203,Ponta Delgada,,37.7462,-25.6669,4,ponta-delgada
PT,Portugal,Portugal,9500-737,Livramento,Azores,23,Ponta Delgada,4203,Ponta Delgada,,37.75,-25.6167,4,livramento
PT,Portugal,Portugal,9500-738,Livramento,Azores,23,Ponta Delgada,4203,Ponta Delgada,,37.75,-25.6167,4,livramento
PT,Portugal,Portugal,9500-739,Livramento,Azores,23,Ponta Delgada,4203,Ponta Delgada,,37.75,-25.6167,4,livramento
PT,Portugal,Portugal,9500-740,Livramento,Azores,23,Ponta Delgada,4203,Ponta Delgada,,37.75,-25.6167,4,livramento
PT,Portugal,Portugal,9500-741,Livramento,Azores,23,Ponta Delgada,4203,Ponta Delgada,,37.75,-25.6167,4,livramento
PT,Portugal,Portugal,9500-742,Livramento,Azores,23,Ponta Delgada,4203,Ponta Delgada,,37.75,-25.6167,4,livramento
PT,Portugal,Portugal,9500-743,Livramento,Azores,23,Ponta Delgada,4203,Ponta Delgada,,37.75,-25.6167,4,livramento
PT,Portugal,Portugal,9500-744,Livramento,Azores,23,Ponta Delgada,4203,Ponta Delgada,,37.75,-25.6167,4,livramento
PT,Portugal,Portugal,9500-746,Ponta Delgada,Azores,23,Ponta Delgada,4203,Ponta Delgada,,37.7462,-25.6669,4,ponta-delgada
PT,Portugal,Portugal,9500-747,São Roque,Azores,23,Ponta Delgada,4203,Ponta Delgada,,37.75,-25.6333,4,sao-roque
PT,Portugal,Portugal,9500-748,Arrifes,Azores,23,Ponta Delgada,4203,Ponta Delgada,,37.7667,-25.7,4,arrifes
PT,Portugal,Portugal,9500-749,Relva,Azores,23,Ponta Delgada,4203,Ponta Delgada,,37.75,-25.7167,4,relva
PT,Portugal,Portugal,9500-750,Ponta Delgada,Azores,23,Ponta Delgada,4203,Ponta Delgada,,37.7462,-25.6669,4,ponta-delgada
PT,Portugal,Portugal,9500-751,Fajã de Baixo,Azores,23,Ponta Delgada,4203,Ponta Delgada,,37.75,-25.65,4,faja-de-baixo
PT,Portugal,Portugal,9500-752,Fajã de Baixo,Azores,23,Ponta Delgada,4203,Ponta Delgada,,37.75,-25.65,4,faja-de-baixo
PT,Portugal,Portugal,9500-753,Ponta Delgada,Azores,23,Ponta Delgada,4203,Ponta Delgada,,37.7462,-25.6669,4,ponta-delgada
PT,Portugal,Portugal,9500-755,Livramento,Azores,23,Ponta Delgada,4203,Ponta Delgada,,37.75,-25.6167,4,livramento
PT,Portugal,Portugal,9500-756,Livramento,Azores,23,Ponta Delgada,4203,Ponta Delgada,,37.75,-25.6167,4,livramento
PT,Portugal,Portugal,9500-757,Livramento,Azores,23,Ponta Delgada,4203,Ponta Delgada,,37.75,-25.6167,4,livramento
PT,Portugal,Portugal,9500-758,Fajã de Baixo,Azores,23,Ponta Delgada,4203,Ponta Delgada,,37.75,-25.65,4,faja-de-baixo
PT,Portugal,Portugal,9500-759,Fajã de Baixo,Azores,23,Ponta Delgada,4203,Ponta Delgada,,37.75,-25.65,4,faja-de-baixo
PT,Portugal,Portugal,9500-760,Fajã de Baixo,Azores,23,Ponta Delgada,4203,Ponta Delgada,,37.75,-25.65,4,faja-de-baixo
PT,Portugal,Portugal,9500-761,Ponta Delgada,Azores,23,Ponta Delgada,4203,Ponta Delgada,,37.7462,-25.6669,4,ponta-delgada
PT,Portugal,Portugal,9500-762,Ponta Delgada,Azores,23,Ponta Delgada,4203,Ponta Delgada,,37.7462,-25.6669,4,ponta-delgada
PT,Portugal,Portugal,9500-763,Ponta Delgada,Azores,23,Ponta Delgada,4203,Ponta Delgada,,37.7462,-25.6669,4,ponta-delgada
PT,Portugal,Portugal,9500-764,Ponta Delgada,Azores,23,Ponta Delgada,4203,Ponta Delgada,,37.7462,-25.6669,4,ponta-delgada
PT,Portugal,Portugal,9500-767,Ponta Delgada,Azores,23,Ponta Delgada,4203,Ponta Delgada,,37.7462,-25.6669,4,ponta-delgada
PT,Portugal,Portugal,9500-768,Ponta Delgada,Azores,23,Ponta Delgada,4203,Ponta Delgada,,37.7462,-25.6669,4,ponta-delgada
PT,Portugal,Portugal,9500-769,Ponta Delgada,Azores,23,Ponta Delgada,4203,Ponta Delgada,,37.7462,-25.6669,4,ponta-delgada
PT,Portugal,Portugal,9500-770,Ponta Delgada,Azores,23,Ponta Delgada,4203,Ponta Delgada,,37.7462,-25.6669,4,ponta-delgada
PT,Portugal,Portugal,9500-771,Ponta Delgada,Azores,23,Ponta Delgada,4203,Ponta Delgada,,37.7462,-25.6669,4,ponta-delgada
PT,Portugal,Portugal,9500-772,Ponta Delgada,Azores,23,Ponta Delgada,4203,Ponta Delgada,,37.7462,-25.6669,4,ponta-delgada
PT,Portugal,Portugal,9500-773,Fajã de Baixo,Azores,23,Ponta Delgada,4203,Ponta Delgada,,37.75,-25.65,4,faja-de-baixo
PT,Portugal,Portugal,9500-774,Fajã de Baixo,Azores,23,Ponta Delgada,4203,Ponta Delgada,,37.75,-25.65,4,faja-de-baixo
PT,Portugal,Portugal,9500-775,Fajã de Baixo,Azores,23,Ponta Delgada,4203,Ponta Delgada,,37.75,-25.65,4,faja-de-baixo
PT,Portugal,Portugal,9500-777,Livramento,Azores,23,Ponta Delgada,4203,Ponta Delgada,,37.75,-25.6167,4,livramento
PT,Portugal,Portugal,9500-778,Livramento,Azores,23,Ponta Delgada,4203,Ponta Delgada,,37.75,-25.6167,4,livramento
PT,Portugal,Portugal,9500-779,Livramento,Azores,23,Ponta Delgada,4203,Ponta Delgada,,37.75,-25.6167,4,livramento
PT,Portugal,Portugal,9500-780,Livramento,Azores,23,Ponta Delgada,4203,Ponta Delgada,,37.75,-25.6167,4,livramento
PT,Portugal,Portugal,9500-781,São Roque,Azores,23,Ponta Delgada,4203,Ponta Delgada,,37.75,-25.6333,4,sao-roque
PT,Portugal,Portugal,9500-782,Ponta Delgada,Azores,23,Ponta Delgada,4203,Ponta Delgada,,37.7462,-25.6669,4,ponta-delgada
PT,Portugal,Portugal,9500-783,Fajã de Cima,Azores,23,Ponta Delgada,4203,Ponta Delgada,,37.7667,-25.6667,4,faja-de-cima
PT,Portugal,Portugal,9500-784,Fajã de Baixo,Azores,23,Ponta Delgada,4203,Ponta Delgada,,37.75,-25.65,4,faja-de-baixo
PT,Portugal,Portugal,9500-785,Ponta Delgada,Azores,23,Ponta Delgada,4203,Ponta Delgada,,37.7462,-25.6669,4,ponta-delgada
PT,Portugal,Portugal,9500-786,Ponta Delgada,Azores,23,Ponta Delgada,4203,Ponta Delgada,,37.7462,-25.6669,4,ponta-delgada
PT,Portugal,Portugal,9500-787,Ponta Delgada,Azores,23,Ponta Delgada,4203,Ponta Delgada,,37.7462,-25.6669,4,ponta-delgada
PT,Portugal,Portugal,9500-789,Ponta Delgada,Azores,23,Ponta Delgada,4203,Ponta Delgada,,37.7462,-25.6669,4,ponta-delgada
PT,Portugal,Portugal,9500-790,Ponta Delgada,Azores,23,Ponta Delgada,4203,Ponta Delgada,,37.7462,-25.6669,4,ponta-delgada
PT,Portugal,Portugal,9500-791,Ponta Delgada,Azores,23,Ponta Delgada,4203,Ponta Delgada,,37.7462,-25.6669,4,ponta-delgada
PT,Portugal,Portugal,9500-792,Ponta Delgada,Azores,23,Ponta Delgada,4203,Ponta Delgada,,37.7462,-25.6669,4,ponta-delgada
PT,Portugal,Portugal,9500-793,Ponta Delgada,Azores,23,Ponta Delgada,4203,Ponta Delgada,,37.7462,-25.6669,4,ponta-delgada
PT,Portugal,Portugal,9500-794,São Roque,Azores,23,Ponta Delgada,4203,Ponta Delgada,,37.75,-25.6333,4,sao-roque
PT,Portugal,Portugal,9500-992,Fajã de Baixo,Azores,23,Ponta Delgada,4203,Ponta Delgada,,37.75,-25.65,4,faja-de-baixo
PT,Portugal,Portugal,9500-993,Arrifes,Azores,23,Ponta Delgada,4203,Ponta Delgada,,37.7667,-25.7,4,arrifes
PT,Portugal,Portugal,9500-994,Relva,Azores,23,Ponta Delgada,4203,Ponta Delgada,,37.75,-25.7167,4,relva
PT,Portugal,Portugal,9500-995,Ponta Delgada,Azores,23,Ponta Delgada,4203,Ponta Delgada,,37.7462,-25.6669,4,ponta-delgada
PT,Portugal,Portugal,9500-996,São Roque,Azores,23,Ponta Delgada,4203,Ponta Delgada,,37.75,-25.6333,4,sao-roque
PT,Portugal,Portugal,9500-997,Ponta Delgada,Azores,23,Ponta Delgada,4203,Ponta Delgada,,37.7462,-25.6669,4,ponta-delgada
PT,Portugal,Portugal,9500-998,Ponta Delgada,Azores,23,Ponta Delgada,4203,Ponta Delgada,,37.7462,-25.6669,4,ponta-delgada
PT,Portugal,Portugal,9500-999,Ponta Delgada,Azores,23,Ponta Delgada,4203,Ponta Delgada,,37.7462,-25.6669,4,ponta-delgada
PT,Portugal,Portugal,9504-501,Ponta Delgada,Azores,23,Ponta Delgada,4203,Ponta Delgada,,37.7462,-25.6669,4,ponta-delgada
PT,Portugal,Portugal,9504-502,Ponta Delgada,Azores,23,Ponta Delgada,4203,Ponta Delgada,,37.7462,-25.6669,4,ponta-delgada
PT,Portugal,Portugal,9504-503,Ponta Delgada,Azores,23,Ponta Delgada,4203,Ponta Delgada,,37.7462,-25.6669,4,ponta-delgada
PT,Portugal,Portugal,9504-504,Ponta Delgada,Azores,23,Ponta Delgada,4203,Ponta Delgada,,37.7462,-25.6669,4,ponta-delgada
PT,Portugal,Portugal,9504-505,Ponta Delgada,Azores,23,Ponta Delgada,4203,Ponta Delgada,,37.7462,-25.6669,4,ponta-delgada
PT,Portugal,Portugal,9504-506,Ponta Delgada,Azores,23,Ponta Delgada,4203,Ponta Delgada,,37.7462,-25.6669,4,ponta-delgada
PT,Portugal,Portugal,9504-507,Ponta Delgada,Azores,23,Ponta Delgada,4203,Ponta Delgada,,37.7462,-25.6669,4,ponta-delgada
PT,Portugal,Portugal,9504-508,Ponta Delgada,Azores,23,Ponta Delgada,4203,Ponta Delgada,,37.7462,-25.6669,4,ponta-delgada
PT,Portugal,Portugal,9504-509,Ponta Delgada,Azores,23,Ponta Delgada,4203,Ponta Delgada,,37.7462,-25.6669,4,ponta-delgada
PT,Portugal,Portugal,9504-510,Ponta Delgada,Azores,23,Ponta Delgada,4203,Ponta Delgada,,37.7462,-25.6669,4,ponta-delgada
PT,Portugal,Portugal,9504-511,Ponta Delgada,Azores,23,Ponta Delgada,4203,Ponta Delgada,,37.7462,-25.6669,4,ponta-delgada
PT,Portugal,Portugal,9504-512,Ponta Delgada,Azores,23,Ponta Delgada,4203,Ponta Delgada,,37.7462,-25.6669,4,ponta-delgada
PT,Portugal,Portugal,9504-513,Ponta Delgada,Azores,23,Ponta Delgada,4203,Ponta Delgada,,37.7462,-25.6669,4,ponta-delgada
PT,Portugal,Portugal,9504-514,Ponta Delgada,Azores,23,Ponta Delgada,4203,Ponta Delgada,,37.7462,-25.6669,4,ponta-delgada
PT,Portugal,Portugal,9504-516,Arrifes,Azores,23,Ponta Delgada,4203,Ponta Delgada,,37.7667,-25.7,4,arrifes
PT,Portugal,Portugal,9504-517,Ponta Delgada,Azores,23,Ponta Delgada,4203,Ponta Delgada,,37.7462,-25.6669,4,ponta-delgada
PT,Portugal,Portugal,9504-520,Ponta Delgada,Azores,23,Ponta Delgada,4203,Ponta Delgada,,37.7462,-25.6669,4,ponta-delgada
PT,Portugal,Portugal,9504-521,Ponta Delgada,Azores,23,Ponta Delgada,4203,Ponta Delgada,,37.7462,-25.6669,4,ponta-delgada
PT,Portugal,Portugal,9504-522,Ponta Delgada,Azores,23,Ponta Delgada,4203,Ponta Delgada,,37.7462,-25.6669,4,ponta-delgada
PT,Portugal,Portugal,9504-523,Ponta Delgada,Azores,23,Ponta Delgada,4203,Ponta Delgada,,37.7462,-25.6669,4,ponta-delgada
PT,Portugal,Portugal,9504-524,Ponta Delgada,Azores,23,Ponta Delgada,4203,Ponta Delgada,,37.7462,-25.6669,4,ponta-delgada
PT,Portugal,Portugal,9504-525,Ponta Delgada,Azores,23,Ponta Delgada,4203,Ponta Delgada,,37.7462,-25.6669,4,ponta-delgada
PT,Portugal,Portugal,9504-526,Ponta Delgada,Azores,23,Ponta Delgada,4203,Ponta Delgada,,37.7462,-25.6669,4,ponta-delgada
PT,Portugal,Portugal,9504-527,Ponta Delgada,Azores,23,Ponta Delgada,4203,Ponta Delgada,,37.7462,-25.6669,4,ponta-delgada
PT,Portugal,Portugal,9504-528,Ponta Delgada,Azores,23,Ponta Delgada,4203,Ponta Delgada,,37.7462,-25.6669,4,ponta-delgada
PT,Portugal,Portugal,9504-529,Ponta Delgada,Azores,23,Ponta Delgada,4203,Ponta Delgada,,37.7462,-25.6669,4,ponta-delgada
PT,Portugal,Portugal,9504-530,Ponta Delgada,Azores,23,Ponta Delgada,4203,Ponta Delgada,,37.7462,-25.6669,4,ponta-delgada
PT,Portugal,Portugal,9504-531,Ponta Delgada,Azores,23,Ponta Delgada,4203,Ponta Delgada,,37.7462,-25.6669,4,ponta-delgada
PT,Portugal,Portugal,9504-532,Ponta Delgada,Azores,23,Ponta Delgada,4203,Ponta Delgada,,37.7462,-25.6669,4,ponta-delgada
PT,Portugal,Portugal,9504-533,Ponta Delgada,Azores,23,Ponta Delgada,4203,Ponta Delgada,,37.7462,-25.6669,4,ponta-delgada
PT,Portugal,Portugal,9504-534,Ponta Delgada,Azores,23,Ponta Delgada,4203,Ponta Delgada,,37.7462,-25.6669,4,ponta-delgada
PT,Portugal,Portugal,9504-535,Ponta Delgada,Azores,23,Ponta Delgada,4203,Ponta Delgada,,37.7462,-25.6669,4,ponta-delgada
PT,Portugal,Portugal,9504-536,Ponta Delgada,Azores,23,Ponta Delgada,4203,Ponta Delgada,,37.7462,-25.6669,4,ponta-delgada
PT,Portugal,Portugal,9504-542,Ponta Delgada,Azores,23,Ponta Delgada,4203,Ponta Delgada,,37.7462,-25.6669,4,ponta-delgada
PT,Portugal,Portugal,9504-543,Ponta Delgada,Azores,23,Ponta Delgada,4203,Ponta Delgada,,37.7462,-25.6669,4,ponta-delgada
PT,Portugal,Portugal,9504-544,Ponta Delgada,Azores,23,Ponta Delgada,4203,Ponta Delgada,,37.7462,-25.6669,4,ponta-delgada
PT,Portugal,Portugal,9504-545,Fajã de Baixo,Azores,23,Ponta Delgada,4203,Ponta Delgada,,37.75,-25.65,4,faja-de-baixo
PT,Portugal,Portugal,9504-546,Ponta Delgada,Azores,23,Ponta Delgada,4203,Ponta Delgada,,37.7462,-25.6669,4,ponta-delgada
PT,Portugal,Portugal,9545-011,Ajuda,Azores,23,Ponta Delgada,4203,Ajuda Da Bretanha,420323,37.9,-25.7833,1,ajuda
PT,Portugal,Portugal,9545-012,Ajuda,Azores,23,Ponta Delgada,4203,Ajuda Da Bretanha,420323,37.9,-25.7833,1,ajuda
PT,Portugal,Portugal,9545-013,Ajuda,Azores,23,Ponta Delgada,4203,Ajuda Da Bretanha,420323,37.9,-25.7833,1,ajuda
PT,Portugal,Portugal,9545-014,Ajuda,Azores,23,Ponta Delgada,4203,Ajuda Da Bretanha,420323,37.9,-25.7833,1,ajuda
PT,Portugal,Portugal,9545-015,Ajuda,Azores,23,Ponta Delgada,4203,Ajuda Da Bretanha,420323,37.9,-25.7833,1,ajuda
PT,Portugal,Portugal,9545-016,Ajuda,Azores,23,Ponta Delgada,4203,Ajuda Da Bretanha,420323,37.9,-25.7833,1,ajuda
PT,Portugal,Portugal,9545-017,Ajuda,Azores,23,Ponta Delgada,4203,Ajuda Da Bretanha,420323,37.9,-25.7833,1,ajuda
PT,Portugal,Portugal,9545-018,Ajuda,Azores,23,Ponta Delgada,4203,Ajuda Da Bretanha,420323,37.9,-25.7833,1,ajuda
PT,Portugal,Portugal,9545-019,Ajuda,Azores,23,Ponta Delgada,4203,Ajuda Da Bretanha,420323,37.9,-25.7833,1,ajuda
PT,Portugal,Portugal,9545-020,Ajuda,Azores,23,Ponta Delgada,4203,Ajuda Da Bretanha,420323,37.9,-25.7833,1,ajuda
PT,Portugal,Portugal,9545-021,Ajuda,Azores,23,Ponta Delgada,4203,Ajuda Da Bretanha,420323,37.9,-25.7833,1,ajuda
PT,Portugal,Portugal,9545-022,Ajuda,Azores,23,Ponta Delgada,4203,Ajuda Da Bretanha,420323,37.9,-25.7833,1,ajuda
PT,Portugal,Portugal,9545-023,Ajuda,Azores,23,Ponta Delgada,4203,Ajuda Da Bretanha,420323,37.9,-25.7833,1,ajuda
PT,Portugal,Portugal,9545-024,Ajuda,Azores,23,Ponta Delgada,4203,Ajuda Da Bretanha,420323,37.9,-25.7833,1,ajuda
PT,Portugal,Portugal,9545-025,Ajuda,Azores,23,Ponta Delgada,4203,Ajuda Da Bretanha,420323,37.9,-25.7833,1,ajuda
PT,Portugal,Portugal,9545-026,Ajuda,Azores,23,Ponta Delgada,4203,Ajuda Da Bretanha,420323,37.9,-25.7833,1,ajuda
PT,Portugal,Portugal,9545-027,Ajuda,Azores,23,Ponta Delgada,4203,Ajuda Da Bretanha,420323,37.9,-25.7833,1,ajuda
PT,Portugal,Portugal,9545-028,Ajuda,Azores,23,Ponta Delgada,4203,Ajuda Da Bretanha,420323,37.9,-25.7833,1,ajuda
PT,Portugal,Portugal,9545-029,Ajuda,Azores,23,Ponta Delgada,4203,Ajuda Da Bretanha,420323,37.9,-25.7833,1,ajuda
PT,Portugal,Portugal,9545-031,Ajuda,Azores,23,Ponta Delgada,4203,Ajuda Da Bretanha,420323,37.9,-25.7833,1,ajuda
PT,Portugal,Portugal,9545-032,Ajuda,Azores,23,Ponta Delgada,4203,Ajuda Da Bretanha,420323,37.9,-25.7833,1,ajuda
PT,Portugal,Portugal,9545-033,Ajuda,Azores,23,Ponta Delgada,4203,Ajuda Da Bretanha,420323,37.9,-25.7833,1,ajuda
PT,Portugal,Portugal,9545-034,Ajuda,Azores,23,Ponta Delgada,4203,Ajuda Da Bretanha,420323,37.9,-25.7833,1,ajuda
PT,Portugal,Portugal,9545-035,Ajuda,Azores,23,Ponta Delgada,4203,Ajuda Da Bretanha,420323,37.9,-25.7833,1,ajuda
PT,Portugal,Portugal,9545-036,Ajuda,Azores,23,Ponta Delgada,4203,Ajuda Da Bretanha,420323,37.9,-25.7833,1,ajuda
PT,Portugal,Portugal,9545-037,Ajuda,Azores,23,Ponta Delgada,4203,Ajuda Da Bretanha,420323,37.9,-25.7833,1,ajuda
PT,Portugal,Portugal,9545-038,Ajuda,Azores,23,Ponta Delgada,4203,Ajuda Da Bretanha,420323,37.9,-25.7833,1,ajuda
PT,Portugal,Portugal,9545-051,João Bom,Azores,23,Ponta Delgada,4203,Pilar Da Bretanha,420324,37.9,-25.7833,1,joao-bom
PT,Portugal,Portugal,9545-052,João Bom,Azores,23,Ponta Delgada,4203,Pilar Da Bretanha,420324,37.9,-25.7833,1,joao-bom
PT,Portugal,Portugal,9545-053,João Bom,Azores,23,Ponta Delgada,4203,Pilar Da Bretanha,420324,37.9,-25.7833,1,joao-bom
PT,Portugal,Portugal,9545-054,João Bom,Azores,23,Ponta Delgada,4203,Pilar Da Bretanha,420324,37.9,-25.7833,1,joao-bom
PT,Portugal,Portugal,9545-055,João Bom,Azores,23,Ponta Delgada,4203,Pilar Da Bretanha,420324,37.9,-25.7833,1,joao-bom
PT,Portugal,Portugal,9545-056,João Bom,Azores,23,Ponta Delgada,4203,Pilar Da Bretanha,420324,37.9,-25.7833,1,joao-bom
PT,Portugal,Portugal,9545-057,João Bom,Azores,23,Ponta Delgada,4203,Pilar Da Bretanha,420324,37.9,-25.7833,1,joao-bom
PT,Portugal,Portugal,9545-058,João Bom,Azores,23,Ponta Delgada,4203,Pilar Da Bretanha,420324,37.9,-25.7833,1,joao-bom
PT,Portugal,Portugal,9545-059,João Bom,Azores,23,Ponta Delgada,4203,Pilar Da Bretanha,420324,37.9,-25.7833,1,joao-bom
PT,Portugal,Portugal,9545-060,João Bom,Azores,23,Ponta Delgada,4203,Pilar Da Bretanha,420324,37.9,-25.7833,1,joao-bom
PT,Portugal,Portugal,9545-061,João Bom,Azores,23,Ponta Delgada,4203,Pilar Da Bretanha,420324,37.9,-25.7833,1,joao-bom
PT,Portugal,Portugal,9545-062,João Bom,Azores,23,Ponta Delgada,4203,Pilar Da Bretanha,420324,37.9,-25.7833,1,joao-bom
PT,Portugal,Portugal,9545-063,João Bom,Azores,23,Ponta Delgada,4203,Pilar Da Bretanha,420324,37.9,-25.7833,1,joao-bom
PT,Portugal,Portugal,9545-064,João Bom,Azores,23,Ponta Delgada,4203,Pilar Da Bretanha,420324,37.9,-25.7833,1,joao-bom
PT,Portugal,Portugal,9545-065,João Bom,Azores,23,Ponta Delgada,4203,Pilar Da Bretanha,420324,37.9,-25.7833,1,joao-bom
PT,Portugal,Portugal,9545-066,Pilar,Azores,23,Ponta Delgada,4203,Pilar Da Bretanha,420324,37.9,-25.7833,4,pilar
PT,Portugal,Portugal,9545-067,João Bom,Azores,23,Ponta Delgada,4203,Pilar Da Bretanha,420324,37.9,-25.7833,1,joao-bom
PT,Portugal,Portugal,9545-068,Pilar,Azores,23,Ponta Delgada,4203,Pilar Da Bretanha,420324,37.9,-25.7833,4,pilar
PT,Portugal,Portugal,9545-069,João Bom,Azores,23,Ponta Delgada,4203,Pilar Da Bretanha,420324,37.9,-25.7833,1,joao-bom
PT,Portugal,Portugal,9545-080,Pilar,Azores,23,Ponta Delgada,4203,Pilar Da Bretanha,420324,37.9,-25.7833,4,pilar
PT,Portugal,Portugal,9545-100,Capelas,Azores,23,Ponta Delgada,4203,Capelas,420304,37.8333,-25.6833,4,capelas
PT,Portugal,Portugal,9545-101,Capelas,Azores,23,Ponta Delgada,4203,Capelas,420304,37.8333,-25.6833,4,capelas
PT,Portugal,Portugal,9545-102,Capelas,Azores,23,Ponta Delgada,4203,Capelas,420304,37.8333,-25.6833,4,capelas
PT,Portugal,Portugal,9545-103,Capelas,Azores,23,Ponta Delgada,4203,Capelas,420304,37.8333,-25.6833,4,capelas
PT,Portugal,Portugal,9545-104,Capelas,Azores,23,Ponta Delgada,4203,Capelas,420304,37.8333,-25.6833,4,capelas
PT,Portugal,Portugal,9545-105,Capelas,Azores,23,Ponta Delgada,4203,Capelas,420304,37.8333,-25.6833,4,capelas
PT,Portugal,Portugal,9545-106,Capelas,Azores,23,Ponta Delgada,4203,Capelas,420304,37.8333,-25.6833,4,capelas
PT,Portugal,Portugal,9545-108,Capelas,Azores,23,Ponta Delgada,4203,Capelas,420304,37.8333,-25.6833,4,capelas
PT,Portugal,Portugal,9545-109,Capelas,Azores,23,Ponta Delgada,4203,Capelas,420304,37.8333,-25.6833,4,capelas
PT,Portugal,Portugal,9545-110,Capelas,Azores,23,Ponta Delgada,4203,Capelas,420304,37.8333,-25.6833,4,capelas
PT,Portugal,Portugal,9545-111,Capelas,Azores,23,Ponta Delgada,4203,Capelas,420304,37.8333,-25.6833,4,capelas
PT,Portugal,Portugal,9545-112,Capelas,Azores,23,Ponta Delgada,4203,Capelas,420304,37.8333,-25.6833,4,capelas
PT,Portugal,Portugal,9545-113,Capelas,Azores,23,Ponta Delgada,4203,Capelas,420304,37.8333,-25.6833,4,capelas
PT,Portugal,Portugal,9545-114,Capelas,Azores,23,Ponta Delgada,4203,Capelas,420304,37.8333,-25.6833,4,capelas
PT,Portugal,Portugal,9545-115,Capelas,Azores,23,Ponta Delgada,4203,Capelas,420304,37.8333,-25.6833,4,capelas
PT,Portugal,Portugal,9545-116,Capelas,Azores,23,Ponta Delgada,4203,Capelas,420304,37.8333,-25.6833,4,capelas
PT,Portugal,Portugal,9545-117,Capelas,Azores,23,Ponta Delgada,4203,Capelas,420304,37.8333,-25.6833,4,capelas
PT,Portugal,Portugal,9545-118,Capelas,Azores,23,Ponta Delgada,4203,Capelas,420304,37.8333,-25.6833,4,capelas
PT,Portugal,Portugal,9545-119,Capelas,Azores,23,Ponta Delgada,4203,Capelas,420304,37.8333,-25.6833,4,capelas
PT,Portugal,Portugal,9545-120,Capelas,Azores,23,Ponta Delgada,4203,Capelas,420304,37.8333,-25.6833,4,capelas
PT,Portugal,Portugal,9545-121,Capelas,Azores,23,Ponta Delgada,4203,Capelas,420304,37.8333,-25.6833,4,capelas
PT,Portugal,Portugal,9545-122,Capelas,Azores,23,Ponta Delgada,4203,Capelas,420304,37.8333,-25.6833,4,capelas
PT,Portugal,Portugal,9545-123,Capelas,Azores,23,Ponta Delgada,4203,Capelas,420304,37.8333,-25.6833,4,capelas
PT,Portugal,Portugal,9545-124,Capelas,Azores,23,Ponta Delgada,4203,Capelas,420304,37.8333,-25.6833,4,capelas
PT,Portugal,Portugal,9545-125,Capelas,Azores,23,Ponta Delgada,4203,Capelas,420304,37.8333,-25.6833,4,capelas
PT,Portugal,Portugal,9545-126,Capelas,Azores,23,Ponta Delgada,4203,Capelas,420304,37.8333,-25.6833,4,capelas
PT,Portugal,Portugal,9545-127,Capelas,Azores,23,Ponta Delgada,4203,Capelas,420304,37.8333,-25.6833,4,capelas
PT,Portugal,Portugal,9545-128,Capelas,Azores,23,Ponta Delgada,4203,Capelas,420304,37.8333,-25.6833,4,capelas
PT,Portugal,Portugal,9545-129,Capelas,Azores,23,Ponta Delgada,4203,Capelas,420304,37.8333,-25.6833,4,capelas
PT,Portugal,Portugal,9545-130,Capelas,Azores,23,Ponta Delgada,4203,Capelas,420304,37.8333,-25.6833,4,capelas
PT,Portugal,Portugal,9545-131,Capelas,Azores,23,Ponta Delgada,4203,Capelas,420304,37.8333,-25.6833,4,capelas
PT,Portugal,Portugal,9545-132,Capelas,Azores,23,Ponta Delgada,4203,Capelas,420304,37.8333,-25.6833,4,capelas
PT,Portugal,Portugal,9545-133,Capelas,Azores,23,Ponta Delgada,4203,Capelas,420304,37.8333,-25.6833,4,capelas
PT,Portugal,Portugal,9545-134,Capelas,Azores,23,Ponta Delgada,4203,Capelas,420304,37.8333,-25.6833,4,capelas
PT,Portugal,Portugal,9545-135,Capelas,Azores,23,Ponta Delgada,4203,Capelas,420304,37.8333,-25.6833,4,capelas
PT,Portugal,Portugal,9545-136,Capelas,Azores,23,Ponta Delgada,4203,Capelas,420304,37.8333,-25.6833,4,capelas
PT,Portugal,Portugal,9545-137,Capelas,Azores,23,Ponta Delgada,4203,Capelas,420304,37.8333,-25.6833,4,capelas
PT,Portugal,Portugal,9545-138,Capelas,Azores,23,Ponta Delgada,4203,Capelas,420304,37.8333,-25.6833,4,capelas
PT,Portugal,Portugal,9545-139,Capelas,Azores,23,Ponta Delgada,4203,Capelas,420304,37.8333,-25.6833,4,capelas
PT,Portugal,Portugal,9545-140,Capelas,Azores,23,Ponta Delgada,4203,Capelas,420304,37.8333,-25.6833,4,capelas
PT,Portugal,Portugal,9545-141,Capelas,Azores,23,Ponta Delgada,4203,Capelas,420304,37.8333,-25.6833,4,capelas
PT,Portugal,Portugal,9545-142,Capelas,Azores,23,Ponta Delgada,4203,Capelas,420304,37.8333,-25.6833,4,capelas
PT,Portugal,Portugal,9545-143,Capelas,Azores,23,Ponta Delgada,4203,Capelas,420304,37.8333,-25.6833,4,capelas
PT,Portugal,Portugal,9545-144,Capelas,Azores,23,Ponta Delgada,4203,Capelas,420304,37.8333,-25.6833,4,capelas
PT,Portugal,Portugal,9545-145,Capelas,Azores,23,Ponta Delgada,4203,Capelas,420304,37.8333,-25.6833,4,capelas
PT,Portugal,Portugal,9545-146,Capelas,Azores,23,Ponta Delgada,4203,Capelas,420304,37.8333,-25.6833,4,capelas
PT,Portugal,Portugal,9545-147,Capelas,Azores,23,Ponta Delgada,4203,Capelas,420304,37.8333,-25.6833,4,capelas
PT,Portugal,Portugal,9545-148,Capelas,Azores,23,Ponta Delgada,4203,Capelas,420304,37.8333,-25.6833,4,capelas
PT,Portugal,Portugal,9545-149,Capelas,Azores,23,Ponta Delgada,4203,Capelas,420304,37.8333,-25.6833,4,capelas
PT,Portugal,Portugal,9545-150,Capelas,Azores,23,Ponta Delgada,4203,Capelas,420304,37.8333,-25.6833,4,capelas
PT,Portugal,Portugal,9545-151,Capelas,Azores,23,Ponta Delgada,4203,Capelas,420304,37.8333,-25.6833,4,capelas
PT,Portugal,Portugal,9545-152,Capelas,Azores,23,Ponta Delgada,4203,Capelas,420304,37.8333,-25.6833,4,capelas
PT,Portugal,Portugal,9545-153,Capelas,Azores,23,Ponta Delgada,4203,Capelas,420304,37.8333,-25.6833,4,capelas
PT,Portugal,Portugal,9545-154,Capelas,Azores,23,Ponta Delgada,4203,Capelas,420304,37.8333,-25.6833,4,capelas
PT,Portugal,Portugal,9545-155,Capelas,Azores,23,Ponta Delgada,4203,Capelas,420304,37.8333,-25.6833,4,capelas
PT,Portugal,Portugal,9545-156,Capelas,Azores,23,Ponta Delgada,4203,Capelas,420304,37.8333,-25.6833,4,capelas
PT,Portugal,Portugal,9545-157,Capelas,Azores,23,Ponta Delgada,4203,Capelas,420304,37.8333,-25.6833,4,capelas
PT,Portugal,Portugal,9545-158,Capelas,Azores,23,Ponta Delgada,4203,Capelas,420304,37.8333,-25.6833,4,capelas
PT,Portugal,Portugal,9545-159,Capelas,Azores,23,Ponta Delgada,4203,Capelas,420304,37.8333,-25.6833,4,capelas
PT,Portugal,Portugal,9545-160,Capelas,Azores,23,Ponta Delgada,4203,Capelas,420304,37.8333,-25.6833,4,capelas
PT,Portugal,Portugal,9545-161,Capelas,Azores,23,Ponta Delgada,4203,Capelas,420304,37.8333,-25.6833,4,capelas
PT,Portugal,Portugal,9545-162,Capelas,Azores,23,Ponta Delgada,4203,Capelas,420304,37.8333,-25.6833,4,capelas
PT,Portugal,Portugal,9545-163,Capelas,Azores,23,Ponta Delgada,4203,Capelas,420304,37.8333,-25.6833,4,capelas
PT,Portugal,Portugal,9545-164,Capelas,Azores,23,Ponta Delgada,4203,Capelas,420304,37.8333,-25.6833,4,capelas
PT,Portugal,Portugal,9545-165,Capelas,Azores,23,Ponta Delgada,4203,Capelas,420304,37.8333,-25.6833,4,capelas
PT,Portugal,Portugal,9545-201,Aflitos,Azores,23,Ponta Delgada,4203,Fenais Da Luz,420308,37.8,-25.6333,4,aflitos
PT,Portugal,Portugal,9545-202,Farropo,Azores,23,Ponta Delgada,4203,Fenais Da Luz,420308,37.8146,-25.638,1,farropo
PT,Portugal,Portugal,9545-211,Fenais da Luz,Azores,23,Ponta Delgada,4203,Fenais Da Luz,420308,37.8167,-25.6333,4,fenais-da-luz
PT,Portugal,Portugal,9545-212,Fenais da Luz,Azores,23,Ponta Delgada,4203,Fenais Da Luz,420308,37.8167,-25.6333,4,fenais-da-luz
PT,Portugal,Portugal,9545-213,Fenais da Luz,Azores,23,Ponta Delgada,4203,Fenais Da Luz,420308,37.8167,-25.6333,4,fenais-da-luz
PT,Portugal,Portugal,9545-214,Fenais da Luz,Azores,23,Ponta Delgada,4203,Fenais Da Luz,420308,37.8167,-25.6333,4,fenais-da-luz
PT,Portugal,Portugal,9545-215,Fenais da Luz,Azores,23,Ponta Delgada,4203,Fenais Da Luz,420308,37.8167,-25.6333,4,fenais-da-luz
PT,Portugal,Portugal,9545-216,Fenais da Luz,Azores,23,Ponta Delgada,4203,Fenais Da Luz,420308,37.8167,-25.6333,4,fenais-da-luz
PT,Portugal,Portugal,9545-217,Fenais da Luz,Azores,23,Ponta Delgada,4203,Fenais Da Luz,420308,37.8167,-25.6333,4,fenais-da-luz
PT,Portugal,Portugal,9545-218,Fenais da Luz,Azores,23,Ponta Delgada,4203,Fenais Da Luz,420308,37.8167,-25.6333,4,fenais-da-luz
PT,Portugal,Portugal,9545-219,Fenais da Luz,Azores,23,Ponta Delgada,4203,Fenais Da Luz,420308,37.8167,-25.6333,4,fenais-da-luz
PT,Portugal,Portugal,9545-220,Fenais da Luz,Azores,23,Ponta Delgada,4203,Fenais Da Luz,420308,37.8167,-25.6333,4,fenais-da-luz
PT,Portugal,Portugal,9545-221,Fenais da Luz,Azores,23,Ponta Delgada,4203,Fenais Da Luz,420308,37.8167,-25.6333,4,fenais-da-luz
PT,Portugal,Portugal,9545-222,Fenais da Luz,Azores,23,Ponta Delgada,4203,Fenais Da Luz,420308,37.8167,-25.6333,4,fenais-da-luz
PT,Portugal,Portugal,9545-223,Fenais da Luz,Azores,23,Ponta Delgada,4203,Fenais Da Luz,420308,37.8167,-25.6333,4,fenais-da-luz
PT,Portugal,Portugal,9545-224,Fenais da Luz,Azores,23,Ponta Delgada,4203,Fenais Da Luz,420308,37.8167,-25.6333,4,fenais-da-luz
PT,Portugal,Portugal,9545-225,Fenais da Luz,Azores,23,Ponta Delgada,4203,Fenais Da Luz,420308,37.8167,-25.6333,4,fenais-da-luz
PT,Portugal,Portugal,9545-227,São Vicente Ferreira,Azores,23,Ponta Delgada,4203,São Vicente Ferreira,420321,37.8167,-25.65,4,sao-vicente-ferreira
PT,Portugal,Portugal,9545-228,Fenais da Luz,Azores,23,Ponta Delgada,4203,Fenais Da Luz,420308,37.8167,-25.6333,4,fenais-da-luz
PT,Portugal,Portugal,9545-229,Fenais da Luz,Azores,23,Ponta Delgada,4203,Fenais Da Luz,420308,37.8167,-25.6333,4,fenais-da-luz
PT,Portugal,Portugal,9545-230,Fenais da Luz,Azores,23,Ponta Delgada,4203,Fenais Da Luz,420308,37.8167,-25.6333,4,fenais-da-luz
PT,Portugal,Portugal,9545-231,Fenais da Luz,Azores,23,Ponta Delgada,4203,Fenais Da Luz,420308,37.8167,-25.6333,4,fenais-da-luz
PT,Portugal,Portugal,9545-232,Fenais da Luz,Azores,23,Ponta Delgada,4203,Fenais Da Luz,420308,37.8167,-25.6333,4,fenais-da-luz
PT,Portugal,Portugal,9545-233,Fenais da Luz,Azores,23,Ponta Delgada,4203,Fenais Da Luz,420308,37.8167,-25.6333,4,fenais-da-luz
PT,Portugal,Portugal,9545-234,Fenais da Luz,Azores,23,Ponta Delgada,4203,Fenais Da Luz,420308,37.8167,-25.6333,4,fenais-da-luz
PT,Portugal,Portugal,9545-235,Fenais da Luz,Azores,23,Ponta Delgada,4203,Fenais Da Luz,420308,37.8167,-25.6333,4,fenais-da-luz
PT,Portugal,Portugal,9545-236,Fenais da Luz,Azores,23,Ponta Delgada,4203,Fenais Da Luz,420308,37.8167,-25.6333,4,fenais-da-luz
PT,Portugal,Portugal,9545-237,Fenais da Luz,Azores,23,Ponta Delgada,4203,Fenais Da Luz,420308,37.8167,-25.6333,4,fenais-da-luz
PT,Portugal,Portugal,9545-238,Fenais da Luz,Azores,23,Ponta Delgada,4203,Fenais Da Luz,420308,37.8167,-25.6333,4,fenais-da-luz
PT,Portugal,Portugal,9545-239,Fenais da Luz,Azores,23,Ponta Delgada,4203,Fenais Da Luz,420308,37.8167,-25.6333,4,fenais-da-luz
PT,Portugal,Portugal,9545-240,Fenais da Luz,Azores,23,Ponta Delgada,4203,Fenais Da Luz,420308,37.8167,-25.6333,4,fenais-da-luz
PT,Portugal,Portugal,9545-241,Fenais da Luz,Azores,23,Ponta Delgada,4203,Fenais Da Luz,420308,37.8167,-25.6333,4,fenais-da-luz
PT,Portugal,Portugal,9545-242,Fenais da Luz,Azores,23,Ponta Delgada,4203,Fenais Da Luz,420308,37.8167,-25.6333,4,fenais-da-luz
PT,Portugal,Portugal,9545-243,Fenais da Luz,Azores,23,Ponta Delgada,4203,Fenais Da Luz,420308,37.8167,-25.6333,4,fenais-da-luz
PT,Portugal,Portugal,9545-245,Fenais da Luz,Azores,23,Ponta Delgada,4203,Fenais Da Luz,420308,37.8167,-25.6333,4,fenais-da-luz
PT,Portugal,Portugal,9545-246,Fenais da Luz,Azores,23,Ponta Delgada,4203,Fenais Da Luz,420308,37.8167,-25.6333,4,fenais-da-luz
PT,Portugal,Portugal,9545-247,Fenais da Luz,Azores,23,Ponta Delgada,4203,Fenais Da Luz,420308,37.8167,-25.6333,4,fenais-da-luz
PT,Portugal,Portugal,9545-248,Fenais da Luz,Azores,23,Ponta Delgada,4203,Fenais Da Luz,420308,37.8167,-25.6333,4,fenais-da-luz
PT,Portugal,Portugal,9545-249,Fenais da Luz,Azores,23,Ponta Delgada,4203,Fenais Da Luz,420308,37.8167,-25.6333,4,fenais-da-luz
PT,Portugal,Portugal,9545-260,Fenais da Luz,Azores,23,Ponta Delgada,4203,Fenais Da Luz,420308,37.8167,-25.6333,4,fenais-da-luz
PT,Portugal,Portugal,9545-261,Fenais da Luz,Azores,23,Ponta Delgada,4203,Fenais Da Luz,420308,37.8167,-25.6333,4,fenais-da-luz
PT,Portugal,Portugal,9545-262,Fenais da Luz,Azores,23,Ponta Delgada,4203,Fenais Da Luz,420308,37.8167,-25.6333,4,fenais-da-luz
PT,Portugal,Portugal,9545-301,Remédios,Azores,23,Ponta Delgada,4203,Remédios,420316,37.8833,-25.7333,4,remedios
PT,Portugal,Portugal,9545-310,Santa Bárbara,Azores,23,Ponta Delgada,4203,Santa Bárbara Pdl,,37.8667,-25.7333,4,santa-barbara
PT,Portugal,Portugal,9545-311,Santa Bárbara,Azores,23,Ponta Delgada,4203,Santa Bárbara Pdl,,37.8667,-25.7333,4,santa-barbara
PT,Portugal,Portugal,9545-312,Santa Bárbara,Azores,23,Ponta Delgada,4203,Santa Bárbara Pdl,,37.8667,-25.7333,4,santa-barbara
PT,Portugal,Portugal,9545-313,Santa Bárbara,Azores,23,Ponta Delgada,4203,Santa Bárbara Pdl,,37.8667,-25.7333,4,santa-barbara
PT,Portugal,Portugal,9545-314,Santa Bárbara,Azores,23,Ponta Delgada,4203,Santa Bárbara Pdl,,37.8667,-25.7333,4,santa-barbara
PT,Portugal,Portugal,9545-315,Santa Bárbara,Azores,23,Ponta Delgada,4203,Santa Bárbara Pdl,,37.8667,-25.7333,4,santa-barbara
PT,Portugal,Portugal,9545-316,Santa Bárbara,Azores,23,Ponta Delgada,4203,Santa Bárbara Pdl,,37.8667,-25.7333,4,santa-barbara
PT,Portugal,Portugal,9545-317,Santa Bárbara,Azores,23,Ponta Delgada,4203,Santa Bárbara Pdl,,37.8667,-25.7333,4,santa-barbara
PT,Portugal,Portugal,9545-318,Santa Bárbara,Azores,23,Ponta Delgada,4203,Santa Bárbara Pdl,,37.8667,-25.7333,4,santa-barbara
PT,Portugal,Portugal,9545-319,Santa Bárbara,Azores,23,Ponta Delgada,4203,Santa Bárbara Pdl,,37.8667,-25.7333,4,santa-barbara
PT,Portugal,Portugal,9545-320,Santa Bárbara,Azores,23,Ponta Delgada,4203,Santa Bárbara Pdl,,37.8667,-25.7333,4,santa-barbara
PT,Portugal,Portugal,9545-321,Santa Bárbara,Azores,23,Ponta Delgada,4203,Santa Bárbara Pdl,,37.8667,-25.7333,4,santa-barbara
PT,Portugal,Portugal,9545-322,Santa Bárbara,Azores,23,Ponta Delgada,4203,Santa Bárbara Pdl,,37.8667,-25.7333,4,santa-barbara
PT,Portugal,Portugal,9545-323,Santa Bárbara,Azores,23,Ponta Delgada,4203,Santa Bárbara Pdl,,37.8667,-25.7333,4,santa-barbara
PT,Portugal,Portugal,9545-324,Santa Bárbara,Azores,23,Ponta Delgada,4203,Santa Bárbara Pdl,,37.8667,-25.7333,4,santa-barbara
PT,Portugal,Portugal,9545-325,Santa Bárbara,Azores,23,Ponta Delgada,4203,Santa Bárbara Pdl,,37.8667,-25.7333,4,santa-barbara
PT,Portugal,Portugal,9545-326,Santa Bárbara,Azores,23,Ponta Delgada,4203,Santa Bárbara Pdl,,37.8667,-25.7333,4,santa-barbara
PT,Portugal,Portugal,9545-327,Santa Bárbara,Azores,23,Ponta Delgada,4203,Santa Bárbara Pdl,,37.8667,-25.7333,4,santa-barbara
PT,Portugal,Portugal,9545-328,Santa Bárbara,Azores,23,Ponta Delgada,4203,Santa Bárbara Pdl,,37.8667,-25.7333,4,santa-barbara
PT,Portugal,Portugal,9545-329,Santa Bárbara,Azores,23,Ponta Delgada,4203,Santa Bárbara Pdl,,37.8667,-25.7333,4,santa-barbara
PT,Portugal,Portugal,9545-330,Santa Bárbara,Azores,23,Ponta Delgada,4203,Santa Bárbara Pdl,,37.8667,-25.7333,4,santa-barbara
PT,Portugal,Portugal,9545-331,Santa Bárbara,Azores,23,Ponta Delgada,4203,Santa Bárbara Pdl,,37.8667,-25.7333,4,santa-barbara
PT,Portugal,Portugal,9545-332,Santa Bárbara,Azores,23,Ponta Delgada,4203,Santa Bárbara Pdl,,37.8667,-25.7333,4,santa-barbara
PT,Portugal,Portugal,9545-333,Santa Bárbara,Azores,23,Ponta Delgada,4203,Santa Bárbara Pdl,,37.8667,-25.7333,4,santa-barbara
PT,Portugal,Portugal,9545-335,Santa Bárbara,Azores,23,Ponta Delgada,4203,Santa Bárbara Pdl,,37.8667,-25.7333,4,santa-barbara
PT,Portugal,Portugal,9545-336,Santa Bárbara,Azores,23,Ponta Delgada,4203,Santa Bárbara Pdl,,37.8667,-25.7333,4,santa-barbara
PT,Portugal,Portugal,9545-337,Santa Bárbara,Azores,23,Ponta Delgada,4203,Santa Bárbara Pdl,,37.8667,-25.7333,4,santa-barbara
PT,Portugal,Portugal,9545-338,Santa Bárbara,Azores,23,Ponta Delgada,4203,Santa Bárbara Pdl,,37.8667,-25.7333,4,santa-barbara
PT,Portugal,Portugal,9545-339,Santa Bárbara,Azores,23,Ponta Delgada,4203,Santa Bárbara Pdl,,37.8667,-25.7333,4,santa-barbara
PT,Portugal,Portugal,9545-340,Santa Bárbara,Azores,23,Ponta Delgada,4203,Santa Bárbara Pdl,,37.8667,-25.7333,4,santa-barbara
PT,Portugal,Portugal,9545-341,Santa Bárbara,Azores,23,Ponta Delgada,4203,Santa Bárbara Pdl,,37.8667,-25.7333,4,santa-barbara
PT,Portugal,Portugal,9545-401,Santo António,Azores,23,Ponta Delgada,4203,Santo António Pdl,,37.85,-25.7,4,santo-antonio
PT,Portugal,Portugal,9545-402,Santo António,Azores,23,Ponta Delgada,4203,Santo António Pdl,,37.85,-25.7,4,santo-antonio
PT,Portugal,Portugal,9545-403,Santo António,Azores,23,Ponta Delgada,4203,Santo António Pdl,,37.85,-25.7,4,santo-antonio
PT,Portugal,Portugal,9545-404,Santo António,Azores,23,Ponta Delgada,4203,Santo António Pdl,,37.85,-25.7,4,santo-antonio
PT,Portugal,Portugal,9545-405,Santo António,Azores,23,Ponta Delgada,4203,Santo António Pdl,,37.85,-25.7,4,santo-antonio
PT,Portugal,Portugal,9545-406,Santo António,Azores,23,Ponta Delgada,4203,Santo António Pdl,,37.85,-25.7,4,santo-antonio
PT,Portugal,Portugal,9545-407,Santo António,Azores,23,Ponta Delgada,4203,Santo António Pdl,,37.85,-25.7,4,santo-antonio
PT,Portugal,Portugal,9545-408,Santo António,Azores,23,Ponta Delgada,4203,Santo António Pdl,,37.85,-25.7,4,santo-antonio
PT,Portugal,Portugal,9545-409,Santo António,Azores,23,Ponta Delgada,4203,Santo António Pdl,,37.85,-25.7,4,santo-antonio
PT,Portugal,Portugal,9545-410,Santo António,Azores,23,Ponta Delgada,4203,Santo António Pdl,,37.85,-25.7,4,santo-antonio
PT,Portugal,Portugal,9545-411,Santo António,Azores,23,Ponta Delgada,4203,Santo António Pdl,,37.85,-25.7,4,santo-antonio
PT,Portugal,Portugal,9545-412,Santo António,Azores,23,Ponta Delgada,4203,Santo António Pdl,,37.85,-25.7,4,santo-antonio
PT,Portugal,Portugal,9545-413,Santo António,Azores,23,Ponta Delgada,4203,Santo António Pdl,,37.85,-25.7,4,santo-antonio
PT,Portugal,Portugal,9545-414,Santo António,Azores,23,Ponta Delgada,4203,Santo António Pdl,,37.85,-25.7,4,santo-antonio
PT,Portugal,Portugal,9545-415,Santo António,Azores,23,Ponta Delgada,4203,Santo António Pdl,,37.85,-25.7,4,santo-antonio
PT,Portugal,Portugal,9545-416,Santo António,Azores,23,Ponta Delgada,4203,Santo António Pdl,,37.85,-25.7,4,santo-antonio
PT,Portugal,Portugal,9545-417,Santo António,Azores,23,Ponta Delgada,4203,Santo António Pdl,,37.85,-25.7,4,santo-antonio
PT,Portugal,Portugal,9545-418,Santo António,Azores,23,Ponta Delgada,4203,Santo António Pdl,,37.85,-25.7,4,santo-antonio
PT,Portugal,Portugal,9545-419,Santo António,Azores,23,Ponta Delgada,4203,Santo António Pdl,,37.85,-25.7,4,santo-antonio
PT,Portugal,Portugal,9545-420,Santo António,Azores,23,Ponta Delgada,4203,Santo António Pdl,,37.85,-25.7,4,santo-antonio
PT,Portugal,Portugal,9545-421,Santo António,Azores,23,Ponta Delgada,4203,Santo António Pdl,,37.85,-25.7,4,santo-antonio
PT,Portugal,Portugal,9545-422,Santo António,Azores,23,Ponta Delgada,4203,Santo António Pdl,,37.85,-25.7,4,santo-antonio
PT,Portugal,Portugal,9545-423,Santo António,Azores,23,Ponta Delgada,4203,Santo António Pdl,,37.85,-25.7,4,santo-antonio
PT,Portugal,Portugal,9545-424,Santo António,Azores,23,Ponta Delgada,4203,Santo António Pdl,,37.85,-25.7,4,santo-antonio
PT,Portugal,Portugal,9545-425,Santo António,Azores,23,Ponta Delgada,4203,Santo António Pdl,,37.85,-25.7,4,santo-antonio
PT,Portugal,Portugal,9545-426,Santo António,Azores,23,Ponta Delgada,4203,Santo António Pdl,,37.85,-25.7,4,santo-antonio
PT,Portugal,Portugal,9545-427,Santo António,Azores,23,Ponta Delgada,4203,Santo António Pdl,,37.85,-25.7,4,santo-antonio
PT,Portugal,Portugal,9545-428,Santo António,Azores,23,Ponta Delgada,4203,Santo António Pdl,,37.85,-25.7,4,santo-antonio
PT,Portugal,Portugal,9545-429,Santo António,Azores,23,Ponta Delgada,4203,Santo António Pdl,,37.85,-25.7,4,santo-antonio
PT,Portugal,Portugal,9545-430,Santo António,Azores,23,Ponta Delgada,4203,Santo António Pdl,,37.85,-25.7,4,santo-antonio
PT,Portugal,Portugal,9545-431,Santo António,Azores,23,Ponta Delgada,4203,Santo António Pdl,,37.85,-25.7,4,santo-antonio
PT,Portugal,Portugal,9545-432,Santo António,Azores,23,Ponta Delgada,4203,Santo António Pdl,,37.85,-25.7,4,santo-antonio
PT,Portugal,Portugal,9545-433,Santo António,Azores,23,Ponta Delgada,4203,Santo António Pdl,,37.85,-25.7,4,santo-antonio
PT,Portugal,Portugal,9545-434,Santo António,Azores,23,Ponta Delgada,4203,Santo António Pdl,,37.85,-25.7,4,santo-antonio
PT,Portugal,Portugal,9545-435,Santo António,Azores,23,Ponta Delgada,4203,Santo António Pdl,,37.85,-25.7,4,santo-antonio
PT,Portugal,Portugal,9545-436,Santo António,Azores,23,Ponta Delgada,4203,Santo António Pdl,,37.85,-25.7,4,santo-antonio
PT,Portugal,Portugal,9545-437,Santo António,Azores,23,Ponta Delgada,4203,Santo António Pdl,,37.85,-25.7,4,santo-antonio
PT,Portugal,Portugal,9545-438,Santo António,Azores,23,Ponta Delgada,4203,Santo António Pdl,,37.85,-25.7,4,santo-antonio
PT,Portugal,Portugal,9545-439,Santo António,Azores,23,Ponta Delgada,4203,Santo António Pdl,,37.85,-25.7,4,santo-antonio
PT,Portugal,Portugal,9545-450,Sertão,Azores,23,Ponta Delgada,4203,Santo António Pdl,,37.85,-25.7,1,sertao
PT,Portugal,Portugal,9545-501,Atafona,Azores,23,Ponta Delgada,4203,São Vicente Ferreira,420321,37.8167,-25.65,1,atafona
PT,Portugal,Portugal,9545-502,São Vicente Ferreira,Azores,23,Ponta Delgada,4203,São Vicente Ferreira,420321,37.8167,-25.65,4,sao-vicente-ferreira
PT,Portugal,Portugal,9545-503,Poços,Azores,23,Ponta Delgada,4203,São Vicente Ferreira,420321,37.8167,-25.65,1,pocos
PT,Portugal,Portugal,9545-520,São Vicente Ferreira,Azores,23,Ponta Delgada,4203,São Vicente Ferreira,420321,37.8167,-25.65,4,sao-vicente-ferreira
PT,Portugal,Portugal,9545-521,São Vicente Ferreira,Azores,23,Ponta Delgada,4203,São Vicente Ferreira,420321,37.8167,-25.65,4,sao-vicente-ferreira
PT,Portugal,Portugal,9545-522,São Vicente Ferreira,Azores,23,Ponta Delgada,4203,São Vicente Ferreira,420321,37.8167,-25.65,4,sao-vicente-ferreira
PT,Portugal,Portugal,9545-523,São Vicente Ferreira,Azores,23,Ponta Delgada,4203,São Vicente Ferreira,420321,37.8167,-25.65,4,sao-vicente-ferreira
PT,Portugal,Portugal,9545-524,São Vicente Ferreira,Azores,23,Ponta Delgada,4203,São Vicente Ferreira,420321,37.8167,-25.65,4,sao-vicente-ferreira
PT,Portugal,Portugal,9545-525,São Vicente Ferreira,Azores,23,Ponta Delgada,4203,São Vicente Ferreira,420321,37.8167,-25.65,4,sao-vicente-ferreira
PT,Portugal,Portugal,9545-526,São Vicente Ferreira,Azores,23,Ponta Delgada,4203,São Vicente Ferreira,420321,37.8167,-25.65,4,sao-vicente-ferreira
PT,Portugal,Portugal,9545-527,São Vicente Ferreira,Azores,23,Ponta Delgada,4203,São Vicente Ferreira,420321,37.8167,-25.65,4,sao-vicente-ferreira
PT,Portugal,Portugal,9545-528,São Vicente Ferreira,Azores,23,Ponta Delgada,4203,São Vicente Ferreira,420321,37.8167,-25.65,4,sao-vicente-ferreira
PT,Portugal,Portugal,9545-529,São Vicente Ferreira,Azores,23,Ponta Delgada,4203,São Vicente Ferreira,420321,37.8167,-25.65,4,sao-vicente-ferreira
PT,Portugal,Portugal,9545-530,São Vicente Ferreira,Azores,23,Ponta Delgada,4203,São Vicente Ferreira,420321,37.8167,-25.65,4,sao-vicente-ferreira
PT,Portugal,Portugal,9545-531,São Vicente Ferreira,Azores,23,Ponta Delgada,4203,São Vicente Ferreira,420321,37.8167,-25.65,4,sao-vicente-ferreira
PT,Portugal,Portugal,9545-532,São Vicente Ferreira,Azores,23,Ponta Delgada,4203,São Vicente Ferreira,420321,37.8167,-25.65,4,sao-vicente-ferreira
PT,Portugal,Portugal,9545-533,São Vicente Ferreira,Azores,23,Ponta Delgada,4203,São Vicente Ferreira,420321,37.8167,-25.65,4,sao-vicente-ferreira
PT,Portugal,Portugal,9545-534,São Vicente Ferreira,Azores,23,Ponta Delgada,4203,São Vicente Ferreira,420321,37.8167,-25.65,4,sao-vicente-ferreira
PT,Portugal,Portugal,9545-535,São Vicente Ferreira,Azores,23,Ponta Delgada,4203,São Vicente Ferreira,420321,37.8167,-25.65,4,sao-vicente-ferreira
PT,Portugal,Portugal,9545-536,São Vicente Ferreira,Azores,23,Ponta Delgada,4203,São Vicente Ferreira,420321,37.8167,-25.65,4,sao-vicente-ferreira
PT,Portugal,Portugal,9545-537,São Vicente Ferreira,Azores,23,Ponta Delgada,4203,São Vicente Ferreira,420321,37.8167,-25.65,4,sao-vicente-ferreira
PT,Portugal,Portugal,9545-540,São Vicente Ferreira,Azores,23,Ponta Delgada,4203,São Vicente Ferreira,420321,37.8167,-25.65,4,sao-vicente-ferreira
PT,Portugal,Portugal,9545-541,São Vicente Ferreira,Azores,23,Ponta Delgada,4203,São Vicente Ferreira,420321,37.8167,-25.65,4,sao-vicente-ferreira
PT,Portugal,Portugal,9545-542,São Vicente Ferreira,Azores,23,Ponta Delgada,4203,São Vicente Ferreira,420321,37.8167,-25.65,4,sao-vicente-ferreira
PT,Portugal,Portugal,9545-543,São Vicente Ferreira,Azores,23,Ponta Delgada,4203,São Vicente Ferreira,420321,37.8167,-25.65,4,sao-vicente-ferreira
PT,Portugal,Portugal,9545-544,São Vicente Ferreira,Azores,23,Ponta Delgada,4203,São Vicente Ferreira,420321,37.8167,-25.65,4,sao-vicente-ferreira
PT,Portugal,Portugal,9545-545,São Vicente Ferreira,Azores,23,Ponta Delgada,4203,São Vicente Ferreira,420321,37.8167,-25.65,4,sao-vicente-ferreira
PT,Portugal,Portugal,9545-546,São Vicente Ferreira,Azores,23,Ponta Delgada,4203,São Vicente Ferreira,420321,37.8167,-25.65,4,sao-vicente-ferreira
PT,Portugal,Portugal,9545-547,São Vicente Ferreira,Azores,23,Ponta Delgada,4203,São Vicente Ferreira,420321,37.8167,-25.65,4,sao-vicente-ferreira
PT,Portugal,Portugal,9545-548,São Vicente Ferreira,Azores,23,Ponta Delgada,4203,São Vicente Ferreira,420321,37.8167,-25.65,4,sao-vicente-ferreira
PT,Portugal,Portugal,9545-549,São Vicente Ferreira,Azores,23,Ponta Delgada,4203,São Vicente Ferreira,420321,37.8167,-25.65,4,sao-vicente-ferreira
PT,Portugal,Portugal,9545-999,Capelas,Azores,23,Ponta Delgada,4203,Capelas,420304,37.8333,-25.6833,4,capelas
PT,Portugal,Portugal,9555-011,Canadas,Azores,23,Ponta Delgada,4203,Candelária Pdl,,37.8167,-25.8167,1,canadas
PT,Portugal,Portugal,9555-012,Candelária,Azores,23,Ponta Delgada,4203,Candelária Pdl,,37.8167,-25.8167,4,candelaria
PT,Portugal,Portugal,9555-013,Candelária,Azores,23,Ponta Delgada,4203,Candelária Pdl,,37.8167,-25.8167,4,candelaria
PT,Portugal,Portugal,9555-014,Candelária,Azores,23,Ponta Delgada,4203,Candelária Pdl,,37.8167,-25.8167,4,candelaria
PT,Portugal,Portugal,9555-015,Candelária,Azores,23,Ponta Delgada,4203,Candelária Pdl,,37.8167,-25.8167,4,candelaria
PT,Portugal,Portugal,9555-016,Candelária,Azores,23,Ponta Delgada,4203,Candelária Pdl,,37.8167,-25.8167,4,candelaria
PT,Portugal,Portugal,9555-017,Candelária,Azores,23,Ponta Delgada,4203,Candelária Pdl,,37.8167,-25.8167,4,candelaria
PT,Portugal,Portugal,9555-018,Candelária,Azores,23,Ponta Delgada,4203,Candelária Pdl,,37.8167,-25.8167,4,candelaria
PT,Portugal,Portugal,9555-019,Candelária,Azores,23,Ponta Delgada,4203,Candelária Pdl,,37.8167,-25.8167,4,candelaria
PT,Portugal,Portugal,9555-020,Candelária,Azores,23,Ponta Delgada,4203,Candelária Pdl,,37.8167,-25.8167,4,candelaria
PT,Portugal,Portugal,9555-021,Candelária,Azores,23,Ponta Delgada,4203,Candelária Pdl,,37.8167,-25.8167,4,candelaria
PT,Portugal,Portugal,9555-022,Candelária,Azores,23,Ponta Delgada,4203,Candelária Pdl,,37.8167,-25.8167,4,candelaria
PT,Portugal,Portugal,9555-023,Candelária,Azores,23,Ponta Delgada,4203,Candelária Pdl,,37.8167,-25.8167,4,candelaria
PT,Portugal,Portugal,9555-024,Candelária,Azores,23,Ponta Delgada,4203,Candelária Pdl,,37.8167,-25.8167,4,candelaria
PT,Portugal,Portugal,9555-025,Candelária,Azores,23,Ponta Delgada,4203,Candelária Pdl,,37.8167,-25.8167,4,candelaria
PT,Portugal,Portugal,9555-030,Canto Redondo,Azores,23,Ponta Delgada,4203,Candelária Pdl,,37.8167,-25.8167,1,canto-redondo
PT,Portugal,Portugal,9555-031,Lomba D'Água,Azores,23,Ponta Delgada,4203,Candelária Pdl,,37.8167,-25.8167,3,lomba-d-agua
PT,Portugal,Portugal,9555-031,Candelária,Azores,23,Ponta Delgada,4203,Candelária Pdl,,37.8167,-25.8167,4,candelaria
PT,Portugal,Portugal,9555-032,Lomba da Cruz,Azores,23,Ponta Delgada,4203,Candelária Pdl,,37.8167,-25.8167,4,lomba-da-cruz
PT,Portugal,Portugal,9555-033,Candelária,Azores,23,Ponta Delgada,4203,Candelária Pdl,,37.8167,-25.8167,4,candelaria
PT,Portugal,Portugal,9555-040,Ribeira do Ferreiro,Azores,23,Ponta Delgada,4203,Candelária Pdl,,37.8167,-25.8167,3,ribeira-do-ferreiro
PT,Portugal,Portugal,9555-040,Candelária,Azores,23,Ponta Delgada,4203,Candelária Pdl,,37.8167,-25.8167,4,candelaria
PT,Portugal,Portugal,9555-041,Candelária,Azores,23,Ponta Delgada,4203,Candelária Pdl,,37.8167,-25.8167,4,candelaria
PT,Portugal,Portugal,9555-041,Ribeira do Ferreiro,Azores,23,Ponta Delgada,4203,Candelária Pdl,,37.8167,-25.8167,3,ribeira-do-ferreiro
PT,Portugal,Portugal,9555-042,Ribeira do Ferreiro,Azores,23,Ponta Delgada,4203,Candelária Pdl,,37.819,-25.819,1,ribeira-do-ferreiro
PT,Portugal,Portugal,9555-043,Ribeira do Ferreiro,Azores,23,Ponta Delgada,4203,Candelária Pdl,,37.819,-25.819,1,ribeira-do-ferreiro
PT,Portugal,Portugal,9555-045,Socorro,Azores,23,Ponta Delgada,4203,Candelária Pdl,,37.8333,-25.8333,4,socorro
PT,Portugal,Portugal,9555-046,Vista Comprida,Azores,23,Ponta Delgada,4203,Candelária Pdl,,37.819,-25.819,1,vista-comprida
PT,Portugal,Portugal,9555-047,Candelária,Azores,23,Ponta Delgada,4203,Candelária Pdl,,37.8167,-25.8167,4,candelaria
PT,Portugal,Portugal,9555-060,Ginetes,Azores,23,Ponta Delgada,4203,Ginetes,420310,37.85,-25.8333,4,ginetes
PT,Portugal,Portugal,9555-061,Ginetes,Azores,23,Ponta Delgada,4203,Ginetes,420310,37.85,-25.8333,4,ginetes
PT,Portugal,Portugal,9555-062,Ginetes,Azores,23,Ponta Delgada,4203,Ginetes,420310,37.85,-25.8333,4,ginetes
PT,Portugal,Portugal,9555-063,Ginetes,Azores,23,Ponta Delgada,4203,Ginetes,420310,37.85,-25.8333,4,ginetes
PT,Portugal,Portugal,9555-064,Ginetes,Azores,23,Ponta Delgada,4203,Ginetes,420310,37.85,-25.8333,4,ginetes
PT,Portugal,Portugal,9555-065,Ginetes,Azores,23,Ponta Delgada,4203,Ginetes,420310,37.85,-25.8333,4,ginetes
PT,Portugal,Portugal,9555-066,Ginetes,Azores,23,Ponta Delgada,4203,Ginetes,420310,37.85,-25.8333,4,ginetes
PT,Portugal,Portugal,9555-067,Ginetes,Azores,23,Ponta Delgada,4203,Ginetes,420310,37.85,-25.8333,4,ginetes
PT,Portugal,Portugal,9555-068,Ginetes,Azores,23,Ponta Delgada,4203,Ginetes,420310,37.85,-25.8333,4,ginetes
PT,Portugal,Portugal,9555-069,Ginetes,Azores,23,Ponta Delgada,4203,Ginetes,420310,37.85,-25.8333,4,ginetes
PT,Portugal,Portugal,9555-070,Ginetes,Azores,23,Ponta Delgada,4203,Ginetes,420310,37.85,-25.8333,4,ginetes
PT,Portugal,Portugal,9555-071,Ginetes,Azores,23,Ponta Delgada,4203,Ginetes,420310,37.85,-25.8333,4,ginetes
PT,Portugal,Portugal,9555-072,Ginetes,Azores,23,Ponta Delgada,4203,Ginetes,420310,37.85,-25.8333,4,ginetes
PT,Portugal,Portugal,9555-073,Ginetes,Azores,23,Ponta Delgada,4203,Ginetes,420310,37.85,-25.8333,4,ginetes
PT,Portugal,Portugal,9555-074,Ginetes,Azores,23,Ponta Delgada,4203,Ginetes,420310,37.85,-25.8333,4,ginetes
PT,Portugal,Portugal,9555-075,Ginetes,Azores,23,Ponta Delgada,4203,Ginetes,420310,37.85,-25.8333,4,ginetes
PT,Portugal,Portugal,9555-076,Ginetes,Azores,23,Ponta Delgada,4203,Ginetes,420310,37.85,-25.8333,4,ginetes
PT,Portugal,Portugal,9555-080,Lomba dos Gagos,Azores,23,Ponta Delgada,4203,Ginetes,420310,37.85,-25.8333,1,lomba-dos-gagos
PT,Portugal,Portugal,9555-081,Lomba dos Gagos,Azores,23,Ponta Delgada,4203,Ginetes,420310,37.85,-25.8333,3,lomba-dos-gagos
PT,Portugal,Portugal,9555-081,Ginetes,Azores,23,Ponta Delgada,4203,Ginetes,420310,37.85,-25.8333,4,ginetes
PT,Portugal,Portugal,9555-093,Ginetes,Azores,23,Ponta Delgada,4203,Ginetes,420310,37.85,-25.8333,4,ginetes
PT,Portugal,Portugal,9555-100,Ginetes,Azores,23,Ponta Delgada,4203,Ginetes,420310,37.85,-25.8333,4,ginetes
PT,Portugal,Portugal,9555-101,Monte,Azores,23,Ponta Delgada,4203,Ginetes,420310,37.8519,-25.8317,1,monte
PT,Portugal,Portugal,9555-102,Ginetes,Azores,23,Ponta Delgada,4203,Ginetes,420310,37.85,-25.8333,4,ginetes
PT,Portugal,Portugal,9555-103,Várzea,Azores,23,Ponta Delgada,4203,Ginetes,420310,37.8667,-25.8333,4,varzea
PT,Portugal,Portugal,9555-121,Chão das Machadas,Azores,23,Ponta Delgada,4203,Mosteiros Pdl,,37.8728,-25.8105,1,chao-das-machadas
PT,Portugal,Portugal,9555-122,Lomba de Baixo,Azores,23,Ponta Delgada,4203,Mosteiros Pdl,,37.8728,-25.8105,1,lomba-de-baixo
PT,Portugal,Portugal,9555-123,Lomba de Cima,Azores,23,Ponta Delgada,4203,Mosteiros Pdl,,37.8728,-25.8105,1,lomba-de-cima
PT,Portugal,Portugal,9555-130,Lombas,Azores,23,Ponta Delgada,4203,Mosteiros Pdl,,37.8728,-25.8105,1,lombas
PT,Portugal,Portugal,9555-131,Lombas,Azores,23,Ponta Delgada,4203,Mosteiros Pdl,,37.8728,-25.8105,1,lombas
PT,Portugal,Portugal,9555-132,Lombas,Azores,23,Ponta Delgada,4203,Mosteiros Pdl,,37.8728,-25.8105,1,lombas
PT,Portugal,Portugal,9555-141,Mosteiros,Azores,23,Ponta Delgada,4203,Mosteiros Pdl,,37.8833,-25.8167,4,mosteiros
PT,Portugal,Portugal,9555-142,Mosteiros,Azores,23,Ponta Delgada,4203,Mosteiros Pdl,,37.8833,-25.8167,4,mosteiros
PT,Portugal,Portugal,9555-143,Mosteiros,Azores,23,Ponta Delgada,4203,Mosteiros Pdl,,37.8833,-25.8167,4,mosteiros
PT,Portugal,Portugal,9555-144,Mosteiros,Azores,23,Ponta Delgada,4203,Mosteiros Pdl,,37.8833,-25.8167,4,mosteiros
PT,Portugal,Portugal,9555-145,Mosteiros,Azores,23,Ponta Delgada,4203,Mosteiros Pdl,,37.8833,-25.8167,4,mosteiros
PT,Portugal,Portugal,9555-146,Mosteiros,Azores,23,Ponta Delgada,4203,Mosteiros Pdl,,37.8833,-25.8167,4,mosteiros
PT,Portugal,Portugal,9555-147,Mosteiros,Azores,23,Ponta Delgada,4203,Mosteiros Pdl,,37.8833,-25.8167,4,mosteiros
PT,Portugal,Portugal,9555-148,Mosteiros,Azores,23,Ponta Delgada,4203,Mosteiros Pdl,,37.8833,-25.8167,4,mosteiros
PT,Portugal,Portugal,9555-149,Mosteiros,Azores,23,Ponta Delgada,4203,Mosteiros Pdl,,37.8833,-25.8167,4,mosteiros
PT,Portugal,Portugal,9555-150,Mosteiros,Azores,23,Ponta Delgada,4203,Mosteiros Pdl,,37.8833,-25.8167,4,mosteiros
PT,Portugal,Portugal,9555-151,Mosteiros,Azores,23,Ponta Delgada,4203,Mosteiros Pdl,,37.8833,-25.8167,4,mosteiros
PT,Portugal,Portugal,9555-152,Mosteiros,Azores,23,Ponta Delgada,4203,Mosteiros Pdl,,37.8833,-25.8167,4,mosteiros
PT,Portugal,Portugal,9555-153,Mosteiros,Azores,23,Ponta Delgada,4203,Mosteiros Pdl,,37.8833,-25.8167,4,mosteiros
PT,Portugal,Portugal,9555-154,Mosteiros,Azores,23,Ponta Delgada,4203,Mosteiros Pdl,,37.8833,-25.8167,4,mosteiros
PT,Portugal,Portugal,9555-155,Mosteiros,Azores,23,Ponta Delgada,4203,Mosteiros Pdl,,37.8833,-25.8167,4,mosteiros
PT,Portugal,Portugal,9555-156,Mosteiros,Azores,23,Ponta Delgada,4203,Mosteiros Pdl,,37.8833,-25.8167,4,mosteiros
PT,Portugal,Portugal,9555-157,Mosteiros,Azores,23,Ponta Delgada,4203,Mosteiros Pdl,,37.8833,-25.8167,4,mosteiros
PT,Portugal,Portugal,9555-158,Mosteiros,Azores,23,Ponta Delgada,4203,Mosteiros Pdl,,37.8833,-25.8167,4,mosteiros
PT,Portugal,Portugal,9555-159,Mosteiros,Azores,23,Ponta Delgada,4203,Mosteiros Pdl,,37.8833,-25.8167,4,mosteiros
PT,Portugal,Portugal,9555-160,Mosteiros,Azores,23,Ponta Delgada,4203,Mosteiros Pdl,,37.8833,-25.8167,4,mosteiros
PT,Portugal,Portugal,9555-161,Mosteiros,Azores,23,Ponta Delgada,4203,Mosteiros Pdl,,37.8833,-25.8167,4,mosteiros
PT,Portugal,Portugal,9555-170,Pico de Mafra,Azores,23,Ponta Delgada,4203,Mosteiros Pdl,,37.8728,-25.8105,1,pico-de-mafra
PT,Portugal,Portugal,9555-171,Pico de Mafra,Azores,23,Ponta Delgada,4203,Mosteiros Pdl,,37.8728,-25.8105,1,pico-de-mafra
PT,Portugal,Portugal,9555-191,Seara,Azores,23,Ponta Delgada,4203,Sete Cidades,420322,37.8667,-25.8,4,seara
PT,Portugal,Portugal,9555-192,Serrado das Freiras,Azores,23,Ponta Delgada,4203,Sete Cidades,420322,37.859,-25.7948,1,serrado-das-freiras
PT,Portugal,Portugal,9555-193,Sete Cidades,Azores,23,Ponta Delgada,4203,Sete Cidades,420322,37.8583,-25.7944,4,sete-cidades
PT,Portugal,Portugal,9555-194,Sete Cidades,Azores,23,Ponta Delgada,4203,Sete Cidades,420322,37.8583,-25.7944,4,sete-cidades
PT,Portugal,Portugal,9555-195,Sete Cidades,Azores,23,Ponta Delgada,4203,Sete Cidades,420322,37.8583,-25.7944,4,sete-cidades
PT,Portugal,Portugal,9555-196,Sete Cidades,Azores,23,Ponta Delgada,4203,Sete Cidades,420322,37.8583,-25.7944,4,sete-cidades
PT,Portugal,Portugal,9555-197,Sete Cidades,Azores,23,Ponta Delgada,4203,Sete Cidades,420322,37.8583,-25.7944,4,sete-cidades
PT,Portugal,Portugal,9555-198,Sete Cidades,Azores,23,Ponta Delgada,4203,Sete Cidades,420322,37.8583,-25.7944,4,sete-cidades
PT,Portugal,Portugal,9555-199,Sete Cidades,Azores,23,Ponta Delgada,4203,Sete Cidades,420322,37.8583,-25.7944,4,sete-cidades
PT,Portugal,Portugal,9555-200,Sete Cidades,Azores,23,Ponta Delgada,4203,Sete Cidades,420322,37.8583,-25.7944,4,sete-cidades
PT,Portugal,Portugal,9555-201,Sete Cidades,Azores,23,Ponta Delgada,4203,Sete Cidades,420322,37.8583,-25.7944,4,sete-cidades
PT,Portugal,Portugal,9555-202,Sete Cidades,Azores,23,Ponta Delgada,4203,Sete Cidades,420322,37.8583,-25.7944,4,sete-cidades
PT,Portugal,Portugal,9555-203,Sete Cidades,Azores,23,Ponta Delgada,4203,Sete Cidades,420322,37.8583,-25.7944,4,sete-cidades
PT,Portugal,Portugal,9555-204,Sete Cidades,Azores,23,Ponta Delgada,4203,Sete Cidades,420322,37.8583,-25.7944,4,sete-cidades
PT,Portugal,Portugal,9555-998,Sete Cidades,Azores,23,Ponta Delgada,4203,Sete Cidades,420322,37.8583,-25.7944,4,sete-cidades
PT,Portugal,Portugal,9555-999,Ginetes,Azores,23,Ponta Delgada,4203,Ginetes,420310,37.85,-25.8333,4,ginetes
PT,Portugal,Portugal,9650-000,Povoação,Azores,23,Povoação,4204,Povoação,420405,37.75,-25.25,4,povoacao
PT,Portugal,Portugal,9650-011,Água Retorta,Azores,23,Povoação,4204,Água Retorta,420401,37.7667,-25.1667,4,agua-retorta
PT,Portugal,Portugal,9650-012,Água Retorta,Azores,23,Povoação,4204,Água Retorta,420401,37.7667,-25.1667,4,agua-retorta
PT,Portugal,Portugal,9650-013,Água Retorta,Azores,23,Povoação,4204,Água Retorta,420401,37.7667,-25.1667,4,agua-retorta
PT,Portugal,Portugal,9650-014,Água Retorta,Azores,23,Povoação,4204,Água Retorta,420401,37.7667,-25.1667,4,agua-retorta
PT,Portugal,Portugal,9650-015,Água Retorta,Azores,23,Povoação,4204,Água Retorta,420401,37.7667,-25.1667,4,agua-retorta
PT,Portugal,Portugal,9650-016,Água Retorta,Azores,23,Povoação,4204,Água Retorta,420401,37.7667,-25.1667,4,agua-retorta
PT,Portugal,Portugal,9650-017,Água Retorta,Azores,23,Povoação,4204,Água Retorta,420401,37.7667,-25.1667,4,agua-retorta
PT,Portugal,Portugal,9650-018,Água Retorta,Azores,23,Povoação,4204,Água Retorta,420401,37.7667,-25.1667,4,agua-retorta
PT,Portugal,Portugal,9650-019,Água Retorta,Azores,23,Povoação,4204,Água Retorta,420401,37.7667,-25.1667,4,agua-retorta
PT,Portugal,Portugal,9650-020,Água Retorta,Azores,23,Povoação,4204,Água Retorta,420401,37.7667,-25.1667,4,agua-retorta
PT,Portugal,Portugal,9650-021,Água Retorta,Azores,23,Povoação,4204,Água Retorta,420401,37.7667,-25.1667,4,agua-retorta
PT,Portugal,Portugal,9650-022,Água Retorta,Azores,23,Povoação,4204,Água Retorta,420401,37.7667,-25.1667,4,agua-retorta
PT,Portugal,Portugal,9650-023,Água Retorta,Azores,23,Povoação,4204,Água Retorta,420401,37.7667,-25.1667,4,agua-retorta
PT,Portugal,Portugal,9650-024,Água Retorta,Azores,23,Povoação,4204,Água Retorta,420401,37.7667,-25.1667,4,agua-retorta
PT,Portugal,Portugal,9650-025,Água Retorta,Azores,23,Povoação,4204,Água Retorta,420401,37.7667,-25.1667,4,agua-retorta
PT,Portugal,Portugal,9650-050,Água Retorta,Azores,23,Povoação,4204,Água Retorta,420401,37.7667,-25.1667,4,agua-retorta
PT,Portugal,Portugal,9650-060,Fajã do Calhau,Azores,23,Povoação,4204,Água Retorta,420401,37.7655,-25.1697,4,faja-do-calhau
PT,Portugal,Portugal,9650-101,Faial da Terra,Azores,23,Povoação,4204,Faial Da Terra,420402,37.75,-25.2,1,faial-da-terra
PT,Portugal,Portugal,9650-102,Faial da Terra,Azores,23,Povoação,4204,Faial Da Terra,420402,37.75,-25.2,1,faial-da-terra
PT,Portugal,Portugal,9650-103,Faial da Terra,Azores,23,Povoação,4204,Faial Da Terra,420402,37.75,-25.2,1,faial-da-terra
PT,Portugal,Portugal,9650-104,Faial da Terra,Azores,23,Povoação,4204,Faial Da Terra,420402,37.75,-25.2,1,faial-da-terra
PT,Portugal,Portugal,9650-105,Faial da Terra,Azores,23,Povoação,4204,Faial Da Terra,420402,37.75,-25.2,1,faial-da-terra
PT,Portugal,Portugal,9650-106,Faial da Terra,Azores,23,Povoação,4204,Faial Da Terra,420402,37.75,-25.2,1,faial-da-terra
PT,Portugal,Portugal,9650-107,Faial da Terra,Azores,23,Povoação,4204,Faial Da Terra,420402,37.75,-25.2,1,faial-da-terra
PT,Portugal,Portugal,9650-108,Faial da Terra,Azores,23,Povoação,4204,Faial Da Terra,420402,37.75,-25.2,1,faial-da-terra
PT,Portugal,Portugal,9650-109,Faial da Terra,Azores,23,Povoação,4204,Faial Da Terra,420402,37.75,-25.2,1,faial-da-terra
PT,Portugal,Portugal,9650-110,Faial da Terra,Azores,23,Povoação,4204,Faial Da Terra,420402,37.75,-25.2,1,faial-da-terra
PT,Portugal,Portugal,9650-111,Faial da Terra,Azores,23,Povoação,4204,Faial Da Terra,420402,37.75,-25.2,1,faial-da-terra
PT,Portugal,Portugal,9650-112,Faial da Terra,Azores,23,Povoação,4204,Faial Da Terra,420402,37.75,-25.2,1,faial-da-terra
PT,Portugal,Portugal,9650-113,Faial da Terra,Azores,23,Povoação,4204,Faial Da Terra,420402,37.75,-25.2,1,faial-da-terra
PT,Portugal,Portugal,9650-114,Faial da Terra,Azores,23,Povoação,4204,Faial Da Terra,420402,37.75,-25.2,1,faial-da-terra
PT,Portugal,Portugal,9650-115,Faial da Terra,Azores,23,Povoação,4204,Faial Da Terra,420402,37.75,-25.2,1,faial-da-terra
PT,Portugal,Portugal,9650-116,Faial da Terra,Azores,23,Povoação,4204,Faial Da Terra,420402,37.75,-25.2,1,faial-da-terra
PT,Portugal,Portugal,9650-117,Faial da Terra,Azores,23,Povoação,4204,Faial Da Terra,420402,37.75,-25.2,1,faial-da-terra
PT,Portugal,Portugal,9650-118,Faial da Terra,Azores,23,Povoação,4204,Faial Da Terra,420402,37.75,-25.2,1,faial-da-terra
PT,Portugal,Portugal,9650-120,Faial da Terra,Azores,23,Povoação,4204,Faial Da Terra,420402,37.75,-25.2,1,faial-da-terra
PT,Portugal,Portugal,9650-150,Faial da Terra,Azores,23,Povoação,4204,Faial Da Terra,420402,37.75,-25.2,1,faial-da-terra
PT,Portugal,Portugal,9650-160,Sanguinho,Azores,23,Povoação,4204,Faial Da Terra,420402,37.75,-25.2,4,sanguinho
PT,Portugal,Portugal,9650-211,Lomba do Alcaide,Azores,23,Povoação,4204,N Senhora Dos Remédios,,37.7553,-25.2186,1,lomba-do-alcaide
PT,Portugal,Portugal,9650-212,Lomba do Alcaide,Azores,23,Povoação,4204,N Senhora Dos Remédios,,37.7553,-25.2186,1,lomba-do-alcaide
PT,Portugal,Portugal,9650-213,Lomba do Alcaide,Azores,23,Povoação,4204,N Senhora Dos Remédios,,37.7553,-25.2186,1,lomba-do-alcaide
PT,Portugal,Portugal,9650-213,Quarteiro,Azores,23,Povoação,4204,N Senhora Dos Remédios,,37.7553,-25.2186,1,quarteiro
PT,Portugal,Portugal,9650-214,Lomba do Alcaide,Azores,23,Povoação,4204,N Senhora Dos Remédios,,37.7553,-25.2186,1,lomba-do-alcaide
PT,Portugal,Portugal,9650-215,Lomba do Alcaide,Azores,23,Povoação,4204,N Senhora Dos Remédios,,37.7553,-25.2186,1,lomba-do-alcaide
PT,Portugal,Portugal,9650-217,Lomba do Alcaide,Azores,23,Povoação,4204,N Senhora Dos Remédios,,37.7553,-25.2186,1,lomba-do-alcaide
PT,Portugal,Portugal,9650-218,Lomba do Alcaide,Azores,23,Povoação,4204,N Senhora Dos Remédios,,37.7553,-25.2186,1,lomba-do-alcaide
PT,Portugal,Portugal,9650-219,Lomba do Alcaide,Azores,23,Povoação,4204,N Senhora Dos Remédios,,37.7553,-25.2186,1,lomba-do-alcaide
PT,Portugal,Portugal,9650-241,Lomba do Loução,Azores,23,Povoação,4204,N Senhora Dos Remédios,,37.7553,-25.2186,1,lomba-do-loucao
PT,Portugal,Portugal,9650-242,Lomba do Loução,Azores,23,Povoação,4204,N Senhora Dos Remédios,,37.7553,-25.2186,1,lomba-do-loucao
PT,Portugal,Portugal,9650-243,Lomba do Loução,Azores,23,Povoação,4204,N Senhora Dos Remédios,,37.7553,-25.2186,1,lomba-do-loucao
PT,Portugal,Portugal,9650-244,Lomba do Loução,Azores,23,Povoação,4204,N Senhora Dos Remédios,,37.7553,-25.2186,1,lomba-do-loucao
PT,Portugal,Portugal,9650-245,Lomba do Loução,Azores,23,Povoação,4204,N Senhora Dos Remédios,,37.7553,-25.2186,1,lomba-do-loucao
PT,Portugal,Portugal,9650-246,Lomba do Loução,Azores,23,Povoação,4204,N Senhora Dos Remédios,,37.7553,-25.2186,1,lomba-do-loucao
PT,Portugal,Portugal,9650-247,Lomba do Loução,Azores,23,Povoação,4204,N Senhora Dos Remédios,,37.7553,-25.2186,1,lomba-do-loucao
PT,Portugal,Portugal,9650-248,Lomba do Loução,Azores,23,Povoação,4204,N Senhora Dos Remédios,,37.7553,-25.2186,1,lomba-do-loucao
PT,Portugal,Portugal,9650-249,Lomba do Loução,Azores,23,Povoação,4204,N Senhora Dos Remédios,,37.7553,-25.2186,1,lomba-do-loucao
PT,Portugal,Portugal,9650-250,Lomba do Loução,Azores,23,Povoação,4204,N Senhora Dos Remédios,,37.7553,-25.2186,1,lomba-do-loucao
PT,Portugal,Portugal,9650-251,Lomba do Loução,Azores,23,Povoação,4204,N Senhora Dos Remédios,,37.7553,-25.2186,1,lomba-do-loucao
PT,Portugal,Portugal,9650-252,Lomba do Loução,Azores,23,Povoação,4204,N Senhora Dos Remédios,,37.7553,-25.2186,1,lomba-do-loucao
PT,Portugal,Portugal,9650-253,Lomba do Loução,Azores,23,Povoação,4204,N Senhora Dos Remédios,,37.7553,-25.2186,1,lomba-do-loucao
PT,Portugal,Portugal,9650-254,Lomba do Loução,Azores,23,Povoação,4204,N Senhora Dos Remédios,,37.7553,-25.2186,1,lomba-do-loucao
PT,Portugal,Portugal,9650-309,Povoação,Azores,23,Povoação,4204,Povoação,420405,37.75,-25.25,4,povoacao
PT,Portugal,Portugal,9650-310,Lomba do Botão,Azores,23,Povoação,4204,Povoação,420405,37.7444,-25.25,1,lomba-do-botao
PT,Portugal,Portugal,9650-320,Lomba do Carro,Azores,23,Povoação,4204,Povoação,420405,37.7444,-25.25,1,lomba-do-carro
PT,Portugal,Portugal,9650-330,Chã de Cima da Lomba do Cavaleiro,Azores,23,Povoação,4204,Povoação,420405,37.75,-25.2667,3,cha-de-cima-da-lomba-do-cavaleiro
PT,Portugal,Portugal,9650-330,Lomba do Cavaleiro,Azores,23,Povoação,4204,Povoação,420405,37.75,-25.2667,4,lomba-do-cavaleiro
PT,Portugal,Portugal,9650-340,Lomba do Pomar,Azores,23,Povoação,4204,Povoação,420405,37.7444,-25.25,1,lomba-do-pomar
PT,Portugal,Portugal,9650-350,Lomba dos Pós,Azores,23,Povoação,4204,Povoação,420405,37.7723,-25.2522,4,lomba-dos-pos
PT,Portugal,Portugal,9650-401,Povoação,Azores,23,Povoação,4204,Povoação,420405,37.75,-25.25,4,povoacao
PT,Portugal,Portugal,9650-402,Povoação,Azores,23,Povoação,4204,Povoação,420405,37.75,-25.25,4,povoacao
PT,Portugal,Portugal,9650-403,Povoação,Azores,23,Povoação,4204,Povoação,420405,37.75,-25.25,4,povoacao
PT,Portugal,Portugal,9650-404,Povoação,Azores,23,Povoação,4204,Povoação,420405,37.75,-25.25,4,povoacao
PT,Portugal,Portugal,9650-405,Povoação,Azores,23,Povoação,4204,Povoação,420405,37.75,-25.25,4,povoacao
PT,Portugal,Portugal,9650-406,Povoação,Azores,23,Povoação,4204,Povoação,420405,37.75,-25.25,4,povoacao
PT,Portugal,Portugal,9650-407,Povoação,Azores,23,Povoação,4204,Povoação,420405,37.75,-25.25,4,povoacao
PT,Portugal,Portugal,9650-408,Povoação,Azores,23,Povoação,4204,Povoação,420405,37.75,-25.25,4,povoacao
PT,Portugal,Portugal,9650-410,Povoação,Azores,23,Povoação,4204,Povoação,420405,37.75,-25.25,4,povoacao
PT,Portugal,Portugal,9650-411,Povoação,Azores,23,Povoação,4204,Povoação,420405,37.75,-25.25,4,povoacao
PT,Portugal,Portugal,9650-412,Povoação,Azores,23,Povoação,4204,Povoação,420405,37.75,-25.25,4,povoacao
PT,Portugal,Portugal,9650-414,Povoação,Azores,23,Povoação,4204,Povoação,420405,37.75,-25.25,4,povoacao
PT,Portugal,Portugal,9650-415,Povoação,Azores,23,Povoação,4204,Povoação,420405,37.75,-25.25,4,povoacao
PT,Portugal,Portugal,9650-416,Povoação,Azores,23,Povoação,4204,Povoação,420405,37.75,-25.25,4,povoacao
PT,Portugal,Portugal,9650-417,Povoação,Azores,23,Povoação,4204,Povoação,420405,37.75,-25.25,4,povoacao
PT,Portugal,Portugal,9650-418,Povoação,Azores,23,Povoação,4204,Povoação,420405,37.75,-25.25,4,povoacao
PT,Portugal,Portugal,9650-419,Povoação,Azores,23,Povoação,4204,Povoação,420405,37.75,-25.25,4,povoacao
PT,Portugal,Portugal,9650-420,Povoação,Azores,23,Povoação,4204,Povoação,420405,37.75,-25.25,4,povoacao
PT,Portugal,Portugal,9650-421,Povoação,Azores,23,Povoação,4204,Povoação,420405,37.75,-25.25,4,povoacao
PT,Portugal,Portugal,9650-422,Povoação,Azores,23,Povoação,4204,Povoação,420405,37.75,-25.25,4,povoacao
PT,Portugal,Portugal,9650-423,Povoação,Azores,23,Povoação,4204,Povoação,420405,37.75,-25.25,4,povoacao
PT,Portugal,Portugal,9650-424,Povoação,Azores,23,Povoação,4204,Povoação,420405,37.75,-25.25,4,povoacao
PT,Portugal,Portugal,9650-425,Povoação,Azores,23,Povoação,4204,Povoação,420405,37.75,-25.25,4,povoacao
PT,Portugal,Portugal,9650-426,Povoação,Azores,23,Povoação,4204,Povoação,420405,37.75,-25.25,4,povoacao
PT,Portugal,Portugal,9650-427,Povoação,Azores,23,Povoação,4204,Povoação,420405,37.75,-25.25,4,povoacao
PT,Portugal,Portugal,9650-428,Povoação,Azores,23,Povoação,4204,Povoação,420405,37.75,-25.25,4,povoacao
PT,Portugal,Portugal,9650-429,Povoação,Azores,23,Povoação,4204,Povoação,420405,37.75,-25.25,4,povoacao
PT,Portugal,Portugal,9650-430,Ramalho,Azores,23,Povoação,4204,Povoação,420405,37.7723,-25.2522,3,ramalho
PT,Portugal,Portugal,9650-430,Povoação,Azores,23,Povoação,4204,Povoação,420405,37.75,-25.25,4,povoacao
PT,Portugal,Portugal,9650-997,Faial da Terra,Azores,23,Povoação,4204,Faial Da Terra,420402,37.7583,-25.2083,1,faial-da-terra
PT,Portugal,Portugal,9650-998,Água Retorta,Azores,23,Povoação,4204,Água Retorta,420401,37.7667,-25.1667,4,agua-retorta
PT,Portugal,Portugal,9650-999,Povoação,Azores,23,Povoação,4204,Povoação,420405,37.75,-25.25,4,povoacao
PT,Portugal,Portugal,9675-011,Furnas,Azores,23,Povoação,4204,Furnas,420403,37.7757,-25.3104,4,furnas
PT,Portugal,Portugal,9675-022,Furnas,Azores,23,Povoação,4204,Furnas,420403,37.7757,-25.3104,4,furnas
PT,Portugal,Portugal,9675-023,Furnas,Azores,23,Povoação,4204,Furnas,420403,37.7757,-25.3104,4,furnas
PT,Portugal,Portugal,9675-024,Furnas,Azores,23,Povoação,4204,Furnas,420403,37.7757,-25.3104,4,furnas
PT,Portugal,Portugal,9675-025,Furnas,Azores,23,Povoação,4204,Furnas,420403,37.7757,-25.3104,4,furnas
PT,Portugal,Portugal,9675-027,Furnas,Azores,23,Povoação,4204,Furnas,420403,37.7757,-25.3104,4,furnas
PT,Portugal,Portugal,9675-028,Furnas,Azores,23,Povoação,4204,Furnas,420403,37.7757,-25.3104,4,furnas
PT,Portugal,Portugal,9675-029,Furnas,Azores,23,Povoação,4204,Furnas,420403,37.7757,-25.3104,4,furnas
PT,Portugal,Portugal,9675-030,Furnas,Azores,23,Povoação,4204,Furnas,420403,37.7757,-25.3104,4,furnas
PT,Portugal,Portugal,9675-031,Furnas,Azores,23,Povoação,4204,Furnas,420403,37.7757,-25.3104,4,furnas
PT,Portugal,Portugal,9675-032,Furnas,Azores,23,Povoação,4204,Furnas,420403,37.7757,-25.3104,4,furnas
PT,Portugal,Portugal,9675-033,Furnas,Azores,23,Povoação,4204,Furnas,420403,37.7757,-25.3104,4,furnas
PT,Portugal,Portugal,9675-034,Furnas,Azores,23,Povoação,4204,Furnas,420403,37.7757,-25.3104,4,furnas
PT,Portugal,Portugal,9675-035,Furnas,Azores,23,Povoação,4204,Furnas,420403,37.7757,-25.3104,4,furnas
PT,Portugal,Portugal,9675-036,Furnas,Azores,23,Povoação,4204,Furnas,420403,37.7757,-25.3104,4,furnas
PT,Portugal,Portugal,9675-037,Furnas,Azores,23,Povoação,4204,Furnas,420403,37.7757,-25.3104,4,furnas
PT,Portugal,Portugal,9675-038,Furnas,Azores,23,Povoação,4204,Furnas,420403,37.7757,-25.3104,4,furnas
PT,Portugal,Portugal,9675-040,Furnas,Azores,23,Povoação,4204,Furnas,420403,37.7757,-25.3104,4,furnas
PT,Portugal,Portugal,9675-041,Furnas,Azores,23,Povoação,4204,Furnas,420403,37.7757,-25.3104,4,furnas
PT,Portugal,Portugal,9675-042,Furnas,Azores,23,Povoação,4204,Furnas,420403,37.7757,-25.3104,4,furnas
PT,Portugal,Portugal,9675-043,Furnas,Azores,23,Povoação,4204,Furnas,420403,37.7757,-25.3104,4,furnas
PT,Portugal,Portugal,9675-044,Furnas,Azores,23,Povoação,4204,Furnas,420403,37.7757,-25.3104,4,furnas
PT,Portugal,Portugal,9675-045,Furnas,Azores,23,Povoação,4204,Furnas,420403,37.7757,-25.3104,4,furnas
PT,Portugal,Portugal,9675-046,Furnas,Azores,23,Povoação,4204,Furnas,420403,37.7757,-25.3104,4,furnas
PT,Portugal,Portugal,9675-047,Furnas,Azores,23,Povoação,4204,Furnas,420403,37.7757,-25.3104,4,furnas
PT,Portugal,Portugal,9675-048,Furnas,Azores,23,Povoação,4204,Furnas,420403,37.7757,-25.3104,4,furnas
PT,Portugal,Portugal,9675-051,Furnas,Azores,23,Povoação,4204,Furnas,420403,37.7757,-25.3104,4,furnas
PT,Portugal,Portugal,9675-052,Furnas,Azores,23,Povoação,4204,Furnas,420403,37.7757,-25.3104,4,furnas
PT,Portugal,Portugal,9675-053,Furnas,Azores,23,Povoação,4204,Furnas,420403,37.7757,-25.3104,4,furnas
PT,Portugal,Portugal,9675-055,Furnas,Azores,23,Povoação,4204,Furnas,420403,37.7757,-25.3104,4,furnas
PT,Portugal,Portugal,9675-056,Furnas,Azores,23,Povoação,4204,Furnas,420403,37.7757,-25.3104,4,furnas
PT,Portugal,Portugal,9675-057,Furnas,Azores,23,Povoação,4204,Furnas,420403,37.7757,-25.3104,4,furnas
PT,Portugal,Portugal,9675-058,Furnas,Azores,23,Povoação,4204,Furnas,420403,37.7757,-25.3104,4,furnas
PT,Portugal,Portugal,9675-059,Furnas,Azores,23,Povoação,4204,Furnas,420403,37.7757,-25.3104,4,furnas
PT,Portugal,Portugal,9675-060,Furnas,Azores,23,Povoação,4204,Furnas,420403,37.7757,-25.3104,4,furnas
PT,Portugal,Portugal,9675-061,Furnas,Azores,23,Povoação,4204,Furnas,420403,37.7757,-25.3104,4,furnas
PT,Portugal,Portugal,9675-062,Furnas,Azores,23,Povoação,4204,Furnas,420403,37.7757,-25.3104,4,furnas
PT,Portugal,Portugal,9675-063,Furnas,Azores,23,Povoação,4204,Furnas,420403,37.7757,-25.3104,4,furnas
PT,Portugal,Portugal,9675-064,Furnas,Azores,23,Povoação,4204,Furnas,420403,37.7757,-25.3104,4,furnas
PT,Portugal,Portugal,9675-065,Furnas,Azores,23,Povoação,4204,Furnas,420403,37.7757,-25.3104,4,furnas
PT,Portugal,Portugal,9675-067,Furnas,Azores,23,Povoação,4204,Furnas,420403,37.7757,-25.3104,4,furnas
PT,Portugal,Portugal,9675-068,Furnas,Azores,23,Povoação,4204,Furnas,420403,37.7757,-25.3104,4,furnas
PT,Portugal,Portugal,9675-069,Furnas,Azores,23,Povoação,4204,Furnas,420403,37.7757,-25.3104,4,furnas
PT,Portugal,Portugal,9675-070,Furnas,Azores,23,Povoação,4204,Furnas,420403,37.7757,-25.3104,4,furnas
PT,Portugal,Portugal,9675-090,Lagoa das Furnas,Azores,23,Povoação,4204,Furnas,420403,37.75,-25.3333,4,lagoa-das-furnas
PT,Portugal,Portugal,9675-120,Beira Mar,Azores,23,Povoação,4204,Ribeira Quente,420406,37.741,-25.3067,1,beira-mar
PT,Portugal,Portugal,9675-130,Fogo,Azores,23,Povoação,4204,Ribeira Quente,420406,37.75,-25.2833,1,fogo
PT,Portugal,Portugal,9675-131,Fogo,Azores,23,Povoação,4204,Ribeira Quente,420406,37.75,-25.2833,1,fogo
PT,Portugal,Portugal,9675-132,Fogo,Azores,23,Povoação,4204,Ribeira Quente,420406,37.75,-25.2833,1,fogo
PT,Portugal,Portugal,9675-133,Fogo,Azores,23,Povoação,4204,Ribeira Quente,420406,37.75,-25.2833,1,fogo
PT,Portugal,Portugal,9675-134,Fogo,Azores,23,Povoação,4204,Ribeira Quente,420406,37.75,-25.2833,1,fogo
PT,Portugal,Portugal,9675-135,Fogo,Azores,23,Povoação,4204,Ribeira Quente,420406,37.75,-25.2833,3,fogo
PT,Portugal,Portugal,9675-135,Ribeira Quente,Azores,23,Povoação,4204,Ribeira Quente,420406,37.75,-25.2833,4,ribeira-quente
PT,Portugal,Portugal,9675-136,Fogo,Azores,23,Povoação,4204,Ribeira Quente,420406,37.75,-25.2833,1,fogo
PT,Portugal,Portugal,9675-137,Ribeira Quente,Azores,23,Povoação,4204,Ribeira Quente,420406,37.75,-25.2833,4,ribeira-quente
PT,Portugal,Portugal,9675-137,Fogo,Azores,23,Povoação,4204,Ribeira Quente,420406,37.75,-25.2833,3,fogo
PT,Portugal,Portugal,9675-138,Fogo,Azores,23,Povoação,4204,Ribeira Quente,420406,37.75,-25.2833,3,fogo
PT,Portugal,Portugal,9675-138,Ribeira Quente,Azores,23,Povoação,4204,Ribeira Quente,420406,37.75,-25.2833,4,ribeira-quente
PT,Portugal,Portugal,9675-139,Fogo,Azores,23,Povoação,4204,Ribeira Quente,420406,37.75,-25.2833,1,fogo
PT,Portugal,Portugal,9675-140,Fogo,Azores,23,Povoação,4204,Ribeira Quente,420406,37.75,-25.2833,1,fogo
PT,Portugal,Portugal,9675-141,Fogo,Azores,23,Povoação,4204,Ribeira Quente,420406,37.75,-25.2833,1,fogo
PT,Portugal,Portugal,9675-161,Ribeira Quente,Azores,23,Povoação,4204,Ribeira Quente,420406,37.75,-25.2833,4,ribeira-quente
PT,Portugal,Portugal,9675-162,Ribeira Quente,Azores,23,Povoação,4204,Ribeira Quente,420406,37.75,-25.2833,4,ribeira-quente
PT,Portugal,Portugal,9675-164,Ribeira Quente,Azores,23,Povoação,4204,Ribeira Quente,420406,37.75,-25.2833,4,ribeira-quente
PT,Portugal,Portugal,9675-165,Ribeira Quente,Azores,23,Povoação,4204,Ribeira Quente,420406,37.75,-25.2833,4,ribeira-quente
PT,Portugal,Portugal,9675-166,Ribeira Quente,Azores,23,Povoação,4204,Ribeira Quente,420406,37.75,-25.2833,4,ribeira-quente
PT,Portugal,Portugal,9675-167,Ribeira Quente,Azores,23,Povoação,4204,Ribeira Quente,420406,37.75,-25.2833,4,ribeira-quente
PT,Portugal,Portugal,9675-168,Ribeira Quente,Azores,23,Povoação,4204,Ribeira Quente,420406,37.75,-25.2833,4,ribeira-quente
PT,Portugal,Portugal,9675-169,Ribeira Quente,Azores,23,Povoação,4204,Ribeira Quente,420406,37.75,-25.2833,4,ribeira-quente
PT,Portugal,Portugal,9675-170,Ribeira Quente,Azores,23,Povoação,4204,Ribeira Quente,420406,37.75,-25.2833,4,ribeira-quente
PT,Portugal,Portugal,9675-171,Ribeira Quente,Azores,23,Povoação,4204,Ribeira Quente,420406,37.75,-25.2833,4,ribeira-quente
PT,Portugal,Portugal,9675-172,Ribeira Quente,Azores,23,Povoação,4204,Ribeira Quente,420406,37.75,-25.2833,4,ribeira-quente
PT,Portugal,Portugal,9675-173,Ribeira Quente,Azores,23,Povoação,4204,Ribeira Quente,420406,37.75,-25.2833,4,ribeira-quente
PT,Portugal,Portugal,9675-174,Ribeira Quente,Azores,23,Povoação,4204,Ribeira Quente,420406,37.75,-25.2833,4,ribeira-quente
PT,Portugal,Portugal,9675-175,Ribeira Quente,Azores,23,Povoação,4204,Ribeira Quente,420406,37.75,-25.2833,4,ribeira-quente
PT,Portugal,Portugal,9675-176,Ribeira Quente,Azores,23,Povoação,4204,Ribeira Quente,420406,37.75,-25.2833,4,ribeira-quente
PT,Portugal,Portugal,9675-177,Ribeira Quente,Azores,23,Povoação,4204,Ribeira Quente,420406,37.75,-25.2833,4,ribeira-quente
PT,Portugal,Portugal,9675-178,Ribeira Quente,Azores,23,Povoação,4204,Ribeira Quente,420406,37.75,-25.2833,4,ribeira-quente
PT,Portugal,Portugal,9675-179,Fogo,Azores,23,Povoação,4204,Ribeira Quente,420406,37.75,-25.2833,3,fogo
PT,Portugal,Portugal,9675-179,Ribeira Quente,Azores,23,Povoação,4204,Ribeira Quente,420406,37.75,-25.2833,4,ribeira-quente
PT,Portugal,Portugal,9675-998,Ribeira Quente,Azores,23,Povoação,4204,Ribeira Quente,420406,37.75,-25.2833,4,ribeira-quente
PT,Portugal,Portugal,9675-999,Furnas,Azores,23,Povoação,4204,Furnas,420403,37.7757,-25.3104,4,furnas
PT,Portugal,Portugal,9600-000,Ribeira Grande,Azores,23,Ribeira Grande,4205,Ribeira Grande,,37.8167,-25.5167,4,ribeira-grande
PT,Portugal,Portugal,9600-011,Calhetas,Azores,23,Ribeira Grande,4205,Calhetas,420501,37.8,-25.6333,4,calhetas
PT,Portugal,Portugal,9600-012,Calhetas,Azores,23,Ribeira Grande,4205,Calhetas,420501,37.8,-25.6333,4,calhetas
PT,Portugal,Portugal,9600-014,Calhetas,Azores,23,Ribeira Grande,4205,Calhetas,420501,37.8,-25.6333,4,calhetas
PT,Portugal,Portugal,9600-015,Calhetas,Azores,23,Ribeira Grande,4205,Calhetas,420501,37.8,-25.6333,4,calhetas
PT,Portugal,Portugal,9600-016,Calhetas,Azores,23,Ribeira Grande,4205,Calhetas,420501,37.8,-25.6333,4,calhetas
PT,Portugal,Portugal,9600-017,Calhetas,Azores,23,Ribeira Grande,4205,Calhetas,420501,37.8,-25.6333,4,calhetas
PT,Portugal,Portugal,9600-018,Calhetas,Azores,23,Ribeira Grande,4205,Calhetas,420501,37.8,-25.6333,4,calhetas
PT,Portugal,Portugal,9600-019,Calhetas,Azores,23,Ribeira Grande,4205,Calhetas,420501,37.8,-25.6333,4,calhetas
PT,Portugal,Portugal,9600-020,Calhetas,Azores,23,Ribeira Grande,4205,Calhetas,420501,37.8,-25.6333,4,calhetas
PT,Portugal,Portugal,9600-021,Calhetas,Azores,23,Ribeira Grande,4205,Calhetas,420501,37.8,-25.6333,4,calhetas
PT,Portugal,Portugal,9600-022,Calhetas,Azores,23,Ribeira Grande,4205,Calhetas,420501,37.8,-25.6333,4,calhetas
PT,Portugal,Portugal,9600-023,Calhetas,Azores,23,Ribeira Grande,4205,Calhetas,420501,37.8,-25.6333,4,calhetas
PT,Portugal,Portugal,9600-024,Calhetas,Azores,23,Ribeira Grande,4205,Calhetas,420501,37.8,-25.6333,4,calhetas
PT,Portugal,Portugal,9600-049,Pico da Pedra,Azores,23,Ribeira Grande,4205,Pico Da Pedra,420506,37.8,-25.6167,4,pico-da-pedra
PT,Portugal,Portugal,9600-050,Pico da Pedra,Azores,23,Ribeira Grande,4205,Pico Da Pedra,420506,37.8,-25.6167,4,pico-da-pedra
PT,Portugal,Portugal,9600-051,Pico da Pedra,Azores,23,Ribeira Grande,4205,Pico Da Pedra,420506,37.8,-25.6167,4,pico-da-pedra
PT,Portugal,Portugal,9600-052,Pico da Pedra,Azores,23,Ribeira Grande,4205,Pico Da Pedra,420506,37.8,-25.6167,4,pico-da-pedra
PT,Portugal,Portugal,9600-053,Pico da Pedra,Azores,23,Ribeira Grande,4205,Pico Da Pedra,420506,37.8,-25.6167,4,pico-da-pedra
PT,Portugal,Portugal,9600-054,Pico da Pedra,Azores,23,Ribeira Grande,4205,Pico Da Pedra,420506,37.8,-25.6167,4,pico-da-pedra
PT,Portugal,Portugal,9600-055,Pico da Pedra,Azores,23,Ribeira Grande,4205,Pico Da Pedra,420506,37.8,-25.6167,4,pico-da-pedra
PT,Portugal,Portugal,9600-056,Pico da Pedra,Azores,23,Ribeira Grande,4205,Pico Da Pedra,420506,37.8,-25.6167,4,pico-da-pedra
PT,Portugal,Portugal,9600-057,Pico da Pedra,Azores,23,Ribeira Grande,4205,Pico Da Pedra,420506,37.8,-25.6167,4,pico-da-pedra
PT,Portugal,Portugal,9600-058,Pico da Pedra,Azores,23,Ribeira Grande,4205,Pico Da Pedra,420506,37.8,-25.6167,4,pico-da-pedra
PT,Portugal,Portugal,9600-059,Pico da Pedra,Azores,23,Ribeira Grande,4205,Pico Da Pedra,420506,37.8,-25.6167,4,pico-da-pedra
PT,Portugal,Portugal,9600-060,Pico da Pedra,Azores,23,Ribeira Grande,4205,Pico Da Pedra,420506,37.8,-25.6167,4,pico-da-pedra
PT,Portugal,Portugal,9600-061,Pico da Pedra,Azores,23,Ribeira Grande,4205,Pico Da Pedra,420506,37.8,-25.6167,4,pico-da-pedra
PT,Portugal,Portugal,9600-062,Pico da Pedra,Azores,23,Ribeira Grande,4205,Pico Da Pedra,420506,37.8,-25.6167,4,pico-da-pedra
PT,Portugal,Portugal,9600-063,Pico da Pedra,Azores,23,Ribeira Grande,4205,Pico Da Pedra,420506,37.8,-25.6167,4,pico-da-pedra
PT,Portugal,Portugal,9600-064,Pico da Pedra,Azores,23,Ribeira Grande,4205,Pico Da Pedra,420506,37.8,-25.6167,4,pico-da-pedra
PT,Portugal,Portugal,9600-065,Pico da Pedra,Azores,23,Ribeira Grande,4205,Pico Da Pedra,420506,37.8,-25.6167,4,pico-da-pedra
PT,Portugal,Portugal,9600-066,Pico da Pedra,Azores,23,Ribeira Grande,4205,Pico Da Pedra,420506,37.8,-25.6167,4,pico-da-pedra
PT,Portugal,Portugal,9600-067,Pico da Pedra,Azores,23,Ribeira Grande,4205,Pico Da Pedra,420506,37.8,-25.6167,4,pico-da-pedra
PT,Portugal,Portugal,9600-068,Pico da Pedra,Azores,23,Ribeira Grande,4205,Pico Da Pedra,420506,37.8,-25.6167,4,pico-da-pedra
PT,Portugal,Portugal,9600-069,Pico da Pedra,Azores,23,Ribeira Grande,4205,Pico Da Pedra,420506,37.8,-25.6167,4,pico-da-pedra
PT,Portugal,Portugal,9600-070,Pico da Pedra,Azores,23,Ribeira Grande,4205,Pico Da Pedra,420506,37.8,-25.6167,4,pico-da-pedra
PT,Portugal,Portugal,9600-071,Pico da Pedra,Azores,23,Ribeira Grande,4205,Pico Da Pedra,420506,37.8,-25.6167,4,pico-da-pedra
PT,Portugal,Portugal,9600-072,Pico da Pedra,Azores,23,Ribeira Grande,4205,Pico Da Pedra,420506,37.8,-25.6167,4,pico-da-pedra
PT,Portugal,Portugal,9600-073,Pico da Pedra,Azores,23,Ribeira Grande,4205,Pico Da Pedra,420506,37.8,-25.6167,4,pico-da-pedra
PT,Portugal,Portugal,9600-074,Pico da Pedra,Azores,23,Ribeira Grande,4205,Pico Da Pedra,420506,37.8,-25.6167,4,pico-da-pedra
PT,Portugal,Portugal,9600-075,Pico da Pedra,Azores,23,Ribeira Grande,4205,Pico Da Pedra,420506,37.8,-25.6167,4,pico-da-pedra
PT,Portugal,Portugal,9600-076,Pico da Pedra,Azores,23,Ribeira Grande,4205,Pico Da Pedra,420506,37.8,-25.6167,4,pico-da-pedra
PT,Portugal,Portugal,9600-077,Pico da Pedra,Azores,23,Ribeira Grande,4205,Pico Da Pedra,420506,37.8,-25.6167,4,pico-da-pedra
PT,Portugal,Portugal,9600-078,Pico da Pedra,Azores,23,Ribeira Grande,4205,Pico Da Pedra,420506,37.8,-25.6167,4,pico-da-pedra
PT,Portugal,Portugal,9600-079,Pico da Pedra,Azores,23,Ribeira Grande,4205,Pico Da Pedra,420506,37.8,-25.6167,4,pico-da-pedra
PT,Portugal,Portugal,9600-080,Pico da Pedra,Azores,23,Ribeira Grande,4205,Pico Da Pedra,420506,37.8,-25.6167,4,pico-da-pedra
PT,Portugal,Portugal,9600-081,Pico da Pedra,Azores,23,Ribeira Grande,4205,Pico Da Pedra,420506,37.8,-25.6167,4,pico-da-pedra
PT,Portugal,Portugal,9600-082,Rabo de Peixe,Azores,23,Ribeira Grande,4205,Rabo De Peixe,420508,37.8,-25.5833,4,rabo-de-peixe
PT,Portugal,Portugal,9600-083,Rabo de Peixe,Azores,23,Ribeira Grande,4205,Rabo De Peixe,420508,37.8,-25.5833,4,rabo-de-peixe
PT,Portugal,Portugal,9600-084,Rabo de Peixe,Azores,23,Ribeira Grande,4205,Rabo De Peixe,420508,37.8,-25.5833,4,rabo-de-peixe
PT,Portugal,Portugal,9600-085,Rabo de Peixe,Azores,23,Ribeira Grande,4205,Rabo De Peixe,420508,37.8,-25.5833,4,rabo-de-peixe
PT,Portugal,Portugal,9600-086,Rabo de Peixe,Azores,23,Ribeira Grande,4205,Rabo De Peixe,420508,37.8,-25.5833,4,rabo-de-peixe
PT,Portugal,Portugal,9600-087,Rabo de Peixe,Azores,23,Ribeira Grande,4205,Rabo De Peixe,420508,37.8,-25.5833,4,rabo-de-peixe
PT,Portugal,Portugal,9600-088,Rabo de Peixe,Azores,23,Ribeira Grande,4205,Rabo De Peixe,420508,37.8,-25.5833,4,rabo-de-peixe
PT,Portugal,Portugal,9600-089,Rabo de Peixe,Azores,23,Ribeira Grande,4205,Rabo De Peixe,420508,37.8,-25.5833,4,rabo-de-peixe
PT,Portugal,Portugal,9600-090,Rabo de Peixe,Azores,23,Ribeira Grande,4205,Rabo De Peixe,420508,37.8,-25.5833,4,rabo-de-peixe
PT,Portugal,Portugal,9600-091,Rabo de Peixe,Azores,23,Ribeira Grande,4205,Rabo De Peixe,420508,37.8,-25.5833,4,rabo-de-peixe
PT,Portugal,Portugal,9600-092,Rabo de Peixe,Azores,23,Ribeira Grande,4205,Rabo De Peixe,420508,37.8,-25.5833,4,rabo-de-peixe
PT,Portugal,Portugal,9600-093,Rabo de Peixe,Azores,23,Ribeira Grande,4205,Rabo De Peixe,420508,37.8,-25.5833,4,rabo-de-peixe
PT,Portugal,Portugal,9600-095,Rabo de Peixe,Azores,23,Ribeira Grande,4205,Rabo De Peixe,420508,37.8,-25.5833,4,rabo-de-peixe
PT,Portugal,Portugal,9600-097,Rabo de Peixe,Azores,23,Ribeira Grande,4205,Rabo De Peixe,420508,37.8,-25.5833,4,rabo-de-peixe
PT,Portugal,Portugal,9600-098,Rabo de Peixe,Azores,23,Ribeira Grande,4205,Rabo De Peixe,420508,37.8,-25.5833,4,rabo-de-peixe
PT,Portugal,Portugal,9600-100,Rabo de Peixe,Azores,23,Ribeira Grande,4205,Rabo De Peixe,420508,37.8,-25.5833,4,rabo-de-peixe
PT,Portugal,Portugal,9600-102,Rabo de Peixe,Azores,23,Ribeira Grande,4205,Rabo De Peixe,420508,37.8,-25.5833,4,rabo-de-peixe
PT,Portugal,Portugal,9600-103,Rabo de Peixe,Azores,23,Ribeira Grande,4205,Rabo De Peixe,420508,37.8,-25.5833,4,rabo-de-peixe
PT,Portugal,Portugal,9600-107,Rabo de Peixe,Azores,23,Ribeira Grande,4205,Rabo De Peixe,420508,37.8,-25.5833,4,rabo-de-peixe
PT,Portugal,Portugal,9600-108,Rabo de Peixe,Azores,23,Ribeira Grande,4205,Rabo De Peixe,420508,37.8,-25.5833,4,rabo-de-peixe
PT,Portugal,Portugal,9600-109,Rabo de Peixe,Azores,23,Ribeira Grande,4205,Rabo De Peixe,420508,37.8,-25.5833,4,rabo-de-peixe
PT,Portugal,Portugal,9600-110,Rabo de Peixe,Azores,23,Ribeira Grande,4205,Rabo De Peixe,420508,37.8,-25.5833,4,rabo-de-peixe
PT,Portugal,Portugal,9600-111,Rabo de Peixe,Azores,23,Ribeira Grande,4205,Rabo De Peixe,420508,37.8,-25.5833,4,rabo-de-peixe
PT,Portugal,Portugal,9600-112,Rabo de Peixe,Azores,23,Ribeira Grande,4205,Rabo De Peixe,420508,37.8,-25.5833,4,rabo-de-peixe
PT,Portugal,Portugal,9600-113,Rabo de Peixe,Azores,23,Ribeira Grande,4205,Rabo De Peixe,420508,37.8,-25.5833,4,rabo-de-peixe
PT,Portugal,Portugal,9600-114,Rabo de Peixe,Azores,23,Ribeira Grande,4205,Rabo De Peixe,420508,37.8,-25.5833,4,rabo-de-peixe
PT,Portugal,Portugal,9600-115,Rabo de Peixe,Azores,23,Ribeira Grande,4205,Rabo De Peixe,420508,37.8,-25.5833,4,rabo-de-peixe
PT,Portugal,Portugal,9600-116,Rabo de Peixe,Azores,23,Ribeira Grande,4205,Rabo De Peixe,420508,37.8,-25.5833,4,rabo-de-peixe
PT,Portugal,Portugal,9600-117,Rabo de Peixe,Azores,23,Ribeira Grande,4205,Rabo De Peixe,420508,37.8,-25.5833,4,rabo-de-peixe
PT,Portugal,Portugal,9600-118,Rabo de Peixe,Azores,23,Ribeira Grande,4205,Rabo De Peixe,420508,37.8,-25.5833,4,rabo-de-peixe
PT,Portugal,Portugal,9600-119,Rabo de Peixe,Azores,23,Ribeira Grande,4205,Rabo De Peixe,420508,37.8,-25.5833,4,rabo-de-peixe
PT,Portugal,Portugal,9600-120,Rabo de Peixe,Azores,23,Ribeira Grande,4205,Rabo De Peixe,420508,37.8,-25.5833,4,rabo-de-peixe
PT,Portugal,Portugal,9600-121,Rabo de Peixe,Azores,23,Ribeira Grande,4205,Rabo De Peixe,420508,37.8,-25.5833,4,rabo-de-peixe
PT,Portugal,Portugal,9600-122,Rabo de Peixe,Azores,23,Ribeira Grande,4205,Rabo De Peixe,420508,37.8,-25.5833,4,rabo-de-peixe
PT,Portugal,Portugal,9600-123,Rabo de Peixe,Azores,23,Ribeira Grande,4205,Rabo De Peixe,420508,37.8,-25.5833,4,rabo-de-peixe
PT,Portugal,Portugal,9600-124,Rabo de Peixe,Azores,23,Ribeira Grande,4205,Rabo De Peixe,420508,37.8,-25.5833,4,rabo-de-peixe
PT,Portugal,Portugal,9600-125,Rabo de Peixe,Azores,23,Ribeira Grande,4205,Rabo De Peixe,420508,37.8,-25.5833,4,rabo-de-peixe
PT,Portugal,Portugal,9600-127,Rabo de Peixe,Azores,23,Ribeira Grande,4205,Rabo De Peixe,420508,37.8,-25.5833,4,rabo-de-peixe
PT,Portugal,Portugal,9600-128,Rabo de Peixe,Azores,23,Ribeira Grande,4205,Rabo De Peixe,420508,37.8,-25.5833,4,rabo-de-peixe
PT,Portugal,Portugal,9600-129,Rabo de Peixe,Azores,23,Ribeira Grande,4205,Rabo De Peixe,420508,37.8,-25.5833,4,rabo-de-peixe
PT,Portugal,Portugal,9600-130,Rabo de Peixe,Azores,23,Ribeira Grande,4205,Rabo De Peixe,420508,37.8,-25.5833,4,rabo-de-peixe
PT,Portugal,Portugal,9600-131,Rabo de Peixe,Azores,23,Ribeira Grande,4205,Rabo De Peixe,420508,37.8,-25.5833,4,rabo-de-peixe
PT,Portugal,Portugal,9600-132,Rabo de Peixe,Azores,23,Ribeira Grande,4205,Rabo De Peixe,420508,37.8,-25.5833,4,rabo-de-peixe
PT,Portugal,Portugal,9600-134,Rabo de Peixe,Azores,23,Ribeira Grande,4205,Rabo De Peixe,420508,37.8,-25.5833,4,rabo-de-peixe
PT,Portugal,Portugal,9600-135,Rabo de Peixe,Azores,23,Ribeira Grande,4205,Rabo De Peixe,420508,37.8,-25.5833,4,rabo-de-peixe
PT,Portugal,Portugal,9600-136,Rabo de Peixe,Azores,23,Ribeira Grande,4205,Rabo De Peixe,420508,37.8,-25.5833,4,rabo-de-peixe
PT,Portugal,Portugal,9600-137,Rabo de Peixe,Azores,23,Ribeira Grande,4205,Rabo De Peixe,420508,37.8,-25.5833,4,rabo-de-peixe
PT,Portugal,Portugal,9600-138,Rabo de Peixe,Azores,23,Ribeira Grande,4205,Rabo De Peixe,420508,37.8,-25.5833,4,rabo-de-peixe
PT,Portugal,Portugal,9600-139,Rabo de Peixe,Azores,23,Ribeira Grande,4205,Rabo De Peixe,420508,37.8,-25.5833,4,rabo-de-peixe
PT,Portugal,Portugal,9600-140,Rabo de Peixe,Azores,23,Ribeira Grande,4205,Rabo De Peixe,420508,37.8,-25.5833,4,rabo-de-peixe
PT,Portugal,Portugal,9600-141,Rabo de Peixe,Azores,23,Ribeira Grande,4205,Rabo De Peixe,420508,37.8,-25.5833,4,rabo-de-peixe
PT,Portugal,Portugal,9600-142,Rabo de Peixe,Azores,23,Ribeira Grande,4205,Rabo De Peixe,420508,37.8,-25.5833,4,rabo-de-peixe
PT,Portugal,Portugal,9600-143,Rabo de Peixe,Azores,23,Ribeira Grande,4205,Rabo De Peixe,420508,37.8,-25.5833,4,rabo-de-peixe
PT,Portugal,Portugal,9600-144,Rabo de Peixe,Azores,23,Ribeira Grande,4205,Rabo De Peixe,420508,37.8,-25.5833,4,rabo-de-peixe
PT,Portugal,Portugal,9600-145,Rabo de Peixe,Azores,23,Ribeira Grande,4205,Rabo De Peixe,420508,37.8,-25.5833,4,rabo-de-peixe
PT,Portugal,Portugal,9600-146,Rabo de Peixe,Azores,23,Ribeira Grande,4205,Rabo De Peixe,420508,37.8,-25.5833,4,rabo-de-peixe
PT,Portugal,Portugal,9600-147,Rabo de Peixe,Azores,23,Ribeira Grande,4205,Rabo De Peixe,420508,37.8,-25.5833,4,rabo-de-peixe
PT,Portugal,Portugal,9600-148,Rabo de Peixe,Azores,23,Ribeira Grande,4205,Rabo De Peixe,420508,37.8,-25.5833,4,rabo-de-peixe
PT,Portugal,Portugal,9600-149,Rabo de Peixe,Azores,23,Ribeira Grande,4205,Rabo De Peixe,420508,37.8,-25.5833,4,rabo-de-peixe
PT,Portugal,Portugal,9600-150,Rabo de Peixe,Azores,23,Ribeira Grande,4205,Rabo De Peixe,420508,37.8,-25.5833,4,rabo-de-peixe
PT,Portugal,Portugal,9600-151,Rabo de Peixe,Azores,23,Ribeira Grande,4205,Rabo De Peixe,420508,37.8,-25.5833,4,rabo-de-peixe
PT,Portugal,Portugal,9600-152,Rabo de Peixe,Azores,23,Ribeira Grande,4205,Rabo De Peixe,420508,37.8,-25.5833,4,rabo-de-peixe
PT,Portugal,Portugal,9600-153,Rabo de Peixe,Azores,23,Ribeira Grande,4205,Rabo De Peixe,420508,37.8,-25.5833,4,rabo-de-peixe
PT,Portugal,Portugal,9600-154,Rabo de Peixe,Azores,23,Ribeira Grande,4205,Rabo De Peixe,420508,37.8,-25.5833,4,rabo-de-peixe
PT,Portugal,Portugal,9600-155,Rabo de Peixe,Azores,23,Ribeira Grande,4205,Rabo De Peixe,420508,37.8,-25.5833,4,rabo-de-peixe
PT,Portugal,Portugal,9600-156,Rabo de Peixe,Azores,23,Ribeira Grande,4205,Rabo De Peixe,420508,37.8,-25.5833,4,rabo-de-peixe
PT,Portugal,Portugal,9600-157,Rabo de Peixe,Azores,23,Ribeira Grande,4205,Rabo De Peixe,420508,37.8,-25.5833,4,rabo-de-peixe
PT,Portugal,Portugal,9600-158,Rabo de Peixe,Azores,23,Ribeira Grande,4205,Rabo De Peixe,420508,37.8,-25.5833,4,rabo-de-peixe
PT,Portugal,Portugal,9600-160,Rabo de Peixe,Azores,23,Ribeira Grande,4205,Rabo De Peixe,420508,37.8,-25.5833,4,rabo-de-peixe
PT,Portugal,Portugal,9600-161,Rabo de Peixe,Azores,23,Ribeira Grande,4205,Rabo De Peixe,420508,37.8,-25.5833,4,rabo-de-peixe
PT,Portugal,Portugal,9600-162,Rabo de Peixe,Azores,23,Ribeira Grande,4205,Rabo De Peixe,420508,37.8,-25.5833,4,rabo-de-peixe
PT,Portugal,Portugal,9600-163,Rabo de Peixe,Azores,23,Ribeira Grande,4205,Rabo De Peixe,420508,37.8,-25.5833,4,rabo-de-peixe
PT,Portugal,Portugal,9600-164,Rabo de Peixe,Azores,23,Ribeira Grande,4205,Rabo De Peixe,420508,37.8,-25.5833,4,rabo-de-peixe
PT,Portugal,Portugal,9600-165,Rabo de Peixe,Azores,23,Ribeira Grande,4205,Rabo De Peixe,420508,37.8,-25.5833,4,rabo-de-peixe
PT,Portugal,Portugal,9600-166,Rabo de Peixe,Azores,23,Ribeira Grande,4205,Rabo De Peixe,420508,37.8,-25.5833,4,rabo-de-peixe
PT,Portugal,Portugal,9600-167,Rabo de Peixe,Azores,23,Ribeira Grande,4205,Rabo De Peixe,420508,37.8,-25.5833,4,rabo-de-peixe
PT,Portugal,Portugal,9600-168,Santa Bárbara,Azores,23,Ribeira Grande,4205,Santa Bárbara Rgr,,37.8,-25.5833,1,santa-barbara
PT,Portugal,Portugal,9600-169,Santa Bárbara,Azores,23,Ribeira Grande,4205,Santa Bárbara Rgr,,37.8,-25.5833,1,santa-barbara
PT,Portugal,Portugal,9600-170,Ribeira Seca,Azores,23,Ribeira Grande,4205,Ribeira Seca Rgr,,37.8167,-25.5333,4,ribeira-seca
PT,Portugal,Portugal,9600-171,Rabo de Peixe,Azores,23,Ribeira Grande,4205,Rabo De Peixe,420508,37.8,-25.5833,4,rabo-de-peixe
PT,Portugal,Portugal,9600-172,Rabo de Peixe,Azores,23,Ribeira Grande,4205,Rabo De Peixe,420508,37.8,-25.5833,4,rabo-de-peixe
PT,Portugal,Portugal,9600-173,Rabo de Peixe,Azores,23,Ribeira Grande,4205,Rabo De Peixe,420508,37.8,-25.5833,4,rabo-de-peixe
PT,Portugal,Portugal,9600-174,Rabo de Peixe,Azores,23,Ribeira Grande,4205,Rabo De Peixe,420508,37.8,-25.5833,4,rabo-de-peixe
PT,Portugal,Portugal,9600-175,Rabo de Peixe,Azores,23,Ribeira Grande,4205,Rabo De Peixe,420508,37.8,-25.5833,4,rabo-de-peixe
PT,Portugal,Portugal,9600-201,Ribeira Seca,Azores,23,Ribeira Grande,4205,Ribeira Seca Rgr,,37.8167,-25.5333,4,ribeira-seca
PT,Portugal,Portugal,9600-211,Ribeira Seca,Azores,23,Ribeira Grande,4205,Ribeira Seca Rgr,,37.8167,-25.5333,4,ribeira-seca
PT,Portugal,Portugal,9600-212,Ribeira Seca,Azores,23,Ribeira Grande,4205,Ribeira Seca Rgr,,37.8167,-25.5333,4,ribeira-seca
PT,Portugal,Portugal,9600-213,Ribeira Seca,Azores,23,Ribeira Grande,4205,Ribeira Seca Rgr,,37.8167,-25.5333,4,ribeira-seca
PT,Portugal,Portugal,9600-214,Ribeira Seca,Azores,23,Ribeira Grande,4205,Ribeira Seca Rgr,,37.8167,-25.5333,4,ribeira-seca
PT,Portugal,Portugal,9600-215,Ribeira Seca,Azores,23,Ribeira Grande,4205,Ribeira Seca Rgr,,37.8167,-25.5333,4,ribeira-seca
PT,Portugal,Portugal,9600-216,Ribeira Seca,Azores,23,Ribeira Grande,4205,Ribeira Seca Rgr,,37.8167,-25.5333,4,ribeira-seca
PT,Portugal,Portugal,9600-217,Ribeira Seca,Azores,23,Ribeira Grande,4205,Ribeira Seca Rgr,,37.8167,-25.5333,4,ribeira-seca
PT,Portugal,Portugal,9600-218,Ribeira Seca,Azores,23,Ribeira Grande,4205,Ribeira Seca Rgr,,37.8167,-25.5333,4,ribeira-seca
PT,Portugal,Portugal,9600-219,Ribeira Seca,Azores,23,Ribeira Grande,4205,Ribeira Seca Rgr,,37.8167,-25.5333,4,ribeira-seca
PT,Portugal,Portugal,9600-220,Ribeira Seca,Azores,23,Ribeira Grande,4205,Ribeira Seca Rgr,,37.8167,-25.5333,4,ribeira-seca
PT,Portugal,Portugal,9600-221,Ribeira Seca,Azores,23,Ribeira Grande,4205,Ribeira Seca Rgr,,37.8167,-25.5333,4,ribeira-seca
PT,Portugal,Portugal,9600-222,Ribeira Seca,Azores,23,Ribeira Grande,4205,Ribeira Seca Rgr,,37.8167,-25.5333,4,ribeira-seca
PT,Portugal,Portugal,9600-223,Ribeira Seca,Azores,23,Ribeira Grande,4205,Ribeira Seca Rgr,,37.8167,-25.5333,4,ribeira-seca
PT,Portugal,Portugal,9600-224,Ribeira Seca,Azores,23,Ribeira Grande,4205,Ribeira Seca Rgr,,37.8167,-25.5333,4,ribeira-seca
PT,Portugal,Portugal,9600-225,Ribeira Seca,Azores,23,Ribeira Grande,4205,Ribeira Seca Rgr,,37.8167,-25.5333,4,ribeira-seca
PT,Portugal,Portugal,9600-226,Ribeira Seca,Azores,23,Ribeira Grande,4205,Ribeira Seca Rgr,,37.8167,-25.5333,4,ribeira-seca
PT,Portugal,Portugal,9600-227,Ribeira Seca,Azores,23,Ribeira Grande,4205,Ribeira Seca Rgr,,37.8167,-25.5333,4,ribeira-seca
PT,Portugal,Portugal,9600-228,Ribeira Seca,Azores,23,Ribeira Grande,4205,Ribeira Seca Rgr,,37.8167,-25.5333,4,ribeira-seca
PT,Portugal,Portugal,9600-231,Ribeira Seca,Azores,23,Ribeira Grande,4205,Ribeira Seca Rgr,,37.8167,-25.5333,4,ribeira-seca
PT,Portugal,Portugal,9600-232,Ribeira Seca,Azores,23,Ribeira Grande,4205,Ribeira Seca Rgr,,37.8167,-25.5333,4,ribeira-seca
PT,Portugal,Portugal,9600-233,Ribeira Seca,Azores,23,Ribeira Grande,4205,Ribeira Seca Rgr,,37.8167,-25.5333,4,ribeira-seca
PT,Portugal,Portugal,9600-234,Ribeira Seca,Azores,23,Ribeira Grande,4205,Ribeira Seca Rgr,,37.8167,-25.5333,4,ribeira-seca
PT,Portugal,Portugal,9600-236,Ribeira Seca,Azores,23,Ribeira Grande,4205,Ribeira Seca Rgr,,37.8167,-25.5333,4,ribeira-seca
PT,Portugal,Portugal,9600-237,Ribeira Seca,Azores,23,Ribeira Grande,4205,Ribeira Seca Rgr,,37.8167,-25.5333,4,ribeira-seca
PT,Portugal,Portugal,9600-301,Ribeirinha,Azores,23,Ribeira Grande,4205,Ribeirinha Rgr,,37.8167,-25.4833,4,ribeirinha
PT,Portugal,Portugal,9600-302,Ribeirinha,Azores,23,Ribeira Grande,4205,Ribeirinha Rgr,,37.8167,-25.4833,4,ribeirinha
PT,Portugal,Portugal,9600-302,Gramas de Cima,Azores,23,Ribeira Grande,4205,Ribeirinha Rgr,,37.8167,-25.4833,3,gramas-de-cima
PT,Portugal,Portugal,9600-310,Ribeirinha,Azores,23,Ribeira Grande,4205,Ribeirinha Rgr,,37.8167,-25.4833,4,ribeirinha
PT,Portugal,Portugal,9600-311,Ribeirinha,Azores,23,Ribeira Grande,4205,Ribeirinha Rgr,,37.8167,-25.4833,4,ribeirinha
PT,Portugal,Portugal,9600-312,Ribeirinha,Azores,23,Ribeira Grande,4205,Ribeirinha Rgr,,37.8167,-25.4833,4,ribeirinha
PT,Portugal,Portugal,9600-313,Ribeirinha,Azores,23,Ribeira Grande,4205,Ribeirinha Rgr,,37.8167,-25.4833,4,ribeirinha
PT,Portugal,Portugal,9600-314,Ribeirinha,Azores,23,Ribeira Grande,4205,Ribeirinha Rgr,,37.8167,-25.4833,4,ribeirinha
PT,Portugal,Portugal,9600-316,Ribeirinha,Azores,23,Ribeira Grande,4205,Ribeirinha Rgr,,37.8167,-25.4833,4,ribeirinha
PT,Portugal,Portugal,9600-317,Ribeirinha,Azores,23,Ribeira Grande,4205,Ribeirinha Rgr,,37.8167,-25.4833,4,ribeirinha
PT,Portugal,Portugal,9600-319,Ribeirinha,Azores,23,Ribeira Grande,4205,Ribeirinha Rgr,,37.8167,-25.4833,4,ribeirinha
PT,Portugal,Portugal,9600-321,Ribeirinha,Azores,23,Ribeira Grande,4205,Ribeirinha Rgr,,37.8167,-25.4833,4,ribeirinha
PT,Portugal,Portugal,9600-322,Ribeirinha,Azores,23,Ribeira Grande,4205,Ribeirinha Rgr,,37.8167,-25.4833,4,ribeirinha
PT,Portugal,Portugal,9600-323,Ribeirinha,Azores,23,Ribeira Grande,4205,Ribeirinha Rgr,,37.8167,-25.4833,4,ribeirinha
PT,Portugal,Portugal,9600-324,Ribeirinha,Azores,23,Ribeira Grande,4205,Ribeirinha Rgr,,37.8167,-25.4833,4,ribeirinha
PT,Portugal,Portugal,9600-325,Ribeirinha,Azores,23,Ribeira Grande,4205,Ribeirinha Rgr,,37.8167,-25.4833,4,ribeirinha
PT,Portugal,Portugal,9600-326,Ribeirinha,Azores,23,Ribeira Grande,4205,Ribeirinha Rgr,,37.8167,-25.4833,4,ribeirinha
PT,Portugal,Portugal,9600-327,Ribeirinha,Azores,23,Ribeira Grande,4205,Ribeirinha Rgr,,37.8167,-25.4833,4,ribeirinha
PT,Portugal,Portugal,9600-328,Ribeirinha,Azores,23,Ribeira Grande,4205,Ribeirinha Rgr,,37.8167,-25.4833,4,ribeirinha
PT,Portugal,Portugal,9600-329,Ribeirinha,Azores,23,Ribeira Grande,4205,Ribeirinha Rgr,,37.8167,-25.4833,4,ribeirinha
PT,Portugal,Portugal,9600-330,Ribeirinha,Azores,23,Ribeira Grande,4205,Ribeirinha Rgr,,37.8167,-25.4833,4,ribeirinha
PT,Portugal,Portugal,9600-331,Ribeirinha,Azores,23,Ribeira Grande,4205,Ribeirinha Rgr,,37.8167,-25.4833,4,ribeirinha
PT,Portugal,Portugal,9600-332,Ribeirinha,Azores,23,Ribeira Grande,4205,Ribeirinha Rgr,,37.8167,-25.4833,4,ribeirinha
PT,Portugal,Portugal,9600-333,Ribeirinha,Azores,23,Ribeira Grande,4205,Ribeirinha Rgr,,37.8167,-25.4833,4,ribeirinha
PT,Portugal,Portugal,9600-411,Santa Bárbara,Azores,23,Ribeira Grande,4205,Santa Bárbara Rgr,,37.8167,-25.519,1,santa-barbara
PT,Portugal,Portugal,9600-412,Santa Bárbara,Azores,23,Ribeira Grande,4205,Santa Bárbara Rgr,,37.8167,-25.519,1,santa-barbara
PT,Portugal,Portugal,9600-413,Santa Bárbara,Azores,23,Ribeira Grande,4205,Santa Bárbara Rgr,,37.8167,-25.519,1,santa-barbara
PT,Portugal,Portugal,9600-414,Santa Bárbara,Azores,23,Ribeira Grande,4205,Santa Bárbara Rgr,,37.8167,-25.519,1,santa-barbara
PT,Portugal,Portugal,9600-415,Santa Bárbara,Azores,23,Ribeira Grande,4205,Santa Bárbara Rgr,,37.8167,-25.519,1,santa-barbara
PT,Portugal,Portugal,9600-416,Santa Bárbara,Azores,23,Ribeira Grande,4205,Santa Bárbara Rgr,,37.8167,-25.519,1,santa-barbara
PT,Portugal,Portugal,9600-417,Santa Bárbara,Azores,23,Ribeira Grande,4205,Santa Bárbara Rgr,,37.8167,-25.519,1,santa-barbara
PT,Portugal,Portugal,9600-418,Ribeira Grande,Azores,23,Ribeira Grande,4205,Ribeira Grande,,37.8167,-25.5167,4,ribeira-grande
PT,Portugal,Portugal,9600-419,Ribeira Seca,Azores,23,Ribeira Grande,4205,Ribeira Seca Rgr,,37.8167,-25.5333,4,ribeira-seca
PT,Portugal,Portugal,9600-420,Santa Bárbara,Azores,23,Ribeira Grande,4205,Santa Bárbara Rgr,,37.8167,-25.5179,1,santa-barbara
PT,Portugal,Portugal,9600-421,Santa Bárbara,Azores,23,Ribeira Grande,4205,Santa Bárbara Rgr,,37.8167,-25.5179,1,santa-barbara
PT,Portugal,Portugal,9600-422,Santa Bárbara,Azores,23,Ribeira Grande,4205,Santa Bárbara Rgr,,37.8167,-25.5179,1,santa-barbara
PT,Portugal,Portugal,9600-423,Santa Bárbara,Azores,23,Ribeira Grande,4205,Santa Bárbara Rgr,,37.8167,-25.5179,1,santa-barbara
PT,Portugal,Portugal,9600-424,Santa Bárbara,Azores,23,Ribeira Grande,4205,Santa Bárbara Rgr,,37.8167,-25.5179,1,santa-barbara
PT,Portugal,Portugal,9600-425,Santa Bárbara,Azores,23,Ribeira Grande,4205,Santa Bárbara Rgr,,37.8167,-25.5179,1,santa-barbara
PT,Portugal,Portugal,9600-426,Santa Bárbara,Azores,23,Ribeira Grande,4205,Santa Bárbara Rgr,,37.8167,-25.5179,1,santa-barbara
PT,Portugal,Portugal,9600-427,Santa Bárbara,Azores,23,Ribeira Grande,4205,Santa Bárbara Rgr,,37.8167,-25.5179,1,santa-barbara
PT,Portugal,Portugal,9600-499,Ribeira Grande,Azores,23,Ribeira Grande,4205,Ribeira Grande,,37.8167,-25.5167,4,ribeira-grande
PT,Portugal,Portugal,9600-500,Ribeira Grande,Azores,23,Ribeira Grande,4205,Ribeira Grande,,37.8167,-25.5167,4,ribeira-grande
PT,Portugal,Portugal,9600-501,Caldeiras,Azores,23,Ribeira Grande,4205,Ribeira Grande,,37.8,-25.4833,4,caldeiras
PT,Portugal,Portugal,9600-503,Ribeira Grande,Azores,23,Ribeira Grande,4205,Ribeira Grande,,37.8167,-25.5167,4,ribeira-grande
PT,Portugal,Portugal,9600-504,Ribeira Grande,Azores,23,Ribeira Grande,4205,Ribeira Grande,,37.8167,-25.5167,4,ribeira-grande
PT,Portugal,Portugal,9600-505,Ribeira Grande,Azores,23,Ribeira Grande,4205,Ribeira Grande,,37.8167,-25.5167,4,ribeira-grande
PT,Portugal,Portugal,9600-508,Ribeira Grande,Azores,23,Ribeira Grande,4205,Ribeira Grande,,37.8167,-25.5167,4,ribeira-grande
PT,Portugal,Portugal,9600-509,Ribeira Grande,Azores,23,Ribeira Grande,4205,Ribeira Grande,,37.8167,-25.5167,4,ribeira-grande
PT,Portugal,Portugal,9600-510,Ribeira Grande,Azores,23,Ribeira Grande,4205,Ribeira Grande,,37.8167,-25.5167,4,ribeira-grande
PT,Portugal,Portugal,9600-511,Ribeira Grande,Azores,23,Ribeira Grande,4205,Ribeira Grande,,37.8167,-25.5167,4,ribeira-grande
PT,Portugal,Portugal,9600-512,Ribeira Grande,Azores,23,Ribeira Grande,4205,Ribeira Grande,,37.8167,-25.5167,4,ribeira-grande
PT,Portugal,Portugal,9600-513,Ribeira Grande,Azores,23,Ribeira Grande,4205,Ribeira Grande,,37.8167,-25.5167,4,ribeira-grande
PT,Portugal,Portugal,9600-514,Ribeira Grande,Azores,23,Ribeira Grande,4205,Ribeira Grande,,37.8167,-25.5167,4,ribeira-grande
PT,Portugal,Portugal,9600-515,Ribeira Grande,Azores,23,Ribeira Grande,4205,Ribeira Grande,,37.8167,-25.5167,4,ribeira-grande
PT,Portugal,Portugal,9600-516,Ribeira Grande,Azores,23,Ribeira Grande,4205,Ribeira Grande,,37.8167,-25.5167,4,ribeira-grande
PT,Portugal,Portugal,9600-517,Ribeira Grande,Azores,23,Ribeira Grande,4205,Ribeira Grande,,37.8167,-25.5167,4,ribeira-grande
PT,Portugal,Portugal,9600-518,Ribeira Grande,Azores,23,Ribeira Grande,4205,Ribeira Grande,,37.8167,-25.5167,4,ribeira-grande
PT,Portugal,Portugal,9600-519,Ribeira Grande,Azores,23,Ribeira Grande,4205,Ribeira Grande,,37.8167,-25.5167,4,ribeira-grande
PT,Portugal,Portugal,9600-520,Ribeira Grande,Azores,23,Ribeira Grande,4205,Ribeira Grande,,37.8167,-25.5167,4,ribeira-grande
PT,Portugal,Portugal,9600-521,Ribeira Grande,Azores,23,Ribeira Grande,4205,Ribeira Grande,,37.8167,-25.5167,4,ribeira-grande
PT,Portugal,Portugal,9600-522,Ribeira Grande,Azores,23,Ribeira Grande,4205,Ribeira Grande,,37.8167,-25.5167,4,ribeira-grande
PT,Portugal,Portugal,9600-524,Ribeira Grande,Azores,23,Ribeira Grande,4205,Ribeira Grande,,37.8167,-25.5167,4,ribeira-grande
PT,Portugal,Portugal,9600-525,Ribeira Grande,Azores,23,Ribeira Grande,4205,Ribeira Grande,,37.8167,-25.5167,4,ribeira-grande
PT,Portugal,Portugal,9600-526,Ribeira Grande,Azores,23,Ribeira Grande,4205,Ribeira Grande,,37.8167,-25.5167,4,ribeira-grande
PT,Portugal,Portugal,9600-527,Ribeira Grande,Azores,23,Ribeira Grande,4205,Ribeira Grande,,37.8167,-25.5167,4,ribeira-grande
PT,Portugal,Portugal,9600-528,Ribeira Grande,Azores,23,Ribeira Grande,4205,Ribeira Grande,,37.8167,-25.5167,4,ribeira-grande
PT,Portugal,Portugal,9600-529,Ribeira Grande,Azores,23,Ribeira Grande,4205,Ribeira Grande,,37.8167,-25.5167,4,ribeira-grande
PT,Portugal,Portugal,9600-530,Ribeira Grande,Azores,23,Ribeira Grande,4205,Ribeira Grande,,37.8167,-25.5167,4,ribeira-grande
PT,Portugal,Portugal,9600-531,Ribeira Grande,Azores,23,Ribeira Grande,4205,Ribeira Grande,,37.8167,-25.5167,4,ribeira-grande
PT,Portugal,Portugal,9600-532,Ribeira Grande,Azores,23,Ribeira Grande,4205,Ribeira Grande,,37.8167,-25.5167,4,ribeira-grande
PT,Portugal,Portugal,9600-533,Ribeira Grande,Azores,23,Ribeira Grande,4205,Ribeira Grande,,37.8167,-25.5167,4,ribeira-grande
PT,Portugal,Portugal,9600-534,Ribeira Grande,Azores,23,Ribeira Grande,4205,Ribeira Grande,,37.8167,-25.5167,4,ribeira-grande
PT,Portugal,Portugal,9600-535,Ribeira Grande,Azores,23,Ribeira Grande,4205,Ribeira Grande,,37.8167,-25.5167,4,ribeira-grande
PT,Portugal,Portugal,9600-536,Ribeira Grande,Azores,23,Ribeira Grande,4205,Ribeira Grande,,37.8167,-25.5167,4,ribeira-grande
PT,Portugal,Portugal,9600-537,Ribeira Grande,Azores,23,Ribeira Grande,4205,Ribeira Grande,,37.8167,-25.5167,4,ribeira-grande
PT,Portugal,Portugal,9600-538,Ribeira Grande,Azores,23,Ribeira Grande,4205,Ribeira Grande,,37.8167,-25.5167,4,ribeira-grande
PT,Portugal,Portugal,9600-539,Ribeira Grande,Azores,23,Ribeira Grande,4205,Ribeira Grande,,37.8167,-25.5167,4,ribeira-grande
PT,Portugal,Portugal,9600-540,Ribeira Grande,Azores,23,Ribeira Grande,4205,Ribeira Grande,,37.8167,-25.5167,4,ribeira-grande
PT,Portugal,Portugal,9600-541,Ribeira Grande,Azores,23,Ribeira Grande,4205,Ribeira Grande,,37.8167,-25.5167,4,ribeira-grande
PT,Portugal,Portugal,9600-542,Ribeira Grande,Azores,23,Ribeira Grande,4205,Ribeira Grande,,37.8167,-25.5167,4,ribeira-grande
PT,Portugal,Portugal,9600-543,Ribeira Grande,Azores,23,Ribeira Grande,4205,Ribeira Grande,,37.8167,-25.5167,4,ribeira-grande
PT,Portugal,Portugal,9600-544,Ribeira Grande,Azores,23,Ribeira Grande,4205,Ribeira Grande,,37.8167,-25.5167,4,ribeira-grande
PT,Portugal,Portugal,9600-545,Ribeira Grande,Azores,23,Ribeira Grande,4205,Ribeira Grande,,37.8167,-25.5167,4,ribeira-grande
PT,Portugal,Portugal,9600-546,Ribeira Grande,Azores,23,Ribeira Grande,4205,Ribeira Grande,,37.8167,-25.5167,4,ribeira-grande
PT,Portugal,Portugal,9600-547,Ribeira Grande,Azores,23,Ribeira Grande,4205,Ribeira Grande,,37.8167,-25.5167,4,ribeira-grande
PT,Portugal,Portugal,9600-548,Ribeira Grande,Azores,23,Ribeira Grande,4205,Ribeira Grande,,37.8167,-25.5167,4,ribeira-grande
PT,Portugal,Portugal,9600-549,Ribeira Grande,Azores,23,Ribeira Grande,4205,Ribeira Grande,,37.8167,-25.5167,4,ribeira-grande
PT,Portugal,Portugal,9600-550,Ribeira Grande,Azores,23,Ribeira Grande,4205,Ribeira Grande,,37.8167,-25.5167,4,ribeira-grande
PT,Portugal,Portugal,9600-551,Ribeira Grande,Azores,23,Ribeira Grande,4205,Ribeira Grande,,37.8167,-25.5167,4,ribeira-grande
PT,Portugal,Portugal,9600-552,Ribeira Grande,Azores,23,Ribeira Grande,4205,Ribeira Grande,,37.8167,-25.5167,4,ribeira-grande
PT,Portugal,Portugal,9600-553,Ribeira Grande,Azores,23,Ribeira Grande,4205,Ribeira Grande,,37.8167,-25.5167,4,ribeira-grande
PT,Portugal,Portugal,9600-554,Ribeira Grande,Azores,23,Ribeira Grande,4205,Ribeira Grande,,37.8167,-25.5167,4,ribeira-grande
PT,Portugal,Portugal,9600-555,Ribeira Grande,Azores,23,Ribeira Grande,4205,Ribeira Grande,,37.8167,-25.5167,4,ribeira-grande
PT,Portugal,Portugal,9600-556,Ribeira Grande,Azores,23,Ribeira Grande,4205,Ribeira Grande,,37.8167,-25.5167,4,ribeira-grande
PT,Portugal,Portugal,9600-557,Ribeira Grande,Azores,23,Ribeira Grande,4205,Ribeira Grande,,37.8167,-25.5167,4,ribeira-grande
PT,Portugal,Portugal,9600-558,Ribeira Grande,Azores,23,Ribeira Grande,4205,Ribeira Grande,,37.8167,-25.5167,4,ribeira-grande
PT,Portugal,Portugal,9600-559,Ribeira Grande,Azores,23,Ribeira Grande,4205,Ribeira Grande,,37.8167,-25.5167,4,ribeira-grande
PT,Portugal,Portugal,9600-560,Ribeira Grande,Azores,23,Ribeira Grande,4205,Ribeira Grande,,37.8167,-25.5167,4,ribeira-grande
PT,Portugal,Portugal,9600-561,Ribeira Grande,Azores,23,Ribeira Grande,4205,Ribeira Grande,,37.8167,-25.5167,4,ribeira-grande
PT,Portugal,Portugal,9600-562,Ribeira Grande,Azores,23,Ribeira Grande,4205,Ribeira Grande,,37.8167,-25.5167,4,ribeira-grande
PT,Portugal,Portugal,9600-563,Ribeira Grande,Azores,23,Ribeira Grande,4205,Ribeira Grande,,37.8167,-25.5167,4,ribeira-grande
PT,Portugal,Portugal,9600-564,Ribeira Grande,Azores,23,Ribeira Grande,4205,Ribeira Grande,,37.8167,-25.5167,4,ribeira-grande
PT,Portugal,Portugal,9600-565,Ribeira Grande,Azores,23,Ribeira Grande,4205,Ribeira Grande,,37.8167,-25.5167,4,ribeira-grande
PT,Portugal,Portugal,9600-566,Ribeira Grande,Azores,23,Ribeira Grande,4205,Ribeira Grande,,37.8167,-25.5167,4,ribeira-grande
PT,Portugal,Portugal,9600-567,Ribeira Grande,Azores,23,Ribeira Grande,4205,Ribeira Grande,,37.8167,-25.5167,4,ribeira-grande
PT,Portugal,Portugal,9600-568,Ribeira Grande,Azores,23,Ribeira Grande,4205,Ribeira Grande,,37.8167,-25.5167,4,ribeira-grande
PT,Portugal,Portugal,9600-569,Ribeira Grande,Azores,23,Ribeira Grande,4205,Ribeira Grande,,37.8167,-25.5167,4,ribeira-grande
PT,Portugal,Portugal,9600-570,Ribeira Grande,Azores,23,Ribeira Grande,4205,Ribeira Grande,,37.8167,-25.5167,4,ribeira-grande
PT,Portugal,Portugal,9600-571,Ribeira Grande,Azores,23,Ribeira Grande,4205,Ribeira Grande,,37.8167,-25.5167,4,ribeira-grande
PT,Portugal,Portugal,9600-572,Ribeira Grande,Azores,23,Ribeira Grande,4205,Ribeira Grande,,37.8167,-25.5167,4,ribeira-grande
PT,Portugal,Portugal,9600-573,Ribeira Grande,Azores,23,Ribeira Grande,4205,Ribeira Grande,,37.8167,-25.5167,4,ribeira-grande
PT,Portugal,Portugal,9600-574,Ribeira Grande,Azores,23,Ribeira Grande,4205,Ribeira Grande,,37.8167,-25.5167,4,ribeira-grande
PT,Portugal,Portugal,9600-575,Ribeira Grande,Azores,23,Ribeira Grande,4205,Ribeira Grande,,37.8167,-25.5167,4,ribeira-grande
PT,Portugal,Portugal,9600-576,Ribeira Grande,Azores,23,Ribeira Grande,4205,Ribeira Grande,,37.8167,-25.5167,4,ribeira-grande
PT,Portugal,Portugal,9600-578,Ribeira Grande,Azores,23,Ribeira Grande,4205,Ribeira Grande,,37.8167,-25.5167,4,ribeira-grande
PT,Portugal,Portugal,9600-580,Ribeira Grande,Azores,23,Ribeira Grande,4205,Ribeira Grande,,37.8167,-25.5167,4,ribeira-grande
PT,Portugal,Portugal,9600-581,Ribeira Grande,Azores,23,Ribeira Grande,4205,Ribeira Grande,,37.8167,-25.5167,4,ribeira-grande
PT,Portugal,Portugal,9600-582,Ribeira Grande,Azores,23,Ribeira Grande,4205,Ribeira Grande,,37.8167,-25.5167,4,ribeira-grande
PT,Portugal,Portugal,9600-583,Ribeira Grande,Azores,23,Ribeira Grande,4205,Ribeira Grande,,37.8167,-25.5167,4,ribeira-grande
PT,Portugal,Portugal,9600-584,Ribeira Grande,Azores,23,Ribeira Grande,4205,Ribeira Grande,,37.8167,-25.5167,4,ribeira-grande
PT,Portugal,Portugal,9600-585,Ribeira Grande,Azores,23,Ribeira Grande,4205,Ribeira Grande,,37.8167,-25.5167,4,ribeira-grande
PT,Portugal,Portugal,9600-586,Ribeira Grande,Azores,23,Ribeira Grande,4205,Ribeira Grande,,37.8167,-25.5167,4,ribeira-grande
PT,Portugal,Portugal,9600-587,Ribeira Grande,Azores,23,Ribeira Grande,4205,Ribeira Grande,,37.8167,-25.5167,4,ribeira-grande
PT,Portugal,Portugal,9600-588,Ribeira Grande,Azores,23,Ribeira Grande,4205,Ribeira Grande,,37.8167,-25.5167,4,ribeira-grande
PT,Portugal,Portugal,9600-589,Ribeira Grande,Azores,23,Ribeira Grande,4205,Ribeira Grande,,37.8167,-25.5167,4,ribeira-grande
PT,Portugal,Portugal,9600-590,Ribeira Grande,Azores,23,Ribeira Grande,4205,Ribeira Grande,,37.8167,-25.5167,4,ribeira-grande
PT,Portugal,Portugal,9600-997,Pico da Pedra,Azores,23,Ribeira Grande,4205,Pico Da Pedra,420506,37.8,-25.6167,4,pico-da-pedra
PT,Portugal,Portugal,9600-998,Rabo de Peixe,Azores,23,Ribeira Grande,4205,Rabo De Peixe,420508,37.8,-25.5833,4,rabo-de-peixe
PT,Portugal,Portugal,9600-999,Ribeira Grande,Azores,23,Ribeira Grande,4205,Ribeira Grande,,37.8167,-25.5167,4,ribeira-grande
PT,Portugal,Portugal,9625-011,Casa do Monte,Azores,23,Ribeira Grande,4205,Fenais Da Ajuda,420502,37.8491,-25.3185,1,casa-do-monte
PT,Portugal,Portugal,9625-021,Fenais da Ajuda,Azores,23,Ribeira Grande,4205,Fenais Da Ajuda,420502,37.85,-25.3167,4,fenais-da-ajuda
PT,Portugal,Portugal,9625-022,Fenais da Ajuda,Azores,23,Ribeira Grande,4205,Fenais Da Ajuda,420502,37.85,-25.3167,4,fenais-da-ajuda
PT,Portugal,Portugal,9625-023,Fenais da Ajuda,Azores,23,Ribeira Grande,4205,Fenais Da Ajuda,420502,37.85,-25.3167,4,fenais-da-ajuda
PT,Portugal,Portugal,9625-024,Fenais da Ajuda,Azores,23,Ribeira Grande,4205,Fenais Da Ajuda,420502,37.85,-25.3167,4,fenais-da-ajuda
PT,Portugal,Portugal,9625-025,Fenais da Ajuda,Azores,23,Ribeira Grande,4205,Fenais Da Ajuda,420502,37.85,-25.3167,4,fenais-da-ajuda
PT,Portugal,Portugal,9625-026,Fenais da Ajuda,Azores,23,Ribeira Grande,4205,Fenais Da Ajuda,420502,37.85,-25.3167,4,fenais-da-ajuda
PT,Portugal,Portugal,9625-027,Fenais da Ajuda,Azores,23,Ribeira Grande,4205,Fenais Da Ajuda,420502,37.85,-25.3167,4,fenais-da-ajuda
PT,Portugal,Portugal,9625-028,Fenais da Ajuda,Azores,23,Ribeira Grande,4205,Fenais Da Ajuda,420502,37.85,-25.3167,4,fenais-da-ajuda
PT,Portugal,Portugal,9625-029,Fenais da Ajuda,Azores,23,Ribeira Grande,4205,Fenais Da Ajuda,420502,37.85,-25.3167,4,fenais-da-ajuda
PT,Portugal,Portugal,9625-030,Fenais da Ajuda,Azores,23,Ribeira Grande,4205,Fenais Da Ajuda,420502,37.85,-25.3167,4,fenais-da-ajuda
PT,Portugal,Portugal,9625-031,Fenais da Ajuda,Azores,23,Ribeira Grande,4205,Fenais Da Ajuda,420502,37.85,-25.3167,4,fenais-da-ajuda
PT,Portugal,Portugal,9625-032,Fenais da Ajuda,Azores,23,Ribeira Grande,4205,Fenais Da Ajuda,420502,37.85,-25.3167,4,fenais-da-ajuda
PT,Portugal,Portugal,9625-033,Fenais da Ajuda,Azores,23,Ribeira Grande,4205,Fenais Da Ajuda,420502,37.85,-25.3167,4,fenais-da-ajuda
PT,Portugal,Portugal,9625-034,Fenais da Ajuda,Azores,23,Ribeira Grande,4205,Fenais Da Ajuda,420502,37.85,-25.3167,4,fenais-da-ajuda
PT,Portugal,Portugal,9625-035,Fenais da Ajuda,Azores,23,Ribeira Grande,4205,Fenais Da Ajuda,420502,37.85,-25.3167,4,fenais-da-ajuda
PT,Portugal,Portugal,9625-060,Ribeira Funda,Azores,23,Ribeira Grande,4205,Fenais Da Ajuda,420502,37.8333,-25.35,4,ribeira-funda
PT,Portugal,Portugal,9625-101,Burguete,Azores,23,Ribeira Grande,4205,Lomba Da Maia,420503,37.8167,-25.3667,4,burguete
PT,Portugal,Portugal,9625-111,Lomba da Maia,Azores,23,Ribeira Grande,4205,Lomba Da Maia,420503,37.8333,-25.35,4,lomba-da-maia
PT,Portugal,Portugal,9625-112,Lomba da Maia,Azores,23,Ribeira Grande,4205,Lomba Da Maia,420503,37.8333,-25.35,4,lomba-da-maia
PT,Portugal,Portugal,9625-113,Lomba da Maia,Azores,23,Ribeira Grande,4205,Lomba Da Maia,420503,37.8333,-25.35,4,lomba-da-maia
PT,Portugal,Portugal,9625-114,Lomba da Maia,Azores,23,Ribeira Grande,4205,Lomba Da Maia,420503,37.8333,-25.35,4,lomba-da-maia
PT,Portugal,Portugal,9625-115,Lomba da Maia,Azores,23,Ribeira Grande,4205,Lomba Da Maia,420503,37.8333,-25.35,4,lomba-da-maia
PT,Portugal,Portugal,9625-116,Lomba da Maia,Azores,23,Ribeira Grande,4205,Lomba Da Maia,420503,37.8333,-25.35,4,lomba-da-maia
PT,Portugal,Portugal,9625-117,Lomba da Maia,Azores,23,Ribeira Grande,4205,Lomba Da Maia,420503,37.8333,-25.35,4,lomba-da-maia
PT,Portugal,Portugal,9625-118,Lomba da Maia,Azores,23,Ribeira Grande,4205,Lomba Da Maia,420503,37.8333,-25.35,4,lomba-da-maia
PT,Portugal,Portugal,9625-119,Lomba da Maia,Azores,23,Ribeira Grande,4205,Lomba Da Maia,420503,37.8333,-25.35,4,lomba-da-maia
PT,Portugal,Portugal,9625-120,Lomba da Maia,Azores,23,Ribeira Grande,4205,Lomba Da Maia,420503,37.8333,-25.35,4,lomba-da-maia
PT,Portugal,Portugal,9625-121,Lomba da Maia,Azores,23,Ribeira Grande,4205,Lomba Da Maia,420503,37.8333,-25.35,4,lomba-da-maia
PT,Portugal,Portugal,9625-122,Lomba da Maia,Azores,23,Ribeira Grande,4205,Lomba Da Maia,420503,37.8333,-25.35,4,lomba-da-maia
PT,Portugal,Portugal,9625-123,Lomba da Maia,Azores,23,Ribeira Grande,4205,Lomba Da Maia,420503,37.8333,-25.35,4,lomba-da-maia
PT,Portugal,Portugal,9625-124,Lomba da Maia,Azores,23,Ribeira Grande,4205,Lomba Da Maia,420503,37.8333,-25.35,4,lomba-da-maia
PT,Portugal,Portugal,9625-125,Lomba da Maia,Azores,23,Ribeira Grande,4205,Lomba Da Maia,420503,37.8333,-25.35,4,lomba-da-maia
PT,Portugal,Portugal,9625-126,Lomba da Maia,Azores,23,Ribeira Grande,4205,Lomba Da Maia,420503,37.8333,-25.35,4,lomba-da-maia
PT,Portugal,Portugal,9625-127,Lomba da Maia,Azores,23,Ribeira Grande,4205,Lomba Da Maia,420503,37.8333,-25.35,4,lomba-da-maia
PT,Portugal,Portugal,9625-205,Lomba de São Pedro Baixo,Azores,23,Ribeira Grande,4205,Lomba De São Pedro,420504,37.85,-25.3167,4,lomba-de-sao-pedro-baixo
PT,Portugal,Portugal,9625-206,Lomba de São Pedro Cima,Azores,23,Ribeira Grande,4205,Lomba De São Pedro,420504,37.85,-25.3167,1,lomba-de-sao-pedro-cima
PT,Portugal,Portugal,9625-301,Calços da Maia,Azores,23,Ribeira Grande,4205,Maia (São Miguel),,37.8167,-25.3667,1,calcos-da-maia
PT,Portugal,Portugal,9625-303,Gorreana de Baixo,Azores,23,Ribeira Grande,4205,Maia (São Miguel),,37.8167,-25.3667,1,gorreana-de-baixo
PT,Portugal,Portugal,9625-304,Gorreana de Cima,Azores,23,Ribeira Grande,4205,Maia (São Miguel),,37.8167,-25.3667,1,gorreana-de-cima
PT,Portugal,Portugal,9625-305,Lombinha da Maia,Azores,23,Ribeira Grande,4205,Maia (São Miguel),,37.8167,-25.3667,4,lombinha-da-maia
PT,Portugal,Portugal,9625-320,Maia,Azores,23,Ribeira Grande,4205,Maia (São Miguel),,37.8333,-25.3833,4,maia
PT,Portugal,Portugal,9625-321,Maia,Azores,23,Ribeira Grande,4205,Maia (São Miguel),,37.8333,-25.3833,4,maia
PT,Portugal,Portugal,9625-322,Maia,Azores,23,Ribeira Grande,4205,Maia (São Miguel),,37.8333,-25.3833,4,maia
PT,Portugal,Portugal,9625-323,Maia,Azores,23,Ribeira Grande,4205,Maia (São Miguel),,37.8333,-25.3833,4,maia
PT,Portugal,Portugal,9625-324,Maia,Azores,23,Ribeira Grande,4205,Maia (São Miguel),,37.8333,-25.3833,4,maia
PT,Portugal,Portugal,9625-325,Maia,Azores,23,Ribeira Grande,4205,Maia (São Miguel),,37.8333,-25.3833,4,maia
PT,Portugal,Portugal,9625-326,Maia,Azores,23,Ribeira Grande,4205,Maia (São Miguel),,37.8333,-25.3833,4,maia
PT,Portugal,Portugal,9625-327,Maia,Azores,23,Ribeira Grande,4205,Maia (São Miguel),,37.8333,-25.3833,4,maia
PT,Portugal,Portugal,9625-328,Maia,Azores,23,Ribeira Grande,4205,Maia (São Miguel),,37.8333,-25.3833,4,maia
PT,Portugal,Portugal,9625-329,Maia,Azores,23,Ribeira Grande,4205,Maia (São Miguel),,37.8333,-25.3833,4,maia
PT,Portugal,Portugal,9625-330,Maia,Azores,23,Ribeira Grande,4205,Maia (São Miguel),,37.8333,-25.3833,4,maia
PT,Portugal,Portugal,9625-331,Maia,Azores,23,Ribeira Grande,4205,Maia (São Miguel),,37.8333,-25.3833,4,maia
PT,Portugal,Portugal,9625-332,Maia,Azores,23,Ribeira Grande,4205,Maia (São Miguel),,37.8333,-25.3833,4,maia
PT,Portugal,Portugal,9625-333,Maia,Azores,23,Ribeira Grande,4205,Maia (São Miguel),,37.8333,-25.3833,4,maia
PT,Portugal,Portugal,9625-334,Maia,Azores,23,Ribeira Grande,4205,Maia (São Miguel),,37.8333,-25.3833,4,maia
PT,Portugal,Portugal,9625-335,Maia,Azores,23,Ribeira Grande,4205,Maia (São Miguel),,37.8333,-25.3833,4,maia
PT,Portugal,Portugal,9625-336,Maia,Azores,23,Ribeira Grande,4205,Maia (São Miguel),,37.8333,-25.3833,4,maia
PT,Portugal,Portugal,9625-337,Maia,Azores,23,Ribeira Grande,4205,Maia (São Miguel),,37.8333,-25.3833,4,maia
PT,Portugal,Portugal,9625-339,Maia,Azores,23,Ribeira Grande,4205,Maia (São Miguel),,37.8333,-25.3833,4,maia
PT,Portugal,Portugal,9625-340,Maia,Azores,23,Ribeira Grande,4205,Maia (São Miguel),,37.8333,-25.3833,4,maia
PT,Portugal,Portugal,9625-341,Maia,Azores,23,Ribeira Grande,4205,Maia (São Miguel),,37.8333,-25.3833,4,maia
PT,Portugal,Portugal,9625-342,Maia,Azores,23,Ribeira Grande,4205,Maia (São Miguel),,37.8333,-25.3833,4,maia
PT,Portugal,Portugal,9625-343,Maia,Azores,23,Ribeira Grande,4205,Maia (São Miguel),,37.8333,-25.3833,4,maia
PT,Portugal,Portugal,9625-344,Maia,Azores,23,Ribeira Grande,4205,Maia (São Miguel),,37.8333,-25.3833,4,maia
PT,Portugal,Portugal,9625-345,Maia,Azores,23,Ribeira Grande,4205,Maia (São Miguel),,37.8333,-25.3833,4,maia
PT,Portugal,Portugal,9625-347,Maia,Azores,23,Ribeira Grande,4205,Maia (São Miguel),,37.8333,-25.3833,4,maia
PT,Portugal,Portugal,9625-348,Maia,Azores,23,Ribeira Grande,4205,Maia (São Miguel),,37.8333,-25.3833,4,maia
PT,Portugal,Portugal,9625-349,Maia,Azores,23,Ribeira Grande,4205,Maia (São Miguel),,37.8333,-25.3833,4,maia
PT,Portugal,Portugal,9625-350,Maia,Azores,23,Ribeira Grande,4205,Maia (São Miguel),,37.8333,-25.3833,4,maia
PT,Portugal,Portugal,9625-351,Maia,Azores,23,Ribeira Grande,4205,Maia (São Miguel),,37.8333,-25.3833,4,maia
PT,Portugal,Portugal,9625-352,Maia,Azores,23,Ribeira Grande,4205,Maia (São Miguel),,37.8333,-25.3833,4,maia
PT,Portugal,Portugal,9625-380,Maia,Azores,23,Ribeira Grande,4205,Maia (São Miguel),,37.8333,-25.3833,4,maia
PT,Portugal,Portugal,9625-391,São Sebastião,Azores,23,Ribeira Grande,4205,Maia (São Miguel),,37.8333,-25.3833,3,sao-sebastiao
PT,Portugal,Portugal,9625-391,Maia,Azores,23,Ribeira Grande,4205,Maia (São Miguel),,37.8333,-25.3833,4,maia
PT,Portugal,Portugal,9625-400,Porto Formoso,Azores,23,Ribeira Grande,4205,Porto Formoso,420507,37.8167,-25.4167,4,porto-formoso
PT,Portugal,Portugal,9625-401,Porto Formoso,Azores,23,Ribeira Grande,4205,Porto Formoso,420507,37.8167,-25.4167,4,porto-formoso
PT,Portugal,Portugal,9625-410,Porto Formoso,Azores,23,Ribeira Grande,4205,Porto Formoso,420507,37.8167,-25.4167,4,porto-formoso
PT,Portugal,Portugal,9625-411,Porto Formoso,Azores,23,Ribeira Grande,4205,Porto Formoso,420507,37.8167,-25.4167,4,porto-formoso
PT,Portugal,Portugal,9625-412,Porto Formoso,Azores,23,Ribeira Grande,4205,Porto Formoso,420507,37.8167,-25.4167,4,porto-formoso
PT,Portugal,Portugal,9625-413,Porto Formoso,Azores,23,Ribeira Grande,4205,Porto Formoso,420507,37.8167,-25.4167,4,porto-formoso
PT,Portugal,Portugal,9625-414,Porto Formoso,Azores,23,Ribeira Grande,4205,Porto Formoso,420507,37.8167,-25.4167,4,porto-formoso
PT,Portugal,Portugal,9625-415,Porto Formoso,Azores,23,Ribeira Grande,4205,Porto Formoso,420507,37.8167,-25.4167,4,porto-formoso
PT,Portugal,Portugal,9625-416,Porto Formoso,Azores,23,Ribeira Grande,4205,Porto Formoso,420507,37.8167,-25.4167,4,porto-formoso
PT,Portugal,Portugal,9625-417,Porto Formoso,Azores,23,Ribeira Grande,4205,Porto Formoso,420507,37.8167,-25.4167,4,porto-formoso
PT,Portugal,Portugal,9625-418,Porto Formoso,Azores,23,Ribeira Grande,4205,Porto Formoso,420507,37.8167,-25.4167,4,porto-formoso
PT,Portugal,Portugal,9625-419,Porto Formoso,Azores,23,Ribeira Grande,4205,Porto Formoso,420507,37.8167,-25.4167,4,porto-formoso
PT,Portugal,Portugal,9625-420,Porto Formoso,Azores,23,Ribeira Grande,4205,Porto Formoso,420507,37.8167,-25.4167,4,porto-formoso
PT,Portugal,Portugal,9625-421,Porto Formoso,Azores,23,Ribeira Grande,4205,Porto Formoso,420507,37.8167,-25.4167,4,porto-formoso
PT,Portugal,Portugal,9625-422,Porto Formoso,Azores,23,Ribeira Grande,4205,Porto Formoso,420507,37.8167,-25.4167,4,porto-formoso
PT,Portugal,Portugal,9625-423,Porto Formoso,Azores,23,Ribeira Grande,4205,Porto Formoso,420507,37.8167,-25.4167,4,porto-formoso
PT,Portugal,Portugal,9625-424,Porto Formoso,Azores,23,Ribeira Grande,4205,Porto Formoso,420507,37.8167,-25.4167,4,porto-formoso
PT,Portugal,Portugal,9625-425,Porto Formoso,Azores,23,Ribeira Grande,4205,Porto Formoso,420507,37.8167,-25.4167,4,porto-formoso
PT,Portugal,Portugal,9625-426,Porto Formoso,Azores,23,Ribeira Grande,4205,Porto Formoso,420507,37.8167,-25.4167,4,porto-formoso
PT,Portugal,Portugal,9625-427,Porto Formoso,Azores,23,Ribeira Grande,4205,Porto Formoso,420507,37.8167,-25.4167,4,porto-formoso
PT,Portugal,Portugal,9625-428,Porto Formoso,Azores,23,Ribeira Grande,4205,Porto Formoso,420507,37.8167,-25.4167,4,porto-formoso
PT,Portugal,Portugal,9625-429,Porto Formoso,Azores,23,Ribeira Grande,4205,Porto Formoso,420507,37.8167,-25.4167,4,porto-formoso
PT,Portugal,Portugal,9625-430,Porto Formoso,Azores,23,Ribeira Grande,4205,Porto Formoso,420507,37.8167,-25.4167,4,porto-formoso
PT,Portugal,Portugal,9625-431,Porto Formoso,Azores,23,Ribeira Grande,4205,Porto Formoso,420507,37.8167,-25.4167,4,porto-formoso
PT,Portugal,Portugal,9625-432,Porto Formoso,Azores,23,Ribeira Grande,4205,Porto Formoso,420507,37.8167,-25.4167,4,porto-formoso
PT,Portugal,Portugal,9625-433,Porto Formoso,Azores,23,Ribeira Grande,4205,Porto Formoso,420507,37.8167,-25.4167,4,porto-formoso
PT,Portugal,Portugal,9625-510,São Brás,Azores,23,Ribeira Grande,4205,São Brás Rgr,,37.8167,-25.4167,4,sao-bras
PT,Portugal,Portugal,9625-511,São Brás,Azores,23,Ribeira Grande,4205,São Brás Rgr,,37.8167,-25.4167,4,sao-bras
PT,Portugal,Portugal,9625-512,São Brás,Azores,23,Ribeira Grande,4205,São Brás Rgr,,37.8167,-25.4167,4,sao-bras
PT,Portugal,Portugal,9625-513,São Brás,Azores,23,Ribeira Grande,4205,São Brás Rgr,,37.8167,-25.4167,4,sao-bras
PT,Portugal,Portugal,9625-999,Maia,Azores,23,Ribeira Grande,4205,Maia (São Miguel),,37.8333,-25.3833,4,maia
PT,Portugal,Portugal,9680-015,Ribeira Seca,Azores,23,Vila Franca do Campo,4206,Vila Franca Do Campo,,37.7167,-25.4167,4,ribeira-seca
PT,Portugal,Portugal,9680-016,Ribeira Seca,Azores,23,Vila Franca do Campo,4206,Vila Franca Do Campo,,37.7167,-25.4167,4,ribeira-seca
PT,Portugal,Portugal,9680-017,Ribeira Seca,Azores,23,Vila Franca do Campo,4206,Vila Franca Do Campo,,37.7167,-25.4167,4,ribeira-seca
PT,Portugal,Portugal,9680-018,Ribeira Seca,Azores,23,Vila Franca do Campo,4206,Vila Franca Do Campo,,37.7167,-25.4167,4,ribeira-seca
PT,Portugal,Portugal,9680-019,Ribeira Seca,Azores,23,Vila Franca do Campo,4206,Vila Franca Do Campo,,37.7167,-25.4167,4,ribeira-seca
PT,Portugal,Portugal,9680-021,Vila Franca do Campo,Azores,23,Vila Franca do Campo,4206,Vila Franca Do Campo,,37.7167,-25.4333,4,vila-franca-do-campo
PT,Portugal,Portugal,9680-021,Ribeira Seca,Azores,23,Vila Franca do Campo,4206,Vila Franca Do Campo,,37.7167,-25.4167,4,ribeira-seca
PT,Portugal,Portugal,9680-022,Ribeira Seca,Azores,23,Vila Franca do Campo,4206,Vila Franca Do Campo,,37.7167,-25.4167,4,ribeira-seca
PT,Portugal,Portugal,9680-024,Ribeira Seca,Azores,23,Vila Franca do Campo,4206,Vila Franca Do Campo,,37.7167,-25.4167,4,ribeira-seca
PT,Portugal,Portugal,9680-025,Ribeira Seca,Azores,23,Vila Franca do Campo,4206,Vila Franca Do Campo,,37.7167,-25.4167,4,ribeira-seca
PT,Portugal,Portugal,9680-026,Ribeira Seca,Azores,23,Vila Franca do Campo,4206,Vila Franca Do Campo,,37.7167,-25.4167,4,ribeira-seca
PT,Portugal,Portugal,9680-027,Ribeira Seca,Azores,23,Vila Franca do Campo,4206,Vila Franca Do Campo,,37.7167,-25.4167,4,ribeira-seca
PT,Portugal,Portugal,9680-028,Ribeira Seca,Azores,23,Vila Franca do Campo,4206,Vila Franca Do Campo,,37.7167,-25.4167,4,ribeira-seca
PT,Portugal,Portugal,9680-029,Ribeira Seca,Azores,23,Vila Franca do Campo,4206,Vila Franca Do Campo,,37.7167,-25.4167,4,ribeira-seca
PT,Portugal,Portugal,9680-101,Vila Franca do Campo,Azores,23,Vila Franca do Campo,4206,Vila Franca Do Campo,,37.7167,-25.4333,4,vila-franca-do-campo
PT,Portugal,Portugal,9680-102,Vila Franca do Campo,Azores,23,Vila Franca do Campo,4206,Vila Franca Do Campo,,37.7167,-25.4333,4,vila-franca-do-campo
PT,Portugal,Portugal,9680-103,Vila Franca do Campo,Azores,23,Vila Franca do Campo,4206,Vila Franca Do Campo,,37.7167,-25.4333,4,vila-franca-do-campo
PT,Portugal,Portugal,9680-104,Vila Franca do Campo,Azores,23,Vila Franca do Campo,4206,Vila Franca Do Campo,,37.7167,-25.4333,4,vila-franca-do-campo
PT,Portugal,Portugal,9680-105,Vila Franca do Campo,Azores,23,Vila Franca do Campo,4206,Vila Franca Do Campo,,37.7167,-25.4333,4,vila-franca-do-campo
PT,Portugal,Portugal,9680-106,Vila Franca do Campo,Azores,23,Vila Franca do Campo,4206,Vila Franca Do Campo,,37.7167,-25.4333,4,vila-franca-do-campo
PT,Portugal,Portugal,9680-107,Vila Franca do Campo,Azores,23,Vila Franca do Campo,4206,Vila Franca Do Campo,,37.7167,-25.4333,4,vila-franca-do-campo
PT,Portugal,Portugal,9680-108,Vila Franca do Campo,Azores,23,Vila Franca do Campo,4206,Vila Franca Do Campo,,37.7167,-25.4333,4,vila-franca-do-campo
PT,Portugal,Portugal,9680-109,Vila Franca do Campo,Azores,23,Vila Franca do Campo,4206,Vila Franca Do Campo,,37.7167,-25.4333,4,vila-franca-do-campo
PT,Portugal,Portugal,9680-110,Vila Franca do Campo,Azores,23,Vila Franca do Campo,4206,Vila Franca Do Campo,,37.7167,-25.4333,4,vila-franca-do-campo
PT,Portugal,Portugal,9680-111,Vila Franca do Campo,Azores,23,Vila Franca do Campo,4206,Vila Franca Do Campo,,37.7167,-25.4333,4,vila-franca-do-campo
PT,Portugal,Portugal,9680-113,Vila Franca do Campo,Azores,23,Vila Franca do Campo,4206,Vila Franca Do Campo,,37.7167,-25.4333,4,vila-franca-do-campo
PT,Portugal,Portugal,9680-114,Vila Franca do Campo,Azores,23,Vila Franca do Campo,4206,Vila Franca Do Campo,,37.7167,-25.4333,4,vila-franca-do-campo
PT,Portugal,Portugal,9680-115,Vila Franca do Campo,Azores,23,Vila Franca do Campo,4206,Vila Franca Do Campo,,37.7167,-25.4333,4,vila-franca-do-campo
PT,Portugal,Portugal,9680-116,Vila Franca do Campo,Azores,23,Vila Franca do Campo,4206,Vila Franca Do Campo,,37.7167,-25.4333,4,vila-franca-do-campo
PT,Portugal,Portugal,9680-117,Vila Franca do Campo,Azores,23,Vila Franca do Campo,4206,Vila Franca Do Campo,,37.7167,-25.4333,4,vila-franca-do-campo
PT,Portugal,Portugal,9680-118,Vila Franca do Campo,Azores,23,Vila Franca do Campo,4206,Vila Franca Do Campo,,37.7167,-25.4333,4,vila-franca-do-campo
PT,Portugal,Portugal,9680-119,Vila Franca do Campo,Azores,23,Vila Franca do Campo,4206,Vila Franca Do Campo,,37.7167,-25.4333,4,vila-franca-do-campo
PT,Portugal,Portugal,9680-120,Vila Franca do Campo,Azores,23,Vila Franca do Campo,4206,Vila Franca Do Campo,,37.7167,-25.4333,4,vila-franca-do-campo
PT,Portugal,Portugal,9680-121,Vila Franca do Campo,Azores,23,Vila Franca do Campo,4206,Vila Franca Do Campo,,37.7167,-25.4333,4,vila-franca-do-campo
PT,Portugal,Portugal,9680-122,Vila Franca do Campo,Azores,23,Vila Franca do Campo,4206,Vila Franca Do Campo,,37.7167,-25.4333,4,vila-franca-do-campo
PT,Portugal,Portugal,9680-123,Vila Franca do Campo,Azores,23,Vila Franca do Campo,4206,Vila Franca Do Campo,,37.7167,-25.4333,4,vila-franca-do-campo
PT,Portugal,Portugal,9680-124,Vila Franca do Campo,Azores,23,Vila Franca do Campo,4206,Vila Franca Do Campo,,37.7167,-25.4333,4,vila-franca-do-campo
PT,Portugal,Portugal,9680-125,Vila Franca do Campo,Azores,23,Vila Franca do Campo,4206,Vila Franca Do Campo,,37.7167,-25.4333,4,vila-franca-do-campo
PT,Portugal,Portugal,9680-126,Vila Franca do Campo,Azores,23,Vila Franca do Campo,4206,Vila Franca Do Campo,,37.7167,-25.4333,4,vila-franca-do-campo
PT,Portugal,Portugal,9680-127,Vila Franca do Campo,Azores,23,Vila Franca do Campo,4206,Vila Franca Do Campo,,37.7167,-25.4333,4,vila-franca-do-campo
PT,Portugal,Portugal,9680-128,Vila Franca do Campo,Azores,23,Vila Franca do Campo,4206,Vila Franca Do Campo,,37.7167,-25.4333,4,vila-franca-do-campo
PT,Portugal,Portugal,9680-129,Vila Franca do Campo,Azores,23,Vila Franca do Campo,4206,Vila Franca Do Campo,,37.7167,-25.4333,4,vila-franca-do-campo
PT,Portugal,Portugal,9680-130,Vila Franca do Campo,Azores,23,Vila Franca do Campo,4206,Vila Franca Do Campo,,37.7167,-25.4333,4,vila-franca-do-campo
PT,Portugal,Portugal,9680-131,Vila Franca do Campo,Azores,23,Vila Franca do Campo,4206,Vila Franca Do Campo,,37.7167,-25.4333,4,vila-franca-do-campo
PT,Portugal,Portugal,9680-132,Vila Franca do Campo,Azores,23,Vila Franca do Campo,4206,Vila Franca Do Campo,,37.7167,-25.4333,4,vila-franca-do-campo
PT,Portugal,Portugal,9680-133,Vila Franca do Campo,Azores,23,Vila Franca do Campo,4206,Vila Franca Do Campo,,37.7167,-25.4333,4,vila-franca-do-campo
PT,Portugal,Portugal,9680-134,Vila Franca do Campo,Azores,23,Vila Franca do Campo,4206,Vila Franca Do Campo,,37.7167,-25.4333,4,vila-franca-do-campo
PT,Portugal,Portugal,9680-135,Vila Franca do Campo,Azores,23,Vila Franca do Campo,4206,Vila Franca Do Campo,,37.7167,-25.4333,4,vila-franca-do-campo
PT,Portugal,Portugal,9680-136,Vila Franca do Campo,Azores,23,Vila Franca do Campo,4206,Vila Franca Do Campo,,37.7167,-25.4333,4,vila-franca-do-campo
PT,Portugal,Portugal,9680-137,Vila Franca do Campo,Azores,23,Vila Franca do Campo,4206,Vila Franca Do Campo,,37.7167,-25.4333,4,vila-franca-do-campo
PT,Portugal,Portugal,9680-138,Vila Franca do Campo,Azores,23,Vila Franca do Campo,4206,Vila Franca Do Campo,,37.7167,-25.4333,4,vila-franca-do-campo
PT,Portugal,Portugal,9680-139,Vila Franca do Campo,Azores,23,Vila Franca do Campo,4206,Vila Franca Do Campo,,37.7167,-25.4333,4,vila-franca-do-campo
PT,Portugal,Portugal,9680-141,Vila Franca do Campo,Azores,23,Vila Franca do Campo,4206,Vila Franca Do Campo,,37.7167,-25.4333,4,vila-franca-do-campo
PT,Portugal,Portugal,9680-142,Vila Franca do Campo,Azores,23,Vila Franca do Campo,4206,Vila Franca Do Campo,,37.7167,-25.4333,4,vila-franca-do-campo
PT,Portugal,Portugal,9680-143,Vila Franca do Campo,Azores,23,Vila Franca do Campo,4206,Vila Franca Do Campo,,37.7167,-25.4333,4,vila-franca-do-campo
PT,Portugal,Portugal,9680-144,Vila Franca do Campo,Azores,23,Vila Franca do Campo,4206,Vila Franca Do Campo,,37.7167,-25.4333,4,vila-franca-do-campo
PT,Portugal,Portugal,9680-145,Vila Franca do Campo,Azores,23,Vila Franca do Campo,4206,Vila Franca Do Campo,,37.7167,-25.4333,4,vila-franca-do-campo
PT,Portugal,Portugal,9680-146,Vila Franca do Campo,Azores,23,Vila Franca do Campo,4206,Vila Franca Do Campo,,37.7167,-25.4333,4,vila-franca-do-campo
PT,Portugal,Portugal,9680-147,Vila Franca do Campo,Azores,23,Vila Franca do Campo,4206,Vila Franca Do Campo,,37.7167,-25.4333,4,vila-franca-do-campo
PT,Portugal,Portugal,9680-149,Vila Franca do Campo,Azores,23,Vila Franca do Campo,4206,Vila Franca Do Campo,,37.7167,-25.4333,4,vila-franca-do-campo
PT,Portugal,Portugal,9680-150,Vila Franca do Campo,Azores,23,Vila Franca do Campo,4206,Vila Franca Do Campo,,37.7167,-25.4333,4,vila-franca-do-campo
PT,Portugal,Portugal,9680-151,Vila Franca do Campo,Azores,23,Vila Franca do Campo,4206,Vila Franca Do Campo,,37.7167,-25.4333,4,vila-franca-do-campo
PT,Portugal,Portugal,9680-152,Vila Franca do Campo,Azores,23,Vila Franca do Campo,4206,Vila Franca Do Campo,,37.7167,-25.4333,4,vila-franca-do-campo
PT,Portugal,Portugal,9680-153,Vila Franca do Campo,Azores,23,Vila Franca do Campo,4206,Vila Franca Do Campo,,37.7167,-25.4333,4,vila-franca-do-campo
PT,Portugal,Portugal,9680-154,Vila Franca do Campo,Azores,23,Vila Franca do Campo,4206,Vila Franca Do Campo,,37.7167,-25.4333,4,vila-franca-do-campo
PT,Portugal,Portugal,9680-155,Ribeira Seca,Azores,23,Vila Franca do Campo,4206,Vila Franca Do Campo,,37.7167,-25.4167,4,ribeira-seca
PT,Portugal,Portugal,9680-156,Vila Franca do Campo,Azores,23,Vila Franca do Campo,4206,Vila Franca Do Campo,,37.7167,-25.4333,4,vila-franca-do-campo
PT,Portugal,Portugal,9680-157,Vila Franca do Campo,Azores,23,Vila Franca do Campo,4206,Vila Franca Do Campo,,37.7167,-25.4333,4,vila-franca-do-campo
PT,Portugal,Portugal,9680-158,Vila Franca do Campo,Azores,23,Vila Franca do Campo,4206,Vila Franca Do Campo,,37.7167,-25.4333,4,vila-franca-do-campo
PT,Portugal,Portugal,9680-159,Vila Franca do Campo,Azores,23,Vila Franca do Campo,4206,Vila Franca Do Campo,,37.7167,-25.4333,4,vila-franca-do-campo
PT,Portugal,Portugal,9680-160,Vila Franca do Campo,Azores,23,Vila Franca do Campo,4206,Vila Franca Do Campo,,37.7167,-25.4333,4,vila-franca-do-campo
PT,Portugal,Portugal,9680-161,Vila Franca do Campo,Azores,23,Vila Franca do Campo,4206,Vila Franca Do Campo,,37.7167,-25.4333,4,vila-franca-do-campo
PT,Portugal,Portugal,9680-162,Vila Franca do Campo,Azores,23,Vila Franca do Campo,4206,Vila Franca Do Campo,,37.7167,-25.4333,4,vila-franca-do-campo
PT,Portugal,Portugal,9680-163,Vila Franca do Campo,Azores,23,Vila Franca do Campo,4206,Vila Franca Do Campo,,37.7167,-25.4333,4,vila-franca-do-campo
PT,Portugal,Portugal,9680-164,Vila Franca do Campo,Azores,23,Vila Franca do Campo,4206,Vila Franca Do Campo,,37.7167,-25.4333,4,vila-franca-do-campo
PT,Portugal,Portugal,9680-165,Vila Franca do Campo,Azores,23,Vila Franca do Campo,4206,Vila Franca Do Campo,,37.7167,-25.4333,4,vila-franca-do-campo
PT,Portugal,Portugal,9680-166,Vila Franca do Campo,Azores,23,Vila Franca do Campo,4206,Vila Franca Do Campo,,37.7167,-25.4333,4,vila-franca-do-campo
PT,Portugal,Portugal,9680-167,Vila Franca do Campo,Azores,23,Vila Franca do Campo,4206,Vila Franca Do Campo,,37.7167,-25.4333,4,vila-franca-do-campo
PT,Portugal,Portugal,9680-168,Vila Franca do Campo,Azores,23,Vila Franca do Campo,4206,Vila Franca Do Campo,,37.7167,-25.4333,4,vila-franca-do-campo
PT,Portugal,Portugal,9680-169,Vila Franca do Campo,Azores,23,Vila Franca do Campo,4206,Vila Franca Do Campo,,37.7167,-25.4333,4,vila-franca-do-campo
PT,Portugal,Portugal,9680-170,Vila Franca do Campo,Azores,23,Vila Franca do Campo,4206,Vila Franca Do Campo,,37.7167,-25.4333,4,vila-franca-do-campo
PT,Portugal,Portugal,9680-171,Vila Franca do Campo,Azores,23,Vila Franca do Campo,4206,Vila Franca Do Campo,,37.7167,-25.4333,4,vila-franca-do-campo
PT,Portugal,Portugal,9680-172,Vila Franca do Campo,Azores,23,Vila Franca do Campo,4206,Vila Franca Do Campo,,37.7167,-25.4333,4,vila-franca-do-campo
PT,Portugal,Portugal,9680-173,Vila Franca do Campo,Azores,23,Vila Franca do Campo,4206,Vila Franca Do Campo,,37.7167,-25.4333,4,vila-franca-do-campo
PT,Portugal,Portugal,9680-174,Vila Franca do Campo,Azores,23,Vila Franca do Campo,4206,Vila Franca Do Campo,,37.7167,-25.4333,4,vila-franca-do-campo
PT,Portugal,Portugal,9680-175,Vila Franca do Campo,Azores,23,Vila Franca do Campo,4206,Vila Franca Do Campo,,37.7167,-25.4333,4,vila-franca-do-campo
PT,Portugal,Portugal,9680-176,Vila Franca do Campo,Azores,23,Vila Franca do Campo,4206,Vila Franca Do Campo,,37.7167,-25.4333,4,vila-franca-do-campo
PT,Portugal,Portugal,9680-177,Vila Franca do Campo,Azores,23,Vila Franca do Campo,4206,Vila Franca Do Campo,,37.7167,-25.4333,4,vila-franca-do-campo
PT,Portugal,Portugal,9680-178,Vila Franca do Campo,Azores,23,Vila Franca do Campo,4206,Vila Franca Do Campo,,37.7167,-25.4333,4,vila-franca-do-campo
PT,Portugal,Portugal,9680-179,Vila Franca do Campo,Azores,23,Vila Franca do Campo,4206,Vila Franca Do Campo,,37.7167,-25.4333,4,vila-franca-do-campo
PT,Portugal,Portugal,9680-180,Vila Franca do Campo,Azores,23,Vila Franca do Campo,4206,Vila Franca Do Campo,,37.7167,-25.4333,4,vila-franca-do-campo
PT,Portugal,Portugal,9680-181,Vila Franca do Campo,Azores,23,Vila Franca do Campo,4206,Vila Franca Do Campo,,37.7167,-25.4333,4,vila-franca-do-campo
PT,Portugal,Portugal,9680-182,Vila Franca do Campo,Azores,23,Vila Franca do Campo,4206,Vila Franca Do Campo,,37.7167,-25.4333,4,vila-franca-do-campo
PT,Portugal,Portugal,9680-184,Vila Franca do Campo,Azores,23,Vila Franca do Campo,4206,Vila Franca Do Campo,,37.7167,-25.4333,4,vila-franca-do-campo
PT,Portugal,Portugal,9680-185,Vila Franca do Campo,Azores,23,Vila Franca do Campo,4206,Vila Franca Do Campo,,37.7167,-25.4333,4,vila-franca-do-campo
PT,Portugal,Portugal,9680-186,Vila Franca do Campo,Azores,23,Vila Franca do Campo,4206,Vila Franca Do Campo,,37.7167,-25.4333,4,vila-franca-do-campo
PT,Portugal,Portugal,9680-187,Vila Franca do Campo,Azores,23,Vila Franca do Campo,4206,Vila Franca Do Campo,,37.7167,-25.4333,4,vila-franca-do-campo
PT,Portugal,Portugal,9680-187,Ribeira Seca,Azores,23,Vila Franca do Campo,4206,Vila Franca Do Campo,,37.7167,-25.4167,4,ribeira-seca
PT,Portugal,Portugal,9680-188,Vila Franca do Campo,Azores,23,Vila Franca do Campo,4206,Vila Franca Do Campo,,37.7167,-25.4333,4,vila-franca-do-campo
PT,Portugal,Portugal,9680-189,Vila Franca do Campo,Azores,23,Vila Franca do Campo,4206,Vila Franca Do Campo,,37.7167,-25.4333,4,vila-franca-do-campo
PT,Portugal,Portugal,9680-190,Vila Franca do Campo,Azores,23,Vila Franca do Campo,4206,Vila Franca Do Campo,,37.7167,-25.4333,4,vila-franca-do-campo
PT,Portugal,Portugal,9680-191,Vila Franca do Campo,Azores,23,Vila Franca do Campo,4206,Vila Franca Do Campo,,37.7167,-25.4333,4,vila-franca-do-campo
PT,Portugal,Portugal,9680-192,Vila Franca do Campo,Azores,23,Vila Franca do Campo,4206,Vila Franca Do Campo,,37.7167,-25.4333,4,vila-franca-do-campo
PT,Portugal,Portugal,9680-193,Vila Franca do Campo,Azores,23,Vila Franca do Campo,4206,Vila Franca Do Campo,,37.7167,-25.4333,4,vila-franca-do-campo
PT,Portugal,Portugal,9680-194,Vila Franca do Campo,Azores,23,Vila Franca do Campo,4206,Vila Franca Do Campo,,37.7167,-25.4333,4,vila-franca-do-campo
PT,Portugal,Portugal,9680-195,Vila Franca do Campo,Azores,23,Vila Franca do Campo,4206,Vila Franca Do Campo,,37.7167,-25.4333,4,vila-franca-do-campo
PT,Portugal,Portugal,9680-196,Vila Franca do Campo,Azores,23,Vila Franca do Campo,4206,Vila Franca Do Campo,,37.7167,-25.4333,4,vila-franca-do-campo
PT,Portugal,Portugal,9680-197,Vila Franca do Campo,Azores,23,Vila Franca do Campo,4206,Vila Franca Do Campo,,37.7167,-25.4333,4,vila-franca-do-campo
PT,Portugal,Portugal,9680-198,Vila Franca do Campo,Azores,23,Vila Franca do Campo,4206,Vila Franca Do Campo,,37.7167,-25.4333,4,vila-franca-do-campo
PT,Portugal,Portugal,9680-200,Ribeira Seca,Azores,23,Vila Franca do Campo,4206,Vila Franca Do Campo,,37.7167,-25.4167,4,ribeira-seca
PT,Portugal,Portugal,9680-201,Ribeira Seca,Azores,23,Vila Franca do Campo,4206,Vila Franca Do Campo,,37.7167,-25.4167,4,ribeira-seca
PT,Portugal,Portugal,9680-202,Vila Franca do Campo,Azores,23,Vila Franca do Campo,4206,Vila Franca Do Campo,,37.7167,-25.4333,4,vila-franca-do-campo
PT,Portugal,Portugal,9680-301,Água de Alto,Azores,23,Vila Franca do Campo,4206,Água De Alto,420601,37.7167,-25.45,4,agua-de-alto
PT,Portugal,Portugal,9680-302,Água de Alto,Azores,23,Vila Franca do Campo,4206,Água De Alto,420601,37.7167,-25.45,4,agua-de-alto
PT,Portugal,Portugal,9680-303,Água de Alto,Azores,23,Vila Franca do Campo,4206,Água De Alto,420601,37.7167,-25.45,4,agua-de-alto
PT,Portugal,Portugal,9680-304,Água de Alto,Azores,23,Vila Franca do Campo,4206,Água De Alto,420601,37.7167,-25.45,4,agua-de-alto
PT,Portugal,Portugal,9680-305,Água de Alto,Azores,23,Vila Franca do Campo,4206,Água De Alto,420601,37.7167,-25.45,4,agua-de-alto
PT,Portugal,Portugal,9680-306,Água de Alto,Azores,23,Vila Franca do Campo,4206,Água De Alto,420601,37.7167,-25.45,4,agua-de-alto
PT,Portugal,Portugal,9680-307,Água de Alto,Azores,23,Vila Franca do Campo,4206,Água De Alto,420601,37.7167,-25.45,4,agua-de-alto
PT,Portugal,Portugal,9680-308,Água de Alto,Azores,23,Vila Franca do Campo,4206,Água De Alto,420601,37.7167,-25.45,4,agua-de-alto
PT,Portugal,Portugal,9680-309,Água de Alto,Azores,23,Vila Franca do Campo,4206,Água De Alto,420601,37.7167,-25.45,4,agua-de-alto
PT,Portugal,Portugal,9680-310,Água de Alto,Azores,23,Vila Franca do Campo,4206,Água De Alto,420601,37.7167,-25.45,4,agua-de-alto
PT,Portugal,Portugal,9680-311,Água de Alto,Azores,23,Vila Franca do Campo,4206,Água De Alto,420601,37.7167,-25.45,4,agua-de-alto
PT,Portugal,Portugal,9680-312,Água de Alto,Azores,23,Vila Franca do Campo,4206,Água De Alto,420601,37.7167,-25.45,4,agua-de-alto
PT,Portugal,Portugal,9680-313,Água de Alto,Azores,23,Vila Franca do Campo,4206,Água De Alto,420601,37.7167,-25.45,4,agua-de-alto
PT,Portugal,Portugal,9680-314,Água de Alto,Azores,23,Vila Franca do Campo,4206,Água De Alto,420601,37.7167,-25.45,4,agua-de-alto
PT,Portugal,Portugal,9680-315,Água de Alto,Azores,23,Vila Franca do Campo,4206,Água De Alto,420601,37.7167,-25.45,4,agua-de-alto
PT,Portugal,Portugal,9680-316,Água de Alto,Azores,23,Vila Franca do Campo,4206,Água De Alto,420601,37.7167,-25.45,4,agua-de-alto
PT,Portugal,Portugal,9680-317,Água de Alto,Azores,23,Vila Franca do Campo,4206,Água De Alto,420601,37.7167,-25.45,4,agua-de-alto
PT,Portugal,Portugal,9680-318,Água de Alto,Azores,23,Vila Franca do Campo,4206,Água De Alto,420601,37.7167,-25.45,4,agua-de-alto
PT,Portugal,Portugal,9680-319,Água de Alto,Azores,23,Vila Franca do Campo,4206,Água De Alto,420601,37.7167,-25.45,4,agua-de-alto
PT,Portugal,Portugal,9680-320,Água de Alto,Azores,23,Vila Franca do Campo,4206,Água De Alto,420601,37.7167,-25.45,4,agua-de-alto
PT,Portugal,Portugal,9680-322,Água de Alto,Azores,23,Vila Franca do Campo,4206,Água De Alto,420601,37.7167,-25.45,4,agua-de-alto
PT,Portugal,Portugal,9680-323,Água de Alto,Azores,23,Vila Franca do Campo,4206,Água De Alto,420601,37.7167,-25.45,4,agua-de-alto
PT,Portugal,Portugal,9680-324,Água de Alto,Azores,23,Vila Franca do Campo,4206,Água De Alto,420601,37.7167,-25.45,4,agua-de-alto
PT,Portugal,Portugal,9680-326,Água de Alto,Azores,23,Vila Franca do Campo,4206,Água De Alto,420601,37.7167,-25.45,4,agua-de-alto
PT,Portugal,Portugal,9680-327,Água de Alto,Azores,23,Vila Franca do Campo,4206,Água De Alto,420601,37.7167,-25.45,4,agua-de-alto
PT,Portugal,Portugal,9680-328,Água de Alto,Azores,23,Vila Franca do Campo,4206,Água De Alto,420601,37.7167,-25.45,4,agua-de-alto
PT,Portugal,Portugal,9680-360,Praia,Azores,23,Vila Franca do Campo,4206,Água De Alto,420601,37.7167,-25.4667,4,praia
PT,Portugal,Portugal,9680-410,Ponta Garça,Azores,23,Vila Franca do Campo,4206,Ponta Garça,420602,37.7167,-25.3667,4,ponta-garca
PT,Portugal,Portugal,9680-420,Ponta Garça,Azores,23,Vila Franca do Campo,4206,Ponta Garça,420602,37.7167,-25.3667,4,ponta-garca
PT,Portugal,Portugal,9680-422,Ponta Garça,Azores,23,Vila Franca do Campo,4206,Ponta Garça,420602,37.7167,-25.3667,4,ponta-garca
PT,Portugal,Portugal,9680-424,Ponta Garça,Azores,23,Vila Franca do Campo,4206,Ponta Garça,420602,37.7167,-25.3667,4,ponta-garca
PT,Portugal,Portugal,9680-425,Ponta Garça,Azores,23,Vila Franca do Campo,4206,Ponta Garça,420602,37.7167,-25.3667,4,ponta-garca
PT,Portugal,Portugal,9680-426,Ponta Garça,Azores,23,Vila Franca do Campo,4206,Ponta Garça,420602,37.7167,-25.3667,4,ponta-garca
PT,Portugal,Portugal,9680-429,Ponta Garça,Azores,23,Vila Franca do Campo,4206,Ponta Garça,420602,37.7167,-25.3667,4,ponta-garca
PT,Portugal,Portugal,9680-431,Ponta Garça,Azores,23,Vila Franca do Campo,4206,Ponta Garça,420602,37.7167,-25.3667,4,ponta-garca
PT,Portugal,Portugal,9680-432,Ponta Garça,Azores,23,Vila Franca do Campo,4206,Ponta Garça,420602,37.7167,-25.3667,4,ponta-garca
PT,Portugal,Portugal,9680-433,Ponta Garça,Azores,23,Vila Franca do Campo,4206,Ponta Garça,420602,37.7167,-25.3667,4,ponta-garca
PT,Portugal,Portugal,9680-435,Ponta Garça,Azores,23,Vila Franca do Campo,4206,Ponta Garça,420602,37.7167,-25.3667,4,ponta-garca
PT,Portugal,Portugal,9680-436,Ponta Garça,Azores,23,Vila Franca do Campo,4206,Ponta Garça,420602,37.7167,-25.3667,4,ponta-garca
PT,Portugal,Portugal,9680-438,Ponta Garça,Azores,23,Vila Franca do Campo,4206,Ponta Garça,420602,37.7167,-25.3667,4,ponta-garca
PT,Portugal,Portugal,9680-439,Ponta Garça,Azores,23,Vila Franca do Campo,4206,Ponta Garça,420602,37.7167,-25.3667,4,ponta-garca
PT,Portugal,Portugal,9680-440,Ponta Garça,Azores,23,Vila Franca do Campo,4206,Ponta Garça,420602,37.7167,-25.3667,4,ponta-garca
PT,Portugal,Portugal,9680-443,Ponta Garça,Azores,23,Vila Franca do Campo,4206,Ponta Garça,420602,37.7167,-25.3667,4,ponta-garca
PT,Portugal,Portugal,9680-444,Ponta Garça,Azores,23,Vila Franca do Campo,4206,Ponta Garça,420602,37.7167,-25.3667,4,ponta-garca
PT,Portugal,Portugal,9680-445,Ponta Garça,Azores,23,Vila Franca do Campo,4206,Ponta Garça,420602,37.7167,-25.3667,4,ponta-garca
PT,Portugal,Portugal,9680-446,Ponta Garça,Azores,23,Vila Franca do Campo,4206,Ponta Garça,420602,37.7167,-25.3667,4,ponta-garca
PT,Portugal,Portugal,9680-447,Ponta Garça,Azores,23,Vila Franca do Campo,4206,Ponta Garça,420602,37.7167,-25.3667,4,ponta-garca
PT,Portugal,Portugal,9680-448,Ponta Garça,Azores,23,Vila Franca do Campo,4206,Ponta Garça,420602,37.7167,-25.3667,4,ponta-garca
PT,Portugal,Portugal,9680-449,Ponta Garça,Azores,23,Vila Franca do Campo,4206,Ponta Garça,420602,37.7167,-25.3667,4,ponta-garca
PT,Portugal,Portugal,9680-450,Ponta Garça,Azores,23,Vila Franca do Campo,4206,Ponta Garça,420602,37.7167,-25.3667,4,ponta-garca
PT,Portugal,Portugal,9680-451,Ponta Garça,Azores,23,Vila Franca do Campo,4206,Ponta Garça,420602,37.7167,-25.3667,4,ponta-garca
PT,Portugal,Portugal,9680-452,Ponta Garça,Azores,23,Vila Franca do Campo,4206,Ponta Garça,420602,37.7167,-25.3667,4,ponta-garca
PT,Portugal,Portugal,9680-453,Ponta Garça,Azores,23,Vila Franca do Campo,4206,Ponta Garça,420602,37.7167,-25.3667,4,ponta-garca
PT,Portugal,Portugal,9680-455,Ponta Garça,Azores,23,Vila Franca do Campo,4206,Ponta Garça,420602,37.7167,-25.3667,4,ponta-garca
PT,Portugal,Portugal,9680-456,Ponta Garça,Azores,23,Vila Franca do Campo,4206,Ponta Garça,420602,37.7167,-25.3667,4,ponta-garca
PT,Portugal,Portugal,9680-457,Ponta Garça,Azores,23,Vila Franca do Campo,4206,Ponta Garça,420602,37.7167,-25.3667,4,ponta-garca
PT,Portugal,Portugal,9680-458,Ponta Garça,Azores,23,Vila Franca do Campo,4206,Ponta Garça,420602,37.7167,-25.3667,4,ponta-garca
PT,Portugal,Portugal,9680-459,Ponta Garça,Azores,23,Vila Franca do Campo,4206,Ponta Garça,420602,37.7167,-25.3667,4,ponta-garca
PT,Portugal,Portugal,9680-460,Ponta Garça,Azores,23,Vila Franca do Campo,4206,Ponta Garça,420602,37.7167,-25.3667,4,ponta-garca
PT,Portugal,Portugal,9680-461,Ponta Garça,Azores,23,Vila Franca do Campo,4206,Ponta Garça,420602,37.7167,-25.3667,4,ponta-garca
PT,Portugal,Portugal,9680-462,Ponta Garça,Azores,23,Vila Franca do Campo,4206,Ponta Garça,420602,37.7167,-25.3667,4,ponta-garca
PT,Portugal,Portugal,9680-463,Ponta Garça,Azores,23,Vila Franca do Campo,4206,Ponta Garça,420602,37.7167,-25.3667,4,ponta-garca
PT,Portugal,Portugal,9680-465,Ponta Garça,Azores,23,Vila Franca do Campo,4206,Ponta Garça,420602,37.7167,-25.3667,4,ponta-garca
PT,Portugal,Portugal,9680-467,Ponta Garça,Azores,23,Vila Franca do Campo,4206,Ponta Garça,420602,37.7167,-25.3667,4,ponta-garca
PT,Portugal,Portugal,9680-469,Ponta Garça,Azores,23,Vila Franca do Campo,4206,Ponta Garça,420602,37.7167,-25.3667,4,ponta-garca
PT,Portugal,Portugal,9680-470,Ponta Garça,Azores,23,Vila Franca do Campo,4206,Ponta Garça,420602,37.7167,-25.3667,4,ponta-garca
PT,Portugal,Portugal,9680-471,Ponta Garça,Azores,23,Vila Franca do Campo,4206,Ponta Garça,420602,37.7167,-25.3667,4,ponta-garca
PT,Portugal,Portugal,9680-472,Ponta Garça,Azores,23,Vila Franca do Campo,4206,Ponta Garça,420602,37.7167,-25.3667,4,ponta-garca
PT,Portugal,Portugal,9680-473,Ponta Garça,Azores,23,Vila Franca do Campo,4206,Ponta Garça,420602,37.7167,-25.3667,4,ponta-garca
PT,Portugal,Portugal,9680-474,Ponta Garça,Azores,23,Vila Franca do Campo,4206,Ponta Garça,420602,37.7167,-25.3667,4,ponta-garca
PT,Portugal,Portugal,9680-476,Ponta Garça,Azores,23,Vila Franca do Campo,4206,Ponta Garça,420602,37.7167,-25.3667,4,ponta-garca
PT,Portugal,Portugal,9680-477,Ponta Garça,Azores,23,Vila Franca do Campo,4206,Ponta Garça,420602,37.7167,-25.3667,4,ponta-garca
PT,Portugal,Portugal,9680-497,Ribeira das Taínhas,Azores,23,Vila Franca do Campo,4206,Ribeira Das Tainhas,,37.7167,-25.4,4,ribeira-das-tainhas
PT,Portugal,Portugal,9680-498,Ribeira das Taínhas,Azores,23,Vila Franca do Campo,4206,Ribeira Das Tainhas,,37.7167,-25.4,4,ribeira-das-tainhas
PT,Portugal,Portugal,9680-499,Ribeira das Taínhas,Azores,23,Vila Franca do Campo,4206,Ribeira Das Tainhas,,37.7167,-25.4,4,ribeira-das-tainhas
PT,Portugal,Portugal,9680-500,Ribeira das Taínhas,Azores,23,Vila Franca do Campo,4206,Ribeira Das Tainhas,,37.7167,-25.4,4,ribeira-das-tainhas
PT,Portugal,Portugal,9680-501,Ribeira das Taínhas,Azores,23,Vila Franca do Campo,4206,Ribeira Das Tainhas,,37.7167,-25.4,4,ribeira-das-tainhas
PT,Portugal,Portugal,9680-502,Ribeira das Taínhas,Azores,23,Vila Franca do Campo,4206,Ribeira Das Tainhas,,37.7167,-25.4,4,ribeira-das-tainhas
PT,Portugal,Portugal,9680-503,Ribeira das Taínhas,Azores,23,Vila Franca do Campo,4206,Ribeira Das Tainhas,,37.7167,-25.4,4,ribeira-das-tainhas
PT,Portugal,Portugal,9680-505,Ribeira das Taínhas,Azores,23,Vila Franca do Campo,4206,Ribeira Das Tainhas,,37.7167,-25.4,4,ribeira-das-tainhas
PT,Portugal,Portugal,9680-506,Ribeira das Taínhas,Azores,23,Vila Franca do Campo,4206,Ribeira Das Tainhas,,37.7167,-25.4,4,ribeira-das-tainhas
PT,Portugal,Portugal,9680-507,Ribeira das Taínhas,Azores,23,Vila Franca do Campo,4206,Ribeira Das Tainhas,,37.7167,-25.4,4,ribeira-das-tainhas
PT,Portugal,Portugal,9680-508,Ribeira das Taínhas,Azores,23,Vila Franca do Campo,4206,Ribeira Das Tainhas,,37.7167,-25.4,4,ribeira-das-tainhas
PT,Portugal,Portugal,9680-509,Ribeira das Taínhas,Azores,23,Vila Franca do Campo,4206,Ribeira Das Tainhas,,37.7167,-25.4,4,ribeira-das-tainhas
PT,Portugal,Portugal,9680-510,Ribeira das Taínhas,Azores,23,Vila Franca do Campo,4206,Ribeira Das Tainhas,,37.7167,-25.4,4,ribeira-das-tainhas
PT,Portugal,Portugal,9680-512,Ribeira das Taínhas,Azores,23,Vila Franca do Campo,4206,Ribeira Das Tainhas,,37.7167,-25.4,4,ribeira-das-tainhas
PT,Portugal,Portugal,9680-513,Ribeira das Taínhas,Azores,23,Vila Franca do Campo,4206,Ribeira Das Tainhas,,37.7167,-25.4,4,ribeira-das-tainhas
PT,Portugal,Portugal,9680-514,Ribeira das Taínhas,Azores,23,Vila Franca do Campo,4206,Ribeira Das Tainhas,,37.7167,-25.4,4,ribeira-das-tainhas
PT,Portugal,Portugal,9680-515,Ribeira das Taínhas,Azores,23,Vila Franca do Campo,4206,Ribeira Das Tainhas,,37.7167,-25.4,4,ribeira-das-tainhas
PT,Portugal,Portugal,9680-516,Ribeira das Taínhas,Azores,23,Vila Franca do Campo,4206,Ribeira Das Tainhas,,37.7167,-25.4,4,ribeira-das-tainhas
PT,Portugal,Portugal,9680-518,Ribeira das Taínhas,Azores,23,Vila Franca do Campo,4206,Ribeira Das Tainhas,,37.7167,-25.4,4,ribeira-das-tainhas
PT,Portugal,Portugal,9680-519,Ribeira das Taínhas,Azores,23,Vila Franca do Campo,4206,Ribeira Das Tainhas,,37.7167,-25.4,4,ribeira-das-tainhas
PT,Portugal,Portugal,9680-997,Ponta Garça,Azores,23,Vila Franca do Campo,4206,Ponta Garça,420602,37.7167,-25.3667,4,ponta-garca
PT,Portugal,Portugal,9680-998,Ribeira das Taínhas,Azores,23,Vila Franca do Campo,4206,Ribeira Das Tainhas,,37.7167,-25.4,4,ribeira-das-tainhas
PT,Portugal,Portugal,9680-999,Vila Franca do Campo,Azores,23,Vila Franca do Campo,4206,Vila Franca Do Campo,,37.7167,-25.4333,4,vila-franca-do-campo
PT,Portugal,Portugal,9684-001,Vila Franca do Campo,Azores,23,Vila Franca do Campo,4206,Vila Franca Do Campo,,37.7167,-25.4333,4,vila-franca-do-campo
PT,Portugal,Portugal,9700-000,Angra do Heroísmo,Azores,23,Angra do Heroísmo,4301,Angra Do Heroísmo,,38.65,-27.2167,4,angra-do-heroismo
PT,Portugal,Portugal,9700-009,Angra do Heroísmo,Azores,23,Angra do Heroísmo,4301,Angra Do Heroísmo,,38.65,-27.2167,4,angra-do-heroismo
PT,Portugal,Portugal,9700-010,Angra do Heroísmo,Azores,23,Angra do Heroísmo,4301,Angra Do Heroísmo,,38.65,-27.2167,4,angra-do-heroismo
PT,Portugal,Portugal,9700-011,Angra do Heroísmo,Azores,23,Angra do Heroísmo,4301,Angra Do Heroísmo,,38.65,-27.2167,4,angra-do-heroismo
PT,Portugal,Portugal,9700-012,Angra do Heroísmo,Azores,23,Angra do Heroísmo,4301,Angra Do Heroísmo,,38.65,-27.2167,4,angra-do-heroismo
PT,Portugal,Portugal,9700-013,Angra do Heroísmo,Azores,23,Angra do Heroísmo,4301,Angra Do Heroísmo,,38.65,-27.2167,4,angra-do-heroismo
PT,Portugal,Portugal,9700-014,Angra do Heroísmo,Azores,23,Angra do Heroísmo,4301,Angra Do Heroísmo,,38.65,-27.2167,4,angra-do-heroismo
PT,Portugal,Portugal,9700-015,Angra do Heroísmo,Azores,23,Angra do Heroísmo,4301,Angra Do Heroísmo,,38.65,-27.2167,4,angra-do-heroismo
PT,Portugal,Portugal,9700-016,Angra do Heroísmo,Azores,23,Angra do Heroísmo,4301,Angra Do Heroísmo,,38.65,-27.2167,4,angra-do-heroismo
PT,Portugal,Portugal,9700-017,Angra do Heroísmo,Azores,23,Angra do Heroísmo,4301,Angra Do Heroísmo,,38.65,-27.2167,4,angra-do-heroismo
PT,Portugal,Portugal,9700-019,Angra do Heroísmo,Azores,23,Angra do Heroísmo,4301,Angra Do Heroísmo,,38.65,-27.2167,4,angra-do-heroismo
PT,Portugal,Portugal,9700-020,Angra do Heroísmo,Azores,23,Angra do Heroísmo,4301,Angra Do Heroísmo,,38.65,-27.2167,4,angra-do-heroismo
PT,Portugal,Portugal,9700-021,Angra do Heroísmo,Azores,23,Angra do Heroísmo,4301,Angra Do Heroísmo,,38.65,-27.2167,4,angra-do-heroismo
PT,Portugal,Portugal,9700-022,Angra do Heroísmo,Azores,23,Angra do Heroísmo,4301,Angra Do Heroísmo,,38.65,-27.2167,4,angra-do-heroismo
PT,Portugal,Portugal,9700-023,Angra do Heroísmo,Azores,23,Angra do Heroísmo,4301,Angra Do Heroísmo,,38.65,-27.2167,4,angra-do-heroismo
PT,Portugal,Portugal,9700-024,Angra do Heroísmo,Azores,23,Angra do Heroísmo,4301,Angra Do Heroísmo,,38.65,-27.2167,4,angra-do-heroismo
PT,Portugal,Portugal,9700-025,Angra do Heroísmo,Azores,23,Angra do Heroísmo,4301,Angra Do Heroísmo,,38.65,-27.2167,4,angra-do-heroismo
PT,Portugal,Portugal,9700-026,Angra do Heroísmo,Azores,23,Angra do Heroísmo,4301,Angra Do Heroísmo,,38.65,-27.2167,4,angra-do-heroismo
PT,Portugal,Portugal,9700-027,Angra do Heroísmo,Azores,23,Angra do Heroísmo,4301,Angra Do Heroísmo,,38.65,-27.2167,4,angra-do-heroismo
PT,Portugal,Portugal,9700-028,Angra do Heroísmo,Azores,23,Angra do Heroísmo,4301,Angra Do Heroísmo,,38.65,-27.2167,4,angra-do-heroismo
PT,Portugal,Portugal,9700-029,Angra do Heroísmo,Azores,23,Angra do Heroísmo,4301,Angra Do Heroísmo,,38.65,-27.2167,4,angra-do-heroismo
PT,Portugal,Portugal,9700-030,Angra do Heroísmo,Azores,23,Angra do Heroísmo,4301,Angra Do Heroísmo,,38.65,-27.2167,4,angra-do-heroismo
PT,Portugal,Portugal,9700-031,Angra do Heroísmo,Azores,23,Angra do Heroísmo,4301,Angra Do Heroísmo,,38.65,-27.2167,4,angra-do-heroismo
PT,Portugal,Portugal,9700-032,Angra do Heroísmo,Azores,23,Angra do Heroísmo,4301,Angra Do Heroísmo,,38.65,-27.2167,4,angra-do-heroismo
PT,Portugal,Portugal,9700-033,Angra do Heroísmo,Azores,23,Angra do Heroísmo,4301,Angra Do Heroísmo,,38.65,-27.2167,4,angra-do-heroismo
PT,Portugal,Portugal,9700-035,Angra do Heroísmo,Azores,23,Angra do Heroísmo,4301,Angra Do Heroísmo,,38.65,-27.2167,4,angra-do-heroismo
PT,Portugal,Portugal,9700-037,Angra do Heroísmo,Azores,23,Angra do Heroísmo,4301,Angra Do Heroísmo,,38.65,-27.2167,4,angra-do-heroismo
PT,Portugal,Portugal,9700-038,Angra do Heroísmo,Azores,23,Angra do Heroísmo,4301,Angra Do Heroísmo,,38.65,-27.2167,4,angra-do-heroismo
PT,Portugal,Portugal,9700-039,Angra do Heroísmo,Azores,23,Angra do Heroísmo,4301,Angra Do Heroísmo,,38.65,-27.2167,4,angra-do-heroismo
PT,Portugal,Portugal,9700-040,Angra do Heroísmo,Azores,23,Angra do Heroísmo,4301,Angra Do Heroísmo,,38.65,-27.2167,4,angra-do-heroismo
PT,Portugal,Portugal,9700-041,Angra do Heroísmo,Azores,23,Angra do Heroísmo,4301,Angra Do Heroísmo,,38.65,-27.2167,4,angra-do-heroismo
PT,Portugal,Portugal,9700-042,Angra do Heroísmo,Azores,23,Angra do Heroísmo,4301,Angra Do Heroísmo,,38.65,-27.2167,4,angra-do-heroismo
PT,Portugal,Portugal,9700-043,Angra do Heroísmo,Azores,23,Angra do Heroísmo,4301,Angra Do Heroísmo,,38.65,-27.2167,4,angra-do-heroismo
PT,Portugal,Portugal,9700-044,Angra do Heroísmo,Azores,23,Angra do Heroísmo,4301,Angra Do Heroísmo,,38.65,-27.2167,4,angra-do-heroismo
PT,Portugal,Portugal,9700-045,Angra do Heroísmo,Azores,23,Angra do Heroísmo,4301,Angra Do Heroísmo,,38.65,-27.2167,4,angra-do-heroismo
PT,Portugal,Portugal,9700-046,Angra do Heroísmo,Azores,23,Angra do Heroísmo,4301,Angra Do Heroísmo,,38.65,-27.2167,4,angra-do-heroismo
PT,Portugal,Portugal,9700-047,Angra do Heroísmo,Azores,23,Angra do Heroísmo,4301,Angra Do Heroísmo,,38.65,-27.2167,4,angra-do-heroismo
PT,Portugal,Portugal,9700-049,Angra do Heroísmo,Azores,23,Angra do Heroísmo,4301,Angra Do Heroísmo,,38.65,-27.2167,4,angra-do-heroismo
PT,Portugal,Portugal,9700-050,Angra do Heroísmo,Azores,23,Angra do Heroísmo,4301,Angra Do Heroísmo,,38.65,-27.2167,4,angra-do-heroismo
PT,Portugal,Portugal,9700-051,Angra do Heroísmo,Azores,23,Angra do Heroísmo,4301,Angra Do Heroísmo,,38.65,-27.2167,4,angra-do-heroismo
PT,Portugal,Portugal,9700-052,Angra do Heroísmo,Azores,23,Angra do Heroísmo,4301,Angra Do Heroísmo,,38.65,-27.2167,4,angra-do-heroismo
PT,Portugal,Portugal,9700-053,Angra do Heroísmo,Azores,23,Angra do Heroísmo,4301,Angra Do Heroísmo,,38.65,-27.2167,4,angra-do-heroismo
PT,Portugal,Portugal,9700-054,Angra do Heroísmo,Azores,23,Angra do Heroísmo,4301,Angra Do Heroísmo,,38.65,-27.2167,4,angra-do-heroismo
PT,Portugal,Portugal,9700-055,Angra do Heroísmo,Azores,23,Angra do Heroísmo,4301,Angra Do Heroísmo,,38.65,-27.2167,4,angra-do-heroismo
PT,Portugal,Portugal,9700-056,Angra do Heroísmo,Azores,23,Angra do Heroísmo,4301,Angra Do Heroísmo,,38.65,-27.2167,4,angra-do-heroismo
PT,Portugal,Portugal,9700-058,Angra do Heroísmo,Azores,23,Angra do Heroísmo,4301,Angra Do Heroísmo,,38.65,-27.2167,4,angra-do-heroismo
PT,Portugal,Portugal,9700-059,Angra do Heroísmo,Azores,23,Angra do Heroísmo,4301,Angra Do Heroísmo,,38.65,-27.2167,4,angra-do-heroismo
PT,Portugal,Portugal,9700-060,Angra do Heroísmo,Azores,23,Angra do Heroísmo,4301,Angra Do Heroísmo,,38.65,-27.2167,4,angra-do-heroismo
PT,Portugal,Portugal,9700-061,Angra do Heroísmo,Azores,23,Angra do Heroísmo,4301,Angra Do Heroísmo,,38.65,-27.2167,4,angra-do-heroismo
PT,Portugal,Portugal,9700-062,Angra do Heroísmo,Azores,23,Angra do Heroísmo,4301,Angra Do Heroísmo,,38.65,-27.2167,4,angra-do-heroismo
PT,Portugal,Portugal,9700-063,Angra do Heroísmo,Azores,23,Angra do Heroísmo,4301,Angra Do Heroísmo,,38.65,-27.2167,4,angra-do-heroismo
PT,Portugal,Portugal,9700-064,Angra do Heroísmo,Azores,23,Angra do Heroísmo,4301,Angra Do Heroísmo,,38.65,-27.2167,4,angra-do-heroismo
PT,Portugal,Portugal,9700-065,Angra do Heroísmo,Azores,23,Angra do Heroísmo,4301,Angra Do Heroísmo,,38.65,-27.2167,4,angra-do-heroismo
PT,Portugal,Portugal,9700-066,Angra do Heroísmo,Azores,23,Angra do Heroísmo,4301,Angra Do Heroísmo,,38.65,-27.2167,4,angra-do-heroismo
PT,Portugal,Portugal,9700-068,Angra do Heroísmo,Azores,23,Angra do Heroísmo,4301,Angra Do Heroísmo,,38.65,-27.2167,4,angra-do-heroismo
PT,Portugal,Portugal,9700-069,Angra do Heroísmo,Azores,23,Angra do Heroísmo,4301,Angra Do Heroísmo,,38.65,-27.2167,4,angra-do-heroismo
PT,Portugal,Portugal,9700-070,Angra do Heroísmo,Azores,23,Angra do Heroísmo,4301,Angra Do Heroísmo,,38.65,-27.2167,4,angra-do-heroismo
PT,Portugal,Portugal,9700-071,Angra do Heroísmo,Azores,23,Angra do Heroísmo,4301,Angra Do Heroísmo,,38.65,-27.2167,4,angra-do-heroismo
PT,Portugal,Portugal,9700-072,Angra do Heroísmo,Azores,23,Angra do Heroísmo,4301,Angra Do Heroísmo,,38.65,-27.2167,4,angra-do-heroismo
PT,Portugal,Portugal,9700-073,Angra do Heroísmo,Azores,23,Angra do Heroísmo,4301,Angra Do Heroísmo,,38.65,-27.2167,4,angra-do-heroismo
PT,Portugal,Portugal,9700-075,Angra do Heroísmo,Azores,23,Angra do Heroísmo,4301,Angra Do Heroísmo,,38.65,-27.2167,4,angra-do-heroismo
PT,Portugal,Portugal,9700-076,Angra do Heroísmo,Azores,23,Angra do Heroísmo,4301,Angra Do Heroísmo,,38.65,-27.2167,4,angra-do-heroismo
PT,Portugal,Portugal,9700-077,Angra do Heroísmo,Azores,23,Angra do Heroísmo,4301,Angra Do Heroísmo,,38.65,-27.2167,4,angra-do-heroismo
PT,Portugal,Portugal,9700-078,Angra do Heroísmo,Azores,23,Angra do Heroísmo,4301,Angra Do Heroísmo,,38.65,-27.2167,4,angra-do-heroismo
PT,Portugal,Portugal,9700-079,Angra do Heroísmo,Azores,23,Angra do Heroísmo,4301,Angra Do Heroísmo,,38.65,-27.2167,4,angra-do-heroismo
PT,Portugal,Portugal,9700-080,Angra do Heroísmo,Azores,23,Angra do Heroísmo,4301,Angra Do Heroísmo,,38.65,-27.2167,4,angra-do-heroismo
PT,Portugal,Portugal,9700-081,Angra do Heroísmo,Azores,23,Angra do Heroísmo,4301,Angra Do Heroísmo,,38.65,-27.2167,4,angra-do-heroismo
PT,Portugal,Portugal,9700-082,Angra do Heroísmo,Azores,23,Angra do Heroísmo,4301,Angra Do Heroísmo,,38.65,-27.2167,4,angra-do-heroismo
PT,Portugal,Portugal,9700-085,Angra do Heroísmo,Azores,23,Angra do Heroísmo,4301,Angra Do Heroísmo,,38.65,-27.2167,4,angra-do-heroismo
PT,Portugal,Portugal,9700-086,Angra do Heroísmo,Azores,23,Angra do Heroísmo,4301,Angra Do Heroísmo,,38.65,-27.2167,4,angra-do-heroismo
PT,Portugal,Portugal,9700-087,Angra do Heroísmo,Azores,23,Angra do Heroísmo,4301,Angra Do Heroísmo,,38.65,-27.2167,4,angra-do-heroismo
PT,Portugal,Portugal,9700-088,Angra do Heroísmo,Azores,23,Angra do Heroísmo,4301,Angra Do Heroísmo,,38.65,-27.2167,4,angra-do-heroismo
PT,Portugal,Portugal,9700-089,Angra do Heroísmo,Azores,23,Angra do Heroísmo,4301,Angra Do Heroísmo,,38.65,-27.2167,4,angra-do-heroismo
PT,Portugal,Portugal,9700-090,Angra do Heroísmo,Azores,23,Angra do Heroísmo,4301,Angra Do Heroísmo,,38.65,-27.2167,4,angra-do-heroismo
PT,Portugal,Portugal,9700-091,Angra do Heroísmo,Azores,23,Angra do Heroísmo,4301,Angra Do Heroísmo,,38.65,-27.2167,4,angra-do-heroismo
PT,Portugal,Portugal,9700-092,Angra do Heroísmo,Azores,23,Angra do Heroísmo,4301,Angra Do Heroísmo,,38.65,-27.2167,4,angra-do-heroismo
PT,Portugal,Portugal,9700-093,Angra do Heroísmo,Azores,23,Angra do Heroísmo,4301,Angra Do Heroísmo,,38.65,-27.2167,4,angra-do-heroismo
PT,Portugal,Portugal,9700-094,Angra do Heroísmo,Azores,23,Angra do Heroísmo,4301,Angra Do Heroísmo,,38.65,-27.2167,4,angra-do-heroismo
PT,Portugal,Portugal,9700-095,Angra do Heroísmo,Azores,23,Angra do Heroísmo,4301,Angra Do Heroísmo,,38.65,-27.2167,4,angra-do-heroismo
PT,Portugal,Portugal,9700-096,Angra do Heroísmo,Azores,23,Angra do Heroísmo,4301,Angra Do Heroísmo,,38.65,-27.2167,4,angra-do-heroismo
PT,Portugal,Portugal,9700-097,Angra do Heroísmo,Azores,23,Angra do Heroísmo,4301,Angra Do Heroísmo,,38.65,-27.2167,4,angra-do-heroismo
PT,Portugal,Portugal,9700-098,Angra do Heroísmo,Azores,23,Angra do Heroísmo,4301,Angra Do Heroísmo,,38.65,-27.2167,4,angra-do-heroismo
PT,Portugal,Portugal,9700-099,Angra do Heroísmo,Azores,23,Angra do Heroísmo,4301,Angra Do Heroísmo,,38.65,-27.2167,4,angra-do-heroismo
PT,Portugal,Portugal,9700-101,Angra do Heroísmo,Azores,23,Angra do Heroísmo,4301,Angra Do Heroísmo,,38.65,-27.2167,4,angra-do-heroismo
PT,Portugal,Portugal,9700-102,Angra do Heroísmo,Azores,23,Angra do Heroísmo,4301,Angra Do Heroísmo,,38.65,-27.2167,4,angra-do-heroismo
PT,Portugal,Portugal,9700-103,Angra do Heroísmo,Azores,23,Angra do Heroísmo,4301,Angra Do Heroísmo,,38.65,-27.2167,4,angra-do-heroismo
PT,Portugal,Portugal,9700-104,Angra do Heroísmo,Azores,23,Angra do Heroísmo,4301,Angra Do Heroísmo,,38.65,-27.2167,4,angra-do-heroismo
PT,Portugal,Portugal,9700-106,Angra do Heroísmo,Azores,23,Angra do Heroísmo,4301,Angra Do Heroísmo,,38.65,-27.2167,4,angra-do-heroismo
PT,Portugal,Portugal,9700-107,Angra do Heroísmo,Azores,23,Angra do Heroísmo,4301,Angra Do Heroísmo,,38.65,-27.2167,4,angra-do-heroismo
PT,Portugal,Portugal,9700-108,Angra do Heroísmo,Azores,23,Angra do Heroísmo,4301,Angra Do Heroísmo,,38.65,-27.2167,4,angra-do-heroismo
PT,Portugal,Portugal,9700-109,Angra do Heroísmo,Azores,23,Angra do Heroísmo,4301,Angra Do Heroísmo,,38.65,-27.2167,4,angra-do-heroismo
PT,Portugal,Portugal,9700-110,Angra do Heroísmo,Azores,23,Angra do Heroísmo,4301,Angra Do Heroísmo,,38.65,-27.2167,4,angra-do-heroismo
PT,Portugal,Portugal,9700-111,Angra do Heroísmo,Azores,23,Angra do Heroísmo,4301,Angra Do Heroísmo,,38.65,-27.2167,4,angra-do-heroismo
PT,Portugal,Portugal,9700-112,Angra do Heroísmo,Azores,23,Angra do Heroísmo,4301,Angra Do Heroísmo,,38.65,-27.2167,4,angra-do-heroismo
PT,Portugal,Portugal,9700-113,Angra do Heroísmo,Azores,23,Angra do Heroísmo,4301,Angra Do Heroísmo,,38.65,-27.2167,4,angra-do-heroismo
PT,Portugal,Portugal,9700-114,Angra do Heroísmo,Azores,23,Angra do Heroísmo,4301,Angra Do Heroísmo,,38.65,-27.2167,4,angra-do-heroismo
PT,Portugal,Portugal,9700-115,Angra do Heroísmo,Azores,23,Angra do Heroísmo,4301,Angra Do Heroísmo,,38.65,-27.2167,4,angra-do-heroismo
PT,Portugal,Portugal,9700-116,Angra do Heroísmo,Azores,23,Angra do Heroísmo,4301,Angra Do Heroísmo,,38.65,-27.2167,4,angra-do-heroismo
PT,Portugal,Portugal,9700-117,Angra do Heroísmo,Azores,23,Angra do Heroísmo,4301,Angra Do Heroísmo,,38.65,-27.2167,4,angra-do-heroismo
PT,Portugal,Portugal,9700-118,Angra do Heroísmo,Azores,23,Angra do Heroísmo,4301,Angra Do Heroísmo,,38.65,-27.2167,4,angra-do-heroismo
PT,Portugal,Portugal,9700-119,São Mateus,Azores,23,Angra do Heroísmo,4301,São Mateus Da Calheta,430116,38.65,-27.2167,1,sao-mateus
PT,Portugal,Portugal,9700-120,Angra do Heroísmo,Azores,23,Angra do Heroísmo,4301,Angra Do Heroísmo,,38.65,-27.2167,4,angra-do-heroismo
PT,Portugal,Portugal,9700-121,Angra do Heroísmo,Azores,23,Angra do Heroísmo,4301,Angra Do Heroísmo,,38.65,-27.2167,4,angra-do-heroismo
PT,Portugal,Portugal,9700-122,Angra do Heroísmo,Azores,23,Angra do Heroísmo,4301,Angra Do Heroísmo,,38.65,-27.2167,4,angra-do-heroismo
PT,Portugal,Portugal,9700-123,Angra do Heroísmo,Azores,23,Angra do Heroísmo,4301,Angra Do Heroísmo,,38.65,-27.2167,4,angra-do-heroismo
PT,Portugal,Portugal,9700-124,Angra do Heroísmo,Azores,23,Angra do Heroísmo,4301,Angra Do Heroísmo,,38.65,-27.2167,4,angra-do-heroismo
PT,Portugal,Portugal,9700-125,Angra do Heroísmo,Azores,23,Angra do Heroísmo,4301,Angra Do Heroísmo,,38.65,-27.2167,4,angra-do-heroismo
PT,Portugal,Portugal,9700-126,Angra do Heroísmo,Azores,23,Angra do Heroísmo,4301,Angra Do Heroísmo,,38.65,-27.2167,4,angra-do-heroismo
PT,Portugal,Portugal,9700-127,Angra do Heroísmo,Azores,23,Angra do Heroísmo,4301,Angra Do Heroísmo,,38.65,-27.2167,4,angra-do-heroismo
PT,Portugal,Portugal,9700-128,Feteira,Azores,23,Angra do Heroísmo,4301,Feteira Agh,,38.65,-27.15,4,feteira
PT,Portugal,Portugal,9700-129,Angra do Heroísmo,Azores,23,Angra do Heroísmo,4301,Angra Do Heroísmo,,38.65,-27.2167,4,angra-do-heroismo
PT,Portugal,Portugal,9700-130,Angra do Heroísmo,Azores,23,Angra do Heroísmo,4301,Angra Do Heroísmo,,38.65,-27.2167,4,angra-do-heroismo
PT,Portugal,Portugal,9700-132,Angra do Heroísmo,Azores,23,Angra do Heroísmo,4301,Angra Do Heroísmo,,38.65,-27.2167,4,angra-do-heroismo
PT,Portugal,Portugal,9700-133,Angra do Heroísmo,Azores,23,Angra do Heroísmo,4301,Angra Do Heroísmo,,38.65,-27.2167,4,angra-do-heroismo
PT,Portugal,Portugal,9700-134,Angra do Heroísmo,Azores,23,Angra do Heroísmo,4301,Angra Do Heroísmo,,38.65,-27.2167,4,angra-do-heroismo
PT,Portugal,Portugal,9700-135,Angra do Heroísmo,Azores,23,Angra do Heroísmo,4301,Angra Do Heroísmo,,38.65,-27.2167,4,angra-do-heroismo
PT,Portugal,Portugal,9700-136,Angra do Heroísmo,Azores,23,Angra do Heroísmo,4301,Angra Do Heroísmo,,38.65,-27.2167,4,angra-do-heroismo
PT,Portugal,Portugal,9700-137,Angra do Heroísmo,Azores,23,Angra do Heroísmo,4301,Angra Do Heroísmo,,38.65,-27.2167,4,angra-do-heroismo
PT,Portugal,Portugal,9700-138,Angra do Heroísmo,Azores,23,Angra do Heroísmo,4301,Angra Do Heroísmo,,38.65,-27.2167,4,angra-do-heroismo
PT,Portugal,Portugal,9700-140,Angra do Heroísmo,Azores,23,Angra do Heroísmo,4301,Angra Do Heroísmo,,38.65,-27.2167,4,angra-do-heroismo
PT,Portugal,Portugal,9700-141,Angra do Heroísmo,Azores,23,Angra do Heroísmo,4301,Angra Do Heroísmo,,38.65,-27.2167,4,angra-do-heroismo
PT,Portugal,Portugal,9700-142,Angra do Heroísmo,Azores,23,Angra do Heroísmo,4301,Angra Do Heroísmo,,38.65,-27.2167,4,angra-do-heroismo
PT,Portugal,Portugal,9700-143,Angra do Heroísmo,Azores,23,Angra do Heroísmo,4301,Angra Do Heroísmo,,38.65,-27.2167,4,angra-do-heroismo
PT,Portugal,Portugal,9700-144,Angra do Heroísmo,Azores,23,Angra do Heroísmo,4301,Angra Do Heroísmo,,38.65,-27.2167,4,angra-do-heroismo
PT,Portugal,Portugal,9700-145,Angra do Heroísmo,Azores,23,Angra do Heroísmo,4301,Angra Do Heroísmo,,38.65,-27.2167,4,angra-do-heroismo
PT,Portugal,Portugal,9700-146,Angra do Heroísmo,Azores,23,Angra do Heroísmo,4301,Angra Do Heroísmo,,38.65,-27.2167,4,angra-do-heroismo
PT,Portugal,Portugal,9700-147,Angra do Heroísmo,Azores,23,Angra do Heroísmo,4301,Angra Do Heroísmo,,38.65,-27.2167,4,angra-do-heroismo
PT,Portugal,Portugal,9700-148,Angra do Heroísmo,Azores,23,Angra do Heroísmo,4301,Angra Do Heroísmo,,38.65,-27.2167,4,angra-do-heroismo
PT,Portugal,Portugal,9700-149,Angra do Heroísmo,Azores,23,Angra do Heroísmo,4301,Angra Do Heroísmo,,38.65,-27.2167,4,angra-do-heroismo
PT,Portugal,Portugal,9700-150,Angra do Heroísmo,Azores,23,Angra do Heroísmo,4301,Angra Do Heroísmo,,38.65,-27.2167,4,angra-do-heroismo
PT,Portugal,Portugal,9700-151,Angra do Heroísmo,Azores,23,Angra do Heroísmo,4301,Angra Do Heroísmo,,38.65,-27.2167,4,angra-do-heroismo
PT,Portugal,Portugal,9700-152,Angra do Heroísmo,Azores,23,Angra do Heroísmo,4301,Angra Do Heroísmo,,38.65,-27.2167,4,angra-do-heroismo
PT,Portugal,Portugal,9700-153,São Sebastião,Azores,23,Angra do Heroísmo,4301,Vila De São Sebastião,430119,38.65,-27.1,4,sao-sebastiao
PT,Portugal,Portugal,9700-154,Angra do Heroísmo,Azores,23,Angra do Heroísmo,4301,Angra Do Heroísmo,,38.65,-27.2167,4,angra-do-heroismo
PT,Portugal,Portugal,9700-155,Angra do Heroísmo,Azores,23,Angra do Heroísmo,4301,Angra Do Heroísmo,,38.65,-27.2167,4,angra-do-heroismo
PT,Portugal,Portugal,9700-157,Angra do Heroísmo,Azores,23,Angra do Heroísmo,4301,Angra Do Heroísmo,,38.65,-27.2167,4,angra-do-heroismo
PT,Portugal,Portugal,9700-158,Angra do Heroísmo,Azores,23,Angra do Heroísmo,4301,Angra Do Heroísmo,,38.65,-27.2167,4,angra-do-heroismo
PT,Portugal,Portugal,9700-159,Angra do Heroísmo,Azores,23,Angra do Heroísmo,4301,Angra Do Heroísmo,,38.65,-27.2167,4,angra-do-heroismo
PT,Portugal,Portugal,9700-160,Angra do Heroísmo,Azores,23,Angra do Heroísmo,4301,Angra Do Heroísmo,,38.65,-27.2167,4,angra-do-heroismo
PT,Portugal,Portugal,9700-161,Angra do Heroísmo,Azores,23,Angra do Heroísmo,4301,Angra Do Heroísmo,,38.65,-27.2167,4,angra-do-heroismo
PT,Portugal,Portugal,9700-162,Angra do Heroísmo,Azores,23,Angra do Heroísmo,4301,Angra Do Heroísmo,,38.65,-27.2167,4,angra-do-heroismo
PT,Portugal,Portugal,9700-163,Angra do Heroísmo,Azores,23,Angra do Heroísmo,4301,Angra Do Heroísmo,,38.65,-27.2167,4,angra-do-heroismo
PT,Portugal,Portugal,9700-164,Angra do Heroísmo,Azores,23,Angra do Heroísmo,4301,Angra Do Heroísmo,,38.65,-27.2167,4,angra-do-heroismo
PT,Portugal,Portugal,9700-165,Angra do Heroísmo,Azores,23,Angra do Heroísmo,4301,Angra Do Heroísmo,,38.65,-27.2167,4,angra-do-heroismo
PT,Portugal,Portugal,9700-166,Angra do Heroísmo,Azores,23,Angra do Heroísmo,4301,Angra Do Heroísmo,,38.65,-27.2167,4,angra-do-heroismo
PT,Portugal,Portugal,9700-167,Angra do Heroísmo,Azores,23,Angra do Heroísmo,4301,Angra Do Heroísmo,,38.65,-27.2167,4,angra-do-heroismo
PT,Portugal,Portugal,9700-169,Angra do Heroísmo,Azores,23,Angra do Heroísmo,4301,Angra Do Heroísmo,,38.65,-27.2167,4,angra-do-heroismo
PT,Portugal,Portugal,9700-170,São Sebastião,Azores,23,Angra do Heroísmo,4301,Vila De São Sebastião,430119,38.65,-27.1,4,sao-sebastiao
PT,Portugal,Portugal,9700-171,Angra do Heroísmo,Azores,23,Angra do Heroísmo,4301,Angra Do Heroísmo,,38.65,-27.2167,4,angra-do-heroismo
PT,Portugal,Portugal,9700-172,Angra do Heroísmo,Azores,23,Angra do Heroísmo,4301,Angra Do Heroísmo,,38.65,-27.2167,4,angra-do-heroismo
PT,Portugal,Portugal,9700-173,Angra do Heroísmo,Azores,23,Angra do Heroísmo,4301,Angra Do Heroísmo,,38.65,-27.2167,4,angra-do-heroismo
PT,Portugal,Portugal,9700-174,Angra do Heroísmo,Azores,23,Angra do Heroísmo,4301,Angra Do Heroísmo,,38.65,-27.2167,4,angra-do-heroismo
PT,Portugal,Portugal,9700-176,Angra do Heroísmo,Azores,23,Angra do Heroísmo,4301,Angra Do Heroísmo,,38.65,-27.2167,4,angra-do-heroismo
PT,Portugal,Portugal,9700-177,Angra do Heroísmo,Azores,23,Angra do Heroísmo,4301,Angra Do Heroísmo,,38.65,-27.2167,4,angra-do-heroismo
PT,Portugal,Portugal,9700-178,Angra do Heroísmo,Azores,23,Angra do Heroísmo,4301,Angra Do Heroísmo,,38.65,-27.2167,4,angra-do-heroismo
PT,Portugal,Portugal,9700-179,Angra do Heroísmo,Azores,23,Angra do Heroísmo,4301,Angra Do Heroísmo,,38.65,-27.2167,4,angra-do-heroismo
PT,Portugal,Portugal,9700-180,Angra do Heroísmo,Azores,23,Angra do Heroísmo,4301,Angra Do Heroísmo,,38.65,-27.2167,4,angra-do-heroismo
PT,Portugal,Portugal,9700-181,Angra do Heroísmo,Azores,23,Angra do Heroísmo,4301,Angra Do Heroísmo,,38.65,-27.2167,4,angra-do-heroismo
PT,Portugal,Portugal,9700-182,Angra do Heroísmo,Azores,23,Angra do Heroísmo,4301,Angra Do Heroísmo,,38.65,-27.2167,4,angra-do-heroismo
PT,Portugal,Portugal,9700-183,Angra do Heroísmo,Azores,23,Angra do Heroísmo,4301,Angra Do Heroísmo,,38.65,-27.2167,4,angra-do-heroismo
PT,Portugal,Portugal,9700-184,Angra do Heroísmo,Azores,23,Angra do Heroísmo,4301,Angra Do Heroísmo,,38.65,-27.2167,4,angra-do-heroismo
PT,Portugal,Portugal,9700-185,Angra do Heroísmo,Azores,23,Angra do Heroísmo,4301,Angra Do Heroísmo,,38.65,-27.2167,4,angra-do-heroismo
PT,Portugal,Portugal,9700-186,Angra do Heroísmo,Azores,23,Angra do Heroísmo,4301,Angra Do Heroísmo,,38.65,-27.2167,4,angra-do-heroismo
PT,Portugal,Portugal,9700-187,Angra do Heroísmo,Azores,23,Angra do Heroísmo,4301,Angra Do Heroísmo,,38.65,-27.2167,4,angra-do-heroismo
PT,Portugal,Portugal,9700-188,Angra do Heroísmo,Azores,23,Angra do Heroísmo,4301,Angra Do Heroísmo,,38.65,-27.2167,4,angra-do-heroismo
PT,Portugal,Portugal,9700-189,Angra do Heroísmo,Azores,23,Angra do Heroísmo,4301,Angra Do Heroísmo,,38.65,-27.2167,4,angra-do-heroismo
PT,Portugal,Portugal,9700-191,Angra do Heroísmo,Azores,23,Angra do Heroísmo,4301,Angra Do Heroísmo,,38.65,-27.2167,4,angra-do-heroismo
PT,Portugal,Portugal,9700-192,Angra do Heroísmo,Azores,23,Angra do Heroísmo,4301,Angra Do Heroísmo,,38.65,-27.2167,4,angra-do-heroismo
PT,Portugal,Portugal,9700-193,Angra do Heroísmo,Azores,23,Angra do Heroísmo,4301,Angra Do Heroísmo,,38.65,-27.2167,4,angra-do-heroismo
PT,Portugal,Portugal,9700-194,Angra do Heroísmo,Azores,23,Angra do Heroísmo,4301,Angra Do Heroísmo,,38.65,-27.2167,4,angra-do-heroismo
PT,Portugal,Portugal,9700-196,Angra do Heroísmo,Azores,23,Angra do Heroísmo,4301,Angra Do Heroísmo,,38.65,-27.2167,4,angra-do-heroismo
PT,Portugal,Portugal,9700-197,Angra do Heroísmo,Azores,23,Angra do Heroísmo,4301,Angra Do Heroísmo,,38.65,-27.2167,4,angra-do-heroismo
PT,Portugal,Portugal,9700-198,Angra do Heroísmo,Azores,23,Angra do Heroísmo,4301,Angra Do Heroísmo,,38.65,-27.2167,4,angra-do-heroismo
PT,Portugal,Portugal,9700-200,Angra do Heroísmo,Azores,23,Angra do Heroísmo,4301,Angra Do Heroísmo,,38.65,-27.2167,4,angra-do-heroismo
PT,Portugal,Portugal,9700-201,Angra do Heroísmo,Azores,23,Angra do Heroísmo,4301,Angra Do Heroísmo,,38.65,-27.2167,4,angra-do-heroismo
PT,Portugal,Portugal,9700-202,Angra do Heroísmo,Azores,23,Angra do Heroísmo,4301,Angra Do Heroísmo,,38.65,-27.2167,4,angra-do-heroismo
PT,Portugal,Portugal,9700-203,Angra do Heroísmo,Azores,23,Angra do Heroísmo,4301,Angra Do Heroísmo,,38.65,-27.2167,4,angra-do-heroismo
PT,Portugal,Portugal,9700-205,Angra do Heroísmo,Azores,23,Angra do Heroísmo,4301,Angra Do Heroísmo,,38.65,-27.2167,4,angra-do-heroismo
PT,Portugal,Portugal,9700-206,Angra do Heroísmo,Azores,23,Angra do Heroísmo,4301,Angra Do Heroísmo,,38.65,-27.2167,4,angra-do-heroismo
PT,Portugal,Portugal,9700-207,Angra do Heroísmo,Azores,23,Angra do Heroísmo,4301,Angra Do Heroísmo,,38.65,-27.2167,4,angra-do-heroismo
PT,Portugal,Portugal,9700-208,Angra do Heroísmo,Azores,23,Angra do Heroísmo,4301,Angra Do Heroísmo,,38.65,-27.2167,4,angra-do-heroismo
PT,Portugal,Portugal,9700-211,Angra do Heroísmo,Azores,23,Angra do Heroísmo,4301,Angra Do Heroísmo,,38.65,-27.2167,4,angra-do-heroismo
PT,Portugal,Portugal,9700-212,Angra do Heroísmo,Azores,23,Angra do Heroísmo,4301,Angra Do Heroísmo,,38.65,-27.2167,4,angra-do-heroismo
PT,Portugal,Portugal,9700-213,Angra do Heroísmo,Azores,23,Angra do Heroísmo,4301,Angra Do Heroísmo,,38.65,-27.2167,4,angra-do-heroismo
PT,Portugal,Portugal,9700-214,Angra do Heroísmo,Azores,23,Angra do Heroísmo,4301,Angra Do Heroísmo,,38.65,-27.2167,4,angra-do-heroismo
PT,Portugal,Portugal,9700-215,Angra do Heroísmo,Azores,23,Angra do Heroísmo,4301,Angra Do Heroísmo,,38.65,-27.2167,4,angra-do-heroismo
PT,Portugal,Portugal,9700-217,Angra do Heroísmo,Azores,23,Angra do Heroísmo,4301,Angra Do Heroísmo,,38.65,-27.2167,4,angra-do-heroismo
PT,Portugal,Portugal,9700-218,Angra do Heroísmo,Azores,23,Angra do Heroísmo,4301,Angra Do Heroísmo,,38.65,-27.2167,4,angra-do-heroismo
PT,Portugal,Portugal,9700-219,Angra do Heroísmo,Azores,23,Angra do Heroísmo,4301,Angra Do Heroísmo,,38.65,-27.2167,4,angra-do-heroismo
PT,Portugal,Portugal,9700-220,Angra do Heroísmo,Azores,23,Angra do Heroísmo,4301,Angra Do Heroísmo,,38.65,-27.2167,4,angra-do-heroismo
PT,Portugal,Portugal,9700-222,Angra do Heroísmo,Azores,23,Angra do Heroísmo,4301,Angra Do Heroísmo,,38.65,-27.2167,4,angra-do-heroismo
PT,Portugal,Portugal,9700-223,Angra do Heroísmo,Azores,23,Angra do Heroísmo,4301,Angra Do Heroísmo,,38.65,-27.2167,4,angra-do-heroismo
PT,Portugal,Portugal,9700-224,Angra do Heroísmo,Azores,23,Angra do Heroísmo,4301,Angra Do Heroísmo,,38.65,-27.2167,4,angra-do-heroismo
PT,Portugal,Portugal,9700-226,Angra do Heroísmo,Azores,23,Angra do Heroísmo,4301,Angra Do Heroísmo,,38.65,-27.2167,4,angra-do-heroismo
PT,Portugal,Portugal,9700-227,Angra do Heroísmo,Azores,23,Angra do Heroísmo,4301,Angra Do Heroísmo,,38.65,-27.2167,4,angra-do-heroismo
PT,Portugal,Portugal,9700-228,Angra do Heroísmo,Azores,23,Angra do Heroísmo,4301,Angra Do Heroísmo,,38.65,-27.2167,4,angra-do-heroismo
PT,Portugal,Portugal,9700-229,Angra do Heroísmo,Azores,23,Angra do Heroísmo,4301,Angra Do Heroísmo,,38.65,-27.2167,4,angra-do-heroismo
PT,Portugal,Portugal,9700-230,Angra do Heroísmo,Azores,23,Angra do Heroísmo,4301,Angra Do Heroísmo,,38.65,-27.2167,4,angra-do-heroismo
PT,Portugal,Portugal,9700-231,Angra do Heroísmo,Azores,23,Angra do Heroísmo,4301,Angra Do Heroísmo,,38.65,-27.2167,4,angra-do-heroismo
PT,Portugal,Portugal,9700-232,Angra do Heroísmo,Azores,23,Angra do Heroísmo,4301,Angra Do Heroísmo,,38.65,-27.2167,4,angra-do-heroismo
PT,Portugal,Portugal,9700-233,Angra do Heroísmo,Azores,23,Angra do Heroísmo,4301,Angra Do Heroísmo,,38.65,-27.2167,4,angra-do-heroismo
PT,Portugal,Portugal,9700-234,Angra do Heroísmo,Azores,23,Angra do Heroísmo,4301,Angra Do Heroísmo,,38.65,-27.2167,4,angra-do-heroismo
PT,Portugal,Portugal,9700-235,Angra do Heroísmo,Azores,23,Angra do Heroísmo,4301,Angra Do Heroísmo,,38.65,-27.2167,4,angra-do-heroismo
PT,Portugal,Portugal,9700-236,Angra do Heroísmo,Azores,23,Angra do Heroísmo,4301,Angra Do Heroísmo,,38.65,-27.2167,4,angra-do-heroismo
PT,Portugal,Portugal,9700-237,Angra do Heroísmo,Azores,23,Angra do Heroísmo,4301,Angra Do Heroísmo,,38.65,-27.2167,4,angra-do-heroismo
PT,Portugal,Portugal,9700-238,Angra do Heroísmo,Azores,23,Angra do Heroísmo,4301,Angra Do Heroísmo,,38.65,-27.2167,4,angra-do-heroismo
PT,Portugal,Portugal,9700-239,Angra do Heroísmo,Azores,23,Angra do Heroísmo,4301,Angra Do Heroísmo,,38.65,-27.2167,4,angra-do-heroismo
PT,Portugal,Portugal,9700-240,Angra do Heroísmo,Azores,23,Angra do Heroísmo,4301,Angra Do Heroísmo,,38.65,-27.2167,4,angra-do-heroismo
PT,Portugal,Portugal,9700-241,Angra do Heroísmo,Azores,23,Angra do Heroísmo,4301,Angra Do Heroísmo,,38.65,-27.2167,4,angra-do-heroismo
PT,Portugal,Portugal,9700-301,Altares,Azores,23,Angra do Heroísmo,4301,Altares,430101,38.7833,-27.3,4,altares
PT,Portugal,Portugal,9700-302,Altares,Azores,23,Angra do Heroísmo,4301,Altares,430101,38.7833,-27.3,4,altares
PT,Portugal,Portugal,9700-303,Altares,Azores,23,Angra do Heroísmo,4301,Altares,430101,38.7833,-27.3,4,altares
PT,Portugal,Portugal,9700-304,Altares,Azores,23,Angra do Heroísmo,4301,Altares,430101,38.7833,-27.3,4,altares
PT,Portugal,Portugal,9700-305,Altares,Azores,23,Angra do Heroísmo,4301,Altares,430101,38.7833,-27.3,4,altares
PT,Portugal,Portugal,9700-306,Altares,Azores,23,Angra do Heroísmo,4301,Altares,430101,38.7833,-27.3,4,altares
PT,Portugal,Portugal,9700-307,Altares,Azores,23,Angra do Heroísmo,4301,Altares,430101,38.7833,-27.3,4,altares
PT,Portugal,Portugal,9700-308,Altares,Azores,23,Angra do Heroísmo,4301,Altares,430101,38.7833,-27.3,4,altares
PT,Portugal,Portugal,9700-309,Altares,Azores,23,Angra do Heroísmo,4301,Altares,430101,38.7833,-27.3,4,altares
PT,Portugal,Portugal,9700-310,Altares,Azores,23,Angra do Heroísmo,4301,Altares,430101,38.7833,-27.3,4,altares
PT,Portugal,Portugal,9700-311,Altares,Azores,23,Angra do Heroísmo,4301,Altares,430101,38.7833,-27.3,4,altares
PT,Portugal,Portugal,9700-312,Altares,Azores,23,Angra do Heroísmo,4301,Altares,430101,38.7833,-27.3,4,altares
PT,Portugal,Portugal,9700-321,Cinco Ribeiras,Azores,23,Angra do Heroísmo,4301,Cinco Ribeiras,430106,38.6833,-27.3167,4,cinco-ribeiras
PT,Portugal,Portugal,9700-322,Cinco Ribeiras,Azores,23,Angra do Heroísmo,4301,Cinco Ribeiras,430106,38.6833,-27.3167,4,cinco-ribeiras
PT,Portugal,Portugal,9700-323,Cinco Ribeiras,Azores,23,Angra do Heroísmo,4301,Cinco Ribeiras,430106,38.6833,-27.3167,4,cinco-ribeiras
PT,Portugal,Portugal,9700-324,Cinco Ribeiras,Azores,23,Angra do Heroísmo,4301,Cinco Ribeiras,430106,38.6833,-27.3167,4,cinco-ribeiras
PT,Portugal,Portugal,9700-331,Doze Ribeiras,Azores,23,Angra do Heroísmo,4301,Doze Ribeiras,430107,38.7167,-27.3667,4,doze-ribeiras
PT,Portugal,Portugal,9700-332,Doze Ribeiras,Azores,23,Angra do Heroísmo,4301,Doze Ribeiras,430107,38.7167,-27.3667,4,doze-ribeiras
PT,Portugal,Portugal,9700-333,Doze Ribeiras,Azores,23,Angra do Heroísmo,4301,Doze Ribeiras,430107,38.7167,-27.3667,4,doze-ribeiras
PT,Portugal,Portugal,9700-334,Doze Ribeiras,Azores,23,Angra do Heroísmo,4301,Doze Ribeiras,430107,38.7167,-27.3667,4,doze-ribeiras
PT,Portugal,Portugal,9700-335,Doze Ribeiras,Azores,23,Angra do Heroísmo,4301,Doze Ribeiras,430107,38.7167,-27.3667,4,doze-ribeiras
PT,Portugal,Portugal,9700-336,Doze Ribeiras,Azores,23,Angra do Heroísmo,4301,Doze Ribeiras,430107,38.7167,-27.3667,4,doze-ribeiras
PT,Portugal,Portugal,9700-337,Doze Ribeiras,Azores,23,Angra do Heroísmo,4301,Doze Ribeiras,430107,38.7167,-27.3667,4,doze-ribeiras
PT,Portugal,Portugal,9700-338,Doze Ribeiras,Azores,23,Angra do Heroísmo,4301,Doze Ribeiras,430107,38.7167,-27.3667,4,doze-ribeiras
PT,Portugal,Portugal,9700-339,Doze Ribeiras,Azores,23,Angra do Heroísmo,4301,Doze Ribeiras,430107,38.7167,-27.3667,4,doze-ribeiras
PT,Portugal,Portugal,9700-340,Doze Ribeiras,Azores,23,Angra do Heroísmo,4301,Doze Ribeiras,430107,38.7167,-27.3667,4,doze-ribeiras
PT,Portugal,Portugal,9700-341,Doze Ribeiras,Azores,23,Angra do Heroísmo,4301,Doze Ribeiras,430107,38.7167,-27.3667,4,doze-ribeiras
PT,Portugal,Portugal,9700-345,Feteira,Azores,23,Angra do Heroísmo,4301,Feteira Agh,,38.65,-27.15,4,feteira
PT,Portugal,Portugal,9700-348,Feteira,Azores,23,Angra do Heroísmo,4301,Feteira Agh,,38.65,-27.15,4,feteira
PT,Portugal,Portugal,9700-351,Feteira,Azores,23,Angra do Heroísmo,4301,Feteira Agh,,38.65,-27.15,4,feteira
PT,Portugal,Portugal,9700-352,Feteira,Azores,23,Angra do Heroísmo,4301,Feteira Agh,,38.65,-27.15,4,feteira
PT,Portugal,Portugal,9700-353,Feteira,Azores,23,Angra do Heroísmo,4301,Feteira Agh,,38.65,-27.15,4,feteira
PT,Portugal,Portugal,9700-354,Feteira,Azores,23,Angra do Heroísmo,4301,Feteira Agh,,38.65,-27.15,4,feteira
PT,Portugal,Portugal,9700-355,Feteira,Azores,23,Angra do Heroísmo,4301,Feteira Agh,,38.65,-27.15,4,feteira
PT,Portugal,Portugal,9700-356,Feteira,Azores,23,Angra do Heroísmo,4301,Feteira Agh,,38.65,-27.15,4,feteira
PT,Portugal,Portugal,9700-357,Feteira,Azores,23,Angra do Heroísmo,4301,Feteira Agh,,38.65,-27.15,4,feteira
PT,Portugal,Portugal,9700-358,Feteira,Azores,23,Angra do Heroísmo,4301,Feteira Agh,,38.65,-27.15,4,feteira
PT,Portugal,Portugal,9700-359,Feteira,Azores,23,Angra do Heroísmo,4301,Feteira Agh,,38.65,-27.15,4,feteira
PT,Portugal,Portugal,9700-360,Feteira,Azores,23,Angra do Heroísmo,4301,Feteira Agh,,38.65,-27.15,4,feteira
PT,Portugal,Portugal,9700-361,São Sebastião,Azores,23,Angra do Heroísmo,4301,Vila De São Sebastião,430119,38.65,-27.1,4,sao-sebastiao
PT,Portugal,Portugal,9700-362,Porto Judeu,Azores,23,Angra do Heroísmo,4301,Porto Judeu,430109,38.65,-27.1167,4,porto-judeu
PT,Portugal,Portugal,9700-363,Porto Judeu,Azores,23,Angra do Heroísmo,4301,Porto Judeu,430109,38.65,-27.1167,4,porto-judeu
PT,Portugal,Portugal,9700-364,Porto Judeu,Azores,23,Angra do Heroísmo,4301,Porto Judeu,430109,38.65,-27.1167,4,porto-judeu
PT,Portugal,Portugal,9700-365,Porto Judeu,Azores,23,Angra do Heroísmo,4301,Porto Judeu,430109,38.65,-27.1167,4,porto-judeu
PT,Portugal,Portugal,9700-366,Porto Judeu,Azores,23,Angra do Heroísmo,4301,Porto Judeu,430109,38.65,-27.1167,4,porto-judeu
PT,Portugal,Portugal,9700-367,Porto Judeu,Azores,23,Angra do Heroísmo,4301,Porto Judeu,430109,38.65,-27.1167,4,porto-judeu
PT,Portugal,Portugal,9700-368,Porto Judeu,Azores,23,Angra do Heroísmo,4301,Porto Judeu,430109,38.65,-27.1167,4,porto-judeu
PT,Portugal,Portugal,9700-369,Porto Judeu,Azores,23,Angra do Heroísmo,4301,Porto Judeu,430109,38.65,-27.1167,4,porto-judeu
PT,Portugal,Portugal,9700-370,Porto Judeu,Azores,23,Angra do Heroísmo,4301,Porto Judeu,430109,38.65,-27.1167,4,porto-judeu
PT,Portugal,Portugal,9700-371,Porto Judeu,Azores,23,Angra do Heroísmo,4301,Porto Judeu,430109,38.65,-27.1167,4,porto-judeu
PT,Portugal,Portugal,9700-372,Porto Judeu,Azores,23,Angra do Heroísmo,4301,Porto Judeu,430109,38.65,-27.1167,4,porto-judeu
PT,Portugal,Portugal,9700-373,Porto Judeu,Azores,23,Angra do Heroísmo,4301,Porto Judeu,430109,38.65,-27.1167,4,porto-judeu
PT,Portugal,Portugal,9700-374,Porto Judeu,Azores,23,Angra do Heroísmo,4301,Porto Judeu,430109,38.65,-27.1167,4,porto-judeu
PT,Portugal,Portugal,9700-375,Porto Judeu,Azores,23,Angra do Heroísmo,4301,Porto Judeu,430109,38.65,-27.1167,4,porto-judeu
PT,Portugal,Portugal,9700-376,Porto Judeu,Azores,23,Angra do Heroísmo,4301,Porto Judeu,430109,38.65,-27.1167,4,porto-judeu
PT,Portugal,Portugal,9700-377,Porto Judeu,Azores,23,Angra do Heroísmo,4301,Porto Judeu,430109,38.65,-27.1167,4,porto-judeu
PT,Portugal,Portugal,9700-378,Porto Judeu,Azores,23,Angra do Heroísmo,4301,Porto Judeu,430109,38.65,-27.1167,4,porto-judeu
PT,Portugal,Portugal,9700-379,Porto Judeu,Azores,23,Angra do Heroísmo,4301,Porto Judeu,430109,38.65,-27.1167,4,porto-judeu
PT,Portugal,Portugal,9700-380,Porto Judeu,Azores,23,Angra do Heroísmo,4301,Porto Judeu,430109,38.65,-27.1167,4,porto-judeu
PT,Portugal,Portugal,9700-381,Porto Judeu,Azores,23,Angra do Heroísmo,4301,Porto Judeu,430109,38.65,-27.1167,4,porto-judeu
PT,Portugal,Portugal,9700-382,Porto Judeu,Azores,23,Angra do Heroísmo,4301,Porto Judeu,430109,38.65,-27.1167,4,porto-judeu
PT,Portugal,Portugal,9700-401,Raminho,Azores,23,Angra do Heroísmo,4301,Raminho,430111,38.7833,-27.3333,4,raminho
PT,Portugal,Portugal,9700-403,Raminho,Azores,23,Angra do Heroísmo,4301,Raminho,430111,38.7833,-27.3333,4,raminho
PT,Portugal,Portugal,9700-404,Raminho,Azores,23,Angra do Heroísmo,4301,Raminho,430111,38.7833,-27.3333,4,raminho
PT,Portugal,Portugal,9700-405,Raminho,Azores,23,Angra do Heroísmo,4301,Raminho,430111,38.7833,-27.3333,4,raminho
PT,Portugal,Portugal,9700-406,Raminho,Azores,23,Angra do Heroísmo,4301,Raminho,430111,38.7833,-27.3333,4,raminho
PT,Portugal,Portugal,9700-407,Raminho,Azores,23,Angra do Heroísmo,4301,Raminho,430111,38.7833,-27.3333,4,raminho
PT,Portugal,Portugal,9700-408,Raminho,Azores,23,Angra do Heroísmo,4301,Raminho,430111,38.7833,-27.3333,4,raminho
PT,Portugal,Portugal,9700-409,Raminho,Azores,23,Angra do Heroísmo,4301,Raminho,430111,38.7833,-27.3333,4,raminho
PT,Portugal,Portugal,9700-411,Ribeirinha,Azores,23,Angra do Heroísmo,4301,Ribeirinha Agh,,38.7162,-27.3333,1,ribeirinha
PT,Portugal,Portugal,9700-412,Ribeirinha,Azores,23,Angra do Heroísmo,4301,Ribeirinha Agh,,38.7162,-27.3333,1,ribeirinha
PT,Portugal,Portugal,9700-413,Ribeirinha,Azores,23,Angra do Heroísmo,4301,Ribeirinha Agh,,38.7162,-27.3333,1,ribeirinha
PT,Portugal,Portugal,9700-414,Ribeirinha,Azores,23,Angra do Heroísmo,4301,Ribeirinha Agh,,38.7162,-27.3333,1,ribeirinha
PT,Portugal,Portugal,9700-415,Ribeirinha,Azores,23,Angra do Heroísmo,4301,Ribeirinha Agh,,38.7162,-27.3333,1,ribeirinha
PT,Portugal,Portugal,9700-416,Ribeirinha,Azores,23,Angra do Heroísmo,4301,Ribeirinha Agh,,38.7162,-27.3333,1,ribeirinha
PT,Portugal,Portugal,9700-417,Ribeirinha,Azores,23,Angra do Heroísmo,4301,Ribeirinha Agh,,38.7162,-27.3333,1,ribeirinha
PT,Portugal,Portugal,9700-418,Ribeirinha,Azores,23,Angra do Heroísmo,4301,Ribeirinha Agh,,38.7162,-27.3333,1,ribeirinha
PT,Portugal,Portugal,9700-420,Ribeirinha,Azores,23,Angra do Heroísmo,4301,Ribeirinha Agh,,38.7162,-27.3333,1,ribeirinha
PT,Portugal,Portugal,9700-421,Ribeirinha,Azores,23,Angra do Heroísmo,4301,Ribeirinha Agh,,38.7162,-27.3333,1,ribeirinha
PT,Portugal,Portugal,9700-423,Ribeirinha,Azores,23,Angra do Heroísmo,4301,Ribeirinha Agh,,38.7162,-27.3333,1,ribeirinha
PT,Portugal,Portugal,9700-424,Ribeirinha,Azores,23,Angra do Heroísmo,4301,Ribeirinha Agh,,38.7162,-27.3333,1,ribeirinha
PT,Portugal,Portugal,9700-426,Ribeirinha,Azores,23,Angra do Heroísmo,4301,Ribeirinha Agh,,38.7162,-27.3333,1,ribeirinha
PT,Portugal,Portugal,9700-427,Ribeirinha,Azores,23,Angra do Heroísmo,4301,Ribeirinha Agh,,38.7162,-27.3333,1,ribeirinha
PT,Portugal,Portugal,9700-428,Ribeirinha,Azores,23,Angra do Heroísmo,4301,Ribeirinha Agh,,38.7162,-27.3333,1,ribeirinha
PT,Portugal,Portugal,9700-429,Ribeirinha,Azores,23,Angra do Heroísmo,4301,Ribeirinha Agh,,38.7162,-27.3333,1,ribeirinha
PT,Portugal,Portugal,9700-430,Ribeirinha,Azores,23,Angra do Heroísmo,4301,Ribeirinha Agh,,38.7162,-27.3333,1,ribeirinha
PT,Portugal,Portugal,9700-431,Ribeirinha,Azores,23,Angra do Heroísmo,4301,Ribeirinha Agh,,38.7162,-27.3333,1,ribeirinha
PT,Portugal,Portugal,9700-432,Ribeirinha,Azores,23,Angra do Heroísmo,4301,Ribeirinha Agh,,38.7162,-27.3333,1,ribeirinha
PT,Portugal,Portugal,9700-433,Ribeirinha,Azores,23,Angra do Heroísmo,4301,Ribeirinha Agh,,38.7162,-27.3333,1,ribeirinha
PT,Portugal,Portugal,9700-434,Ribeirinha,Azores,23,Angra do Heroísmo,4301,Ribeirinha Agh,,38.7162,-27.3333,1,ribeirinha
PT,Portugal,Portugal,9700-435,Ribeirinha,Azores,23,Angra do Heroísmo,4301,Ribeirinha Agh,,38.7162,-27.3333,1,ribeirinha
PT,Portugal,Portugal,9700-436,Ribeirinha,Azores,23,Angra do Heroísmo,4301,Ribeirinha Agh,,38.7162,-27.3333,1,ribeirinha
PT,Portugal,Portugal,9700-437,Ribeirinha,Azores,23,Angra do Heroísmo,4301,Ribeirinha Agh,,38.7162,-27.3333,1,ribeirinha
PT,Portugal,Portugal,9700-438,Ribeirinha,Azores,23,Angra do Heroísmo,4301,Ribeirinha Agh,,38.7162,-27.3333,1,ribeirinha
PT,Portugal,Portugal,9700-439,Ribeirinha,Azores,23,Angra do Heroísmo,4301,Ribeirinha Agh,,38.7162,-27.3333,1,ribeirinha
PT,Portugal,Portugal,9700-440,Ribeirinha,Azores,23,Angra do Heroísmo,4301,Ribeirinha Agh,,38.7162,-27.3333,1,ribeirinha
PT,Portugal,Portugal,9700-441,Ribeirinha,Azores,23,Angra do Heroísmo,4301,Ribeirinha Agh,,38.7162,-27.3333,1,ribeirinha
PT,Portugal,Portugal,9700-442,Ribeirinha,Azores,23,Angra do Heroísmo,4301,Ribeirinha Agh,,38.7162,-27.3333,1,ribeirinha
PT,Portugal,Portugal,9700-443,Ribeirinha,Azores,23,Angra do Heroísmo,4301,Ribeirinha Agh,,38.7162,-27.3333,1,ribeirinha
PT,Portugal,Portugal,9700-444,Ribeirinha,Azores,23,Angra do Heroísmo,4301,Ribeirinha Agh,,38.7162,-27.3333,1,ribeirinha
PT,Portugal,Portugal,9700-445,Ribeirinha,Azores,23,Angra do Heroísmo,4301,Ribeirinha Agh,,38.7162,-27.3333,1,ribeirinha
PT,Portugal,Portugal,9700-446,Ribeirinha,Azores,23,Angra do Heroísmo,4301,Ribeirinha Agh,,38.7162,-27.3333,1,ribeirinha
PT,Portugal,Portugal,9700-447,Ribeirinha,Azores,23,Angra do Heroísmo,4301,Ribeirinha Agh,,38.7162,-27.3333,1,ribeirinha
PT,Portugal,Portugal,9700-448,Ribeirinha,Azores,23,Angra do Heroísmo,4301,Ribeirinha Agh,,38.7162,-27.3333,1,ribeirinha
PT,Portugal,Portugal,9700-449,Ribeirinha,Azores,23,Angra do Heroísmo,4301,Ribeirinha Agh,,38.7162,-27.3333,1,ribeirinha
PT,Portugal,Portugal,9700-450,Ribeirinha,Azores,23,Angra do Heroísmo,4301,Ribeirinha Agh,,38.7162,-27.3333,1,ribeirinha
PT,Portugal,Portugal,9700-451,Ribeirinha,Azores,23,Angra do Heroísmo,4301,Ribeirinha Agh,,38.7162,-27.3333,1,ribeirinha
PT,Portugal,Portugal,9700-471,Santa Bárbara,Azores,23,Angra do Heroísmo,4301,Santa Bárbara Agh,,38.6833,-27.3333,4,santa-barbara
PT,Portugal,Portugal,9700-472,Santa Bárbara,Azores,23,Angra do Heroísmo,4301,Santa Bárbara Agh,,38.6833,-27.3333,4,santa-barbara
PT,Portugal,Portugal,9700-473,Santa Bárbara,Azores,23,Angra do Heroísmo,4301,Santa Bárbara Agh,,38.6833,-27.3333,4,santa-barbara
PT,Portugal,Portugal,9700-474,Santa Bárbara,Azores,23,Angra do Heroísmo,4301,Santa Bárbara Agh,,38.6833,-27.3333,4,santa-barbara
PT,Portugal,Portugal,9700-475,Santa Bárbara,Azores,23,Angra do Heroísmo,4301,Santa Bárbara Agh,,38.6833,-27.3333,4,santa-barbara
PT,Portugal,Portugal,9700-476,Santa Bárbara,Azores,23,Angra do Heroísmo,4301,Santa Bárbara Agh,,38.6833,-27.3333,4,santa-barbara
PT,Portugal,Portugal,9700-477,Santa Bárbara,Azores,23,Angra do Heroísmo,4301,Santa Bárbara Agh,,38.6833,-27.3333,4,santa-barbara
PT,Portugal,Portugal,9700-478,Santa Bárbara,Azores,23,Angra do Heroísmo,4301,Santa Bárbara Agh,,38.6833,-27.3333,4,santa-barbara
PT,Portugal,Portugal,9700-479,Santa Bárbara,Azores,23,Angra do Heroísmo,4301,Santa Bárbara Agh,,38.6833,-27.3333,4,santa-barbara
PT,Portugal,Portugal,9700-480,Santa Bárbara,Azores,23,Angra do Heroísmo,4301,Santa Bárbara Agh,,38.6833,-27.3333,4,santa-barbara
PT,Portugal,Portugal,9700-481,Santa Bárbara,Azores,23,Angra do Heroísmo,4301,Santa Bárbara Agh,,38.6833,-27.3333,4,santa-barbara
PT,Portugal,Portugal,9700-501,São Bartolomeu,Azores,23,Angra do Heroísmo,4301,São Bartolomeu De Regatos,430114,38.6667,-27.2833,4,sao-bartolomeu
PT,Portugal,Portugal,9700-502,São Bartolomeu,Azores,23,Angra do Heroísmo,4301,São Bartolomeu De Regatos,430114,38.6667,-27.2833,4,sao-bartolomeu
PT,Portugal,Portugal,9700-503,São Bartolomeu,Azores,23,Angra do Heroísmo,4301,São Bartolomeu De Regatos,430114,38.6667,-27.2833,4,sao-bartolomeu
PT,Portugal,Portugal,9700-504,São Bartolomeu,Azores,23,Angra do Heroísmo,4301,São Bartolomeu De Regatos,430114,38.6667,-27.2833,4,sao-bartolomeu
PT,Portugal,Portugal,9700-505,São Bartolomeu,Azores,23,Angra do Heroísmo,4301,São Bartolomeu De Regatos,430114,38.6667,-27.2833,4,sao-bartolomeu
PT,Portugal,Portugal,9700-506,São Bartolomeu,Azores,23,Angra do Heroísmo,4301,São Bartolomeu De Regatos,430114,38.6667,-27.2833,4,sao-bartolomeu
PT,Portugal,Portugal,9700-507,São Bartolomeu,Azores,23,Angra do Heroísmo,4301,São Bartolomeu De Regatos,430114,38.6667,-27.2833,4,sao-bartolomeu
PT,Portugal,Portugal,9700-508,São Bartolomeu,Azores,23,Angra do Heroísmo,4301,São Bartolomeu De Regatos,430114,38.6667,-27.2833,4,sao-bartolomeu
PT,Portugal,Portugal,9700-509,São Bartolomeu,Azores,23,Angra do Heroísmo,4301,São Bartolomeu De Regatos,430114,38.6667,-27.2833,4,sao-bartolomeu
PT,Portugal,Portugal,9700-510,São Bartolomeu,Azores,23,Angra do Heroísmo,4301,São Bartolomeu De Regatos,430114,38.6667,-27.2833,4,sao-bartolomeu
PT,Portugal,Portugal,9700-511,São Bartolomeu,Azores,23,Angra do Heroísmo,4301,São Bartolomeu De Regatos,430114,38.6667,-27.2833,4,sao-bartolomeu
PT,Portugal,Portugal,9700-512,São Bartolomeu,Azores,23,Angra do Heroísmo,4301,São Bartolomeu De Regatos,430114,38.6667,-27.2833,4,sao-bartolomeu
PT,Portugal,Portugal,9700-513,São Bartolomeu,Azores,23,Angra do Heroísmo,4301,São Bartolomeu De Regatos,430114,38.6667,-27.2833,4,sao-bartolomeu
PT,Portugal,Portugal,9700-514,São Bartolomeu,Azores,23,Angra do Heroísmo,4301,São Bartolomeu De Regatos,430114,38.6667,-27.2833,4,sao-bartolomeu
PT,Portugal,Portugal,9700-515,São Bartolomeu,Azores,23,Angra do Heroísmo,4301,São Bartolomeu De Regatos,430114,38.6667,-27.2833,4,sao-bartolomeu
PT,Portugal,Portugal,9700-516,São Bartolomeu,Azores,23,Angra do Heroísmo,4301,São Bartolomeu De Regatos,430114,38.6667,-27.2833,4,sao-bartolomeu
PT,Portugal,Portugal,9700-517,São Bartolomeu,Azores,23,Angra do Heroísmo,4301,São Bartolomeu De Regatos,430114,38.6667,-27.2833,4,sao-bartolomeu
PT,Portugal,Portugal,9700-518,São Bartolomeu,Azores,23,Angra do Heroísmo,4301,São Bartolomeu De Regatos,430114,38.6667,-27.2833,4,sao-bartolomeu
PT,Portugal,Portugal,9700-519,São Bartolomeu,Azores,23,Angra do Heroísmo,4301,São Bartolomeu De Regatos,430114,38.6667,-27.2833,4,sao-bartolomeu
PT,Portugal,Portugal,9700-520,São Bartolomeu,Azores,23,Angra do Heroísmo,4301,São Bartolomeu De Regatos,430114,38.6667,-27.2833,4,sao-bartolomeu
PT,Portugal,Portugal,9700-521,São Bartolomeu,Azores,23,Angra do Heroísmo,4301,São Bartolomeu De Regatos,430114,38.6667,-27.2833,4,sao-bartolomeu
PT,Portugal,Portugal,9700-522,São Bartolomeu,Azores,23,Angra do Heroísmo,4301,São Bartolomeu De Regatos,430114,38.6667,-27.2833,4,sao-bartolomeu
PT,Portugal,Portugal,9700-523,São Bartolomeu,Azores,23,Angra do Heroísmo,4301,São Bartolomeu De Regatos,430114,38.6667,-27.2833,4,sao-bartolomeu
PT,Portugal,Portugal,9700-525,São Bartolomeu,Azores,23,Angra do Heroísmo,4301,São Bartolomeu De Regatos,430114,38.6667,-27.2833,4,sao-bartolomeu
PT,Portugal,Portugal,9700-526,São Bartolomeu,Azores,23,Angra do Heroísmo,4301,São Bartolomeu De Regatos,430114,38.6667,-27.2833,4,sao-bartolomeu
PT,Portugal,Portugal,9700-551,São Mateus,Azores,23,Angra do Heroísmo,4301,São Mateus Da Calheta,430116,38.6667,-27.2833,1,sao-mateus
PT,Portugal,Portugal,9700-552,São Mateus,Azores,23,Angra do Heroísmo,4301,São Mateus Da Calheta,430116,38.6667,-27.2833,1,sao-mateus
PT,Portugal,Portugal,9700-553,São Mateus,Azores,23,Angra do Heroísmo,4301,São Mateus Da Calheta,430116,38.6667,-27.2833,1,sao-mateus
PT,Portugal,Portugal,9700-554,São Mateus,Azores,23,Angra do Heroísmo,4301,São Mateus Da Calheta,430116,38.6667,-27.2833,1,sao-mateus
PT,Portugal,Portugal,9700-555,São Mateus,Azores,23,Angra do Heroísmo,4301,São Mateus Da Calheta,430116,38.6667,-27.2833,1,sao-mateus
PT,Portugal,Portugal,9700-556,São Francisco das Almas,Azores,23,Angra do Heroísmo,4301,São Mateus Da Calheta,430116,38.6667,-27.2833,1,sao-francisco-das-almas
PT,Portugal,Portugal,9700-557,São Mateus,Azores,23,Angra do Heroísmo,4301,São Mateus Da Calheta,430116,38.6667,-27.2833,1,sao-mateus
PT,Portugal,Portugal,9700-558,São Mateus,Azores,23,Angra do Heroísmo,4301,São Mateus Da Calheta,430116,38.6667,-27.2833,1,sao-mateus
PT,Portugal,Portugal,9700-559,São Mateus,Azores,23,Angra do Heroísmo,4301,São Mateus Da Calheta,430116,38.6667,-27.2833,1,sao-mateus
PT,Portugal,Portugal,9700-561,São Mateus,Azores,23,Angra do Heroísmo,4301,São Mateus Da Calheta,430116,38.6667,-27.2833,1,sao-mateus
PT,Portugal,Portugal,9700-562,São Mateus,Azores,23,Angra do Heroísmo,4301,São Mateus Da Calheta,430116,38.6667,-27.2833,1,sao-mateus
PT,Portugal,Portugal,9700-563,São Mateus,Azores,23,Angra do Heroísmo,4301,São Mateus Da Calheta,430116,38.6667,-27.2833,1,sao-mateus
PT,Portugal,Portugal,9700-564,São Mateus,Azores,23,Angra do Heroísmo,4301,São Mateus Da Calheta,430116,38.6667,-27.2833,1,sao-mateus
PT,Portugal,Portugal,9700-565,São Mateus,Azores,23,Angra do Heroísmo,4301,São Mateus Da Calheta,430116,38.6667,-27.2833,1,sao-mateus
PT,Portugal,Portugal,9700-566,São Mateus,Azores,23,Angra do Heroísmo,4301,São Mateus Da Calheta,430116,38.6667,-27.2833,1,sao-mateus
PT,Portugal,Portugal,9700-567,São Mateus,Azores,23,Angra do Heroísmo,4301,São Mateus Da Calheta,430116,38.6667,-27.2833,1,sao-mateus
PT,Portugal,Portugal,9700-568,São Bartolomeu,Azores,23,Angra do Heroísmo,4301,São Bartolomeu De Regatos,430114,38.6667,-27.2833,4,sao-bartolomeu
PT,Portugal,Portugal,9700-570,São Mateus,Azores,23,Angra do Heroísmo,4301,São Mateus Da Calheta,430116,38.6667,-27.2833,1,sao-mateus
PT,Portugal,Portugal,9700-571,São Mateus,Azores,23,Angra do Heroísmo,4301,São Mateus Da Calheta,430116,38.6667,-27.2833,1,sao-mateus
PT,Portugal,Portugal,9700-572,São Mateus,Azores,23,Angra do Heroísmo,4301,São Mateus Da Calheta,430116,38.6667,-27.2833,1,sao-mateus
PT,Portugal,Portugal,9700-573,São Mateus,Azores,23,Angra do Heroísmo,4301,São Mateus Da Calheta,430116,38.6667,-27.2833,1,sao-mateus
PT,Portugal,Portugal,9700-574,São Mateus,Azores,23,Angra do Heroísmo,4301,São Mateus Da Calheta,430116,38.6667,-27.2833,1,sao-mateus
PT,Portugal,Portugal,9700-575,São Mateus,Azores,23,Angra do Heroísmo,4301,São Mateus Da Calheta,430116,38.6667,-27.2833,1,sao-mateus
PT,Portugal,Portugal,9700-576,São Mateus,Azores,23,Angra do Heroísmo,4301,São Mateus Da Calheta,430116,38.6667,-27.2833,1,sao-mateus
PT,Portugal,Portugal,9700-577,São Mateus,Azores,23,Angra do Heroísmo,4301,São Mateus Da Calheta,430116,38.6667,-27.2833,1,sao-mateus
PT,Portugal,Portugal,9700-578,São Mateus,Azores,23,Angra do Heroísmo,4301,São Mateus Da Calheta,430116,38.6667,-27.2833,1,sao-mateus
PT,Portugal,Portugal,9700-579,São Bartolomeu,Azores,23,Angra do Heroísmo,4301,São Bartolomeu De Regatos,430114,38.6667,-27.2833,4,sao-bartolomeu
PT,Portugal,Portugal,9700-580,São Mateus,Azores,23,Angra do Heroísmo,4301,São Mateus Da Calheta,430116,38.6667,-27.2833,1,sao-mateus
PT,Portugal,Portugal,9700-581,São Mateus,Azores,23,Angra do Heroísmo,4301,São Mateus Da Calheta,430116,38.6667,-27.2833,1,sao-mateus
PT,Portugal,Portugal,9700-582,São Mateus,Azores,23,Angra do Heroísmo,4301,São Mateus Da Calheta,430116,38.6667,-27.2833,1,sao-mateus
PT,Portugal,Portugal,9700-583,São Mateus,Azores,23,Angra do Heroísmo,4301,São Mateus Da Calheta,430116,38.6667,-27.2833,1,sao-mateus
PT,Portugal,Portugal,9700-584,São Mateus,Azores,23,Angra do Heroísmo,4301,São Mateus Da Calheta,430116,38.6667,-27.2833,1,sao-mateus
PT,Portugal,Portugal,9700-585,São Mateus,Azores,23,Angra do Heroísmo,4301,São Mateus Da Calheta,430116,38.6667,-27.2833,1,sao-mateus
PT,Portugal,Portugal,9700-586,São Mateus,Azores,23,Angra do Heroísmo,4301,São Mateus Da Calheta,430116,38.6667,-27.2833,1,sao-mateus
PT,Portugal,Portugal,9700-587,São Mateus,Azores,23,Angra do Heroísmo,4301,São Mateus Da Calheta,430116,38.6667,-27.2833,1,sao-mateus
PT,Portugal,Portugal,9700-588,São Mateus,Azores,23,Angra do Heroísmo,4301,São Mateus Da Calheta,430116,38.6667,-27.2833,1,sao-mateus
PT,Portugal,Portugal,9700-589,São Mateus,Azores,23,Angra do Heroísmo,4301,São Mateus Da Calheta,430116,38.6667,-27.2833,1,sao-mateus
PT,Portugal,Portugal,9700-590,São Mateus,Azores,23,Angra do Heroísmo,4301,São Mateus Da Calheta,430116,38.6667,-27.2833,1,sao-mateus
PT,Portugal,Portugal,9700-591,São Mateus,Azores,23,Angra do Heroísmo,4301,São Mateus Da Calheta,430116,38.6667,-27.2833,1,sao-mateus
PT,Portugal,Portugal,9700-592,São Mateus,Azores,23,Angra do Heroísmo,4301,São Mateus Da Calheta,430116,38.6667,-27.2833,1,sao-mateus
PT,Portugal,Portugal,9700-601,São Sebastião,Azores,23,Angra do Heroísmo,4301,Vila De São Sebastião,430119,38.65,-27.1,4,sao-sebastiao
PT,Portugal,Portugal,9700-602,São Sebastião,Azores,23,Angra do Heroísmo,4301,Vila De São Sebastião,430119,38.65,-27.1,4,sao-sebastiao
PT,Portugal,Portugal,9700-604,São Sebastião,Azores,23,Angra do Heroísmo,4301,Vila De São Sebastião,430119,38.65,-27.1,4,sao-sebastiao
PT,Portugal,Portugal,9700-605,Porto Novo,Azores,23,Angra do Heroísmo,4301,Vila De São Sebastião,430119,38.65,-27.1,1,porto-novo
PT,Portugal,Portugal,9700-606,São Sebastião,Azores,23,Angra do Heroísmo,4301,Vila De São Sebastião,430119,38.65,-27.1,4,sao-sebastiao
PT,Portugal,Portugal,9700-607,São Sebastião,Azores,23,Angra do Heroísmo,4301,Vila De São Sebastião,430119,38.65,-27.1,4,sao-sebastiao
PT,Portugal,Portugal,9700-610,São Sebastião,Azores,23,Angra do Heroísmo,4301,Vila De São Sebastião,430119,38.65,-27.1,4,sao-sebastiao
PT,Portugal,Portugal,9700-611,São Sebastião,Azores,23,Angra do Heroísmo,4301,Vila De São Sebastião,430119,38.65,-27.1,4,sao-sebastiao
PT,Portugal,Portugal,9700-612,São Sebastião,Azores,23,Angra do Heroísmo,4301,Vila De São Sebastião,430119,38.65,-27.1,4,sao-sebastiao
PT,Portugal,Portugal,9700-613,São Sebastião,Azores,23,Angra do Heroísmo,4301,Vila De São Sebastião,430119,38.65,-27.1,4,sao-sebastiao
PT,Portugal,Portugal,9700-614,São Sebastião,Azores,23,Angra do Heroísmo,4301,Vila De São Sebastião,430119,38.65,-27.1,4,sao-sebastiao
PT,Portugal,Portugal,9700-615,São Sebastião,Azores,23,Angra do Heroísmo,4301,Vila De São Sebastião,430119,38.65,-27.1,4,sao-sebastiao
PT,Portugal,Portugal,9700-616,São Sebastião,Azores,23,Angra do Heroísmo,4301,Vila De São Sebastião,430119,38.65,-27.1,4,sao-sebastiao
PT,Portugal,Portugal,9700-617,São Sebastião,Azores,23,Angra do Heroísmo,4301,Vila De São Sebastião,430119,38.65,-27.1,4,sao-sebastiao
PT,Portugal,Portugal,9700-618,São Sebastião,Azores,23,Angra do Heroísmo,4301,Vila De São Sebastião,430119,38.65,-27.1,4,sao-sebastiao
PT,Portugal,Portugal,9700-619,São Sebastião,Azores,23,Angra do Heroísmo,4301,Vila De São Sebastião,430119,38.65,-27.1,4,sao-sebastiao
PT,Portugal,Portugal,9700-620,São Sebastião,Azores,23,Angra do Heroísmo,4301,Vila De São Sebastião,430119,38.65,-27.1,4,sao-sebastiao
PT,Portugal,Portugal,9700-621,São Sebastião,Azores,23,Angra do Heroísmo,4301,Vila De São Sebastião,430119,38.65,-27.1,4,sao-sebastiao
PT,Portugal,Portugal,9700-622,São Sebastião,Azores,23,Angra do Heroísmo,4301,Vila De São Sebastião,430119,38.65,-27.1,4,sao-sebastiao
PT,Portugal,Portugal,9700-623,São Sebastião,Azores,23,Angra do Heroísmo,4301,Vila De São Sebastião,430119,38.65,-27.1,4,sao-sebastiao
PT,Portugal,Portugal,9700-624,São Sebastião,Azores,23,Angra do Heroísmo,4301,Vila De São Sebastião,430119,38.65,-27.1,4,sao-sebastiao
PT,Portugal,Portugal,9700-625,São Sebastião,Azores,23,Angra do Heroísmo,4301,Vila De São Sebastião,430119,38.65,-27.1,4,sao-sebastiao
PT,Portugal,Portugal,9700-625,Porto Novo,Azores,23,Angra do Heroísmo,4301,Vila De São Sebastião,430119,38.65,-27.1,3,porto-novo
PT,Portugal,Portugal,9700-626,São Sebastião,Azores,23,Angra do Heroísmo,4301,Vila De São Sebastião,430119,38.65,-27.1,4,sao-sebastiao
PT,Portugal,Portugal,9700-627,São Sebastião,Azores,23,Angra do Heroísmo,4301,Vila De São Sebastião,430119,38.65,-27.1,4,sao-sebastiao
PT,Portugal,Portugal,9700-628,São Sebastião,Azores,23,Angra do Heroísmo,4301,Vila De São Sebastião,430119,38.65,-27.1,4,sao-sebastiao
PT,Portugal,Portugal,9700-629,São Sebastião,Azores,23,Angra do Heroísmo,4301,Vila De São Sebastião,430119,38.65,-27.1,4,sao-sebastiao
PT,Portugal,Portugal,9700-630,São Sebastião,Azores,23,Angra do Heroísmo,4301,Vila De São Sebastião,430119,38.65,-27.1,4,sao-sebastiao
PT,Portugal,Portugal,9700-631,São Sebastião,Azores,23,Angra do Heroísmo,4301,Vila De São Sebastião,430119,38.65,-27.1,4,sao-sebastiao
PT,Portugal,Portugal,9700-632,São Sebastião,Azores,23,Angra do Heroísmo,4301,Vila De São Sebastião,430119,38.65,-27.1,4,sao-sebastiao
PT,Portugal,Portugal,9700-633,São Sebastião,Azores,23,Angra do Heroísmo,4301,Vila De São Sebastião,430119,38.65,-27.1,4,sao-sebastiao
PT,Portugal,Portugal,9700-634,São Sebastião,Azores,23,Angra do Heroísmo,4301,Vila De São Sebastião,430119,38.65,-27.1,4,sao-sebastiao
PT,Portugal,Portugal,9700-635,São Sebastião,Azores,23,Angra do Heroísmo,4301,Vila De São Sebastião,430119,38.65,-27.1,4,sao-sebastiao
PT,Portugal,Portugal,9700-636,São Sebastião,Azores,23,Angra do Heroísmo,4301,Vila De São Sebastião,430119,38.65,-27.1,4,sao-sebastiao
PT,Portugal,Portugal,9700-637,São Sebastião,Azores,23,Angra do Heroísmo,4301,Vila De São Sebastião,430119,38.65,-27.1,4,sao-sebastiao
PT,Portugal,Portugal,9700-639,São Sebastião,Azores,23,Angra do Heroísmo,4301,Vila De São Sebastião,430119,38.65,-27.1,4,sao-sebastiao
PT,Portugal,Portugal,9700-641,São Sebastião,Azores,23,Angra do Heroísmo,4301,Vila De São Sebastião,430119,38.65,-27.1,4,sao-sebastiao
PT,Portugal,Portugal,9700-642,São Sebastião,Azores,23,Angra do Heroísmo,4301,Vila De São Sebastião,430119,38.65,-27.1,4,sao-sebastiao
PT,Portugal,Portugal,9700-643,São Sebastião,Azores,23,Angra do Heroísmo,4301,Vila De São Sebastião,430119,38.65,-27.1,4,sao-sebastiao
PT,Portugal,Portugal,9700-644,São Sebastião,Azores,23,Angra do Heroísmo,4301,Vila De São Sebastião,430119,38.65,-27.1,4,sao-sebastiao
PT,Portugal,Portugal,9700-645,São Sebastião,Azores,23,Angra do Heroísmo,4301,Vila De São Sebastião,430119,38.65,-27.1,4,sao-sebastiao
PT,Portugal,Portugal,9700-646,São Sebastião,Azores,23,Angra do Heroísmo,4301,Vila De São Sebastião,430119,38.65,-27.1,4,sao-sebastiao
PT,Portugal,Portugal,9700-647,São Sebastião,Azores,23,Angra do Heroísmo,4301,Vila De São Sebastião,430119,38.65,-27.1,4,sao-sebastiao
PT,Portugal,Portugal,9700-648,São Sebastião,Azores,23,Angra do Heroísmo,4301,Vila De São Sebastião,430119,38.65,-27.1,4,sao-sebastiao
PT,Portugal,Portugal,9700-650,São Sebastião,Azores,23,Angra do Heroísmo,4301,Vila De São Sebastião,430119,38.65,-27.1,4,sao-sebastiao
PT,Portugal,Portugal,9700-651,São Sebastião,Azores,23,Angra do Heroísmo,4301,Vila De São Sebastião,430119,38.65,-27.1,4,sao-sebastiao
PT,Portugal,Portugal,9700-652,São Sebastião,Azores,23,Angra do Heroísmo,4301,Vila De São Sebastião,430119,38.65,-27.1,4,sao-sebastiao
PT,Portugal,Portugal,9700-653,São Sebastião,Azores,23,Angra do Heroísmo,4301,Vila De São Sebastião,430119,38.65,-27.1,4,sao-sebastiao
PT,Portugal,Portugal,9700-654,São Sebastião,Azores,23,Angra do Heroísmo,4301,Vila De São Sebastião,430119,38.65,-27.1,4,sao-sebastiao
PT,Portugal,Portugal,9700-661,Serreta,Azores,23,Angra do Heroísmo,4301,Serreta,430117,38.75,-27.3667,4,serreta
PT,Portugal,Portugal,9700-662,Serreta,Azores,23,Angra do Heroísmo,4301,Serreta,430117,38.75,-27.3667,4,serreta
PT,Portugal,Portugal,9700-663,Serreta,Azores,23,Angra do Heroísmo,4301,Serreta,430117,38.75,-27.3667,4,serreta
PT,Portugal,Portugal,9700-664,Serreta,Azores,23,Angra do Heroísmo,4301,Serreta,430117,38.75,-27.3667,4,serreta
PT,Portugal,Portugal,9700-665,Serreta,Azores,23,Angra do Heroísmo,4301,Serreta,430117,38.75,-27.3667,4,serreta
PT,Portugal,Portugal,9700-666,Serreta,Azores,23,Angra do Heroísmo,4301,Serreta,430117,38.75,-27.3667,4,serreta
PT,Portugal,Portugal,9700-667,Serreta,Azores,23,Angra do Heroísmo,4301,Serreta,430117,38.75,-27.3667,4,serreta
PT,Portugal,Portugal,9700-681,Terra Chã,Azores,23,Angra do Heroísmo,4301,Terra Chã,430118,38.6667,-27.25,4,terra-cha
PT,Portugal,Portugal,9700-682,Terra Chã,Azores,23,Angra do Heroísmo,4301,Terra Chã,430118,38.6667,-27.25,4,terra-cha
PT,Portugal,Portugal,9700-683,Terra Chã,Azores,23,Angra do Heroísmo,4301,Terra Chã,430118,38.6667,-27.25,4,terra-cha
PT,Portugal,Portugal,9700-684,Terra Chã,Azores,23,Angra do Heroísmo,4301,Terra Chã,430118,38.6667,-27.25,4,terra-cha
PT,Portugal,Portugal,9700-685,Terra Chã,Azores,23,Angra do Heroísmo,4301,Terra Chã,430118,38.6667,-27.25,4,terra-cha
PT,Portugal,Portugal,9700-686,Terra Chã,Azores,23,Angra do Heroísmo,4301,Terra Chã,430118,38.6667,-27.25,4,terra-cha
PT,Portugal,Portugal,9700-687,Terra Chã,Azores,23,Angra do Heroísmo,4301,Terra Chã,430118,38.6667,-27.25,4,terra-cha
PT,Portugal,Portugal,9700-688,Terra Chã,Azores,23,Angra do Heroísmo,4301,Terra Chã,430118,38.6667,-27.25,4,terra-cha
PT,Portugal,Portugal,9700-701,Terra Chã,Azores,23,Angra do Heroísmo,4301,Terra Chã,430118,38.6667,-27.25,4,terra-cha
PT,Portugal,Portugal,9700-702,Terra Chã,Azores,23,Angra do Heroísmo,4301,Terra Chã,430118,38.6667,-27.25,4,terra-cha
PT,Portugal,Portugal,9700-703,Terra Chã,Azores,23,Angra do Heroísmo,4301,Terra Chã,430118,38.6667,-27.25,4,terra-cha
PT,Portugal,Portugal,9700-704,Terra Chã,Azores,23,Angra do Heroísmo,4301,Terra Chã,430118,38.6667,-27.25,4,terra-cha
PT,Portugal,Portugal,9700-705,Terra Chã,Azores,23,Angra do Heroísmo,4301,Terra Chã,430118,38.6667,-27.25,4,terra-cha
PT,Portugal,Portugal,9700-706,Terra Chã,Azores,23,Angra do Heroísmo,4301,Terra Chã,430118,38.6667,-27.25,4,terra-cha
PT,Portugal,Portugal,9700-707,Terra Chã,Azores,23,Angra do Heroísmo,4301,Terra Chã,430118,38.6667,-27.25,4,terra-cha
PT,Portugal,Portugal,9700-708,Terra Chã,Azores,23,Angra do Heroísmo,4301,Terra Chã,430118,38.6667,-27.25,4,terra-cha
PT,Portugal,Portugal,9700-710,Terra Chã,Azores,23,Angra do Heroísmo,4301,Terra Chã,430118,38.6667,-27.25,4,terra-cha
PT,Portugal,Portugal,9700-711,Terra Chã,Azores,23,Angra do Heroísmo,4301,Terra Chã,430118,38.6667,-27.25,4,terra-cha
PT,Portugal,Portugal,9700-712,Terra Chã,Azores,23,Angra do Heroísmo,4301,Terra Chã,430118,38.6667,-27.25,4,terra-cha
PT,Portugal,Portugal,9700-713,Terra Chã,Azores,23,Angra do Heroísmo,4301,Terra Chã,430118,38.6667,-27.25,4,terra-cha
PT,Portugal,Portugal,9700-714,Terra Chã,Azores,23,Angra do Heroísmo,4301,Terra Chã,430118,38.6667,-27.25,4,terra-cha
PT,Portugal,Portugal,9700-715,Terra Chã,Azores,23,Angra do Heroísmo,4301,Terra Chã,430118,38.6667,-27.25,4,terra-cha
PT,Portugal,Portugal,9700-716,Terra Chã,Azores,23,Angra do Heroísmo,4301,Terra Chã,430118,38.6667,-27.25,4,terra-cha
PT,Portugal,Portugal,9700-717,Terra Chã,Azores,23,Angra do Heroísmo,4301,Terra Chã,430118,38.6667,-27.25,4,terra-cha
PT,Portugal,Portugal,9700-719,Terra Chã,Azores,23,Angra do Heroísmo,4301,Terra Chã,430118,38.6667,-27.25,4,terra-cha
PT,Portugal,Portugal,9700-720,Terra Chã,Azores,23,Angra do Heroísmo,4301,Terra Chã,430118,38.6667,-27.25,4,terra-cha
PT,Portugal,Portugal,9700-721,Terra Chã,Azores,23,Angra do Heroísmo,4301,Terra Chã,430118,38.6667,-27.25,4,terra-cha
PT,Portugal,Portugal,9700-995,Ribeirinha,Azores,23,Angra do Heroísmo,4301,Ribeirinha Agh,,38.6833,-27.2167,1,ribeirinha
PT,Portugal,Portugal,9700-996,Raminho,Azores,23,Angra do Heroísmo,4301,Raminho,430111,38.7833,-27.3333,4,raminho
PT,Portugal,Portugal,9700-997,São Sebastião,Azores,23,Angra do Heroísmo,4301,Vila De São Sebastião,430119,38.65,-27.1,4,sao-sebastiao
PT,Portugal,Portugal,9700-998,Angra do Heroísmo,Azores,23,Angra do Heroísmo,4301,Angra Do Heroísmo,,38.65,-27.2167,4,angra-do-heroismo
PT,Portugal,Portugal,9700-999,Angra do Heroísmo,Azores,23,Angra do Heroísmo,4301,Angra Do Heroísmo,,38.65,-27.2167,4,angra-do-heroismo
PT,Portugal,Portugal,9701-851,Terra Chã,Azores,23,Angra do Heroísmo,4301,Terra Chã,430118,38.6667,-27.25,4,terra-cha
PT,Portugal,Portugal,9701-852,Angra do Heroísmo,Azores,23,Angra do Heroísmo,4301,Angra Do Heroísmo,,38.65,-27.2167,4,angra-do-heroismo
PT,Portugal,Portugal,9701-853,Angra do Heroísmo,Azores,23,Angra do Heroísmo,4301,Angra Do Heroísmo,,38.65,-27.2167,4,angra-do-heroismo
PT,Portugal,Portugal,9701-854,Angra do Heroísmo,Azores,23,Angra do Heroísmo,4301,Angra Do Heroísmo,,38.65,-27.2167,4,angra-do-heroismo
PT,Portugal,Portugal,9701-855,Angra do Heroísmo,Azores,23,Angra do Heroísmo,4301,Angra Do Heroísmo,,38.65,-27.2167,4,angra-do-heroismo
PT,Portugal,Portugal,9701-856,Angra do Heroísmo,Azores,23,Angra do Heroísmo,4301,Angra Do Heroísmo,,38.65,-27.2167,4,angra-do-heroismo
PT,Portugal,Portugal,9701-857,Angra do Heroísmo,Azores,23,Angra do Heroísmo,4301,Angra Do Heroísmo,,38.65,-27.2167,4,angra-do-heroismo
PT,Portugal,Portugal,9701-858,Angra do Heroísmo,Azores,23,Angra do Heroísmo,4301,Angra Do Heroísmo,,38.65,-27.2167,4,angra-do-heroismo
PT,Portugal,Portugal,9701-859,Angra do Heroísmo,Azores,23,Angra do Heroísmo,4301,Angra Do Heroísmo,,38.65,-27.2167,4,angra-do-heroismo
PT,Portugal,Portugal,9701-860,Angra do Heroísmo,Azores,23,Angra do Heroísmo,4301,Angra Do Heroísmo,,38.65,-27.2167,4,angra-do-heroismo
PT,Portugal,Portugal,9701-861,Angra do Heroísmo,Azores,23,Angra do Heroísmo,4301,Angra Do Heroísmo,,38.65,-27.2167,4,angra-do-heroismo
PT,Portugal,Portugal,9701-862,Angra do Heroísmo,Azores,23,Angra do Heroísmo,4301,Angra Do Heroísmo,,38.65,-27.2167,4,angra-do-heroismo
PT,Portugal,Portugal,9701-863,Angra do Heroísmo,Azores,23,Angra do Heroísmo,4301,Angra Do Heroísmo,,38.65,-27.2167,4,angra-do-heroismo
PT,Portugal,Portugal,9701-864,Angra do Heroísmo,Azores,23,Angra do Heroísmo,4301,Angra Do Heroísmo,,38.65,-27.2167,4,angra-do-heroismo
PT,Portugal,Portugal,9701-865,Angra do Heroísmo,Azores,23,Angra do Heroísmo,4301,Angra Do Heroísmo,,38.65,-27.2167,4,angra-do-heroismo
PT,Portugal,Portugal,9701-866,Angra do Heroísmo,Azores,23,Angra do Heroísmo,4301,Angra Do Heroísmo,,38.65,-27.2167,4,angra-do-heroismo
PT,Portugal,Portugal,9701-867,Angra do Heroísmo,Azores,23,Angra do Heroísmo,4301,Angra Do Heroísmo,,38.65,-27.2167,4,angra-do-heroismo
PT,Portugal,Portugal,9701-868,Angra do Heroísmo,Azores,23,Angra do Heroísmo,4301,Angra Do Heroísmo,,38.65,-27.2167,4,angra-do-heroismo
PT,Portugal,Portugal,9701-869,Angra do Heroísmo,Azores,23,Angra do Heroísmo,4301,Angra Do Heroísmo,,38.65,-27.2167,4,angra-do-heroismo
PT,Portugal,Portugal,9701-870,Angra do Heroísmo,Azores,23,Angra do Heroísmo,4301,Angra Do Heroísmo,,38.65,-27.2167,4,angra-do-heroismo
PT,Portugal,Portugal,9701-871,Angra do Heroísmo,Azores,23,Angra do Heroísmo,4301,Angra Do Heroísmo,,38.65,-27.2167,4,angra-do-heroismo
PT,Portugal,Portugal,9701-872,Angra do Heroísmo,Azores,23,Angra do Heroísmo,4301,Angra Do Heroísmo,,38.65,-27.2167,4,angra-do-heroismo
PT,Portugal,Portugal,9701-873,Angra do Heroísmo,Azores,23,Angra do Heroísmo,4301,Angra Do Heroísmo,,38.65,-27.2167,4,angra-do-heroismo
PT,Portugal,Portugal,9701-874,Angra do Heroísmo,Azores,23,Angra do Heroísmo,4301,Angra Do Heroísmo,,38.65,-27.2167,4,angra-do-heroismo
PT,Portugal,Portugal,9701-875,Angra do Heroísmo,Azores,23,Angra do Heroísmo,4301,Angra Do Heroísmo,,38.65,-27.2167,4,angra-do-heroismo
PT,Portugal,Portugal,9701-876,Angra do Heroísmo,Azores,23,Angra do Heroísmo,4301,Angra Do Heroísmo,,38.65,-27.2167,4,angra-do-heroismo
PT,Portugal,Portugal,9701-877,Angra do Heroísmo,Azores,23,Angra do Heroísmo,4301,Angra Do Heroísmo,,38.65,-27.2167,4,angra-do-heroismo
PT,Portugal,Portugal,9701-878,Angra do Heroísmo,Azores,23,Angra do Heroísmo,4301,Angra Do Heroísmo,,38.65,-27.2167,4,angra-do-heroismo
PT,Portugal,Portugal,9701-880,Angra do Heroísmo,Azores,23,Angra do Heroísmo,4301,Angra Do Heroísmo,,38.65,-27.2167,4,angra-do-heroismo
PT,Portugal,Portugal,9760-000,Praia da Vitória,Azores,23,Vila da Praia da Vitória,4302,Praia Da Vitória,,38.7333,-27.0667,4,praia-da-vitoria
PT,Portugal,Portugal,9760-011,Agualva,Azores,23,Vila da Praia da Vitória,4302,Agualva,430201,38.7667,-27.1833,4,agualva
PT,Portugal,Portugal,9760-012,Agualva,Azores,23,Vila da Praia da Vitória,4302,Agualva,430201,38.7667,-27.1833,4,agualva
PT,Portugal,Portugal,9760-014,Agualva,Azores,23,Vila da Praia da Vitória,4302,Agualva,430201,38.7667,-27.1833,4,agualva
PT,Portugal,Portugal,9760-015,Agualva,Azores,23,Vila da Praia da Vitória,4302,Agualva,430201,38.7667,-27.1833,4,agualva
PT,Portugal,Portugal,9760-016,Agualva,Azores,23,Vila da Praia da Vitória,4302,Agualva,430201,38.7667,-27.1833,4,agualva
PT,Portugal,Portugal,9760-017,Agualva,Azores,23,Vila da Praia da Vitória,4302,Agualva,430201,38.7667,-27.1833,4,agualva
PT,Portugal,Portugal,9760-018,Agualva,Azores,23,Vila da Praia da Vitória,4302,Agualva,430201,38.7667,-27.1833,4,agualva
PT,Portugal,Portugal,9760-019,Agualva,Azores,23,Vila da Praia da Vitória,4302,Agualva,430201,38.7667,-27.1833,4,agualva
PT,Portugal,Portugal,9760-020,Agualva,Azores,23,Vila da Praia da Vitória,4302,Agualva,430201,38.7667,-27.1833,4,agualva
PT,Portugal,Portugal,9760-021,Agualva,Azores,23,Vila da Praia da Vitória,4302,Agualva,430201,38.7667,-27.1833,4,agualva
PT,Portugal,Portugal,9760-023,Agualva,Azores,23,Vila da Praia da Vitória,4302,Agualva,430201,38.7667,-27.1833,4,agualva
PT,Portugal,Portugal,9760-024,Agualva,Azores,23,Vila da Praia da Vitória,4302,Agualva,430201,38.7667,-27.1833,4,agualva
PT,Portugal,Portugal,9760-025,Agualva,Azores,23,Vila da Praia da Vitória,4302,Agualva,430201,38.7667,-27.1833,4,agualva
PT,Portugal,Portugal,9760-026,Agualva,Azores,23,Vila da Praia da Vitória,4302,Agualva,430201,38.7667,-27.1833,4,agualva
PT,Portugal,Portugal,9760-027,Agualva,Azores,23,Vila da Praia da Vitória,4302,Agualva,430201,38.7667,-27.1833,4,agualva
PT,Portugal,Portugal,9760-028,Agualva,Azores,23,Vila da Praia da Vitória,4302,Agualva,430201,38.7667,-27.1833,4,agualva
PT,Portugal,Portugal,9760-029,São Brás,Azores,23,Vila da Praia da Vitória,4302,São Brás Vpv,,38.7667,-27.1333,4,sao-bras
PT,Portugal,Portugal,9760-030,Agualva,Azores,23,Vila da Praia da Vitória,4302,Agualva,430201,38.7667,-27.1833,4,agualva
PT,Portugal,Portugal,9760-031,Agualva,Azores,23,Vila da Praia da Vitória,4302,Agualva,430201,38.7667,-27.1833,4,agualva
PT,Portugal,Portugal,9760-032,Agualva,Azores,23,Vila da Praia da Vitória,4302,Agualva,430201,38.7667,-27.1833,4,agualva
PT,Portugal,Portugal,9760-033,Agualva,Azores,23,Vila da Praia da Vitória,4302,Agualva,430201,38.7667,-27.1833,4,agualva
PT,Portugal,Portugal,9760-034,Agualva,Azores,23,Vila da Praia da Vitória,4302,Agualva,430201,38.7667,-27.1833,4,agualva
PT,Portugal,Portugal,9760-035,Agualva,Azores,23,Vila da Praia da Vitória,4302,Agualva,430201,38.7667,-27.1833,4,agualva
PT,Portugal,Portugal,9760-036,Agualva,Azores,23,Vila da Praia da Vitória,4302,Agualva,430201,38.7667,-27.1833,4,agualva
PT,Portugal,Portugal,9760-038,Agualva,Azores,23,Vila da Praia da Vitória,4302,Agualva,430201,38.7667,-27.1833,4,agualva
PT,Portugal,Portugal,9760-039,Agualva,Azores,23,Vila da Praia da Vitória,4302,Agualva,430201,38.7667,-27.1833,4,agualva
PT,Portugal,Portugal,9760-040,Agualva,Azores,23,Vila da Praia da Vitória,4302,Agualva,430201,38.7667,-27.1833,4,agualva
PT,Portugal,Portugal,9760-041,Agualva,Azores,23,Vila da Praia da Vitória,4302,Agualva,430201,38.7667,-27.1833,4,agualva
PT,Portugal,Portugal,9760-042,Agualva,Azores,23,Vila da Praia da Vitória,4302,Agualva,430201,38.7667,-27.1833,4,agualva
PT,Portugal,Portugal,9760-043,Agualva,Azores,23,Vila da Praia da Vitória,4302,Agualva,430201,38.7667,-27.1833,4,agualva
PT,Portugal,Portugal,9760-051,Biscoitos,Azores,23,Vila da Praia da Vitória,4302,Biscoitos,430202,38.7833,-27.25,4,biscoitos
PT,Portugal,Portugal,9760-053,Biscoitos,Azores,23,Vila da Praia da Vitória,4302,Biscoitos,430202,38.7833,-27.25,4,biscoitos
PT,Portugal,Portugal,9760-054,Biscoitos,Azores,23,Vila da Praia da Vitória,4302,Biscoitos,430202,38.7833,-27.25,4,biscoitos
PT,Portugal,Portugal,9760-059,Biscoitos,Azores,23,Vila da Praia da Vitória,4302,Biscoitos,430202,38.7833,-27.25,4,biscoitos
PT,Portugal,Portugal,9760-060,Biscoitos,Azores,23,Vila da Praia da Vitória,4302,Biscoitos,430202,38.7833,-27.25,4,biscoitos
PT,Portugal,Portugal,9760-066,Biscoitos,Azores,23,Vila da Praia da Vitória,4302,Biscoitos,430202,38.7833,-27.25,4,biscoitos
PT,Portugal,Portugal,9760-067,Biscoitos,Azores,23,Vila da Praia da Vitória,4302,Biscoitos,430202,38.7833,-27.25,4,biscoitos
PT,Portugal,Portugal,9760-068,Biscoitos,Azores,23,Vila da Praia da Vitória,4302,Biscoitos,430202,38.7833,-27.25,4,biscoitos
PT,Portugal,Portugal,9760-069,Biscoitos,Azores,23,Vila da Praia da Vitória,4302,Biscoitos,430202,38.7833,-27.25,4,biscoitos
PT,Portugal,Portugal,9760-070,Biscoitos,Azores,23,Vila da Praia da Vitória,4302,Biscoitos,430202,38.7833,-27.25,4,biscoitos
PT,Portugal,Portugal,9760-090,Porto Martins,Azores,23,Vila da Praia da Vitória,4302,Porto Martins,430211,38.6833,-27.0667,4,porto-martins
PT,Portugal,Portugal,9760-091,Porto Martins,Azores,23,Vila da Praia da Vitória,4302,Porto Martins,430211,38.6833,-27.0667,4,porto-martins
PT,Portugal,Portugal,9760-092,Porto Martins,Azores,23,Vila da Praia da Vitória,4302,Porto Martins,430211,38.6833,-27.0667,4,porto-martins
PT,Portugal,Portugal,9760-093,Porto Martins,Azores,23,Vila da Praia da Vitória,4302,Porto Martins,430211,38.6833,-27.0667,4,porto-martins
PT,Portugal,Portugal,9760-095,Porto Martins,Azores,23,Vila da Praia da Vitória,4302,Porto Martins,430211,38.6833,-27.0667,4,porto-martins
PT,Portugal,Portugal,9760-097,Porto Martins,Azores,23,Vila da Praia da Vitória,4302,Porto Martins,430211,38.6833,-27.0667,4,porto-martins
PT,Portugal,Portugal,9760-098,Porto Martins,Azores,23,Vila da Praia da Vitória,4302,Porto Martins,430211,38.6833,-27.0667,4,porto-martins
PT,Portugal,Portugal,9760-099,Porto Martins,Azores,23,Vila da Praia da Vitória,4302,Porto Martins,430211,38.6833,-27.0667,4,porto-martins
PT,Portugal,Portugal,9760-100,Cabo da Praia,Azores,23,Vila da Praia da Vitória,4302,Cabo Da Praia,430203,38.7,-27.0667,4,cabo-da-praia
PT,Portugal,Portugal,9760-101,Cabo da Praia,Azores,23,Vila da Praia da Vitória,4302,Cabo Da Praia,430203,38.7,-27.0667,4,cabo-da-praia
PT,Portugal,Portugal,9760-102,Cabo da Praia,Azores,23,Vila da Praia da Vitória,4302,Cabo Da Praia,430203,38.7,-27.0667,4,cabo-da-praia
PT,Portugal,Portugal,9760-104,Cabo da Praia,Azores,23,Vila da Praia da Vitória,4302,Cabo Da Praia,430203,38.7,-27.0667,4,cabo-da-praia
PT,Portugal,Portugal,9760-107,Cabo da Praia,Azores,23,Vila da Praia da Vitória,4302,Cabo Da Praia,430203,38.7,-27.0667,4,cabo-da-praia
PT,Portugal,Portugal,9760-109,Porto Martins,Azores,23,Vila da Praia da Vitória,4302,Porto Martins,430211,38.6833,-27.0667,4,porto-martins
PT,Portugal,Portugal,9760-110,Cabo da Praia,Azores,23,Vila da Praia da Vitória,4302,Cabo Da Praia,430203,38.7,-27.0667,4,cabo-da-praia
PT,Portugal,Portugal,9760-111,Fonte do Bastardo,Azores,23,Vila da Praia da Vitória,4302,Fonte Do Bastardo,430204,38.6833,-27.0833,4,fonte-do-bastardo
PT,Portugal,Portugal,9760-114,Cabo da Praia,Azores,23,Vila da Praia da Vitória,4302,Cabo Da Praia,430203,38.7,-27.0667,4,cabo-da-praia
PT,Portugal,Portugal,9760-116,Cabo da Praia,Azores,23,Vila da Praia da Vitória,4302,Cabo Da Praia,430203,38.7,-27.0667,4,cabo-da-praia
PT,Portugal,Portugal,9760-117,Cabo da Praia,Azores,23,Vila da Praia da Vitória,4302,Cabo Da Praia,430203,38.7,-27.0667,4,cabo-da-praia
PT,Portugal,Portugal,9760-118,Cabo da Praia,Azores,23,Vila da Praia da Vitória,4302,Cabo Da Praia,430203,38.7,-27.0667,4,cabo-da-praia
PT,Portugal,Portugal,9760-121,Cabo da Praia,Azores,23,Vila da Praia da Vitória,4302,Cabo Da Praia,430203,38.7,-27.0667,4,cabo-da-praia
PT,Portugal,Portugal,9760-122,Cabo da Praia,Azores,23,Vila da Praia da Vitória,4302,Cabo Da Praia,430203,38.7,-27.0667,4,cabo-da-praia
PT,Portugal,Portugal,9760-123,Porto Martins,Azores,23,Vila da Praia da Vitória,4302,Porto Martins,430211,38.6833,-27.0667,4,porto-martins
PT,Portugal,Portugal,9760-125,Cabo da Praia,Azores,23,Vila da Praia da Vitória,4302,Cabo Da Praia,430203,38.7,-27.0667,4,cabo-da-praia
PT,Portugal,Portugal,9760-126,Cabo da Praia,Azores,23,Vila da Praia da Vitória,4302,Cabo Da Praia,430203,38.7,-27.0667,4,cabo-da-praia
PT,Portugal,Portugal,9760-128,Cabo da Praia,Azores,23,Vila da Praia da Vitória,4302,Cabo Da Praia,430203,38.7,-27.0667,4,cabo-da-praia
PT,Portugal,Portugal,9760-129,Porto Martins,Azores,23,Vila da Praia da Vitória,4302,Porto Martins,430211,38.6833,-27.0667,4,porto-martins
PT,Portugal,Portugal,9760-130,Fonte do Bastardo,Azores,23,Vila da Praia da Vitória,4302,Fonte Do Bastardo,430204,38.6833,-27.0833,4,fonte-do-bastardo
PT,Portugal,Portugal,9760-131,Cabo da Praia,Azores,23,Vila da Praia da Vitória,4302,Cabo Da Praia,430203,38.7,-27.0667,4,cabo-da-praia
PT,Portugal,Portugal,9760-132,Porto Martins,Azores,23,Vila da Praia da Vitória,4302,Porto Martins,430211,38.6833,-27.0667,4,porto-martins
PT,Portugal,Portugal,9760-133,Porto Martins,Azores,23,Vila da Praia da Vitória,4302,Porto Martins,430211,38.6833,-27.0667,4,porto-martins
PT,Portugal,Portugal,9760-134,Porto Martins,Azores,23,Vila da Praia da Vitória,4302,Porto Martins,430211,38.6833,-27.0667,4,porto-martins
PT,Portugal,Portugal,9760-140,Porto Martins,Azores,23,Vila da Praia da Vitória,4302,Porto Martins,430211,38.6833,-27.0667,4,porto-martins
PT,Portugal,Portugal,9760-141,Porto Martins,Azores,23,Vila da Praia da Vitória,4302,Porto Martins,430211,38.6833,-27.0667,4,porto-martins
PT,Portugal,Portugal,9760-142,Porto Martins,Azores,23,Vila da Praia da Vitória,4302,Porto Martins,430211,38.6833,-27.0667,4,porto-martins
PT,Portugal,Portugal,9760-172,Fonte do Bastardo,Azores,23,Vila da Praia da Vitória,4302,Fonte Do Bastardo,430204,38.6833,-27.0833,4,fonte-do-bastardo
PT,Portugal,Portugal,9760-173,Fonte do Bastardo,Azores,23,Vila da Praia da Vitória,4302,Fonte Do Bastardo,430204,38.6833,-27.0833,4,fonte-do-bastardo
PT,Portugal,Portugal,9760-174,Fonte do Bastardo,Azores,23,Vila da Praia da Vitória,4302,Fonte Do Bastardo,430204,38.6833,-27.0833,4,fonte-do-bastardo
PT,Portugal,Portugal,9760-176,Fonte do Bastardo,Azores,23,Vila da Praia da Vitória,4302,Fonte Do Bastardo,430204,38.6833,-27.0833,4,fonte-do-bastardo
PT,Portugal,Portugal,9760-179,Fonte do Bastardo,Azores,23,Vila da Praia da Vitória,4302,Fonte Do Bastardo,430204,38.6833,-27.0833,4,fonte-do-bastardo
PT,Portugal,Portugal,9760-180,Fonte do Bastardo,Azores,23,Vila da Praia da Vitória,4302,Fonte Do Bastardo,430204,38.6833,-27.0833,4,fonte-do-bastardo
PT,Portugal,Portugal,9760-181,Fonte do Bastardo,Azores,23,Vila da Praia da Vitória,4302,Fonte Do Bastardo,430204,38.6833,-27.0833,4,fonte-do-bastardo
PT,Portugal,Portugal,9760-182,Fonte do Bastardo,Azores,23,Vila da Praia da Vitória,4302,Fonte Do Bastardo,430204,38.6833,-27.0833,4,fonte-do-bastardo
PT,Portugal,Portugal,9760-184,Fonte do Bastardo,Azores,23,Vila da Praia da Vitória,4302,Fonte Do Bastardo,430204,38.6833,-27.0833,4,fonte-do-bastardo
PT,Portugal,Portugal,9760-185,Fonte do Bastardo,Azores,23,Vila da Praia da Vitória,4302,Fonte Do Bastardo,430204,38.6833,-27.0833,4,fonte-do-bastardo
PT,Portugal,Portugal,9760-186,Fonte do Bastardo,Azores,23,Vila da Praia da Vitória,4302,Fonte Do Bastardo,430204,38.6833,-27.0833,4,fonte-do-bastardo
PT,Portugal,Portugal,9760-193,Fonte do Bastardo,Azores,23,Vila da Praia da Vitória,4302,Fonte Do Bastardo,430204,38.6833,-27.0833,4,fonte-do-bastardo
PT,Portugal,Portugal,9760-194,Fonte do Bastardo,Azores,23,Vila da Praia da Vitória,4302,Fonte Do Bastardo,430204,38.6833,-27.0833,4,fonte-do-bastardo
PT,Portugal,Portugal,9760-199,Fonte do Bastardo,Azores,23,Vila da Praia da Vitória,4302,Fonte Do Bastardo,430204,38.6833,-27.0833,4,fonte-do-bastardo
PT,Portugal,Portugal,9760-200,Fonte do Bastardo,Azores,23,Vila da Praia da Vitória,4302,Fonte Do Bastardo,430204,38.6833,-27.0833,4,fonte-do-bastardo
PT,Portugal,Portugal,9760-201,Fonte do Bastardo,Azores,23,Vila da Praia da Vitória,4302,Fonte Do Bastardo,430204,38.6833,-27.0833,4,fonte-do-bastardo
PT,Portugal,Portugal,9760-202,Fonte do Bastardo,Azores,23,Vila da Praia da Vitória,4302,Fonte Do Bastardo,430204,38.6833,-27.0833,4,fonte-do-bastardo
PT,Portugal,Portugal,9760-203,Fonte do Bastardo,Azores,23,Vila da Praia da Vitória,4302,Fonte Do Bastardo,430204,38.6833,-27.0833,4,fonte-do-bastardo
PT,Portugal,Portugal,9760-204,Fonte do Bastardo,Azores,23,Vila da Praia da Vitória,4302,Fonte Do Bastardo,430204,38.6833,-27.0833,4,fonte-do-bastardo
PT,Portugal,Portugal,9760-211,Fontinhas,Azores,23,Vila da Praia da Vitória,4302,Fontinhas,430205,38.7333,-27.1,4,fontinhas
PT,Portugal,Portugal,9760-212,Fontinhas,Azores,23,Vila da Praia da Vitória,4302,Fontinhas,430205,38.7333,-27.1,4,fontinhas
PT,Portugal,Portugal,9760-214,Fontinhas,Azores,23,Vila da Praia da Vitória,4302,Fontinhas,430205,38.7333,-27.1,4,fontinhas
PT,Portugal,Portugal,9760-215,Fontinhas,Azores,23,Vila da Praia da Vitória,4302,Fontinhas,430205,38.7333,-27.1,4,fontinhas
PT,Portugal,Portugal,9760-217,Fontinhas,Azores,23,Vila da Praia da Vitória,4302,Fontinhas,430205,38.7333,-27.1,4,fontinhas
PT,Portugal,Portugal,9760-218,Fontinhas,Azores,23,Vila da Praia da Vitória,4302,Fontinhas,430205,38.7333,-27.1,4,fontinhas
PT,Portugal,Portugal,9760-219,Fontinhas,Azores,23,Vila da Praia da Vitória,4302,Fontinhas,430205,38.7333,-27.1,4,fontinhas
PT,Portugal,Portugal,9760-251,Aeroporto das Lajes,Azores,23,Vila da Praia da Vitória,4302,Lajes Vpv,,38.7635,-27.1034,1,aeroporto-das-lajes
PT,Portugal,Portugal,9760-252,Lajes,Azores,23,Vila da Praia da Vitória,4302,Lajes Vpv,,38.7635,-27.1034,4,lajes
PT,Portugal,Portugal,9760-253,Lajes,Azores,23,Vila da Praia da Vitória,4302,Lajes Vpv,,38.7635,-27.1034,4,lajes
PT,Portugal,Portugal,9760-254,Lajes,Azores,23,Vila da Praia da Vitória,4302,Lajes Vpv,,38.7635,-27.1034,4,lajes
PT,Portugal,Portugal,9760-255,Lajes,Azores,23,Vila da Praia da Vitória,4302,Lajes Vpv,,38.7635,-27.1034,4,lajes
PT,Portugal,Portugal,9760-256,Lajes,Azores,23,Vila da Praia da Vitória,4302,Lajes Vpv,,38.7635,-27.1034,4,lajes
PT,Portugal,Portugal,9760-257,Lajes,Azores,23,Vila da Praia da Vitória,4302,Lajes Vpv,,38.7635,-27.1034,4,lajes
PT,Portugal,Portugal,9760-258,Lajes,Azores,23,Vila da Praia da Vitória,4302,Lajes Vpv,,38.7635,-27.1034,4,lajes
PT,Portugal,Portugal,9760-260,Lajes,Azores,23,Vila da Praia da Vitória,4302,Lajes Vpv,,38.7635,-27.1034,4,lajes
PT,Portugal,Portugal,9760-261,Lajes,Azores,23,Vila da Praia da Vitória,4302,Lajes Vpv,,38.7635,-27.1034,4,lajes
PT,Portugal,Portugal,9760-262,Lajes,Azores,23,Vila da Praia da Vitória,4302,Lajes Vpv,,38.7635,-27.1034,4,lajes
PT,Portugal,Portugal,9760-263,Lajes,Azores,23,Vila da Praia da Vitória,4302,Lajes Vpv,,38.7635,-27.1034,4,lajes
PT,Portugal,Portugal,9760-264,Lajes,Azores,23,Vila da Praia da Vitória,4302,Lajes Vpv,,38.7635,-27.1034,4,lajes
PT,Portugal,Portugal,9760-265,Lajes,Azores,23,Vila da Praia da Vitória,4302,Lajes Vpv,,38.7635,-27.1034,4,lajes
PT,Portugal,Portugal,9760-266,Lajes,Azores,23,Vila da Praia da Vitória,4302,Lajes Vpv,,38.7635,-27.1034,4,lajes
PT,Portugal,Portugal,9760-267,Lajes,Azores,23,Vila da Praia da Vitória,4302,Lajes Vpv,,38.7635,-27.1034,4,lajes
PT,Portugal,Portugal,9760-268,Lajes,Azores,23,Vila da Praia da Vitória,4302,Lajes Vpv,,38.7635,-27.1034,4,lajes
PT,Portugal,Portugal,9760-269,São Brás,Azores,23,Vila da Praia da Vitória,4302,São Brás Vpv,,38.7667,-27.1333,4,sao-bras
PT,Portugal,Portugal,9760-270,Lajes,Azores,23,Vila da Praia da Vitória,4302,Lajes Vpv,,38.7635,-27.1034,4,lajes
PT,Portugal,Portugal,9760-271,Lajes,Azores,23,Vila da Praia da Vitória,4302,Lajes Vpv,,38.7635,-27.1034,4,lajes
PT,Portugal,Portugal,9760-272,Lajes,Azores,23,Vila da Praia da Vitória,4302,Lajes Vpv,,38.7635,-27.1034,4,lajes
PT,Portugal,Portugal,9760-273,Lajes,Azores,23,Vila da Praia da Vitória,4302,Lajes Vpv,,38.7635,-27.1034,4,lajes
PT,Portugal,Portugal,9760-274,Lajes,Azores,23,Vila da Praia da Vitória,4302,Lajes Vpv,,38.7635,-27.1034,4,lajes
PT,Portugal,Portugal,9760-275,Lajes,Azores,23,Vila da Praia da Vitória,4302,Lajes Vpv,,38.7635,-27.1034,4,lajes
PT,Portugal,Portugal,9760-276,Lajes,Azores,23,Vila da Praia da Vitória,4302,Lajes Vpv,,38.7635,-27.1034,4,lajes
PT,Portugal,Portugal,9760-277,Lajes,Azores,23,Vila da Praia da Vitória,4302,Lajes Vpv,,38.7635,-27.1034,4,lajes
PT,Portugal,Portugal,9760-278,Lajes,Azores,23,Vila da Praia da Vitória,4302,Lajes Vpv,,38.7635,-27.1034,4,lajes
PT,Portugal,Portugal,9760-279,Lajes,Azores,23,Vila da Praia da Vitória,4302,Lajes Vpv,,38.7635,-27.1034,4,lajes
PT,Portugal,Portugal,9760-280,Lajes,Azores,23,Vila da Praia da Vitória,4302,Lajes Vpv,,38.7635,-27.1034,4,lajes
PT,Portugal,Portugal,9760-281,Lajes,Azores,23,Vila da Praia da Vitória,4302,Lajes Vpv,,38.7635,-27.1034,4,lajes
PT,Portugal,Portugal,9760-282,Lajes,Azores,23,Vila da Praia da Vitória,4302,Lajes Vpv,,38.7635,-27.1034,4,lajes
PT,Portugal,Portugal,9760-283,Lajes,Azores,23,Vila da Praia da Vitória,4302,Lajes Vpv,,38.7635,-27.1034,4,lajes
PT,Portugal,Portugal,9760-284,Lajes,Azores,23,Vila da Praia da Vitória,4302,Lajes Vpv,,38.7635,-27.1034,4,lajes
PT,Portugal,Portugal,9760-285,Lajes,Azores,23,Vila da Praia da Vitória,4302,Lajes Vpv,,38.7635,-27.1034,4,lajes
PT,Portugal,Portugal,9760-288,Lajes,Azores,23,Vila da Praia da Vitória,4302,Lajes Vpv,,38.7635,-27.1034,4,lajes
PT,Portugal,Portugal,9760-289,Lajes,Azores,23,Vila da Praia da Vitória,4302,Lajes Vpv,,38.7635,-27.1034,4,lajes
PT,Portugal,Portugal,9760-290,Lajes,Azores,23,Vila da Praia da Vitória,4302,Lajes Vpv,,38.7635,-27.1034,4,lajes
PT,Portugal,Portugal,9760-292,Lajes,Azores,23,Vila da Praia da Vitória,4302,Lajes Vpv,,38.7635,-27.1034,4,lajes
PT,Portugal,Portugal,9760-294,Lajes,Azores,23,Vila da Praia da Vitória,4302,Lajes Vpv,,38.7635,-27.1034,4,lajes
PT,Portugal,Portugal,9760-295,Lajes,Azores,23,Vila da Praia da Vitória,4302,Lajes Vpv,,38.7635,-27.1034,4,lajes
PT,Portugal,Portugal,9760-296,Lajes,Azores,23,Vila da Praia da Vitória,4302,Lajes Vpv,,38.7635,-27.1034,4,lajes
PT,Portugal,Portugal,9760-297,Lajes,Azores,23,Vila da Praia da Vitória,4302,Lajes Vpv,,38.7635,-27.1034,4,lajes
PT,Portugal,Portugal,9760-298,Lajes,Azores,23,Vila da Praia da Vitória,4302,Lajes Vpv,,38.7635,-27.1034,4,lajes
PT,Portugal,Portugal,9760-299,Lajes,Azores,23,Vila da Praia da Vitória,4302,Lajes Vpv,,38.7635,-27.1034,4,lajes
PT,Portugal,Portugal,9760-300,Lajes,Azores,23,Vila da Praia da Vitória,4302,Lajes Vpv,,38.7635,-27.1034,4,lajes
PT,Portugal,Portugal,9760-302,Remédios,Azores,23,Vila da Praia da Vitória,4302,Lajes Vpv,,38.6833,-27.0667,4,remedios
PT,Portugal,Portugal,9760-303,Lajes,Azores,23,Vila da Praia da Vitória,4302,Lajes Vpv,,38.7635,-27.1034,4,lajes
PT,Portugal,Portugal,9760-304,Lajes,Azores,23,Vila da Praia da Vitória,4302,Lajes Vpv,,38.7635,-27.1034,4,lajes
PT,Portugal,Portugal,9760-305,Lajes,Azores,23,Vila da Praia da Vitória,4302,Lajes Vpv,,38.7635,-27.1034,4,lajes
PT,Portugal,Portugal,9760-306,Lajes,Azores,23,Vila da Praia da Vitória,4302,Lajes Vpv,,38.7635,-27.1034,4,lajes
PT,Portugal,Portugal,9760-307,Lajes,Azores,23,Vila da Praia da Vitória,4302,Lajes Vpv,,38.7635,-27.1034,4,lajes
PT,Portugal,Portugal,9760-308,Lajes,Azores,23,Vila da Praia da Vitória,4302,Lajes Vpv,,38.7635,-27.1034,4,lajes
PT,Portugal,Portugal,9760-309,Lajes,Azores,23,Vila da Praia da Vitória,4302,Lajes Vpv,,38.7635,-27.1034,4,lajes
PT,Portugal,Portugal,9760-310,Lajes,Azores,23,Vila da Praia da Vitória,4302,Lajes Vpv,,38.7635,-27.1034,4,lajes
PT,Portugal,Portugal,9760-311,Lajes,Azores,23,Vila da Praia da Vitória,4302,Lajes Vpv,,38.7635,-27.1034,4,lajes
PT,Portugal,Portugal,9760-312,Lajes,Azores,23,Vila da Praia da Vitória,4302,Lajes Vpv,,38.7635,-27.1034,4,lajes
PT,Portugal,Portugal,9760-313,Lajes,Azores,23,Vila da Praia da Vitória,4302,Lajes Vpv,,38.7635,-27.1034,4,lajes
PT,Portugal,Portugal,9760-314,Lajes,Azores,23,Vila da Praia da Vitória,4302,Lajes Vpv,,38.7635,-27.1034,4,lajes
PT,Portugal,Portugal,9760-314,Cruzeiro,Azores,23,Vila da Praia da Vitória,4302,Lajes Vpv,,38.7635,-27.1034,3,cruzeiro
PT,Portugal,Portugal,9760-315,Lajes,Azores,23,Vila da Praia da Vitória,4302,Lajes Vpv,,38.7635,-27.1034,4,lajes
PT,Portugal,Portugal,9760-316,Poço do Capim,Azores,23,Vila da Praia da Vitória,4302,Lajes Vpv,,38.7635,-27.1034,1,poco-do-capim
PT,Portugal,Portugal,9760-317,Lajes,Azores,23,Vila da Praia da Vitória,4302,Lajes Vpv,,38.7635,-27.1034,4,lajes
PT,Portugal,Portugal,9760-318,Presa do Caetano,Azores,23,Vila da Praia da Vitória,4302,Lajes Vpv,,38.7635,-27.1034,1,presa-do-caetano
PT,Portugal,Portugal,9760-319,Ribeira dos Pães,Azores,23,Vila da Praia da Vitória,4302,Lajes Vpv,,38.7635,-27.1034,1,ribeira-dos-paes
PT,Portugal,Portugal,9760-321,Serra de Santiago,Azores,23,Vila da Praia da Vitória,4302,Lajes Vpv,,38.7635,-27.1034,1,serra-de-santiago
PT,Portugal,Portugal,9760-322,Ribeira da Areia,Azores,23,Vila da Praia da Vitória,4302,Lajes Vpv,,38.7635,-27.1034,1,ribeira-da-areia
PT,Portugal,Portugal,9760-323,Lajes,Azores,23,Vila da Praia da Vitória,4302,Lajes Vpv,,38.7635,-27.1034,4,lajes
PT,Portugal,Portugal,9760-324,Lajes,Azores,23,Vila da Praia da Vitória,4302,Lajes Vpv,,38.7635,-27.1034,4,lajes
PT,Portugal,Portugal,9760-326,Lajes,Azores,23,Vila da Praia da Vitória,4302,Lajes Vpv,,38.7635,-27.1034,4,lajes
PT,Portugal,Portugal,9760-327,Lajes,Azores,23,Vila da Praia da Vitória,4302,Lajes Vpv,,38.7635,-27.1034,4,lajes
PT,Portugal,Portugal,9760-328,Lajes,Azores,23,Vila da Praia da Vitória,4302,Lajes Vpv,,38.7635,-27.1034,4,lajes
PT,Portugal,Portugal,9760-351,Quatro Ribeiras,Azores,23,Vila da Praia da Vitória,4302,Quatro Ribeiras,430208,38.7833,-27.2333,4,quatro-ribeiras
PT,Portugal,Portugal,9760-353,Quatro Ribeiras,Azores,23,Vila da Praia da Vitória,4302,Quatro Ribeiras,430208,38.7833,-27.2333,4,quatro-ribeiras
PT,Portugal,Portugal,9760-357,Ribeira Seca,Azores,23,Vila da Praia da Vitória,4302,Quatro Ribeiras,430208,38.7735,-27.2203,4,ribeira-seca
PT,Portugal,Portugal,9760-358,Rossio,Azores,23,Vila da Praia da Vitória,4302,Quatro Ribeiras,430208,38.7833,-27.2333,3,rossio
PT,Portugal,Portugal,9760-358,Quatro Ribeiras,Azores,23,Vila da Praia da Vitória,4302,Quatro Ribeiras,430208,38.7833,-27.2333,4,quatro-ribeiras
PT,Portugal,Portugal,9760-400,Praia da Vitória,Azores,23,Vila da Praia da Vitória,4302,Praia Da Vitória,,38.7333,-27.0667,4,praia-da-vitoria
PT,Portugal,Portugal,9760-402,Praia da Vitória,Azores,23,Vila da Praia da Vitória,4302,Praia Da Vitória,,38.7333,-27.0667,4,praia-da-vitoria
PT,Portugal,Portugal,9760-403,Praia da Vitória,Azores,23,Vila da Praia da Vitória,4302,Praia Da Vitória,,38.7333,-27.0667,4,praia-da-vitoria
PT,Portugal,Portugal,9760-404,Praia da Vitória,Azores,23,Vila da Praia da Vitória,4302,Praia Da Vitória,,38.7333,-27.0667,4,praia-da-vitoria
PT,Portugal,Portugal,9760-405,Praia da Vitória,Azores,23,Vila da Praia da Vitória,4302,Praia Da Vitória,,38.7333,-27.0667,4,praia-da-vitoria
PT,Portugal,Portugal,9760-406,Praia da Vitória,Azores,23,Vila da Praia da Vitória,4302,Praia Da Vitória,,38.7333,-27.0667,4,praia-da-vitoria
PT,Portugal,Portugal,9760-408,Praia da Vitória,Azores,23,Vila da Praia da Vitória,4302,Praia Da Vitória,,38.7333,-27.0667,4,praia-da-vitoria
PT,Portugal,Portugal,9760-409,Praia da Vitória,Azores,23,Vila da Praia da Vitória,4302,Praia Da Vitória,,38.7333,-27.0667,4,praia-da-vitoria
PT,Portugal,Portugal,9760-410,Praia da Vitória,Azores,23,Vila da Praia da Vitória,4302,Praia Da Vitória,,38.7333,-27.0667,4,praia-da-vitoria
PT,Portugal,Portugal,9760-411,Praia da Vitória,Azores,23,Vila da Praia da Vitória,4302,Praia Da Vitória,,38.7333,-27.0667,4,praia-da-vitoria
PT,Portugal,Portugal,9760-412,Praia da Vitória,Azores,23,Vila da Praia da Vitória,4302,Praia Da Vitória,,38.7333,-27.0667,4,praia-da-vitoria
PT,Portugal,Portugal,9760-413,Praia da Vitória,Azores,23,Vila da Praia da Vitória,4302,Praia Da Vitória,,38.7333,-27.0667,4,praia-da-vitoria
PT,Portugal,Portugal,9760-415,Praia da Vitória,Azores,23,Vila da Praia da Vitória,4302,Praia Da Vitória,,38.7333,-27.0667,4,praia-da-vitoria
PT,Portugal,Portugal,9760-416,Praia da Vitória,Azores,23,Vila da Praia da Vitória,4302,Praia Da Vitória,,38.7333,-27.0667,4,praia-da-vitoria
PT,Portugal,Portugal,9760-417,Lajes,Azores,23,Vila da Praia da Vitória,4302,Lajes Vpv,,38.7635,-27.1034,4,lajes
PT,Portugal,Portugal,9760-418,Praia da Vitória,Azores,23,Vila da Praia da Vitória,4302,Praia Da Vitória,,38.7333,-27.0667,4,praia-da-vitoria
PT,Portugal,Portugal,9760-422,Praia da Vitória,Azores,23,Vila da Praia da Vitória,4302,Praia Da Vitória,,38.7333,-27.0667,4,praia-da-vitoria
PT,Portugal,Portugal,9760-423,Praia da Vitória,Azores,23,Vila da Praia da Vitória,4302,Praia Da Vitória,,38.7333,-27.0667,4,praia-da-vitoria
PT,Portugal,Portugal,9760-424,Praia da Vitória,Azores,23,Vila da Praia da Vitória,4302,Praia Da Vitória,,38.7333,-27.0667,4,praia-da-vitoria
PT,Portugal,Portugal,9760-427,Praia da Vitória,Azores,23,Vila da Praia da Vitória,4302,Praia Da Vitória,,38.7333,-27.0667,4,praia-da-vitoria
PT,Portugal,Portugal,9760-428,Praia da Vitória,Azores,23,Vila da Praia da Vitória,4302,Praia Da Vitória,,38.7333,-27.0667,4,praia-da-vitoria
PT,Portugal,Portugal,9760-429,Praia da Vitória,Azores,23,Vila da Praia da Vitória,4302,Praia Da Vitória,,38.7333,-27.0667,4,praia-da-vitoria
PT,Portugal,Portugal,9760-430,Praia da Vitória,Azores,23,Vila da Praia da Vitória,4302,Praia Da Vitória,,38.7333,-27.0667,4,praia-da-vitoria
PT,Portugal,Portugal,9760-431,Praia da Vitória,Azores,23,Vila da Praia da Vitória,4302,Praia Da Vitória,,38.7333,-27.0667,4,praia-da-vitoria
PT,Portugal,Portugal,9760-432,Praia da Vitória,Azores,23,Vila da Praia da Vitória,4302,Praia Da Vitória,,38.7333,-27.0667,4,praia-da-vitoria
PT,Portugal,Portugal,9760-435,Praia da Vitória,Azores,23,Vila da Praia da Vitória,4302,Praia Da Vitória,,38.7333,-27.0667,4,praia-da-vitoria
PT,Portugal,Portugal,9760-436,Praia da Vitória,Azores,23,Vila da Praia da Vitória,4302,Praia Da Vitória,,38.7333,-27.0667,4,praia-da-vitoria
PT,Portugal,Portugal,9760-437,Praia da Vitória,Azores,23,Vila da Praia da Vitória,4302,Praia Da Vitória,,38.7333,-27.0667,4,praia-da-vitoria
PT,Portugal,Portugal,9760-438,Praia da Vitória,Azores,23,Vila da Praia da Vitória,4302,Praia Da Vitória,,38.7333,-27.0667,4,praia-da-vitoria
PT,Portugal,Portugal,9760-439,Praia da Vitória,Azores,23,Vila da Praia da Vitória,4302,Praia Da Vitória,,38.7333,-27.0667,4,praia-da-vitoria
PT,Portugal,Portugal,9760-440,Praia da Vitória,Azores,23,Vila da Praia da Vitória,4302,Praia Da Vitória,,38.7333,-27.0667,4,praia-da-vitoria
PT,Portugal,Portugal,9760-441,Praia da Vitória,Azores,23,Vila da Praia da Vitória,4302,Praia Da Vitória,,38.7333,-27.0667,4,praia-da-vitoria
PT,Portugal,Portugal,9760-443,Praia da Vitória,Azores,23,Vila da Praia da Vitória,4302,Praia Da Vitória,,38.7333,-27.0667,4,praia-da-vitoria
PT,Portugal,Portugal,9760-444,Praia da Vitória,Azores,23,Vila da Praia da Vitória,4302,Praia Da Vitória,,38.7333,-27.0667,4,praia-da-vitoria
PT,Portugal,Portugal,9760-446,Praia da Vitória,Azores,23,Vila da Praia da Vitória,4302,Praia Da Vitória,,38.7333,-27.0667,4,praia-da-vitoria
PT,Portugal,Portugal,9760-448,Praia da Vitória,Azores,23,Vila da Praia da Vitória,4302,Praia Da Vitória,,38.7333,-27.0667,4,praia-da-vitoria
PT,Portugal,Portugal,9760-449,Praia da Vitória,Azores,23,Vila da Praia da Vitória,4302,Praia Da Vitória,,38.7333,-27.0667,4,praia-da-vitoria
PT,Portugal,Portugal,9760-450,Praia da Vitória,Azores,23,Vila da Praia da Vitória,4302,Praia Da Vitória,,38.7333,-27.0667,4,praia-da-vitoria
PT,Portugal,Portugal,9760-451,Praia da Vitória,Azores,23,Vila da Praia da Vitória,4302,Praia Da Vitória,,38.7333,-27.0667,4,praia-da-vitoria
PT,Portugal,Portugal,9760-452,Praia da Vitória,Azores,23,Vila da Praia da Vitória,4302,Praia Da Vitória,,38.7333,-27.0667,4,praia-da-vitoria
PT,Portugal,Portugal,9760-453,Praia da Vitória,Azores,23,Vila da Praia da Vitória,4302,Praia Da Vitória,,38.7333,-27.0667,4,praia-da-vitoria
PT,Portugal,Portugal,9760-454,Praia da Vitória,Azores,23,Vila da Praia da Vitória,4302,Praia Da Vitória,,38.7333,-27.0667,4,praia-da-vitoria
PT,Portugal,Portugal,9760-455,Praia da Vitória,Azores,23,Vila da Praia da Vitória,4302,Praia Da Vitória,,38.7333,-27.0667,4,praia-da-vitoria
PT,Portugal,Portugal,9760-456,Praia da Vitória,Azores,23,Vila da Praia da Vitória,4302,Praia Da Vitória,,38.7333,-27.0667,4,praia-da-vitoria
PT,Portugal,Portugal,9760-457,Praia da Vitória,Azores,23,Vila da Praia da Vitória,4302,Praia Da Vitória,,38.7333,-27.0667,4,praia-da-vitoria
PT,Portugal,Portugal,9760-458,Praia da Vitória,Azores,23,Vila da Praia da Vitória,4302,Praia Da Vitória,,38.7333,-27.0667,4,praia-da-vitoria
PT,Portugal,Portugal,9760-459,Praia da Vitória,Azores,23,Vila da Praia da Vitória,4302,Praia Da Vitória,,38.7333,-27.0667,4,praia-da-vitoria
PT,Portugal,Portugal,9760-460,Praia da Vitória,Azores,23,Vila da Praia da Vitória,4302,Praia Da Vitória,,38.7333,-27.0667,4,praia-da-vitoria
PT,Portugal,Portugal,9760-461,Praia da Vitória,Azores,23,Vila da Praia da Vitória,4302,Praia Da Vitória,,38.7333,-27.0667,4,praia-da-vitoria
PT,Portugal,Portugal,9760-463,Praia da Vitória,Azores,23,Vila da Praia da Vitória,4302,Praia Da Vitória,,38.7333,-27.0667,4,praia-da-vitoria
PT,Portugal,Portugal,9760-464,Praia da Vitória,Azores,23,Vila da Praia da Vitória,4302,Praia Da Vitória,,38.7333,-27.0667,4,praia-da-vitoria
PT,Portugal,Portugal,9760-466,Praia da Vitória,Azores,23,Vila da Praia da Vitória,4302,Praia Da Vitória,,38.7333,-27.0667,4,praia-da-vitoria
PT,Portugal,Portugal,9760-467,Praia da Vitória,Azores,23,Vila da Praia da Vitória,4302,Praia Da Vitória,,38.7333,-27.0667,4,praia-da-vitoria
PT,Portugal,Portugal,9760-468,Praia da Vitória,Azores,23,Vila da Praia da Vitória,4302,Praia Da Vitória,,38.7333,-27.0667,4,praia-da-vitoria
PT,Portugal,Portugal,9760-469,Praia da Vitória,Azores,23,Vila da Praia da Vitória,4302,Praia Da Vitória,,38.7333,-27.0667,4,praia-da-vitoria
PT,Portugal,Portugal,9760-470,Praia da Vitória,Azores,23,Vila da Praia da Vitória,4302,Praia Da Vitória,,38.7333,-27.0667,4,praia-da-vitoria
PT,Portugal,Portugal,9760-472,Praia da Vitória,Azores,23,Vila da Praia da Vitória,4302,Praia Da Vitória,,38.7333,-27.0667,4,praia-da-vitoria
PT,Portugal,Portugal,9760-473,Praia da Vitória,Azores,23,Vila da Praia da Vitória,4302,Praia Da Vitória,,38.7333,-27.0667,4,praia-da-vitoria
PT,Portugal,Portugal,9760-474,Praia da Vitória,Azores,23,Vila da Praia da Vitória,4302,Praia Da Vitória,,38.7333,-27.0667,4,praia-da-vitoria
PT,Portugal,Portugal,9760-475,Praia da Vitória,Azores,23,Vila da Praia da Vitória,4302,Praia Da Vitória,,38.7333,-27.0667,4,praia-da-vitoria
PT,Portugal,Portugal,9760-477,Praia da Vitória,Azores,23,Vila da Praia da Vitória,4302,Praia Da Vitória,,38.7333,-27.0667,4,praia-da-vitoria
PT,Portugal,Portugal,9760-478,Praia da Vitória,Azores,23,Vila da Praia da Vitória,4302,Praia Da Vitória,,38.7333,-27.0667,4,praia-da-vitoria
PT,Portugal,Portugal,9760-479,Praia da Vitória,Azores,23,Vila da Praia da Vitória,4302,Praia Da Vitória,,38.7333,-27.0667,4,praia-da-vitoria
PT,Portugal,Portugal,9760-481,Praia da Vitória,Azores,23,Vila da Praia da Vitória,4302,Praia Da Vitória,,38.7333,-27.0667,4,praia-da-vitoria
PT,Portugal,Portugal,9760-482,Praia da Vitória,Azores,23,Vila da Praia da Vitória,4302,Praia Da Vitória,,38.7333,-27.0667,4,praia-da-vitoria
PT,Portugal,Portugal,9760-483,Praia da Vitória,Azores,23,Vila da Praia da Vitória,4302,Praia Da Vitória,,38.7333,-27.0667,4,praia-da-vitoria
PT,Portugal,Portugal,9760-484,Praia da Vitória,Azores,23,Vila da Praia da Vitória,4302,Praia Da Vitória,,38.7333,-27.0667,4,praia-da-vitoria
PT,Portugal,Portugal,9760-485,Praia da Vitória,Azores,23,Vila da Praia da Vitória,4302,Praia Da Vitória,,38.7333,-27.0667,4,praia-da-vitoria
PT,Portugal,Portugal,9760-487,Praia da Vitória,Azores,23,Vila da Praia da Vitória,4302,Praia Da Vitória,,38.7333,-27.0667,4,praia-da-vitoria
PT,Portugal,Portugal,9760-488,Praia da Vitória,Azores,23,Vila da Praia da Vitória,4302,Praia Da Vitória,,38.7333,-27.0667,4,praia-da-vitoria
PT,Portugal,Portugal,9760-489,Praia da Vitória,Azores,23,Vila da Praia da Vitória,4302,Praia Da Vitória,,38.7333,-27.0667,4,praia-da-vitoria
PT,Portugal,Portugal,9760-491,Praia da Vitória,Azores,23,Vila da Praia da Vitória,4302,Praia Da Vitória,,38.7333,-27.0667,4,praia-da-vitoria
PT,Portugal,Portugal,9760-492,Praia da Vitória,Azores,23,Vila da Praia da Vitória,4302,Praia Da Vitória,,38.7333,-27.0667,4,praia-da-vitoria
PT,Portugal,Portugal,9760-493,Praia da Vitória,Azores,23,Vila da Praia da Vitória,4302,Praia Da Vitória,,38.7333,-27.0667,4,praia-da-vitoria
PT,Portugal,Portugal,9760-494,Praia da Vitória,Azores,23,Vila da Praia da Vitória,4302,Praia Da Vitória,,38.7333,-27.0667,4,praia-da-vitoria
PT,Portugal,Portugal,9760-495,Praia da Vitória,Azores,23,Vila da Praia da Vitória,4302,Praia Da Vitória,,38.7333,-27.0667,4,praia-da-vitoria
PT,Portugal,Portugal,9760-497,Praia da Vitória,Azores,23,Vila da Praia da Vitória,4302,Praia Da Vitória,,38.7333,-27.0667,4,praia-da-vitoria
PT,Portugal,Portugal,9760-498,Praia da Vitória,Azores,23,Vila da Praia da Vitória,4302,Praia Da Vitória,,38.7333,-27.0667,4,praia-da-vitoria
PT,Portugal,Portugal,9760-499,Praia da Vitória,Azores,23,Vila da Praia da Vitória,4302,Praia Da Vitória,,38.7333,-27.0667,4,praia-da-vitoria
PT,Portugal,Portugal,9760-500,Praia da Vitória,Azores,23,Vila da Praia da Vitória,4302,Praia Da Vitória,,38.7333,-27.0667,4,praia-da-vitoria
PT,Portugal,Portugal,9760-501,Praia da Vitória,Azores,23,Vila da Praia da Vitória,4302,Praia Da Vitória,,38.7333,-27.0667,4,praia-da-vitoria
PT,Portugal,Portugal,9760-502,Praia da Vitória,Azores,23,Vila da Praia da Vitória,4302,Praia Da Vitória,,38.7333,-27.0667,4,praia-da-vitoria
PT,Portugal,Portugal,9760-503,Praia da Vitória,Azores,23,Vila da Praia da Vitória,4302,Praia Da Vitória,,38.7333,-27.0667,4,praia-da-vitoria
PT,Portugal,Portugal,9760-504,Praia da Vitória,Azores,23,Vila da Praia da Vitória,4302,Praia Da Vitória,,38.7333,-27.0667,4,praia-da-vitoria
PT,Portugal,Portugal,9760-506,Praia da Vitória,Azores,23,Vila da Praia da Vitória,4302,Praia Da Vitória,,38.7333,-27.0667,4,praia-da-vitoria
PT,Portugal,Portugal,9760-507,Praia da Vitória,Azores,23,Vila da Praia da Vitória,4302,Praia Da Vitória,,38.7333,-27.0667,4,praia-da-vitoria
PT,Portugal,Portugal,9760-508,Praia da Vitória,Azores,23,Vila da Praia da Vitória,4302,Praia Da Vitória,,38.7333,-27.0667,4,praia-da-vitoria
PT,Portugal,Portugal,9760-509,Praia da Vitória,Azores,23,Vila da Praia da Vitória,4302,Praia Da Vitória,,38.7333,-27.0667,4,praia-da-vitoria
PT,Portugal,Portugal,9760-511,Praia da Vitória,Azores,23,Vila da Praia da Vitória,4302,Praia Da Vitória,,38.7333,-27.0667,4,praia-da-vitoria
PT,Portugal,Portugal,9760-514,Praia da Vitória,Azores,23,Vila da Praia da Vitória,4302,Praia Da Vitória,,38.7333,-27.0667,4,praia-da-vitoria
PT,Portugal,Portugal,9760-517,Praia da Vitória,Azores,23,Vila da Praia da Vitória,4302,Praia Da Vitória,,38.7333,-27.0667,4,praia-da-vitoria
PT,Portugal,Portugal,9760-518,Praia da Vitória,Azores,23,Vila da Praia da Vitória,4302,Praia Da Vitória,,38.7333,-27.0667,4,praia-da-vitoria
PT,Portugal,Portugal,9760-519,Praia da Vitória,Azores,23,Vila da Praia da Vitória,4302,Praia Da Vitória,,38.7333,-27.0667,4,praia-da-vitoria
PT,Portugal,Portugal,9760-521,Praia da Vitória,Azores,23,Vila da Praia da Vitória,4302,Praia Da Vitória,,38.7333,-27.0667,4,praia-da-vitoria
PT,Portugal,Portugal,9760-523,Praia da Vitória,Azores,23,Vila da Praia da Vitória,4302,Praia Da Vitória,,38.7333,-27.0667,4,praia-da-vitoria
PT,Portugal,Portugal,9760-524,Praia da Vitória,Azores,23,Vila da Praia da Vitória,4302,Praia Da Vitória,,38.7333,-27.0667,4,praia-da-vitoria
PT,Portugal,Portugal,9760-525,Praia da Vitória,Azores,23,Vila da Praia da Vitória,4302,Praia Da Vitória,,38.7333,-27.0667,4,praia-da-vitoria
PT,Portugal,Portugal,9760-526,Praia da Vitória,Azores,23,Vila da Praia da Vitória,4302,Praia Da Vitória,,38.7333,-27.0667,4,praia-da-vitoria
PT,Portugal,Portugal,9760-527,Praia da Vitória,Azores,23,Vila da Praia da Vitória,4302,Praia Da Vitória,,38.7333,-27.0667,4,praia-da-vitoria
PT,Portugal,Portugal,9760-528,Praia da Vitória,Azores,23,Vila da Praia da Vitória,4302,Praia Da Vitória,,38.7333,-27.0667,4,praia-da-vitoria
PT,Portugal,Portugal,9760-529,Praia da Vitória,Azores,23,Vila da Praia da Vitória,4302,Praia Da Vitória,,38.7333,-27.0667,4,praia-da-vitoria
PT,Portugal,Portugal,9760-530,Praia da Vitória,Azores,23,Vila da Praia da Vitória,4302,Praia Da Vitória,,38.7333,-27.0667,4,praia-da-vitoria
PT,Portugal,Portugal,9760-531,Praia da Vitória,Azores,23,Vila da Praia da Vitória,4302,Praia Da Vitória,,38.7333,-27.0667,4,praia-da-vitoria
PT,Portugal,Portugal,9760-532,Praia da Vitória,Azores,23,Vila da Praia da Vitória,4302,Praia Da Vitória,,38.7333,-27.0667,4,praia-da-vitoria
PT,Portugal,Portugal,9760-533,Praia da Vitória,Azores,23,Vila da Praia da Vitória,4302,Praia Da Vitória,,38.7333,-27.0667,4,praia-da-vitoria
PT,Portugal,Portugal,9760-534,Praia da Vitória,Azores,23,Vila da Praia da Vitória,4302,Praia Da Vitória,,38.7333,-27.0667,4,praia-da-vitoria
PT,Portugal,Portugal,9760-536,Praia da Vitória,Azores,23,Vila da Praia da Vitória,4302,Praia Da Vitória,,38.7333,-27.0667,4,praia-da-vitoria
PT,Portugal,Portugal,9760-537,Praia da Vitória,Azores,23,Vila da Praia da Vitória,4302,Praia Da Vitória,,38.7333,-27.0667,4,praia-da-vitoria
PT,Portugal,Portugal,9760-538,Praia da Vitória,Azores,23,Vila da Praia da Vitória,4302,Praia Da Vitória,,38.7333,-27.0667,4,praia-da-vitoria
PT,Portugal,Portugal,9760-539,Praia da Vitória,Azores,23,Vila da Praia da Vitória,4302,Praia Da Vitória,,38.7333,-27.0667,4,praia-da-vitoria
PT,Portugal,Portugal,9760-540,Praia da Vitória,Azores,23,Vila da Praia da Vitória,4302,Praia Da Vitória,,38.7333,-27.0667,4,praia-da-vitoria
PT,Portugal,Portugal,9760-541,Praia da Vitória,Azores,23,Vila da Praia da Vitória,4302,Praia Da Vitória,,38.7333,-27.0667,4,praia-da-vitoria
PT,Portugal,Portugal,9760-542,Praia da Vitória,Azores,23,Vila da Praia da Vitória,4302,Praia Da Vitória,,38.7333,-27.0667,4,praia-da-vitoria
PT,Portugal,Portugal,9760-543,Praia da Vitória,Azores,23,Vila da Praia da Vitória,4302,Praia Da Vitória,,38.7333,-27.0667,4,praia-da-vitoria
PT,Portugal,Portugal,9760-544,Praia da Vitória,Azores,23,Vila da Praia da Vitória,4302,Praia Da Vitória,,38.7333,-27.0667,4,praia-da-vitoria
PT,Portugal,Portugal,9760-545,Praia da Vitória,Azores,23,Vila da Praia da Vitória,4302,Praia Da Vitória,,38.7333,-27.0667,4,praia-da-vitoria
PT,Portugal,Portugal,9760-546,Praia da Vitória,Azores,23,Vila da Praia da Vitória,4302,Praia Da Vitória,,38.7333,-27.0667,4,praia-da-vitoria
PT,Portugal,Portugal,9760-547,Praia da Vitória,Azores,23,Vila da Praia da Vitória,4302,Praia Da Vitória,,38.7333,-27.0667,4,praia-da-vitoria
PT,Portugal,Portugal,9760-549,Praia da Vitória,Azores,23,Vila da Praia da Vitória,4302,Praia Da Vitória,,38.7333,-27.0667,4,praia-da-vitoria
PT,Portugal,Portugal,9760-551,Praia da Vitória,Azores,23,Vila da Praia da Vitória,4302,Praia Da Vitória,,38.7333,-27.0667,4,praia-da-vitoria
PT,Portugal,Portugal,9760-552,Praia da Vitória,Azores,23,Vila da Praia da Vitória,4302,Praia Da Vitória,,38.7333,-27.0667,4,praia-da-vitoria
PT,Portugal,Portugal,9760-553,Praia da Vitória,Azores,23,Vila da Praia da Vitória,4302,Praia Da Vitória,,38.7333,-27.0667,4,praia-da-vitoria
PT,Portugal,Portugal,9760-555,Praia da Vitória,Azores,23,Vila da Praia da Vitória,4302,Praia Da Vitória,,38.7333,-27.0667,4,praia-da-vitoria
PT,Portugal,Portugal,9760-556,Praia da Vitória,Azores,23,Vila da Praia da Vitória,4302,Praia Da Vitória,,38.7333,-27.0667,4,praia-da-vitoria
PT,Portugal,Portugal,9760-557,Praia da Vitória,Azores,23,Vila da Praia da Vitória,4302,Praia Da Vitória,,38.7333,-27.0667,4,praia-da-vitoria
PT,Portugal,Portugal,9760-559,Praia da Vitória,Azores,23,Vila da Praia da Vitória,4302,Praia Da Vitória,,38.7333,-27.0667,4,praia-da-vitoria
PT,Portugal,Portugal,9760-561,Praia da Vitória,Azores,23,Vila da Praia da Vitória,4302,Praia Da Vitória,,38.7333,-27.0667,4,praia-da-vitoria
PT,Portugal,Portugal,9760-563,Praia da Vitória,Azores,23,Vila da Praia da Vitória,4302,Praia Da Vitória,,38.7333,-27.0667,4,praia-da-vitoria
PT,Portugal,Portugal,9760-567,Praia da Vitória,Azores,23,Vila da Praia da Vitória,4302,Praia Da Vitória,,38.7333,-27.0667,4,praia-da-vitoria
PT,Portugal,Portugal,9760-569,Praia da Vitória,Azores,23,Vila da Praia da Vitória,4302,Praia Da Vitória,,38.7333,-27.0667,4,praia-da-vitoria
PT,Portugal,Portugal,9760-570,Praia da Vitória,Azores,23,Vila da Praia da Vitória,4302,Praia Da Vitória,,38.7333,-27.0667,4,praia-da-vitoria
PT,Portugal,Portugal,9760-571,Praia da Vitória,Azores,23,Vila da Praia da Vitória,4302,Praia Da Vitória,,38.7333,-27.0667,4,praia-da-vitoria
PT,Portugal,Portugal,9760-572,Praia da Vitória,Azores,23,Vila da Praia da Vitória,4302,Praia Da Vitória,,38.7333,-27.0667,4,praia-da-vitoria
PT,Portugal,Portugal,9760-576,Praia da Vitória,Azores,23,Vila da Praia da Vitória,4302,Praia Da Vitória,,38.7333,-27.0667,4,praia-da-vitoria
PT,Portugal,Portugal,9760-577,Santa Rita,Azores,23,Vila da Praia da Vitória,4302,Praia Da Vitória,,38.75,-27.0833,4,santa-rita
PT,Portugal,Portugal,9760-579,Praia da Vitória,Azores,23,Vila da Praia da Vitória,4302,Praia Da Vitória,,38.7333,-27.0667,4,praia-da-vitoria
PT,Portugal,Portugal,9760-580,Praia da Vitória,Azores,23,Vila da Praia da Vitória,4302,Praia Da Vitória,,38.7333,-27.0667,4,praia-da-vitoria
PT,Portugal,Portugal,9760-581,Praia da Vitória,Azores,23,Vila da Praia da Vitória,4302,Praia Da Vitória,,38.7333,-27.0667,4,praia-da-vitoria
PT,Portugal,Portugal,9760-582,Praia da Vitória,Azores,23,Vila da Praia da Vitória,4302,Praia Da Vitória,,38.7333,-27.0667,4,praia-da-vitoria
PT,Portugal,Portugal,9760-583,Praia da Vitória,Azores,23,Vila da Praia da Vitória,4302,Praia Da Vitória,,38.7333,-27.0667,4,praia-da-vitoria
PT,Portugal,Portugal,9760-584,Praia da Vitória,Azores,23,Vila da Praia da Vitória,4302,Praia Da Vitória,,38.7333,-27.0667,4,praia-da-vitoria
PT,Portugal,Portugal,9760-585,Praia da Vitória,Azores,23,Vila da Praia da Vitória,4302,Praia Da Vitória,,38.7333,-27.0667,4,praia-da-vitoria
PT,Portugal,Portugal,9760-586,Praia da Vitória,Azores,23,Vila da Praia da Vitória,4302,Praia Da Vitória,,38.7333,-27.0667,4,praia-da-vitoria
PT,Portugal,Portugal,9760-587,Praia da Vitória,Azores,23,Vila da Praia da Vitória,4302,Praia Da Vitória,,38.7333,-27.0667,4,praia-da-vitoria
PT,Portugal,Portugal,9760-588,Praia da Vitória,Azores,23,Vila da Praia da Vitória,4302,Praia Da Vitória,,38.7333,-27.0667,4,praia-da-vitoria
PT,Portugal,Portugal,9760-651,São Brás,Azores,23,Vila da Praia da Vitória,4302,São Brás Vpv,,38.7667,-27.1333,4,sao-bras
PT,Portugal,Portugal,9760-652,São Brás,Azores,23,Vila da Praia da Vitória,4302,São Brás Vpv,,38.7667,-27.1333,4,sao-bras
PT,Portugal,Portugal,9760-654,São Brás,Azores,23,Vila da Praia da Vitória,4302,São Brás Vpv,,38.7667,-27.1333,4,sao-bras
PT,Portugal,Portugal,9760-655,São Brás,Azores,23,Vila da Praia da Vitória,4302,São Brás Vpv,,38.7667,-27.1333,4,sao-bras
PT,Portugal,Portugal,9760-656,São Brás,Azores,23,Vila da Praia da Vitória,4302,São Brás Vpv,,38.7667,-27.1333,4,sao-bras
PT,Portugal,Portugal,9760-657,São Brás,Azores,23,Vila da Praia da Vitória,4302,São Brás Vpv,,38.7667,-27.1333,4,sao-bras
PT,Portugal,Portugal,9760-658,São Brás,Azores,23,Vila da Praia da Vitória,4302,São Brás Vpv,,38.7667,-27.1333,4,sao-bras
PT,Portugal,Portugal,9760-659,São Brás,Azores,23,Vila da Praia da Vitória,4302,São Brás Vpv,,38.7667,-27.1333,4,sao-bras
PT,Portugal,Portugal,9760-660,São Brás,Azores,23,Vila da Praia da Vitória,4302,São Brás Vpv,,38.7667,-27.1333,4,sao-bras
PT,Portugal,Portugal,9760-661,São Brás,Azores,23,Vila da Praia da Vitória,4302,São Brás Vpv,,38.7667,-27.1333,4,sao-bras
PT,Portugal,Portugal,9760-662,São Brás,Azores,23,Vila da Praia da Vitória,4302,São Brás Vpv,,38.7667,-27.1333,4,sao-bras
PT,Portugal,Portugal,9760-663,São Brás,Azores,23,Vila da Praia da Vitória,4302,São Brás Vpv,,38.7667,-27.1333,4,sao-bras
PT,Portugal,Portugal,9760-664,São Brás,Azores,23,Vila da Praia da Vitória,4302,São Brás Vpv,,38.7667,-27.1333,4,sao-bras
PT,Portugal,Portugal,9760-665,São Brás,Azores,23,Vila da Praia da Vitória,4302,São Brás Vpv,,38.7667,-27.1333,4,sao-bras
PT,Portugal,Portugal,9760-666,São Brás,Azores,23,Vila da Praia da Vitória,4302,São Brás Vpv,,38.7667,-27.1333,4,sao-bras
PT,Portugal,Portugal,9760-667,São Brás,Azores,23,Vila da Praia da Vitória,4302,São Brás Vpv,,38.7667,-27.1333,4,sao-bras
PT,Portugal,Portugal,9760-668,São Brás,Azores,23,Vila da Praia da Vitória,4302,São Brás Vpv,,38.7667,-27.1333,4,sao-bras
PT,Portugal,Portugal,9760-669,São Brás,Azores,23,Vila da Praia da Vitória,4302,São Brás Vpv,,38.7667,-27.1333,4,sao-bras
PT,Portugal,Portugal,9760-670,São Brás,Azores,23,Vila da Praia da Vitória,4302,São Brás Vpv,,38.7667,-27.1333,4,sao-bras
PT,Portugal,Portugal,9760-671,São Brás,Azores,23,Vila da Praia da Vitória,4302,São Brás Vpv,,38.7667,-27.1333,4,sao-bras
PT,Portugal,Portugal,9760-701,Vila Nova,Azores,23,Vila da Praia da Vitória,4302,Vila Nova Vpv,,38.7833,-27.15,4,vila-nova
PT,Portugal,Portugal,9760-702,Vila Nova,Azores,23,Vila da Praia da Vitória,4302,Vila Nova Vpv,,38.7833,-27.15,4,vila-nova
PT,Portugal,Portugal,9760-703,Vila Nova,Azores,23,Vila da Praia da Vitória,4302,Vila Nova Vpv,,38.7833,-27.15,4,vila-nova
PT,Portugal,Portugal,9760-704,Vila Nova,Azores,23,Vila da Praia da Vitória,4302,Vila Nova Vpv,,38.7833,-27.15,4,vila-nova
PT,Portugal,Portugal,9760-705,Vila Nova,Azores,23,Vila da Praia da Vitória,4302,Vila Nova Vpv,,38.7833,-27.15,4,vila-nova
PT,Portugal,Portugal,9760-706,Vila Nova,Azores,23,Vila da Praia da Vitória,4302,Vila Nova Vpv,,38.7833,-27.15,4,vila-nova
PT,Portugal,Portugal,9760-707,Vila Nova,Azores,23,Vila da Praia da Vitória,4302,Vila Nova Vpv,,38.7833,-27.15,4,vila-nova
PT,Portugal,Portugal,9760-708,Vila Nova,Azores,23,Vila da Praia da Vitória,4302,Vila Nova Vpv,,38.7833,-27.15,4,vila-nova
PT,Portugal,Portugal,9760-709,Vila Nova,Azores,23,Vila da Praia da Vitória,4302,Vila Nova Vpv,,38.7833,-27.15,4,vila-nova
PT,Portugal,Portugal,9760-710,Vila Nova,Azores,23,Vila da Praia da Vitória,4302,Vila Nova Vpv,,38.7833,-27.15,4,vila-nova
PT,Portugal,Portugal,9760-711,Vila Nova,Azores,23,Vila da Praia da Vitória,4302,Vila Nova Vpv,,38.7833,-27.15,4,vila-nova
PT,Portugal,Portugal,9760-712,Vila Nova,Azores,23,Vila da Praia da Vitória,4302,Vila Nova Vpv,,38.7833,-27.15,4,vila-nova
PT,Portugal,Portugal,9760-713,Vila Nova,Azores,23,Vila da Praia da Vitória,4302,Vila Nova Vpv,,38.7833,-27.15,4,vila-nova
PT,Portugal,Portugal,9760-714,Vila Nova,Azores,23,Vila da Praia da Vitória,4302,Vila Nova Vpv,,38.7833,-27.15,4,vila-nova
PT,Portugal,Portugal,9760-715,Vila Nova,Azores,23,Vila da Praia da Vitória,4302,Vila Nova Vpv,,38.7833,-27.15,4,vila-nova
PT,Portugal,Portugal,9760-716,Vila Nova,Azores,23,Vila da Praia da Vitória,4302,Vila Nova Vpv,,38.7833,-27.15,4,vila-nova
PT,Portugal,Portugal,9760-717,Vila Nova,Azores,23,Vila da Praia da Vitória,4302,Vila Nova Vpv,,38.7833,-27.15,4,vila-nova
PT,Portugal,Portugal,9760-718,Vila Nova,Azores,23,Vila da Praia da Vitória,4302,Vila Nova Vpv,,38.7833,-27.15,4,vila-nova
PT,Portugal,Portugal,9760-719,Vila Nova,Azores,23,Vila da Praia da Vitória,4302,Vila Nova Vpv,,38.7833,-27.15,4,vila-nova
PT,Portugal,Portugal,9760-720,Vila Nova,Azores,23,Vila da Praia da Vitória,4302,Vila Nova Vpv,,38.7833,-27.15,4,vila-nova
PT,Portugal,Portugal,9760-721,Vila Nova,Azores,23,Vila da Praia da Vitória,4302,Vila Nova Vpv,,38.7833,-27.15,4,vila-nova
PT,Portugal,Portugal,9760-722,Vila Nova,Azores,23,Vila da Praia da Vitória,4302,Vila Nova Vpv,,38.7833,-27.15,4,vila-nova
PT,Portugal,Portugal,9760-723,Vila Nova,Azores,23,Vila da Praia da Vitória,4302,Vila Nova Vpv,,38.7833,-27.15,4,vila-nova
PT,Portugal,Portugal,9760-724,Vila Nova,Azores,23,Vila da Praia da Vitória,4302,Vila Nova Vpv,,38.7833,-27.15,4,vila-nova
PT,Portugal,Portugal,9760-725,Vila Nova,Azores,23,Vila da Praia da Vitória,4302,Vila Nova Vpv,,38.7833,-27.15,4,vila-nova
PT,Portugal,Portugal,9760-726,Vila Nova,Azores,23,Vila da Praia da Vitória,4302,Vila Nova Vpv,,38.7833,-27.15,4,vila-nova
PT,Portugal,Portugal,9760-727,Vila Nova,Azores,23,Vila da Praia da Vitória,4302,Vila Nova Vpv,,38.7833,-27.15,4,vila-nova
PT,Portugal,Portugal,9760-728,Vila Nova,Azores,23,Vila da Praia da Vitória,4302,Vila Nova Vpv,,38.7833,-27.15,4,vila-nova
PT,Portugal,Portugal,9760-729,Vila Nova,Azores,23,Vila da Praia da Vitória,4302,Vila Nova Vpv,,38.7833,-27.15,4,vila-nova
PT,Portugal,Portugal,9760-730,Vila Nova,Azores,23,Vila da Praia da Vitória,4302,Vila Nova Vpv,,38.7833,-27.15,4,vila-nova
PT,Portugal,Portugal,9760-731,Vila Nova,Azores,23,Vila da Praia da Vitória,4302,Vila Nova Vpv,,38.7833,-27.15,4,vila-nova
PT,Portugal,Portugal,9760-732,Vila Nova,Azores,23,Vila da Praia da Vitória,4302,Vila Nova Vpv,,38.7833,-27.15,4,vila-nova
PT,Portugal,Portugal,9760-733,Vila Nova,Azores,23,Vila da Praia da Vitória,4302,Vila Nova Vpv,,38.7833,-27.15,4,vila-nova
PT,Portugal,Portugal,9760-734,Vila Nova,Azores,23,Vila da Praia da Vitória,4302,Vila Nova Vpv,,38.7833,-27.15,4,vila-nova
PT,Portugal,Portugal,9760-736,Vila Nova,Azores,23,Vila da Praia da Vitória,4302,Vila Nova Vpv,,38.7833,-27.15,4,vila-nova
PT,Portugal,Portugal,9760-737,Vila Nova,Azores,23,Vila da Praia da Vitória,4302,Vila Nova Vpv,,38.7833,-27.15,4,vila-nova
PT,Portugal,Portugal,9760-738,Vila Nova,Azores,23,Vila da Praia da Vitória,4302,Vila Nova Vpv,,38.7833,-27.15,4,vila-nova
PT,Portugal,Portugal,9760-739,Vila Nova,Azores,23,Vila da Praia da Vitória,4302,Vila Nova Vpv,,38.7833,-27.15,4,vila-nova
PT,Portugal,Portugal,9760-740,Vila Nova,Azores,23,Vila da Praia da Vitória,4302,Vila Nova Vpv,,38.7833,-27.15,4,vila-nova
PT,Portugal,Portugal,9760-741,Vila Nova,Azores,23,Vila da Praia da Vitória,4302,Vila Nova Vpv,,38.7833,-27.15,4,vila-nova
PT,Portugal,Portugal,9760-742,Calvário,Azores,23,Vila da Praia da Vitória,4302,Vila Nova Vpv,,38.7812,-27.15,1,calvario
PT,Portugal,Portugal,9760-743,Faias,Azores,23,Vila da Praia da Vitória,4302,Vila Nova Vpv,,38.7812,-27.15,1,faias
PT,Portugal,Portugal,9760-744,Vila Nova,Azores,23,Vila da Praia da Vitória,4302,Vila Nova Vpv,,38.7833,-27.15,4,vila-nova
PT,Portugal,Portugal,9760-745,Vila Nova,Azores,23,Vila da Praia da Vitória,4302,Vila Nova Vpv,,38.7833,-27.15,4,vila-nova
PT,Portugal,Portugal,9760-746,Pico da Rocha,Azores,23,Vila da Praia da Vitória,4302,Vila Nova Vpv,,38.7667,-27.15,4,pico-da-rocha
PT,Portugal,Portugal,9760-746,Vila Nova,Azores,23,Vila da Praia da Vitória,4302,Vila Nova Vpv,,38.7833,-27.15,4,vila-nova
PT,Portugal,Portugal,9760-747,Vila Nova,Azores,23,Vila da Praia da Vitória,4302,Vila Nova Vpv,,38.7833,-27.15,4,vila-nova
PT,Portugal,Portugal,9760-747,Praça,Azores,23,Vila da Praia da Vitória,4302,Vila Nova Vpv,,38.7833,-27.15,3,praca
PT,Portugal,Portugal,9760-748,Ribeira da Areia,Azores,23,Vila da Praia da Vitória,4302,Vila Nova Vpv,,38.7812,-27.15,1,ribeira-da-areia
PT,Portugal,Portugal,9760-749,Ribeira de Agualva,Azores,23,Vila da Praia da Vitória,4302,Vila Nova Vpv,,38.7812,-27.15,1,ribeira-de-agualva
PT,Portugal,Portugal,9760-750,Vila Nova,Azores,23,Vila da Praia da Vitória,4302,Vila Nova Vpv,,38.7833,-27.15,4,vila-nova
PT,Portugal,Portugal,9760-751,Vila Nova,Azores,23,Vila da Praia da Vitória,4302,Vila Nova Vpv,,38.7833,-27.15,4,vila-nova
PT,Portugal,Portugal,9760-752,Vila Nova,Azores,23,Vila da Praia da Vitória,4302,Vila Nova Vpv,,38.7833,-27.15,4,vila-nova
PT,Portugal,Portugal,9760-753,Vila Nova,Azores,23,Vila da Praia da Vitória,4302,Vila Nova Vpv,,38.7833,-27.15,4,vila-nova
PT,Portugal,Portugal,9760-995,Praia da Vitória,Azores,23,Vila da Praia da Vitória,4302,Praia Da Vitória,,38.7333,-27.0667,4,praia-da-vitoria
PT,Portugal,Portugal,9760-997,Lajes,Azores,23,Vila da Praia da Vitória,4302,Lajes Vpv,,38.7635,-27.1034,4,lajes
PT,Portugal,Portugal,9760-998,Aeroporto das Lajes,Azores,23,Vila da Praia da Vitória,4302,Lajes Vpv,,38.7434,-27.0789,1,aeroporto-das-lajes
PT,Portugal,Portugal,9760-999,Praia da Vitória,Azores,23,Vila da Praia da Vitória,4302,Praia Da Vitória,,38.7333,-27.0667,4,praia-da-vitoria
PT,Portugal,Portugal,9880-000,Santa Cruz da Graciosa,Azores,23,Santa Cruz da Graciosa,4401,Santa Cruz Da Graciosa,440104,38.6501,-28.1302,1,santa-cruz-da-graciosa
PT,Portugal,Portugal,9880-011,Guadalupe,Azores,23,Santa Cruz da Graciosa,4401,Guadalupe,440101,38.6501,-28.1302,1,guadalupe
PT,Portugal,Portugal,9880-012,Barro Branco,Azores,23,Santa Cruz da Graciosa,4401,Guadalupe,440101,38.6501,-28.1302,1,barro-branco
PT,Portugal,Portugal,9880-013,Vitória,Azores,23,Santa Cruz da Graciosa,4401,Guadalupe,440101,38.6501,-28.1302,1,vitoria
PT,Portugal,Portugal,9880-014,Brasileira,Azores,23,Santa Cruz da Graciosa,4401,Guadalupe,440101,38.6501,-28.1302,1,brasileira
PT,Portugal,Portugal,9880-015,Guadalupe,Azores,23,Santa Cruz da Graciosa,4401,Guadalupe,440101,38.6501,-28.1302,1,guadalupe
PT,Portugal,Portugal,9880-016,Courelas,Azores,23,Santa Cruz da Graciosa,4401,Guadalupe,440101,38.6501,-28.1302,1,courelas
PT,Portugal,Portugal,9880-017,Cruz da Vitória,Azores,23,Santa Cruz da Graciosa,4401,Guadalupe,440101,38.6501,-28.1302,1,cruz-da-vitoria
PT,Portugal,Portugal,9880-018,Esperança Velha,Azores,23,Santa Cruz da Graciosa,4401,Guadalupe,440101,38.6501,-28.1302,1,esperanca-velha
PT,Portugal,Portugal,9880-018,Ribeirinha,Azores,23,Santa Cruz da Graciosa,4401,Guadalupe,440101,38.6501,-28.1302,1,ribeirinha
PT,Portugal,Portugal,9880-019,Feteira,Azores,23,Santa Cruz da Graciosa,4401,Guadalupe,440101,39.0544,-28.0353,1,feteira
PT,Portugal,Portugal,9880-020,Guadalupe,Azores,23,Santa Cruz da Graciosa,4401,Guadalupe,440101,38.6501,-28.1302,1,guadalupe
PT,Portugal,Portugal,9880-020,Grotas,Azores,23,Santa Cruz da Graciosa,4401,Guadalupe,440101,38.6501,-28.1302,1,grotas
PT,Portugal,Portugal,9880-021,Guadalupe,Azores,23,Santa Cruz da Graciosa,4401,Guadalupe,440101,38.6501,-28.1302,1,guadalupe
PT,Portugal,Portugal,9880-022,Pé da Ladeira,Azores,23,Santa Cruz da Graciosa,4401,Guadalupe,440101,38.6501,-28.1302,1,pe-da-ladeira
PT,Portugal,Portugal,9880-023,Pedreira,Azores,23,Santa Cruz da Graciosa,4401,Guadalupe,440101,39.0544,-28.0353,1,pedreira
PT,Portugal,Portugal,9880-024,Poço Velho,Azores,23,Santa Cruz da Graciosa,4401,Guadalupe,440101,38.6501,-28.1302,1,poco-velho
PT,Portugal,Portugal,9880-025,Pontal,Azores,23,Santa Cruz da Graciosa,4401,Guadalupe,440101,38.6501,-28.1302,1,pontal
PT,Portugal,Portugal,9880-026,Ribeirinha,Azores,23,Santa Cruz da Graciosa,4401,Guadalupe,440101,38.6501,-28.1302,1,ribeirinha
PT,Portugal,Portugal,9880-027,Tanque,Azores,23,Santa Cruz da Graciosa,4401,Guadalupe,440101,38.6501,-28.1302,1,tanque
PT,Portugal,Portugal,9880-028,Guadalupe,Azores,23,Santa Cruz da Graciosa,4401,Guadalupe,440101,38.6501,-28.1302,1,guadalupe
PT,Portugal,Portugal,9880-028,Terra do Conde,Azores,23,Santa Cruz da Graciosa,4401,Guadalupe,440101,38.6501,-28.1302,1,terra-do-conde
PT,Portugal,Portugal,9880-029,Ribeirinha,Azores,23,Santa Cruz da Graciosa,4401,Guadalupe,440101,38.6501,-28.1302,1,ribeirinha
PT,Portugal,Portugal,9880-029,Vitória,Azores,23,Santa Cruz da Graciosa,4401,Guadalupe,440101,38.6501,-28.1302,1,vitoria
PT,Portugal,Portugal,9880-101,Luz,Azores,23,Santa Cruz da Graciosa,4401,Luz Scg,,38.6501,-28.1302,1,luz
PT,Portugal,Portugal,9880-102,Alto do Sul,Azores,23,Santa Cruz da Graciosa,4401,Luz Scg,,38.6501,-28.1302,1,alto-do-sul
PT,Portugal,Portugal,9880-102,Luz,Azores,23,Santa Cruz da Graciosa,4401,Luz Scg,,38.6501,-28.1302,1,luz
PT,Portugal,Portugal,9880-105,Beira Mar,Azores,23,Santa Cruz da Graciosa,4401,Luz Scg,,38.6501,-28.1302,1,beira-mar
PT,Portugal,Portugal,9880-105,Luz,Azores,23,Santa Cruz da Graciosa,4401,Luz Scg,,38.6501,-28.1302,1,luz
PT,Portugal,Portugal,9880-106,Canadinhas,Azores,23,Santa Cruz da Graciosa,4401,Luz Scg,,38.6501,-28.1302,1,canadinhas
PT,Portugal,Portugal,9880-106,Luz,Azores,23,Santa Cruz da Graciosa,4401,Luz Scg,,38.6501,-28.1302,1,luz
PT,Portugal,Portugal,9880-108,Fajã,Azores,23,Santa Cruz da Graciosa,4401,Luz Scg,,38.6501,-28.1302,1,faja
PT,Portugal,Portugal,9880-110,Luz,Azores,23,Santa Cruz da Graciosa,4401,Luz Scg,,38.6501,-28.1302,1,luz
PT,Portugal,Portugal,9880-110,Limeira,Azores,23,Santa Cruz da Graciosa,4401,Luz Scg,,38.6501,-28.1302,1,limeira
PT,Portugal,Portugal,9880-120,Luz,Azores,23,Santa Cruz da Graciosa,4401,Luz Scg,,38.6501,-28.1302,1,luz
PT,Portugal,Portugal,9880-121,Luz,Azores,23,Santa Cruz da Graciosa,4401,Luz Scg,,38.6501,-28.1302,1,luz
PT,Portugal,Portugal,9880-122,Luz,Azores,23,Santa Cruz da Graciosa,4401,Luz Scg,,38.6501,-28.1302,1,luz
PT,Portugal,Portugal,9880-123,Luz,Azores,23,Santa Cruz da Graciosa,4401,Luz Scg,,38.6501,-28.1302,1,luz
PT,Portugal,Portugal,9880-125,Luz,Azores,23,Santa Cruz da Graciosa,4401,Luz Scg,,38.6501,-28.1302,1,luz
PT,Portugal,Portugal,9880-126,Luz,Azores,23,Santa Cruz da Graciosa,4401,Luz Scg,,38.6501,-28.1302,1,luz
PT,Portugal,Portugal,9880-128,Luz,Azores,23,Santa Cruz da Graciosa,4401,Luz Scg,,38.6501,-28.1302,1,luz
PT,Portugal,Portugal,9880-129,Luz,Azores,23,Santa Cruz da Graciosa,4401,Luz Scg,,38.6501,-28.1302,1,luz
PT,Portugal,Portugal,9880-130,Luz,Azores,23,Santa Cruz da Graciosa,4401,Luz Scg,,38.6501,-28.1302,1,luz
PT,Portugal,Portugal,9880-131,Luz,Azores,23,Santa Cruz da Graciosa,4401,Luz Scg,,38.6501,-28.1302,1,luz
PT,Portugal,Portugal,9880-132,Luz,Azores,23,Santa Cruz da Graciosa,4401,Luz Scg,,38.6501,-28.1302,1,luz
PT,Portugal,Portugal,9880-133,Luz,Azores,23,Santa Cruz da Graciosa,4401,Luz Scg,,38.6501,-28.1302,1,luz
PT,Portugal,Portugal,9880-134,Luz,Azores,23,Santa Cruz da Graciosa,4401,Luz Scg,,38.6501,-28.1302,1,luz
PT,Portugal,Portugal,9880-135,Luz,Azores,23,Santa Cruz da Graciosa,4401,Luz Scg,,38.6501,-28.1302,1,luz
PT,Portugal,Portugal,9880-136,Luz,Azores,23,Santa Cruz da Graciosa,4401,Luz Scg,,38.6501,-28.1302,1,luz
PT,Portugal,Portugal,9880-138,Luz,Azores,23,Santa Cruz da Graciosa,4401,Luz Scg,,38.6501,-28.1302,1,luz
PT,Portugal,Portugal,9880-139,Luz,Azores,23,Santa Cruz da Graciosa,4401,Luz Scg,,38.6501,-28.1302,1,luz
PT,Portugal,Portugal,9880-140,Luz,Azores,23,Santa Cruz da Graciosa,4401,Luz Scg,,38.6501,-28.1302,1,luz
PT,Portugal,Portugal,9880-141,Luz,Azores,23,Santa Cruz da Graciosa,4401,Luz Scg,,38.6501,-28.1302,1,luz
PT,Portugal,Portugal,9880-142,Luz,Azores,23,Santa Cruz da Graciosa,4401,Luz Scg,,38.6501,-28.1302,1,luz
PT,Portugal,Portugal,9880-143,Luz,Azores,23,Santa Cruz da Graciosa,4401,Luz Scg,,38.6501,-28.1302,1,luz
PT,Portugal,Portugal,9880-144,Luz,Azores,23,Santa Cruz da Graciosa,4401,Luz Scg,,38.6501,-28.1302,1,luz
PT,Portugal,Portugal,9880-145,Luz,Azores,23,Santa Cruz da Graciosa,4401,Luz Scg,,38.6501,-28.1302,1,luz
PT,Portugal,Portugal,9880-146,Luz,Azores,23,Santa Cruz da Graciosa,4401,Luz Scg,,38.6501,-28.1302,1,luz
PT,Portugal,Portugal,9880-147,Luz,Azores,23,Santa Cruz da Graciosa,4401,Luz Scg,,38.6501,-28.1302,1,luz
PT,Portugal,Portugal,9880-148,Luz,Azores,23,Santa Cruz da Graciosa,4401,Luz Scg,,38.6501,-28.1302,1,luz
PT,Portugal,Portugal,9880-149,Luz,Azores,23,Santa Cruz da Graciosa,4401,Luz Scg,,38.6501,-28.1302,1,luz
PT,Portugal,Portugal,9880-150,Luz,Azores,23,Santa Cruz da Graciosa,4401,Luz Scg,,38.6501,-28.1302,1,luz
PT,Portugal,Portugal,9880-151,Luz,Azores,23,Santa Cruz da Graciosa,4401,Luz Scg,,38.6501,-28.1302,1,luz
PT,Portugal,Portugal,9880-152,Luz,Azores,23,Santa Cruz da Graciosa,4401,Luz Scg,,38.6501,-28.1302,1,luz
PT,Portugal,Portugal,9880-153,Luz,Azores,23,Santa Cruz da Graciosa,4401,Luz Scg,,38.6501,-28.1302,1,luz
PT,Portugal,Portugal,9880-154,Luz,Azores,23,Santa Cruz da Graciosa,4401,Luz Scg,,38.6501,-28.1302,1,luz
PT,Portugal,Portugal,9880-170,Outeiro,Azores,23,Santa Cruz da Graciosa,4401,Luz Scg,,38.6501,-28.1302,1,outeiro
PT,Portugal,Portugal,9880-170,Luz,Azores,23,Santa Cruz da Graciosa,4401,Luz Scg,,38.6501,-28.1302,1,luz
PT,Portugal,Portugal,9880-171,Pedras Brancas,Azores,23,Santa Cruz da Graciosa,4401,Luz Scg,,38.6501,-28.1302,1,pedras-brancas
PT,Portugal,Portugal,9880-172,Rebentão,Azores,23,Santa Cruz da Graciosa,4401,Luz Scg,,38.6501,-28.1302,1,rebentao
PT,Portugal,Portugal,9880-173,Luz,Azores,23,Santa Cruz da Graciosa,4401,Luz Scg,,38.6501,-28.1302,1,luz
PT,Portugal,Portugal,9880-173,Ribeira,Azores,23,Santa Cruz da Graciosa,4401,Luz Scg,,38.6501,-28.1302,1,ribeira
PT,Portugal,Portugal,9880-201,Beira Mar da Rochela,Azores,23,Santa Cruz da Graciosa,4401,São Mateus Scg,,38.6501,-28.1302,1,beira-mar-da-rochela
PT,Portugal,Portugal,9880-201,Praia,Azores,23,Santa Cruz da Graciosa,4401,São Mateus Scg,,38.6501,-28.1302,1,praia
PT,Portugal,Portugal,9880-202,Cancela,Azores,23,Santa Cruz da Graciosa,4401,São Mateus Scg,,38.6501,-28.1302,1,cancela
PT,Portugal,Portugal,9880-203,Praia,Azores,23,Santa Cruz da Graciosa,4401,São Mateus Scg,,38.6501,-28.1302,1,praia
PT,Portugal,Portugal,9880-203,Fenais,Azores,23,Santa Cruz da Graciosa,4401,São Mateus Scg,,38.6501,-28.1302,1,fenais
PT,Portugal,Portugal,9880-204,Feteira,Azores,23,Santa Cruz da Graciosa,4401,São Mateus Scg,,38.6501,-28.1302,1,feteira
PT,Portugal,Portugal,9880-206,Lagoa,Azores,23,Santa Cruz da Graciosa,4401,São Mateus Scg,,38.6501,-28.1302,1,lagoa
PT,Portugal,Portugal,9880-210,Vila da Praia,Azores,23,Santa Cruz da Graciosa,4401,São Mateus Scg,,38.6501,-28.1302,1,vila-da-praia
PT,Portugal,Portugal,9880-211,Fonte do Mato,Azores,23,Santa Cruz da Graciosa,4401,São Mateus Scg,,38.6501,-28.1302,1,fonte-do-mato
PT,Portugal,Portugal,9880-212,Vila da Praia,Azores,23,Santa Cruz da Graciosa,4401,São Mateus Scg,,38.6501,-28.1302,1,vila-da-praia
PT,Portugal,Portugal,9880-213,Fonte do Mato,Azores,23,Santa Cruz da Graciosa,4401,São Mateus Scg,,38.6501,-28.1302,1,fonte-do-mato
PT,Portugal,Portugal,9880-214,Fonte do Mato,Azores,23,Santa Cruz da Graciosa,4401,São Mateus Scg,,38.6501,-28.1302,1,fonte-do-mato
PT,Portugal,Portugal,9880-215,Vila da Praia,Azores,23,Santa Cruz da Graciosa,4401,São Mateus Scg,,38.6501,-28.1302,1,vila-da-praia
PT,Portugal,Portugal,9880-216,Fonte do Mato,Azores,23,Santa Cruz da Graciosa,4401,São Mateus Scg,,38.6501,-28.1302,1,fonte-do-mato
PT,Portugal,Portugal,9880-217,Vila da Praia,Azores,23,Santa Cruz da Graciosa,4401,São Mateus Scg,,38.6501,-28.1302,1,vila-da-praia
PT,Portugal,Portugal,9880-218,Luz,Azores,23,Santa Cruz da Graciosa,4401,Luz Scg,,38.6501,-28.1302,1,luz
PT,Portugal,Portugal,9880-219,Vila da Praia,Azores,23,Santa Cruz da Graciosa,4401,São Mateus Scg,,38.6501,-28.1302,1,vila-da-praia
PT,Portugal,Portugal,9880-220,Vila da Praia,Azores,23,Santa Cruz da Graciosa,4401,São Mateus Scg,,38.6501,-28.1302,1,vila-da-praia
PT,Portugal,Portugal,9880-221,Vila da Praia,Azores,23,Santa Cruz da Graciosa,4401,São Mateus Scg,,38.6501,-28.1302,1,vila-da-praia
PT,Portugal,Portugal,9880-222,Fonte do Mato,Azores,23,Santa Cruz da Graciosa,4401,São Mateus Scg,,38.6501,-28.1302,1,fonte-do-mato
PT,Portugal,Portugal,9880-223,Vila da Praia,Azores,23,Santa Cruz da Graciosa,4401,São Mateus Scg,,38.6501,-28.1302,1,vila-da-praia
PT,Portugal,Portugal,9880-224,Vila da Praia,Azores,23,Santa Cruz da Graciosa,4401,São Mateus Scg,,38.6501,-28.1302,1,vila-da-praia
PT,Portugal,Portugal,9880-225,Vila da Praia,Azores,23,Santa Cruz da Graciosa,4401,São Mateus Scg,,38.6501,-28.1302,1,vila-da-praia
PT,Portugal,Portugal,9880-226,Vila da Praia,Azores,23,Santa Cruz da Graciosa,4401,São Mateus Scg,,38.6501,-28.1302,1,vila-da-praia
PT,Portugal,Portugal,9880-227,Vila da Praia,Azores,23,Santa Cruz da Graciosa,4401,São Mateus Scg,,38.6501,-28.1302,1,vila-da-praia
PT,Portugal,Portugal,9880-229,Vila da Praia,Azores,23,Santa Cruz da Graciosa,4401,São Mateus Scg,,38.6501,-28.1302,1,vila-da-praia
PT,Portugal,Portugal,9880-230,Vila da Praia,Azores,23,Santa Cruz da Graciosa,4401,São Mateus Scg,,38.6501,-28.1302,1,vila-da-praia
PT,Portugal,Portugal,9880-232,Vila da Praia,Azores,23,Santa Cruz da Graciosa,4401,São Mateus Scg,,38.6501,-28.1302,1,vila-da-praia
PT,Portugal,Portugal,9880-233,Vila da Praia,Azores,23,Santa Cruz da Graciosa,4401,São Mateus Scg,,38.6501,-28.1302,1,vila-da-praia
PT,Portugal,Portugal,9880-234,Fonte do Mato,Azores,23,Santa Cruz da Graciosa,4401,São Mateus Scg,,38.6501,-28.1302,1,fonte-do-mato
PT,Portugal,Portugal,9880-235,Vila da Praia,Azores,23,Santa Cruz da Graciosa,4401,São Mateus Scg,,38.6501,-28.1302,1,vila-da-praia
PT,Portugal,Portugal,9880-236,Praia,Azores,23,Santa Cruz da Graciosa,4401,São Mateus Scg,,38.6501,-28.1302,1,praia
PT,Portugal,Portugal,9880-236,Vila da Praia,Azores,23,Santa Cruz da Graciosa,4401,São Mateus Scg,,38.6501,-28.1302,1,vila-da-praia
PT,Portugal,Portugal,9880-237,Vila da Praia,Azores,23,Santa Cruz da Graciosa,4401,São Mateus Scg,,38.6501,-28.1302,1,vila-da-praia
PT,Portugal,Portugal,9880-238,Vila da Praia,Azores,23,Santa Cruz da Graciosa,4401,São Mateus Scg,,38.6501,-28.1302,1,vila-da-praia
PT,Portugal,Portugal,9880-238,Fonte do Mato,Azores,23,Santa Cruz da Graciosa,4401,São Mateus Scg,,38.6501,-28.1302,1,fonte-do-mato
PT,Portugal,Portugal,9880-239,Vila da Praia,Azores,23,Santa Cruz da Graciosa,4401,São Mateus Scg,,38.6501,-28.1302,1,vila-da-praia
PT,Portugal,Portugal,9880-241,Vila da Praia,Azores,23,Santa Cruz da Graciosa,4401,São Mateus Scg,,38.6501,-28.1302,1,vila-da-praia
PT,Portugal,Portugal,9880-243,Vila da Praia,Azores,23,Santa Cruz da Graciosa,4401,São Mateus Scg,,38.6501,-28.1302,1,vila-da-praia
PT,Portugal,Portugal,9880-244,Vila da Praia,Azores,23,Santa Cruz da Graciosa,4401,São Mateus Scg,,38.6501,-28.1302,1,vila-da-praia
PT,Portugal,Portugal,9880-245,Vila da Praia,Azores,23,Santa Cruz da Graciosa,4401,São Mateus Scg,,38.6501,-28.1302,1,vila-da-praia
PT,Portugal,Portugal,9880-246,Lagoa,Azores,23,Santa Cruz da Graciosa,4401,São Mateus Scg,,38.6501,-28.1302,1,lagoa
PT,Portugal,Portugal,9880-247,Praia,Azores,23,Santa Cruz da Graciosa,4401,São Mateus Scg,,38.6501,-28.1302,1,praia
PT,Portugal,Portugal,9880-248,Praia,Azores,23,Santa Cruz da Graciosa,4401,São Mateus Scg,,38.6501,-28.1302,1,praia
PT,Portugal,Portugal,9880-280,Praia,Azores,23,Santa Cruz da Graciosa,4401,São Mateus Scg,,38.6501,-28.1302,1,praia
PT,Portugal,Portugal,9880-285,Fonte do Mato,Azores,23,Santa Cruz da Graciosa,4401,São Mateus Scg,,38.6501,-28.1302,1,fonte-do-mato
PT,Portugal,Portugal,9880-285,Trás dos Pomares,Azores,23,Santa Cruz da Graciosa,4401,São Mateus Scg,,38.6501,-28.1302,1,tras-dos-pomares
PT,Portugal,Portugal,9880-301,Alto da Ribeirinha,Azores,23,Santa Cruz da Graciosa,4401,Santa Cruz Da Graciosa,440104,38.6501,-28.1302,1,alto-da-ribeirinha
PT,Portugal,Portugal,9880-302,Santa Cruz da Graciosa,Azores,23,Santa Cruz da Graciosa,4401,Santa Cruz Da Graciosa,440104,38.6501,-28.1302,1,santa-cruz-da-graciosa
PT,Portugal,Portugal,9880-303,Santa Cruz da Graciosa,Azores,23,Santa Cruz da Graciosa,4401,Santa Cruz Da Graciosa,440104,38.6501,-28.1302,1,santa-cruz-da-graciosa
PT,Portugal,Portugal,9880-304,Santa Cruz da Graciosa,Azores,23,Santa Cruz da Graciosa,4401,Santa Cruz Da Graciosa,440104,38.6501,-28.1302,1,santa-cruz-da-graciosa
PT,Portugal,Portugal,9880-304,Calhau Miúdo,Azores,23,Santa Cruz da Graciosa,4401,Santa Cruz Da Graciosa,440104,38.6501,-28.1302,1,calhau-miudo
PT,Portugal,Portugal,9880-306,Canto do Quarteiro,Azores,23,Santa Cruz da Graciosa,4401,Santa Cruz Da Graciosa,440104,38.6501,-28.1302,1,canto-do-quarteiro
PT,Portugal,Portugal,9880-307,Carreira Aberta,Azores,23,Santa Cruz da Graciosa,4401,Santa Cruz Da Graciosa,440104,38.6501,-28.1302,1,carreira-aberta
PT,Portugal,Portugal,9880-308,Charco da Cruz,Azores,23,Santa Cruz da Graciosa,4401,Santa Cruz Da Graciosa,440104,38.6501,-28.1302,1,charco-da-cruz
PT,Portugal,Portugal,9880-308,Santa Cruz da Graciosa,Azores,23,Santa Cruz da Graciosa,4401,Santa Cruz Da Graciosa,440104,38.6501,-28.1302,1,santa-cruz-da-graciosa
PT,Portugal,Portugal,9880-309,Santa Cruz da Graciosa,Azores,23,Santa Cruz da Graciosa,4401,Santa Cruz Da Graciosa,440104,38.6501,-28.1302,1,santa-cruz-da-graciosa
PT,Portugal,Portugal,9880-309,Charco Velho,Azores,23,Santa Cruz da Graciosa,4401,Santa Cruz Da Graciosa,440104,38.6501,-28.1302,1,charco-velho
PT,Portugal,Portugal,9880-310,Covas,Azores,23,Santa Cruz da Graciosa,4401,Santa Cruz Da Graciosa,440104,38.6501,-28.1302,1,covas
PT,Portugal,Portugal,9880-311,Santa Cruz da Graciosa,Azores,23,Santa Cruz da Graciosa,4401,Santa Cruz Da Graciosa,440104,38.6501,-28.1302,1,santa-cruz-da-graciosa
PT,Portugal,Portugal,9880-311,Cruz do Bairro,Azores,23,Santa Cruz da Graciosa,4401,Santa Cruz Da Graciosa,440104,38.6501,-28.1302,1,cruz-do-bairro
PT,Portugal,Portugal,9880-312,Dores,Azores,23,Santa Cruz da Graciosa,4401,Santa Cruz Da Graciosa,440104,38.6501,-28.1302,1,dores
PT,Portugal,Portugal,9880-312,Santa Cruz da Graciosa,Azores,23,Santa Cruz da Graciosa,4401,Santa Cruz Da Graciosa,440104,38.6501,-28.1302,1,santa-cruz-da-graciosa
PT,Portugal,Portugal,9880-313,Santa Cruz da Graciosa,Azores,23,Santa Cruz da Graciosa,4401,Santa Cruz Da Graciosa,440104,38.6501,-28.1302,1,santa-cruz-da-graciosa
PT,Portugal,Portugal,9880-313,Fontes,Azores,23,Santa Cruz da Graciosa,4401,Santa Cruz Da Graciosa,440104,38.6501,-28.1302,1,fontes
PT,Portugal,Portugal,9880-314,Jardim dos Funchais,Azores,23,Santa Cruz da Graciosa,4401,Santa Cruz Da Graciosa,440104,38.6501,-28.1302,1,jardim-dos-funchais
PT,Portugal,Portugal,9880-314,Santa Cruz da Graciosa,Azores,23,Santa Cruz da Graciosa,4401,Santa Cruz Da Graciosa,440104,38.6501,-28.1302,1,santa-cruz-da-graciosa
PT,Portugal,Portugal,9880-315,Santa Cruz da Graciosa,Azores,23,Santa Cruz da Graciosa,4401,Santa Cruz Da Graciosa,440104,38.6501,-28.1302,1,santa-cruz-da-graciosa
PT,Portugal,Portugal,9880-315,Quitadouro,Azores,23,Santa Cruz da Graciosa,4401,Santa Cruz Da Graciosa,440104,38.6501,-28.1302,1,quitadouro
PT,Portugal,Portugal,9880-316,Santa Cruz da Graciosa,Azores,23,Santa Cruz da Graciosa,4401,Santa Cruz Da Graciosa,440104,38.6501,-28.1302,1,santa-cruz-da-graciosa
PT,Portugal,Portugal,9880-316,Rebentão,Azores,23,Santa Cruz da Graciosa,4401,Santa Cruz Da Graciosa,440104,38.6501,-28.1302,1,rebentao
PT,Portugal,Portugal,9880-320,Santa Cruz da Graciosa,Azores,23,Santa Cruz da Graciosa,4401,Santa Cruz Da Graciosa,440104,38.6501,-28.1302,1,santa-cruz-da-graciosa
PT,Portugal,Portugal,9880-321,Santa Cruz da Graciosa,Azores,23,Santa Cruz da Graciosa,4401,Santa Cruz Da Graciosa,440104,38.6501,-28.1302,1,santa-cruz-da-graciosa
PT,Portugal,Portugal,9880-323,Santa Cruz da Graciosa,Azores,23,Santa Cruz da Graciosa,4401,Santa Cruz Da Graciosa,440104,38.6501,-28.1302,1,santa-cruz-da-graciosa
PT,Portugal,Portugal,9880-324,Santa Cruz da Graciosa,Azores,23,Santa Cruz da Graciosa,4401,Santa Cruz Da Graciosa,440104,38.6501,-28.1302,1,santa-cruz-da-graciosa
PT,Portugal,Portugal,9880-325,Santa Cruz da Graciosa,Azores,23,Santa Cruz da Graciosa,4401,Santa Cruz Da Graciosa,440104,38.6501,-28.1302,1,santa-cruz-da-graciosa
PT,Portugal,Portugal,9880-326,Santa Cruz da Graciosa,Azores,23,Santa Cruz da Graciosa,4401,Santa Cruz Da Graciosa,440104,38.6501,-28.1302,1,santa-cruz-da-graciosa
PT,Portugal,Portugal,9880-328,Santa Cruz da Graciosa,Azores,23,Santa Cruz da Graciosa,4401,Santa Cruz Da Graciosa,440104,38.6501,-28.1302,1,santa-cruz-da-graciosa
PT,Portugal,Portugal,9880-329,Santa Cruz da Graciosa,Azores,23,Santa Cruz da Graciosa,4401,Santa Cruz Da Graciosa,440104,38.6501,-28.1302,1,santa-cruz-da-graciosa
PT,Portugal,Portugal,9880-330,Santa Cruz da Graciosa,Azores,23,Santa Cruz da Graciosa,4401,Santa Cruz Da Graciosa,440104,38.6501,-28.1302,1,santa-cruz-da-graciosa
PT,Portugal,Portugal,9880-331,Santa Cruz da Graciosa,Azores,23,Santa Cruz da Graciosa,4401,Santa Cruz Da Graciosa,440104,38.6501,-28.1302,1,santa-cruz-da-graciosa
PT,Portugal,Portugal,9880-332,Santa Cruz da Graciosa,Azores,23,Santa Cruz da Graciosa,4401,Santa Cruz Da Graciosa,440104,38.6501,-28.1302,1,santa-cruz-da-graciosa
PT,Portugal,Portugal,9880-333,Santa Cruz da Graciosa,Azores,23,Santa Cruz da Graciosa,4401,Santa Cruz Da Graciosa,440104,38.6501,-28.1302,1,santa-cruz-da-graciosa
PT,Portugal,Portugal,9880-334,Santa Cruz da Graciosa,Azores,23,Santa Cruz da Graciosa,4401,Santa Cruz Da Graciosa,440104,38.6501,-28.1302,1,santa-cruz-da-graciosa
PT,Portugal,Portugal,9880-336,Santa Cruz da Graciosa,Azores,23,Santa Cruz da Graciosa,4401,Santa Cruz Da Graciosa,440104,38.6501,-28.1302,1,santa-cruz-da-graciosa
PT,Portugal,Portugal,9880-338,Santa Cruz da Graciosa,Azores,23,Santa Cruz da Graciosa,4401,Santa Cruz Da Graciosa,440104,38.6501,-28.1302,1,santa-cruz-da-graciosa
PT,Portugal,Portugal,9880-339,Santa Cruz da Graciosa,Azores,23,Santa Cruz da Graciosa,4401,Santa Cruz Da Graciosa,440104,38.6501,-28.1302,1,santa-cruz-da-graciosa
PT,Portugal,Portugal,9880-340,Santa Cruz da Graciosa,Azores,23,Santa Cruz da Graciosa,4401,Santa Cruz Da Graciosa,440104,38.6501,-28.1302,1,santa-cruz-da-graciosa
PT,Portugal,Portugal,9880-342,Santa Cruz da Graciosa,Azores,23,Santa Cruz da Graciosa,4401,Santa Cruz Da Graciosa,440104,38.6501,-28.1302,1,santa-cruz-da-graciosa
PT,Portugal,Portugal,9880-343,Santa Cruz da Graciosa,Azores,23,Santa Cruz da Graciosa,4401,Santa Cruz Da Graciosa,440104,38.6501,-28.1302,1,santa-cruz-da-graciosa
PT,Portugal,Portugal,9880-344,Santa Cruz da Graciosa,Azores,23,Santa Cruz da Graciosa,4401,Santa Cruz Da Graciosa,440104,38.6501,-28.1302,1,santa-cruz-da-graciosa
PT,Portugal,Portugal,9880-345,Santa Cruz da Graciosa,Azores,23,Santa Cruz da Graciosa,4401,Santa Cruz Da Graciosa,440104,38.6501,-28.1302,1,santa-cruz-da-graciosa
PT,Portugal,Portugal,9880-346,Santa Cruz da Graciosa,Azores,23,Santa Cruz da Graciosa,4401,Santa Cruz Da Graciosa,440104,38.6501,-28.1302,1,santa-cruz-da-graciosa
PT,Portugal,Portugal,9880-347,Santa Cruz da Graciosa,Azores,23,Santa Cruz da Graciosa,4401,Santa Cruz Da Graciosa,440104,38.6501,-28.1302,1,santa-cruz-da-graciosa
PT,Portugal,Portugal,9880-348,Fontes,Azores,23,Santa Cruz da Graciosa,4401,Santa Cruz Da Graciosa,440104,38.6501,-28.1302,1,fontes
PT,Portugal,Portugal,9880-349,Santa Cruz da Graciosa,Azores,23,Santa Cruz da Graciosa,4401,Santa Cruz Da Graciosa,440104,38.6501,-28.1302,1,santa-cruz-da-graciosa
PT,Portugal,Portugal,9880-350,Santa Cruz da Graciosa,Azores,23,Santa Cruz da Graciosa,4401,Santa Cruz Da Graciosa,440104,38.6501,-28.1302,1,santa-cruz-da-graciosa
PT,Portugal,Portugal,9880-351,Santa Cruz da Graciosa,Azores,23,Santa Cruz da Graciosa,4401,Santa Cruz Da Graciosa,440104,38.6501,-28.1302,1,santa-cruz-da-graciosa
PT,Portugal,Portugal,9880-352,Santa Cruz da Graciosa,Azores,23,Santa Cruz da Graciosa,4401,Santa Cruz Da Graciosa,440104,38.6501,-28.1302,1,santa-cruz-da-graciosa
PT,Portugal,Portugal,9880-353,Santa Cruz da Graciosa,Azores,23,Santa Cruz da Graciosa,4401,Santa Cruz Da Graciosa,440104,38.6501,-28.1302,1,santa-cruz-da-graciosa
PT,Portugal,Portugal,9880-354,Santa Cruz da Graciosa,Azores,23,Santa Cruz da Graciosa,4401,Santa Cruz Da Graciosa,440104,38.6501,-28.1302,1,santa-cruz-da-graciosa
PT,Portugal,Portugal,9880-355,Santa Cruz da Graciosa,Azores,23,Santa Cruz da Graciosa,4401,Santa Cruz Da Graciosa,440104,38.6501,-28.1302,1,santa-cruz-da-graciosa
PT,Portugal,Portugal,9880-356,Santa Cruz da Graciosa,Azores,23,Santa Cruz da Graciosa,4401,Santa Cruz Da Graciosa,440104,38.6501,-28.1302,1,santa-cruz-da-graciosa
PT,Portugal,Portugal,9880-357,Santa Cruz da Graciosa,Azores,23,Santa Cruz da Graciosa,4401,Santa Cruz Da Graciosa,440104,38.6501,-28.1302,1,santa-cruz-da-graciosa
PT,Portugal,Portugal,9880-358,Santa Cruz da Graciosa,Azores,23,Santa Cruz da Graciosa,4401,Santa Cruz Da Graciosa,440104,38.6501,-28.1302,1,santa-cruz-da-graciosa
PT,Portugal,Portugal,9880-359,Santa Cruz da Graciosa,Azores,23,Santa Cruz da Graciosa,4401,Santa Cruz Da Graciosa,440104,38.6501,-28.1302,1,santa-cruz-da-graciosa
PT,Portugal,Portugal,9880-360,Santa Cruz da Graciosa,Azores,23,Santa Cruz da Graciosa,4401,Santa Cruz Da Graciosa,440104,38.6501,-28.1302,1,santa-cruz-da-graciosa
PT,Portugal,Portugal,9880-361,Santa Cruz da Graciosa,Azores,23,Santa Cruz da Graciosa,4401,Santa Cruz Da Graciosa,440104,38.6501,-28.1302,1,santa-cruz-da-graciosa
PT,Portugal,Portugal,9880-362,Santa Cruz da Graciosa,Azores,23,Santa Cruz da Graciosa,4401,Santa Cruz Da Graciosa,440104,38.6501,-28.1302,1,santa-cruz-da-graciosa
PT,Portugal,Portugal,9880-363,Santa Cruz da Graciosa,Azores,23,Santa Cruz da Graciosa,4401,Santa Cruz Da Graciosa,440104,38.6501,-28.1302,1,santa-cruz-da-graciosa
PT,Portugal,Portugal,9880-364,Santa Cruz da Graciosa,Azores,23,Santa Cruz da Graciosa,4401,Santa Cruz Da Graciosa,440104,38.6501,-28.1302,1,santa-cruz-da-graciosa
PT,Portugal,Portugal,9880-365,Santa Cruz da Graciosa,Azores,23,Santa Cruz da Graciosa,4401,Santa Cruz Da Graciosa,440104,38.6501,-28.1302,1,santa-cruz-da-graciosa
PT,Portugal,Portugal,9880-366,Santa Cruz da Graciosa,Azores,23,Santa Cruz da Graciosa,4401,Santa Cruz Da Graciosa,440104,38.6501,-28.1302,1,santa-cruz-da-graciosa
PT,Portugal,Portugal,9880-367,Santa Cruz da Graciosa,Azores,23,Santa Cruz da Graciosa,4401,Santa Cruz Da Graciosa,440104,38.6501,-28.1302,1,santa-cruz-da-graciosa
PT,Portugal,Portugal,9880-368,Santa Cruz da Graciosa,Azores,23,Santa Cruz da Graciosa,4401,Santa Cruz Da Graciosa,440104,38.6501,-28.1302,1,santa-cruz-da-graciosa
PT,Portugal,Portugal,9880-369,Santa Cruz da Graciosa,Azores,23,Santa Cruz da Graciosa,4401,Santa Cruz Da Graciosa,440104,38.6501,-28.1302,1,santa-cruz-da-graciosa
PT,Portugal,Portugal,9880-370,Santa Cruz da Graciosa,Azores,23,Santa Cruz da Graciosa,4401,Santa Cruz Da Graciosa,440104,38.6501,-28.1302,1,santa-cruz-da-graciosa
PT,Portugal,Portugal,9880-371,Santa Cruz da Graciosa,Azores,23,Santa Cruz da Graciosa,4401,Santa Cruz Da Graciosa,440104,38.6501,-28.1302,1,santa-cruz-da-graciosa
PT,Portugal,Portugal,9880-372,Santa Cruz da Graciosa,Azores,23,Santa Cruz da Graciosa,4401,Santa Cruz Da Graciosa,440104,38.6501,-28.1302,1,santa-cruz-da-graciosa
PT,Portugal,Portugal,9880-373,Santa Cruz da Graciosa,Azores,23,Santa Cruz da Graciosa,4401,Santa Cruz Da Graciosa,440104,38.6501,-28.1302,1,santa-cruz-da-graciosa
PT,Portugal,Portugal,9880-374,Santa Cruz da Graciosa,Azores,23,Santa Cruz da Graciosa,4401,Santa Cruz Da Graciosa,440104,38.6501,-28.1302,1,santa-cruz-da-graciosa
PT,Portugal,Portugal,9880-375,Santa Cruz da Graciosa,Azores,23,Santa Cruz da Graciosa,4401,Santa Cruz Da Graciosa,440104,38.6501,-28.1302,1,santa-cruz-da-graciosa
PT,Portugal,Portugal,9880-376,Santa Cruz da Graciosa,Azores,23,Santa Cruz da Graciosa,4401,Santa Cruz Da Graciosa,440104,38.6501,-28.1302,1,santa-cruz-da-graciosa
PT,Portugal,Portugal,9880-377,Santa Cruz da Graciosa,Azores,23,Santa Cruz da Graciosa,4401,Santa Cruz Da Graciosa,440104,38.6501,-28.1302,1,santa-cruz-da-graciosa
PT,Portugal,Portugal,9880-378,Santa Cruz da Graciosa,Azores,23,Santa Cruz da Graciosa,4401,Santa Cruz Da Graciosa,440104,38.6501,-28.1302,1,santa-cruz-da-graciosa
PT,Portugal,Portugal,9880-379,Santa Cruz da Graciosa,Azores,23,Santa Cruz da Graciosa,4401,Santa Cruz Da Graciosa,440104,38.6501,-28.1302,1,santa-cruz-da-graciosa
PT,Portugal,Portugal,9880-380,Santa Cruz da Graciosa,Azores,23,Santa Cruz da Graciosa,4401,Santa Cruz Da Graciosa,440104,38.6501,-28.1302,1,santa-cruz-da-graciosa
PT,Portugal,Portugal,9880-381,Santa Cruz da Graciosa,Azores,23,Santa Cruz da Graciosa,4401,Santa Cruz Da Graciosa,440104,38.6501,-28.1302,1,santa-cruz-da-graciosa
PT,Portugal,Portugal,9880-382,Santa Cruz da Graciosa,Azores,23,Santa Cruz da Graciosa,4401,Santa Cruz Da Graciosa,440104,38.6501,-28.1302,1,santa-cruz-da-graciosa
PT,Portugal,Portugal,9880-383,Santa Cruz da Graciosa,Azores,23,Santa Cruz da Graciosa,4401,Santa Cruz Da Graciosa,440104,38.6501,-28.1302,1,santa-cruz-da-graciosa
PT,Portugal,Portugal,9880-384,Santa Cruz da Graciosa,Azores,23,Santa Cruz da Graciosa,4401,Santa Cruz Da Graciosa,440104,38.6501,-28.1302,1,santa-cruz-da-graciosa
PT,Portugal,Portugal,9880-385,Santa Cruz da Graciosa,Azores,23,Santa Cruz da Graciosa,4401,Santa Cruz Da Graciosa,440104,38.6501,-28.1302,1,santa-cruz-da-graciosa
PT,Portugal,Portugal,9880-386,Santa Cruz da Graciosa,Azores,23,Santa Cruz da Graciosa,4401,Santa Cruz Da Graciosa,440104,38.6501,-28.1302,1,santa-cruz-da-graciosa
PT,Portugal,Portugal,9880-387,Santa Cruz da Graciosa,Azores,23,Santa Cruz da Graciosa,4401,Santa Cruz Da Graciosa,440104,38.6501,-28.1302,1,santa-cruz-da-graciosa
PT,Portugal,Portugal,9880-388,Santa Cruz da Graciosa,Azores,23,Santa Cruz da Graciosa,4401,Santa Cruz Da Graciosa,440104,38.6501,-28.1302,1,santa-cruz-da-graciosa
PT,Portugal,Portugal,9880-389,Santa Cruz da Graciosa,Azores,23,Santa Cruz da Graciosa,4401,Santa Cruz Da Graciosa,440104,38.6501,-28.1302,1,santa-cruz-da-graciosa
PT,Portugal,Portugal,9880-390,Santa Cruz da Graciosa,Azores,23,Santa Cruz da Graciosa,4401,Santa Cruz Da Graciosa,440104,38.6501,-28.1302,1,santa-cruz-da-graciosa
PT,Portugal,Portugal,9880-391,Santa Cruz da Graciosa,Azores,23,Santa Cruz da Graciosa,4401,Santa Cruz Da Graciosa,440104,38.6501,-28.1302,1,santa-cruz-da-graciosa
PT,Portugal,Portugal,9880-392,Santo Amaro,Azores,23,Santa Cruz da Graciosa,4401,Santa Cruz Da Graciosa,440104,39.0789,-28.0174,1,santo-amaro
PT,Portugal,Portugal,9880-392,Santa Cruz da Graciosa,Azores,23,Santa Cruz da Graciosa,4401,Santa Cruz Da Graciosa,440104,38.6501,-28.1302,1,santa-cruz-da-graciosa
PT,Portugal,Portugal,9880-393,Sumidouro,Azores,23,Santa Cruz da Graciosa,4401,Santa Cruz Da Graciosa,440104,38.6501,-28.1302,1,sumidouro
PT,Portugal,Portugal,9880-394,Vela Latina,Azores,23,Santa Cruz da Graciosa,4401,Santa Cruz Da Graciosa,440104,38.6501,-28.1302,1,vela-latina
PT,Portugal,Portugal,9880-997,Luz,Azores,23,Santa Cruz da Graciosa,4401,Luz Scg,,38.6501,-28.1302,1,luz
PT,Portugal,Portugal,9880-998,Vila da Praia,Azores,23,Santa Cruz da Graciosa,4401,São Mateus Scg,,38.6501,-28.1302,1,vila-da-praia
PT,Portugal,Portugal,9880-999,Santa Cruz da Graciosa,Azores,23,Santa Cruz da Graciosa,4401,Santa Cruz Da Graciosa,440104,38.6501,-28.1302,1,santa-cruz-da-graciosa
PT,Portugal,Portugal,9850-011,Alcaçarias,Azores,23,Calheta,4501,Calheta (São Jorge),,38.6167,-28.0333,1,alcacarias
PT,Portugal,Portugal,9850-013,Biscoitos,Azores,23,Calheta,4501,Calheta (São Jorge),,38.6167,-28.0333,4,biscoitos
PT,Portugal,Portugal,9850-014,Fajã Grande,Azores,23,Calheta,4501,Calheta (São Jorge),,38.6167,-28.0333,1,faja-grande
PT,Portugal,Portugal,9850-020,Calheta,Azores,23,Calheta,4501,Calheta (São Jorge),,38.6019,-28.0179,4,calheta
PT,Portugal,Portugal,9850-021,Calheta,Azores,23,Calheta,4501,Calheta (São Jorge),,38.6019,-28.0179,4,calheta
PT,Portugal,Portugal,9850-022,Calheta,Azores,23,Calheta,4501,Calheta (São Jorge),,38.6019,-28.0179,4,calheta
PT,Portugal,Portugal,9850-023,Calheta,Azores,23,Calheta,4501,Calheta (São Jorge),,38.6019,-28.0179,4,calheta
PT,Portugal,Portugal,9850-025,Calheta,Azores,23,Calheta,4501,Calheta (São Jorge),,38.6019,-28.0179,4,calheta
PT,Portugal,Portugal,9850-026,Biscoitos,Azores,23,Calheta,4501,Calheta (São Jorge),,38.6167,-28.0333,4,biscoitos
PT,Portugal,Portugal,9850-027,Calheta,Azores,23,Calheta,4501,Calheta (São Jorge),,38.6019,-28.0179,4,calheta
PT,Portugal,Portugal,9850-028,Calheta,Azores,23,Calheta,4501,Calheta (São Jorge),,38.6019,-28.0179,4,calheta
PT,Portugal,Portugal,9850-029,Calheta,Azores,23,Calheta,4501,Calheta (São Jorge),,38.6019,-28.0179,4,calheta
PT,Portugal,Portugal,9850-030,Calheta,Azores,23,Calheta,4501,Calheta (São Jorge),,38.6019,-28.0179,4,calheta
PT,Portugal,Portugal,9850-031,Calheta,Azores,23,Calheta,4501,Calheta (São Jorge),,38.6019,-28.0179,4,calheta
PT,Portugal,Portugal,9850-032,Calheta,Azores,23,Calheta,4501,Calheta (São Jorge),,38.6019,-28.0179,4,calheta
PT,Portugal,Portugal,9850-033,Calheta,Azores,23,Calheta,4501,Calheta (São Jorge),,38.6019,-28.0179,4,calheta
PT,Portugal,Portugal,9850-034,Calheta,Azores,23,Calheta,4501,Calheta (São Jorge),,38.6019,-28.0179,4,calheta
PT,Portugal,Portugal,9850-035,Calheta,Azores,23,Calheta,4501,Calheta (São Jorge),,38.6019,-28.0179,4,calheta
PT,Portugal,Portugal,9850-036,Calheta,Azores,23,Calheta,4501,Calheta (São Jorge),,38.6019,-28.0179,4,calheta
PT,Portugal,Portugal,9850-037,Calheta,Azores,23,Calheta,4501,Calheta (São Jorge),,38.6019,-28.0179,4,calheta
PT,Portugal,Portugal,9850-038,Calheta,Azores,23,Calheta,4501,Calheta (São Jorge),,38.6019,-28.0179,4,calheta
PT,Portugal,Portugal,9850-039,Calheta,Azores,23,Calheta,4501,Calheta (São Jorge),,38.6019,-28.0179,4,calheta
PT,Portugal,Portugal,9850-040,Calheta,Azores,23,Calheta,4501,Calheta (São Jorge),,38.6019,-28.0179,4,calheta
PT,Portugal,Portugal,9850-041,Calheta,Azores,23,Calheta,4501,Calheta (São Jorge),,38.6019,-28.0179,4,calheta
PT,Portugal,Portugal,9850-042,Calheta,Azores,23,Calheta,4501,Calheta (São Jorge),,38.6019,-28.0179,4,calheta
PT,Portugal,Portugal,9850-044,Calheta,Azores,23,Calheta,4501,Calheta (São Jorge),,38.6019,-28.0179,4,calheta
PT,Portugal,Portugal,9850-045,Calheta,Azores,23,Calheta,4501,Calheta (São Jorge),,38.6019,-28.0179,4,calheta
PT,Portugal,Portugal,9850-061,Calrinhas,Azores,23,Calheta,4501,Calheta (São Jorge),,38.6167,-28.0333,1,calrinhas
PT,Portugal,Portugal,9850-062,Biscoitos,Azores,23,Calheta,4501,Calheta (São Jorge),,38.6167,-28.0333,4,biscoitos
PT,Portugal,Portugal,9850-064,Biscoitos,Azores,23,Calheta,4501,Calheta (São Jorge),,38.6167,-28.0333,4,biscoitos
PT,Portugal,Portugal,9850-065,Carvalho,Azores,23,Calheta,4501,Calheta (São Jorge),,38.6167,-28.0333,1,carvalho
PT,Portugal,Portugal,9850-066,Cimo da Ladeira Velha,Azores,23,Calheta,4501,Calheta (São Jorge),,38.6167,-28.0333,1,cimo-da-ladeira-velha
PT,Portugal,Portugal,9850-067,À Cruz,Azores,23,Calheta,4501,Calheta (São Jorge),,38.6167,-28.0333,1,a-cruz
PT,Portugal,Portugal,9850-068,Biscoitos,Azores,23,Calheta,4501,Calheta (São Jorge),,38.6167,-28.0333,4,biscoitos
PT,Portugal,Portugal,9850-069,Egito,Azores,23,Calheta,4501,Calheta (São Jorge),,38.6167,-28.0333,1,egito
PT,Portugal,Portugal,9850-070,Fajã Grande,Azores,23,Calheta,4501,Calheta (São Jorge),,38.6117,-28.0282,1,faja-grande
PT,Portugal,Portugal,9850-071,Grotão,Azores,23,Calheta,4501,Calheta (São Jorge),,38.6117,-28.0282,1,grotao
PT,Portugal,Portugal,9850-072,Biscoitos,Azores,23,Calheta,4501,Calheta (São Jorge),,38.6167,-28.0333,4,biscoitos
PT,Portugal,Portugal,9850-073,Lourinhas,Azores,23,Calheta,4501,Calheta (São Jorge),,38.6117,-28.0282,1,lourinhas
PT,Portugal,Portugal,9850-074,Biscoitos,Azores,23,Calheta,4501,Calheta (São Jorge),,38.6167,-28.0333,4,biscoitos
PT,Portugal,Portugal,9850-075,Ramal,Azores,23,Calheta,4501,Calheta (São Jorge),,38.6117,-28.0282,1,ramal
PT,Portugal,Portugal,9850-076,Relvinha,Azores,23,Calheta,4501,Calheta (São Jorge),,38.6117,-28.0282,1,relvinha
PT,Portugal,Portugal,9850-077,Ribeira da Calheta,Azores,23,Calheta,4501,Calheta (São Jorge),,38.6117,-28.0282,1,ribeira-da-calheta
PT,Portugal,Portugal,9850-078,Fajã Grande,Azores,23,Calheta,4501,Calheta (São Jorge),,38.6117,-28.0282,1,faja-grande
PT,Portugal,Portugal,9850-079,Calheta,Azores,23,Calheta,4501,Calheta (São Jorge),,38.6019,-28.0179,4,calheta
PT,Portugal,Portugal,9850-080,Vale das Amoras,Azores,23,Calheta,4501,Calheta (São Jorge),,38.6059,-28.0221,1,vale-das-amoras
PT,Portugal,Portugal,9850-102,Fajã da Neca,Azores,23,Calheta,4501,Norte Pequeno,450102,38.6029,-28.0066,1,faja-da-neca
PT,Portugal,Portugal,9850-104,Fajã das Pontas,Azores,23,Calheta,4501,Norte Pequeno,450102,38.6029,-28.0066,1,faja-das-pontas
PT,Portugal,Portugal,9850-105,Fajã do Mero,Azores,23,Calheta,4501,Norte Pequeno,450102,38.6029,-28.0066,1,faja-do-mero
PT,Portugal,Portugal,9850-123,Norte Pequeno,Azores,23,Calheta,4501,Norte Pequeno,450102,38.6029,-28.0066,1,norte-pequeno
PT,Portugal,Portugal,9850-124,Norte Pequeno,Azores,23,Calheta,4501,Norte Pequeno,450102,38.6029,-28.0066,1,norte-pequeno
PT,Portugal,Portugal,9850-125,Norte Pequeno,Azores,23,Calheta,4501,Norte Pequeno,450102,38.6029,-28.0066,1,norte-pequeno
PT,Portugal,Portugal,9850-126,Norte Pequeno,Azores,23,Calheta,4501,Norte Pequeno,450102,38.6029,-28.0066,1,norte-pequeno
PT,Portugal,Portugal,9850-127,Norte Pequeno,Azores,23,Calheta,4501,Norte Pequeno,450102,38.6029,-28.0066,1,norte-pequeno
PT,Portugal,Portugal,9850-129,Norte Pequeno,Azores,23,Calheta,4501,Norte Pequeno,450102,38.6029,-28.0066,1,norte-pequeno
PT,Portugal,Portugal,9850-130,Norte Pequeno,Azores,23,Calheta,4501,Norte Pequeno,450102,38.6029,-28.0066,1,norte-pequeno
PT,Portugal,Portugal,9850-131,Norte Pequeno,Azores,23,Calheta,4501,Norte Pequeno,450102,38.6029,-28.0066,1,norte-pequeno
PT,Portugal,Portugal,9850-162,Norte Pequeno,Azores,23,Calheta,4501,Norte Pequeno,450102,38.6029,-28.0066,1,norte-pequeno
PT,Portugal,Portugal,9850-201,Aveiro,Azores,23,Calheta,4501,Ribeira Seca Cht,,38.5969,-27.974,1,aveiro
PT,Portugal,Portugal,9850-202,Baia,Azores,23,Calheta,4501,Ribeira Seca Cht,,38.5969,-27.974,1,baia
PT,Portugal,Portugal,9850-205,Caldeira de Santo Cristo,Azores,23,Calheta,4501,Ribeira Seca Cht,,38.5969,-27.974,1,caldeira-de-santo-cristo
PT,Portugal,Portugal,9850-206,Canto,Azores,23,Calheta,4501,Ribeira Seca Cht,,38.5969,-27.974,1,canto
PT,Portugal,Portugal,9850-207,Entre Grutões,Azores,23,Calheta,4501,Ribeira Seca Cht,,38.5969,-27.974,1,entre-grutoes
PT,Portugal,Portugal,9850-210,Fajã dos Bodes,Azores,23,Calheta,4501,Ribeira Seca Cht,,38.5667,-27.9167,4,faja-dos-bodes
PT,Portugal,Portugal,9850-211,Fajã dos Cubres,Azores,23,Calheta,4501,Ribeira Seca Cht,,38.575,-27.925,1,faja-dos-cubres
PT,Portugal,Portugal,9850-212,Fajã dos Tijolos,Azores,23,Calheta,4501,Ribeira Seca Cht,,38.575,-27.925,1,faja-dos-tijolos
PT,Portugal,Portugal,9850-213,Fajã dos Vimes,Azores,23,Calheta,4501,Ribeira Seca Cht,,38.5833,-27.9333,4,faja-dos-vimes
PT,Portugal,Portugal,9850-216,Gança,Azores,23,Calheta,4501,Ribeira Seca Cht,,38.575,-27.925,1,ganca
PT,Portugal,Portugal,9850-218,Grotão do Cavalo,Azores,23,Calheta,4501,Ribeira Seca Cht,,38.575,-27.925,1,grotao-do-cavalo
PT,Portugal,Portugal,9850-219,Grotão Seco,Azores,23,Calheta,4501,Ribeira Seca Cht,,38.575,-27.925,1,grotao-seco
PT,Portugal,Portugal,9850-220,Ribeira Seca,Azores,23,Calheta,4501,Ribeira Seca Cht,,38.6,-27.9833,4,ribeira-seca
PT,Portugal,Portugal,9850-221,Ladeira Grande,Azores,23,Calheta,4501,Ribeira Seca Cht,,38.6,-27.9833,1,ladeira-grande
PT,Portugal,Portugal,9850-224,Latina,Azores,23,Calheta,4501,Ribeira Seca Cht,,38.6,-27.9833,1,latina
PT,Portugal,Portugal,9850-225,Lomba,Azores,23,Calheta,4501,Ribeira Seca Cht,,38.6,-27.9833,1,lomba
PT,Portugal,Portugal,9850-226,Loural,Azores,23,Calheta,4501,Ribeira Seca Cht,,38.6,-27.9833,1,loural
PT,Portugal,Portugal,9850-228,Persecas,Azores,23,Calheta,4501,Ribeira Seca Cht,,38.6,-27.9833,1,persecas
PT,Portugal,Portugal,9850-229,Poejal,Azores,23,Calheta,4501,Ribeira Seca Cht,,38.6,-27.9833,1,poejal
PT,Portugal,Portugal,9850-230,Portal,Azores,23,Calheta,4501,Ribeira Seca Cht,,38.6,-27.95,4,portal
PT,Portugal,Portugal,9850-231,Porto Novo,Azores,23,Calheta,4501,Ribeira Seca Cht,,38.6,-27.95,1,porto-novo
PT,Portugal,Portugal,9850-232,Ribeira Acima,Azores,23,Calheta,4501,Ribeira Seca Cht,,38.6,-27.95,1,ribeira-acima
PT,Portugal,Portugal,9850-233,Ribeira da Pedra,Azores,23,Calheta,4501,Ribeira Seca Cht,,38.6,-27.95,1,ribeira-da-pedra
PT,Portugal,Portugal,9850-251,Ribeira Seca,Azores,23,Calheta,4501,Ribeira Seca Cht,,38.6,-27.9833,4,ribeira-seca
PT,Portugal,Portugal,9850-252,Ribeira Seca,Azores,23,Calheta,4501,Ribeira Seca Cht,,38.6,-27.9833,4,ribeira-seca
PT,Portugal,Portugal,9850-253,Ribeira Seca,Azores,23,Calheta,4501,Ribeira Seca Cht,,38.6,-27.9833,4,ribeira-seca
PT,Portugal,Portugal,9850-254,Ribeira Seca,Azores,23,Calheta,4501,Ribeira Seca Cht,,38.6,-27.9833,4,ribeira-seca
PT,Portugal,Portugal,9850-255,Ribeira Seca,Azores,23,Calheta,4501,Ribeira Seca Cht,,38.6,-27.9833,4,ribeira-seca
PT,Portugal,Portugal,9850-256,Ribeira Seca,Azores,23,Calheta,4501,Ribeira Seca Cht,,38.6,-27.9833,4,ribeira-seca
PT,Portugal,Portugal,9850-257,Ribeira Seca,Azores,23,Calheta,4501,Ribeira Seca Cht,,38.6,-27.9833,4,ribeira-seca
PT,Portugal,Portugal,9850-259,Ribeira Seca,Azores,23,Calheta,4501,Ribeira Seca Cht,,38.6,-27.9833,4,ribeira-seca
PT,Portugal,Portugal,9850-260,Ribeira Seca,Azores,23,Calheta,4501,Ribeira Seca Cht,,38.6,-27.9833,4,ribeira-seca
PT,Portugal,Portugal,9850-261,Ribeira Seca,Azores,23,Calheta,4501,Ribeira Seca Cht,,38.6,-27.9833,4,ribeira-seca
PT,Portugal,Portugal,9850-282,Ribeira Seca,Azores,23,Calheta,4501,Ribeira Seca Cht,,38.6,-27.9833,4,ribeira-seca
PT,Portugal,Portugal,9850-283,Silveira,Azores,23,Calheta,4501,Ribeira Seca Cht,,38.6,-27.9833,1,silveira
PT,Portugal,Portugal,9850-284,Tabuleiro,Azores,23,Calheta,4501,Ribeira Seca Cht,,38.6,-27.9833,1,tabuleiro
PT,Portugal,Portugal,9850-285,Tendas,Azores,23,Calheta,4501,Ribeira Seca Cht,,38.6,-27.9833,3,tendas
PT,Portugal,Portugal,9850-285,Ribeira Seca,Azores,23,Calheta,4501,Ribeira Seca Cht,,38.6,-27.9833,4,ribeira-seca
PT,Portugal,Portugal,9850-286,Vale frio,Azores,23,Calheta,4501,Ribeira Seca Cht,,38.6,-27.9833,1,vale-frio
PT,Portugal,Portugal,9850-999,Calheta,Azores,23,Calheta,4501,Calheta (São Jorge),,38.6019,-28.0179,4,calheta
PT,Portugal,Portugal,9875-011,Boeiro,Azores,23,Calheta,4501,Santo Antão,450104,38.6501,-28.1302,1,boeiro
PT,Portugal,Portugal,9875-012,Cabeção,Azores,23,Calheta,4501,Santo Antão,450104,38.6501,-28.1302,1,cabecao
PT,Portugal,Portugal,9875-013,Cabeço de São Tomé,Azores,23,Calheta,4501,Santo Antão,450104,38.6501,-28.1302,1,cabeco-de-sao-tome
PT,Portugal,Portugal,9875-017,Cancelinha,Azores,23,Calheta,4501,Santo Antão,450104,38.6501,-28.1302,1,cancelinha
PT,Portugal,Portugal,9875-020,Cruzal,Azores,23,Calheta,4501,Santo Antão,450104,38.6501,-28.1302,1,cruzal
PT,Portugal,Portugal,9875-027,Fajã de São João,Azores,23,Calheta,4501,Santo Antão,450104,38.6501,-28.1302,1,faja-de-sao-joao
PT,Portugal,Portugal,9875-029,Lameiro,Azores,23,Calheta,4501,Santo Antão,450104,38.6501,-28.1302,1,lameiro
PT,Portugal,Portugal,9875-030,Macela,Azores,23,Calheta,4501,Santo Antão,450104,38.6501,-28.1302,1,macela
PT,Portugal,Portugal,9875-033,Monteiro,Azores,23,Calheta,4501,Santo Antão,450104,38.6501,-28.1302,1,monteiro
PT,Portugal,Portugal,9875-037,Porto da Panela,Azores,23,Calheta,4501,Santo Antão,450104,38.6501,-28.1302,1,porto-da-panela
PT,Portugal,Portugal,9875-038,Preza do Cruzal,Azores,23,Calheta,4501,Santo Antão,450104,38.6501,-28.1302,1,preza-do-cruzal
PT,Portugal,Portugal,9875-039,Ribeira de Lixivias,Azores,23,Calheta,4501,Santo Antão,450104,38.6501,-28.1302,1,ribeira-de-lixivias
PT,Portugal,Portugal,9875-040,Ribeirinha,Azores,23,Calheta,4501,Santo Antão,450104,38.56,-27.8321,1,ribeirinha
PT,Portugal,Portugal,9875-042,Santa Rosa,Azores,23,Calheta,4501,Santo Antão,450104,38.6501,-28.1302,1,santa-rosa
PT,Portugal,Portugal,9875-051,Santo Antão,Azores,23,Calheta,4501,Santo Antão,450104,38.6501,-28.1302,1,santo-antao
PT,Portugal,Portugal,9875-052,Santo Antão,Azores,23,Calheta,4501,Santo Antão,450104,38.6501,-28.1302,1,santo-antao
PT,Portugal,Portugal,9875-053,Santo Antão,Azores,23,Calheta,4501,Santo Antão,450104,38.6501,-28.1302,1,santo-antao
PT,Portugal,Portugal,9875-054,Santo Antão,Azores,23,Calheta,4501,Santo Antão,450104,38.6501,-28.1302,1,santo-antao
PT,Portugal,Portugal,9875-055,Santo Antão,Azores,23,Calheta,4501,Santo Antão,450104,38.6501,-28.1302,1,santo-antao
PT,Portugal,Portugal,9875-056,Santo Antão,Azores,23,Calheta,4501,Santo Antão,450104,38.6501,-28.1302,1,santo-antao
PT,Portugal,Portugal,9875-057,Santo Antão,Azores,23,Calheta,4501,Santo Antão,450104,38.6501,-28.1302,1,santo-antao
PT,Portugal,Portugal,9875-058,Santo Antão,Azores,23,Calheta,4501,Santo Antão,450104,38.6501,-28.1302,1,santo-antao
PT,Portugal,Portugal,9875-059,Santo Antão,Azores,23,Calheta,4501,Santo Antão,450104,38.6501,-28.1302,1,santo-antao
PT,Portugal,Portugal,9875-060,Santo Antão,Azores,23,Calheta,4501,Santo Antão,450104,38.6501,-28.1302,1,santo-antao
PT,Portugal,Portugal,9875-061,Santo Antão,Azores,23,Calheta,4501,Santo Antão,450104,38.6501,-28.1302,1,santo-antao
PT,Portugal,Portugal,9875-062,Santo Antão,Azores,23,Calheta,4501,Santo Antão,450104,38.6501,-28.1302,1,santo-antao
PT,Portugal,Portugal,9875-063,Santo Antão,Azores,23,Calheta,4501,Santo Antão,450104,38.6501,-28.1302,1,santo-antao
PT,Portugal,Portugal,9875-064,Santo Antão,Azores,23,Calheta,4501,Santo Antão,450104,38.6501,-28.1302,1,santo-antao
PT,Portugal,Portugal,9875-065,Santo Antão,Azores,23,Calheta,4501,Santo Antão,450104,38.6501,-28.1302,1,santo-antao
PT,Portugal,Portugal,9875-066,Santo Antão,Azores,23,Calheta,4501,Santo Antão,450104,38.6501,-28.1302,1,santo-antao
PT,Portugal,Portugal,9875-067,Santo Antão,Azores,23,Calheta,4501,Santo Antão,450104,38.6501,-28.1302,1,santo-antao
PT,Portugal,Portugal,9875-068,Santo Antão,Azores,23,Calheta,4501,Santo Antão,450104,38.6501,-28.1302,1,santo-antao
PT,Portugal,Portugal,9875-069,Santo Antão,Azores,23,Calheta,4501,Santo Antão,450104,38.6501,-28.1302,1,santo-antao
PT,Portugal,Portugal,9875-070,Santo Antão,Azores,23,Calheta,4501,Santo Antão,450104,38.6501,-28.1302,1,santo-antao
PT,Portugal,Portugal,9875-082,São Tomé,Azores,23,Calheta,4501,Santo Antão,450104,38.6501,-28.1302,1,sao-tome
PT,Portugal,Portugal,9875-085,Serrado do Caminho,Azores,23,Calheta,4501,Santo Antão,450104,38.6501,-28.1302,1,serrado-do-caminho
PT,Portugal,Portugal,9875-086,Sete Fontes,Azores,23,Calheta,4501,Santo Antão,450104,38.6501,-28.1302,1,sete-fontes
PT,Portugal,Portugal,9875-087,Tronqueiras,Azores,23,Calheta,4501,Santo Antão,450104,38.6501,-28.1302,1,tronqueiras
PT,Portugal,Portugal,9875-101,Alqueve,Azores,23,Calheta,4501,Topo,,38.6501,-28.1302,1,alqueve
PT,Portugal,Portugal,9875-102,Areal,Azores,23,Calheta,4501,Topo,,38.6501,-28.1302,1,areal
PT,Portugal,Portugal,9875-103,Baleia,Azores,23,Calheta,4501,Topo,,38.6501,-28.1302,1,baleia
PT,Portugal,Portugal,9875-104,Barreiro,Azores,23,Calheta,4501,Topo,,38.6501,-28.1302,1,barreiro
PT,Portugal,Portugal,9875-105,Cancela D'água,Azores,23,Calheta,4501,Topo,,38.6501,-28.1302,1,cancela-d-agua
PT,Portugal,Portugal,9875-106,Cancelas,Azores,23,Calheta,4501,Topo,,38.6501,-28.1302,1,cancelas
PT,Portugal,Portugal,9875-108,Canto do Norte,Azores,23,Calheta,4501,Topo,,38.6501,-28.1302,1,canto-do-norte
PT,Portugal,Portugal,9875-109,Engenho,Azores,23,Calheta,4501,Topo,,38.6501,-28.1302,1,engenho
PT,Portugal,Portugal,9875-110,Fajã dos Cubres,Azores,23,Calheta,4501,Topo,,38.6501,-28.1302,1,faja-dos-cubres
PT,Portugal,Portugal,9875-111,Levada,Azores,23,Calheta,4501,Topo,,38.6501,-28.1302,1,levada
PT,Portugal,Portugal,9875-112,Lomba,Azores,23,Calheta,4501,Topo,,38.6501,-28.1302,1,lomba
PT,Portugal,Portugal,9875-113,Miragaia,Azores,23,Calheta,4501,Topo,,38.6501,-28.1302,1,miragaia
PT,Portugal,Portugal,9875-114,Poço Verde,Azores,23,Calheta,4501,Topo,,38.6501,-28.1302,1,poco-verde
PT,Portugal,Portugal,9875-115,Ponta do Topo,Azores,23,Calheta,4501,Topo,,38.6501,-28.1302,1,ponta-do-topo
PT,Portugal,Portugal,9875-116,Pontinha,Azores,23,Calheta,4501,Topo,,38.6501,-28.1302,1,pontinha
PT,Portugal,Portugal,9875-117,Ribeira dos Cavaleiros,Azores,23,Calheta,4501,Topo,,38.6501,-28.1302,1,ribeira-dos-cavaleiros
PT,Portugal,Portugal,9875-118,São Pedro,Azores,23,Calheta,4501,Topo,,38.6501,-28.1302,1,sao-pedro
PT,Portugal,Portugal,9875-151,Vila do Topo,Azores,23,Calheta,4501,Topo,,38.6501,-28.1302,1,vila-do-topo
PT,Portugal,Portugal,9875-152,Vila do Topo,Azores,23,Calheta,4501,Topo,,38.6501,-28.1302,1,vila-do-topo
PT,Portugal,Portugal,9875-153,Vila do Topo,Azores,23,Calheta,4501,Topo,,38.6501,-28.1302,1,vila-do-topo
PT,Portugal,Portugal,9875-154,Vila do Topo,Azores,23,Calheta,4501,Topo,,38.6501,-28.1302,1,vila-do-topo
PT,Portugal,Portugal,9875-155,Vila do Topo,Azores,23,Calheta,4501,Topo,,38.6501,-28.1302,1,vila-do-topo
PT,Portugal,Portugal,9875-156,Vila do Topo,Azores,23,Calheta,4501,Topo,,38.6501,-28.1302,1,vila-do-topo
PT,Portugal,Portugal,9875-157,Vila do Topo,Azores,23,Calheta,4501,Topo,,38.6501,-28.1302,1,vila-do-topo
PT,Portugal,Portugal,9875-158,Vila do Topo,Azores,23,Calheta,4501,Topo,,38.6501,-28.1302,1,vila-do-topo
PT,Portugal,Portugal,9875-159,Vila do Topo,Azores,23,Calheta,4501,Topo,,38.6501,-28.1302,1,vila-do-topo
PT,Portugal,Portugal,9875-160,Vila do Topo,Azores,23,Calheta,4501,Topo,,38.6501,-28.1302,1,vila-do-topo
PT,Portugal,Portugal,9875-161,Vila do Topo,Azores,23,Calheta,4501,Topo,,38.6501,-28.1302,1,vila-do-topo
PT,Portugal,Portugal,9875-162,Vila do Topo,Azores,23,Calheta,4501,Topo,,38.6501,-28.1302,1,vila-do-topo
PT,Portugal,Portugal,9875-163,Vila do Topo,Azores,23,Calheta,4501,Topo,,38.6501,-28.1302,1,vila-do-topo
PT,Portugal,Portugal,9875-164,Vila do Topo,Azores,23,Calheta,4501,Topo,,38.6501,-28.1302,1,vila-do-topo
PT,Portugal,Portugal,9875-165,Vila do Topo,Azores,23,Calheta,4501,Topo,,38.6501,-28.1302,1,vila-do-topo
PT,Portugal,Portugal,9875-166,Vila do Topo,Azores,23,Calheta,4501,Topo,,38.6501,-28.1302,1,vila-do-topo
PT,Portugal,Portugal,9875-167,Vila do Topo,Azores,23,Calheta,4501,Topo,,38.6501,-28.1302,1,vila-do-topo
PT,Portugal,Portugal,9875-168,Vila do Topo,Azores,23,Calheta,4501,Topo,,38.6501,-28.1302,1,vila-do-topo
PT,Portugal,Portugal,9875-169,Vila do Topo,Azores,23,Calheta,4501,Topo,,38.6501,-28.1302,1,vila-do-topo
PT,Portugal,Portugal,9875-170,Vila do Topo,Azores,23,Calheta,4501,Topo,,38.6501,-28.1302,1,vila-do-topo
PT,Portugal,Portugal,9875-171,Vila do Topo,Azores,23,Calheta,4501,Topo,,38.6501,-28.1302,1,vila-do-topo
PT,Portugal,Portugal,9875-172,Vila do Topo,Azores,23,Calheta,4501,Topo,,38.6501,-28.1302,1,vila-do-topo
PT,Portugal,Portugal,9875-173,Vila do Topo,Azores,23,Calheta,4501,Topo,,38.6501,-28.1302,1,vila-do-topo
PT,Portugal,Portugal,9875-176,Vila do Topo,Azores,23,Calheta,4501,Topo,,38.6501,-28.1302,1,vila-do-topo
PT,Portugal,Portugal,9875-999,Vila do Topo,Azores,23,Calheta,4501,Topo,,38.6501,-28.1302,1,vila-do-topo
PT,Portugal,Portugal,9800-000,Velas,Azores,23,Velas,4502,Velas,,38.6818,-28.2091,4,velas
PT,Portugal,Portugal,9800-011,Cabo das Manadas,Azores,23,Velas,4502,Manadas,,38.6355,-28.105,1,cabo-das-manadas
PT,Portugal,Portugal,9800-021,Manadas,Azores,23,Velas,4502,Manadas,,38.6333,-28.1,4,manadas
PT,Portugal,Portugal,9800-021,Fajã das Almas,Azores,23,Velas,4502,Manadas,,38.6333,-28.1,3,faja-das-almas
PT,Portugal,Portugal,9800-022,Manadas,Azores,23,Velas,4502,Manadas,,38.6333,-28.1,4,manadas
PT,Portugal,Portugal,9800-023,Manadas,Azores,23,Velas,4502,Manadas,,38.6333,-28.1,4,manadas
PT,Portugal,Portugal,9800-024,Manadas,Azores,23,Velas,4502,Manadas,,38.6333,-28.1,4,manadas
PT,Portugal,Portugal,9800-025,Manadas,Azores,23,Velas,4502,Manadas,,38.6333,-28.1,4,manadas
PT,Portugal,Portugal,9800-026,Manadas,Azores,23,Velas,4502,Manadas,,38.6333,-28.1,4,manadas
PT,Portugal,Portugal,9800-027,Manadas,Azores,23,Velas,4502,Manadas,,38.6333,-28.1,4,manadas
PT,Portugal,Portugal,9800-028,Manadas,Azores,23,Velas,4502,Manadas,,38.6333,-28.1,4,manadas
PT,Portugal,Portugal,9800-029,Manadas,Azores,23,Velas,4502,Manadas,,38.6333,-28.1,4,manadas
PT,Portugal,Portugal,9800-030,Manadas,Azores,23,Velas,4502,Manadas,,38.6333,-28.1,4,manadas
PT,Portugal,Portugal,9800-031,Manadas,Azores,23,Velas,4502,Manadas,,38.6333,-28.1,4,manadas
PT,Portugal,Portugal,9800-032,Manadas,Azores,23,Velas,4502,Manadas,,38.6333,-28.1,4,manadas
PT,Portugal,Portugal,9800-033,Manadas,Azores,23,Velas,4502,Manadas,,38.6333,-28.1,4,manadas
PT,Portugal,Portugal,9800-034,Manadas,Azores,23,Velas,4502,Manadas,,38.6333,-28.1,4,manadas
PT,Portugal,Portugal,9800-035,Manadas,Azores,23,Velas,4502,Manadas,,38.6333,-28.1,4,manadas
PT,Portugal,Portugal,9800-036,Manadas,Azores,23,Velas,4502,Manadas,,38.6333,-28.1,4,manadas
PT,Portugal,Portugal,9800-037,Manadas,Azores,23,Velas,4502,Manadas,,38.6333,-28.1,4,manadas
PT,Portugal,Portugal,9800-038,Manadas,Azores,23,Velas,4502,Manadas,,38.6333,-28.1,4,manadas
PT,Portugal,Portugal,9800-039,Manadas,Azores,23,Velas,4502,Manadas,,38.6333,-28.1,4,manadas
PT,Portugal,Portugal,9800-040,Manadas,Azores,23,Velas,4502,Manadas,,38.6333,-28.1,4,manadas
PT,Portugal,Portugal,9800-041,Manadas,Azores,23,Velas,4502,Manadas,,38.6333,-28.1,4,manadas
PT,Portugal,Portugal,9800-051,Porto,Azores,23,Velas,4502,Manadas,,38.6355,-28.105,1,porto
PT,Portugal,Portugal,9800-052,Terreiros,Azores,23,Velas,4502,Manadas,,38.6355,-28.105,1,terreiros
PT,Portugal,Portugal,9800-101,Fajã da Isabel Pereira,Azores,23,Velas,4502,Norte Grande (Neves),450202,38.6654,-28.1703,1,faja-da-isabel-pereira
PT,Portugal,Portugal,9800-102,Fajã da Ribeira da Areia,Azores,23,Velas,4502,Norte Grande (Neves),450202,38.6654,-28.1703,1,faja-da-ribeira-da-areia
PT,Portugal,Portugal,9800-103,Fajã de Além,Azores,23,Velas,4502,Norte Grande (Neves),450202,38.6667,-28.073,1,faja-de-alem
PT,Portugal,Portugal,9800-104,Fajã do Ouvidor,Azores,23,Velas,4502,Norte Grande (Neves),450202,38.6654,-28.1703,1,faja-do-ouvidor
PT,Portugal,Portugal,9800-121,Norte Grande,Azores,23,Velas,4502,Norte Grande (Neves),450202,38.6654,-28.1703,1,norte-grande
PT,Portugal,Portugal,9800-122,Norte Grande,Azores,23,Velas,4502,Norte Grande (Neves),450202,38.6654,-28.1703,1,norte-grande
PT,Portugal,Portugal,9800-123,Norte Grande,Azores,23,Velas,4502,Norte Grande (Neves),450202,38.6654,-28.1703,1,norte-grande
PT,Portugal,Portugal,9800-124,Norte Grande,Azores,23,Velas,4502,Norte Grande (Neves),450202,38.6654,-28.1703,1,norte-grande
PT,Portugal,Portugal,9800-125,Norte Grande,Azores,23,Velas,4502,Norte Grande (Neves),450202,38.6654,-28.1703,1,norte-grande
PT,Portugal,Portugal,9800-126,Norte Grande,Azores,23,Velas,4502,Norte Grande (Neves),450202,38.6654,-28.1703,1,norte-grande
PT,Portugal,Portugal,9800-127,Norte Grande,Azores,23,Velas,4502,Norte Grande (Neves),450202,38.6654,-28.1703,1,norte-grande
PT,Portugal,Portugal,9800-128,Norte Grande,Azores,23,Velas,4502,Norte Grande (Neves),450202,38.6654,-28.1703,1,norte-grande
PT,Portugal,Portugal,9800-129,Norte Grande,Azores,23,Velas,4502,Norte Grande (Neves),450202,38.6654,-28.1703,1,norte-grande
PT,Portugal,Portugal,9800-130,Norte Grande,Azores,23,Velas,4502,Norte Grande (Neves),450202,38.6654,-28.1703,1,norte-grande
PT,Portugal,Portugal,9800-131,Norte Grande,Azores,23,Velas,4502,Norte Grande (Neves),450202,38.6654,-28.1703,1,norte-grande
PT,Portugal,Portugal,9800-132,Norte Grande,Azores,23,Velas,4502,Norte Grande (Neves),450202,38.6654,-28.1703,1,norte-grande
PT,Portugal,Portugal,9800-133,Norte Grande,Azores,23,Velas,4502,Norte Grande (Neves),450202,38.6654,-28.1703,1,norte-grande
PT,Portugal,Portugal,9800-151,Outeirão,Azores,23,Velas,4502,Norte Grande (Neves),450202,38.6654,-28.1703,1,outeirao
PT,Portugal,Portugal,9800-152,Ribeira da Areia,Azores,23,Velas,4502,Norte Grande (Neves),450202,38.6654,-28.1703,1,ribeira-da-areia
PT,Portugal,Portugal,9800-153,Santo António,Azores,23,Velas,4502,Norte Grande (Neves),450202,38.6654,-28.1703,1,santo-antonio
PT,Portugal,Portugal,9800-201,Cancela Grande,Azores,23,Velas,4502,Rosais,450203,38.6654,-28.1703,1,cancela-grande
PT,Portugal,Portugal,9800-203,Figueiras,Azores,23,Velas,4502,Rosais,450203,38.6654,-28.1703,1,figueiras
PT,Portugal,Portugal,9800-204,Outeiro da Ponta,Azores,23,Velas,4502,Rosais,450203,38.6654,-28.1703,1,outeiro-da-ponta
PT,Portugal,Portugal,9800-205,Pedregulho,Azores,23,Velas,4502,Rosais,450203,38.7271,-28.2551,1,pedregulho
PT,Portugal,Portugal,9800-206,Ponta dos Rosais,Azores,23,Velas,4502,Rosais,450203,38.6654,-28.1703,1,ponta-dos-rosais
PT,Portugal,Portugal,9800-207,Presa do Arrife,Azores,23,Velas,4502,Rosais,450203,38.6654,-28.1703,1,presa-do-arrife
PT,Portugal,Portugal,9800-208,Relvas,Azores,23,Velas,4502,Rosais,450203,38.6654,-28.1703,1,relvas
PT,Portugal,Portugal,9800-209,Ribeira D'Água,Azores,23,Velas,4502,Rosais,450203,38.6654,-28.1703,1,ribeira-d-agua
PT,Portugal,Portugal,9800-210,Ribeira de Belo,Azores,23,Velas,4502,Rosais,450203,38.6654,-28.1703,1,ribeira-de-belo
PT,Portugal,Portugal,9800-221,Rosais,Azores,23,Velas,4502,Rosais,450203,38.6654,-28.1703,1,rosais
PT,Portugal,Portugal,9800-222,Rosais,Azores,23,Velas,4502,Rosais,450203,38.6654,-28.1703,1,rosais
PT,Portugal,Portugal,9800-223,Rosais,Azores,23,Velas,4502,Rosais,450203,38.6654,-28.1703,1,rosais
PT,Portugal,Portugal,9800-225,Rosais,Azores,23,Velas,4502,Rosais,450203,38.6654,-28.1703,1,rosais
PT,Portugal,Portugal,9800-226,Rosais,Azores,23,Velas,4502,Rosais,450203,38.6654,-28.1703,1,rosais
PT,Portugal,Portugal,9800-227,Rosais,Azores,23,Velas,4502,Rosais,450203,38.6654,-28.1703,1,rosais
PT,Portugal,Portugal,9800-228,Rosais,Azores,23,Velas,4502,Rosais,450203,38.6654,-28.1703,1,rosais
PT,Portugal,Portugal,9800-229,Rosais,Azores,23,Velas,4502,Rosais,450203,38.6654,-28.1703,1,rosais
PT,Portugal,Portugal,9800-230,Rosais,Azores,23,Velas,4502,Rosais,450203,38.6654,-28.1703,1,rosais
PT,Portugal,Portugal,9800-231,Rosais,Azores,23,Velas,4502,Rosais,450203,38.6654,-28.1703,1,rosais
PT,Portugal,Portugal,9800-232,Rosais,Azores,23,Velas,4502,Rosais,450203,38.6654,-28.1703,1,rosais
PT,Portugal,Portugal,9800-301,Aeroporto de São Jorge,Azores,23,Velas,4502,Santo Amaro Vls,,38.6765,-28.1918,1,aeroporto-de-sao-jorge
PT,Portugal,Portugal,9800-302,Fajã,Azores,23,Velas,4502,Santo Amaro Vls,,38.6765,-28.1918,1,faja
PT,Portugal,Portugal,9800-303,Fajã do Meio,Azores,23,Velas,4502,Santo Amaro Vls,,38.6765,-28.1918,1,faja-do-meio
PT,Portugal,Portugal,9800-305,Miragaia,Azores,23,Velas,4502,Santo Amaro Vls,,38.6765,-28.1918,1,miragaia
PT,Portugal,Portugal,9800-306,Portal do Pico,Azores,23,Velas,4502,Santo Amaro Vls,,38.6765,-28.1918,1,portal-do-pico
PT,Portugal,Portugal,9800-307,Presa do Leão,Azores,23,Velas,4502,Santo Amaro Vls,,38.6765,-28.1918,1,presa-do-leao
PT,Portugal,Portugal,9800-308,Queimada,Azores,23,Velas,4502,Santo Amaro Vls,,38.6696,-28.1836,4,queimada
PT,Portugal,Portugal,9800-309,Ribeira do Almeida,Azores,23,Velas,4502,Santo Amaro Vls,,38.6833,-28.2,4,ribeira-do-almeida
PT,Portugal,Portugal,9800-321,Santo Amaro,Azores,23,Velas,4502,Santo Amaro Vls,,38.6803,-28.1871,4,santo-amaro
PT,Portugal,Portugal,9800-322,Santo Amaro,Azores,23,Velas,4502,Santo Amaro Vls,,38.6803,-28.1871,4,santo-amaro
PT,Portugal,Portugal,9800-323,Santo Amaro,Azores,23,Velas,4502,Santo Amaro Vls,,38.6803,-28.1871,4,santo-amaro
PT,Portugal,Portugal,9800-324,Santo Amaro,Azores,23,Velas,4502,Santo Amaro Vls,,38.6803,-28.1871,4,santo-amaro
PT,Portugal,Portugal,9800-325,Santo Amaro,Azores,23,Velas,4502,Santo Amaro Vls,,38.6803,-28.1871,4,santo-amaro
PT,Portugal,Portugal,9800-326,Santo Amaro,Azores,23,Velas,4502,Santo Amaro Vls,,38.6803,-28.1871,4,santo-amaro
PT,Portugal,Portugal,9800-327,Santo Amaro,Azores,23,Velas,4502,Santo Amaro Vls,,38.6803,-28.1871,4,santo-amaro
PT,Portugal,Portugal,9800-328,Santo Amaro,Azores,23,Velas,4502,Santo Amaro Vls,,38.6803,-28.1871,4,santo-amaro
PT,Portugal,Portugal,9800-329,Santo Amaro,Azores,23,Velas,4502,Santo Amaro Vls,,38.6803,-28.1871,4,santo-amaro
PT,Portugal,Portugal,9800-330,Santo Amaro,Azores,23,Velas,4502,Santo Amaro Vls,,38.6803,-28.1871,4,santo-amaro
PT,Portugal,Portugal,9800-331,Santo Amaro,Azores,23,Velas,4502,Santo Amaro Vls,,38.6803,-28.1871,4,santo-amaro
PT,Portugal,Portugal,9800-332,Santo Amaro,Azores,23,Velas,4502,Santo Amaro Vls,,38.6803,-28.1871,4,santo-amaro
PT,Portugal,Portugal,9800-333,Santo Amaro,Azores,23,Velas,4502,Santo Amaro Vls,,38.6803,-28.1871,4,santo-amaro
PT,Portugal,Portugal,9800-334,Santo Amaro,Azores,23,Velas,4502,Santo Amaro Vls,,38.6803,-28.1871,4,santo-amaro
PT,Portugal,Portugal,9800-335,Santo Amaro,Azores,23,Velas,4502,Santo Amaro Vls,,38.6803,-28.1871,4,santo-amaro
PT,Portugal,Portugal,9800-336,Santo Amaro,Azores,23,Velas,4502,Santo Amaro Vls,,38.6803,-28.1871,4,santo-amaro
PT,Portugal,Portugal,9800-337,Santo Amaro,Azores,23,Velas,4502,Santo Amaro Vls,,38.6803,-28.1871,4,santo-amaro
PT,Portugal,Portugal,9800-338,Santo Amaro,Azores,23,Velas,4502,Santo Amaro Vls,,38.6803,-28.1871,4,santo-amaro
PT,Portugal,Portugal,9800-339,Santo Amaro,Azores,23,Velas,4502,Santo Amaro Vls,,38.6803,-28.1871,4,santo-amaro
PT,Portugal,Portugal,9800-340,Santo Amaro,Azores,23,Velas,4502,Santo Amaro Vls,,38.6803,-28.1871,4,santo-amaro
PT,Portugal,Portugal,9800-341,Santo Amaro,Azores,23,Velas,4502,Santo Amaro Vls,,38.6803,-28.1871,4,santo-amaro
PT,Portugal,Portugal,9800-342,Santo Amaro,Azores,23,Velas,4502,Santo Amaro Vls,,38.6803,-28.1871,4,santo-amaro
PT,Portugal,Portugal,9800-343,Santo Amaro,Azores,23,Velas,4502,Santo Amaro Vls,,38.6803,-28.1871,4,santo-amaro
PT,Portugal,Portugal,9800-344,Santo Amaro,Azores,23,Velas,4502,Santo Amaro Vls,,38.6803,-28.1871,4,santo-amaro
PT,Portugal,Portugal,9800-345,Santo Amaro,Azores,23,Velas,4502,Santo Amaro Vls,,38.6803,-28.1871,4,santo-amaro
PT,Portugal,Portugal,9800-346,Santo Amaro,Azores,23,Velas,4502,Santo Amaro Vls,,38.6803,-28.1871,4,santo-amaro
PT,Portugal,Portugal,9800-347,Santo Amaro,Azores,23,Velas,4502,Santo Amaro Vls,,38.6803,-28.1871,4,santo-amaro
PT,Portugal,Portugal,9800-348,Santo Amaro,Azores,23,Velas,4502,Santo Amaro Vls,,38.6803,-28.1871,4,santo-amaro
PT,Portugal,Portugal,9800-370,Toledo,Azores,23,Velas,4502,Santo Amaro Vls,,38.6801,-28.1874,1,toledo
PT,Portugal,Portugal,9800-401,Urzelina,Azores,23,Velas,4502,Urzelina,,38.65,-28.1333,4,urzelina
PT,Portugal,Portugal,9800-403,Urzelina,Azores,23,Velas,4502,Urzelina,,38.65,-28.1333,4,urzelina
PT,Portugal,Portugal,9800-404,Urzelina,Azores,23,Velas,4502,Urzelina,,38.65,-28.1333,4,urzelina
PT,Portugal,Portugal,9800-405,Urzelina,Azores,23,Velas,4502,Urzelina,,38.65,-28.1333,4,urzelina
PT,Portugal,Portugal,9800-421,Urzelina,Azores,23,Velas,4502,Urzelina,,38.65,-28.1333,4,urzelina
PT,Portugal,Portugal,9800-422,Urzelina,Azores,23,Velas,4502,Urzelina,,38.65,-28.1333,4,urzelina
PT,Portugal,Portugal,9800-423,Urzelina,Azores,23,Velas,4502,Urzelina,,38.65,-28.1333,4,urzelina
PT,Portugal,Portugal,9800-424,Urzelina,Azores,23,Velas,4502,Urzelina,,38.65,-28.1333,4,urzelina
PT,Portugal,Portugal,9800-425,Urzelina,Azores,23,Velas,4502,Urzelina,,38.65,-28.1333,4,urzelina
PT,Portugal,Portugal,9800-426,Urzelina,Azores,23,Velas,4502,Urzelina,,38.65,-28.1333,4,urzelina
PT,Portugal,Portugal,9800-427,Urzelina,Azores,23,Velas,4502,Urzelina,,38.65,-28.1333,4,urzelina
PT,Portugal,Portugal,9800-428,Urzelina,Azores,23,Velas,4502,Urzelina,,38.65,-28.1333,4,urzelina
PT,Portugal,Portugal,9800-429,Urzelina,Azores,23,Velas,4502,Urzelina,,38.65,-28.1333,4,urzelina
PT,Portugal,Portugal,9800-430,Urzelina,Azores,23,Velas,4502,Urzelina,,38.65,-28.1333,4,urzelina
PT,Portugal,Portugal,9800-431,Urzelina,Azores,23,Velas,4502,Urzelina,,38.65,-28.1333,4,urzelina
PT,Portugal,Portugal,9800-432,Urzelina,Azores,23,Velas,4502,Urzelina,,38.65,-28.1333,4,urzelina
PT,Portugal,Portugal,9800-433,Urzelina,Azores,23,Velas,4502,Urzelina,,38.65,-28.1333,4,urzelina
PT,Portugal,Portugal,9800-434,Urzelina,Azores,23,Velas,4502,Urzelina,,38.65,-28.1333,4,urzelina
PT,Portugal,Portugal,9800-435,Urzelina,Azores,23,Velas,4502,Urzelina,,38.65,-28.1333,4,urzelina
PT,Portugal,Portugal,9800-436,Urzelina,Azores,23,Velas,4502,Urzelina,,38.65,-28.1333,4,urzelina
PT,Portugal,Portugal,9800-437,Urzelina,Azores,23,Velas,4502,Urzelina,,38.65,-28.1333,4,urzelina
PT,Portugal,Portugal,9800-501,Beira,Azores,23,Velas,4502,Velas,,38.4276,-28.0597,1,beira
PT,Portugal,Portugal,9800-502,Piedade,Azores,23,Velas,4502,Velas,,38.4276,-28.0597,4,piedade
PT,Portugal,Portugal,9800-503,Presa da Machada,Azores,23,Velas,4502,Velas,,38.4276,-28.0597,1,presa-da-machada
PT,Portugal,Portugal,9800-504,Ribeirinho,Azores,23,Velas,4502,Velas,,38.4276,-28.0597,1,ribeirinho
PT,Portugal,Portugal,9800-505,São Pedro,Azores,23,Velas,4502,Velas,,38.4276,-28.0597,1,sao-pedro
PT,Portugal,Portugal,9800-506,Serroa,Azores,23,Velas,4502,Velas,,38.4276,-28.0597,1,serroa
PT,Portugal,Portugal,9800-521,Velas,Azores,23,Velas,4502,Velas,,38.6818,-28.2091,4,velas
PT,Portugal,Portugal,9800-522,Velas,Azores,23,Velas,4502,Velas,,38.6818,-28.2091,4,velas
PT,Portugal,Portugal,9800-523,Velas,Azores,23,Velas,4502,Velas,,38.6818,-28.2091,4,velas
PT,Portugal,Portugal,9800-524,Velas,Azores,23,Velas,4502,Velas,,38.6818,-28.2091,4,velas
PT,Portugal,Portugal,9800-525,Velas,Azores,23,Velas,4502,Velas,,38.6818,-28.2091,4,velas
PT,Portugal,Portugal,9800-526,Velas,Azores,23,Velas,4502,Velas,,38.6818,-28.2091,4,velas
PT,Portugal,Portugal,9800-527,Velas,Azores,23,Velas,4502,Velas,,38.6818,-28.2091,4,velas
PT,Portugal,Portugal,9800-528,Velas,Azores,23,Velas,4502,Velas,,38.6818,-28.2091,4,velas
PT,Portugal,Portugal,9800-529,Velas,Azores,23,Velas,4502,Velas,,38.6818,-28.2091,4,velas
PT,Portugal,Portugal,9800-530,Velas,Azores,23,Velas,4502,Velas,,38.6818,-28.2091,4,velas
PT,Portugal,Portugal,9800-531,Velas,Azores,23,Velas,4502,Velas,,38.6818,-28.2091,4,velas
PT,Portugal,Portugal,9800-532,Velas,Azores,23,Velas,4502,Velas,,38.6818,-28.2091,4,velas
PT,Portugal,Portugal,9800-533,Velas,Azores,23,Velas,4502,Velas,,38.6818,-28.2091,4,velas
PT,Portugal,Portugal,9800-534,Velas,Azores,23,Velas,4502,Velas,,38.6818,-28.2091,4,velas
PT,Portugal,Portugal,9800-535,Velas,Azores,23,Velas,4502,Velas,,38.6818,-28.2091,4,velas
PT,Portugal,Portugal,9800-536,Velas,Azores,23,Velas,4502,Velas,,38.6818,-28.2091,4,velas
PT,Portugal,Portugal,9800-537,Velas,Azores,23,Velas,4502,Velas,,38.6818,-28.2091,4,velas
PT,Portugal,Portugal,9800-538,Velas,Azores,23,Velas,4502,Velas,,38.6818,-28.2091,4,velas
PT,Portugal,Portugal,9800-539,Velas,Azores,23,Velas,4502,Velas,,38.6818,-28.2091,4,velas
PT,Portugal,Portugal,9800-540,Velas,Azores,23,Velas,4502,Velas,,38.6818,-28.2091,4,velas
PT,Portugal,Portugal,9800-541,Velas,Azores,23,Velas,4502,Velas,,38.6818,-28.2091,4,velas
PT,Portugal,Portugal,9800-542,Velas,Azores,23,Velas,4502,Velas,,38.6818,-28.2091,4,velas
PT,Portugal,Portugal,9800-543,Velas,Azores,23,Velas,4502,Velas,,38.6818,-28.2091,4,velas
PT,Portugal,Portugal,9800-544,Velas,Azores,23,Velas,4502,Velas,,38.6818,-28.2091,4,velas
PT,Portugal,Portugal,9800-545,Velas,Azores,23,Velas,4502,Velas,,38.6818,-28.2091,4,velas
PT,Portugal,Portugal,9800-546,Velas,Azores,23,Velas,4502,Velas,,38.6818,-28.2091,4,velas
PT,Portugal,Portugal,9800-547,Velas,Azores,23,Velas,4502,Velas,,38.6818,-28.2091,4,velas
PT,Portugal,Portugal,9800-548,Velas,Azores,23,Velas,4502,Velas,,38.6818,-28.2091,4,velas
PT,Portugal,Portugal,9800-549,Velas,Azores,23,Velas,4502,Velas,,38.6818,-28.2091,4,velas
PT,Portugal,Portugal,9800-550,Velas,Azores,23,Velas,4502,Velas,,38.6818,-28.2091,4,velas
PT,Portugal,Portugal,9800-551,Velas,Azores,23,Velas,4502,Velas,,38.6818,-28.2091,4,velas
PT,Portugal,Portugal,9800-552,Velas,Azores,23,Velas,4502,Velas,,38.6818,-28.2091,4,velas
PT,Portugal,Portugal,9800-553,Velas,Azores,23,Velas,4502,Velas,,38.6818,-28.2091,4,velas
PT,Portugal,Portugal,9800-554,Velas,Azores,23,Velas,4502,Velas,,38.6818,-28.2091,4,velas
PT,Portugal,Portugal,9800-555,Velas,Azores,23,Velas,4502,Velas,,38.6818,-28.2091,4,velas
PT,Portugal,Portugal,9800-556,Velas,Azores,23,Velas,4502,Velas,,38.6818,-28.2091,4,velas
PT,Portugal,Portugal,9800-557,Velas,Azores,23,Velas,4502,Velas,,38.6818,-28.2091,4,velas
PT,Portugal,Portugal,9800-558,Velas,Azores,23,Velas,4502,Velas,,38.6818,-28.2091,4,velas
PT,Portugal,Portugal,9800-559,Velas,Azores,23,Velas,4502,Velas,,38.6818,-28.2091,4,velas
PT,Portugal,Portugal,9800-560,Velas,Azores,23,Velas,4502,Velas,,38.6818,-28.2091,4,velas
PT,Portugal,Portugal,9800-561,Velas,Azores,23,Velas,4502,Velas,,38.6818,-28.2091,4,velas
PT,Portugal,Portugal,9800-562,Velas,Azores,23,Velas,4502,Velas,,38.6818,-28.2091,4,velas
PT,Portugal,Portugal,9800-563,Velas,Azores,23,Velas,4502,Velas,,38.6818,-28.2091,4,velas
PT,Portugal,Portugal,9800-564,Velas,Azores,23,Velas,4502,Velas,,38.6818,-28.2091,4,velas
PT,Portugal,Portugal,9800-565,Velas,Azores,23,Velas,4502,Velas,,38.6818,-28.2091,4,velas
PT,Portugal,Portugal,9800-566,Velas,Azores,23,Velas,4502,Velas,,38.6818,-28.2091,4,velas
PT,Portugal,Portugal,9800-999,Velas,Azores,23,Velas,4502,Velas,,38.6818,-28.2091,4,velas
PT,Portugal,Portugal,9804-001,Velas,Azores,23,Velas,4502,Velas,,38.6818,-28.2091,4,velas
PT,Portugal,Portugal,9930-011,Boca das Canadas,Azores,23,Lajes do Pico,4601,Calheta De Nesquim,460101,38.4038,-28.0823,1,boca-das-canadas
PT,Portugal,Portugal,9930-021,Calheta de Nesquim,Azores,23,Lajes do Pico,4601,Calheta De Nesquim,460101,38.403,-28.0802,4,calheta-de-nesquim
PT,Portugal,Portugal,9930-022,Calheta de Nesquim,Azores,23,Lajes do Pico,4601,Calheta De Nesquim,460101,38.403,-28.0802,4,calheta-de-nesquim
PT,Portugal,Portugal,9930-023,Calheta de Nesquim,Azores,23,Lajes do Pico,4601,Calheta De Nesquim,460101,38.403,-28.0802,4,calheta-de-nesquim
PT,Portugal,Portugal,9930-024,Calheta de Nesquim,Azores,23,Lajes do Pico,4601,Calheta De Nesquim,460101,38.403,-28.0802,4,calheta-de-nesquim
PT,Portugal,Portugal,9930-025,Calheta de Nesquim,Azores,23,Lajes do Pico,4601,Calheta De Nesquim,460101,38.403,-28.0802,4,calheta-de-nesquim
PT,Portugal,Portugal,9930-026,Calheta de Nesquim,Azores,23,Lajes do Pico,4601,Calheta De Nesquim,460101,38.403,-28.0802,4,calheta-de-nesquim
PT,Portugal,Portugal,9930-028,Calheta de Nesquim,Azores,23,Lajes do Pico,4601,Calheta De Nesquim,460101,38.403,-28.0802,4,calheta-de-nesquim
PT,Portugal,Portugal,9930-029,Calheta de Nesquim,Azores,23,Lajes do Pico,4601,Calheta De Nesquim,460101,38.403,-28.0802,4,calheta-de-nesquim
PT,Portugal,Portugal,9930-030,Calheta de Nesquim,Azores,23,Lajes do Pico,4601,Calheta De Nesquim,460101,38.403,-28.0802,4,calheta-de-nesquim
PT,Portugal,Portugal,9930-031,Calheta de Nesquim,Azores,23,Lajes do Pico,4601,Calheta De Nesquim,460101,38.403,-28.0802,4,calheta-de-nesquim
PT,Portugal,Portugal,9930-051,Calheta de Nesquim,Azores,23,Lajes do Pico,4601,Calheta De Nesquim,460101,38.403,-28.0802,4,calheta-de-nesquim
PT,Portugal,Portugal,9930-051,Canadas,Azores,23,Lajes do Pico,4601,Calheta De Nesquim,460101,38.403,-28.0802,3,canadas
PT,Portugal,Portugal,9930-052,Cruz da Calheta,Azores,23,Lajes do Pico,4601,Calheta De Nesquim,460101,38.4057,-28.0875,1,cruz-da-calheta
PT,Portugal,Portugal,9930-053,Fetais da Calheta,Azores,23,Lajes do Pico,4601,Calheta De Nesquim,460101,38.4057,-28.0875,1,fetais-da-calheta
PT,Portugal,Portugal,9930-054,Feteira,Azores,23,Lajes do Pico,4601,Calheta De Nesquim,460101,38.4173,-28.102,1,feteira
PT,Portugal,Portugal,9930-055,Foros,Azores,23,Lajes do Pico,4601,Calheta De Nesquim,460101,38.4167,-28.1167,4,foros
PT,Portugal,Portugal,9930-055,Calheta de Nesquim,Azores,23,Lajes do Pico,4601,Calheta De Nesquim,460101,38.403,-28.0802,4,calheta-de-nesquim
PT,Portugal,Portugal,9930-056,Calheta de Nesquim,Azores,23,Lajes do Pico,4601,Calheta De Nesquim,460101,38.403,-28.0802,4,calheta-de-nesquim
PT,Portugal,Portugal,9930-056,Ramal,Azores,23,Lajes do Pico,4601,Calheta De Nesquim,460101,38.4173,-28.102,3,ramal
PT,Portugal,Portugal,9930-057,Calheta de Nesquim,Azores,23,Lajes do Pico,4601,Calheta De Nesquim,460101,38.403,-28.0802,4,calheta-de-nesquim
PT,Portugal,Portugal,9930-101,Almagreira,Azores,23,Lajes do Pico,4601,Lajes Do Pico,460102,38.4311,-28.2672,1,almagreira
PT,Portugal,Portugal,9930-102,Almagreira,Azores,23,Lajes do Pico,4601,Lajes Do Pico,460102,38.4311,-28.2672,1,almagreira
PT,Portugal,Portugal,9930-104,Ribeira do Meio,Azores,23,Lajes do Pico,4601,Lajes Do Pico,460102,38.4108,-28.264,4,ribeira-do-meio
PT,Portugal,Portugal,9930-105,Almagreira,Azores,23,Lajes do Pico,4601,Lajes Do Pico,460102,38.4311,-28.2672,1,almagreira
PT,Portugal,Portugal,9930-108,Ribeira do Meio,Azores,23,Lajes do Pico,4601,Lajes Do Pico,460102,38.4108,-28.264,4,ribeira-do-meio
PT,Portugal,Portugal,9930-121,Lajes do Pico,Azores,23,Lajes do Pico,4601,Lajes Do Pico,460102,38.3953,-28.2522,4,lajes-do-pico
PT,Portugal,Portugal,9930-122,Ribeira do Meio,Azores,23,Lajes do Pico,4601,Lajes Do Pico,460102,38.4108,-28.264,4,ribeira-do-meio
PT,Portugal,Portugal,9930-124,Ribeira do Meio,Azores,23,Lajes do Pico,4601,Lajes Do Pico,460102,38.4108,-28.264,4,ribeira-do-meio
PT,Portugal,Portugal,9930-125,Ribeira do Meio,Azores,23,Lajes do Pico,4601,Lajes Do Pico,460102,38.4108,-28.264,4,ribeira-do-meio
PT,Portugal,Portugal,9930-126,Lajes do Pico,Azores,23,Lajes do Pico,4601,Lajes Do Pico,460102,38.3953,-28.2522,4,lajes-do-pico
PT,Portugal,Portugal,9930-127,Lajes do Pico,Azores,23,Lajes do Pico,4601,Lajes Do Pico,460102,38.3953,-28.2522,4,lajes-do-pico
PT,Portugal,Portugal,9930-129,Lajes do Pico,Azores,23,Lajes do Pico,4601,Lajes Do Pico,460102,38.3953,-28.2522,4,lajes-do-pico
PT,Portugal,Portugal,9930-130,Ribeira do Meio,Azores,23,Lajes do Pico,4601,Lajes Do Pico,460102,38.4108,-28.264,4,ribeira-do-meio
PT,Portugal,Portugal,9930-131,Lajes do Pico,Azores,23,Lajes do Pico,4601,Lajes Do Pico,460102,38.3953,-28.2522,4,lajes-do-pico
PT,Portugal,Portugal,9930-132,Lajes do Pico,Azores,23,Lajes do Pico,4601,Lajes Do Pico,460102,38.3953,-28.2522,4,lajes-do-pico
PT,Portugal,Portugal,9930-134,Lajes do Pico,Azores,23,Lajes do Pico,4601,Lajes Do Pico,460102,38.3953,-28.2522,4,lajes-do-pico
PT,Portugal,Portugal,9930-135,Lajes do Pico,Azores,23,Lajes do Pico,4601,Lajes Do Pico,460102,38.3953,-28.2522,4,lajes-do-pico
PT,Portugal,Portugal,9930-136,Lajes do Pico,Azores,23,Lajes do Pico,4601,Lajes Do Pico,460102,38.3953,-28.2522,4,lajes-do-pico
PT,Portugal,Portugal,9930-137,Ribeira do Meio,Azores,23,Lajes do Pico,4601,Lajes Do Pico,460102,38.4108,-28.264,4,ribeira-do-meio
PT,Portugal,Portugal,9930-138,Ribeira do Meio,Azores,23,Lajes do Pico,4601,Lajes Do Pico,460102,38.4108,-28.264,4,ribeira-do-meio
PT,Portugal,Portugal,9930-139,Lajes do Pico,Azores,23,Lajes do Pico,4601,Lajes Do Pico,460102,38.3953,-28.2522,4,lajes-do-pico
PT,Portugal,Portugal,9930-140,Ribeira do Meio,Azores,23,Lajes do Pico,4601,Lajes Do Pico,460102,38.4108,-28.264,4,ribeira-do-meio
PT,Portugal,Portugal,9930-141,Lajes do Pico,Azores,23,Lajes do Pico,4601,Lajes Do Pico,460102,38.3953,-28.2522,4,lajes-do-pico
PT,Portugal,Portugal,9930-142,Lajes do Pico,Azores,23,Lajes do Pico,4601,Lajes Do Pico,460102,38.3953,-28.2522,4,lajes-do-pico
PT,Portugal,Portugal,9930-143,Lajes do Pico,Azores,23,Lajes do Pico,4601,Lajes Do Pico,460102,38.3953,-28.2522,4,lajes-do-pico
PT,Portugal,Portugal,9930-145,Ribeira do Meio,Azores,23,Lajes do Pico,4601,Lajes Do Pico,460102,38.4108,-28.264,4,ribeira-do-meio
PT,Portugal,Portugal,9930-146,Lajes do Pico,Azores,23,Lajes do Pico,4601,Lajes Do Pico,460102,38.3953,-28.2522,4,lajes-do-pico
PT,Portugal,Portugal,9930-147,Lajes do Pico,Azores,23,Lajes do Pico,4601,Lajes Do Pico,460102,38.3953,-28.2522,4,lajes-do-pico
PT,Portugal,Portugal,9930-148,Lajes do Pico,Azores,23,Lajes do Pico,4601,Lajes Do Pico,460102,38.3953,-28.2522,4,lajes-do-pico
PT,Portugal,Portugal,9930-149,Lajes do Pico,Azores,23,Lajes do Pico,4601,Lajes Do Pico,460102,38.3953,-28.2522,4,lajes-do-pico
PT,Portugal,Portugal,9930-150,Lajes do Pico,Azores,23,Lajes do Pico,4601,Lajes Do Pico,460102,38.3953,-28.2522,4,lajes-do-pico
PT,Portugal,Portugal,9930-152,Lajes do Pico,Azores,23,Lajes do Pico,4601,Lajes Do Pico,460102,38.3953,-28.2522,4,lajes-do-pico
PT,Portugal,Portugal,9930-153,Lajes do Pico,Azores,23,Lajes do Pico,4601,Lajes Do Pico,460102,38.3953,-28.2522,4,lajes-do-pico
PT,Portugal,Portugal,9930-154,Lajes do Pico,Azores,23,Lajes do Pico,4601,Lajes Do Pico,460102,38.3953,-28.2522,4,lajes-do-pico
PT,Portugal,Portugal,9930-171,Lajes do Pico,Azores,23,Lajes do Pico,4601,Lajes Do Pico,460102,38.3953,-28.2522,4,lajes-do-pico
PT,Portugal,Portugal,9930-172,Silveira,Azores,23,Lajes do Pico,4601,Lajes Do Pico,460102,38.416,-28.2776,4,silveira
PT,Portugal,Portugal,9930-173,Ribeira do Meio,Azores,23,Lajes do Pico,4601,Lajes Do Pico,460102,38.4108,-28.264,4,ribeira-do-meio
PT,Portugal,Portugal,9930-174,Ribeira do Meio,Azores,23,Lajes do Pico,4601,Lajes Do Pico,460102,38.4108,-28.264,4,ribeira-do-meio
PT,Portugal,Portugal,9930-175,Almagreira,Azores,23,Lajes do Pico,4601,Lajes Do Pico,460102,38.4311,-28.2672,1,almagreira
PT,Portugal,Portugal,9930-177,Silveira,Azores,23,Lajes do Pico,4601,Lajes Do Pico,460102,38.416,-28.2776,4,silveira
PT,Portugal,Portugal,9930-178,Silveira,Azores,23,Lajes do Pico,4601,Lajes Do Pico,460102,38.416,-28.2776,4,silveira
PT,Portugal,Portugal,9930-179,Terras,Azores,23,Lajes do Pico,4601,Lajes Do Pico,460102,38.3889,-28.2306,4,terras
PT,Portugal,Portugal,9930-201,Piedade,Azores,23,Lajes do Pico,4601,Piedade,460103,38.4276,-28.0597,4,piedade
PT,Portugal,Portugal,9930-202,Biscoitos Queimados,Azores,23,Lajes do Pico,4601,Piedade,460103,38.4271,-28.0593,1,biscoitos-queimados
PT,Portugal,Portugal,9930-203,Cais do Galego,Azores,23,Lajes do Pico,4601,Piedade,460103,38.4342,-28.0496,4,cais-do-galego
PT,Portugal,Portugal,9930-204,Piedade,Azores,23,Lajes do Pico,4601,Piedade,460103,38.4276,-28.0597,4,piedade
PT,Portugal,Portugal,9930-205,Cruz do Redondo,Azores,23,Lajes do Pico,4601,Piedade,460103,38.4167,-28.0667,4,cruz-do-redondo
PT,Portugal,Portugal,9930-206,Piedade,Azores,23,Lajes do Pico,4601,Piedade,460103,38.4276,-28.0597,4,piedade
PT,Portugal,Portugal,9930-206,Curral da Pedra,Azores,23,Lajes do Pico,4601,Piedade,460103,38.4276,-28.0597,3,curral-da-pedra
PT,Portugal,Portugal,9930-207,Piedade,Azores,23,Lajes do Pico,4601,Piedade,460103,38.4276,-28.0597,4,piedade
PT,Portugal,Portugal,9930-208,Faias,Azores,23,Lajes do Pico,4601,Piedade,460103,38.4224,-28.0566,1,faias
PT,Portugal,Portugal,9930-209,Farol da Manhenha,Azores,23,Lajes do Pico,4601,Piedade,460103,38.4271,-28.0593,1,farol-da-manhenha
PT,Portugal,Portugal,9930-210,Piedade,Azores,23,Lajes do Pico,4601,Piedade,460103,38.4276,-28.0597,4,piedade
PT,Portugal,Portugal,9930-211,Piedade,Azores,23,Lajes do Pico,4601,Piedade,460103,38.4276,-28.0597,4,piedade
PT,Portugal,Portugal,9930-212,Miradouro,Azores,23,Lajes do Pico,4601,Piedade,460103,38.4276,-28.0597,1,miradouro
PT,Portugal,Portugal,9930-213,Piedade,Azores,23,Lajes do Pico,4601,Piedade,460103,38.4276,-28.0597,4,piedade
PT,Portugal,Portugal,9930-214,Morro de Cima,Azores,23,Lajes do Pico,4601,Piedade,460103,38.4276,-28.0597,1,morro-de-cima
PT,Portugal,Portugal,9930-215,Piedade,Azores,23,Lajes do Pico,4601,Piedade,460103,38.4276,-28.0597,4,piedade
PT,Portugal,Portugal,9930-221,Piedade,Azores,23,Lajes do Pico,4601,Piedade,460103,38.4276,-28.0597,4,piedade
PT,Portugal,Portugal,9930-222,Piedade,Azores,23,Lajes do Pico,4601,Piedade,460103,38.4276,-28.0597,4,piedade
PT,Portugal,Portugal,9930-223,Piedade,Azores,23,Lajes do Pico,4601,Piedade,460103,38.4276,-28.0597,4,piedade
PT,Portugal,Portugal,9930-224,Piedade,Azores,23,Lajes do Pico,4601,Piedade,460103,38.4276,-28.0597,4,piedade
PT,Portugal,Portugal,9930-225,Piedade,Azores,23,Lajes do Pico,4601,Piedade,460103,38.4276,-28.0597,4,piedade
PT,Portugal,Portugal,9930-226,Piedade,Azores,23,Lajes do Pico,4601,Piedade,460103,38.4276,-28.0597,4,piedade
PT,Portugal,Portugal,9930-227,Piedade,Azores,23,Lajes do Pico,4601,Piedade,460103,38.4276,-28.0597,4,piedade
PT,Portugal,Portugal,9930-228,Piedade,Azores,23,Lajes do Pico,4601,Piedade,460103,38.4276,-28.0597,4,piedade
PT,Portugal,Portugal,9930-229,Piedade,Azores,23,Lajes do Pico,4601,Piedade,460103,38.4276,-28.0597,4,piedade
PT,Portugal,Portugal,9930-251,Piedade,Azores,23,Lajes do Pico,4601,Piedade,460103,38.4276,-28.0597,4,piedade
PT,Portugal,Portugal,9930-252,Piedade,Azores,23,Lajes do Pico,4601,Piedade,460103,38.4276,-28.0597,4,piedade
PT,Portugal,Portugal,9930-252,Ramal,Azores,23,Lajes do Pico,4601,Piedade,460103,38.4224,-28.0566,3,ramal
PT,Portugal,Portugal,9930-253,Piedade,Azores,23,Lajes do Pico,4601,Piedade,460103,38.4276,-28.0597,4,piedade
PT,Portugal,Portugal,9930-254,Piedade,Azores,23,Lajes do Pico,4601,Piedade,460103,38.4276,-28.0597,4,piedade
PT,Portugal,Portugal,9930-301,Arrife,Azores,23,Lajes do Pico,4601,Ribeiras,460104,38.3915,-28.2214,4,arrife
PT,Portugal,Portugal,9930-302,Cancelas da Areia,Azores,23,Lajes do Pico,4601,Ribeiras,460104,38.401,-28.1937,1,cancelas-da-areia
PT,Portugal,Portugal,9930-302,Santa Cruz,Azores,23,Lajes do Pico,4601,Ribeiras,460104,38.4192,-28.18,1,santa-cruz
PT,Portugal,Portugal,9930-303,Canto,Azores,23,Lajes do Pico,4601,Ribeiras,460104,38.4192,-28.18,3,canto
PT,Portugal,Portugal,9930-303,Santa Bárbara,Azores,23,Lajes do Pico,4601,Ribeiras,460104,38.3986,-28.2099,4,santa-barbara
PT,Portugal,Portugal,9930-304,Cruz,Azores,23,Lajes do Pico,4601,Ribeiras,460104,38.4192,-28.18,4,cruz
PT,Portugal,Portugal,9930-305,Pontas Negras,Azores,23,Lajes do Pico,4601,Ribeiras,460104,38.4111,-28.1632,4,pontas-negras
PT,Portugal,Portugal,9930-306,Ribeira Grande,Azores,23,Lajes do Pico,4601,Ribeiras,460104,38.4096,-28.139,4,ribeira-grande
PT,Portugal,Portugal,9930-307,Ribeira Seca,Azores,23,Lajes do Pico,4601,Ribeiras,460104,38.4101,-28.1517,4,ribeira-seca
PT,Portugal,Portugal,9930-308,Santa Bárbara,Azores,23,Lajes do Pico,4601,Ribeiras,460104,38.3986,-28.2099,4,santa-barbara
PT,Portugal,Portugal,9930-309,Santa Cruz,Azores,23,Lajes do Pico,4601,Ribeiras,460104,38.4192,-28.18,1,santa-cruz
PT,Portugal,Portugal,9930-310,Terreiros,Azores,23,Lajes do Pico,4601,Ribeiras,460104,38.4192,-28.18,1,terreiros
PT,Portugal,Portugal,9930-320,Ribeirinha,Azores,23,Lajes do Pico,4601,Ribeirinha Lgp,,38.4402,-28.0913,4,ribeirinha
PT,Portugal,Portugal,9930-321,Ribeirinha,Azores,23,Lajes do Pico,4601,Ribeirinha Lgp,,38.4402,-28.0913,4,ribeirinha
PT,Portugal,Portugal,9930-322,Ribeirinha,Azores,23,Lajes do Pico,4601,Ribeirinha Lgp,,38.4402,-28.0913,4,ribeirinha
PT,Portugal,Portugal,9930-323,Ribeirinha,Azores,23,Lajes do Pico,4601,Ribeirinha Lgp,,38.4402,-28.0913,4,ribeirinha
PT,Portugal,Portugal,9930-324,Ribeirinha,Azores,23,Lajes do Pico,4601,Ribeirinha Lgp,,38.4402,-28.0913,4,ribeirinha
PT,Portugal,Portugal,9930-325,Ribeirinha,Azores,23,Lajes do Pico,4601,Ribeirinha Lgp,,38.4402,-28.0913,4,ribeirinha
PT,Portugal,Portugal,9930-326,Ribeirinha,Azores,23,Lajes do Pico,4601,Ribeirinha Lgp,,38.4402,-28.0913,4,ribeirinha
PT,Portugal,Portugal,9930-327,Ribeirinha,Azores,23,Lajes do Pico,4601,Ribeirinha Lgp,,38.4402,-28.0913,4,ribeirinha
PT,Portugal,Portugal,9930-328,Ribeirinha,Azores,23,Lajes do Pico,4601,Ribeirinha Lgp,,38.4402,-28.0913,4,ribeirinha
PT,Portugal,Portugal,9930-329,Ribeirinha,Azores,23,Lajes do Pico,4601,Ribeirinha Lgp,,38.4402,-28.0913,4,ribeirinha
PT,Portugal,Portugal,9930-331,Ribeirinha,Azores,23,Lajes do Pico,4601,Ribeirinha Lgp,,38.4402,-28.0913,4,ribeirinha
PT,Portugal,Portugal,9930-332,Ribeirinha,Azores,23,Lajes do Pico,4601,Ribeirinha Lgp,,38.4402,-28.0913,4,ribeirinha
PT,Portugal,Portugal,9930-333,Ribeirinha,Azores,23,Lajes do Pico,4601,Ribeirinha Lgp,,38.4402,-28.0913,4,ribeirinha
PT,Portugal,Portugal,9930-334,Ribeirinha,Azores,23,Lajes do Pico,4601,Ribeirinha Lgp,,38.4402,-28.0913,4,ribeirinha
PT,Portugal,Portugal,9930-336,Ribeirinha,Azores,23,Lajes do Pico,4601,Ribeirinha Lgp,,38.4402,-28.0913,4,ribeirinha
PT,Portugal,Portugal,9930-337,Ribeirinha,Azores,23,Lajes do Pico,4601,Ribeirinha Lgp,,38.4402,-28.0913,4,ribeirinha
PT,Portugal,Portugal,9930-338,Ribeirinha,Azores,23,Lajes do Pico,4601,Ribeirinha Lgp,,38.4402,-28.0913,4,ribeirinha
PT,Portugal,Portugal,9930-339,Ribeirinha,Azores,23,Lajes do Pico,4601,Ribeirinha Lgp,,38.4402,-28.0913,4,ribeirinha
PT,Portugal,Portugal,9930-340,Ribeirinha,Azores,23,Lajes do Pico,4601,Ribeirinha Lgp,,38.4402,-28.0913,4,ribeirinha
PT,Portugal,Portugal,9930-401,Aguada,Azores,23,Lajes do Pico,4601,São João Lgp,,38.4168,-28.3416,1,aguada
PT,Portugal,Portugal,9930-421,Companhia de Baixo,Azores,23,Lajes do Pico,4601,São João Lgp,,38.4165,-28.336,4,companhia-de-baixo
PT,Portugal,Portugal,9930-422,Companhia de Baixo,Azores,23,Lajes do Pico,4601,São João Lgp,,38.4165,-28.336,4,companhia-de-baixo
PT,Portugal,Portugal,9930-423,Companhia de Baixo,Azores,23,Lajes do Pico,4601,São João Lgp,,38.4165,-28.336,4,companhia-de-baixo
PT,Portugal,Portugal,9930-424,Companhia de Baixo,Azores,23,Lajes do Pico,4601,São João Lgp,,38.4165,-28.336,4,companhia-de-baixo
PT,Portugal,Portugal,9930-425,Companhia de Baixo,Azores,23,Lajes do Pico,4601,São João Lgp,,38.4165,-28.336,4,companhia-de-baixo
PT,Portugal,Portugal,9930-426,Companhia de Baixo,Azores,23,Lajes do Pico,4601,São João Lgp,,38.4165,-28.336,4,companhia-de-baixo
PT,Portugal,Portugal,9930-427,Companhia de Baixo,Azores,23,Lajes do Pico,4601,São João Lgp,,38.4165,-28.336,4,companhia-de-baixo
PT,Portugal,Portugal,9930-428,Companhia de Baixo,Azores,23,Lajes do Pico,4601,São João Lgp,,38.4165,-28.336,4,companhia-de-baixo
PT,Portugal,Portugal,9930-429,Companhia de Baixo,Azores,23,Lajes do Pico,4601,São João Lgp,,38.4165,-28.336,4,companhia-de-baixo
PT,Portugal,Portugal,9930-430,Companhia de Baixo,Azores,23,Lajes do Pico,4601,São João Lgp,,38.4165,-28.336,4,companhia-de-baixo
PT,Portugal,Portugal,9930-431,Companhia de Baixo,Azores,23,Lajes do Pico,4601,São João Lgp,,38.4165,-28.336,4,companhia-de-baixo
PT,Portugal,Portugal,9930-432,Companhia de Baixo,Azores,23,Lajes do Pico,4601,São João Lgp,,38.4165,-28.336,4,companhia-de-baixo
PT,Portugal,Portugal,9930-451,Companhia de Cima,Azores,23,Lajes do Pico,4601,São João Lgp,,38.4175,-28.3535,4,companhia-de-cima
PT,Portugal,Portugal,9930-452,Companhia de Cima,Azores,23,Lajes do Pico,4601,São João Lgp,,38.4175,-28.3535,4,companhia-de-cima
PT,Portugal,Portugal,9930-453,Companhia de Cima,Azores,23,Lajes do Pico,4601,São João Lgp,,38.4175,-28.3535,4,companhia-de-cima
PT,Portugal,Portugal,9930-455,Companhia de Cima,Azores,23,Lajes do Pico,4601,São João Lgp,,38.4175,-28.3535,4,companhia-de-cima
PT,Portugal,Portugal,9930-456,Companhia de Cima,Azores,23,Lajes do Pico,4601,São João Lgp,,38.4175,-28.3535,4,companhia-de-cima
PT,Portugal,Portugal,9930-457,Companhia de Cima,Azores,23,Lajes do Pico,4601,São João Lgp,,38.4175,-28.3535,4,companhia-de-cima
PT,Portugal,Portugal,9930-473,Ponta Rasa,Azores,23,Lajes do Pico,4601,São João Lgp,,38.4168,-28.3416,1,ponta-rasa
PT,Portugal,Portugal,9930-998,Piedade,Azores,23,Lajes do Pico,4601,Piedade,460103,38.4276,-28.0597,4,piedade
PT,Portugal,Portugal,9930-999,Lajes do Pico,Azores,23,Lajes do Pico,4601,Lajes Do Pico,460102,38.3953,-28.2522,4,lajes-do-pico
PT,Portugal,Portugal,9934-001,Lajes do Pico,Azores,23,Lajes do Pico,4601,Lajes Do Pico,460102,38.3953,-28.2522,4,lajes-do-pico
PT,Portugal,Portugal,9950-000,Madalena,Azores,23,Madalena,4602,Madalena (Pico),,38.5364,-28.5266,4,madalena
PT,Portugal,Portugal,9950-011,Bandeiras,Azores,23,Madalena,4602,Bandeiras,460201,38.5333,-28.45,4,bandeiras
PT,Portugal,Portugal,9950-021,Bandeiras,Azores,23,Madalena,4602,Bandeiras,460201,38.5333,-28.45,4,bandeiras
PT,Portugal,Portugal,9950-022,Bandeiras,Azores,23,Madalena,4602,Bandeiras,460201,38.5333,-28.45,4,bandeiras
PT,Portugal,Portugal,9950-023,Bandeiras,Azores,23,Madalena,4602,Bandeiras,460201,38.5333,-28.45,4,bandeiras
PT,Portugal,Portugal,9950-024,Bandeiras,Azores,23,Madalena,4602,Bandeiras,460201,38.5333,-28.45,4,bandeiras
PT,Portugal,Portugal,9950-025,Bandeiras,Azores,23,Madalena,4602,Bandeiras,460201,38.5333,-28.45,4,bandeiras
PT,Portugal,Portugal,9950-026,Bandeiras,Azores,23,Madalena,4602,Bandeiras,460201,38.5333,-28.45,4,bandeiras
PT,Portugal,Portugal,9950-027,Bandeiras,Azores,23,Madalena,4602,Bandeiras,460201,38.5333,-28.45,4,bandeiras
PT,Portugal,Portugal,9950-028,Bandeiras,Azores,23,Madalena,4602,Bandeiras,460201,38.5333,-28.45,4,bandeiras
PT,Portugal,Portugal,9950-029,Bandeiras,Azores,23,Madalena,4602,Bandeiras,460201,38.5333,-28.45,4,bandeiras
PT,Portugal,Portugal,9950-030,Bandeiras,Azores,23,Madalena,4602,Bandeiras,460201,38.5333,-28.45,4,bandeiras
PT,Portugal,Portugal,9950-051,Bandeiras,Azores,23,Madalena,4602,Bandeiras,460201,38.5333,-28.45,4,bandeiras
PT,Portugal,Portugal,9950-052,Bandeiras,Azores,23,Madalena,4602,Bandeiras,460201,38.5333,-28.45,4,bandeiras
PT,Portugal,Portugal,9950-053,Cachorro,Azores,23,Madalena,4602,Bandeiras,460201,38.5556,-28.4466,4,cachorro
PT,Portugal,Portugal,9950-054,Bandeiras,Azores,23,Madalena,4602,Bandeiras,460201,38.5333,-28.45,4,bandeiras
PT,Portugal,Portugal,9950-055,Bandeiras,Azores,23,Madalena,4602,Bandeiras,460201,38.5333,-28.45,4,bandeiras
PT,Portugal,Portugal,9950-056,Bandeiras,Azores,23,Madalena,4602,Bandeiras,460201,38.5333,-28.45,4,bandeiras
PT,Portugal,Portugal,9950-101,Candelária,Azores,23,Madalena,4602,Candelária Mad,,38.465,-28.5139,4,candelaria
PT,Portugal,Portugal,9950-104,Biscoitos,Azores,23,Madalena,4602,Candelária Mad,,38.4562,-28.5031,1,biscoitos
PT,Portugal,Portugal,9950-105,Campo Raso,Azores,23,Madalena,4602,Candelária Mad,,38.4474,-28.4924,4,campo-raso
PT,Portugal,Portugal,9950-122,Candelária,Azores,23,Madalena,4602,Candelária Mad,,38.465,-28.5139,4,candelaria
PT,Portugal,Portugal,9950-123,Candelária,Azores,23,Madalena,4602,Candelária Mad,,38.465,-28.5139,4,candelaria
PT,Portugal,Portugal,9950-124,Candelária,Azores,23,Madalena,4602,Candelária Mad,,38.465,-28.5139,4,candelaria
PT,Portugal,Portugal,9950-125,Candelária,Azores,23,Madalena,4602,Candelária Mad,,38.465,-28.5139,4,candelaria
PT,Portugal,Portugal,9950-126,Candelária,Azores,23,Madalena,4602,Candelária Mad,,38.465,-28.5139,4,candelaria
PT,Portugal,Portugal,9950-129,Candelária,Azores,23,Madalena,4602,Candelária Mad,,38.465,-28.5139,4,candelaria
PT,Portugal,Portugal,9950-130,Candelária,Azores,23,Madalena,4602,Candelária Mad,,38.465,-28.5139,4,candelaria
PT,Portugal,Portugal,9950-153,Mirateca,Azores,23,Madalena,4602,Candelária Mad,,38.4536,-28.5069,4,mirateca
PT,Portugal,Portugal,9950-154,Monte,Azores,23,Madalena,4602,Candelária Mad,,38.494,-28.5292,4,monte
PT,Portugal,Portugal,9950-155,Monte de Baixo,Azores,23,Madalena,4602,Candelária Mad,,38.4709,-28.5167,1,monte-de-baixo
PT,Portugal,Portugal,9950-156,Monte de Cima,Azores,23,Madalena,4602,Candelária Mad,,38.4709,-28.5167,1,monte-de-cima
PT,Portugal,Portugal,9950-157,Candelária,Azores,23,Madalena,4602,Candelária Mad,,38.465,-28.5139,4,candelaria
PT,Portugal,Portugal,9950-221,Criação Velha,Azores,23,Madalena,4602,Criação Velha,460203,38.5138,-28.5288,4,criacao-velha
PT,Portugal,Portugal,9950-223,Criação Velha,Azores,23,Madalena,4602,Criação Velha,460203,38.5138,-28.5288,4,criacao-velha
PT,Portugal,Portugal,9950-224,Criação Velha,Azores,23,Madalena,4602,Criação Velha,460203,38.5138,-28.5288,4,criacao-velha
PT,Portugal,Portugal,9950-225,Criação Velha,Azores,23,Madalena,4602,Criação Velha,460203,38.5138,-28.5288,4,criacao-velha
PT,Portugal,Portugal,9950-226,Criação Velha,Azores,23,Madalena,4602,Criação Velha,460203,38.5138,-28.5288,4,criacao-velha
PT,Portugal,Portugal,9950-227,Criação Velha,Azores,23,Madalena,4602,Criação Velha,460203,38.5138,-28.5288,4,criacao-velha
PT,Portugal,Portugal,9950-228,Criação Velha,Azores,23,Madalena,4602,Criação Velha,460203,38.5138,-28.5288,4,criacao-velha
PT,Portugal,Portugal,9950-229,Criação Velha,Azores,23,Madalena,4602,Criação Velha,460203,38.5138,-28.5288,4,criacao-velha
PT,Portugal,Portugal,9950-230,Criação Velha,Azores,23,Madalena,4602,Criação Velha,460203,38.5138,-28.5288,4,criacao-velha
PT,Portugal,Portugal,9950-231,Criação Velha,Azores,23,Madalena,4602,Criação Velha,460203,38.5138,-28.5288,4,criacao-velha
PT,Portugal,Portugal,9950-232,Criação Velha,Azores,23,Madalena,4602,Criação Velha,460203,38.5138,-28.5288,4,criacao-velha
PT,Portugal,Portugal,9950-233,Criação Velha,Azores,23,Madalena,4602,Criação Velha,460203,38.5138,-28.5288,4,criacao-velha
PT,Portugal,Portugal,9950-234,Criação Velha,Azores,23,Madalena,4602,Criação Velha,460203,38.5138,-28.5288,4,criacao-velha
PT,Portugal,Portugal,9950-235,Criação Velha,Azores,23,Madalena,4602,Criação Velha,460203,38.5138,-28.5288,4,criacao-velha
PT,Portugal,Portugal,9950-236,Criação Velha,Azores,23,Madalena,4602,Criação Velha,460203,38.5138,-28.5288,4,criacao-velha
PT,Portugal,Portugal,9950-301,Areia Funda,Azores,23,Madalena,4602,Madalena (Pico),,38.5297,-28.5213,1,areia-funda
PT,Portugal,Portugal,9950-302,Areia Larga,Azores,23,Madalena,4602,Madalena (Pico),,38.5278,-28.5295,4,areia-larga
PT,Portugal,Portugal,9950-303,Barca,Azores,23,Madalena,4602,Madalena (Pico),,38.5297,-28.5213,1,barca
PT,Portugal,Portugal,9950-305,Cais da Madalena,Azores,23,Madalena,4602,Madalena (Pico),,38.5316,-28.5131,3,cais-da-madalena
PT,Portugal,Portugal,9950-305,Cabo Branco,Azores,23,Madalena,4602,Madalena (Pico),,38.5316,-28.5131,4,cabo-branco
PT,Portugal,Portugal,9950-321,Madalena,Azores,23,Madalena,4602,Madalena (Pico),,38.5364,-28.5266,4,madalena
PT,Portugal,Portugal,9950-322,Madalena,Azores,23,Madalena,4602,Madalena (Pico),,38.5364,-28.5266,4,madalena
PT,Portugal,Portugal,9950-323,Madalena,Azores,23,Madalena,4602,Madalena (Pico),,38.5364,-28.5266,4,madalena
PT,Portugal,Portugal,9950-325,Madalena,Azores,23,Madalena,4602,Madalena (Pico),,38.5364,-28.5266,4,madalena
PT,Portugal,Portugal,9950-326,Madalena,Azores,23,Madalena,4602,Madalena (Pico),,38.5364,-28.5266,4,madalena
PT,Portugal,Portugal,9950-327,Madalena,Azores,23,Madalena,4602,Madalena (Pico),,38.5364,-28.5266,4,madalena
PT,Portugal,Portugal,9950-328,Madalena,Azores,23,Madalena,4602,Madalena (Pico),,38.5364,-28.5266,4,madalena
PT,Portugal,Portugal,9950-329,Madalena,Azores,23,Madalena,4602,Madalena (Pico),,38.5364,-28.5266,4,madalena
PT,Portugal,Portugal,9950-330,Madalena,Azores,23,Madalena,4602,Madalena (Pico),,38.5364,-28.5266,4,madalena
PT,Portugal,Portugal,9950-331,Madalena,Azores,23,Madalena,4602,Madalena (Pico),,38.5364,-28.5266,4,madalena
PT,Portugal,Portugal,9950-332,Madalena,Azores,23,Madalena,4602,Madalena (Pico),,38.5364,-28.5266,4,madalena
PT,Portugal,Portugal,9950-333,Madalena,Azores,23,Madalena,4602,Madalena (Pico),,38.5364,-28.5266,4,madalena
PT,Portugal,Portugal,9950-334,Madalena,Azores,23,Madalena,4602,Madalena (Pico),,38.5364,-28.5266,4,madalena
PT,Portugal,Portugal,9950-335,Madalena,Azores,23,Madalena,4602,Madalena (Pico),,38.5364,-28.5266,4,madalena
PT,Portugal,Portugal,9950-336,Madalena,Azores,23,Madalena,4602,Madalena (Pico),,38.5364,-28.5266,4,madalena
PT,Portugal,Portugal,9950-337,Madalena,Azores,23,Madalena,4602,Madalena (Pico),,38.5364,-28.5266,4,madalena
PT,Portugal,Portugal,9950-338,Madalena,Azores,23,Madalena,4602,Madalena (Pico),,38.5364,-28.5266,4,madalena
PT,Portugal,Portugal,9950-339,Madalena,Azores,23,Madalena,4602,Madalena (Pico),,38.5364,-28.5266,4,madalena
PT,Portugal,Portugal,9950-340,Madalena,Azores,23,Madalena,4602,Madalena (Pico),,38.5364,-28.5266,4,madalena
PT,Portugal,Portugal,9950-341,Madalena,Azores,23,Madalena,4602,Madalena (Pico),,38.5364,-28.5266,4,madalena
PT,Portugal,Portugal,9950-361,Outeiro,Azores,23,Madalena,4602,Madalena (Pico),,38.5364,-28.5266,1,outeiro
PT,Portugal,Portugal,9950-362,Sete Cidades,Azores,23,Madalena,4602,Madalena (Pico),,38.5364,-28.5266,1,sete-cidades
PT,Portugal,Portugal,9950-363,Madalena,Azores,23,Madalena,4602,Madalena (Pico),,38.5364,-28.5266,4,madalena
PT,Portugal,Portugal,9950-364,Toledos,Azores,23,Madalena,4602,Madalena (Pico),,38.5364,-28.5266,1,toledos
PT,Portugal,Portugal,9950-365,Valverde,Azores,23,Madalena,4602,Madalena (Pico),,38.5364,-28.5266,1,valverde
PT,Portugal,Portugal,9950-366,Madalena,Azores,23,Madalena,4602,Madalena (Pico),,38.5364,-28.5266,4,madalena
PT,Portugal,Portugal,9950-421,São Caetano,Azores,23,Madalena,4602,São Caetano Mad,,38.4311,-28.4273,4,sao-caetano
PT,Portugal,Portugal,9950-422,São Caetano,Azores,23,Madalena,4602,São Caetano Mad,,38.4311,-28.4273,4,sao-caetano
PT,Portugal,Portugal,9950-423,São Caetano,Azores,23,Madalena,4602,São Caetano Mad,,38.4311,-28.4273,4,sao-caetano
PT,Portugal,Portugal,9950-424,São Caetano,Azores,23,Madalena,4602,São Caetano Mad,,38.4311,-28.4273,4,sao-caetano
PT,Portugal,Portugal,9950-425,São Caetano,Azores,23,Madalena,4602,São Caetano Mad,,38.4311,-28.4273,4,sao-caetano
PT,Portugal,Portugal,9950-426,São Caetano,Azores,23,Madalena,4602,São Caetano Mad,,38.4311,-28.4273,4,sao-caetano
PT,Portugal,Portugal,9950-427,São Caetano,Azores,23,Madalena,4602,São Caetano Mad,,38.4311,-28.4273,4,sao-caetano
PT,Portugal,Portugal,9950-428,São Caetano,Azores,23,Madalena,4602,São Caetano Mad,,38.4311,-28.4273,4,sao-caetano
PT,Portugal,Portugal,9950-451,Terra do Pão,Azores,23,Madalena,4602,São Caetano Mad,,38.4228,-28.3936,4,terra-do-pao
PT,Portugal,Portugal,9950-501,São Mateus,Azores,23,Madalena,4602,São Mateus Mad,,38.4337,-28.4553,4,sao-mateus
PT,Portugal,Portugal,9950-502,Gingeira,Azores,23,Madalena,4602,São Mateus Mad,,38.4337,-28.4553,1,gingeira
PT,Portugal,Portugal,9950-503,São Mateus,Azores,23,Madalena,4602,São Mateus Mad,,38.4337,-28.4553,4,sao-mateus
PT,Portugal,Portugal,9950-504,São Mateus,Azores,23,Madalena,4602,São Mateus Mad,,38.4337,-28.4553,4,sao-mateus
PT,Portugal,Portugal,9950-505,Ponta da Calheta,Azores,23,Madalena,4602,São Mateus Mad,,38.4337,-28.4553,1,ponta-da-calheta
PT,Portugal,Portugal,9950-506,São Mateus,Azores,23,Madalena,4602,São Mateus Mad,,38.4337,-28.4553,4,sao-mateus
PT,Portugal,Portugal,9950-507,São Mateus,Azores,23,Madalena,4602,São Mateus Mad,,38.4337,-28.4553,4,sao-mateus
PT,Portugal,Portugal,9950-508,Relvas,Azores,23,Madalena,4602,São Mateus Mad,,38.4337,-28.4553,1,relvas
PT,Portugal,Portugal,9950-521,São Mateus,Azores,23,Madalena,4602,São Mateus Mad,,38.4337,-28.4553,4,sao-mateus
PT,Portugal,Portugal,9950-522,São Mateus,Azores,23,Madalena,4602,São Mateus Mad,,38.4337,-28.4553,4,sao-mateus
PT,Portugal,Portugal,9950-523,São Mateus,Azores,23,Madalena,4602,São Mateus Mad,,38.4337,-28.4553,4,sao-mateus
PT,Portugal,Portugal,9950-524,São Mateus,Azores,23,Madalena,4602,São Mateus Mad,,38.4337,-28.4553,4,sao-mateus
PT,Portugal,Portugal,9950-525,São Mateus,Azores,23,Madalena,4602,São Mateus Mad,,38.4337,-28.4553,4,sao-mateus
PT,Portugal,Portugal,9950-526,São Mateus,Azores,23,Madalena,4602,São Mateus Mad,,38.4337,-28.4553,4,sao-mateus
PT,Portugal,Portugal,9950-527,São Mateus,Azores,23,Madalena,4602,São Mateus Mad,,38.4337,-28.4553,4,sao-mateus
PT,Portugal,Portugal,9950-528,São Mateus,Azores,23,Madalena,4602,São Mateus Mad,,38.4337,-28.4553,4,sao-mateus
PT,Portugal,Portugal,9950-529,São Mateus,Azores,23,Madalena,4602,São Mateus Mad,,38.4337,-28.4553,4,sao-mateus
PT,Portugal,Portugal,9950-530,São Mateus,Azores,23,Madalena,4602,São Mateus Mad,,38.4337,-28.4553,4,sao-mateus
PT,Portugal,Portugal,9950-531,São Mateus,Azores,23,Madalena,4602,São Mateus Mad,,38.4337,-28.4553,4,sao-mateus
PT,Portugal,Portugal,9950-532,São Mateus,Azores,23,Madalena,4602,São Mateus Mad,,38.4337,-28.4553,4,sao-mateus
PT,Portugal,Portugal,9950-533,São Mateus,Azores,23,Madalena,4602,São Mateus Mad,,38.4337,-28.4553,4,sao-mateus
PT,Portugal,Portugal,9950-534,São Mateus,Azores,23,Madalena,4602,São Mateus Mad,,38.4337,-28.4553,4,sao-mateus
PT,Portugal,Portugal,9950-535,São Mateus,Azores,23,Madalena,4602,São Mateus Mad,,38.4337,-28.4553,4,sao-mateus
PT,Portugal,Portugal,9950-536,São Mateus,Azores,23,Madalena,4602,São Mateus Mad,,38.4337,-28.4553,4,sao-mateus
PT,Portugal,Portugal,9950-537,São Mateus,Azores,23,Madalena,4602,São Mateus Mad,,38.4337,-28.4553,4,sao-mateus
PT,Portugal,Portugal,9950-538,São Mateus,Azores,23,Madalena,4602,São Mateus Mad,,38.4337,-28.4553,4,sao-mateus
PT,Portugal,Portugal,9950-539,São Mateus,Azores,23,Madalena,4602,São Mateus Mad,,38.4337,-28.4553,4,sao-mateus
PT,Portugal,Portugal,9950-540,São Mateus,Azores,23,Madalena,4602,São Mateus Mad,,38.4337,-28.4553,4,sao-mateus
PT,Portugal,Portugal,9950-541,São Mateus,Azores,23,Madalena,4602,São Mateus Mad,,38.4337,-28.4553,4,sao-mateus
PT,Portugal,Portugal,9950-542,São Mateus,Azores,23,Madalena,4602,São Mateus Mad,,38.4337,-28.4553,4,sao-mateus
PT,Portugal,Portugal,9950-543,São Mateus,Azores,23,Madalena,4602,São Mateus Mad,,38.4337,-28.4553,4,sao-mateus
PT,Portugal,Portugal,9950-999,Madalena,Azores,23,Madalena,4602,Madalena (Pico),,38.5364,-28.5266,4,madalena
PT,Portugal,Portugal,9940-012,Prainha de Cima,Azores,23,São Roque do Pico,4603,Prainha,460301,38.4833,-28.2333,4,prainha-de-cima
PT,Portugal,Portugal,9940-012,Baía de Canas,Azores,23,São Roque do Pico,4603,Prainha,460301,38.4899,-28.2378,4,baia-de-canas
PT,Portugal,Portugal,9940-013,Prainha de Cima,Azores,23,São Roque do Pico,4603,Prainha,460301,38.4833,-28.2333,4,prainha-de-cima
PT,Portugal,Portugal,9940-014,Prainha de Cima,Azores,23,São Roque do Pico,4603,Prainha,460301,38.4833,-28.2333,4,prainha-de-cima
PT,Portugal,Portugal,9940-015,Canto da Areia,Azores,23,São Roque do Pico,4603,Prainha,460301,38.4607,-28.1918,4,canto-da-areia
PT,Portugal,Portugal,9940-016,Canto da Areia,Azores,23,São Roque do Pico,4603,Prainha,460301,38.4607,-28.1918,4,canto-da-areia
PT,Portugal,Portugal,9940-017,Prainha de Cima,Azores,23,São Roque do Pico,4603,Prainha,460301,38.4833,-28.2333,4,prainha-de-cima
PT,Portugal,Portugal,9940-018,Prainha de Cima,Azores,23,São Roque do Pico,4603,Prainha,460301,38.4833,-28.2333,4,prainha-de-cima
PT,Portugal,Portugal,9940-019,Prainha de Baixo,Azores,23,São Roque do Pico,4603,Prainha,460301,38.4703,-28.2045,4,prainha-de-baixo
PT,Portugal,Portugal,9940-020,Canto da Areia,Azores,23,São Roque do Pico,4603,Prainha,460301,38.4607,-28.1918,4,canto-da-areia
PT,Portugal,Portugal,9940-021,Prainha de Cima,Azores,23,São Roque do Pico,4603,Prainha,460301,38.4833,-28.2333,4,prainha-de-cima
PT,Portugal,Portugal,9940-023,Prainha de Baixo,Azores,23,São Roque do Pico,4603,Prainha,460301,38.4703,-28.2045,4,prainha-de-baixo
PT,Portugal,Portugal,9940-024,Prainha de Baixo,Azores,23,São Roque do Pico,4603,Prainha,460301,38.4703,-28.2045,4,prainha-de-baixo
PT,Portugal,Portugal,9940-031,Prainha de Baixo,Azores,23,São Roque do Pico,4603,Prainha,460301,38.4703,-28.2045,4,prainha-de-baixo
PT,Portugal,Portugal,9940-032,Prainha de Baixo,Azores,23,São Roque do Pico,4603,Prainha,460301,38.4703,-28.2045,4,prainha-de-baixo
PT,Portugal,Portugal,9940-033,Prainha de Baixo,Azores,23,São Roque do Pico,4603,Prainha,460301,38.4703,-28.2045,4,prainha-de-baixo
PT,Portugal,Portugal,9940-034,Prainha de Baixo,Azores,23,São Roque do Pico,4603,Prainha,460301,38.4703,-28.2045,4,prainha-de-baixo
PT,Portugal,Portugal,9940-035,Canto da Areia,Azores,23,São Roque do Pico,4603,Prainha,460301,38.4607,-28.1918,4,canto-da-areia
PT,Portugal,Portugal,9940-036,Prainha de Baixo,Azores,23,São Roque do Pico,4603,Prainha,460301,38.4703,-28.2045,4,prainha-de-baixo
PT,Portugal,Portugal,9940-037,Prainha de Baixo,Azores,23,São Roque do Pico,4603,Prainha,460301,38.4703,-28.2045,4,prainha-de-baixo
PT,Portugal,Portugal,9940-038,Prainha de Baixo,Azores,23,São Roque do Pico,4603,Prainha,460301,38.4703,-28.2045,4,prainha-de-baixo
PT,Portugal,Portugal,9940-038,Canto da Areia,Azores,23,São Roque do Pico,4603,Prainha,460301,38.4607,-28.1918,4,canto-da-areia
PT,Portugal,Portugal,9940-039,Prainha de Baixo,Azores,23,São Roque do Pico,4603,Prainha,460301,38.4703,-28.2045,4,prainha-de-baixo
PT,Portugal,Portugal,9940-040,Prainha de Baixo,Azores,23,São Roque do Pico,4603,Prainha,460301,38.4703,-28.2045,4,prainha-de-baixo
PT,Portugal,Portugal,9940-041,Prainha de Baixo,Azores,23,São Roque do Pico,4603,Prainha,460301,38.4703,-28.2045,4,prainha-de-baixo
PT,Portugal,Portugal,9940-042,Prainha de Baixo,Azores,23,São Roque do Pico,4603,Prainha,460301,38.4703,-28.2045,4,prainha-de-baixo
PT,Portugal,Portugal,9940-043,Prainha de Baixo,Azores,23,São Roque do Pico,4603,Prainha,460301,38.4703,-28.2045,4,prainha-de-baixo
PT,Portugal,Portugal,9940-060,Prainha de Cima,Azores,23,São Roque do Pico,4603,Prainha,460301,38.4833,-28.2333,4,prainha-de-cima
PT,Portugal,Portugal,9940-062,Prainha de Baixo,Azores,23,São Roque do Pico,4603,Prainha,460301,38.4703,-28.2045,4,prainha-de-baixo
PT,Portugal,Portugal,9940-063,Canto da Areia,Azores,23,São Roque do Pico,4603,Prainha,460301,38.4607,-28.1918,4,canto-da-areia
PT,Portugal,Portugal,9940-064,Prainha de Cima,Azores,23,São Roque do Pico,4603,Prainha,460301,38.4833,-28.2333,4,prainha-de-cima
PT,Portugal,Portugal,9940-067,Prainha de Cima,Azores,23,São Roque do Pico,4603,Prainha,460301,38.4833,-28.2333,4,prainha-de-cima
PT,Portugal,Portugal,9940-101,Santa Luzia,Azores,23,São Roque do Pico,4603,Santa Luzia Srp,,38.55,-28.4,4,santa-luzia
PT,Portugal,Portugal,9940-102,Alto da Cruz,Azores,23,São Roque do Pico,4603,Santa Luzia Srp,,38.55,-28.4,3,alto-da-cruz
PT,Portugal,Portugal,9940-102,Santa Luzia,Azores,23,São Roque do Pico,4603,Santa Luzia Srp,,38.55,-28.4,4,santa-luzia
PT,Portugal,Portugal,9940-103,Santa Luzia,Azores,23,São Roque do Pico,4603,Santa Luzia Srp,,38.55,-28.4,4,santa-luzia
PT,Portugal,Portugal,9940-104,Santa Luzia,Azores,23,São Roque do Pico,4603,Santa Luzia Srp,,38.55,-28.4,4,santa-luzia
PT,Portugal,Portugal,9940-105,Santa Luzia,Azores,23,São Roque do Pico,4603,Santa Luzia Srp,,38.55,-28.4,4,santa-luzia
PT,Portugal,Portugal,9940-105,Fetais,Azores,23,São Roque do Pico,4603,Santa Luzia Srp,,38.4167,-28.0833,4,fetais
PT,Portugal,Portugal,9940-107,Santa Luzia,Azores,23,São Roque do Pico,4603,Santa Luzia Srp,,38.55,-28.4,4,santa-luzia
PT,Portugal,Portugal,9940-108,Santa Luzia,Azores,23,São Roque do Pico,4603,Santa Luzia Srp,,38.55,-28.4,4,santa-luzia
PT,Portugal,Portugal,9940-109,Santa Luzia,Azores,23,São Roque do Pico,4603,Santa Luzia Srp,,38.55,-28.4,4,santa-luzia
PT,Portugal,Portugal,9940-110,Santa Luzia,Azores,23,São Roque do Pico,4603,Santa Luzia Srp,,38.55,-28.4,4,santa-luzia
PT,Portugal,Portugal,9940-111,Santa Luzia,Azores,23,São Roque do Pico,4603,Santa Luzia Srp,,38.55,-28.4,4,santa-luzia
PT,Portugal,Portugal,9940-112,Ribeira Nova,Azores,23,São Roque do Pico,4603,Santa Luzia Srp,,38.55,-28.4,1,ribeira-nova
PT,Portugal,Portugal,9940-121,Santa Luzia,Azores,23,São Roque do Pico,4603,Santa Luzia Srp,,38.55,-28.4,4,santa-luzia
PT,Portugal,Portugal,9940-122,Santa Luzia,Azores,23,São Roque do Pico,4603,Santa Luzia Srp,,38.55,-28.4,4,santa-luzia
PT,Portugal,Portugal,9940-123,Santa Luzia,Azores,23,São Roque do Pico,4603,Santa Luzia Srp,,38.55,-28.4,4,santa-luzia
PT,Portugal,Portugal,9940-124,Santa Luzia,Azores,23,São Roque do Pico,4603,Santa Luzia Srp,,38.55,-28.4,4,santa-luzia
PT,Portugal,Portugal,9940-125,Santa Luzia,Azores,23,São Roque do Pico,4603,Santa Luzia Srp,,38.55,-28.4,4,santa-luzia
PT,Portugal,Portugal,9940-126,Santa Luzia,Azores,23,São Roque do Pico,4603,Santa Luzia Srp,,38.55,-28.4,4,santa-luzia
PT,Portugal,Portugal,9940-128,Santa Luzia,Azores,23,São Roque do Pico,4603,Santa Luzia Srp,,38.55,-28.4,4,santa-luzia
PT,Portugal,Portugal,9940-129,Santa Luzia,Azores,23,São Roque do Pico,4603,Santa Luzia Srp,,38.55,-28.4,4,santa-luzia
PT,Portugal,Portugal,9940-131,Santa Luzia,Azores,23,São Roque do Pico,4603,Santa Luzia Srp,,38.55,-28.4,4,santa-luzia
PT,Portugal,Portugal,9940-152,Cabo das Casas,Azores,23,São Roque do Pico,4603,Santo Amaro Srp,,38.4547,-28.1686,1,cabo-das-casas
PT,Portugal,Portugal,9940-153,Santo Amaro,Azores,23,São Roque do Pico,4603,Santo Amaro Srp,,38.4547,-28.1686,4,santo-amaro
PT,Portugal,Portugal,9940-154,Santo Amaro,Azores,23,São Roque do Pico,4603,Santo Amaro Srp,,38.4547,-28.1686,4,santo-amaro
PT,Portugal,Portugal,9940-155,Santo Amaro,Azores,23,São Roque do Pico,4603,Santo Amaro Srp,,38.4547,-28.1686,4,santo-amaro
PT,Portugal,Portugal,9940-156,Outeiro Francisco Jorge,Azores,23,São Roque do Pico,4603,Santo Amaro Srp,,38.4547,-28.1686,1,outeiro-francisco-jorge
PT,Portugal,Portugal,9940-157,Pesqueiro Alto,Azores,23,São Roque do Pico,4603,Santo Amaro Srp,,38.4547,-28.1686,1,pesqueiro-alto
PT,Portugal,Portugal,9940-171,Santo Amaro,Azores,23,São Roque do Pico,4603,Santo Amaro Srp,,38.4547,-28.1686,4,santo-amaro
PT,Portugal,Portugal,9940-172,Santo Amaro,Azores,23,São Roque do Pico,4603,Santo Amaro Srp,,38.4547,-28.1686,4,santo-amaro
PT,Portugal,Portugal,9940-173,Santo Amaro,Azores,23,São Roque do Pico,4603,Santo Amaro Srp,,38.4547,-28.1686,4,santo-amaro
PT,Portugal,Portugal,9940-175,Santo Amaro,Azores,23,São Roque do Pico,4603,Santo Amaro Srp,,38.4547,-28.1686,4,santo-amaro
PT,Portugal,Portugal,9940-176,Santo Amaro,Azores,23,São Roque do Pico,4603,Santo Amaro Srp,,38.4547,-28.1686,4,santo-amaro
PT,Portugal,Portugal,9940-177,Santo Amaro,Azores,23,São Roque do Pico,4603,Santo Amaro Srp,,38.4547,-28.1686,4,santo-amaro
PT,Portugal,Portugal,9940-178,Santo Amaro,Azores,23,São Roque do Pico,4603,Santo Amaro Srp,,38.4547,-28.1686,4,santo-amaro
PT,Portugal,Portugal,9940-179,Santo Amaro,Azores,23,São Roque do Pico,4603,Santo Amaro Srp,,38.4547,-28.1686,4,santo-amaro
PT,Portugal,Portugal,9940-180,Santo Amaro,Azores,23,São Roque do Pico,4603,Santo Amaro Srp,,38.4547,-28.1686,4,santo-amaro
PT,Portugal,Portugal,9940-182,Santo Amaro,Azores,23,São Roque do Pico,4603,Santo Amaro Srp,,38.4547,-28.1686,4,santo-amaro
PT,Portugal,Portugal,9940-183,Santo Amaro,Azores,23,São Roque do Pico,4603,Santo Amaro Srp,,38.4547,-28.1686,4,santo-amaro
PT,Portugal,Portugal,9940-184,Santo Amaro,Azores,23,São Roque do Pico,4603,Santo Amaro Srp,,38.4547,-28.1686,4,santo-amaro
PT,Portugal,Portugal,9940-185,Terra Alta,Azores,23,São Roque do Pico,4603,Santo Amaro Srp,,38.4545,-28.1446,4,terra-alta
PT,Portugal,Portugal,9940-190,Santo Amaro,Azores,23,São Roque do Pico,4603,Santo Amaro Srp,,38.4547,-28.1686,4,santo-amaro
PT,Portugal,Portugal,9940-201,Almas,Azores,23,São Roque do Pico,4603,Santo António Srp,,38.5317,-28.3266,4,almas
PT,Portugal,Portugal,9940-202,Santo António,Azores,23,São Roque do Pico,4603,Santo António Srp,,38.536,-28.3408,4,santo-antonio
PT,Portugal,Portugal,9940-203,Santo António,Azores,23,São Roque do Pico,4603,Santo António Srp,,38.536,-28.3408,4,santo-antonio
PT,Portugal,Portugal,9940-205,Santana,Azores,23,São Roque do Pico,4603,Santo António Srp,,38.5458,-28.3744,4,santana
PT,Portugal,Portugal,9940-207,Furna,Azores,23,São Roque do Pico,4603,Santo António Srp,,38.536,-28.3408,3,furna
PT,Portugal,Portugal,9940-207,Santo António,Azores,23,São Roque do Pico,4603,Santo António Srp,,38.536,-28.3408,4,santo-antonio
PT,Portugal,Portugal,9940-208,Ginjal,Azores,23,São Roque do Pico,4603,Santo António Srp,,38.5409,-28.3545,4,ginjal
PT,Portugal,Portugal,9940-210,Santo António,Azores,23,São Roque do Pico,4603,Santo António Srp,,38.536,-28.3408,4,santo-antonio
PT,Portugal,Portugal,9940-210,Pedreira,Azores,23,São Roque do Pico,4603,Santo António Srp,,38.536,-28.3408,3,pedreira
PT,Portugal,Portugal,9940-211,Santana,Azores,23,São Roque do Pico,4603,Santo António Srp,,38.5458,-28.3744,4,santana
PT,Portugal,Portugal,9940-212,Santo António,Azores,23,São Roque do Pico,4603,Santo António Srp,,38.536,-28.3408,4,santo-antonio
PT,Portugal,Portugal,9940-213,Santana,Azores,23,São Roque do Pico,4603,Santo António Srp,,38.5458,-28.3744,4,santana
PT,Portugal,Portugal,9940-222,Santo António,Azores,23,São Roque do Pico,4603,Santo António Srp,,38.536,-28.3408,4,santo-antonio
PT,Portugal,Portugal,9940-223,Santo António,Azores,23,São Roque do Pico,4603,Santo António Srp,,38.536,-28.3408,4,santo-antonio
PT,Portugal,Portugal,9940-226,Almas,Azores,23,São Roque do Pico,4603,Santo António Srp,,38.5317,-28.3266,4,almas
PT,Portugal,Portugal,9940-227,Santo António,Azores,23,São Roque do Pico,4603,Santo António Srp,,38.536,-28.3408,4,santo-antonio
PT,Portugal,Portugal,9940-228,Santo António,Azores,23,São Roque do Pico,4603,Santo António Srp,,38.536,-28.3408,4,santo-antonio
PT,Portugal,Portugal,9940-229,Santo António,Azores,23,São Roque do Pico,4603,Santo António Srp,,38.536,-28.3408,4,santo-antonio
PT,Portugal,Portugal,9940-231,São Vicente,Azores,23,São Roque do Pico,4603,Santo António Srp,,38.545,-28.3645,4,sao-vicente
PT,Portugal,Portugal,9940-232,Santo António,Azores,23,São Roque do Pico,4603,Santo António Srp,,38.536,-28.3408,4,santo-antonio
PT,Portugal,Portugal,9940-233,Santo António,Azores,23,São Roque do Pico,4603,Santo António Srp,,38.536,-28.3408,4,santo-antonio
PT,Portugal,Portugal,9940-234,Santo António,Azores,23,São Roque do Pico,4603,Santo António Srp,,38.536,-28.3408,4,santo-antonio
PT,Portugal,Portugal,9940-235,Santo António,Azores,23,São Roque do Pico,4603,Santo António Srp,,38.536,-28.3408,4,santo-antonio
PT,Portugal,Portugal,9940-236,Santo António,Azores,23,São Roque do Pico,4603,Santo António Srp,,38.536,-28.3408,4,santo-antonio
PT,Portugal,Portugal,9940-236,Almas,Azores,23,São Roque do Pico,4603,Santo António Srp,,38.5317,-28.3266,4,almas
PT,Portugal,Portugal,9940-237,Santo António,Azores,23,São Roque do Pico,4603,Santo António Srp,,38.536,-28.3408,4,santo-antonio
PT,Portugal,Portugal,9940-238,Santo António,Azores,23,São Roque do Pico,4603,Santo António Srp,,38.536,-28.3408,4,santo-antonio
PT,Portugal,Portugal,9940-239,Santana,Azores,23,São Roque do Pico,4603,Santo António Srp,,38.5458,-28.3744,4,santana
PT,Portugal,Portugal,9940-251,São Vicente,Azores,23,São Roque do Pico,4603,Santo António Srp,,38.545,-28.3645,4,sao-vicente
PT,Portugal,Portugal,9940-252,Tronqueiras,Azores,23,São Roque do Pico,4603,Santo António Srp,,38.545,-28.3645,1,tronqueiras
PT,Portugal,Portugal,9940-301,São Roque do Pico,Azores,23,São Roque do Pico,4603,São Roque Do Pico,460305,38.5163,-28.3075,4,sao-roque-do-pico
PT,Portugal,Portugal,9940-302,São Roque do Pico,Azores,23,São Roque do Pico,4603,São Roque Do Pico,460305,38.5163,-28.3075,4,sao-roque-do-pico
PT,Portugal,Portugal,9940-308,São Roque do Pico,Azores,23,São Roque do Pico,4603,São Roque Do Pico,460305,38.5163,-28.3075,4,sao-roque-do-pico
PT,Portugal,Portugal,9940-310,São Roque do Pico,Azores,23,São Roque do Pico,4603,São Roque Do Pico,460305,38.5163,-28.3075,4,sao-roque-do-pico
PT,Portugal,Portugal,9940-311,Ribeira Seca,Azores,23,São Roque do Pico,4603,São Roque Do Pico,460305,38.491,-28.3089,1,ribeira-seca
PT,Portugal,Portugal,9940-312,São Roque do Pico,Azores,23,São Roque do Pico,4603,São Roque Do Pico,460305,38.5163,-28.3075,4,sao-roque-do-pico
PT,Portugal,Portugal,9940-323,São Roque do Pico,Azores,23,São Roque do Pico,4603,São Roque Do Pico,460305,38.5163,-28.3075,4,sao-roque-do-pico
PT,Portugal,Portugal,9940-324,São Roque do Pico,Azores,23,São Roque do Pico,4603,São Roque Do Pico,460305,38.5163,-28.3075,4,sao-roque-do-pico
PT,Portugal,Portugal,9940-325,São Roque do Pico,Azores,23,São Roque do Pico,4603,São Roque Do Pico,460305,38.5163,-28.3075,4,sao-roque-do-pico
PT,Portugal,Portugal,9940-327,São Roque do Pico,Azores,23,São Roque do Pico,4603,São Roque Do Pico,460305,38.5163,-28.3075,4,sao-roque-do-pico
PT,Portugal,Portugal,9940-328,São Roque do Pico,Azores,23,São Roque do Pico,4603,São Roque Do Pico,460305,38.5163,-28.3075,4,sao-roque-do-pico
PT,Portugal,Portugal,9940-329,São Roque do Pico,Azores,23,São Roque do Pico,4603,São Roque Do Pico,460305,38.5163,-28.3075,4,sao-roque-do-pico
PT,Portugal,Portugal,9940-330,São Roque do Pico,Azores,23,São Roque do Pico,4603,São Roque Do Pico,460305,38.5163,-28.3075,4,sao-roque-do-pico
PT,Portugal,Portugal,9940-332,São Roque do Pico,Azores,23,São Roque do Pico,4603,São Roque Do Pico,460305,38.5163,-28.3075,4,sao-roque-do-pico
PT,Portugal,Portugal,9940-334,São Roque do Pico,Azores,23,São Roque do Pico,4603,São Roque Do Pico,460305,38.5163,-28.3075,4,sao-roque-do-pico
PT,Portugal,Portugal,9940-335,São Roque do Pico,Azores,23,São Roque do Pico,4603,São Roque Do Pico,460305,38.5163,-28.3075,4,sao-roque-do-pico
PT,Portugal,Portugal,9940-336,São Roque do Pico,Azores,23,São Roque do Pico,4603,São Roque Do Pico,460305,38.5163,-28.3075,4,sao-roque-do-pico
PT,Portugal,Portugal,9940-337,São Roque do Pico,Azores,23,São Roque do Pico,4603,São Roque Do Pico,460305,38.5163,-28.3075,4,sao-roque-do-pico
PT,Portugal,Portugal,9940-338,São Roque do Pico,Azores,23,São Roque do Pico,4603,São Roque Do Pico,460305,38.5163,-28.3075,4,sao-roque-do-pico
PT,Portugal,Portugal,9940-340,São Roque do Pico,Azores,23,São Roque do Pico,4603,São Roque Do Pico,460305,38.5163,-28.3075,4,sao-roque-do-pico
PT,Portugal,Portugal,9940-341,São Roque do Pico,Azores,23,São Roque do Pico,4603,São Roque Do Pico,460305,38.5163,-28.3075,4,sao-roque-do-pico
PT,Portugal,Portugal,9940-342,São Roque do Pico,Azores,23,São Roque do Pico,4603,São Roque Do Pico,460305,38.5163,-28.3075,4,sao-roque-do-pico
PT,Portugal,Portugal,9940-343,São Roque do Pico,Azores,23,São Roque do Pico,4603,São Roque Do Pico,460305,38.5163,-28.3075,4,sao-roque-do-pico
PT,Portugal,Portugal,9940-344,São Roque do Pico,Azores,23,São Roque do Pico,4603,São Roque Do Pico,460305,38.5163,-28.3075,4,sao-roque-do-pico
PT,Portugal,Portugal,9940-345,São Roque do Pico,Azores,23,São Roque do Pico,4603,São Roque Do Pico,460305,38.5163,-28.3075,4,sao-roque-do-pico
PT,Portugal,Portugal,9940-346,São Roque do Pico,Azores,23,São Roque do Pico,4603,São Roque Do Pico,460305,38.5163,-28.3075,4,sao-roque-do-pico
PT,Portugal,Portugal,9940-347,São Roque do Pico,Azores,23,São Roque do Pico,4603,São Roque Do Pico,460305,38.5163,-28.3075,4,sao-roque-do-pico
PT,Portugal,Portugal,9940-348,São Roque do Pico,Azores,23,São Roque do Pico,4603,São Roque Do Pico,460305,38.5163,-28.3075,4,sao-roque-do-pico
PT,Portugal,Portugal,9940-349,São Roque do Pico,Azores,23,São Roque do Pico,4603,São Roque Do Pico,460305,38.5163,-28.3075,4,sao-roque-do-pico
PT,Portugal,Portugal,9940-350,São Roque do Pico,Azores,23,São Roque do Pico,4603,São Roque Do Pico,460305,38.5163,-28.3075,4,sao-roque-do-pico
PT,Portugal,Portugal,9940-351,São Roque do Pico,Azores,23,São Roque do Pico,4603,São Roque Do Pico,460305,38.5163,-28.3075,4,sao-roque-do-pico
PT,Portugal,Portugal,9940-352,São Roque do Pico,Azores,23,São Roque do Pico,4603,São Roque Do Pico,460305,38.5163,-28.3075,4,sao-roque-do-pico
PT,Portugal,Portugal,9940-353,São Roque do Pico,Azores,23,São Roque do Pico,4603,São Roque Do Pico,460305,38.5163,-28.3075,4,sao-roque-do-pico
PT,Portugal,Portugal,9940-354,São Roque do Pico,Azores,23,São Roque do Pico,4603,São Roque Do Pico,460305,38.5163,-28.3075,4,sao-roque-do-pico
PT,Portugal,Portugal,9940-355,São Roque do Pico,Azores,23,São Roque do Pico,4603,São Roque Do Pico,460305,38.5163,-28.3075,4,sao-roque-do-pico
PT,Portugal,Portugal,9940-356,São Roque do Pico,Azores,23,São Roque do Pico,4603,São Roque Do Pico,460305,38.5163,-28.3075,4,sao-roque-do-pico
PT,Portugal,Portugal,9940-357,São Roque do Pico,Azores,23,São Roque do Pico,4603,São Roque Do Pico,460305,38.5163,-28.3075,4,sao-roque-do-pico
PT,Portugal,Portugal,9940-358,São Roque do Pico,Azores,23,São Roque do Pico,4603,São Roque Do Pico,460305,38.5163,-28.3075,4,sao-roque-do-pico
PT,Portugal,Portugal,9940-359,São Roque do Pico,Azores,23,São Roque do Pico,4603,São Roque Do Pico,460305,38.5163,-28.3075,4,sao-roque-do-pico
PT,Portugal,Portugal,9940-360,São Roque do Pico,Azores,23,São Roque do Pico,4603,São Roque Do Pico,460305,38.5163,-28.3075,4,sao-roque-do-pico
PT,Portugal,Portugal,9940-361,São Roque do Pico,Azores,23,São Roque do Pico,4603,São Roque Do Pico,460305,38.5163,-28.3075,4,sao-roque-do-pico
PT,Portugal,Portugal,9940-362,São Roque do Pico,Azores,23,São Roque do Pico,4603,São Roque Do Pico,460305,38.5163,-28.3075,4,sao-roque-do-pico
PT,Portugal,Portugal,9940-364,São Roque do Pico,Azores,23,São Roque do Pico,4603,São Roque Do Pico,460305,38.5163,-28.3075,4,sao-roque-do-pico
PT,Portugal,Portugal,9940-365,São Roque do Pico,Azores,23,São Roque do Pico,4603,São Roque Do Pico,460305,38.5163,-28.3075,4,sao-roque-do-pico
PT,Portugal,Portugal,9940-366,São Roque do Pico,Azores,23,São Roque do Pico,4603,São Roque Do Pico,460305,38.5163,-28.3075,4,sao-roque-do-pico
PT,Portugal,Portugal,9940-367,São Roque do Pico,Azores,23,São Roque do Pico,4603,São Roque Do Pico,460305,38.5163,-28.3075,4,sao-roque-do-pico
PT,Portugal,Portugal,9940-998,Prainha de Baixo,Azores,23,São Roque do Pico,4603,Prainha,460301,38.4703,-28.2045,4,prainha-de-baixo
PT,Portugal,Portugal,9940-999,São Roque do Pico,Azores,23,São Roque do Pico,4603,São Roque Do Pico,460305,38.5163,-28.3075,4,sao-roque-do-pico
PT,Portugal,Portugal,9944-001,São Roque do Pico,Azores,23,São Roque do Pico,4603,São Roque Do Pico,460305,38.5163,-28.3075,4,sao-roque-do-pico
PT,Portugal,Portugal,9900-000,Horta,Azores,23,Horta,4701,Horta,,38.5333,-28.6333,4,horta
PT,Portugal,Portugal,9900-011,Horta,Azores,23,Horta,4701,Horta,,38.5333,-28.6333,4,horta
PT,Portugal,Portugal,9900-013,Horta,Azores,23,Horta,4701,Horta,,38.5333,-28.6333,4,horta
PT,Portugal,Portugal,9900-014,Horta,Azores,23,Horta,4701,Horta,,38.5333,-28.6333,4,horta
PT,Portugal,Portugal,9900-015,Horta,Azores,23,Horta,4701,Horta,,38.5333,-28.6333,4,horta
PT,Portugal,Portugal,9900-016,Horta,Azores,23,Horta,4701,Horta,,38.5333,-28.6333,4,horta
PT,Portugal,Portugal,9900-017,Horta,Azores,23,Horta,4701,Horta,,38.5333,-28.6333,4,horta
PT,Portugal,Portugal,9900-018,Horta,Azores,23,Horta,4701,Horta,,38.5333,-28.6333,4,horta
PT,Portugal,Portugal,9900-019,Horta,Azores,23,Horta,4701,Horta,,38.5333,-28.6333,4,horta
PT,Portugal,Portugal,9900-020,Horta,Azores,23,Horta,4701,Horta,,38.5333,-28.6333,4,horta
PT,Portugal,Portugal,9900-021,Horta,Azores,23,Horta,4701,Horta,,38.5333,-28.6333,4,horta
PT,Portugal,Portugal,9900-023,Horta,Azores,23,Horta,4701,Horta,,38.5333,-28.6333,4,horta
PT,Portugal,Portugal,9900-024,Horta,Azores,23,Horta,4701,Horta,,38.5333,-28.6333,4,horta
PT,Portugal,Portugal,9900-025,Horta,Azores,23,Horta,4701,Horta,,38.5333,-28.6333,4,horta
PT,Portugal,Portugal,9900-026,Horta,Azores,23,Horta,4701,Horta,,38.5333,-28.6333,4,horta
PT,Portugal,Portugal,9900-027,Horta,Azores,23,Horta,4701,Horta,,38.5333,-28.6333,4,horta
PT,Portugal,Portugal,9900-028,Horta,Azores,23,Horta,4701,Horta,,38.5333,-28.6333,4,horta
PT,Portugal,Portugal,9900-029,Horta,Azores,23,Horta,4701,Horta,,38.5333,-28.6333,4,horta
PT,Portugal,Portugal,9900-030,Horta,Azores,23,Horta,4701,Horta,,38.5333,-28.6333,4,horta
PT,Portugal,Portugal,9900-031,Horta,Azores,23,Horta,4701,Horta,,38.5333,-28.6333,4,horta
PT,Portugal,Portugal,9900-033,Horta,Azores,23,Horta,4701,Horta,,38.5333,-28.6333,4,horta
PT,Portugal,Portugal,9900-037,Horta,Azores,23,Horta,4701,Horta,,38.5333,-28.6333,4,horta
PT,Portugal,Portugal,9900-038,Horta,Azores,23,Horta,4701,Horta,,38.5333,-28.6333,4,horta
PT,Portugal,Portugal,9900-039,Horta,Azores,23,Horta,4701,Horta,,38.5333,-28.6333,4,horta
PT,Portugal,Portugal,9900-040,Horta,Azores,23,Horta,4701,Horta,,38.5333,-28.6333,4,horta
PT,Portugal,Portugal,9900-044,Horta,Azores,23,Horta,4701,Horta,,38.5333,-28.6333,4,horta
PT,Portugal,Portugal,9900-045,Horta,Azores,23,Horta,4701,Horta,,38.5333,-28.6333,4,horta
PT,Portugal,Portugal,9900-046,Horta,Azores,23,Horta,4701,Horta,,38.5333,-28.6333,4,horta
PT,Portugal,Portugal,9900-050,Horta,Azores,23,Horta,4701,Horta,,38.5333,-28.6333,4,horta
PT,Portugal,Portugal,9900-051,Horta,Azores,23,Horta,4701,Horta,,38.5333,-28.6333,4,horta
PT,Portugal,Portugal,9900-052,Horta,Azores,23,Horta,4701,Horta,,38.5333,-28.6333,4,horta
PT,Portugal,Portugal,9900-053,Horta,Azores,23,Horta,4701,Horta,,38.5333,-28.6333,4,horta
PT,Portugal,Portugal,9900-056,Horta,Azores,23,Horta,4701,Horta,,38.5333,-28.6333,4,horta
PT,Portugal,Portugal,9900-057,Horta,Azores,23,Horta,4701,Horta,,38.5333,-28.6333,4,horta
PT,Portugal,Portugal,9900-058,Horta,Azores,23,Horta,4701,Horta,,38.5333,-28.6333,4,horta
PT,Portugal,Portugal,9900-059,Horta,Azores,23,Horta,4701,Horta,,38.5333,-28.6333,4,horta
PT,Portugal,Portugal,9900-062,Horta,Azores,23,Horta,4701,Horta,,38.5333,-28.6333,4,horta
PT,Portugal,Portugal,9900-063,Horta,Azores,23,Horta,4701,Horta,,38.5333,-28.6333,4,horta
PT,Portugal,Portugal,9900-064,Horta,Azores,23,Horta,4701,Horta,,38.5333,-28.6333,4,horta
PT,Portugal,Portugal,9900-065,Horta,Azores,23,Horta,4701,Horta,,38.5333,-28.6333,4,horta
PT,Portugal,Portugal,9900-066,Horta,Azores,23,Horta,4701,Horta,,38.5333,-28.6333,4,horta
PT,Portugal,Portugal,9900-067,Horta,Azores,23,Horta,4701,Horta,,38.5333,-28.6333,4,horta
PT,Portugal,Portugal,9900-069,Horta,Azores,23,Horta,4701,Horta,,38.5333,-28.6333,4,horta
PT,Portugal,Portugal,9900-070,Horta,Azores,23,Horta,4701,Horta,,38.5333,-28.6333,4,horta
PT,Portugal,Portugal,9900-071,Horta,Azores,23,Horta,4701,Horta,,38.5333,-28.6333,4,horta
PT,Portugal,Portugal,9900-073,Horta,Azores,23,Horta,4701,Horta,,38.5333,-28.6333,4,horta
PT,Portugal,Portugal,9900-074,Horta,Azores,23,Horta,4701,Horta,,38.5333,-28.6333,4,horta
PT,Portugal,Portugal,9900-075,Horta,Azores,23,Horta,4701,Horta,,38.5333,-28.6333,4,horta
PT,Portugal,Portugal,9900-076,Horta,Azores,23,Horta,4701,Horta,,38.5333,-28.6333,4,horta
PT,Portugal,Portugal,9900-077,Horta,Azores,23,Horta,4701,Horta,,38.5333,-28.6333,4,horta
PT,Portugal,Portugal,9900-078,Horta,Azores,23,Horta,4701,Horta,,38.5333,-28.6333,4,horta
PT,Portugal,Portugal,9900-079,Horta,Azores,23,Horta,4701,Horta,,38.5333,-28.6333,4,horta
PT,Portugal,Portugal,9900-080,Horta,Azores,23,Horta,4701,Horta,,38.5333,-28.6333,4,horta
PT,Portugal,Portugal,9900-081,Horta,Azores,23,Horta,4701,Horta,,38.5333,-28.6333,4,horta
PT,Portugal,Portugal,9900-082,Horta,Azores,23,Horta,4701,Horta,,38.5333,-28.6333,4,horta
PT,Portugal,Portugal,9900-083,Horta,Azores,23,Horta,4701,Horta,,38.5333,-28.6333,4,horta
PT,Portugal,Portugal,9900-084,Horta,Azores,23,Horta,4701,Horta,,38.5333,-28.6333,4,horta
PT,Portugal,Portugal,9900-085,Horta,Azores,23,Horta,4701,Horta,,38.5333,-28.6333,4,horta
PT,Portugal,Portugal,9900-086,Horta,Azores,23,Horta,4701,Horta,,38.5333,-28.6333,4,horta
PT,Portugal,Portugal,9900-088,Horta,Azores,23,Horta,4701,Horta,,38.5333,-28.6333,4,horta
PT,Portugal,Portugal,9900-089,Horta,Azores,23,Horta,4701,Horta,,38.5333,-28.6333,4,horta
PT,Portugal,Portugal,9900-090,Horta,Azores,23,Horta,4701,Horta,,38.5333,-28.6333,4,horta
PT,Portugal,Portugal,9900-091,Horta,Azores,23,Horta,4701,Horta,,38.5333,-28.6333,4,horta
PT,Portugal,Portugal,9900-093,Horta,Azores,23,Horta,4701,Horta,,38.5333,-28.6333,4,horta
PT,Portugal,Portugal,9900-094,Horta,Azores,23,Horta,4701,Horta,,38.5333,-28.6333,4,horta
PT,Portugal,Portugal,9900-095,Horta,Azores,23,Horta,4701,Horta,,38.5333,-28.6333,4,horta
PT,Portugal,Portugal,9900-096,Horta,Azores,23,Horta,4701,Horta,,38.5333,-28.6333,4,horta
PT,Portugal,Portugal,9900-097,Horta,Azores,23,Horta,4701,Horta,,38.5333,-28.6333,4,horta
PT,Portugal,Portugal,9900-098,Horta,Azores,23,Horta,4701,Horta,,38.5333,-28.6333,4,horta
PT,Portugal,Portugal,9900-099,Horta,Azores,23,Horta,4701,Horta,,38.5333,-28.6333,4,horta
PT,Portugal,Portugal,9900-100,Horta,Azores,23,Horta,4701,Horta,,38.5333,-28.6333,4,horta
PT,Portugal,Portugal,9900-101,Horta,Azores,23,Horta,4701,Horta,,38.5333,-28.6333,4,horta
PT,Portugal,Portugal,9900-102,Horta,Azores,23,Horta,4701,Horta,,38.5333,-28.6333,4,horta
PT,Portugal,Portugal,9900-103,Horta,Azores,23,Horta,4701,Horta,,38.5333,-28.6333,4,horta
PT,Portugal,Portugal,9900-104,Horta,Azores,23,Horta,4701,Horta,,38.5333,-28.6333,4,horta
PT,Portugal,Portugal,9900-105,Horta,Azores,23,Horta,4701,Horta,,38.5333,-28.6333,4,horta
PT,Portugal,Portugal,9900-106,Horta,Azores,23,Horta,4701,Horta,,38.5333,-28.6333,4,horta
PT,Portugal,Portugal,9900-107,Horta,Azores,23,Horta,4701,Horta,,38.5333,-28.6333,4,horta
PT,Portugal,Portugal,9900-108,Horta,Azores,23,Horta,4701,Horta,,38.5333,-28.6333,4,horta
PT,Portugal,Portugal,9900-109,Horta,Azores,23,Horta,4701,Horta,,38.5333,-28.6333,4,horta
PT,Portugal,Portugal,9900-110,Horta,Azores,23,Horta,4701,Horta,,38.5333,-28.6333,4,horta
PT,Portugal,Portugal,9900-111,Horta,Azores,23,Horta,4701,Horta,,38.5333,-28.6333,4,horta
PT,Portugal,Portugal,9900-112,Horta,Azores,23,Horta,4701,Horta,,38.5333,-28.6333,4,horta
PT,Portugal,Portugal,9900-113,Horta,Azores,23,Horta,4701,Horta,,38.5333,-28.6333,4,horta
PT,Portugal,Portugal,9900-114,Horta,Azores,23,Horta,4701,Horta,,38.5333,-28.6333,4,horta
PT,Portugal,Portugal,9900-116,Horta,Azores,23,Horta,4701,Horta,,38.5333,-28.6333,4,horta
PT,Portugal,Portugal,9900-117,Horta,Azores,23,Horta,4701,Horta,,38.5333,-28.6333,4,horta
PT,Portugal,Portugal,9900-118,Horta,Azores,23,Horta,4701,Horta,,38.5333,-28.6333,4,horta
PT,Portugal,Portugal,9900-119,Horta,Azores,23,Horta,4701,Horta,,38.5333,-28.6333,4,horta
PT,Portugal,Portugal,9900-121,Horta,Azores,23,Horta,4701,Horta,,38.5333,-28.6333,4,horta
PT,Portugal,Portugal,9900-122,Horta,Azores,23,Horta,4701,Horta,,38.5333,-28.6333,4,horta
PT,Portugal,Portugal,9900-123,Horta,Azores,23,Horta,4701,Horta,,38.5333,-28.6333,4,horta
PT,Portugal,Portugal,9900-124,Horta,Azores,23,Horta,4701,Horta,,38.5333,-28.6333,4,horta
PT,Portugal,Portugal,9900-125,Horta,Azores,23,Horta,4701,Horta,,38.5333,-28.6333,4,horta
PT,Portugal,Portugal,9900-126,Horta,Azores,23,Horta,4701,Horta,,38.5333,-28.6333,4,horta
PT,Portugal,Portugal,9900-127,Horta,Azores,23,Horta,4701,Horta,,38.5333,-28.6333,4,horta
PT,Portugal,Portugal,9900-128,Horta,Azores,23,Horta,4701,Horta,,38.5333,-28.6333,4,horta
PT,Portugal,Portugal,9900-129,Horta,Azores,23,Horta,4701,Horta,,38.5333,-28.6333,4,horta
PT,Portugal,Portugal,9900-130,Horta,Azores,23,Horta,4701,Horta,,38.5333,-28.6333,4,horta
PT,Portugal,Portugal,9900-131,Horta,Azores,23,Horta,4701,Horta,,38.5333,-28.6333,4,horta
PT,Portugal,Portugal,9900-132,Horta,Azores,23,Horta,4701,Horta,,38.5333,-28.6333,4,horta
PT,Portugal,Portugal,9900-133,Horta,Azores,23,Horta,4701,Horta,,38.5333,-28.6333,4,horta
PT,Portugal,Portugal,9900-134,Horta,Azores,23,Horta,4701,Horta,,38.5333,-28.6333,4,horta
PT,Portugal,Portugal,9900-135,Horta,Azores,23,Horta,4701,Horta,,38.5333,-28.6333,4,horta
PT,Portugal,Portugal,9900-136,Horta,Azores,23,Horta,4701,Horta,,38.5333,-28.6333,4,horta
PT,Portugal,Portugal,9900-137,Horta,Azores,23,Horta,4701,Horta,,38.5333,-28.6333,4,horta
PT,Portugal,Portugal,9900-138,Horta,Azores,23,Horta,4701,Horta,,38.5333,-28.6333,4,horta
PT,Portugal,Portugal,9900-139,Horta,Azores,23,Horta,4701,Horta,,38.5333,-28.6333,4,horta
PT,Portugal,Portugal,9900-140,Horta,Azores,23,Horta,4701,Horta,,38.5333,-28.6333,4,horta
PT,Portugal,Portugal,9900-141,Horta,Azores,23,Horta,4701,Horta,,38.5333,-28.6333,4,horta
PT,Portugal,Portugal,9900-142,Horta,Azores,23,Horta,4701,Horta,,38.5333,-28.6333,4,horta
PT,Portugal,Portugal,9900-143,Horta,Azores,23,Horta,4701,Horta,,38.5333,-28.6333,4,horta
PT,Portugal,Portugal,9900-144,Horta,Azores,23,Horta,4701,Horta,,38.5333,-28.6333,4,horta
PT,Portugal,Portugal,9900-145,Horta,Azores,23,Horta,4701,Horta,,38.5333,-28.6333,4,horta
PT,Portugal,Portugal,9900-146,Horta,Azores,23,Horta,4701,Horta,,38.5333,-28.6333,4,horta
PT,Portugal,Portugal,9900-147,Horta,Azores,23,Horta,4701,Horta,,38.5333,-28.6333,4,horta
PT,Portugal,Portugal,9900-148,Horta,Azores,23,Horta,4701,Horta,,38.5333,-28.6333,4,horta
PT,Portugal,Portugal,9900-149,Horta,Azores,23,Horta,4701,Horta,,38.5333,-28.6333,4,horta
PT,Portugal,Portugal,9900-150,Horta,Azores,23,Horta,4701,Horta,,38.5333,-28.6333,4,horta
PT,Portugal,Portugal,9900-152,Horta,Azores,23,Horta,4701,Horta,,38.5333,-28.6333,4,horta
PT,Portugal,Portugal,9900-153,Horta,Azores,23,Horta,4701,Horta,,38.5333,-28.6333,4,horta
PT,Portugal,Portugal,9900-154,Horta,Azores,23,Horta,4701,Horta,,38.5333,-28.6333,4,horta
PT,Portugal,Portugal,9900-155,Horta,Azores,23,Horta,4701,Horta,,38.5333,-28.6333,4,horta
PT,Portugal,Portugal,9900-156,Horta,Azores,23,Horta,4701,Horta,,38.5333,-28.6333,4,horta
PT,Portugal,Portugal,9900-157,Horta,Azores,23,Horta,4701,Horta,,38.5333,-28.6333,4,horta
PT,Portugal,Portugal,9900-160,Horta,Azores,23,Horta,4701,Horta,,38.5333,-28.6333,4,horta
PT,Portugal,Portugal,9900-162,Horta,Azores,23,Horta,4701,Horta,,38.5333,-28.6333,4,horta
PT,Portugal,Portugal,9900-163,Horta,Azores,23,Horta,4701,Horta,,38.5333,-28.6333,4,horta
PT,Portugal,Portugal,9900-164,Horta,Azores,23,Horta,4701,Horta,,38.5333,-28.6333,4,horta
PT,Portugal,Portugal,9900-165,Horta,Azores,23,Horta,4701,Horta,,38.5333,-28.6333,4,horta
PT,Portugal,Portugal,9900-166,Horta,Azores,23,Horta,4701,Horta,,38.5333,-28.6333,4,horta
PT,Portugal,Portugal,9900-167,Horta,Azores,23,Horta,4701,Horta,,38.5333,-28.6333,4,horta
PT,Portugal,Portugal,9900-168,Horta,Azores,23,Horta,4701,Horta,,38.5333,-28.6333,4,horta
PT,Portugal,Portugal,9900-169,Horta,Azores,23,Horta,4701,Horta,,38.5333,-28.6333,4,horta
PT,Portugal,Portugal,9900-170,Horta,Azores,23,Horta,4701,Horta,,38.5333,-28.6333,4,horta
PT,Portugal,Portugal,9900-171,Horta,Azores,23,Horta,4701,Horta,,38.5333,-28.6333,4,horta
PT,Portugal,Portugal,9900-172,Horta,Azores,23,Horta,4701,Horta,,38.5333,-28.6333,4,horta
PT,Portugal,Portugal,9900-173,Horta,Azores,23,Horta,4701,Horta,,38.5333,-28.6333,4,horta
PT,Portugal,Portugal,9900-174,Horta,Azores,23,Horta,4701,Horta,,38.5333,-28.6333,4,horta
PT,Portugal,Portugal,9900-174,Canadinhas,Azores,23,Horta,4701,Horta,,38.5333,-28.6333,3,canadinhas
PT,Portugal,Portugal,9900-175,Horta,Azores,23,Horta,4701,Horta,,38.5333,-28.6333,4,horta
PT,Portugal,Portugal,9900-176,Horta,Azores,23,Horta,4701,Horta,,38.5333,-28.6333,4,horta
PT,Portugal,Portugal,9900-301,Areeiro,Azores,23,Horta,4701,Capelo,470101,38.5856,-28.7817,1,areeiro
PT,Portugal,Portugal,9900-302,Capelo,Azores,23,Horta,4701,Capelo,470101,38.5705,-28.6916,1,capelo
PT,Portugal,Portugal,9900-303,Alto dos Cavacos,Azores,23,Horta,4701,Capelo,470101,38.5705,-28.6916,1,alto-dos-cavacos
PT,Portugal,Portugal,9900-304,Canto,Azores,23,Horta,4701,Capelo,470101,38.5705,-28.6916,1,canto
PT,Portugal,Portugal,9900-305,Norte Pequeno,Azores,23,Horta,4701,Capelo,470101,38.5705,-28.6916,1,norte-pequeno
PT,Portugal,Portugal,9900-321,Aeroporto da Horta,Azores,23,Horta,4701,Castelo Branco Hrt,,38.5232,-28.7157,1,aeroporto-da-horta
PT,Portugal,Portugal,9900-323,Rua da Igreja,Azores,23,Horta,4701,Castelo Branco Hrt,,38.5227,-28.7161,3,rua-da-igreja
PT,Portugal,Portugal,9900-323,Cruz Nova,Azores,23,Horta,4701,Castelo Branco Hrt,,38.5227,-28.7161,3,cruz-nova
PT,Portugal,Portugal,9900-323,Carreira,Azores,23,Horta,4701,Castelo Branco Hrt,,38.5227,-28.7161,3,carreira
PT,Portugal,Portugal,9900-323,Calço da Cruz,Azores,23,Horta,4701,Castelo Branco Hrt,,38.5227,-28.7161,3,calco-da-cruz
PT,Portugal,Portugal,9900-323,Lameiro,Azores,23,Horta,4701,Castelo Branco Hrt,,38.5227,-28.7161,3,lameiro
PT,Portugal,Portugal,9900-323,Rosto Alto,Azores,23,Horta,4701,Castelo Branco Hrt,,38.5227,-28.7161,3,rosto-alto
PT,Portugal,Portugal,9900-323,Castelo Branco,Azores,23,Horta,4701,Castelo Branco Hrt,,38.522,-28.7137,4,castelo-branco
PT,Portugal,Portugal,9900-323,Calço Ferreiro,Azores,23,Horta,4701,Castelo Branco Hrt,,38.5333,-28.75,4,calco-ferreiro
PT,Portugal,Portugal,9900-324,Castelo Branco,Azores,23,Horta,4701,Castelo Branco Hrt,,38.522,-28.7137,4,castelo-branco
PT,Portugal,Portugal,9900-324,Almances,Azores,23,Horta,4701,Castelo Branco Hrt,,38.522,-28.7137,3,almances
PT,Portugal,Portugal,9900-327,Cancelas,Azores,23,Horta,4701,Castelo Branco Hrt,,38.5333,-28.7167,4,cancelas
PT,Portugal,Portugal,9900-327,Castelo Branco,Azores,23,Horta,4701,Castelo Branco Hrt,,38.522,-28.7137,4,castelo-branco
PT,Portugal,Portugal,9900-330,Jogo,Azores,23,Horta,4701,Castelo Branco Hrt,,38.522,-28.7137,3,jogo
PT,Portugal,Portugal,9900-330,Castelo Branco,Azores,23,Horta,4701,Castelo Branco Hrt,,38.522,-28.7137,4,castelo-branco
PT,Portugal,Portugal,9900-331,Ribeira Grande,Azores,23,Horta,4701,Castelo Branco Hrt,,38.5392,-28.6885,1,ribeira-grande
PT,Portugal,Portugal,9900-332,Ladeira do Peixoto,Azores,23,Horta,4701,Castelo Branco Hrt,,38.5909,-28.6129,3,ladeira-do-peixoto
PT,Portugal,Portugal,9900-332,Ribeirinha,Azores,23,Horta,4701,Castelo Branco Hrt,,38.5909,-28.6129,4,ribeirinha
PT,Portugal,Portugal,9900-333,Extremo Castelo Branco,Azores,23,Horta,4701,Castelo Branco Hrt,,38.5392,-28.6885,1,extremo-castelo-branco
PT,Portugal,Portugal,9900-334,Castelo Branco,Azores,23,Horta,4701,Castelo Branco Hrt,,38.522,-28.7137,4,castelo-branco
PT,Portugal,Portugal,9900-341,Cedros,Azores,23,Horta,4701,Cedros Hrt,,38.6355,-28.6944,4,cedros
PT,Portugal,Portugal,9900-343,Cedros,Azores,23,Horta,4701,Cedros Hrt,,38.6355,-28.6944,4,cedros
PT,Portugal,Portugal,9900-347,Ribeira Funda,Azores,23,Horta,4701,Cedros Hrt,,38.6355,-28.6944,1,ribeira-funda
PT,Portugal,Portugal,9900-361,Feteira,Azores,23,Horta,4701,Feteira Hrt,,38.5266,-28.6762,4,feteira
PT,Portugal,Portugal,9900-362,Feteira,Azores,23,Horta,4701,Feteira Hrt,,38.5266,-28.6762,4,feteira
PT,Portugal,Portugal,9900-363,Feteira,Azores,23,Horta,4701,Feteira Hrt,,38.5266,-28.6762,4,feteira
PT,Portugal,Portugal,9900-368,Feteira,Azores,23,Horta,4701,Feteira Hrt,,38.5266,-28.6762,4,feteira
PT,Portugal,Portugal,9900-369,Feteira,Azores,23,Horta,4701,Feteira Hrt,,38.5266,-28.6762,4,feteira
PT,Portugal,Portugal,9900-370,Feteira,Azores,23,Horta,4701,Feteira Hrt,,38.5266,-28.6762,4,feteira
PT,Portugal,Portugal,9900-371,Feteira,Azores,23,Horta,4701,Feteira Hrt,,38.5266,-28.6762,4,feteira
PT,Portugal,Portugal,9900-373,Vale da Vinha,Azores,23,Horta,4701,Horta,,38.5266,-28.6762,1,vale-da-vinha
PT,Portugal,Portugal,9900-375,Ponta Furada,Azores,23,Horta,4701,Feteira Hrt,,38.5266,-28.6762,1,ponta-furada
PT,Portugal,Portugal,9900-401,Flamengos,Azores,23,Horta,4701,Flamengos,470105,38.55,-28.65,4,flamengos
PT,Portugal,Portugal,9900-402,Flamengos,Azores,23,Horta,4701,Flamengos,470105,38.55,-28.65,4,flamengos
PT,Portugal,Portugal,9900-403,Flamengos,Azores,23,Horta,4701,Flamengos,470105,38.55,-28.65,4,flamengos
PT,Portugal,Portugal,9900-404,Flamengos,Azores,23,Horta,4701,Flamengos,470105,38.55,-28.65,4,flamengos
PT,Portugal,Portugal,9900-405,Flamengos,Azores,23,Horta,4701,Flamengos,470105,38.55,-28.65,4,flamengos
PT,Portugal,Portugal,9900-407,Flamengos,Azores,23,Horta,4701,Flamengos,470105,38.55,-28.65,4,flamengos
PT,Portugal,Portugal,9900-408,Santa Bárbara,Azores,23,Horta,4701,Horta,,38.5333,-28.65,4,santa-barbara
PT,Portugal,Portugal,9900-409,Flamengos,Azores,23,Horta,4701,Flamengos,470105,38.55,-28.65,4,flamengos
PT,Portugal,Portugal,9900-410,Flamengos,Azores,23,Horta,4701,Flamengos,470105,38.55,-28.65,4,flamengos
PT,Portugal,Portugal,9900-421,Pedro Miguel,Azores,23,Horta,4701,Pedro Miguel,470109,38.5748,-28.6184,4,pedro-miguel
PT,Portugal,Portugal,9900-423,Pedro Miguel,Azores,23,Horta,4701,Pedro Miguel,470109,38.5748,-28.6184,4,pedro-miguel
PT,Portugal,Portugal,9900-424,Pedro Miguel,Azores,23,Horta,4701,Pedro Miguel,470109,38.5748,-28.6184,4,pedro-miguel
PT,Portugal,Portugal,9900-425,Pedro Miguel,Azores,23,Horta,4701,Pedro Miguel,470109,38.5748,-28.6184,4,pedro-miguel
PT,Portugal,Portugal,9900-426,Pedro Miguel,Azores,23,Horta,4701,Pedro Miguel,470109,38.5748,-28.6184,4,pedro-miguel
PT,Portugal,Portugal,9900-427,Pedro Miguel,Azores,23,Horta,4701,Pedro Miguel,470109,38.5748,-28.6184,4,pedro-miguel
PT,Portugal,Portugal,9900-429,Pedro Miguel,Azores,23,Horta,4701,Pedro Miguel,470109,38.5748,-28.6184,4,pedro-miguel
PT,Portugal,Portugal,9900-431,Pedro Miguel,Azores,23,Horta,4701,Pedro Miguel,470109,38.5748,-28.6184,4,pedro-miguel
PT,Portugal,Portugal,9900-432,Praia,Azores,23,Horta,4701,Praia Do Almoxarife,470110,38.55,-28.6167,4,praia
PT,Portugal,Portugal,9900-433,Pedro Miguel,Azores,23,Horta,4701,Pedro Miguel,470109,38.5748,-28.6184,4,pedro-miguel
PT,Portugal,Portugal,9900-435,Pedro Miguel,Azores,23,Horta,4701,Pedro Miguel,470109,38.5748,-28.6184,4,pedro-miguel
PT,Portugal,Portugal,9900-436,Pedro Miguel,Azores,23,Horta,4701,Pedro Miguel,470109,38.5748,-28.6184,4,pedro-miguel
PT,Portugal,Portugal,9900-437,Pedro Miguel,Azores,23,Horta,4701,Pedro Miguel,470109,38.5748,-28.6184,4,pedro-miguel
PT,Portugal,Portugal,9900-439,Pedro Miguel,Azores,23,Horta,4701,Pedro Miguel,470109,38.5748,-28.6184,4,pedro-miguel
PT,Portugal,Portugal,9900-450,Praia,Azores,23,Horta,4701,Praia Do Almoxarife,470110,38.55,-28.6167,4,praia
PT,Portugal,Portugal,9900-451,Praia,Azores,23,Horta,4701,Praia Do Almoxarife,470110,38.55,-28.6167,4,praia
PT,Portugal,Portugal,9900-452,Praia,Azores,23,Horta,4701,Praia Do Almoxarife,470110,38.55,-28.6167,4,praia
PT,Portugal,Portugal,9900-453,Praia,Azores,23,Horta,4701,Praia Do Almoxarife,470110,38.55,-28.6167,4,praia
PT,Portugal,Portugal,9900-471,Fajã,Azores,23,Horta,4701,Praia Do Norte,470111,38.5572,-28.6287,1,faja
PT,Portugal,Portugal,9900-472,Praia do Norte de Cima,Azores,23,Horta,4701,Praia Do Norte,470111,38.5572,-28.6287,1,praia-do-norte-de-cima
PT,Portugal,Portugal,9900-473,Praia do Norte de Baixo,Azores,23,Horta,4701,Praia Do Norte,470111,38.5572,-28.6287,1,praia-do-norte-de-baixo
PT,Portugal,Portugal,9900-473,Praia do Norte de Cima,Azores,23,Horta,4701,Praia Do Norte,470111,38.5572,-28.6287,1,praia-do-norte-de-cima
PT,Portugal,Portugal,9900-491,Calço da Chã da Cruz,Azores,23,Horta,4701,Ribeirinha Hrt,,38.5954,-28.6231,3,calco-da-cha-da-cruz
PT,Portugal,Portugal,9900-491,Ribeirinha,Azores,23,Horta,4701,Ribeirinha Hrt,,38.5909,-28.6129,4,ribeirinha
PT,Portugal,Portugal,9900-491,Espalhafatos,Azores,23,Horta,4701,Ribeirinha Hrt,,38.6,-28.6333,4,espalhafatos
PT,Portugal,Portugal,9900-501,Salão,Azores,23,Horta,4701,Salão,470113,38.6205,-28.6645,4,salao
PT,Portugal,Portugal,9900-998,Lameiro,Azores,23,Horta,4701,Castelo Branco Hrt,,38.5333,-28.6333,1,lameiro
PT,Portugal,Portugal,9900-999,Horta,Azores,23,Horta,4701,Horta,,38.5333,-28.6333,4,horta
PT,Portugal,Portugal,9901-851,Horta,Azores,23,Horta,4701,Horta,,38.5333,-28.6333,4,horta
PT,Portugal,Portugal,9901-852,Horta,Azores,23,Horta,4701,Horta,,38.5333,-28.6333,4,horta
PT,Portugal,Portugal,9901-853,Horta,Azores,23,Horta,4701,Horta,,38.5333,-28.6333,4,horta
PT,Portugal,Portugal,9901-854,Horta,Azores,23,Horta,4701,Horta,,38.5333,-28.6333,4,horta
PT,Portugal,Portugal,9901-855,Horta,Azores,23,Horta,4701,Horta,,38.5333,-28.6333,4,horta
PT,Portugal,Portugal,9901-856,Horta,Azores,23,Horta,4701,Horta,,38.5333,-28.6333,4,horta
PT,Portugal,Portugal,9901-858,Horta,Azores,23,Horta,4701,Horta,,38.5333,-28.6333,4,horta
PT,Portugal,Portugal,9901-859,Horta,Azores,23,Horta,4701,Horta,,38.5333,-28.6333,4,horta
PT,Portugal,Portugal,9901-860,Horta,Azores,23,Horta,4701,Horta,,38.5333,-28.6333,4,horta
PT,Portugal,Portugal,9901-861,Horta,Azores,23,Horta,4701,Horta,,38.5333,-28.6333,4,horta
PT,Portugal,Portugal,9901-862,Horta,Azores,23,Horta,4701,Horta,,38.5333,-28.6333,4,horta
PT,Portugal,Portugal,9901-863,Horta,Azores,23,Horta,4701,Horta,,38.5333,-28.6333,4,horta
PT,Portugal,Portugal,9904-857,Horta,Azores,23,Horta,4701,Horta,,38.5333,-28.6333,4,horta
PT,Portugal,Portugal,9960-010,Assumada,Azores,23,Lajes das Flores,4801,Fajã Grande,480101,39.4541,-31.2623,1,assumada
PT,Portugal,Portugal,9960-020,Courelas,Azores,23,Lajes das Flores,4801,Fajã Grande,480101,39.4541,-31.2623,1,courelas
PT,Portugal,Portugal,9960-030,Fajã Grande,Azores,23,Lajes das Flores,4801,Fajã Grande,480101,39.4541,-31.2623,4,faja-grande
PT,Portugal,Portugal,9960-040,Fontinha,Azores,23,Lajes das Flores,4801,Fajã Grande,480101,39.4502,-31.2403,1,fontinha
PT,Portugal,Portugal,9960-060,Ponta da Faja Grande,Azores,23,Lajes das Flores,4801,Fajã Grande,480101,39.4541,-31.2623,1,ponta-da-faja-grande
PT,Portugal,Portugal,9960-070,Quada,Azores,23,Lajes das Flores,4801,Fajã Grande,480101,39.4541,-31.2623,1,quada
PT,Portugal,Portugal,9960-100,Espelhaço,Azores,23,Lajes das Flores,4801,Fajãzinha,480102,39.4332,-31.2541,1,espelhaco
PT,Portugal,Portugal,9960-110,Fajãzinha,Azores,23,Lajes das Flores,4801,Fajãzinha,480102,39.4332,-31.2541,4,fajazinha
PT,Portugal,Portugal,9960-120,Ladeira,Azores,23,Lajes das Flores,4801,Fajãzinha,480102,39.4279,-31.2367,1,ladeira
PT,Portugal,Portugal,9960-130,Outeiro,Azores,23,Lajes das Flores,4801,Fajãzinha,480102,39.4279,-31.2367,1,outeiro
PT,Portugal,Portugal,9960-140,Rocas,Azores,23,Lajes das Flores,4801,Fajãzinha,480102,39.4332,-31.2541,1,rocas
PT,Portugal,Portugal,9960-150,Rossio,Azores,23,Lajes das Flores,4801,Fajãzinha,480102,39.4332,-31.2541,1,rossio
PT,Portugal,Portugal,9960-200,Barreira Vermelha,Azores,23,Lajes das Flores,4801,Fazenda,480103,39.3886,-31.1663,1,barreira-vermelha
PT,Portugal,Portugal,9960-210,Eiras,Azores,23,Lajes das Flores,4801,Fazenda,480103,39.3886,-31.1663,1,eiras
PT,Portugal,Portugal,9960-220,Fazenda,Azores,23,Lajes das Flores,4801,Fazenda,480103,39.3886,-31.1663,4,fazenda
PT,Portugal,Portugal,9960-230,Ribeirinha,Azores,23,Lajes das Flores,4801,Fazenda,480103,39.4042,-31.1822,1,ribeirinha
PT,Portugal,Portugal,9960-250,Tabuleiro,Azores,23,Lajes das Flores,4801,Fazenda,480103,39.3886,-31.1663,1,tabuleiro
PT,Portugal,Portugal,9960-300,Campanário,Azores,23,Lajes das Flores,4801,Lajedo,480104,39.3926,-31.2478,3,campanario
PT,Portugal,Portugal,9960-300,Lajedo,Azores,23,Lajes das Flores,4801,Lajedo,480104,39.3926,-31.2478,4,lajedo
PT,Portugal,Portugal,9960-330,Costa,Azores,23,Lajes das Flores,4801,Lajedo,480104,39.3848,-31.2418,4,costa
PT,Portugal,Portugal,9960-340,Fornalha,Azores,23,Lajes das Flores,4801,Lajedo,480104,39.3907,-31.2463,1,fornalha
PT,Portugal,Portugal,9960-350,Grotão,Azores,23,Lajes das Flores,4801,Lajedo,480104,39.3907,-31.2463,1,grotao
PT,Portugal,Portugal,9960-360,Lajedo,Azores,23,Lajes das Flores,4801,Lajedo,480104,39.3926,-31.2478,4,lajedo
PT,Portugal,Portugal,9960-400,Achada,Azores,23,Lajes das Flores,4801,Lajes Das Flores,480105,39.3943,-31.2066,1,achada
PT,Portugal,Portugal,9960-410,Cruz,Azores,23,Lajes das Flores,4801,Lajes Das Flores,480105,39.3774,-31.1785,1,cruz
PT,Portugal,Portugal,9960-420,Entre Cancelas,Azores,23,Lajes das Flores,4801,Lajes Das Flores,480105,39.3774,-31.1785,1,entre-cancelas
PT,Portugal,Portugal,9960-430,Lajes das Flores,Azores,23,Lajes das Flores,4801,Lajes Das Flores,480105,39.3774,-31.1785,4,lajes-das-flores
PT,Portugal,Portugal,9960-431,Lajes das Flores,Azores,23,Lajes das Flores,4801,Lajes Das Flores,480105,39.3774,-31.1785,4,lajes-das-flores
PT,Portugal,Portugal,9960-432,Lajes das Flores,Azores,23,Lajes das Flores,4801,Lajes Das Flores,480105,39.3774,-31.1785,4,lajes-das-flores
PT,Portugal,Portugal,9960-433,Lajes das Flores,Azores,23,Lajes das Flores,4801,Lajes Das Flores,480105,39.3774,-31.1785,4,lajes-das-flores
PT,Portugal,Portugal,9960-434,Lajes das Flores,Azores,23,Lajes das Flores,4801,Lajes Das Flores,480105,39.3774,-31.1785,4,lajes-das-flores
PT,Portugal,Portugal,9960-435,Lajes das Flores,Azores,23,Lajes das Flores,4801,Lajes Das Flores,480105,39.3774,-31.1785,4,lajes-das-flores
PT,Portugal,Portugal,9960-436,Lajes das Flores,Azores,23,Lajes das Flores,4801,Lajes Das Flores,480105,39.3774,-31.1785,4,lajes-das-flores
PT,Portugal,Portugal,9960-437,Lajes das Flores,Azores,23,Lajes das Flores,4801,Lajes Das Flores,480105,39.3774,-31.1785,4,lajes-das-flores
PT,Portugal,Portugal,9960-438,Lajes das Flores,Azores,23,Lajes das Flores,4801,Lajes Das Flores,480105,39.3774,-31.1785,4,lajes-das-flores
PT,Portugal,Portugal,9960-439,Lajes das Flores,Azores,23,Lajes das Flores,4801,Lajes Das Flores,480105,39.3774,-31.1785,4,lajes-das-flores
PT,Portugal,Portugal,9960-440,Lajes das Flores,Azores,23,Lajes das Flores,4801,Lajes Das Flores,480105,39.3774,-31.1785,4,lajes-das-flores
PT,Portugal,Portugal,9960-441,Lajes das Flores,Azores,23,Lajes das Flores,4801,Lajes Das Flores,480105,39.3774,-31.1785,4,lajes-das-flores
PT,Portugal,Portugal,9960-442,Lajes das Flores,Azores,23,Lajes das Flores,4801,Lajes Das Flores,480105,39.3774,-31.1785,4,lajes-das-flores
PT,Portugal,Portugal,9960-443,Lajes das Flores,Azores,23,Lajes das Flores,4801,Lajes Das Flores,480105,39.3774,-31.1785,4,lajes-das-flores
PT,Portugal,Portugal,9960-444,Lajes das Flores,Azores,23,Lajes das Flores,4801,Lajes Das Flores,480105,39.3774,-31.1785,4,lajes-das-flores
PT,Portugal,Portugal,9960-445,Lajes das Flores,Azores,23,Lajes das Flores,4801,Lajes Das Flores,480105,39.3774,-31.1785,4,lajes-das-flores
PT,Portugal,Portugal,9960-446,Lajes das Flores,Azores,23,Lajes das Flores,4801,Lajes Das Flores,480105,39.3774,-31.1785,4,lajes-das-flores
PT,Portugal,Portugal,9960-470,Lamaceiro,Azores,23,Lajes das Flores,4801,Lajes Das Flores,480105,39.3774,-31.1785,1,lamaceiro
PT,Portugal,Portugal,9960-472,Lombo,Azores,23,Lajes das Flores,4801,Lajes Das Flores,480105,39.3774,-31.1785,1,lombo
PT,Portugal,Portugal,9960-474,Monte de Cima,Azores,23,Lajes das Flores,4801,Lajes Das Flores,480105,39.3774,-31.1785,1,monte-de-cima
PT,Portugal,Portugal,9960-476,Lajes das Flores,Azores,23,Lajes das Flores,4801,Lajes Das Flores,480105,39.3774,-31.1785,4,lajes-das-flores
PT,Portugal,Portugal,9960-480,Outeiro,Azores,23,Lajes das Flores,4801,Lajes Das Flores,480105,39.3943,-31.2066,1,outeiro
PT,Portugal,Portugal,9960-482,Passagem,Azores,23,Lajes das Flores,4801,Lajes Das Flores,480105,39.3774,-31.1785,1,passagem
PT,Portugal,Portugal,9960-484,Ribeira Seca,Azores,23,Lajes das Flores,4801,Lajes Das Flores,480105,39.3943,-31.2066,1,ribeira-seca
PT,Portugal,Portugal,9960-500,Cruz,Azores,23,Lajes das Flores,4801,Lomba Lgf,,39.4018,-31.1562,1,cruz
PT,Portugal,Portugal,9960-510,Grota,Azores,23,Lajes das Flores,4801,Lomba Lgf,,39.4018,-31.1562,1,grota
PT,Portugal,Portugal,9960-520,Lomba,Azores,23,Lajes das Flores,4801,Lomba Lgf,,39.4018,-31.1562,4,lomba
PT,Portugal,Portugal,9960-530,Marujão,Azores,23,Lajes das Flores,4801,Lomba Lgf,,39.4018,-31.1562,1,marujao
PT,Portugal,Portugal,9960-550,Quarteiro,Azores,23,Lajes das Flores,4801,Lomba Lgf,,39.4018,-31.1562,1,quarteiro
PT,Portugal,Portugal,9960-560,Ramal da Cruz,Azores,23,Lajes das Flores,4801,Lomba Lgf,,39.4018,-31.1562,1,ramal-da-cruz
PT,Portugal,Portugal,9960-570,Ribeirinha,Azores,23,Lajes das Flores,4801,Lomba Lgf,,39.4018,-31.1562,1,ribeirinha
PT,Portugal,Portugal,9960-580,Terra Chã,Azores,23,Lajes das Flores,4801,Lomba Lgf,,39.4018,-31.1562,1,terra-cha
PT,Portugal,Portugal,9960-600,Cabo Baixo das Casas,Azores,23,Lajes das Flores,4801,Mosteiro Lgf,,39.4131,-31.2509,1,cabo-baixo-das-casas
PT,Portugal,Portugal,9960-610,Cabo Cima das Casas,Azores,23,Lajes das Flores,4801,Mosteiro Lgf,,39.4131,-31.2509,1,cabo-cima-das-casas
PT,Portugal,Portugal,9960-620,Caldeira,Azores,23,Lajes das Flores,4801,Mosteiro Lgf,,39.4131,-31.2509,1,caldeira
PT,Portugal,Portugal,9960-630,Mosteiro,Azores,23,Lajes das Flores,4801,Mosteiro Lgf,,39.4131,-31.2509,4,mosteiro
PT,Portugal,Portugal,9960-999,Lajes das Flores,Azores,23,Lajes das Flores,4801,Lajes Das Flores,480105,39.3774,-31.1785,4,lajes-das-flores
PT,Portugal,Portugal,9970-000,Santa Cruz das Flores,Azores,23,Santa Cruz das Flores,4802,Santa Cruz Das Flores,480204,39.4578,-31.1299,4,santa-cruz-das-flores
PT,Portugal,Portugal,9970-010,Caveira,Azores,23,Santa Cruz das Flores,4802,Caveira,480201,39.4307,-31.1501,4,caveira
PT,Portugal,Portugal,9970-031,Cedros,Azores,23,Santa Cruz das Flores,4802,Cedros Scf,,39.4808,-31.1539,4,cedros
PT,Portugal,Portugal,9970-032,Miradouro,Azores,23,Santa Cruz das Flores,4802,Cedros Scf,,39.4882,-31.156,1,miradouro
PT,Portugal,Portugal,9970-033,Ponta Ruiva,Azores,23,Santa Cruz das Flores,4802,Cedros Scf,,39.4956,-31.1582,4,ponta-ruiva
PT,Portugal,Portugal,9970-061,Casas do Concelho,Azores,23,Santa Cruz das Flores,4802,Ponta Delgada Scf,,39.508,-31.2013,1,casas-do-concelho
PT,Portugal,Portugal,9970-062,Farol do Albernás,Azores,23,Santa Cruz das Flores,4802,Ponta Delgada Scf,,39.508,-31.2013,1,farol-do-albernas
PT,Portugal,Portugal,9970-063,Ladeira,Azores,23,Santa Cruz das Flores,4802,Ponta Delgada Scf,,39.508,-31.2013,1,ladeira
PT,Portugal,Portugal,9970-064,Levada,Azores,23,Santa Cruz das Flores,4802,Ponta Delgada Scf,,39.508,-31.2013,1,levada
PT,Portugal,Portugal,9970-070,Ponta Delgada,Azores,23,Santa Cruz das Flores,4802,Ponta Delgada Scf,,39.5144,-31.2095,4,ponta-delgada
PT,Portugal,Portugal,9970-071,Ponta Delgada,Azores,23,Santa Cruz das Flores,4802,Ponta Delgada Scf,,39.5144,-31.2095,4,ponta-delgada
PT,Portugal,Portugal,9970-072,Ponta Delgada,Azores,23,Santa Cruz das Flores,4802,Ponta Delgada Scf,,39.5144,-31.2095,4,ponta-delgada
PT,Portugal,Portugal,9970-073,Ponta Delgada,Azores,23,Santa Cruz das Flores,4802,Ponta Delgada Scf,,39.5144,-31.2095,4,ponta-delgada
PT,Portugal,Portugal,9970-074,Ponta Delgada,Azores,23,Santa Cruz das Flores,4802,Ponta Delgada Scf,,39.5144,-31.2095,4,ponta-delgada
PT,Portugal,Portugal,9970-075,Ponta Delgada,Azores,23,Santa Cruz das Flores,4802,Ponta Delgada Scf,,39.5144,-31.2095,4,ponta-delgada
PT,Portugal,Portugal,9970-076,Ponta Delgada,Azores,23,Santa Cruz das Flores,4802,Ponta Delgada Scf,,39.5144,-31.2095,4,ponta-delgada
PT,Portugal,Portugal,9970-077,Ponta Delgada,Azores,23,Santa Cruz das Flores,4802,Ponta Delgada Scf,,39.5144,-31.2095,4,ponta-delgada
PT,Portugal,Portugal,9970-078,Ponta Delgada,Azores,23,Santa Cruz das Flores,4802,Ponta Delgada Scf,,39.5144,-31.2095,4,ponta-delgada
PT,Portugal,Portugal,9970-079,Ponta Delgada,Azores,23,Santa Cruz das Flores,4802,Ponta Delgada Scf,,39.5144,-31.2095,4,ponta-delgada
PT,Portugal,Portugal,9970-080,Ponta Delgada,Azores,23,Santa Cruz das Flores,4802,Ponta Delgada Scf,,39.5144,-31.2095,4,ponta-delgada
PT,Portugal,Portugal,9970-082,Ponta Delgada,Azores,23,Santa Cruz das Flores,4802,Ponta Delgada Scf,,39.5144,-31.2095,4,ponta-delgada
PT,Portugal,Portugal,9970-083,Ponta Delgada,Azores,23,Santa Cruz das Flores,4802,Ponta Delgada Scf,,39.5144,-31.2095,4,ponta-delgada
PT,Portugal,Portugal,9970-084,Ponta Delgada,Azores,23,Santa Cruz das Flores,4802,Ponta Delgada Scf,,39.5144,-31.2095,4,ponta-delgada
PT,Portugal,Portugal,9970-085,Ponta Delgada,Azores,23,Santa Cruz das Flores,4802,Ponta Delgada Scf,,39.5144,-31.2095,4,ponta-delgada
PT,Portugal,Portugal,9970-086,Ponta Delgada,Azores,23,Santa Cruz das Flores,4802,Ponta Delgada Scf,,39.5144,-31.2095,4,ponta-delgada
PT,Portugal,Portugal,9970-087,Ponta Delgada,Azores,23,Santa Cruz das Flores,4802,Ponta Delgada Scf,,39.5144,-31.2095,4,ponta-delgada
PT,Portugal,Portugal,9970-088,Ponta Delgada,Azores,23,Santa Cruz das Flores,4802,Ponta Delgada Scf,,39.5144,-31.2095,4,ponta-delgada
PT,Portugal,Portugal,9970-089,Ponta Delgada,Azores,23,Santa Cruz das Flores,4802,Ponta Delgada Scf,,39.5144,-31.2095,4,ponta-delgada
PT,Portugal,Portugal,9970-090,Ponta Delgada,Azores,23,Santa Cruz das Flores,4802,Ponta Delgada Scf,,39.5144,-31.2095,4,ponta-delgada
PT,Portugal,Portugal,9970-091,Ponta Delgada,Azores,23,Santa Cruz das Flores,4802,Ponta Delgada Scf,,39.5144,-31.2095,4,ponta-delgada
PT,Portugal,Portugal,9970-092,Ponta Delgada,Azores,23,Santa Cruz das Flores,4802,Ponta Delgada Scf,,39.5144,-31.2095,4,ponta-delgada
PT,Portugal,Portugal,9970-093,Ponta Delgada,Azores,23,Santa Cruz das Flores,4802,Ponta Delgada Scf,,39.5144,-31.2095,4,ponta-delgada
PT,Portugal,Portugal,9970-094,Ponta Delgada,Azores,23,Santa Cruz das Flores,4802,Ponta Delgada Scf,,39.5144,-31.2095,4,ponta-delgada
PT,Portugal,Portugal,9970-095,Ponta Delgada,Azores,23,Santa Cruz das Flores,4802,Ponta Delgada Scf,,39.5144,-31.2095,4,ponta-delgada
PT,Portugal,Portugal,9970-096,Ponta Delgada,Azores,23,Santa Cruz das Flores,4802,Ponta Delgada Scf,,39.5144,-31.2095,4,ponta-delgada
PT,Portugal,Portugal,9970-097,Rochela,Azores,23,Santa Cruz das Flores,4802,Ponta Delgada Scf,,39.5144,-31.2095,1,rochela
PT,Portugal,Portugal,9970-205,Alto da Rua,Azores,23,Santa Cruz das Flores,4802,Santa Cruz Das Flores,480204,39.4655,-31.1462,1,alto-da-rua
PT,Portugal,Portugal,9970-210,Boavista,Azores,23,Santa Cruz das Flores,4802,Santa Cruz Das Flores,480204,39.4591,-31.1879,1,boavista
PT,Portugal,Portugal,9970-215,Boavista,Azores,23,Santa Cruz das Flores,4802,Santa Cruz Das Flores,480204,39.4591,-31.1879,1,boavista
PT,Portugal,Portugal,9970-220,Cais de São Pedro,Azores,23,Santa Cruz das Flores,4802,Santa Cruz Das Flores,480204,39.4655,-31.1462,1,cais-de-sao-pedro
PT,Portugal,Portugal,9970-225,Cais do Boqueirão,Azores,23,Santa Cruz das Flores,4802,Santa Cruz Das Flores,480204,39.4655,-31.1462,1,cais-do-boqueirao
PT,Portugal,Portugal,9970-240,Fazenda de Santa Cruz,Azores,23,Santa Cruz das Flores,4802,Santa Cruz Das Flores,480204,39.4671,-31.1468,4,fazenda-de-santa-cruz
PT,Portugal,Portugal,9970-241,Fazenda de Santa Cruz,Azores,23,Santa Cruz das Flores,4802,Santa Cruz Das Flores,480204,39.4671,-31.1468,4,fazenda-de-santa-cruz
PT,Portugal,Portugal,9970-242,Fazenda de Santa Cruz,Azores,23,Santa Cruz das Flores,4802,Santa Cruz Das Flores,480204,39.4671,-31.1468,4,fazenda-de-santa-cruz
PT,Portugal,Portugal,9970-243,Fazenda de Santa Cruz,Azores,23,Santa Cruz das Flores,4802,Santa Cruz Das Flores,480204,39.4671,-31.1468,4,fazenda-de-santa-cruz
PT,Portugal,Portugal,9970-244,Fazenda de Santa Cruz,Azores,23,Santa Cruz das Flores,4802,Santa Cruz Das Flores,480204,39.4671,-31.1468,4,fazenda-de-santa-cruz
PT,Portugal,Portugal,9970-245,Fazenda de Santa Cruz,Azores,23,Santa Cruz das Flores,4802,Santa Cruz Das Flores,480204,39.4671,-31.1468,4,fazenda-de-santa-cruz
PT,Portugal,Portugal,9970-246,Fazenda de Santa Cruz,Azores,23,Santa Cruz das Flores,4802,Santa Cruz Das Flores,480204,39.4671,-31.1468,4,fazenda-de-santa-cruz
PT,Portugal,Portugal,9970-247,Fazenda de Santa Cruz,Azores,23,Santa Cruz das Flores,4802,Santa Cruz Das Flores,480204,39.4671,-31.1468,4,fazenda-de-santa-cruz
PT,Portugal,Portugal,9970-248,Fazenda de Santa Cruz,Azores,23,Santa Cruz das Flores,4802,Santa Cruz Das Flores,480204,39.4671,-31.1468,4,fazenda-de-santa-cruz
PT,Portugal,Portugal,9970-249,Fazenda de Santa Cruz,Azores,23,Santa Cruz das Flores,4802,Santa Cruz Das Flores,480204,39.4671,-31.1468,4,fazenda-de-santa-cruz
PT,Portugal,Portugal,9970-250,Fazenda de Santa Cruz,Azores,23,Santa Cruz das Flores,4802,Santa Cruz Das Flores,480204,39.4671,-31.1468,4,fazenda-de-santa-cruz
PT,Portugal,Portugal,9970-251,Fazenda de Santa Cruz,Azores,23,Santa Cruz das Flores,4802,Santa Cruz Das Flores,480204,39.4671,-31.1468,4,fazenda-de-santa-cruz
PT,Portugal,Portugal,9970-260,Moinho,Azores,23,Santa Cruz das Flores,4802,Santa Cruz Das Flores,480204,39.4591,-31.1879,1,moinho
PT,Portugal,Portugal,9970-265,Monte,Azores,23,Santa Cruz das Flores,4802,Santa Cruz Das Flores,480204,39.4591,-31.1879,1,monte
PT,Portugal,Portugal,9970-270,Ribeira do Pomar,Azores,23,Santa Cruz das Flores,4802,Santa Cruz Das Flores,480204,39.4462,-31.1389,1,ribeira-do-pomar
PT,Portugal,Portugal,9970-275,Ribeira dos Barqueiros,Azores,23,Santa Cruz das Flores,4802,Santa Cruz Das Flores,480204,39.4462,-31.1389,4,ribeira-dos-barqueiros
PT,Portugal,Portugal,9970-280,Ribeirinha do Monte,Azores,23,Santa Cruz das Flores,4802,Santa Cruz Das Flores,480204,39.4655,-31.1462,1,ribeirinha-do-monte
PT,Portugal,Portugal,9970-285,Rua do Santo Espirito Santo,Azores,23,Santa Cruz das Flores,4802,Santa Cruz Das Flores,480204,39.4655,-31.1462,1,rua-do-santo-espirito-santo
PT,Portugal,Portugal,9970-301,Santa Cruz das Flores,Azores,23,Santa Cruz das Flores,4802,Santa Cruz Das Flores,480204,39.4578,-31.1299,4,santa-cruz-das-flores
PT,Portugal,Portugal,9970-302,Santa Cruz das Flores,Azores,23,Santa Cruz das Flores,4802,Santa Cruz Das Flores,480204,39.4578,-31.1299,4,santa-cruz-das-flores
PT,Portugal,Portugal,9970-303,Santa Cruz das Flores,Azores,23,Santa Cruz das Flores,4802,Santa Cruz Das Flores,480204,39.4578,-31.1299,4,santa-cruz-das-flores
PT,Portugal,Portugal,9970-304,Santa Cruz das Flores,Azores,23,Santa Cruz das Flores,4802,Santa Cruz Das Flores,480204,39.4578,-31.1299,4,santa-cruz-das-flores
PT,Portugal,Portugal,9970-305,Santa Cruz das Flores,Azores,23,Santa Cruz das Flores,4802,Santa Cruz Das Flores,480204,39.4578,-31.1299,4,santa-cruz-das-flores
PT,Portugal,Portugal,9970-306,Santa Cruz das Flores,Azores,23,Santa Cruz das Flores,4802,Santa Cruz Das Flores,480204,39.4578,-31.1299,4,santa-cruz-das-flores
PT,Portugal,Portugal,9970-307,Santa Cruz das Flores,Azores,23,Santa Cruz das Flores,4802,Santa Cruz Das Flores,480204,39.4578,-31.1299,4,santa-cruz-das-flores
PT,Portugal,Portugal,9970-308,Santa Cruz das Flores,Azores,23,Santa Cruz das Flores,4802,Santa Cruz Das Flores,480204,39.4578,-31.1299,4,santa-cruz-das-flores
PT,Portugal,Portugal,9970-309,Santa Cruz das Flores,Azores,23,Santa Cruz das Flores,4802,Santa Cruz Das Flores,480204,39.4578,-31.1299,4,santa-cruz-das-flores
PT,Portugal,Portugal,9970-310,Santa Cruz das Flores,Azores,23,Santa Cruz das Flores,4802,Santa Cruz Das Flores,480204,39.4578,-31.1299,4,santa-cruz-das-flores
PT,Portugal,Portugal,9970-311,Santa Cruz das Flores,Azores,23,Santa Cruz das Flores,4802,Santa Cruz Das Flores,480204,39.4578,-31.1299,4,santa-cruz-das-flores
PT,Portugal,Portugal,9970-312,Santa Cruz das Flores,Azores,23,Santa Cruz das Flores,4802,Santa Cruz Das Flores,480204,39.4578,-31.1299,4,santa-cruz-das-flores
PT,Portugal,Portugal,9970-313,Santa Cruz das Flores,Azores,23,Santa Cruz das Flores,4802,Santa Cruz Das Flores,480204,39.4578,-31.1299,4,santa-cruz-das-flores
PT,Portugal,Portugal,9970-314,Santa Cruz das Flores,Azores,23,Santa Cruz das Flores,4802,Santa Cruz Das Flores,480204,39.4578,-31.1299,4,santa-cruz-das-flores
PT,Portugal,Portugal,9970-315,Santa Cruz das Flores,Azores,23,Santa Cruz das Flores,4802,Santa Cruz Das Flores,480204,39.4578,-31.1299,4,santa-cruz-das-flores
PT,Portugal,Portugal,9970-316,Santa Cruz das Flores,Azores,23,Santa Cruz das Flores,4802,Santa Cruz Das Flores,480204,39.4578,-31.1299,4,santa-cruz-das-flores
PT,Portugal,Portugal,9970-318,Santa Cruz das Flores,Azores,23,Santa Cruz das Flores,4802,Santa Cruz Das Flores,480204,39.4578,-31.1299,4,santa-cruz-das-flores
PT,Portugal,Portugal,9970-319,Santa Cruz das Flores,Azores,23,Santa Cruz das Flores,4802,Santa Cruz Das Flores,480204,39.4578,-31.1299,4,santa-cruz-das-flores
PT,Portugal,Portugal,9970-320,Santa Cruz das Flores,Azores,23,Santa Cruz das Flores,4802,Santa Cruz Das Flores,480204,39.4578,-31.1299,4,santa-cruz-das-flores
PT,Portugal,Portugal,9970-321,Santa Cruz das Flores,Azores,23,Santa Cruz das Flores,4802,Santa Cruz Das Flores,480204,39.4578,-31.1299,4,santa-cruz-das-flores
PT,Portugal,Portugal,9970-322,Santa Cruz das Flores,Azores,23,Santa Cruz das Flores,4802,Santa Cruz Das Flores,480204,39.4578,-31.1299,4,santa-cruz-das-flores
PT,Portugal,Portugal,9970-323,Santa Cruz das Flores,Azores,23,Santa Cruz das Flores,4802,Santa Cruz Das Flores,480204,39.4578,-31.1299,4,santa-cruz-das-flores
PT,Portugal,Portugal,9970-324,Santa Cruz das Flores,Azores,23,Santa Cruz das Flores,4802,Santa Cruz Das Flores,480204,39.4578,-31.1299,4,santa-cruz-das-flores
PT,Portugal,Portugal,9970-325,Santa Cruz das Flores,Azores,23,Santa Cruz das Flores,4802,Santa Cruz Das Flores,480204,39.4578,-31.1299,4,santa-cruz-das-flores
PT,Portugal,Portugal,9970-326,Santa Cruz das Flores,Azores,23,Santa Cruz das Flores,4802,Santa Cruz Das Flores,480204,39.4578,-31.1299,4,santa-cruz-das-flores
PT,Portugal,Portugal,9970-327,Santa Cruz das Flores,Azores,23,Santa Cruz das Flores,4802,Santa Cruz Das Flores,480204,39.4578,-31.1299,4,santa-cruz-das-flores
PT,Portugal,Portugal,9970-328,Santa Cruz das Flores,Azores,23,Santa Cruz das Flores,4802,Santa Cruz Das Flores,480204,39.4578,-31.1299,4,santa-cruz-das-flores
PT,Portugal,Portugal,9970-329,Santa Cruz das Flores,Azores,23,Santa Cruz das Flores,4802,Santa Cruz Das Flores,480204,39.4578,-31.1299,4,santa-cruz-das-flores
PT,Portugal,Portugal,9970-330,Santa Cruz das Flores,Azores,23,Santa Cruz das Flores,4802,Santa Cruz Das Flores,480204,39.4578,-31.1299,4,santa-cruz-das-flores
PT,Portugal,Portugal,9970-331,Santa Cruz das Flores,Azores,23,Santa Cruz das Flores,4802,Santa Cruz Das Flores,480204,39.4578,-31.1299,4,santa-cruz-das-flores
PT,Portugal,Portugal,9970-332,Santa Cruz das Flores,Azores,23,Santa Cruz das Flores,4802,Santa Cruz Das Flores,480204,39.4578,-31.1299,4,santa-cruz-das-flores
PT,Portugal,Portugal,9970-333,Santa Cruz das Flores,Azores,23,Santa Cruz das Flores,4802,Santa Cruz Das Flores,480204,39.4578,-31.1299,4,santa-cruz-das-flores
PT,Portugal,Portugal,9970-334,Santa Cruz das Flores,Azores,23,Santa Cruz das Flores,4802,Santa Cruz Das Flores,480204,39.4578,-31.1299,4,santa-cruz-das-flores
PT,Portugal,Portugal,9970-335,Santa Cruz das Flores,Azores,23,Santa Cruz das Flores,4802,Santa Cruz Das Flores,480204,39.4578,-31.1299,4,santa-cruz-das-flores
PT,Portugal,Portugal,9970-336,Santa Cruz das Flores,Azores,23,Santa Cruz das Flores,4802,Santa Cruz Das Flores,480204,39.4578,-31.1299,4,santa-cruz-das-flores
PT,Portugal,Portugal,9970-337,Santa Cruz das Flores,Azores,23,Santa Cruz das Flores,4802,Santa Cruz Das Flores,480204,39.4578,-31.1299,4,santa-cruz-das-flores
PT,Portugal,Portugal,9970-338,Santa Cruz das Flores,Azores,23,Santa Cruz das Flores,4802,Santa Cruz Das Flores,480204,39.4578,-31.1299,4,santa-cruz-das-flores
PT,Portugal,Portugal,9970-339,Santa Cruz das Flores,Azores,23,Santa Cruz das Flores,4802,Santa Cruz Das Flores,480204,39.4578,-31.1299,4,santa-cruz-das-flores
PT,Portugal,Portugal,9970-340,Santa Cruz das Flores,Azores,23,Santa Cruz das Flores,4802,Santa Cruz Das Flores,480204,39.4578,-31.1299,4,santa-cruz-das-flores
PT,Portugal,Portugal,9970-341,Santa Cruz das Flores,Azores,23,Santa Cruz das Flores,4802,Santa Cruz Das Flores,480204,39.4578,-31.1299,4,santa-cruz-das-flores
PT,Portugal,Portugal,9970-342,Santa Cruz das Flores,Azores,23,Santa Cruz das Flores,4802,Santa Cruz Das Flores,480204,39.4578,-31.1299,4,santa-cruz-das-flores
PT,Portugal,Portugal,9970-380,Vales,Azores,23,Santa Cruz das Flores,4802,Santa Cruz Das Flores,480204,39.4578,-31.1299,1,vales
PT,Portugal,Portugal,9970-390,Zona Industrial,Azores,23,Santa Cruz das Flores,4802,Santa Cruz Das Flores,480204,39.4578,-31.1299,3,zona-industrial
PT,Portugal,Portugal,9970-390,Santa Cruz das Flores,Azores,23,Santa Cruz das Flores,4802,Santa Cruz Das Flores,480204,39.4578,-31.1299,4,santa-cruz-das-flores
PT,Portugal,Portugal,9970-999,Santa Cruz das Flores,Azores,23,Santa Cruz das Flores,4802,Santa Cruz Das Flores,480204,39.4578,-31.1299,4,santa-cruz-das-flores
PT,Portugal,Portugal,9980-000,Corvo,Azores,23,Corvo,4901,Corvo,490101,39.6732,-31.1118,4,corvo
PT,Portugal,Portugal,9980-010,Cancela,Azores,23,Corvo,4901,Corvo,490101,39.6999,-31.1058,1,cancela
PT,Portugal,Portugal,9980-020,Corvo,Azores,23,Corvo,4901,Corvo,490101,39.6732,-31.1118,4,corvo
PT,Portugal,Portugal,9980-021,Corvo,Azores,23,Corvo,4901,Corvo,490101,39.6732,-31.1118,4,corvo
PT,Portugal,Portugal,9980-022,Corvo,Azores,23,Corvo,4901,Corvo,490101,39.6732,-31.1118,4,corvo
PT,Portugal,Portugal,9980-023,Corvo,Azores,23,Corvo,4901,Corvo,490101,39.6732,-31.1118,4,corvo
PT,Portugal,Portugal,9980-024,Corvo,Azores,23,Corvo,4901,Corvo,490101,39.6732,-31.1118,4,corvo
PT,Portugal,Portugal,9980-025,Corvo,Azores,23,Corvo,4901,Corvo,490101,39.6732,-31.1118,4,corvo
PT,Portugal,Portugal,9980-026,Corvo,Azores,23,Corvo,4901,Corvo,490101,39.6732,-31.1118,4,corvo
PT,Portugal,Portugal,9980-027,Corvo,Azores,23,Corvo,4901,Corvo,490101,39.6732,-31.1118,4,corvo
PT,Portugal,Portugal,9980-028,Corvo,Azores,23,Corvo,4901,Corvo,490101,39.6732,-31.1118,4,corvo
PT,Portugal,Portugal,9980-029,Corvo,Azores,23,Corvo,4901,Corvo,490101,39.6732,-31.1118,4,corvo
PT,Portugal,Portugal,9980-030,Corvo,Azores,23,Corvo,4901,Corvo,490101,39.6732,-31.1118,4,corvo
PT,Portugal,Portugal,9980-031,Corvo,Azores,23,Corvo,4901,Corvo,490101,39.6732,-31.1118,4,corvo
PT,Portugal,Portugal,9980-032,Corvo,Azores,23,Corvo,4901,Corvo,490101,39.6732,-31.1118,4,corvo
PT,Portugal,Portugal,9980-033,Corvo,Azores,23,Corvo,4901,Corvo,490101,39.6732,-31.1118,4,corvo
PT,Portugal,Portugal,9980-034,Corvo,Azores,23,Corvo,4901,Corvo,490101,39.6732,-31.1118,4,corvo
PT,Portugal,Portugal,9980-035,Corvo,Azores,23,Corvo,4901,Corvo,490101,39.6732,-31.1118,4,corvo
PT,Portugal,Portugal,9980-036,Corvo,Azores,23,Corvo,4901,Corvo,490101,39.6732,-31.1118,4,corvo
PT,Portugal,Portugal,9980-037,Corvo,Azores,23,Corvo,4901,Corvo,490101,39.6732,-31.1118,4,corvo
PT,Portugal,Portugal,9980-038,Corvo,Azores,23,Corvo,4901,Corvo,490101,39.6732,-31.1118,4,corvo
PT,Portugal,Portugal,9980-039,Corvo,Azores,23,Corvo,4901,Corvo,490101,39.6732,-31.1118,4,corvo
PT,Portugal,Portugal,9980-050,Maranhão,Azores,23,Corvo,4901,Corvo,490101,39.6732,-31.1118,1,maranhao
PT,Portugal,Portugal,9980-060,Outeiro,Azores,23,Corvo,4901,Corvo,490101,39.6999,-31.1058,1,outeiro
PT,Portugal,Portugal,9980-070,Travessinha,Azores,23,Corvo,4901,Corvo,490101,39.6732,-31.1118,1,travessinha
PT,Portugal,Portugal,9980-999,Corvo,Azores,23,Corvo,4901,Corvo,490101,39.6732,-31.1118,4,corvo
