country_iso2,country_name,country_name_es,region,region_es,subregion,subregion_es,state_code,state_name,state_type,state_type_es,city_name,latitude,longitude
CA,Canada,Canadá,Americas,América,Northern America,Norteamérica,AB,Alberta,province,provincia,Airdrie,51.30011,-114.03528
CA,Canada,Canadá,Americas,América,Northern America,Norteamérica,AB,Alberta,province,provincia,Athabasca,54.71687,-113.28537
CA,Canada,Canadá,Americas,América,Northern America,Norteamérica,AB,Alberta,province,provincia,Banff,51.17622,-115.56982
CA,Canada,Canadá,Americas,América,Northern America,Norteamérica,AB,Alberta,province,provincia,Barrhead,54.13345,-114.40211
CA,Canada,Canadá,Americas,América,Northern America,Norteamérica,AB,Alberta,province,provincia,Bassano,50.78342,-112.46854
CA,Canada,Canadá,Americas,América,Northern America,Norteamérica,AB,Alberta,province,provincia,Beaumont,53.35013,-113.41871
CA,Canada,Canadá,Americas,América,Northern America,Norteamérica,AB,Alberta,province,provincia,Beaverlodge,55.21664,-119.43605
CA,Canada,Canadá,Americas,América,Northern America,Norteamérica,AB,Alberta,province,provincia,Black Diamond,50.70011,-114.2353
CA,Canada,Canadá,Americas,América,Northern America,Norteamérica,AB,Alberta,province,provincia,Blackfalds,52.38342,-113.7853
CA,Canada,Canadá,Americas,América,Northern America,Norteamérica,AB,Alberta,province,provincia,Bon Accord,53.83345,-113.41872
CA,Canada,Canadá,Americas,América,Northern America,Norteamérica,AB,Alberta,province,provincia,Bonnyville,54.26684,-110.73505
CA,Canada,Canadá,Americas,América,Northern America,Norteamérica,AB,Alberta,province,provincia,Bow Island,49.86676,-111.36843
CA,Canada,Canadá,Americas,América,Northern America,Norteamérica,AB,Alberta,province,provincia,Brooks,50.58341,-111.88509
CA,Canada,Canadá,Americas,América,Northern America,Norteamérica,AB,Alberta,province,provincia,Calgary,51.05011,-114.08529
CA,Canada,Canadá,Americas,América,Northern America,Norteamérica,AB,Alberta,province,provincia,Calmar,53.26683,-113.81874
CA,Canada,Canadá,Americas,América,Northern America,Norteamérica,AB,Alberta,province,provincia,Camrose,53.01684,-112.83525
CA,Canada,Canadá,Americas,América,Northern America,Norteamérica,AB,Alberta,province,provincia,Canmore,51.08335,-115.35206
CA,Canada,Canadá,Americas,América,Northern America,Norteamérica,AB,Alberta,province,provincia,Cardston,49.19998,-113.3019
CA,Canada,Canadá,Americas,América,Northern America,Norteamérica,AB,Alberta,province,provincia,Carstairs,51.56681,-114.102
CA,Canada,Canadá,Americas,América,Northern America,Norteamérica,AB,Alberta,province,provincia,Chestermere,51.03341,-113.81867
CA,Canada,Canadá,Americas,América,Northern America,Norteamérica,AB,Alberta,province,provincia,Claresholm,50.03332,-113.58524
CA,Canada,Canadá,Americas,América,Northern America,Norteamérica,AB,Alberta,province,provincia,Coaldale,49.7167,-112.61854
CA,Canada,Canadá,Americas,América,Northern America,Norteamérica,AB,Alberta,province,provincia,Coalhurst,49.7464,-112.93246
CA,Canada,Canadá,Americas,América,Northern America,Norteamérica,AB,Alberta,province,provincia,Cochrane,51.18341,-114.46871
CA,Canada,Canadá,Americas,América,Northern America,Norteamérica,AB,Alberta,province,provincia,Cold Lake,54.46525,-110.18154
CA,Canada,Canadá,Americas,América,Northern America,Norteamérica,AB,Alberta,province,provincia,Crossfield,51.43341,-114.03528
CA,Canada,Canadá,Americas,América,Northern America,Norteamérica,AB,Alberta,province,provincia,Devon,53.36683,-113.73533
CA,Canada,Canadá,Americas,América,Northern America,Norteamérica,AB,Alberta,province,provincia,Diamond Valley,50.672,-114.233
CA,Canada,Canadá,Americas,América,Northern America,Norteamérica,AB,Alberta,province,provincia,Didsbury,51.66681,-114.13529
CA,Canada,Canadá,Americas,América,Northern America,Norteamérica,AB,Alberta,province,provincia,Drayton Valley,53.21682,-114.98544
CA,Canada,Canadá,Americas,América,Northern America,Norteamérica,AB,Alberta,province,provincia,Edmonton,53.55014,-113.46871
CA,Canada,Canadá,Americas,América,Northern America,Norteamérica,AB,Alberta,province,provincia,Edson,53.58345,-116.43559
CA,Canada,Canadá,Americas,América,Northern America,Norteamérica,AB,Alberta,province,provincia,Elk Point,53.90017,-110.9017
CA,Canada,Canadá,Americas,América,Northern America,Norteamérica,AB,Alberta,province,provincia,Fairview,56.06675,-118.38606
CA,Canada,Canadá,Americas,América,Northern America,Norteamérica,AB,Alberta,province,provincia,Falher,55.73339,-117.20262
CA,Canada,Canadá,Americas,América,Northern America,Norteamérica,AB,Alberta,province,provincia,Fort Macleod,49.71671,-113.41857
CA,Canada,Canadá,Americas,América,Northern America,Norteamérica,AB,Alberta,province,provincia,Fort McMurray,56.72676,-111.38103
CA,Canada,Canadá,Americas,América,Northern America,Norteamérica,AB,Alberta,province,provincia,Fort Saskatchewan,53.71684,-113.2187
CA,Canada,Canadá,Americas,América,Northern America,Norteamérica,AB,Alberta,province,provincia,Fox Creek,54.40007,-116.80238
CA,Canada,Canadá,Americas,América,Northern America,Norteamérica,AB,Alberta,province,provincia,Gibbons,53.83345,-113.33531
CA,Canada,Canadá,Americas,América,Northern America,Norteamérica,AB,Alberta,province,provincia,Grand Centre,54.41628,-110.21304
CA,Canada,Canadá,Americas,América,Northern America,Norteamérica,AB,Alberta,province,provincia,Grande Cache,53.88335,-119.13585
CA,Canada,Canadá,Americas,América,Northern America,Norteamérica,AB,Alberta,province,provincia,Grande Prairie,55.16667,-118.80271
CA,Canada,Canadá,Americas,América,Northern America,Norteamérica,AB,Alberta,province,provincia,Grimshaw,56.18339,-117.6027
CA,Canada,Canadá,Americas,América,Northern America,Norteamérica,AB,Alberta,province,provincia,Hanna,51.63343,-111.90181
CA,Canada,Canadá,Americas,América,Northern America,Norteamérica,AB,Alberta,province,provincia,Heritage Pointe,50.84213,-114.00493
CA,Canada,Canadá,Americas,América,Northern America,Norteamérica,AB,Alberta,province,provincia,High Level,58.51688,-117.13605
CA,Canada,Canadá,Americas,América,Northern America,Norteamérica,AB,Alberta,province,provincia,High Prairie,55.4334,-116.4858
CA,Canada,Canadá,Americas,América,Northern America,Norteamérica,AB,Alberta,province,provincia,High River,50.58341,-113.86867
CA,Canada,Canadá,Americas,América,Northern America,Norteamérica,AB,Alberta,province,provincia,Hinton,53.40009,-117.58567
CA,Canada,Canadá,Americas,América,Northern America,Norteamérica,AB,Alberta,province,provincia,Irricana,51.32372,-113.60475
CA,Canada,Canadá,Americas,América,Northern America,Norteamérica,AB,Alberta,province,provincia,Jasper Park Lodge,52.88633,-118.05625
CA,Canada,Canadá,Americas,América,Northern America,Norteamérica,AB,Alberta,province,provincia,Killam,52.78344,-111.85175
CA,Canada,Canadá,Americas,América,Northern America,Norteamérica,AB,Alberta,province,provincia,Lac La Biche,54.7669,-111.96861
CA,Canada,Canadá,Americas,América,Northern America,Norteamérica,AB,Alberta,province,provincia,Lacombe,52.46681,-113.7353
CA,Canada,Canadá,Americas,América,Northern America,Norteamérica,AB,Alberta,province,provincia,Lamont,53.76686,-112.80195
CA,Canada,Canadá,Americas,América,Northern America,Norteamérica,AB,Alberta,province,provincia,Larkspur,53.47942,-113.38142
CA,Canada,Canadá,Americas,América,Northern America,Norteamérica,AB,Alberta,province,provincia,Laurel,53.44667,-113.38197
CA,Canada,Canadá,Americas,América,Northern America,Norteamérica,AB,Alberta,province,provincia,Leduc,53.26682,-113.55201
CA,Canada,Canadá,Americas,América,Northern America,Norteamérica,AB,Alberta,province,provincia,Lethbridge,49.69999,-112.81856
CA,Canada,Canadá,Americas,América,Northern America,Norteamérica,AB,Alberta,province,provincia,Lloydminster,53.27237,-110.02256
CA,Canada,Canadá,Americas,América,Northern America,Norteamérica,AB,Alberta,province,provincia,Magrath,49.41668,-112.86856
CA,Canada,Canadá,Americas,América,Northern America,Norteamérica,AB,Alberta,province,provincia,Manning,56.91683,-117.61945
CA,Canada,Canadá,Americas,América,Northern America,Norteamérica,AB,Alberta,province,provincia,Mannville,53.33764,-111.1775
CA,Canada,Canadá,Americas,América,Northern America,Norteamérica,AB,Alberta,province,provincia,Maple Ridge,53.50172,-113.36274
CA,Canada,Canadá,Americas,América,Northern America,Norteamérica,AB,Alberta,province,provincia,Mayerthorpe,53.95015,-115.13547
CA,Canada,Canadá,Americas,América,Northern America,Norteamérica,AB,Alberta,province,provincia,Medicine Hat,50.03928,-110.67661
CA,Canada,Canadá,Americas,América,Northern America,Norteamérica,AB,Alberta,province,provincia,Mill Woods Town Centre,53.45639,-113.42751
CA,Canada,Canadá,Americas,América,Northern America,Norteamérica,AB,Alberta,province,provincia,Millet,53.10013,-113.4687
CA,Canada,Canadá,Americas,América,Northern America,Norteamérica,AB,Alberta,province,provincia,Morinville,53.80014,-113.65203
CA,Canada,Canadá,Americas,América,Northern America,Norteamérica,AB,Alberta,province,provincia,Nanton,50.35008,-113.76866
CA,Canada,Canadá,Americas,América,Northern America,Norteamérica,AB,Alberta,province,provincia,Okotoks,50.72885,-113.98281
CA,Canada,Canadá,Americas,América,Northern America,Norteamérica,AB,Alberta,province,provincia,Olds,51.78341,-114.10199
CA,Canada,Canadá,Americas,América,Northern America,Norteamérica,AB,Alberta,province,provincia,Peace River,56.23715,-117.29176
CA,Canada,Canadá,Americas,América,Northern America,Norteamérica,AB,Alberta,province,provincia,Penhold,52.13342,-113.8687
CA,Canada,Canadá,Americas,América,Northern America,Norteamérica,AB,Alberta,province,provincia,Picture Butte,49.8833,-112.78516
CA,Canada,Canadá,Americas,América,Northern America,Norteamérica,AB,Alberta,province,provincia,Pincher Creek,49.48328,-113.95195
CA,Canada,Canadá,Americas,América,Northern America,Norteamérica,AB,Alberta,province,provincia,Ponoka,52.6768,-113.58147
CA,Canada,Canadá,Americas,América,Northern America,Norteamérica,AB,Alberta,province,provincia,Provost,52.35014,-110.26828
CA,Canada,Canadá,Americas,América,Northern America,Norteamérica,AB,Alberta,province,provincia,Raymond,49.44998,-112.65185
CA,Canada,Canadá,Americas,América,Northern America,Norteamérica,AB,Alberta,province,provincia,Red Deer,52.26682,-113.802
CA,Canada,Canadá,Americas,América,Northern America,Norteamérica,AB,Alberta,province,provincia,Rideau Park,53.47899,-113.5047
CA,Canada,Canadá,Americas,América,Northern America,Norteamérica,AB,Alberta,province,provincia,Rimbey,52.6334,-114.23532
CA,Canada,Canadá,Americas,América,Northern America,Norteamérica,AB,Alberta,province,provincia,Rocky Mountain House,52.36683,-114.9188
CA,Canada,Canadá,Americas,América,Northern America,Norteamérica,AB,Alberta,province,provincia,Sexsmith,55.34998,-118.78602
CA,Canada,Canadá,Americas,América,Northern America,Norteamérica,AB,Alberta,province,provincia,Sherwood Park,53.51684,-113.3187
CA,Canada,Canadá,Americas,América,Northern America,Norteamérica,AB,Alberta,province,provincia,Silver Berry,53.45787,-113.3817
CA,Canada,Canadá,Americas,América,Northern America,Norteamérica,AB,Alberta,province,provincia,Slave Lake,55.28344,-114.76896
CA,Canada,Canadá,Americas,América,Northern America,Norteamérica,AB,Alberta,province,provincia,Smoky Lake,54.11687,-112.46863
CA,Canada,Canadá,Americas,América,Northern America,Norteamérica,AB,Alberta,province,provincia,Spirit River,55.78327,-118.83607
CA,Canada,Canadá,Americas,América,Northern America,Norteamérica,AB,Alberta,province,provincia,Springbrook,52.1792,-113.87981
CA,Canada,Canadá,Americas,América,Northern America,Norteamérica,AB,Alberta,province,provincia,Spruce Grove,53.53344,-113.91874
CA,Canada,Canadá,Americas,América,Northern America,Norteamérica,AB,Alberta,province,provincia,St. Albert,53.63344,-113.63533
CA,Canada,Canadá,Americas,América,Northern America,Norteamérica,AB,Alberta,province,provincia,Stettler,52.31683,-112.71861
CA,Canada,Canadá,Americas,América,Northern America,Norteamérica,AB,Alberta,province,provincia,Stony Plain,53.53343,-114.00205
CA,Canada,Canadá,Americas,América,Northern America,Norteamérica,AB,Alberta,province,provincia,Strathmore,51.05011,-113.38523
CA,Canada,Canadá,Americas,América,Northern America,Norteamérica,AB,Alberta,province,provincia,Sundre,51.8001,-114.63532
CA,Canada,Canadá,Americas,América,Northern America,Norteamérica,AB,Alberta,province,provincia,Swan Hills,54.71681,-115.40226
CA,Canada,Canadá,Americas,América,Northern America,Norteamérica,AB,Alberta,province,provincia,Sylvan Lake,52.311,-114.08375
CA,Canada,Canadá,Americas,América,Northern America,Norteamérica,AB,Alberta,province,provincia,Taber,49.78703,-112.14603
CA,Canada,Canadá,Americas,América,Northern America,Norteamérica,AB,Alberta,province,provincia,Tamarack,53.46441,-113.36235
CA,Canada,Canadá,Americas,América,Northern America,Norteamérica,AB,Alberta,province,provincia,Three Hills,51.70012,-113.26863
CA,Canada,Canadá,Americas,América,Northern America,Norteamérica,AB,Alberta,province,provincia,Tofield,53.36684,-112.66862
CA,Canada,Canadá,Americas,América,Northern America,Norteamérica,AB,Alberta,province,provincia,Two Hills,53.71686,-111.75181
CA,Canada,Canadá,Americas,América,Northern America,Norteamérica,AB,Alberta,province,provincia,Valleyview,55.06673,-117.28585
CA,Canada,Canadá,Americas,América,Northern America,Norteamérica,AB,Alberta,province,provincia,Vegreville,53.50015,-112.05182
CA,Canada,Canadá,Americas,América,Northern America,Norteamérica,AB,Alberta,province,provincia,Vermilion,53.35409,-110.85849
CA,Canada,Canadá,Americas,América,Northern America,Norteamérica,AB,Alberta,province,provincia,Viking,53.10014,-111.76844
CA,Canada,Canadá,Americas,América,Northern America,Norteamérica,AB,Alberta,province,provincia,Vulcan,50.40008,-113.25189
CA,Canada,Canadá,Americas,América,Northern America,Norteamérica,AB,Alberta,province,provincia,Wainwright,52.83482,-110.85342
CA,Canada,Canadá,Americas,América,Northern America,Norteamérica,AB,Alberta,province,provincia,Wembley,55.14995,-119.13602
CA,Canada,Canadá,Americas,América,Northern America,Norteamérica,AB,Alberta,province,provincia,Westlake,55.22228,-118.80415
CA,Canada,Canadá,Americas,América,Northern America,Norteamérica,AB,Alberta,province,provincia,Westlock,54.15016,-113.86876
CA,Canada,Canadá,Americas,América,Northern America,Norteamérica,AB,Alberta,province,provincia,Wetaskiwin,52.96683,-113.36869
CA,Canada,Canadá,Americas,América,Northern America,Norteamérica,AB,Alberta,province,provincia,Whitecourt,54.15015,-115.68548
CA,Canada,Canadá,Americas,América,Northern America,Norteamérica,AB,Alberta,province,provincia,Wild Rose,53.4708,-113.38119
CA,Canada,Canadá,Americas,América,Northern America,Norteamérica,BC,British Columbia,province,provincia,Abbotsford,49.05798,-122.25257
CA,Canada,Canadá,Americas,América,Northern America,Norteamérica,BC,British Columbia,province,provincia,Agassiz,49.23298,-121.76926
CA,Canada,Canadá,Americas,América,Northern America,Norteamérica,BC,British Columbia,province,provincia,Aldergrove,49.05801,-122.47087
CA,Canada,Canadá,Americas,América,Northern America,Norteamérica,BC,British Columbia,province,provincia,Aldergrove East,49.05593,-122.42299
CA,Canada,Canadá,Americas,América,Northern America,Norteamérica,BC,British Columbia,province,provincia,Anmore,49.31637,-122.85263
CA,Canada,Canadá,Americas,América,Northern America,Norteamérica,BC,British Columbia,province,provincia,Arbutus Ridge,49.24966,-123.16934
CA,Canada,Canadá,Americas,América,Northern America,Norteamérica,BC,British Columbia,province,provincia,Armstrong,50.44979,-119.20235
CA,Canada,Canadá,Americas,América,Northern America,Norteamérica,BC,British Columbia,province,provincia,Ashcroft,50.72372,-121.28207
CA,Canada,Canadá,Americas,América,Northern America,Norteamérica,BC,British Columbia,province,provincia,Barrière,51.18308,-120.1192
CA,Canada,Canadá,Americas,América,Northern America,Norteamérica,BC,British Columbia,province,provincia,Bowen Island,49.3847,-123.33622
CA,Canada,Canadá,Americas,América,Northern America,Norteamérica,BC,British Columbia,province,provincia,Burnaby,49.26636,-122.95263
CA,Canada,Canadá,Americas,América,Northern America,Norteamérica,BC,British Columbia,province,provincia,Burns Lake,54.22972,-125.76084
CA,Canada,Canadá,Americas,América,Northern America,Norteamérica,BC,British Columbia,province,provincia,Cache Creek,50.81011,-121.3246
CA,Canada,Canadá,Americas,América,Northern America,Norteamérica,BC,British Columbia,province,provincia,Campbell River,50.01634,-125.24459
CA,Canada,Canadá,Americas,América,Northern America,Norteamérica,BC,British Columbia,province,provincia,Castlegar,49.32317,-117.65831
CA,Canada,Canadá,Americas,América,Northern America,Norteamérica,BC,British Columbia,province,provincia,Cedar,49.11633,-123.8527
CA,Canada,Canadá,Americas,América,Northern America,Norteamérica,BC,British Columbia,province,provincia,Central Coast Regional,52.16638,-127.00323
CA,Canada,Canadá,Americas,América,Northern America,Norteamérica,BC,British Columbia,province,provincia,Chase,50.8165,-119.68571
CA,Canada,Canadá,Americas,América,Northern America,Norteamérica,BC,British Columbia,province,provincia,Chemainus,48.91633,-123.71937
CA,Canada,Canadá,Americas,América,Northern America,Norteamérica,BC,British Columbia,province,provincia,Chetwynd,55.69988,-121.63627
CA,Canada,Canadá,Americas,América,Northern America,Norteamérica,BC,British Columbia,province,provincia,Chilliwack,49.16638,-121.95257
CA,Canada,Canadá,Americas,América,Northern America,Norteamérica,BC,British Columbia,province,provincia,Colwood,48.43293,-123.48591
CA,Canada,Canadá,Americas,América,Northern America,Norteamérica,BC,British Columbia,province,provincia,Coombs,49.29963,-124.41946
CA,Canada,Canadá,Americas,América,Northern America,Norteamérica,BC,British Columbia,province,provincia,Coquitlam,49.2846,-122.78217
CA,Canada,Canadá,Americas,América,Northern America,Norteamérica,BC,British Columbia,province,provincia,Courtenay,49.68657,-124.9936
CA,Canada,Canadá,Americas,América,Northern America,Norteamérica,BC,British Columbia,province,provincia,Cowichan Bay,48.73366,-123.61739
CA,Canada,Canadá,Americas,América,Northern America,Norteamérica,BC,British Columbia,province,provincia,Cranbrook,49.49991,-115.76879
CA,Canada,Canadá,Americas,América,Northern America,Norteamérica,BC,British Columbia,province,provincia,Creston,49.09987,-116.50211
CA,Canada,Canadá,Americas,América,Northern America,Norteamérica,BC,British Columbia,province,provincia,Cumberland,49.61634,-125.03613
CA,Canada,Canadá,Americas,América,Northern America,Norteamérica,BC,British Columbia,province,provincia,Dawson Creek,55.75984,-120.2403
CA,Canada,Canadá,Americas,América,Northern America,Norteamérica,BC,British Columbia,province,provincia,Delta,49.14399,-122.9068
CA,Canada,Canadá,Americas,América,Northern America,Norteamérica,BC,British Columbia,province,provincia,Denman Island,49.53294,-124.8195
CA,Canada,Canadá,Americas,América,Northern America,Norteamérica,BC,British Columbia,province,provincia,Denman Island Trust Area,49.55189,-124.79881
CA,Canada,Canadá,Americas,América,Northern America,Norteamérica,BC,British Columbia,province,provincia,Duck Lake,50.0088,-119.39672
CA,Canada,Canadá,Americas,América,Northern America,Norteamérica,BC,British Columbia,province,provincia,Duncan,48.78293,-123.70266
CA,Canada,Canadá,Americas,América,Northern America,Norteamérica,BC,British Columbia,province,provincia,East Wellington,49.17385,-124.01745
CA,Canada,Canadá,Americas,América,Northern America,Norteamérica,BC,British Columbia,province,provincia,Elkford,50.05007,-114.8854
CA,Canada,Canadá,Americas,América,Northern America,Norteamérica,BC,British Columbia,province,provincia,Ellison,49.93307,-119.36907
CA,Canada,Canadá,Americas,América,Northern America,Norteamérica,BC,British Columbia,province,provincia,Enderby,50.5498,-119.15234
CA,Canada,Canadá,Americas,América,Northern America,Norteamérica,BC,British Columbia,province,provincia,Fairwinds,49.27588,-124.12782
CA,Canada,Canadá,Americas,América,Northern America,Norteamérica,BC,British Columbia,province,provincia,Fernie,49.49996,-115.06871
CA,Canada,Canadá,Americas,América,Northern America,Norteamérica,BC,British Columbia,province,provincia,Fort Nelson,58.80533,-122.7002
CA,Canada,Canadá,Americas,América,Northern America,Norteamérica,BC,British Columbia,province,provincia,Fort St. John,56.24988,-120.85292
CA,Canada,Canadá,Americas,América,Northern America,Norteamérica,BC,British Columbia,province,provincia,Fraser Valley Regional,49.58299,-121.83587
CA,Canada,Canadá,Americas,América,Northern America,Norteamérica,BC,British Columbia,province,provincia,French Creek,49.34123,-124.35541
CA,Canada,Canadá,Americas,América,Northern America,Norteamérica,BC,British Columbia,province,provincia,Fruitvale,49.11654,-117.55222
CA,Canada,Canadá,Americas,América,Northern America,Norteamérica,BC,British Columbia,province,provincia,Gibsons,49.39539,-123.50555
CA,Canada,Canadá,Americas,América,Northern America,Norteamérica,BC,British Columbia,province,provincia,Golden,51.29995,-116.9689
CA,Canada,Canadá,Americas,América,Northern America,Norteamérica,BC,British Columbia,province,provincia,Grand Forks,49.03309,-118.4356
CA,Canada,Canadá,Americas,América,Northern America,Norteamérica,BC,British Columbia,province,provincia,Hanceville,51.91922,-123.04458
CA,Canada,Canadá,Americas,América,Northern America,Norteamérica,BC,British Columbia,province,provincia,Hope,49.38299,-121.44144
CA,Canada,Canadá,Americas,América,Northern America,Norteamérica,BC,British Columbia,province,provincia,Hornby Island,49.53448,-124.66923
CA,Canada,Canadá,Americas,América,Northern America,Norteamérica,BC,British Columbia,province,provincia,Houston,54.39976,-126.67008
CA,Canada,Canadá,Americas,América,Northern America,Norteamérica,BC,British Columbia,province,provincia,Invermere,50.51666,-116.03538
CA,Canada,Canadá,Americas,América,Northern America,Norteamérica,BC,British Columbia,province,provincia,Kamloops,50.66648,-120.3192
CA,Canada,Canadá,Americas,América,Northern America,Norteamérica,BC,British Columbia,province,provincia,Kelowna,49.88307,-119.48568
CA,Canada,Canadá,Americas,América,Northern America,Norteamérica,BC,British Columbia,province,provincia,Kimberley,49.67071,-115.9776
CA,Canada,Canadá,Americas,América,Northern America,Norteamérica,BC,British Columbia,province,provincia,Kitimat,54.05244,-128.65342
CA,Canada,Canadá,Americas,América,Northern America,Norteamérica,BC,British Columbia,province,provincia,Ladner,49.08938,-123.08241
CA,Canada,Canadá,Americas,América,Northern America,Norteamérica,BC,British Columbia,province,provincia,Ladysmith,48.99016,-123.81699
CA,Canada,Canadá,Americas,América,Northern America,Norteamérica,BC,British Columbia,province,provincia,Lake Cowichan,48.82495,-124.05461
CA,Canada,Canadá,Americas,América,Northern America,Norteamérica,BC,British Columbia,province,provincia,Langford,48.44963,-123.50261
CA,Canada,Canadá,Americas,América,Northern America,Norteamérica,BC,British Columbia,province,provincia,Langley,49.10107,-122.65883
CA,Canada,Canadá,Americas,América,Northern America,Norteamérica,BC,British Columbia,province,provincia,Lillooet,50.6856,-121.942
CA,Canada,Canadá,Americas,América,Northern America,Norteamérica,BC,British Columbia,province,provincia,Lions Bay,49.45218,-123.2376
CA,Canada,Canadá,Americas,América,Northern America,Norteamérica,BC,British Columbia,province,provincia,Logan Lake,50.49976,-120.80253
CA,Canada,Canadá,Americas,América,Northern America,Norteamérica,BC,British Columbia,province,provincia,Lumby,50.24979,-118.96904
CA,Canada,Canadá,Americas,América,Northern America,Norteamérica,BC,British Columbia,province,provincia,Mackenzie,55.33637,-123.09374
CA,Canada,Canadá,Americas,América,Northern America,Norteamérica,BC,British Columbia,province,provincia,Maple Ridge,49.21939,-122.60193
CA,Canada,Canadá,Americas,América,Northern America,Norteamérica,BC,British Columbia,province,provincia,Merritt,50.11225,-120.7942
CA,Canada,Canadá,Americas,América,Northern America,Norteamérica,BC,British Columbia,province,provincia,Metchosin,48.38293,-123.53591
CA,Canada,Canadá,Americas,América,Northern America,Norteamérica,BC,British Columbia,province,provincia,Metro Vancouver Regional,49.33296,-123.00264
CA,Canada,Canadá,Americas,América,Northern America,Norteamérica,BC,British Columbia,province,provincia,Mission,49.13298,-122.30258
CA,Canada,Canadá,Americas,América,Northern America,Norteamérica,BC,British Columbia,province,provincia,Nakusp,50.24987,-117.80226
CA,Canada,Canadá,Americas,América,Northern America,Norteamérica,BC,British Columbia,province,provincia,Nanaimo,49.16638,-123.94003
CA,Canada,Canadá,Americas,América,Northern America,Norteamérica,BC,British Columbia,province,provincia,Nelson,49.49985,-117.28553
CA,Canada,Canadá,Americas,América,Northern America,Norteamérica,BC,British Columbia,province,provincia,New Westminster,49.20678,-122.91092
CA,Canada,Canadá,Americas,América,Northern America,Norteamérica,BC,British Columbia,province,provincia,North Cowichan,48.84133,-123.68596
CA,Canada,Canadá,Americas,América,Northern America,Norteamérica,BC,British Columbia,province,provincia,North Oyster/Yellow Point,49.04807,-123.83395
CA,Canada,Canadá,Americas,América,Northern America,Norteamérica,BC,British Columbia,province,provincia,North Saanich,48.66634,-123.41933
CA,Canada,Canadá,Americas,América,Northern America,Norteamérica,BC,British Columbia,province,provincia,North Vancouver,49.31636,-123.06934
CA,Canada,Canadá,Americas,América,Northern America,Norteamérica,BC,British Columbia,province,provincia,Oak Bay,48.44964,-123.3026
CA,Canada,Canadá,Americas,América,Northern America,Norteamérica,BC,British Columbia,province,provincia,Okanagan,50.36386,-119.34997
CA,Canada,Canadá,Americas,América,Northern America,Norteamérica,BC,British Columbia,province,provincia,Okanagan Falls,49.35,-119.56667
CA,Canada,Canadá,Americas,América,Northern America,Norteamérica,BC,British Columbia,province,provincia,Oliver,49.18306,-119.5524
CA,Canada,Canadá,Americas,América,Northern America,Norteamérica,BC,British Columbia,province,provincia,Osoyoos,49.03306,-119.45237
CA,Canada,Canadá,Americas,América,Northern America,Norteamérica,BC,British Columbia,province,provincia,Parksville,49.31947,-124.31575
CA,Canada,Canadá,Americas,América,Northern America,Norteamérica,BC,British Columbia,province,provincia,Peace River Regional,56.6665,-122.75302
CA,Canada,Canadá,Americas,América,Northern America,Norteamérica,BC,British Columbia,province,provincia,Peachland,49.76647,-119.73568
CA,Canada,Canadá,Americas,América,Northern America,Norteamérica,BC,British Columbia,province,provincia,Pemberton,50.31641,-122.80273
CA,Canada,Canadá,Americas,América,Northern America,Norteamérica,BC,British Columbia,province,provincia,Penticton,49.48062,-119.58584
CA,Canada,Canadá,Americas,América,Northern America,Norteamérica,BC,British Columbia,province,provincia,Pitt Meadows,49.22119,-122.68965
CA,Canada,Canadá,Americas,América,Northern America,Norteamérica,BC,British Columbia,province,provincia,Port Alberni,49.24133,-124.8028
CA,Canada,Canadá,Americas,América,Northern America,Norteamérica,BC,British Columbia,province,provincia,Port Coquitlam,49.26637,-122.76932
CA,Canada,Canadá,Americas,América,Northern America,Norteamérica,BC,British Columbia,province,provincia,Port McNeill,50.58716,-127.08053
CA,Canada,Canadá,Americas,América,Northern America,Norteamérica,BC,British Columbia,province,provincia,Port Moody,49.28124,-122.82457
CA,Canada,Canadá,Americas,América,Northern America,Norteamérica,BC,British Columbia,province,provincia,Powell River,49.83278,-124.52368
CA,Canada,Canadá,Americas,América,Northern America,Norteamérica,BC,British Columbia,province,provincia,Prince George,53.9166,-122.75301
CA,Canada,Canadá,Americas,América,Northern America,Norteamérica,BC,British Columbia,province,provincia,Prince Rupert,54.31507,-130.32098
CA,Canada,Canadá,Americas,América,Northern America,Norteamérica,BC,British Columbia,province,provincia,Princeton,49.45802,-120.51076
CA,Canada,Canadá,Americas,América,Northern America,Norteamérica,BC,British Columbia,province,provincia,Puntledge,49.66168,-125.05686
CA,Canada,Canadá,Americas,América,Northern America,Norteamérica,BC,British Columbia,province,provincia,Quesnel,52.97842,-122.4931
CA,Canada,Canadá,Americas,América,Northern America,Norteamérica,BC,British Columbia,province,provincia,Regional District of Alberni-Clayoquot,49.24962,-125.33615
CA,Canada,Canadá,Americas,América,Northern America,Norteamérica,BC,British Columbia,province,provincia,Regional District of Central Okanagan,49.99978,-119.41908
CA,Canada,Canadá,Americas,América,Northern America,Norteamérica,BC,British Columbia,province,provincia,Revelstoke,50.99712,-118.1953
CA,Canada,Canadá,Americas,América,Northern America,Norteamérica,BC,British Columbia,province,provincia,Richmond,49.17003,-123.13683
CA,Canada,Canadá,Americas,América,Northern America,Norteamérica,BC,British Columbia,province,provincia,Rossland,49.08313,-117.80224
CA,Canada,Canadá,Americas,América,Northern America,Norteamérica,BC,British Columbia,province,provincia,Royston,49.64703,-124.9467
CA,Canada,Canadá,Americas,América,Northern America,Norteamérica,BC,British Columbia,province,provincia,Salmo,49.19986,-117.2689
CA,Canada,Canadá,Americas,América,Northern America,Norteamérica,BC,British Columbia,province,provincia,Salmon Arm,50.6998,-119.30237
CA,Canada,Canadá,Americas,América,Northern America,Norteamérica,BC,British Columbia,province,provincia,Salt Spring Island,48.81852,-123.49061
CA,Canada,Canadá,Americas,América,Northern America,Norteamérica,BC,British Columbia,province,provincia,Saltair,48.94963,-123.76939
CA,Canada,Canadá,Americas,América,Northern America,Norteamérica,BC,British Columbia,province,provincia,Sechelt,49.47512,-123.75903
CA,Canada,Canadá,Americas,América,Northern America,Norteamérica,BC,British Columbia,province,provincia,Sicamous,50.83312,-118.98565
CA,Canada,Canadá,Americas,América,Northern America,Norteamérica,BC,British Columbia,province,provincia,Six Mile,48.45767,-123.46088
CA,Canada,Canadá,Americas,América,Northern America,Norteamérica,BC,British Columbia,province,provincia,Smithers,54.78036,-127.17428
CA,Canada,Canadá,Americas,América,Northern America,Norteamérica,BC,British Columbia,province,provincia,Sooke,48.37463,-123.72762
CA,Canada,Canadá,Americas,América,Northern America,Norteamérica,BC,British Columbia,province,provincia,South Pender Harbour,49.62202,-124.02484
CA,Canada,Canadá,Americas,América,Northern America,Norteamérica,BC,British Columbia,province,provincia,Sparwood,49.73332,-114.88532
CA,Canada,Canadá,Americas,América,Northern America,Norteamérica,BC,British Columbia,province,provincia,Summerland,49.59977,-119.66911
CA,Canada,Canadá,Americas,América,Northern America,Norteamérica,BC,British Columbia,province,provincia,Surrey,49.10635,-122.82509
CA,Canada,Canadá,Americas,América,Northern America,Norteamérica,BC,British Columbia,province,provincia,Terrace,54.51634,-128.60345
CA,Canada,Canadá,Americas,América,Northern America,Norteamérica,BC,British Columbia,province,provincia,Tofino,49.15314,-125.90744
CA,Canada,Canadá,Americas,América,Northern America,Norteamérica,BC,British Columbia,province,provincia,Trail,49.09983,-117.70223
CA,Canada,Canadá,Americas,América,Northern America,Norteamérica,BC,British Columbia,province,provincia,Tsawwassen,49.01667,-123.08333
CA,Canada,Canadá,Americas,América,Northern America,Norteamérica,BC,British Columbia,province,provincia,Tumbler Ridge,55.13027,-120.99415
CA,Canada,Canadá,Americas,América,Northern America,Norteamérica,BC,British Columbia,province,provincia,Ucluelet,48.94153,-125.54635
CA,Canada,Canadá,Americas,América,Northern America,Norteamérica,BC,British Columbia,province,provincia,Vancouver,49.24966,-123.11934
CA,Canada,Canadá,Americas,América,Northern America,Norteamérica,BC,British Columbia,province,provincia,Vanderhoof,54.01657,-124.01982
CA,Canada,Canadá,Americas,América,Northern America,Norteamérica,BC,British Columbia,province,provincia,Vernon,50.26729,-119.27337
CA,Canada,Canadá,Americas,América,Northern America,Norteamérica,BC,British Columbia,province,provincia,Victoria,48.4359,-123.35155
CA,Canada,Canadá,Americas,América,Northern America,Norteamérica,BC,British Columbia,province,provincia,Walnut Grove,49.16473,-122.64042
CA,Canada,Canadá,Americas,América,Northern America,Norteamérica,BC,British Columbia,province,provincia,Welcome Beach,49.47959,-123.89239
CA,Canada,Canadá,Americas,América,Northern America,Norteamérica,BC,British Columbia,province,provincia,West End,49.28333,-123.13333
CA,Canada,Canadá,Americas,América,Northern America,Norteamérica,BC,British Columbia,province,provincia,West Kelowna,49.8625,-119.58333
CA,Canada,Canadá,Americas,América,Northern America,Norteamérica,BC,British Columbia,province,provincia,West Vancouver,49.36672,-123.16652
CA,Canada,Canadá,Americas,América,Northern America,Norteamérica,BC,British Columbia,province,provincia,Whistler,50.11817,-122.95396
CA,Canada,Canadá,Americas,América,Northern America,Norteamérica,BC,British Columbia,province,provincia,White Rock,49.01636,-122.8026
CA,Canada,Canadá,Americas,América,Northern America,Norteamérica,BC,British Columbia,province,provincia,Williams Lake,52.14153,-122.14451
CA,Canada,Canadá,Americas,América,Northern America,Norteamérica,MB,Manitoba,province,provincia,Altona,49.10469,-97.55961
CA,Canada,Canadá,Americas,América,Northern America,Norteamérica,MB,Manitoba,province,provincia,Beausejour,50.0622,-96.51669
CA,Canada,Canadá,Americas,América,Northern America,Norteamérica,MB,Manitoba,province,provincia,Boissevain,49.23062,-100.05586
CA,Canada,Canadá,Americas,América,Northern America,Norteamérica,MB,Manitoba,province,provincia,Brandon,49.84692,-99.95306
CA,Canada,Canadá,Americas,América,Northern America,Norteamérica,MB,Manitoba,province,provincia,Carberry,49.86893,-99.36021
CA,Canada,Canadá,Americas,América,Northern America,Norteamérica,MB,Manitoba,province,provincia,Carman,49.4992,-98.00156
CA,Canada,Canadá,Americas,América,Northern America,Norteamérica,MB,Manitoba,province,provincia,Cross Lake 19A,54.65135,-97.76848
CA,Canada,Canadá,Americas,América,Northern America,Norteamérica,MB,Manitoba,province,provincia,Dauphin,51.14941,-100.05023
CA,Canada,Canadá,Americas,América,Northern America,Norteamérica,MB,Manitoba,province,provincia,De Salaberry,49.39999,-97.00894
CA,Canada,Canadá,Americas,América,Northern America,Norteamérica,MB,Manitoba,province,provincia,Deloraine,49.19082,-100.49477
CA,Canada,Canadá,Americas,América,Northern America,Norteamérica,MB,Manitoba,province,provincia,Flin Flon,54.76703,-101.87433
CA,Canada,Canadá,Americas,América,Northern America,Norteamérica,MB,Manitoba,province,provincia,Gimli,50.63362,-96.99066
CA,Canada,Canadá,Americas,América,Northern America,Norteamérica,MB,Manitoba,province,provincia,Grunthal,49.40668,-96.85873
CA,Canada,Canadá,Americas,América,Northern America,Norteamérica,MB,Manitoba,province,provincia,Headingley,49.8753,-97.40896
CA,Canada,Canadá,Americas,América,Northern America,Norteamérica,MB,Manitoba,province,provincia,Ile des Chênes,49.7106,-96.98893
CA,Canada,Canadá,Americas,América,Northern America,Norteamérica,MB,Manitoba,province,provincia,Killarney,49.18332,-99.66364
CA,Canada,Canadá,Americas,América,Northern America,Norteamérica,MB,Manitoba,province,provincia,La Broquerie,49.51688,-96.50029
CA,Canada,Canadá,Americas,América,Northern America,Norteamérica,MB,Manitoba,province,provincia,Lac du Bonnet,50.2536,-96.06116
CA,Canada,Canadá,Americas,América,Northern America,Norteamérica,MB,Manitoba,province,provincia,Landmark,49.67169,-96.82232
CA,Canada,Canadá,Americas,América,Northern America,Norteamérica,MB,Manitoba,province,provincia,Lorette,49.73919,-96.87232
CA,Canada,Canadá,Americas,América,Northern America,Norteamérica,MB,Manitoba,province,provincia,Melita,49.26811,-100.99669
CA,Canada,Canadá,Americas,América,Northern America,Norteamérica,MB,Manitoba,province,provincia,Minnedosa,50.24532,-99.84364
CA,Canada,Canadá,Americas,América,Northern America,Norteamérica,MB,Manitoba,province,provincia,Moose Lake,49.20559,-95.30629
CA,Canada,Canadá,Americas,América,Northern America,Norteamérica,MB,Manitoba,province,provincia,Morden,49.1919,-98.10136
CA,Canada,Canadá,Americas,América,Northern America,Norteamérica,MB,Manitoba,province,provincia,Morris,49.35499,-97.36567
CA,Canada,Canadá,Americas,América,Northern America,Norteamérica,MB,Manitoba,province,provincia,Neepawa,50.22892,-99.46642
CA,Canada,Canadá,Americas,América,Northern America,Norteamérica,MB,Manitoba,province,provincia,Niverville,49.60559,-97.04234
CA,Canada,Canadá,Americas,América,Northern America,Norteamérica,MB,Manitoba,province,provincia,Portage la Prairie,49.97282,-98.29263
CA,Canada,Canadá,Americas,América,Northern America,Norteamérica,MB,Manitoba,province,provincia,Rivers,50.03081,-100.24029
CA,Canada,Canadá,Americas,América,Northern America,Norteamérica,MB,Manitoba,province,provincia,Roblin,51.22999,-101.3565
CA,Canada,Canadá,Americas,América,Northern America,Norteamérica,MB,Manitoba,province,provincia,Selkirk,50.1436,-96.88452
CA,Canada,Canadá,Americas,América,Northern America,Norteamérica,MB,Manitoba,province,provincia,Shilo,49.80509,-99.63175
CA,Canada,Canadá,Americas,América,Northern America,Norteamérica,MB,Manitoba,province,provincia,Souris,49.6172,-100.2612
CA,Canada,Canadá,Americas,América,Northern America,Norteamérica,MB,Manitoba,province,provincia,St. Adolphe,49.6744,-97.11124
CA,Canada,Canadá,Americas,América,Northern America,Norteamérica,MB,Manitoba,province,provincia,Steinbach,49.52579,-96.68451
CA,Canada,Canadá,Americas,América,Northern America,Norteamérica,MB,Manitoba,province,provincia,Stonewall,50.13441,-97.32676
CA,Canada,Canadá,Americas,América,Northern America,Norteamérica,MB,Manitoba,province,provincia,Swan River,52.1058,-101.26759
CA,Canada,Canadá,Americas,América,Northern America,Norteamérica,MB,Manitoba,province,provincia,The Pas,53.82509,-101.25413
CA,Canada,Canadá,Americas,América,Northern America,Norteamérica,MB,Manitoba,province,provincia,Thompson,55.7435,-97.85579
CA,Canada,Canadá,Americas,América,Northern America,Norteamérica,MB,Manitoba,province,provincia,Virden,49.8508,-100.93262
CA,Canada,Canadá,Americas,América,Northern America,Norteamérica,MB,Manitoba,province,provincia,West St. Paul,49.9994,-97.16284
CA,Canada,Canadá,Americas,América,Northern America,Norteamérica,MB,Manitoba,province,provincia,Winkler,49.1817,-97.94104
CA,Canada,Canadá,Americas,América,Northern America,Norteamérica,MB,Manitoba,province,provincia,Winnipeg,49.8844,-97.14704
CA,Canada,Canadá,Americas,América,Northern America,Norteamérica,NB,New Brunswick,province,provincia,Baie Ste. Anne,47.05231,-64.95355
CA,Canada,Canadá,Americas,América,Northern America,Norteamérica,NB,New Brunswick,province,provincia,Bathurst,47.61814,-65.65112
CA,Canada,Canadá,Americas,América,Northern America,Norteamérica,NB,New Brunswick,province,provincia,Bouctouche,46.46844,-64.73905
CA,Canada,Canadá,Americas,América,Northern America,Norteamérica,NB,New Brunswick,province,provincia,Campbellton,48.00751,-66.67272
CA,Canada,Canadá,Americas,América,Northern America,Norteamérica,NB,New Brunswick,province,provincia,Dieppe,46.07844,-64.68735
CA,Canada,Canadá,Americas,América,Northern America,Norteamérica,NB,New Brunswick,province,provincia,Edmundston,47.3737,-68.32512
CA,Canada,Canadá,Americas,América,Northern America,Norteamérica,NB,New Brunswick,province,provincia,Florenceville-Bristol,46.44353,-67.61536
CA,Canada,Canadá,Americas,América,Northern America,Norteamérica,NB,New Brunswick,province,provincia,Fredericton,45.94541,-66.66558
CA,Canada,Canadá,Americas,América,Northern America,Norteamérica,NB,New Brunswick,province,provincia,Fundy Bay,44.741,-66.76041
CA,Canada,Canadá,Americas,América,Northern America,Norteamérica,NB,New Brunswick,province,provincia,Grande-Digue,46.30014,-64.56546
CA,Canada,Canadá,Americas,América,Northern America,Norteamérica,NB,New Brunswick,province,provincia,Greater Lakeburn,46.07651,-64.66818
CA,Canada,Canadá,Americas,América,Northern America,Norteamérica,NB,New Brunswick,province,provincia,Hampton,45.52876,-65.85354
CA,Canada,Canadá,Americas,América,Northern America,Norteamérica,NB,New Brunswick,province,provincia,Harrison Brook,47.21304,-67.92847
CA,Canada,Canadá,Americas,América,Northern America,Norteamérica,NB,New Brunswick,province,provincia,Keswick Ridge,46.00011,-66.88218
CA,Canada,Canadá,Americas,América,Northern America,Norteamérica,NB,New Brunswick,province,provincia,Lincoln,45.90012,-66.58218
CA,Canada,Canadá,Americas,América,Northern America,Norteamérica,NB,New Brunswick,province,provincia,Lutes Mountain,46.13544,-64.90504
CA,Canada,Canadá,Americas,América,Northern America,Norteamérica,NB,New Brunswick,province,provincia,McEwen,46.1452,-64.78615
CA,Canada,Canadá,Americas,América,Northern America,Norteamérica,NB,New Brunswick,province,provincia,Miramichi,47.02895,-65.50186
CA,Canada,Canadá,Americas,América,Northern America,Norteamérica,NB,New Brunswick,province,provincia,Moncton,46.09454,-64.7965
CA,Canada,Canadá,Americas,América,Northern America,Norteamérica,NB,New Brunswick,province,provincia,Nackawic,45.99666,-67.24028
CA,Canada,Canadá,Americas,América,Northern America,Norteamérica,NB,New Brunswick,province,provincia,New Maryland,45.87932,-66.66828
CA,Canada,Canadá,Americas,América,Northern America,Norteamérica,NB,New Brunswick,province,provincia,Noonan,45.96682,-66.53218
CA,Canada,Canadá,Americas,América,Northern America,Norteamérica,NB,New Brunswick,province,provincia,Oromocto,45.83512,-66.47917
CA,Canada,Canadá,Americas,América,Northern America,Norteamérica,NB,New Brunswick,province,provincia,Richibucto,46.68073,-64.88044
CA,Canada,Canadá,Americas,América,Northern America,Norteamérica,NB,New Brunswick,province,provincia,Sackville,45.91875,-64.38455
CA,Canada,Canadá,Americas,América,Northern America,Norteamérica,NB,New Brunswick,province,provincia,Saint Andrews,45.0737,-67.05312
CA,Canada,Canadá,Americas,América,Northern America,Norteamérica,NB,New Brunswick,province,provincia,Saint John,45.27271,-66.06766
CA,Canada,Canadá,Americas,América,Northern America,Norteamérica,NB,New Brunswick,province,provincia,Saint-Antoine,46.36294,-64.74985
CA,Canada,Canadá,Americas,América,Northern America,Norteamérica,NB,New Brunswick,province,provincia,Saint-Léonard,47.16317,-67.9246
CA,Canada,Canadá,Americas,América,Northern America,Norteamérica,NB,New Brunswick,province,provincia,Salisbury,46.03905,-65.04628
CA,Canada,Canadá,Americas,América,Northern America,Norteamérica,NB,New Brunswick,province,provincia,Shediac,46.21981,-64.54107
CA,Canada,Canadá,Americas,América,Northern America,Norteamérica,NB,New Brunswick,province,provincia,Shediac Bridge-Shediac River,46.26886,-64.60047
CA,Canada,Canadá,Americas,América,Northern America,Norteamérica,NB,New Brunswick,province,provincia,Shippagan,47.74424,-64.70804
CA,Canada,Canadá,Americas,América,Northern America,Norteamérica,NB,New Brunswick,province,provincia,Starlight Village,45.88308,-66.76905
CA,Canada,Canadá,Americas,América,Northern America,Norteamérica,NB,New Brunswick,province,provincia,Sussex,45.72266,-65.50663
CA,Canada,Canadá,Americas,América,Northern America,Norteamérica,NB,New Brunswick,province,provincia,Tracadie-Sheila,47.51444,-64.91806
CA,Canada,Canadá,Americas,América,Northern America,Norteamérica,NB,New Brunswick,province,provincia,Wells,45.39274,-65.92313
CA,Canada,Canadá,Americas,América,Northern America,Norteamérica,NL,Newfoundland and Labrador,province,provincia,Bay Roberts,47.59989,-53.26478
CA,Canada,Canadá,Americas,América,Northern America,Norteamérica,NL,Newfoundland and Labrador,province,provincia,Bay St. George South,48.22781,-58.84162
CA,Canada,Canadá,Americas,América,Northern America,Norteamérica,NL,Newfoundland and Labrador,province,provincia,Bonavista,48.64989,-53.11474
CA,Canada,Canadá,Americas,América,Northern America,Norteamérica,NL,Newfoundland and Labrador,province,provincia,Botwood,49.14994,-55.34819
CA,Canada,Canadá,Americas,América,Northern America,Norteamérica,NL,Newfoundland and Labrador,province,provincia,Burgeo,47.61668,-57.61516
CA,Canada,Canadá,Americas,América,Northern America,Norteamérica,NL,Newfoundland and Labrador,province,provincia,Carbonear,47.73319,-53.21478
CA,Canada,Canadá,Americas,América,Northern America,Norteamérica,NL,Newfoundland and Labrador,province,provincia,Catalina,48.51659,-53.08135
CA,Canada,Canadá,Americas,América,Northern America,Norteamérica,NL,Newfoundland and Labrador,province,provincia,Channel-Port aux Basques,47.57286,-59.13808
CA,Canada,Canadá,Americas,América,Northern America,Norteamérica,NL,Newfoundland and Labrador,province,provincia,Clarenville-Shoal Harbour,48.1805,-53.96982
CA,Canada,Canadá,Americas,América,Northern America,Norteamérica,NL,Newfoundland and Labrador,province,provincia,Conception Bay South,47.49989,-52.99806
CA,Canada,Canadá,Americas,América,Northern America,Norteamérica,NL,Newfoundland and Labrador,province,provincia,Corner Brook,48.95001,-57.95202
CA,Canada,Canadá,Americas,América,Northern America,Norteamérica,NL,Newfoundland and Labrador,province,provincia,Deer Lake,49.16671,-57.43163
CA,Canada,Canadá,Americas,América,Northern America,Norteamérica,NL,Newfoundland and Labrador,province,provincia,Fogo Island,49.71649,-54.16981
CA,Canada,Canadá,Americas,América,Northern America,Norteamérica,NL,Newfoundland and Labrador,province,provincia,Gambo,48.7832,-54.21482
CA,Canada,Canadá,Americas,América,Northern America,Norteamérica,NL,Newfoundland and Labrador,province,provincia,Goulds,47.45532,-52.77552
CA,Canada,Canadá,Americas,América,Northern America,Norteamérica,NL,Newfoundland and Labrador,province,provincia,Grand Bank,47.09995,-55.76504
CA,Canada,Canadá,Americas,América,Northern America,Norteamérica,NL,Newfoundland and Labrador,province,provincia,Grand Falls-Windsor,48.93324,-55.66492
CA,Canada,Canadá,Americas,América,Northern America,Norteamérica,NL,Newfoundland and Labrador,province,provincia,Happy Valley-Goose Bay,53.3038,-60.32576
CA,Canada,Canadá,Americas,América,Northern America,Norteamérica,NL,Newfoundland and Labrador,province,provincia,Harbour Breton,47.48325,-55.79833
CA,Canada,Canadá,Americas,América,Northern America,Norteamérica,NL,Newfoundland and Labrador,province,provincia,Labrador City,52.94626,-66.91137
CA,Canada,Canadá,Americas,América,Northern America,Norteamérica,NL,Newfoundland and Labrador,province,provincia,Lewisporte,49.24993,-55.04816
CA,Canada,Canadá,Americas,América,Northern America,Norteamérica,NL,Newfoundland and Labrador,province,provincia,Marystown,47.16663,-55.14829
CA,Canada,Canadá,Americas,América,Northern America,Norteamérica,NL,Newfoundland and Labrador,province,provincia,Mount Pearl,47.51659,-52.78135
CA,Canada,Canadá,Americas,América,Northern America,Norteamérica,NL,Newfoundland and Labrador,province,provincia,Pasadena,49.01671,-57.59837
CA,Canada,Canadá,Americas,América,Northern America,Norteamérica,NL,Newfoundland and Labrador,province,provincia,Springdale,49.49995,-56.06492
CA,Canada,Canadá,Americas,América,Northern America,Norteamérica,NL,Newfoundland and Labrador,province,provincia,St. Anthony,51.37039,-55.59743
CA,Canada,Canadá,Americas,América,Northern America,Norteamérica,NL,Newfoundland and Labrador,province,provincia,St. John's,47.56494,-52.70931
CA,Canada,Canadá,Americas,América,Northern America,Norteamérica,NL,Newfoundland and Labrador,province,provincia,Stephenville,48.55001,-58.5818
CA,Canada,Canadá,Americas,América,Northern America,Norteamérica,NL,Newfoundland and Labrador,province,provincia,Stephenville Crossing,48.50001,-58.4318
CA,Canada,Canadá,Americas,América,Northern America,Norteamérica,NL,Newfoundland and Labrador,province,provincia,Torbay,47.66659,-52.73135
CA,Canada,Canadá,Americas,América,Northern America,Norteamérica,NL,Newfoundland and Labrador,province,provincia,Upper Island Cove,47.64989,-53.21478
CA,Canada,Canadá,Americas,América,Northern America,Norteamérica,NL,Newfoundland and Labrador,province,provincia,Wabana,47.63319,-52.94806
CA,Canada,Canadá,Americas,América,Northern America,Norteamérica,NT,Northwest Territories,territory,territorio,Behchokǫ̀,62.8025,-116.04639
CA,Canada,Canadá,Americas,América,Northern America,Norteamérica,NT,Northwest Territories,territory,territorio,Fort McPherson,67.43863,-134.88543
CA,Canada,Canadá,Americas,América,Northern America,Norteamérica,NT,Northwest Territories,territory,territorio,Fort Smith,60.00439,-111.88871
CA,Canada,Canadá,Americas,América,Northern America,Norteamérica,NT,Northwest Territories,territory,territorio,Hay River,60.81555,-115.79993
CA,Canada,Canadá,Americas,América,Northern America,Norteamérica,NT,Northwest Territories,territory,territorio,Inuvik,68.34986,-133.72181
CA,Canada,Canadá,Americas,América,Northern America,Norteamérica,NT,Northwest Territories,territory,territorio,Norman Wells,65.28201,-126.8329
CA,Canada,Canadá,Americas,América,Northern America,Norteamérica,NT,Northwest Territories,territory,territorio,Yellowknife,62.45411,-114.37248
CA,Canada,Canadá,Americas,América,Northern America,Norteamérica,NS,Nova Scotia,province,provincia,Amherst,45.83345,-64.19874
CA,Canada,Canadá,Americas,América,Northern America,Norteamérica,NS,Nova Scotia,province,provincia,Annapolis,44.58345,-65.16551
CA,Canada,Canadá,Americas,América,Northern America,Norteamérica,NS,Nova Scotia,province,provincia,Antigonish,45.61685,-61.99858
CA,Canada,Canadá,Americas,América,Northern America,Norteamérica,NS,Nova Scotia,province,provincia,Berwick,45.05015,-64.73208
CA,Canada,Canadá,Americas,América,Northern America,Norteamérica,NS,Nova Scotia,province,provincia,Bridgewater,44.37856,-64.51882
CA,Canada,Canadá,Americas,América,Northern America,Norteamérica,NS,Nova Scotia,province,provincia,Cape Breton,46.00014,-60.31516
CA,Canada,Canadá,Americas,América,Northern America,Norteamérica,NS,Nova Scotia,province,provincia,Chester,44.54225,-64.23891
CA,Canada,Canadá,Americas,América,Northern America,Norteamérica,NS,Nova Scotia,province,provincia,Colchester,45.33345,-63.24868
CA,Canada,Canadá,Americas,América,Northern America,Norteamérica,NS,Nova Scotia,province,provincia,Cole Harbour,44.67244,-63.47506
CA,Canada,Canadá,Americas,América,Northern America,Norteamérica,NS,Nova Scotia,province,provincia,Cow Bay,44.63141,-63.43218
CA,Canada,Canadá,Americas,América,Northern America,Norteamérica,NS,Nova Scotia,province,provincia,Dartmouth,44.67134,-63.57719
CA,Canada,Canadá,Americas,América,Northern America,Norteamérica,NS,Nova Scotia,province,provincia,Digby,44.62188,-65.7586
CA,Canada,Canadá,Americas,América,Northern America,Norteamérica,NS,Nova Scotia,province,provincia,Digby County,44.36685,-65.69884
CA,Canada,Canadá,Americas,América,Northern America,Norteamérica,NS,Nova Scotia,province,provincia,English Corner,44.73345,-63.78201
CA,Canada,Canadá,Americas,América,Northern America,Norteamérica,NS,Nova Scotia,province,provincia,Eskasoni 3,45.94522,-60.61617
CA,Canada,Canadá,Americas,América,Northern America,Norteamérica,NS,Nova Scotia,province,provincia,Fall River,44.81685,-63.6154
CA,Canada,Canadá,Americas,América,Northern America,Norteamérica,NS,Nova Scotia,province,provincia,Glace Bay,46.19695,-59.95698
CA,Canada,Canadá,Americas,América,Northern America,Norteamérica,NS,Nova Scotia,province,provincia,Greenwood,44.97413,-64.93169
CA,Canada,Canadá,Americas,América,Northern America,Norteamérica,NS,Nova Scotia,province,provincia,Halifax,44.64533,-63.57239
CA,Canada,Canadá,Americas,América,Northern America,Norteamérica,NS,Nova Scotia,province,provincia,Hantsport,45.06685,-64.16544
CA,Canada,Canadá,Americas,América,Northern America,Norteamérica,NS,Nova Scotia,province,provincia,Hayes Subdivision,45.05519,-64.58795
CA,Canada,Canadá,Americas,América,Northern America,Norteamérica,NS,Nova Scotia,province,provincia,Kentville,45.0771,-64.49605
CA,Canada,Canadá,Americas,América,Northern America,Norteamérica,NS,Nova Scotia,province,provincia,Lake Echo,44.73345,-63.38198
CA,Canada,Canadá,Americas,América,Northern America,Norteamérica,NS,Nova Scotia,province,provincia,Lantz,44.98345,-63.48199
CA,Canada,Canadá,Americas,América,Northern America,Norteamérica,NS,Nova Scotia,province,provincia,Lower Sackville,44.77599,-63.67865
CA,Canada,Canadá,Americas,América,Northern America,Norteamérica,NS,Nova Scotia,province,provincia,Lunenburg,44.37847,-64.31658
CA,Canada,Canadá,Americas,América,Northern America,Norteamérica,NS,Nova Scotia,province,provincia,Middleton,44.94284,-65.07022
CA,Canada,Canadá,Americas,América,Northern America,Norteamérica,NS,Nova Scotia,province,provincia,New Glasgow,45.58344,-62.64863
CA,Canada,Canadá,Americas,América,Northern America,Norteamérica,NS,Nova Scotia,province,provincia,Oxford,45.73345,-63.86542
CA,Canada,Canadá,Americas,América,Northern America,Norteamérica,NS,Nova Scotia,province,provincia,Parrsboro,45.40567,-64.32585
CA,Canada,Canadá,Americas,América,Northern America,Norteamérica,NS,Nova Scotia,province,provincia,Pictou,45.67875,-62.70936
CA,Canada,Canadá,Americas,América,Northern America,Norteamérica,NS,Nova Scotia,province,provincia,Pictou County,45.50015,-62.58193
CA,Canada,Canadá,Americas,América,Northern America,Norteamérica,NS,Nova Scotia,province,provincia,Port Hawkesbury,45.61685,-61.34853
CA,Canada,Canadá,Americas,América,Northern America,Norteamérica,NS,Nova Scotia,province,provincia,Port Williams,45.10015,-64.41546
CA,Canada,Canadá,Americas,América,Northern America,Norteamérica,NS,Nova Scotia,province,provincia,Princeville,45.76684,-61.29853
CA,Canada,Canadá,Americas,América,Northern America,Norteamérica,NS,Nova Scotia,province,provincia,Shelburne,43.76325,-65.32355
CA,Canada,Canadá,Americas,América,Northern America,Norteamérica,NS,Nova Scotia,province,provincia,Springhill,45.65015,-64.04873
CA,Canada,Canadá,Americas,América,Northern America,Norteamérica,NS,Nova Scotia,province,provincia,Sydney,46.1351,-60.1831
CA,Canada,Canadá,Americas,América,Northern America,Norteamérica,NS,Nova Scotia,province,provincia,Sydney Mines,46.23669,-60.21767
CA,Canada,Canadá,Americas,América,Northern America,Norteamérica,NS,Nova Scotia,province,provincia,Truro,45.36685,-63.26538
CA,Canada,Canadá,Americas,América,Northern America,Norteamérica,NS,Nova Scotia,province,provincia,Windsor,44.98345,-64.13204
CA,Canada,Canadá,Americas,América,Northern America,Norteamérica,NS,Nova Scotia,province,provincia,Wolfville,45.08345,-64.36546
CA,Canada,Canadá,Americas,América,Northern America,Norteamérica,NS,Nova Scotia,province,provincia,Yarmouth,43.83345,-66.11557
CA,Canada,Canadá,Americas,América,Northern America,Norteamérica,NU,Nunavut,territory,territorio,Clyde River,70.47233,-68.58987
CA,Canada,Canadá,Americas,América,Northern America,Norteamérica,NU,Nunavut,territory,territorio,Gjoa Haven,68.62602,-95.87836
CA,Canada,Canadá,Americas,América,Northern America,Norteamérica,NU,Nunavut,territory,territorio,Iqaluit,63.74697,-68.51727
CA,Canada,Canadá,Americas,América,Northern America,Norteamérica,NU,Nunavut,territory,territorio,Kugluktuk,67.82743,-115.09649
CA,Canada,Canadá,Americas,América,Northern America,Norteamérica,NU,Nunavut,territory,territorio,Pangnirtung,66.14642,-65.69996
CA,Canada,Canadá,Americas,América,Northern America,Norteamérica,NU,Nunavut,territory,territorio,Rankin Inlet,62.80906,-92.08534
CA,Canada,Canadá,Americas,América,Northern America,Norteamérica,ON,Ontario,province,provincia,Ajax,43.85012,-79.03288
CA,Canada,Canadá,Americas,América,Northern America,Norteamérica,ON,Ontario,province,provincia,Algoma,47.88364,-84.42406
CA,Canada,Canadá,Americas,América,Northern America,Norteamérica,ON,Ontario,province,provincia,Alliston,44.15011,-79.86635
CA,Canada,Canadá,Americas,América,Northern America,Norteamérica,ON,Ontario,province,provincia,Amherstburg,42.10009,-83.09985
CA,Canada,Canadá,Americas,América,Northern America,Norteamérica,ON,Ontario,province,provincia,Amigo Beach,44.70011,-79.39963
CA,Canada,Canadá,Americas,América,Northern America,Norteamérica,ON,Ontario,province,provincia,Ancaster,43.21806,-79.98716
CA,Canada,Canadá,Americas,América,Northern America,Norteamérica,ON,Ontario,province,provincia,Angus,44.31681,-79.88295
CA,Canada,Canadá,Americas,América,Northern America,Norteamérica,ON,Ontario,province,provincia,Arnprior,45.43341,-76.34939
CA,Canada,Canadá,Americas,América,Northern America,Norteamérica,ON,Ontario,province,provincia,Atikokan,48.75667,-91.62409
CA,Canada,Canadá,Americas,América,Northern America,Norteamérica,ON,Ontario,province,provincia,Attawapiskat,52.92774,-82.41669
CA,Canada,Canadá,Americas,América,Northern America,Norteamérica,ON,Ontario,province,provincia,Aurora,43.99973,-79.467545
CA,Canada,Canadá,Americas,América,Northern America,Norteamérica,ON,Ontario,province,provincia,Aylmer,42.76679,-80.98302
CA,Canada,Canadá,Americas,América,Northern America,Norteamérica,ON,Ontario,province,provincia,Azilda,46.55008,-81.09975
CA,Canada,Canadá,Americas,América,Northern America,Norteamérica,ON,Ontario,province,provincia,Ballantrae,44.03342,-79.2996
CA,Canada,Canadá,Americas,América,Northern America,Norteamérica,ON,Ontario,province,provincia,Bancroft,45.05752,-77.85702
CA,Canada,Canadá,Americas,América,Northern America,Norteamérica,ON,Ontario,province,provincia,Barrie,44.40011,-79.66634
CA,Canada,Canadá,Americas,América,Northern America,Norteamérica,ON,Ontario,province,provincia,Bath,44.18342,-76.78273
CA,Canada,Canadá,Americas,América,Northern America,Norteamérica,ON,Ontario,province,provincia,Belleville,44.16682,-77.38277
CA,Canada,Canadá,Americas,América,Northern America,Norteamérica,ON,Ontario,province,provincia,Bells Corners,45.31588,-75.83012
CA,Canada,Canadá,Americas,América,Northern America,Norteamérica,ON,Ontario,province,provincia,Belmont,42.88339,-81.08303
CA,Canada,Canadá,Americas,América,Northern America,Norteamérica,ON,Ontario,province,provincia,Binbrook,43.12135,-79.81104
CA,Canada,Canadá,Americas,América,Northern America,Norteamérica,ON,Ontario,province,provincia,Bluewater,43.46679,-81.59977
CA,Canada,Canadá,Americas,América,Northern America,Norteamérica,ON,Ontario,province,provincia,Bourget,45.4334,-75.1493
CA,Canada,Canadá,Americas,América,Northern America,Norteamérica,ON,Ontario,province,provincia,Bracebridge,45.03341,-79.31633
CA,Canada,Canadá,Americas,América,Northern America,Norteamérica,ON,Ontario,province,provincia,Brampton,43.68341,-79.76633
CA,Canada,Canadá,Americas,América,Northern America,Norteamérica,ON,Ontario,province,provincia,Brant,43.1334,-80.34967
CA,Canada,Canadá,Americas,América,Northern America,Norteamérica,ON,Ontario,province,provincia,Brantford,43.1334,-80.26636
CA,Canada,Canadá,Americas,América,Northern America,Norteamérica,ON,Ontario,province,provincia,Brockville,44.59132,-75.68705
CA,Canada,Canadá,Americas,América,Northern America,Norteamérica,ON,Ontario,province,provincia,Brussels,43.73339,-81.24975
CA,Canada,Canadá,Americas,América,Northern America,Norteamérica,ON,Ontario,province,provincia,Burford,43.10292,-80.42869
CA,Canada,Canadá,Americas,América,Northern America,Norteamérica,ON,Ontario,province,provincia,Burlington,43.38621,-79.83713
CA,Canada,Canadá,Americas,América,Northern America,Norteamérica,ON,Ontario,province,provincia,Cambridge,43.3601,-80.31269
CA,Canada,Canadá,Americas,América,Northern America,Norteamérica,ON,Ontario,province,provincia,Camlachie,43.03596,-82.1616
CA,Canada,Canadá,Americas,América,Northern America,Norteamérica,ON,Ontario,province,provincia,Capreol,46.70626,-80.92109
CA,Canada,Canadá,Americas,América,Northern America,Norteamérica,ON,Ontario,province,provincia,Carleton Place,45.13341,-76.14938
CA,Canada,Canadá,Americas,América,Northern America,Norteamérica,ON,Ontario,province,provincia,Casselman,45.3168,-75.0826
CA,Canada,Canadá,Americas,América,Northern America,Norteamérica,ON,Ontario,province,provincia,Chatham,42.41224,-82.18494
CA,Canada,Canadá,Americas,América,Northern America,Norteamérica,ON,Ontario,province,provincia,Chatham-Kent,42.40009,-82.1831
CA,Canada,Canadá,Americas,América,Northern America,Norteamérica,ON,Ontario,province,provincia,Clarence-Rockland,45.5501,-75.29101
CA,Canada,Canadá,Americas,América,Northern America,Norteamérica,ON,Ontario,province,provincia,Cobourg,43.95977,-78.16515
CA,Canada,Canadá,Americas,América,Northern America,Norteamérica,ON,Ontario,province,provincia,Cochrane,50.00022,-82.99979
CA,Canada,Canadá,Americas,América,Northern America,Norteamérica,ON,Ontario,province,provincia,Collingwood,44.4834,-80.21638
CA,Canada,Canadá,Americas,América,Northern America,Norteamérica,ON,Ontario,province,provincia,Concord,43.80011,-79.48291
CA,Canada,Canadá,Americas,América,Northern America,Norteamérica,ON,Ontario,province,provincia,Constance Bay,45.50011,-76.08267
CA,Canada,Canadá,Americas,América,Northern America,Norteamérica,ON,Ontario,province,provincia,Cookstown,44.18341,-79.69964
CA,Canada,Canadá,Americas,América,Northern America,Norteamérica,ON,Ontario,province,provincia,Cornwall,45.01809,-74.72815
CA,Canada,Canadá,Americas,América,Northern America,Norteamérica,ON,Ontario,province,provincia,Corunna,42.88338,-82.43313
CA,Canada,Canadá,Americas,América,Northern America,Norteamérica,ON,Ontario,province,provincia,Deep River,46.10012,-77.49949
CA,Canada,Canadá,Americas,América,Northern America,Norteamérica,ON,Ontario,province,provincia,Delaware,42.91679,-81.41646
CA,Canada,Canadá,Americas,América,Northern America,Norteamérica,ON,Ontario,province,provincia,Deseronto,44.20012,-77.04944
CA,Canada,Canadá,Americas,América,Northern America,Norteamérica,ON,Ontario,province,provincia,Dorchester,42.98339,-81.06643
CA,Canada,Canadá,Americas,América,Northern America,Norteamérica,ON,Ontario,province,provincia,Dowling,46.59111,-81.33917
CA,Canada,Canadá,Americas,América,Northern America,Norteamérica,ON,Ontario,province,provincia,Dryden,49.78334,-92.75032
CA,Canada,Canadá,Americas,América,Northern America,Norteamérica,ON,Ontario,province,provincia,Durham,44.20012,-78.99957
CA,Canada,Canadá,Americas,América,Northern America,Norteamérica,ON,Ontario,province,provincia,Ear Falls,50.63955,-93.23526
CA,Canada,Canadá,Americas,América,Northern America,Norteamérica,ON,Ontario,province,provincia,East Gwillimbury,44.10087,-79.43785
CA,Canada,Canadá,Americas,América,Northern America,Norteamérica,ON,Ontario,province,provincia,East York,43.69053,-79.32794
CA,Canada,Canadá,Americas,América,Northern America,Norteamérica,ON,Ontario,province,provincia,Elliot Lake,46.38336,-82.63315
CA,Canada,Canadá,Americas,América,Northern America,Norteamérica,ON,Ontario,province,provincia,Elmvale,44.5834,-79.86636
CA,Canada,Canadá,Americas,América,Northern America,Norteamérica,ON,Ontario,province,provincia,Englehart,47.81686,-79.8664
CA,Canada,Canadá,Americas,América,Northern America,Norteamérica,ON,Ontario,province,provincia,Espanola,46.25837,-81.76649
CA,Canada,Canadá,Americas,América,Northern America,Norteamérica,ON,Ontario,province,provincia,Essex,42.17509,-82.82483
CA,Canada,Canadá,Americas,América,Northern America,Norteamérica,ON,Ontario,province,provincia,Etobicoke,43.65421,-79.56711
CA,Canada,Canadá,Americas,América,Northern America,Norteamérica,ON,Ontario,province,provincia,Exeter,43.3435863,-81.4972602
CA,Canada,Canadá,Americas,América,Northern America,Norteamérica,ON,Ontario,province,provincia,Fort Erie,42.90012,-78.93286
CA,Canada,Canadá,Americas,América,Northern America,Norteamérica,ON,Ontario,province,provincia,Fort Frances,48.61667,-93.4003
CA,Canada,Canadá,Americas,América,Northern America,Norteamérica,ON,Ontario,province,provincia,Gananoque,44.33342,-76.16607
CA,Canada,Canadá,Americas,América,Northern America,Norteamérica,ON,Ontario,province,provincia,Glencoe,42.75009,-81.71648
CA,Canada,Canadá,Americas,América,Northern America,Norteamérica,ON,Ontario,province,provincia,Goderich,43.74171,-81.71339
CA,Canada,Canadá,Americas,América,Northern America,Norteamérica,ON,Ontario,province,provincia,Golden,51.05917,-93.73568
CA,Canada,Canadá,Americas,América,Northern America,Norteamérica,ON,Ontario,province,provincia,Gravenhurst,44.91681,-79.36633
CA,Canada,Canadá,Americas,América,Northern America,Norteamérica,ON,Ontario,province,provincia,Greater Napanee,44.2473883,-76.9505543
CA,Canada,Canadá,Americas,América,Northern America,Norteamérica,ON,Ontario,province,provincia,Greater Sudbury,46.49,-80.99001
CA,Canada,Canadá,Americas,América,Northern America,Norteamérica,ON,Ontario,province,provincia,Greenstone,49.73343,-87.16668
CA,Canada,Canadá,Americas,América,Northern America,Norteamérica,ON,Ontario,province,provincia,Guelph,43.54594,-80.25599
CA,Canada,Canadá,Americas,América,Northern America,Norteamérica,ON,Ontario,province,provincia,Haldimand,42.98341,-79.86633
CA,Canada,Canadá,Americas,América,Northern America,Norteamérica,ON,Ontario,province,provincia,Haliburton Village,45.05154,-78.52245
CA,Canada,Canadá,Americas,América,Northern America,Norteamérica,ON,Ontario,province,provincia,Halton,43.50011,-79.88294
CA,Canada,Canadá,Americas,América,Northern America,Norteamérica,ON,Ontario,province,provincia,Hamilton,43.25011,-79.84963
CA,Canada,Canadá,Americas,América,Northern America,Norteamérica,ON,Ontario,province,provincia,Hanover,44.15009,-81.03303
CA,Canada,Canadá,Americas,América,Northern America,Norteamérica,ON,Ontario,province,provincia,Harriston,43.90009,-80.88302
CA,Canada,Canadá,Americas,América,Northern America,Norteamérica,ON,Ontario,province,provincia,Hawkesbury,45.60009,-74.61595
CA,Canada,Canadá,Americas,América,Northern America,Norteamérica,ON,Ontario,province,provincia,Hearst,49.68351,-83.66654
CA,Canada,Canadá,Americas,América,Northern America,Norteamérica,ON,Ontario,province,provincia,Hornepayne,49.21451,-84.77617
CA,Canada,Canadá,Americas,América,Northern America,Norteamérica,ON,Ontario,province,provincia,Huntsville,45.33341,-79.21632
CA,Canada,Canadá,Americas,América,Northern America,Norteamérica,ON,Ontario,province,provincia,Huron East,43.61679,-81.29975
CA,Canada,Canadá,Americas,América,Northern America,Norteamérica,ON,Ontario,province,provincia,Ingersoll,43.03339,-80.88302
CA,Canada,Canadá,Americas,América,Northern America,Norteamérica,ON,Ontario,province,provincia,Innisfil,44.30011,-79.64964
CA,Canada,Canadá,Americas,América,Northern America,Norteamérica,ON,Ontario,province,provincia,Iroquois Falls,48.76688,-80.68307
CA,Canada,Canadá,Americas,América,Northern America,Norteamérica,ON,Ontario,province,provincia,Jarvis,42.88341,-80.09965
CA,Canada,Canadá,Americas,América,Northern America,Norteamérica,ON,Ontario,province,provincia,Kanata,45.3001,-75.91606
CA,Canada,Canadá,Americas,América,Northern America,Norteamérica,ON,Ontario,province,provincia,Kapuskasing,49.41694,-82.43308
CA,Canada,Canadá,Americas,América,Northern America,Norteamérica,ON,Ontario,province,provincia,Kawartha Lakes,44.58342,-78.83288
CA,Canada,Canadá,Americas,América,Northern America,Norteamérica,ON,Ontario,province,provincia,Kenora,49.76741,-94.48985
CA,Canada,Canadá,Americas,América,Northern America,Norteamérica,ON,Ontario,province,provincia,Keswick,44.25011,-79.46632
CA,Canada,Canadá,Americas,América,Northern America,Norteamérica,ON,Ontario,province,provincia,Kincardine,44.18339,-81.63307
CA,Canada,Canadá,Americas,América,Northern America,Norteamérica,ON,Ontario,province,provincia,King,43.96514,-79.59011
CA,Canada,Canadá,Americas,América,Northern America,Norteamérica,ON,Ontario,province,provincia,Kingston,44.22976,-76.48098
CA,Canada,Canadá,Americas,América,Northern America,Norteamérica,ON,Ontario,province,provincia,Kirkland Lake,48.14461,-80.03767
CA,Canada,Canadá,Americas,América,Northern America,Norteamérica,ON,Ontario,province,provincia,Kitchener,43.42537,-80.5112
CA,Canada,Canadá,Americas,América,Northern America,Norteamérica,ON,Ontario,province,provincia,L'Orignal,45.6198,-74.6915
CA,Canada,Canadá,Americas,América,Northern America,Norteamérica,ON,Ontario,province,provincia,Lakefield,44.43342,-78.26623
CA,Canada,Canadá,Americas,América,Northern America,Norteamérica,ON,Ontario,province,provincia,Lambton Shores,43.16678,-81.93309
CA,Canada,Canadá,Americas,América,Northern America,Norteamérica,ON,Ontario,province,provincia,Lappe,48.5668,-89.35013
CA,Canada,Canadá,Americas,América,Northern America,Norteamérica,ON,Ontario,province,provincia,Leamington,42.05009,-82.59981
CA,Canada,Canadá,Americas,América,Northern America,Norteamérica,ON,Ontario,province,provincia,Limoges,45.3334,-75.24931
CA,Canada,Canadá,Americas,América,Northern America,Norteamérica,ON,Ontario,province,provincia,Lindsay,44.35012,-78.73286
CA,Canada,Canadá,Americas,América,Northern America,Norteamérica,ON,Ontario,province,provincia,Listowel,43.7334,-80.94973
CA,Canada,Canadá,Americas,América,Northern America,Norteamérica,ON,Ontario,province,provincia,Little Current,45.97927,-81.9248
CA,Canada,Canadá,Americas,América,Northern America,Norteamérica,ON,Ontario,province,provincia,Lively,46.43338,-81.14975
CA,Canada,Canadá,Americas,América,Northern America,Norteamérica,ON,Ontario,province,provincia,London,42.98339,-81.23304
CA,Canada,Canadá,Americas,América,Northern America,Norteamérica,ON,Ontario,province,provincia,Lucan,43.18339,-81.39976
CA,Canada,Canadá,Americas,América,Northern America,Norteamérica,ON,Ontario,province,provincia,Madoc,44.50842,-77.47448
CA,Canada,Canadá,Americas,América,Northern America,Norteamérica,ON,Ontario,province,provincia,Manitoulin,45.75007,-82.49985
CA,Canada,Canadá,Americas,América,Northern America,Norteamérica,ON,Ontario,province,provincia,Manitouwadge,49.12152,-85.8403
CA,Canada,Canadá,Americas,América,Northern America,Norteamérica,ON,Ontario,province,provincia,Marathon,48.7501,-86.43322
CA,Canada,Canadá,Americas,América,Northern America,Norteamérica,ON,Ontario,province,provincia,Markdale,44.3168,-80.64971
CA,Canada,Canadá,Americas,América,Northern America,Norteamérica,ON,Ontario,province,provincia,Markham,43.86682,-79.2663
CA,Canada,Canadá,Americas,América,Northern America,Norteamérica,ON,Ontario,province,provincia,Mattawa,46.31681,-78.69957
CA,Canada,Canadá,Americas,América,Northern America,Norteamérica,ON,Ontario,province,provincia,Meaford,44.60725,-80.61081
CA,Canada,Canadá,Americas,América,Northern America,Norteamérica,ON,Ontario,province,provincia,Metcalfe,45.2334,-75.46603
CA,Canada,Canadá,Americas,América,Northern America,Norteamérica,ON,Ontario,province,provincia,Midland,44.7501,-79.88296
CA,Canada,Canadá,Americas,América,Northern America,Norteamérica,ON,Ontario,province,provincia,Mildmay,44.05009,-81.11644
CA,Canada,Canadá,Americas,América,Northern America,Norteamérica,ON,Ontario,province,provincia,Millbrook,44.15012,-78.44954
CA,Canada,Canadá,Americas,América,Northern America,Norteamérica,ON,Ontario,province,provincia,Milton,43.51681,-79.88294
CA,Canada,Canadá,Americas,América,Northern America,Norteamérica,ON,Ontario,province,provincia,Mississauga,43.5789,-79.6583
CA,Canada,Canadá,Americas,América,Northern America,Norteamérica,ON,Ontario,province,provincia,Mississauga Beach,43.26682,-79.08287
CA,Canada,Canadá,Americas,América,Northern America,Norteamérica,ON,Ontario,province,provincia,Moose Factory,51.26689,-80.61624
CA,Canada,Canadá,Americas,América,Northern America,Norteamérica,ON,Ontario,province,provincia,Moosonee,51.27931,-80.6345
CA,Canada,Canadá,Americas,América,Northern America,Norteamérica,ON,Ontario,province,provincia,Morrisburg,44.9001,-75.18261
CA,Canada,Canadá,Americas,América,Northern America,Norteamérica,ON,Ontario,province,provincia,Mount Albert,44.13341,-79.3163
CA,Canada,Canadá,Americas,América,Northern America,Norteamérica,ON,Ontario,province,provincia,Mount Brydges,42.90009,-81.48306
CA,Canada,Canadá,Americas,América,Northern America,Norteamérica,ON,Ontario,province,provincia,Napanee Downtown,44.24832,-76.95069
CA,Canada,Canadá,Americas,América,Northern America,Norteamérica,ON,Ontario,province,provincia,Neebing,48.1668,-89.41683
CA,Canada,Canadá,Americas,América,Northern America,Norteamérica,ON,Ontario,province,provincia,Nepean,45.35215,-75.73975
CA,Canada,Canadá,Americas,América,Northern America,Norteamérica,ON,Ontario,province,provincia,New Hamburg,43.38339,-80.6997
CA,Canada,Canadá,Americas,América,Northern America,Norteamérica,ON,Ontario,province,provincia,Newmarket,44.05011,-79.46631
CA,Canada,Canadá,Americas,América,Northern America,Norteamérica,ON,Ontario,province,provincia,Niagara Falls,43.10012,-79.06627
CA,Canada,Canadá,Americas,América,Northern America,Norteamérica,ON,Ontario,province,provincia,Nipissing,46.0001,-78.99959
CA,Canada,Canadá,Americas,América,Northern America,Norteamérica,ON,Ontario,province,provincia,Norfolk County,42.8334,-80.38297
CA,Canada,Canadá,Americas,América,Northern America,Norteamérica,ON,Ontario,province,provincia,North Bay,46.3168,-79.46633
CA,Canada,Canadá,Americas,América,Northern America,Norteamérica,ON,Ontario,province,provincia,North Perth,43.7251,-80.96723
CA,Canada,Canadá,Americas,América,Northern America,Norteamérica,ON,Ontario,province,provincia,North York,43.76681,-79.4163
CA,Canada,Canadá,Americas,América,Northern America,Norteamérica,ON,Ontario,province,provincia,Norwood,44.38342,-77.98281
CA,Canada,Canadá,Americas,América,Northern America,Norteamérica,ON,Ontario,province,provincia,Oakville,43.45011,-79.68292
CA,Canada,Canadá,Americas,América,Northern America,Norteamérica,ON,Ontario,province,provincia,Omemee,44.29897,-78.55989
CA,Canada,Canadá,Americas,América,Northern America,Norteamérica,ON,Ontario,province,provincia,Orangeville,43.9168,-80.09967
CA,Canada,Canadá,Americas,América,Northern America,Norteamérica,ON,Ontario,province,provincia,Orillia,44.60868,-79.42068
CA,Canada,Canadá,Americas,América,Northern America,Norteamérica,ON,Ontario,province,provincia,Osgoode,45.14887,-75.59778
CA,Canada,Canadá,Americas,América,Northern America,Norteamérica,ON,Ontario,province,provincia,Oshawa,43.90012,-78.84957
CA,Canada,Canadá,Americas,América,Northern America,Norteamérica,ON,Ontario,province,provincia,Ottawa,45.41117,-75.69812
CA,Canada,Canadá,Americas,América,Northern America,Norteamérica,ON,Ontario,province,provincia,Owen Sound,44.56717,-80.94349
CA,Canada,Canadá,Americas,América,Northern America,Norteamérica,ON,Ontario,province,provincia,Paisley,44.30641,-81.27265
CA,Canada,Canadá,Americas,América,Northern America,Norteamérica,ON,Ontario,province,provincia,Paris,43.2,-80.38333
CA,Canada,Canadá,Americas,América,Northern America,Norteamérica,ON,Ontario,province,provincia,Parkhill,43.15993,-81.68464
CA,Canada,Canadá,Americas,América,Northern America,Norteamérica,ON,Ontario,province,provincia,Parry Sound,45.34732,-80.03527
CA,Canada,Canadá,Americas,América,Northern America,Norteamérica,ON,Ontario,province,provincia,Parry Sound District,45.75011,-79.83297
CA,Canada,Canadá,Americas,América,Northern America,Norteamérica,ON,Ontario,province,provincia,Peel,43.75011,-79.78293
CA,Canada,Canadá,Americas,América,Northern America,Norteamérica,ON,Ontario,province,provincia,Pembroke,45.81681,-77.11616
CA,Canada,Canadá,Americas,América,Northern America,Norteamérica,ON,Ontario,province,provincia,Perth,44.90011,-76.24939
CA,Canada,Canadá,Americas,América,Northern America,Norteamérica,ON,Ontario,province,provincia,Petawawa,45.89452,-77.28007
CA,Canada,Canadá,Americas,América,Northern America,Norteamérica,ON,Ontario,province,provincia,Peterborough,44.30012,-78.31623
CA,Canada,Canadá,Americas,América,Northern America,Norteamérica,ON,Ontario,province,provincia,Petrolia,42.86678,-82.14981
CA,Canada,Canadá,Americas,América,Northern America,Norteamérica,ON,Ontario,province,provincia,Pickering,43.90012,-79.13289
CA,Canada,Canadá,Americas,América,Northern America,Norteamérica,ON,Ontario,province,provincia,Picton,44.00012,-77.13275
CA,Canada,Canadá,Americas,América,Northern America,Norteamérica,ON,Ontario,province,provincia,Plantagenet,45.5326,-74.99369
CA,Canada,Canadá,Americas,América,Northern America,Norteamérica,ON,Ontario,province,provincia,Plattsville,43.3001,-80.61639
CA,Canada,Canadá,Americas,América,Northern America,Norteamérica,ON,Ontario,province,provincia,Port Colborne,42.90012,-79.23288
CA,Canada,Canadá,Americas,América,Northern America,Norteamérica,ON,Ontario,province,provincia,Port Hope,44.01682,-78.39953
CA,Canada,Canadá,Americas,América,Northern America,Norteamérica,ON,Ontario,province,provincia,Port Rowan,42.6168,-80.46638
CA,Canada,Canadá,Americas,América,Northern America,Norteamérica,ON,Ontario,province,provincia,Port Stanley,42.66679,-81.21644
CA,Canada,Canadá,Americas,América,Northern America,Norteamérica,ON,Ontario,province,provincia,Powassan,46.0334,-79.34961
CA,Canada,Canadá,Americas,América,Northern America,Norteamérica,ON,Ontario,province,provincia,Prescott,44.71681,-75.51604
CA,Canada,Canadá,Americas,América,Northern America,Norteamérica,ON,Ontario,province,provincia,Prince Edward,44.00012,-77.24946
CA,Canada,Canadá,Americas,América,Northern America,Norteamérica,ON,Ontario,province,provincia,Queenswood Heights,45.47083,-75.50556
CA,Canada,Canadá,Americas,América,Northern America,Norteamérica,ON,Ontario,province,provincia,Quinte West,44.18342,-77.56618
CA,Canada,Canadá,Americas,América,Northern America,Norteamérica,ON,Ontario,province,provincia,Rainy River,48.49981,-92.50031
CA,Canada,Canadá,Americas,América,Northern America,Norteamérica,ON,Ontario,province,provincia,Rayside-Balfour,46.60873,-81.20763
CA,Canada,Canadá,Americas,América,Northern America,Norteamérica,ON,Ontario,province,provincia,Red Lake,51.01678,-93.82736
CA,Canada,Canadá,Americas,América,Northern America,Norteamérica,ON,Ontario,province,provincia,Regional Municipality of Waterloo,43.5001,-80.49969
CA,Canada,Canadá,Americas,América,Northern America,Norteamérica,ON,Ontario,province,provincia,Renfrew,45.46681,-76.68272
CA,Canada,Canadá,Americas,América,Northern America,Norteamérica,ON,Ontario,province,provincia,Richmond,45.1834,-75.83266
CA,Canada,Canadá,Americas,América,Northern America,Norteamérica,ON,Ontario,province,provincia,Richmond Hill,43.87111,-79.43725
CA,Canada,Canadá,Americas,América,Northern America,Norteamérica,ON,Ontario,province,provincia,Ridgetown,42.43339,-81.89978
CA,Canada,Canadá,Americas,América,Northern America,Norteamérica,ON,Ontario,province,provincia,Rockwood,43.61899,-80.14441
CA,Canada,Canadá,Americas,América,Northern America,Norteamérica,ON,Ontario,province,provincia,Russell,45.2501,-75.36602
CA,Canada,Canadá,Americas,América,Northern America,Norteamérica,ON,Ontario,province,provincia,Sarnia,42.97866,-82.40407
CA,Canada,Canadá,Americas,América,Northern America,Norteamérica,ON,Ontario,province,provincia,Sault Ste. Marie,46.51677,-84.33325
CA,Canada,Canadá,Americas,América,Northern America,Norteamérica,ON,Ontario,province,provincia,Scarborough,43.77223,-79.25666
CA,Canada,Canadá,Americas,América,Northern America,Norteamérica,ON,Ontario,province,provincia,Seaforth,43.55009,-81.39976
CA,Canada,Canadá,Americas,América,Northern America,Norteamérica,ON,Ontario,province,provincia,Shelburne,44.0787,-80.20408
CA,Canada,Canadá,Americas,América,Northern America,Norteamérica,ON,Ontario,province,provincia,Simcoe,42.8334,-80.29967
CA,Canada,Canadá,Americas,América,Northern America,Norteamérica,ON,Ontario,province,provincia,Sioux Lookout,50.06676,-91.98358
CA,Canada,Canadá,Americas,América,Northern America,Norteamérica,ON,Ontario,province,provincia,Skatepark,44.25122,-76.94424
CA,Canada,Canadá,Americas,América,Northern America,Norteamérica,ON,Ontario,province,provincia,Smiths Falls,44.90452,-76.02333
CA,Canada,Canadá,Americas,América,Northern America,Norteamérica,ON,Ontario,province,provincia,South Huron,43.31679,-81.51647
CA,Canada,Canadá,Americas,América,Northern America,Norteamérica,ON,Ontario,province,provincia,South River,45.8334,-79.38293
CA,Canada,Canadá,Americas,América,Northern America,Norteamérica,ON,Ontario,province,provincia,St. Catharines,43.17126,-79.24267
CA,Canada,Canadá,Americas,América,Northern America,Norteamérica,ON,Ontario,province,provincia,St. George,43.24495,-80.25144
CA,Canada,Canadá,Americas,América,Northern America,Norteamérica,ON,Ontario,province,provincia,St. Thomas,42.77361,-81.18038
CA,Canada,Canadá,Americas,América,Northern America,Norteamérica,ON,Ontario,province,provincia,Stirling,44.30012,-77.54948
CA,Canada,Canadá,Americas,América,Northern America,Norteamérica,ON,Ontario,province,provincia,Stoney Point,44.26681,-79.53292
CA,Canada,Canadá,Americas,América,Northern America,Norteamérica,ON,Ontario,province,provincia,Stratford,43.36679,-80.94972
CA,Canada,Canadá,Americas,América,Northern America,Norteamérica,ON,Ontario,province,provincia,Sudbury,47.16679,-81.9998
CA,Canada,Canadá,Americas,América,Northern America,Norteamérica,ON,Ontario,province,provincia,Tavistock,43.31679,-80.83302
CA,Canada,Canadá,Americas,América,Northern America,Norteamérica,ON,Ontario,province,provincia,Temiskaming Shores,47.49376,-79.71529
CA,Canada,Canadá,Americas,América,Northern America,Norteamérica,ON,Ontario,province,provincia,Thessalon,46.25006,-83.5666
CA,Canada,Canadá,Americas,América,Northern America,Norteamérica,ON,Ontario,province,provincia,Thornhill,43.8170848,-79.4501194
CA,Canada,Canadá,Americas,América,Northern America,Norteamérica,ON,Ontario,province,provincia,Thorold,43.11682,-79.19958
CA,Canada,Canadá,Americas,América,Northern America,Norteamérica,ON,Ontario,province,provincia,Thunder Bay,48.38202,-89.25018
CA,Canada,Canadá,Americas,América,Northern America,Norteamérica,ON,Ontario,province,provincia,Thunder Bay District,49.50011,-88.50004
CA,Canada,Canadá,Americas,América,Northern America,Norteamérica,ON,Ontario,province,provincia,Timiskaming,47.75016,-80.33303
CA,Canada,Canadá,Americas,América,Northern America,Norteamérica,ON,Ontario,province,provincia,Timmins,48.46686,-81.33312
CA,Canada,Canadá,Americas,América,Northern America,Norteamérica,ON,Ontario,province,provincia,Tobermory,45.25007,-81.66647
CA,Canada,Canadá,Americas,América,Northern America,Norteamérica,ON,Ontario,province,provincia,Toronto,43.70011,-79.4163
CA,Canada,Canadá,Americas,América,Northern America,Norteamérica,ON,Ontario,province,provincia,Toronto county,43.69655,-79.42909
CA,Canada,Canadá,Americas,América,Northern America,Norteamérica,ON,Ontario,province,provincia,Tottenham,44.02437,-79.80553
CA,Canada,Canadá,Americas,América,Northern America,Norteamérica,ON,Ontario,province,provincia,Tweed,44.47512,-77.31616
CA,Canada,Canadá,Americas,América,Northern America,Norteamérica,ON,Ontario,province,provincia,Uxbridge,44.10012,-79.11628
CA,Canada,Canadá,Americas,América,Northern America,Norteamérica,ON,Ontario,province,provincia,Valley East,46.66773,-81.00028
CA,Canada,Canadá,Americas,América,Northern America,Norteamérica,ON,Ontario,province,provincia,Vanier,45.4399,-75.66498
CA,Canada,Canadá,Americas,América,Northern America,Norteamérica,ON,Ontario,province,provincia,Vaughan,43.8361,-79.49827
CA,Canada,Canadá,Americas,América,Northern America,Norteamérica,ON,Ontario,province,provincia,Vineland,43.15012,-79.3996
CA,Canada,Canadá,Americas,América,Northern America,Norteamérica,ON,Ontario,province,provincia,Virgil,43.21682,-79.13288
CA,Canada,Canadá,Americas,América,Northern America,Norteamérica,ON,Ontario,province,provincia,Walpole Island,42.6152,-82.51398
CA,Canada,Canadá,Americas,América,Northern America,Norteamérica,ON,Ontario,province,provincia,Wasaga Beach,44.5168,-80.01637
CA,Canada,Canadá,Americas,América,Northern America,Norteamérica,ON,Ontario,province,provincia,Waterford,42.9334,-80.28296
CA,Canada,Canadá,Americas,América,Northern America,Norteamérica,ON,Ontario,province,provincia,Waterloo,43.4668,-80.51639
CA,Canada,Canadá,Americas,América,Northern America,Norteamérica,ON,Ontario,province,provincia,Watford,42.95008,-81.88309
CA,Canada,Canadá,Americas,América,Northern America,Norteamérica,ON,Ontario,province,provincia,Wawa,47.98877,-84.77411
CA,Canada,Canadá,Americas,América,Northern America,Norteamérica,ON,Ontario,province,provincia,Welland,42.98342,-79.24958
CA,Canada,Canadá,Americas,América,Northern America,Norteamérica,ON,Ontario,province,provincia,Wellesley,43.47691,-80.76209
CA,Canada,Canadá,Americas,América,Northern America,Norteamérica,ON,Ontario,province,provincia,Wendover,45.57275,-75.12757
CA,Canada,Canadá,Americas,América,Northern America,Norteamérica,ON,Ontario,province,provincia,West Lorne,42.60009,-81.59976
CA,Canada,Canadá,Americas,América,Northern America,Norteamérica,ON,Ontario,province,provincia,Willowdale,43.76672,-79.39909
CA,Canada,Canadá,Americas,América,Northern America,Norteamérica,ON,Ontario,province,provincia,Winchester,45.0834,-75.34933
CA,Canada,Canadá,Americas,América,Northern America,Norteamérica,ON,Ontario,province,provincia,Windsor,42.30008,-83.01654
CA,Canada,Canadá,Americas,América,Northern America,Norteamérica,ON,Ontario,province,provincia,Wingham,43.88793,-81.31145
CA,Canada,Canadá,Americas,América,Northern America,Norteamérica,ON,Ontario,province,provincia,Woodstock,43.13339,-80.7497
CA,Canada,Canadá,Americas,América,Northern America,Norteamérica,ON,Ontario,province,provincia,York,44.0007518,-79.4372217
CA,Canada,Canadá,Americas,América,Northern America,Norteamérica,PE,Prince Edward Island,province,provincia,Alberton,46.81685,-64.06542
CA,Canada,Canadá,Americas,América,Northern America,Norteamérica,PE,Prince Edward Island,province,provincia,Belfast,46.08341,-62.88197
CA,Canada,Canadá,Americas,América,Northern America,Norteamérica,PE,Prince Edward Island,province,provincia,Charlottetown,46.23899,-63.13414
CA,Canada,Canadá,Americas,América,Northern America,Norteamérica,PE,Prince Edward Island,province,provincia,Cornwall,46.22652,-63.21809
CA,Canada,Canadá,Americas,América,Northern America,Norteamérica,PE,Prince Edward Island,province,provincia,Fallingbrook,45.47558,-75.48401
CA,Canada,Canadá,Americas,América,Northern America,Norteamérica,PE,Prince Edward Island,province,provincia,Kensington,46.43343,-63.64871
CA,Canada,Canadá,Americas,América,Northern America,Norteamérica,PE,Prince Edward Island,province,provincia,Montague,46.16681,-62.64866
CA,Canada,Canadá,Americas,América,Northern America,Norteamérica,PE,Prince Edward Island,province,provincia,Souris,46.3501,-62.24862
CA,Canada,Canadá,Americas,América,Northern America,Norteamérica,PE,Prince Edward Island,province,provincia,Summerside,46.39593,-63.78762
CA,Canada,Canadá,Americas,América,Northern America,Norteamérica,QC,Quebec,province,provincia,Abitibi-Témiscamingue,48.10018,-77.7828
CA,Canada,Canadá,Americas,América,Northern America,Norteamérica,QC,Quebec,province,provincia,Acton Vale,45.65007,-72.56582
CA,Canada,Canadá,Americas,América,Northern America,Norteamérica,QC,Quebec,province,provincia,Adstock,46.05007,-71.08235
CA,Canada,Canadá,Americas,América,Northern America,Norteamérica,QC,Quebec,province,provincia,Albanel,48.88324,-72.44867
CA,Canada,Canadá,Americas,América,Northern America,Norteamérica,QC,Quebec,province,provincia,Alma,48.55009,-71.6491
CA,Canada,Canadá,Americas,América,Northern America,Norteamérica,QC,Quebec,province,provincia,Amos,48.56688,-78.11624
CA,Canada,Canadá,Americas,América,Northern America,Norteamérica,QC,Quebec,province,provincia,Amqui,48.46382,-67.43134
CA,Canada,Canadá,Americas,América,Northern America,Norteamérica,QC,Quebec,province,provincia,Ange-Gardien,45.35008,-72.93244
CA,Canada,Canadá,Americas,América,Northern America,Norteamérica,QC,Quebec,province,provincia,Asbestos,45.76678,-71.9324
CA,Canada,Canadá,Americas,América,Northern America,Norteamérica,QC,Quebec,province,provincia,Baie-Comeau,49.21679,-68.14894
CA,Canada,Canadá,Americas,América,Northern America,Norteamérica,QC,Quebec,province,provincia,Baie-D'Urfé,45.41397,-73.91586
CA,Canada,Canadá,Americas,América,Northern America,Norteamérica,QC,Quebec,province,provincia,Baie-Saint-Paul,47.44109,-70.49858
CA,Canada,Canadá,Americas,América,Northern America,Norteamérica,QC,Quebec,province,provincia,Barraute,48.43349,-77.63279
CA,Canada,Canadá,Americas,América,Northern America,Norteamérica,QC,Quebec,province,provincia,Bas-Saint-Laurent,48.0503,-68.02266
CA,Canada,Canadá,Americas,América,Northern America,Norteamérica,QC,Quebec,province,provincia,Beaconsfield,45.43341,-73.86586
CA,Canada,Canadá,Americas,América,Northern America,Norteamérica,QC,Quebec,province,provincia,Beauceville,46.21785,-70.77873
CA,Canada,Canadá,Americas,América,Northern America,Norteamérica,QC,Quebec,province,provincia,Beauharnois,45.31341,-73.8725
CA,Canada,Canadá,Americas,América,Northern America,Norteamérica,QC,Quebec,province,provincia,Beaupré,47.04428,-70.89529
CA,Canada,Canadá,Americas,América,Northern America,Norteamérica,QC,Quebec,province,provincia,Bécancour,46.34106,-72.43224
CA,Canada,Canadá,Americas,América,Northern America,Norteamérica,QC,Quebec,province,provincia,Bedford,45.11678,-72.98244
CA,Canada,Canadá,Americas,América,Northern America,Norteamérica,QC,Quebec,province,provincia,Beloeil,45.56839,-73.20568
CA,Canada,Canadá,Americas,América,Northern America,Norteamérica,QC,Quebec,province,provincia,Berthierville,46.08336,-73.18245
CA,Canada,Canadá,Americas,América,Northern America,Norteamérica,QC,Quebec,province,provincia,Blainville,45.66678,-73.88249
CA,Canada,Canadá,Americas,América,Northern America,Norteamérica,QC,Quebec,province,provincia,Bois-des-Filion,45.66678,-73.74918
CA,Canada,Canadá,Americas,América,Northern America,Norteamérica,QC,Quebec,province,provincia,Boisbriand,45.61678,-73.83249
CA,Canada,Canadá,Americas,América,Northern America,Norteamérica,QC,Quebec,province,provincia,Bonaventure,48.04573,-65.49259
CA,Canada,Canadá,Americas,América,Northern America,Norteamérica,QC,Quebec,province,provincia,Boucherville,45.59104,-73.43605
CA,Canada,Canadá,Americas,América,Northern America,Norteamérica,QC,Quebec,province,provincia,Breakeyville,46.68037,-71.22327
CA,Canada,Canadá,Americas,América,Northern America,Norteamérica,QC,Quebec,province,provincia,Bromont,45.31678,-72.64912
CA,Canada,Canadá,Americas,América,Northern America,Norteamérica,QC,Quebec,province,provincia,Brossard,45.45008,-73.46583
CA,Canada,Canadá,Americas,América,Northern America,Norteamérica,QC,Quebec,province,provincia,Brownsburg-Chatham,45.68342,-74.4159
CA,Canada,Canadá,Americas,América,Northern America,Norteamérica,QC,Quebec,province,provincia,Buckingham,45.58563,-75.4208
CA,Canada,Canadá,Americas,América,Northern America,Norteamérica,QC,Quebec,province,provincia,Cabano,47.68065,-68.8781
CA,Canada,Canadá,Americas,América,Northern America,Norteamérica,QC,Quebec,province,provincia,Cacouna,47.91657,-69.50054
CA,Canada,Canadá,Americas,América,Northern America,Norteamérica,QC,Quebec,province,provincia,Candiac,45.38338,-73.51587
CA,Canada,Canadá,Americas,América,Northern America,Norteamérica,QC,Quebec,province,provincia,Cantley,45.5668,-75.78265
CA,Canada,Canadá,Americas,América,Northern America,Norteamérica,QC,Quebec,province,provincia,Cap-Chat,49.10009,-66.68212
CA,Canada,Canadá,Americas,América,Northern America,Norteamérica,QC,Quebec,province,provincia,Cap-Santé,46.67159,-71.78812
CA,Canada,Canadá,Americas,América,Northern America,Norteamérica,QC,Quebec,province,provincia,Capitale-Nationale,47.376,-71.12337
CA,Canada,Canadá,Americas,América,Northern America,Norteamérica,QC,Quebec,province,provincia,Carignan,45.45008,-73.29916
CA,Canada,Canadá,Americas,América,Northern America,Norteamérica,QC,Quebec,province,provincia,Carleton,48.09838,-66.10036
CA,Canada,Canadá,Americas,América,Northern America,Norteamérica,QC,Quebec,province,provincia,Carleton-sur-Mer,48.10749,-66.128
CA,Canada,Canadá,Americas,América,Northern America,Norteamérica,QC,Quebec,province,provincia,Centre-du-Québec,46.01985,-71.98242
CA,Canada,Canadá,Americas,América,Northern America,Norteamérica,QC,Quebec,province,provincia,Chambly,45.45008,-73.28246
CA,Canada,Canadá,Americas,América,Northern America,Norteamérica,QC,Quebec,province,provincia,Chambord,48.43339,-72.06583
CA,Canada,Canadá,Americas,América,Northern America,Norteamérica,QC,Quebec,province,provincia,Chandler,48.34935,-64.67926
CA,Canada,Canadá,Americas,América,Northern America,Norteamérica,QC,Quebec,province,provincia,Chapais,49.78344,-74.84919
CA,Canada,Canadá,Americas,América,Northern America,Norteamérica,QC,Quebec,province,provincia,Charlemagne,45.71678,-73.48247
CA,Canada,Canadá,Americas,América,Northern America,Norteamérica,QC,Quebec,province,provincia,Château-Richer,46.96031,-71.03219
CA,Canada,Canadá,Americas,América,Northern America,Norteamérica,QC,Quebec,province,provincia,Châteauguay,45.38338,-73.74919
CA,Canada,Canadá,Americas,América,Northern America,Norteamérica,QC,Quebec,province,provincia,Chaudière-Appalaches,46.555,-70.8308
CA,Canada,Canadá,Americas,América,Northern America,Norteamérica,QC,Quebec,province,provincia,Chertsey,46.07109,-73.89095
CA,Canada,Canadá,Americas,América,Northern America,Norteamérica,QC,Quebec,province,provincia,Chibougamau,49.91684,-74.36586
CA,Canada,Canadá,Americas,América,Northern America,Norteamérica,QC,Quebec,province,provincia,Chute-aux-Outardes,49.11679,-68.39896
CA,Canada,Canadá,Americas,América,Northern America,Norteamérica,QC,Quebec,province,provincia,Coaticook,45.13339,-71.79907
CA,Canada,Canadá,Americas,América,Northern America,Norteamérica,QC,Quebec,province,provincia,Contrecoeur,45.85008,-73.23245
CA,Canada,Canadá,Americas,América,Northern America,Norteamérica,QC,Quebec,province,provincia,Cookshire,45.41536,-71.62962
CA,Canada,Canadá,Americas,América,Northern America,Norteamérica,QC,Quebec,province,provincia,Cookshire-Eaton,45.41675,-71.6324
CA,Canada,Canadá,Americas,América,Northern America,Norteamérica,QC,Quebec,province,provincia,Côte-Nord,50.86683,-65.81541
CA,Canada,Canadá,Americas,América,Northern America,Norteamérica,QC,Quebec,province,provincia,Côte-Saint-Luc,45.46536,-73.66585
CA,Canada,Canadá,Americas,América,Northern America,Norteamérica,QC,Quebec,province,provincia,Coteau-du-Lac,45.30008,-74.18253
CA,Canada,Canadá,Americas,América,Northern America,Norteamérica,QC,Quebec,province,provincia,Cowansville,45.20008,-72.74913
CA,Canada,Canadá,Americas,América,Northern America,Norteamérica,QC,Quebec,province,provincia,Crabtree,45.96677,-73.46586
CA,Canada,Canadá,Americas,América,Northern America,Norteamérica,QC,Quebec,province,provincia,Danville,45.78337,-72.0158
CA,Canada,Canadá,Americas,América,Northern America,Norteamérica,QC,Quebec,province,provincia,Daveluyville,46.20006,-72.13239
CA,Canada,Canadá,Americas,América,Northern America,Norteamérica,QC,Quebec,province,provincia,Delson,45.36678,-73.54917
CA,Canada,Canadá,Americas,América,Northern America,Norteamérica,QC,Quebec,province,provincia,Deux-Montagnes,45.53455,-73.90168
CA,Canada,Canadá,Americas,América,Northern America,Norteamérica,QC,Quebec,province,provincia,Disraeli,45.90007,-71.34907
CA,Canada,Canadá,Americas,América,Northern America,Norteamérica,QC,Quebec,province,provincia,Dolbeau-Mistassini,48.8786,-72.23142
CA,Canada,Canadá,Americas,América,Northern America,Norteamérica,QC,Quebec,province,provincia,Dollard-Des Ormeaux,45.49452,-73.82419
CA,Canada,Canadá,Americas,América,Northern America,Norteamérica,QC,Quebec,province,provincia,Donnacona,46.68042,-71.7239
CA,Canada,Canadá,Americas,América,Northern America,Norteamérica,QC,Quebec,province,provincia,Dorval,45.4473,-73.75335
CA,Canada,Canadá,Americas,América,Northern America,Norteamérica,QC,Quebec,province,provincia,Drummondville,45.88336,-72.48241
CA,Canada,Canadá,Americas,América,Northern America,Norteamérica,QC,Quebec,province,provincia,Dunham,45.13338,-72.79913
CA,Canada,Canadá,Americas,América,Northern America,Norteamérica,QC,Quebec,province,provincia,East Angus,45.48338,-71.66577
CA,Canada,Canadá,Americas,América,Northern America,Norteamérica,QC,Quebec,province,provincia,East Broughton,46.21358,-71.07674
CA,Canada,Canadá,Americas,América,Northern America,Norteamérica,QC,Quebec,province,provincia,Farnham,45.28338,-72.98244
CA,Canada,Canadá,Americas,América,Northern America,Norteamérica,QC,Quebec,province,provincia,Ferme-Neuve,46.70011,-75.44929
CA,Canada,Canadá,Americas,América,Northern America,Norteamérica,QC,Quebec,province,provincia,Fermont,52.78345,-67.08204
CA,Canada,Canadá,Americas,América,Northern America,Norteamérica,QC,Quebec,province,provincia,Forestville,48.73808,-69.08478
CA,Canada,Canadá,Americas,América,Northern America,Norteamérica,QC,Quebec,province,provincia,Fort-Coulonge,45.85011,-76.73272
CA,Canada,Canadá,Americas,América,Northern America,Norteamérica,QC,Quebec,province,provincia,Fossambault-sur-le-Lac,46.87662,-71.61541
CA,Canada,Canadá,Americas,América,Northern America,Norteamérica,QC,Quebec,province,provincia,Franklin,45.03338,-73.91591
CA,Canada,Canadá,Americas,América,Northern America,Norteamérica,QC,Quebec,province,provincia,Gaspé,48.83341,-64.48194
CA,Canada,Canadá,Americas,América,Northern America,Norteamérica,QC,Quebec,province,provincia,Gaspésie-Îles-de-la-Madeleine,48.87555,-65.4071
CA,Canada,Canadá,Americas,América,Northern America,Norteamérica,QC,Quebec,province,provincia,Gatineau,45.47723,-75.70164
CA,Canada,Canadá,Americas,América,Northern America,Norteamérica,QC,Quebec,province,provincia,Godefroy,51.75012,-68.08213
CA,Canada,Canadá,Americas,América,Northern America,Norteamérica,QC,Quebec,province,provincia,Granby,45.40008,-72.73243
CA,Canada,Canadá,Americas,América,Northern America,Norteamérica,QC,Quebec,province,provincia,Hampstead,45.48064,-73.66307
CA,Canada,Canadá,Americas,América,Northern America,Norteamérica,QC,Quebec,province,provincia,Hauterive,49.19572,-68.25813
CA,Canada,Canadá,Americas,América,Northern America,Norteamérica,QC,Quebec,province,provincia,Havre-Saint-Pierre,50.24342,-63.60264
CA,Canada,Canadá,Americas,América,Northern America,Norteamérica,QC,Quebec,province,provincia,Hérouxville,46.66617,-72.62512
CA,Canada,Canadá,Americas,América,Northern America,Norteamérica,QC,Quebec,province,provincia,Hudson,45.45008,-74.14922
CA,Canada,Canadá,Americas,América,Northern America,Norteamérica,QC,Quebec,province,provincia,Huntingdon,45.08339,-74.16593
CA,Canada,Canadá,Americas,América,Northern America,Norteamérica,QC,Quebec,province,provincia,Joliette,46.0164,-73.4236
CA,Canada,Canadá,Americas,América,Northern America,Norteamérica,QC,Quebec,province,provincia,Jonquière,48.41648,-71.24884
CA,Canada,Canadá,Americas,América,Northern America,Norteamérica,QC,Quebec,province,provincia,Kingsey Falls,45.85007,-72.0658
CA,Canada,Canadá,Americas,América,Northern America,Norteamérica,QC,Quebec,province,provincia,Kirkland,45.45008,-73.86586
CA,Canada,Canadá,Americas,América,Northern America,Norteamérica,QC,Quebec,province,provincia,L'Ancienne-Lorette,46.79392,-71.35191
CA,Canada,Canadá,Americas,América,Northern America,Norteamérica,QC,Quebec,province,provincia,L'Ange-Gardien,46.91976,-71.08253
CA,Canada,Canadá,Americas,América,Northern America,Norteamérica,QC,Quebec,province,provincia,L'Ascension-de-Notre-Seigneur,48.68339,-71.6658
CA,Canada,Canadá,Americas,América,Northern America,Norteamérica,QC,Quebec,province,provincia,L'Assomption,45.82318,-73.4294
CA,Canada,Canadá,Americas,América,Northern America,Norteamérica,QC,Quebec,province,provincia,L'Épiphanie,45.85008,-73.48246
CA,Canada,Canadá,Americas,América,Northern America,Norteamérica,QC,Quebec,province,provincia,L'Île-Perrot,45.38338,-73.9492
CA,Canada,Canadá,Americas,América,Northern America,Norteamérica,QC,Quebec,province,provincia,La Conception,46.15009,-74.69925
CA,Canada,Canadá,Americas,América,Northern America,Norteamérica,QC,Quebec,province,provincia,La Haute-Saint-Charles,46.89028,-71.37222
CA,Canada,Canadá,Americas,América,Northern America,Norteamérica,QC,Quebec,province,provincia,La Malbaie,47.654,-70.15268
CA,Canada,Canadá,Americas,América,Northern America,Norteamérica,QC,Quebec,province,provincia,La Minerve,46.25009,-74.93257
CA,Canada,Canadá,Americas,América,Northern America,Norteamérica,QC,Quebec,province,provincia,La Pocatière,47.36733,-70.03484
CA,Canada,Canadá,Americas,América,Northern America,Norteamérica,QC,Quebec,province,provincia,La Prairie,45.41678,-73.49917
CA,Canada,Canadá,Americas,América,Northern America,Norteamérica,QC,Quebec,province,provincia,La Sarre,48.80019,-79.19964
CA,Canada,Canadá,Americas,América,Northern America,Norteamérica,QC,Quebec,province,provincia,La Tuque,47.43337,-72.7824
CA,Canada,Canadá,Americas,América,Northern America,Norteamérica,QC,Quebec,province,provincia,Labelle,46.28339,-74.73255
CA,Canada,Canadá,Americas,América,Northern America,Norteamérica,QC,Quebec,province,provincia,Lac-Alouette,45.81698,-73.9592
CA,Canada,Canadá,Americas,América,Northern America,Norteamérica,QC,Quebec,province,provincia,Lac-Brome,45.21678,-72.51581
CA,Canada,Canadá,Americas,América,Northern America,Norteamérica,QC,Quebec,province,provincia,Lac-Connelly,45.89788,-73.9723
CA,Canada,Canadá,Americas,América,Northern America,Norteamérica,QC,Quebec,province,provincia,Lac-Lapierre,45.89837,-73.77308
CA,Canada,Canadá,Americas,América,Northern America,Norteamérica,QC,Quebec,province,provincia,Lac-Mégantic,45.58338,-70.88234
CA,Canada,Canadá,Americas,América,Northern America,Norteamérica,QC,Quebec,province,provincia,Lac-Simon,46.15699,-74.74129
CA,Canada,Canadá,Americas,América,Northern America,Norteamérica,QC,Quebec,province,provincia,Lachute,45.65008,-74.33253
CA,Canada,Canadá,Americas,América,Northern America,Norteamérica,QC,Quebec,province,provincia,Lacolle,45.08338,-73.36585
CA,Canada,Canadá,Americas,América,Northern America,Norteamérica,QC,Quebec,province,provincia,Lanoraie,45.96677,-73.21585
CA,Canada,Canadá,Americas,América,Northern America,Norteamérica,QC,Quebec,province,provincia,Laval,45.56995,-73.692
CA,Canada,Canadá,Americas,América,Northern America,Norteamérica,QC,Quebec,province,provincia,Lavaltrie,45.88338,-73.28245
CA,Canada,Canadá,Americas,América,Northern America,Norteamérica,QC,Quebec,province,provincia,Le Bic,48.37549,-68.69415
CA,Canada,Canadá,Americas,América,Northern America,Norteamérica,QC,Quebec,province,provincia,le Plateau,45.43514,-75.7803
CA,Canada,Canadá,Americas,América,Northern America,Norteamérica,QC,Quebec,province,provincia,Lebel-sur-Quévillon,49.05018,-76.98273
CA,Canada,Canadá,Americas,América,Northern America,Norteamérica,QC,Quebec,province,provincia,Leblanc,48.26683,-74.34914
CA,Canada,Canadá,Americas,América,Northern America,Norteamérica,QC,Quebec,province,provincia,Les Cèdres,45.30008,-74.04922
CA,Canada,Canadá,Americas,América,Northern America,Norteamérica,QC,Quebec,province,provincia,Les Coteaux,45.28338,-74.23254
CA,Canada,Canadá,Americas,América,Northern America,Norteamérica,QC,Quebec,province,provincia,Les Escoumins,48.35191,-69.40724
CA,Canada,Canadá,Americas,América,Northern America,Norteamérica,QC,Quebec,province,provincia,Lévis,46.80326,-71.17793
CA,Canada,Canadá,Americas,América,Northern America,Norteamérica,QC,Quebec,province,provincia,Linière,46.00007,-70.41572
CA,Canada,Canadá,Americas,América,Northern America,Norteamérica,QC,Quebec,province,provincia,Longueuil,45.53121,-73.51806
CA,Canada,Canadá,Americas,América,Northern America,Norteamérica,QC,Quebec,province,provincia,Lorraine,45.68338,-73.78249
CA,Canada,Canadá,Americas,América,Northern America,Norteamérica,QC,Quebec,province,provincia,Louiseville,46.25594,-72.94145
CA,Canada,Canadá,Americas,América,Northern America,Norteamérica,QC,Quebec,province,provincia,Luceville,48.54498,-68.39658
CA,Canada,Canadá,Americas,América,Northern America,Norteamérica,QC,Quebec,province,provincia,Macamic,48.75018,-78.99962
CA,Canada,Canadá,Americas,América,Northern America,Norteamérica,QC,Quebec,province,provincia,Magog,45.26678,-72.14909
CA,Canada,Canadá,Americas,América,Northern America,Norteamérica,QC,Quebec,province,provincia,Malartic,48.13348,-78.13283
CA,Canada,Canadá,Americas,América,Northern America,Norteamérica,QC,Quebec,province,provincia,Maliotenam,50.21119,-66.18164
CA,Canada,Canadá,Americas,América,Northern America,Norteamérica,QC,Quebec,province,provincia,Manawan,47.22029,-74.38606
CA,Canada,Canadá,Americas,América,Northern America,Norteamérica,QC,Quebec,province,provincia,Mandeville,46.36677,-73.34915
CA,Canada,Canadá,Americas,América,Northern America,Norteamérica,QC,Quebec,province,provincia,Maniwaki,46.38341,-75.96605
CA,Canada,Canadá,Americas,América,Northern America,Norteamérica,QC,Quebec,province,provincia,Maria,48.1749,-65.98595
CA,Canada,Canadá,Americas,América,Northern America,Norteamérica,QC,Quebec,province,provincia,Marieville,45.43338,-73.16585
CA,Canada,Canadá,Americas,América,Northern America,Norteamérica,QC,Quebec,province,provincia,Mascouche,45.74965,-73.59956
CA,Canada,Canadá,Americas,América,Northern America,Norteamérica,QC,Quebec,province,provincia,Maskinongé,46.2286,-73.01917
CA,Canada,Canadá,Americas,América,Northern America,Norteamérica,QC,Quebec,province,provincia,Matagami,49.75018,-77.63277
CA,Canada,Canadá,Americas,América,Northern America,Norteamérica,QC,Quebec,province,provincia,Matane,48.82857,-67.52197
CA,Canada,Canadá,Americas,América,Northern America,Norteamérica,QC,Quebec,province,provincia,Mauricie,47.55009,-73.41583
CA,Canada,Canadá,Americas,América,Northern America,Norteamérica,QC,Quebec,province,provincia,Melocheville,45.31726,-73.9371
CA,Canada,Canadá,Americas,América,Northern America,Norteamérica,QC,Quebec,province,provincia,Mercier,45.31678,-73.74919
CA,Canada,Canadá,Americas,América,Northern America,Norteamérica,QC,Quebec,province,provincia,Métabetchouan,48.36679,-72.01583
CA,Canada,Canadá,Americas,América,Northern America,Norteamérica,QC,Quebec,province,provincia,Metabetchouan-Lac-a-la-Croix,48.41,-71.78
CA,Canada,Canadá,Americas,América,Northern America,Norteamérica,QC,Quebec,province,provincia,Mirabel,45.65008,-74.08251
CA,Canada,Canadá,Americas,América,Northern America,Norteamérica,QC,Quebec,province,provincia,Mistissini,50.41667,-73.88333
CA,Canada,Canadá,Americas,América,Northern America,Norteamérica,QC,Quebec,province,provincia,Mont-Joli,48.58388,-68.19214
CA,Canada,Canadá,Americas,América,Northern America,Norteamérica,QC,Quebec,province,provincia,Mont-Laurier,46.55011,-75.4993
CA,Canada,Canadá,Americas,América,Northern America,Norteamérica,QC,Quebec,province,provincia,Mont-Royal,45.51675,-73.64918
CA,Canada,Canadá,Americas,América,Northern America,Norteamérica,QC,Quebec,province,provincia,Mont-Saint-Grégoire,45.33338,-73.16585
CA,Canada,Canadá,Americas,América,Northern America,Norteamérica,QC,Quebec,province,provincia,Mont-Saint-Hilaire,45.56515,-73.1868
CA,Canada,Canadá,Americas,América,Northern America,Norteamérica,QC,Quebec,province,provincia,Mont-Tremblant,46.21274,-74.58438
CA,Canada,Canadá,Americas,América,Northern America,Norteamérica,QC,Quebec,province,provincia,Montmagny,46.98043,-70.55493
CA,Canada,Canadá,Americas,América,Northern America,Norteamérica,QC,Quebec,province,provincia,Montréal,45.50008,-73.68248
CA,Canada,Canadá,Americas,América,Northern America,Norteamérica,QC,Quebec,province,provincia,Montréal-Est,45.63202,-73.5075
CA,Canada,Canadá,Americas,América,Northern America,Norteamérica,QC,Quebec,province,provincia,Montréal-Ouest,45.45286,-73.64918
CA,Canada,Canadá,Americas,América,Northern America,Norteamérica,QC,Quebec,province,provincia,Morin-Heights,45.90009,-74.24922
CA,Canada,Canadá,Americas,América,Northern America,Norteamérica,QC,Quebec,province,provincia,Napierville,45.18648,-73.40468
CA,Canada,Canadá,Americas,América,Northern America,Norteamérica,QC,Quebec,province,provincia,Neuville,46.69823,-71.58275
CA,Canada,Canadá,Americas,América,Northern America,Norteamérica,QC,Quebec,province,provincia,New Carlisle,48.00956,-65.33621
CA,Canada,Canadá,Americas,América,Northern America,Norteamérica,QC,Quebec,province,provincia,New-Richmond,48.16059,-65.85823
CA,Canada,Canadá,Americas,América,Northern America,Norteamérica,QC,Quebec,province,provincia,Nicolet,46.21676,-72.61582
CA,Canada,Canadá,Americas,América,Northern America,Norteamérica,QC,Quebec,province,provincia,Nord-du-Québec,51.962,-74.8961
CA,Canada,Canadá,Americas,América,Northern America,Norteamérica,QC,Quebec,province,provincia,Normandin,48.83328,-72.53209
CA,Canada,Canadá,Americas,América,Northern America,Norteamérica,QC,Quebec,province,provincia,Notre-Dame-de-Grâce,45.47675,-73.61432
CA,Canada,Canadá,Americas,América,Northern America,Norteamérica,QC,Quebec,province,provincia,Notre-Dame-de-l'Île-Perrot,45.36678,-73.9325
CA,Canada,Canadá,Americas,América,Northern America,Norteamérica,QC,Quebec,province,provincia,Notre-Dame-des-Prairies,46.05007,-73.43245
CA,Canada,Canadá,Americas,América,Northern America,Norteamérica,QC,Quebec,province,provincia,Notre-Dame-du-Lac,46.75012,-79.04961
CA,Canada,Canadá,Americas,América,Northern America,Norteamérica,QC,Quebec,province,provincia,Notre-Dame-du-Mont-Carmel,46.0168,-75.08259
CA,Canada,Canadá,Americas,América,Northern America,Norteamérica,QC,Quebec,province,provincia,Oka,45.46489,-74.08892
CA,Canada,Canadá,Americas,América,Northern America,Norteamérica,QC,Quebec,province,provincia,Ormstown,45.13338,-73.99922
CA,Canada,Canadá,Americas,América,Northern America,Norteamérica,QC,Quebec,province,provincia,Otterburn Park,45.53338,-73.21585
CA,Canada,Canadá,Americas,América,Northern America,Norteamérica,QC,Quebec,province,provincia,Outaouais,46.26681,-76.31606
CA,Canada,Canadá,Americas,América,Northern America,Norteamérica,QC,Quebec,province,provincia,Papineauville,45.6168,-75.01599
CA,Canada,Canadá,Americas,América,Northern America,Norteamérica,QC,Quebec,province,provincia,Parc-Boutin,45.29209,-73.26154
CA,Canada,Canadá,Americas,América,Northern America,Norteamérica,QC,Quebec,province,provincia,Piedmont,45.90008,-74.13251
CA,Canada,Canadá,Americas,América,Northern America,Norteamérica,QC,Quebec,province,provincia,Pierreville,46.07034,-72.81125
CA,Canada,Canadá,Americas,América,Northern America,Norteamérica,QC,Quebec,province,provincia,Pincourt,45.38338,-73.9825
CA,Canada,Canadá,Americas,América,Northern America,Norteamérica,QC,Quebec,province,provincia,Plessisville,46.21856,-71.76201
CA,Canada,Canadá,Americas,América,Northern America,Norteamérica,QC,Quebec,province,provincia,Pohénégamook,47.46315,-69.22666
CA,Canada,Canadá,Americas,América,Northern America,Norteamérica,QC,Quebec,province,provincia,Pointe-Calumet,45.50008,-73.9659
CA,Canada,Canadá,Americas,América,Northern America,Norteamérica,QC,Quebec,province,provincia,Pointe-Claire,45.44868,-73.81669
CA,Canada,Canadá,Americas,América,Northern America,Norteamérica,QC,Quebec,province,provincia,Pointe-du-Lac,48.50009,-71.78241
CA,Canada,Canadá,Americas,América,Northern America,Norteamérica,QC,Quebec,province,provincia,Pont Rouge,48.88332,-72.08247
CA,Canada,Canadá,Americas,América,Northern America,Norteamérica,QC,Quebec,province,provincia,Port-Cartier,50.03339,-66.86545
CA,Canada,Canadá,Americas,América,Northern America,Norteamérica,QC,Quebec,province,provincia,Portneuf,46.69058,-71.89011
CA,Canada,Canadá,Americas,América,Northern America,Norteamérica,QC,Quebec,province,provincia,Prévost,45.86678,-74.08251
CA,Canada,Canadá,Americas,América,Northern America,Norteamérica,QC,Quebec,province,provincia,Princeville,46.17163,-71.87462
CA,Canada,Canadá,Americas,América,Northern America,Norteamérica,QC,Quebec,province,provincia,Québec,46.81228,-71.21454
CA,Canada,Canadá,Americas,América,Northern America,Norteamérica,QC,Quebec,province,provincia,Rawdon,46.05007,-73.71587
CA,Canada,Canadá,Americas,América,Northern America,Norteamérica,QC,Quebec,province,provincia,Repentigny,45.74222,-73.45008
CA,Canada,Canadá,Americas,América,Northern America,Norteamérica,QC,Quebec,province,provincia,Richelieu,45.44336,-73.24602
CA,Canada,Canadá,Americas,América,Northern America,Norteamérica,QC,Quebec,province,provincia,Richmond,45.66677,-72.1491
CA,Canada,Canadá,Americas,América,Northern America,Norteamérica,QC,Quebec,province,provincia,Rigaud,45.47927,-74.30238
CA,Canada,Canadá,Americas,América,Northern America,Norteamérica,QC,Quebec,province,provincia,Rimouski,48.44879,-68.52396
CA,Canada,Canadá,Americas,América,Northern America,Norteamérica,QC,Quebec,province,provincia,Rivière-du-Loup,47.82699,-69.54243
CA,Canada,Canadá,Americas,América,Northern America,Norteamérica,QC,Quebec,province,provincia,Rivière-Rouge,46.41679,-74.86596
CA,Canada,Canadá,Americas,América,Northern America,Norteamérica,QC,Quebec,province,provincia,Roberval,48.5168,-72.23244
CA,Canada,Canadá,Americas,América,Northern America,Norteamérica,QC,Quebec,province,provincia,Rock Forest,45.35699,-71.99676
CA,Canada,Canadá,Americas,América,Northern America,Norteamérica,QC,Quebec,province,provincia,Rosemère,45.63338,-73.79919
CA,Canada,Canadá,Americas,América,Northern America,Norteamérica,QC,Quebec,province,provincia,Rougemont,45.43338,-73.04914
CA,Canada,Canadá,Americas,América,Northern America,Norteamérica,QC,Quebec,province,provincia,Rouyn-Noranda,48.23656,-79.02311
CA,Canada,Canadá,Americas,América,Northern America,Norteamérica,QC,Quebec,province,provincia,Sacré-Coeur,48.2297,-69.80061
CA,Canada,Canadá,Americas,América,Northern America,Norteamérica,QC,Quebec,province,provincia,Saguenay,48.41675,-71.06573
CA,Canada,Canadá,Americas,América,Northern America,Norteamérica,QC,Quebec,province,provincia,Saint-Adolphe-d'Howard,45.96679,-74.33253
CA,Canada,Canadá,Americas,América,Northern America,Norteamérica,QC,Quebec,province,provincia,Saint-Alexandre,45.5001,-75.74935
CA,Canada,Canadá,Americas,América,Northern America,Norteamérica,QC,Quebec,province,provincia,Saint-Amable,45.65008,-73.29916
CA,Canada,Canadá,Americas,América,Northern America,Norteamérica,QC,Quebec,province,provincia,Saint-Ambroise,48.55009,-71.33238
CA,Canada,Canadá,Americas,América,Northern America,Norteamérica,QC,Quebec,province,provincia,Saint-André-Avellin,45.7168,-75.06599
CA,Canada,Canadá,Americas,América,Northern America,Norteamérica,QC,Quebec,province,provincia,Saint-Anselme,46.62922,-70.9734
CA,Canada,Canadá,Americas,América,Northern America,Norteamérica,QC,Quebec,province,provincia,Saint-Antoine-de-Tilly,46.66346,-71.57335
CA,Canada,Canadá,Americas,América,Northern America,Norteamérica,QC,Quebec,province,provincia,Saint-Augustin,51.22602,-58.65017
CA,Canada,Canadá,Americas,América,Northern America,Norteamérica,QC,Quebec,province,provincia,Saint-Augustin-de-Desmaures,46.74064,-71.45131
CA,Canada,Canadá,Americas,América,Northern America,Norteamérica,QC,Quebec,province,provincia,Saint-Barnabé-Sud,45.72977,-72.92244
CA,Canada,Canadá,Americas,América,Northern America,Norteamérica,QC,Quebec,province,provincia,Saint-Basile-le-Grand,45.53338,-73.28246
CA,Canada,Canadá,Americas,América,Northern America,Norteamérica,QC,Quebec,province,provincia,Saint-Boniface,46.50011,-75.98264
CA,Canada,Canadá,Americas,América,Northern America,Norteamérica,QC,Quebec,province,provincia,Saint-Bruno,48.46679,-71.6491
CA,Canada,Canadá,Americas,América,Northern America,Norteamérica,QC,Quebec,province,provincia,Saint-Bruno-de-Guigues,47.46685,-79.43296
CA,Canada,Canadá,Americas,América,Northern America,Norteamérica,QC,Quebec,province,provincia,Saint-Bruno-de-Montarville,45.53341,-73.34916
CA,Canada,Canadá,Americas,América,Northern America,Norteamérica,QC,Quebec,province,provincia,Saint-Canut,45.71502,-74.08376
CA,Canada,Canadá,Americas,América,Northern America,Norteamérica,QC,Quebec,province,provincia,Saint-Césaire,45.41678,-72.99914
CA,Canada,Canadá,Americas,América,Northern America,Norteamérica,QC,Quebec,province,provincia,Saint-Charles,45.70288,-73.55417
CA,Canada,Canadá,Americas,América,Northern America,Norteamérica,QC,Quebec,province,provincia,Saint-Côme-Linière,46.06677,-70.51573
CA,Canada,Canadá,Americas,América,Northern America,Norteamérica,QC,Quebec,province,provincia,Saint-Constant,45.36678,-73.56588
CA,Canada,Canadá,Americas,América,Northern America,Norteamérica,QC,Quebec,province,provincia,Saint-Cyrille-de-Wendover,45.93336,-72.43241
CA,Canada,Canadá,Americas,América,Northern America,Norteamérica,QC,Quebec,province,provincia,Saint-Damase,45.53341,-72.99914
CA,Canada,Canadá,Americas,América,Northern America,Norteamérica,QC,Quebec,province,provincia,Saint-Denis-sur-Richelieu,45.78338,-73.14915
CA,Canada,Canadá,Americas,América,Northern America,Norteamérica,QC,Quebec,province,provincia,Saint-Donat-de-Montcalm,46.31868,-74.22171
CA,Canada,Canadá,Americas,América,Northern America,Norteamérica,QC,Quebec,province,provincia,Saint-Édouard,45.23338,-73.51588
CA,Canada,Canadá,Americas,América,Northern America,Norteamérica,QC,Quebec,province,provincia,Saint-Elzéar,45.60338,-73.72698
CA,Canada,Canadá,Americas,América,Northern America,Norteamérica,QC,Quebec,province,provincia,Saint-Éphrem-de-Beauce,46.06677,-70.94905
CA,Canada,Canadá,Americas,América,Northern America,Norteamérica,QC,Quebec,province,provincia,Saint-Eustache,45.565,-73.90554
CA,Canada,Canadá,Americas,América,Northern America,Norteamérica,QC,Quebec,province,provincia,Saint-Félicien,48.65007,-72.44906
CA,Canada,Canadá,Americas,América,Northern America,Norteamérica,QC,Quebec,province,provincia,Saint-Félix-de-Valois,46.16977,-73.42525
CA,Canada,Canadá,Americas,América,Northern America,Norteamérica,QC,Quebec,province,provincia,Saint-Gabriel,46.30007,-73.38245
CA,Canada,Canadá,Americas,América,Northern America,Norteamérica,QC,Quebec,province,provincia,Saint-Gédéon,48.50009,-71.76581
CA,Canada,Canadá,Americas,América,Northern America,Norteamérica,QC,Quebec,province,provincia,Saint-Georges,46.11353,-70.66526
CA,Canada,Canadá,Americas,América,Northern America,Norteamérica,QC,Quebec,province,provincia,Saint-Germain-de-Grantham,45.83337,-72.56582
CA,Canada,Canadá,Americas,América,Northern America,Norteamérica,QC,Quebec,province,provincia,Saint-Henri,46.69314,-71.06927
CA,Canada,Canadá,Americas,América,Northern America,Norteamérica,QC,Quebec,province,provincia,Saint-Hippolyte,45.93338,-74.0159
CA,Canada,Canadá,Americas,América,Northern America,Norteamérica,QC,Quebec,province,provincia,Saint-Honoré,48.53338,-71.08236
CA,Canada,Canadá,Americas,América,Northern America,Norteamérica,QC,Quebec,province,provincia,Saint-Hyacinthe,45.63076,-72.95699
CA,Canada,Canadá,Americas,América,Northern America,Norteamérica,QC,Quebec,province,provincia,Saint-Isidore,47.43345,-79.29965
CA,Canada,Canadá,Americas,América,Northern America,Norteamérica,QC,Quebec,province,provincia,Saint-Jacques-le-Mineur,45.28338,-73.41587
CA,Canada,Canadá,Americas,América,Northern America,Norteamérica,QC,Quebec,province,provincia,Saint-Jean-Baptiste,45.3806,-74.0121
CA,Canada,Canadá,Americas,América,Northern America,Norteamérica,QC,Quebec,province,provincia,Saint-Jean-sur-Richelieu,45.30713,-73.26259
CA,Canada,Canadá,Americas,América,Northern America,Norteamérica,QC,Quebec,province,provincia,Saint-Jérôme,45.78036,-74.00365
CA,Canada,Canadá,Americas,América,Northern America,Norteamérica,QC,Quebec,province,provincia,Saint-Joseph,45.95817,-73.22025
CA,Canada,Canadá,Americas,América,Northern America,Norteamérica,QC,Quebec,province,provincia,Saint-Joseph-de-Beauce,46.3,-70.86667
CA,Canada,Canadá,Americas,América,Northern America,Norteamérica,QC,Quebec,province,provincia,Saint-Joseph-de-Coleraine,45.96677,-71.36577
CA,Canada,Canadá,Americas,América,Northern America,Norteamérica,QC,Quebec,province,provincia,Saint-Joseph-du-Lac,45.53338,-73.9992
CA,Canada,Canadá,Americas,América,Northern America,Norteamérica,QC,Quebec,province,provincia,Saint-Lambert-de-Lauzon,46.58624,-71.20892
CA,Canada,Canadá,Americas,América,Northern America,Norteamérica,QC,Quebec,province,provincia,Saint-Laurent,45.50008,-73.66585
CA,Canada,Canadá,Americas,América,Northern America,Norteamérica,QC,Quebec,province,provincia,Saint-Lazare,45.40008,-74.13256
CA,Canada,Canadá,Americas,América,Northern America,Norteamérica,QC,Quebec,province,provincia,Saint-Léonard,45.58773,-73.59501
CA,Canada,Canadá,Americas,América,Northern America,Norteamérica,QC,Quebec,province,provincia,Saint-Léonard-d'Aston,46.10006,-72.3658
CA,Canada,Canadá,Americas,América,Northern America,Norteamérica,QC,Quebec,province,provincia,Saint-Liboire,45.65068,-72.76348
CA,Canada,Canadá,Americas,América,Northern America,Norteamérica,QC,Quebec,province,provincia,Saint-Lin-Laurentides,45.85008,-73.76588
CA,Canada,Canadá,Americas,América,Northern America,Norteamérica,QC,Quebec,province,provincia,Saint-Marc-des-Carrières,46.68335,-72.0491
CA,Canada,Canadá,Americas,América,Northern America,Norteamérica,QC,Quebec,province,provincia,Saint-Mathieu,45.31678,-73.51587
CA,Canada,Canadá,Americas,América,Northern America,Norteamérica,QC,Quebec,province,provincia,Saint-Michel,45.56758,-73.62168
CA,Canada,Canadá,Americas,América,Northern America,Norteamérica,QC,Quebec,province,provincia,Saint-Michel-des-Saints,46.67702,-73.91881
CA,Canada,Canadá,Americas,América,Northern America,Norteamérica,QC,Quebec,province,provincia,Saint-Nazaire,48.58944,-71.55247
CA,Canada,Canadá,Americas,América,Northern America,Norteamérica,QC,Quebec,province,provincia,Saint-Norbert,46.16949,-73.31494
CA,Canada,Canadá,Americas,América,Northern America,Norteamérica,QC,Quebec,province,provincia,Saint-Pacôme,47.40457,-69.95025
CA,Canada,Canadá,Americas,América,Northern America,Norteamérica,QC,Quebec,province,provincia,Saint-Pascal,47.51813,-69.80301
CA,Canada,Canadá,Americas,América,Northern America,Norteamérica,QC,Quebec,province,provincia,Saint-Philippe-de-La Prairie,45.35723,-73.47706
CA,Canada,Canadá,Americas,América,Northern America,Norteamérica,QC,Quebec,province,provincia,Saint-Pie,45.50277,-72.9089
CA,Canada,Canadá,Americas,América,Northern America,Norteamérica,QC,Quebec,province,provincia,Saint-Pierre-les-Becquets,46.50005,-72.1991
CA,Canada,Canadá,Americas,América,Northern America,Norteamérica,QC,Quebec,province,provincia,Saint-Prime,48.58339,-72.33244
CA,Canada,Canadá,Americas,América,Northern America,Norteamérica,QC,Quebec,province,provincia,Saint-Raphaël,46.25011,-76.01605
CA,Canada,Canadá,Americas,América,Northern America,Norteamérica,QC,Quebec,province,provincia,Saint-Raymond,45.46698,-73.60948
CA,Canada,Canadá,Americas,América,Northern America,Norteamérica,QC,Quebec,province,provincia,Saint-Rémi,45.26678,-73.61588
CA,Canada,Canadá,Americas,América,Northern America,Norteamérica,QC,Quebec,province,provincia,Saint-Rémi-de-Tingwick,45.86677,-71.81581
CA,Canada,Canadá,Americas,América,Northern America,Norteamérica,QC,Quebec,province,provincia,Saint-Sauveur,45.88686,-74.17943
CA,Canada,Canadá,Americas,América,Northern America,Norteamérica,QC,Quebec,province,provincia,Saint-Sauveur-des-Monts,45.90008,-74.16591
CA,Canada,Canadá,Americas,América,Northern America,Norteamérica,QC,Quebec,province,provincia,Saint-Siméon,47.84431,-69.87837
CA,Canada,Canadá,Americas,América,Northern America,Norteamérica,QC,Quebec,province,provincia,Saint-Thomas,46.01677,-73.34915
CA,Canada,Canadá,Americas,América,Northern America,Norteamérica,QC,Quebec,province,provincia,Saint-Tite,46.73336,-72.56581
CA,Canada,Canadá,Americas,América,Northern America,Norteamérica,QC,Quebec,province,provincia,Saint-Victor,45.61118,-73.51527
CA,Canada,Canadá,Americas,América,Northern America,Norteamérica,QC,Quebec,province,provincia,Saint-Zotique,45.25009,-74.24924
CA,Canada,Canadá,Americas,América,Northern America,Norteamérica,QC,Quebec,province,provincia,Sainte Catherine de la Jacques Cartier,46.85244,-71.62056
CA,Canada,Canadá,Americas,América,Northern America,Norteamérica,QC,Quebec,province,provincia,Sainte-Adèle,45.95008,-74.13251
CA,Canada,Canadá,Americas,América,Northern America,Norteamérica,QC,Quebec,province,provincia,Sainte-Agathe-des-Monts,46.05009,-74.28252
CA,Canada,Canadá,Americas,América,Northern America,Norteamérica,QC,Quebec,province,provincia,Sainte-Anne-de-Bellevue,45.40618,-73.9456
CA,Canada,Canadá,Americas,América,Northern America,Norteamérica,QC,Quebec,province,provincia,Sainte-Anne-des-Monts,49.12402,-66.49243
CA,Canada,Canadá,Americas,América,Northern America,Norteamérica,QC,Quebec,province,provincia,Sainte-Anne-des-Plaines,45.76468,-73.81156
CA,Canada,Canadá,Americas,América,Northern America,Norteamérica,QC,Quebec,province,provincia,Sainte-Béatrix,46.20007,-73.61587
CA,Canada,Canadá,Americas,América,Northern America,Norteamérica,QC,Quebec,province,provincia,Sainte-Catherine,45.40008,-73.58248
CA,Canada,Canadá,Americas,América,Northern America,Norteamérica,QC,Quebec,province,provincia,Sainte-Croix,45.13368,-72.80083
CA,Canada,Canadá,Americas,América,Northern America,Norteamérica,QC,Quebec,province,provincia,Sainte-Élisabeth,46.09502,-73.35176
CA,Canada,Canadá,Americas,América,Northern America,Norteamérica,QC,Quebec,province,provincia,Sainte-Julie,45.58338,-73.33246
CA,Canada,Canadá,Americas,América,Northern America,Norteamérica,QC,Quebec,province,provincia,Sainte-Julienne,45.96677,-73.71587
CA,Canada,Canadá,Americas,América,Northern America,Norteamérica,QC,Quebec,province,provincia,Sainte-Madeleine,45.60008,-73.09914
CA,Canada,Canadá,Americas,América,Northern America,Norteamérica,QC,Quebec,province,provincia,Sainte-Marie,46.43401,-71.01168
CA,Canada,Canadá,Americas,América,Northern America,Norteamérica,QC,Quebec,province,provincia,Sainte-Marthe-sur-le-Lac,45.53338,-73.9325
CA,Canada,Canadá,Americas,América,Northern America,Norteamérica,QC,Quebec,province,provincia,Sainte-Martine,45.25008,-73.79919
CA,Canada,Canadá,Americas,América,Northern America,Norteamérica,QC,Quebec,province,provincia,Sainte-Sophie,45.81678,-73.89919
CA,Canada,Canadá,Americas,América,Northern America,Norteamérica,QC,Quebec,province,provincia,Sainte-Thècle,46.81676,-72.49911
CA,Canada,Canadá,Americas,América,Northern America,Norteamérica,QC,Quebec,province,provincia,Sainte-Thérèse,45.63922,-73.82757
CA,Canada,Canadá,Americas,América,Northern America,Norteamérica,QC,Quebec,province,provincia,Salaberry-de-Valleyfield,45.25008,-74.13253
CA,Canada,Canadá,Americas,América,Northern America,Norteamérica,QC,Quebec,province,provincia,Salluit,62.20411,-75.64344
CA,Canada,Canadá,Americas,América,Northern America,Norteamérica,QC,Quebec,province,provincia,Senneterre,48.39302,-77.23951
CA,Canada,Canadá,Americas,América,Northern America,Norteamérica,QC,Quebec,province,provincia,Sept-Îles,50.20011,-66.38208
CA,Canada,Canadá,Americas,América,Northern America,Norteamérica,QC,Quebec,province,provincia,Shannon,46.88026,-71.51464
CA,Canada,Canadá,Americas,América,Northern America,Norteamérica,QC,Quebec,province,provincia,Shawinigan,46.56675,-72.74913
CA,Canada,Canadá,Americas,América,Northern America,Norteamérica,QC,Quebec,province,provincia,Shawville,45.60011,-76.4827
CA,Canada,Canadá,Americas,América,Northern America,Norteamérica,QC,Quebec,province,provincia,Sherbrooke,45.40008,-71.89908
CA,Canada,Canadá,Americas,América,Northern America,Norteamérica,QC,Quebec,province,provincia,Sorel-Tracy,46.04178,-73.11358
CA,Canada,Canadá,Americas,América,Northern America,Norteamérica,QC,Quebec,province,provincia,St-Jean-Port-Joli,47.21418,-70.26969
CA,Canada,Canadá,Americas,América,Northern America,Norteamérica,QC,Quebec,province,provincia,Sutton,45.10008,-72.61582
CA,Canada,Canadá,Americas,América,Northern America,Norteamérica,QC,Quebec,province,provincia,Témiscaming,46.72122,-79.09712
CA,Canada,Canadá,Americas,América,Northern America,Norteamérica,QC,Quebec,province,provincia,Terrasse-des-Pins,45.86449,-74.06627
CA,Canada,Canadá,Americas,América,Northern America,Norteamérica,QC,Quebec,province,provincia,Terrebonne,45.70004,-73.64732
CA,Canada,Canadá,Americas,América,Northern America,Norteamérica,QC,Quebec,province,provincia,Thetford-Mines,46.09371,-71.30539
CA,Canada,Canadá,Americas,América,Northern America,Norteamérica,QC,Quebec,province,provincia,Thurso,45.6001,-75.24931
CA,Canada,Canadá,Americas,América,Northern America,Norteamérica,QC,Quebec,province,provincia,Trois-Rivières,46.34515,-72.5477
CA,Canada,Canadá,Americas,América,Northern America,Norteamérica,QC,Quebec,province,provincia,Val-d'Or,48.0974,-77.79737
CA,Canada,Canadá,Americas,América,Northern America,Norteamérica,QC,Quebec,province,provincia,Val-David,46.03338,-74.21592
CA,Canada,Canadá,Americas,América,Northern America,Norteamérica,QC,Quebec,province,provincia,Val-des-Monts,45.6501,-75.66604
CA,Canada,Canadá,Americas,América,Northern America,Norteamérica,QC,Quebec,province,provincia,Val-Morin,46.00008,-74.18251
CA,Canada,Canadá,Americas,América,Northern America,Norteamérica,QC,Quebec,province,provincia,Valcourt,45.50008,-72.31581
CA,Canada,Canadá,Americas,América,Northern America,Norteamérica,QC,Quebec,province,provincia,Vallée-Jonction,46.37441,-70.91881
CA,Canada,Canadá,Americas,América,Northern America,Norteamérica,QC,Quebec,province,provincia,Varennes,45.68338,-73.43246
CA,Canada,Canadá,Americas,América,Northern America,Norteamérica,QC,Quebec,province,provincia,Vaudreuil-Dorion,45.40008,-74.03251
CA,Canada,Canadá,Americas,América,Northern America,Norteamérica,QC,Quebec,province,provincia,Venise-en-Québec,45.08338,-73.13245
CA,Canada,Canadá,Americas,América,Northern America,Norteamérica,QC,Quebec,province,provincia,Verchères,45.78338,-73.34916
CA,Canada,Canadá,Americas,América,Northern America,Norteamérica,QC,Quebec,province,provincia,Victoriaville,46.05007,-71.96579
CA,Canada,Canadá,Americas,América,Northern America,Norteamérica,QC,Quebec,province,provincia,Ville-Marie,47.33345,-79.43297
CA,Canada,Canadá,Americas,América,Northern America,Norteamérica,QC,Quebec,province,provincia,Wakefield,45.6668,-75.83265
CA,Canada,Canadá,Americas,América,Northern America,Norteamérica,QC,Quebec,province,provincia,Warwick,45.95007,-71.9824
CA,Canada,Canadá,Americas,América,Northern America,Norteamérica,QC,Quebec,province,provincia,Waskaganish,51.48333,-78.75
CA,Canada,Canadá,Americas,América,Northern America,Norteamérica,QC,Quebec,province,provincia,Waswanipi,49.73346,-76.16604
CA,Canada,Canadá,Americas,América,Northern America,Norteamérica,QC,Quebec,province,provincia,Waterloo,45.35008,-72.51582
CA,Canada,Canadá,Americas,América,Northern America,Norteamérica,QC,Quebec,province,provincia,Weedon Centre,45.70802,-71.45986
CA,Canada,Canadá,Americas,América,Northern America,Norteamérica,QC,Quebec,province,provincia,Westmount,45.48341,-73.59918
CA,Canada,Canadá,Americas,América,Northern America,Norteamérica,QC,Quebec,province,provincia,Weymontachie,47.8994,-73.7772
CA,Canada,Canadá,Americas,América,Northern America,Norteamérica,QC,Quebec,province,provincia,Windsor,45.56678,-71.99909
CA,Canada,Canadá,Americas,América,Northern America,Norteamérica,QC,Quebec,province,provincia,Yamachiche,46.26676,-72.83243
CA,Canada,Canadá,Americas,América,Northern America,Norteamérica,SK,Saskatchewan,province,provincia,Assiniboia,49.63336,-105.98446
CA,Canada,Canadá,Americas,América,Northern America,Norteamérica,SK,Saskatchewan,province,provincia,Biggar,52.0668,-108.00135
CA,Canada,Canadá,Americas,América,Northern America,Norteamérica,SK,Saskatchewan,province,provincia,Canora,51.63328,-102.43425
CA,Canada,Canadá,Americas,América,Northern America,Norteamérica,SK,Saskatchewan,province,provincia,Carlyle,49.63334,-102.26765
CA,Canada,Canadá,Americas,América,Northern America,Norteamérica,SK,Saskatchewan,province,provincia,Dalmeny,52.33339,-106.76792
CA,Canada,Canadá,Americas,América,Northern America,Norteamérica,SK,Saskatchewan,province,provincia,Esterhazy,50.65001,-102.08426
CA,Canada,Canadá,Americas,América,Northern America,Norteamérica,SK,Saskatchewan,province,provincia,Estevan,49.13337,-102.98422
CA,Canada,Canadá,Americas,América,Northern America,Norteamérica,SK,Saskatchewan,province,provincia,Foam Lake,51.65001,-103.53431
CA,Canada,Canadá,Americas,América,Northern America,Norteamérica,SK,Saskatchewan,province,provincia,Gravelbourg,49.88336,-106.55122
CA,Canada,Canadá,Americas,América,Northern America,Norteamérica,SK,Saskatchewan,province,provincia,Hudson Bay,52.85003,-102.38425
CA,Canada,Canadá,Americas,América,Northern America,Norteamérica,SK,Saskatchewan,province,provincia,Humboldt,52.20005,-105.1255
CA,Canada,Canadá,Americas,América,Northern America,Norteamérica,SK,Saskatchewan,province,provincia,Indian Head,50.53336,-103.66775
CA,Canada,Canadá,Americas,América,Northern America,Norteamérica,SK,Saskatchewan,province,provincia,Kamsack,51.56668,-101.90093
CA,Canada,Canadá,Americas,América,Northern America,Norteamérica,SK,Saskatchewan,province,provincia,Kerrobert,51.91682,-109.13479
CA,Canada,Canadá,Americas,América,Northern America,Norteamérica,SK,Saskatchewan,province,provincia,Kindersley,51.46681,-109.16818
CA,Canada,Canadá,Americas,América,Northern America,Norteamérica,SK,Saskatchewan,province,provincia,La Ronge,55.10013,-105.28422
CA,Canada,Canadá,Americas,América,Northern America,Norteamérica,SK,Saskatchewan,province,provincia,Langenburg,50.84999,-101.71763
CA,Canada,Canadá,Americas,América,Northern America,Norteamérica,SK,Saskatchewan,province,provincia,Langham,52.3668,-106.96793
CA,Canada,Canadá,Americas,América,Northern America,Norteamérica,SK,Saskatchewan,province,provincia,Lanigan,51.85006,-105.03443
CA,Canada,Canadá,Americas,América,Northern America,Norteamérica,SK,Saskatchewan,province,provincia,Lumsden,50.65009,-104.86783
CA,Canada,Canadá,Americas,América,Northern America,Norteamérica,SK,Saskatchewan,province,provincia,Macklin,52.33344,-109.93484
CA,Canada,Canadá,Americas,América,Northern America,Norteamérica,SK,Saskatchewan,province,provincia,Maple Creek,49.91678,-109.48481
CA,Canada,Canadá,Americas,América,Northern America,Norteamérica,SK,Saskatchewan,province,provincia,Martensville,52.28339,-106.66792
CA,Canada,Canadá,Americas,América,Northern America,Norteamérica,SK,Saskatchewan,province,provincia,Meadow Lake,54.13348,-108.43471
CA,Canada,Canadá,Americas,América,Northern America,Norteamérica,SK,Saskatchewan,province,provincia,Melfort,52.86673,-104.61768
CA,Canada,Canadá,Americas,América,Northern America,Norteamérica,SK,Saskatchewan,province,provincia,Melville,50.91671,-102.80099
CA,Canada,Canadá,Americas,América,Northern America,Norteamérica,SK,Saskatchewan,province,provincia,Moose Jaw,50.40005,-105.53445
CA,Canada,Canadá,Americas,América,Northern America,Norteamérica,SK,Saskatchewan,province,provincia,Moosomin,50.13332,-101.66766
CA,Canada,Canadá,Americas,América,Northern America,Norteamérica,SK,Saskatchewan,province,provincia,Nipawin,53.36678,-104.00092
CA,Canada,Canadá,Americas,América,Northern America,Norteamérica,SK,Saskatchewan,province,provincia,North Battleford,52.77972,-108.2967
CA,Canada,Canadá,Americas,América,Northern America,Norteamérica,SK,Saskatchewan,province,provincia,Outlook,51.50008,-107.05128
CA,Canada,Canadá,Americas,América,Northern America,Norteamérica,SK,Saskatchewan,province,provincia,Oxbow,49.23335,-102.1676
CA,Canada,Canadá,Americas,América,Northern America,Norteamérica,SK,Saskatchewan,province,provincia,Pelican Narrows,55.16685,-102.9341
CA,Canada,Canadá,Americas,América,Northern America,Norteamérica,SK,Saskatchewan,province,provincia,Pilot Butte,50.46678,-104.41778
CA,Canada,Canadá,Americas,América,Northern America,Norteamérica,SK,Saskatchewan,province,provincia,Preeceville,51.94998,-102.66766
CA,Canada,Canadá,Americas,América,Northern America,Norteamérica,SK,Saskatchewan,province,provincia,Prince Albert,53.20008,-105.76772
CA,Canada,Canadá,Americas,América,Northern America,Norteamérica,SK,Saskatchewan,province,provincia,Regina,50.45008,-104.6178
CA,Canada,Canadá,Americas,América,Northern America,Norteamérica,SK,Saskatchewan,province,provincia,Regina Beach,50.78338,-105.00112
CA,Canada,Canadá,Americas,América,Northern America,Norteamérica,SK,Saskatchewan,province,provincia,Rosetown,51.5501,-108.00136
CA,Canada,Canadá,Americas,América,Northern America,Norteamérica,SK,Saskatchewan,province,provincia,Rosthern,52.66679,-106.33446
CA,Canada,Canadá,Americas,América,Northern America,Norteamérica,SK,Saskatchewan,province,provincia,Saskatoon,52.13238,-106.66892
CA,Canada,Canadá,Americas,América,Northern America,Norteamérica,SK,Saskatchewan,province,provincia,Shaunavon,49.65005,-108.4181
CA,Canada,Canadá,Americas,América,Northern America,Norteamérica,SK,Saskatchewan,province,provincia,Shellbrook,53.21679,-106.40109
CA,Canada,Canadá,Americas,América,Northern America,Norteamérica,SK,Saskatchewan,province,provincia,Swift Current,50.28337,-107.80135
CA,Canada,Canadá,Americas,América,Northern America,Norteamérica,SK,Saskatchewan,province,provincia,Tisdale,52.85002,-104.05096
CA,Canada,Canadá,Americas,América,Northern America,Norteamérica,SK,Saskatchewan,province,provincia,Unity,52.45014,-109.16816
CA,Canada,Canadá,Americas,América,Northern America,Norteamérica,SK,Saskatchewan,province,provincia,Wadena,51.94999,-103.80102
CA,Canada,Canadá,Americas,América,Northern America,Norteamérica,SK,Saskatchewan,province,provincia,Warman,52.31679,-106.56791
CA,Canada,Canadá,Americas,América,Northern America,Norteamérica,SK,Saskatchewan,province,provincia,Watrous,51.66677,-105.46788
CA,Canada,Canadá,Americas,América,Northern America,Norteamérica,SK,Saskatchewan,province,provincia,Weyburn,49.66675,-103.85109
CA,Canada,Canadá,Americas,América,Northern America,Norteamérica,SK,Saskatchewan,province,provincia,White City,50.43338,-104.36778
CA,Canada,Canadá,Americas,América,Northern America,Norteamérica,SK,Saskatchewan,province,provincia,Wilkie,52.41683,-108.70142
CA,Canada,Canadá,Americas,América,Northern America,Norteamérica,SK,Saskatchewan,province,provincia,Wynyard,51.76674,-104.18436
CA,Canada,Canadá,Americas,América,Northern America,Norteamérica,SK,Saskatchewan,province,provincia,Yorkton,51.2167,-102.46766
CA,Canada,Canadá,Americas,América,Northern America,Norteamérica,YT,Yukon,territory,territorio,Dawson City,64.06013,-139.43328
CA,Canada,Canadá,Americas,América,Northern America,Norteamérica,YT,Yukon,territory,territorio,Haines Junction,60.75216,-137.51082
CA,Canada,Canadá,Americas,América,Northern America,Norteamérica,YT,Yukon,territory,territorio,Watson Lake,60.06349,-128.70893
CA,Canada,Canadá,Americas,América,Northern America,Norteamérica,YT,Yukon,territory,territorio,Whitehorse,60.71611,-135.05375
